Time(ms),Raw_ADC,ENV_Value,RMS,MDF,MW_Amp,MW_Area,MW_Latency,MW_Valid,Marker
0,1844.4,129.5,0.0,66.6,0.0,0.0,0.0,0,
100,1866.1,107.0,0.0,66.6,0.0,0.0,0.0,0,
200,1862.2,43.6,0.0,66.6,0.0,0.0,0.0,0,
300,1860.9,16.0,0.0,66.6,0.0,0.0,0.0,0,
400,1862.4,20.9,0.0,66.6,0.0,0.0,0.0,0,
511,1861.9,16.3,0.0,73.2,0.0,0.0,0.0,0,
611,1861.9,12.8,0.0,93.1,0.0,0.0,0.0,0,
711,1861.0,14.1,0.0,102.7,0.0,0.0,0.0,0,
811,1861.1,12.0,0.0,105.0,0.0,0.0,0.0,0,
911,1861.2,12.7,0.0,103.8,0.0,0.0,0.0,0,
1011,1861.4,12.7,0.0,116.4,0.0,0.0,0.0,0,
1111,1861.7,14.3,0.0,142.6,0.0,0.0,0.0,0,
1211,1857.8,135.6,0.0,70.0,0.0,0.0,0.0,0,
1311,1871.8,150.4,0.0,66.2,0.0,0.0,0.0,0,
1411,1860.4,126.4,0.0,66.3,0.0,0.0,0.0,0,
1511,1851.4,121.5,0.0,66.5,0.0,0.0,0.0,0,
1612,1873.1,151.8,114.5,66.8,0.0,0.0,0.0,0,
1712,1848.1,132.5,116.2,67.3,0.0,0.0,0.0,0,
1812,1867.4,72.4,118.5,93.6,0.0,0.0,0.0,0,
1912,1864.2,22.9,118.6,93.8,0.0,0.0,0.0,0,
2012,1862.0,24.7,118.8,68.8,0.0,0.0,0.0,0,
2112,1862.5,19.5,118.9,69.0,0.0,0.0,0.0,0,
2212,1861.8,17.3,118.9,78.8,0.0,0.0,0.0,0,
2312,1862.1,20.8,119.0,82.2,0.0,0.0,0.0,0,
2512,1861.8,14.2,119.0,77.7,0.0,0.0,0.0,0,
2612,1861.8,13.3,119.0,75.0,0.0,0.0,0.0,0,
2712,1861.6,14.2,119.0,100.8,0.0,0.0,0.0,0,
2812,1880.6,88.1,119.5,71.0,0.0,0.0,0.0,0,
2912,1834.9,119.5,119.7,65.6,0.0,0.0,0.0,0,
3012,1869.5,172.9,121.6,66.2,0.0,0.0,0.0,0,
3112,1861.8,150.1,121.0,66.5,0.0,0.0,0.0,0,
3212,1867.4,142.9,123.8,66.6,0.0,0.0,0.0,0,
3312,1855.5,107.8,123.8,67.1,0.0,0.0,0.0,0,
3512,1859.7,20.3,124.2,74.1,0.0,0.0,0.0,0,
3612,1861.9,15.0,124.0,92.9,0.0,0.0,0.0,0,
3712,1863.0,18.8,123.9,92.1,0.0,0.0,0.0,0,
3812,1862.0,15.4,123.9,78.5,0.0,0.0,0.0,0,
3912,1861.4,12.7,123.9,71.1,0.0,0.0,0.0,0,
4012,1861.8,14.8,123.8,76.6,0.0,0.0,0.0,0,
4112,1860.9,14.5,123.8,85.3,0.0,0.0,0.0,0,
4212,1861.7,14.1,123.9,101.2,0.0,0.0,0.0,0,
4312,1862.1,15.0,123.9,92.7,0.0,0.0,0.0,0,
4512,1863.4,155.9,124.2,56.1,0.0,0.0,0.0,0,
4612,1863.4,160.4,123.0,65.9,0.0,0.0,0.0,0,
4712,1860.4,117.0,124.3,66.3,0.0,0.0,0.0,0,
4812,1858.2,153.1,119.6,66.8,0.0,0.0,0.0,0,
4912,1861.2,165.8,120.8,67.0,0.0,0.0,0.0,0,
5012,1860.6,143.2,120.4,68.2,0.0,0.0,0.0,0,
5112,1862.4,29.1,119.6,79.9,0.0,0.0,0.0,0,
5212,1861.3,16.9,119.7,67.1,0.0,0.0,0.0,0,
5312,1862.3,11.7,119.7,67.4,0.0,0.0,0.0,0,
5512,1861.8,16.4,119.7,87.0,0.0,0.0,0.0,0,
5612,1861.1,13.7,119.7,88.5,0.0,0.0,0.0,0,
5712,1861.1,12.3,119.7,88.5,0.0,0.0,0.0,0,
5812,1862.0,19.8,119.7,93.5,0.0,0.0,0.0,0,
5912,1860.0,13.6,119.7,93.3,0.0,0.0,0.0,0,
6012,1861.2,13.3,119.7,80.4,0.0,0.0,0.0,0,
6112,1874.9,124.5,120.3,67.2,0.0,0.0,0.0,0,
6212,1847.0,128.0,119.3,66.3,0.0,0.0,0.0,0,
6312,1860.3,182.3,119.2,66.3,0.0,0.0,0.0,0,
6512,1876.1,137.2,120.5,67.2,0.0,0.0,0.0,0,
6612,1847.3,119.7,121.1,67.3,0.0,0.0,0.0,0,
6712,1863.9,30.3,121.2,93.5,0.0,0.0,0.0,0,
6812,1861.2,16.7,121.1,86.6,0.0,0.0,0.0,0,
6912,1861.6,12.5,121.0,69.2,0.0,0.0,0.0,0,
7012,1862.1,14.4,121.0,69.1,0.0,0.0,0.0,0,
7112,1860.4,15.3,121.0,74.4,0.0,0.0,0.0,0,
7212,1861.2,13.5,121.0,93.9,0.0,0.0,0.0,0,
7312,1861.8,14.1,121.0,102.4,0.0,0.0,0.0,0,
7512,1861.8,13.3,121.0,135.5,0.0,0.0,0.0,0,
7612,1862.5,14.3,121.0,134.2,0.0,0.0,0.0,0,
7712,1857.0,150.7,122.3,55.6,0.0,0.0,0.0,0,
7812,1860.3,167.9,123.7,57.3,0.0,0.0,0.0,0,
7912,1880.7,161.8,126.2,66.2,0.0,0.0,0.0,0,
8012,1844.5,118.5,127.7,66.5,0.0,0.0,0.0,0,
8112,1863.1,147.1,129.5,66.8,0.0,0.0,0.0,0,
8212,1865.0,170.7,128.7,93.2,0.0,0.0,0.0,0,
8312,1852.0,40.0,129.3,67.7,0.0,0.0,0.0,0,
8512,1861.3,24.2,129.5,94.2,0.0,0.0,0.0,0,
8612,1863.5,28.4,129.6,93.3,0.0,0.0,0.0,0,
8712,1859.8,14.6,129.7,78.3,0.0,0.0,0.0,0,
8812,1861.6,19.6,129.8,78.1,0.0,0.0,0.0,0,
8912,1861.7,13.1,129.7,77.1,0.0,0.0,0.0,0,
9012,1861.5,13.0,129.7,70.4,0.0,0.0,0.0,0,
9112,1860.8,14.2,129.7,68.9,0.0,0.0,0.0,0,
9212,1861.2,14.2,129.8,72.1,0.0,0.0,0.0,0,
9312,1868.1,161.0,130.6,55.3,0.0,0.0,0.0,0,
9512,1841.0,162.5,135.6,65.9,0.0,0.0,0.0,0,
9612,1871.2,173.5,138.6,66.4,0.0,0.0,0.0,0,
9712,1849.8,176.8,139.8,66.7,0.0,0.0,0.0,0,
9812,1884.4,149.7,143.6,66.9,0.0,0.0,0.0,0,
9912,1843.6,58.9,143.3,69.0,0.0,0.0,0.0,0,
10012,1863.4,25.2,143.4,67.1,0.0,0.0,0.0,0,
10112,1860.0,14.4,143.4,67.2,0.0,0.0,0.0,0,
10212,1860.5,14.2,143.3,69.9,0.0,0.0,0.0,0,
10312,1862.1,13.2,143.2,74.0,0.0,0.0,0.0,0,
10512,1860.9,19.7,143.2,67.6,0.0,0.0,0.0,0,
10612,1860.9,15.2,143.2,67.2,0.0,0.0,0.0,0,
10712,1861.3,15.6,143.3,78.6,0.0,0.0,0.0,0,
10812,1861.3,15.9,143.3,78.9,0.0,0.0,0.0,0,
10912,1859.8,102.7,144.1,78.3,0.0,0.0,0.0,0,
11012,1861.7,164.5,143.1,65.8,0.0,0.0,0.0,0,
11112,1862.8,189.9,141.8,66.0,0.0,0.0,0.0,0,
11212,1871.7,166.2,141.8,66.2,0.0,0.0,0.0,0,
11313,1855.2,120.6,142.2,66.7,0.0,0.0,0.0,0,
11513,1870.1,94.2,147.2,67.1,0.0,0.0,0.0,0,
11613,1863.3,29.8,147.0,67.4,0.0,0.0,0.0,0,
11713,1859.0,16.4,147.0,67.1,0.0,0.0,0.0,0,
11813,1861.3,15.6,147.1,67.3,0.0,0.0,0.0,0,
11913,1861.2,16.2,147.1,69.2,0.0,0.0,0.0,0,
12013,1863.0,15.2,147.1,77.1,0.0,0.0,0.0,0,
12113,1861.4,13.9,147.1,79.2,0.0,0.0,0.0,0,
12213,1861.2,13.8,147.0,83.0,0.0,0.0,0.0,0,
12313,1861.4,12.6,147.0,83.4,0.0,0.0,0.0,0,
12513,1861.4,111.9,147.0,80.8,0.0,0.0,0.0,0,
12613,1862.2,155.9,146.2,56.8,0.0,0.0,0.0,0,
12713,1868.5,126.7,145.9,66.0,0.0,0.0,0.0,0,
12813,1846.1,183.6,144.8,66.4,0.0,0.0,0.0,0,
12913,1863.1,195.7,146.0,66.6,0.0,0.0,0.0,0,
13013,1865.7,175.6,144.6,67.1,0.0,0.0,0.0,0,
13113,1872.9,143.5,145.2,67.1,0.0,0.0,0.0,0,
13213,1842.5,20.4,143.3,67.0,0.0,0.0,0.0,0,
13313,1862.8,17.0,143.3,67.4,0.0,0.0,0.0,0,
13513,1861.5,14.1,143.2,69.3,0.0,0.0,0.0,0,
13613,1862.5,15.0,143.2,79.0,0.0,0.0,0.0,0,
13713,1861.4,13.1,143.2,86.7,0.0,0.0,0.0,0,
13813,1861.8,13.1,143.2,86.7,0.0,0.0,0.0,0,
13913,1862.0,13.5,143.1,115.4,0.0,0.0,0.0,0,
14013,1861.6,13.0,143.1,141.2,0.0,0.0,0.0,0,
14113,1861.3,13.5,143.1,130.8,0.0,0.0,0.0,0,
14213,1859.6,146.2,143.3,51.2,0.0,0.0,0.0,0,
14313,1858.0,183.6,143.3,56.7,0.0,0.0,0.0,0,
14513,1874.2,158.5,144.5,66.5,0.0,0.0,0.0,0,
14613,1847.8,121.3,144.8,66.6,0.0,0.0,0.0,0,
14713,1861.2,170.5,141.5,67.0,0.0,0.0,0.0,0,
14813,1860.3,25.4,141.9,67.1,0.0,0.0,0.0,0,
14913,1861.3,18.2,141.8,67.0,0.0,0.0,0.0,0,rest_end
15013,1861.8,24.5,142.0,68.7,0.0,0.0,0.0,0,
15113,1862.7,20.3,142.1,71.6,0.0,0.0,0.0,0,
15213,1863.1,28.7,142.2,78.9,0.0,0.0,0.0,0,
15313,1860.3,15.7,142.3,79.5,0.0,0.0,0.0,0,
15513,1860.9,13.0,142.3,87.5,0.0,0.0,0.0,0,
15613,1861.3,16.2,142.4,78.1,0.0,0.0,0.0,0,
15713,1862.0,18.4,142.4,77.8,0.0,0.0,0.0,0,
15813,1861.6,165.6,141.0,67.4,0.0,0.0,0.0,0,
15913,1872.8,145.5,140.3,66.1,0.0,0.0,0.0,0,
16013,1851.7,125.7,139.7,66.2,0.0,0.0,0.0,0,
16113,1855.1,159.5,136.5,66.4,0.0,0.0,0.0,0,
16213,1860.3,179.7,134.2,66.7,0.0,0.0,0.0,0,
16313,1861.3,167.7,134.0,66.8,0.0,0.0,0.0,0,
16513,1861.1,22.6,133.9,66.7,0.0,0.0,0.0,0,
16613,1862.4,13.1,133.8,66.3,0.0,0.0,0.0,0,
16713,1862.4,18.0,133.6,66.1,0.0,0.0,0.0,0,
16813,1861.1,13.5,133.5,55.2,0.0,0.0,0.0,0,
16913,1861.5,15.4,133.4,73.7,0.0,0.0,0.0,0,
17013,1860.2,15.7,133.4,83.6,0.0,0.0,0.0,0,
17113,1860.4,14.0,133.4,85.1,0.0,0.0,0.0,0,
17213,1861.2,11.9,133.4,71.6,0.0,0.0,0.0,0,
17313,1860.9,12.7,133.3,77.2,0.0,0.0,0.0,0,
17513,1840.0,164.5,137.6,55.2,0.0,0.0,0.0,0,
17613,1864.3,189.0,140.0,65.8,0.0,0.0,0.0,0,
17713,1858.5,194.4,141.5,66.2,0.0,0.0,0.0,0,
17813,1884.0,159.4,144.8,66.5,0.0,0.0,0.0,0,
17913,1840.6,130.5,146.3,66.7,0.0,0.0,0.0,0,
18013,1860.4,55.6,147.0,66.6,0.0,0.0,0.0,0,
18113,1863.8,44.4,147.1,66.8,0.0,0.0,0.0,0,
18213,1859.5,14.4,147.2,66.6,0.0,0.0,0.0,0,
18313,1861.6,14.8,147.2,66.6,0.0,0.0,0.0,0,
18513,1862.2,12.0,147.2,87.3,0.0,0.0,0.0,0,
18613,1861.6,14.0,147.2,79.9,0.0,0.0,0.0,0,
18713,1861.5,12.8,147.2,78.9,0.0,0.0,0.0,0,
18813,1861.9,16.0,147.2,80.4,0.0,0.0,0.0,0,
18913,1861.2,14.3,147.3,80.0,0.0,0.0,0.0,0,
19013,1860.2,111.9,146.7,67.6,0.0,0.0,0.0,0,
19113,1855.3,193.2,145.5,57.0,0.0,0.0,0.0,0,
19213,1877.1,165.2,145.9,65.9,0.0,0.0,0.0,0,
19313,1856.7,129.3,144.9,66.3,0.0,0.0,0.0,0,
19513,1867.7,181.5,143.7,66.7,0.0,0.0,0.0,0,
19613,1854.4,83.8,142.7,66.7,0.0,0.0,0.0,0,
19713,1865.3,33.9,142.7,66.6,0.0,0.0,0.0,0,
19813,1858.5,20.1,142.5,66.8,0.0,0.0,0.0,0,
19913,1860.9,13.4,142.5,67.0,0.0,0.0,0.0,0,
20013,1861.4,15.5,142.5,67.1,0.0,0.0,0.0,0,
20113,1862.7,12.3,142.5,68.9,0.0,0.0,0.0,0,
20213,1861.7,11.9,142.5,69.5,0.0,0.0,0.0,0,
20313,1861.6,13.8,142.5,80.6,0.0,0.0,0.0,0,
20513,1862.3,15.9,142.5,101.2,0.0,0.0,0.0,0,
20613,1869.1,101.8,142.8,98.9,0.0,0.0,0.0,0,
20713,1871.7,130.6,143.0,52.4,0.0,0.0,0.0,0,
20813,1833.8,168.7,143.3,65.5,0.0,0.0,0.0,0,
20913,1867.4,198.9,144.5,66.1,0.0,0.0,0.0,0,
21013,1861.7,197.5,144.7,66.5,0.0,0.0,0.0,0,
21113,1878.1,157.7,146.6,66.6,0.0,0.0,0.0,0,
21213,1849.0,130.9,147.5,66.7,0.0,0.0,0.0,0,
21313,1865.6,45.9,145.8,66.6,0.0,0.0,0.0,0,
21513,1861.8,20.4,146.2,65.6,0.0,0.0,0.0,0,
21613,1862.3,14.7,146.2,53.4,0.0,0.0,0.0,0,
21713,1861.1,16.6,146.2,54.8,0.0,0.0,0.0,0,
21813,1862.9,12.9,146.2,72.3,0.0,0.0,0.0,0,
21913,1860.0,17.0,146.2,76.6,0.0,0.0,0.0,0,
22013,1862.5,16.6,146.2,70.2,0.0,0.0,0.0,0,
22113,1861.1,15.0,146.2,80.8,0.0,0.0,0.0,0,
22213,1861.2,39.4,146.2,99.0,0.0,0.0,0.0,0,
22313,1857.8,159.6,146.7,66.2,0.0,0.0,0.0,0,
22513,1869.9,166.3,147.0,66.2,0.0,0.0,0.0,0,
22613,1860.5,138.3,146.2,66.3,0.0,0.0,0.0,0,
22713,1849.1,169.7,143.6,66.6,0.0,0.0,0.0,0,
22813,1864.9,196.1,142.8,66.6,0.0,0.0,0.0,0,
22913,1864.3,27.4,142.6,66.7,0.0,0.0,0.0,0,
23013,1861.1,18.1,142.1,66.5,0.0,0.0,0.0,0,
23113,1862.9,14.2,142.0,66.2,0.0,0.0,0.0,0,
23213,1862.3,21.8,142.0,65.9,0.0,0.0,0.0,0,
23313,1861.8,14.6,142.0,65.7,0.0,0.0,0.0,0,
23513,1861.5,13.7,142.1,70.7,0.0,0.0,0.0,0,
23613,1861.7,15.6,142.1,81.4,0.0,0.0,0.0,0,
23713,1861.3,15.2,142.1,84.2,0.0,0.0,0.0,0,
23813,1861.6,14.3,142.1,82.3,0.0,0.0,0.0,0,
23913,1863.4,149.6,142.1,57.6,0.0,0.0,0.0,0,
24013,1869.6,139.9,140.8,66.0,0.0,0.0,0.0,0,
24113,1845.8,164.9,140.5,66.3,0.0,0.0,0.0,0,
24213,1857.5,199.3,140.4,66.4,0.0,0.0,0.0,0,
24313,1866.9,189.8,141.6,66.5,0.0,0.0,0.0,0,
24513,1844.8,31.8,142.2,66.7,0.0,0.0,0.0,0,
24613,1860.4,23.3,142.3,66.7,0.0,0.0,0.0,0,
24713,1861.9,19.5,142.3,66.4,0.0,0.0,0.0,0,
24813,1861.8,20.0,142.3,65.7,0.0,0.0,0.0,0,
24913,1860.7,14.7,142.3,66.2,0.0,0.0,0.0,0,
25013,1862.0,14.3,142.2,83.2,0.0,0.0,0.0,0,
25113,1861.6,15.0,142.2,83.5,0.0,0.0,0.0,0,
25213,1862.7,15.6,142.2,91.2,0.0,0.0,0.0,0,
25313,1861.0,16.6,142.2,85.2,0.0,0.0,0.0,0,
25513,1859.9,134.1,144.1,53.7,0.0,0.0,0.0,0,
25613,1858.6,191.3,145.4,51.9,0.0,0.0,0.0,0,
25713,1860.5,218.7,147.2,65.8,0.0,0.0,0.0,0,
25813,1879.4,158.3,150.5,66.4,0.0,0.0,0.0,0,
25913,1846.3,145.5,151.5,66.6,0.0,0.0,0.0,0,
26013,1859.3,166.6,151.7,66.7,0.0,0.0,0.0,0,
26113,1862.8,42.7,151.4,66.9,0.0,0.0,0.0,0,
26213,1861.8,23.0,151.3,66.6,0.0,0.0,0.0,0,
26313,1861.5,19.0,151.3,66.7,0.0,0.0,0.0,0,
26513,1860.4,22.2,151.3,68.1,0.0,0.0,0.0,0,
26613,1862.2,15.9,151.3,68.3,0.0,0.0,0.0,0,
26713,1861.2,17.1,151.3,68.5,0.0,0.0,0.0,0,
26813,1862.2,22.3,151.3,74.0,0.0,0.0,0.0,0,
26913,1860.7,15.2,151.4,73.6,0.0,0.0,0.0,0,
27013,1861.7,16.7,151.4,66.6,0.0,0.0,0.0,0,
27113,1859.6,174.5,151.1,57.3,0.0,0.0,0.0,0,
27213,1875.5,149.8,150.2,65.4,0.0,0.0,0.0,0,
27313,1853.8,141.8,146.9,65.7,0.0,0.0,0.0,0,
27513,1863.9,182.6,138.9,66.7,0.0,0.0,0.0,0,
27613,1857.8,178.7,136.4,66.8,0.0,0.0,0.0,0,
27713,1866.5,64.0,135.4,67.0,0.0,0.0,0.0,0,
27813,1861.9,24.7,135.6,66.9,0.0,0.0,0.0,0,
27913,1862.1,12.5,135.5,66.5,0.0,0.0,0.0,0,
28013,1862.3,14.9,135.5,66.6,0.0,0.0,0.0,0,
28113,1861.4,18.1,135.5,68.1,0.0,0.0,0.0,0,
28213,1861.5,13.7,135.5,71.1,0.0,0.0,0.0,0,
28313,1862.2,13.7,135.5,71.7,0.0,0.0,0.0,0,
28513,1861.8,15.1,135.4,56.0,0.0,0.0,0.0,0,
28613,1861.0,15.3,135.4,66.6,0.0,0.0,0.0,0,
28713,1880.1,99.1,135.6,67.6,0.0,0.0,0.0,0,
28813,1836.2,154.1,137.5,65.6,0.0,0.0,0.0,0,
28913,1866.5,187.0,138.6,65.9,0.0,0.0,0.0,0,
29013,1852.8,204.0,139.1,66.2,0.0,0.0,0.0,0,
29113,1881.7,148.2,141.4,66.5,0.0,0.0,0.0,0,
29213,1845.6,135.5,142.0,66.7,0.0,0.0,0.0,0,
29313,1858.3,104.8,141.2,66.7,0.0,0.0,0.0,0,
29513,1859.3,20.8,141.5,66.5,0.0,0.0,0.0,0,
29613,1861.2,28.9,141.6,66.2,0.0,0.0,0.0,0,
29713,1862.0,14.7,141.6,70.2,0.0,0.0,0.0,0,
29813,1862.5,13.0,141.6,80.9,0.0,0.0,0.0,0,
29913,1860.9,14.1,141.6,74.1,0.0,0.0,0.0,0,
30013,1861.9,13.9,141.6,68.8,0.0,0.0,0.0,0,
30113,1861.5,14.7,141.6,72.5,0.0,0.0,0.0,0,
30213,1861.7,16.2,141.6,66.9,0.0,0.0,0.0,0,
30313,1861.4,64.8,141.6,67.0,0.0,0.0,0.0,0,
30513,1874.7,157.1,140.9,65.8,0.0,0.0,0.0,0,
30613,1860.4,144.2,139.8,66.2,0.0,0.0,0.0,0,
30713,1845.1,160.7,138.4,66.5,0.0,0.0,0.0,0,
30813,1868.9,185.3,138.4,66.6,0.0,0.0,0.0,0,
30913,1853.7,176.5,137.9,66.8,0.0,0.0,0.0,0,
31013,1869.1,36.8,138.0,66.6,0.0,0.0,0.0,0,
31113,1856.3,14.3,137.7,66.6,0.0,0.0,0.0,0,
31213,1861.5,14.2,137.7,66.6,0.0,0.0,0.0,0,
31313,1862.8,14.6,137.6,67.0,0.0,0.0,0.0,0,
31513,1860.9,15.7,137.6,69.4,0.0,0.0,0.0,0,
31613,1860.9,14.4,137.6,57.0,0.0,0.0,0.0,0,
31713,1861.7,15.1,137.6,86.3,0.0,0.0,0.0,0,
31813,1860.7,15.1,137.5,88.6,0.0,0.0,0.0,0,
31913,1861.9,14.0,137.6,88.6,0.0,0.0,0.0,0,
32013,1881.4,134.9,137.7,54.6,0.0,0.0,0.0,0,
32113,1835.2,157.1,137.7,54.7,0.0,0.0,0.0,0,
32213,1863.9,188.9,137.6,65.9,0.0,0.0,0.0,0,
32313,1864.2,185.2,137.8,66.5,0.0,0.0,0.0,0,
32513,1852.6,138.7,140.0,66.8,0.0,0.0,0.0,0,
32613,1858.1,30.7,138.6,66.8,0.0,0.0,0.0,0,
32713,1860.6,17.0,138.4,66.4,0.0,0.0,0.0,0,
32813,1862.2,15.2,138.4,66.1,0.0,0.0,0.0,0,
32913,1860.7,14.2,138.4,66.0,0.0,0.0,0.0,0,
33013,1861.6,13.5,138.4,68.9,0.0,0.0,0.0,0,
33113,1861.5,12.6,138.3,77.3,0.0,0.0,0.0,0,
33213,1862.0,14.9,138.3,87.1,0.0,0.0,0.0,0,
33313,1861.8,15.7,138.3,98.8,0.0,0.0,0.0,0,
33513,1860.9,14.8,138.3,116.3,0.0,0.0,0.0,0,
33613,1855.9,147.5,138.1,56.8,0.0,0.0,0.0,0,
33713,1867.2,191.3,138.4,55.3,0.0,0.0,0.0,0,
33813,1870.4,155.5,139.0,65.7,0.0,0.0,0.0,0,
33913,1857.8,148.0,140.2,66.1,0.0,0.0,0.0,0,
34013,1852.3,159.5,139.1,66.6,0.0,0.0,0.0,0,
34113,1858.8,196.0,138.8,66.7,0.0,0.0,0.0,0,
34213,1867.2,42.0,139.3,66.8,0.0,0.0,0.0,0,
34313,1860.8,20.6,139.3,66.7,0.0,0.0,0.0,0,
34513,1860.9,15.1,139.3,57.5,0.0,0.0,0.0,0,
34614,1861.4,13.8,139.3,56.0,0.0,0.0,0.0,0,
34714,1861.4,13.3,139.3,83.5,0.0,0.0,0.0,0,
34814,1861.8,14.4,139.3,88.2,0.0,0.0,0.0,0,
34914,1861.3,14.5,139.3,85.3,0.0,0.0,0.0,0,
35014,1861.4,14.0,139.3,88.8,0.0,0.0,0.0,0,
35114,1862.0,14.4,139.3,108.1,0.0,0.0,0.0,0,
35214,1868.3,127.3,139.3,66.6,0.0,0.0,0.0,0,
35314,1863.9,146.7,139.8,65.6,0.0,0.0,0.0,0,
35514,1858.8,209.3,141.6,66.3,0.0,0.0,0.0,0,
35614,1862.0,189.0,142.5,66.4,0.0,0.0,0.0,0,
35714,1880.2,143.2,143.7,66.7,0.0,0.0,0.0,0,
35814,1841.1,60.1,144.2,66.7,0.0,0.0,0.0,0,
35914,1861.9,21.7,144.2,66.6,0.0,0.0,0.0,0,
36014,1861.9,14.5,144.2,66.6,0.0,0.0,0.0,0,
36114,1861.0,15.3,144.2,66.5,0.0,0.0,0.0,0,
36214,1861.8,13.3,144.2,66.5,0.0,0.0,0.0,0,
36314,1861.2,15.2,144.2,86.0,0.0,0.0,0.0,0,
36514,1861.0,15.4,144.2,137.2,0.0,0.0,0.0,0,
36614,1860.9,14.8,144.2,138.4,0.0,0.0,0.0,0,
36714,1860.9,12.9,144.2,134.4,0.0,0.0,0.0,0,
36814,1864.1,117.7,145.6,66.8,0.0,0.0,0.0,0,
36914,1860.4,187.5,145.7,44.9,0.0,0.0,0.0,0,
37014,1855.1,195.0,145.0,47.6,0.0,0.0,0.0,0,
37114,1879.4,153.8,145.2,65.9,0.0,0.0,0.0,0,
37214,1849.6,149.9,144.4,66.5,0.0,0.0,0.0,0,
37314,1853.3,161.5,143.1,66.6,0.0,0.0,0.0,0,
37514,1862.4,31.5,140.8,66.5,0.0,0.0,0.0,0,
37614,1861.0,14.4,140.9,66.1,0.0,0.0,0.0,0,
37714,1861.6,13.3,140.9,65.9,0.0,0.0,0.0,0,
37814,1861.4,14.8,140.9,57.4,0.0,0.0,0.0,0,
37914,1861.5,12.9,140.9,67.9,0.0,0.0,0.0,0,
38014,1862.0,12.6,140.9,140.6,0.0,0.0,0.0,0,
38114,1860.5,14.8,140.9,156.6,0.0,0.0,0.0,0,
38214,1861.2,13.5,140.9,147.4,0.0,0.0,0.0,0,
38314,1859.9,11.8,140.9,147.0,0.0,0.0,0.0,0,
38514,1871.7,149.9,141.3,56.9,0.0,0.0,0.0,0,
38614,1863.9,149.6,139.9,65.6,0.0,0.0,0.0,0,
38714,1840.3,167.9,139.6,65.8,0.0,0.0,0.0,0,
38814,1869.9,201.4,139.1,66.3,0.0,0.0,0.0,0,
38914,1854.2,172.7,138.4,66.7,0.0,0.0,0.0,0,
39014,1885.7,140.8,138.8,66.6,0.0,0.0,0.0,0,
39114,1844.6,21.9,137.6,66.7,0.0,0.0,0.0,0,
39214,1861.4,14.4,137.6,66.2,0.0,0.0,0.0,0,
39314,1861.7,14.6,137.6,65.8,0.0,0.0,0.0,0,
39514,1862.2,15.3,137.6,68.8,0.0,0.0,0.0,0,
39614,1860.9,15.9,137.6,125.0,0.0,0.0,0.0,0,
39714,1861.3,13.4,137.6,158.3,0.0,0.0,0.0,0,
39814,1862.0,12.9,137.6,157.4,0.0,0.0,0.0,0,
39914,1861.2,14.8,137.6,133.6,0.0,0.0,0.0,0,
40014,1861.8,19.4,137.6,113.4,0.0,0.0,0.0,0,
40114,1855.8,158.2,138.0,49.0,0.0,0.0,0.0,0,
40214,1864.3,214.7,140.0,55.7,0.0,0.0,0.0,0,
40314,1865.1,204.2,142.8,66.0,0.0,0.0,0.0,0,
40514,1853.3,149.3,149.0,66.5,0.0,0.0,0.0,0,
40614,1845.9,167.7,150.0,66.8,0.0,0.0,0.0,0,
40714,1867.7,23.2,150.2,66.7,0.0,0.0,0.0,0,
40814,1861.7,20.3,150.4,66.5,0.0,0.0,0.0,0,
40914,1861.9,14.7,150.4,66.5,0.0,0.0,0.0,0,
41014,1860.7,14.2,150.4,66.5,0.0,0.0,0.0,0,
41114,1861.9,15.8,150.4,67.2,0.0,0.0,0.0,0,
41214,1862.1,13.3,150.4,71.1,0.0,0.0,0.0,0,
41314,1861.6,12.6,150.4,104.4,0.0,0.0,0.0,0,
41514,1861.3,12.9,150.4,154.2,0.0,0.0,0.0,0,
41614,1861.2,15.3,150.4,176.3,0.0,0.0,0.0,0,
41714,1862.3,185.1,151.2,48.8,0.0,0.0,0.0,0,
41814,1871.7,174.9,152.1,45.9,0.0,0.0,0.0,0,
41914,1860.1,165.1,152.6,65.5,0.0,0.0,0.0,0,
42014,1846.3,172.9,151.1,66.3,0.0,0.0,0.0,0,
42114,1860.2,216.2,150.7,66.6,0.0,0.0,0.0,0,
42214,1865.8,171.9,151.3,66.6,0.0,0.0,0.0,0,
42314,1860.8,38.5,150.6,66.8,0.0,0.0,0.0,0,
42514,1861.9,15.1,150.5,66.2,0.0,0.0,0.0,0,
42614,1861.2,14.6,150.4,66.3,0.0,0.0,0.0,0,
42714,1862.2,14.4,150.4,66.7,0.0,0.0,0.0,0,
42814,1861.8,14.1,150.4,73.2,0.0,0.0,0.0,0,
42914,1861.9,13.7,150.5,92.6,0.0,0.0,0.0,0,
43014,1861.9,14.1,150.5,147.4,0.0,0.0,0.0,0,
43114,1860.8,12.1,150.5,176.7,0.0,0.0,0.0,0,
43214,1861.1,14.5,150.5,166.9,0.0,0.0,0.0,0,
43314,1879.6,130.1,150.5,67.0,0.0,0.0,0.0,0,
43514,1858.5,232.9,150.2,65.7,0.0,0.0,0.0,0,
43614,1864.2,198.9,151.9,66.1,0.0,0.0,0.0,0,
43714,1880.0,165.1,152.4,66.6,0.0,0.0,0.0,0,
43814,1847.0,153.4,153.1,66.7,0.0,0.0,0.0,0,
43914,1861.1,49.7,152.4,66.8,0.0,0.0,0.0,0,
44014,1859.8,24.6,152.5,66.6,0.0,0.0,0.0,0,
44114,1861.9,14.5,152.4,66.0,0.0,0.0,0.0,0,
44214,1861.0,13.7,152.4,65.6,0.0,0.0,0.0,0,
44314,1862.2,14.3,152.4,66.2,0.0,0.0,0.0,0,
44514,1861.2,12.6,152.4,87.7,0.0,0.0,0.0,0,
44614,1861.0,11.7,152.4,94.2,0.0,0.0,0.0,0,
44714,1861.0,12.4,152.4,117.5,0.0,0.0,0.0,0,
44814,1861.1,12.9,152.4,88.9,0.0,0.0,0.0,0,
44914,1861.7,149.9,151.8,53.6,0.0,0.0,0.0,0,
45014,1854.5,191.2,152.4,54.6,0.0,0.0,0.0,0,
45114,1884.4,178.5,152.0,66.0,0.0,0.0,0.0,0,
45214,1846.7,167.7,151.4,66.3,0.0,0.0,0.0,0,
45314,1856.2,166.4,150.6,66.5,0.0,0.0,0.0,0,
45514,1860.3,80.3,150.1,66.8,0.0,0.0,0.0,0,
45614,1867.6,34.6,150.2,66.9,0.0,0.0,0.0,0,
45714,1856.3,14.9,150.3,66.5,0.0,0.0,0.0,0,
45814,1861.8,14.4,150.3,65.9,0.0,0.0,0.0,0,
45914,1860.9,13.7,150.3,65.9,0.0,0.0,0.0,0,
46014,1860.7,12.8,150.3,88.7,0.0,0.0,0.0,0,
46114,1860.3,13.2,150.3,108.6,0.0,0.0,0.0,0,
46214,1860.3,14.5,150.3,111.9,0.0,0.0,0.0,0,
46314,1859.8,14.1,150.3,105.0,0.0,0.0,0.0,0,
46514,1870.1,96.2,150.8,113.7,0.0,0.0,0.0,0,
46614,1863.1,142.9,150.1,44.0,0.0,0.0,0.0,0,
46714,1840.7,171.8,148.8,54.4,0.0,0.0,0.0,0,
46814,1865.5,215.7,147.7,66.1,0.0,0.0,0.0,0,
46914,1854.8,172.0,146.3,66.5,0.0,0.0,0.0,0,
47014,1883.6,152.6,146.1,66.7,0.0,0.0,0.0,0,
47114,1838.0,123.8,145.0,66.9,0.0,0.0,0.0,0,
47214,1857.8,22.3,143.7,66.8,0.0,0.0,0.0,0,
47314,1860.9,14.2,143.5,66.7,0.0,0.0,0.0,0,
47514,1860.2,12.4,143.4,67.1,0.0,0.0,0.0,0,
47614,1859.8,13.2,143.4,74.5,0.0,0.0,0.0,0,
47714,1860.3,13.8,143.4,105.4,0.0,0.0,0.0,0,
47814,1860.0,13.4,143.4,109.7,0.0,0.0,0.0,0,
47914,1859.9,13.0,143.4,137.7,0.0,0.0,0.0,0,
48014,1860.0,12.1,143.4,151.8,0.0,0.0,0.0,0,
48114,1860.0,57.8,143.5,100.4,0.0,0.0,0.0,0,
48214,1862.4,175.9,142.4,47.0,0.0,0.0,0.0,0,
48314,1854.8,200.9,143.3,46.6,0.0,0.0,0.0,0,
48514,1848.9,161.0,146.5,66.5,0.0,0.0,0.0,0,
48614,1849.0,170.6,146.1,66.6,0.0,0.0,0.0,0,
48714,1866.4,203.4,146.8,66.7,0.0,0.0,0.0,0,
48814,1858.6,20.7,147.1,66.8,0.0,0.0,0.0,0,
48914,1860.4,15.1,147.1,66.3,0.0,0.0,0.0,0,
49014,1861.3,14.4,147.2,66.1,0.0,0.0,0.0,0,
49114,1860.0,11.9,147.2,66.1,0.0,0.0,0.0,0,
49214,1860.3,14.0,147.2,73.4,0.0,0.0,0.0,0,
49314,1860.5,14.3,147.2,116.3,0.0,0.0,0.0,0,
49514,1860.1,11.9,147.2,156.5,0.0,0.0,0.0,0,
49614,1859.6,13.8,147.2,182.8,0.0,0.0,0.0,0,
49714,1860.8,14.4,147.2,166.7,0.0,0.0,0.0,0,
49814,1870.5,146.2,147.9,56.7,0.0,0.0,0.0,0,
49914,1865.3,146.9,147.0,55.8,0.0,0.0,0.0,0,
50014,1835.7,176.7,145.4,65.8,0.0,0.0,0.0,0,
50114,1869.2,201.1,144.1,66.3,0.0,0.0,0.0,0,
50214,1850.4,163.1,143.0,66.7,0.0,0.0,0.0,0,
50314,1884.2,147.2,142.4,66.7,0.0,0.0,0.0,0,
50514,1860.2,21.9,141.1,66.6,0.0,0.0,0.0,0,
50614,1860.6,15.1,141.1,66.1,0.0,0.0,0.0,0,
50714,1859.9,15.3,141.1,65.8,0.0,0.0,0.0,0,
50814,1861.0,13.7,141.1,56.9,0.0,0.0,0.0,0,
50914,1859.9,12.3,141.1,68.1,0.0,0.0,0.0,0,
51014,1860.3,14.7,141.1,91.3,0.0,0.0,0.0,0,
51114,1859.7,12.2,141.1,90.5,0.0,0.0,0.0,0,
51214,1859.3,13.9,141.1,114.8,0.0,0.0,0.0,0,
51314,1859.9,16.5,141.1,99.2,0.0,0.0,0.0,0,
51514,1863.8,196.3,139.5,65.5,0.0,0.0,0.0,0,
51614,1861.7,183.3,138.9,66.1,0.0,0.0,0.0,0,
51714,1874.1,164.8,139.5,66.3,0.0,0.0,0.0,0,
51814,1852.8,131.2,140.8,66.6,0.0,0.0,0.0,0,
51914,1845.6,164.9,139.3,66.8,0.0,0.0,0.0,0,
52014,1867.2,44.7,140.4,66.7,0.0,0.0,0.0,0,
52114,1859.2,16.2,140.0,66.7,0.0,0.0,0.0,0,
52214,1861.8,14.7,140.0,66.4,0.0,0.0,0.0,0,
52314,1859.6,14.0,140.0,65.8,0.0,0.0,0.0,0,
52514,1860.6,13.2,140.0,74.6,0.0,0.0,0.0,0,
52614,1859.7,13.5,140.0,82.3,0.0,0.0,0.0,0,
52714,1860.0,12.4,140.0,102.9,0.0,0.0,0.0,0,
52814,1860.0,12.9,140.0,104.3,0.0,0.0,0.0,0,
52914,1860.7,14.2,140.0,108.2,0.0,0.0,0.0,0,
53014,1860.3,143.5,140.4,55.3,0.0,0.0,0.0,0,
53114,1865.8,161.8,142.1,53.8,0.0,0.0,0.0,0,
53214,1863.6,149.3,143.9,65.9,0.0,0.0,0.0,0,
53314,1843.9,177.0,142.5,66.4,0.0,0.0,0.0,0,
53514,1861.1,162.7,143.4,66.6,0.0,0.0,0.0,0,
53614,1853.0,67.7,142.6,66.7,0.0,0.0,0.0,0,
53714,1861.3,29.6,142.7,66.5,0.0,0.0,0.0,0,
53814,1859.9,14.3,142.7,66.7,0.0,0.0,0.0,0,
53914,1860.0,14.4,142.7,67.2,0.0,0.0,0.0,0,
54014,1859.6,13.4,142.7,68.8,0.0,0.0,0.0,0,
54114,1859.8,13.5,142.7,78.2,0.0,0.0,0.0,0,
54214,1859.9,13.6,142.7,115.9,0.0,0.0,0.0,0,
54314,1859.8,14.8,142.7,141.9,0.0,0.0,0.0,0,
54514,1860.5,13.8,142.7,112.6,0.0,0.0,0.0,0,
54614,1880.1,91.7,142.9,88.5,0.0,0.0,0.0,0,
54714,1840.6,151.3,142.3,46.9,0.0,0.0,0.0,0,
54814,1856.3,218.3,141.9,65.4,0.0,0.0,0.0,0,
54914,1859.8,187.5,143.3,66.1,0.0,0.0,0.0,0,
55014,1877.0,165.7,143.8,66.5,0.0,0.0,0.0,0,
55114,1848.3,143.1,145.1,66.6,0.0,0.0,0.0,0,
55214,1854.8,104.9,143.9,66.7,0.0,0.0,0.0,0,
55314,1864.3,22.3,143.9,66.6,0.0,0.0,0.0,0,
55514,1860.5,14.7,143.8,65.6,0.0,0.0,0.0,0,
55614,1859.7,13.8,143.8,55.8,0.0,0.0,0.0,0,
55714,1859.0,12.3,143.8,71.3,0.0,0.0,0.0,0,
55814,1859.9,13.4,143.8,99.7,0.0,0.0,0.0,0,
55914,1859.9,14.4,143.8,93.1,0.0,0.0,0.0,0,
56014,1859.9,13.1,143.8,103.0,0.0,0.0,0.0,0,
56114,1859.9,14.0,143.8,105.6,0.0,0.0,0.0,0,
56214,1859.9,82.1,143.8,102.7,0.0,0.0,0.0,0,
56314,1855.1,179.0,144.8,65.8,0.0,0.0,0.0,0,
56514,1847.3,151.5,144.4,66.1,0.0,0.0,0.0,0,
56614,1853.7,167.2,143.0,66.3,0.0,0.0,0.0,0,
56714,1860.1,205.9,142.2,66.7,0.0,0.0,0.0,0,
56814,1863.6,174.7,141.9,66.7,0.0,0.0,0.0,0,
56914,1859.3,24.6,142.5,66.7,0.0,0.0,0.0,0,
57014,1860.2,17.7,142.5,66.4,0.0,0.0,0.0,0,
57114,1861.0,14.2,142.5,66.0,0.0,0.0,0.0,0,
57214,1859.2,12.4,142.5,66.1,0.0,0.0,0.0,0,
57314,1859.9,13.0,142.5,68.6,0.0,0.0,0.0,0,
57514,1859.5,13.5,142.5,107.9,0.0,0.0,0.0,0,
57614,1859.5,13.3,142.5,113.1,0.0,0.0,0.0,0,
57714,1860.4,13.5,142.5,110.0,0.0,0.0,0.0,0,
57814,1860.3,13.8,142.5,112.6,0.0,0.0,0.0,0,
57914,1873.0,140.0,143.4,48.6,0.0,0.0,0.0,0,
58014,1839.4,177.4,143.9,55.5,0.0,0.0,0.0,0,
58114,1862.7,207.8,145.1,66.0,0.0,0.0,0.0,0,
58214,1854.1,170.3,145.0,66.3,0.0,0.0,0.0,0,
58314,1883.2,160.9,146.2,66.6,0.0,0.0,0.0,0,
58514,1857.9,24.9,145.1,66.6,0.0,0.0,0.0,0,
58614,1860.4,16.1,145.0,66.5,0.0,0.0,0.0,0,
58714,1860.4,12.8,145.0,66.4,0.0,0.0,0.0,0,
58814,1859.6,13.3,145.0,66.1,0.0,0.0,0.0,0,
58914,1859.3,13.4,145.0,66.5,0.0,0.0,0.0,0,
59014,1859.5,12.5,145.0,123.9,0.0,0.0,0.0,0,
59114,1859.3,13.5,145.0,125.8,0.0,0.0,0.0,0,
59214,1860.2,14.6,145.0,124.7,0.0,0.0,0.0,0,
59314,1858.9,13.6,145.0,150.2,0.0,0.0,0.0,0,
59514,1861.0,176.5,145.5,55.4,0.0,0.0,0.0,0,
59614,1858.8,191.7,145.5,55.8,0.0,0.0,0.0,0,
59714,1876.5,180.5,146.7,65.9,0.0,0.0,0.0,0,
59814,1850.6,152.0,147.9,66.3,0.0,0.0,0.0,0,
59914,1843.2,180.8,147.3,66.6,0.0,0.0,0.0,0,
60014,1868.5,196.9,147.9,66.7,0.0,0.0,0.0,0,
60114,1859.0,37.9,147.3,66.9,0.0,0.0,0.0,0,
60214,1858.4,21.1,147.4,66.5,0.0,0.0,0.0,0,
60314,1861.1,13.6,147.4,66.4,0.0,0.0,0.0,0,
60514,1859.3,12.5,147.4,69.5,0.0,0.0,0.0,0,
60614,1860.5,13.6,147.4,86.7,0.0,0.0,0.0,0,
60714,1859.0,12.5,147.4,123.8,0.0,0.0,0.0,0,
60814,1859.2,11.4,147.4,139.0,0.0,0.0,0.0,0,
60914,1859.6,15.2,147.4,147.0,0.0,0.0,0.0,0,
61014,1860.5,16.0,147.4,106.4,0.0,0.0,0.0,0,
61114,1865.6,135.4,147.7,72.6,0.0,0.0,0.0,0,
61214,1870.8,139.1,145.9,66.3,0.0,0.0,0.0,0,
61314,1838.1,184.2,143.7,66.1,0.0,0.0,0.0,0,
61514,1860.5,172.5,142.7,66.6,0.0,0.0,0.0,0,
61614,1879.8,164.4,142.9,66.7,0.0,0.0,0.0,0,
61714,1843.1,53.6,142.6,66.8,0.0,0.0,0.0,0,
61814,1860.8,18.0,142.5,66.7,0.0,0.0,0.0,0,
61914,1860.0,14.1,142.5,66.1,0.0,0.0,0.0,0,
62014,1860.6,11.8,142.5,65.5,0.0,0.0,0.0,0,
62114,1859.9,12.7,142.5,57.1,0.0,0.0,0.0,0,
62214,1860.3,13.7,142.5,106.2,0.0,0.0,0.0,0,
62314,1860.0,12.9,142.5,132.4,0.0,0.0,0.0,0,
62514,1860.1,13.9,142.5,172.5,0.0,0.0,0.0,0,
62614,1860.2,11.9,142.5,132.4,0.0,0.0,0.0,0,
62714,1861.4,113.6,142.6,67.4,0.0,0.0,0.0,0,
62814,1853.7,184.3,142.6,65.6,0.0,0.0,0.0,0,
62914,1865.6,170.7,141.8,66.2,0.0,0.0,0.0,0,
63014,1871.3,167.1,140.5,66.4,0.0,0.0,0.0,0,
63114,1855.5,127.1,140.7,66.5,0.0,0.0,0.0,0,
63214,1849.3,180.6,137.5,66.8,0.0,0.0,0.0,0,
63314,1862.9,87.6,137.4,66.7,0.0,0.0,0.0,0,
63514,1860.6,13.1,137.4,66.4,0.0,0.0,0.0,0,
63614,1859.9,13.1,137.4,65.9,0.0,0.0,0.0,0,
63714,1860.4,14.0,137.4,65.5,0.0,0.0,0.0,0,
63814,1859.7,13.7,137.4,99.5,0.0,0.0,0.0,0,
63914,1860.2,11.8,137.4,137.7,0.0,0.0,0.0,0,
64014,1860.6,13.8,137.4,144.9,0.0,0.0,0.0,0,
64114,1859.5,13.1,137.4,164.1,0.0,0.0,0.0,0,
64214,1860.4,12.6,137.4,153.3,0.0,0.0,0.0,0,
64314,1860.5,99.1,137.4,107.3,0.0,0.0,0.0,0,
64514,1857.3,152.4,141.2,65.5,0.0,0.0,0.0,0,
64614,1849.8,178.3,142.5,66.3,0.0,0.0,0.0,0,
64714,1854.5,211.4,144.4,66.6,0.0,0.0,0.0,0,
64814,1867.1,175.0,147.1,66.7,0.0,0.0,0.0,0,
64914,1872.6,165.1,148.3,66.9,0.0,0.0,0.0,0,
65014,1840.1,22.1,147.9,66.6,0.0,0.0,0.0,0,
65114,1859.8,17.0,148.0,66.6,0.0,0.0,0.0,0,
65214,1860.8,13.5,148.1,66.9,0.0,0.0,0.0,0,
65314,1860.3,12.9,148.1,67.4,0.0,0.0,0.0,0,
65514,1861.0,14.9,148.1,98.9,0.0,0.0,0.0,0,
65614,1859.8,14.9,148.1,140.8,0.0,0.0,0.0,0,
65714,1860.3,12.3,148.1,142.7,0.0,0.0,0.0,0,
65814,1861.0,14.0,148.1,122.1,0.0,0.0,0.0,0,
65914,1859.6,14.2,148.1,109.0,0.0,0.0,0.0,0,
66014,1862.9,149.8,147.9,51.3,0.0,0.0,0.0,0,
66114,1857.6,198.1,146.1,56.4,0.0,0.0,0.0,0,
66214,1859.5,184.3,144.7,65.9,0.0,0.0,0.0,0,
66314,1880.4,164.5,145.0,66.5,0.0,0.0,0.0,0,
66514,1857.6,166.7,142.8,66.7,0.0,0.0,0.0,0,
66614,1863.6,23.8,141.7,66.9,0.0,0.0,0.0,0,
66714,1860.3,16.7,141.6,66.2,0.0,0.0,0.0,0,
66814,1860.3,14.3,141.6,65.8,0.0,0.0,0.0,0,
66914,1858.9,12.1,141.6,57.5,0.0,0.0,0.0,0,
67014,1860.0,14.4,141.6,57.3,0.0,0.0,0.0,0,
67114,1859.6,14.2,141.6,109.1,0.0,0.0,0.0,0,
67214,1860.8,13.0,141.6,132.9,0.0,0.0,0.0,0,
67314,1859.6,14.2,141.6,132.0,0.0,0.0,0.0,0,
67514,1860.0,14.5,141.6,122.1,0.0,0.0,0.0,0,
67614,1855.6,156.3,141.5,66.1,0.0,0.0,0.0,0,
67714,1881.3,168.1,142.4,66.2,0.0,0.0,0.0,0,
67814,1844.8,144.9,142.9,66.2,0.0,0.0,0.0,0,
67914,1856.1,178.2,140.6,66.4,0.0,0.0,0.0,0,
68014,1861.4,204.3,140.6,66.9,0.0,0.0,0.0,0,
68114,1860.8,169.8,140.1,66.9,0.0,0.0,0.0,0,
68214,1861.8,34.3,140.6,67.0,0.0,0.0,0.0,0,
68314,1859.0,13.7,140.5,66.7,0.0,0.0,0.0,0,
68514,1860.1,14.3,140.5,65.6,0.0,0.0,0.0,0,
68614,1859.6,12.4,140.5,56.6,0.0,0.0,0.0,0,
68714,1859.9,13.0,140.5,99.2,0.0,0.0,0.0,0,
68814,1860.8,13.3,140.5,158.5,0.0,0.0,0.0,0,
68914,1859.8,13.5,140.5,142.5,0.0,0.0,0.0,0,
69014,1860.0,12.9,140.5,138.9,0.0,0.0,0.0,0,
69114,1860.4,12.4,140.5,144.4,0.0,0.0,0.0,0,
69214,1875.9,111.9,140.9,56.3,0.0,0.0,0.0,0,
69314,1836.0,172.0,141.6,49.8,0.0,0.0,0.0,0,
69514,1853.1,179.1,142.6,66.3,0.0,0.0,0.0,0,
69614,1886.3,161.8,144.4,66.6,0.0,0.0,0.0,0,
69714,1839.9,132.1,144.0,66.9,0.0,0.0,0.0,0,
69814,1857.1,51.0,142.2,66.8,0.0,0.0,0.0,0,
69914,1860.1,14.2,142.2,66.6,0.0,0.0,0.0,0,
70014,1861.2,15.1,142.2,66.4,0.0,0.0,0.0,0,
70114,1859.6,14.4,142.2,65.9,0.0,0.0,0.0,0,
70214,1859.9,12.5,142.2,57.1,0.0,0.0,0.0,0,
70314,1860.2,13.6,142.2,106.8,0.0,0.0,0.0,0,
70514,1860.1,11.9,142.2,111.0,0.0,0.0,0.0,0,
70614,1860.8,13.3,142.2,98.9,0.0,0.0,0.0,0,
70714,1860.0,15.1,142.2,112.7,0.0,0.0,0.0,0,
70814,1862.9,131.1,141.8,65.5,0.0,0.0,0.0,0,
70914,1859.2,170.8,140.7,45.3,0.0,0.0,0.0,0,
71014,1873.7,172.3,141.6,54.5,0.0,0.0,0.0,0,
71114,1853.0,130.2,140.8,66.2,0.0,0.0,0.0,0,
71214,1844.2,181.8,140.2,66.6,0.0,0.0,0.0,0,
71314,1866.3,186.3,140.5,66.7,0.0,0.0,0.0,0,
71514,1860.6,19.3,139.7,66.6,0.0,0.0,0.0,0,
71614,1860.1,13.1,139.8,66.4,0.0,0.0,0.0,0,
71714,1859.6,12.6,139.7,66.5,0.0,0.0,0.0,0,
71814,1860.0,13.5,139.7,67.2,0.0,0.0,0.0,0,
71914,1860.0,13.2,139.7,103.9,0.0,0.0,0.0,0,
72014,1859.8,12.4,139.7,146.5,0.0,0.0,0.0,0,
72114,1860.0,13.5,139.7,140.6,0.0,0.0,0.0,0,
72214,1859.7,13.5,139.7,147.5,0.0,0.0,0.0,0,
72314,1859.9,12.1,139.7,186.7,0.0,0.0,0.0,0,
72514,1867.5,128.2,141.7,66.3,0.0,0.0,0.0,0,
72614,1841.4,190.3,140.0,66.0,0.0,0.0,0.0,0,
72714,1860.5,210.3,141.7,66.1,0.0,0.0,0.0,0,
72814,1862.1,162.9,140.9,66.6,0.0,0.0,0.0,0,
72914,1874.4,143.3,142.2,66.7,0.0,0.0,0.0,0,
73014,1848.2,116.5,143.0,66.9,0.0,0.0,0.0,0,
73114,1858.2,26.5,141.9,67.0,0.0,0.0,0.0,0,
73214,1859.9,14.1,142.0,66.3,0.0,0.0,0.0,0,
73314,1859.9,13.6,142.0,66.0,0.0,0.0,0.0,0,
73514,1859.3,12.2,142.0,74.7,0.0,0.0,0.0,0,
73614,1860.7,12.8,142.0,84.9,0.0,0.0,0.0,0,
73714,1859.9,13.8,142.0,106.7,0.0,0.0,0.0,0,
73814,1860.9,11.7,142.0,134.9,0.0,0.0,0.0,0,
73914,1860.5,14.2,142.0,151.6,0.0,0.0,0.0,0,
74014,1860.5,49.5,142.0,155.8,0.0,0.0,0.0,0,
74114,1854.3,180.1,142.5,52.9,0.0,0.0,0.0,0,
74214,1863.5,199.0,143.8,65.8,0.0,0.0,0.0,0,
74314,1873.2,168.0,144.4,66.2,0.0,0.0,0.0,0,
74514,1855.5,181.2,143.7,66.9,0.0,0.0,0.0,0,
74614,1855.1,190.0,144.6,67.0,0.0,0.0,0.0,0,
74714,1862.3,21.4,144.7,67.0,0.0,0.0,0.0,0,
74814,1859.7,13.1,144.6,66.9,0.0,0.0,0.0,0,
74914,1860.1,12.3,144.6,66.6,0.0,0.0,0.0,0,
75014,1860.0,11.9,144.6,66.0,0.0,0.0,0.0,0,
75114,1859.8,13.5,144.6,67.3,0.0,0.0,0.0,0,
75214,1860.6,13.5,144.6,157.0,0.0,0.0,0.0,0,
75314,1859.5,13.0,144.6,123.8,0.0,0.0,0.0,0,
75514,1859.1,15.1,144.6,115.3,0.0,0.0,0.0,0,
75614,1859.2,18.6,144.6,102.2,0.0,0.0,0.0,0,
75714,1873.8,152.7,145.3,55.8,0.0,0.0,0.0,0,
75814,1854.0,158.4,146.5,48.9,0.0,0.0,0.0,0,
75914,1849.5,192.6,147.1,65.9,0.0,0.0,0.0,0,
76014,1858.9,204.3,147.3,66.5,0.0,0.0,0.0,0,
76114,1864.2,183.4,147.4,66.6,0.0,0.0,0.0,0,
76214,1877.2,138.9,146.7,66.9,0.0,0.0,0.0,0,
76314,1837.0,27.9,145.6,66.9,0.0,0.0,0.0,0,
76514,1859.3,12.1,145.8,66.8,0.0,0.0,0.0,0,
76614,1859.9,13.7,145.8,67.9,0.0,0.0,0.0,0,
76714,1860.6,12.4,145.8,72.7,0.0,0.0,0.0,0,
76814,1860.0,11.7,145.8,94.1,0.0,0.0,0.0,0,
76914,1860.5,13.2,145.8,134.1,0.0,0.0,0.0,0,
77014,1860.4,11.8,145.8,125.8,0.0,0.0,0.0,0,
77114,1860.0,13.5,145.8,132.2,0.0,0.0,0.0,0,
77214,1860.0,13.1,145.8,112.8,0.0,0.0,0.0,0,
77314,1859.7,155.3,146.7,54.9,0.0,0.0,0.0,0,
77514,1850.9,200.5,147.0,65.6,0.0,0.0,0.0,0,
77614,1887.4,168.7,148.7,66.2,0.0,0.0,0.0,0,
77714,1839.2,146.5,148.7,66.8,0.0,0.0,0.0,0,
77814,1859.0,170.8,148.3,66.7,0.0,0.0,0.0,0,
77914,1866.6,41.8,148.3,67.0,0.0,0.0,0.0,0,
78014,1859.2,14.8,148.1,66.5,0.0,0.0,0.0,0,
78114,1861.3,13.6,148.1,65.8,0.0,0.0,0.0,0,
78214,1859.3,12.4,148.1,56.9,0.0,0.0,0.0,0,
78314,1860.2,13.0,148.1,56.8,0.0,0.0,0.0,0,
78514,1859.8,13.9,148.1,133.3,0.0,0.0,0.0,0,
78614,1860.1,11.6,148.1,108.0,0.0,0.0,0.0,0,
78714,1860.3,13.6,148.1,106.7,0.0,0.0,0.0,0,
78814,1859.9,13.8,148.1,111.2,0.0,0.0,0.0,0,
78914,1858.0,151.0,147.4,67.4,0.0,0.0,0.0,0,
79014,1873.5,167.1,147.9,55.1,0.0,0.0,0.0,0,
79114,1858.5,138.1,146.3,65.9,0.0,0.0,0.0,0,
79214,1842.8,180.9,143.9,66.3,0.0,0.0,0.0,0,
79314,1868.5,188.6,143.5,66.6,0.0,0.0,0.0,0,
79514,1861.0,63.2,141.3,66.7,0.0,0.0,0.0,0,
79614,1860.8,14.1,141.3,66.7,0.0,0.0,0.0,0,
79714,1860.4,12.9,141.3,66.4,0.0,0.0,0.0,0,
79814,1859.4,12.4,141.3,66.0,0.0,0.0,0.0,0,
79914,1860.4,12.6,141.3,65.7,0.0,0.0,0.0,0,
80014,1860.1,13.0,141.3,169.2,0.0,0.0,0.0,0,
80114,1859.9,12.6,141.3,177.6,0.0,0.0,0.0,0,
80214,1860.3,13.4,141.3,166.0,0.0,0.0,0.0,0,
80314,1859.8,11.9,141.3,102.6,0.0,0.0,0.0,0,
80514,1879.7,88.8,141.4,73.4,0.0,0.0,0.0,0,
80614,1835.1,174.1,139.3,54.1,0.0,0.0,0.0,0,
80714,1862.0,200.2,139.2,65.7,0.0,0.0,0.0,0,
80814,1860.6,187.7,138.5,66.3,0.0,0.0,0.0,0,
80914,1877.0,148.2,139.9,66.6,0.0,0.0,0.0,0,
81014,1848.2,138.0,141.1,66.6,0.0,0.0,0.0,0,
81114,1847.1,107.7,139.8,66.9,0.0,0.0,0.0,0,
81214,1861.9,18.1,139.8,66.6,0.0,0.0,0.0,0,
81314,1860.4,12.2,139.8,66.5,0.0,0.0,0.0,0,
81514,1859.0,12.2,139.8,66.6,0.0,0.0,0.0,0,
81614,1859.7,12.3,139.9,66.9,0.0,0.0,0.0,0,
81714,1859.9,13.4,139.8,112.2,0.0,0.0,0.0,0,
81814,1860.1,14.1,139.8,122.2,0.0,0.0,0.0,0,
81914,1859.7,11.1,139.8,139.8,0.0,0.0,0.0,0,
82014,1859.9,17.9,139.9,149.2,0.0,0.0,0.0,0,
82114,1860.5,80.3,139.9,106.0,0.0,0.0,0.0,0,
82214,1863.9,178.5,140.6,39.3,0.0,0.0,0.0,0,
82314,1871.6,164.4,142.0,39.0,0.0,0.0,0.0,0,
82514,1850.3,178.0,141.7,66.5,0.0,0.0,0.0,0,
82614,1860.2,187.9,142.6,66.7,0.0,0.0,0.0,0,
82714,1865.4,171.7,142.2,66.7,0.0,0.0,0.0,0,
82814,1858.1,19.1,141.9,66.7,0.0,0.0,0.0,0,
82914,1860.0,14.4,141.9,66.1,0.0,0.0,0.0,0,
83014,1860.7,11.6,141.9,65.6,0.0,0.0,0.0,0,
83114,1860.6,12.4,141.9,56.3,0.0,0.0,0.0,0,
83214,1860.7,13.7,141.9,66.5,0.0,0.0,0.0,0,
83314,1860.3,13.3,141.9,152.0,0.0,0.0,0.0,0,
83514,1860.1,13.6,141.9,107.8,0.0,0.0,0.0,0,
83614,1860.4,13.8,141.9,123.0,0.0,0.0,0.0,0,
83714,1860.6,13.3,141.9,101.0,0.0,0.0,0.0,0,
83814,1867.9,131.5,142.7,66.0,0.0,0.0,0.0,0,
83914,1848.6,179.9,142.2,66.0,0.0,0.0,0.0,0,
84014,1857.8,201.3,141.7,66.2,0.0,0.0,0.0,0,
84114,1865.8,189.9,142.0,66.4,0.0,0.0,0.0,0,
84214,1874.4,147.5,142.5,66.8,0.0,0.0,0.0,0,
84314,1843.0,132.9,142.4,66.8,0.0,0.0,0.0,0,
84514,1857.8,14.0,141.2,66.7,0.0,0.0,0.0,0,
84614,1859.8,12.6,141.2,66.0,0.0,0.0,0.0,0,
84714,1860.2,14.0,141.2,56.3,0.0,0.0,0.0,0,
84814,1859.8,13.1,141.2,66.8,0.0,0.0,0.0,0,
84914,1860.3,12.8,141.2,122.2,0.0,0.0,0.0,0,
85014,1859.8,12.5,141.2,132.4,0.0,0.0,0.0,0,
85114,1859.7,13.3,141.2,117.5,0.0,0.0,0.0,0,
85214,1859.7,12.9,141.2,110.2,0.0,0.0,0.0,0,
85314,1860.5,12.6,141.2,109.8,0.0,0.0,0.0,0,
85514,1857.3,189.4,139.8,55.7,0.0,0.0,0.0,0,
85614,1886.0,154.7,140.6,66.1,0.0,0.0,0.0,0,
85714,1839.0,149.8,140.8,66.5,0.0,0.0,0.0,0,
85814,1860.0,165.9,139.3,66.7,0.0,0.0,0.0,0,
85914,1858.2,190.6,137.8,66.8,0.0,0.0,0.0,0,
86014,1859.3,42.2,138.1,66.8,0.0,0.0,0.0,0,
86114,1859.5,14.9,138.1,66.8,0.0,0.0,0.0,0,
86214,1861.3,13.3,138.1,66.7,0.0,0.0,0.0,0,
86314,1860.2,13.7,138.1,66.4,0.0,0.0,0.0,0,
86514,1860.8,13.0,138.1,112.5,0.0,0.0,0.0,0,
86614,1859.8,13.4,138.1,198.2,0.0,0.0,0.0,0,
86714,1860.0,11.9,138.1,171.4,0.0,0.0,0.0,0,
86814,1860.3,14.7,138.1,149.7,0.0,0.0,0.0,0,
86914,1860.3,12.3,138.1,105.3,0.0,0.0,0.0,0,
87014,1876.6,124.0,138.8,56.9,0.0,0.0,0.0,0,
87114,1859.4,143.3,138.0,44.0,0.0,0.0,0.0,0,
87214,1842.8,181.0,138.0,54.5,0.0,0.0,0.0,0,
87314,1866.0,190.4,137.6,66.1,0.0,0.0,0.0,0,
87514,1881.0,126.9,138.1,66.7,0.0,0.0,0.0,0,
87614,1839.1,51.8,136.1,66.9,0.0,0.0,0.0,0,
87714,1859.8,15.9,136.0,66.5,0.0,0.0,0.0,0,
87814,1860.4,13.3,136.0,65.9,0.0,0.0,0.0,0,
87914,1859.7,11.8,136.0,65.7,0.0,0.0,0.0,0,
88014,1859.6,13.1,136.0,57.0,0.0,0.0,0.0,0,
88114,1860.0,13.6,136.0,151.5,0.0,0.0,0.0,0,
88214,1859.5,12.2,136.0,156.1,0.0,0.0,0.0,0,
88314,1859.7,12.6,136.0,89.1,0.0,0.0,0.0,0,
88514,1859.5,12.5,136.0,158.7,0.0,0.0,0.0,0,
88614,1859.2,124.2,136.8,67.1,0.0,0.0,0.0,0,
88714,1860.0,176.5,136.5,65.9,0.0,0.0,0.0,0,
88814,1857.6,189.3,135.7,66.1,0.0,0.0,0.0,0,
88914,1882.4,153.7,137.9,66.2,0.0,0.0,0.0,0,
89014,1845.9,143.1,137.8,66.7,0.0,0.0,0.0,0,
89114,1847.8,167.1,138.0,66.9,0.0,0.0,0.0,0,
89214,1867.6,81.8,139.6,66.9,0.0,0.0,0.0,0,
89314,1860.7,15.9,139.6,66.9,0.0,0.0,0.0,0,
89514,1860.5,11.9,139.6,65.7,0.0,0.0,0.0,0,
89614,1859.8,13.1,139.6,56.4,0.0,0.0,0.0,0,
89714,1859.8,12.4,139.6,122.1,0.0,0.0,0.0,0,
89814,1859.8,13.1,139.6,168.9,0.0,0.0,0.0,0,
89914,1859.5,13.1,139.6,166.2,0.0,0.0,0.0,0,
90014,1859.6,12.3,139.6,195.0,0.0,0.0,0.0,0,
90114,1859.6,13.4,139.6,177.5,0.0,0.0,0.0,0,
90214,1860.1,110.7,139.6,204.0,0.0,0.0,0.0,0,
90314,1869.4,151.3,141.5,50.7,0.0,0.0,0.0,0,
90514,1846.3,180.9,140.9,66.2,0.0,0.0,0.0,0,
90614,1863.4,191.2,140.0,66.5,0.0,0.0,0.0,0,
90714,1863.4,183.6,139.8,66.8,0.0,0.0,0.0,0,
90814,1876.5,138.2,139.6,66.9,0.0,0.0,0.0,0,
90914,1841.5,19.6,138.9,66.7,0.0,0.0,0.0,0,
91014,1860.7,13.3,138.9,66.5,0.0,0.0,0.0,0,
91114,1860.0,12.4,138.9,66.2,0.0,0.0,0.0,0,
91214,1859.7,13.0,138.9,65.7,0.0,0.0,0.0,0,
91314,1859.5,12.3,138.9,67.5,0.0,0.0,0.0,0,
91514,1859.8,12.6,138.9,172.4,0.0,0.0,0.0,0,
91614,1860.2,12.7,138.9,117.9,0.0,0.0,0.0,0,
91714,1859.7,12.8,138.9,113.9,0.0,0.0,0.0,0,
91814,1859.3,22.3,138.9,122.9,0.0,0.0,0.0,0,
91914,1860.8,159.0,138.8,49.7,0.0,0.0,0.0,0,
92014,1854.4,199.9,138.7,53.9,0.0,0.0,0.0,0,
92114,1866.0,195.4,139.4,66.0,0.0,0.0,0.0,0,
92214,1870.4,157.4,141.8,66.6,0.0,0.0,0.0,0,
92314,1849.6,156.0,143.2,66.8,0.0,0.0,0.0,0,
92514,1857.0,23.1,142.4,66.9,0.0,0.0,0.0,0,
92614,1860.0,12.6,142.4,66.5,0.0,0.0,0.0,0,
92714,1859.6,12.8,142.4,66.7,0.0,0.0,0.0,0,
92814,1860.2,12.5,142.4,67.1,0.0,0.0,0.0,0,
92914,1860.0,13.4,142.4,69.5,0.0,0.0,0.0,0,
93014,1859.8,13.7,142.4,178.0,0.0,0.0,0.0,0,
93114,1859.9,12.1,142.4,139.1,0.0,0.0,0.0,0,
93214,1859.7,14.0,142.4,137.4,0.0,0.0,0.0,0,
93314,1860.0,13.6,142.4,187.0,0.0,0.0,0.0,0,
93514,1858.4,163.7,142.1,65.5,0.0,0.0,0.0,0,
93614,1880.8,138.5,141.4,65.7,0.0,0.0,0.0,0,
93714,1844.7,150.1,140.7,65.9,0.0,0.0,0.0,0,
93814,1856.2,164.0,138.9,66.4,0.0,0.0,0.0,0,
93914,1854.2,192.2,137.7,67.0,0.0,0.0,0.0,0,
94014,1869.9,177.6,137.2,66.8,0.0,0.0,0.0,0,
94114,1859.1,30.7,137.1,67.0,0.0,0.0,0.0,0,
94214,1858.6,17.0,137.1,66.5,0.0,0.0,0.0,0,
94314,1860.8,14.2,137.1,66.0,0.0,0.0,0.0,0,
94514,1859.5,11.9,137.1,57.0,0.0,0.0,0.0,0,
94614,1860.5,12.6,137.1,122.7,0.0,0.0,0.0,0,
94714,1859.6,12.9,137.1,133.8,0.0,0.0,0.0,0,
94814,1859.5,13.6,137.1,131.4,0.0,0.0,0.0,0,
94914,1860.0,13.7,137.1,133.5,0.0,0.0,0.0,0,
95014,1860.4,13.7,137.1,117.1,0.0,0.0,0.0,0,
95114,1867.5,126.8,137.6,69.6,0.0,0.0,0.0,0,
95214,1849.2,162.6,136.4,66.6,0.0,0.0,0.0,0,
95314,1862.3,188.8,135.2,66.6,0.0,0.0,0.0,0,
95514,1882.1,127.4,134.9,66.9,0.0,0.0,0.0,0,
95614,1834.2,152.5,135.3,67.1,0.0,0.0,0.0,0,
95714,1863.8,48.6,134.3,67.1,0.0,0.0,0.0,0,
95814,1858.9,19.9,134.4,66.9,0.0,0.0,0.0,0,
95914,1860.4,14.0,134.4,66.3,0.0,0.0,0.0,0,
96014,1859.5,12.9,134.4,65.5,0.0,0.0,0.0,0,
96114,1860.0,11.8,134.4,65.5,0.0,0.0,0.0,0,
96214,1860.1,12.7,134.4,88.4,0.0,0.0,0.0,0,
96314,1860.2,12.8,134.4,110.7,0.0,0.0,0.0,0,
96514,1860.6,14.5,134.4,140.6,0.0,0.0,0.0,0,
96614,1860.3,13.6,134.4,122.5,0.0,0.0,0.0,0,
96714,1863.3,129.8,134.3,56.9,0.0,0.0,0.0,0,
96814,1848.8,172.0,133.4,52.7,0.0,0.0,0.0,0,
96914,1888.0,141.9,135.6,65.9,0.0,0.0,0.0,0,
97014,1843.8,165.4,135.3,66.5,0.0,0.0,0.0,0,
97114,1854.0,156.8,134.4,66.8,0.0,0.0,0.0,0,
97214,1866.6,195.8,133.8,67.2,0.0,0.0,0.0,0,
97314,1850.9,74.2,134.2,67.3,0.0,0.0,0.0,0,
97514,1860.0,13.2,134.1,66.8,0.0,0.0,0.0,0,
97614,1860.1,12.9,134.1,66.7,0.0,0.0,0.0,0,
97714,1859.7,14.7,134.1,66.9,0.0,0.0,0.0,0,
97814,1860.2,14.2,134.1,100.9,0.0,0.0,0.0,0,
97914,1860.3,12.5,134.1,102.1,0.0,0.0,0.0,0,
98014,1859.7,13.4,134.1,100.1,0.0,0.0,0.0,0,
98114,1860.3,12.3,134.1,100.0,0.0,0.0,0.0,0,
98214,1860.9,12.9,134.1,136.9,0.0,0.0,0.0,0,
98314,1873.7,79.1,134.7,116.6,0.0,0.0,0.0,0,
98514,1839.3,172.5,136.0,56.3,0.0,0.0,0.0,0,
98614,1870.6,201.3,136.4,66.1,0.0,0.0,0.0,0,
98714,1852.8,174.8,135.8,66.7,0.0,0.0,0.0,0,
98814,1883.6,140.8,135.8,66.9,0.0,0.0,0.0,0,
98914,1839.9,126.1,135.1,67.2,0.0,0.0,0.0,0,
99014,1858.9,18.6,134.3,67.0,0.0,0.0,0.0,0,
99114,1859.9,12.3,134.3,66.6,0.0,0.0,0.0,0,
99214,1860.3,13.1,134.3,66.7,0.0,0.0,0.0,0,
99314,1860.3,12.9,134.3,67.3,0.0,0.0,0.0,0,
99514,1859.7,13.4,134.3,117.9,0.0,0.0,0.0,0,
99614,1859.5,12.9,134.3,114.4,0.0,0.0,0.0,0,
99714,1859.8,12.8,134.3,117.0,0.0,0.0,0.0,0,
99814,1859.6,14.2,134.3,125.8,0.0,0.0,0.0,0,
99914,1860.3,60.1,134.3,143.1,0.0,0.0,0.0,0,
100014,1859.8,174.6,134.8,65.5,0.0,0.0,0.0,0,
100114,1860.4,180.4,134.6,65.8,0.0,0.0,0.0,0,
100214,1879.0,146.8,135.3,65.9,0.0,0.0,0.0,0,
100314,1849.6,142.1,134.9,66.4,0.0,0.0,0.0,0,
100514,1867.6,197.8,133.4,67.0,0.0,0.0,0.0,0,
100614,1861.3,22.7,134.3,67.6,0.0,0.0,0.0,0,
100714,1860.0,14.0,134.3,66.6,0.0,0.0,0.0,0,
100814,1860.8,14.2,134.3,65.9,0.0,0.0,0.0,0,
100914,1860.0,12.7,134.3,57.3,0.0,0.0,0.0,0,
101014,1859.7,13.3,134.3,66.0,0.0,0.0,0.0,0,
101114,1860.2,12.4,134.3,164.8,0.0,0.0,0.0,0,
101214,1859.6,12.1,134.3,169.4,0.0,0.0,0.0,0,
101314,1859.8,13.1,134.3,136.3,0.0,0.0,0.0,0,
101514,1859.2,14.0,134.3,146.1,0.0,0.0,0.0,0,
101614,1866.0,122.7,134.3,65.5,0.0,0.0,0.0,0,
101714,1861.3,144.6,133.8,66.1,0.0,0.0,0.0,0,
101814,1847.8,176.9,132.7,66.4,0.0,0.0,0.0,0,
101914,1856.8,194.4,132.8,66.5,0.0,0.0,0.0,0,
102014,1867.6,165.1,133.4,66.9,0.0,0.0,0.0,0,
102114,1871.8,139.7,133.6,67.2,0.0,0.0,0.0,0,
102214,1843.1,28.1,131.9,67.0,0.0,0.0,0.0,0,
102314,1858.6,13.6,131.9,66.8,0.0,0.0,0.0,0,
102514,1859.5,13.5,131.8,66.2,0.0,0.0,0.0,0,
102614,1859.8,13.8,131.8,65.7,0.0,0.0,0.0,0,
102714,1859.7,12.6,131.8,168.3,0.0,0.0,0.0,0,
102814,1860.4,13.7,131.9,149.8,0.0,0.0,0.0,0,
102914,1859.7,13.9,131.9,149.6,0.0,0.0,0.0,0,
103014,1860.3,13.2,131.9,144.2,0.0,0.0,0.0,0,
103114,1859.3,12.0,131.9,133.0,0.0,0.0,0.0,0,
103214,1861.8,137.7,132.8,46.1,0.0,0.0,0.0,0,
103314,1852.2,215.0,133.7,39.7,0.0,0.0,0.0,0,
103514,1874.9,155.9,138.0,66.4,0.0,0.0,0.0,0,
103614,1843.3,152.5,140.4,66.8,0.0,0.0,0.0,0,
103714,1860.5,161.8,139.7,67.2,0.0,0.0,0.0,0,
103814,1853.2,40.2,140.2,67.2,0.0,0.0,0.0,0,
103914,1859.5,13.1,140.2,66.9,0.0,0.0,0.0,0,
104014,1859.8,12.5,140.2,67.2,0.0,0.0,0.0,0,
104114,1859.8,13.9,140.2,68.5,0.0,0.0,0.0,0,
104214,1860.4,14.2,140.2,69.5,0.0,0.0,0.0,0,
104314,1859.0,13.9,140.2,148.3,0.0,0.0,0.0,0,
104514,1860.0,12.8,140.2,194.8,0.0,0.0,0.0,0,
104614,1859.6,13.5,140.2,154.6,0.0,0.0,0.0,0,
104714,1858.6,19.4,140.2,153.3,0.0,0.0,0.0,0,
104814,1862.7,144.3,140.5,54.6,0.0,0.0,0.0,0,
104914,1880.4,126.7,139.6,45.7,0.0,0.0,0.0,0,
105014,1840.8,146.6,136.0,55.1,0.0,0.0,0.0,0,
105114,1860.8,154.4,133.8,66.1,0.0,0.0,0.0,0,
105214,1857.1,189.3,129.3,66.9,0.0,0.0,0.0,0,
105314,1864.3,166.1,129.0,66.9,0.0,0.0,0.0,0,
105514,1861.0,16.4,126.9,66.9,0.0,0.0,0.0,0,
105614,1860.2,13.8,126.9,66.3,0.0,0.0,0.0,0,
105714,1859.9,12.2,126.9,66.2,0.0,0.0,0.0,0,
105814,1859.5,12.4,126.9,66.2,0.0,0.0,0.0,0,
105914,1860.7,13.1,126.9,153.3,0.0,0.0,0.0,0,
106014,1859.6,13.6,126.9,135.5,0.0,0.0,0.0,0,
106114,1859.7,13.3,126.8,103.6,0.0,0.0,0.0,0,
106214,1860.3,13.4,126.8,138.7,0.0,0.0,0.0,0,
106314,1860.3,14.0,126.8,158.7,0.0,0.0,0.0,0,
106514,1846.2,151.6,127.2,66.7,0.0,0.0,0.0,0,
106614,1865.5,192.9,126.9,66.3,0.0,0.0,0.0,0,
106714,1857.0,170.0,128.5,66.3,0.0,0.0,0.0,0,
106814,1883.8,133.7,129.9,66.8,0.0,0.0,0.0,0,
106914,1833.3,152.5,131.6,67.1,0.0,0.0,0.0,0,
107014,1866.3,89.1,131.7,67.1,0.0,0.0,0.0,0,
107114,1859.3,16.2,131.7,67.2,0.0,0.0,0.0,0,
107214,1860.0,12.8,131.7,66.7,0.0,0.0,0.0,0,
107314,1860.2,13.8,131.7,66.4,0.0,0.0,0.0,0,
107514,1859.3,12.4,131.7,84.5,0.0,0.0,0.0,0,
107614,1859.9,14.0,131.7,132.7,0.0,0.0,0.0,0,
107714,1860.0,14.3,131.7,185.5,0.0,0.0,0.0,0,
107814,1861.0,14.3,131.7,177.7,0.0,0.0,0.0,0,
107914,1859.6,10.9,131.7,144.2,0.0,0.0,0.0,0,
108014,1860.1,88.4,131.7,116.4,0.0,0.0,0.0,0,
108114,1854.3,169.4,133.0,45.2,0.0,0.0,0.0,0,
108214,1886.0,144.2,134.7,65.5,0.0,0.0,0.0,0,
108314,1844.3,161.8,133.1,66.3,0.0,0.0,0.0,0,
108514,1865.8,184.3,131.2,66.9,0.0,0.0,0.0,0,
108614,1852.7,148.9,131.3,67.0,0.0,0.0,0.0,0,
108714,1858.0,19.9,131.0,66.9,0.0,0.0,0.0,0,
108814,1859.5,15.8,131.0,67.1,0.0,0.0,0.0,0,
108914,1860.4,14.2,131.0,67.4,0.0,0.0,0.0,0,
109014,1861.2,12.6,131.0,68.0,0.0,0.0,0.0,0,
109114,1858.9,13.0,131.0,72.6,0.0,0.0,0.0,0,
109214,1860.4,15.3,131.0,101.9,0.0,0.0,0.0,0,
109314,1860.3,11.9,131.0,123.7,0.0,0.0,0.0,0,
109514,1859.5,18.5,131.0,194.9,0.0,0.0,0.0,0,
109614,1863.1,25.6,131.1,101.3,0.0,0.0,0.0,0,
109714,1872.6,120.0,130.7,66.8,0.0,0.0,0.0,0,
109814,1842.4,150.8,128.7,56.9,0.0,0.0,0.0,0,
109914,1867.6,194.6,127.9,66.0,0.0,0.0,0.0,0,
110014,1857.3,159.7,128.5,66.7,0.0,0.0,0.0,0,
110114,1879.4,147.8,127.5,67.0,0.0,0.0,0.0,0,
110214,1844.6,146.3,127.5,67.2,0.0,0.0,0.0,0,
110314,1855.8,30.0,126.9,67.1,0.0,0.0,0.0,0,
110514,1860.3,13.0,126.9,66.8,0.0,0.0,0.0,0,
110614,1859.5,13.9,126.9,67.7,0.0,0.0,0.0,0,
110714,1860.2,14.3,126.9,71.1,0.0,0.0,0.0,0,
110814,1859.9,13.0,126.9,173.2,0.0,0.0,0.0,0,
110914,1859.9,14.0,126.9,151.3,0.0,0.0,0.0,0,
111014,1859.6,14.6,126.9,144.8,0.0,0.0,0.0,0,
111114,1859.9,13.1,126.9,151.5,0.0,0.0,0.0,0,
111214,1859.3,12.3,126.8,155.8,0.0,0.0,0.0,0,
111314,1855.4,172.9,127.3,67.1,0.0,0.0,0.0,0,
111514,1868.9,148.0,131.5,65.9,0.0,0.0,0.0,0,
111614,1848.5,140.6,133.0,66.3,0.0,0.0,0.0,0,
111714,1855.4,173.3,133.0,67.1,0.0,0.0,0.0,0,
111814,1860.8,194.5,133.3,67.1,0.0,0.0,0.0,0,
111914,1864.7,38.9,134.8,67.4,0.0,0.0,0.0,0,
112014,1858.8,12.0,134.8,67.0,0.0,0.0,0.0,0,
112114,1860.8,12.8,134.8,66.5,0.0,0.0,0.0,0,
112214,1859.7,13.7,134.8,66.4,0.0,0.0,0.0,0,
112314,1861.3,12.5,134.8,67.3,0.0,0.0,0.0,0,
112514,1859.9,14.0,134.8,156.2,0.0,0.0,0.0,0,
112614,1859.8,13.0,134.8,164.6,0.0,0.0,0.0,0,
112714,1859.5,13.3,134.8,166.2,0.0,0.0,0.0,0,
112814,1860.3,13.7,134.8,166.4,0.0,0.0,0.0,0,
112914,1872.7,111.4,135.2,65.7,0.0,0.0,0.0,0,
113014,1853.6,138.7,135.6,56.3,0.0,0.0,0.0,0,
113114,1857.6,167.5,136.6,66.1,0.0,0.0,0.0,0,
113214,1852.5,203.3,137.6,66.3,0.0,0.0,0.0,0,
113314,1868.8,159.4,139.1,66.6,0.0,0.0,0.0,0,
113514,1844.7,59.3,137.5,67.0,0.0,0.0,0.0,0,
113614,1860.3,16.6,137.5,67.0,0.0,0.0,0.0,0,
113714,1860.7,15.2,137.5,66.9,0.0,0.0,0.0,0,
113814,1860.4,13.2,137.5,66.7,0.0,0.0,0.0,0,
113914,1860.1,14.0,137.5,67.2,0.0,0.0,0.0,0,
114014,1859.6,14.6,137.5,124.8,0.0,0.0,0.0,0,
114114,1860.2,13.0,137.5,172.7,0.0,0.0,0.0,0,
114214,1860.1,13.0,137.5,155.8,0.0,0.0,0.0,0,
114314,1860.7,13.9,137.5,154.9,0.0,0.0,0.0,0,
114514,1862.7,110.6,137.8,57.5,0.0,0.0,0.0,0,
114614,1857.5,199.8,137.2,41.8,0.0,0.0,0.0,0,
114714,1861.6,168.5,138.0,54.9,0.0,0.0,0.0,0,
114814,1880.6,141.7,136.0,66.3,0.0,0.0,0.0,0,
114914,1833.3,152.0,137.8,66.8,0.0,0.0,0.0,0,
115014,1865.9,153.8,136.8,67.2,0.0,0.0,0.0,0,
115114,1850.8,93.6,136.4,93.7,0.0,0.0,0.0,0,
115214,1859.0,20.1,136.4,67.1,0.0,0.0,0.0,0,
115314,1859.7,13.6,136.4,67.2,0.0,0.0,0.0,0,
115514,1859.9,14.0,136.4,69.3,0.0,0.0,0.0,0,
115614,1860.5,13.8,136.4,112.8,0.0,0.0,0.0,0,
115714,1859.4,13.6,136.4,167.4,0.0,0.0,0.0,0,
115814,1859.9,15.0,136.4,170.0,0.0,0.0,0.0,0,
115914,1861.2,14.1,136.4,167.7,0.0,0.0,0.0,0,
116014,1860.1,13.5,136.4,167.7,0.0,0.0,0.0,0,
116114,1857.2,102.6,136.7,146.2,0.0,0.0,0.0,0,
116214,1883.1,134.7,136.9,66.3,0.0,0.0,0.0,0,
116314,1846.0,158.1,134.5,65.9,0.0,0.0,0.0,0,
116514,1868.3,201.9,132.3,66.7,0.0,0.0,0.0,0,
116614,1854.7,158.9,134.3,67.0,0.0,0.0,0.0,0,
116714,1884.4,145.4,134.3,67.1,0.0,0.0,0.0,0,
116814,1841.5,19.0,133.7,67.2,0.0,0.0,0.0,0,
116914,1859.9,14.1,133.7,66.7,0.0,0.0,0.0,0,
117014,1861.0,13.9,133.7,66.5,0.0,0.0,0.0,0,
117114,1861.1,15.2,133.7,66.6,0.0,0.0,0.0,0,
117214,1860.3,14.9,133.7,68.8,0.0,0.0,0.0,0,
117314,1860.9,15.3,133.7,144.5,0.0,0.0,0.0,0,
117514,1860.6,14.0,133.8,114.4,0.0,0.0,0.0,0,
117614,1860.7,14.9,133.8,116.2,0.0,0.0,0.0,0,
117714,1860.8,19.6,133.7,117.8,0.0,0.0,0.0,0,
117814,1854.4,148.5,134.2,57.1,0.0,0.0,0.0,0,
117914,1866.5,213.9,136.4,66.0,0.0,0.0,0.0,0,
118014,1858.4,181.1,137.5,66.3,0.0,0.0,0.0,0,
118114,1882.7,157.3,139.0,66.4,0.0,0.0,0.0,0,
118214,1842.5,157.3,138.3,67.0,0.0,0.0,0.0,0,
118314,1856.7,179.5,138.8,67.1,0.0,0.0,0.0,0,
118514,1858.8,14.6,139.0,67.0,0.0,0.0,0.0,0,
118614,1860.9,12.5,139.0,66.9,0.0,0.0,0.0,0,
118714,1860.0,12.9,139.0,66.8,0.0,0.0,0.0,0,
118814,1860.2,14.0,139.0,66.7,0.0,0.0,0.0,0,
118914,1861.4,13.6,139.0,187.8,0.0,0.0,0.0,0,
119014,1860.8,13.8,139.0,200.9,0.0,0.0,0.0,0,
119114,1861.0,14.2,139.0,189.2,0.0,0.0,0.0,0,
119214,1860.3,14.2,139.0,215.5,0.0,0.0,0.0,0,
119314,1860.7,13.3,139.0,201.1,0.0,0.0,0.0,0,
119514,1877.6,155.5,139.3,49.8,0.0,0.0,0.0,0,
119614,1848.4,149.8,139.6,66.0,0.0,0.0,0.0,0,
119714,1846.6,183.6,137.8,66.5,0.0,0.0,0.0,0,
119814,1866.5,199.0,138.9,66.7,0.0,0.0,0.0,0,
119914,1858.4,152.8,138.1,67.2,0.0,0.0,0.0,0,
120014,1855.2,31.3,137.1,67.0,0.0,0.0,0.0,0,
120114,1859.9,12.6,137.1,67.0,0.0,0.0,0.0,0,
120214,1860.1,13.5,137.1,67.4,0.0,0.0,0.0,0,
120314,1859.3,14.3,137.1,68.4,0.0,0.0,0.0,0,
120514,1860.1,14.1,137.1,168.2,0.0,0.0,0.0,0,
120614,1859.8,14.2,137.1,185.5,0.0,0.0,0.0,0,
120714,1860.2,13.0,137.1,194.8,0.0,0.0,0.0,0,
120814,1859.6,13.2,137.1,204.4,0.0,0.0,0.0,0,
120914,1859.6,16.0,137.1,202.3,0.0,0.0,0.0,0,
121014,1872.8,110.9,138.0,66.9,0.0,0.0,0.0,0,
121114,1848.3,147.5,135.2,65.4,0.0,0.0,0.0,0,
121214,1857.2,190.4,132.7,65.9,0.0,0.0,0.0,0,
121314,1865.7,160.8,131.6,66.4,0.0,0.0,0.0,0,
121514,1847.8,140.0,129.5,66.8,0.0,0.0,0.0,0,
121614,1859.7,49.1,127.3,67.0,0.0,0.0,0.0,0,
121714,1859.2,13.9,127.3,66.7,0.0,0.0,0.0,0,
121814,1859.8,13.6,127.3,66.5,0.0,0.0,0.0,0,
121914,1860.5,13.0,127.3,66.7,0.0,0.0,0.0,0,
122014,1858.9,12.7,127.3,67.3,0.0,0.0,0.0,0,
122114,1859.9,13.9,127.3,107.7,0.0,0.0,0.0,0,
122214,1859.6,12.7,127.2,138.2,0.0,0.0,0.0,0,
122314,1859.9,13.5,127.3,140.6,0.0,0.0,0.0,0,
122514,1859.5,12.1,127.3,144.1,0.0,0.0,0.0,0,
122614,1857.1,149.7,127.5,68.6,0.0,0.0,0.0,0,
122714,1866.1,147.3,128.5,65.5,0.0,0.0,0.0,0,
122814,1878.7,147.0,128.2,65.8,0.0,0.0,0.0,0,
122914,1839.6,146.4,130.7,66.1,0.0,0.0,0.0,0,
123014,1866.3,160.1,128.0,66.7,0.0,0.0,0.0,0,
123114,1850.1,180.1,128.0,66.9,0.0,0.0,0.0,0,
123214,1863.9,70.8,128.1,67.0,0.0,0.0,0.0,0,
123314,1861.9,17.2,128.1,67.1,0.0,0.0,0.0,0,
123514,1861.3,13.3,128.1,66.7,0.0,0.0,0.0,0,
123614,1861.0,15.4,128.1,67.2,0.0,0.0,0.0,0,
123714,1861.1,13.3,128.1,170.1,0.0,0.0,0.0,0,
123814,1860.9,12.3,128.1,183.6,0.0,0.0,0.0,0,
123914,1861.7,12.7,128.1,152.3,0.0,0.0,0.0,0,
124014,1861.9,13.8,128.1,135.7,0.0,0.0,0.0,0,
124114,1859.3,12.5,128.1,136.5,0.0,0.0,0.0,0,
124214,1875.0,83.0,128.6,90.1,0.0,0.0,0.0,0,
124314,1848.7,132.8,129.3,43.8,0.0,0.0,0.0,0,
124514,1864.2,210.4,129.0,66.4,0.0,0.0,0.0,0,
124614,1862.4,160.1,132.0,66.7,0.0,0.0,0.0,0,
124714,1880.1,148.7,131.1,67.1,0.0,0.0,0.0,0,
124814,1837.9,112.6,133.4,67.0,0.0,0.0,0.0,0,
124914,1859.6,16.6,133.0,67.0,0.0,0.0,0.0,0,
125014,1860.4,13.3,133.0,67.1,0.0,0.0,0.0,0,
125114,1861.1,14.3,133.1,67.1,0.0,0.0,0.0,0,
125214,1861.4,13.0,133.0,67.0,0.0,0.0,0.0,0,
125314,1860.6,12.8,133.0,81.4,0.0,0.0,0.0,0,
125514,1860.9,12.6,133.0,168.5,0.0,0.0,0.0,0,
125614,1861.6,12.9,133.0,158.7,0.0,0.0,0.0,0,
125714,1860.2,13.5,133.1,154.3,0.0,0.0,0.0,0,
125814,1860.9,63.0,133.1,149.3,0.0,0.0,0.0,0,
125914,1861.3,173.8,133.4,38.8,0.0,0.0,0.0,0,
126014,1856.3,168.5,134.6,38.7,0.0,0.0,0.0,0,
126114,1888.0,151.7,135.1,65.7,0.0,0.0,0.0,0,
126214,1832.6,145.8,135.7,66.7,0.0,0.0,0.0,0,
126314,1864.0,168.0,136.3,66.9,0.0,0.0,0.0,0,
126514,1856.3,20.1,136.8,67.0,0.0,0.0,0.0,0,
126614,1860.5,14.4,136.8,66.7,0.0,0.0,0.0,0,
126714,1861.5,12.7,136.8,67.1,0.0,0.0,0.0,0,
126814,1860.7,11.3,136.8,68.6,0.0,0.0,0.0,0,
126914,1861.8,14.3,136.8,75.5,0.0,0.0,0.0,0,
127014,1862.1,13.6,136.8,133.5,0.0,0.0,0.0,0,
127114,1861.6,13.6,136.8,164.1,0.0,0.0,0.0,0,
127214,1860.9,14.1,136.8,135.3,0.0,0.0,0.0,0,
127314,1860.3,14.4,136.8,166.9,0.0,0.0,0.0,0,
127514,1878.7,123.8,136.6,66.8,0.0,0.0,0.0,0,
127614,1855.4,125.2,134.5,66.2,0.0,0.0,0.0,0,
127714,1848.8,164.1,132.5,66.2,0.0,0.0,0.0,0,
127814,1870.3,186.1,132.4,66.6,0.0,0.0,0.0,0,
127914,1854.5,157.1,131.9,67.0,0.0,0.0,0.0,0,
128014,1884.6,145.1,130.5,66.9,0.0,0.0,0.0,0,
128114,1843.9,29.0,128.8,67.1,0.0,0.0,0.0,0,
128214,1861.1,14.3,128.8,66.8,0.0,0.0,0.0,0,
128314,1862.0,13.4,128.8,66.5,0.0,0.0,0.0,0,
128514,1862.1,13.3,128.8,68.2,0.0,0.0,0.0,0,
128614,1861.5,12.9,128.8,124.6,0.0,0.0,0.0,0,
128714,1861.5,14.9,128.8,137.6,0.0,0.0,0.0,0,
128814,1861.5,15.1,128.8,149.9,0.0,0.0,0.0,0,
128914,1861.2,14.7,128.8,173.2,0.0,0.0,0.0,0,
129014,1862.1,19.2,128.8,125.1,0.0,0.0,0.0,0,
129114,1857.5,140.1,129.0,56.5,0.0,0.0,0.0,0,
129214,1864.3,190.3,130.9,65.7,0.0,0.0,0.0,0,
129314,1864.4,161.7,131.4,66.4,0.0,0.0,0.0,0,
129514,1848.1,143.7,132.0,67.0,0.0,0.0,0.0,0,
129614,1852.6,166.1,131.5,67.2,0.0,0.0,0.0,0,
129714,1864.0,43.8,131.9,67.1,0.0,0.0,0.0,0,
129814,1860.2,14.6,131.9,67.0,0.0,0.0,0.0,0,
129914,1860.6,13.1,131.9,66.7,0.0,0.0,0.0,0,
130014,1862.1,12.4,131.9,66.4,0.0,0.0,0.0,0,
130114,1861.1,12.9,131.9,66.5,0.0,0.0,0.0,0,
130214,1861.1,12.7,131.9,144.9,0.0,0.0,0.0,0,
130314,1862.3,13.6,131.9,149.3,0.0,0.0,0.0,0,
130514,1862.0,15.2,131.9,151.9,0.0,0.0,0.0,0,
130614,1861.8,14.7,131.9,136.8,0.0,0.0,0.0,0,
130714,1864.7,132.1,132.0,66.7,0.0,0.0,0.0,0,
130814,1871.6,134.1,131.5,55.7,0.0,0.0,0.0,0,
130914,1855.7,135.4,132.2,65.9,0.0,0.0,0.0,0,
131014,1857.4,171.5,128.6,66.5,0.0,0.0,0.0,0,
131114,1859.4,188.2,129.5,66.8,0.0,0.0,0.0,0,
131214,1869.6,146.5,129.6,67.2,0.0,0.0,0.0,0,
131314,1849.7,67.8,129.8,67.2,0.0,0.0,0.0,0,
131514,1860.8,13.5,129.8,67.4,0.0,0.0,0.0,0,
131614,1862.0,12.7,129.8,69.1,0.0,0.0,0.0,0,
131714,1860.3,13.6,129.8,69.7,0.0,0.0,0.0,0,
131814,1861.5,13.2,129.8,144.1,0.0,0.0,0.0,0,
131914,1861.6,13.7,129.8,177.7,0.0,0.0,0.0,0,
132014,1861.1,13.9,129.8,186.7,0.0,0.0,0.0,0,
132114,1861.5,12.9,129.8,173.7,0.0,0.0,0.0,0,
132214,1861.8,13.1,129.8,148.7,0.0,0.0,0.0,0,
132314,1877.3,83.1,130.2,93.8,0.0,0.0,0.0,0,
132514,1855.9,184.3,128.5,42.1,0.0,0.0,0.0,0,
132614,1872.2,150.9,129.8,65.9,0.0,0.0,0.0,0,
132714,1873.7,147.5,127.4,66.8,0.0,0.0,0.0,0,
132814,1845.3,144.7,127.1,66.9,0.0,0.0,0.0,0,
132914,1866.3,96.1,124.3,67.2,0.0,0.0,0.0,0,
133014,1859.0,16.5,124.3,67.0,0.0,0.0,0.0,0,
133114,1861.5,14.0,124.3,66.7,0.0,0.0,0.0,0,
133214,1861.5,13.4,124.3,66.8,0.0,0.0,0.0,0,
133314,1861.1,12.8,124.3,67.2,0.0,0.0,0.0,0,
133514,1862.4,14.4,124.3,184.4,0.0,0.0,0.0,0,
133614,1861.0,13.9,124.3,183.0,0.0,0.0,0.0,0,
133714,1861.8,12.9,124.3,156.6,0.0,0.0,0.0,0,
133814,1861.7,13.2,124.3,137.4,0.0,0.0,0.0,0,
133914,1861.5,90.9,124.3,140.8,0.0,0.0,0.0,0,
134014,1862.5,142.8,125.2,65.7,0.0,0.0,0.0,0,
134114,1886.8,145.3,126.4,66.1,0.0,0.0,0.0,0,
134214,1835.3,144.1,128.3,66.3,0.0,0.0,0.0,0,
134314,1866.3,162.9,129.3,66.6,0.0,0.0,0.0,0,
134514,1869.0,149.9,132.9,67.2,0.0,0.0,0.0,0,
134614,1856.5,19.3,132.9,67.3,0.0,0.0,0.0,0,
134714,1862.0,12.9,132.9,66.8,0.0,0.0,0.0,0,
134814,1861.8,13.3,132.9,66.1,0.0,0.0,0.0,0,
134914,1861.0,12.8,132.9,65.5,0.0,0.0,0.0,0,
135014,1860.6,14.2,132.9,66.8,0.0,0.0,0.0,0,
135114,1861.0,12.2,132.9,124.3,0.0,0.0,0.0,0,
135214,1860.3,12.7,132.9,99.6,0.0,0.0,0.0,0,
135314,1861.4,12.4,132.9,100.1,0.0,0.0,0.0,0,
135514,1861.9,16.3,132.9,148.9,0.0,0.0,0.0,0,
135614,1868.9,111.3,132.8,40.8,0.0,0.0,0.0,0,
135714,1850.1,158.3,131.2,39.9,0.0,0.0,0.0,0,
135814,1868.9,197.9,130.8,65.9,0.0,0.0,0.0,0,
135914,1854.9,150.0,129.8,66.6,0.0,0.0,0.0,0,
136014,1884.7,147.2,128.7,66.8,0.0,0.0,0.0,0,
136114,1838.5,146.0,126.4,67.2,0.0,0.0,0.0,0,
136214,1858.2,25.5,125.5,67.0,0.0,0.0,0.0,0,
136314,1860.4,12.5,125.5,67.0,0.0,0.0,0.0,0,
136514,1860.7,13.8,125.5,68.3,0.0,0.0,0.0,0,
136614,1861.3,12.5,125.5,70.5,0.0,0.0,0.0,0,
136714,1860.2,13.2,125.5,149.1,0.0,0.0,0.0,0,
136814,1860.9,13.1,125.5,186.2,0.0,0.0,0.0,0,
136914,1860.3,12.5,125.5,203.5,0.0,0.0,0.0,0,
137014,1861.0,11.8,125.5,173.7,0.0,0.0,0.0,0,
137114,1861.3,17.0,125.5,134.0,0.0,0.0,0.0,0,
137214,1863.1,168.1,126.6,48.3,0.0,0.0,0.0,0,
137314,1867.1,153.4,128.0,46.1,0.0,0.0,0.0,0,
137514,1846.7,132.1,130.5,66.4,0.0,0.0,0.0,0,
137614,1850.6,165.0,130.4,67.0,0.0,0.0,0.0,0,
137714,1868.3,162.6,131.5,67.0,0.0,0.0,0.0,0,
137814,1865.1,29.6,130.2,67.4,0.0,0.0,0.0,0,
137914,1860.0,12.7,130.2,66.7,0.0,0.0,0.0,0,
138014,1861.2,13.3,130.2,66.0,0.0,0.0,0.0,0,
138114,1861.8,13.1,130.2,65.5,0.0,0.0,0.0,0,
138214,1860.8,12.0,130.2,65.6,0.0,0.0,0.0,0,
138314,1861.1,12.4,130.2,146.3,0.0,0.0,0.0,0,
138514,1860.8,12.5,130.2,148.3,0.0,0.0,0.0,0,
138614,1862.0,12.9,130.2,141.6,0.0,0.0,0.0,0,
138714,1861.3,12.5,130.1,137.0,0.0,0.0,0.0,0,
138814,1873.4,113.2,130.4,68.0,0.0,0.0,0.0,0,
138914,1855.2,128.1,130.4,65.5,0.0,0.0,0.0,0,
139014,1858.0,167.3,128.0,66.1,0.0,0.0,0.0,0,
139114,1858.0,190.9,128.3,66.3,0.0,0.0,0.0,0,
139214,1870.6,150.3,128.3,66.7,0.0,0.0,0.0,0,
139314,1865.5,148.0,128.2,67.1,0.0,0.0,0.0,0,
139514,1862.6,16.7,129.5,67.2,0.0,0.0,0.0,0,
139614,1861.5,13.2,129.5,66.9,0.0,0.0,0.0,0,
139714,1860.8,12.6,129.5,66.8,0.0,0.0,0.0,0,
139814,1861.6,12.9,129.5,67.0,0.0,0.0,0.0,0,
139914,1861.4,13.2,129.5,145.6,0.0,0.0,0.0,0,
140014,1861.6,12.9,129.5,153.0,0.0,0.0,0.0,0,
140114,1861.3,12.9,129.5,139.5,0.0,0.0,0.0,0,
140214,1862.1,13.4,129.5,136.5,0.0,0.0,0.0,0,
140314,1861.6,11.8,129.5,154.0,0.0,0.0,0.0,0,
140514,1852.9,170.5,128.3,41.2,0.0,0.0,0.0,0,
140614,1869.3,144.4,128.1,53.1,0.0,0.0,0.0,0,
140714,1875.4,139.9,126.6,66.4,0.0,0.0,0.0,0,
140814,1838.4,134.0,127.1,66.8,0.0,0.0,0.0,0,
140914,1867.3,167.6,124.4,67.2,0.0,0.0,0.0,0,
141014,1851.2,76.6,123.6,81.0,0.0,0.0,0.0,0,
141114,1862.3,15.9,123.6,67.1,0.0,0.0,0.0,0,
141214,1860.8,12.5,123.6,67.1,0.0,0.0,0.0,0,
141314,1860.7,13.4,123.6,67.6,0.0,0.0,0.0,0,
141514,1860.4,12.1,123.6,136.6,0.0,0.0,0.0,0,
141614,1861.3,13.1,123.6,185.7,0.0,0.0,0.0,0,
141714,1862.3,13.5,123.5,197.1,0.0,0.0,0.0,0,
141814,1861.1,13.1,123.5,183.1,0.0,0.0,0.0,0,
141914,1862.2,13.8,123.6,183.7,0.0,0.0,0.0,0,
142014,1865.0,89.2,123.8,153.5,0.0,0.0,0.0,0,
142114,1881.2,124.9,124.1,41.9,0.0,0.0,0.0,0,
142214,1839.0,135.3,125.3,41.4,0.0,0.0,0.0,0,
142314,1864.8,160.0,123.8,65.8,0.0,0.0,0.0,0,
142514,1864.9,153.8,125.7,67.1,0.0,0.0,0.0,0,
142614,1875.1,142.1,126.2,67.2,0.0,0.0,0.0,0,
142714,1845.0,19.5,126.4,67.0,0.0,0.0,0.0,0,
142814,1860.7,14.4,126.4,66.6,0.0,0.0,0.0,0,
142914,1861.3,13.2,126.4,66.8,0.0,0.0,0.0,0,
143014,1860.7,11.7,126.4,67.7,0.0,0.0,0.0,0,
143114,1861.5,13.2,126.4,74.5,0.0,0.0,0.0,0,
143214,1861.2,13.1,126.4,133.5,0.0,0.0,0.0,0,
143314,1861.6,12.2,126.4,136.4,0.0,0.0,0.0,0,
143514,1861.2,13.1,126.4,133.3,0.0,0.0,0.0,0,
143614,1860.3,29.2,126.4,142.7,0.0,0.0,0.0,0,
143714,1858.2,156.0,127.0,66.5,0.0,0.0,0.0,0,
143814,1866.8,195.1,129.5,66.2,0.0,0.0,0.0,0,
143914,1855.5,167.5,131.5,66.2,0.0,0.0,0.0,0,
144014,1884.6,161.1,133.7,66.6,0.0,0.0,0.0,0,
144114,1835.8,167.8,133.8,69.0,0.0,0.0,0.0,0,
144214,1864.7,196.5,134.5,67.2,0.0,0.0,0.0,0,
144314,1858.7,27.0,135.2,67.3,0.0,0.0,0.0,0,
144514,1860.8,13.4,135.2,66.8,0.0,0.0,0.0,0,
144614,1860.2,13.3,135.2,67.1,0.0,0.0,0.0,0,
144714,1862.1,13.4,135.2,69.2,0.0,0.0,0.0,0,
144814,1860.3,13.5,135.2,115.7,0.0,0.0,0.0,0,
144914,1861.9,14.5,135.2,178.2,0.0,0.0,0.0,0,
145014,1861.5,13.9,135.2,150.0,0.0,0.0,0.0,0,
145114,1861.0,11.5,135.2,144.5,0.0,0.0,0.0,0,
145214,1861.1,15.5,135.2,116.0,0.0,0.0,0.0,0,
145314,1860.0,147.9,135.7,42.6,0.0,0.0,0.0,0,
145514,1845.1,148.6,136.7,65.9,0.0,0.0,0.0,0,
145614,1848.9,194.5,136.6,66.4,0.0,0.0,0.0,0,
145714,1868.7,191.7,138.6,66.8,0.0,0.0,0.0,0,
145814,1856.9,162.7,138.6,67.2,0.0,0.0,0.0,0,
145914,1857.9,33.0,137.2,67.0,0.0,0.0,0.0,0,
146014,1860.4,14.4,137.2,67.0,0.0,0.0,0.0,0,
146114,1861.4,13.7,137.2,67.1,0.0,0.0,0.0,0,
146214,1860.5,13.0,137.2,67.3,0.0,0.0,0.0,0,
146314,1861.2,12.5,137.2,68.5,0.0,0.0,0.0,0,
146514,1861.4,13.4,137.2,163.5,0.0,0.0,0.0,0,
146614,1861.1,12.5,137.2,178.1,0.0,0.0,0.0,0,
146714,1862.3,14.0,137.2,164.1,0.0,0.0,0.0,0,
146814,1861.9,15.3,137.2,156.1,0.0,0.0,0.0,0,
146914,1871.8,110.3,138.2,65.7,0.0,0.0,0.0,0,
147014,1856.7,154.9,134.2,54.0,0.0,0.0,0.0,0,
147114,1859.7,197.4,133.1,65.7,0.0,0.0,0.0,0,
147214,1868.3,147.5,131.8,66.5,0.0,0.0,0.0,0,
147314,1872.0,157.2,130.1,67.0,0.0,0.0,0.0,0,
147514,1858.4,46.6,127.7,67.3,0.0,0.0,0.0,0,
147614,1861.0,14.0,127.7,66.8,0.0,0.0,0.0,0,
147714,1861.7,13.0,127.7,66.8,0.0,0.0,0.0,0,
147814,1861.3,11.7,127.6,67.3,0.0,0.0,0.0,0,
147914,1861.4,13.6,127.6,68.9,0.0,0.0,0.0,0,
148014,1861.5,12.6,127.6,117.2,0.0,0.0,0.0,0,
148114,1861.9,14.1,127.7,138.0,0.0,0.0,0.0,0,
148214,1860.9,12.9,127.7,146.2,0.0,0.0,0.0,0,
148314,1861.4,12.4,127.7,166.3,0.0,0.0,0.0,0,
148514,1859.4,138.5,127.7,73.5,0.0,0.0,0.0,0,
148614,1870.9,143.8,128.8,66.2,0.0,0.0,0.0,0,
148714,1874.0,147.8,128.8,65.9,0.0,0.0,0.0,0,
148814,1844.4,134.0,128.6,66.1,0.0,0.0,0.0,0,
148914,1865.1,182.4,126.6,67.0,0.0,0.0,0.0,0,
149014,1852.8,183.3,126.8,67.3,0.0,0.0,0.0,0,
149114,1866.8,64.7,127.4,67.3,0.0,0.0,0.0,0,
149214,1862.8,16.3,127.4,67.1,0.0,0.0,0.0,0,
149314,1861.7,13.5,127.4,66.6,0.0,0.0,0.0,0,
149514,1861.7,13.1,127.4,66.8,0.0,0.0,0.0,0,
149614,1861.2,13.2,127.4,149.9,0.0,0.0,0.0,0,
149714,1861.8,13.4,127.4,149.1,0.0,0.0,0.0,0,
149814,1861.8,13.7,127.4,133.5,0.0,0.0,0.0,0,
149914,1860.5,11.9,127.4,132.8,0.0,0.0,0.0,0,
150014,1861.1,15.1,127.4,136.7,0.0,0.0,0.0,0,
150114,1875.9,80.7,127.6,84.8,0.0,0.0,0.0,0,
150214,1847.2,122.0,127.7,41.3,0.0,0.0,0.0,0,
150314,1864.1,159.1,126.2,45.8,0.0,0.0,0.0,0,
150514,1867.6,147.2,128.4,66.7,0.0,0.0,0.0,0,
150614,1870.8,135.7,126.8,68.4,0.0,0.0,0.0,0,
150714,1843.9,98.1,127.2,82.1,0.0,0.0,0.0,0,
150814,1862.1,17.3,127.0,67.9,0.0,0.0,0.0,0,
150914,1861.3,14.0,126.9,67.1,0.0,0.0,0.0,0,
151014,1861.6,13.2,126.9,66.8,0.0,0.0,0.0,0,
151114,1860.8,12.0,126.9,66.6,0.0,0.0,0.0,0,
151214,1860.8,13.5,126.9,84.7,0.0,0.0,0.0,0,
151314,1861.5,12.8,126.9,139.0,0.0,0.0,0.0,0,
151514,1861.5,13.2,126.9,145.2,0.0,0.0,0.0,0,
151614,1862.1,12.2,126.9,168.3,0.0,0.0,0.0,0,
151714,1861.7,64.6,126.9,174.6,0.0,0.0,0.0,0,
151814,1864.2,165.0,127.4,42.0,0.0,0.0,0.0,0,
151914,1861.0,157.0,129.5,45.2,0.0,0.0,0.0,0,
152014,1884.3,148.8,129.5,66.1,0.0,0.0,0.0,0,
152114,1830.8,147.3,129.7,66.7,0.0,0.0,0.0,0,
152214,1869.1,176.7,129.3,66.9,0.0,0.0,0.0,0,
152314,1858.9,180.0,129.4,93.2,0.0,0.0,0.0,0,
152514,1861.0,13.7,130.3,67.3,0.0,0.0,0.0,0,
152614,1862.4,13.7,130.3,71.1,0.0,0.0,0.0,0,
152714,1861.0,15.0,130.3,72.6,0.0,0.0,0.0,0,
152814,1860.4,12.9,130.4,79.4,0.0,0.0,0.0,0,
152914,1861.1,13.4,130.4,132.3,0.0,0.0,0.0,0,
153014,1860.6,13.4,130.3,143.7,0.0,0.0,0.0,0,
153114,1862.3,13.5,130.4,167.4,0.0,0.0,0.0,0,
153214,1860.6,12.8,130.4,146.7,0.0,0.0,0.0,0,
153314,1860.9,16.3,130.4,140.4,0.0,0.0,0.0,0,
153514,1847.1,143.7,131.5,38.2,0.0,0.0,0.0,0,
153614,1854.5,169.8,129.9,38.9,0.0,0.0,0.0,0,
153714,1869.3,187.9,129.7,66.5,0.0,0.0,0.0,0,
153814,1855.9,150.7,130.0,67.2,0.0,0.0,0.0,0,
153914,1879.6,150.5,130.2,67.2,0.0,0.0,0.0,0,
154014,1847.9,32.4,129.2,67.3,0.0,0.0,0.0,0,
154114,1859.5,13.8,129.1,66.8,0.0,0.0,0.0,0,
154214,1862.2,14.6,129.2,66.6,0.0,0.0,0.0,0,
154314,1861.4,13.0,129.2,66.9,0.0,0.0,0.0,0,
154514,1862.1,14.2,129.2,150.2,0.0,0.0,0.0,0,
154614,1861.8,14.4,129.1,148.5,0.0,0.0,0.0,0,
154714,1860.9,13.8,129.2,150.4,0.0,0.0,0.0,0,
154814,1861.7,14.4,129.1,165.3,0.0,0.0,0.0,0,
154914,1861.5,15.5,129.2,148.1,0.0,0.0,0.0,0,
155014,1855.9,137.2,128.7,66.4,0.0,0.0,0.0,0,
155114,1866.5,193.1,130.0,65.9,0.0,0.0,0.0,0,
155214,1861.8,165.0,131.8,66.2,0.0,0.0,0.0,0,
155314,1879.2,144.9,132.1,66.3,0.0,0.0,0.0,0,
155514,1854.4,189.2,132.1,67.2,0.0,0.0,0.0,0,
155614,1865.2,49.1,133.5,67.2,0.0,0.0,0.0,0,
155714,1859.8,14.9,133.5,67.1,0.0,0.0,0.0,0,
155814,1861.5,12.3,133.5,66.8,0.0,0.0,0.0,0,
155914,1860.9,12.7,133.5,66.6,0.0,0.0,0.0,0,
156014,1861.0,14.2,133.5,66.9,0.0,0.0,0.0,0,
156114,1861.5,13.1,133.5,174.8,0.0,0.0,0.0,0,
156214,1860.8,12.6,133.5,158.5,0.0,0.0,0.0,0,
156314,1861.1,15.3,133.5,147.2,0.0,0.0,0.0,0,
156514,1861.4,11.2,133.5,157.1,0.0,0.0,0.0,0,
156614,1865.2,120.1,133.6,56.9,0.0,0.0,0.0,0,
156714,1876.3,141.0,132.9,41.3,0.0,0.0,0.0,0,
156814,1851.1,142.2,133.8,65.6,0.0,0.0,0.0,0,
156914,1852.1,189.1,131.4,66.4,0.0,0.0,0.0,0,
157014,1861.7,173.4,132.7,66.7,0.0,0.0,0.0,0,
157114,1865.6,144.5,132.3,69.3,0.0,0.0,0.0,0,
157214,1853.4,73.9,131.2,70.9,0.0,0.0,0.0,0,
157314,1862.0,15.7,131.2,69.5,0.0,0.0,0.0,0,
157514,1861.4,14.7,131.2,67.7,0.0,0.0,0.0,0,
157614,1862.3,14.0,131.2,67.8,0.0,0.0,0.0,0,
157714,1860.7,13.5,131.2,146.0,0.0,0.0,0.0,0,
157814,1860.4,12.8,131.2,122.6,0.0,0.0,0.0,0,
157914,1862.1,13.2,131.2,133.9,0.0,0.0,0.0,0,
158014,1861.9,13.2,131.2,169.3,0.0,0.0,0.0,0,
158114,1861.2,13.7,131.2,171.7,0.0,0.0,0.0,0,
158214,1874.2,89.1,132.0,80.0,0.0,0.0,0.0,0,
158314,1852.3,148.8,131.0,38.6,0.0,0.0,0.0,0,
158514,1875.1,146.7,131.7,66.1,0.0,0.0,0.0,0,
158614,1865.3,154.8,129.3,67.0,0.0,0.0,0.0,0,
158714,1853.6,145.6,130.4,67.2,0.0,0.0,0.0,0,
158814,1862.0,105.7,127.9,68.1,0.0,0.0,0.0,0,
158914,1857.5,19.0,127.7,67.0,0.0,0.0,0.0,0,
159014,1860.8,14.1,127.7,67.1,0.0,0.0,0.0,0,
159114,1861.3,13.6,127.7,69.3,0.0,0.0,0.0,0,
159214,1860.8,13.3,127.7,71.4,0.0,0.0,0.0,0,
159314,1861.7,15.2,127.7,107.0,0.0,0.0,0.0,0,
159514,1861.1,13.9,127.7,148.9,0.0,0.0,0.0,0,
159614,1862.0,14.7,127.7,115.8,0.0,0.0,0.0,0,
159714,1861.4,12.5,127.7,158.6,0.0,0.0,0.0,0,
159814,1861.0,101.0,127.7,176.8,0.0,0.0,0.0,0,
159914,1864.9,133.6,128.4,66.8,0.0,0.0,0.0,0,
160014,1882.7,139.5,125.9,66.3,0.0,0.0,0.0,0,
160114,1836.5,148.3,128.0,66.4,0.0,0.0,0.0,0,
160214,1870.4,172.4,127.4,67.0,0.0,0.0,0.0,0,
160314,1850.5,194.5,129.0,67.3,0.0,0.0,0.0,0,
160514,1854.1,21.0,129.8,67.2,0.0,0.0,0.0,0,
160614,1861.7,11.8,129.8,66.8,0.0,0.0,0.0,0,
160714,1861.7,14.0,129.8,66.6,0.0,0.0,0.0,0,
160814,1861.5,14.1,129.8,66.7,0.0,0.0,0.0,0,
160914,1861.8,14.2,129.8,68.4,0.0,0.0,0.0,0,
161014,1861.9,14.8,129.8,152.1,0.0,0.0,0.0,0,
161114,1861.3,14.5,129.8,155.1,0.0,0.0,0.0,0,
161214,1862.0,13.2,129.8,150.5,0.0,0.0,0.0,0,
161314,1861.2,14.9,129.8,206.2,0.0,0.0,0.0,0,
161514,1861.2,128.0,131.6,50.8,0.0,0.0,0.0,0,
161614,1861.0,168.5,132.8,65.6,0.0,0.0,0.0,0,
161714,1864.0,205.0,131.9,66.2,0.0,0.0,0.0,0,
161814,1863.6,156.5,135.5,66.5,0.0,0.0,0.0,0,
161914,1875.9,148.6,133.8,67.2,0.0,0.0,0.0,0,
162014,1838.7,155.4,134.5,67.2,0.0,0.0,0.0,0,
162114,1864.2,26.0,134.3,67.2,0.0,0.0,0.0,0,
162214,1860.1,14.5,134.3,67.4,0.0,0.0,0.0,0,
162314,1861.2,15.3,134.3,67.3,0.0,0.0,0.0,0,
162514,1860.7,15.9,134.3,70.4,0.0,0.0,0.0,0,
162614,1861.8,14.8,134.4,108.7,0.0,0.0,0.0,0,
162714,1861.2,13.2,134.3,136.2,0.0,0.0,0.0,0,
162814,1861.7,13.7,134.3,152.6,0.0,0.0,0.0,0,
162914,1860.4,10.8,134.3,172.1,0.0,0.0,0.0,0,
163014,1861.9,18.8,134.4,105.4,0.0,0.0,0.0,0,
163114,1864.7,166.1,134.4,53.6,0.0,0.0,0.0,0,
163214,1858.7,157.5,135.3,42.0,0.0,0.0,0.0,0,
163314,1887.3,148.0,134.3,65.7,0.0,0.0,0.0,0,
163514,1865.1,180.6,132.2,67.0,0.0,0.0,0.0,0,
163614,1863.4,182.1,131.2,67.1,0.0,0.0,0.0,0,
163714,1853.0,40.6,133.0,67.3,0.0,0.0,0.0,0,
163814,1861.2,17.4,133.0,67.2,0.0,0.0,0.0,0,
163914,1862.3,13.3,133.0,70.6,0.0,0.0,0.0,0,
164014,1861.0,12.4,133.0,73.2,0.0,0.0,0.0,0,
164114,1861.5,13.6,133.0,76.4,0.0,0.0,0.0,0,
164214,1861.9,13.2,133.0,116.7,0.0,0.0,0.0,0,
164314,1862.3,13.3,133.0,175.6,0.0,0.0,0.0,0,
164514,1862.2,11.9,133.0,177.6,0.0,0.0,0.0,0,
164614,1861.9,13.1,133.0,157.6,0.0,0.0,0.0,0,
164714,1879.2,112.1,133.0,66.2,0.0,0.0,0.0,0,
164814,1854.2,122.7,131.8,65.6,0.0,0.0,0.0,0,
164914,1850.5,175.0,130.6,65.8,0.0,0.0,0.0,0,
165014,1867.3,176.1,130.6,66.5,0.0,0.0,0.0,0,
165114,1860.6,152.9,130.8,70.1,0.0,0.0,0.0,0,
165214,1868.9,147.2,130.6,67.4,0.0,0.0,0.0,0,
165314,1854.1,52.8,127.7,99.1,0.0,0.0,0.0,0,
165514,1861.6,13.0,127.7,67.0,0.0,0.0,0.0,0,
165614,1861.7,14.4,127.7,67.1,0.0,0.0,0.0,0,
165714,1861.0,12.9,127.7,68.5,0.0,0.0,0.0,0,
165814,1861.3,13.9,127.7,207.4,0.0,0.0,0.0,0,
165914,1861.4,14.2,127.7,234.2,0.0,0.0,0.0,0,
166014,1861.7,13.4,127.7,232.2,0.0,0.0,0.0,0,
166114,1861.0,13.1,127.7,219.8,0.0,0.0,0.0,0,
166214,1861.7,15.3,127.7,171.5,0.0,0.0,0.0,0,
166314,1865.0,106.2,127.2,66.7,0.0,0.0,0.0,0,
166514,1876.2,145.1,128.3,66.1,0.0,0.0,0.0,0,
166614,1863.9,138.9,126.4,66.5,0.0,0.0,0.0,0,
166714,1855.0,144.0,127.1,66.9,0.0,0.0,0.0,0,
166814,1856.6,182.2,124.6,68.5,0.0,0.0,0.0,0,
166914,1859.1,84.1,125.9,67.3,0.0,0.0,0.0,0,
167014,1862.0,17.4,125.9,69.1,0.0,0.0,0.0,0,
167114,1861.1,13.6,125.9,67.3,0.0,0.0,0.0,0,
167214,1862.0,12.6,125.9,67.0,0.0,0.0,0.0,0,
167314,1860.5,13.1,125.9,67.2,0.0,0.0,0.0,0,
167514,1861.1,12.5,125.9,143.9,0.0,0.0,0.0,0,
167614,1861.1,13.6,125.9,142.5,0.0,0.0,0.0,0,
167714,1861.7,15.1,125.9,142.9,0.0,0.0,0.0,0,
167814,1862.1,12.3,125.9,130.6,0.0,0.0,0.0,0,
167914,1864.7,84.2,126.1,143.2,0.0,0.0,0.0,0,
168014,1876.8,123.5,126.4,47.4,0.0,0.0,0.0,0,
168114,1843.6,141.7,129.4,65.5,0.0,0.0,0.0,0,
168214,1865.0,168.6,128.5,66.4,0.0,0.0,0.0,0,
168314,1850.3,184.4,131.3,66.8,0.0,0.0,0.0,0,
168514,1856.8,138.7,131.3,99.0,0.0,0.0,0.0,0,
168614,1849.1,20.0,130.7,67.3,0.0,0.0,0.0,0,
168714,1861.5,13.4,130.7,67.4,0.0,0.0,0.0,0,
168814,1861.2,14.7,130.7,69.5,0.0,0.0,0.0,0,
168914,1861.0,12.9,130.7,69.7,0.0,0.0,0.0,0,
169014,1861.4,13.2,130.7,77.9,0.0,0.0,0.0,0,
169114,1861.6,13.6,130.7,147.4,0.0,0.0,0.0,0,
169214,1861.1,14.3,130.7,156.7,0.0,0.0,0.0,0,
169314,1861.7,13.2,130.7,153.7,0.0,0.0,0.0,0,
169514,1861.0,29.1,130.7,148.2,0.0,0.0,0.0,0,
169614,1866.8,142.8,131.5,44.9,0.0,0.0,0.0,0,
169714,1862.4,204.6,130.1,44.6,0.0,0.0,0.0,0,
169814,1862.4,149.4,131.9,65.7,0.0,0.0,0.0,0,
169914,1876.9,148.7,128.3,66.8,0.0,0.0,0.0,0,
170014,1838.1,154.4,129.8,91.9,0.0,0.0,0.0,0,
170114,1872.9,178.8,129.5,76.5,0.0,0.0,0.0,0,
170214,1857.8,24.2,129.1,67.4,0.0,0.0,0.0,0,
170314,1861.3,13.4,129.1,66.9,0.0,0.0,0.0,0,
170514,1860.7,13.1,129.1,66.9,0.0,0.0,0.0,0,
170614,1860.8,13.8,129.1,68.4,0.0,0.0,0.0,0,
170714,1861.8,14.4,129.1,146.8,0.0,0.0,0.0,0,
170814,1861.5,13.4,129.1,130.8,0.0,0.0,0.0,0,
170914,1861.8,13.7,129.1,151.9,0.0,0.0,0.0,0,
171014,1861.8,15.6,129.1,154.4,0.0,0.0,0.0,0,
171114,1860.6,12.6,129.1,122.7,0.0,0.0,0.0,0,
171214,1857.9,142.0,129.9,55.3,0.0,0.0,0.0,0,
171314,1889.1,156.3,130.5,65.8,0.0,0.0,0.0,0,
171514,1855.9,189.2,133.1,66.6,0.0,0.0,0.0,0,
171614,1866.5,176.4,132.6,67.1,0.0,0.0,0.0,0,
171714,1859.2,156.7,135.9,71.6,0.0,0.0,0.0,0,
171814,1859.2,36.2,136.0,67.4,0.0,0.0,0.0,0,
171914,1860.0,15.9,136.0,68.1,0.0,0.0,0.0,0,
172014,1861.3,12.5,136.0,67.4,0.0,0.0,0.0,0,
172114,1861.7,14.9,136.0,67.3,0.0,0.0,0.0,0,
172214,1861.3,12.8,136.0,67.5,0.0,0.0,0.0,0,
172314,1861.5,12.6,136.0,102.5,0.0,0.0,0.0,0,
172514,1861.2,13.3,136.0,106.2,0.0,0.0,0.0,0,
172614,1861.4,12.3,136.0,112.0,0.0,0.0,0.0,0,
172714,1861.3,18.7,136.0,103.7,0.0,0.0,0.0,0,
172814,1870.4,109.0,137.4,47.6,0.0,0.0,0.0,0,
172914,1855.6,173.7,134.9,40.5,0.0,0.0,0.0,0,
173014,1861.0,197.8,135.8,54.2,0.0,0.0,0.0,0,
173114,1869.4,151.7,134.6,66.6,0.0,0.0,0.0,0,
173214,1866.2,156.4,134.6,66.9,0.0,0.0,0.0,0,
173314,1856.3,151.2,132.3,67.0,0.0,0.0,0.0,0,
173514,1860.5,13.8,131.7,67.0,0.0,0.0,0.0,0,
173614,1860.7,13.1,131.7,67.4,0.0,0.0,0.0,0,
173714,1860.8,14.1,131.7,69.8,0.0,0.0,0.0,0,
173814,1861.0,12.8,131.7,70.8,0.0,0.0,0.0,0,
173914,1861.3,14.0,131.7,130.8,0.0,0.0,0.0,0,
174014,1860.7,14.7,131.7,169.0,0.0,0.0,0.0,0,
174114,1861.2,12.6,131.7,140.2,0.0,0.0,0.0,0,
174214,1861.8,13.5,131.7,138.0,0.0,0.0,0.0,0,
174314,1861.2,13.8,131.7,173.3,0.0,0.0,0.0,0,
174514,1874.1,135.8,132.8,66.2,0.0,0.0,0.0,0,
174614,1870.9,141.5,129.4,66.1,0.0,0.0,0.0,0,
174714,1842.7,151.9,129.6,66.3,0.0,0.0,0.0,0,
174814,1870.0,178.8,127.0,67.4,0.0,0.0,0.0,0,
174914,1847.6,177.5,127.7,69.0,0.0,0.0,0.0,0,
175014,1871.0,65.8,127.7,68.5,0.0,0.0,0.0,0,
175114,1862.0,16.6,127.7,67.3,0.0,0.0,0.0,0,
175214,1860.8,14.2,127.7,66.7,0.0,0.0,0.0,0,
175314,1860.7,13.0,127.7,66.4,0.0,0.0,0.0,0,
175514,1861.7,12.3,127.7,150.5,0.0,0.0,0.0,0,
175614,1861.4,12.2,127.7,155.1,0.0,0.0,0.0,0,
175714,1861.6,14.5,127.7,136.0,0.0,0.0,0.0,0,
175814,1861.3,13.3,127.7,125.5,0.0,0.0,0.0,0,
175914,1862.0,13.7,127.7,141.6,0.0,0.0,0.0,0,
176014,1881.0,79.5,127.9,90.7,0.0,0.0,0.0,0,
176114,1839.3,147.9,129.0,41.6,0.0,0.0,0.0,0,
176214,1864.4,179.6,131.3,56.7,0.0,0.0,0.0,0,
176314,1863.3,198.1,130.9,66.4,0.0,0.0,0.0,0,
176514,1872.7,153.2,135.0,67.1,0.0,0.0,0.0,0,
176614,1840.7,119.3,136.3,67.2,0.0,0.0,0.0,0,
176714,1859.5,20.4,136.4,66.9,0.0,0.0,0.0,0,
176814,1861.8,13.7,136.4,67.2,0.0,0.0,0.0,0,
176914,1861.0,13.0,136.4,68.0,0.0,0.0,0.0,0,
177014,1861.4,16.0,136.4,68.2,0.0,0.0,0.0,0,
177114,1862.1,13.9,136.4,86.1,0.0,0.0,0.0,0,
177214,1861.0,14.0,136.4,130.3,0.0,0.0,0.0,0,
177314,1861.5,13.9,136.4,107.0,0.0,0.0,0.0,0,
177514,1861.1,13.8,136.4,124.1,0.0,0.0,0.0,0,
177614,1861.7,64.8,136.4,135.4,0.0,0.0,0.0,0,
177714,1867.2,163.6,136.3,39.9,0.0,0.0,0.0,0,
177814,1862.8,151.2,134.8,39.8,0.0,0.0,0.0,0,
177914,1875.6,150.2,133.5,65.5,0.0,0.0,0.0,0,
178014,1846.2,161.2,129.8,66.9,0.0,0.0,0.0,0,
178114,1859.2,180.7,127.9,67.1,0.0,0.0,0.0,0,
178214,1864.7,154.6,126.4,67.2,0.0,0.0,0.0,0,
178314,1863.6,20.1,125.8,67.2,0.0,0.0,0.0,0,
178514,1862.2,14.0,125.8,66.5,0.0,0.0,0.0,0,
178614,1861.8,12.9,125.8,66.8,0.0,0.0,0.0,0,
178714,1861.4,13.2,125.8,75.0,0.0,0.0,0.0,0,
178814,1860.9,13.8,125.8,166.4,0.0,0.0,0.0,0,
178914,1861.7,13.1,125.8,144.7,0.0,0.0,0.0,0,
179014,1861.6,13.8,125.8,166.5,0.0,0.0,0.0,0,
179114,1861.0,13.7,125.8,194.8,0.0,0.0,0.0,0,
179214,1861.7,12.7,125.8,144.5,0.0,0.0,0.0,0,
179314,1874.4,117.5,125.5,55.7,0.0,0.0,0.0,0,
179514,1860.1,171.4,124.6,66.1,0.0,0.0,0.0,0,
179614,1857.2,168.3,126.2,66.4,0.0,0.0,0.0,0,
179714,1878.3,124.6,125.4,67.0,0.0,0.0,0.0,0,
179814,1854.4,125.5,126.1,67.3,0.0,0.0,0.0,0,
179914,1853.9,26.0,126.1,67.9,0.0,0.0,0.0,0,
180014,1861.2,14.7,126.1,67.6,0.0,0.0,0.0,0,
180114,1861.5,11.9,126.1,66.9,0.0,0.0,0.0,0,
180214,1861.2,13.4,126.1,66.4,0.0,0.0,0.0,0,
180314,1861.1,13.6,126.1,67.6,0.0,0.0,0.0,0,
180514,1860.8,13.2,126.1,156.0,0.0,0.0,0.0,0,
180614,1861.7,14.3,126.1,166.3,0.0,0.0,0.0,0,
180714,1861.4,13.3,126.1,137.6,0.0,0.0,0.0,0,
180814,1861.9,13.5,126.1,132.8,0.0,0.0,0.0,0,
180914,1867.3,135.3,126.4,44.2,0.0,0.0,0.0,0,
181014,1857.8,192.4,125.7,39.6,0.0,0.0,0.0,0,
181114,1869.6,140.1,127.4,55.1,0.0,0.0,0.0,0,
181214,1871.0,146.4,125.8,66.6,0.0,0.0,0.0,0,
181314,1840.4,157.2,126.9,67.1,0.0,0.0,0.0,0,
181514,1856.5,42.3,125.8,67.3,0.0,0.0,0.0,0,
181614,1860.7,13.4,125.8,66.8,0.0,0.0,0.0,0,
181714,1860.9,13.7,125.8,66.7,0.0,0.0,0.0,0,
181814,1860.5,13.6,125.8,67.2,0.0,0.0,0.0,0,
181914,1861.5,12.5,125.8,69.1,0.0,0.0,0.0,0,
182014,1861.0,13.2,125.8,198.8,0.0,0.0,0.0,0,
182114,1860.9,13.9,125.8,198.8,0.0,0.0,0.0,0,
182214,1861.3,14.3,125.8,141.5,0.0,0.0,0.0,0,
182314,1861.1,14.7,125.8,124.8,0.0,0.0,0.0,0,
182514,1862.2,119.9,126.4,70.8,0.0,0.0,0.0,0,
182614,1878.8,131.5,127.3,66.3,0.0,0.0,0.0,0,
182714,1842.3,164.6,128.0,66.5,0.0,0.0,0.0,0,
182814,1856.7,198.3,129.5,66.4,0.0,0.0,0.0,0,
182914,1864.4,164.1,131.1,66.8,0.0,0.0,0.0,0,
183014,1865.0,157.6,132.6,67.2,0.0,0.0,0.0,0,
183114,1855.5,67.4,133.4,67.1,0.0,0.0,0.0,0,
183214,1860.6,16.6,133.4,67.3,0.0,0.0,0.0,0,
183314,1860.9,14.0,133.4,67.1,0.0,0.0,0.0,0,
183514,1860.2,13.7,133.4,67.9,0.0,0.0,0.0,0,
183614,1860.3,14.6,133.4,177.9,0.0,0.0,0.0,0,
183714,1860.8,13.2,133.5,168.0,0.0,0.0,0.0,0,
183814,1861.2,13.4,133.5,170.5,0.0,0.0,0.0,0,
183914,1861.0,14.2,133.4,148.7,0.0,0.0,0.0,0,
184014,1861.7,13.5,133.4,174.5,0.0,0.0,0.0,0,
184114,1869.6,103.5,134.3,73.9,0.0,0.0,0.0,0,
184214,1858.6,157.6,132.6,43.7,0.0,0.0,0.0,0,
184314,1851.8,179.6,132.6,43.0,0.0,0.0,0.0,0,
184514,1851.4,147.9,130.0,67.0,0.0,0.0,0.0,0,
184614,1861.0,153.4,128.8,67.1,0.0,0.0,0.0,0,
184714,1859.3,107.3,127.2,67.3,0.0,0.0,0.0,0,
184814,1856.9,18.4,127.2,67.0,0.0,0.0,0.0,0,
184914,1861.6,13.7,127.2,67.2,0.0,0.0,0.0,0,
185014,1860.7,12.8,127.2,69.1,0.0,0.0,0.0,0,
185114,1860.8,14.0,127.2,70.5,0.0,0.0,0.0,0,
185214,1861.0,12.9,127.2,105.1,0.0,0.0,0.0,0,
185314,1860.5,13.5,127.2,151.0,0.0,0.0,0.0,0,
185514,1861.7,13.3,127.2,166.7,0.0,0.0,0.0,0,
185614,1861.8,12.5,127.2,158.3,0.0,0.0,0.0,0,
185714,1861.0,104.5,127.2,142.1,0.0,0.0,0.0,0,
185814,1868.7,136.4,129.3,67.6,0.0,0.0,0.0,0,
185914,1874.9,154.7,128.1,66.6,0.0,0.0,0.0,0,
186014,1837.3,161.5,130.3,66.3,0.0,0.0,0.0,0,
186114,1872.9,194.0,129.8,66.6,0.0,0.0,0.0,0,
186214,1849.2,174.1,130.7,67.0,0.0,0.0,0.0,0,
186314,1882.8,146.9,131.7,66.9,0.0,0.0,0.0,0,
186514,1861.4,14.7,130.5,66.9,0.0,0.0,0.0,0,
186614,1861.2,13.6,130.5,66.8,0.0,0.0,0.0,0,
186714,1861.5,14.0,130.5,66.9,0.0,0.0,0.0,0,
186814,1860.4,13.1,130.5,70.5,0.0,0.0,0.0,0,
186914,1861.1,13.7,130.5,150.1,0.0,0.0,0.0,0,
187014,1861.6,12.1,130.5,186.5,0.0,0.0,0.0,0,
187114,1861.3,13.7,130.5,155.1,0.0,0.0,0.0,0,
187214,1861.5,18.3,130.5,153.1,0.0,0.0,0.0,0,
187314,1861.3,13.6,130.5,110.8,0.0,0.0,0.0,0,
187514,1854.1,182.7,128.8,56.5,0.0,0.0,0.0,0,
187614,1865.7,180.4,129.9,66.5,0.0,0.0,0.0,0,
187714,1865.5,157.3,131.3,67.0,0.0,0.0,0.0,0,
187814,1866.3,153.0,131.1,66.9,0.0,0.0,0.0,0,
187914,1848.6,174.0,130.8,67.2,0.0,0.0,0.0,0,
188014,1857.4,26.9,131.0,67.1,0.0,0.0,0.0,0,
188114,1859.8,15.1,131.0,67.3,0.0,0.0,0.0,0,
188214,1861.4,12.6,131.0,69.1,0.0,0.0,0.0,0,
188314,1860.9,13.2,131.0,69.1,0.0,0.0,0.0,0,
188514,1861.5,13.4,131.0,123.4,0.0,0.0,0.0,0,
188614,1861.3,13.0,131.0,123.7,0.0,0.0,0.0,0,
188714,1861.3,14.2,131.0,156.1,0.0,0.0,0.0,0,
188814,1861.5,14.6,131.0,195.6,0.0,0.0,0.0,0,
188914,1862.0,17.3,131.0,178.3,0.0,0.0,0.0,0,
189014,1863.2,148.5,130.9,54.2,0.0,0.0,0.0,0,
189114,1874.3,139.4,130.7,44.1,0.0,0.0,0.0,0,
189214,1860.4,148.4,130.2,65.6,0.0,0.0,0.0,0,
189314,1855.3,151.8,127.0,66.5,0.0,0.0,0.0,0,
189514,1863.9,152.1,127.4,67.1,0.0,0.0,0.0,0,
189614,1865.2,33.2,124.9,67.3,0.0,0.0,0.0,0,
189714,1860.5,15.4,124.9,66.9,0.0,0.0,0.0,0,
189814,1860.7,13.5,124.9,66.6,0.0,0.0,0.0,0,
189914,1861.2,13.4,124.9,66.9,0.0,0.0,0.0,0,
190014,1861.4,12.7,124.9,67.6,0.0,0.0,0.0,0,
190114,1861.0,14.3,124.9,150.0,0.0,0.0,0.0,0,
190214,1861.4,14.4,124.9,147.0,0.0,0.0,0.0,0,
190314,1861.5,13.3,124.9,135.5,0.0,0.0,0.0,0,
190514,1860.6,13.5,124.9,154.4,0.0,0.0,0.0,0,
190614,1877.9,111.4,125.3,67.6,0.0,0.0,0.0,0,
190714,1843.6,156.4,127.1,65.7,0.0,0.0,0.0,0,
190814,1869.5,198.7,126.8,66.5,0.0,0.0,0.0,0,
190914,1847.5,169.8,129.8,66.5,0.0,0.0,0.0,0,
191014,1885.2,155.0,130.4,66.7,0.0,0.0,0.0,0,
191114,1844.2,164.0,131.8,67.1,0.0,0.0,0.0,0,
191214,1861.2,49.6,132.0,67.1,0.0,0.0,0.0,0,
191314,1860.3,14.6,132.0,67.3,0.0,0.0,0.0,0,
191514,1861.3,12.6,132.0,67.4,0.0,0.0,0.0,0,
191614,1861.2,13.0,132.0,67.6,0.0,0.0,0.0,0,
191714,1860.9,13.3,132.0,138.1,0.0,0.0,0.0,0,
191814,1862.0,12.3,132.0,146.8,0.0,0.0,0.0,0,
191914,1860.8,13.1,132.0,197.8,0.0,0.0,0.0,0,
192014,1861.3,13.8,132.0,171.4,0.0,0.0,0.0,0,
192114,1861.6,13.4,132.0,158.1,0.0,0.0,0.0,0,
192214,1861.3,135.0,132.2,65.5,0.0,0.0,0.0,0,
192314,1865.2,176.4,132.0,39.0,0.0,0.0,0.0,0,
192514,1864.1,145.8,132.5,66.4,0.0,0.0,0.0,0,
192614,1844.0,163.2,131.7,67.3,0.0,0.0,0.0,0,
192714,1870.6,188.2,133.0,67.5,0.0,0.0,0.0,0,
192814,1853.2,83.1,132.1,72.7,0.0,0.0,0.0,0,
192914,1862.6,17.8,132.1,67.1,0.0,0.0,0.0,0,
193014,1861.0,12.6,132.1,67.2,0.0,0.0,0.0,0,
193114,1862.0,12.9,132.1,70.2,0.0,0.0,0.0,0,
193214,1861.8,13.4,132.1,71.2,0.0,0.0,0.0,0,
193314,1861.4,12.8,132.1,154.5,0.0,0.0,0.0,0,
193514,1860.8,13.6,132.1,232.3,0.0,0.0,0.0,0,
193614,1860.9,13.3,132.1,212.2,0.0,0.0,0.0,0,
193714,1861.4,18.2,132.1,149.8,0.0,0.0,0.0,0,
193814,1865.6,82.6,132.6,116.4,0.0,0.0,0.0,0,
193914,1869.2,117.3,132.1,68.7,0.0,0.0,0.0,0,
194014,1851.0,143.9,127.4,67.3,0.0,0.0,0.0,0,
194114,1853.9,190.8,127.7,66.8,0.0,0.0,0.0,0,
194214,1867.4,154.7,127.0,67.3,0.0,0.0,0.0,0,
194314,1868.0,139.8,126.7,68.6,0.0,0.0,0.0,0,
194514,1857.2,17.4,125.6,98.7,0.0,0.0,0.0,0,
194614,1861.2,12.1,125.6,67.2,0.0,0.0,0.0,0,
194714,1861.3,13.7,125.6,66.8,0.0,0.0,0.0,0,
194814,1861.5,12.9,125.6,66.9,0.0,0.0,0.0,0,
194914,1861.3,12.2,125.6,75.4,0.0,0.0,0.0,0,
195014,1861.2,13.2,125.6,134.9,0.0,0.0,0.0,0,
195114,1861.6,12.9,125.6,138.2,0.0,0.0,0.0,0,
195214,1860.5,12.2,125.6,166.6,0.0,0.0,0.0,0,
195314,1861.0,13.8,125.6,170.9,0.0,0.0,0.0,0,
195514,1863.4,167.0,124.3,46.6,0.0,0.0,0.0,0,
195614,1857.7,186.7,127.5,65.4,0.0,0.0,0.0,0,
195714,1882.2,144.6,128.2,66.3,0.0,0.0,0.0,0,
195814,1851.0,161.4,130.2,66.5,0.0,0.0,0.0,0,
195914,1860.3,154.7,129.4,66.8,0.0,0.0,0.0,0,
196014,1855.3,195.4,130.0,67.3,0.0,0.0,0.0,0,
196114,1859.5,23.6,130.6,67.1,0.0,0.0,0.0,0,
196214,1859.8,13.4,130.6,67.2,0.0,0.0,0.0,0,
196314,1861.7,12.4,130.6,67.6,0.0,0.0,0.0,0,
196514,1860.9,13.6,130.6,71.2,0.0,0.0,0.0,0,
196614,1861.4,13.1,130.6,184.5,0.0,0.0,0.0,0,
196714,1860.8,11.7,130.6,144.1,0.0,0.0,0.0,0,
196814,1861.7,13.8,130.6,141.5,0.0,0.0,0.0,0,
196914,1861.0,12.3,130.6,143.9,0.0,0.0,0.0,0,
197014,1861.0,12.2,130.6,138.3,0.0,0.0,0.0,0,
197114,1877.9,121.4,131.8,49.3,0.0,0.0,0.0,0,
197214,1861.2,143.1,130.2,46.7,0.0,0.0,0.0,0,
197314,1846.2,179.2,132.0,65.7,0.0,0.0,0.0,0,
197514,1843.2,173.9,136.0,67.0,0.0,0.0,0.0,0,
197614,1889.9,161.1,137.6,67.1,0.0,0.0,0.0,0,
197714,1844.2,33.2,136.7,77.7,0.0,0.0,0.0,0,
197814,1859.8,15.1,136.7,66.9,0.0,0.0,0.0,0,
197914,1861.9,13.3,136.7,66.7,0.0,0.0,0.0,0,
198014,1860.9,14.3,136.7,67.0,0.0,0.0,0.0,0,
198114,1861.8,13.3,136.7,69.0,0.0,0.0,0.0,0,
198214,1861.4,13.9,136.7,168.9,0.0,0.0,0.0,0,
198314,1861.2,13.5,136.7,151.0,0.0,0.0,0.0,0,
198514,1861.4,12.9,136.7,208.2,0.0,0.0,0.0,0,
198614,1862.5,14.5,136.7,209.1,0.0,0.0,0.0,0,
198714,1858.2,127.7,137.2,65.5,0.0,0.0,0.0,0,
198814,1866.0,199.2,138.4,65.9,0.0,0.0,0.0,0,
198914,1862.9,176.3,138.3,66.3,0.0,0.0,0.0,0,
199014,1873.4,166.3,139.1,66.4,0.0,0.0,0.0,0,
199114,1858.1,148.3,136.4,66.7,0.0,0.0,0.0,0,
199214,1850.0,167.8,135.5,67.0,0.0,0.0,0.0,0,
199314,1865.0,47.6,135.2,67.0,0.0,0.0,0.0,0,
199514,1861.6,15.0,135.2,67.0,0.0,0.0,0.0,0,
199614,1860.9,13.1,135.2,66.9,0.0,0.0,0.0,0,
199714,1860.2,12.3,135.2,67.4,0.0,0.0,0.0,0,
199814,1860.9,14.4,135.2,169.4,0.0,0.0,0.0,0,
199914,1861.2,13.3,135.2,194.8,0.0,0.0,0.0,0,
200014,1860.8,13.3,135.2,157.2,0.0,0.0,0.0,0,
200114,1861.2,15.3,135.2,133.8,0.0,0.0,0.0,0,
200214,1861.2,13.4,135.2,140.7,0.0,0.0,0.0,0,
200314,1863.4,141.0,135.7,56.6,0.0,0.0,0.0,0,
200514,1859.0,180.9,137.0,65.5,0.0,0.0,0.0,0,
200614,1855.0,171.0,136.0,66.4,0.0,0.0,0.0,0,
200714,1854.1,219.5,136.6,66.7,0.0,0.0,0.0,0,
200814,1867.2,161.2,137.8,67.0,0.0,0.0,0.0,0,
200914,1853.9,72.4,137.5,67.3,0.0,0.0,0.0,0,
201014,1863.2,16.8,137.5,66.9,0.0,0.0,0.0,0,
201114,1861.7,13.3,137.5,67.1,0.0,0.0,0.0,0,
201214,1861.0,13.0,137.5,69.1,0.0,0.0,0.0,0,
201314,1861.1,15.1,137.5,70.8,0.0,0.0,0.0,0,
201514,1860.7,13.4,137.5,201.9,0.0,0.0,0.0,0,
201614,1861.4,15.0,137.5,158.8,0.0,0.0,0.0,0,
201714,1861.7,13.9,137.5,153.3,0.0,0.0,0.0,0,
201814,1861.7,13.7,137.5,154.7,0.0,0.0,0.0,0,
201914,1877.6,99.2,137.8,94.7,0.0,0.0,0.0,0,
202014,1842.0,155.7,139.6,66.4,0.0,0.0,0.0,0,
202114,1867.8,211.0,139.0,66.4,0.0,0.0,0.0,0,
202214,1849.7,188.2,139.8,66.4,0.0,0.0,0.0,0,
202314,1890.5,159.6,140.5,66.7,0.0,0.0,0.0,0,
202514,1870.2,108.9,140.6,67.1,0.0,0.0,0.0,0,
202614,1858.5,17.8,140.4,68.0,0.0,0.0,0.0,0,
202714,1861.0,13.5,140.4,67.1,0.0,0.0,0.0,0,
202814,1861.5,15.0,140.4,66.8,0.0,0.0,0.0,0,
202914,1861.7,13.4,140.4,67.0,0.0,0.0,0.0,0,
203014,1861.0,13.7,140.4,80.7,0.0,0.0,0.0,0,
203114,1861.1,15.0,140.4,135.5,0.0,0.0,0.0,0,
203214,1861.7,14.1,140.4,133.7,0.0,0.0,0.0,0,
203314,1861.8,13.7,140.4,165.6,0.0,0.0,0.0,0,
203514,1862.0,82.1,140.4,144.8,0.0,0.0,0.0,0,
203614,1862.0,151.5,139.4,43.2,0.0,0.0,0.0,0,
203714,1879.0,149.3,139.0,46.7,0.0,0.0,0.0,0,
203814,1858.3,150.3,136.5,66.0,0.0,0.0,0.0,0,
203914,1844.5,171.9,135.3,66.6,0.0,0.0,0.0,0,
204014,1871.1,205.9,135.3,66.8,0.0,0.0,0.0,0,
204114,1853.5,168.2,136.2,67.4,0.0,0.0,0.0,0,
204214,1858.9,21.2,135.4,67.1,0.0,0.0,0.0,0,
204314,1860.6,14.6,135.4,67.3,0.0,0.0,0.0,0,
204514,1860.1,13.8,135.4,74.4,0.0,0.0,0.0,0,
204614,1861.1,13.5,135.4,80.9,0.0,0.0,0.0,0,
204714,1861.8,12.8,135.4,187.1,0.0,0.0,0.0,0,
204814,1861.5,13.4,135.4,168.6,0.0,0.0,0.0,0,
204914,1861.4,14.4,135.4,169.2,0.0,0.0,0.0,0,
205014,1861.2,13.4,135.4,168.7,0.0,0.0,0.0,0,
205114,1861.0,16.9,135.4,177.6,0.0,0.0,0.0,0,
205214,1875.7,142.2,136.4,66.0,0.0,0.0,0.0,0,
205314,1851.3,179.8,138.4,65.7,0.0,0.0,0.0,0,
205514,1868.5,160.9,139.4,66.6,0.0,0.0,0.0,0,
205614,1870.6,156.6,139.2,67.0,0.0,0.0,0.0,0,
205714,1853.5,148.4,139.7,67.2,0.0,0.0,0.0,0,
205814,1860.4,27.9,137.9,69.2,0.0,0.0,0.0,0,
205914,1859.5,13.3,137.9,66.9,0.0,0.0,0.0,0,
206014,1860.6,14.1,137.9,66.6,0.0,0.0,0.0,0,
206114,1861.0,14.4,137.9,66.5,0.0,0.0,0.0,0,
206214,1861.3,13.5,137.9,67.6,0.0,0.0,0.0,0,
206314,1860.3,14.0,138.0,144.1,0.0,0.0,0.0,0,
206514,1862.3,13.2,138.0,187.4,0.0,0.0,0.0,0,
206614,1861.4,14.6,138.0,214.3,0.0,0.0,0.0,0,
206714,1860.7,14.6,138.0,177.8,0.0,0.0,0.0,0,
206814,1861.2,160.2,136.7,54.9,0.0,0.0,0.0,0,
206914,1857.9,170.1,136.2,65.5,0.0,0.0,0.0,0,
207014,1886.6,147.9,135.0,66.3,0.0,0.0,0.0,0,
207114,1839.9,154.4,135.3,66.5,0.0,0.0,0.0,0,
207214,1866.2,155.6,133.4,66.8,0.0,0.0,0.0,0,
207314,1855.5,207.0,131.9,67.5,0.0,0.0,0.0,0,
207514,1860.4,14.8,132.7,67.2,0.0,0.0,0.0,0,
207614,1862.1,14.8,132.7,67.2,0.0,0.0,0.0,0,
207714,1861.2,12.9,132.7,67.1,0.0,0.0,0.0,0,
207814,1860.6,13.9,132.7,67.3,0.0,0.0,0.0,0,
207914,1861.1,13.7,132.7,168.8,0.0,0.0,0.0,0,
208014,1861.4,12.7,132.7,158.7,0.0,0.0,0.0,0,
208114,1861.8,14.1,132.7,167.0,0.0,0.0,0.0,0,
208214,1860.8,14.0,132.7,164.0,0.0,0.0,0.0,0,
208314,1861.7,15.1,132.7,163.3,0.0,0.0,0.0,0,
208514,1856.6,149.2,133.7,39.0,0.0,0.0,0.0,0,
208614,1847.8,169.7,134.1,43.4,0.0,0.0,0.0,0,
208714,1869.6,205.7,132.3,66.3,0.0,0.0,0.0,0,
208814,1851.0,161.9,134.9,67.0,0.0,0.0,0.0,0,
208914,1885.5,155.8,134.8,67.0,0.0,0.0,0.0,0,
209014,1837.3,62.1,133.8,67.2,0.0,0.0,0.0,0,
209114,1861.5,14.5,133.8,66.9,0.0,0.0,0.0,0,
209214,1861.6,13.8,133.8,67.0,0.0,0.0,0.0,0,
209314,1861.3,13.5,133.8,68.2,0.0,0.0,0.0,0,
209514,1861.2,13.1,133.8,155.8,0.0,0.0,0.0,0,
209614,1860.5,13.7,133.8,167.1,0.0,0.0,0.0,0,
209714,1861.1,13.6,133.8,167.7,0.0,0.0,0.0,0,
209814,1862.5,13.0,133.8,174.5,0.0,0.0,0.0,0,
209914,1861.6,12.9,133.8,168.9,0.0,0.0,0.0,0,
210014,1861.1,130.7,134.7,75.0,0.0,0.0,0.0,0,
210114,1862.2,183.3,135.1,67.4,0.0,0.0,0.0,0,
210214,1858.6,194.2,134.7,66.8,0.0,0.0,0.0,0,
210314,1881.6,153.2,137.8,66.6,0.0,0.0,0.0,0,
210514,1849.8,166.2,137.0,67.2,0.0,0.0,0.0,0,
210614,1869.1,98.8,137.8,67.1,0.0,0.0,0.0,0,
210714,1860.5,17.4,137.7,67.2,0.0,0.0,0.0,0,
210814,1861.2,14.8,137.8,66.8,0.0,0.0,0.0,0,
210914,1861.7,13.8,137.8,66.7,0.0,0.0,0.0,0,
211014,1862.4,12.7,137.8,67.0,0.0,0.0,0.0,0,
211114,1861.2,13.3,137.7,129.9,0.0,0.0,0.0,0,
211214,1861.4,15.1,137.7,147.5,0.0,0.0,0.0,0,
211314,1861.3,12.8,137.8,146.3,0.0,0.0,0.0,0,
211514,1860.8,13.7,137.7,166.3,0.0,0.0,0.0,0,
211614,1861.4,94.6,137.7,157.0,0.0,0.0,0.0,0,
211714,1868.8,137.4,137.4,51.8,0.0,0.0,0.0,0,
211814,1860.2,168.8,140.2,65.8,0.0,0.0,0.0,0,
211914,1852.7,181.2,136.5,66.4,0.0,0.0,0.0,0,
212014,1858.3,224.1,137.4,66.5,0.0,0.0,0.0,0,
212114,1866.7,158.6,137.9,66.9,0.0,0.0,0.0,0,
212214,1872.9,158.3,137.8,67.0,0.0,0.0,0.0,0,
212314,1841.9,21.1,137.0,66.9,0.0,0.0,0.0,0,
212514,1860.9,13.0,137.0,67.4,0.0,0.0,0.0,0,
212614,1861.7,14.0,137.0,67.9,0.0,0.0,0.0,0,
212714,1860.7,14.1,137.0,73.5,0.0,0.0,0.0,0,
212814,1861.3,13.4,137.0,174.3,0.0,0.0,0.0,0,
212914,1861.2,13.6,137.0,171.8,0.0,0.0,0.0,0,
213014,1861.4,15.3,137.0,166.7,0.0,0.0,0.0,0,
213114,1861.7,13.5,137.0,154.4,0.0,0.0,0.0,0,
213214,1861.8,25.2,137.0,141.6,0.0,0.0,0.0,0,
213314,1865.5,135.2,136.8,41.8,0.0,0.0,0.0,0,
213514,1864.9,168.7,135.5,65.7,0.0,0.0,0.0,0,
213614,1879.1,140.6,134.3,66.6,0.0,0.0,0.0,0,
213714,1839.3,162.7,134.5,66.9,0.0,0.0,0.0,0,
213814,1868.3,160.6,132.8,67.2,0.0,0.0,0.0,0,
213914,1855.8,27.0,132.1,67.2,0.0,0.0,0.0,0,
214014,1860.2,13.5,132.1,66.9,0.0,0.0,0.0,0,
214114,1861.8,13.6,132.1,66.9,0.0,0.0,0.0,0,
214214,1861.0,13.8,132.1,67.4,0.0,0.0,0.0,0,
214314,1861.8,13.7,132.2,71.3,0.0,0.0,0.0,0,
214514,1861.8,14.4,132.2,144.5,0.0,0.0,0.0,0,
214614,1861.6,13.7,132.2,171.9,0.0,0.0,0.0,0,
214714,1861.0,13.9,132.1,173.0,0.0,0.0,0.0,0,
214814,1862.0,15.1,132.2,149.5,0.0,0.0,0.0,0,
214914,1856.6,133.3,132.4,66.4,0.0,0.0,0.0,0,
215014,1886.3,146.3,132.2,66.4,0.0,0.0,0.0,0,
215114,1841.4,183.9,131.5,66.4,0.0,0.0,0.0,0,
215214,1864.7,172.1,131.0,66.5,0.0,0.0,0.0,0,
215314,1860.5,204.7,129.5,66.8,0.0,0.0,0.0,0,
215514,1864.2,35.7,131.7,67.0,0.0,0.0,0.0,0,
215614,1859.2,17.3,131.8,67.1,0.0,0.0,0.0,0,
215714,1860.6,14.3,131.8,67.1,0.0,0.0,0.0,0,
215814,1861.8,14.1,131.8,67.4,0.0,0.0,0.0,0,
215914,1861.3,14.6,131.8,69.3,0.0,0.0,0.0,0,
216014,1861.1,13.8,131.8,138.3,0.0,0.0,0.0,0,
216114,1861.2,12.4,131.8,196.4,0.0,0.0,0.0,0,
216214,1860.6,15.1,131.8,198.0,0.0,0.0,0.0,0,
216314,1861.1,14.4,131.8,214.1,0.0,0.0,0.0,0,
216514,1873.5,115.6,132.3,66.2,0.0,0.0,0.0,0,
216614,1844.5,149.0,133.2,51.3,0.0,0.0,0.0,0,
216714,1868.8,207.8,132.0,66.0,0.0,0.0,0.0,0,
216814,1856.2,172.9,132.0,66.5,0.0,0.0,0.0,0,
216914,1879.0,156.7,131.8,66.7,0.0,0.0,0.0,0,
217014,1848.3,166.7,129.3,66.9,0.0,0.0,0.0,0,
217114,1851.7,53.0,129.6,67.0,0.0,0.0,0.0,0,
217214,1860.5,22.2,129.6,67.0,0.0,0.0,0.0,0,
217314,1861.3,12.9,129.6,68.8,0.0,0.0,0.0,0,
217514,1861.7,14.1,129.6,74.0,0.0,0.0,0.0,0,
217614,1861.7,13.1,129.6,85.6,0.0,0.0,0.0,0,
217714,1860.9,14.8,129.6,84.0,0.0,0.0,0.0,0,
217814,1860.8,14.1,129.6,108.0,0.0,0.0,0.0,0,
217914,1862.0,12.6,129.6,133.9,0.0,0.0,0.0,0,
218014,1860.6,15.4,129.6,133.5,0.0,0.0,0.0,0,
218114,1864.4,138.6,129.2,67.3,0.0,0.0,0.0,0,
218214,1863.5,153.1,128.9,54.4,0.0,0.0,0.0,0,
218314,1874.2,136.5,131.0,65.6,0.0,0.0,0.0,0,
218514,1858.0,160.6,129.5,66.7,0.0,0.0,0.0,0,
218614,1857.2,183.5,129.1,66.8,0.0,0.0,0.0,0,
218714,1863.9,72.0,128.0,67.2,0.0,0.0,0.0,0,
218814,1863.5,18.3,128.0,67.0,0.0,0.0,0.0,0,
218914,1861.0,14.0,128.0,66.7,0.0,0.0,0.0,0,
219014,1862.3,13.1,128.0,66.9,0.0,0.0,0.0,0,
219114,1862.2,14.2,128.0,68.4,0.0,0.0,0.0,0,
219214,1861.4,12.7,128.0,149.9,0.0,0.0,0.0,0,
219314,1861.2,14.2,128.0,152.3,0.0,0.0,0.0,0,
219514,1860.9,15.8,127.9,177.6,0.0,0.0,0.0,0,
219614,1861.9,12.9,128.0,199.6,0.0,0.0,0.0,0,
219714,1872.4,79.4,128.7,115.7,0.0,0.0,0.0,0,
219814,1858.0,125.6,129.3,67.0,0.0,0.0,0.0,0,
219914,1857.2,149.8,128.0,66.5,0.0,0.0,0.0,0,
220014,1857.4,190.9,126.4,66.4,0.0,0.0,0.0,0,
220114,1868.0,157.7,126.8,66.6,0.0,0.0,0.0,0,
220214,1868.8,161.5,126.4,66.9,0.0,0.0,0.0,0,
220314,1851.9,140.8,126.6,66.9,0.0,0.0,0.0,0,
220514,1860.6,13.9,126.5,67.0,0.0,0.0,0.0,0,
220614,1862.5,12.2,126.5,67.2,0.0,0.0,0.0,0,
220714,1862.0,13.8,126.5,68.3,0.0,0.0,0.0,0,
220814,1862.0,13.2,126.5,82.3,0.0,0.0,0.0,0,
220914,1861.5,12.7,126.6,148.8,0.0,0.0,0.0,0,
221014,1861.3,13.7,126.6,147.9,0.0,0.0,0.0,0,
221114,1862.7,13.7,126.6,156.9,0.0,0.0,0.0,0,
221214,1861.7,13.3,126.5,155.2,0.0,0.0,0.0,0,
221314,1861.3,52.7,126.5,145.5,0.0,0.0,0.0,0,
221514,1866.3,179.6,129.2,65.8,0.0,0.0,0.0,0,
221614,1879.6,134.0,130.0,66.3,0.0,0.0,0.0,0,
221714,1840.0,153.0,130.8,66.4,0.0,0.0,0.0,0,
221814,1868.0,147.2,130.8,66.8,0.0,0.0,0.0,0,
221914,1848.0,185.9,130.4,67.1,0.0,0.0,0.0,0,
222014,1863.5,22.4,130.3,67.0,0.0,0.0,0.0,0,
222114,1860.3,13.3,130.3,67.2,0.0,0.0,0.0,0,
222214,1861.8,14.2,130.3,67.7,0.0,0.0,0.0,0,
222314,1861.9,12.3,130.3,68.0,0.0,0.0,0.0,0,
222514,1861.5,13.9,130.3,132.1,0.0,0.0,0.0,0,
222614,1861.3,13.2,130.3,131.0,0.0,0.0,0.0,0,
222714,1862.1,13.2,130.3,138.8,0.0,0.0,0.0,0,
222814,1861.4,14.9,130.3,194.6,0.0,0.0,0.0,0,
222914,1861.8,13.7,130.3,234.3,0.0,0.0,0.0,0,
223014,1881.3,110.6,131.3,46.7,0.0,0.0,0.0,0,
223114,1846.8,160.4,130.6,41.9,0.0,0.0,0.0,0,
223214,1859.0,158.5,130.5,65.6,0.0,0.0,0.0,0,
223314,1866.0,197.8,130.3,66.5,0.0,0.0,0.0,0,
223514,1881.6,150.5,131.5,66.9,0.0,0.0,0.0,0,
223614,1842.3,32.5,131.1,67.0,0.0,0.0,0.0,0,
223714,1860.6,13.9,131.1,66.8,0.0,0.0,0.0,0,
223814,1861.9,12.9,131.1,67.2,0.0,0.0,0.0,0,
223914,1862.3,14.3,131.1,68.7,0.0,0.0,0.0,0,
224014,1861.6,13.9,131.1,70.0,0.0,0.0,0.0,0,
224114,1862.2,14.1,131.1,163.2,0.0,0.0,0.0,0,
224214,1861.7,13.0,131.1,135.7,0.0,0.0,0.0,0,
224314,1862.2,14.5,131.1,125.4,0.0,0.0,0.0,0,
224514,1862.2,13.7,131.2,175.1,0.0,0.0,0.0,0,
224614,1857.9,143.5,132.3,67.5,0.0,0.0,0.0,0,
224714,1869.6,174.5,131.7,66.5,0.0,0.0,0.0,0,
224814,1855.0,186.8,131.5,66.3,0.0,0.0,0.0,0,
224914,1882.6,129.9,131.4,66.4,0.0,0.0,0.0,0,
225014,1843.9,151.6,128.9,66.8,0.0,0.0,0.0,0,
225114,1860.7,154.9,129.3,66.9,0.0,0.0,0.0,0,
225214,1862.9,39.8,128.4,67.1,0.0,0.0,0.0,0,
225314,1860.3,13.9,128.4,67.0,0.0,0.0,0.0,0,
225514,1861.0,13.9,128.4,67.1,0.0,0.0,0.0,0,
225614,1861.7,13.3,128.4,68.7,0.0,0.0,0.0,0,
225714,1862.7,12.9,128.4,117.1,0.0,0.0,0.0,0,
225814,1861.8,15.0,128.4,134.9,0.0,0.0,0.0,0,
225914,1862.1,14.2,128.4,149.5,0.0,0.0,0.0,0,
226014,1862.0,13.4,128.4,141.1,0.0,0.0,0.0,0,
226114,1861.0,12.2,128.4,109.3,0.0,0.0,0.0,0,
226214,1861.7,131.7,128.1,56.2,0.0,0.0,0.0,0,
226314,1874.3,122.7,128.8,51.3,0.0,0.0,0.0,0,
226514,1855.5,168.4,127.7,66.4,0.0,0.0,0.0,0,
226614,1861.4,181.6,128.6,66.6,0.0,0.0,0.0,0,
226714,1868.2,146.3,128.8,67.2,0.0,0.0,0.0,0,
226814,1850.5,58.7,129.1,67.2,0.0,0.0,0.0,0,
226914,1861.7,15.0,129.1,67.0,0.0,0.0,0.0,0,
227014,1861.0,14.1,129.1,68.6,0.0,0.0,0.0,0,
227114,1861.6,12.8,129.1,70.5,0.0,0.0,0.0,0,
227214,1861.8,12.5,129.1,71.5,0.0,0.0,0.0,0,
227314,1861.0,14.1,129.1,189.1,0.0,0.0,0.0,0,
227514,1861.8,13.3,129.1,183.6,0.0,0.0,0.0,0,
227614,1861.5,12.2,129.1,175.8,0.0,0.0,0.0,0,
227714,1860.1,13.0,129.1,196.8,0.0,0.0,0.0,0,
227814,1872.9,84.3,129.7,85.9,0.0,0.0,0.0,0,
227914,1855.0,151.7,129.7,44.5,0.0,0.0,0.0,0,
228014,1858.8,196.8,128.9,47.2,0.0,0.0,0.0,0,
228114,1864.6,182.6,131.8,65.9,0.0,0.0,0.0,0,
228214,1880.3,124.8,131.9,66.7,0.0,0.0,0.0,0,
228314,1838.6,157.2,133.2,66.9,0.0,0.0,0.0,0,
228514,1857.0,17.7,133.4,67.0,0.0,0.0,0.0,0,
228614,1861.5,12.1,133.4,66.7,0.0,0.0,0.0,0,
228714,1861.7,12.8,133.4,66.8,0.0,0.0,0.0,0,
228814,1861.3,14.1,133.4,67.3,0.0,0.0,0.0,0,
228914,1861.1,12.7,133.4,94.4,0.0,0.0,0.0,0,
229014,1861.7,11.1,133.4,188.3,0.0,0.0,0.0,0,
229114,1861.3,13.3,133.4,172.2,0.0,0.0,0.0,0,
229214,1861.4,12.1,133.4,141.8,0.0,0.0,0.0,0,
229314,1860.5,11.7,133.4,151.6,0.0,0.0,0.0,0,
229514,1856.2,151.8,133.5,55.6,0.0,0.0,0.0,0,
229614,1889.4,150.5,133.8,66.0,0.0,0.0,0.0,0,
229714,1839.7,187.2,134.5,66.4,0.0,0.0,0.0,0,
229814,1860.5,183.0,135.4,66.4,0.0,0.0,0.0,0,
229914,1863.6,184.6,135.7,66.7,0.0,0.0,0.0,0,
230014,1856.9,160.3,136.9,66.9,0.0,0.0,0.0,0,
230114,1857.5,21.1,136.7,66.8,0.0,0.0,0.0,0,
230214,1860.6,12.9,136.7,67.2,0.0,0.0,0.0,0,
230314,1861.0,13.8,136.7,67.9,0.0,0.0,0.0,0,
230514,1861.4,11.7,136.7,71.3,0.0,0.0,0.0,0,
230614,1861.0,12.4,136.7,150.7,0.0,0.0,0.0,0,
230714,1861.2,12.4,136.7,226.4,0.0,0.0,0.0,0,
230814,1861.5,11.9,136.7,238.2,0.0,0.0,0.0,0,
230914,1860.9,13.5,136.7,198.5,0.0,0.0,0.0,0,
231014,1861.3,13.2,136.7,187.5,0.0,0.0,0.0,0,
231114,1873.3,121.7,137.7,50.9,0.0,0.0,0.0,0,
231214,1853.3,172.5,138.3,53.5,0.0,0.0,0.0,0,
231314,1857.6,195.2,136.8,65.9,0.0,0.0,0.0,0,
231514,1868.1,149.6,134.2,66.9,0.0,0.0,0.0,0,
231614,1853.4,173.8,133.3,67.0,0.0,0.0,0.0,0,
231714,1860.8,29.1,133.5,67.1,0.0,0.0,0.0,0,
231814,1860.7,13.8,133.5,66.9,0.0,0.0,0.0,0,
231914,1860.8,13.7,133.5,67.0,0.0,0.0,0.0,0,
232014,1861.6,12.2,133.5,68.0,0.0,0.0,0.0,0,
232114,1860.9,13.5,133.5,71.8,0.0,0.0,0.0,0,
232214,1860.9,12.2,133.5,72.8,0.0,0.0,0.0,0,
232314,1860.4,12.0,133.5,92.3,0.0,0.0,0.0,0,
232514,1860.8,12.2,133.5,164.3,0.0,0.0,0.0,0,
232614,1861.4,12.2,133.5,169.8,0.0,0.0,0.0,0,
232714,1858.2,154.2,132.9,66.5,0.0,0.0,0.0,0,
232814,1868.2,181.4,133.4,66.4,0.0,0.0,0.0,0,
232914,1879.1,139.2,133.3,66.4,0.0,0.0,0.0,0,
233014,1837.6,174.9,133.6,66.4,0.0,0.0,0.0,0,
233114,1873.9,192.7,134.8,66.8,0.0,0.0,0.0,0,
233214,1844.6,197.5,135.8,67.0,0.0,0.0,0.0,0,
233314,1865.7,42.4,136.9,66.9,0.0,0.0,0.0,0,
233514,1861.9,12.9,136.8,67.2,0.0,0.0,0.0,0,
233614,1860.9,13.3,136.8,67.8,0.0,0.0,0.0,0,
233714,1861.3,10.6,136.9,69.7,0.0,0.0,0.0,0,
233814,1861.0,12.2,136.8,117.5,0.0,0.0,0.0,0,
233914,1862.0,12.0,136.8,135.2,0.0,0.0,0.0,0,
234014,1861.3,12.7,136.8,135.5,0.0,0.0,0.0,0,
234114,1862.1,12.2,136.8,142.9,0.0,0.0,0.0,0,
234214,1861.8,12.4,136.8,155.3,0.0,0.0,0.0,0,
234314,1881.1,103.1,137.5,56.0,0.0,0.0,0.0,0,
234514,1857.7,169.6,137.5,66.0,0.0,0.0,0.0,0,
234614,1866.9,187.6,136.6,66.5,0.0,0.0,0.0,0,
234714,1858.7,166.7,137.0,66.7,0.0,0.0,0.0,0,
234814,1876.9,150.6,135.8,66.9,0.0,0.0,0.0,0,
234914,1840.1,62.4,133.9,67.1,0.0,0.0,0.0,0,
235014,1862.1,15.2,133.9,66.8,0.0,0.0,0.0,0,
235114,1860.3,12.0,133.8,67.2,0.0,0.0,0.0,0,
235214,1861.1,11.7,133.8,69.6,0.0,0.0,0.0,0,
235314,1860.7,12.9,133.8,71.6,0.0,0.0,0.0,0,
235514,1860.7,10.6,133.8,148.1,0.0,0.0,0.0,0,
235614,1861.5,12.5,133.8,196.8,0.0,0.0,0.0,0,
235714,1861.3,12.4,133.8,200.5,0.0,0.0,0.0,0,
235814,1861.4,12.4,133.8,165.0,0.0,0.0,0.0,0,
235914,1860.8,116.8,134.4,66.9,0.0,0.0,0.0,0,
236014,1864.9,191.7,135.0,66.1,0.0,0.0,0.0,0,
236114,1860.4,174.2,135.8,66.1,0.0,0.0,0.0,0,
236214,1882.8,146.2,137.4,66.3,0.0,0.0,0.0,0,
236314,1843.4,178.4,136.9,66.7,0.0,0.0,0.0,0,
236514,1860.9,98.6,137.9,66.9,0.0,0.0,0.0,0,
236614,1862.3,16.8,137.7,67.0,0.0,0.0,0.0,0,
236714,1860.7,12.9,137.7,66.8,0.0,0.0,0.0,0,
236814,1861.8,14.1,137.7,67.0,0.0,0.0,0.0,0,
236914,1861.3,13.2,137.7,68.1,0.0,0.0,0.0,0,
237014,1861.0,13.5,137.7,100.2,0.0,0.0,0.0,0,
237114,1861.8,12.4,137.7,171.2,0.0,0.0,0.0,0,
237214,1861.6,13.2,137.7,152.8,0.0,0.0,0.0,0,
237314,1861.6,11.0,137.7,124.9,0.0,0.0,0.0,0,
237514,1860.3,94.1,137.8,70.2,0.0,0.0,0.0,0,
237614,1877.1,118.6,138.0,56.7,0.0,0.0,0.0,0,
237714,1849.1,154.1,137.0,66.0,0.0,0.0,0.0,0,
237814,1856.0,182.4,134.8,66.3,0.0,0.0,0.0,0,
237914,1862.2,189.7,134.0,66.5,0.0,0.0,0.0,0,
238014,1867.9,158.0,133.1,66.9,0.0,0.0,0.0,0,
238114,1868.8,144.4,133.9,66.9,0.0,0.0,0.0,0,
238214,1848.1,18.8,133.0,67.0,0.0,0.0,0.0,0,
238314,1861.6,13.2,133.0,67.1,0.0,0.0,0.0,0,
238514,1861.1,12.8,133.0,67.6,0.0,0.0,0.0,0,
238614,1861.4,11.6,133.0,75.7,0.0,0.0,0.0,0,
238714,1861.0,13.0,133.0,166.3,0.0,0.0,0.0,0,
238814,1861.7,11.6,133.0,124.7,0.0,0.0,0.0,0,
238914,1861.0,11.9,133.0,104.6,0.0,0.0,0.0,0,
239014,1862.0,12.6,133.0,105.3,0.0,0.0,0.0,0,
239114,1860.8,27.3,133.0,134.4,0.0,0.0,0.0,0,
239214,1865.6,134.7,132.7,56.8,0.0,0.0,0.0,0,
239314,1852.9,189.4,132.0,66.0,0.0,0.0,0.0,0,
239514,1870.8,133.7,132.2,66.6,0.0,0.0,0.0,0,
239614,1847.8,163.4,131.0,66.6,0.0,0.0,0.0,0,
239714,1866.2,175.5,129.5,66.9,0.0,0.0,0.0,0,
239814,1853.3,23.2,128.7,66.9,0.0,0.0,0.0,0,
239914,1860.6,13.6,128.7,66.9,0.0,0.0,0.0,0,
240014,1860.9,12.1,128.7,67.6,0.0,0.0,0.0,0,
240114,1861.5,13.1,128.7,69.2,0.0,0.0,0.0,0,
240214,1861.5,12.9,128.7,75.6,0.0,0.0,0.0,0,
240314,1861.4,11.2,128.7,148.9,0.0,0.0,0.0,0,
240514,1861.4,12.1,128.7,144.4,0.0,0.0,0.0,0,
240614,1860.6,12.0,128.7,156.2,0.0,0.0,0.0,0,
240714,1860.8,12.1,128.7,173.1,0.0,0.0,0.0,0,
240814,1864.7,142.4,128.7,66.3,0.0,0.0,0.0,0,
240914,1886.4,134.2,130.4,65.9,0.0,0.0,0.0,0,
241014,1833.2,154.6,130.5,66.1,0.0,0.0,0.0,0,
241114,1868.5,165.5,131.0,66.4,0.0,0.0,0.0,0,
241214,1854.4,182.4,129.9,66.7,0.0,0.0,0.0,0,
241314,1870.8,154.0,131.9,66.7,0.0,0.0,0.0,0,
241514,1859.3,14.6,131.2,66.8,0.0,0.0,0.0,0,
241614,1862.5,14.2,131.2,66.7,0.0,0.0,0.0,0,
241714,1862.3,11.2,131.2,67.1,0.0,0.0,0.0,0,
241814,1861.4,12.5,131.2,69.9,0.0,0.0,0.0,0,
241914,1861.8,13.5,131.2,117.0,0.0,0.0,0.0,0,
242014,1861.6,12.4,131.2,124.3,0.0,0.0,0.0,0,
242114,1860.6,11.8,131.2,134.5,0.0,0.0,0.0,0,
242214,1861.1,14.3,131.2,146.9,0.0,0.0,0.0,0,
242314,1861.6,13.9,131.2,140.3,0.0,0.0,0.0,0,
242514,1854.3,151.6,131.2,56.8,0.0,0.0,0.0,0,
242614,1864.8,182.2,130.0,66.1,0.0,0.0,0.0,0,
242714,1859.1,154.9,129.0,66.4,0.0,0.0,0.0,0,
242814,1879.2,117.6,129.6,66.6,0.0,0.0,0.0,0,
242914,1841.7,155.9,127.3,67.1,0.0,0.0,0.0,0,
243014,1859.7,41.2,127.6,67.0,0.0,0.0,0.0,0,
243114,1860.4,14.6,127.6,66.8,0.0,0.0,0.0,0,
243214,1861.3,13.0,127.6,66.9,0.0,0.0,0.0,0,
243314,1861.4,11.7,127.6,66.8,0.0,0.0,0.0,0,
243514,1861.2,12.8,127.6,204.0,0.0,0.0,0.0,0,
243614,1860.9,12.6,127.6,210.0,0.0,0.0,0.0,0,
243714,1861.7,12.9,127.6,164.3,0.0,0.0,0.0,0,
243814,1861.1,13.5,127.6,132.8,0.0,0.0,0.0,0,
243914,1861.4,12.5,127.6,141.1,0.0,0.0,0.0,0,
244014,1866.6,130.3,127.5,53.9,0.0,0.0,0.0,0,
244114,1861.1,164.1,126.9,45.8,0.0,0.0,0.0,0,
244214,1880.3,140.0,128.9,65.7,0.0,0.0,0.0,0,
244314,1845.3,156.3,129.8,66.4,0.0,0.0,0.0,0,
244514,1862.5,179.4,130.6,66.6,0.0,0.0,0.0,0,
244614,1858.4,76.4,131.1,67.0,0.0,0.0,0.0,0,
244714,1863.0,15.5,131.1,66.8,0.0,0.0,0.0,0,
244814,1861.7,12.3,131.1,66.9,0.0,0.0,0.0,0,
244914,1861.7,13.8,131.1,67.5,0.0,0.0,0.0,0,
245014,1861.2,11.9,131.1,69.4,0.0,0.0,0.0,0,
245114,1861.1,12.3,131.1,130.3,0.0,0.0,0.0,0,
245214,1861.2,11.5,131.1,155.8,0.0,0.0,0.0,0,
245314,1861.2,12.9,131.1,168.4,0.0,0.0,0.0,0,
245514,1862.2,10.7,131.1,197.9,0.0,0.0,0.0,0,
245614,1877.1,75.7,131.6,102.3,0.0,0.0,0.0,0,
245714,1849.9,134.9,132.0,66.1,0.0,0.0,0.0,0,
245814,1858.3,167.7,131.6,66.1,0.0,0.0,0.0,0,
245914,1855.3,184.1,130.1,66.2,0.0,0.0,0.0,0,
246014,1873.3,147.0,129.9,66.5,0.0,0.0,0.0,0,
246114,1866.1,118.7,129.8,66.8,0.0,0.0,0.0,0,
246214,1853.7,109.4,128.9,66.7,0.0,0.0,0.0,0,
246314,1859.6,17.2,128.7,66.8,0.0,0.0,0.0,0,
246514,1861.6,12.3,128.8,66.5,0.0,0.0,0.0,0,
246614,1860.7,12.3,128.8,66.9,0.0,0.0,0.0,0,
246714,1861.8,12.6,128.8,82.8,0.0,0.0,0.0,0,
246814,1861.2,12.7,128.8,150.4,0.0,0.0,0.0,0,
246914,1862.0,11.8,128.8,151.0,0.0,0.0,0.0,0,
247014,1861.7,12.4,128.8,163.7,0.0,0.0,0.0,0,
247114,1861.3,13.1,128.8,155.7,0.0,0.0,0.0,0,
247214,1861.2,63.4,128.8,202.8,0.0,0.0,0.0,0,
247314,1857.8,164.6,129.0,55.6,0.0,0.0,0.0,0,
247514,1875.9,124.7,129.7,66.3,0.0,0.0,0.0,0,
247614,1840.6,159.0,129.8,66.4,0.0,0.0,0.0,0,
247714,1867.0,162.3,130.5,66.7,0.0,0.0,0.0,0,
247814,1851.6,179.3,130.1,66.8,0.0,0.0,0.0,0,
247914,1864.8,23.7,130.8,66.7,0.0,0.0,0.0,0,
248014,1861.3,13.3,130.7,66.8,0.0,0.0,0.0,0,
248114,1862.7,13.4,130.7,66.9,0.0,0.0,0.0,0,
248214,1861.3,12.6,130.7,67.2,0.0,0.0,0.0,0,
248314,1860.8,11.7,130.7,70.6,0.0,0.0,0.0,0,
248514,1861.5,13.2,130.7,185.5,0.0,0.0,0.0,0,
248614,1862.2,14.1,130.7,188.4,0.0,0.0,0.0,0,
248714,1861.5,12.1,130.7,104.8,0.0,0.0,0.0,0,
248814,1862.9,13.7,130.7,105.8,0.0,0.0,0.0,0,
248914,1882.0,106.1,131.0,56.2,0.0,0.0,0.0,0,
249014,1838.3,162.1,130.5,65.7,0.0,0.0,0.0,0,
249114,1861.0,181.5,132.3,66.2,0.0,0.0,0.0,0,
249214,1864.1,186.5,133.8,66.6,0.0,0.0,0.0,0,
249314,1863.7,158.4,135.3,66.6,0.0,0.0,0.0,0,
249514,1847.6,29.4,134.7,66.8,0.0,0.0,0.0,0,
249614,1860.4,15.1,134.7,66.6,0.0,0.0,0.0,0,
249714,1862.0,12.5,134.7,67.0,0.0,0.0,0.0,0,
249814,1860.3,12.4,134.7,68.6,0.0,0.0,0.0,0,
249914,1861.2,11.8,134.7,73.1,0.0,0.0,0.0,0,
250014,1861.3,13.9,134.7,88.4,0.0,0.0,0.0,0,
250114,1861.4,11.2,134.7,117.1,0.0,0.0,0.0,0,
250214,1861.6,11.3,134.7,140.1,0.0,0.0,0.0,0,
250314,1861.5,13.7,134.7,110.4,0.0,0.0,0.0,0,
250514,1860.9,140.0,135.6,66.4,0.0,0.0,0.0,0,
250614,1865.3,184.1,136.2,66.1,0.0,0.0,0.0,0,
250714,1862.1,170.9,134.9,66.2,0.0,0.0,0.0,0,
250814,1878.9,130.1,133.9,66.4,0.0,0.0,0.0,0,
250914,1844.4,170.5,130.8,66.9,0.0,0.0,0.0,0,
251014,1862.0,169.3,130.5,66.9,0.0,0.0,0.0,0,
251114,1863.2,35.1,130.0,66.9,0.0,0.0,0.0,0,
251214,1860.9,13.8,130.0,66.8,0.0,0.0,0.0,0,
251314,1861.2,11.8,130.0,66.6,0.0,0.0,0.0,0,
251514,1861.8,13.3,130.0,68.7,0.0,0.0,0.0,0,
251614,1862.1,12.7,130.0,178.4,0.0,0.0,0.0,0,
251714,1862.2,12.6,130.0,154.7,0.0,0.0,0.0,0,
251814,1862.5,13.6,130.0,149.2,0.0,0.0,0.0,0,
251914,1861.9,11.7,130.0,153.1,0.0,0.0,0.0,0,
252014,1861.6,15.2,129.9,151.6,0.0,0.0,0.0,0,
252114,1864.8,135.3,129.7,66.9,0.0,0.0,0.0,0,
252214,1873.7,117.9,130.8,65.5,0.0,0.0,0.0,0,
252314,1847.9,151.4,129.8,66.1,0.0,0.0,0.0,0,
252514,1866.3,175.0,130.5,66.7,0.0,0.0,0.0,0,
252614,1868.2,154.9,132.1,67.0,0.0,0.0,0.0,0,
252714,1850.8,55.9,132.4,66.9,0.0,0.0,0.0,0,
252814,1861.9,14.5,132.4,66.9,0.0,0.0,0.0,0,
252914,1861.0,11.2,132.4,67.0,0.0,0.0,0.0,0,
253014,1860.2,12.2,132.4,67.0,0.0,0.0,0.0,0,
253114,1861.9,12.6,132.4,67.5,0.0,0.0,0.0,0,
253214,1862.5,12.5,132.4,146.4,0.0,0.0,0.0,0,
253314,1861.5,13.2,132.4,147.8,0.0,0.0,0.0,0,
253514,1861.5,11.4,132.4,176.6,0.0,0.0,0.0,0,
253614,1861.5,15.4,132.4,136.4,0.0,0.0,0.0,0,
253714,1870.7,89.7,133.1,75.7,0.0,0.0,0.0,0,
253814,1855.8,162.8,132.4,45.3,0.0,0.0,0.0,0,
253914,1855.3,180.2,134.2,56.8,0.0,0.0,0.0,0,
254014,1877.5,166.6,134.5,66.2,0.0,0.0,0.0,0,
254114,1857.4,125.3,135.2,66.8,0.0,0.0,0.0,0,
254214,1853.6,152.6,134.9,67.0,0.0,0.0,0.0,0,
254314,1858.0,80.5,133.8,67.4,0.0,0.0,0.0,0,
254514,1861.1,13.3,133.7,66.7,0.0,0.0,0.0,0,
254614,1862.1,12.6,133.8,67.3,0.0,0.0,0.0,0,
254714,1861.7,11.8,133.8,68.8,0.0,0.0,0.0,0,
254814,1861.4,13.1,133.8,138.1,0.0,0.0,0.0,0,
254914,1861.9,13.4,133.8,183.5,0.0,0.0,0.0,0,
255014,1861.5,12.2,133.8,209.8,0.0,0.0,0.0,0,
255114,1861.8,12.9,133.8,233.7,0.0,0.0,0.0,0,
255214,1861.5,12.3,133.8,210.7,0.0,0.0,0.0,0,
255314,1861.5,95.7,133.7,204.2,0.0,0.0,0.0,0,
255514,1880.0,137.9,132.9,65.9,0.0,0.0,0.0,0,
255614,1838.8,165.1,132.9,66.1,0.0,0.0,0.0,0,
255714,1869.9,175.0,132.0,66.5,0.0,0.0,0.0,0,
255814,1850.6,169.6,130.8,66.8,0.0,0.0,0.0,0,
255914,1878.1,136.4,130.1,66.8,0.0,0.0,0.0,0,
256014,1852.8,18.9,129.5,66.9,0.0,0.0,0.0,0,
256114,1861.3,14.0,129.5,66.7,0.0,0.0,0.0,0,
256214,1861.2,12.6,129.5,66.8,0.0,0.0,0.0,0,
256314,1861.5,13.9,129.5,67.3,0.0,0.0,0.0,0,
256514,1862.0,12.1,129.5,167.2,0.0,0.0,0.0,0,
256614,1861.7,12.9,129.5,166.1,0.0,0.0,0.0,0,
256714,1861.2,13.6,129.5,138.2,0.0,0.0,0.0,0,
256814,1861.0,13.4,129.5,152.0,0.0,0.0,0.0,0,
256914,1862.0,14.5,129.5,124.8,0.0,0.0,0.0,0,
257014,1860.4,137.2,130.5,49.9,0.0,0.0,0.0,0,
257114,1863.1,174.4,130.2,57.0,0.0,0.0,0.0,0,
257214,1864.3,181.5,129.5,66.1,0.0,0.0,0.0,0,
257314,1867.4,157.9,131.4,66.4,0.0,0.0,0.0,0,
257514,1841.9,162.4,132.1,67.0,0.0,0.0,0.0,0,
257614,1864.1,23.8,132.6,67.0,0.0,0.0,0.0,0,
257714,1861.7,13.6,132.6,66.9,0.0,0.0,0.0,0,
257814,1862.1,14.0,132.6,66.8,0.0,0.0,0.0,0,
257914,1861.3,12.6,132.6,66.6,0.0,0.0,0.0,0,
258014,1861.3,12.5,132.6,70.1,0.0,0.0,0.0,0,
258114,1861.1,13.9,132.6,168.1,0.0,0.0,0.0,0,
258214,1861.7,13.0,132.6,174.1,0.0,0.0,0.0,0,
258314,1860.7,12.1,132.6,178.1,0.0,0.0,0.0,0,
258514,1861.1,12.1,132.6,151.7,0.0,0.0,0.0,0,
258614,1862.9,157.1,133.0,55.0,0.0,0.0,0.0,0,
258714,1861.3,173.6,133.7,53.2,0.0,0.0,0.0,0,
258814,1877.4,132.2,134.7,65.9,0.0,0.0,0.0,0,
258914,1841.5,185.2,133.2,66.6,0.0,0.0,0.0,0,
259014,1864.6,186.6,134.1,66.7,0.0,0.0,0.0,0,
259114,1859.4,167.9,133.8,66.9,0.0,0.0,0.0,0,
259214,1856.8,36.6,133.8,66.9,0.0,0.0,0.0,0,
259314,1860.5,14.9,133.8,66.9,0.0,0.0,0.0,0,
259514,1861.5,12.1,133.8,70.3,0.0,0.0,0.0,0,
259614,1861.6,12.9,133.8,71.7,0.0,0.0,0.0,0,
259714,1860.5,11.9,133.8,164.6,0.0,0.0,0.0,0,
259814,1861.5,12.3,133.8,166.3,0.0,0.0,0.0,0,
259914,1861.2,13.9,133.8,166.9,0.0,0.0,0.0,0,
260014,1861.7,14.1,133.8,150.5,0.0,0.0,0.0,0,
260114,1861.4,13.5,133.8,156.6,0.0,0.0,0.0,0,
260214,1882.8,105.8,134.0,69.1,0.0,0.0,0.0,0,
260314,1846.2,138.1,132.6,65.9,0.0,0.0,0.0,0,
260514,1865.6,184.3,132.9,66.3,0.0,0.0,0.0,0,
260614,1865.4,166.6,133.7,66.7,0.0,0.0,0.0,0,
260714,1864.4,139.6,135.2,66.8,0.0,0.0,0.0,0,
260814,1856.1,50.0,133.3,66.9,0.0,0.0,0.0,0,
260914,1860.5,14.1,133.3,66.9,0.0,0.0,0.0,0,
261014,1861.7,11.4,133.3,66.8,0.0,0.0,0.0,0,
261114,1861.2,14.0,133.3,67.0,0.0,0.0,0.0,0,
261214,1860.7,12.6,133.3,67.7,0.0,0.0,0.0,0,
261314,1861.8,12.4,133.3,187.7,0.0,0.0,0.0,0,
261514,1861.6,12.5,133.3,143.0,0.0,0.0,0.0,0,
261614,1862.4,12.6,133.3,141.1,0.0,0.0,0.0,0,
261714,1862.9,14.4,133.3,138.4,0.0,0.0,0.0,0,
261814,1859.8,120.3,133.6,68.3,0.0,0.0,0.0,0,
261914,1858.2,158.3,133.8,65.4,0.0,0.0,0.0,0,
262014,1874.3,163.9,132.4,66.2,0.0,0.0,0.0,0,
262114,1864.7,129.9,132.7,66.4,0.0,0.0,0.0,0,
262214,1851.1,168.7,130.4,66.6,0.0,0.0,0.0,0,
262314,1860.6,175.7,129.6,66.9,0.0,0.0,0.0,0,
262514,1861.5,15.4,128.8,66.8,0.0,0.0,0.0,0,
262614,1861.3,13.4,128.7,66.8,0.0,0.0,0.0,0,
262714,1861.2,12.1,128.7,66.8,0.0,0.0,0.0,0,
262814,1861.3,12.0,128.8,67.1,0.0,0.0,0.0,0,
262914,1861.5,12.8,128.7,158.2,0.0,0.0,0.0,0,
263014,1861.4,12.3,128.7,173.0,0.0,0.0,0.0,0,
263114,1861.6,11.7,128.8,169.5,0.0,0.0,0.0,0,
263214,1861.8,13.6,128.8,152.0,0.0,0.0,0.0,0,
263314,1861.4,12.4,128.8,166.6,0.0,0.0,0.0,0,
263514,1874.1,112.2,128.3,43.3,0.0,0.0,0.0,0,
263614,1844.2,160.7,128.2,55.0,0.0,0.0,0.0,0,
263714,1867.0,187.8,128.3,66.2,0.0,0.0,0.0,0,
263814,1851.0,171.3,129.8,66.6,0.0,0.0,0.0,0,
263914,1881.1,149.4,130.3,67.1,0.0,0.0,0.0,0,
264014,1852.7,112.4,131.6,93.3,0.0,0.0,0.0,0,
264114,1851.8,19.2,130.9,67.2,0.0,0.0,0.0,0,
264214,1860.5,12.7,130.9,67.2,0.0,0.0,0.0,0,
264314,1861.9,13.6,130.9,67.9,0.0,0.0,0.0,0,
264514,1861.6,12.5,130.9,77.1,0.0,0.0,0.0,0,
264614,1861.5,13.2,130.9,124.4,0.0,0.0,0.0,0,
264714,1861.9,12.9,130.9,131.8,0.0,0.0,0.0,0,
264814,1860.5,13.8,130.9,140.4,0.0,0.0,0.0,0,
264914,1861.5,12.5,130.9,130.5,0.0,0.0,0.0,0,
265014,1861.8,37.3,130.9,131.9,0.0,0.0,0.0,0,
265114,1866.2,145.0,131.9,50.9,0.0,0.0,0.0,0,
265214,1857.4,185.7,131.6,57.1,0.0,0.0,0.0,0,
265314,1872.8,168.8,133.8,66.1,0.0,0.0,0.0,0,
265514,1847.3,166.4,132.5,66.7,0.0,0.0,0.0,0,
265614,1867.8,181.6,133.4,67.0,0.0,0.0,0.0,0,
265714,1857.4,27.5,133.4,67.1,0.0,0.0,0.0,0,
265814,1861.5,13.9,133.4,66.8,0.0,0.0,0.0,0,
265914,1862.8,13.7,133.4,66.9,0.0,0.0,0.0,0,
266014,1861.5,12.5,133.4,67.5,0.0,0.0,0.0,0,
266114,1862.2,12.1,133.4,74.8,0.0,0.0,0.0,0,
266214,1861.9,13.3,133.4,142.6,0.0,0.0,0.0,0,
266314,1861.6,12.4,133.4,164.9,0.0,0.0,0.0,0,
266514,1861.8,14.5,133.4,159.0,0.0,0.0,0.0,0,
266614,1861.3,21.1,133.5,154.0,0.0,0.0,0.0,0,
266714,1862.6,141.1,133.9,65.7,0.0,0.0,0.0,0,
266814,1883.6,127.1,135.6,65.8,0.0,0.0,0.0,0,
266914,1836.0,160.2,133.8,66.2,0.0,0.0,0.0,0,
267014,1865.9,181.5,134.4,66.4,0.0,0.0,0.0,0,
267114,1861.5,164.8,133.1,66.9,0.0,0.0,0.0,0,
267214,1871.8,145.8,134.7,67.0,0.0,0.0,0.0,0,
267314,1852.4,26.8,134.2,67.0,0.0,0.0,0.0,0,
267514,1862.3,12.9,134.1,66.6,0.0,0.0,0.0,0,
267614,1861.3,13.1,134.1,66.5,0.0,0.0,0.0,0,
267714,1862.1,14.6,134.1,67.9,0.0,0.0,0.0,0,
267814,1862.0,12.2,134.1,200.2,0.0,0.0,0.0,0,
267914,1860.9,12.4,134.1,189.3,0.0,0.0,0.0,0,
268014,1861.6,13.2,134.1,156.1,0.0,0.0,0.0,0,
268114,1861.7,12.6,134.1,151.4,0.0,0.0,0.0,0,
268214,1861.8,12.6,134.1,134.6,0.0,0.0,0.0,0,
268314,1865.5,106.5,133.7,56.4,0.0,0.0,0.0,0,
268514,1866.4,177.7,133.1,65.9,0.0,0.0,0.0,0,
268614,1866.8,170.2,134.3,66.4,0.0,0.0,0.0,0,
268714,1868.9,122.7,135.9,66.7,0.0,0.0,0.0,0,
268814,1849.3,167.1,133.8,67.2,0.0,0.0,0.0,0,
268914,1857.2,44.4,134.1,67.0,0.0,0.0,0.0,0,
269014,1860.5,13.8,134.1,66.9,0.0,0.0,0.0,0,
269114,1862.4,12.4,134.1,67.1,0.0,0.0,0.0,0,
269214,1861.0,13.2,134.1,67.5,0.0,0.0,0.0,0,
269314,1861.7,12.1,134.1,68.8,0.0,0.0,0.0,0,
269514,1861.6,14.3,134.1,211.7,0.0,0.0,0.0,0,
269614,1861.5,13.3,134.1,202.8,0.0,0.0,0.0,0,
269714,1861.6,13.2,134.1,185.9,0.0,0.0,0.0,0,
269814,1861.5,12.6,134.1,123.2,0.0,0.0,0.0,0,
269914,1864.0,134.6,134.2,65.9,0.0,0.0,0.0,0,
270014,1870.3,149.0,134.6,49.7,0.0,0.0,0.0,0,
270114,1867.5,130.7,134.2,65.5,0.0,0.0,0.0,0,
270214,1848.5,169.8,134.8,66.3,0.0,0.0,0.0,0,
270314,1857.8,181.6,133.9,66.8,0.0,0.0,0.0,0,
270514,1863.3,64.7,133.3,67.0,0.0,0.0,0.0,0,
270614,1862.2,14.9,133.3,66.8,0.0,0.0,0.0,0,
270714,1861.6,12.0,133.2,66.5,0.0,0.0,0.0,0,
270814,1861.6,12.0,133.2,66.7,0.0,0.0,0.0,0,
270914,1861.5,12.3,133.2,67.9,0.0,0.0,0.0,0,
271014,1861.9,13.0,133.2,173.3,0.0,0.0,0.0,0,
271114,1861.0,13.0,133.2,167.3,0.0,0.0,0.0,0,
271214,1861.7,12.6,133.2,143.8,0.0,0.0,0.0,0,
271314,1861.1,14.4,133.2,132.7,0.0,0.0,0.0,0,
271514,1878.4,80.1,133.8,92.5,0.0,0.0,0.0,0,
271614,1845.5,148.5,134.8,66.3,0.0,0.0,0.0,0,
271714,1862.6,189.0,134.9,66.3,0.0,0.0,0.0,0,
271814,1855.6,182.8,134.2,66.3,0.0,0.0,0.0,0,
271914,1879.1,151.7,135.3,66.7,0.0,0.0,0.0,0,
272014,1854.5,117.8,136.3,67.0,0.0,0.0,0.0,0,
272114,1857.7,104.3,136.1,66.9,0.0,0.0,0.0,0,
272214,1861.6,17.5,136.1,67.1,0.0,0.0,0.0,0,
272314,1861.3,12.8,136.1,66.6,0.0,0.0,0.0,0,
272514,1861.0,13.6,136.1,66.1,0.0,0.0,0.0,0,
272614,1861.4,13.1,136.1,101.7,0.0,0.0,0.0,0,
272714,1860.9,13.6,136.1,141.8,0.0,0.0,0.0,0,
272814,1862.3,13.5,136.1,125.7,0.0,0.0,0.0,0,
272914,1861.0,12.0,136.1,124.6,0.0,0.0,0.0,0,
273014,1861.0,12.1,136.1,118.2,0.0,0.0,0.0,0,
273114,1862.2,66.7,136.1,114.5,0.0,0.0,0.0,0,
273214,1855.4,160.4,135.5,65.8,0.0,0.0,0.0,0,
273314,1875.3,178.4,136.1,66.1,0.0,0.0,0.0,0,
273514,1841.6,173.5,135.9,66.5,0.0,0.0,0.0,0,
273614,1866.4,176.2,136.6,67.0,0.0,0.0,0.0,0,
273714,1855.4,167.8,136.3,67.0,0.0,0.0,0.0,0,
273814,1863.6,19.7,136.2,66.8,0.0,0.0,0.0,0,
273914,1860.8,13.7,136.2,66.7,0.0,0.0,0.0,0,
274014,1862.0,10.5,136.2,66.2,0.0,0.0,0.0,0,
274114,1861.2,11.7,136.2,65.7,0.0,0.0,0.0,0,
274214,1860.4,10.7,136.2,71.6,0.0,0.0,0.0,0,
274314,1860.7,13.3,136.2,94.2,0.0,0.0,0.0,0,
274514,1860.9,11.7,136.2,138.8,0.0,0.0,0.0,0,
274614,1861.5,12.2,136.2,125.9,0.0,0.0,0.0,0,
274714,1861.0,14.1,136.2,135.2,0.0,0.0,0.0,0,
274814,1880.9,103.8,136.2,47.2,0.0,0.0,0.0,0,
274914,1837.8,164.6,136.0,49.8,0.0,0.0,0.0,0,
275014,1866.0,167.2,135.0,65.9,0.0,0.0,0.0,0,
275114,1857.9,176.7,131.6,66.4,0.0,0.0,0.0,0,
275214,1875.9,144.5,131.4,66.6,0.0,0.0,0.0,0,
275314,1858.7,114.1,129.3,66.9,0.0,0.0,0.0,0,
275514,1860.7,13.1,127.3,66.8,0.0,0.0,0.0,0,
275614,1860.3,13.5,127.3,67.2,0.0,0.0,0.0,0,
275714,1860.7,12.3,127.3,68.9,0.0,0.0,0.0,0,
275814,1861.0,12.8,127.3,71.7,0.0,0.0,0.0,0,
275914,1861.9,12.6,127.3,176.4,0.0,0.0,0.0,0,
276014,1861.7,11.9,127.3,214.9,0.0,0.0,0.0,0,
276114,1861.8,13.3,127.3,209.9,0.0,0.0,0.0,0,
276214,1861.2,11.8,127.3,221.0,0.0,0.0,0.0,0,
276314,1860.8,12.7,127.3,190.1,0.0,0.0,0.0,0,
276514,1865.0,183.5,128.1,65.5,0.0,0.0,0.0,0,
276614,1864.5,168.3,128.7,65.9,0.0,0.0,0.0,0,
276714,1872.1,122.4,132.0,66.3,0.0,0.0,0.0,0,
276814,1841.9,167.7,131.1,66.8,0.0,0.0,0.0,0,
276914,1866.3,174.0,132.9,66.8,0.0,0.0,0.0,0,
277014,1864.5,35.2,133.5,67.1,0.0,0.0,0.0,0,
277114,1860.1,13.7,133.5,66.7,0.0,0.0,0.0,0,
277214,1861.2,12.6,133.5,66.3,0.0,0.0,0.0,0,
277314,1861.4,13.7,133.5,66.3,0.0,0.0,0.0,0,
277514,1861.5,11.9,133.5,125.1,0.0,0.0,0.0,0,
277614,1862.5,13.2,133.5,130.4,0.0,0.0,0.0,0,
277714,1861.4,12.1,133.5,166.4,0.0,0.0,0.0,0,
277814,1861.4,12.2,133.5,206.5,0.0,0.0,0.0,0,
277914,1861.2,13.1,133.5,206.2,0.0,0.0,0.0,0,
278014,1860.9,135.4,134.1,68.9,0.0,0.0,0.0,0,
278114,1878.8,119.3,134.0,66.3,0.0,0.0,0.0,0,
278214,1844.4,174.5,133.0,66.4,0.0,0.0,0.0,0,
278314,1857.4,175.9,132.0,66.4,0.0,0.0,0.0,0,
278514,1867.8,153.1,132.5,66.8,0.0,0.0,0.0,0,
278614,1851.3,51.7,132.1,66.9,0.0,0.0,0.0,0,
278714,1860.4,15.0,132.1,66.9,0.0,0.0,0.0,0,
278814,1861.1,13.7,132.1,66.6,0.0,0.0,0.0,0,
278914,1862.1,13.7,132.1,66.2,0.0,0.0,0.0,0,
279014,1861.4,12.1,132.1,66.1,0.0,0.0,0.0,0,
279114,1861.2,12.7,132.1,146.2,0.0,0.0,0.0,0,
279214,1860.0,12.8,132.1,167.0,0.0,0.0,0.0,0,
279314,1861.3,12.2,132.1,185.1,0.0,0.0,0.0,0,
279514,1860.6,14.5,132.1,141.2,0.0,0.0,0.0,0,
279614,1866.9,97.1,132.8,69.0,0.0,0.0,0.0,0,
279714,1855.6,154.6,132.2,42.3,0.0,0.0,0.0,0,
279814,1859.4,178.9,133.3,56.8,0.0,0.0,0.0,0,
279914,1876.3,153.9,131.7,66.2,0.0,0.0,0.0,0,
280014,1857.9,122.4,133.2,66.5,0.0,0.0,0.0,0,
280114,1854.4,164.9,132.4,66.6,0.0,0.0,0.0,0,
280214,1856.5,81.6,132.3,66.8,0.0,0.0,0.0,0,
280314,1860.7,14.9,132.2,66.7,0.0,0.0,0.0,0,
280514,1862.1,11.4,132.2,67.3,0.0,0.0,0.0,0,
280614,1862.3,14.0,132.2,68.5,0.0,0.0,0.0,0,
280714,1861.6,12.5,132.2,140.5,0.0,0.0,0.0,0,
280814,1861.2,11.5,132.2,152.6,0.0,0.0,0.0,0,
280914,1861.7,13.3,132.2,167.3,0.0,0.0,0.0,0,
281014,1861.2,12.8,132.2,190.4,0.0,0.0,0.0,0,
281114,1860.6,13.1,132.3,177.1,0.0,0.0,0.0,0,
281214,1861.8,96.5,132.2,158.8,0.0,0.0,0.0,0,
281314,1873.3,138.6,132.4,57.4,0.0,0.0,0.0,0,
281514,1840.2,164.0,132.2,66.1,0.0,0.0,0.0,0,
281614,1867.1,173.0,131.5,66.5,0.0,0.0,0.0,0,
281714,1851.0,171.3,131.0,66.7,0.0,0.0,0.0,0,
281814,1884.2,128.2,132.4,66.7,0.0,0.0,0.0,0,
281914,1846.8,17.8,131.1,66.8,0.0,0.0,0.0,0,
282014,1861.2,13.4,131.1,66.6,0.0,0.0,0.0,0,
282114,1861.3,13.2,131.1,66.4,0.0,0.0,0.0,0,
282214,1861.2,13.0,131.1,66.6,0.0,0.0,0.0,0,
282314,1861.7,11.8,131.1,74.6,0.0,0.0,0.0,0,
282514,1861.6,12.3,131.1,150.0,0.0,0.0,0.0,0,
282614,1861.3,11.5,131.1,143.0,0.0,0.0,0.0,0,
282714,1861.8,11.8,131.1,124.2,0.0,0.0,0.0,0,
282814,1862.1,10.7,131.1,110.2,0.0,0.0,0.0,0,
282914,1859.1,145.1,131.2,53.9,0.0,0.0,0.0,0,
283014,1862.5,176.3,132.2,65.9,0.0,0.0,0.0,0,
283114,1863.8,180.6,131.5,66.3,0.0,0.0,0.0,0,
283214,1871.4,154.0,134.1,66.5,0.0,0.0,0.0,0,
283314,1861.3,129.1,134.8,66.7,0.0,0.0,0.0,0,
283514,1863.7,25.1,135.1,66.8,0.0,0.0,0.0,0,
283614,1860.7,12.6,135.1,66.6,0.0,0.0,0.0,0,
283714,1861.0,13.0,135.1,66.3,0.0,0.0,0.0,0,
283814,1862.2,12.0,135.1,65.7,0.0,0.0,0.0,0,
283914,1862.5,12.1,135.1,66.3,0.0,0.0,0.0,0,
284014,1860.9,13.1,135.1,147.5,0.0,0.0,0.0,0,
284114,1861.3,11.9,135.1,149.0,0.0,0.0,0.0,0,
284214,1861.8,13.2,135.1,152.8,0.0,0.0,0.0,0,
284314,1861.2,13.3,135.1,151.7,0.0,0.0,0.0,0,
284514,1865.0,150.3,135.4,46.6,0.0,0.0,0.0,0,
284614,1869.2,153.1,134.1,45.2,0.0,0.0,0.0,0,
284714,1865.6,136.1,134.6,65.7,0.0,0.0,0.0,0,
284814,1849.7,169.1,133.7,66.4,0.0,0.0,0.0,0,
284914,1859.3,184.6,133.1,66.6,0.0,0.0,0.0,0,
285014,1861.9,173.3,132.8,66.7,0.0,0.0,0.0,0,
285114,1862.9,36.3,131.8,66.9,0.0,0.0,0.0,0,
285214,1860.9,13.3,131.8,66.7,0.0,0.0,0.0,0,
285314,1861.2,11.7,131.8,66.8,0.0,0.0,0.0,0,
285514,1861.0,12.9,131.8,69.9,0.0,0.0,0.0,0,
285614,1860.7,11.7,131.8,145.7,0.0,0.0,0.0,0,
285714,1861.3,12.8,131.8,147.6,0.0,0.0,0.0,0,
285814,1861.4,12.6,131.8,133.4,0.0,0.0,0.0,0,
285914,1861.8,13.7,131.8,151.0,0.0,0.0,0.0,0,
286014,1863.0,12.4,131.8,174.2,0.0,0.0,0.0,0,
286114,1875.9,99.3,131.9,69.1,0.0,0.0,0.0,0,
286214,1847.0,168.4,132.9,66.3,0.0,0.0,0.0,0,
286314,1860.7,190.4,133.2,66.3,0.0,0.0,0.0,0,
286514,1882.0,141.4,134.2,66.6,0.0,0.0,0.0,0,
286614,1849.6,131.1,134.7,66.8,0.0,0.0,0.0,0,
286714,1857.3,46.0,133.6,66.9,0.0,0.0,0.0,0,
286814,1861.3,13.5,133.6,67.0,0.0,0.0,0.0,0,
286914,1861.5,12.9,133.6,66.6,0.0,0.0,0.0,0,
287014,1860.9,13.4,133.6,66.2,0.0,0.0,0.0,0,
287114,1861.3,11.8,133.6,66.8,0.0,0.0,0.0,0,
287214,1862.2,13.0,133.6,142.6,0.0,0.0,0.0,0,
287314,1862.0,12.5,133.6,146.1,0.0,0.0,0.0,0,
287514,1862.2,12.6,133.6,137.9,0.0,0.0,0.0,0,
287614,1862.1,11.8,133.6,146.8,0.0,0.0,0.0,0,
287714,1863.7,111.4,133.5,66.3,0.0,0.0,0.0,0,
287814,1855.0,181.4,132.9,56.7,0.0,0.0,0.0,0,
287914,1876.0,148.4,135.2,66.1,0.0,0.0,0.0,0,
288014,1859.3,140.6,134.7,66.5,0.0,0.0,0.0,0,
288114,1850.3,175.2,134.5,66.6,0.0,0.0,0.0,0,
288214,1866.7,170.3,133.7,66.8,0.0,0.0,0.0,0,
288314,1852.7,73.0,133.6,66.9,0.0,0.0,0.0,0,
288514,1861.1,13.5,133.6,67.3,0.0,0.0,0.0,0,
288614,1861.0,12.5,133.6,70.2,0.0,0.0,0.0,0,
288714,1861.4,11.8,133.6,73.0,0.0,0.0,0.0,0,
288814,1861.8,12.9,133.6,123.9,0.0,0.0,0.0,0,
288914,1860.5,13.7,133.6,166.1,0.0,0.0,0.0,0,
289014,1861.6,12.3,133.6,149.0,0.0,0.0,0.0,0,
289114,1861.0,12.8,133.6,166.8,0.0,0.0,0.0,0,
289214,1861.5,13.1,133.6,172.9,0.0,0.0,0.0,0,
289314,1866.5,84.8,134.0,183.8,0.0,0.0,0.0,0,
289514,1844.5,171.4,133.0,65.9,0.0,0.0,0.0,0,
289614,1861.3,187.9,132.9,66.2,0.0,0.0,0.0,0,
289714,1865.3,162.5,132.1,66.6,0.0,0.0,0.0,0,
289814,1873.0,135.8,133.1,66.8,0.0,0.0,0.0,0,
289914,1854.5,121.3,133.7,66.9,0.0,0.0,0.0,0,
290014,1855.8,17.0,132.8,67.1,0.0,0.0,0.0,0,
290114,1861.0,12.7,132.8,66.7,0.0,0.0,0.0,0,
290214,1860.7,11.2,132.7,66.6,0.0,0.0,0.0,0,
290314,1860.9,12.4,132.7,67.1,0.0,0.0,0.0,0,
290514,1862.0,12.2,132.7,176.6,0.0,0.0,0.0,0,
290614,1861.5,12.9,132.7,148.4,0.0,0.0,0.0,0,
290714,1861.3,12.8,132.7,124.1,0.0,0.0,0.0,0,
290814,1861.9,11.9,132.7,116.3,0.0,0.0,0.0,0,
290914,1862.0,41.2,132.7,168.2,0.0,0.0,0.0,0,
291014,1859.2,153.5,132.9,50.9,0.0,0.0,0.0,0,
291114,1860.0,189.5,133.0,65.7,0.0,0.0,0.0,0,
291214,1880.4,136.1,132.8,66.3,0.0,0.0,0.0,0,
291314,1851.1,146.5,133.4,66.5,0.0,0.0,0.0,0,
291514,1854.4,177.9,131.4,67.1,0.0,0.0,0.0,0,
291614,1864.0,26.5,131.2,66.9,0.0,0.0,0.0,0,
291714,1859.7,13.6,131.3,67.0,0.0,0.0,0.0,0,
291814,1861.1,12.6,131.3,67.2,0.0,0.0,0.0,0,
291914,1861.3,11.2,131.3,67.7,0.0,0.0,0.0,0,
292014,1862.0,12.1,131.3,69.9,0.0,0.0,0.0,0,
292114,1862.1,12.6,131.3,83.2,0.0,0.0,0.0,0,
292214,1861.8,13.9,131.3,123.7,0.0,0.0,0.0,0,
292314,1861.2,13.0,131.3,167.9,0.0,0.0,0.0,0,
292514,1861.0,12.4,131.3,85.1,0.0,0.0,0.0,0,
292614,1873.0,117.9,131.8,54.3,0.0,0.0,0.0,0,
292714,1862.2,129.2,130.9,56.9,0.0,0.0,0.0,0,
292814,1850.5,170.5,131.7,66.1,0.0,0.0,0.0,0,
292914,1866.3,183.3,131.2,66.5,0.0,0.0,0.0,0,
293014,1856.0,178.5,130.3,66.6,0.0,0.0,0.0,0,
293114,1884.7,125.1,132.1,66.8,0.0,0.0,0.0,0,
293214,1841.8,26.5,130.7,67.0,0.0,0.0,0.0,0,
293314,1860.3,13.8,130.6,66.5,0.0,0.0,0.0,0,
293514,1861.5,12.9,130.6,67.0,0.0,0.0,0.0,0,
293614,1861.3,13.3,130.6,68.6,0.0,0.0,0.0,0,
293714,1861.3,12.7,130.6,123.6,0.0,0.0,0.0,0,
293814,1862.0,14.0,130.7,118.0,0.0,0.0,0.0,0,
293914,1860.9,13.3,130.6,115.1,0.0,0.0,0.0,0,
294014,1861.1,13.0,130.7,134.3,0.0,0.0,0.0,0,
294114,1861.8,14.0,130.7,166.0,0.0,0.0,0.0,0,
294214,1859.3,118.5,130.8,68.8,0.0,0.0,0.0,0,
294314,1867.8,176.8,130.8,66.6,0.0,0.0,0.0,0,
294514,1880.4,138.6,131.1,66.4,0.0,0.0,0.0,0,
294614,1850.2,138.3,131.2,66.6,0.0,0.0,0.0,0,
294714,1852.3,148.3,129.6,66.8,0.0,0.0,0.0,0,
294814,1864.1,39.8,129.5,67.0,0.0,0.0,0.0,0,
294914,1860.9,15.1,129.5,67.0,0.0,0.0,0.0,0,
295014,1861.2,12.9,129.5,66.8,0.0,0.0,0.0,0,
295114,1860.9,13.6,129.5,66.7,0.0,0.0,0.0,0,
295214,1860.9,13.2,129.5,67.0,0.0,0.0,0.0,0,
295314,1862.5,13.5,129.6,177.3,0.0,0.0,0.0,0,
295514,1861.3,12.6,129.5,122.7,0.0,0.0,0.0,0,
295614,1862.0,12.9,129.5,167.6,0.0,0.0,0.0,0,
295714,1861.7,12.9,129.5,176.9,0.0,0.0,0.0,0,
295814,1859.3,137.4,129.6,69.1,0.0,0.0,0.0,0,
295914,1869.0,123.2,130.6,66.0,0.0,0.0,0.0,0,
296014,1866.5,131.3,130.1,66.4,0.0,0.0,0.0,0,
296114,1847.2,161.4,129.4,66.5,0.0,0.0,0.0,0,
296214,1863.6,178.4,127.4,66.5,0.0,0.0,0.0,0,
296314,1860.4,150.7,125.8,66.7,0.0,0.0,0.0,0,
296514,1862.1,14.7,125.3,66.8,0.0,0.0,0.0,0,
296614,1861.3,13.3,125.3,67.0,0.0,0.0,0.0,0,
296714,1861.4,13.4,125.3,67.4,0.0,0.0,0.0,0,
296814,1862.0,13.3,125.3,68.2,0.0,0.0,0.0,0,
296914,1860.7,13.9,125.3,199.9,0.0,0.0,0.0,0,
297014,1861.1,13.6,125.3,168.7,0.0,0.0,0.0,0,
297114,1861.5,12.8,125.3,133.3,0.0,0.0,0.0,0,
297214,1861.4,14.5,125.3,133.2,0.0,0.0,0.0,0,
297314,1862.1,13.1,125.3,145.5,0.0,0.0,0.0,0,
297514,1848.3,143.8,125.5,52.4,0.0,0.0,0.0,0,
297614,1856.1,196.4,125.8,65.7,0.0,0.0,0.0,0,
297714,1865.2,171.6,126.6,66.3,0.0,0.0,0.0,0,
297814,1878.0,135.6,128.2,66.6,0.0,0.0,0.0,0,
297914,1850.8,137.1,129.1,66.6,0.0,0.0,0.0,0,
298014,1859.6,91.6,128.8,66.8,0.0,0.0,0.0,0,
298114,1859.7,17.7,128.7,66.7,0.0,0.0,0.0,0,
298214,1861.4,12.5,128.7,66.5,0.0,0.0,0.0,0,
298314,1861.6,13.6,128.7,66.7,0.0,0.0,0.0,0,
298514,1861.9,14.4,128.7,77.6,0.0,0.0,0.0,0,
298614,1861.9,13.7,128.7,133.1,0.0,0.0,0.0,0,
298714,1861.7,13.8,128.7,144.7,0.0,0.0,0.0,0,
298814,1862.0,14.2,128.7,169.2,0.0,0.0,0.0,0,
298914,1861.7,13.4,128.7,170.3,0.0,0.0,0.0,0,
299014,1862.1,79.6,128.7,165.1,0.0,0.0,0.0,0,
299114,1861.1,154.6,128.8,67.1,0.0,0.0,0.0,0,
299214,1879.7,134.4,129.2,66.4,0.0,0.0,0.0,0,
299314,1848.3,149.0,128.8,66.3,0.0,0.0,0.0,0,
299514,1859.5,193.8,128.5,66.7,0.0,0.0,0.0,0,
299614,1865.7,141.3,129.6,66.7,0.0,0.0,0.0,0,
299714,1860.7,20.3,129.1,66.9,0.0,0.0,0.0,0,
299814,1861.4,12.8,129.1,66.7,0.0,0.0,0.0,0,
299914,1861.7,14.0,129.1,66.6,0.0,0.0,0.0,0,
300014,1861.6,14.8,129.1,66.9,0.0,0.0,0.0,0,
300114,1862.0,14.0,129.1,74.8,0.0,0.0,0.0,0,
300214,1860.6,13.4,129.1,172.3,0.0,0.0,0.0,0,
300314,1861.1,14.0,129.1,155.9,0.0,0.0,0.0,0,
300514,1861.6,13.6,129.1,171.7,0.0,0.0,0.0,0,
300614,1861.8,13.7,129.1,148.4,0.0,0.0,0.0,0,
300714,1869.2,124.3,130.2,66.4,0.0,0.0,0.0,0,
300814,1851.4,165.1,131.7,66.1,0.0,0.0,0.0,0,
300914,1863.5,186.2,131.3,66.4,0.0,0.0,0.0,0,
301014,1855.5,166.7,131.6,66.5,0.0,0.0,0.0,0,
301114,1884.6,139.9,133.0,66.5,0.0,0.0,0.0,0,
301214,1837.8,144.6,132.4,66.9,0.0,0.0,0.0,0,
301314,1861.5,26.8,131.7,66.8,0.0,0.0,0.0,0,
301514,1861.7,13.9,131.7,68.6,0.0,0.0,0.0,0,
301614,1861.6,12.8,131.7,69.5,0.0,0.0,0.0,0,
301714,1861.8,14.2,131.7,71.2,0.0,0.0,0.0,0,
301814,1861.8,13.6,131.7,142.7,0.0,0.0,0.0,0,
301914,1862.1,13.3,131.7,157.8,0.0,0.0,0.0,0,
302014,1862.2,12.8,131.7,178.2,0.0,0.0,0.0,0,
302114,1862.1,14.6,131.7,156.1,0.0,0.0,0.0,0,
302214,1862.6,13.8,131.7,146.7,0.0,0.0,0.0,0,
302314,1865.8,139.3,130.6,55.9,0.0,0.0,0.0,0,
302514,1877.3,143.2,130.4,66.2,0.0,0.0,0.0,0,
302614,1853.9,142.4,130.2,66.6,0.0,0.0,0.0,0,
302714,1849.8,148.2,128.7,66.7,0.0,0.0,0.0,0,
302814,1869.7,192.4,129.2,66.7,0.0,0.0,0.0,0,
302914,1860.3,40.4,129.5,67.1,0.0,0.0,0.0,0,
303014,1860.5,15.1,129.5,66.8,0.0,0.0,0.0,0,
303114,1861.9,12.5,129.5,66.8,0.0,0.0,0.0,0,
303214,1862.3,14.4,129.5,67.4,0.0,0.0,0.0,0,
303314,1862.0,13.5,129.5,69.4,0.0,0.0,0.0,0,
303514,1861.6,14.4,129.5,173.0,0.0,0.0,0.0,0,
303614,1862.0,14.3,129.5,151.7,0.0,0.0,0.0,0,
303714,1863.0,14.6,129.5,174.9,0.0,0.0,0.0,0,
303814,1862.0,14.5,129.5,189.3,0.0,0.0,0.0,0,
303914,1869.6,110.4,130.7,73.1,0.0,0.0,0.0,0,
304014,1869.3,122.2,131.5,66.6,0.0,0.0,0.0,0,
304114,1847.6,160.1,130.9,66.4,0.0,0.0,0.0,0,
304214,1864.5,202.4,130.2,66.3,0.0,0.0,0.0,0,
304314,1861.6,152.6,130.0,66.6,0.0,0.0,0.0,0,
304514,1847.5,60.0,128.5,66.7,0.0,0.0,0.0,0,
304614,1862.9,14.4,128.6,66.8,0.0,0.0,0.0,0,
304714,1861.8,12.4,128.5,66.8,0.0,0.0,0.0,0,
304814,1861.9,14.4,128.5,67.1,0.0,0.0,0.0,0,
304914,1862.4,15.2,128.6,68.9,0.0,0.0,0.0,0,
305014,1860.8,13.0,128.6,147.0,0.0,0.0,0.0,0,
305114,1861.8,13.4,128.6,125.8,0.0,0.0,0.0,0,
305214,1862.3,12.0,128.6,123.6,0.0,0.0,0.0,0,
305314,1861.7,13.4,128.6,117.2,0.0,0.0,0.0,0,
305514,1864.1,104.5,128.7,67.1,0.0,0.0,0.0,0,
305614,1855.3,174.4,128.4,65.8,0.0,0.0,0.0,0,
305714,1865.8,163.7,128.9,66.2,0.0,0.0,0.0,0,
305814,1879.7,150.2,129.8,66.4,0.0,0.0,0.0,0,
305914,1847.6,144.6,130.4,66.5,0.0,0.0,0.0,0,
306014,1861.4,155.8,129.5,66.8,0.0,0.0,0.0,0,
306114,1855.4,95.5,131.5,66.8,0.0,0.0,0.0,0,
306214,1861.6,18.8,131.5,66.7,0.0,0.0,0.0,0,
306314,1861.8,14.1,131.5,66.9,0.0,0.0,0.0,0,
306514,1862.0,12.6,131.5,68.1,0.0,0.0,0.0,0,
306614,1861.6,14.1,131.5,135.1,0.0,0.0,0.0,0,
306714,1862.3,13.8,131.5,167.6,0.0,0.0,0.0,0,
306814,1862.1,13.3,131.5,201.2,0.0,0.0,0.0,0,
306914,1861.8,14.3,131.5,156.7,0.0,0.0,0.0,0,
307014,1862.4,13.2,131.5,151.1,0.0,0.0,0.0,0,
307114,1862.1,97.4,131.5,147.0,0.0,0.0,0.0,0,
307214,1877.7,126.8,131.9,53.5,0.0,0.0,0.0,0,
307314,1853.8,140.7,132.5,65.6,0.0,0.0,0.0,0,
307514,1860.5,194.9,131.0,66.6,0.0,0.0,0.0,0,
307614,1864.8,146.8,130.6,66.5,0.0,0.0,0.0,0,
307714,1878.6,129.9,130.2,66.7,0.0,0.0,0.0,0,
307814,1842.6,19.8,128.8,66.7,0.0,0.0,0.0,0,
307914,1861.0,13.0,128.8,66.5,0.0,0.0,0.0,0,
308014,1862.0,13.2,128.8,66.8,0.0,0.0,0.0,0,
308114,1861.7,14.3,128.8,67.7,0.0,0.0,0.0,0,
308214,1862.0,13.9,128.8,76.0,0.0,0.0,0.0,0,
308314,1861.8,13.7,128.8,125.9,0.0,0.0,0.0,0,
308514,1861.5,11.9,128.8,138.7,0.0,0.0,0.0,0,
308614,1861.7,13.7,128.8,111.3,0.0,0.0,0.0,0,
308714,1861.5,25.8,128.8,99.7,0.0,0.0,0.0,0,
308814,1863.7,134.8,129.2,66.3,0.0,0.0,0.0,0,
308914,1863.1,180.4,127.5,66.1,0.0,0.0,0.0,0,
309014,1855.5,165.0,127.7,66.2,0.0,0.0,0.0,0,
309114,1888.6,156.0,128.9,66.5,0.0,0.0,0.0,0,
309214,1842.0,140.8,129.4,66.7,0.0,0.0,0.0,0,
309314,1863.2,151.9,128.8,66.5,0.0,0.0,0.0,0,
309514,1860.3,13.2,128.9,66.7,0.0,0.0,0.0,0,
309614,1861.8,14.1,128.9,66.7,0.0,0.0,0.0,0,
309714,1861.7,13.6,128.9,67.1,0.0,0.0,0.0,0,
309814,1861.3,13.1,128.9,70.4,0.0,0.0,0.0,0,
309914,1861.7,12.9,128.9,137.4,0.0,0.0,0.0,0,
310014,1861.8,13.7,128.9,144.3,0.0,0.0,0.0,0,
310114,1861.9,12.6,128.9,174.8,0.0,0.0,0.0,0,
310214,1861.2,13.4,128.9,163.6,0.0,0.0,0.0,0,
310314,1861.1,14.5,128.9,145.4,0.0,0.0,0.0,0,
310514,1878.5,148.4,131.4,65.9,0.0,0.0,0.0,0,
310614,1852.4,124.6,131.8,66.2,0.0,0.0,0.0,0,
310714,1849.9,169.1,130.6,66.4,0.0,0.0,0.0,0,
310814,1866.0,198.0,131.0,66.5,0.0,0.0,0.0,0,
310914,1855.8,158.8,132.1,66.7,0.0,0.0,0.0,0,
311014,1863.7,32.3,132.0,66.6,0.0,0.0,0.0,0,
311114,1860.7,14.7,132.0,66.8,0.0,0.0,0.0,0,
311214,1860.7,12.7,132.0,67.1,0.0,0.0,0.0,0,
311314,1861.3,12.0,132.0,67.9,0.0,0.0,0.0,0,
311514,1861.3,12.9,132.0,171.4,0.0,0.0,0.0,0,
311614,1862.0,13.5,132.0,167.7,0.0,0.0,0.0,0,
311714,1860.8,14.4,132.0,202.7,0.0,0.0,0.0,0,
311814,1861.6,17.1,132.0,207.0,0.0,0.0,0.0,0,
311914,1860.6,16.0,132.1,139.0,0.0,0.0,0.0,0,
312014,1878.6,96.1,132.6,67.3,0.0,0.0,0.0,0,
312114,1847.8,147.7,131.3,47.2,0.0,0.0,0.0,0,
312214,1859.9,196.6,129.8,65.7,0.0,0.0,0.0,0,
312314,1864.9,144.9,129.3,66.4,0.0,0.0,0.0,0,
312514,1848.0,108.1,127.3,66.6,0.0,0.0,0.0,0,
312614,1857.4,41.0,126.0,66.8,0.0,0.0,0.0,0,
312714,1860.9,13.8,126.0,66.6,0.0,0.0,0.0,0,
312814,1861.4,13.8,126.0,66.6,0.0,0.0,0.0,0,
312914,1861.9,15.0,126.0,67.0,0.0,0.0,0.0,0,
313014,1861.3,12.8,126.0,68.5,0.0,0.0,0.0,0,
313114,1861.1,13.4,126.0,123.7,0.0,0.0,0.0,0,
313214,1861.4,13.1,126.0,125.3,0.0,0.0,0.0,0,
313314,1861.2,13.2,126.0,132.4,0.0,0.0,0.0,0,
313514,1861.2,15.1,126.0,142.3,0.0,0.0,0.0,0,
313614,1859.1,137.6,125.9,72.5,0.0,0.0,0.0,0,
313714,1863.9,141.3,126.4,66.9,0.0,0.0,0.0,0,
313814,1879.4,139.7,127.3,66.5,0.0,0.0,0.0,0,
313914,1846.8,129.0,127.7,66.4,0.0,0.0,0.0,0,
314014,1860.5,161.2,127.7,66.6,0.0,0.0,0.0,0,
314114,1857.9,188.3,129.2,66.7,0.0,0.0,0.0,0,
314214,1862.7,69.9,129.7,66.5,0.0,0.0,0.0,0,
314314,1862.5,14.5,129.7,66.6,0.0,0.0,0.0,0,
314514,1861.8,12.0,129.7,66.7,0.0,0.0,0.0,0,
314614,1861.4,12.2,129.7,67.3,0.0,0.0,0.0,0,
314714,1861.7,13.4,129.7,134.9,0.0,0.0,0.0,0,
314814,1861.2,13.1,129.7,155.3,0.0,0.0,0.0,0,
314914,1861.4,13.4,129.7,125.5,0.0,0.0,0.0,0,
315014,1861.5,14.2,129.7,151.7,0.0,0.0,0.0,0,
315114,1861.6,13.8,129.7,132.6,0.0,0.0,0.0,0,
315214,1873.1,79.7,130.2,111.8,0.0,0.0,0.0,0,
315314,1854.8,128.6,131.2,65.6,0.0,0.0,0.0,0,
315514,1865.2,193.8,135.4,66.5,0.0,0.0,0.0,0,
315614,1857.7,156.0,135.9,66.5,0.0,0.0,0.0,0,
315714,1884.1,140.2,137.0,66.6,0.0,0.0,0.0,0,
315814,1836.1,107.5,137.4,66.9,0.0,0.0,0.0,0,
315914,1859.6,16.7,136.9,66.7,0.0,0.0,0.0,0,
316014,1862.0,12.0,136.9,66.9,0.0,0.0,0.0,0,
316114,1862.7,12.6,136.9,67.9,0.0,0.0,0.0,0,
316214,1861.5,13.7,136.9,69.2,0.0,0.0,0.0,0,
316314,1861.7,13.8,136.9,79.4,0.0,0.0,0.0,0,
316514,1861.2,13.5,136.9,163.2,0.0,0.0,0.0,0,
316614,1861.7,13.1,136.9,176.1,0.0,0.0,0.0,0,
316714,1861.0,13.0,136.9,123.2,0.0,0.0,0.0,0,
316814,1862.0,55.6,136.9,79.4,0.0,0.0,0.0,0,
316914,1866.2,160.6,136.8,42.1,0.0,0.0,0.0,0,
317014,1856.7,160.9,134.8,44.1,0.0,0.0,0.0,0,
317114,1885.8,159.8,134.6,65.8,0.0,0.0,0.0,0,
317214,1845.2,124.9,134.3,66.5,0.0,0.0,0.0,0,
317314,1856.3,170.3,131.3,66.5,0.0,0.0,0.0,0,
317514,1862.2,20.6,131.7,66.7,0.0,0.0,0.0,0,
317614,1861.1,13.0,131.7,66.6,0.0,0.0,0.0,0,
317714,1861.5,13.4,131.7,66.7,0.0,0.0,0.0,0,
317814,1862.0,13.7,131.7,67.1,0.0,0.0,0.0,0,
317914,1861.2,14.4,131.8,75.6,0.0,0.0,0.0,0,
318014,1861.2,13.7,131.8,143.4,0.0,0.0,0.0,0,
318114,1861.6,12.8,131.8,150.4,0.0,0.0,0.0,0,
318214,1861.3,13.3,131.8,145.7,0.0,0.0,0.0,0,
318314,1861.0,12.7,131.8,117.8,0.0,0.0,0.0,0,
318514,1869.2,129.2,132.8,66.4,0.0,0.0,0.0,0,
318614,1859.6,118.3,133.2,66.2,0.0,0.0,0.0,0,
318714,1853.5,169.1,131.6,66.4,0.0,0.0,0.0,0,
318814,1859.6,187.0,131.2,66.4,0.0,0.0,0.0,0,
318914,1868.5,149.1,131.7,66.6,0.0,0.0,0.0,0,
319014,1878.4,136.8,131.5,66.7,0.0,0.0,0.0,0,
319114,1843.7,25.7,131.5,66.7,0.0,0.0,0.0,0,
319214,1860.9,13.1,131.5,66.7,0.0,0.0,0.0,0,
319314,1862.2,13.0,131.5,66.5,0.0,0.0,0.0,0,
319514,1860.2,12.2,131.5,68.4,0.0,0.0,0.0,0,
319614,1861.4,12.6,131.5,105.0,0.0,0.0,0.0,0,
319714,1861.8,13.0,131.5,133.4,0.0,0.0,0.0,0,
319814,1861.3,12.5,131.5,139.2,0.0,0.0,0.0,0,
319914,1861.8,17.2,131.5,132.0,0.0,0.0,0.0,0,
320014,1861.5,18.3,131.6,84.4,0.0,0.0,0.0,0,
320114,1862.8,137.9,131.8,56.8,0.0,0.0,0.0,0,
320214,1858.9,180.8,132.0,55.4,0.0,0.0,0.0,0,
320314,1864.1,163.1,131.5,65.9,0.0,0.0,0.0,0,
320514,1839.9,146.9,133.3,66.5,0.0,0.0,0.0,0,
320614,1866.7,183.0,133.5,66.6,0.0,0.0,0.0,0,
320714,1857.2,43.0,134.0,66.8,0.0,0.0,0.0,0,
320814,1860.5,13.8,134.0,66.6,0.0,0.0,0.0,0,
320914,1861.0,12.5,134.0,66.6,0.0,0.0,0.0,0,
321014,1861.8,12.9,134.0,67.0,0.0,0.0,0.0,0,
321114,1861.0,11.6,134.0,68.5,0.0,0.0,0.0,0,
321214,1861.0,12.8,134.0,84.7,0.0,0.0,0.0,0,
321314,1861.4,13.4,134.0,115.1,0.0,0.0,0.0,0,
321514,1861.6,12.1,134.0,131.0,0.0,0.0,0.0,0,
321614,1862.5,13.2,133.9,135.0,0.0,0.0,0.0,0,
321714,1858.3,121.2,133.5,73.6,0.0,0.0,0.0,0,
321814,1886.2,136.7,134.1,66.5,0.0,0.0,0.0,0,
321914,1846.2,129.9,135.6,66.3,0.0,0.0,0.0,0,
322014,1857.5,179.8,134.9,66.3,0.0,0.0,0.0,0,
322114,1865.1,180.0,133.8,66.6,0.0,0.0,0.0,0,
322214,1858.5,164.3,134.3,66.6,0.0,0.0,0.0,0,
322314,1861.9,69.9,133.8,66.6,0.0,0.0,0.0,0,
322514,1861.5,13.7,133.8,66.7,0.0,0.0,0.0,0,
322614,1862.2,13.4,133.8,66.9,0.0,0.0,0.0,0,
322714,1861.0,13.1,133.8,68.3,0.0,0.0,0.0,0,
322814,1860.8,11.9,133.8,141.9,0.0,0.0,0.0,0,
322914,1862.2,11.8,133.8,139.9,0.0,0.0,0.0,0,
323014,1861.0,13.3,133.8,148.7,0.0,0.0,0.0,0,
323114,1862.2,13.9,133.8,138.9,0.0,0.0,0.0,0,
323214,1862.5,15.5,133.8,116.6,0.0,0.0,0.0,0,
323314,1871.3,75.9,134.1,89.5,0.0,0.0,0.0,0,
323514,1865.8,173.9,131.2,66.4,0.0,0.0,0.0,0,
323614,1859.2,159.0,130.9,66.5,0.0,0.0,0.0,0,
323714,1885.6,142.3,130.2,66.5,0.0,0.0,0.0,0,
323814,1843.4,124.8,128.3,66.6,0.0,0.0,0.0,0,
323914,1857.9,95.6,126.9,66.6,0.0,0.0,0.0,0,
324014,1860.7,16.9,126.8,66.6,0.0,0.0,0.0,0,
324114,1860.5,13.7,126.8,66.7,0.0,0.0,0.0,0,
324214,1861.1,12.2,126.8,66.8,0.0,0.0,0.0,0,
324314,1861.1,11.7,126.8,67.2,0.0,0.0,0.0,0,
324514,1861.1,13.1,126.9,143.4,0.0,0.0,0.0,0,
324614,1860.9,12.3,126.9,123.9,0.0,0.0,0.0,0,
324714,1861.7,14.1,126.9,123.7,0.0,0.0,0.0,0,
324814,1861.0,13.8,126.8,144.0,0.0,0.0,0.0,0,
324914,1860.9,82.7,126.9,133.0,0.0,0.0,0.0,0,
325014,1861.5,138.7,126.9,53.5,0.0,0.0,0.0,0,
325114,1877.1,138.7,128.6,65.6,0.0,0.0,0.0,0,
325214,1851.0,123.5,128.4,66.2,0.0,0.0,0.0,0,
325314,1855.5,169.6,126.9,66.6,0.0,0.0,0.0,0,
325514,1864.2,138.7,126.9,66.7,0.0,0.0,0.0,0,
325614,1858.3,19.3,126.4,66.7,0.0,0.0,0.0,0,
325714,1860.3,12.7,126.4,66.4,0.0,0.0,0.0,0,
325814,1861.7,11.6,126.4,66.5,0.0,0.0,0.0,0,
325914,1861.5,13.2,126.4,66.9,0.0,0.0,0.0,0,
326014,1861.2,12.4,126.4,72.9,0.0,0.0,0.0,0,
326114,1861.5,11.9,126.4,200.6,0.0,0.0,0.0,0,
326214,1861.3,13.5,126.3,158.6,0.0,0.0,0.0,0,
326314,1862.2,13.9,126.4,149.2,0.0,0.0,0.0,0,
326514,1860.8,17.5,126.4,86.6,0.0,0.0,0.0,0,
326614,1866.6,107.2,127.0,68.6,0.0,0.0,0.0,0,
326714,1858.8,152.1,125.5,66.6,0.0,0.0,0.0,0,
326814,1855.7,187.0,125.6,66.4,0.0,0.0,0.0,0,
326914,1869.2,153.4,125.2,66.4,0.0,0.0,0.0,0,
327014,1875.7,122.8,124.8,66.7,0.0,0.0,0.0,0,
327114,1845.0,119.8,122.9,66.6,0.0,0.0,0.0,0,
327214,1861.9,23.5,122.5,66.7,0.0,0.0,0.0,0,
327314,1860.5,14.2,122.5,66.5,0.0,0.0,0.0,0,
327514,1861.2,12.4,122.5,65.5,0.0,0.0,0.0,0,
327614,1862.0,12.9,122.5,67.6,0.0,0.0,0.0,0,
327714,1861.5,13.7,122.5,137.2,0.0,0.0,0.0,0,
327814,1861.6,12.8,122.5,155.7,0.0,0.0,0.0,0,
327914,1861.8,13.1,122.5,117.9,0.0,0.0,0.0,0,
328014,1861.7,12.7,122.5,176.5,0.0,0.0,0.0,0,
328114,1861.8,13.9,122.5,177.1,0.0,0.0,0.0,0,
328214,1861.7,148.3,123.1,54.8,0.0,0.0,0.0,0,
328314,1857.9,154.7,123.8,53.6,0.0,0.0,0.0,0,
328514,1839.9,135.8,125.8,66.4,0.0,0.0,0.0,0,
328614,1861.1,162.8,125.5,66.5,0.0,0.0,0.0,0,
328714,1861.5,155.4,127.1,66.8,0.0,0.0,0.0,0,
328814,1858.0,29.9,126.7,66.7,0.0,0.0,0.0,0,
328914,1861.1,14.0,126.7,66.6,0.0,0.0,0.0,0,
329014,1861.1,13.6,126.7,66.9,0.0,0.0,0.0,0,
329114,1861.8,13.7,126.7,67.3,0.0,0.0,0.0,0,
329214,1862.1,13.8,126.7,69.9,0.0,0.0,0.0,0,
329314,1861.8,13.8,126.7,154.9,0.0,0.0,0.0,0,
329514,1861.4,13.9,126.7,134.2,0.0,0.0,0.0,0,
329614,1861.2,13.3,126.7,144.7,0.0,0.0,0.0,0,
329714,1862.2,13.5,126.7,172.0,0.0,0.0,0.0,0,
329814,1879.3,100.6,127.3,68.3,0.0,0.0,0.0,0,
329914,1855.5,110.3,126.4,52.9,0.0,0.0,0.0,0,
330014,1852.1,172.7,125.1,65.8,0.0,0.0,0.0,0,
330114,1864.4,178.4,127.4,66.3,0.0,0.0,0.0,0,
330214,1862.7,151.4,126.6,66.6,0.0,0.0,0.0,0,
330314,1875.1,119.2,126.7,66.5,0.0,0.0,0.0,0,
330514,1860.4,13.9,125.7,66.8,0.0,0.0,0.0,0,
330614,1861.8,13.8,125.7,66.4,0.0,0.0,0.0,0,
330714,1861.8,13.8,125.7,66.2,0.0,0.0,0.0,0,
330814,1861.3,12.6,125.7,66.4,0.0,0.0,0.0,0,
330914,1862.0,12.2,125.7,197.4,0.0,0.0,0.0,0,
331014,1861.4,11.9,125.7,175.0,0.0,0.0,0.0,0,
331114,1861.5,13.6,125.7,176.3,0.0,0.0,0.0,0,
331214,1861.1,12.4,125.7,187.9,0.0,0.0,0.0,0,
331314,1862.1,16.2,125.7,152.6,0.0,0.0,0.0,0,
331514,1856.4,156.2,127.0,67.4,0.0,0.0,0.0,0,
331614,1868.6,155.1,125.3,66.8,0.0,0.0,0.0,0,
331714,1874.9,144.1,126.0,66.6,0.0,0.0,0.0,0,
331814,1843.7,125.6,124.4,66.5,0.0,0.0,0.0,0,
331914,1864.6,172.6,122.6,66.7,0.0,0.0,0.0,0,
332014,1854.0,78.9,123.8,66.7,0.0,0.0,0.0,0,
332114,1861.8,15.5,123.8,66.8,0.0,0.0,0.0,0,
332214,1862.0,12.9,123.8,67.0,0.0,0.0,0.0,0,
332314,1861.0,12.5,123.8,67.4,0.0,0.0,0.0,0,
332514,1862.0,12.9,123.8,131.2,0.0,0.0,0.0,0,
332614,1862.1,12.8,123.8,153.2,0.0,0.0,0.0,0,
332714,1861.8,13.8,123.8,153.8,0.0,0.0,0.0,0,
332814,1862.1,14.2,123.8,158.2,0.0,0.0,0.0,0,
332914,1861.7,12.7,123.8,177.5,0.0,0.0,0.0,0,
333014,1863.8,88.1,123.9,175.3,0.0,0.0,0.0,0,
333114,1877.5,118.4,124.1,50.9,0.0,0.0,0.0,0,
333214,1843.6,123.6,123.2,65.7,0.0,0.0,0.0,0,
333314,1866.5,161.3,120.9,66.3,0.0,0.0,0.0,0,
333514,1868.4,142.0,120.6,66.5,0.0,0.0,0.0,0,
333614,1872.7,125.7,121.0,66.8,0.0,0.0,0.0,0,
333714,1846.8,18.6,120.7,66.8,0.0,0.0,0.0,0,
333814,1861.2,13.9,120.7,66.7,0.0,0.0,0.0,0,
333914,1862.0,13.4,120.7,67.2,0.0,0.0,0.0,0,
334014,1861.5,13.7,120.7,68.6,0.0,0.0,0.0,0,
334114,1861.4,13.7,120.7,78.6,0.0,0.0,0.0,0,
334214,1860.5,13.0,120.7,210.0,0.0,0.0,0.0,0,
334314,1861.9,13.9,120.7,209.3,0.0,0.0,0.0,0,
334514,1862.8,16.7,120.7,158.5,0.0,0.0,0.0,0,
334614,1862.0,33.3,120.8,122.3,0.0,0.0,0.0,0,
334714,1860.3,151.1,121.7,67.8,0.0,0.0,0.0,0,
334814,1865.5,171.1,124.4,66.2,0.0,0.0,0.0,0,
334914,1858.2,175.4,126.5,66.1,0.0,0.0,0.0,0,
335014,1884.0,148.0,130.1,66.4,0.0,0.0,0.0,0,
335114,1839.0,163.6,131.3,66.7,0.0,0.0,0.0,0,
335214,1865.7,179.7,132.9,66.7,0.0,0.0,0.0,0,
335314,1860.2,23.0,133.2,66.8,0.0,0.0,0.0,0,
335514,1862.3,14.2,133.1,66.8,0.0,0.0,0.0,0,
335614,1862.4,13.7,133.1,67.3,0.0,0.0,0.0,0,
335714,1861.2,13.4,133.2,72.7,0.0,0.0,0.0,0,
335814,1862.2,14.5,133.1,169.7,0.0,0.0,0.0,0,
335914,1861.7,13.7,133.1,190.1,0.0,0.0,0.0,0,
336014,1862.1,13.3,133.2,178.4,0.0,0.0,0.0,0,
336114,1861.5,13.7,133.1,166.6,0.0,0.0,0.0,0,
336214,1861.8,13.1,133.1,167.6,0.0,0.0,0.0,0,
336314,1854.4,133.9,132.9,66.6,0.0,0.0,0.0,0,
336514,1843.1,134.6,132.7,66.6,0.0,0.0,0.0,0,
336614,1857.4,185.0,131.8,66.5,0.0,0.0,0.0,0,
336714,1863.1,163.1,132.4,66.5,0.0,0.0,0.0,0,
336814,1861.6,155.8,130.3,66.7,0.0,0.0,0.0,0,
336914,1857.4,32.9,129.6,66.7,0.0,0.0,0.0,0,
337014,1859.9,14.2,129.6,66.9,0.0,0.0,0.0,0,
337114,1861.5,13.5,129.6,67.4,0.0,0.0,0.0,0,
337214,1862.1,14.6,129.6,68.7,0.0,0.0,0.0,0,
337314,1861.9,14.7,129.6,70.9,0.0,0.0,0.0,0,
337514,1862.1,13.2,129.6,158.7,0.0,0.0,0.0,0,
337614,1862.5,13.1,129.6,174.2,0.0,0.0,0.0,0,
337714,1860.9,14.3,129.6,187.7,0.0,0.0,0.0,0,
337814,1860.5,16.6,129.7,189.0,0.0,0.0,0.0,0,
337914,1872.1,101.6,130.5,57.5,0.0,0.0,0.0,0,
338014,1854.0,164.2,129.3,56.0,0.0,0.0,0.0,0,
338114,1860.3,190.8,130.7,66.0,0.0,0.0,0.0,0,
338214,1867.8,160.0,129.8,66.5,0.0,0.0,0.0,0,
338314,1871.4,144.6,131.0,66.6,0.0,0.0,0.0,0,
338514,1858.8,48.7,131.7,66.8,0.0,0.0,0.0,0,
338614,1860.3,17.8,131.7,66.7,0.0,0.0,0.0,0,
338714,1861.3,14.5,131.7,66.9,0.0,0.0,0.0,0,
338814,1861.7,14.8,131.7,68.2,0.0,0.0,0.0,0,
338914,1861.7,13.6,131.7,70.2,0.0,0.0,0.0,0,
339014,1860.9,12.9,131.7,113.9,0.0,0.0,0.0,0,
339114,1861.8,15.3,131.7,132.0,0.0,0.0,0.0,0,
339214,1861.3,13.3,131.7,156.5,0.0,0.0,0.0,0,
339314,1861.6,14.8,131.7,183.9,0.0,0.0,0.0,0,
339514,1860.7,140.9,132.0,74.8,0.0,0.0,0.0,0,
339614,1864.2,147.9,131.6,67.4,0.0,0.0,0.0,0,
339714,1882.9,153.0,131.7,66.9,0.0,0.0,0.0,0,
339814,1836.7,155.5,131.9,66.6,0.0,0.0,0.0,0,
339914,1868.2,177.0,131.6,66.6,0.0,0.0,0.0,0,
340014,1851.4,166.5,130.5,66.6,0.0,0.0,0.0,0,
340114,1862.4,71.7,130.3,66.6,0.0,0.0,0.0,0,
340214,1862.9,17.6,130.3,66.8,0.0,0.0,0.0,0,
340314,1860.7,14.7,130.3,66.8,0.0,0.0,0.0,0,
340514,1861.5,13.8,130.3,68.3,0.0,0.0,0.0,0,
340614,1862.0,14.1,130.3,76.6,0.0,0.0,0.0,0,
340714,1861.5,13.1,130.3,178.5,0.0,0.0,0.0,0,
340814,1861.3,13.2,130.3,189.6,0.0,0.0,0.0,0,
340914,1861.8,13.6,130.3,173.7,0.0,0.0,0.0,0,
341014,1860.8,11.7,130.3,178.4,0.0,0.0,0.0,0,
341114,1880.4,83.2,131.0,99.1,0.0,0.0,0.0,0,
341214,1845.8,118.8,130.4,65.5,0.0,0.0,0.0,0,
341314,1854.1,171.9,128.9,66.0,0.0,0.0,0.0,0,
341514,1859.8,168.6,129.0,66.5,0.0,0.0,0.0,0,
341614,1876.5,140.7,129.6,66.4,0.0,0.0,0.0,0,
341714,1846.1,113.4,127.8,66.6,0.0,0.0,0.0,0,
341814,1859.3,18.8,127.8,66.7,0.0,0.0,0.0,0,
341914,1861.0,12.9,127.8,66.8,0.0,0.0,0.0,0,
342014,1860.9,13.7,127.8,67.5,0.0,0.0,0.0,0,
342114,1862.0,13.4,127.8,69.3,0.0,0.0,0.0,0,
342214,1860.8,13.0,127.8,103.1,0.0,0.0,0.0,0,
342314,1861.1,14.0,127.8,170.7,0.0,0.0,0.0,0,
342514,1860.4,14.2,127.8,145.2,0.0,0.0,0.0,0,
342614,1861.2,14.2,127.8,195.0,0.0,0.0,0.0,0,
342714,1862.1,75.4,127.8,158.8,0.0,0.0,0.0,0,
342814,1863.0,149.7,128.5,66.4,0.0,0.0,0.0,0,
342914,1864.8,153.5,128.0,66.1,0.0,0.0,0.0,0,
343014,1873.7,137.5,128.5,66.2,0.0,0.0,0.0,0,
343114,1846.7,150.0,127.2,66.4,0.0,0.0,0.0,0,
343214,1859.5,182.5,126.9,66.7,0.0,0.0,0.0,0,
343314,1858.2,158.0,126.7,66.6,0.0,0.0,0.0,0,
343514,1861.1,13.8,126.5,66.7,0.0,0.0,0.0,0,
343614,1862.0,13.9,126.5,66.9,0.0,0.0,0.0,0,
343714,1860.9,13.2,126.5,67.7,0.0,0.0,0.0,0,
343814,1861.3,14.3,126.5,72.8,0.0,0.0,0.0,0,
343914,1861.2,15.2,126.5,199.5,0.0,0.0,0.0,0,
344014,1862.0,13.8,126.5,177.9,0.0,0.0,0.0,0,
344114,1860.7,13.3,126.5,142.0,0.0,0.0,0.0,0,
344214,1862.0,14.9,126.5,123.0,0.0,0.0,0.0,0,
344314,1861.6,13.2,126.5,142.6,0.0,0.0,0.0,0,
344514,1842.1,141.8,127.8,66.3,0.0,0.0,0.0,0,
344614,1864.9,168.5,127.5,66.5,0.0,0.0,0.0,0,
344714,1855.9,178.5,128.0,66.5,0.0,0.0,0.0,0,
344814,1871.2,157.3,129.2,66.5,0.0,0.0,0.0,0,
344914,1862.3,135.6,130.2,66.7,0.0,0.0,0.0,0,
345014,1848.1,28.1,129.8,66.6,0.0,0.0,0.0,0,
345114,1860.1,15.3,129.8,66.7,0.0,0.0,0.0,0,
345214,1861.4,14.1,129.8,67.3,0.0,0.0,0.0,0,
345314,1861.1,14.4,129.8,69.0,0.0,0.0,0.0,0,
345514,1861.6,12.7,129.8,143.9,0.0,0.0,0.0,0,
345614,1861.1,14.4,129.8,117.6,0.0,0.0,0.0,0,
345714,1861.1,14.5,129.8,109.0,0.0,0.0,0.0,0,
345814,1862.1,13.6,129.8,84.4,0.0,0.0,0.0,0,
345914,1860.6,16.8,129.8,87.2,0.0,0.0,0.0,0,
346014,1864.2,140.5,130.0,67.3,0.0,0.0,0.0,0,
346114,1862.8,158.3,130.0,66.4,0.0,0.0,0.0,0,
346214,1860.1,163.1,129.8,66.3,0.0,0.0,0.0,0,
346314,1876.4,138.0,131.4,66.4,0.0,0.0,0.0,0,
346514,1866.0,195.4,130.0,66.5,0.0,0.0,0.0,0,
346614,1859.2,41.2,130.4,66.7,0.0,0.0,0.0,0,
346714,1859.6,12.7,130.4,66.8,0.0,0.0,0.0,0,
346814,1862.2,13.6,130.4,66.9,0.0,0.0,0.0,0,
346914,1861.5,13.4,130.4,67.3,0.0,0.0,0.0,0,
347014,1861.0,13.4,130.4,68.9,0.0,0.0,0.0,0,
347114,1861.4,13.1,130.4,108.3,0.0,0.0,0.0,0,
347214,1861.2,14.9,130.4,110.2,0.0,0.0,0.0,0,
347314,1860.8,13.0,130.4,135.6,0.0,0.0,0.0,0,
347514,1861.7,14.2,130.4,147.3,0.0,0.0,0.0,0,
347614,1858.1,119.7,130.2,76.5,0.0,0.0,0.0,0,
347714,1874.8,117.6,130.6,67.5,0.0,0.0,0.0,0,
347814,1847.3,148.4,130.2,67.0,0.0,0.0,0.0,0,
347914,1860.8,188.5,128.8,66.7,0.0,0.0,0.0,0,
348014,1858.2,166.8,129.0,66.5,0.0,0.0,0.0,0,
348114,1870.6,158.8,129.0,66.7,0.0,0.0,0.0,0,
348214,1848.1,62.4,128.7,66.7,0.0,0.0,0.0,0,
348314,1860.8,15.4,128.7,66.7,0.0,0.0,0.0,0,
348514,1862.0,13.5,128.7,68.3,0.0,0.0,0.0,0,
348614,1860.8,15.0,128.7,69.9,0.0,0.0,0.0,0,
348714,1860.5,13.0,128.7,111.7,0.0,0.0,0.0,0,
348814,1861.0,12.4,128.7,115.6,0.0,0.0,0.0,0,
348914,1861.3,13.2,128.7,133.4,0.0,0.0,0.0,0,
349014,1861.8,15.4,128.7,146.2,0.0,0.0,0.0,0,
349114,1860.9,11.7,128.7,172.6,0.0,0.0,0.0,0,
349214,1868.4,86.8,129.1,75.1,0.0,0.0,0.0,0,
349314,1860.7,154.9,128.3,53.2,0.0,0.0,0.0,0,
349514,1872.3,167.2,130.1,66.4,0.0,0.0,0.0,0,
349614,1865.9,128.3,130.4,66.6,0.0,0.0,0.0,0,
349714,1850.4,174.0,130.2,66.5,0.0,0.0,0.0,0,
349814,1864.4,100.1,130.0,66.6,0.0,0.0,0.0,0,
349914,1856.8,18.1,130.1,66.7,0.0,0.0,0.0,0,
350014,1860.8,12.1,130.1,66.7,0.0,0.0,0.0,0,
350114,1861.2,13.8,130.1,66.9,0.0,0.0,0.0,0,
350214,1861.2,18.1,130.1,67.7,0.0,0.0,0.0,0,
350314,1860.6,14.4,130.1,91.6,0.0,0.0,0.0,0,
350514,1861.5,15.0,130.1,84.1,0.0,0.0,0.0,0,
350614,1861.4,13.8,130.1,92.5,0.0,0.0,0.0,0,
350714,1860.8,13.5,130.1,98.9,0.0,0.0,0.0,0,
350814,1861.5,89.2,130.1,98.9,0.0,0.0,0.0,0,
350914,1857.3,130.1,130.3,67.2,0.0,0.0,0.0,0,
351014,1879.4,118.6,129.6,66.8,0.0,0.0,0.0,0,
351114,1843.0,158.2,127.1,66.6,0.0,0.0,0.0,0,
351214,1861.2,187.3,128.0,66.5,0.0,0.0,0.0,0,
351314,1860.7,158.4,127.1,66.6,0.0,0.0,0.0,0,
351514,1847.6,21.1,128.3,66.6,0.0,0.0,0.0,0,
351614,1860.6,13.9,128.3,67.0,0.0,0.0,0.0,0,
351714,1862.1,14.6,128.3,67.8,0.0,0.0,0.0,0,
351814,1861.0,13.2,128.3,69.2,0.0,0.0,0.0,0,
351914,1861.8,14.5,128.3,74.9,0.0,0.0,0.0,0,
352014,1861.8,13.2,128.3,108.6,0.0,0.0,0.0,0,
352114,1861.2,12.1,128.3,125.3,0.0,0.0,0.0,0,
352214,1861.3,12.4,128.2,123.1,0.0,0.0,0.0,0,
352314,1861.4,12.6,128.2,125.4,0.0,0.0,0.0,0,
352514,1868.9,121.8,127.9,67.2,0.0,0.0,0.0,0,
352614,1862.4,166.8,127.8,66.7,0.0,0.0,0.0,0,
352714,1852.3,168.9,127.8,66.5,0.0,0.0,0.0,0,
352814,1878.2,155.9,128.7,66.6,0.0,0.0,0.0,0,
352914,1854.8,123.6,129.3,66.7,0.0,0.0,0.0,0,
353014,1856.8,179.4,128.4,66.6,0.0,0.0,0.0,0,
353114,1859.0,25.6,127.9,66.7,0.0,0.0,0.0,0,
353214,1861.0,14.6,127.9,66.6,0.0,0.0,0.0,0,
353314,1861.4,13.6,127.9,66.7,0.0,0.0,0.0,0,
353514,1861.5,14.8,127.9,71.1,0.0,0.0,0.0,0,
353614,1860.1,12.8,127.9,116.5,0.0,0.0,0.0,0,
353714,1861.2,14.3,127.9,109.1,0.0,0.0,0.0,0,
353814,1861.3,13.9,127.9,134.8,0.0,0.0,0.0,0,
353914,1861.7,12.3,127.9,145.7,0.0,0.0,0.0,0,
354014,1861.1,15.4,127.9,133.7,0.0,0.0,0.0,0,
354114,1857.5,145.4,128.4,66.0,0.0,0.0,0.0,0,
354214,1869.0,146.6,129.4,66.3,0.0,0.0,0.0,0,
354314,1870.4,116.0,130.0,66.5,0.0,0.0,0.0,0,
354514,1868.8,182.9,130.3,66.5,0.0,0.0,0.0,0,
354614,1854.7,166.0,129.6,66.6,0.0,0.0,0.0,0,
354714,1859.1,38.0,128.9,66.6,0.0,0.0,0.0,0,
354814,1858.8,14.1,128.9,66.7,0.0,0.0,0.0,0,
354914,1861.1,13.3,128.9,67.2,0.0,0.0,0.0,0,
355014,1861.6,14.1,128.9,68.7,0.0,0.0,0.0,0,
355114,1861.3,11.9,128.9,71.1,0.0,0.0,0.0,0,
355214,1860.5,13.1,128.9,133.7,0.0,0.0,0.0,0,
355314,1860.9,14.2,128.9,139.2,0.0,0.0,0.0,0,
355514,1859.9,12.5,128.8,138.9,0.0,0.0,0.0,0,
355614,1861.4,13.8,128.8,146.4,0.0,0.0,0.0,0,
355714,1881.7,99.9,129.5,57.5,0.0,0.0,0.0,0,
355814,1846.0,139.9,128.6,56.8,0.0,0.0,0.0,0,
355914,1854.8,184.4,129.2,65.9,0.0,0.0,0.0,0,
356014,1865.6,156.9,129.1,66.4,0.0,0.0,0.0,0,
356114,1870.7,164.6,129.6,66.7,0.0,0.0,0.0,0,
356214,1858.0,125.8,130.6,66.6,0.0,0.0,0.0,0,
356314,1855.0,49.5,128.8,66.8,0.0,0.0,0.0,0,
356514,1862.7,14.5,128.8,66.8,0.0,0.0,0.0,0,
356614,1861.5,12.4,128.8,67.4,0.0,0.0,0.0,0,
356714,1861.1,12.6,128.8,69.2,0.0,0.0,0.0,0,
356814,1861.1,13.6,128.8,122.3,0.0,0.0,0.0,0,
356914,1861.0,14.6,128.8,147.7,0.0,0.0,0.0,0,
357014,1861.2,12.4,128.8,167.9,0.0,0.0,0.0,0,
357114,1861.0,14.1,128.8,112.4,0.0,0.0,0.0,0,
357214,1860.8,14.4,128.8,112.6,0.0,0.0,0.0,0,
357314,1861.9,125.6,129.1,73.9,0.0,0.0,0.0,0,
357514,1877.5,151.4,129.7,66.9,0.0,0.0,0.0,0,
357614,1856.0,127.5,130.2,66.6,0.0,0.0,0.0,0,
357714,1853.8,181.5,129.1,66.5,0.0,0.0,0.0,0,
357814,1860.7,183.4,129.1,66.7,0.0,0.0,0.0,0,
357914,1855.7,81.8,129.6,66.6,0.0,0.0,0.0,0,
358014,1863.4,18.8,129.6,66.7,0.0,0.0,0.0,0,
358114,1860.6,10.7,129.6,67.0,0.0,0.0,0.0,0,
358214,1860.7,13.0,129.6,67.6,0.0,0.0,0.0,0,
358314,1860.8,13.1,129.6,69.2,0.0,0.0,0.0,0,
358514,1860.3,13.0,129.6,104.0,0.0,0.0,0.0,0,
358614,1861.1,16.3,129.6,91.6,0.0,0.0,0.0,0,
358714,1861.3,11.9,129.6,106.8,0.0,0.0,0.0,0,
358814,1861.1,12.9,129.6,102.4,0.0,0.0,0.0,0,
358914,1870.5,91.4,130.0,112.1,0.0,0.0,0.0,0,
359014,1872.9,113.9,131.0,50.8,0.0,0.0,0.0,0,
359114,1839.1,171.2,131.5,65.5,0.0,0.0,0.0,0,
359214,1867.9,185.6,132.0,66.1,0.0,0.0,0.0,0,
359314,1857.0,166.4,131.3,66.5,0.0,0.0,0.0,0,
359514,1849.8,123.9,132.7,66.7,0.0,0.0,0.0,0,
359614,1857.1,17.7,131.5,66.6,0.0,0.0,0.0,0,
359714,1860.5,10.3,131.5,66.6,0.0,0.0,0.0,0,
359814,1861.4,14.9,131.5,67.1,0.0,0.0,0.0,0,
359914,1861.2,13.3,131.5,68.7,0.0,0.0,0.0,0,
360014,1859.7,13.0,131.5,76.2,0.0,0.0,0.0,0,
360114,1861.0,14.4,131.5,109.2,0.0,0.0,0.0,0,
360214,1860.4,12.7,131.5,117.9,0.0,0.0,0.0,0,
360314,1861.2,12.4,131.5,114.0,0.0,0.0,0.0,0,
360514,1861.2,51.2,131.5,115.4,0.0,0.0,0.0,0,
360614,1856.8,160.2,132.2,66.0,0.0,0.0,0.0,0,
360714,1865.3,158.5,131.8,66.2,0.0,0.0,0.0,0,
360814,1873.1,158.6,131.8,66.4,0.0,0.0,0.0,0,
360914,1856.3,139.3,134.1,66.5,0.0,0.0,0.0,0,
361014,1858.6,183.4,132.5,66.7,0.0,0.0,0.0,0,
361114,1854.7,187.1,133.6,66.7,0.0,0.0,0.0,0,
361214,1861.9,22.7,133.5,66.6,0.0,0.0,0.0,0,
361314,1862.3,13.5,133.5,66.8,0.0,0.0,0.0,0,
361514,1860.3,12.3,133.5,67.9,0.0,0.0,0.0,0,
361614,1860.2,15.1,133.5,74.0,0.0,0.0,0.0,0,
361714,1861.4,13.1,133.5,113.1,0.0,0.0,0.0,0,
361814,1861.3,12.9,133.5,103.1,0.0,0.0,0.0,0,
361914,1862.1,13.0,133.5,102.1,0.0,0.0,0.0,0,
362014,1861.5,15.1,133.5,130.0,0.0,0.0,0.0,0,
362114,1861.8,16.0,133.5,152.4,0.0,0.0,0.0,0,
362214,1875.2,126.8,133.5,66.2,0.0,0.0,0.0,0,
362314,1859.3,115.6,132.5,65.6,0.0,0.0,0.0,0,
362514,1865.6,184.5,130.1,66.5,0.0,0.0,0.0,0,
362614,1852.6,164.6,129.3,66.5,0.0,0.0,0.0,0,
362714,1884.8,156.6,129.8,66.5,0.0,0.0,0.0,0,
362814,1844.8,31.6,129.0,66.7,0.0,0.0,0.0,0,
362914,1860.7,13.4,129.0,66.7,0.0,0.0,0.0,0,
363014,1861.6,12.0,129.0,67.0,0.0,0.0,0.0,0,
363114,1861.4,12.8,129.0,67.6,0.0,0.0,0.0,0,
363214,1860.9,12.5,129.0,69.7,0.0,0.0,0.0,0,
363314,1861.0,12.7,129.0,134.3,0.0,0.0,0.0,0,
363514,1860.6,11.8,129.0,141.6,0.0,0.0,0.0,0,
363614,1860.8,12.9,129.0,144.1,0.0,0.0,0.0,0,
363714,1860.6,17.7,128.9,115.7,0.0,0.0,0.0,0,
363814,1859.3,139.6,128.4,69.2,0.0,0.0,0.0,0,
363914,1858.2,162.0,128.7,67.1,0.0,0.0,0.0,0,
364014,1863.2,158.8,128.6,66.8,0.0,0.0,0.0,0,
364114,1874.2,152.1,129.9,66.7,0.0,0.0,0.0,0,
364214,1851.4,117.1,128.6,66.6,0.0,0.0,0.0,0,
364314,1859.2,177.4,127.2,66.7,0.0,0.0,0.0,0,
364514,1858.9,14.2,126.9,66.8,0.0,0.0,0.0,0,
364614,1860.4,13.2,126.9,67.3,0.0,0.0,0.0,0,
364714,1860.7,11.8,126.9,68.8,0.0,0.0,0.0,0,
364814,1860.7,12.1,126.9,70.6,0.0,0.0,0.0,0,
364914,1862.2,14.5,126.9,156.3,0.0,0.0,0.0,0,
365014,1860.5,11.9,126.9,140.6,0.0,0.0,0.0,0,
365114,1861.5,13.3,126.9,125.2,0.0,0.0,0.0,0,
365214,1860.9,12.9,126.9,100.2,0.0,0.0,0.0,0,
365314,1860.8,13.2,126.9,101.8,0.0,0.0,0.0,0,
365514,1881.0,129.1,127.7,67.2,0.0,0.0,0.0,0,
365614,1850.1,129.7,128.4,66.6,0.0,0.0,0.0,0,
365714,1859.5,176.1,129.4,66.5,0.0,0.0,0.0,0,
365814,1861.8,177.0,128.7,66.7,0.0,0.0,0.0,0,
365914,1857.6,168.7,129.6,66.7,0.0,0.0,0.0,0,
366014,1863.3,64.3,129.5,66.7,0.0,0.0,0.0,0,
366114,1861.6,16.0,129.5,66.7,0.0,0.0,0.0,0,
366214,1860.7,13.6,129.5,66.7,0.0,0.0,0.0,0,
366314,1861.5,11.5,129.5,66.9,0.0,0.0,0.0,0,
366514,1861.3,11.2,129.5,100.9,0.0,0.0,0.0,0,
366614,1861.4,12.4,129.5,107.4,0.0,0.0,0.0,0,
366714,1861.3,13.4,129.5,123.2,0.0,0.0,0.0,0,
366814,1861.3,13.3,129.5,125.2,0.0,0.0,0.0,0,
366914,1861.1,12.9,129.5,131.9,0.0,0.0,0.0,0,
367014,1874.7,79.0,129.6,88.6,0.0,0.0,0.0,0,
367114,1843.4,159.3,129.9,66.1,0.0,0.0,0.0,0,
367214,1862.9,171.3,130.2,66.4,0.0,0.0,0.0,0,
367314,1862.1,158.0,128.5,66.6,0.0,0.0,0.0,0,
367514,1849.5,129.1,128.4,66.6,0.0,0.0,0.0,0,
367614,1857.7,107.7,128.0,66.7,0.0,0.0,0.0,0,
367714,1858.4,18.3,128.1,66.7,0.0,0.0,0.0,0,
367814,1861.5,13.7,128.1,67.1,0.0,0.0,0.0,0,
367914,1861.0,14.2,128.1,68.7,0.0,0.0,0.0,0,
368014,1861.1,11.9,128.1,71.1,0.0,0.0,0.0,0,
368114,1861.3,12.0,128.1,83.2,0.0,0.0,0.0,0,
368214,1860.5,13.8,128.1,133.3,0.0,0.0,0.0,0,
368314,1861.1,13.1,128.1,103.9,0.0,0.0,0.0,0,
368514,1861.8,13.8,128.1,164.9,0.0,0.0,0.0,0,
368614,1861.2,85.8,128.1,173.8,0.0,0.0,0.0,0,
368714,1859.6,140.8,128.2,67.4,0.0,0.0,0.0,0,
368814,1882.2,134.9,129.2,66.7,0.0,0.0,0.0,0,
368914,1844.3,128.4,129.0,66.5,0.0,0.0,0.0,0,
369014,1860.8,161.0,127.0,66.6,0.0,0.0,0.0,0,
369114,1858.3,169.3,128.4,66.7,0.0,0.0,0.0,0,
369214,1862.8,168.5,128.3,66.6,0.0,0.0,0.0,0,
369314,1860.7,21.3,128.0,66.7,0.0,0.0,0.0,0,
369514,1860.9,12.8,128.0,66.8,0.0,0.0,0.0,0,
369614,1860.8,12.3,128.0,67.3,0.0,0.0,0.0,0,
369714,1861.3,14.1,128.0,70.8,0.0,0.0,0.0,0,
369814,1862.0,12.5,128.0,151.2,0.0,0.0,0.0,0,
369914,1861.7,12.9,128.1,132.9,0.0,0.0,0.0,0,
370014,1861.2,13.3,128.0,116.6,0.0,0.0,0.0,0,
370114,1862.0,13.1,128.0,129.9,0.0,0.0,0.0,0,
370214,1860.5,12.5,128.1,125.8,0.0,0.0,0.0,0,
370314,1871.0,111.4,128.4,57.4,0.0,0.0,0.0,0,
370514,1864.1,180.7,130.3,66.4,0.0,0.0,0.0,0,
370614,1858.0,174.4,130.1,66.6,0.0,0.0,0.0,0,
370714,1882.1,138.6,132.2,66.5,0.0,0.0,0.0,0,
370814,1843.5,154.8,131.5,66.6,0.0,0.0,0.0,0,
370914,1858.8,29.6,130.9,66.7,0.0,0.0,0.0,0,
371014,1859.9,15.5,130.9,66.7,0.0,0.0,0.0,0,
371114,1862.6,15.5,130.9,67.2,0.0,0.0,0.0,0,
371214,1861.1,13.8,130.9,68.9,0.0,0.0,0.0,0,
371314,1861.2,13.1,130.9,73.7,0.0,0.0,0.0,0,
371514,1860.9,14.7,130.9,108.8,0.0,0.0,0.0,0,
371614,1860.7,12.0,130.9,112.3,0.0,0.0,0.0,0,
371714,1860.8,14.5,130.9,118.0,0.0,0.0,0.0,0,
371814,1862.0,16.3,130.9,111.3,0.0,0.0,0.0,0,
371914,1855.6,144.8,131.6,68.9,0.0,0.0,0.0,0,
372014,1868.2,146.0,130.4,67.3,0.0,0.0,0.0,0,
372114,1882.3,142.1,130.6,66.8,0.0,0.0,0.0,0,
372214,1840.8,130.7,130.2,66.6,0.0,0.0,0.0,0,
372314,1865.1,170.9,128.6,66.8,0.0,0.0,0.0,0,
372514,1863.9,35.1,128.5,66.6,0.0,0.0,0.0,0,
372614,1859.5,13.2,128.4,66.8,0.0,0.0,0.0,0,
372714,1861.8,13.4,128.4,67.0,0.0,0.0,0.0,0,
372814,1861.1,12.4,128.4,67.3,0.0,0.0,0.0,0,
372914,1861.7,11.6,128.4,68.3,0.0,0.0,0.0,0,
373014,1860.5,12.9,128.4,85.5,0.0,0.0,0.0,0,
373114,1860.6,11.9,128.4,106.9,0.0,0.0,0.0,0,
373214,1860.8,12.0,128.3,130.3,0.0,0.0,0.0,0,
373314,1861.3,14.3,128.3,130.5,0.0,0.0,0.0,0,
373514,1881.1,103.2,128.4,66.2,0.0,0.0,0.0,0,
373614,1851.6,116.8,127.9,65.6,0.0,0.0,0.0,0,
373714,1852.7,163.9,128.6,66.2,0.0,0.0,0.0,0,
373814,1865.5,171.8,126.8,66.6,0.0,0.0,0.0,0,
373914,1857.5,162.8,127.8,66.7,0.0,0.0,0.0,0,
374014,1883.5,117.8,127.9,66.6,0.0,0.0,0.0,0,
374114,1842.4,46.9,126.1,66.7,0.0,0.0,0.0,0,
374214,1862.3,14.7,126.1,66.7,0.0,0.0,0.0,0,
374314,1861.4,13.3,126.1,66.8,0.0,0.0,0.0,0,
374514,1861.6,14.0,126.1,69.2,0.0,0.0,0.0,0,
374614,1860.8,11.9,126.1,142.7,0.0,0.0,0.0,0,
374714,1861.1,10.9,126.1,135.5,0.0,0.0,0.0,0,
374814,1861.3,12.4,126.1,117.8,0.0,0.0,0.0,0,
374914,1860.9,12.5,126.1,80.7,0.0,0.0,0.0,0,
375014,1861.2,13.6,126.1,91.0,0.0,0.0,0.0,0,
375114,1862.4,114.6,126.3,66.6,0.0,0.0,0.0,0,
375214,1855.2,153.1,126.8,66.8,0.0,0.0,0.0,0,
375314,1866.3,166.0,125.4,66.7,0.0,0.0,0.0,0,
375514,1846.0,139.0,125.7,66.6,0.0,0.0,0.0,0,
375614,1861.8,153.8,124.8,66.8,0.0,0.0,0.0,0,
375714,1855.8,73.5,125.2,66.6,0.0,0.0,0.0,0,
375814,1862.2,15.4,125.2,66.6,0.0,0.0,0.0,0,
375914,1861.2,11.4,125.2,67.0,0.0,0.0,0.0,0,
376014,1860.8,12.6,125.1,67.5,0.0,0.0,0.0,0,
376114,1860.4,11.6,125.1,68.8,0.0,0.0,0.0,0,
376214,1860.4,13.2,125.1,145.6,0.0,0.0,0.0,0,
376314,1861.4,13.6,125.1,117.7,0.0,0.0,0.0,0,
376514,1861.5,10.9,125.1,118.1,0.0,0.0,0.0,0,
376614,1862.2,18.8,125.1,111.1,0.0,0.0,0.0,0,
376714,1859.4,90.0,125.2,86.4,0.0,0.0,0.0,0,
376814,1887.3,113.5,126.5,67.0,0.0,0.0,0.0,0,
376914,1842.8,132.2,126.1,66.4,0.0,0.0,0.0,0,
377014,1860.1,159.2,126.3,66.5,0.0,0.0,0.0,0,
377114,1862.0,175.4,125.7,66.8,0.0,0.0,0.0,0,
377214,1864.0,151.3,125.9,66.7,0.0,0.0,0.0,0,
377314,1876.2,111.0,127.7,66.7,0.0,0.0,0.0,0,
377514,1861.8,13.8,126.9,66.5,0.0,0.0,0.0,0,
377614,1859.9,12.3,127.0,66.6,0.0,0.0,0.0,0,
377714,1860.4,11.4,126.9,67.2,0.0,0.0,0.0,0,
377814,1860.9,13.1,126.9,75.3,0.0,0.0,0.0,0,
377914,1861.2,12.1,126.9,143.7,0.0,0.0,0.0,0,
378014,1860.7,12.9,126.9,154.7,0.0,0.0,0.0,0,
378114,1861.7,13.8,126.9,146.0,0.0,0.0,0.0,0,
378214,1860.8,10.8,126.9,145.9,0.0,0.0,0.0,0,
378314,1861.2,25.9,126.9,122.8,0.0,0.0,0.0,0,
378514,1859.8,168.3,129.0,67.0,0.0,0.0,0.0,0,
378614,1865.0,164.9,129.1,66.8,0.0,0.0,0.0,0,
378714,1871.8,115.2,130.0,66.7,0.0,0.0,0.0,0,
378814,1848.9,150.5,129.3,66.8,0.0,0.0,0.0,0,
378914,1860.4,158.4,129.0,66.9,0.0,0.0,0.0,0,
379014,1859.8,19.8,129.1,66.7,0.0,0.0,0.0,0,
379114,1860.2,12.4,129.1,66.8,0.0,0.0,0.0,0,
379214,1861.8,11.5,129.1,67.1,0.0,0.0,0.0,0,
379314,1859.8,12.0,129.0,67.9,0.0,0.0,0.0,0,
379514,1861.7,12.2,129.1,163.7,0.0,0.0,0.0,0,
379614,1861.3,12.2,129.1,149.2,0.0,0.0,0.0,0,
379714,1861.4,11.2,129.1,132.8,0.0,0.0,0.0,0,
379814,1860.6,11.4,129.0,133.3,0.0,0.0,0.0,0,
379914,1861.3,14.6,129.0,133.7,0.0,0.0,0.0,0,
380014,1860.8,136.6,128.0,68.4,0.0,0.0,0.0,0,
380114,1880.7,114.1,127.6,66.5,0.0,0.0,0.0,0,
380214,1838.8,144.3,128.0,66.3,0.0,0.0,0.0,0,
380314,1865.1,156.2,125.7,66.6,0.0,0.0,0.0,0,
380514,1871.0,139.3,125.4,66.8,0.0,0.0,0.0,0,
380614,1855.3,29.8,125.3,67.0,0.0,0.0,0.0,0,
380714,1860.0,13.4,125.3,66.7,0.0,0.0,0.0,0,
380814,1860.3,12.8,125.3,66.4,0.0,0.0,0.0,0,
380914,1860.8,12.6,125.3,66.3,0.0,0.0,0.0,0,
381014,1860.5,11.7,125.3,67.1,0.0,0.0,0.0,0,
381114,1860.9,13.4,125.3,183.2,0.0,0.0,0.0,0,
381214,1861.5,13.1,125.3,139.0,0.0,0.0,0.0,0,
381314,1861.2,12.0,125.3,131.6,0.0,0.0,0.0,0,
381514,1861.3,12.7,125.3,110.7,0.0,0.0,0.0,0,
381614,1864.8,120.5,126.2,68.4,0.0,0.0,0.0,0,
381714,1851.9,148.6,126.5,66.4,0.0,0.0,0.0,0,
381814,1865.4,177.6,125.5,66.6,0.0,0.0,0.0,0,
381914,1862.6,148.5,127.6,66.7,0.0,0.0,0.0,0,
382014,1871.9,116.2,128.4,66.7,0.0,0.0,0.0,0,
382114,1849.6,147.8,128.2,66.9,0.0,0.0,0.0,0,
382214,1857.5,40.6,128.9,66.8,0.0,0.0,0.0,0,
382314,1861.0,14.2,128.9,66.7,0.0,0.0,0.0,0,
382514,1859.5,13.0,128.9,67.4,0.0,0.0,0.0,0,
382614,1860.9,13.8,128.9,68.7,0.0,0.0,0.0,0,
382714,1860.3,14.8,128.9,131.8,0.0,0.0,0.0,0,
382814,1860.8,12.9,128.9,115.2,0.0,0.0,0.0,0,
382914,1861.5,13.5,128.9,103.7,0.0,0.0,0.0,0,
383014,1861.3,15.1,128.9,117.6,0.0,0.0,0.0,0,
383114,1860.9,14.8,128.9,115.3,0.0,0.0,0.0,0,
383214,1859.0,134.6,129.1,79.3,0.0,0.0,0.0,0,
383314,1864.9,137.7,128.7,68.5,0.0,0.0,0.0,0,
383514,1839.4,144.9,128.1,66.8,0.0,0.0,0.0,0,
383614,1868.2,149.4,126.1,66.9,0.0,0.0,0.0,0,
383714,1856.7,165.9,125.6,66.9,0.0,0.0,0.0,0,
383814,1862.6,61.7,125.0,66.9,0.0,0.0,0.0,0,
383914,1861.8,16.4,125.0,67.0,0.0,0.0,0.0,0,
384014,1860.9,14.4,125.1,66.9,0.0,0.0,0.0,0,
384114,1861.5,14.7,125.1,67.0,0.0,0.0,0.0,0,
384214,1861.6,13.6,125.1,67.9,0.0,0.0,0.0,0,
384314,1860.2,13.5,125.1,110.9,0.0,0.0,0.0,0,
384514,1861.2,12.5,125.1,105.8,0.0,0.0,0.0,0,
384614,1861.0,12.2,125.1,130.1,0.0,0.0,0.0,0,
384714,1861.5,14.5,125.1,145.0,0.0,0.0,0.0,0,
384814,1881.4,80.3,125.3,93.4,0.0,0.0,0.0,0,
384914,1848.1,133.6,125.6,65.8,0.0,0.0,0.0,0,
385014,1854.9,162.0,125.6,66.1,0.0,0.0,0.0,0,
385114,1863.8,183.0,125.8,66.4,0.0,0.0,0.0,0,
385214,1870.3,147.3,128.9,66.7,0.0,0.0,0.0,0,
385314,1862.9,136.4,129.4,66.5,0.0,0.0,0.0,0,
385514,1860.4,16.1,128.3,66.7,0.0,0.0,0.0,0,
385614,1860.9,13.5,128.3,66.7,0.0,0.0,0.0,0,
385714,1861.4,12.4,128.3,67.2,0.0,0.0,0.0,0,
385814,1861.4,12.4,128.2,69.3,0.0,0.0,0.0,0,
385914,1861.4,14.0,128.2,93.2,0.0,0.0,0.0,0,
386014,1861.4,13.6,128.2,165.5,0.0,0.0,0.0,0,
386114,1861.5,12.9,128.2,172.9,0.0,0.0,0.0,0,
386214,1861.4,13.5,128.2,157.1,0.0,0.0,0.0,0,
386314,1861.7,13.2,128.2,123.2,0.0,0.0,0.0,0,
386514,1855.7,158.2,127.9,68.0,0.0,0.0,0.0,0,
386614,1870.6,140.2,128.7,66.9,0.0,0.0,0.0,0,
386714,1868.4,132.5,128.4,66.7,0.0,0.0,0.0,0,
386814,1847.2,152.6,127.3,66.6,0.0,0.0,0.0,0,
386914,1865.4,167.0,126.5,66.6,0.0,0.0,0.0,0,
387014,1855.0,153.1,126.1,66.7,0.0,0.0,0.0,0,
387114,1861.8,22.3,126.1,66.7,0.0,0.0,0.0,0,
387214,1861.3,15.0,126.1,67.0,0.0,0.0,0.0,0,
387314,1860.5,12.3,126.1,68.5,0.0,0.0,0.0,0,
387514,1861.1,11.9,126.1,80.1,0.0,0.0,0.0,0,
387614,1861.7,12.1,126.1,79.4,0.0,0.0,0.0,0,
387714,1861.3,10.2,126.1,73.8,0.0,0.0,0.0,0,
387814,1861.2,12.1,126.1,85.7,0.0,0.0,0.0,0,
387914,1861.6,10.9,126.1,101.8,0.0,0.0,0.0,0,
388014,1861.0,11.6,126.1,101.7,0.0,0.0,0.0,0,
388114,1881.4,103.6,125.7,66.8,0.0,0.0,0.0,0,
388214,1845.3,154.9,125.6,66.3,0.0,0.0,0.0,0,
388314,1861.3,180.2,126.1,66.4,0.0,0.0,0.0,0,
388514,1869.2,138.6,127.0,66.6,0.0,0.0,0.0,0,
388614,1859.2,133.0,126.6,66.6,0.0,0.0,0.0,0,
388714,1856.8,26.1,125.6,66.7,0.0,0.0,0.0,0,
388814,1860.3,12.1,125.5,66.7,0.0,0.0,0.0,0,
388914,1861.1,11.4,125.5,67.0,0.0,0.0,0.0,0,
389014,1861.4,11.7,125.5,68.3,0.0,0.0,0.0,0,
389114,1861.2,11.6,125.5,70.7,0.0,0.0,0.0,0,
389214,1861.3,12.9,125.5,77.5,0.0,0.0,0.0,0,
389314,1861.3,13.6,125.5,94.2,0.0,0.0,0.0,0,
389514,1861.4,12.3,125.6,125.5,0.0,0.0,0.0,0,
389614,1861.0,13.3,125.6,136.5,0.0,0.0,0.0,0,
389714,1861.1,140.3,125.8,68.9,0.0,0.0,0.0,0,
389814,1854.3,164.8,126.0,67.4,0.0,0.0,0.0,0,
389914,1877.1,138.6,126.7,67.1,0.0,0.0,0.0,0,
390014,1854.5,132.4,126.2,66.7,0.0,0.0,0.0,0,
390114,1857.5,151.2,126.5,66.6,0.0,0.0,0.0,0,
390214,1859.2,183.0,126.7,66.8,0.0,0.0,0.0,0,
390314,1856.8,38.2,127.2,66.7,0.0,0.0,0.0,0,
390514,1862.9,14.8,127.2,67.4,0.0,0.0,0.0,0,
390614,1860.4,12.9,127.2,69.3,0.0,0.0,0.0,0,
390714,1861.9,11.6,127.2,73.0,0.0,0.0,0.0,0,
390814,1861.6,12.7,127.2,78.8,0.0,0.0,0.0,0,
390914,1861.5,12.3,127.2,84.9,0.0,0.0,0.0,0,
391014,1861.5,11.9,127.2,109.3,0.0,0.0,0.0,0,
391114,1860.9,13.1,127.2,130.2,0.0,0.0,0.0,0,
391214,1860.9,12.6,127.2,139.7,0.0,0.0,0.0,0,
391314,1868.1,107.8,127.8,70.7,0.0,0.0,0.0,0,
391514,1841.1,170.5,129.4,66.4,0.0,0.0,0.0,0,
391614,1868.0,175.2,129.6,66.6,0.0,0.0,0.0,0,
391714,1858.6,173.4,129.2,66.9,0.0,0.0,0.0,0,
391814,1875.7,127.4,133.2,66.7,0.0,0.0,0.0,0,
391914,1847.9,51.8,131.3,66.8,0.0,0.0,0.0,0,
392014,1859.2,27.8,131.6,66.7,0.0,0.0,0.0,0,
392114,1861.4,12.9,131.6,66.6,0.0,0.0,0.0,0,
392214,1861.5,12.3,131.6,67.3,0.0,0.0,0.0,0,
392314,1861.7,12.8,131.6,72.2,0.0,0.0,0.0,0,
392514,1861.0,13.5,131.6,106.4,0.0,0.0,0.0,0,
392614,1860.9,13.4,131.6,117.4,0.0,0.0,0.0,0,
392714,1860.8,13.2,131.6,123.8,0.0,0.0,0.0,0,
392814,1861.3,12.9,131.6,134.3,0.0,0.0,0.0,0,
392914,1864.5,109.6,132.2,73.1,0.0,0.0,0.0,0,
393014,1852.6,163.0,132.3,66.8,0.0,0.0,0.0,0,
393114,1863.4,174.5,131.8,66.8,0.0,0.0,0.0,0,
393214,1874.6,136.7,132.8,66.8,0.0,0.0,0.0,0,
393314,1849.1,132.5,131.8,66.7,0.0,0.0,0.0,0,
393514,1856.4,90.3,129.8,66.7,0.0,0.0,0.0,0,
393614,1859.0,23.2,129.8,66.6,0.0,0.0,0.0,0,
393714,1861.7,13.8,129.7,67.0,0.0,0.0,0.0,0,
393814,1861.3,13.8,129.7,68.1,0.0,0.0,0.0,0,
393914,1860.8,13.6,129.7,69.2,0.0,0.0,0.0,0,
394014,1860.0,13.2,129.7,81.3,0.0,0.0,0.0,0,
394114,1860.8,13.3,129.7,134.0,0.0,0.0,0.0,0,
394214,1860.8,12.4,129.7,142.1,0.0,0.0,0.0,0,
394314,1861.8,14.2,129.7,132.4,0.0,0.0,0.0,0,
394514,1861.3,106.3,129.7,118.1,0.0,0.0,0.0,0,
394614,1870.5,123.5,131.4,68.8,0.0,0.0,0.0,0,
394714,1864.0,123.2,130.5,67.1,0.0,0.0,0.0,0,
394814,1844.7,161.5,130.1,66.6,0.0,0.0,0.0,0,
394914,1869.1,195.1,129.3,66.6,0.0,0.0,0.0,0,
395014,1852.7,168.1,130.8,66.8,0.0,0.0,0.0,0,
395114,1884.7,142.7,132.3,66.6,0.0,0.0,0.0,0,
395214,1843.0,19.2,131.3,66.7,0.0,0.0,0.0,0,
395314,1860.8,12.2,131.3,66.7,0.0,0.0,0.0,0,
395514,1861.5,11.8,131.3,67.3,0.0,0.0,0.0,0,
395614,1861.0,12.2,131.3,73.2,0.0,0.0,0.0,0,
395714,1861.5,12.5,131.3,116.3,0.0,0.0,0.0,0,
395814,1861.3,12.6,131.3,135.2,0.0,0.0,0.0,0,
395914,1860.7,13.8,131.3,137.1,0.0,0.0,0.0,0,
396014,1861.0,13.4,131.2,151.7,0.0,0.0,0.0,0,
396114,1861.6,23.2,131.2,116.8,0.0,0.0,0.0,0,
396214,1865.4,140.5,130.7,57.3,0.0,0.0,0.0,0,
396314,1856.5,186.7,131.0,66.1,0.0,0.0,0.0,0,
396514,1877.2,128.8,133.7,66.7,0.0,0.0,0.0,0,
396614,1844.6,135.7,133.3,66.6,0.0,0.0,0.0,0,
396714,1863.2,157.3,132.9,66.8,0.0,0.0,0.0,0,
396814,1858.5,22.7,132.6,66.8,0.0,0.0,0.0,0,
396914,1859.9,14.7,132.6,66.7,0.0,0.0,0.0,0,
397014,1861.6,12.7,132.6,67.0,0.0,0.0,0.0,0,
397114,1862.3,13.3,132.6,67.9,0.0,0.0,0.0,0,
397214,1860.5,13.1,132.6,73.0,0.0,0.0,0.0,0,
397314,1861.2,12.2,132.6,89.8,0.0,0.0,0.0,0,
397514,1861.6,12.4,132.6,165.0,0.0,0.0,0.0,0,
397614,1861.2,13.5,132.6,157.2,0.0,0.0,0.0,0,
397714,1861.0,13.5,132.6,153.9,0.0,0.0,0.0,0,
397814,1856.6,148.1,132.7,70.6,0.0,0.0,0.0,0,
397914,1878.8,130.4,133.4,68.1,0.0,0.0,0.0,0,
398014,1852.0,128.1,131.7,67.1,0.0,0.0,0.0,0,
398114,1850.2,144.5,131.5,66.8,0.0,0.0,0.0,0,
398214,1869.0,188.0,128.7,66.8,0.0,0.0,0.0,0,
398314,1852.7,147.0,129.5,66.8,0.0,0.0,0.0,0,
398514,1860.1,14.9,128.3,67.0,0.0,0.0,0.0,0,
398614,1861.7,12.0,128.3,67.2,0.0,0.0,0.0,0,
398714,1860.6,17.4,128.3,68.0,0.0,0.0,0.0,0,
398814,1861.5,13.7,128.3,70.0,0.0,0.0,0.0,0,
398914,1860.2,13.7,128.3,78.1,0.0,0.0,0.0,0,
399014,1859.9,13.7,128.3,85.4,0.0,0.0,0.0,0,
399114,1861.3,12.5,128.3,111.2,0.0,0.0,0.0,0,
399214,1861.4,11.9,128.3,111.5,0.0,0.0,0.0,0,
399314,1860.5,14.1,128.3,78.7,0.0,0.0,0.0,0,
399514,1856.8,158.6,129.6,68.7,0.0,0.0,0.0,0,
399614,1854.8,201.9,130.7,67.2,0.0,0.0,0.0,0,
399714,1867.2,170.3,131.2,66.9,0.0,0.0,0.0,0,
399814,1876.7,139.1,134.4,66.8,0.0,0.0,0.0,0,
399914,1844.2,135.5,135.0,66.6,0.0,0.0,0.0,0,
400014,1861.8,43.7,135.2,66.8,0.0,0.0,0.0,0,
400114,1860.4,15.3,135.2,66.7,0.0,0.0,0.0,0,
400214,1861.5,15.1,135.2,66.7,0.0,0.0,0.0,0,
400314,1861.7,14.4,135.2,66.9,0.0,0.0,0.0,0,
400514,1860.2,13.5,135.2,81.9,0.0,0.0,0.0,0,
400614,1860.9,12.4,135.2,79.2,0.0,0.0,0.0,0,
400714,1861.1,14.7,135.2,79.7,0.0,0.0,0.0,0,
400814,1861.5,14.3,135.2,84.9,0.0,0.0,0.0,0,
400914,1861.3,15.8,135.2,107.4,0.0,0.0,0.0,0,
401014,1863.0,146.3,135.1,72.9,0.0,0.0,0.0,0,
401114,1848.9,147.6,134.5,67.5,0.0,0.0,0.0,0,
401214,1887.4,130.1,133.8,67.0,0.0,0.0,0.0,0,
401314,1843.5,134.4,132.1,66.8,0.0,0.0,0.0,0,
401514,1863.5,176.9,127.8,66.8,0.0,0.0,0.0,0,
401614,1854.5,68.0,126.5,66.8,0.0,0.0,0.0,0,
401714,1862.4,13.5,126.5,66.7,0.0,0.0,0.0,0,
401814,1861.1,11.8,126.5,67.3,0.0,0.0,0.0,0,
401914,1861.9,15.5,126.5,69.1,0.0,0.0,0.0,0,
402014,1860.8,12.5,126.5,70.9,0.0,0.0,0.0,0,
402114,1861.3,12.6,126.4,88.3,0.0,0.0,0.0,0,
402214,1860.7,13.4,126.4,141.8,0.0,0.0,0.0,0,
402314,1861.5,13.2,126.4,210.2,0.0,0.0,0.0,0,
402514,1861.7,13.5,126.4,203.6,0.0,0.0,0.0,0,
402614,1870.5,83.5,127.7,124.0,0.0,0.0,0.0,0,
402714,1863.1,117.0,127.8,67.9,0.0,0.0,0.0,0,
402814,1853.8,148.4,127.4,66.7,0.0,0.0,0.0,0,
402914,1855.5,194.6,127.4,66.5,0.0,0.0,0.0,0,
403014,1868.2,148.1,128.2,66.8,0.0,0.0,0.0,0,
403114,1875.5,136.4,130.6,66.7,0.0,0.0,0.0,0,
403214,1847.3,109.2,129.8,66.6,0.0,0.0,0.0,0,
403314,1860.1,14.9,129.5,66.9,0.0,0.0,0.0,0,
403514,1862.8,14.6,129.5,66.8,0.0,0.0,0.0,0,
403614,1859.6,12.6,129.5,67.2,0.0,0.0,0.0,0,
403714,1861.7,12.1,129.5,68.5,0.0,0.0,0.0,0,
403814,1860.4,14.6,129.5,79.9,0.0,0.0,0.0,0,
403914,1861.6,13.1,129.5,113.9,0.0,0.0,0.0,0,
404014,1861.8,13.7,129.5,156.1,0.0,0.0,0.0,0,
404114,1861.7,15.7,129.5,186.7,0.0,0.0,0.0,0,
404214,1861.8,65.6,129.5,156.6,0.0,0.0,0.0,0,
404314,1864.3,176.8,129.1,66.3,0.0,0.0,0.0,0,
404514,1889.3,128.8,129.8,66.8,0.0,0.0,0.0,0,
404614,1838.1,132.4,129.5,66.9,0.0,0.0,0.0,0,
404714,1863.8,147.0,127.5,66.7,0.0,0.0,0.0,0,
404814,1861.8,168.1,126.3,66.9,0.0,0.0,0.0,0,
404914,1858.1,21.1,126.2,66.7,0.0,0.0,0.0,0,
405014,1860.3,16.2,126.3,66.8,0.0,0.0,0.0,0,
405114,1861.3,11.2,126.3,67.7,0.0,0.0,0.0,0,
405214,1860.2,14.0,126.3,68.7,0.0,0.0,0.0,0,
405314,1861.2,12.8,126.3,55.3,0.0,0.0,0.0,0,
405514,1860.9,12.7,126.3,92.5,0.0,0.0,0.0,0,
405614,1861.4,13.6,126.3,104.8,0.0,0.0,0.0,0,
405714,1861.7,11.2,126.3,105.3,0.0,0.0,0.0,0,
405814,1860.7,14.5,126.3,103.0,0.0,0.0,0.0,0,
405914,1867.4,118.7,127.6,70.5,0.0,0.0,0.0,0,
406014,1859.4,111.1,125.1,68.2,0.0,0.0,0.0,0,
406114,1857.4,148.7,122.9,67.2,0.0,0.0,0.0,0,
406214,1854.6,174.2,121.9,66.9,0.0,0.0,0.0,0,
406314,1866.8,126.7,121.0,67.3,0.0,0.0,0.0,0,
406514,1846.9,27.4,121.8,66.8,0.0,0.0,0.0,0,
406614,1860.4,12.9,121.7,67.0,0.0,0.0,0.0,0,
406714,1861.4,11.6,121.7,67.0,0.0,0.0,0.0,0,
406814,1860.3,12.1,121.7,67.2,0.0,0.0,0.0,0,
406914,1861.8,12.2,121.7,68.7,0.0,0.0,0.0,0,
407014,1861.5,10.4,121.7,109.6,0.0,0.0,0.0,0,
407114,1861.7,13.0,121.6,124.6,0.0,0.0,0.0,0,
407214,1861.2,11.7,121.7,140.3,0.0,0.0,0.0,0,
407314,1861.2,14.0,121.6,117.6,0.0,0.0,0.0,0,
407514,1866.4,131.8,120.8,65.7,0.0,0.0,0.0,0,
407614,1864.2,165.9,120.2,65.9,0.0,0.0,0.0,0,
407714,1855.0,134.5,121.7,66.3,0.0,0.0,0.0,0,
407814,1884.4,131.8,123.1,66.8,0.0,0.0,0.0,0,
407914,1838.9,127.5,123.0,67.0,0.0,0.0,0.0,0,
408014,1865.9,169.3,122.8,66.7,0.0,0.0,0.0,0,
408114,1860.5,36.0,123.3,67.0,0.0,0.0,0.0,0,
408214,1858.6,16.4,123.2,66.6,0.0,0.0,0.0,0,
408314,1861.8,14.0,123.3,66.6,0.0,0.0,0.0,0,
408514,1860.5,12.5,123.3,66.1,0.0,0.0,0.0,0,
408614,1861.1,12.3,123.3,92.1,0.0,0.0,0.0,0,
408714,1861.7,11.9,123.3,132.4,0.0,0.0,0.0,0,
408814,1861.0,13.1,123.3,131.6,0.0,0.0,0.0,0,
408914,1862.3,12.4,123.3,125.2,0.0,0.0,0.0,0,
409014,1861.6,12.6,123.3,143.8,0.0,0.0,0.0,0,
409114,1856.2,114.5,124.0,73.5,0.0,0.0,0.0,0,
409214,1874.0,127.3,125.5,67.4,0.0,0.0,0.0,0,
409314,1853.0,122.9,125.6,67.1,0.0,0.0,0.0,0,
409514,1858.6,166.6,127.2,66.7,0.0,0.0,0.0,0,
409614,1868.2,141.0,127.5,66.8,0.0,0.0,0.0,0,
409714,1853.0,58.7,127.6,66.8,0.0,0.0,0.0,0,
409814,1860.8,15.3,127.6,66.8,0.0,0.0,0.0,0,
409914,1860.8,16.7,127.6,67.1,0.0,0.0,0.0,0,
410014,1861.4,13.4,127.6,67.7,0.0,0.0,0.0,0,
410114,1861.3,12.7,127.6,68.4,0.0,0.0,0.0,0,
410214,1860.8,11.3,127.6,73.3,0.0,0.0,0.0,0,
410314,1861.9,13.1,127.6,91.7,0.0,0.0,0.0,0,
410514,1861.7,11.6,127.6,153.5,0.0,0.0,0.0,0,
410614,1860.1,11.8,127.6,137.4,0.0,0.0,0.0,0,
410714,1864.5,88.7,128.5,88.2,0.0,0.0,0.0,0,
410814,1861.1,149.1,127.2,69.4,0.0,0.0,0.0,0,
410914,1859.8,180.5,127.1,67.5,0.0,0.0,0.0,0,
411014,1861.7,153.6,128.9,66.8,0.0,0.0,0.0,0,
411114,1878.4,121.5,128.4,66.8,0.0,0.0,0.0,0,
411214,1839.7,136.9,129.2,66.8,0.0,0.0,0.0,0,
411314,1868.3,88.1,127.8,66.8,0.0,0.0,0.0,0,
411514,1860.3,11.6,127.8,66.7,0.0,0.0,0.0,0,
411614,1861.0,12.7,127.8,66.6,0.0,0.0,0.0,0,
411714,1861.0,12.0,127.8,66.9,0.0,0.0,0.0,0,
411814,1861.2,12.6,127.8,123.4,0.0,0.0,0.0,0,
411914,1860.2,11.9,127.8,143.1,0.0,0.0,0.0,0,
412014,1860.9,11.1,127.8,164.1,0.0,0.0,0.0,0,
412114,1862.2,12.4,127.8,154.4,0.0,0.0,0.0,0,
412214,1861.0,13.1,127.8,135.3,0.0,0.0,0.0,0,
412314,1861.6,95.9,127.8,151.5,0.0,0.0,0.0,0,
412514,1872.6,135.4,129.1,67.1,0.0,0.0,0.0,0,
412614,1848.3,131.5,128.0,67.0,0.0,0.0,0.0,0,
412714,1859.6,173.8,127.4,66.9,0.0,0.0,0.0,0,
412814,1858.7,173.0,127.6,66.6,0.0,0.0,0.0,0,
412914,1871.8,139.3,128.4,66.8,0.0,0.0,0.0,0,
413014,1852.3,17.5,127.5,66.7,0.0,0.0,0.0,0,
413114,1860.8,12.9,127.5,66.6,0.0,0.0,0.0,0,
413214,1861.9,11.4,127.5,67.0,0.0,0.0,0.0,0,
413314,1860.8,11.6,127.5,67.7,0.0,0.0,0.0,0,
413514,1861.8,12.0,127.5,87.1,0.0,0.0,0.0,0,
413614,1860.7,11.5,127.5,109.4,0.0,0.0,0.0,0,
413714,1861.2,11.7,127.5,140.5,0.0,0.0,0.0,0,
413814,1860.6,12.3,127.5,137.2,0.0,0.0,0.0,0,
413914,1860.9,14.3,127.5,111.7,0.0,0.0,0.0,0,
414014,1854.4,112.4,128.6,69.0,0.0,0.0,0.0,0,
414114,1866.7,151.6,126.2,67.4,0.0,0.0,0.0,0,
414214,1860.0,166.8,125.4,66.9,0.0,0.0,0.0,0,
414314,1865.6,142.2,126.1,66.7,0.0,0.0,0.0,0,
414514,1842.5,148.5,125.4,66.9,0.0,0.0,0.0,0,
414614,1863.3,22.5,125.7,66.7,0.0,0.0,0.0,0,
414714,1860.9,11.4,125.6,66.8,0.0,0.0,0.0,0,
414814,1861.1,11.4,125.6,66.8,0.0,0.0,0.0,0,
414914,1860.5,12.2,125.6,66.7,0.0,0.0,0.0,0,
415014,1861.4,11.0,125.6,68.5,0.0,0.0,0.0,0,
415114,1860.8,11.8,125.6,74.8,0.0,0.0,0.0,0,
415214,1860.8,11.0,125.6,131.5,0.0,0.0,0.0,0,
415314,1862.0,11.7,125.6,147.7,0.0,0.0,0.0,0,
415514,1861.0,13.8,125.6,135.8,0.0,0.0,0.0,0,
415614,1863.6,152.5,125.5,67.2,0.0,0.0,0.0,0,
415714,1870.0,130.9,126.1,66.4,0.0,0.0,0.0,0,
415814,1868.8,130.3,127.0,66.3,0.0,0.0,0.0,0,
415914,1849.1,139.4,126.5,66.5,0.0,0.0,0.0,0,
416014,1859.4,175.0,126.8,66.7,0.0,0.0,0.0,0,
416114,1861.8,139.7,125.7,66.6,0.0,0.0,0.0,0,
416214,1863.8,27.2,124.1,66.9,0.0,0.0,0.0,0,
416314,1859.9,13.5,124.1,66.7,0.0,0.0,0.0,0,
416514,1861.9,11.7,124.1,66.7,0.0,0.0,0.0,0,
416614,1861.4,10.7,124.1,68.0,0.0,0.0,0.0,0,
416714,1861.4,12.1,124.1,123.6,0.0,0.0,0.0,0,
416814,1861.9,10.6,124.1,122.3,0.0,0.0,0.0,0,
416914,1860.9,10.9,124.1,137.3,0.0,0.0,0.0,0,
417014,1861.0,11.4,124.1,150.6,0.0,0.0,0.0,0,
417114,1861.8,12.2,124.1,149.3,0.0,0.0,0.0,0,
417214,1876.6,96.4,124.0,67.6,0.0,0.0,0.0,0,
417314,1839.9,135.0,124.1,66.0,0.0,0.0,0.0,0,
417514,1859.7,156.6,122.1,66.6,0.0,0.0,0.0,0,
417614,1872.1,140.0,124.2,66.7,0.0,0.0,0.0,0,
417714,1860.2,115.5,123.8,66.8,0.0,0.0,0.0,0,
417814,1849.9,41.1,123.8,66.8,0.0,0.0,0.0,0,
417914,1860.2,11.2,123.8,66.7,0.0,0.0,0.0,0,
418014,1861.0,12.4,123.8,67.0,0.0,0.0,0.0,0,
418114,1861.3,10.8,123.8,68.1,0.0,0.0,0.0,0,
418214,1860.6,12.1,123.8,69.3,0.0,0.0,0.0,0,
418314,1861.3,11.2,123.8,75.3,0.0,0.0,0.0,0,
418514,1861.2,11.6,123.8,136.2,0.0,0.0,0.0,0,
418614,1860.7,10.6,123.8,150.0,0.0,0.0,0.0,0,
418714,1860.5,11.9,123.8,170.7,0.0,0.0,0.0,0,
418814,1859.9,127.3,124.2,73.8,0.0,0.0,0.0,0,
418914,1859.3,145.7,124.5,67.6,0.0,0.0,0.0,0,
419014,1873.0,134.1,124.3,66.8,0.0,0.0,0.0,0,
419114,1858.8,120.1,125.6,66.6,0.0,0.0,0.0,0,
419214,1854.1,147.0,122.8,66.7,0.0,0.0,0.0,0,
419314,1858.4,175.5,123.5,66.8,0.0,0.0,0.0,0,
419514,1861.7,15.7,124.5,66.7,0.0,0.0,0.0,0,
419614,1860.8,11.3,124.5,66.5,0.0,0.0,0.0,0,
419714,1861.3,11.1,124.5,66.2,0.0,0.0,0.0,0,
419814,1860.8,11.6,124.5,66.2,0.0,0.0,0.0,0,
419914,1861.3,11.6,124.5,142.2,0.0,0.0,0.0,0,
420014,1861.3,11.8,124.5,172.5,0.0,0.0,0.0,0,
420114,1860.9,10.9,124.5,183.1,0.0,0.0,0.0,0,
420214,1861.1,13.4,124.5,166.8,0.0,0.0,0.0,0,
420314,1861.0,12.4,124.6,157.1,0.0,0.0,0.0,0,
420514,1874.2,105.1,124.5,66.5,0.0,0.0,0.0,0,
420614,1842.6,149.7,124.8,66.3,0.0,0.0,0.0,0,
420714,1864.8,175.6,123.9,66.4,0.0,0.0,0.0,0,
420814,1862.6,149.0,124.9,66.8,0.0,0.0,0.0,0,
420914,1873.2,144.0,125.6,66.6,0.0,0.0,0.0,0,
421014,1853.5,106.6,125.6,66.5,0.0,0.0,0.0,0,
421114,1857.5,19.2,124.3,66.7,0.0,0.0,0.0,0,
421214,1860.9,11.5,124.3,66.6,0.0,0.0,0.0,0,
421314,1862.0,11.6,124.3,66.7,0.0,0.0,0.0,0,
421514,1861.1,10.7,124.3,76.5,0.0,0.0,0.0,0,
421614,1861.8,12.6,124.3,142.5,0.0,0.0,0.0,0,
421714,1861.3,11.8,124.3,165.7,0.0,0.0,0.0,0,
421814,1861.0,11.0,124.3,169.7,0.0,0.0,0.0,0,
421914,1861.0,13.3,124.3,169.0,0.0,0.0,0.0,0,
422014,1861.1,53.1,124.3,135.4,0.0,0.0,0.0,0,
422114,1859.7,164.3,124.8,67.5,0.0,0.0,0.0,0,
422214,1856.8,151.9,125.4,66.9,0.0,0.0,0.0,0,
422314,1881.1,143.1,126.9,66.8,0.0,0.0,0.0,0,
422514,1857.0,155.1,127.0,66.5,0.0,0.0,0.0,0,
422614,1859.7,183.5,126.2,66.7,0.0,0.0,0.0,0,
422714,1860.6,18.4,127.0,66.7,0.0,0.0,0.0,0,
422814,1864.5,21.3,127.0,66.7,0.0,0.0,0.0,0,
422914,1858.8,12.9,127.1,67.0,0.0,0.0,0.0,0,
423014,1861.7,11.4,127.1,68.3,0.0,0.0,0.0,0,
423114,1862.0,12.6,127.1,71.1,0.0,0.0,0.0,0,
423214,1861.7,11.1,127.1,83.9,0.0,0.0,0.0,0,
423314,1860.7,10.8,127.1,91.5,0.0,0.0,0.0,0,
423514,1861.3,9.8,127.0,132.2,0.0,0.0,0.0,0,
423614,1861.2,12.8,127.1,104.5,0.0,0.0,0.0,0,
423714,1867.9,120.2,127.7,71.3,0.0,0.0,0.0,0,
423814,1866.7,97.3,126.7,68.0,0.0,0.0,0.0,0,
423914,1849.4,162.2,125.7,66.9,0.0,0.0,0.0,0,
424014,1863.1,164.0,125.5,66.6,0.0,0.0,0.0,0,
424114,1859.0,147.5,124.3,66.8,0.0,0.0,0.0,0,
424214,1877.2,128.9,125.0,66.7,0.0,0.0,0.0,0,
424314,1846.6,27.2,122.8,66.8,0.0,0.0,0.0,0,
424514,1862.1,13.0,122.7,66.8,0.0,0.0,0.0,0,
424614,1861.7,13.9,122.7,66.8,0.0,0.0,0.0,0,
424714,1860.8,11.2,122.7,68.0,0.0,0.0,0.0,0,
424814,1860.4,12.0,122.7,99.2,0.0,0.0,0.0,0,
424914,1861.4,12.4,122.7,98.9,0.0,0.0,0.0,0,
425014,1860.9,11.7,122.7,102.8,0.0,0.0,0.0,0,
425114,1860.8,11.8,122.7,111.3,0.0,0.0,0.0,0,
425214,1862.7,12.8,122.8,100.5,0.0,0.0,0.0,0,
425314,1865.7,134.9,122.0,66.2,0.0,0.0,0.0,0,
425514,1863.0,155.2,123.6,66.4,0.0,0.0,0.0,0,
425614,1880.8,136.1,124.6,66.8,0.0,0.0,0.0,0,
425714,1840.2,116.5,124.5,66.7,0.0,0.0,0.0,0,
425814,1861.3,156.7,123.9,66.6,0.0,0.0,0.0,0,
425914,1861.6,40.9,125.1,66.9,0.0,0.0,0.0,0,
426014,1860.6,22.3,125.1,66.5,0.0,0.0,0.0,0,
426114,1862.4,11.7,125.2,66.5,0.0,0.0,0.0,0,
426214,1861.9,10.6,125.2,66.9,0.0,0.0,0.0,0,
426314,1861.5,10.8,125.2,69.6,0.0,0.0,0.0,0,
426514,1860.9,10.8,125.1,165.1,0.0,0.0,0.0,0,
426614,1861.2,11.1,125.1,177.7,0.0,0.0,0.0,0,
426714,1861.2,11.8,125.1,167.3,0.0,0.0,0.0,0,
426814,1861.5,11.2,125.1,150.0,0.0,0.0,0.0,0,
426914,1858.4,123.6,125.2,83.0,0.0,0.0,0.0,0,
427014,1873.1,128.9,125.2,68.5,0.0,0.0,0.0,0,
427114,1857.0,111.0,124.7,67.1,0.0,0.0,0.0,0,
427214,1850.0,158.8,122.9,66.8,0.0,0.0,0.0,0,
427314,1863.4,173.9,122.8,66.7,0.0,0.0,0.0,0,
427514,1860.1,54.9,122.0,66.6,0.0,0.0,0.0,0,
427614,1861.4,16.8,122.0,66.7,0.0,0.0,0.0,0,
427714,1861.3,10.9,121.9,66.8,0.0,0.0,0.0,0,
427814,1861.3,10.3,121.9,67.0,0.0,0.0,0.0,0,
427914,1861.0,10.8,121.9,68.5,0.0,0.0,0.0,0,
428014,1860.6,10.3,121.9,84.9,0.0,0.0,0.0,0,
428114,1861.1,11.1,121.9,133.9,0.0,0.0,0.0,0,
428214,1861.8,10.9,121.9,132.2,0.0,0.0,0.0,0,
428314,1861.5,8.8,121.9,115.5,0.0,0.0,0.0,0,
428514,1875.1,75.6,122.2,70.9,0.0,0.0,0.0,0,
428614,1852.1,150.2,123.3,56.6,0.0,0.0,0.0,0,
428714,1860.6,174.2,124.0,65.8,0.0,0.0,0.0,0,
428814,1862.3,162.0,123.5,66.2,0.0,0.0,0.0,0,
428914,1880.3,136.3,126.3,66.6,0.0,0.0,0.0,0,
429014,1840.1,124.1,126.1,66.6,0.0,0.0,0.0,0,
429114,1866.8,99.6,126.2,66.6,0.0,0.0,0.0,0,
429214,1860.4,25.5,126.2,66.7,0.0,0.0,0.0,0,
429314,1861.4,16.7,126.3,66.6,0.0,0.0,0.0,0,
429514,1861.6,12.6,126.4,66.9,0.0,0.0,0.0,0,
429614,1861.1,12.4,126.4,75.3,0.0,0.0,0.0,0,
429714,1862.0,14.3,126.4,83.1,0.0,0.0,0.0,0,
429814,1861.7,12.2,126.4,92.0,0.0,0.0,0.0,0,
429914,1861.8,11.6,126.4,99.0,0.0,0.0,0.0,0,
430014,1861.7,14.6,126.4,103.1,0.0,0.0,0.0,0,
430114,1862.6,81.3,126.4,104.4,0.0,0.0,0.0,0,
430214,1852.6,148.4,126.4,68.5,0.0,0.0,0.0,0,
430314,1887.9,139.6,127.8,67.3,0.0,0.0,0.0,0,
430514,1857.8,170.5,127.7,66.6,0.0,0.0,0.0,0,
430614,1864.0,160.2,128.3,66.6,0.0,0.0,0.0,0,
430714,1854.9,157.3,127.7,66.7,0.0,0.0,0.0,0,
430814,1861.2,19.3,127.4,66.7,0.0,0.0,0.0,0,
430914,1861.5,13.5,127.3,67.0,0.0,0.0,0.0,0,
431014,1861.2,12.0,127.3,68.1,0.0,0.0,0.0,0,
431114,1861.8,11.8,127.2,69.2,0.0,0.0,0.0,0,
431214,1860.8,12.0,127.2,82.5,0.0,0.0,0.0,0,
431314,1861.7,12.9,127.2,116.6,0.0,0.0,0.0,0,
431514,1862.3,13.4,127.2,133.4,0.0,0.0,0.0,0,
431614,1861.8,12.6,127.2,108.2,0.0,0.0,0.0,0,
431714,1861.1,13.8,127.2,107.6,0.0,0.0,0.0,0,
431814,1875.6,105.4,127.4,66.7,0.0,0.0,0.0,0,
431914,1851.5,163.1,127.0,66.4,0.0,0.0,0.0,0,
432014,1861.2,180.4,127.7,66.5,0.0,0.0,0.0,0,
432114,1863.5,173.0,127.9,66.7,0.0,0.0,0.0,0,
432214,1874.8,139.9,128.8,66.7,0.0,0.0,0.0,0,
432314,1847.0,140.6,129.0,66.6,0.0,0.0,0.0,0,
432514,1860.3,14.9,128.8,66.7,0.0,0.0,0.0,0,
432614,1861.6,12.9,128.8,67.0,0.0,0.0,0.0,0,
432714,1861.1,14.1,128.8,68.2,0.0,0.0,0.0,0,
432814,1861.6,13.9,128.9,70.8,0.0,0.0,0.0,0,
432914,1861.6,11.8,128.9,90.3,0.0,0.0,0.0,0,
433014,1861.7,12.6,128.9,141.1,0.0,0.0,0.0,0,
433114,1861.3,10.6,128.9,166.8,0.0,0.0,0.0,0,
433214,1860.6,12.6,128.9,165.1,0.0,0.0,0.0,0,
433314,1861.3,14.0,128.9,142.2,0.0,0.0,0.0,0,
433514,1863.8,154.1,129.4,67.5,0.0,0.0,0.0,0,
433614,1881.7,138.8,130.4,67.0,0.0,0.0,0.0,0,
433714,1837.6,137.4,129.2,66.6,0.0,0.0,0.0,0,
433814,1867.4,164.5,129.5,66.6,0.0,0.0,0.0,0,
433914,1856.0,178.1,128.8,66.7,0.0,0.0,0.0,0,
434014,1861.3,40.1,130.0,66.5,0.0,0.0,0.0,0,
434114,1858.8,20.3,130.1,66.8,0.0,0.0,0.0,0,
434214,1863.4,15.1,130.1,67.2,0.0,0.0,0.0,0,
434314,1860.0,12.5,130.1,68.0,0.0,0.0,0.0,0,
434514,1861.0,12.2,130.0,66.3,0.0,0.0,0.0,0,
434614,1861.2,12.4,130.0,113.5,0.0,0.0,0.0,0,
434714,1861.4,11.9,130.0,144.0,0.0,0.0,0.0,0,
434814,1861.1,13.8,130.1,132.6,0.0,0.0,0.0,0,
434914,1861.7,13.1,130.1,136.4,0.0,0.0,0.0,0,
435014,1882.3,105.1,130.7,66.5,0.0,0.0,0.0,0,
435114,1848.6,118.6,129.5,65.6,0.0,0.0,0.0,0,
435214,1852.5,159.1,128.8,66.2,0.0,0.0,0.0,0,
435314,1865.9,173.0,129.0,66.6,0.0,0.0,0.0,0,
435514,1879.5,131.4,128.5,66.5,0.0,0.0,0.0,0,
435614,1845.6,55.9,126.4,66.7,0.0,0.0,0.0,0,
435714,1861.8,16.6,126.4,66.7,0.0,0.0,0.0,0,
435814,1860.8,12.0,126.4,66.8,0.0,0.0,0.0,0,
435914,1860.9,11.5,126.4,67.3,0.0,0.0,0.0,0,
436014,1861.6,13.7,126.4,69.2,0.0,0.0,0.0,0,
436114,1861.3,12.4,126.4,99.6,0.0,0.0,0.0,0,
436214,1861.7,12.0,126.4,152.0,0.0,0.0,0.0,0,
436314,1862.1,12.1,126.4,178.1,0.0,0.0,0.0,0,
436514,1862.1,10.4,126.3,166.7,0.0,0.0,0.0,0,
436614,1861.9,144.4,126.7,73.9,0.0,0.0,0.0,0,
436714,1856.9,158.7,127.7,68.6,0.0,0.0,0.0,0,
436814,1864.7,153.1,128.0,67.4,0.0,0.0,0.0,0,
436914,1876.5,122.5,128.0,66.8,0.0,0.0,0.0,0,
437014,1844.5,140.8,128.5,66.7,0.0,0.0,0.0,0,
437114,1862.5,165.5,127.0,66.9,0.0,0.0,0.0,0,
437214,1856.2,82.4,128.1,66.7,0.0,0.0,0.0,0,
437314,1863.3,19.8,128.0,66.7,0.0,0.0,0.0,0,
437514,1860.6,12.9,128.0,67.1,0.0,0.0,0.0,0,
437614,1860.8,11.8,128.0,68.0,0.0,0.0,0.0,0,
437714,1861.0,12.3,128.0,82.2,0.0,0.0,0.0,0,
437814,1861.0,13.5,128.0,101.7,0.0,0.0,0.0,0,
437914,1861.6,12.7,128.0,132.1,0.0,0.0,0.0,0,
438014,1860.2,11.2,128.0,157.1,0.0,0.0,0.0,0,
438114,1861.6,15.3,128.0,149.5,0.0,0.0,0.0,0,
438214,1861.7,94.0,128.1,134.6,0.0,0.0,0.0,0,
438314,1882.3,110.4,127.8,65.5,0.0,0.0,0.0,0,
438514,1861.6,177.1,129.3,66.3,0.0,0.0,0.0,0,
438614,1862.2,171.2,128.5,66.6,0.0,0.0,0.0,0,
438714,1860.6,168.2,130.8,66.5,0.0,0.0,0.0,0,
438814,1873.0,135.3,130.7,66.7,0.0,0.0,0.0,0,
438914,1847.0,18.1,130.0,66.8,0.0,0.0,0.0,0,
439014,1861.4,12.3,129.9,66.7,0.0,0.0,0.0,0,
439114,1861.2,12.8,129.9,67.0,0.0,0.0,0.0,0,
439214,1860.6,11.7,129.9,68.2,0.0,0.0,0.0,0,
439314,1861.2,12.8,129.9,85.0,0.0,0.0,0.0,0,
439514,1860.9,11.4,129.9,143.4,0.0,0.0,0.0,0,
439614,1861.4,12.0,129.9,153.3,0.0,0.0,0.0,0,
439714,1860.5,11.6,129.9,176.9,0.0,0.0,0.0,0,
439814,1861.3,25.4,129.9,170.7,0.0,0.0,0.0,0,
439914,1854.8,140.0,131.1,68.8,0.0,0.0,0.0,0,
440014,1865.9,172.2,131.3,67.3,0.0,0.0,0.0,0,
440114,1860.2,161.5,130.1,66.8,0.0,0.0,0.0,0,
440214,1878.8,121.3,129.9,66.6,0.0,0.0,0.0,0,
440314,1843.3,143.7,129.4,66.8,0.0,0.0,0.0,0,
440514,1862.7,20.7,129.5,66.6,0.0,0.0,0.0,0,
440614,1860.3,11.2,129.5,66.8,0.0,0.0,0.0,0,
440714,1860.8,10.4,129.5,66.9,0.0,0.0,0.0,0,
440814,1861.2,11.2,129.5,67.0,0.0,0.0,0.0,0,
440914,1861.0,11.2,129.5,70.3,0.0,0.0,0.0,0,
441014,1861.3,10.0,129.5,174.1,0.0,0.0,0.0,0,
441114,1861.6,10.3,129.5,139.2,0.0,0.0,0.0,0,
441214,1860.0,11.4,129.4,125.5,0.0,0.0,0.0,0,
441314,1860.5,12.4,129.4,140.6,0.0,0.0,0.0,0,
441514,1863.5,142.8,129.1,53.0,0.0,0.0,0.0,0,
441614,1877.0,119.5,129.5,65.6,0.0,0.0,0.0,0,
441714,1846.0,136.1,129.1,66.3,0.0,0.0,0.0,0,
441814,1863.9,158.2,128.1,66.7,0.0,0.0,0.0,0,
441914,1850.2,188.2,127.6,66.6,0.0,0.0,0.0,0,
442014,1873.7,150.8,128.1,66.6,0.0,0.0,0.0,0,
442114,1855.1,28.4,127.4,66.8,0.0,0.0,0.0,0,
442214,1860.0,10.4,127.4,66.7,0.0,0.0,0.0,0,
442314,1861.1,11.4,127.4,67.0,0.0,0.0,0.0,0,
442514,1861.2,9.8,127.4,70.3,0.0,0.0,0.0,0,
442614,1862.3,9.7,127.4,150.0,0.0,0.0,0.0,0,
442714,1861.5,10.3,127.4,132.7,0.0,0.0,0.0,0,
442814,1861.7,10.8,127.4,138.2,0.0,0.0,0.0,0,
442914,1862.1,11.0,127.4,143.2,0.0,0.0,0.0,0,
443014,1860.8,9.5,127.4,90.4,0.0,0.0,0.0,0,
443114,1858.8,108.2,127.8,71.0,0.0,0.0,0.0,0,
443214,1864.5,131.8,126.3,67.9,0.0,0.0,0.0,0,
443314,1860.6,165.1,124.8,66.9,0.0,0.0,0.0,0,
443514,1877.5,136.1,124.4,66.6,0.0,0.0,0.0,0,
443614,1840.5,146.7,122.8,66.7,0.0,0.0,0.0,0,
443714,1864.2,39.2,122.4,66.6,0.0,0.0,0.0,0,
443814,1860.1,11.5,122.4,66.7,0.0,0.0,0.0,0,
443914,1861.8,12.4,122.4,66.7,0.0,0.0,0.0,0,
444014,1862.1,11.7,122.4,66.8,0.0,0.0,0.0,0,
444114,1861.8,12.7,122.4,67.5,0.0,0.0,0.0,0,
444214,1861.4,12.4,122.4,140.9,0.0,0.0,0.0,0,
444314,1861.0,10.5,122.4,172.0,0.0,0.0,0.0,0,
444514,1861.2,11.9,122.4,139.9,0.0,0.0,0.0,0,
444614,1861.8,12.0,122.4,130.9,0.0,0.0,0.0,0,
444714,1863.0,139.9,122.6,67.9,0.0,0.0,0.0,0,
444814,1860.4,147.5,123.7,56.2,0.0,0.0,0.0,0,
444914,1880.1,123.2,125.8,66.1,0.0,0.0,0.0,0,
445014,1845.9,145.1,126.5,66.6,0.0,0.0,0.0,0,
445114,1857.3,165.0,126.7,66.7,0.0,0.0,0.0,0,
445214,1864.6,171.9,126.5,66.5,0.0,0.0,0.0,0,
445314,1858.3,71.0,128.0,66.7,0.0,0.0,0.0,0,
445514,1861.7,11.6,128.0,67.0,0.0,0.0,0.0,0,
445614,1861.3,11.5,128.0,68.0,0.0,0.0,0.0,0,
445714,1861.5,10.8,128.0,69.8,0.0,0.0,0.0,0,
445814,1861.9,11.4,128.0,125.5,0.0,0.0,0.0,0,
445914,1861.2,11.0,128.0,187.1,0.0,0.0,0.0,0,
446014,1861.0,11.7,128.0,156.1,0.0,0.0,0.0,0,
446114,1861.5,12.4,128.0,144.8,0.0,0.0,0.0,0,
446214,1861.7,11.1,128.0,132.8,0.0,0.0,0.0,0,
446314,1876.1,75.2,128.8,87.8,0.0,0.0,0.0,0,
446514,1864.0,154.5,128.7,67.3,0.0,0.0,0.0,0,
446614,1854.4,183.1,128.0,66.8,0.0,0.0,0.0,0,
446714,1870.1,145.2,129.3,66.6,0.0,0.0,0.0,0,
446814,1864.1,131.3,129.9,66.8,0.0,0.0,0.0,0,
446914,1852.0,108.1,128.9,66.7,0.0,0.0,0.0,0,
447014,1860.8,14.5,128.8,66.7,0.0,0.0,0.0,0,
447114,1862.3,12.4,128.8,66.8,0.0,0.0,0.0,0,
447214,1861.9,12.1,128.8,67.0,0.0,0.0,0.0,0,
447314,1861.6,11.4,128.8,68.2,0.0,0.0,0.0,0,
447514,1860.1,11.2,128.8,91.3,0.0,0.0,0.0,0,
447614,1862.2,9.4,128.8,102.1,0.0,0.0,0.0,0,
447714,1861.4,10.7,128.8,101.1,0.0,0.0,0.0,0,
447814,1860.5,10.1,128.8,105.0,0.0,0.0,0.0,0,
447914,1862.0,64.7,128.8,143.3,0.0,0.0,0.0,0,
448014,1866.4,178.3,129.7,66.7,0.0,0.0,0.0,0,
448114,1859.8,156.9,131.5,66.6,0.0,0.0,0.0,0,
448214,1874.5,143.6,132.3,66.7,0.0,0.0,0.0,0,
448314,1847.7,164.3,131.8,66.7,0.0,0.0,0.0,0,
448514,1861.3,173.1,131.3,66.7,0.0,0.0,0.0,0,
448614,1861.8,18.5,132.0,66.7,0.0,0.0,0.0,0,
448714,1860.7,11.9,132.0,66.7,0.0,0.0,0.0,0,
448814,1861.3,9.8,132.0,67.1,0.0,0.0,0.0,0,
448914,1862.2,11.0,132.0,68.6,0.0,0.0,0.0,0,
449014,1862.2,10.9,132.0,70.6,0.0,0.0,0.0,0,
449114,1860.8,10.5,132.0,70.4,0.0,0.0,0.0,0,
449214,1861.3,10.8,132.0,135.1,0.0,0.0,0.0,0,
449314,1862.2,11.4,132.0,155.0,0.0,0.0,0.0,0,
449514,1861.9,10.3,131.9,149.8,0.0,0.0,0.0,0,
449614,1876.7,117.5,132.6,68.7,0.0,0.0,0.0,0,
449714,1845.1,156.8,132.8,67.1,0.0,0.0,0.0,0,
449814,1863.3,170.5,132.4,66.6,0.0,0.0,0.0,0,
449914,1855.8,173.2,132.5,66.4,0.0,0.0,0.0,0,
450014,1874.3,137.6,134.3,66.7,0.0,0.0,0.0,0,
450114,1854.2,132.3,134.9,66.8,0.0,0.0,0.0,0,
450214,1855.5,26.2,133.6,66.6,0.0,0.0,0.0,0,
450314,1860.3,12.8,133.6,66.9,0.0,0.0,0.0,0,
450514,1861.3,10.7,133.6,67.9,0.0,0.0,0.0,0,
450614,1861.2,10.5,133.6,71.0,0.0,0.0,0.0,0,
450714,1861.2,11.1,133.6,102.9,0.0,0.0,0.0,0,
450814,1860.4,10.1,133.6,136.2,0.0,0.0,0.0,0,
450914,1861.8,11.0,133.6,177.2,0.0,0.0,0.0,0,
451014,1862.0,11.3,133.6,175.1,0.0,0.0,0.0,0,
451114,1861.4,10.1,133.6,153.6,0.0,0.0,0.0,0,
451214,1866.3,137.7,133.0,57.3,0.0,0.0,0.0,0,
451314,1856.6,170.7,131.4,65.6,0.0,0.0,0.0,0,
451514,1867.0,118.0,127.9,66.6,0.0,0.0,0.0,0,
451614,1845.1,153.0,126.0,66.7,0.0,0.0,0.0,0,
451714,1867.5,164.3,126.0,66.7,0.0,0.0,0.0,0,
451814,1859.6,35.8,124.6,66.8,0.0,0.0,0.0,0,
451914,1860.5,19.5,124.7,66.6,0.0,0.0,0.0,0,
452014,1861.6,14.7,124.7,66.8,0.0,0.0,0.0,0,
452114,1860.7,12.0,124.7,67.9,0.0,0.0,0.0,0,
452214,1861.2,11.2,124.7,71.0,0.0,0.0,0.0,0,
452314,1861.7,11.2,124.7,100.0,0.0,0.0,0.0,0,
452514,1861.5,10.5,124.7,189.9,0.0,0.0,0.0,0,
452614,1861.6,9.9,124.7,176.7,0.0,0.0,0.0,0,
452714,1861.7,10.4,124.7,167.4,0.0,0.0,0.0,0,
452814,1858.0,118.9,125.9,75.2,0.0,0.0,0.0,0,
452914,1879.2,126.9,126.2,68.1,0.0,0.0,0.0,0,
453014,1846.4,146.5,126.8,67.1,0.0,0.0,0.0,0,
453114,1858.2,176.3,127.7,66.7,0.0,0.0,0.0,0,
453214,1861.7,167.8,128.9,66.7,0.0,0.0,0.0,0,
453314,1871.1,139.2,130.6,66.8,0.0,0.0,0.0,0,
453514,1859.7,13.3,130.8,66.8,0.0,0.0,0.0,0,
453614,1860.7,11.2,130.7,66.9,0.0,0.0,0.0,0,
453714,1861.4,10.3,130.7,67.2,0.0,0.0,0.0,0,
453814,1861.0,10.9,130.7,68.5,0.0,0.0,0.0,0,
453914,1861.1,11.2,130.7,79.3,0.0,0.0,0.0,0,
454014,1860.7,10.8,130.7,90.8,0.0,0.0,0.0,0,
454114,1861.9,11.6,130.7,176.7,0.0,0.0,0.0,0,
454214,1861.3,10.8,130.7,155.4,0.0,0.0,0.0,0,
454314,1861.0,11.7,130.7,146.1,0.0,0.0,0.0,0,
454514,1857.7,161.6,130.8,55.8,0.0,0.0,0.0,0,
454614,1854.0,169.8,131.3,65.9,0.0,0.0,0.0,0,
454714,1876.8,136.1,131.9,66.4,0.0,0.0,0.0,0,
454814,1855.4,133.1,132.4,66.7,0.0,0.0,0.0,0,
454914,1852.5,157.3,131.7,66.6,0.0,0.0,0.0,0,
455014,1862.8,82.2,130.9,66.8,0.0,0.0,0.0,0,
455114,1860.4,21.4,130.9,66.7,0.0,0.0,0.0,0,
455214,1860.4,11.1,131.0,66.7,0.0,0.0,0.0,0,
455314,1860.8,11.4,131.0,67.2,0.0,0.0,0.0,0,
455514,1862.0,10.2,131.0,89.9,0.0,0.0,0.0,0,
455614,1861.5,10.9,131.0,111.3,0.0,0.0,0.0,0,
455714,1861.2,11.7,131.0,132.0,0.0,0.0,0.0,0,
455814,1862.0,10.1,131.0,184.1,0.0,0.0,0.0,0,
455914,1862.9,11.2,131.0,234.9,0.0,0.0,0.0,0,
456014,1861.0,106.0,131.0,207.7,0.0,0.0,0.0,0,
456114,1866.8,133.7,132.3,68.5,0.0,0.0,0.0,0,
456214,1870.8,120.6,131.5,67.1,0.0,0.0,0.0,0,
456314,1845.4,160.1,132.1,66.7,0.0,0.0,0.0,0,
456514,1860.4,168.2,130.9,66.8,0.0,0.0,0.0,0,
456614,1875.3,130.2,132.7,66.7,0.0,0.0,0.0,0,
456714,1845.2,16.3,131.4,66.7,0.0,0.0,0.0,0,
456814,1861.5,11.9,131.4,66.8,0.0,0.0,0.0,0,
456914,1861.7,10.7,131.4,66.9,0.0,0.0,0.0,0,
457014,1862.2,10.9,131.4,66.9,0.0,0.0,0.0,0,
457114,1861.4,11.0,131.4,72.7,0.0,0.0,0.0,0,
457214,1862.1,10.7,131.4,117.5,0.0,0.0,0.0,0,
457314,1861.3,10.3,131.4,173.7,0.0,0.0,0.0,0,
457514,1860.9,10.2,131.4,195.2,0.0,0.0,0.0,0,
457614,1861.1,10.7,131.4,145.7,0.0,0.0,0.0,0,
457714,1868.4,137.5,130.2,65.6,0.0,0.0,0.0,0,
457814,1858.8,167.5,129.3,65.8,0.0,0.0,0.0,0,
457914,1859.7,166.5,128.5,66.3,0.0,0.0,0.0,0,
458014,1876.8,136.2,129.4,66.6,0.0,0.0,0.0,0,
458114,1850.4,138.2,129.6,66.6,0.0,0.0,0.0,0,
458214,1859.2,147.2,128.5,66.6,0.0,0.0,0.0,0,
458314,1859.4,21.0,128.2,66.7,0.0,0.0,0.0,0,
458514,1862.9,13.9,128.3,66.9,0.0,0.0,0.0,0,
458614,1860.7,10.7,128.3,67.7,0.0,0.0,0.0,0,
458714,1861.7,11.0,128.3,70.9,0.0,0.0,0.0,0,
458814,1861.5,9.7,128.3,72.5,0.0,0.0,0.0,0,
458914,1861.4,11.2,128.3,78.6,0.0,0.0,0.0,0,
459014,1860.9,10.6,128.3,94.6,0.0,0.0,0.0,0,
459114,1861.8,10.1,128.3,141.8,0.0,0.0,0.0,0,
459214,1860.6,9.3,128.3,150.0,0.0,0.0,0.0,0,
459314,1855.9,157.7,128.8,71.1,0.0,0.0,0.0,0,
459514,1861.1,131.9,131.3,67.0,0.0,0.0,0.0,0,
459614,1846.8,159.6,130.9,66.6,0.0,0.0,0.0,0,
459714,1867.2,170.1,130.4,66.6,0.0,0.0,0.0,0,
459814,1853.6,166.5,129.3,66.7,0.0,0.0,0.0,0,
459914,1866.2,27.6,130.4,66.5,0.0,0.0,0.0,0,
460014,1860.1,16.0,130.5,66.9,0.0,0.0,0.0,0,
460114,1862.5,14.4,130.5,67.1,0.0,0.0,0.0,0,
460214,1861.6,11.0,130.5,67.2,0.0,0.0,0.0,0,
460314,1861.7,10.8,130.5,70.6,0.0,0.0,0.0,0,
460514,1861.5,11.3,130.5,85.7,0.0,0.0,0.0,0,
460614,1861.4,10.2,130.5,78.6,0.0,0.0,0.0,0,
460714,1861.6,11.1,130.5,98.9,0.0,0.0,0.0,0,
460814,1861.0,11.2,130.5,114.4,0.0,0.0,0.0,0,
460914,1881.2,101.5,129.7,69.3,0.0,0.0,0.0,0,
461014,1841.7,164.2,129.7,66.3,0.0,0.0,0.0,0,
461114,1863.5,193.3,130.2,66.6,0.0,0.0,0.0,0,
461214,1861.4,171.6,131.6,66.7,0.0,0.0,0.0,0,
461314,1872.3,137.5,132.7,66.7,0.0,0.0,0.0,0,
461514,1857.3,52.0,131.7,66.8,0.0,0.0,0.0,0,
461614,1861.3,15.3,131.7,66.7,0.0,0.0,0.0,0,
461714,1861.0,13.6,131.7,67.0,0.0,0.0,0.0,0,
461814,1861.6,12.3,131.7,68.3,0.0,0.0,0.0,0,
461914,1861.0,11.8,131.7,69.4,0.0,0.0,0.0,0,
462014,1860.9,11.3,131.7,57.5,0.0,0.0,0.0,0,
462114,1861.2,11.1,131.7,78.7,0.0,0.0,0.0,0,
462214,1860.8,12.9,131.7,133.2,0.0,0.0,0.0,0,
462314,1860.3,12.5,131.8,142.2,0.0,0.0,0.0,0,
462514,1860.6,134.6,132.2,74.7,0.0,0.0,0.0,0,
462614,1860.7,151.4,131.1,68.5,0.0,0.0,0.0,0,
462714,1876.4,130.8,130.2,67.0,0.0,0.0,0.0,0,
462814,1851.1,150.4,131.1,66.6,0.0,0.0,0.0,0,
462914,1858.1,168.6,130.5,66.7,0.0,0.0,0.0,0,
463014,1858.7,182.5,131.1,66.7,0.0,0.0,0.0,0,
463114,1859.7,75.7,129.6,66.6,0.0,0.0,0.0,0,
463214,1862.8,15.2,129.6,66.7,0.0,0.0,0.0,0,
463314,1861.9,10.9,129.6,66.8,0.0,0.0,0.0,0,
463514,1861.0,11.0,129.5,68.3,0.0,0.0,0.0,0,
463614,1861.7,11.7,129.5,167.9,0.0,0.0,0.0,0,
463714,1861.2,12.2,129.5,163.1,0.0,0.0,0.0,0,
463814,1861.0,11.1,129.5,124.9,0.0,0.0,0.0,0,
463914,1861.8,11.6,129.5,122.1,0.0,0.0,0.0,0,
464014,1861.6,12.1,129.5,163.8,0.0,0.0,0.0,0,
464114,1869.2,73.9,129.6,122.7,0.0,0.0,0.0,0,
464214,1861.1,124.2,129.1,57.2,0.0,0.0,0.0,0,
464314,1846.7,157.6,130.2,66.0,0.0,0.0,0.0,0,
464514,1849.5,189.6,129.7,66.5,0.0,0.0,0.0,0,
464614,1890.1,159.4,130.3,66.5,0.0,0.0,0.0,0,
464714,1839.9,133.2,132.4,66.7,0.0,0.0,0.0,0,
464814,1860.0,19.1,131.6,66.6,0.0,0.0,0.0,0,
464914,1860.7,14.0,131.6,66.8,0.0,0.0,0.0,0,
465014,1860.9,11.8,131.6,67.6,0.0,0.0,0.0,0,
465114,1861.2,11.5,131.6,69.7,0.0,0.0,0.0,0,
465214,1861.7,11.0,131.6,82.0,0.0,0.0,0.0,0,
465314,1860.7,12.0,131.6,105.6,0.0,0.0,0.0,0,
465514,1862.0,12.3,131.6,102.3,0.0,0.0,0.0,0,
465614,1861.8,10.9,131.6,117.2,0.0,0.0,0.0,0,
465714,1861.2,54.4,131.6,105.4,0.0,0.0,0.0,0,
465814,1864.8,163.0,132.5,67.6,0.0,0.0,0.0,0,
465914,1860.5,172.7,133.3,66.7,0.0,0.0,0.0,0,
466014,1874.0,145.9,135.4,66.5,0.0,0.0,0.0,0,
466114,1851.6,145.3,134.3,66.6,0.0,0.0,0.0,0,
466214,1855.2,159.0,134.4,66.8,0.0,0.0,0.0,0,
466314,1861.5,191.3,132.6,66.6,0.0,0.0,0.0,0,
466514,1861.8,17.3,132.4,66.6,0.0,0.0,0.0,0,
466614,1859.9,10.0,132.4,66.7,0.0,0.0,0.0,0,
466714,1860.3,11.6,132.4,67.3,0.0,0.0,0.0,0,
466814,1860.6,10.9,132.4,69.8,0.0,0.0,0.0,0,
466914,1861.6,10.4,132.4,101.6,0.0,0.0,0.0,0,
467014,1861.1,11.5,132.4,141.4,0.0,0.0,0.0,0,
467114,1860.9,10.8,132.4,141.8,0.0,0.0,0.0,0,
467214,1861.3,10.4,132.4,130.9,0.0,0.0,0.0,0,
467314,1861.2,12.7,132.4,103.9,0.0,0.0,0.0,0,
467514,1850.2,126.4,133.8,66.4,0.0,0.0,0.0,0,
467614,1857.9,158.0,133.0,66.6,0.0,0.0,0.0,0,
467714,1860.9,196.9,133.7,66.7,0.0,0.0,0.0,0,
467814,1860.3,162.2,133.2,66.5,0.0,0.0,0.0,0,
467914,1879.1,130.5,134.1,66.7,0.0,0.0,0.0,0,
468014,1840.1,27.8,132.6,66.7,0.0,0.0,0.0,0,
468114,1860.3,11.5,132.6,66.8,0.0,0.0,0.0,0,
468214,1860.5,11.9,132.6,67.5,0.0,0.0,0.0,0,
468314,1860.5,10.7,132.6,70.5,0.0,0.0,0.0,0,
468514,1861.3,13.1,132.6,86.1,0.0,0.0,0.0,0,
468614,1861.2,10.9,132.6,81.6,0.0,0.0,0.0,0,
468714,1860.6,9.8,132.6,88.3,0.0,0.0,0.0,0,
468814,1861.3,11.3,132.6,94.0,0.0,0.0,0.0,0,
468914,1860.6,10.9,132.6,107.4,0.0,0.0,0.0,0,
469014,1856.3,129.3,132.9,70.4,0.0,0.0,0.0,0,
469114,1865.7,178.0,131.7,67.6,0.0,0.0,0.0,0,
469214,1854.8,169.3,132.5,66.8,0.0,0.0,0.0,0,
469314,1884.6,142.4,133.4,66.5,0.0,0.0,0.0,0,
469514,1856.3,153.4,132.1,66.6,0.0,0.0,0.0,0,
469614,1863.6,36.8,132.1,66.7,0.0,0.0,0.0,0,
469714,1858.7,16.3,132.2,66.7,0.0,0.0,0.0,0,
469814,1861.4,16.5,132.2,66.8,0.0,0.0,0.0,0,
469914,1861.5,12.1,132.2,67.1,0.0,0.0,0.0,0,
470014,1861.1,15.7,132.2,68.6,0.0,0.0,0.0,0,
470114,1861.7,11.0,132.3,75.1,0.0,0.0,0.0,0,
470214,1862.9,10.2,132.3,74.9,0.0,0.0,0.0,0,
470314,1860.9,11.8,132.3,74.9,0.0,0.0,0.0,0,
470514,1861.6,9.8,132.3,100.0,0.0,0.0,0.0,0,
470614,1860.2,132.2,132.1,69.9,0.0,0.0,0.0,0,
470714,1869.8,121.9,133.6,66.6,0.0,0.0,0.0,0,
470814,1856.3,116.7,132.3,66.6,0.0,0.0,0.0,0,
470914,1855.8,154.0,130.1,66.7,0.0,0.0,0.0,0,
471014,1857.3,182.9,129.6,66.7,0.0,0.0,0.0,0,
471114,1864.9,144.6,129.2,66.8,0.0,0.0,0.0,0,
471214,1857.3,53.9,128.5,66.8,0.0,0.0,0.0,0,
471314,1860.8,14.3,128.4,66.6,0.0,0.0,0.0,0,
471514,1860.4,11.7,128.4,68.5,0.0,0.0,0.0,0,
471614,1861.1,12.3,128.4,70.1,0.0,0.0,0.0,0,
471714,1861.4,11.6,128.4,106.2,0.0,0.0,0.0,0,
471814,1860.8,12.0,128.4,164.0,0.0,0.0,0.0,0,
471914,1860.6,12.2,128.4,208.9,0.0,0.0,0.0,0,
472014,1861.2,12.0,128.4,231.9,0.0,0.0,0.0,0,
472114,1861.3,12.4,128.4,233.6,0.0,0.0,0.0,0,
472214,1871.4,88.2,129.3,99.6,0.0,0.0,0.0,0,
472314,1856.1,148.5,129.5,68.3,0.0,0.0,0.0,0,
472514,1858.0,164.4,133.1,66.7,0.0,0.0,0.0,0,
472614,1882.2,142.2,132.9,66.7,0.0,0.0,0.0,0,
472714,1833.7,143.7,133.8,66.7,0.0,0.0,0.0,0,
472814,1867.8,89.7,133.2,66.7,0.0,0.0,0.0,0,
472914,1859.1,17.7,133.2,66.8,0.0,0.0,0.0,0,
473014,1861.1,12.6,133.2,66.8,0.0,0.0,0.0,0,
473114,1860.7,14.8,133.3,67.2,0.0,0.0,0.0,0,
473214,1862.1,12.4,133.3,68.5,0.0,0.0,0.0,0,
473314,1861.3,12.2,133.3,86.1,0.0,0.0,0.0,0,
473514,1860.5,11.9,133.3,107.7,0.0,0.0,0.0,0,
473614,1861.0,12.7,133.3,123.3,0.0,0.0,0.0,0,
473714,1860.7,12.9,133.3,148.9,0.0,0.0,0.0,0,
473814,1861.3,86.5,133.3,132.8,0.0,0.0,0.0,0,
473914,1852.9,156.1,133.1,66.8,0.0,0.0,0.0,0,
474014,1884.4,136.9,134.1,66.7,0.0,0.0,0.0,0,
474114,1844.9,140.0,132.9,66.6,0.0,0.0,0.0,0,
474214,1854.7,165.0,133.4,66.6,0.0,0.0,0.0,0,
474314,1865.1,180.5,132.9,66.6,0.0,0.0,0.0,0,
474514,1860.7,18.3,132.7,66.7,0.0,0.0,0.0,0,
474614,1860.4,14.4,132.8,67.0,0.0,0.0,0.0,0,
474714,1861.6,11.1,132.8,68.6,0.0,0.0,0.0,0,
474814,1860.2,11.0,132.7,71.2,0.0,0.0,0.0,0,
474914,1860.2,10.2,132.7,91.6,0.0,0.0,0.0,0,
475014,1861.7,11.1,132.7,105.0,0.0,0.0,0.0,0,
475114,1860.7,13.0,132.7,117.0,0.0,0.0,0.0,0,
475214,1860.9,12.4,132.7,100.8,0.0,0.0,0.0,0,
475314,1861.7,12.8,132.7,84.4,0.0,0.0,0.0,0,
475514,1873.0,115.4,133.3,68.0,0.0,0.0,0.0,0,
475614,1853.3,143.3,131.7,66.8,0.0,0.0,0.0,0,
475714,1857.6,191.9,130.3,66.5,0.0,0.0,0.0,0,
475814,1864.5,154.7,130.9,66.7,0.0,0.0,0.0,0,
475914,1875.2,125.3,129.7,66.7,0.0,0.0,0.0,0,
476014,1847.4,123.5,129.2,66.6,0.0,0.0,0.0,0,
476114,1861.2,23.3,129.2,66.8,0.0,0.0,0.0,0,
476214,1861.4,10.4,129.1,66.7,0.0,0.0,0.0,0,
476314,1860.8,11.5,129.1,66.8,0.0,0.0,0.0,0,
476514,1860.7,10.6,129.1,68.2,0.0,0.0,0.0,0,
476614,1861.1,11.2,129.1,81.0,0.0,0.0,0.0,0,
476714,1861.5,11.2,129.1,149.2,0.0,0.0,0.0,0,
476814,1862.2,9.3,129.1,174.8,0.0,0.0,0.0,0,
476914,1861.3,13.0,129.1,140.1,0.0,0.0,0.0,0,
477014,1860.9,10.1,129.1,85.7,0.0,0.0,0.0,0,
477114,1857.9,158.7,128.4,70.5,0.0,0.0,0.0,0,
477214,1859.1,148.5,128.2,67.3,0.0,0.0,0.0,0,
477314,1882.2,131.6,128.9,66.8,0.0,0.0,0.0,0,
477514,1864.4,158.2,127.7,66.6,0.0,0.0,0.0,0,
477614,1859.0,183.6,127.0,66.8,0.0,0.0,0.0,0,
477714,1860.8,34.7,128.2,66.6,0.0,0.0,0.0,0,
477814,1860.3,15.1,128.2,66.8,0.0,0.0,0.0,0,
477914,1862.2,11.4,128.2,67.1,0.0,0.0,0.0,0,
478014,1861.5,11.4,128.2,67.7,0.0,0.0,0.0,0,
478114,1860.7,11.2,128.2,69.8,0.0,0.0,0.0,0,
478214,1861.0,10.3,128.2,122.5,0.0,0.0,0.0,0,
478314,1862.0,11.4,128.2,157.7,0.0,0.0,0.0,0,
478514,1861.7,10.5,128.2,165.4,0.0,0.0,0.0,0,
478614,1861.0,10.5,128.2,156.7,0.0,0.0,0.0,0,
478714,1882.6,111.4,129.1,68.4,0.0,0.0,0.0,0,
478814,1848.8,127.6,128.8,66.7,0.0,0.0,0.0,0,
478914,1853.0,158.9,129.6,66.7,0.0,0.0,0.0,0,
479014,1866.5,180.6,130.1,66.7,0.0,0.0,0.0,0,
479114,1857.2,159.7,130.6,66.7,0.0,0.0,0.0,0,
479214,1880.9,123.6,131.7,66.5,0.0,0.0,0.0,0,
479314,1844.1,52.1,130.0,66.8,0.0,0.0,0.0,0,
479514,1860.2,12.3,130.0,66.7,0.0,0.0,0.0,0,
479614,1860.4,11.2,130.0,67.3,0.0,0.0,0.0,0,
479714,1860.0,11.1,130.0,69.2,0.0,0.0,0.0,0,
479814,1861.5,10.7,130.0,144.2,0.0,0.0,0.0,0,
479914,1861.4,11.2,130.0,139.8,0.0,0.0,0.0,0,
480014,1860.2,11.8,130.0,122.6,0.0,0.0,0.0,0,
480114,1860.5,12.3,130.1,101.6,0.0,0.0,0.0,0,
480214,1861.5,11.9,130.1,94.3,0.0,0.0,0.0,0,
480314,1860.9,114.8,130.5,70.8,0.0,0.0,0.0,0,
480514,1868.0,146.3,128.2,67.2,0.0,0.0,0.0,0,
480614,1876.3,138.1,127.4,66.7,0.0,0.0,0.0,0,
480714,1844.8,139.5,127.8,66.6,0.0,0.0,0.0,0,
480814,1862.0,164.9,126.1,66.8,0.0,0.0,0.0,0,
480914,1857.2,80.2,125.4,66.6,0.0,0.0,0.0,0,
481014,1862.0,14.9,125.4,66.7,0.0,0.0,0.0,0,
481114,1860.8,13.2,125.4,67.0,0.0,0.0,0.0,0,
481214,1861.1,11.3,125.4,67.3,0.0,0.0,0.0,0,
481314,1861.3,11.1,125.4,68.6,0.0,0.0,0.0,0,
481514,1860.8,11.4,125.4,154.3,0.0,0.0,0.0,0,
481614,1860.6,11.1,125.4,196.1,0.0,0.0,0.0,0,
481714,1860.2,11.3,125.4,146.3,0.0,0.0,0.0,0,
481814,1860.9,9.2,125.4,143.9,0.0,0.0,0.0,0,
481914,1862.8,85.8,125.6,146.4,0.0,0.0,0.0,0,
482014,1877.7,108.2,125.3,57.2,0.0,0.0,0.0,0,
482114,1840.7,134.1,126.3,66.0,0.0,0.0,0.0,0,
482214,1863.6,155.0,125.4,66.4,0.0,0.0,0.0,0,
482314,1858.7,174.7,123.7,66.7,0.0,0.0,0.0,0,
482514,1871.3,127.1,124.0,66.7,0.0,0.0,0.0,0,
482614,1847.2,17.6,123.4,66.7,0.0,0.0,0.0,0,
482714,1861.4,12.5,123.4,66.8,0.0,0.0,0.0,0,
482814,1861.7,11.0,123.4,67.7,0.0,0.0,0.0,0,
482914,1860.6,11.7,123.4,70.0,0.0,0.0,0.0,0,
483014,1860.5,11.7,123.4,79.4,0.0,0.0,0.0,0,
483114,1861.2,11.4,123.4,165.5,0.0,0.0,0.0,0,
483214,1860.4,11.5,123.4,144.9,0.0,0.0,0.0,0,
483314,1861.0,10.1,123.4,149.2,0.0,0.0,0.0,0,
483514,1860.5,28.6,123.4,144.1,0.0,0.0,0.0,0,
483614,1858.8,132.5,124.2,70.5,0.0,0.0,0.0,0,
483714,1863.8,166.2,124.2,67.4,0.0,0.0,0.0,0,
483814,1857.8,157.3,124.7,66.7,0.0,0.0,0.0,0,
483914,1882.2,126.3,124.6,66.5,0.0,0.0,0.0,0,
484014,1839.6,147.2,125.4,66.8,0.0,0.0,0.0,0,
484114,1862.9,142.9,124.7,66.7,0.0,0.0,0.0,0,
484214,1859.9,18.4,124.0,66.7,0.0,0.0,0.0,0,
484314,1861.3,11.5,124.0,66.7,0.0,0.0,0.0,0,
484514,1861.3,11.7,123.9,67.1,0.0,0.0,0.0,0,
484614,1860.7,10.2,123.9,71.6,0.0,0.0,0.0,0,
484714,1860.8,9.4,123.9,152.6,0.0,0.0,0.0,0,
484814,1861.3,11.0,123.9,144.1,0.0,0.0,0.0,0,
484914,1860.9,10.4,123.9,144.2,0.0,0.0,0.0,0,
485014,1860.9,12.5,123.9,125.3,0.0,0.0,0.0,0,
485114,1861.0,9.9,123.9,102.7,0.0,0.0,0.0,0,
485214,1857.3,139.0,123.8,66.0,0.0,0.0,0.0,0,
485314,1877.1,115.3,124.8,66.3,0.0,0.0,0.0,0,
485514,1858.7,166.2,125.0,66.6,0.0,0.0,0.0,0,
485614,1859.5,175.1,123.9,66.5,0.0,0.0,0.0,0,
485714,1860.9,140.8,125.1,66.7,0.0,0.0,0.0,0,
485814,1857.6,26.2,125.2,66.7,0.0,0.0,0.0,0,
485914,1860.6,13.0,125.3,66.8,0.0,0.0,0.0,0,
486014,1860.6,11.5,125.3,67.3,0.0,0.0,0.0,0,
486114,1860.8,12.0,125.3,69.6,0.0,0.0,0.0,0,
486214,1861.5,13.1,125.3,75.1,0.0,0.0,0.0,0,
486314,1860.8,12.0,125.3,141.0,0.0,0.0,0.0,0,
486514,1861.7,12.5,125.3,133.5,0.0,0.0,0.0,0,
486614,1861.3,11.5,125.3,137.5,0.0,0.0,0.0,0,
486714,1861.1,14.4,125.3,114.6,0.0,0.0,0.0,0,
486814,1871.6,106.4,126.0,67.4,0.0,0.0,0.0,0,
486914,1858.1,135.8,124.8,65.8,0.0,0.0,0.0,0,
487014,1855.1,171.1,123.6,66.0,0.0,0.0,0.0,0,
487114,1870.0,152.7,123.3,66.4,0.0,0.0,0.0,0,
487214,1871.1,117.4,123.1,66.7,0.0,0.0,0.0,0,
487314,1847.3,134.3,122.4,66.6,0.0,0.0,0.0,0,
487514,1860.9,11.8,123.1,66.6,0.0,0.0,0.0,0,
487614,1861.6,11.7,123.1,66.7,0.0,0.0,0.0,0,
487714,1860.5,10.8,123.1,67.1,0.0,0.0,0.0,0,
487814,1860.6,10.7,123.1,68.3,0.0,0.0,0.0,0,
487914,1861.4,10.5,123.1,151.0,0.0,0.0,0.0,0,
488014,1860.7,11.4,123.1,194.8,0.0,0.0,0.0,0,
488114,1861.5,10.9,123.1,188.9,0.0,0.0,0.0,0,
488214,1861.8,11.7,123.1,154.4,0.0,0.0,0.0,0,
488314,1860.4,14.5,123.1,140.6,0.0,0.0,0.0,0,
488514,1862.8,149.0,124.0,66.7,0.0,0.0,0.0,0,
488614,1881.2,120.1,125.4,66.4,0.0,0.0,0.0,0,
488714,1836.0,153.7,126.5,66.4,0.0,0.0,0.0,0,
488814,1865.4,165.0,126.3,66.6,0.0,0.0,0.0,0,
488914,1856.8,178.8,127.3,66.8,0.0,0.0,0.0,0,
489014,1864.2,62.9,127.6,66.6,0.0,0.0,0.0,0,
489114,1865.3,21.9,127.6,66.7,0.0,0.0,0.0,0,
489214,1857.0,11.8,127.7,66.7,0.0,0.0,0.0,0,
489314,1861.1,9.5,127.6,66.8,0.0,0.0,0.0,0,
489514,1861.3,10.8,127.6,74.8,0.0,0.0,0.0,0,
489614,1861.5,10.0,127.6,137.2,0.0,0.0,0.0,0,
489714,1861.1,10.6,127.6,132.1,0.0,0.0,0.0,0,
489814,1861.6,11.0,127.6,133.8,0.0,0.0,0.0,0,
489914,1860.9,11.0,127.6,167.9,0.0,0.0,0.0,0,
490014,1878.1,75.1,128.1,100.0,0.0,0.0,0.0,0,
490114,1844.6,123.7,127.8,65.6,0.0,0.0,0.0,0,
490214,1854.0,145.9,127.2,66.1,0.0,0.0,0.0,0,
490314,1863.7,181.9,126.4,66.5,0.0,0.0,0.0,0,
490514,1877.0,121.5,125.7,66.5,0.0,0.0,0.0,0,
490614,1841.1,104.3,125.8,66.8,0.0,0.0,0.0,0,
490714,1861.5,14.7,125.7,66.6,0.0,0.0,0.0,0,
490814,1860.5,11.3,125.6,66.5,0.0,0.0,0.0,0,
490914,1861.3,10.2,125.6,66.8,0.0,0.0,0.0,0,
491014,1860.7,10.6,125.6,67.3,0.0,0.0,0.0,0,
491114,1860.9,10.5,125.6,88.0,0.0,0.0,0.0,0,
491214,1861.5,11.0,125.7,146.7,0.0,0.0,0.0,0,
491314,1861.0,10.2,125.7,173.1,0.0,0.0,0.0,0,
491514,1860.3,11.4,125.7,205.0,0.0,0.0,0.0,0,
491614,1861.0,67.6,125.7,187.9,0.0,0.0,0.0,0,
491714,1861.9,170.3,126.5,66.8,0.0,0.0,0.0,0,
491814,1865.0,146.7,127.8,66.1,0.0,0.0,0.0,0,
491914,1875.2,125.8,128.6,66.2,0.0,0.0,0.0,0,
492014,1846.2,142.8,129.0,66.4,0.0,0.0,0.0,0,
492114,1857.4,166.2,128.8,66.7,0.0,0.0,0.0,0,
492214,1860.9,174.2,128.7,66.6,0.0,0.0,0.0,0,
492314,1862.8,21.6,128.7,66.6,0.0,0.0,0.0,0,
492514,1861.6,11.3,128.7,66.1,0.0,0.0,0.0,0,
492614,1860.9,11.2,128.7,66.1,0.0,0.0,0.0,0,
492714,1861.0,11.5,128.7,66.8,0.0,0.0,0.0,0,
492814,1861.3,11.5,128.7,117.6,0.0,0.0,0.0,0,
492914,1860.5,11.0,128.7,156.5,0.0,0.0,0.0,0,
493014,1860.6,10.9,128.7,142.1,0.0,0.0,0.0,0,
493114,1860.4,11.6,128.7,151.4,0.0,0.0,0.0,0,
493214,1860.8,10.8,128.7,167.4,0.0,0.0,0.0,0,
493314,1875.8,116.9,129.8,67.8,0.0,0.0,0.0,0,
493514,1862.8,162.2,131.2,66.7,0.0,0.0,0.0,0,
493614,1854.4,174.3,130.6,66.6,0.0,0.0,0.0,0,
493714,1874.0,139.7,131.2,66.5,0.0,0.0,0.0,0,
493814,1863.8,119.8,130.6,66.8,0.0,0.0,0.0,0,
493914,1845.2,26.6,130.7,66.7,0.0,0.0,0.0,0,
494014,1860.6,11.5,130.7,66.7,0.0,0.0,0.0,0,
494114,1861.4,10.8,130.7,67.0,0.0,0.0,0.0,0,
494214,1861.4,10.6,130.7,67.3,0.0,0.0,0.0,0,
494314,1860.4,11.7,130.7,67.2,0.0,0.0,0.0,0,
494514,1861.0,10.3,130.7,175.3,0.0,0.0,0.0,0,
494614,1861.1,10.4,130.7,184.0,0.0,0.0,0.0,0,
494714,1860.3,9.8,130.7,212.1,0.0,0.0,0.0,0,
494814,1861.4,9.6,130.7,235.2,0.0,0.0,0.0,0,
494914,1866.4,127.1,130.3,57.6,0.0,0.0,0.0,0,
495014,1859.2,167.4,128.4,65.9,0.0,0.0,0.0,0,
495114,1863.1,139.1,127.6,66.2,0.0,0.0,0.0,0,
495214,1876.0,122.7,126.8,66.5,0.0,0.0,0.0,0,
495314,1840.5,151.2,127.1,66.7,0.0,0.0,0.0,0,
495514,1862.5,35.0,126.7,66.8,0.0,0.0,0.0,0,
495614,1860.1,12.0,126.8,66.6,0.0,0.0,0.0,0,
495714,1861.9,10.6,126.8,66.4,0.0,0.0,0.0,0,
495814,1860.1,10.9,126.8,66.2,0.0,0.0,0.0,0,
495914,1861.0,9.8,126.8,65.6,0.0,0.0,0.0,0,
496014,1861.1,10.1,126.8,135.4,0.0,0.0,0.0,0,
496114,1860.8,9.4,126.7,157.6,0.0,0.0,0.0,0,
496214,1860.8,9.6,126.7,184.9,0.0,0.0,0.0,0,
496314,1860.5,9.9,126.7,196.1,0.0,0.0,0.0,0,
496514,1856.8,124.7,127.5,72.8,0.0,0.0,0.0,0,
496614,1880.3,124.9,128.8,67.4,0.0,0.0,0.0,0,
496714,1845.3,144.0,130.0,66.9,0.0,0.0,0.0,0,
496814,1857.8,173.4,130.9,66.7,0.0,0.0,0.0,0,
496914,1861.6,178.5,131.3,66.6,0.0,0.0,0.0,0,
497014,1870.0,148.7,132.5,66.8,0.0,0.0,0.0,0,
497114,1851.6,54.0,132.7,66.6,0.0,0.0,0.0,0,
497214,1860.7,12.2,132.7,66.7,0.0,0.0,0.0,0,
497314,1861.5,11.6,132.7,66.8,0.0,0.0,0.0,0,
497514,1861.7,11.8,132.7,67.3,0.0,0.0,0.0,0,
497614,1860.9,11.8,132.7,137.1,0.0,0.0,0.0,0,
497714,1860.7,10.6,132.7,163.7,0.0,0.0,0.0,0,
497814,1861.8,11.0,132.7,188.0,0.0,0.0,0.0,0,
497914,1861.0,11.9,132.7,196.7,0.0,0.0,0.0,0,
498014,1862.6,10.3,132.7,185.8,0.0,0.0,0.0,0,
498114,1871.1,94.4,133.4,70.2,0.0,0.0,0.0,0,
498214,1855.2,150.8,132.5,53.3,0.0,0.0,0.0,0,
498314,1855.8,169.8,131.4,65.8,0.0,0.0,0.0,0,
498514,1864.8,121.7,129.2,66.6,0.0,0.0,0.0,0,
498614,1848.3,149.3,128.2,66.6,0.0,0.0,0.0,0,
498714,1862.1,77.2,126.9,66.7,0.0,0.0,0.0,0,
498814,1861.0,13.4,126.9,66.6,0.0,0.0,0.0,0,
498914,1861.2,10.6,126.9,66.3,0.0,0.0,0.0,0,
499014,1861.4,11.5,126.9,66.4,0.0,0.0,0.0,0,
499114,1861.6,10.8,126.9,66.7,0.0,0.0,0.0,0,
499214,1861.4,10.1,126.9,116.9,0.0,0.0,0.0,0,
499314,1861.3,10.9,126.9,176.7,0.0,0.0,0.0,0,
499514,1861.0,11.1,126.9,150.0,0.0,0.0,0.0,0,
499614,1860.9,11.8,126.9,144.1,0.0,0.0,0.0,0,
499714,1861.1,97.1,126.9,130.6,0.0,0.0,0.0,0,
499814,1860.1,143.2,127.8,67.3,0.0,0.0,0.0,0,
499914,1877.2,119.2,127.8,66.8,0.0,0.0,0.0,0,
500014,1842.8,144.3,126.6,66.6,0.0,0.0,0.0,0,
500114,1862.4,164.4,126.7,66.5,0.0,0.0,0.0,0,
500214,1861.0,171.8,125.9,66.9,0.0,0.0,0.0,0,
500314,1873.2,134.5,128.0,66.7,0.0,0.0,0.0,0,
500514,1861.6,10.9,126.8,66.7,0.0,0.0,0.0,0,
500614,1861.1,9.9,126.8,66.6,0.0,0.0,0.0,0,
500714,1861.3,10.9,126.8,66.8,0.0,0.0,0.0,0,
500814,1861.5,11.0,126.8,73.1,0.0,0.0,0.0,0,
500914,1861.3,11.2,126.8,153.2,0.0,0.0,0.0,0,
501014,1860.6,10.0,126.8,156.1,0.0,0.0,0.0,0,
501114,1861.0,10.2,126.8,156.0,0.0,0.0,0.0,0,
501214,1861.0,10.4,126.8,158.8,0.0,0.0,0.0,0,
501314,1860.8,12.5,126.8,216.6,0.0,0.0,0.0,0,
501514,1855.6,165.1,127.0,66.2,0.0,0.0,0.0,0,
501614,1861.2,171.1,128.8,66.5,0.0,0.0,0.0,0,
501714,1868.3,145.4,130.0,66.6,0.0,0.0,0.0,0,
501814,1865.3,130.2,130.8,66.6,0.0,0.0,0.0,0,
501914,1850.6,154.6,130.1,66.7,0.0,0.0,0.0,0,
502014,1859.8,21.7,130.2,66.6,0.0,0.0,0.0,0,
502114,1860.1,11.5,130.2,66.5,0.0,0.0,0.0,0,
502214,1860.7,9.9,130.2,66.7,0.0,0.0,0.0,0,
502314,1861.9,10.9,130.2,67.2,0.0,0.0,0.0,0,
502514,1861.6,10.2,130.2,140.9,0.0,0.0,0.0,0,
502614,1861.6,10.6,130.1,214.2,0.0,0.0,0.0,0,
502714,1861.2,10.1,130.1,230.0,0.0,0.0,0.0,0,
502814,1861.2,10.2,130.2,187.1,0.0,0.0,0.0,0,
502914,1861.3,11.6,130.2,184.1,0.0,0.0,0.0,0,
503014,1857.0,162.9,130.2,68.4,0.0,0.0,0.0,0,
503114,1874.1,138.0,130.8,66.9,0.0,0.0,0.0,0,
503214,1867.2,128.1,131.5,66.5,0.0,0.0,0.0,0,
503314,1845.4,162.3,133.8,66.5,0.0,0.0,0.0,0,
503514,1855.5,173.8,133.9,66.5,0.0,0.0,0.0,0,
503614,1865.3,30.5,135.2,66.6,0.0,0.0,0.0,0,
503714,1860.4,10.8,135.2,66.7,0.0,0.0,0.0,0,
503814,1860.7,11.1,135.2,66.5,0.0,0.0,0.0,0,
503914,1860.8,11.2,135.2,66.7,0.0,0.0,0.0,0,
504014,1860.5,10.6,135.2,67.9,0.0,0.0,0.0,0,
504114,1861.1,10.6,135.2,145.8,0.0,0.0,0.0,0,
504214,1860.7,10.1,135.2,145.8,0.0,0.0,0.0,0,
504314,1860.3,9.8,135.2,146.1,0.0,0.0,0.0,0,
504514,1860.6,11.7,135.2,182.8,0.0,0.0,0.0,0,
504614,1877.7,113.0,135.5,68.5,0.0,0.0,0.0,0,
504714,1836.1,156.5,135.6,66.8,0.0,0.0,0.0,0,
504814,1863.9,178.6,136.2,66.7,0.0,0.0,0.0,0,
504914,1859.1,173.9,135.2,66.6,0.0,0.0,0.0,0,
505014,1875.1,144.3,136.5,66.5,0.0,0.0,0.0,0,
505114,1855.9,124.1,136.4,66.7,0.0,0.0,0.0,0,
505214,1848.8,49.8,135.6,66.7,0.0,0.0,0.0,0,
505314,1860.3,12.8,135.6,66.6,0.0,0.0,0.0,0,
505514,1861.7,10.9,135.6,67.7,0.0,0.0,0.0,0,
505614,1861.2,11.9,135.6,68.9,0.0,0.0,0.0,0,
505714,1860.4,11.1,135.6,166.5,0.0,0.0,0.0,0,
505814,1860.6,11.1,135.6,150.4,0.0,0.0,0.0,0,
505914,1861.0,11.6,135.6,144.4,0.0,0.0,0.0,0,
506014,1860.7,12.1,135.6,167.8,0.0,0.0,0.0,0,
506114,1861.0,11.4,135.6,164.9,0.0,0.0,0.0,0,
506214,1863.6,126.0,135.7,71.7,0.0,0.0,0.0,0,
506314,1861.0,174.7,135.2,67.0,0.0,0.0,0.0,0,
506514,1862.7,118.2,134.9,66.4,0.0,0.0,0.0,0,
506614,1852.1,166.9,133.1,66.6,0.0,0.0,0.0,0,
506714,1856.8,179.6,132.4,66.7,0.0,0.0,0.0,0,
506814,1864.3,73.3,131.3,66.7,0.0,0.0,0.0,0,
506914,1862.6,14.9,131.3,66.8,0.0,0.0,0.0,0,
507014,1861.8,10.8,131.3,66.7,0.0,0.0,0.0,0,
507114,1861.4,11.4,131.3,66.9,0.0,0.0,0.0,0,
507214,1860.8,12.4,131.3,68.1,0.0,0.0,0.0,0,
507314,1860.8,12.0,131.3,163.1,0.0,0.0,0.0,0,
507514,1860.0,11.4,131.3,173.9,0.0,0.0,0.0,0,
507614,1860.7,11.3,131.3,154.7,0.0,0.0,0.0,0,
507714,1861.4,10.9,131.3,139.5,0.0,0.0,0.0,0,
507814,1863.3,85.6,131.5,157.7,0.0,0.0,0.0,0,
507914,1865.1,117.9,132.4,67.4,0.0,0.0,0.0,0,
508014,1849.3,171.6,132.9,66.9,0.0,0.0,0.0,0,
508114,1860.9,186.8,133.8,66.7,0.0,0.0,0.0,0,
508214,1853.8,180.6,135.1,66.5,0.0,0.0,0.0,0,
508314,1882.2,137.2,137.7,66.6,0.0,0.0,0.0,0,
508514,1856.2,16.7,136.1,66.6,0.0,0.0,0.0,0,
508614,1860.8,10.8,136.1,67.0,0.0,0.0,0.0,0,
508714,1860.7,10.1,136.1,68.6,0.0,0.0,0.0,0,
508814,1860.7,9.8,136.1,70.8,0.0,0.0,0.0,0,
508914,1860.3,10.6,136.0,75.6,0.0,0.0,0.0,0,
509014,1861.3,10.0,136.0,141.7,0.0,0.0,0.0,0,
509114,1861.5,10.5,136.0,154.2,0.0,0.0,0.0,0,
509214,1861.2,12.0,136.0,186.6,0.0,0.0,0.0,0,
509314,1861.1,9.6,136.0,185.7,0.0,0.0,0.0,0,
509514,1868.3,165.1,136.2,55.7,0.0,0.0,0.0,0,
509614,1855.4,189.8,135.5,65.9,0.0,0.0,0.0,0,
509714,1875.6,160.7,139.0,66.3,0.0,0.0,0.0,0,
509814,1858.0,131.0,139.1,66.6,0.0,0.0,0.0,0,
509914,1847.0,170.9,137.9,66.5,0.0,0.0,0.0,0,
510014,1865.4,178.8,138.9,66.5,0.0,0.0,0.0,0,
510114,1861.5,19.1,138.8,66.8,0.0,0.0,0.0,0,
510214,1860.3,12.7,138.8,66.7,0.0,0.0,0.0,0,
510314,1861.3,11.1,138.8,66.9,0.0,0.0,0.0,0,
510514,1861.3,10.3,138.8,70.7,0.0,0.0,0.0,0,
510614,1861.4,10.1,138.8,138.3,0.0,0.0,0.0,0,
510714,1861.1,10.7,138.8,186.1,0.0,0.0,0.0,0,
510814,1861.3,10.0,138.8,198.0,0.0,0.0,0.0,0,
510914,1861.0,10.4,138.8,198.6,0.0,0.0,0.0,0,
511014,1861.0,10.5,138.8,199.0,0.0,0.0,0.0,0,
511114,1863.0,127.8,139.2,66.3,0.0,0.0,0.0,0,
511214,1868.0,100.7,136.2,66.4,0.0,0.0,0.0,0,
511314,1852.8,159.7,131.0,66.6,0.0,0.0,0.0,0,
511514,1866.0,154.7,126.4,66.7,0.0,0.0,0.0,0,
511614,1873.8,123.4,126.0,66.8,0.0,0.0,0.0,0,
511714,1846.2,24.7,123.7,66.8,0.0,0.0,0.0,0,
511814,1859.5,12.0,123.7,67.1,0.0,0.0,0.0,0,
511914,1861.8,12.1,123.7,67.3,0.0,0.0,0.0,0,
512014,1861.1,12.1,123.7,67.6,0.0,0.0,0.0,0,
512114,1860.5,11.4,123.7,71.2,0.0,0.0,0.0,0,
512214,1861.6,11.7,123.7,115.6,0.0,0.0,0.0,0,
512314,1861.0,11.8,123.7,167.0,0.0,0.0,0.0,0,
512514,1862.1,13.8,123.7,168.9,0.0,0.0,0.0,0,
512614,1860.8,15.9,123.8,148.2,0.0,0.0,0.0,0,
512714,1864.5,122.2,123.8,66.6,0.0,0.0,0.0,0,
512814,1861.1,149.5,123.2,57.3,0.0,0.0,0.0,0,
512914,1856.7,174.0,123.1,66.0,0.0,0.0,0.0,0,
513014,1883.3,155.2,128.0,66.5,0.0,0.0,0.0,0,
513114,1845.5,130.7,129.0,66.7,0.0,0.0,0.0,0,
513214,1858.1,154.7,131.0,66.5,0.0,0.0,0.0,0,
513314,1861.2,36.2,130.5,66.7,0.0,0.0,0.0,0,
513514,1861.2,12.0,130.6,66.6,0.0,0.0,0.0,0,
513614,1860.5,11.8,130.6,67.3,0.0,0.0,0.0,0,
513714,1862.0,12.9,130.6,70.8,0.0,0.0,0.0,0,
513814,1860.9,11.5,130.6,81.2,0.0,0.0,0.0,0,
513914,1860.2,11.8,130.6,151.5,0.0,0.0,0.0,0,
514014,1861.1,12.1,130.6,188.5,0.0,0.0,0.0,0,
514114,1860.9,13.0,130.6,158.4,0.0,0.0,0.0,0,
514214,1860.3,12.1,130.6,149.3,0.0,0.0,0.0,0,
514314,1856.3,141.6,130.2,77.1,0.0,0.0,0.0,0,
514514,1862.3,122.0,133.6,66.5,0.0,0.0,0.0,0,
514614,1843.4,180.1,132.6,66.4,0.0,0.0,0.0,0,
514714,1866.9,186.7,132.6,66.6,0.0,0.0,0.0,0,
514814,1854.4,169.7,131.2,66.7,0.0,0.0,0.0,0,
514914,1865.3,58.0,132.2,66.6,0.0,0.0,0.0,0,
515014,1861.4,14.5,132.1,66.7,0.0,0.0,0.0,0,
515114,1861.8,11.7,132.1,66.7,0.0,0.0,0.0,0,
515214,1861.9,11.9,132.1,66.7,0.0,0.0,0.0,0,
515314,1860.8,12.3,132.1,67.3,0.0,0.0,0.0,0,
515514,1861.2,13.1,132.1,167.6,0.0,0.0,0.0,0,
515614,1860.6,11.5,132.1,165.9,0.0,0.0,0.0,0,
515714,1861.5,11.7,132.1,175.8,0.0,0.0,0.0,0,
515814,1862.0,12.6,132.1,198.7,0.0,0.0,0.0,0,
515914,1878.5,64.1,132.1,101.7,0.0,0.0,0.0,0,
516014,1845.7,146.1,131.0,66.0,0.0,0.0,0.0,0,
516114,1856.4,178.5,132.2,66.4,0.0,0.0,0.0,0,
516214,1865.6,165.7,130.0,66.5,0.0,0.0,0.0,0,
516314,1874.0,138.2,130.5,66.5,0.0,0.0,0.0,0,
516514,1856.8,94.4,125.8,66.7,0.0,0.0,0.0,0,
516614,1861.2,15.5,125.8,66.6,0.0,0.0,0.0,0,
516714,1861.0,13.4,125.8,66.8,0.0,0.0,0.0,0,
516814,1861.4,12.8,125.8,67.2,0.0,0.0,0.0,0,
516914,1860.7,11.7,125.8,68.7,0.0,0.0,0.0,0,
517014,1861.5,12.4,125.8,84.3,0.0,0.0,0.0,0,
517114,1861.0,11.6,125.8,151.7,0.0,0.0,0.0,0,
517214,1860.2,11.9,125.8,165.3,0.0,0.0,0.0,0,
517314,1862.0,12.2,125.8,155.0,0.0,0.0,0.0,0,
517514,1860.9,79.9,125.8,177.7,0.0,0.0,0.0,0,
517614,1856.7,142.4,126.3,68.1,0.0,0.0,0.0,0,
517714,1882.0,145.9,126.6,67.1,0.0,0.0,0.0,0,
517814,1846.9,126.0,127.3,66.7,0.0,0.0,0.0,0,
517914,1861.2,157.8,125.9,66.5,0.0,0.0,0.0,0,
518014,1859.3,164.2,125.9,66.6,0.0,0.0,0.0,0,
518114,1861.9,156.0,126.3,66.7,0.0,0.0,0.0,0,
518214,1862.2,19.6,126.3,66.7,0.0,0.0,0.0,0,
518314,1860.9,15.0,126.5,66.5,0.0,0.0,0.0,0,
518514,1861.1,12.9,126.5,67.2,0.0,0.0,0.0,0,
518614,1860.8,11.6,126.5,70.0,0.0,0.0,0.0,0,
518714,1860.8,11.9,126.5,93.7,0.0,0.0,0.0,0,
518814,1861.6,12.7,126.5,133.0,0.0,0.0,0.0,0,
518914,1861.6,11.6,126.5,135.8,0.0,0.0,0.0,0,
519014,1861.3,11.6,126.5,143.9,0.0,0.0,0.0,0,
519114,1861.4,11.5,126.5,138.3,0.0,0.0,0.0,0,
519214,1872.3,111.5,126.7,66.8,0.0,0.0,0.0,0,
519314,1842.6,176.6,127.6,66.8,0.0,0.0,0.0,0,
519514,1854.6,172.0,130.0,66.7,0.0,0.0,0.0,0,
519614,1883.4,137.1,132.5,66.5,0.0,0.0,0.0,0,
519714,1842.2,134.4,132.8,66.7,0.0,0.0,0.0,0,
519814,1860.3,25.6,132.2,66.7,0.0,0.0,0.0,0,
519914,1859.5,12.5,132.0,66.6,0.0,0.0,0.0,0,
520014,1862.3,13.2,132.0,67.2,0.0,0.0,0.0,0,
520114,1861.5,10.9,132.0,69.3,0.0,0.0,0.0,0,
520214,1861.1,11.4,132.0,77.6,0.0,0.0,0.0,0,
520314,1862.0,12.3,132.0,88.9,0.0,0.0,0.0,0,
520514,1862.2,11.6,132.0,227.3,0.0,0.0,0.0,0,
520614,1861.4,13.9,132.0,236.3,0.0,0.0,0.0,0,
520714,1860.7,13.8,132.0,200.3,0.0,0.0,0.0,0,
520814,1854.7,144.3,132.9,71.6,0.0,0.0,0.0,0,
520914,1867.6,148.6,131.7,68.3,0.0,0.0,0.0,0,
521014,1875.9,138.9,130.9,67.0,0.0,0.0,0.0,0,
521114,1849.5,110.2,129.2,66.6,0.0,0.0,0.0,0,
521214,1858.2,162.7,126.8,66.7,0.0,0.0,0.0,0,
521314,1857.2,158.3,126.4,66.7,0.0,0.0,0.0,0,
521514,1860.5,14.3,125.3,66.8,0.0,0.0,0.0,0,
521614,1861.8,13.8,125.3,66.7,0.0,0.0,0.0,0,
521714,1861.5,12.3,125.3,66.8,0.0,0.0,0.0,0,
521814,1861.8,12.3,125.3,67.6,0.0,0.0,0.0,0,
521914,1861.5,12.0,125.4,144.6,0.0,0.0,0.0,0,
522014,1860.8,11.4,125.4,167.0,0.0,0.0,0.0,0,
522114,1861.5,12.6,125.3,167.1,0.0,0.0,0.0,0,
522214,1861.3,11.2,125.3,167.8,0.0,0.0,0.0,0,
522314,1860.3,10.3,125.3,146.7,0.0,0.0,0.0,0,
522514,1853.8,115.4,125.4,66.3,0.0,0.0,0.0,0,
522614,1849.1,158.5,124.5,66.4,0.0,0.0,0.0,0,
522714,1864.4,163.6,123.9,66.6,0.0,0.0,0.0,0,
522814,1856.0,151.6,122.5,66.6,0.0,0.0,0.0,0,
522914,1882.3,115.2,122.7,66.5,0.0,0.0,0.0,0,
523014,1842.3,43.7,120.8,66.8,0.0,0.0,0.0,0,
523114,1861.0,13.1,120.8,66.7,0.0,0.0,0.0,0,
523214,1861.2,12.3,120.8,67.0,0.0,0.0,0.0,0,
523314,1861.7,13.0,120.8,68.4,0.0,0.0,0.0,0,
523514,1861.2,11.6,120.8,143.0,0.0,0.0,0.0,0,
523614,1860.7,12.6,120.8,140.2,0.0,0.0,0.0,0,
523714,1861.5,12.2,120.8,138.7,0.0,0.0,0.0,0,
523814,1859.8,11.2,120.8,140.2,0.0,0.0,0.0,0,
523914,1861.5,13.2,120.8,132.2,0.0,0.0,0.0,0,
524014,1861.0,119.9,120.7,72.7,0.0,0.0,0.0,0,
524114,1859.7,151.4,120.4,67.7,0.0,0.0,0.0,0,
524214,1867.0,153.7,119.8,66.9,0.0,0.0,0.0,0,
524314,1876.4,143.8,122.7,66.6,0.0,0.0,0.0,0,
524514,1859.9,169.9,124.0,66.8,0.0,0.0,0.0,0,
524614,1858.1,76.7,126.0,66.7,0.0,0.0,0.0,0,
524714,1862.2,13.2,126.0,66.8,0.0,0.0,0.0,0,
524814,1861.2,13.0,126.0,67.0,0.0,0.0,0.0,0,
524914,1862.1,11.7,126.0,67.3,0.0,0.0,0.0,0,
525014,1861.1,12.4,126.0,68.4,0.0,0.0,0.0,0,
525114,1861.2,13.0,126.0,149.1,0.0,0.0,0.0,0,
525214,1860.8,12.1,126.0,186.0,0.0,0.0,0.0,0,
525314,1861.0,11.8,126.0,184.7,0.0,0.0,0.0,0,
525514,1861.9,12.8,126.0,183.0,0.0,0.0,0.0,0,
525614,1865.2,98.8,126.3,150.4,0.0,0.0,0.0,0,
525714,1876.0,127.3,129.1,66.6,0.0,0.0,0.0,0,
525814,1844.4,133.8,130.9,66.6,0.0,0.0,0.0,0,
525914,1861.9,166.9,131.0,66.7,0.0,0.0,0.0,0,
526014,1859.7,168.1,131.9,66.7,0.0,0.0,0.0,0,
526114,1861.8,152.1,130.6,66.6,0.0,0.0,0.0,0,
526214,1875.7,109.2,130.4,66.7,0.0,0.0,0.0,0,
526314,1845.6,16.5,129.7,66.7,0.0,0.0,0.0,0,
526514,1860.8,15.0,129.7,67.1,0.0,0.0,0.0,0,
526614,1862.8,12.5,129.7,68.0,0.0,0.0,0.0,0,
526714,1861.6,10.4,129.7,53.6,0.0,0.0,0.0,0,
526814,1860.8,11.9,129.7,52.6,0.0,0.0,0.0,0,
526914,1861.5,12.8,129.7,101.5,0.0,0.0,0.0,0,
527014,1861.2,14.4,129.7,140.7,0.0,0.0,0.0,0,
527114,1862.1,14.0,129.8,170.5,0.0,0.0,0.0,0,
527214,1861.5,29.4,129.8,104.9,0.0,0.0,0.0,0,
527314,1853.4,153.2,130.0,71.0,0.0,0.0,0.0,0,
527514,1860.2,175.1,129.6,66.9,0.0,0.0,0.0,0,
527614,1880.8,128.5,131.1,66.5,0.0,0.0,0.0,0,
527714,1840.4,131.1,131.0,66.6,0.0,0.0,0.0,0,
527814,1859.3,147.9,130.9,66.7,0.0,0.0,0.0,0,
527914,1864.3,19.5,131.0,66.9,0.0,0.0,0.0,0,
528014,1861.1,13.4,131.1,66.8,0.0,0.0,0.0,0,
528114,1860.6,12.9,131.0,66.7,0.0,0.0,0.0,0,
528214,1861.1,12.0,131.0,66.7,0.0,0.0,0.0,0,
528314,1861.2,11.6,131.0,71.6,0.0,0.0,0.0,0,
528514,1861.9,12.4,131.0,175.0,0.0,0.0,0.0,0,
528614,1861.4,12.0,131.0,216.9,0.0,0.0,0.0,0,
528714,1861.7,13.9,131.0,178.6,0.0,0.0,0.0,0,
528814,1861.1,10.6,131.0,155.7,0.0,0.0,0.0,0,
528914,1862.3,140.1,129.3,65.5,0.0,0.0,0.0,0,
529014,1877.1,128.4,130.6,65.7,0.0,0.0,0.0,0,
529114,1847.8,138.5,129.6,66.2,0.0,0.0,0.0,0,
529214,1860.0,171.7,128.2,66.5,0.0,0.0,0.0,0,
529314,1856.5,174.5,129.1,66.5,0.0,0.0,0.0,0,
529514,1858.4,26.5,130.0,66.7,0.0,0.0,0.0,0,
529614,1860.4,13.1,129.9,66.7,0.0,0.0,0.0,0,
529714,1860.7,13.2,129.9,67.0,0.0,0.0,0.0,0,
529814,1861.7,11.9,129.9,68.2,0.0,0.0,0.0,0,
529914,1861.7,12.4,129.9,70.2,0.0,0.0,0.0,0,
530014,1861.4,12.4,130.0,157.5,0.0,0.0,0.0,0,
530114,1861.6,12.1,130.0,177.0,0.0,0.0,0.0,0,
530214,1861.1,12.9,129.9,135.5,0.0,0.0,0.0,0,
530314,1861.3,12.8,130.0,147.6,0.0,0.0,0.0,0,
530514,1862.3,103.0,131.7,70.8,0.0,0.0,0.0,0,
530614,1860.9,146.9,130.5,67.7,0.0,0.0,0.0,0,
530714,1863.2,161.1,129.5,66.9,0.0,0.0,0.0,0,
530814,1860.6,162.9,127.2,66.5,0.0,0.0,0.0,0,
530914,1881.3,116.7,128.2,66.6,0.0,0.0,0.0,0,
531014,1838.7,138.4,127.0,66.7,0.0,0.0,0.0,0,
531114,1866.1,44.8,127.0,66.6,0.0,0.0,0.0,0,
531214,1859.9,14.3,127.0,66.8,0.0,0.0,0.0,0,
531314,1861.8,11.0,127.0,66.7,0.0,0.0,0.0,0,
531514,1860.8,12.5,127.0,67.8,0.0,0.0,0.0,0,
531614,1861.6,11.3,127.0,136.5,0.0,0.0,0.0,0,
531714,1861.7,12.4,127.0,201.2,0.0,0.0,0.0,0,
531814,1861.3,12.4,127.0,239.6,0.0,0.0,0.0,0,
531914,1861.5,11.5,127.0,248.6,0.0,0.0,0.0,0,
532014,1861.4,12.7,127.0,177.5,0.0,0.0,0.0,0,
532114,1863.9,136.5,126.7,72.4,0.0,0.0,0.0,0,
532214,1859.6,156.6,127.0,66.4,0.0,0.0,0.0,0,
532314,1879.6,137.2,130.1,66.4,0.0,0.0,0.0,0,
532514,1857.1,162.3,129.9,66.6,0.0,0.0,0.0,0,
532614,1864.7,163.8,131.0,66.6,0.0,0.0,0.0,0,
532714,1858.4,66.8,130.2,66.8,0.0,0.0,0.0,0,
532814,1862.0,16.4,130.3,66.7,0.0,0.0,0.0,0,
532914,1862.0,13.5,130.3,66.8,0.0,0.0,0.0,0,
533014,1862.2,11.1,130.3,67.4,0.0,0.0,0.0,0,
533114,1861.4,12.1,130.3,68.9,0.0,0.0,0.0,0,
533214,1861.4,12.6,130.3,133.3,0.0,0.0,0.0,0,
533314,1861.3,11.6,130.3,125.8,0.0,0.0,0.0,0,
533514,1861.9,12.9,130.3,185.1,0.0,0.0,0.0,0,
533614,1861.9,11.7,130.3,201.1,0.0,0.0,0.0,0,
533714,1875.1,78.9,131.3,107.9,0.0,0.0,0.0,0,
533814,1850.6,134.6,131.6,67.9,0.0,0.0,0.0,0,
533914,1861.6,165.8,131.4,67.1,0.0,0.0,0.0,0,
534014,1855.8,179.2,131.7,66.7,0.0,0.0,0.0,0,
534114,1868.5,153.6,131.9,66.5,0.0,0.0,0.0,0,
534214,1870.8,109.6,131.4,66.7,0.0,0.0,0.0,0,
534314,1850.0,95.4,129.5,66.7,0.0,0.0,0.0,0,
534514,1860.8,12.2,129.3,66.9,0.0,0.0,0.0,0,
534614,1861.4,12.3,129.3,66.9,0.0,0.0,0.0,0,
534714,1861.5,12.1,129.3,67.3,0.0,0.0,0.0,0,
534814,1861.0,11.5,129.3,86.8,0.0,0.0,0.0,0,
534914,1861.3,12.4,129.3,117.7,0.0,0.0,0.0,0,
535014,1861.8,11.7,129.2,136.6,0.0,0.0,0.0,0,
535114,1861.6,13.0,129.3,168.2,0.0,0.0,0.0,0,
535214,1860.7,15.6,129.3,152.1,0.0,0.0,0.0,0,
535314,1861.5,64.8,129.3,116.2,0.0,0.0,0.0,0,
535514,1856.8,169.3,126.7,65.8,0.0,0.0,0.0,0,
535614,1885.3,128.7,127.4,66.3,0.0,0.0,0.0,0,
535714,1838.0,157.3,128.1,66.5,0.0,0.0,0.0,0,
535814,1860.1,157.6,128.5,66.5,0.0,0.0,0.0,0,
535914,1861.6,148.1,127.4,66.7,0.0,0.0,0.0,0,
536014,1860.4,18.2,127.4,66.8,0.0,0.0,0.0,0,
536114,1859.6,10.9,127.4,66.5,0.0,0.0,0.0,0,
536214,1862.0,12.4,127.4,66.7,0.0,0.0,0.0,0,
536314,1860.9,12.5,127.4,67.2,0.0,0.0,0.0,0,
536514,1861.4,11.7,127.4,133.5,0.0,0.0,0.0,0,
536614,1861.0,12.8,127.4,143.7,0.0,0.0,0.0,0,
536714,1861.3,12.1,127.4,141.4,0.0,0.0,0.0,0,
536814,1861.5,14.5,127.4,104.1,0.0,0.0,0.0,0,
536914,1860.9,15.0,127.4,82.1,0.0,0.0,0.0,0,
537014,1874.6,110.4,128.2,68.2,0.0,0.0,0.0,0,
537114,1850.7,128.7,127.7,66.8,0.0,0.0,0.0,0,
537214,1858.0,163.3,126.2,66.5,0.0,0.0,0.0,0,
537314,1861.2,172.7,125.1,66.4,0.0,0.0,0.0,0,
537514,1868.9,100.3,123.3,66.6,0.0,0.0,0.0,0,
537614,1853.1,22.3,122.3,66.7,0.0,0.0,0.0,0,
537714,1861.1,13.3,122.3,66.8,0.0,0.0,0.0,0,
537814,1861.9,12.0,122.3,66.7,0.0,0.0,0.0,0,
537914,1861.6,11.8,122.3,66.9,0.0,0.0,0.0,0,
538014,1860.8,12.8,122.3,68.5,0.0,0.0,0.0,0,
538114,1861.2,12.9,122.3,183.0,0.0,0.0,0.0,0,
538214,1860.8,11.1,122.3,195.7,0.0,0.0,0.0,0,
538314,1861.2,13.3,122.3,163.5,0.0,0.0,0.0,0,
538514,1861.2,14.8,122.3,105.3,0.0,0.0,0.0,0,
538614,1863.5,124.4,122.4,65.4,0.0,0.0,0.0,0,
538714,1860.8,169.0,121.5,65.7,0.0,0.0,0.0,0,
538814,1866.5,172.9,123.2,66.1,0.0,0.0,0.0,0,
538914,1873.9,118.8,124.0,66.4,0.0,0.0,0.0,0,
539014,1839.7,150.7,124.5,66.5,0.0,0.0,0.0,0,
539114,1867.5,158.4,125.5,66.5,0.0,0.0,0.0,0,
539214,1860.2,35.2,126.8,66.7,0.0,0.0,0.0,0,
539314,1860.2,13.8,126.8,66.5,0.0,0.0,0.0,0,
539514,1861.9,12.5,126.8,66.9,0.0,0.0,0.0,0,
539614,1860.9,13.0,126.8,68.1,0.0,0.0,0.0,0,
539714,1861.3,12.5,126.8,167.3,0.0,0.0,0.0,0,
539814,1861.4,11.3,126.8,171.4,0.0,0.0,0.0,0,
539914,1860.9,12.2,126.8,167.3,0.0,0.0,0.0,0,
540014,1860.4,12.7,126.8,186.7,0.0,0.0,0.0,0,
540114,1861.7,12.6,126.8,196.6,0.0,0.0,0.0,0,
540214,1856.8,119.9,127.2,78.9,0.0,0.0,0.0,0,
540314,1883.3,110.5,127.3,67.5,0.0,0.0,0.0,0,
540514,1857.2,169.8,127.3,66.5,0.0,0.0,0.0,0,
540614,1864.4,172.6,127.5,66.4,0.0,0.0,0.0,0,
540714,1866.3,146.2,128.5,66.6,0.0,0.0,0.0,0,
540814,1857.8,51.7,128.0,66.7,0.0,0.0,0.0,0,
540914,1862.1,14.3,128.0,66.8,0.0,0.0,0.0,0,
541014,1861.1,11.9,128.0,66.7,0.0,0.0,0.0,0,
541114,1861.3,12.1,128.0,66.5,0.0,0.0,0.0,0,
541214,1860.1,11.6,128.0,66.8,0.0,0.0,0.0,0,
541314,1861.1,12.6,128.0,139.1,0.0,0.0,0.0,0,
541514,1861.3,10.9,128.0,140.0,0.0,0.0,0.0,0,
541614,1861.8,12.6,128.0,147.5,0.0,0.0,0.0,0,
541714,1862.0,12.5,128.0,143.4,0.0,0.0,0.0,0,
541814,1869.1,77.6,128.2,80.0,0.0,0.0,0.0,0,
541914,1858.6,143.1,127.5,53.0,0.0,0.0,0.0,0,
542014,1852.0,195.6,127.8,65.9,0.0,0.0,0.0,0,
542114,1876.1,151.4,128.2,66.4,0.0,0.0,0.0,0,
542214,1864.2,122.5,128.0,66.5,0.0,0.0,0.0,0,
542314,1849.1,143.8,126.8,66.5,0.0,0.0,0.0,0,
542514,1861.8,14.5,125.8,66.7,0.0,0.0,0.0,0,
542614,1860.4,15.2,125.8,66.6,0.0,0.0,0.0,0,
542714,1859.9,12.0,125.8,67.2,0.0,0.0,0.0,0,
542814,1860.5,11.8,125.8,68.9,0.0,0.0,0.0,0,
542914,1860.7,12.8,125.8,111.6,0.0,0.0,0.0,0,
543014,1861.3,12.2,125.8,152.3,0.0,0.0,0.0,0,
543114,1861.2,12.1,125.8,166.3,0.0,0.0,0.0,0,
543214,1861.2,12.1,125.8,151.2,0.0,0.0,0.0,0,
543314,1861.6,13.2,125.8,130.3,0.0,0.0,0.0,0,
543514,1857.3,137.0,127.3,68.4,0.0,0.0,0.0,0,
543614,1879.0,112.6,126.2,66.9,0.0,0.0,0.0,0,
543714,1840.6,142.5,124.0,66.6,0.0,0.0,0.0,0,
543814,1863.4,173.3,123.1,66.5,0.0,0.0,0.0,0,
543914,1861.3,171.6,123.5,66.8,0.0,0.0,0.0,0,
544014,1872.0,145.4,125.9,66.7,0.0,0.0,0.0,0,
544114,1850.7,18.9,125.8,66.7,0.0,0.0,0.0,0,
544214,1861.7,11.1,125.8,66.6,0.0,0.0,0.0,0,
544314,1860.7,11.4,125.8,66.5,0.0,0.0,0.0,0,
544514,1861.1,11.1,125.8,72.0,0.0,0.0,0.0,0,
544614,1861.4,12.1,125.8,111.5,0.0,0.0,0.0,0,
544714,1862.7,14.6,125.8,106.3,0.0,0.0,0.0,0,
544814,1861.6,10.7,125.8,106.4,0.0,0.0,0.0,0,
544914,1862.0,12.6,125.8,100.4,0.0,0.0,0.0,0,
545014,1861.7,14.7,125.8,89.8,0.0,0.0,0.0,0,
545114,1863.7,122.0,125.7,65.9,0.0,0.0,0.0,0,
545214,1856.0,157.7,125.9,65.7,0.0,0.0,0.0,0,
545314,1864.2,189.8,125.7,66.1,0.0,0.0,0.0,0,
545514,1864.9,133.0,128.7,66.5,0.0,0.0,0.0,0,
545614,1849.4,152.4,128.4,66.6,0.0,0.0,0.0,0,
545714,1860.8,21.6,128.3,66.6,0.0,0.0,0.0,0,
545814,1860.4,13.4,128.3,66.4,0.0,0.0,0.0,0,
545914,1860.5,11.7,128.4,66.4,0.0,0.0,0.0,0,
546014,1860.1,11.8,128.4,66.7,0.0,0.0,0.0,0,
546114,1861.5,11.5,128.3,71.1,0.0,0.0,0.0,0,
546214,1862.1,12.3,128.3,140.6,0.0,0.0,0.0,0,
546314,1861.5,11.4,128.3,151.5,0.0,0.0,0.0,0,
546514,1861.4,11.6,128.3,177.4,0.0,0.0,0.0,0,
546614,1862.0,12.2,128.3,169.1,0.0,0.0,0.0,0,
546714,1856.9,144.1,128.6,69.8,0.0,0.0,0.0,0,
546814,1873.8,126.6,129.0,67.2,0.0,0.0,0.0,0,
546914,1865.6,122.3,128.4,66.7,0.0,0.0,0.0,0,
547014,1847.9,159.9,128.2,66.5,0.0,0.0,0.0,0,
547114,1864.8,172.4,127.2,66.7,0.0,0.0,0.0,0,
547214,1854.6,170.7,126.5,66.7,0.0,0.0,0.0,0,
547314,1866.7,32.0,126.5,66.6,0.0,0.0,0.0,0,
547514,1861.2,11.7,126.5,66.5,0.0,0.0,0.0,0,
547614,1861.3,11.4,126.5,66.4,0.0,0.0,0.0,0,
547714,1861.6,12.5,126.5,66.9,0.0,0.0,0.0,0,
547814,1861.4,12.7,126.5,94.1,0.0,0.0,0.0,0,
547914,1862.1,12.0,126.5,134.2,0.0,0.0,0.0,0,
548014,1861.1,12.1,126.5,137.9,0.0,0.0,0.0,0,
548114,1861.6,11.7,126.5,166.4,0.0,0.0,0.0,0,
548214,1861.5,13.5,126.5,177.1,0.0,0.0,0.0,0,
548314,1878.7,99.0,126.1,70.8,0.0,0.0,0.0,0,
548514,1862.0,182.7,127.6,66.5,0.0,0.0,0.0,0,
548614,1863.1,176.9,128.3,66.5,0.0,0.0,0.0,0,
548714,1870.1,138.2,130.1,66.5,0.0,0.0,0.0,0,
548814,1860.3,132.8,130.0,66.6,0.0,0.0,0.0,0,
548914,1852.7,49.7,129.7,66.7,0.0,0.0,0.0,0,
549014,1861.8,14.4,129.7,66.4,0.0,0.0,0.0,0,
549114,1860.6,13.4,129.7,66.2,0.0,0.0,0.0,0,
549214,1860.8,13.1,129.7,66.2,0.0,0.0,0.0,0,
549314,1860.6,12.0,129.7,67.0,0.0,0.0,0.0,0,
549514,1861.2,13.6,129.7,108.3,0.0,0.0,0.0,0,
549614,1860.5,13.0,129.7,140.7,0.0,0.0,0.0,0,
549714,1860.7,11.8,129.7,123.1,0.0,0.0,0.0,0,
549814,1861.5,13.2,129.7,109.7,0.0,0.0,0.0,0,
549914,1863.7,115.0,129.6,75.8,0.0,0.0,0.0,0,
550014,1854.9,164.8,130.3,66.9,0.0,0.0,0.0,0,
550114,1877.9,148.2,132.3,66.6,0.0,0.0,0.0,0,
550214,1853.8,131.3,132.0,66.4,0.0,0.0,0.0,0,
550314,1855.8,158.4,131.8,66.5,0.0,0.0,0.0,0,
550514,1857.5,72.3,131.3,66.6,0.0,0.0,0.0,0,
550614,1861.8,14.2,131.3,66.6,0.0,0.0,0.0,0,
550714,1861.0,13.0,131.3,66.7,0.0,0.0,0.0,0,
550814,1861.2,13.3,131.3,66.8,0.0,0.0,0.0,0,
550914,1861.6,12.6,131.3,67.4,0.0,0.0,0.0,0,
551014,1860.7,13.0,131.3,110.8,0.0,0.0,0.0,0,
551114,1861.0,12.4,131.3,204.2,0.0,0.0,0.0,0,
551214,1861.3,12.9,131.3,234.2,0.0,0.0,0.0,0,
551314,1861.1,11.9,131.3,197.0,0.0,0.0,0.0,0,
551514,1867.4,76.2,131.4,136.7,0.0,0.0,0.0,0,
551614,1872.6,111.5,130.6,65.9,0.0,0.0,0.0,0,
551714,1843.7,160.2,129.0,66.0,0.0,0.0,0.0,0,
551814,1863.2,189.7,128.3,66.3,0.0,0.0,0.0,0,
551914,1858.2,172.1,127.5,66.6,0.0,0.0,0.0,0,
552014,1873.9,135.4,128.4,66.6,0.0,0.0,0.0,0,
552114,1853.9,122.6,126.9,66.7,0.0,0.0,0.0,0,
552214,1857.9,18.2,125.7,66.7,0.0,0.0,0.0,0,
552314,1861.0,13.2,125.7,66.6,0.0,0.0,0.0,0,
552514,1861.2,14.0,125.7,68.1,0.0,0.0,0.0,0,
552614,1860.6,12.1,125.7,77.8,0.0,0.0,0.0,0,
552714,1860.5,13.1,125.7,133.6,0.0,0.0,0.0,0,
552814,1860.0,13.2,125.7,159.0,0.0,0.0,0.0,0,
552914,1860.7,13.8,125.7,187.8,0.0,0.0,0.0,0,
553014,1861.0,13.8,125.7,145.5,0.0,0.0,0.0,0,
553114,1861.2,42.1,125.7,141.1,0.0,0.0,0.0,0,
553214,1859.0,164.2,126.2,66.8,0.0,0.0,0.0,0,
553314,1857.7,177.0,127.6,66.6,0.0,0.0,0.0,0,
553514,1845.4,140.6,129.4,66.5,0.0,0.0,0.0,0,
553614,1860.7,153.9,128.5,66.4,0.0,0.0,0.0,0,
553714,1858.0,191.5,128.6,66.7,0.0,0.0,0.0,0,
553814,1859.7,23.3,129.2,66.6,0.0,0.0,0.0,0,
553914,1860.8,15.0,129.2,66.7,0.0,0.0,0.0,0,
554014,1861.1,13.3,129.2,67.2,0.0,0.0,0.0,0,
554114,1860.8,13.0,129.2,68.7,0.0,0.0,0.0,0,
554214,1860.3,12.0,129.2,77.5,0.0,0.0,0.0,0,
554314,1860.8,13.5,129.2,124.0,0.0,0.0,0.0,0,
554514,1861.4,12.0,129.2,170.6,0.0,0.0,0.0,0,
554614,1861.2,13.3,129.2,150.6,0.0,0.0,0.0,0,
554714,1861.2,14.4,129.2,145.8,0.0,0.0,0.0,0,
554814,1871.6,110.1,130.1,68.6,0.0,0.0,0.0,0,
554914,1863.7,127.8,129.8,66.8,0.0,0.0,0.0,0,
555014,1845.7,163.1,128.0,66.5,0.0,0.0,0.0,0,
555114,1863.3,194.0,129.4,66.5,0.0,0.0,0.0,0,
555214,1857.5,155.2,127.8,66.6,0.0,0.0,0.0,0,
555314,1880.6,140.7,129.2,66.6,0.0,0.0,0.0,0,
555514,1861.5,13.9,127.9,66.8,0.0,0.0,0.0,0,
555614,1860.8,12.1,127.9,66.8,0.0,0.0,0.0,0,
555714,1861.0,12.2,127.9,67.1,0.0,0.0,0.0,0,
555814,1860.8,12.8,127.9,68.3,0.0,0.0,0.0,0,
555914,1860.5,14.3,127.9,194.9,0.0,0.0,0.0,0,
556014,1861.0,12.6,127.9,198.0,0.0,0.0,0.0,0,
556114,1860.8,13.4,127.9,198.2,0.0,0.0,0.0,0,
556214,1861.4,14.2,127.9,189.3,0.0,0.0,0.0,0,
556314,1861.5,14.1,127.9,169.7,0.0,0.0,0.0,0,
556514,1855.5,181.5,127.6,66.3,0.0,0.0,0.0,0,
556614,1861.6,178.2,128.1,66.5,0.0,0.0,0.0,0,
556714,1879.9,145.9,129.2,66.6,0.0,0.0,0.0,0,
556814,1842.3,142.4,131.5,66.5,0.0,0.0,0.0,0,
556914,1864.0,150.8,130.0,66.6,0.0,0.0,0.0,0,
557014,1859.1,44.5,129.3,66.7,0.0,0.0,0.0,0,
557114,1859.9,17.4,129.4,66.5,0.0,0.0,0.0,0,
557214,1860.9,13.4,129.4,66.7,0.0,0.0,0.0,0,
557314,1860.4,14.3,129.4,67.2,0.0,0.0,0.0,0,
557514,1861.7,12.7,129.4,123.2,0.0,0.0,0.0,0,
557614,1861.0,14.0,129.4,152.9,0.0,0.0,0.0,0,
557714,1861.2,13.5,129.4,184.6,0.0,0.0,0.0,0,
557814,1861.4,12.4,129.4,148.7,0.0,0.0,0.0,0,
557914,1860.5,12.7,129.4,130.0,0.0,0.0,0.0,0,
558014,1858.6,129.5,130.1,73.5,0.0,0.0,0.0,0,
558114,1874.0,125.2,130.9,67.7,0.0,0.0,0.0,0,
558214,1854.3,120.6,129.1,66.9,0.0,0.0,0.0,0,
558314,1851.7,151.7,127.0,66.6,0.0,0.0,0.0,0,
558514,1859.0,143.6,126.1,66.6,0.0,0.0,0.0,0,
558614,1859.4,62.3,125.4,66.5,0.0,0.0,0.0,0,
558714,1861.3,14.7,125.4,66.7,0.0,0.0,0.0,0,
558814,1861.2,10.9,125.3,66.9,0.0,0.0,0.0,0,
558914,1861.1,13.4,125.3,67.3,0.0,0.0,0.0,0,
559014,1860.0,12.6,125.3,68.5,0.0,0.0,0.0,0,
559114,1860.7,13.5,125.3,177.5,0.0,0.0,0.0,0,
559214,1861.1,13.0,125.3,188.6,0.0,0.0,0.0,0,
559314,1861.0,12.7,125.3,177.4,0.0,0.0,0.0,0,
559514,1860.4,14.9,125.3,234.7,0.0,0.0,0.0,0,
559614,1873.5,95.4,125.5,103.0,0.0,0.0,0.0,0,
559714,1853.1,133.9,125.7,67.0,0.0,0.0,0.0,0,
559814,1856.6,199.4,126.5,66.5,0.0,0.0,0.0,0,
559914,1862.6,162.3,128.1,66.5,0.0,0.0,0.0,0,
560014,1880.2,145.8,128.6,66.6,0.0,0.0,0.0,0,
560114,1842.6,132.5,130.0,66.5,0.0,0.0,0.0,0,
560214,1863.8,87.2,129.4,66.6,0.0,0.0,0.0,0,
560314,1860.0,17.5,129.3,66.6,0.0,0.0,0.0,0,
560514,1861.0,13.9,129.3,66.8,0.0,0.0,0.0,0,
560614,1861.3,14.2,129.3,67.5,0.0,0.0,0.0,0,
560714,1861.3,11.9,129.3,89.1,0.0,0.0,0.0,0,
560814,1861.6,12.6,129.3,150.0,0.0,0.0,0.0,0,
560914,1861.0,13.3,129.3,132.7,0.0,0.0,0.0,0,
561014,1861.5,13.6,129.3,131.7,0.0,0.0,0.0,0,
561114,1861.1,12.3,129.3,134.2,0.0,0.0,0.0,0,
561214,1861.2,86.5,129.3,153.5,0.0,0.0,0.0,0,
561314,1853.7,135.6,129.2,67.9,0.0,0.0,0.0,0,
561514,1844.1,131.7,129.2,66.7,0.0,0.0,0.0,0,
561614,1859.1,157.4,127.5,66.5,0.0,0.0,0.0,0,
561714,1860.5,183.8,127.0,66.6,0.0,0.0,0.0,0,
561814,1860.0,143.7,127.4,66.7,0.0,0.0,0.0,0,
561914,1860.4,20.6,127.5,66.6,0.0,0.0,0.0,0,
562014,1861.8,13.2,127.5,66.7,0.0,0.0,0.0,0,
562114,1862.0,14.3,127.5,67.0,0.0,0.0,0.0,0,
562214,1860.6,12.8,127.5,67.5,0.0,0.0,0.0,0,
562314,1861.6,13.3,127.5,75.6,0.0,0.0,0.0,0,
562514,1860.5,12.7,127.5,158.4,0.0,0.0,0.0,0,
562614,1861.2,12.8,127.5,142.6,0.0,0.0,0.0,0,
562714,1861.0,12.6,127.5,142.6,0.0,0.0,0.0,0,
562814,1861.7,15.3,127.5,139.4,0.0,0.0,0.0,0,
562914,1871.6,104.2,128.0,66.2,0.0,0.0,0.0,0,
563014,1853.9,132.3,126.7,65.8,0.0,0.0,0.0,0,
563114,1856.4,193.5,125.1,66.1,0.0,0.0,0.0,0,
563214,1866.6,136.4,124.6,66.4,0.0,0.0,0.0,0,
563314,1876.0,147.8,124.9,66.6,0.0,0.0,0.0,0,
563514,1860.8,22.3,122.6,66.7,0.0,0.0,0.0,0,
563614,1862.2,13.5,122.6,66.5,0.0,0.0,0.0,0,
563714,1861.2,13.4,122.6,66.3,0.0,0.0,0.0,0,
563814,1861.0,13.7,122.6,66.3,0.0,0.0,0.0,0,
563914,1861.7,12.5,122.6,69.2,0.0,0.0,0.0,0,
564014,1861.0,13.2,122.6,151.1,0.0,0.0,0.0,0,
564114,1861.3,11.2,122.6,154.1,0.0,0.0,0.0,0,
564214,1860.5,12.4,122.6,195.4,0.0,0.0,0.0,0,
564314,1861.4,12.9,122.6,199.3,0.0,0.0,0.0,0,
564514,1859.2,157.5,122.6,68.8,0.0,0.0,0.0,0,
564614,1859.6,139.2,123.5,67.1,0.0,0.0,0.0,0,
564714,1885.1,152.1,125.5,66.9,0.0,0.0,0.0,0,
564814,1836.6,126.5,126.2,66.7,0.0,0.0,0.0,0,
564914,1865.1,174.9,125.0,66.5,0.0,0.0,0.0,0,
565014,1856.4,176.2,125.8,66.6,0.0,0.0,0.0,0,
565114,1860.2,32.8,126.6,66.6,0.0,0.0,0.0,0,
565214,1861.1,13.6,126.6,66.7,0.0,0.0,0.0,0,
565314,1862.2,13.0,126.6,67.1,0.0,0.0,0.0,0,
565514,1861.5,13.1,126.6,70.2,0.0,0.0,0.0,0,
565614,1862.2,13.2,126.6,155.8,0.0,0.0,0.0,0,
565714,1862.2,13.6,126.7,198.7,0.0,0.0,0.0,0,
565814,1862.0,13.9,126.7,169.5,0.0,0.0,0.0,0,
565914,1861.5,12.3,126.7,151.6,0.0,0.0,0.0,0,
566014,1861.2,13.4,126.7,165.2,0.0,0.0,0.0,0,
566114,1882.3,113.1,127.7,67.3,0.0,0.0,0.0,0,
566214,1849.8,117.3,127.9,65.9,0.0,0.0,0.0,0,
566314,1854.2,171.8,128.3,66.3,0.0,0.0,0.0,0,
566514,1859.8,154.1,129.9,66.6,0.0,0.0,0.0,0,
566614,1881.3,135.9,130.1,66.5,0.0,0.0,0.0,0,
566714,1844.2,49.1,130.4,66.7,0.0,0.0,0.0,0,
566814,1861.0,14.1,130.4,66.6,0.0,0.0,0.0,0,
566914,1861.7,14.7,130.4,66.6,0.0,0.0,0.0,0,
567014,1860.7,13.0,130.4,67.1,0.0,0.0,0.0,0,
567114,1861.4,11.5,130.4,68.6,0.0,0.0,0.0,0,
567214,1862.5,12.6,130.4,117.9,0.0,0.0,0.0,0,
567314,1861.5,13.1,130.4,133.7,0.0,0.0,0.0,0,
567514,1862.0,13.8,130.4,144.7,0.0,0.0,0.0,0,
567614,1860.8,11.2,130.4,109.7,0.0,0.0,0.0,0,
567714,1861.8,110.9,130.1,79.2,0.0,0.0,0.0,0,
567814,1855.0,163.5,129.5,67.5,0.0,0.0,0.0,0,
567914,1866.4,149.0,128.7,67.0,0.0,0.0,0.0,0,
568014,1876.3,143.3,127.9,66.7,0.0,0.0,0.0,0,
568114,1845.3,133.6,128.4,66.5,0.0,0.0,0.0,0,
568214,1861.6,166.8,127.2,66.7,0.0,0.0,0.0,0,
568314,1857.6,80.2,127.9,66.6,0.0,0.0,0.0,0,
568514,1861.3,13.0,127.9,66.7,0.0,0.0,0.0,0,
568614,1861.5,11.6,127.9,66.9,0.0,0.0,0.0,0,
568714,1860.8,12.2,127.9,67.3,0.0,0.0,0.0,0,
568814,1861.2,12.7,127.9,147.0,0.0,0.0,0.0,0,
568914,1861.5,12.8,127.9,153.0,0.0,0.0,0.0,0,
569014,1860.7,11.2,127.9,152.6,0.0,0.0,0.0,0,
569114,1861.6,13.8,127.9,116.8,0.0,0.0,0.0,0,
569214,1861.3,12.1,127.9,105.0,0.0,0.0,0.0,0,
569314,1862.6,80.6,127.9,134.7,0.0,0.0,0.0,0,
569514,1841.6,121.8,128.2,65.8,0.0,0.0,0.0,0,
569614,1863.0,155.8,126.7,66.3,0.0,0.0,0.0,0,
569714,1858.3,183.0,126.2,66.6,0.0,0.0,0.0,0,
569814,1863.0,144.8,126.4,66.6,0.0,0.0,0.0,0,
569914,1875.6,135.2,126.0,66.6,0.0,0.0,0.0,0,
570014,1845.4,18.9,125.3,66.6,0.0,0.0,0.0,0,
570114,1860.7,12.7,125.3,66.6,0.0,0.0,0.0,0,
570214,1861.8,13.1,125.3,67.0,0.0,0.0,0.0,0,
570314,1860.7,14.0,125.3,68.1,0.0,0.0,0.0,0,
570514,1860.6,13.7,125.3,138.4,0.0,0.0,0.0,0,
570614,1861.2,13.9,125.3,139.7,0.0,0.0,0.0,0,
570714,1862.1,13.0,125.3,117.1,0.0,0.0,0.0,0,
570814,1860.5,12.5,125.3,125.3,0.0,0.0,0.0,0,
570914,1861.1,24.7,125.3,117.2,0.0,0.0,0.0,0,
571014,1856.2,135.2,125.5,67.8,0.0,0.0,0.0,0,
571114,1863.0,182.8,126.1,67.0,0.0,0.0,0.0,0,
571214,1864.8,151.6,128.0,66.7,0.0,0.0,0.0,0,
571314,1875.6,143.8,129.8,66.5,0.0,0.0,0.0,0,
571514,1858.7,174.9,129.9,66.6,0.0,0.0,0.0,0,
571614,1860.3,21.4,129.6,66.6,0.0,0.0,0.0,0,
571714,1860.0,13.3,129.6,66.8,0.0,0.0,0.0,0,
571814,1861.2,12.8,129.6,67.0,0.0,0.0,0.0,0,
571914,1860.9,11.6,129.6,67.3,0.0,0.0,0.0,0,
572014,1861.5,12.7,129.6,71.3,0.0,0.0,0.0,0,
572114,1861.7,13.4,129.6,151.3,0.0,0.0,0.0,0,
572214,1861.1,12.0,129.6,202.0,0.0,0.0,0.0,0,
572314,1861.1,12.5,129.6,170.5,0.0,0.0,0.0,0,
572514,1861.9,14.1,129.6,188.5,0.0,0.0,0.0,0,
572614,1865.5,124.4,129.7,56.4,0.0,0.0,0.0,0,
572714,1878.3,128.1,130.3,65.6,0.0,0.0,0.0,0,
572814,1842.4,134.1,129.5,66.1,0.0,0.0,0.0,0,
572914,1865.5,177.8,128.5,66.5,0.0,0.0,0.0,0,
573014,1852.9,184.0,128.8,66.6,0.0,0.0,0.0,0,
573114,1874.3,146.9,129.8,66.5,0.0,0.0,0.0,0,
573214,1856.6,33.1,129.7,66.6,0.0,0.0,0.0,0,
573314,1860.0,14.8,129.7,66.3,0.0,0.0,0.0,0,
573514,1861.4,12.6,129.7,66.5,0.0,0.0,0.0,0,
573614,1861.1,12.4,129.7,67.2,0.0,0.0,0.0,0,
573714,1861.7,13.1,129.7,138.0,0.0,0.0,0.0,0,
573814,1861.4,12.9,129.7,142.2,0.0,0.0,0.0,0,
573914,1861.2,12.8,129.7,125.7,0.0,0.0,0.0,0,
574014,1861.4,12.3,129.7,133.5,0.0,0.0,0.0,0,
574114,1860.7,11.4,129.7,166.0,0.0,0.0,0.0,0,
574214,1860.0,94.5,130.9,71.5,0.0,0.0,0.0,0,
574314,1862.6,151.8,130.4,67.6,0.0,0.0,0.0,0,
574514,1862.7,158.7,130.8,66.5,0.0,0.0,0.0,0,
574614,1877.7,139.8,130.8,66.5,0.0,0.0,0.0,0,
574714,1839.0,141.1,130.5,66.7,0.0,0.0,0.0,0,
574814,1863.6,46.7,130.3,66.5,0.0,0.0,0.0,0,
574914,1860.9,14.1,130.3,66.5,0.0,0.0,0.0,0,
575014,1861.8,11.4,130.3,66.5,0.0,0.0,0.0,0,
575114,1861.2,12.6,130.3,66.5,0.0,0.0,0.0,0,
575214,1861.5,13.1,130.3,66.9,0.0,0.0,0.0,0,
575314,1861.5,11.5,130.3,176.9,0.0,0.0,0.0,0,
575514,1861.7,12.7,130.3,201.3,0.0,0.0,0.0,0,
575614,1861.3,12.1,130.3,198.3,0.0,0.0,0.0,0,
575714,1861.2,12.1,130.3,185.8,0.0,0.0,0.0,0,
575814,1863.3,118.8,129.8,68.9,0.0,0.0,0.0,0,
575914,1855.7,144.3,129.4,66.1,0.0,0.0,0.0,0,
576014,1879.9,131.6,129.4,66.5,0.0,0.0,0.0,0,
576114,1844.9,136.5,128.6,66.6,0.0,0.0,0.0,0,
576214,1859.6,179.6,125.8,66.6,0.0,0.0,0.0,0,
576314,1862.1,154.6,124.7,66.6,0.0,0.0,0.0,0,
576514,1863.3,16.1,124.2,66.6,0.0,0.0,0.0,0,
576614,1861.5,12.8,124.2,66.8,0.0,0.0,0.0,0,
576714,1862.0,12.2,124.2,67.6,0.0,0.0,0.0,0,
576814,1861.0,12.1,124.2,69.2,0.0,0.0,0.0,0,
576914,1860.7,12.1,124.2,148.1,0.0,0.0,0.0,0,
577014,1861.9,12.0,124.2,164.3,0.0,0.0,0.0,0,
577114,1861.5,11.8,124.2,165.6,0.0,0.0,0.0,0,
577214,1861.0,11.9,124.2,163.4,0.0,0.0,0.0,0,
577314,1861.5,11.8,124.2,116.9,0.0,0.0,0.0,0,
577514,1851.6,113.2,126.0,69.1,0.0,0.0,0.0,0,
577614,1860.7,163.8,124.1,67.3,0.0,0.0,0.0,0,
577714,1855.0,168.0,124.5,66.7,0.0,0.0,0.0,0,
577814,1871.6,154.2,125.5,66.7,0.0,0.0,0.0,0,
577914,1866.5,133.5,126.5,66.7,0.0,0.0,0.0,0,
578014,1849.6,108.9,126.1,66.6,0.0,0.0,0.0,0,
578114,1861.5,17.7,125.9,66.7,0.0,0.0,0.0,0,
578214,1862.0,13.3,125.9,66.5,0.0,0.0,0.0,0,
578314,1860.6,11.5,126.0,66.7,0.0,0.0,0.0,0,
578514,1861.1,12.5,126.0,103.0,0.0,0.0,0.0,0,
578614,1861.0,12.3,126.0,156.8,0.0,0.0,0.0,0,
578714,1860.8,12.8,126.0,145.3,0.0,0.0,0.0,0,
578814,1861.9,13.3,125.9,145.9,0.0,0.0,0.0,0,
578914,1860.8,13.4,126.0,146.6,0.0,0.0,0.0,0,
579014,1860.8,60.0,126.0,122.4,0.0,0.0,0.0,0,
579114,1857.1,152.1,125.4,67.4,0.0,0.0,0.0,0,
579214,1865.2,153.0,126.4,66.8,0.0,0.0,0.0,0,
579314,1874.0,122.5,127.4,66.6,0.0,0.0,0.0,0,
579514,1865.9,176.6,126.8,66.6,0.0,0.0,0.0,0,
579614,1856.3,156.5,126.5,66.6,0.0,0.0,0.0,0,
579714,1861.7,20.6,126.4,66.4,0.0,0.0,0.0,0,
579814,1861.3,12.9,126.4,66.8,0.0,0.0,0.0,0,
579914,1862.0,12.2,126.4,67.3,0.0,0.0,0.0,0,
580014,1862.6,13.2,126.4,68.9,0.0,0.0,0.0,0,
580114,1861.5,11.2,126.4,76.2,0.0,0.0,0.0,0,
580214,1862.2,11.8,126.4,136.5,0.0,0.0,0.0,0,
580314,1862.0,12.6,126.4,157.2,0.0,0.0,0.0,0,
580514,1861.9,11.3,126.4,154.1,0.0,0.0,0.0,0,
580614,1862.1,14.0,126.4,148.6,0.0,0.0,0.0,0,
580714,1882.9,111.6,127.3,67.2,0.0,0.0,0.0,0,
580814,1843.5,130.1,127.4,66.6,0.0,0.0,0.0,0,
580914,1857.3,190.0,128.5,66.4,0.0,0.0,0.0,0,
581014,1863.5,169.4,130.1,66.5,0.0,0.0,0.0,0,
581114,1868.2,167.7,132.0,66.6,0.0,0.0,0.0,0,
581214,1865.2,122.3,134.3,66.5,0.0,0.0,0.0,0,
581314,1851.9,26.4,134.1,66.6,0.0,0.0,0.0,0,
581514,1861.5,14.0,134.1,66.6,0.0,0.0,0.0,0,
581614,1862.0,12.9,134.1,66.9,0.0,0.0,0.0,0,
581714,1861.8,13.1,134.1,69.2,0.0,0.0,0.0,0,
581814,1861.7,13.8,134.1,151.7,0.0,0.0,0.0,0,
581914,1861.5,12.7,134.1,163.1,0.0,0.0,0.0,0,
582014,1861.3,12.9,134.1,170.6,0.0,0.0,0.0,0,
582114,1861.5,13.5,134.1,172.0,0.0,0.0,0.0,0,
582214,1861.7,12.3,134.1,166.5,0.0,0.0,0.0,0,
582314,1858.1,141.5,135.0,66.9,0.0,0.0,0.0,0,
582514,1872.4,165.5,136.5,66.6,0.0,0.0,0.0,0,
582614,1862.6,132.5,137.1,66.5,0.0,0.0,0.0,0,
582714,1849.8,158.5,135.1,66.4,0.0,0.0,0.0,0,
582814,1861.4,181.7,133.6,66.7,0.0,0.0,0.0,0,
582914,1857.5,39.8,133.2,66.6,0.0,0.0,0.0,0,
583014,1860.4,14.4,133.3,66.6,0.0,0.0,0.0,0,
583114,1861.3,14.9,133.3,67.0,0.0,0.0,0.0,0,
583214,1861.1,12.2,133.3,67.8,0.0,0.0,0.0,0,
583314,1862.0,13.3,133.3,69.9,0.0,0.0,0.0,0,
583514,1861.0,12.6,133.3,153.4,0.0,0.0,0.0,0,
583614,1860.9,14.0,133.3,117.9,0.0,0.0,0.0,0,
583714,1861.8,11.6,133.3,111.1,0.0,0.0,0.0,0,
583814,1860.8,12.1,133.3,147.6,0.0,0.0,0.0,0,
583914,1866.8,118.5,133.3,72.1,0.0,0.0,0.0,0,
584014,1878.5,111.4,132.6,66.4,0.0,0.0,0.0,0,
584114,1839.4,158.7,132.1,66.4,0.0,0.0,0.0,0,
584214,1867.3,172.9,131.4,66.5,0.0,0.0,0.0,0,
584314,1856.6,174.7,130.6,66.7,0.0,0.0,0.0,0,
584514,1850.0,53.0,130.5,66.7,0.0,0.0,0.0,0,
584614,1862.9,15.1,130.5,66.7,0.0,0.0,0.0,0,
584714,1861.3,12.2,130.5,66.7,0.0,0.0,0.0,0,
584814,1862.7,12.9,130.5,67.2,0.0,0.0,0.0,0,
584914,1861.1,12.2,130.5,68.6,0.0,0.0,0.0,0,
585014,1860.8,10.9,130.5,150.0,0.0,0.0,0.0,0,
585114,1862.0,13.5,130.4,148.3,0.0,0.0,0.0,0,
585214,1860.7,13.0,130.4,178.6,0.0,0.0,0.0,0,
585314,1861.4,11.3,130.5,184.3,0.0,0.0,0.0,0,
585514,1862.7,106.2,131.0,75.1,0.0,0.0,0.0,0,
585614,1856.1,155.3,131.4,68.2,0.0,0.0,0.0,0,
585714,1862.9,174.9,131.2,67.1,0.0,0.0,0.0,0,
585814,1866.2,152.9,132.5,66.7,0.0,0.0,0.0,0,
585914,1867.1,133.2,133.2,66.5,0.0,0.0,0.0,0,
586014,1851.6,181.3,132.1,66.6,0.0,0.0,0.0,0,
586114,1861.6,86.4,132.5,66.6,0.0,0.0,0.0,0,
586214,1859.8,15.5,132.5,66.7,0.0,0.0,0.0,0,
586314,1861.5,14.0,132.5,67.0,0.0,0.0,0.0,0,
586514,1861.2,12.0,132.5,68.4,0.0,0.0,0.0,0,
586614,1862.0,13.4,132.5,100.0,0.0,0.0,0.0,0,
586714,1860.3,11.5,132.5,147.6,0.0,0.0,0.0,0,
586814,1861.1,12.0,132.5,165.0,0.0,0.0,0.0,0,
586914,1861.6,14.2,132.5,131.7,0.0,0.0,0.0,0,
587014,1861.6,14.8,132.5,138.9,0.0,0.0,0.0,0,
587114,1861.3,87.0,132.5,99.9,0.0,0.0,0.0,0,
587214,1869.5,137.0,131.8,66.6,0.0,0.0,0.0,0,
587314,1867.2,122.2,132.2,66.2,0.0,0.0,0.0,0,
587514,1864.2,184.2,130.3,66.5,0.0,0.0,0.0,0,
587614,1857.5,177.0,131.2,66.4,0.0,0.0,0.0,0,
587714,1875.8,135.8,131.2,66.6,0.0,0.0,0.0,0,
587814,1850.0,19.0,130.4,66.6,0.0,0.0,0.0,0,
587914,1862.0,12.2,130.4,66.6,0.0,0.0,0.0,0,
588014,1862.0,12.0,130.4,67.1,0.0,0.0,0.0,0,
588114,1860.9,13.4,130.4,68.7,0.0,0.0,0.0,0,
588214,1860.8,12.5,130.4,76.2,0.0,0.0,0.0,0,
588314,1861.5,12.4,130.4,156.1,0.0,0.0,0.0,0,
588514,1861.7,12.7,130.4,163.9,0.0,0.0,0.0,0,
588614,1861.0,12.0,130.4,163.4,0.0,0.0,0.0,0,
588714,1862.1,14.2,130.4,134.9,0.0,0.0,0.0,0,
588814,1860.0,118.7,129.7,69.0,0.0,0.0,0.0,0,
588914,1864.0,152.2,128.5,67.2,0.0,0.0,0.0,0,
589014,1857.7,181.1,127.2,66.6,0.0,0.0,0.0,0,
589114,1876.3,142.5,128.6,66.5,0.0,0.0,0.0,0,
589214,1857.0,123.2,127.6,66.7,0.0,0.0,0.0,0,
589314,1851.6,162.9,127.1,66.7,0.0,0.0,0.0,0,
589514,1860.8,12.8,127.1,66.7,0.0,0.0,0.0,0,
589614,1862.4,12.9,127.2,66.7,0.0,0.0,0.0,0,
589714,1860.6,12.6,127.2,66.9,0.0,0.0,0.0,0,
589814,1860.8,12.1,127.2,71.0,0.0,0.0,0.0,0,
589914,1861.0,13.7,127.1,170.7,0.0,0.0,0.0,0,
590014,1861.4,12.2,127.2,152.0,0.0,0.0,0.0,0,
590114,1861.4,11.7,127.2,133.1,0.0,0.0,0.0,0,
590214,1861.0,11.8,127.1,133.1,0.0,0.0,0.0,0,
590314,1860.3,16.5,127.1,134.1,0.0,0.0,0.0,0,
590514,1864.6,140.2,127.7,66.0,0.0,0.0,0.0,0,
590614,1870.9,129.2,128.6,66.4,0.0,0.0,0.0,0,
590714,1843.4,172.8,128.4,66.5,0.0,0.0,0.0,0,
590814,1864.0,177.3,130.3,66.4,0.0,0.0,0.0,0,
590914,1860.5,169.6,129.4,66.6,0.0,0.0,0.0,0,
591014,1859.8,30.5,130.0,66.6,0.0,0.0,0.0,0,
591114,1860.3,14.1,130.0,66.5,0.0,0.0,0.0,0,
591214,1862.2,11.4,130.0,66.8,0.0,0.0,0.0,0,
591314,1861.6,11.3,130.0,67.2,0.0,0.0,0.0,0,
591514,1861.3,12.2,130.0,125.2,0.0,0.0,0.0,0,
591614,1861.5,12.5,130.0,164.8,0.0,0.0,0.0,0,
591714,1863.0,12.3,130.0,163.2,0.0,0.0,0.0,0,
591814,1862.0,12.0,130.0,152.8,0.0,0.0,0.0,0,
591914,1860.8,12.5,129.9,153.0,0.0,0.0,0.0,0,
592014,1878.8,91.0,130.8,70.7,0.0,0.0,0.0,0,
592114,1849.9,151.3,132.1,66.7,0.0,0.0,0.0,0,
592214,1857.5,185.9,134.0,66.5,0.0,0.0,0.0,0,
592314,1863.7,176.9,133.2,66.5,0.0,0.0,0.0,0,
592514,1854.5,123.8,135.0,66.6,0.0,0.0,0.0,0,
592614,1857.1,45.9,133.1,66.7,0.0,0.0,0.0,0,
592714,1860.1,14.2,133.1,66.6,0.0,0.0,0.0,0,
592814,1861.2,11.4,133.1,66.6,0.0,0.0,0.0,0,
592914,1861.6,12.3,133.1,66.9,0.0,0.0,0.0,0,
593014,1861.5,12.4,133.1,67.9,0.0,0.0,0.0,0,
593114,1860.7,11.8,133.1,140.1,0.0,0.0,0.0,0,
593214,1862.2,12.9,133.1,146.8,0.0,0.0,0.0,0,
593314,1861.2,12.3,133.1,203.1,0.0,0.0,0.0,0,
593514,1861.5,14.4,133.1,176.1,0.0,0.0,0.0,0,
593614,1862.2,122.3,133.4,74.2,0.0,0.0,0.0,0,
593714,1852.5,152.8,132.9,66.8,0.0,0.0,0.0,0,
593814,1879.3,156.5,134.0,66.7,0.0,0.0,0.0,0,
593914,1854.4,142.0,133.3,66.6,0.0,0.0,0.0,0,
594014,1854.3,177.6,133.0,66.4,0.0,0.0,0.0,0,
594114,1861.4,171.8,132.5,66.5,0.0,0.0,0.0,0,
594214,1855.2,81.1,132.7,66.6,0.0,0.0,0.0,0,
594314,1862.7,15.7,132.7,66.6,0.0,0.0,0.0,0,
594514,1861.1,12.1,132.7,68.5,0.0,0.0,0.0,0,
594614,1860.9,12.1,132.7,70.6,0.0,0.0,0.0,0,
594714,1861.7,13.2,132.7,132.1,0.0,0.0,0.0,0,
594814,1862.2,12.3,132.7,130.7,0.0,0.0,0.0,0,
594914,1861.8,11.1,132.7,139.7,0.0,0.0,0.0,0,
595014,1862.7,14.1,132.7,189.5,0.0,0.0,0.0,0,
595114,1861.7,13.0,132.7,183.1,0.0,0.0,0.0,0,
595214,1868.3,74.6,133.0,111.8,0.0,0.0,0.0,0,
595314,1874.2,105.7,132.1,57.5,0.0,0.0,0.0,0,
595514,1865.1,183.0,132.4,66.5,0.0,0.0,0.0,0,
595614,1860.2,175.2,132.0,66.7,0.0,0.0,0.0,0,
595714,1878.0,141.6,133.7,66.6,0.0,0.0,0.0,0,
595814,1848.2,117.9,132.8,66.7,0.0,0.0,0.0,0,
595914,1857.3,18.0,131.5,66.6,0.0,0.0,0.0,0,
596014,1860.4,12.8,131.5,66.5,0.0,0.0,0.0,0,
596114,1861.6,12.0,131.5,66.8,0.0,0.0,0.0,0,
596214,1861.1,12.9,131.5,67.8,0.0,0.0,0.0,0,
596314,1860.7,11.7,131.5,78.0,0.0,0.0,0.0,0,
596514,1862.1,12.9,131.5,200.1,0.0,0.0,0.0,0,
596614,1861.3,12.1,131.5,205.6,0.0,0.0,0.0,0,
596714,1861.3,11.0,131.5,198.4,0.0,0.0,0.0,0,
596814,1862.2,49.4,131.5,182.8,0.0,0.0,0.0,0,
596914,1857.5,143.0,132.5,68.6,0.0,0.0,0.0,0,
597014,1864.2,164.5,130.6,67.3,0.0,0.0,0.0,0,
597114,1873.5,153.2,131.7,66.8,0.0,0.0,0.0,0,
597214,1855.8,126.6,130.4,66.6,0.0,0.0,0.0,0,
597314,1854.9,160.7,128.7,66.7,0.0,0.0,0.0,0,
597514,1863.7,21.9,128.6,66.6,0.0,0.0,0.0,0,
597614,1861.0,13.1,128.6,66.7,0.0,0.0,0.0,0,
597714,1862.4,12.4,128.6,66.9,0.0,0.0,0.0,0,
597814,1861.2,11.4,128.6,67.4,0.0,0.0,0.0,0,
597914,1861.2,11.6,128.6,73.2,0.0,0.0,0.0,0,
598014,1861.9,14.2,128.6,145.9,0.0,0.0,0.0,0,
598114,1860.7,12.4,128.6,133.8,0.0,0.0,0.0,0,
598214,1861.0,12.4,128.6,117.5,0.0,0.0,0.0,0,
598314,1861.4,12.1,128.6,116.5,0.0,0.0,0.0,0,
598514,1870.7,118.7,129.3,66.8,0.0,0.0,0.0,0,
598614,1859.8,124.7,129.7,66.6,0.0,0.0,0.0,0,
598714,1851.7,162.5,129.2,66.6,0.0,0.0,0.0,0,
598814,1863.3,177.8,128.3,66.6,0.0,0.0,0.0,0,
598914,1856.8,171.9,128.6,66.5,0.0,0.0,0.0,0,
599014,1883.5,129.9,130.5,66.6,0.0,0.0,0.0,0,
599114,1841.2,27.0,128.7,66.6,0.0,0.0,0.0,0,
599214,1860.4,13.3,128.7,66.6,0.0,0.0,0.0,0,
599314,1861.2,12.5,128.7,66.9,0.0,0.0,0.0,0,
599514,1860.7,12.6,128.7,69.8,0.0,0.0,0.0,0,
599614,1861.0,12.6,128.7,115.1,0.0,0.0,0.0,0,
599714,1861.6,12.7,128.7,144.6,0.0,0.0,0.0,0,
599814,1861.4,12.9,128.7,172.9,0.0,0.0,0.0,0,
599914,1860.7,12.3,128.7,169.1,0.0,0.0,0.0,0,
600014,1860.4,12.7,128.7,167.1,0.0,0.0,0.0,0,
600114,1858.5,122.0,129.0,69.1,0.0,0.0,0.0,0,
600214,1868.3,158.3,128.5,67.5,0.0,0.0,0.0,0,
600314,1857.7,187.5,128.1,66.8,0.0,0.0,0.0,0,
600514,1850.7,137.8,130.3,66.7,0.0,0.0,0.0,0,
600614,1857.3,161.1,130.3,66.7,0.0,0.0,0.0,0,
600714,1862.2,39.2,129.7,66.6,0.0,0.0,0.0,0,
600814,1859.8,13.0,129.7,66.6,0.0,0.0,0.0,0,
600914,1861.8,12.6,129.7,66.7,0.0,0.0,0.0,0,
601014,1862.6,11.7,129.7,67.0,0.0,0.0,0.0,0,
601114,1860.8,12.6,129.7,68.5,0.0,0.0,0.0,0,
601214,1861.7,12.1,129.7,135.6,0.0,0.0,0.0,0,
601314,1861.9,11.5,129.7,139.8,0.0,0.0,0.0,0,
601514,1861.0,11.5,129.7,153.7,0.0,0.0,0.0,0,
601614,1861.4,13.5,129.7,169.5,0.0,0.0,0.0,0,
601714,1859.8,138.6,129.3,71.1,0.0,0.0,0.0,0,
601814,1866.9,126.5,131.9,66.8,0.0,0.0,0.0,0,
601914,1866.8,129.6,133.3,66.8,0.0,0.0,0.0,0,
602014,1848.0,163.3,131.4,66.6,0.0,0.0,0.0,0,
602114,1865.0,184.2,132.1,66.5,0.0,0.0,0.0,0,
602214,1858.9,165.2,131.3,66.7,0.0,0.0,0.0,0,
602314,1859.0,58.2,132.3,66.6,0.0,0.0,0.0,0,
602514,1862.1,12.1,132.3,66.9,0.0,0.0,0.0,0,
602614,1861.7,11.6,132.3,67.4,0.0,0.0,0.0,0,
602714,1861.3,12.9,132.3,68.6,0.0,0.0,0.0,0,
602814,1862.5,12.9,132.3,167.7,0.0,0.0,0.0,0,
602914,1861.3,12.7,132.3,157.8,0.0,0.0,0.0,0,
603014,1861.5,12.5,132.4,152.5,0.0,0.0,0.0,0,
603114,1861.0,12.6,132.3,157.4,0.0,0.0,0.0,0,
603214,1860.8,13.3,132.4,153.2,0.0,0.0,0.0,0,
603314,1877.9,80.7,132.2,93.4,0.0,0.0,0.0,0,
603514,1854.7,182.4,128.4,66.1,0.0,0.0,0.0,0,
603614,1865.8,169.8,128.1,66.4,0.0,0.0,0.0,0,
603714,1876.2,124.4,128.3,66.6,0.0,0.0,0.0,0,
603814,1847.0,131.1,127.6,66.5,0.0,0.0,0.0,0,
603914,1859.3,82.8,125.4,66.7,0.0,0.0,0.0,0,
604014,1862.3,18.9,125.4,66.7,0.0,0.0,0.0,0,
604114,1861.8,11.7,125.4,66.5,0.0,0.0,0.0,0,
604214,1860.4,13.8,125.4,66.8,0.0,0.0,0.0,0,
604314,1861.4,11.6,125.4,67.3,0.0,0.0,0.0,0,
604514,1861.0,12.4,125.4,140.9,0.0,0.0,0.0,0,
604614,1861.3,12.3,125.4,143.9,0.0,0.0,0.0,0,
604714,1861.7,11.9,125.4,143.0,0.0,0.0,0.0,0,
604814,1861.0,10.9,125.4,137.4,0.0,0.0,0.0,0,
604914,1862.1,75.3,125.4,124.9,0.0,0.0,0.0,0,
605014,1854.4,148.2,126.4,69.8,0.0,0.0,0.0,0,
605114,1882.5,133.1,128.7,67.8,0.0,0.0,0.0,0,
605214,1848.5,140.4,130.3,66.9,0.0,0.0,0.0,0,
605314,1857.5,148.5,129.2,66.5,0.0,0.0,0.0,0,
605514,1859.5,160.6,130.2,66.7,0.0,0.0,0.0,0,
605614,1863.4,20.6,131.0,66.6,0.0,0.0,0.0,0,
605714,1861.1,16.7,131.0,66.8,0.0,0.0,0.0,0,
605814,1861.8,13.2,131.0,67.0,0.0,0.0,0.0,0,
605914,1860.6,12.9,131.0,67.8,0.0,0.0,0.0,0,
606014,1861.4,12.3,131.0,83.1,0.0,0.0,0.0,0,
606114,1861.4,12.3,131.0,136.9,0.0,0.0,0.0,0,
606214,1861.2,13.2,131.0,123.0,0.0,0.0,0.0,0,
606314,1861.1,12.7,131.0,134.7,0.0,0.0,0.0,0,
606514,1861.2,12.8,131.0,158.5,0.0,0.0,0.0,0,
606614,1874.8,112.9,130.8,66.9,0.0,0.0,0.0,0,
606714,1847.3,151.0,131.0,66.3,0.0,0.0,0.0,0,
606814,1864.3,182.4,129.3,66.6,0.0,0.0,0.0,0,
606914,1858.8,164.6,130.5,66.7,0.0,0.0,0.0,0,
607014,1884.8,145.4,131.6,66.5,0.0,0.0,0.0,0,
607114,1843.0,136.2,130.9,66.7,0.0,0.0,0.0,0,
607214,1858.8,25.1,130.5,66.7,0.0,0.0,0.0,0,
607314,1861.5,13.3,130.5,66.6,0.0,0.0,0.0,0,
607514,1861.4,13.7,130.4,68.0,0.0,0.0,0.0,0,
607614,1862.4,11.9,130.5,70.9,0.0,0.0,0.0,0,
607714,1862.5,13.8,130.4,131.3,0.0,0.0,0.0,0,
607814,1861.4,13.2,130.4,125.2,0.0,0.0,0.0,0,
607914,1862.5,13.1,130.5,116.0,0.0,0.0,0.0,0,
608014,1861.3,13.3,130.4,113.5,0.0,0.0,0.0,0,
608114,1861.2,13.6,130.4,132.5,0.0,0.0,0.0,0,
608214,1856.1,147.5,131.0,72.6,0.0,0.0,0.0,0,
608314,1868.6,168.9,131.8,68.1,0.0,0.0,0.0,0,
608514,1846.6,144.3,135.3,66.6,0.0,0.0,0.0,0,
608614,1861.9,142.0,134.2,66.6,0.0,0.0,0.0,0,
608714,1857.3,195.5,133.8,66.6,0.0,0.0,0.0,0,
608814,1864.2,33.9,133.9,66.5,0.0,0.0,0.0,0,
608914,1861.4,14.8,133.9,66.8,0.0,0.0,0.0,0,
609014,1861.0,12.5,133.9,67.0,0.0,0.0,0.0,0,
609114,1861.7,12.7,133.9,67.2,0.0,0.0,0.0,0,
609214,1861.5,12.6,133.9,68.2,0.0,0.0,0.0,0,
609314,1861.6,12.1,133.9,117.7,0.0,0.0,0.0,0,
609514,1861.8,14.0,133.9,144.3,0.0,0.0,0.0,0,
609614,1861.9,12.1,133.9,153.8,0.0,0.0,0.0,0,
609714,1861.6,12.4,133.9,139.7,0.0,0.0,0.0,0,
609814,1873.8,104.4,134.1,71.8,0.0,0.0,0.0,0,
609914,1851.9,127.3,134.3,66.6,0.0,0.0,0.0,0,
610014,1858.0,154.5,132.3,66.8,0.0,0.0,0.0,0,
610114,1862.2,187.2,131.4,66.8,0.0,0.0,0.0,0,
610214,1857.2,149.2,130.6,66.7,0.0,0.0,0.0,0,
610314,1884.5,127.7,131.0,66.6,0.0,0.0,0.0,0,
610514,1861.4,14.9,129.0,66.6,0.0,0.0,0.0,0,
610614,1862.2,12.4,129.0,66.8,0.0,0.0,0.0,0,
610714,1861.3,13.5,129.0,67.4,0.0,0.0,0.0,0,
610814,1861.2,14.4,129.0,69.3,0.0,0.0,0.0,0,
610914,1862.5,14.4,129.0,164.0,0.0,0.0,0.0,0,
611014,1861.8,12.8,129.0,154.1,0.0,0.0,0.0,0,
611114,1860.8,13.3,129.0,135.2,0.0,0.0,0.0,0,
611214,1861.4,13.4,129.0,148.0,0.0,0.0,0.0,0,
611314,1861.9,12.5,129.0,156.6,0.0,0.0,0.0,0,
611514,1864.5,156.7,127.4,68.7,0.0,0.0,0.0,0,
611614,1858.6,151.3,126.2,67.1,0.0,0.0,0.0,0,
611714,1882.0,133.6,127.1,66.7,0.0,0.0,0.0,0,
611814,1845.1,123.8,124.9,66.7,0.0,0.0,0.0,0,
611914,1855.8,148.5,124.9,66.7,0.0,0.0,0.0,0,
612014,1865.3,80.8,123.9,66.6,0.0,0.0,0.0,0,
612114,1861.5,16.5,123.9,66.8,0.0,0.0,0.0,0,
612214,1861.1,13.6,123.9,66.6,0.0,0.0,0.0,0,
612314,1861.2,13.0,123.9,66.6,0.0,0.0,0.0,0,
612514,1860.6,13.6,123.9,125.0,0.0,0.0,0.0,0,
612614,1860.8,12.9,123.9,137.8,0.0,0.0,0.0,0,
612714,1862.0,12.2,123.9,135.5,0.0,0.0,0.0,0,
612814,1861.2,13.4,123.9,115.6,0.0,0.0,0.0,0,
612914,1861.6,13.1,123.9,131.5,0.0,0.0,0.0,0,
613014,1862.6,83.5,123.9,153.1,0.0,0.0,0.0,0,
613114,1869.0,117.9,124.7,67.0,0.0,0.0,0.0,0,
613214,1855.7,121.8,125.0,66.8,0.0,0.0,0.0,0,
613314,1856.8,143.3,124.3,66.8,0.0,0.0,0.0,0,
613514,1866.8,128.6,123.5,66.6,0.0,0.0,0.0,0,
613614,1874.1,115.6,123.2,66.8,0.0,0.0,0.0,0,
613714,1844.8,18.6,122.0,66.7,0.0,0.0,0.0,0,
613814,1862.0,13.2,122.0,67.0,0.0,0.0,0.0,0,
613914,1861.5,13.1,122.1,67.7,0.0,0.0,0.0,0,
614014,1862.2,13.9,122.1,69.1,0.0,0.0,0.0,0,
614114,1861.5,13.3,122.1,78.8,0.0,0.0,0.0,0,
614214,1862.2,12.6,122.1,142.0,0.0,0.0,0.0,0,
614314,1862.0,12.9,122.1,156.5,0.0,0.0,0.0,0,
614514,1861.6,12.1,122.1,138.9,0.0,0.0,0.0,0,
614614,1862.8,18.1,122.1,81.4,0.0,0.0,0.0,0,
614714,1868.4,132.9,122.8,66.4,0.0,0.0,0.0,0,
614814,1859.1,189.1,123.3,66.1,0.0,0.0,0.0,0,
614914,1861.8,158.8,125.5,66.3,0.0,0.0,0.0,0,
615014,1883.3,132.4,126.7,66.7,0.0,0.0,0.0,0,
615114,1837.8,125.7,127.9,66.7,0.0,0.0,0.0,0,
615214,1866.1,145.8,127.9,66.8,0.0,0.0,0.0,0,
615314,1862.5,22.7,128.3,66.9,0.0,0.0,0.0,0,
615514,1861.4,13.1,128.3,66.8,0.0,0.0,0.0,0,
615614,1862.1,13.0,128.3,67.6,0.0,0.0,0.0,0,
615714,1862.2,12.5,128.3,72.5,0.0,0.0,0.0,0,
615814,1862.0,13.7,128.3,141.4,0.0,0.0,0.0,0,
615914,1861.8,14.3,128.3,124.0,0.0,0.0,0.0,0,
616014,1861.5,12.7,128.3,116.6,0.0,0.0,0.0,0,
616114,1862.0,14.3,128.3,115.2,0.0,0.0,0.0,0,
616214,1862.1,15.7,128.3,134.1,0.0,0.0,0.0,0,
616314,1852.3,135.7,129.6,70.7,0.0,0.0,0.0,0,
616514,1845.3,130.4,128.6,67.0,0.0,0.0,0.0,0,
616614,1857.8,150.2,126.7,66.7,0.0,0.0,0.0,0,
616714,1864.5,169.8,126.5,66.8,0.0,0.0,0.0,0,
616814,1856.7,137.5,126.3,66.8,0.0,0.0,0.0,0,
616914,1867.0,29.5,126.3,66.7,0.0,0.0,0.0,0,
617014,1861.1,14.1,126.3,66.9,0.0,0.0,0.0,0,
617114,1860.9,13.1,126.4,66.8,0.0,0.0,0.0,0,
617214,1861.2,11.3,126.4,66.8,0.0,0.0,0.0,0,
617314,1861.0,11.8,126.3,68.6,0.0,0.0,0.0,0,
617514,1861.1,12.5,126.3,99.8,0.0,0.0,0.0,0,
617614,1861.7,12.6,126.3,131.9,0.0,0.0,0.0,0,
617714,1861.3,11.8,126.3,135.1,0.0,0.0,0.0,0,
617814,1862.7,11.2,126.3,142.0,0.0,0.0,0.0,0,
617914,1874.9,100.6,126.4,67.6,0.0,0.0,0.0,0,
618014,1851.3,153.5,126.2,66.2,0.0,0.0,0.0,0,
618114,1857.2,201.0,126.5,66.5,0.0,0.0,0.0,0,
618214,1865.9,145.1,127.5,66.7,0.0,0.0,0.0,0,
618314,1878.3,137.5,128.3,66.6,0.0,0.0,0.0,0,
618514,1860.4,39.0,128.4,66.8,0.0,0.0,0.0,0,
618614,1861.6,14.6,128.4,66.6,0.0,0.0,0.0,0,
618714,1861.4,12.6,128.4,66.7,0.0,0.0,0.0,0,
618814,1862.2,13.0,128.4,67.2,0.0,0.0,0.0,0,
618914,1861.0,13.2,128.4,68.6,0.0,0.0,0.0,0,
619014,1861.8,12.4,128.4,137.9,0.0,0.0,0.0,0,
619114,1861.9,12.3,128.4,133.3,0.0,0.0,0.0,0,
619214,1861.0,12.2,128.4,125.9,0.0,0.0,0.0,0,
619314,1862.5,12.8,128.4,124.9,0.0,0.0,0.0,0,
619514,1859.0,143.3,128.5,79.9,0.0,0.0,0.0,0,
619614,1864.1,145.5,129.6,68.4,0.0,0.0,0.0,0,
619714,1881.7,147.1,130.9,67.0,0.0,0.0,0.0,0,
619814,1841.4,124.6,130.3,66.6,0.0,0.0,0.0,0,
619914,1863.0,162.9,129.9,66.7,0.0,0.0,0.0,0,
620014,1857.1,181.6,128.9,66.8,0.0,0.0,0.0,0,
620114,1864.3,65.1,130.0,66.6,0.0,0.0,0.0,0,
620214,1862.3,15.5,130.1,66.8,0.0,0.0,0.0,0,
620314,1861.0,12.3,130.0,66.6,0.0,0.0,0.0,0,
620514,1861.4,12.0,130.0,67.2,0.0,0.0,0.0,0,
620614,1861.3,12.2,130.0,140.0,0.0,0.0,0.0,0,
620714,1860.9,11.8,130.0,170.7,0.0,0.0,0.0,0,
620814,1861.6,12.0,130.0,196.3,0.0,0.0,0.0,0,
620914,1861.3,11.7,130.0,154.6,0.0,0.0,0.0,0,
621014,1860.9,13.7,130.0,132.5,0.0,0.0,0.0,0,
621114,1874.8,89.2,130.5,107.2,0.0,0.0,0.0,0,
621214,1851.0,118.1,129.8,67.7,0.0,0.0,0.0,0,
621314,1856.6,163.5,128.3,67.0,0.0,0.0,0.0,0,
621514,1858.8,145.5,128.5,66.6,0.0,0.0,0.0,0,
621614,1882.3,136.6,128.4,66.6,0.0,0.0,0.0,0,
621714,1837.7,96.6,127.6,66.8,0.0,0.0,0.0,0,
621814,1862.3,16.1,127.1,66.6,0.0,0.0,0.0,0,
621914,1860.7,13.1,127.1,66.8,0.0,0.0,0.0,0,
622014,1861.5,12.2,127.1,67.2,0.0,0.0,0.0,0,
622114,1860.6,12.2,127.1,68.2,0.0,0.0,0.0,0,
622214,1861.7,13.1,127.1,80.7,0.0,0.0,0.0,0,
622314,1861.4,11.7,127.1,150.6,0.0,0.0,0.0,0,
622514,1861.7,13.8,127.1,135.2,0.0,0.0,0.0,0,
622614,1861.7,10.8,127.1,107.5,0.0,0.0,0.0,0,
622714,1861.0,68.6,127.1,111.3,0.0,0.0,0.0,0,
622814,1866.0,153.5,127.0,69.2,0.0,0.0,0.0,0,
622914,1859.2,142.5,126.7,67.3,0.0,0.0,0.0,0,
623014,1880.4,133.9,125.3,66.8,0.0,0.0,0.0,0,
623114,1844.2,117.7,124.6,66.8,0.0,0.0,0.0,0,
623214,1857.2,148.4,122.2,66.7,0.0,0.0,0.0,0,
623314,1864.1,157.0,122.0,66.7,0.0,0.0,0.0,0,
623514,1862.1,13.3,122.0,66.6,0.0,0.0,0.0,0,
623614,1862.0,12.3,122.0,66.6,0.0,0.0,0.0,0,
623714,1861.6,12.0,122.0,66.8,0.0,0.0,0.0,0,
623814,1861.1,11.9,122.0,74.7,0.0,0.0,0.0,0,
623914,1860.7,12.1,122.0,143.8,0.0,0.0,0.0,0,
624014,1860.8,12.6,122.0,158.8,0.0,0.0,0.0,0,
624114,1862.3,12.8,122.0,152.3,0.0,0.0,0.0,0,
624214,1861.5,13.0,122.0,155.5,0.0,0.0,0.0,0,
624314,1861.8,14.5,122.0,169.2,0.0,0.0,0.0,0,
624514,1854.5,118.3,123.8,67.3,0.0,0.0,0.0,0,
624614,1858.0,168.7,123.0,66.8,0.0,0.0,0.0,0,
624714,1856.9,172.7,124.6,66.6,0.0,0.0,0.0,0,
624814,1868.9,154.0,126.1,66.8,0.0,0.0,0.0,0,
624914,1871.4,120.7,127.4,66.9,0.0,0.0,0.0,0,
625014,1848.8,25.4,126.8,66.8,0.0,0.0,0.0,0,
625114,1861.1,12.5,126.8,67.0,0.0,0.0,0.0,0,
625214,1861.3,13.5,126.8,66.8,0.0,0.0,0.0,0,
625314,1861.2,12.6,126.8,66.6,0.0,0.0,0.0,0,
625514,1861.1,11.7,126.8,154.1,0.0,0.0,0.0,0,
625614,1861.5,13.0,126.8,157.5,0.0,0.0,0.0,0,
625714,1861.5,12.2,126.8,155.1,0.0,0.0,0.0,0,
625814,1862.2,16.2,126.8,140.7,0.0,0.0,0.0,0,
625914,1861.8,12.2,126.8,106.0,0.0,0.0,0.0,0,
626014,1866.3,126.9,125.9,66.8,0.0,0.0,0.0,0,
626114,1858.7,167.5,126.1,57.6,0.0,0.0,0.0,0,
626214,1863.8,159.8,126.3,66.2,0.0,0.0,0.0,0,
626314,1879.9,133.2,125.7,66.5,0.0,0.0,0.0,0,
626514,1867.2,165.5,125.7,66.7,0.0,0.0,0.0,0,
626614,1860.5,35.5,126.8,66.7,0.0,0.0,0.0,0,
626714,1860.4,12.4,126.8,66.5,0.0,0.0,0.0,0,
626814,1861.1,11.9,126.8,66.7,0.0,0.0,0.0,0,
626914,1860.5,11.7,126.8,67.1,0.0,0.0,0.0,0,
627014,1861.7,12.5,126.8,68.2,0.0,0.0,0.0,0,
627114,1861.0,13.4,126.8,115.5,0.0,0.0,0.0,0,
627214,1861.5,12.3,126.8,125.1,0.0,0.0,0.0,0,
627314,1861.5,11.8,126.8,116.3,0.0,0.0,0.0,0,
627514,1862.2,12.2,126.8,142.2,0.0,0.0,0.0,0,
627614,1854.4,117.2,127.3,78.7,0.0,0.0,0.0,0,
627714,1889.3,136.3,129.0,67.9,0.0,0.0,0.0,0,
627814,1842.3,138.4,130.8,66.9,0.0,0.0,0.0,0,
627914,1858.0,169.2,129.7,66.6,0.0,0.0,0.0,0,
628014,1866.2,162.6,130.6,66.7,0.0,0.0,0.0,0,
628114,1859.4,136.1,129.1,66.7,0.0,0.0,0.0,0,
628214,1862.8,51.0,127.7,66.7,0.0,0.0,0.0,0,
628314,1861.5,14.1,127.7,66.9,0.0,0.0,0.0,0,
628514,1861.0,12.8,127.7,66.2,0.0,0.0,0.0,0,
628614,1861.3,13.3,127.7,66.1,0.0,0.0,0.0,0,
628714,1862.0,12.6,127.7,111.2,0.0,0.0,0.0,0,
628814,1861.3,11.7,127.7,122.7,0.0,0.0,0.0,0,
628914,1861.5,14.9,127.7,116.8,0.0,0.0,0.0,0,
629014,1861.3,13.1,127.7,137.8,0.0,0.0,0.0,0,
629114,1860.7,13.6,127.7,117.6,0.0,0.0,0.0,0,
629214,1871.7,79.1,128.1,81.5,0.0,0.0,0.0,0,
629314,1853.1,159.3,127.6,56.9,0.0,0.0,0.0,0,
629514,1869.0,152.0,127.5,66.6,0.0,0.0,0.0,0,
629614,1871.9,123.9,127.2,66.7,0.0,0.0,0.0,0,
629714,1847.5,134.3,126.9,66.6,0.0,0.0,0.0,0,
629814,1858.1,87.9,127.6,66.8,0.0,0.0,0.0,0,
629914,1862.7,15.1,127.7,66.6,0.0,0.0,0.0,0,
630014,1860.5,13.6,127.7,66.6,0.0,0.0,0.0,0,
630114,1862.0,12.0,127.7,67.0,0.0,0.0,0.0,0,
630214,1861.4,12.6,127.7,68.1,0.0,0.0,0.0,0,
630314,1860.1,11.9,127.7,99.7,0.0,0.0,0.0,0,
630514,1860.6,12.0,127.6,122.9,0.0,0.0,0.0,0,
630614,1861.4,13.2,127.6,142.8,0.0,0.0,0.0,0,
630714,1861.8,12.2,127.6,125.1,0.0,0.0,0.0,0,
630814,1861.6,89.1,127.6,117.4,0.0,0.0,0.0,0,
630914,1856.9,138.0,127.1,68.1,0.0,0.0,0.0,0,
631014,1885.9,124.4,126.6,67.0,0.0,0.0,0.0,0,
631114,1837.4,130.4,125.4,66.6,0.0,0.0,0.0,0,
631214,1866.7,164.3,124.8,66.6,0.0,0.0,0.0,0,
631314,1859.4,170.6,125.3,66.8,0.0,0.0,0.0,0,
631514,1855.2,19.7,125.1,66.9,0.0,0.0,0.0,0,
631614,1862.0,14.4,125.1,66.7,0.0,0.0,0.0,0,
631714,1860.6,13.4,125.1,66.3,0.0,0.0,0.0,0,
631814,1860.5,12.9,125.1,65.9,0.0,0.0,0.0,0,
631914,1860.3,12.0,125.1,71.3,0.0,0.0,0.0,0,
632014,1860.1,13.3,125.1,133.5,0.0,0.0,0.0,0,
632114,1861.2,12.7,125.1,137.4,0.0,0.0,0.0,0,
632214,1861.3,15.0,125.1,116.6,0.0,0.0,0.0,0,
632314,1861.8,11.3,125.1,134.7,0.0,0.0,0.0,0,
632514,1870.5,114.3,125.7,65.7,0.0,0.0,0.0,0,
632614,1856.0,177.5,125.7,65.9,0.0,0.0,0.0,0,
632714,1860.5,163.3,127.6,66.4,0.0,0.0,0.0,0,
632814,1866.0,149.0,127.2,66.7,0.0,0.0,0.0,0,
632914,1868.6,123.3,129.1,66.6,0.0,0.0,0.0,0,
633014,1849.7,145.1,128.4,66.8,0.0,0.0,0.0,0,
633114,1863.2,25.1,128.2,66.8,0.0,0.0,0.0,0,
633214,1860.9,12.5,128.2,66.5,0.0,0.0,0.0,0,
633314,1860.5,11.9,128.2,66.6,0.0,0.0,0.0,0,
633514,1861.2,13.1,128.2,69.2,0.0,0.0,0.0,0,
633614,1860.6,12.5,128.1,138.5,0.0,0.0,0.0,0,
633714,1862.4,13.5,128.1,141.6,0.0,0.0,0.0,0,
633814,1860.6,12.7,128.2,141.5,0.0,0.0,0.0,0,
633914,1862.0,11.1,128.1,137.1,0.0,0.0,0.0,0,
634014,1862.0,13.7,128.1,118.1,0.0,0.0,0.0,0,
634114,1856.4,138.4,128.7,70.4,0.0,0.0,0.0,0,
634214,1866.2,150.1,128.5,67.6,0.0,0.0,0.0,0,
634314,1874.4,118.6,127.0,66.9,0.0,0.0,0.0,0,
634514,1865.9,164.6,124.5,66.7,0.0,0.0,0.0,0,
634614,1856.7,149.6,124.9,66.8,0.0,0.0,0.0,0,
634714,1863.0,31.6,123.8,66.6,0.0,0.0,0.0,0,
634814,1860.3,13.6,123.8,66.9,0.0,0.0,0.0,0,
634914,1861.5,14.2,123.8,67.0,0.0,0.0,0.0,0,
635014,1861.1,12.3,123.8,67.0,0.0,0.0,0.0,0,
635114,1862.2,11.7,123.8,67.7,0.0,0.0,0.0,0,
635214,1862.1,13.3,123.8,130.4,0.0,0.0,0.0,0,
635314,1861.6,12.3,123.8,122.5,0.0,0.0,0.0,0,
635514,1862.0,11.5,123.8,134.7,0.0,0.0,0.0,0,
635614,1861.8,14.7,123.8,166.0,0.0,0.0,0.0,0,
635714,1881.6,99.1,124.0,70.6,0.0,0.0,0.0,0,
635814,1847.1,121.8,122.3,65.4,0.0,0.0,0.0,0,
635914,1856.0,166.0,121.6,65.8,0.0,0.0,0.0,0,
636014,1863.2,150.9,120.7,66.4,0.0,0.0,0.0,0,
636114,1864.8,149.9,120.6,66.8,0.0,0.0,0.0,0,
636214,1867.7,104.9,119.1,66.8,0.0,0.0,0.0,0,
636314,1852.8,44.1,117.1,66.9,0.0,0.0,0.0,0,
636514,1860.7,11.7,117.1,67.1,0.0,0.0,0.0,0,
636614,1860.9,12.5,117.1,69.0,0.0,0.0,0.0,0,
636714,1861.7,12.9,117.1,71.9,0.0,0.0,0.0,0,
636814,1861.4,11.4,117.1,116.7,0.0,0.0,0.0,0,
636914,1861.5,12.5,117.1,132.5,0.0,0.0,0.0,0,
637014,1861.5,13.0,117.1,116.5,0.0,0.0,0.0,0,
637114,1861.2,14.7,117.1,106.2,0.0,0.0,0.0,0,
637214,1862.5,17.5,117.2,100.8,0.0,0.0,0.0,0,
637314,1865.5,107.2,116.9,77.4,0.0,0.0,0.0,0,
637514,1871.8,149.9,116.4,67.2,0.0,0.0,0.0,0,
637614,1864.7,115.1,116.0,66.8,0.0,0.0,0.0,0,
637714,1855.9,152.1,114.5,66.7,0.0,0.0,0.0,0,
637814,1861.7,163.3,113.6,66.9,0.0,0.0,0.0,0,
637914,1855.3,66.4,113.8,67.0,0.0,0.0,0.0,0,
638014,1864.1,14.5,113.8,67.2,0.0,0.0,0.0,0,
638114,1861.3,12.6,113.7,80.1,0.0,0.0,0.0,0,
638214,1861.9,12.7,113.7,82.8,0.0,0.0,0.0,0,
638314,1861.8,12.6,113.7,82.5,0.0,0.0,0.0,0,
638514,1861.1,13.2,113.7,148.4,0.0,0.0,0.0,0,
638614,1861.4,11.2,113.7,140.1,0.0,0.0,0.0,0,
638714,1861.3,12.3,113.7,153.1,0.0,0.0,0.0,0,
638814,1861.4,12.4,113.7,153.7,0.0,0.0,0.0,0,
638914,1860.6,85.4,114.4,143.3,0.0,0.0,0.0,0,
639014,1881.1,103.5,115.1,69.7,0.0,0.0,0.0,0,
639114,1847.0,164.0,116.2,67.4,0.0,0.0,0.0,0,
639214,1860.9,171.4,117.2,66.8,0.0,0.0,0.0,0,
639314,1861.5,161.1,118.0,66.8,0.0,0.0,0.0,0,
639514,1863.6,117.7,120.3,66.9,0.0,0.0,0.0,0,
639614,1855.1,17.2,119.9,67.1,0.0,0.0,0.0,0,
639714,1861.3,12.1,119.8,67.0,0.0,0.0,0.0,0,
639814,1861.7,11.4,119.8,67.6,0.0,0.0,0.0,0,
639914,1860.8,11.4,119.8,69.8,0.0,0.0,0.0,0,
640014,1861.1,12.2,119.8,82.0,0.0,0.0,0.0,0,
640114,1861.0,11.3,119.8,198.6,0.0,0.0,0.0,0,
640214,1861.3,11.1,119.8,185.2,0.0,0.0,0.0,0,
640314,1861.4,11.4,119.8,157.1,0.0,0.0,0.0,0,
640514,1862.2,40.3,119.8,170.9,0.0,0.0,0.0,0,
640614,1860.4,152.0,120.5,68.1,0.0,0.0,0.0,0,
640714,1852.8,170.4,121.6,67.1,0.0,0.0,0.0,0,
640814,1875.6,158.3,123.7,66.8,0.0,0.0,0.0,0,
640914,1856.2,122.6,125.1,66.6,0.0,0.0,0.0,0,
641014,1861.5,157.9,124.4,66.5,0.0,0.0,0.0,0,
641114,1857.1,165.1,125.0,66.8,0.0,0.0,0.0,0,
641214,1861.0,20.8,124.8,66.8,0.0,0.0,0.0,0,
641314,1861.6,11.8,124.8,67.0,0.0,0.0,0.0,0,
641514,1861.1,11.2,124.8,70.2,0.0,0.0,0.0,0,
641614,1861.7,12.3,124.8,77.8,0.0,0.0,0.0,0,
641714,1861.6,12.4,124.8,86.8,0.0,0.0,0.0,0,
641814,1862.3,12.3,124.8,103.0,0.0,0.0,0.0,0,
641914,1861.6,10.5,124.8,123.6,0.0,0.0,0.0,0,
642014,1861.3,11.4,124.8,185.5,0.0,0.0,0.0,0,
642114,1861.8,13.4,124.8,187.0,0.0,0.0,0.0,0,
642214,1861.1,124.4,125.4,71.3,0.0,0.0,0.0,0,
642314,1872.2,125.0,125.8,68.1,0.0,0.0,0.0,0,
642514,1863.3,164.5,123.4,66.8,0.0,0.0,0.0,0,
642614,1858.8,165.8,124.1,66.8,0.0,0.0,0.0,0,
642714,1874.3,130.7,125.9,66.7,0.0,0.0,0.0,0,
642814,1852.0,27.0,124.3,66.8,0.0,0.0,0.0,0,
642914,1861.7,13.1,124.3,67.0,0.0,0.0,0.0,0,
643014,1862.0,12.9,124.3,67.2,0.0,0.0,0.0,0,
643114,1861.8,12.3,124.3,68.2,0.0,0.0,0.0,0,
643214,1862.2,12.7,124.3,72.3,0.0,0.0,0.0,0,
643314,1862.0,12.9,124.3,108.7,0.0,0.0,0.0,0,
643514,1861.1,12.2,124.3,229.9,0.0,0.0,0.0,0,
643614,1861.3,12.1,124.3,208.9,0.0,0.0,0.0,0,
643714,1862.3,10.4,124.3,176.0,0.0,0.0,0.0,0,
643814,1867.7,119.6,123.8,67.4,0.0,0.0,0.0,0,
643914,1858.6,152.8,122.7,66.4,0.0,0.0,0.0,0,
644014,1855.7,180.8,122.2,66.6,0.0,0.0,0.0,0,
644114,1879.6,132.9,123.5,66.8,0.0,0.0,0.0,0,
644214,1848.7,134.0,122.5,66.6,0.0,0.0,0.0,0,
644314,1867.5,161.1,121.0,66.6,0.0,0.0,0.0,0,
644514,1861.8,16.1,121.3,66.8,0.0,0.0,0.0,0,
644614,1862.3,12.3,121.3,67.2,0.0,0.0,0.0,0,
644714,1861.7,11.6,121.3,70.0,0.0,0.0,0.0,0,
644814,1862.1,12.4,121.3,74.0,0.0,0.0,0.0,0,
644914,1861.9,12.1,121.3,150.8,0.0,0.0,0.0,0,
645014,1860.8,12.2,121.3,220.8,0.0,0.0,0.0,0,
645114,1862.2,12.8,121.3,210.0,0.0,0.0,0.0,0,
645214,1861.5,12.0,121.3,183.8,0.0,0.0,0.0,0,
645314,1861.6,12.2,121.3,157.6,0.0,0.0,0.0,0,
645514,1867.8,118.5,122.3,68.6,0.0,0.0,0.0,0,
645614,1863.6,119.5,121.6,67.3,0.0,0.0,0.0,0,
645714,1853.3,167.5,119.3,66.8,0.0,0.0,0.0,0,
645814,1863.2,166.0,119.9,66.7,0.0,0.0,0.0,0,
645914,1855.6,150.5,119.1,66.8,0.0,0.0,0.0,0,
646014,1863.7,60.5,118.9,66.7,0.0,0.0,0.0,0,
646114,1863.0,14.3,118.8,66.9,0.0,0.0,0.0,0,
646214,1861.0,11.5,118.8,67.8,0.0,0.0,0.0,0,
646314,1862.1,12.7,118.8,69.9,0.0,0.0,0.0,0,
646514,1860.9,12.0,118.8,190.0,0.0,0.0,0.0,0,
646614,1860.8,13.0,118.8,195.6,0.0,0.0,0.0,0,
646714,1861.7,12.5,118.8,200.6,0.0,0.0,0.0,0,
646814,1861.6,11.8,118.8,211.8,0.0,0.0,0.0,0,
646914,1861.8,11.9,118.8,139.6,0.0,0.0,0.0,0,
647014,1876.1,81.8,118.7,91.8,0.0,0.0,0.0,0,
647114,1852.2,140.0,117.8,65.8,0.0,0.0,0.0,0,
647214,1857.3,167.6,119.2,66.0,0.0,0.0,0.0,0,
647314,1864.0,155.3,119.3,66.5,0.0,0.0,0.0,0,
647514,1853.9,121.4,120.9,66.8,0.0,0.0,0.0,0,
647614,1862.7,102.5,120.8,67.0,0.0,0.0,0.0,0,
647714,1856.9,17.1,120.8,66.8,0.0,0.0,0.0,0,
647814,1862.1,12.5,120.8,67.0,0.0,0.0,0.0,0,
647914,1861.5,12.3,120.8,69.2,0.0,0.0,0.0,0,
648014,1860.3,11.7,120.8,72.9,0.0,0.0,0.0,0,
648114,1862.1,12.7,120.8,94.7,0.0,0.0,0.0,0,
648214,1862.5,11.3,120.8,152.0,0.0,0.0,0.0,0,
648314,1862.5,12.1,120.8,174.6,0.0,0.0,0.0,0,
648514,1861.1,11.8,120.8,212.0,0.0,0.0,0.0,0,
648614,1861.5,72.7,120.8,186.4,0.0,0.0,0.0,0,
648714,1855.0,141.2,121.4,70.1,0.0,0.0,0.0,0,
648814,1879.0,142.9,123.8,67.4,0.0,0.0,0.0,0,
648914,1847.2,125.5,124.4,66.7,0.0,0.0,0.0,0,
649014,1864.0,159.8,125.0,66.6,0.0,0.0,0.0,0,
649114,1857.0,166.5,124.6,66.8,0.0,0.0,0.0,0,
649214,1857.5,156.9,125.5,66.7,0.0,0.0,0.0,0,
649314,1865.3,22.1,125.6,66.8,0.0,0.0,0.0,0,
649514,1861.5,12.6,125.6,67.9,0.0,0.0,0.0,0,
649614,1861.4,12.5,125.6,69.3,0.0,0.0,0.0,0,
649714,1862.1,11.1,125.6,77.6,0.0,0.0,0.0,0,
649814,1861.9,11.6,125.6,172.8,0.0,0.0,0.0,0,
649914,1861.5,12.7,125.6,168.5,0.0,0.0,0.0,0,
650014,1861.8,11.1,125.6,125.5,0.0,0.0,0.0,0,
650114,1861.0,11.1,125.6,89.7,0.0,0.0,0.0,0,
650214,1861.8,14.5,125.6,136.6,0.0,0.0,0.0,0,
650314,1872.6,112.4,125.5,66.9,0.0,0.0,0.0,0,
650514,1867.7,160.2,123.7,66.7,0.0,0.0,0.0,0,
650614,1853.7,161.5,122.8,66.8,0.0,0.0,0.0,0,
650714,1884.5,127.5,123.5,66.7,0.0,0.0,0.0,0,
650814,1845.8,132.3,121.4,67.0,0.0,0.0,0.0,0,
650914,1858.9,25.4,120.4,66.8,0.0,0.0,0.0,0,
651014,1861.4,13.0,120.4,66.9,0.0,0.0,0.0,0,
651114,1862.5,12.1,120.4,69.1,0.0,0.0,0.0,0,
651214,1861.9,11.4,120.4,73.4,0.0,0.0,0.0,0,
651314,1861.5,11.2,120.4,75.0,0.0,0.0,0.0,0,
651514,1861.6,12.7,120.4,158.7,0.0,0.0,0.0,0,
651614,1861.6,11.9,120.4,200.9,0.0,0.0,0.0,0,
651714,1861.7,12.6,120.4,186.7,0.0,0.0,0.0,0,
651814,1862.0,8.4,120.4,167.3,0.0,0.0,0.0,0,
651914,1858.9,128.4,120.7,72.9,0.0,0.0,0.0,0,
652014,1867.2,159.2,119.8,68.1,0.0,0.0,0.0,0,
652114,1871.4,129.6,122.4,66.9,0.0,0.0,0.0,0,
652214,1854.8,131.4,121.9,66.7,0.0,0.0,0.0,0,
652314,1861.0,167.7,121.3,66.8,0.0,0.0,0.0,0,
652514,1866.6,34.7,120.9,66.8,0.0,0.0,0.0,0,
652614,1860.2,13.4,120.9,67.0,0.0,0.0,0.0,0,
652714,1861.6,11.6,120.9,67.2,0.0,0.0,0.0,0,
652814,1861.8,11.5,120.9,68.9,0.0,0.0,0.0,0,
652914,1861.8,13.7,120.9,72.8,0.0,0.0,0.0,0,
653014,1862.5,12.4,120.9,221.0,0.0,0.0,0.0,0,
653114,1861.4,12.0,120.9,238.4,0.0,0.0,0.0,0,
653214,1861.9,12.7,120.9,245.7,0.0,0.0,0.0,0,
653314,1862.2,12.1,120.9,250.6,0.0,0.0,0.0,0,
653514,1869.5,105.1,122.2,72.9,0.0,0.0,0.0,0,
653614,1852.3,123.2,123.6,67.2,0.0,0.0,0.0,0,
653714,1865.1,161.0,122.7,66.8,0.0,0.0,0.0,0,
653814,1854.7,175.1,123.0,66.6,0.0,0.0,0.0,0,
653914,1861.9,153.9,122.8,66.6,0.0,0.0,0.0,0,
654014,1880.1,137.1,123.9,66.8,0.0,0.0,0.0,0,
654114,1842.3,57.5,123.4,66.7,0.0,0.0,0.0,0,
654214,1862.2,13.6,123.4,66.8,0.0,0.0,0.0,0,
654314,1861.7,12.4,123.4,67.6,0.0,0.0,0.0,0,
654514,1861.2,12.8,123.4,71.2,0.0,0.0,0.0,0,
654614,1861.6,11.8,123.4,110.2,0.0,0.0,0.0,0,
654714,1861.9,12.9,123.4,117.6,0.0,0.0,0.0,0,
654814,1860.8,12.2,123.4,117.9,0.0,0.0,0.0,0,
654914,1861.8,12.8,123.4,153.2,0.0,0.0,0.0,0,
655014,1861.8,12.8,123.4,157.9,0.0,0.0,0.0,0,
655114,1863.1,111.0,123.4,76.0,0.0,0.0,0.0,0,
655214,1866.7,163.1,123.1,66.7,0.0,0.0,0.0,0,
655314,1852.8,162.2,122.1,66.5,0.0,0.0,0.0,0,
655514,1844.4,131.3,121.9,66.7,0.0,0.0,0.0,0,
655614,1866.3,164.3,121.7,66.7,0.0,0.0,0.0,0,
655714,1855.0,82.7,120.6,66.8,0.0,0.0,0.0,0,
655814,1863.3,15.0,120.5,66.8,0.0,0.0,0.0,0,
655914,1862.1,13.5,120.5,66.9,0.0,0.0,0.0,0,
656014,1861.4,12.1,120.5,68.2,0.0,0.0,0.0,0,
656114,1860.7,11.8,120.5,70.4,0.0,0.0,0.0,0,
656214,1861.4,13.0,120.5,116.8,0.0,0.0,0.0,0,
656314,1861.5,12.3,120.5,176.1,0.0,0.0,0.0,0,
656514,1861.3,12.9,120.5,176.5,0.0,0.0,0.0,0,
656614,1861.5,12.8,120.5,132.5,0.0,0.0,0.0,0,
656714,1862.0,82.6,120.5,141.3,0.0,0.0,0.0,0,
656814,1867.7,106.9,122.1,71.4,0.0,0.0,0.0,0,
656914,1859.5,107.1,119.7,68.3,0.0,0.0,0.0,0,
657014,1854.2,161.9,119.9,67.0,0.0,0.0,0.0,0,
657114,1861.7,159.2,120.0,66.7,0.0,0.0,0.0,0,
657214,1857.8,155.0,119.9,66.9,0.0,0.0,0.0,0,
657314,1879.6,129.0,120.8,66.8,0.0,0.0,0.0,0,
657514,1862.0,12.6,120.1,67.2,0.0,0.0,0.0,0,
657614,1861.7,12.0,120.1,67.9,0.0,0.0,0.0,0,
657714,1861.5,12.5,120.1,68.9,0.0,0.0,0.0,0,
657814,1861.2,12.4,120.1,79.2,0.0,0.0,0.0,0,
657914,1861.7,13.4,120.1,189.0,0.0,0.0,0.0,0,
658014,1862.6,13.8,120.1,188.9,0.0,0.0,0.0,0,
658114,1861.6,11.7,120.1,150.7,0.0,0.0,0.0,0,
658214,1861.8,11.2,120.1,152.4,0.0,0.0,0.0,0,
658314,1861.7,23.7,120.1,152.8,0.0,0.0,0.0,0,
658514,1854.2,171.4,120.4,66.9,0.0,0.0,0.0,0,
658614,1865.7,156.5,121.1,66.9,0.0,0.0,0.0,0,
658714,1877.8,131.4,122.3,66.8,0.0,0.0,0.0,0,
658814,1846.2,130.6,121.7,66.6,0.0,0.0,0.0,0,
658914,1865.8,155.6,120.3,66.8,0.0,0.0,0.0,0,
659014,1855.8,24.2,120.5,66.7,0.0,0.0,0.0,0,
659114,1861.0,13.5,120.5,66.9,0.0,0.0,0.0,0,
659214,1861.5,13.9,120.5,68.0,0.0,0.0,0.0,0,
659314,1861.7,13.5,120.5,70.2,0.0,0.0,0.0,0,
659514,1861.5,13.3,120.5,158.2,0.0,0.0,0.0,0,
659614,1862.2,12.6,120.5,142.3,0.0,0.0,0.0,0,
659714,1861.6,11.1,120.5,200.3,0.0,0.0,0.0,0,
659814,1861.5,12.7,120.5,169.0,0.0,0.0,0.0,0,
659914,1861.5,12.1,120.5,138.6,0.0,0.0,0.0,0,
660014,1856.1,130.7,121.0,72.7,0.0,0.0,0.0,0,
660114,1886.3,118.8,121.4,68.8,0.0,0.0,0.0,0,
660214,1842.1,138.1,121.8,67.1,0.0,0.0,0.0,0,
660314,1865.1,164.8,122.0,66.6,0.0,0.0,0.0,0,
660514,1859.5,151.8,123.3,66.6,0.0,0.0,0.0,0,
660614,1864.1,30.7,123.8,66.7,0.0,0.0,0.0,0,
660714,1860.6,13.7,123.7,66.8,0.0,0.0,0.0,0,
660814,1861.1,13.5,123.7,67.0,0.0,0.0,0.0,0,
660914,1860.8,12.0,123.7,67.9,0.0,0.0,0.0,0,
661014,1861.4,12.7,123.7,71.1,0.0,0.0,0.0,0,
661114,1861.4,12.3,123.7,158.9,0.0,0.0,0.0,0,
661214,1861.0,11.9,123.7,184.4,0.0,0.0,0.0,0,
661314,1861.8,12.7,123.7,166.1,0.0,0.0,0.0,0,
661514,1860.8,10.3,123.7,197.3,0.0,0.0,0.0,0,
661614,1867.5,93.7,123.5,71.6,0.0,0.0,0.0,0,
661714,1847.2,153.3,125.1,67.0,0.0,0.0,0.0,0,
661814,1864.9,176.9,124.6,66.8,0.0,0.0,0.0,0,
661914,1858.0,159.6,124.2,66.7,0.0,0.0,0.0,0,
662014,1882.8,142.6,124.4,66.6,0.0,0.0,0.0,0,
662114,1846.3,140.4,123.5,66.7,0.0,0.0,0.0,0,
662214,1856.2,48.7,123.1,66.7,0.0,0.0,0.0,0,
662314,1861.4,13.1,123.1,66.7,0.0,0.0,0.0,0,
662514,1861.5,12.4,123.1,70.4,0.0,0.0,0.0,0,
662614,1861.7,12.2,123.1,73.2,0.0,0.0,0.0,0,
662714,1860.7,13.7,123.1,130.9,0.0,0.0,0.0,0,
662814,1860.7,12.0,123.1,158.7,0.0,0.0,0.0,0,
662914,1861.4,12.8,123.1,186.4,0.0,0.0,0.0,0,
663014,1861.4,13.2,123.1,178.5,0.0,0.0,0.0,0,
663114,1862.2,11.4,123.1,145.4,0.0,0.0,0.0,0,
663214,1859.9,120.0,123.5,77.3,0.0,0.0,0.0,0,
663314,1864.4,154.8,123.1,67.1,0.0,0.0,0.0,0,
663514,1851.0,132.5,122.7,66.6,0.0,0.0,0.0,0,
663614,1860.7,150.3,122.5,66.7,0.0,0.0,0.0,0,
663714,1855.3,169.6,121.9,66.7,0.0,0.0,0.0,0,
663814,1864.0,75.5,123.2,66.9,0.0,0.0,0.0,0,
663914,1864.0,13.8,123.2,66.9,0.0,0.0,0.0,0,
664014,1862.1,11.4,123.2,67.0,0.0,0.0,0.0,0,
664114,1860.8,11.7,123.2,68.5,0.0,0.0,0.0,0,
664214,1860.8,12.0,123.2,70.6,0.0,0.0,0.0,0,
664314,1861.3,11.9,123.2,114.0,0.0,0.0,0.0,0,
664514,1861.3,12.2,123.2,137.4,0.0,0.0,0.0,0,
664614,1861.8,12.7,123.2,132.6,0.0,0.0,0.0,0,
664714,1861.4,11.4,123.2,133.6,0.0,0.0,0.0,0,
664814,1871.5,67.1,123.7,100.5,0.0,0.0,0.0,0,
664914,1848.2,112.1,123.8,67.7,0.0,0.0,0.0,0,
665014,1863.8,150.4,123.2,67.1,0.0,0.0,0.0,0,
665114,1856.5,168.5,122.7,66.8,0.0,0.0,0.0,0,
665214,1863.3,155.6,122.9,66.5,0.0,0.0,0.0,0,
665314,1878.1,120.1,123.6,66.8,0.0,0.0,0.0,0,
665514,1860.1,16.2,121.9,66.7,0.0,0.0,0.0,0,
665614,1860.7,12.3,121.9,67.3,0.0,0.0,0.0,0,
665714,1860.5,11.5,121.9,69.0,0.0,0.0,0.0,0,
665814,1861.1,12.7,121.9,70.2,0.0,0.0,0.0,0,
665914,1861.4,12.8,121.9,86.6,0.0,0.0,0.0,0,
666014,1860.5,10.9,121.9,163.6,0.0,0.0,0.0,0,
666114,1861.4,14.4,121.9,114.6,0.0,0.0,0.0,0,
666214,1861.8,12.5,121.9,116.8,0.0,0.0,0.0,0,
666314,1861.3,12.2,121.9,110.3,0.0,0.0,0.0,0,
666514,1866.0,153.0,121.9,66.4,0.0,0.0,0.0,0,
666614,1854.8,160.5,121.0,66.3,0.0,0.0,0.0,0,
666714,1885.0,137.2,124.0,66.5,0.0,0.0,0.0,0,
666814,1843.7,145.5,124.5,66.7,0.0,0.0,0.0,0,
666914,1858.7,163.7,125.4,66.7,0.0,0.0,0.0,0,
667014,1862.9,162.0,125.7,66.9,0.0,0.0,0.0,0,
667114,1861.6,21.0,125.6,66.8,0.0,0.0,0.0,0,
667214,1860.9,12.0,125.6,66.8,0.0,0.0,0.0,0,
667314,1861.4,12.7,125.6,67.3,0.0,0.0,0.0,0,
667514,1861.4,11.8,125.6,73.3,0.0,0.0,0.0,0,
667614,1861.7,11.5,125.6,133.9,0.0,0.0,0.0,0,
667714,1862.1,11.9,125.6,140.6,0.0,0.0,0.0,0,
667814,1861.5,11.9,125.6,165.5,0.0,0.0,0.0,0,
667914,1861.3,12.9,125.6,178.0,0.0,0.0,0.0,0,
668014,1860.7,13.1,125.6,190.0,0.0,0.0,0.0,0,
668114,1869.5,102.3,127.1,69.0,0.0,0.0,0.0,0,
668214,1852.5,146.7,128.1,67.5,0.0,0.0,0.0,0,
668314,1864.9,155.1,126.1,67.0,0.0,0.0,0.0,0,
668514,1867.5,141.1,125.2,66.7,0.0,0.0,0.0,0,
668614,1870.3,142.7,125.3,66.8,0.0,0.0,0.0,0,
668714,1849.1,30.1,125.1,66.7,0.0,0.0,0.0,0,
668814,1860.6,14.3,125.1,67.1,0.0,0.0,0.0,0,
668914,1861.8,12.0,125.1,68.0,0.0,0.0,0.0,0,
669014,1861.4,12.3,125.1,69.0,0.0,0.0,0.0,0,
669114,1861.3,12.5,125.1,71.9,0.0,0.0,0.0,0,
669214,1861.2,12.3,125.1,138.5,0.0,0.0,0.0,0,
669314,1861.3,12.0,125.1,136.4,0.0,0.0,0.0,0,
669514,1861.7,11.0,125.1,166.2,0.0,0.0,0.0,0,
669614,1860.7,12.4,125.1,151.3,0.0,0.0,0.0,0,
669714,1869.7,118.1,124.8,66.6,0.0,0.0,0.0,0,
669814,1855.5,179.3,124.4,66.3,0.0,0.0,0.0,0,
669914,1862.5,145.9,123.3,66.7,0.0,0.0,0.0,0,
670014,1880.9,136.4,123.4,66.9,0.0,0.0,0.0,0,
670114,1839.6,147.4,122.8,66.9,0.0,0.0,0.0,0,
670214,1871.0,169.7,123.3,67.0,0.0,0.0,0.0,0,
670314,1855.3,41.0,122.6,67.0,0.0,0.0,0.0,0,
670514,1861.6,10.5,122.6,69.6,0.0,0.0,0.0,0,
670614,1861.4,12.2,122.6,77.2,0.0,0.0,0.0,0,
670714,1860.9,12.5,122.5,80.0,0.0,0.0,0.0,0,
670814,1860.5,12.6,122.6,156.6,0.0,0.0,0.0,0,
670914,1861.4,11.5,122.6,154.9,0.0,0.0,0.0,0,
671014,1860.7,12.0,122.5,169.1,0.0,0.0,0.0,0,
671114,1860.5,13.0,122.6,174.6,0.0,0.0,0.0,0,
671214,1861.8,12.5,122.6,145.9,0.0,0.0,0.0,0,
671314,1852.9,116.7,123.7,88.9,0.0,0.0,0.0,0,
671514,1843.0,146.9,123.6,67.8,0.0,0.0,0.0,0,
671614,1859.5,153.3,123.4,66.9,0.0,0.0,0.0,0,
671714,1862.5,166.9,122.0,66.8,0.0,0.0,0.0,0,
671814,1856.0,138.4,123.5,66.9,0.0,0.0,0.0,0,
671914,1865.5,53.5,121.3,66.9,0.0,0.0,0.0,0,
672014,1861.7,12.4,121.3,67.2,0.0,0.0,0.0,0,
672114,1860.7,11.8,121.3,67.2,0.0,0.0,0.0,0,
672214,1861.0,11.9,121.3,68.0,0.0,0.0,0.0,0,
672314,1860.2,12.2,121.3,70.4,0.0,0.0,0.0,0,
672514,1860.7,12.2,121.3,164.5,0.0,0.0,0.0,0,
672614,1860.8,11.7,121.3,175.9,0.0,0.0,0.0,0,
672714,1861.3,11.6,121.3,186.7,0.0,0.0,0.0,0,
672814,1860.6,12.7,121.3,186.5,0.0,0.0,0.0,0,
672914,1869.2,93.2,121.3,86.4,0.0,0.0,0.0,0,
673014,1852.8,132.5,121.1,67.8,0.0,0.0,0.0,0,
673114,1855.4,188.6,120.5,67.1,0.0,0.0,0.0,0,
673214,1866.7,130.3,121.0,66.9,0.0,0.0,0.0,0,
673314,1873.2,134.0,121.1,66.7,0.0,0.0,0.0,0,
673514,1858.5,86.3,122.7,67.0,0.0,0.0,0.0,0,
673614,1859.5,15.5,122.7,66.8,0.0,0.0,0.0,0,
673714,1860.7,12.7,122.7,67.3,0.0,0.0,0.0,0,
673814,1862.1,13.5,122.7,71.1,0.0,0.0,0.0,0,
673914,1861.5,12.2,122.7,73.4,0.0,0.0,0.0,0,
674014,1861.5,12.9,122.7,116.4,0.0,0.0,0.0,0,
674114,1861.1,12.5,122.7,168.8,0.0,0.0,0.0,0,
674214,1861.5,12.3,122.7,210.4,0.0,0.0,0.0,0,
674314,1861.0,13.8,122.7,186.3,0.0,0.0,0.0,0,
674514,1862.9,89.9,122.7,201.6,0.0,0.0,0.0,0,
674614,1862.1,128.5,123.1,72.9,0.0,0.0,0.0,0,
674714,1883.7,134.5,124.4,68.4,0.0,0.0,0.0,0,
674814,1837.6,131.6,123.3,67.0,0.0,0.0,0.0,0,
674914,1867.3,157.4,122.7,66.9,0.0,0.0,0.0,0,
675014,1852.6,169.8,121.0,67.1,0.0,0.0,0.0,0,
675114,1873.2,129.2,122.2,67.0,0.0,0.0,0.0,0,
675214,1856.8,18.0,121.1,67.3,0.0,0.0,0.0,0,
675314,1861.2,11.5,121.1,67.1,0.0,0.0,0.0,0,
675514,1860.6,11.9,121.1,67.9,0.0,0.0,0.0,0,
675614,1860.8,11.5,121.1,77.9,0.0,0.0,0.0,0,
675714,1861.5,11.5,121.1,210.6,0.0,0.0,0.0,0,
675814,1861.4,12.9,121.1,188.0,0.0,0.0,0.0,0,
675914,1860.5,12.1,121.1,194.6,0.0,0.0,0.0,0,
676014,1861.7,12.0,121.1,197.7,0.0,0.0,0.0,0,
676114,1861.7,13.3,121.0,198.9,0.0,0.0,0.0,0,
676214,1863.3,122.5,122.5,67.3,0.0,0.0,0.0,0,
676314,1855.3,162.5,123.5,66.7,0.0,0.0,0.0,0,
676514,1863.3,143.3,126.8,66.8,0.0,0.0,0.0,0,
676614,1873.0,125.9,127.8,66.6,0.0,0.0,0.0,0,
676714,1847.8,143.6,128.1,66.8,0.0,0.0,0.0,0,
676814,1858.5,22.6,128.5,66.7,0.0,0.0,0.0,0,
676914,1861.4,13.0,128.5,66.9,0.0,0.0,0.0,0,
677014,1861.9,11.5,128.5,67.9,0.0,0.0,0.0,0,
677114,1860.8,12.5,128.5,70.3,0.0,0.0,0.0,0,
677214,1861.5,12.1,128.5,79.1,0.0,0.0,0.0,0,
677314,1861.4,12.9,128.5,147.9,0.0,0.0,0.0,0,
677514,1861.4,13.5,128.6,168.5,0.0,0.0,0.0,0,
677614,1861.1,13.8,128.6,166.1,0.0,0.0,0.0,0,
677714,1860.8,14.4,128.6,166.6,0.0,0.0,0.0,0,
677814,1856.8,156.7,128.9,72.5,0.0,0.0,0.0,0,
677914,1870.2,145.7,129.5,68.2,0.0,0.0,0.0,0,
678014,1869.7,153.7,130.1,66.9,0.0,0.0,0.0,0,
678114,1848.1,153.2,130.0,66.7,0.0,0.0,0.0,0,
678214,1864.7,182.6,129.9,66.8,0.0,0.0,0.0,0,
678314,1849.6,171.3,130.5,66.6,0.0,0.0,0.0,0,
678514,1859.3,18.2,130.3,66.8,0.0,0.0,0.0,0,
678614,1862.0,12.8,130.3,67.0,0.0,0.0,0.0,0,
678714,1861.7,12.6,130.3,67.4,0.0,0.0,0.0,0,
678814,1861.2,13.4,130.4,68.6,0.0,0.0,0.0,0,
678914,1860.1,12.4,130.3,93.4,0.0,0.0,0.0,0,
679014,1861.5,12.5,130.4,107.5,0.0,0.0,0.0,0,
679114,1861.6,14.7,130.4,125.7,0.0,0.0,0.0,0,
679214,1860.5,13.1,130.4,147.8,0.0,0.0,0.0,0,
679314,1861.1,12.7,130.4,137.8,0.0,0.0,0.0,0,
679514,1838.3,132.9,129.7,66.7,0.0,0.0,0.0,0,
679614,1868.4,178.7,128.1,66.8,0.0,0.0,0.0,0,
679714,1855.9,175.9,127.6,66.7,0.0,0.0,0.0,0,
679814,1864.8,145.5,128.1,66.6,0.0,0.0,0.0,0,
679914,1864.7,129.5,126.1,66.7,0.0,0.0,0.0,0,
680014,1849.1,51.7,125.5,66.8,0.0,0.0,0.0,0,
680114,1861.2,15.1,125.5,67.0,0.0,0.0,0.0,0,
680214,1862.0,13.8,125.5,75.4,0.0,0.0,0.0,0,
680314,1861.2,12.5,125.5,81.4,0.0,0.0,0.0,0,
680514,1861.4,12.3,125.5,139.5,0.0,0.0,0.0,0,
680614,1861.3,12.5,125.5,159.1,0.0,0.0,0.0,0,
680714,1862.0,12.2,125.5,125.1,0.0,0.0,0.0,0,
680814,1861.2,13.8,125.4,111.5,0.0,0.0,0.0,0,
680914,1861.3,14.9,125.5,107.6,0.0,0.0,0.0,0,
681014,1860.1,109.1,125.5,77.9,0.0,0.0,0.0,0,
681114,1860.5,153.0,123.9,69.6,0.0,0.0,0.0,0,
681214,1865.3,145.2,124.0,67.3,0.0,0.0,0.0,0,
681314,1867.6,134.7,122.9,66.7,0.0,0.0,0.0,0,
681514,1860.0,169.6,123.7,66.8,0.0,0.0,0.0,0,
681614,1862.1,79.1,123.4,66.7,0.0,0.0,0.0,0,
681714,1864.9,14.8,123.4,66.9,0.0,0.0,0.0,0,
681814,1861.3,13.8,123.4,67.1,0.0,0.0,0.0,0,
681914,1861.5,12.5,123.4,68.1,0.0,0.0,0.0,0,
682014,1861.8,11.6,123.4,70.8,0.0,0.0,0.0,0,
682114,1860.4,12.6,123.4,144.0,0.0,0.0,0.0,0,
682214,1861.4,12.6,123.4,184.9,0.0,0.0,0.0,0,
682314,1861.8,12.9,123.4,173.0,0.0,0.0,0.0,0,
682514,1861.0,13.0,123.4,172.4,0.0,0.0,0.0,0,
682614,1861.4,74.4,123.6,218.4,0.0,0.0,0.0,0,
682714,1870.2,113.4,124.5,67.4,0.0,0.0,0.0,0,
682814,1840.0,150.9,127.1,67.1,0.0,0.0,0.0,0,
682914,1869.7,180.2,126.2,66.9,0.0,0.0,0.0,0,
683014,1851.2,176.4,127.8,66.7,0.0,0.0,0.0,0,
683114,1877.1,134.6,128.0,66.6,0.0,0.0,0.0,0,
683214,1852.6,133.1,128.1,66.7,0.0,0.0,0.0,0,
683314,1856.1,19.1,127.4,66.7,0.0,0.0,0.0,0,
683514,1860.8,13.0,127.4,73.3,0.0,0.0,0.0,0,
683614,1860.9,13.2,127.4,75.4,0.0,0.0,0.0,0,
683714,1862.1,11.8,127.4,83.4,0.0,0.0,0.0,0,
683814,1862.2,11.8,127.4,110.7,0.0,0.0,0.0,0,
683914,1862.1,12.5,127.4,116.2,0.0,0.0,0.0,0,
684014,1861.2,12.5,127.4,148.1,0.0,0.0,0.0,0,
684114,1861.8,11.9,127.4,164.3,0.0,0.0,0.0,0,
684214,1861.3,45.2,127.4,147.8,0.0,0.0,0.0,0,
684314,1866.3,138.9,127.4,69.8,0.0,0.0,0.0,0,
684514,1863.8,136.5,127.1,66.8,0.0,0.0,0.0,0,
684614,1869.3,120.1,124.4,66.8,0.0,0.0,0.0,0,
684714,1846.6,150.8,124.9,66.8,0.0,0.0,0.0,0,
684814,1867.5,184.1,125.6,66.8,0.0,0.0,0.0,0,
684914,1861.9,22.7,125.5,67.0,0.0,0.0,0.0,0,
685014,1860.7,13.1,125.5,66.9,0.0,0.0,0.0,0,
685114,1861.0,12.8,125.5,67.2,0.0,0.0,0.0,0,
685214,1861.3,13.2,125.5,68.7,0.0,0.0,0.0,0,
685314,1861.0,12.0,125.5,73.9,0.0,0.0,0.0,0,
685514,1861.2,13.6,125.5,211.2,0.0,0.0,0.0,0,
685614,1861.8,12.3,125.5,183.0,0.0,0.0,0.0,0,
685714,1861.8,13.6,125.5,131.8,0.0,0.0,0.0,0,
685814,1861.0,12.5,125.5,152.1,0.0,0.0,0.0,0,
685914,1860.8,117.8,126.2,69.0,0.0,0.0,0.0,0,
686014,1868.4,124.9,127.5,67.3,0.0,0.0,0.0,0,
686114,1849.5,152.0,127.3,67.0,0.0,0.0,0.0,0,
686214,1858.6,179.9,127.3,66.7,0.0,0.0,0.0,0,
686314,1859.9,161.8,126.9,66.5,0.0,0.0,0.0,0,
686514,1849.4,30.7,126.2,66.8,0.0,0.0,0.0,0,
686614,1861.0,16.5,126.2,67.0,0.0,0.0,0.0,0,
686714,1860.5,12.8,126.2,69.0,0.0,0.0,0.0,0,
686814,1861.5,11.6,126.2,70.6,0.0,0.0,0.0,0,
686914,1861.0,12.6,126.2,72.6,0.0,0.0,0.0,0,
687014,1861.1,13.1,126.2,109.7,0.0,0.0,0.0,0,
687114,1861.9,12.5,126.2,123.4,0.0,0.0,0.0,0,
687214,1860.9,12.8,126.2,123.8,0.0,0.0,0.0,0,
687314,1861.3,13.0,126.2,132.5,0.0,0.0,0.0,0,
687514,1858.8,116.1,126.5,72.6,0.0,0.0,0.0,0,
687614,1868.2,164.3,125.5,68.4,0.0,0.0,0.0,0,
687714,1854.4,178.3,126.4,66.9,0.0,0.0,0.0,0,
687814,1875.7,138.6,127.8,66.6,0.0,0.0,0.0,0,
687914,1855.7,138.0,127.3,66.8,0.0,0.0,0.0,0,
688014,1855.1,150.5,126.7,66.7,0.0,0.0,0.0,0,
688114,1861.5,41.7,125.7,66.9,0.0,0.0,0.0,0,
688214,1860.4,15.0,125.7,66.9,0.0,0.0,0.0,0,
688314,1861.5,12.8,125.7,67.1,0.0,0.0,0.0,0,
688514,1861.3,13.3,125.7,70.1,0.0,0.0,0.0,0,
688614,1861.5,12.1,125.7,109.7,0.0,0.0,0.0,0,
688714,1861.5,13.3,125.7,133.7,0.0,0.0,0.0,0,
688814,1860.5,13.3,125.7,145.4,0.0,0.0,0.0,0,
688914,1861.4,12.4,125.7,135.3,0.0,0.0,0.0,0,
689014,1860.7,12.9,125.7,171.0,0.0,0.0,0.0,0,
689114,1859.9,143.1,126.0,72.7,0.0,0.0,0.0,0,
689214,1861.2,131.7,128.4,67.3,0.0,0.0,0.0,0,
689314,1871.6,143.2,128.2,66.9,0.0,0.0,0.0,0,
689514,1860.4,194.1,128.6,66.6,0.0,0.0,0.0,0,
689614,1860.5,169.9,130.5,66.7,0.0,0.0,0.0,0,
689714,1856.5,68.6,132.3,66.8,0.0,0.0,0.0,0,
689814,1863.5,15.6,132.3,66.8,0.0,0.0,0.0,0,
689914,1861.1,13.7,132.3,67.4,0.0,0.0,0.0,0,
690014,1860.6,12.2,132.3,69.3,0.0,0.0,0.0,0,
690114,1861.0,11.9,132.3,70.5,0.0,0.0,0.0,0,
690214,1860.8,13.9,132.3,149.1,0.0,0.0,0.0,0,
690314,1861.0,13.4,132.3,131.4,0.0,0.0,0.0,0,
690514,1861.4,13.6,132.3,104.9,0.0,0.0,0.0,0,
690614,1861.5,11.5,132.3,165.6,0.0,0.0,0.0,0,
690714,1875.7,75.4,132.5,99.9,0.0,0.0,0.0,0,
690814,1850.1,129.3,131.7,68.5,0.0,0.0,0.0,0,
690914,1857.4,192.9,131.3,66.6,0.0,0.0,0.0,0,
691014,1860.4,172.8,131.4,66.5,0.0,0.0,0.0,0,
691114,1874.9,148.0,133.5,66.7,0.0,0.0,0.0,0,
691214,1853.6,140.5,132.5,66.8,0.0,0.0,0.0,0,
691314,1864.0,104.3,131.3,66.9,0.0,0.0,0.0,0,
691514,1861.7,13.7,131.2,67.0,0.0,0.0,0.0,0,
691614,1861.7,12.2,131.2,68.4,0.0,0.0,0.0,0,
691714,1861.1,12.4,131.2,70.7,0.0,0.0,0.0,0,
691814,1861.3,13.5,131.2,92.4,0.0,0.0,0.0,0,
691914,1861.4,13.0,131.2,147.6,0.0,0.0,0.0,0,
692014,1862.0,13.6,131.2,134.0,0.0,0.0,0.0,0,
692114,1860.6,13.0,131.2,168.0,0.0,0.0,0.0,0,
692214,1861.2,11.9,131.2,185.6,0.0,0.0,0.0,0,
692314,1860.1,72.7,131.2,214.5,0.0,0.0,0.0,0,
692514,1877.3,145.8,133.7,67.3,0.0,0.0,0.0,0,
692614,1855.9,143.1,131.2,66.8,0.0,0.0,0.0,0,
692714,1854.0,157.8,130.0,66.6,0.0,0.0,0.0,0,
692814,1861.9,180.4,128.6,66.7,0.0,0.0,0.0,0,
692914,1855.0,136.6,127.6,66.7,0.0,0.0,0.0,0,
693014,1863.3,20.2,127.1,66.7,0.0,0.0,0.0,0,
693114,1861.3,12.2,127.1,67.1,0.0,0.0,0.0,0,
693214,1860.9,12.8,127.1,67.6,0.0,0.0,0.0,0,
693314,1860.1,12.3,127.1,69.0,0.0,0.0,0.0,0,
693514,1860.8,14.1,127.1,116.9,0.0,0.0,0.0,0,
693614,1861.1,12.8,127.1,169.9,0.0,0.0,0.0,0,
693714,1861.4,12.5,127.1,149.5,0.0,0.0,0.0,0,
693814,1860.8,12.6,127.1,155.4,0.0,0.0,0.0,0,
693914,1860.5,12.6,127.1,194.8,0.0,0.0,0.0,0,
694014,1878.5,104.6,125.9,67.3,0.0,0.0,0.0,0,
694114,1845.3,146.0,124.2,66.5,0.0,0.0,0.0,0,
694214,1861.6,188.1,123.9,66.6,0.0,0.0,0.0,0,
694314,1863.4,155.4,123.2,66.8,0.0,0.0,0.0,0,
694514,1852.6,123.8,123.6,66.7,0.0,0.0,0.0,0,
694614,1857.6,24.2,123.7,66.9,0.0,0.0,0.0,0,
694714,1861.8,12.9,123.7,67.0,0.0,0.0,0.0,0,
694814,1861.6,12.0,123.7,68.7,0.0,0.0,0.0,0,
694914,1861.8,11.7,123.7,71.2,0.0,0.0,0.0,0,
695014,1861.7,12.1,123.7,73.3,0.0,0.0,0.0,0,
695114,1861.3,13.2,123.7,113.3,0.0,0.0,0.0,0,
695214,1861.8,12.6,123.7,124.0,0.0,0.0,0.0,0,
695314,1861.8,13.1,123.7,135.3,0.0,0.0,0.0,0,
695514,1862.4,12.8,123.7,143.5,0.0,0.0,0.0,0,
695614,1858.5,143.9,124.3,71.5,0.0,0.0,0.0,0,
695714,1860.7,168.8,124.6,68.0,0.0,0.0,0.0,0,
695814,1876.4,141.1,127.8,67.1,0.0,0.0,0.0,0,
695914,1851.5,127.2,126.6,66.7,0.0,0.0,0.0,0,
696014,1858.8,159.4,127.3,66.9,0.0,0.0,0.0,0,
696114,1853.9,170.8,127.4,67.0,0.0,0.0,0.0,0,
696214,1866.8,34.4,127.5,66.8,0.0,0.0,0.0,0,
696314,1859.7,15.1,127.5,67.1,0.0,0.0,0.0,0,
696514,1860.5,12.5,127.5,67.7,0.0,0.0,0.0,0,
696614,1861.1,10.7,127.5,69.2,0.0,0.0,0.0,0,
696714,1861.3,10.8,127.5,143.8,0.0,0.0,0.0,0,
696814,1862.4,13.4,127.5,125.7,0.0,0.0,0.0,0,
696914,1860.7,12.5,127.5,125.2,0.0,0.0,0.0,0,
697014,1861.3,13.2,127.5,116.2,0.0,0.0,0.0,0,
697114,1861.3,16.1,127.5,118.0,0.0,0.0,0.0,0,
697214,1873.3,105.3,127.6,69.4,0.0,0.0,0.0,0,
697314,1859.4,127.9,127.0,66.0,0.0,0.0,0.0,0,
697514,1863.1,178.9,125.9,66.7,0.0,0.0,0.0,0,
697614,1855.6,153.3,125.0,66.7,0.0,0.0,0.0,0,
697714,1884.6,129.8,125.8,66.7,0.0,0.0,0.0,0,
697814,1842.8,53.7,123.9,67.1,0.0,0.0,0.0,0,
697914,1862.6,14.4,123.9,66.9,0.0,0.0,0.0,0,
698014,1861.9,13.9,123.9,69.0,0.0,0.0,0.0,0,
698114,1861.2,13.2,123.9,75.9,0.0,0.0,0.0,0,
698214,1862.1,12.3,123.9,77.7,0.0,0.0,0.0,0,
698314,1860.3,12.6,123.9,167.7,0.0,0.0,0.0,0,
698514,1862.2,12.6,123.9,231.8,0.0,0.0,0.0,0,
698614,1861.1,13.2,123.9,199.7,0.0,0.0,0.0,0,
698714,1861.6,13.1,123.9,198.6,0.0,0.0,0.0,0,
698814,1860.5,123.9,124.8,77.2,0.0,0.0,0.0,0,
698914,1861.3,158.1,124.7,68.8,0.0,0.0,0.0,0,
699014,1861.7,171.7,124.2,67.4,0.0,0.0,0.0,0,
699114,1871.7,123.0,125.9,66.9,0.0,0.0,0.0,0,
699214,1857.9,125.0,124.4,66.9,0.0,0.0,0.0,0,
699314,1853.5,144.3,124.0,67.1,0.0,0.0,0.0,0,
699514,1863.3,14.5,123.5,67.1,0.0,0.0,0.0,0,
699614,1861.0,11.5,123.5,66.9,0.0,0.0,0.0,0,
699714,1861.4,11.7,123.5,66.9,0.0,0.0,0.0,0,
699814,1860.8,12.5,123.4,67.9,0.0,0.0,0.0,0,
699914,1860.9,11.1,123.4,154.2,0.0,0.0,0.0,0,
700014,1861.7,12.5,123.4,166.1,0.0,0.0,0.0,0,
700114,1860.8,13.0,123.4,165.1,0.0,0.0,0.0,0,
700214,1861.2,11.8,123.4,174.6,0.0,0.0,0.0,0,
700314,1861.6,12.4,123.4,199.3,0.0,0.0,0.0,0,
700514,1869.3,118.4,124.4,66.8,0.0,0.0,0.0,0,
700614,1854.6,136.6,126.6,66.6,0.0,0.0,0.0,0,
700714,1858.9,151.7,124.9,66.7,0.0,0.0,0.0,0,
700814,1854.9,185.4,126.4,66.6,0.0,0.0,0.0,0,
700914,1865.9,153.8,127.1,66.6,0.0,0.0,0.0,0,
701014,1878.2,130.1,129.7,66.9,0.0,0.0,0.0,0,
701114,1842.5,16.8,128.9,66.7,0.0,0.0,0.0,0,
701214,1862.1,11.6,128.9,66.8,0.0,0.0,0.0,0,
701314,1861.5,12.5,128.9,67.5,0.0,0.0,0.0,0,
701514,1861.7,11.6,128.9,78.6,0.0,0.0,0.0,0,
701614,1862.2,12.6,128.9,165.3,0.0,0.0,0.0,0,
701714,1860.7,12.7,128.9,187.9,0.0,0.0,0.0,0,
701814,1861.7,12.4,128.9,196.3,0.0,0.0,0.0,0,
701914,1861.3,11.3,128.9,166.8,0.0,0.0,0.0,0,
702014,1860.7,25.9,128.9,167.5,0.0,0.0,0.0,0,
702114,1860.3,138.9,129.0,71.7,0.0,0.0,0.0,0,
702214,1866.9,177.8,127.9,68.4,0.0,0.0,0.0,0,
702314,1853.3,175.5,127.5,67.0,0.0,0.0,0.0,0,
702514,1841.0,143.7,128.4,66.8,0.0,0.0,0.0,0,
702614,1863.8,153.6,127.9,66.7,0.0,0.0,0.0,0,
702714,1860.4,23.1,128.0,66.9,0.0,0.0,0.0,0,
702814,1860.3,13.1,128.0,66.9,0.0,0.0,0.0,0,
702914,1861.7,12.0,128.0,67.0,0.0,0.0,0.0,0,
703014,1861.6,12.7,128.0,67.5,0.0,0.0,0.0,0,
703114,1860.2,12.7,128.0,74.2,0.0,0.0,0.0,0,
703214,1860.5,10.9,128.0,144.0,0.0,0.0,0.0,0,
703314,1861.8,12.3,128.0,176.1,0.0,0.0,0.0,0,
703514,1861.1,11.6,128.0,178.6,0.0,0.0,0.0,0,
703614,1861.0,12.0,128.0,154.1,0.0,0.0,0.0,0,
703714,1863.1,136.4,127.3,68.1,0.0,0.0,0.0,0,
703814,1871.2,134.0,130.7,67.1,0.0,0.0,0.0,0,
703914,1854.1,129.7,129.9,67.0,0.0,0.0,0.0,0,
704014,1857.1,152.9,128.4,66.8,0.0,0.0,0.0,0,
704114,1859.9,174.1,128.5,66.6,0.0,0.0,0.0,0,
704214,1859.5,142.8,127.3,66.8,0.0,0.0,0.0,0,
704314,1862.2,29.7,126.6,66.7,0.0,0.0,0.0,0,
704514,1862.0,12.3,126.6,68.9,0.0,0.0,0.0,0,
704614,1861.5,12.5,126.6,71.8,0.0,0.0,0.0,0,
704714,1860.7,11.5,126.6,73.2,0.0,0.0,0.0,0,
704814,1862.1,11.9,126.6,156.9,0.0,0.0,0.0,0,
704914,1861.5,12.4,126.6,171.0,0.0,0.0,0.0,0,
705014,1860.6,11.3,126.6,172.7,0.0,0.0,0.0,0,
705114,1861.2,12.6,126.6,152.7,0.0,0.0,0.0,0,
705214,1861.3,13.7,126.6,177.1,0.0,0.0,0.0,0,
705314,1864.2,100.3,127.8,74.7,0.0,0.0,0.0,0,
705514,1856.3,185.8,126.2,67.3,0.0,0.0,0.0,0,
705614,1862.9,161.0,125.5,66.8,0.0,0.0,0.0,0,
705714,1878.5,129.5,127.5,66.9,0.0,0.0,0.0,0,
705814,1842.0,126.1,125.3,66.7,0.0,0.0,0.0,0,
705914,1863.6,42.7,124.8,66.8,0.0,0.0,0.0,0,
706014,1861.3,13.1,124.8,67.0,0.0,0.0,0.0,0,
706114,1861.7,12.2,124.8,67.1,0.0,0.0,0.0,0,
706214,1861.2,12.3,124.8,68.2,0.0,0.0,0.0,0,
706314,1861.7,11.7,124.8,70.6,0.0,0.0,0.0,0,
706514,1860.7,12.2,124.8,166.3,0.0,0.0,0.0,0,
706614,1861.1,12.3,124.8,178.2,0.0,0.0,0.0,0,
706714,1860.9,12.3,124.8,175.3,0.0,0.0,0.0,0,
706814,1861.5,12.6,124.8,190.4,0.0,0.0,0.0,0,
706914,1863.4,128.5,124.3,72.2,0.0,0.0,0.0,0,
707014,1853.1,147.4,124.3,66.9,0.0,0.0,0.0,0,
707114,1886.4,127.5,125.6,66.7,0.0,0.0,0.0,0,
707214,1842.3,146.6,126.2,66.7,0.0,0.0,0.0,0,
707314,1858.8,152.0,125.1,66.6,0.0,0.0,0.0,0,
707514,1854.9,73.3,128.2,66.7,0.0,0.0,0.0,0,
707614,1863.1,14.9,128.2,66.7,0.0,0.0,0.0,0,
707714,1860.4,12.4,128.3,67.3,0.0,0.0,0.0,0,
707814,1861.7,12.7,128.3,70.7,0.0,0.0,0.0,0,
707914,1860.8,11.7,128.2,74.4,0.0,0.0,0.0,0,
708014,1861.2,12.4,128.3,133.1,0.0,0.0,0.0,0,
708114,1860.8,11.7,128.3,137.7,0.0,0.0,0.0,0,
708214,1861.8,12.5,128.3,136.2,0.0,0.0,0.0,0,
708314,1861.5,11.8,128.3,154.2,0.0,0.0,0.0,0,
708514,1868.6,78.0,129.1,129.9,0.0,0.0,0.0,0,
708614,1863.9,120.3,129.9,68.7,0.0,0.0,0.0,0,
708714,1853.1,163.3,130.7,67.2,0.0,0.0,0.0,0,
708814,1858.3,184.6,130.8,66.7,0.0,0.0,0.0,0,
708914,1863.9,149.9,130.7,66.9,0.0,0.0,0.0,0,
709014,1875.1,136.5,131.7,66.8,0.0,0.0,0.0,0,
709114,1848.8,119.8,131.9,66.7,0.0,0.0,0.0,0,
709214,1860.5,18.2,131.6,66.8,0.0,0.0,0.0,0,
709314,1860.7,12.2,131.6,66.9,0.0,0.0,0.0,0,
709514,1860.9,11.6,131.6,68.8,0.0,0.0,0.0,0,
709614,1861.3,12.2,131.6,81.1,0.0,0.0,0.0,0,
709714,1861.5,12.9,131.6,175.9,0.0,0.0,0.0,0,
709814,1860.7,12.0,131.6,175.2,0.0,0.0,0.0,0,
709914,1862.1,12.1,131.6,186.4,0.0,0.0,0.0,0,
710014,1860.9,11.9,131.6,227.0,0.0,0.0,0.0,0,
710114,1861.4,61.5,131.6,210.3,0.0,0.0,0.0,0,
710214,1861.9,149.1,130.6,68.3,0.0,0.0,0.0,0,
710314,1852.5,170.2,130.6,67.2,0.0,0.0,0.0,0,
710514,1838.8,141.9,130.8,66.8,0.0,0.0,0.0,0,
710614,1868.0,154.8,129.3,66.7,0.0,0.0,0.0,0,
710714,1855.1,171.7,128.4,66.9,0.0,0.0,0.0,0,
710814,1861.6,20.4,128.2,66.8,0.0,0.0,0.0,0,
710914,1861.0,12.3,128.2,67.2,0.0,0.0,0.0,0,
711014,1861.3,11.8,128.2,71.7,0.0,0.0,0.0,0,
711114,1862.1,13.0,128.2,77.9,0.0,0.0,0.0,0,
711214,1862.3,12.1,128.2,83.1,0.0,0.0,0.0,0,
711314,1862.1,12.3,128.2,143.9,0.0,0.0,0.0,0,
711514,1861.0,11.9,128.2,146.8,0.0,0.0,0.0,0,
711614,1861.3,11.6,128.2,196.7,0.0,0.0,0.0,0,
711714,1862.1,12.3,128.2,199.2,0.0,0.0,0.0,0,
711814,1872.3,105.7,130.0,71.2,0.0,0.0,0.0,0,
711914,1854.2,131.7,129.9,68.1,0.0,0.0,0.0,0,
712014,1856.2,161.8,129.5,67.0,0.0,0.0,0.0,0,
712114,1862.5,177.8,128.6,66.8,0.0,0.0,0.0,0,
712214,1860.2,146.4,128.7,66.9,0.0,0.0,0.0,0,
712314,1875.3,126.0,129.5,66.8,0.0,0.0,0.0,0,
712514,1860.4,12.0,128.9,67.0,0.0,0.0,0.0,0,
712614,1860.9,11.8,128.9,67.1,0.0,0.0,0.0,0,
712714,1861.3,12.2,128.9,67.8,0.0,0.0,0.0,0,
712814,1860.9,11.8,128.9,69.9,0.0,0.0,0.0,0,
712914,1861.2,12.1,128.9,178.7,0.0,0.0,0.0,0,
713014,1862.6,12.8,128.9,197.7,0.0,0.0,0.0,0,
713114,1861.2,11.7,128.9,234.3,0.0,0.0,0.0,0,
713214,1861.7,11.3,128.9,158.6,0.0,0.0,0.0,0,
713314,1861.2,12.5,128.9,145.8,0.0,0.0,0.0,0,
713514,1856.9,166.7,127.5,66.2,0.0,0.0,0.0,0,
713614,1862.6,155.6,126.1,66.6,0.0,0.0,0.0,0,
713714,1876.6,124.5,126.5,66.8,0.0,0.0,0.0,0,
713814,1840.1,151.2,125.5,66.6,0.0,0.0,0.0,0,
713914,1870.3,151.1,124.5,66.6,0.0,0.0,0.0,0,
714014,1855.9,36.2,122.7,66.7,0.0,0.0,0.0,0,
714114,1861.3,13.2,122.7,66.8,0.0,0.0,0.0,0,
714214,1861.5,13.1,122.7,67.3,0.0,0.0,0.0,0,
714314,1861.3,12.1,122.7,71.8,0.0,0.0,0.0,0,
714514,1861.3,12.0,122.7,206.0,0.0,0.0,0.0,0,
714614,1860.8,11.6,122.7,212.1,0.0,0.0,0.0,0,
714714,1860.9,13.0,122.7,201.1,0.0,0.0,0.0,0,
714814,1861.5,12.4,122.7,225.9,0.0,0.0,0.0,0,
714914,1861.6,10.8,122.7,176.7,0.0,0.0,0.0,0,
715014,1853.7,131.8,123.5,78.4,0.0,0.0,0.0,0,
715114,1886.1,116.7,125.3,68.8,0.0,0.0,0.0,0,
715214,1842.8,147.7,127.0,67.3,0.0,0.0,0.0,0,
715314,1857.4,160.4,126.3,66.8,0.0,0.0,0.0,0,
715514,1860.2,132.5,127.3,66.8,0.0,0.0,0.0,0,
715614,1864.4,48.7,127.1,66.7,0.0,0.0,0.0,0,
715714,1861.4,13.5,127.1,67.1,0.0,0.0,0.0,0,
715814,1861.6,12.1,127.1,67.3,0.0,0.0,0.0,0,
715914,1861.8,12.7,127.1,68.2,0.0,0.0,0.0,0,
716014,1861.2,11.6,127.1,69.9,0.0,0.0,0.0,0,
716114,1861.0,11.4,127.1,197.8,0.0,0.0,0.0,0,
716214,1861.8,12.5,127.1,210.7,0.0,0.0,0.0,0,
716314,1861.7,12.6,127.1,144.2,0.0,0.0,0.0,0,
716514,1861.5,12.3,127.1,142.5,0.0,0.0,0.0,0,
716614,1872.9,94.0,127.7,83.9,0.0,0.0,0.0,0,
716714,1853.2,153.8,127.4,67.1,0.0,0.0,0.0,0,
716814,1854.7,187.4,128.2,67.0,0.0,0.0,0.0,0,
716914,1866.7,156.1,128.2,66.9,0.0,0.0,0.0,0,
717014,1870.2,129.5,129.7,66.8,0.0,0.0,0.0,0,
717114,1852.4,144.9,129.7,66.6,0.0,0.0,0.0,0,
717214,1860.3,87.7,131.7,66.8,0.0,0.0,0.0,0,
717314,1858.9,16.2,131.7,66.7,0.0,0.0,0.0,0,
717514,1862.1,12.7,131.7,70.1,0.0,0.0,0.0,0,
717614,1862.2,11.5,131.7,72.7,0.0,0.0,0.0,0,
717714,1861.9,12.0,131.7,116.4,0.0,0.0,0.0,0,
717814,1861.7,12.2,131.7,125.3,0.0,0.0,0.0,0,
717914,1861.5,11.1,131.7,134.3,0.0,0.0,0.0,0,
718014,1861.6,12.3,131.7,153.7,0.0,0.0,0.0,0,
718114,1862.0,13.5,131.7,184.0,0.0,0.0,0.0,0,
718214,1861.5,100.8,131.7,135.3,0.0,0.0,0.0,0,
718314,1859.6,145.0,132.2,69.9,0.0,0.0,0.0,0,
718514,1834.6,143.8,130.5,66.9,0.0,0.0,0.0,0,
718614,1869.8,156.6,129.9,66.8,0.0,0.0,0.0,0,
718714,1855.4,173.2,128.8,66.8,0.0,0.0,0.0,0,
718814,1870.4,132.1,129.4,66.7,0.0,0.0,0.0,0,
718914,1857.3,18.2,128.4,67.0,0.0,0.0,0.0,0,
719014,1861.9,13.4,128.4,67.1,0.0,0.0,0.0,0,
719114,1862.3,11.6,128.4,67.3,0.0,0.0,0.0,0,
719214,1861.8,12.2,128.4,68.6,0.0,0.0,0.0,0,
719314,1861.3,11.8,128.4,75.6,0.0,0.0,0.0,0,
719514,1861.4,12.4,128.4,155.7,0.0,0.0,0.0,0,
719614,1861.5,11.6,128.4,165.4,0.0,0.0,0.0,0,
719714,1861.7,11.7,128.4,159.0,0.0,0.0,0.0,0,
719814,1862.6,13.6,128.4,125.6,0.0,0.0,0.0,0,
719914,1862.7,131.8,128.1,68.4,0.0,0.0,0.0,0,
720014,1854.3,166.8,129.0,67.1,0.0,0.0,0.0,0,
720114,1864.6,177.6,129.7,66.9,0.0,0.0,0.0,0,
720214,1860.6,147.6,129.9,66.7,0.0,0.0,0.0,0,
720314,1877.3,125.4,130.4,66.6,0.0,0.0,0.0,0,
720514,1859.0,24.3,131.0,66.8,0.0,0.0,0.0,0,
720614,1861.3,12.6,131.0,67.0,0.0,0.0,0.0,0,
720714,1862.6,12.0,131.0,68.8,0.0,0.0,0.0,0,
720814,1861.9,11.1,131.0,70.6,0.0,0.0,0.0,0,
720914,1861.6,11.5,131.0,74.1,0.0,0.0,0.0,0,
721014,1861.8,12.2,131.0,143.2,0.0,0.0,0.0,0,
721114,1862.4,11.5,131.0,152.3,0.0,0.0,0.0,0,
721214,1861.9,11.5,131.0,151.7,0.0,0.0,0.0,0,
721314,1861.8,12.3,131.0,145.3,0.0,0.0,0.0,0,
721514,1854.9,140.1,131.2,73.5,0.0,0.0,0.0,0,
721614,1871.0,149.2,129.3,68.7,0.0,0.0,0.0,0,
721714,1872.1,123.2,129.4,67.2,0.0,0.0,0.0,0,
721814,1847.8,146.2,128.6,66.8,0.0,0.0,0.0,0,
721914,1862.8,162.6,127.3,66.9,0.0,0.0,0.0,0,
722014,1853.9,158.7,127.0,66.7,0.0,0.0,0.0,0,
722114,1867.6,30.5,126.1,66.9,0.0,0.0,0.0,0,
722214,1862.6,20.6,126.1,67.0,0.0,0.0,0.0,0,
722314,1860.5,12.4,126.2,67.0,0.0,0.0,0.0,0,
722514,1861.4,11.7,126.2,69.5,0.0,0.0,0.0,0,
722614,1861.6,11.3,126.2,83.4,0.0,0.0,0.0,0,
722714,1861.1,11.4,126.2,185.5,0.0,0.0,0.0,0,
722814,1861.6,11.5,126.2,155.8,0.0,0.0,0.0,0,
722914,1862.0,11.2,126.2,131.7,0.0,0.0,0.0,0,
723014,1861.9,12.2,126.2,142.9,0.0,0.0,0.0,0,
723114,1880.2,87.6,125.3,74.0,0.0,0.0,0.0,0,
723214,1842.6,145.0,124.4,66.9,0.0,0.0,0.0,0,
723314,1866.3,166.7,123.1,66.9,0.0,0.0,0.0,0,
723514,1867.5,138.8,120.0,66.7,0.0,0.0,0.0,0,
723614,1866.9,125.4,118.3,66.8,0.0,0.0,0.0,0,
723714,1852.0,49.7,116.6,67.1,0.0,0.0,0.0,0,
723814,1862.1,14.1,116.6,67.1,0.0,0.0,0.0,0,
723914,1862.1,11.8,116.5,78.7,0.0,0.0,0.0,0,
724014,1861.6,12.3,116.5,85.1,0.0,0.0,0.0,0,
724114,1861.2,12.7,116.5,83.8,0.0,0.0,0.0,0,
724214,1861.9,12.4,116.5,130.5,0.0,0.0,0.0,0,
724314,1862.2,12.4,116.5,144.8,0.0,0.0,0.0,0,
724514,1862.4,11.8,116.6,147.2,0.0,0.0,0.0,0,
724614,1861.8,12.2,116.6,177.9,0.0,0.0,0.0,0,
724714,1861.6,100.3,116.5,101.0,0.0,0.0,0.0,0,
724814,1860.0,163.8,116.6,70.5,0.0,0.0,0.0,0,
724914,1864.4,148.8,117.2,67.7,0.0,0.0,0.0,0,
725014,1867.8,139.9,118.4,66.8,0.0,0.0,0.0,0,
725114,1861.7,154.4,118.5,66.7,0.0,0.0,0.0,0,
725214,1851.4,156.8,119.3,66.7,0.0,0.0,0.0,0,
725314,1864.4,76.6,117.9,66.8,0.0,0.0,0.0,0,
725514,1861.9,12.2,117.9,69.4,0.0,0.0,0.0,0,
725614,1862.2,12.4,117.9,71.1,0.0,0.0,0.0,0,
725714,1861.3,12.1,117.9,76.6,0.0,0.0,0.0,0,
725814,1862.0,12.8,117.9,134.7,0.0,0.0,0.0,0,
725914,1861.4,12.7,117.9,169.0,0.0,0.0,0.0,0,
726014,1861.7,11.6,117.8,164.7,0.0,0.0,0.0,0,
726114,1862.4,13.5,117.9,136.3,0.0,0.0,0.0,0,
726214,1861.9,11.2,117.9,153.9,0.0,0.0,0.0,0,
726314,1863.0,78.2,118.1,175.4,0.0,0.0,0.0,0,
726514,1848.8,152.8,116.7,66.6,0.0,0.0,0.0,0,
726614,1867.0,159.3,114.8,66.7,0.0,0.0,0.0,0,
726714,1849.7,156.2,113.8,66.7,0.0,0.0,0.0,0,
726814,1878.5,134.6,114.7,66.7,0.0,0.0,0.0,0,
726914,1855.2,127.8,114.6,66.9,0.0,0.0,0.0,0,
727014,1857.4,18.8,113.9,66.9,0.0,0.0,0.0,0,
727114,1861.9,13.5,113.9,78.7,0.0,0.0,0.0,0,
727214,1861.7,12.3,113.9,89.0,0.0,0.0,0.0,0,
727314,1862.6,12.6,113.9,85.1,0.0,0.0,0.0,0,
727514,1861.3,12.1,113.9,195.2,0.0,0.0,0.0,0,
727614,1860.8,12.9,113.9,206.3,0.0,0.0,0.0,0,
727714,1861.1,12.1,113.9,214.4,0.0,0.0,0.0,0,
727814,1861.5,12.8,113.9,155.5,0.0,0.0,0.0,0,
727914,1862.7,44.2,113.9,146.2,0.0,0.0,0.0,0,
728014,1860.8,135.9,114.9,72.0,0.0,0.0,0.0,0,
728114,1860.6,160.5,115.2,68.2,0.0,0.0,0.0,0,
728214,1864.7,143.5,117.2,66.9,0.0,0.0,0.0,0,
728314,1866.8,138.8,118.0,66.7,0.0,0.0,0.0,0,
728514,1855.0,151.1,118.5,66.7,0.0,0.0,0.0,0,
728614,1863.8,20.8,117.9,67.0,0.0,0.0,0.0,0,
728714,1861.2,12.7,117.9,68.5,0.0,0.0,0.0,0,
728814,1861.1,12.8,117.9,69.6,0.0,0.0,0.0,0,
728914,1861.3,12.7,117.9,71.7,0.0,0.0,0.0,0,
729014,1861.7,12.4,117.9,80.3,0.0,0.0,0.0,0,
729114,1861.9,13.0,117.9,170.4,0.0,0.0,0.0,0,
729214,1861.9,12.8,117.9,142.4,0.0,0.0,0.0,0,
729314,1861.4,11.7,117.9,123.9,0.0,0.0,0.0,0,
729514,1861.1,13.5,117.9,183.2,0.0,0.0,0.0,0,
729614,1863.7,118.1,118.2,66.5,0.0,0.0,0.0,0,
729714,1865.6,139.5,120.3,66.4,0.0,0.0,0.0,0,
729814,1856.5,164.1,119.6,66.6,0.0,0.0,0.0,0,
729914,1856.5,181.9,120.0,66.6,0.0,0.0,0.0,0,
730014,1858.7,157.3,120.6,66.6,0.0,0.0,0.0,0,
730114,1876.3,134.6,121.8,66.7,0.0,0.0,0.0,0,
730214,1849.1,29.3,121.3,66.7,0.0,0.0,0.0,0,
730314,1860.9,15.5,121.3,67.2,0.0,0.0,0.0,0,
730514,1861.6,12.4,121.3,81.1,0.0,0.0,0.0,0,
730614,1862.3,13.0,121.3,76.6,0.0,0.0,0.0,0,
730714,1861.9,12.5,121.3,140.3,0.0,0.0,0.0,0,
730814,1861.4,12.9,121.3,144.0,0.0,0.0,0.0,0,
730914,1861.4,14.6,121.3,132.8,0.0,0.0,0.0,0,
731014,1862.0,12.8,121.3,133.9,0.0,0.0,0.0,0,
731114,1861.1,11.8,121.3,151.2,0.0,0.0,0.0,0,
731214,1860.7,114.4,121.7,70.3,0.0,0.0,0.0,0,
731314,1868.2,162.5,121.1,67.6,0.0,0.0,0.0,0,
731514,1874.1,144.2,121.2,66.6,0.0,0.0,0.0,0,
731614,1857.4,137.2,119.5,66.7,0.0,0.0,0.0,0,
731714,1862.3,155.1,118.4,66.7,0.0,0.0,0.0,0,
731814,1859.1,41.9,118.3,66.8,0.0,0.0,0.0,0,
731914,1862.1,13.4,118.4,66.9,0.0,0.0,0.0,0,
732014,1861.8,12.8,118.4,67.2,0.0,0.0,0.0,0,
732114,1862.1,11.6,118.4,68.6,0.0,0.0,0.0,0,
732214,1860.5,12.5,118.4,72.0,0.0,0.0,0.0,0,
732314,1861.0,12.3,118.4,115.2,0.0,0.0,0.0,0,
732514,1861.7,13.0,118.4,186.1,0.0,0.0,0.0,0,
732614,1862.0,12.1,118.4,199.2,0.0,0.0,0.0,0,
732714,1861.8,11.5,118.4,187.7,0.0,0.0,0.0,0,
732814,1860.1,120.8,117.8,76.2,0.0,0.0,0.0,0,
732914,1863.3,130.3,119.0,67.1,0.0,0.0,0.0,0,
733014,1866.5,120.7,118.9,66.9,0.0,0.0,0.0,0,
733114,1855.1,146.5,116.5,66.8,0.0,0.0,0.0,0,
733214,1856.5,158.3,116.5,66.6,0.0,0.0,0.0,0,
733314,1864.5,134.4,115.3,66.8,0.0,0.0,0.0,0,
733514,1862.2,14.1,113.8,66.8,0.0,0.0,0.0,0,
733614,1861.0,13.1,113.8,70.9,0.0,0.0,0.0,0,
733714,1861.4,12.2,113.8,81.4,0.0,0.0,0.0,0,
733814,1861.1,10.7,113.8,80.4,0.0,0.0,0.0,0,
733914,1861.9,11.9,113.8,138.3,0.0,0.0,0.0,0,
734014,1861.8,12.1,113.8,136.6,0.0,0.0,0.0,0,
734114,1861.2,12.1,113.8,159.0,0.0,0.0,0.0,0,
734214,1861.2,12.9,113.8,171.6,0.0,0.0,0.0,0,
734314,1860.8,13.9,113.8,132.5,0.0,0.0,0.0,0,
734514,1851.8,120.3,112.4,70.0,0.0,0.0,0.0,0,
734614,1861.4,153.1,111.2,67.2,0.0,0.0,0.0,0,
734714,1853.2,155.1,110.3,66.7,0.0,0.0,0.0,0,
734814,1881.8,134.8,110.9,66.7,0.0,0.0,0.0,0,
734914,1850.5,131.8,110.7,66.8,0.0,0.0,0.0,0,
735014,1866.3,90.2,111.0,66.6,0.0,0.0,0.0,0,
735114,1856.0,16.6,111.0,66.9,0.0,0.0,0.0,0,
735214,1862.1,12.6,111.0,67.1,0.0,0.0,0.0,0,
735314,1861.2,11.9,111.0,68.1,0.0,0.0,0.0,0,
735514,1861.6,11.9,111.0,109.1,0.0,0.0,0.0,0,
735614,1861.2,11.6,111.0,148.5,0.0,0.0,0.0,0,
735714,1861.7,13.2,111.0,117.8,0.0,0.0,0.0,0,
735814,1861.1,14.2,111.0,106.9,0.0,0.0,0.0,0,
735914,1862.8,11.7,111.0,92.8,0.0,0.0,0.0,0,
736014,1863.0,61.7,111.0,104.8,0.0,0.0,0.0,0,
736114,1862.9,134.1,110.8,66.2,0.0,0.0,0.0,0,
736214,1870.2,136.4,114.4,66.2,0.0,0.0,0.0,0,
736314,1857.8,131.5,114.7,66.5,0.0,0.0,0.0,0,
736514,1857.1,147.1,114.5,66.6,0.0,0.0,0.0,0,
736614,1859.7,129.5,113.2,66.7,0.0,0.0,0.0,0,
736714,1866.1,18.9,113.0,66.7,0.0,0.0,0.0,0,
736814,1862.0,12.2,113.0,67.1,0.0,0.0,0.0,0,
736914,1861.2,12.5,113.0,73.2,0.0,0.0,0.0,0,
737014,1861.6,12.8,113.0,77.3,0.0,0.0,0.0,0,
737114,1860.7,12.2,113.0,82.6,0.0,0.0,0.0,0,
737214,1862.8,12.9,113.0,177.4,0.0,0.0,0.0,0,
737314,1862.3,12.6,113.0,208.7,0.0,0.0,0.0,0,
737514,1862.0,11.6,113.0,164.8,0.0,0.0,0.0,0,
737614,1861.7,10.8,113.0,115.2,0.0,0.0,0.0,0,
737714,1870.0,104.4,113.5,71.2,0.0,0.0,0.0,0,
737814,1856.4,151.4,113.2,68.1,0.0,0.0,0.0,0,
737914,1857.9,172.6,113.9,66.9,0.0,0.0,0.0,0,
