Time(ms),Raw_ADC,ENV_Value,RMS,MDF,MW_Amp,MW_Area,MW_Latency,MW_Valid,Marker
0,1861.0,1.7,0.0,0.0,0.0,0.0,0.0,0,
100,1860.7,2.7,0.0,0.0,0.0,0.0,0.0,0,
200,1861.0,1.8,0.0,0.0,0.0,0.0,0.0,0,
300,1849.7,201.3,0.0,0.0,0.0,0.0,0.0,0,
400,1906.1,263.9,0.0,0.0,0.0,0.0,0.0,0,
504,1829.8,29.6,0.0,67.9,0.0,0.0,0.0,0,
604,1854.7,8.7,0.0,68.4,0.0,0.0,0.0,0,
704,1859.4,3.1,0.0,68.7,0.0,0.0,0.0,0,
804,1862.0,1.9,0.0,68.7,0.0,0.0,0.0,0,
904,1860.2,2.2,0.0,69.2,0.0,0.0,0.0,0,
1004,1860.5,2.5,0.0,80.1,0.0,0.0,0.0,0,
1104,1860.0,3.0,0.0,89.6,0.0,0.0,0.0,0,
1204,1858.7,3.7,0.0,99.5,0.0,0.0,0.0,0,
1304,1858.3,3.5,0.0,99.7,0.0,0.0,0.0,0,
1404,1859.0,2.9,0.0,100.8,0.0,0.0,0.0,0,
1504,1859.7,241.0,0.0,69.6,0.0,0.0,0.0,0,
1604,1866.8,229.5,159.4,67.4,0.0,0.0,0.0,0,
1704,1854.0,66.2,173.9,67.6,0.0,0.0,0.0,0,
1805,1858.6,8.1,173.9,68.2,0.0,0.0,0.0,0,
1905,1860.0,4.3,170.4,68.7,0.0,0.0,0.0,0,
2005,1864.0,6.1,147.4,68.8,0.0,0.0,0.0,0,
2105,1868.4,10.1,130.1,69.4,0.0,0.0,0.0,0,
2205,1872.7,9.6,130.1,94.2,0.0,0.0,0.0,0,
2305,1866.5,7.4,130.1,93.8,0.0,0.0,0.0,0,
2405,1862.5,5.5,130.2,100.7,0.0,0.0,0.0,0,
2605,1857.2,4.3,130.2,82.7,0.0,0.0,0.0,0,
2705,1858.9,184.0,139.8,78.1,0.0,0.0,0.0,0,
2805,1850.4,286.4,161.1,70.3,0.0,0.0,0.0,0,
2905,1876.7,91.1,179.6,69.0,0.0,0.0,0.0,0,
3005,1859.9,9.0,179.6,68.8,0.0,0.0,0.0,0,
3105,1855.9,4.8,175.4,72.4,0.0,0.0,0.0,0,
3205,1865.2,6.7,149.4,89.3,0.0,0.0,0.0,0,
3305,1865.0,3.8,124.0,80.8,0.0,0.0,0.0,0,
3405,1862.5,3.1,123.9,90.6,0.0,0.0,0.0,0,
3605,1861.6,2.4,123.9,104.4,0.0,0.0,0.0,0,
3705,1859.8,3.2,123.9,100.4,0.0,0.0,0.0,0,
3805,1858.6,3.8,123.9,100.5,0.0,0.0,0.0,0,
3905,1863.4,198.4,126.5,227.1,0.0,0.0,0.0,0,
4005,1867.4,238.3,156.5,68.7,0.0,0.0,0.0,0,
4105,1856.7,249.1,180.7,67.8,0.0,0.0,0.0,0,
4205,1861.0,293.7,200.4,68.2,0.0,0.0,0.0,0,
4305,1859.9,223.7,215.5,71.0,0.0,0.0,0.0,0,
4405,1892.0,207.5,216.3,99.8,0.0,0.0,0.0,0,
4605,1859.7,19.7,210.6,94.7,0.0,0.0,0.0,0,
4705,1849.3,10.0,210.7,94.3,0.0,0.0,0.0,0,
4805,1856.4,6.7,210.7,94.1,0.0,0.0,0.0,0,
4905,1858.5,5.2,210.7,93.1,0.0,0.0,0.0,0,
5005,1860.4,3.8,210.7,81.4,0.0,0.0,0.0,0,
5105,1859.6,3.7,210.7,94.7,0.0,0.0,0.0,0,
5205,1859.3,3.7,210.7,84.5,0.0,0.0,0.0,0,
5305,1858.7,2.9,210.7,87.3,0.0,0.0,0.0,0,
5405,1859.4,2.7,210.7,99.3,0.0,0.0,0.0,0,
5605,1850.9,268.9,210.2,69.7,0.0,0.0,0.0,0,
5705,1877.3,269.6,209.6,68.5,0.0,0.0,0.0,0,
5805,1885.2,248.4,206.6,68.6,0.0,0.0,0.0,0,
5905,1864.5,186.8,202.2,70.1,0.0,0.0,0.0,0,
6005,1866.0,117.7,196.9,130.3,969.0,5060.0,17.0,1,
6105,1863.6,141.2,189.7,159.0,906.0,4909.0,17.0,1,
6205,1873.0,19.4,188.2,155.4,806.0,4756.0,17.0,1,
6305,1851.0,18.1,188.2,101.7,806.0,4756.0,17.0,1,
6405,1849.2,11.5,188.2,92.9,806.0,4756.0,17.0,1,
6605,1858.1,3.6,188.3,82.7,806.0,4756.0,17.0,1,
6705,1860.0,4.3,188.3,88.0,806.0,4756.0,17.0,1,
6805,1857.9,2.7,188.3,92.7,806.0,4756.0,17.0,1,
6905,1859.6,2.8,188.3,85.8,806.0,4756.0,17.0,1,
7005,1861.0,2.5,188.3,82.9,806.0,4756.0,17.0,1,
7105,1861.0,2.3,188.3,98.7,806.0,4756.0,17.0,1,
7205,1847.0,403.8,194.6,68.9,1117.0,5552.0,26.0,0,
7305,1901.8,207.5,198.1,65.6,1422.0,5903.0,28.0,0,
7405,1840.7,227.0,190.9,40.0,1210.0,4981.0,28.0,0,
7605,1865.9,241.2,187.3,66.8,1450.0,5068.0,28.0,0,
7705,1861.3,245.6,192.4,43.8,1051.0,4338.0,26.0,0,
7805,1880.0,27.2,192.6,41.0,801.0,4867.0,17.0,1,
7905,1849.1,17.2,192.6,35.9,801.0,4867.0,17.0,1,
8005,1858.7,9.4,192.7,36.8,801.0,4867.0,17.0,1,
8105,1851.4,7.3,192.7,55.7,801.0,4867.0,17.0,1,
8205,1858.9,4.4,192.7,68.5,801.0,4867.0,17.0,1,
8305,1860.3,3.5,192.7,93.4,801.0,4867.0,17.0,1,
8405,1860.0,4.2,192.7,99.2,801.0,4867.0,17.0,1,
8605,1859.3,2.6,192.7,101.3,801.0,4867.0,17.0,1,
8705,1860.1,3.7,192.7,105.4,801.0,4867.0,17.0,1,
8805,1881.7,234.8,192.0,66.2,1343.0,7696.0,19.0,1,
8905,1850.3,220.7,176.0,68.1,1408.0,6776.0,18.0,1,
9005,1855.5,133.4,178.2,69.8,1176.0,5728.0,17.0,1,
9105,1862.9,145.7,170.9,80.8,964.0,5525.0,17.0,1,
9205,1882.8,125.3,161.4,93.2,849.0,5289.0,17.0,1,
9305,1868.9,161.9,154.8,90.2,749.0,4799.0,17.0,1,
9405,1862.2,38.7,152.5,69.4,695.0,4767.0,18.0,1,
9605,1852.2,6.7,152.4,89.9,695.0,4767.0,18.0,1,
9705,1857.7,5.4,152.4,91.6,695.0,4767.0,18.0,1,
9805,1859.1,3.3,152.4,80.9,695.0,4767.0,18.0,1,
9905,1859.5,2.4,152.4,99.5,695.0,4767.0,18.0,1,
10005,1862.7,3.3,152.4,102.4,695.0,4767.0,18.0,1,
10105,1859.7,2.6,152.4,106.3,695.0,4767.0,18.0,1,
10205,1860.2,3.5,152.4,101.8,695.0,4767.0,18.0,1,
10305,1862.2,3.2,152.4,92.8,695.0,4767.0,18.0,1,
10405,1860.7,154.2,152.1,67.3,1333.0,6981.0,20.0,1,
10605,1862.2,142.0,145.8,69.8,1087.0,5585.0,17.0,1,
10705,1893.0,142.5,144.7,72.5,858.0,5250.0,17.0,1,
10805,1845.9,135.0,147.4,93.9,846.0,5398.0,16.0,1,
10905,1864.9,95.0,146.9,68.3,712.0,4799.0,17.0,1,
11005,1871.1,51.4,142.7,40.7,669.0,4635.0,17.0,1,
11105,1860.1,9.6,142.7,41.4,669.0,4635.0,17.0,1,
11205,1855.7,11.3,142.7,66.7,669.0,4635.0,17.0,1,
11305,1853.8,13.8,142.7,71.3,669.0,4635.0,17.0,1,
11405,1857.8,5.1,142.7,72.5,669.0,4635.0,17.0,1,
11605,1859.2,3.5,142.7,78.5,669.0,4635.0,17.0,1,
11705,1859.0,3.2,142.7,101.8,669.0,4635.0,17.0,1,
11805,1859.9,3.4,142.7,93.9,669.0,4635.0,17.0,1,
11905,1858.8,2.6,142.7,98.8,669.0,4635.0,17.0,1,
12005,1857.5,124.3,141.7,107.6,669.0,4635.0,17.0,1,
12105,1860.2,224.3,142.3,69.0,1402.0,6714.0,17.0,1,
12205,1891.6,126.8,142.6,69.7,1177.0,5875.0,17.0,1,
12305,1851.3,100.3,147.1,71.1,906.0,5298.0,17.0,1,
12405,1850.2,98.9,144.9,78.3,794.0,4819.0,17.0,1,
12605,1876.0,90.0,141.1,92.8,607.0,4248.0,18.0,1,
12705,1862.9,11.3,140.9,65.7,607.0,4248.0,18.0,1,
12805,1849.8,12.5,140.9,66.7,607.0,4248.0,18.0,1,
12905,1855.5,6.5,140.9,67.1,607.0,4248.0,18.0,1,
13005,1860.6,3.2,140.9,67.1,607.0,4248.0,18.0,1,
13105,1860.0,4.0,140.8,57.4,607.0,4248.0,18.0,1,
13205,1858.3,4.5,140.8,73.8,607.0,4248.0,18.0,1,
13305,1859.1,2.3,140.8,100.2,607.0,4248.0,18.0,1,
13405,1859.8,2.5,140.8,108.7,607.0,4248.0,18.0,1,
13605,1860.5,48.3,140.9,109.9,607.0,4248.0,18.0,1,
13705,1868.4,157.5,143.7,66.7,1301.0,7542.0,18.0,1,
13805,1868.1,153.2,143.8,67.8,1117.0,6303.0,17.0,1,
13905,1861.3,147.4,138.9,68.7,834.0,5469.0,16.0,1,
14005,1858.2,116.4,140.5,68.2,679.0,5073.0,17.0,1,
14105,1893.5,139.9,141.6,66.8,683.0,4887.0,17.0,1,
14206,1857.2,123.2,143.4,38.8,667.0,4565.0,16.0,1,
14306,1865.2,17.0,143.3,38.3,635.0,4290.0,17.0,1,
14406,1849.6,15.0,143.3,39.6,635.0,4290.0,17.0,1,
14606,1855.6,5.1,143.3,69.8,635.0,4290.0,17.0,1,
14706,1859.3,3.7,143.3,71.2,635.0,4290.0,17.0,1,
14806,1859.8,2.7,143.3,77.0,635.0,4290.0,17.0,1,
14906,1860.7,2.3,143.3,101.0,635.0,4290.0,17.0,1,rest_end
15006,1863.8,3.4,143.3,101.3,635.0,4290.0,17.0,1,
15106,1862.5,3.1,143.3,99.9,635.0,4290.0,17.0,1,
15206,1862.6,2.7,143.3,84.9,635.0,4290.0,17.0,1,
15306,1844.9,171.9,140.3,68.6,1219.0,7309.0,19.0,1,
15406,1879.5,207.7,137.4,68.4,1074.0,6426.0,18.0,1,
15606,1877.5,75.5,128.5,69.1,662.0,4823.0,16.0,1,
15706,1863.7,131.9,125.2,76.3,748.0,4725.0,17.0,1,
15806,1845.8,77.2,123.6,93.8,617.0,4189.0,17.0,1,
15906,1880.9,21.3,120.7,79.0,605.0,3859.0,18.0,1,
16006,1857.8,13.8,120.6,53.2,605.0,3859.0,18.0,1,
16106,1849.4,8.3,120.7,65.8,605.0,3859.0,18.0,1,
16206,1857.3,5.0,120.6,65.9,605.0,3859.0,18.0,1,
16306,1858.1,3.5,120.6,65.9,605.0,3859.0,18.0,1,
16406,1860.6,3.0,120.7,99.0,605.0,3859.0,18.0,1,
16606,1859.8,3.2,120.7,70.9,605.0,3859.0,18.0,1,
16706,1859.8,2.2,120.6,83.6,605.0,3859.0,18.0,1,
16806,1860.9,3.6,120.6,84.6,605.0,3859.0,18.0,1,
16906,1844.7,208.3,119.2,68.2,1201.0,6768.0,19.0,1,
17006,1891.8,183.1,122.1,67.9,1043.0,6038.0,18.0,1,
17106,1856.2,106.0,121.4,67.3,775.0,5402.0,17.0,1,
17206,1860.1,83.1,121.4,67.0,710.0,5245.0,16.0,1,
17306,1863.1,132.2,127.5,67.1,666.0,4692.0,16.0,1,
17406,1851.0,109.7,126.5,93.0,623.0,4370.0,17.0,1,
17606,1854.2,17.1,127.4,30.1,623.0,4370.0,17.0,1,
17706,1853.8,9.7,127.4,56.4,623.0,4370.0,17.0,1,
17806,1849.2,10.6,127.5,65.7,623.0,4370.0,17.0,1,
17906,1857.7,4.6,127.5,65.6,623.0,4370.0,17.0,1,
18006,1862.0,2.9,127.5,90.2,623.0,4370.0,17.0,1,
18106,1861.6,2.6,127.5,99.2,623.0,4370.0,17.0,1,
18206,1861.0,2.1,127.4,99.3,623.0,4370.0,17.0,1,
18306,1861.2,2.6,127.4,99.1,623.0,4370.0,17.0,1,
18406,1861.6,2.6,127.4,99.2,623.0,4370.0,17.0,1,
18606,1847.2,142.7,125.6,67.4,1150.0,7072.0,18.0,1,
18706,1863.0,187.0,126.0,67.7,855.0,6103.0,17.0,1,
18806,1875.5,150.8,131.7,67.4,679.0,5385.0,17.0,1,
18906,1875.7,149.7,129.3,67.3,731.0,4945.0,18.0,1,
19006,1871.9,114.1,131.4,39.6,658.0,4460.0,18.0,1,
19106,1869.5,82.6,131.6,36.6,686.0,4348.0,18.0,1,
19206,1850.9,17.8,131.7,38.3,686.0,4348.0,18.0,1,
19306,1845.2,8.8,131.7,40.0,686.0,4348.0,18.0,1,
19406,1856.2,12.5,131.7,55.1,686.0,4348.0,18.0,1,
19606,1858.8,3.0,131.7,67.2,686.0,4348.0,18.0,1,
19706,1860.4,2.3,131.7,100.5,686.0,4348.0,18.0,1,
19806,1860.1,3.0,131.7,112.2,686.0,4348.0,18.0,1,
19906,1860.9,2.9,131.7,108.8,686.0,4348.0,18.0,1,
20006,1859.6,2.5,131.7,105.9,686.0,4348.0,18.0,1,
20106,1860.6,13.0,131.7,101.0,686.0,4348.0,18.0,1,
20206,1858.5,181.3,128.3,67.0,1120.0,7209.0,18.0,1,
20306,1863.0,153.8,127.9,67.1,821.0,5732.0,17.0,1,
20406,1891.1,124.8,122.3,67.0,763.0,5675.0,17.0,1,
20606,1861.6,128.7,117.0,67.3,622.0,4221.0,17.0,1,
20706,1862.7,122.8,118.7,67.1,572.0,3702.0,18.0,1,
20806,1867.5,16.9,118.6,65.6,641.0,3986.0,18.0,1,
20906,1846.2,10.3,118.6,65.6,641.0,3986.0,18.0,1,
21006,1854.5,12.5,118.6,65.6,641.0,3986.0,18.0,1,
21106,1857.5,7.2,118.6,54.1,641.0,3986.0,18.0,1,
21206,1856.8,6.6,118.6,72.4,641.0,3986.0,18.0,1,
21306,1863.6,3.0,118.6,100.2,641.0,3986.0,18.0,1,
21406,1862.1,3.2,118.6,99.6,641.0,3986.0,18.0,1,
21606,1861.7,2.6,118.6,101.3,641.0,3986.0,18.0,1,
21706,1861.2,2.4,118.6,101.6,641.0,3986.0,18.0,1,
21806,1850.3,256.0,122.1,65.7,1057.0,7105.0,18.0,1,
21906,1898.9,122.2,121.3,66.6,847.0,6081.0,17.0,1,
22006,1863.5,98.5,125.2,66.6,668.0,5042.0,18.0,1,
22106,1849.4,212.6,125.0,66.7,614.0,4552.0,17.0,1,
22206,1870.5,127.3,129.4,66.1,549.0,3798.0,17.0,1,
22306,1880.5,147.4,131.1,39.7,482.0,3454.0,18.0,1,
22406,1864.8,25.4,131.8,39.0,540.0,3439.0,18.0,1,
22606,1845.7,10.6,131.9,40.2,540.0,3439.0,18.0,1,
22706,1855.4,7.8,131.9,42.9,540.0,3439.0,18.0,1,
22806,1858.7,3.8,131.9,73.1,540.0,3439.0,18.0,1,
22906,1861.5,3.6,131.9,101.0,540.0,3439.0,18.0,1,
23006,1856.8,4.9,131.9,116.3,540.0,3439.0,18.0,1,
23106,1858.1,3.1,131.9,133.0,540.0,3439.0,18.0,1,
23206,1860.6,3.3,131.9,108.3,540.0,3439.0,18.0,1,
23306,1860.1,3.8,131.9,93.2,540.0,3439.0,18.0,1,
23406,1881.1,198.0,134.5,55.2,1129.0,7290.0,19.0,1,
23606,1864.0,120.4,125.6,66.9,702.0,4661.0,18.0,1,
23706,1856.2,134.1,126.1,66.9,625.0,3855.0,18.0,1,
23806,1887.4,155.3,127.0,67.0,498.0,3484.0,18.0,1,
23906,1871.7,145.9,126.5,47.6,458.0,3132.0,18.0,1,
24006,1859.7,36.5,125.6,36.9,450.0,3011.0,18.0,1,
24106,1857.8,15.5,125.6,38.9,450.0,3011.0,18.0,1,
24206,1853.2,8.2,125.6,42.2,450.0,3011.0,18.0,1,
24306,1853.4,13.0,125.6,42.3,450.0,3011.0,18.0,1,
24406,1855.0,5.9,125.6,55.1,450.0,3011.0,18.0,1,
24606,1862.2,3.2,125.6,91.5,450.0,3011.0,18.0,1,
24706,1860.4,2.8,125.6,83.0,450.0,3011.0,18.0,1,
24806,1861.8,2.2,125.6,101.8,450.0,3011.0,18.0,1,
24906,1861.7,3.1,125.6,123.3,450.0,3011.0,18.0,1,
25006,1852.2,171.9,125.2,55.2,1082.0,6395.0,21.0,1,
25106,1868.1,196.7,123.3,66.0,940.0,6289.0,19.0,1,
25206,1871.1,136.5,123.0,66.5,676.0,4995.0,17.0,1,
25306,1886.5,120.4,122.5,66.7,597.0,4379.0,17.0,1,
25406,1873.5,130.9,121.2,66.8,568.0,3872.0,18.0,1,
25606,1880.8,48.8,116.9,35.7,473.0,3035.0,18.0,1,
25706,1863.0,14.6,116.9,70.3,473.0,3035.0,18.0,1,
25806,1846.3,13.3,116.9,67.2,473.0,3035.0,18.0,1,
25906,1849.1,11.8,116.9,66.0,473.0,3035.0,18.0,1,
26006,1855.7,3.8,116.9,53.9,473.0,3035.0,18.0,1,
26106,1860.1,2.8,116.9,67.1,473.0,3035.0,18.0,1,
26206,1858.9,3.4,116.8,86.3,473.0,3035.0,18.0,1,
26306,1858.4,4.7,116.8,100.5,473.0,3035.0,18.0,1,
26406,1857.7,4.3,116.8,102.4,473.0,3035.0,18.0,1,
26606,1850.6,129.3,116.8,100.3,473.0,3035.0,18.0,1,
26706,1878.0,204.9,116.9,65.8,924.0,6204.0,19.0,1,
26806,1875.9,158.1,117.6,66.3,766.0,5385.0,18.0,1,
26906,1865.5,135.6,119.5,66.5,615.0,4420.0,18.0,1,
27006,1862.2,157.0,117.1,66.6,558.0,3882.0,17.0,1,
27106,1858.9,118.0,117.5,65.7,504.0,3420.0,19.0,1,
27206,1884.9,93.2,119.1,46.3,523.0,3474.0,19.0,1,
27306,1865.8,12.4,119.2,51.5,523.0,3474.0,19.0,1,
27406,1849.0,11.5,119.2,66.1,523.0,3474.0,19.0,1,
27606,1853.9,10.0,119.2,67.6,523.0,3474.0,19.0,1,
27706,1856.4,3.3,119.2,82.6,523.0,3474.0,19.0,1,
27806,1861.3,2.6,119.2,78.8,523.0,3474.0,19.0,1,
27906,1860.0,3.9,119.2,82.4,523.0,3474.0,19.0,1,
28006,1860.0,2.6,119.2,99.6,523.0,3474.0,19.0,1,
28106,1860.2,2.6,119.2,122.6,523.0,3474.0,19.0,1,
28206,1859.7,4.3,119.3,114.1,523.0,3474.0,19.0,1,
28306,1867.2,185.9,117.6,55.7,960.0,6353.0,18.0,1,
28406,1852.0,145.3,116.4,65.8,732.0,5099.0,18.0,1,
28606,1867.5,146.7,114.2,66.6,576.0,3971.0,17.0,1,
28706,1885.2,109.8,112.6,66.7,518.0,3334.0,18.0,1,
28806,1875.3,60.0,110.4,65.8,467.0,3351.0,19.0,1,
28906,1855.0,13.3,110.2,77.2,525.0,3243.0,19.0,1,
29006,1850.5,15.4,110.2,81.4,525.0,3243.0,19.0,1,
29106,1849.2,8.9,110.2,67.4,525.0,3243.0,19.0,1,
29206,1855.2,6.1,110.2,66.8,525.0,3243.0,19.0,1,
29306,1858.1,2.9,110.2,70.3,525.0,3243.0,19.0,1,
29406,1861.9,2.9,110.2,91.3,525.0,3243.0,19.0,1,
29606,1859.5,3.8,110.2,113.8,525.0,3243.0,19.0,1,
29706,1859.6,3.7,110.2,100.3,525.0,3243.0,19.0,1,
29806,1859.4,3.8,110.2,90.8,525.0,3243.0,19.0,1,
29906,1844.0,199.5,110.6,53.2,954.0,6161.0,20.0,1,
30006,1867.6,164.9,109.3,56.6,830.0,5458.0,18.0,1,
30106,1894.5,153.2,110.4,66.2,659.0,4741.0,18.0,1,
30206,1867.5,110.2,111.5,66.6,605.0,3950.0,18.0,1,
30306,1878.5,98.0,109.8,66.3,511.0,3462.0,18.0,1,
30406,1856.5,80.2,108.6,50.3,518.0,3481.0,18.0,1,
30606,1861.9,14.0,108.6,92.8,518.0,3481.0,18.0,1,
30706,1850.5,8.8,108.6,67.1,518.0,3481.0,18.0,1,
30806,1849.2,7.3,108.6,66.7,518.0,3481.0,18.0,1,
30906,1855.8,4.4,108.6,70.6,518.0,3481.0,18.0,1,
31006,1860.5,2.4,108.6,103.7,518.0,3481.0,18.0,1,
31106,1859.7,3.3,108.6,93.7,518.0,3481.0,18.0,1,
31206,1858.3,3.7,108.6,94.6,518.0,3481.0,18.0,1,
31306,1858.9,3.6,108.6,110.2,518.0,3481.0,18.0,1,
31406,1858.2,3.3,108.6,132.6,518.0,3481.0,18.0,1,
31606,1895.6,158.8,109.3,54.8,822.0,5446.0,18.0,1,
31706,1866.0,160.9,108.8,65.9,624.0,4444.0,17.0,1,
31806,1850.1,186.7,109.6,66.3,606.0,3985.0,18.0,1,
31906,1874.0,100.9,112.5,66.6,562.0,3624.0,19.0,1,
32006,1861.2,120.9,113.9,65.9,520.0,3528.0,19.0,1,
32106,1881.0,32.2,114.0,66.9,459.0,3200.0,19.0,1,
32206,1864.3,5.4,114.1,79.0,459.0,3200.0,19.0,1,
32306,1852.3,9.9,114.1,67.1,459.0,3200.0,19.0,1,
32406,1857.3,4.7,114.1,67.0,459.0,3200.0,19.0,1,
32606,1858.6,2.6,114.1,77.8,459.0,3200.0,19.0,1,
32706,1860.6,2.9,114.1,102.7,459.0,3200.0,19.0,1,
32806,1863.9,3.0,114.1,113.2,459.0,3200.0,19.0,1,
32906,1859.9,3.6,114.2,116.9,459.0,3200.0,19.0,1,
33006,1856.1,8.4,114.1,116.5,459.0,3200.0,19.0,1,
33106,1867.1,171.0,113.9,76.7,992.0,5504.0,21.0,1,
33206,1855.8,141.4,112.5,45.0,811.0,5075.0,19.0,1,
33306,1849.6,136.3,112.4,65.5,650.0,4150.0,18.0,1,
33406,1863.3,149.8,118.2,66.2,481.0,3457.0,18.0,1,
33606,1868.2,57.7,120.0,35.9,448.0,3206.0,19.0,1,
33706,1868.3,53.2,118.0,29.4,441.0,3159.0,20.0,1,
33806,1857.0,9.7,118.0,38.7,441.0,3159.0,20.0,1,
33906,1850.2,16.0,118.1,66.3,441.0,3159.0,20.0,1,
34006,1849.3,8.4,118.1,66.4,441.0,3159.0,20.0,1,
34106,1854.9,5.8,118.1,66.4,441.0,3159.0,20.0,1,
34206,1858.2,3.7,118.1,73.6,441.0,3159.0,20.0,1,
34306,1859.7,2.7,118.1,90.4,441.0,3159.0,20.0,1,
34406,1860.2,2.9,118.1,109.7,441.0,3159.0,20.0,1,
34606,1861.4,2.7,118.1,107.5,441.0,3159.0,20.0,1,
34706,1860.5,28.5,118.1,107.8,441.0,3159.0,20.0,1,
34806,1858.3,265.9,124.3,38.1,870.0,5237.0,20.0,1,
34906,1867.4,196.7,127.6,37.7,641.0,4963.0,18.0,1,
35006,1891.4,161.6,123.1,38.8,727.0,4676.0,18.0,1,
35106,1877.3,100.3,121.2,44.2,614.0,4210.0,20.0,1,
35206,1855.7,139.0,121.2,39.9,579.0,3869.0,20.0,1,
35306,1862.9,86.6,123.0,40.4,584.0,3692.0,20.0,1,
35406,1869.6,10.5,123.1,83.9,514.0,3352.0,20.0,1,
35606,1860.8,4.1,123.2,66.7,514.0,3352.0,20.0,1,
35706,1857.5,6.1,123.2,66.9,514.0,3352.0,20.0,1,
35806,1857.0,7.3,123.2,76.9,514.0,3352.0,20.0,1,
35906,1855.7,6.1,123.2,85.0,514.0,3352.0,20.0,1,
36006,1854.8,6.7,123.1,90.5,514.0,3352.0,20.0,1,
36106,1857.7,4.1,123.1,99.7,514.0,3352.0,20.0,1,
36206,1858.9,4.1,123.1,99.8,514.0,3352.0,20.0,1,
36306,1857.7,8.3,123.1,99.9,514.0,3352.0,20.0,1,
36406,1863.9,280.4,125.4,35.9,872.0,6084.0,21.0,1,
36606,1865.3,200.8,127.1,37.3,595.0,4450.0,14.0,1,
36706,1855.2,115.2,123.3,65.7,633.0,4236.0,19.0,1,
36807,1852.5,81.1,123.5,66.5,527.0,3616.0,20.0,1,
36907,1883.7,72.0,121.6,67.0,474.0,3452.0,20.0,1,
37007,1860.4,17.0,121.4,93.5,488.0,3499.0,21.0,1,
37107,1850.5,12.7,121.4,88.8,488.0,3499.0,21.0,1,
37207,1857.3,6.3,121.4,65.7,488.0,3499.0,21.0,1,
37307,1862.2,4.9,121.4,47.6,488.0,3499.0,21.0,1,
37407,1862.9,4.6,121.5,65.8,488.0,3499.0,21.0,1,
37607,1859.9,3.1,121.6,101.8,488.0,3499.0,21.0,1,
37707,1859.2,3.0,121.6,122.5,488.0,3499.0,21.0,1,
37807,1860.3,3.0,121.6,114.4,488.0,3499.0,21.0,1,
37907,1861.2,4.1,121.6,102.7,488.0,3499.0,21.0,1,
38007,1886.0,353.9,126.1,35.0,1365.0,6145.0,22.0,1,
38107,1841.7,287.6,135.9,35.3,728.0,5021.0,20.0,1,
38207,1863.0,198.5,137.5,35.6,597.0,4328.0,20.0,1,
38307,1860.7,150.5,138.0,36.6,510.0,3855.0,19.0,1,
38407,1874.9,72.6,138.0,67.0,652.0,4314.0,14.0,1,
38607,1839.6,30.0,138.6,93.4,524.0,3738.0,15.0,1,
38707,1856.2,12.3,138.6,93.0,524.0,3738.0,15.0,1,
38807,1856.4,5.8,138.6,65.5,524.0,3738.0,15.0,1,
38907,1868.8,8.0,138.7,39.6,524.0,3738.0,15.0,1,
39007,1865.3,4.9,138.7,42.5,524.0,3738.0,15.0,1,
39107,1856.9,6.0,138.7,91.9,524.0,3738.0,15.0,1,
39207,1856.6,4.6,138.6,89.5,524.0,3738.0,15.0,1,
39307,1857.5,5.8,138.6,102.2,524.0,3738.0,15.0,1,
39407,1857.9,3.6,138.6,109.9,524.0,3738.0,15.0,1,
39607,1852.4,274.1,138.1,46.2,905.0,5398.0,22.0,1,
39707,1863.2,281.6,137.1,35.4,1594.0,7317.0,23.0,1,
39807,1878.9,201.0,136.0,35.6,595.0,4784.0,15.0,1,
39907,1875.3,153.9,136.0,36.2,625.0,4828.0,20.0,1,
40007,1873.2,91.6,136.5,66.0,651.0,4413.0,14.0,1,
40107,1861.9,95.8,136.7,78.7,595.0,4241.0,14.0,1,
40207,1863.5,54.7,137.4,67.2,528.0,3680.0,14.0,1,
40307,1862.0,12.1,137.4,77.5,528.0,3680.0,14.0,1,
40407,1846.0,13.3,137.4,65.6,528.0,3680.0,14.0,1,
40607,1860.5,6.0,137.3,42.7,528.0,3680.0,14.0,1,
40707,1867.5,4.6,137.3,84.2,528.0,3680.0,14.0,1,
40807,1861.4,3.2,137.4,91.7,528.0,3680.0,14.0,1,
40907,1862.3,3.2,137.4,122.3,528.0,3680.0,14.0,1,
41007,1862.7,2.8,137.4,124.3,528.0,3680.0,14.0,1,
41107,1862.2,4.6,137.5,133.4,528.0,3680.0,14.0,1,
41207,1852.5,128.5,137.5,106.5,816.0,4716.0,17.0,1,
41307,1889.3,264.1,126.5,35.3,785.0,4992.0,20.0,1,
41407,1874.9,236.4,127.8,35.2,677.0,4805.0,20.0,1,
41607,1855.5,148.8,130.1,65.7,889.0,5144.0,21.0,1,
41707,1850.6,90.9,129.8,66.4,852.0,5082.0,4.0,1,
41807,1880.9,93.8,130.5,39.7,635.0,4215.0,15.0,1,
41907,1861.5,13.5,130.5,44.4,635.0,4215.0,15.0,1,
42007,1846.7,10.6,130.5,48.1,635.0,4215.0,15.0,1,
42107,1857.0,7.9,130.5,41.1,635.0,4215.0,15.0,1,
42207,1855.4,4.2,130.5,36.0,635.0,4215.0,15.0,1,
42307,1862.3,3.7,130.4,73.4,635.0,4215.0,15.0,1,
42407,1863.8,3.3,130.4,117.0,635.0,4215.0,15.0,1,
42607,1865.1,4.2,130.5,99.1,635.0,4215.0,15.0,1,
42707,1861.1,2.7,130.5,99.6,635.0,4215.0,15.0,1,
42807,1862.4,2.7,130.5,100.6,635.0,4215.0,15.0,1,
42907,1888.2,230.6,131.0,34.7,892.0,6986.0,16.0,1,
43007,1822.3,320.3,132.3,34.8,797.0,5444.0,15.0,1,
43107,1865.3,151.3,137.3,35.1,867.0,5244.0,14.0,1,
43207,1871.0,166.6,134.3,35.5,1020.0,5472.0,15.0,1,
43307,1866.9,168.4,138.8,37.5,819.0,5083.0,5.0,1,
43407,1877.4,165.4,143.2,38.6,943.0,4854.0,5.0,1,
43607,1873.4,12.1,143.9,35.2,943.0,4854.0,5.0,1,
43707,1871.0,9.9,144.0,35.9,943.0,4854.0,5.0,1,
43807,1872.3,16.5,144.1,35.1,943.0,4854.0,5.0,1,
43907,1865.9,10.2,144.2,35.8,943.0,4854.0,5.0,1,
44007,1849.1,14.1,144.1,101.7,943.0,4854.0,5.0,1,
44107,1855.0,4.3,144.1,102.0,943.0,4854.0,5.0,1,
44207,1862.2,4.3,144.1,92.6,943.0,4854.0,5.0,1,
44307,1859.3,3.1,144.1,100.1,943.0,4854.0,5.0,1,
44407,1861.2,3.5,144.1,100.6,943.0,4854.0,5.0,1,
44607,1863.2,253.2,143.4,37.1,562.0,4883.0,20.0,1,
44707,1901.6,188.8,140.3,38.7,763.0,5012.0,20.0,1,
44807,1865.6,69.4,137.5,38.4,833.0,5019.0,21.0,1,
44907,1861.5,98.5,134.5,36.8,703.0,4588.0,15.0,1,
45007,1858.4,243.9,136.4,43.9,699.0,4160.0,14.0,1,
45107,1863.7,33.2,139.0,39.1,635.0,4134.0,5.0,1,
45207,1853.2,19.9,139.1,28.3,635.0,4134.0,5.0,1,
45307,1851.1,9.5,139.1,27.6,635.0,4134.0,5.0,1,
45407,1856.3,5.1,139.2,28.0,635.0,4134.0,5.0,1,
45607,1859.4,2.7,139.1,101.4,635.0,4134.0,5.0,1,
45707,1860.7,2.6,139.0,115.3,635.0,4134.0,5.0,1,
45807,1860.5,2.2,139.0,116.8,635.0,4134.0,5.0,1,
45907,1860.4,2.9,139.0,106.3,635.0,4134.0,5.0,1,
46007,1859.9,2.9,139.0,100.0,635.0,4134.0,5.0,1,
46107,1846.8,260.1,138.5,34.6,790.0,5065.0,22.0,1,
46207,1895.8,293.7,145.5,34.8,709.0,4748.0,20.0,1,
46307,1868.5,195.2,147.0,35.3,482.0,3810.0,19.0,1,
46407,1843.1,100.9,144.5,35.7,592.0,4160.0,14.0,1,
46607,1869.8,141.0,138.6,39.3,609.0,3937.0,15.0,1,
46707,1869.3,45.7,135.1,65.6,529.0,3449.0,15.0,1,
46807,1859.4,9.7,135.1,41.5,529.0,3449.0,15.0,1,
46907,1852.8,6.0,135.0,39.5,529.0,3449.0,15.0,1,
47007,1858.8,2.6,135.0,30.1,529.0,3449.0,15.0,1,
47107,1860.0,3.7,135.0,30.2,529.0,3449.0,15.0,1,
47207,1858.0,3.6,135.0,100.9,529.0,3449.0,15.0,1,
47307,1859.0,2.1,135.0,100.8,529.0,3449.0,15.0,1,
47407,1860.3,2.3,135.0,101.0,529.0,3449.0,15.0,1,
47607,1860.2,2.0,135.0,87.5,529.0,3449.0,15.0,1,
47707,1874.5,207.4,134.6,55.9,728.0,5299.0,22.0,1,
47807,1855.4,263.2,126.4,34.8,730.0,5678.0,20.0,1,
47907,1847.1,192.9,124.3,35.2,650.0,4663.0,20.0,1,
48007,1856.9,112.2,124.6,35.7,573.0,4157.0,21.0,1,
48107,1888.2,73.6,124.0,35.8,615.0,4000.0,15.0,1,
48207,1858.8,221.2,123.9,38.3,585.0,3755.0,15.0,1,
48307,1871.9,78.9,127.6,49.9,489.0,3334.0,14.0,1,
48407,1855.9,12.7,127.6,40.0,489.0,3334.0,14.0,1,
48607,1853.4,8.1,127.7,29.4,489.0,3334.0,14.0,1,
48707,1856.0,5.7,127.7,34.8,489.0,3334.0,14.0,1,
48807,1856.7,4.7,127.7,67.4,489.0,3334.0,14.0,1,
48907,1858.1,3.6,127.7,115.3,489.0,3334.0,14.0,1,
49007,1859.2,3.0,127.7,101.7,489.0,3334.0,14.0,1,
49107,1859.7,2.4,127.7,100.1,489.0,3334.0,14.0,1,
49207,1859.9,3.0,127.7,104.5,489.0,3334.0,14.0,1,
49307,1845.8,52.7,127.7,123.5,489.0,3334.0,14.0,1,
49407,1875.2,195.2,125.5,36.1,739.0,5511.0,20.0,1,
49607,1883.8,106.6,123.5,37.7,649.0,4256.0,20.0,1,
49707,1865.0,75.8,123.4,35.3,693.0,4370.0,14.0,1,
49807,1842.8,105.6,123.4,35.6,640.0,4132.0,15.0,1,
49907,1875.4,123.0,123.7,38.7,654.0,3854.0,6.0,1,
50007,1875.8,11.2,123.7,39.3,678.0,3881.0,5.0,1,
50107,1855.8,13.5,123.7,30.2,678.0,3881.0,5.0,1,
50207,1852.8,4.6,123.7,29.0,678.0,3881.0,5.0,1,
50307,1859.2,3.1,123.6,29.9,678.0,3881.0,5.0,1,
50407,1858.4,2.9,123.6,41.3,678.0,3881.0,5.0,1,
50607,1862.3,3.4,123.6,99.0,678.0,3881.0,5.0,1,
50707,1862.6,2.6,123.6,100.0,678.0,3881.0,5.0,1,
50807,1862.6,2.3,123.6,99.0,678.0,3881.0,5.0,1,
50907,1861.6,2.2,123.6,99.2,678.0,3881.0,5.0,1,
51007,1862.9,194.0,123.0,35.9,730.0,5602.0,20.0,1,
51107,1876.5,242.9,123.1,36.0,659.0,4730.0,20.0,1,
51207,1867.8,152.1,126.9,37.0,660.0,4218.0,20.0,1,
51307,1842.9,99.8,126.6,35.6,742.0,4421.0,15.0,1,
51407,1848.7,99.2,126.5,35.0,662.0,4261.0,15.0,1,
51607,1854.9,17.6,118.8,66.4,800.0,3917.0,5.0,1,
51707,1853.0,10.1,118.8,34.9,800.0,3917.0,5.0,1,
51807,1857.7,3.7,118.8,34.8,800.0,3917.0,5.0,1,
51907,1860.8,3.6,118.8,35.2,800.0,3917.0,5.0,1,
52007,1860.8,3.0,118.8,39.3,800.0,3917.0,5.0,1,
52107,1861.8,3.6,118.8,123.2,800.0,3917.0,5.0,1,
52207,1863.7,3.9,118.8,125.2,800.0,3917.0,5.0,1,
52307,1863.9,3.8,118.8,109.7,800.0,3917.0,5.0,1,
52407,1864.3,7.8,118.8,101.9,800.0,3917.0,5.0,1,
52607,1878.4,298.4,120.0,30.1,689.0,4557.0,17.0,1,
52707,1833.4,267.7,130.7,34.2,557.0,4308.0,15.0,1,
52807,1874.6,130.6,124.0,34.8,516.0,4231.0,15.0,1,
52907,1853.0,108.5,121.2,35.8,540.0,3617.0,15.0,1,
53007,1882.6,135.6,123.1,39.6,482.0,3049.0,15.0,1,
53107,1859.6,122.2,125.6,74.7,591.0,3074.0,5.0,1,
53207,1858.0,29.5,124.8,54.0,448.0,2666.0,15.0,1,
53307,1857.3,9.8,124.8,35.2,448.0,2666.0,15.0,1,
53407,1856.9,9.8,124.8,35.7,448.0,2666.0,15.0,1,
53607,1858.2,4.3,124.8,46.4,448.0,2666.0,15.0,1,
53707,1858.9,3.9,124.8,102.4,448.0,2666.0,15.0,1,
53807,1859.5,3.7,124.8,103.9,448.0,2666.0,15.0,1,
53907,1859.8,2.9,124.8,108.6,448.0,2666.0,15.0,1,
54007,1861.7,3.4,124.8,109.8,448.0,2666.0,15.0,1,
54107,1860.8,2.6,124.7,108.7,448.0,2666.0,15.0,1,
54207,1840.6,252.4,124.9,45.0,721.0,4505.0,18.0,1,
54307,1865.0,261.1,123.3,30.1,611.0,4308.0,16.0,1,
54407,1871.1,129.7,122.8,30.3,533.0,3983.0,15.0,1,
54607,1865.3,150.4,127.6,36.2,417.0,2872.0,17.0,1,
54707,1836.3,91.3,125.9,40.9,365.0,2484.0,16.0,1,
54807,1874.1,37.0,123.7,30.1,296.0,2133.0,16.0,1,
54907,1866.5,6.3,123.8,35.2,296.0,2133.0,16.0,1,
55007,1860.3,6.5,123.8,51.1,296.0,2133.0,16.0,1,
55107,1864.1,3.2,123.8,42.7,296.0,2133.0,16.0,1,
55207,1862.0,2.9,123.8,44.3,296.0,2133.0,16.0,1,
55307,1863.0,4.4,123.8,91.5,296.0,2133.0,16.0,1,
55407,1861.3,3.1,123.8,93.0,296.0,2133.0,16.0,1,
55607,1858.9,4.1,123.8,113.0,296.0,2133.0,16.0,1,
55707,1858.5,6.1,123.8,114.0,296.0,2133.0,16.0,1,
55807,1841.9,133.4,123.8,100.4,617.0,4112.0,18.0,1,
55907,1878.9,253.7,120.3,30.0,621.0,4150.0,16.0,1,
56007,1860.8,225.5,117.4,30.0,611.0,4318.0,16.0,1,
56107,1841.3,142.0,121.4,30.3,558.0,4015.0,16.0,1,
56207,1870.6,150.7,120.5,35.6,526.0,3307.0,16.0,1,
56307,1847.2,119.1,120.3,38.6,336.0,2355.0,17.0,1,
56407,1872.7,102.5,131.0,38.3,333.0,2182.0,16.0,1,
56607,1862.4,6.0,131.0,28.1,333.0,2182.0,16.0,1,
56707,1864.6,4.1,131.0,27.7,333.0,2182.0,16.0,1,
56807,1861.5,2.6,131.0,28.2,333.0,2182.0,16.0,1,
56907,1861.4,2.1,131.0,84.0,333.0,2182.0,16.0,1,
57007,1861.0,2.7,131.0,134.0,333.0,2182.0,16.0,1,
57107,1860.9,2.1,131.0,109.3,333.0,2182.0,16.0,1,
57207,1861.3,2.0,131.0,99.9,333.0,2182.0,16.0,1,
57307,1859.2,3.9,131.0,123.0,333.0,2182.0,16.0,1,
57407,1859.0,4.6,130.9,111.4,333.0,2182.0,16.0,1,
57607,1828.5,245.9,128.3,30.2,625.0,4272.0,16.0,1,
57707,1859.5,121.4,126.7,30.2,440.0,3762.0,15.0,1,
57807,1875.3,117.1,124.1,34.7,406.0,3090.0,17.0,1,
57907,1857.7,181.4,122.3,39.8,308.0,2178.0,17.0,1,
58007,1870.5,62.4,115.9,39.2,302.0,2094.0,16.0,1,
58107,1850.0,13.9,115.7,36.9,287.0,2004.0,17.0,1,
58207,1863.0,6.4,115.7,34.5,287.0,2004.0,17.0,1,
58307,1862.8,3.3,115.7,34.7,287.0,2004.0,17.0,1,
58407,1861.2,5.1,115.7,35.8,287.0,2004.0,17.0,1,
58607,1861.8,2.8,115.7,103.9,287.0,2004.0,17.0,1,
58707,1861.6,5.0,115.7,98.8,287.0,2004.0,17.0,1,
58807,1860.4,3.2,115.7,99.2,287.0,2004.0,17.0,1,
58907,1860.9,2.1,115.7,87.3,287.0,2004.0,17.0,1,
59007,1861.0,4.9,115.8,98.7,287.0,2004.0,17.0,1,
59107,1860.0,269.9,116.9,35.8,1530.0,5810.0,25.0,0,
59207,1845.3,216.9,125.2,30.1,646.0,4310.0,16.0,1,
59307,1881.1,104.0,121.4,30.1,464.0,4180.0,15.0,1,
59407,1865.9,138.9,120.9,34.4,494.0,3499.0,16.0,1,
59607,1863.2,64.8,118.1,50.7,372.0,2433.0,16.0,1,
59707,1861.5,16.1,118.0,30.1,341.0,2202.0,15.0,1,
59807,1865.3,5.6,118.0,35.1,341.0,2202.0,15.0,1,
59907,1866.0,6.2,118.0,38.3,341.0,2202.0,15.0,1,
60007,1861.5,3.8,118.0,38.3,341.0,2202.0,15.0,1,
60107,1861.6,3.1,118.0,66.0,341.0,2202.0,15.0,1,
60207,1860.9,2.6,118.0,111.1,341.0,2202.0,15.0,1,
60307,1861.5,3.7,118.0,124.9,341.0,2202.0,15.0,1,
60407,1862.1,3.6,118.0,125.8,341.0,2202.0,15.0,1,
60607,1861.6,3.5,118.0,99.5,341.0,2202.0,15.0,1,
60707,1857.5,203.4,117.0,38.6,1539.0,5776.0,25.0,0,
60807,1871.1,236.1,108.1,36.0,706.0,4697.0,23.0,1,
60907,1868.5,188.5,118.4,35.7,521.0,4119.0,23.0,1,
61007,1843.1,156.5,119.7,35.3,477.0,3679.0,16.0,1,
61107,1847.8,125.4,122.3,35.2,380.0,2749.0,16.0,1,
61207,1871.5,122.0,125.2,30.2,324.0,2278.0,16.0,1,
61307,1854.3,30.3,125.2,37.2,341.0,2228.0,17.0,1,
61407,1863.9,5.9,125.2,36.8,341.0,2228.0,17.0,1,
61607,1862.8,3.2,125.2,35.2,341.0,2228.0,17.0,1,
61707,1861.8,2.9,125.2,36.9,341.0,2228.0,17.0,1,
61807,1862.0,3.3,125.2,105.3,341.0,2228.0,17.0,1,
61907,1861.5,3.0,125.1,133.4,341.0,2228.0,17.0,1,
62007,1861.8,2.6,125.1,132.2,341.0,2228.0,17.0,1,
62107,1860.8,2.8,125.1,114.4,341.0,2228.0,17.0,1,
62207,1861.0,2.8,125.1,102.5,341.0,2228.0,17.0,1,
62307,1884.8,201.3,131.1,38.2,768.0,4571.0,23.0,1,
62407,1836.5,271.1,130.6,47.5,720.0,4545.0,23.0,1,
62607,1850.4,128.4,121.3,40.6,617.0,4035.0,15.0,1,
62707,1874.7,124.3,117.9,35.6,409.0,3179.0,16.0,1,
62807,1872.4,60.3,120.4,68.3,382.0,2548.0,17.0,1,
62907,1850.5,41.5,115.3,40.9,326.0,2123.0,17.0,1,
63007,1856.4,7.4,115.3,34.5,326.0,2123.0,17.0,1,
63107,1866.7,6.3,115.3,38.0,326.0,2123.0,17.0,1,
63207,1863.8,3.2,115.3,40.8,326.0,2123.0,17.0,1,
63307,1861.5,3.2,115.3,37.9,326.0,2123.0,17.0,1,
63407,1860.9,2.5,115.3,90.5,326.0,2123.0,17.0,1,
63607,1861.0,2.8,115.3,113.0,326.0,2123.0,17.0,1,
63707,1861.4,4.7,115.3,100.1,326.0,2123.0,17.0,1,
63807,1859.9,4.0,115.3,92.5,326.0,2123.0,17.0,1,
63907,1855.5,92.7,114.0,94.3,326.0,2123.0,17.0,1,
64007,1863.0,278.5,118.4,30.1,752.0,4514.0,23.0,1,
64107,1873.6,167.2,116.3,29.9,662.0,4315.0,17.0,1,
64207,1863.3,208.7,117.0,30.3,517.0,4042.0,16.0,1,
64307,1877.2,144.4,123.6,35.2,521.0,3529.0,16.0,1,
64407,1850.2,230.0,128.9,39.8,378.0,2665.0,16.0,1,
64607,1870.3,8.5,132.8,28.4,378.0,2665.0,16.0,1,
64707,1859.6,6.2,132.8,28.2,378.0,2665.0,16.0,1,
64807,1866.4,4.1,132.8,29.9,378.0,2665.0,16.0,1,
64907,1861.5,3.0,132.8,35.5,378.0,2665.0,16.0,1,
65007,1859.8,2.6,132.8,86.8,378.0,2665.0,16.0,1,
65107,1861.0,3.0,132.8,139.6,378.0,2665.0,16.0,1,
65207,1861.1,2.8,132.8,140.8,378.0,2665.0,16.0,1,
65307,1862.0,3.3,132.8,123.9,378.0,2665.0,16.0,1,
65407,1861.5,3.3,132.8,111.9,378.0,2665.0,16.0,1,
65607,1866.5,275.3,131.3,27.1,743.0,4607.0,23.0,1,
65707,1875.6,257.8,131.2,28.6,591.0,4194.0,15.0,1,
65807,1847.0,227.0,134.4,29.5,479.0,4102.0,16.0,1,
65907,1860.7,142.9,133.9,34.6,601.0,3623.0,16.0,1,
66007,1865.0,116.7,133.0,36.2,373.0,2980.0,17.0,1,
66107,1850.3,49.4,127.1,34.3,343.0,2197.0,16.0,1,
66207,1861.4,10.8,127.0,29.9,366.0,2143.0,16.0,1,
66307,1871.3,23.7,127.3,29.9,366.0,2143.0,16.0,1,
66407,1857.0,8.0,127.6,38.6,366.0,2143.0,16.0,1,
66607,1861.4,25.1,127.6,55.9,366.0,2143.0,16.0,1,
66707,1862.5,7.9,128.1,55.6,366.0,2143.0,16.0,1,
66807,1861.6,3.1,128.1,55.4,366.0,2143.0,16.0,1,
66907,1861.4,25.6,128.1,55.5,366.0,2143.0,16.0,1,
67007,1862.0,8.9,128.6,54.7,366.0,2143.0,16.0,1,
67107,1862.0,3.1,128.6,66.0,366.0,2143.0,16.0,1,
67207,1888.9,258.1,125.5,43.4,761.0,4631.0,24.0,1,
67307,1838.0,237.6,125.7,34.2,614.0,4316.0,22.0,1,
67407,1847.6,139.7,121.9,30.1,479.0,4065.0,16.0,1,
67607,1864.8,86.6,113.6,37.2,413.0,2856.0,17.0,1,
67707,1866.5,46.2,112.7,40.0,378.0,2390.0,16.0,1,
67807,1853.2,21.8,112.9,35.5,320.0,1978.0,16.0,1,
67907,1860.5,6.0,112.9,38.4,320.0,1978.0,16.0,1,
68007,1862.9,4.4,112.2,36.3,320.0,1978.0,16.0,1,
68107,1864.0,3.4,112.2,34.4,320.0,1978.0,16.0,1,
68207,1862.0,3.2,112.2,35.4,320.0,1978.0,16.0,1,
68307,1862.5,2.6,111.6,87.3,320.0,1978.0,16.0,1,
68407,1862.3,3.5,111.6,109.8,320.0,1978.0,16.0,1,
68607,1855.0,4.5,111.2,66.7,320.0,1978.0,16.0,1,
68707,1862.0,3.8,111.2,56.5,320.0,1978.0,16.0,1,
68807,1856.4,225.8,112.7,45.7,502.0,4434.0,24.0,1,
68907,1854.9,247.8,114.3,30.0,665.0,4902.0,22.0,1,
69007,1872.5,154.8,115.0,30.1,523.0,4234.0,16.0,1,
69107,1877.1,141.4,113.6,34.4,617.0,3913.0,17.0,1,
69207,1852.7,198.8,114.9,36.0,467.0,3122.0,17.0,1,
69307,1844.3,65.7,119.1,66.3,389.0,2456.0,16.0,1,
69407,1871.2,33.2,119.1,34.7,357.0,2149.0,17.0,1,
69607,1864.0,7.7,119.1,40.4,357.0,2149.0,17.0,1,
69707,1864.4,5.6,119.1,36.1,357.0,2149.0,17.0,1,
69807,1863.3,3.9,119.1,38.5,357.0,2149.0,17.0,1,
69907,1861.1,3.3,119.1,93.3,357.0,2149.0,17.0,1,
70007,1861.9,3.4,119.1,106.3,357.0,2149.0,17.0,1,
70107,1862.1,2.5,119.1,102.5,357.0,2149.0,17.0,1,
70207,1861.5,3.1,118.9,90.4,357.0,2149.0,17.0,1,
70307,1861.9,2.7,118.9,99.3,357.0,2149.0,17.0,1,
70407,1856.3,145.1,118.9,110.1,491.0,4482.0,19.0,1,
70607,1870.8,160.2,114.7,30.2,597.0,4271.0,16.0,1,
70707,1846.7,203.5,116.1,34.8,570.0,4093.0,17.0,1,
70807,1850.8,140.3,118.8,36.2,447.0,3344.0,17.0,1,
70907,1865.6,73.3,115.4,36.9,347.0,2450.0,16.0,1,
71007,1874.0,55.3,115.7,30.0,320.0,2103.0,17.0,1,
71107,1860.8,9.5,115.7,30.0,320.0,2103.0,17.0,1,
71207,1858.3,6.6,115.7,50.7,320.0,2103.0,17.0,1,
71307,1866.0,5.6,115.7,46.2,320.0,2103.0,17.0,1,
71407,1862.4,4.1,115.7,37.9,320.0,2103.0,17.0,1,
71607,1861.4,2.4,115.7,112.3,320.0,2103.0,17.0,1,
71707,1861.1,3.6,115.7,123.4,320.0,2103.0,17.0,1,
71807,1861.8,3.2,115.7,110.5,320.0,2103.0,17.0,1,
71907,1860.8,3.0,115.7,88.0,320.0,2103.0,17.0,1,
72007,1861.4,48.2,115.7,89.6,320.0,2103.0,17.0,1,
72107,1868.5,294.1,117.8,29.3,751.0,4703.0,24.0,1,
72207,1839.5,211.2,119.1,29.7,643.0,4342.0,16.0,1,
72307,1864.3,153.9,120.3,30.0,510.0,4190.0,17.0,1,
72407,1866.3,157.4,116.3,34.7,500.0,3350.0,17.0,1,
72607,1864.8,112.5,124.6,30.2,330.0,2060.0,16.0,1,
72707,1855.6,12.3,124.6,35.1,323.0,1974.0,17.0,1,
72807,1857.7,5.5,124.6,38.0,323.0,1974.0,17.0,1,
72907,1862.1,4.0,124.6,37.2,323.0,1974.0,17.0,1,
73007,1860.4,3.2,124.6,38.7,323.0,1974.0,17.0,1,
73107,1859.4,4.0,124.6,77.5,323.0,1974.0,17.0,1,
73207,1858.6,3.8,124.6,93.1,323.0,1974.0,17.0,1,
73307,1859.8,4.7,124.6,94.0,323.0,1974.0,17.0,1,
73407,1857.5,4.2,124.5,122.5,323.0,1974.0,17.0,1,
73607,1860.3,3.5,124.5,136.8,323.0,1974.0,17.0,1,
73707,1842.8,251.5,123.1,34.8,786.0,4612.0,24.0,1,
73807,1863.0,205.7,124.5,29.9,639.0,4153.0,16.0,1,
73907,1872.9,127.6,123.4,30.2,454.0,3921.0,16.0,1,
74007,1869.8,119.0,122.0,34.6,479.0,3338.0,17.0,1,
74107,1853.3,75.3,119.7,42.0,362.0,2747.0,17.0,1,
74207,1858.3,136.3,117.1,44.0,335.0,2061.0,17.0,1,
74307,1876.6,17.9,115.7,35.5,339.0,1966.0,17.0,1,
74407,1859.0,5.8,115.7,30.3,339.0,1966.0,17.0,1,
74607,1862.5,4.6,115.7,26.5,339.0,1966.0,17.0,1,
74707,1862.7,4.3,115.7,40.9,339.0,1966.0,17.0,1,
74807,1861.8,4.1,115.7,93.2,339.0,1966.0,17.0,1,
74907,1861.3,4.2,115.7,93.2,339.0,1966.0,17.0,1,
75007,1860.1,4.4,115.7,99.9,339.0,1966.0,17.0,1,
75107,1861.3,3.7,115.7,101.6,339.0,1966.0,17.0,1,
75207,1861.4,3.5,115.7,101.1,339.0,1966.0,17.0,1,
75307,1850.4,222.1,114.4,38.2,797.0,4653.0,24.0,1,
75407,1885.3,208.4,103.8,30.2,654.0,4230.0,16.0,1,
75607,1851.0,158.5,115.6,34.5,544.0,3665.0,16.0,1,
75707,1860.2,149.4,118.4,34.9,377.0,2524.0,16.0,1,
75807,1857.5,119.9,119.2,28.5,346.0,2036.0,17.0,1,
75907,1867.7,51.0,124.1,29.2,333.0,1903.0,17.0,1,
76007,1862.0,8.6,124.1,29.8,333.0,1903.0,17.0,1,
76107,1864.0,6.5,124.1,28.8,333.0,1903.0,17.0,1,
76207,1863.2,5.0,124.1,28.0,333.0,1903.0,17.0,1,
76307,1861.0,5.2,124.1,29.5,333.0,1903.0,17.0,1,
76407,1861.3,5.1,124.1,82.5,333.0,1903.0,17.0,1,
76607,1861.8,5.8,124.1,90.5,333.0,1903.0,17.0,1,
76707,1861.3,3.4,124.1,93.2,333.0,1903.0,17.0,1,
76807,1861.2,2.5,124.1,94.5,333.0,1903.0,17.0,1,
76907,1882.6,193.4,124.1,77.8,472.0,4274.0,18.0,1,
77007,1841.2,199.3,127.1,30.2,806.0,4706.0,24.0,1,
77107,1846.5,219.5,129.5,34.3,550.0,4138.0,17.0,1,
77207,1862.2,133.2,121.6,34.7,562.0,3762.0,16.0,1,
77307,1883.9,93.4,124.4,36.1,422.0,3489.0,17.0,1,
77407,1855.3,98.9,120.2,43.1,294.0,2142.0,17.0,1,
77607,1855.9,6.4,111.3,35.8,294.0,2142.0,17.0,1,
77707,1862.8,6.3,111.3,38.1,294.0,2142.0,17.0,1,
77807,1864.9,5.6,111.3,35.8,294.0,2142.0,17.0,1,
77907,1859.7,4.4,111.3,44.6,294.0,2142.0,17.0,1,
78007,1860.1,3.5,111.3,88.1,294.0,2142.0,17.0,1,
78107,1860.3,4.2,111.3,82.7,294.0,2142.0,17.0,1,
78207,1861.3,3.4,111.3,93.9,294.0,2142.0,17.0,1,
78307,1860.0,4.1,111.3,94.6,294.0,2142.0,17.0,1,
78407,1860.3,3.5,111.3,99.6,294.0,2142.0,17.0,1,
78607,1867.9,215.9,107.8,34.3,801.0,4676.0,24.0,1,
78707,1858.2,205.4,109.4,34.3,554.0,4102.0,17.0,1,
78807,1877.2,132.4,108.5,34.6,547.0,3934.0,16.0,1,
78907,1861.6,86.9,104.8,35.5,524.0,3448.0,16.0,1,
79007,1841.7,57.3,104.9,65.5,350.0,2317.0,17.0,1,
79107,1862.9,60.4,106.4,39.4,339.0,1996.0,16.0,1,
79207,1869.7,9.2,106.3,34.5,339.0,1996.0,16.0,1,
79307,1859.9,5.2,106.3,28.0,339.0,1996.0,16.0,1,
79407,1863.1,6.2,106.3,27.9,339.0,1996.0,16.0,1,
79607,1860.8,8.5,106.3,88.3,339.0,1996.0,16.0,1,
79707,1858.5,3.4,106.4,93.3,339.0,1996.0,16.0,1,
79807,1861.5,4.4,106.4,104.6,339.0,1996.0,16.0,1,
79907,1863.2,3.4,106.3,104.4,339.0,1996.0,16.0,1,
80007,1862.6,3.1,106.3,101.8,339.0,1996.0,16.0,1,
80107,1862.1,3.5,106.3,100.0,339.0,1996.0,16.0,1,
80207,1866.2,213.7,104.7,35.6,700.0,4277.0,23.0,1,
80307,1870.3,191.4,108.7,34.5,608.0,4022.0,23.0,1,
80407,1849.0,147.0,106.1,34.3,419.0,3776.0,16.0,1,
80607,1852.5,80.8,111.2,35.0,373.0,2871.0,17.0,1,
80707,1879.2,84.9,110.7,38.2,343.0,2212.0,16.0,1,
80807,1855.6,14.4,110.7,30.2,315.0,1983.0,16.0,1,
80907,1862.0,4.2,110.7,29.1,315.0,1983.0,16.0,1,
81007,1863.7,3.9,110.7,27.3,315.0,1983.0,16.0,1,
81107,1860.6,2.8,110.7,27.7,315.0,1983.0,16.0,1,
81207,1859.3,5.3,110.7,66.5,315.0,1983.0,16.0,1,
81307,1856.1,6.0,110.7,99.2,315.0,1983.0,16.0,1,
81407,1859.5,4.4,110.7,108.7,315.0,1983.0,16.0,1,
81607,1863.1,5.0,110.7,112.4,315.0,1983.0,16.0,1,
81707,1861.1,4.6,110.8,110.6,315.0,1983.0,16.0,1,
81807,1881.7,223.5,111.0,36.2,730.0,4409.0,24.0,1,
81907,1834.9,203.5,108.2,34.4,613.0,4146.0,17.0,1,
82007,1868.4,125.4,105.7,34.6,473.0,3949.0,16.0,1,
82107,1864.9,195.3,113.6,35.2,593.0,3874.0,16.0,1,
82207,1870.1,74.3,109.5,66.6,384.0,2933.0,17.0,1,
82307,1875.3,68.9,109.5,30.2,345.0,2135.0,17.0,1,
82407,1844.6,19.8,107.2,30.1,309.0,1904.0,17.0,1,
82607,1865.1,4.1,107.2,66.4,309.0,1904.0,17.0,1,
82707,1861.8,4.7,107.2,40.7,309.0,1904.0,17.0,1,
82807,1862.2,5.0,107.2,72.9,309.0,1904.0,17.0,1,
82907,1860.8,5.2,107.2,100.5,309.0,1904.0,17.0,1,
83007,1856.8,5.6,107.2,104.0,309.0,1904.0,17.0,1,
83107,1858.2,4.7,107.2,105.6,309.0,1904.0,17.0,1,
83207,1860.0,3.0,107.2,91.8,309.0,1904.0,17.0,1,
83307,1860.3,3.0,107.2,103.3,309.0,1904.0,17.0,1,
83407,1852.5,202.2,106.8,42.6,436.0,4048.0,25.0,0,
83607,1882.0,216.9,120.8,34.3,496.0,4279.0,16.0,1,
83707,1859.5,213.9,121.5,34.6,536.0,3849.0,16.0,1,
83807,1849.7,131.2,123.4,34.8,401.0,3107.0,16.0,1,
83907,1869.5,67.5,123.9,28.2,316.0,2506.0,17.0,1,
84007,1855.8,35.3,124.0,28.3,325.0,2199.0,17.0,1,
84107,1862.6,8.3,124.1,30.0,325.0,2199.0,17.0,1,
84207,1862.2,5.4,124.1,35.7,325.0,2199.0,17.0,1,
84307,1864.1,4.4,124.1,35.8,325.0,2199.0,17.0,1,
84407,1862.2,2.6,124.0,36.7,325.0,2199.0,17.0,1,
84607,1862.2,3.2,124.0,101.4,325.0,2199.0,17.0,1,
84707,1861.6,2.8,123.9,99.5,325.0,2199.0,17.0,1,
84807,1862.5,2.6,123.9,100.1,325.0,2199.0,17.0,1,
84907,1861.0,2.8,123.9,99.7,325.0,2199.0,17.0,1,
85007,1854.9,224.6,130.7,37.6,695.0,4554.0,24.0,1,
85107,1880.9,310.3,132.8,45.8,786.0,4733.0,23.0,1,
85207,1865.0,160.1,138.1,46.1,569.0,4365.0,22.0,1,
85307,1838.8,147.1,131.9,36.0,533.0,4186.0,24.0,1,
85407,1864.1,147.4,126.2,35.5,409.0,3456.0,26.0,0,
85607,1856.5,61.6,127.1,36.2,356.0,2349.0,17.0,1,
85707,1857.0,7.0,127.1,37.4,356.0,2349.0,17.0,1,
85807,1860.0,14.8,127.1,37.5,356.0,2349.0,17.0,1,
85907,1865.7,14.2,127.3,37.3,356.0,2349.0,17.0,1,
86007,1861.9,3.3,127.3,30.0,356.0,2349.0,17.0,1,
86107,1861.2,2.5,127.3,28.3,356.0,2349.0,17.0,1,
86207,1862.4,2.2,127.3,24.3,356.0,2349.0,17.0,1,
86307,1860.6,2.1,127.3,66.3,356.0,2349.0,17.0,1,
86407,1860.6,2.3,127.3,98.8,356.0,2349.0,17.0,1,
86607,1861.2,39.2,127.3,98.8,356.0,2349.0,17.0,1,
86707,1869.7,297.4,125.8,35.1,763.0,4988.0,24.0,1,
86807,1855.5,219.7,121.3,34.7,654.0,4648.0,16.0,1,
86907,1848.7,157.2,121.7,34.7,581.0,4247.0,17.0,1,
87007,1885.8,119.2,119.8,35.2,512.0,3873.0,17.0,1,
87107,1867.0,75.2,119.6,66.5,341.0,2682.0,16.0,1,
87207,1851.8,67.6,118.9,65.5,303.0,2019.0,17.0,1,
87307,1866.2,11.7,119.0,35.3,346.0,2051.0,17.0,1,
87407,1863.0,3.0,119.0,39.8,346.0,2051.0,17.0,1,
87607,1860.9,3.5,118.8,36.9,346.0,2051.0,17.0,1,
87707,1858.5,4.2,118.8,67.8,346.0,2051.0,17.0,1,
87807,1857.1,4.9,118.8,93.9,346.0,2051.0,17.0,1,
87907,1857.3,6.0,118.8,101.0,346.0,2051.0,17.0,1,
88007,1858.9,2.9,118.8,107.1,346.0,2051.0,17.0,1,
88107,1861.3,2.2,118.8,102.1,346.0,2051.0,17.0,1,
88207,1862.9,2.6,118.8,108.4,346.0,2051.0,17.0,1,
88307,1861.0,273.6,120.0,29.8,780.0,5053.0,24.0,1,
88407,1867.9,180.5,116.6,29.5,608.0,4334.0,16.0,1,
88607,1878.8,104.9,114.2,34.5,519.0,3972.0,17.0,1,
88707,1840.9,127.3,114.0,46.0,331.0,2798.0,17.0,1,
88807,1856.0,60.5,114.3,46.4,271.0,1867.0,17.0,1,
88907,1866.5,15.4,114.2,30.1,280.0,1709.0,16.0,1,
89007,1862.1,3.0,114.2,30.3,280.0,1709.0,16.0,1,
89107,1864.1,4.6,114.2,37.5,280.0,1709.0,16.0,1,
89207,1865.5,3.0,114.1,35.4,280.0,1709.0,16.0,1,
89307,1860.7,2.5,114.1,46.4,280.0,1709.0,16.0,1,
89407,1859.5,3.4,114.1,100.9,280.0,1709.0,16.0,1,
89607,1859.5,2.5,114.1,107.9,280.0,1709.0,16.0,1,
89707,1859.9,2.9,114.1,103.5,280.0,1709.0,16.0,1,
89807,1859.8,2.9,114.1,91.8,280.0,1709.0,16.0,1,
89907,1868.7,208.9,107.9,68.5,798.0,5038.0,24.0,1,
90007,1864.9,248.3,107.7,34.2,714.0,4854.0,17.0,1,
90107,1846.4,185.2,112.7,30.2,517.0,4346.0,16.0,1,
90207,1868.5,173.3,118.6,34.5,602.0,4156.0,16.0,1,
90307,1844.1,93.3,119.5,35.3,394.0,2983.0,17.0,1,
90407,1877.8,58.4,118.4,29.7,299.0,2052.0,16.0,1,
90607,1860.8,4.3,118.5,34.2,299.0,2052.0,16.0,1,
90707,1863.3,4.4,118.5,66.0,299.0,2052.0,16.0,1,
90807,1865.4,3.4,118.5,39.9,299.0,2052.0,16.0,1,
90907,1860.6,3.2,118.5,41.3,299.0,2052.0,16.0,1,
91007,1861.0,2.6,118.5,115.1,299.0,2052.0,16.0,1,
91107,1861.1,2.0,118.5,123.5,299.0,2052.0,16.0,1,
91207,1860.6,3.1,118.4,114.4,299.0,2052.0,16.0,1,
91307,1860.6,2.4,118.4,99.9,299.0,2052.0,16.0,1,
91407,1860.7,2.0,118.4,100.4,299.0,2052.0,16.0,1,
91607,1815.6,275.0,120.1,35.2,770.0,4985.0,24.0,1,
91707,1860.1,192.0,121.6,34.5,732.0,4792.0,16.0,1,
91807,1869.4,162.1,116.8,34.7,593.0,4186.0,17.0,1,
91907,1864.9,81.7,117.6,35.7,385.0,3215.0,17.0,1,
92007,1871.5,124.5,125.3,30.0,326.0,2154.0,17.0,1,
92107,1850.8,93.0,132.0,30.0,314.0,1931.0,16.0,1,
92207,1856.9,8.2,132.0,29.8,314.0,1931.0,16.0,1,
92307,1863.4,5.3,132.0,29.8,314.0,1931.0,16.0,1,
92407,1867.5,5.7,132.0,30.0,314.0,1931.0,16.0,1,
92607,1858.4,2.7,132.0,81.4,314.0,1931.0,16.0,1,
92707,1860.6,3.0,132.0,123.2,314.0,1931.0,16.0,1,
92807,1861.3,2.2,132.0,110.3,314.0,1931.0,16.0,1,
92907,1861.1,2.0,132.0,99.9,314.0,1931.0,16.0,1,
93007,1861.9,2.6,132.0,99.4,314.0,1931.0,16.0,1,
93107,1862.5,87.1,132.0,100.1,314.0,1931.0,16.0,1,
93207,1848.4,263.9,129.9,35.4,787.0,4866.0,24.0,1,
93307,1880.6,197.6,129.8,34.5,596.0,4385.0,16.0,1,
93407,1861.2,166.2,129.0,34.6,563.0,4310.0,17.0,1,
93607,1863.0,99.8,126.6,36.2,272.0,2263.0,16.0,1,
93707,1846.4,141.5,124.3,29.6,305.0,1893.0,16.0,1,
93807,1869.2,13.6,124.2,28.2,305.0,1893.0,16.0,1,
93907,1860.3,4.8,124.2,29.7,305.0,1893.0,16.0,1,
94007,1867.0,5.2,124.2,29.9,305.0,1893.0,16.0,1,
94107,1863.8,2.6,124.2,30.2,305.0,1893.0,16.0,1,
94207,1860.7,2.2,124.2,38.5,305.0,1893.0,16.0,1,
94307,1861.7,2.3,124.2,100.6,305.0,1893.0,16.0,1,
94407,1861.1,2.1,124.2,109.1,305.0,1893.0,16.0,1,
94607,1861.6,2.3,124.2,109.6,305.0,1893.0,16.0,1,
94707,1861.6,42.6,124.2,104.3,305.0,1893.0,16.0,1,
94807,1875.1,307.7,131.4,29.6,796.0,5064.0,24.0,1,
94907,1868.4,192.1,126.7,29.2,627.0,4677.0,16.0,1,
95007,1839.5,168.4,128.8,29.6,517.0,4479.0,17.0,1,
95107,1867.4,110.2,126.6,30.1,439.0,3384.0,17.0,1,
95207,1858.6,94.3,125.2,38.7,314.0,2349.0,16.0,1,
95307,1867.3,67.6,126.0,51.4,301.0,2028.0,17.0,1,
95407,1855.2,13.9,119.1,35.2,292.0,1753.0,16.0,1,
95607,1863.9,6.7,119.1,37.3,292.0,1753.0,16.0,1,
95707,1867.1,4.7,119.1,39.7,292.0,1753.0,16.0,1,
95807,1862.2,2.4,119.1,54.6,292.0,1753.0,16.0,1,
95907,1861.2,2.2,119.1,104.3,292.0,1753.0,16.0,1,
96007,1861.7,2.1,119.1,101.4,292.0,1753.0,16.0,1,
96107,1861.2,2.0,119.1,100.2,292.0,1753.0,16.0,1,
96207,1860.7,2.5,119.1,99.6,292.0,1753.0,16.0,1,
96307,1860.8,2.7,119.1,100.5,292.0,1753.0,16.0,1,
96407,1887.2,240.5,115.9,36.0,934.0,5700.0,25.0,0,
96607,1853.8,161.4,113.5,34.5,533.0,4377.0,16.0,1,
96707,1881.6,162.8,115.6,34.7,487.0,3863.0,17.0,1,
96807,1861.4,136.9,117.2,36.9,331.0,2620.0,17.0,1,
96907,1858.5,86.0,118.6,36.9,369.0,2176.0,17.0,1,
97007,1857.0,22.2,118.6,37.7,319.0,1848.0,17.0,1,
97107,1859.5,4.0,118.6,36.8,319.0,1848.0,17.0,1,
97207,1864.5,4.1,118.6,36.8,319.0,1848.0,17.0,1,
97307,1865.5,3.9,118.6,39.9,319.0,1848.0,17.0,1,
97407,1861.6,2.0,118.6,67.8,319.0,1848.0,17.0,1,
97607,1861.7,2.1,118.6,108.9,319.0,1848.0,17.0,1,
97707,1861.2,2.2,118.6,108.5,319.0,1848.0,17.0,1,
97807,1861.2,2.6,118.6,104.1,319.0,1848.0,17.0,1,
97907,1861.2,2.5,118.6,106.9,319.0,1848.0,17.0,1,
98007,1856.7,246.8,124.3,45.4,597.0,4203.0,18.0,1,
98107,1857.5,251.9,122.9,45.3,720.0,4762.0,17.0,1,
98207,1882.6,178.1,122.7,44.0,523.0,4523.0,16.0,1,
98307,1859.9,130.7,120.4,35.6,499.0,4056.0,17.0,1,
98407,1846.4,84.1,120.5,35.1,378.0,3065.0,17.0,1,
98607,1860.0,40.8,136.1,36.5,305.0,1830.0,18.0,1,
98707,1863.0,5.6,136.1,28.8,305.0,1830.0,18.0,1,
98807,1862.3,4.7,136.1,27.9,305.0,1830.0,18.0,1,
98907,1866.9,5.1,136.1,28.3,305.0,1830.0,18.0,1,
99007,1863.2,3.2,136.1,36.5,305.0,1830.0,18.0,1,
99107,1862.2,2.3,136.0,99.5,305.0,1830.0,18.0,1,
99207,1861.1,1.9,136.1,105.3,305.0,1830.0,18.0,1,
99307,1862.0,3.0,136.0,103.3,305.0,1830.0,18.0,1,
99407,1862.6,2.8,136.0,100.5,305.0,1830.0,18.0,1,
99607,1860.9,108.3,130.0,106.5,468.0,4243.0,19.0,1,
99707,1886.8,265.3,127.7,35.0,739.0,4888.0,17.0,1,
99807,1863.0,173.7,126.4,34.6,568.0,4331.0,16.0,1,
99907,1833.6,152.6,126.5,34.5,573.0,4227.0,17.0,1,
100007,1859.9,97.9,126.4,35.3,387.0,3105.0,17.0,1,
100107,1862.3,90.5,112.9,52.2,323.0,2237.0,16.0,1,
100207,1865.2,70.0,107.8,30.0,364.0,2123.0,17.0,1,
100307,1858.0,8.0,107.8,30.1,364.0,2123.0,17.0,1,
100407,1859.2,3.5,107.8,30.0,364.0,2123.0,17.0,1,
100607,1863.2,3.3,107.8,29.9,364.0,2123.0,17.0,1,
100707,1862.8,3.0,107.8,80.1,364.0,2123.0,17.0,1,
100807,1863.6,3.5,107.8,100.0,364.0,2123.0,17.0,1,
100907,1862.9,2.9,107.8,109.3,364.0,2123.0,17.0,1,
101007,1864.0,4.1,107.8,113.5,364.0,2123.0,17.0,1,
101107,1867.6,5.1,107.8,110.2,364.0,2123.0,17.0,1,
101207,1864.2,9.7,107.8,98.8,364.0,2123.0,17.0,1,
101307,1866.3,169.3,110.8,30.2,875.0,5346.0,25.0,0,
101407,1846.8,209.9,109.6,30.3,550.0,4516.0,17.0,1,
101607,1876.7,131.1,117.2,34.7,445.0,3617.0,16.0,1,
101707,1862.2,72.4,117.1,35.6,249.0,2092.0,17.0,1,
101807,1856.5,92.9,121.7,29.8,309.0,2077.0,18.0,1,
101907,1864.5,11.6,121.7,29.7,284.0,1867.0,17.0,1,
102007,1859.1,4.2,121.7,28.7,284.0,1867.0,17.0,1,
102107,1863.3,4.7,121.7,28.3,284.0,1867.0,17.0,1,
102207,1863.8,2.9,121.7,29.6,284.0,1867.0,17.0,1,
102307,1859.6,3.9,121.8,69.8,284.0,1867.0,17.0,1,
102407,1859.9,2.4,121.8,99.7,284.0,1867.0,17.0,1,
102607,1858.9,2.8,121.9,98.9,284.0,1867.0,17.0,1,
102707,1861.4,2.6,121.9,87.1,284.0,1867.0,17.0,1,
102807,1860.4,2.3,122.0,90.3,284.0,1867.0,17.0,1,
102907,1843.0,260.4,124.5,30.3,745.0,4981.0,24.0,1,
103007,1874.5,232.6,127.3,30.1,636.0,4471.0,16.0,1,
103107,1876.2,150.9,131.9,34.3,525.0,4481.0,17.0,1,
103207,1851.8,152.8,132.0,34.6,540.0,4083.0,17.0,1,
103307,1855.0,72.6,128.7,35.2,360.0,3028.0,17.0,1,
103407,1861.9,80.4,122.5,35.4,391.0,2338.0,17.0,1,
103607,1862.7,3.8,123.2,39.8,391.0,2338.0,17.0,1,
103707,1863.3,3.5,123.2,41.6,391.0,2338.0,17.0,1,
103807,1864.1,4.4,123.2,39.6,391.0,2338.0,17.0,1,
103907,1861.2,4.5,123.2,54.0,391.0,2338.0,17.0,1,
104007,1857.5,3.6,123.2,102.3,391.0,2338.0,17.0,1,
104107,1861.5,3.4,123.2,101.9,391.0,2338.0,17.0,1,
104207,1863.0,2.6,123.2,107.0,391.0,2338.0,17.0,1,
104307,1861.4,2.0,123.2,111.4,391.0,2338.0,17.0,1,
104407,1862.9,3.5,123.2,99.6,391.0,2338.0,17.0,1,
104607,1881.3,235.9,124.8,30.1,682.0,4594.0,16.0,1,
104707,1831.6,186.5,117.2,34.2,533.0,4612.0,16.0,1,
104807,1850.0,137.2,117.7,34.3,481.0,3793.0,17.0,1,
104907,1871.6,91.8,119.2,34.8,363.0,2339.0,18.0,1,
105007,1857.0,66.3,118.6,35.7,266.0,1931.0,17.0,1,
105107,1867.3,29.4,118.1,29.5,345.0,2238.0,18.0,1,
105207,1861.6,4.2,118.2,38.0,345.0,2238.0,18.0,1,
105307,1866.0,7.3,118.1,49.3,345.0,2238.0,18.0,1,
105407,1867.3,3.7,118.1,44.6,345.0,2238.0,18.0,1,
105607,1861.5,2.9,118.1,99.7,345.0,2238.0,18.0,1,
105707,1861.5,2.8,118.1,100.0,345.0,2238.0,18.0,1,
105807,1862.8,2.5,118.1,102.1,345.0,2238.0,18.0,1,
105907,1862.0,3.0,118.1,110.3,345.0,2238.0,18.0,1,
106007,1859.2,3.4,118.1,122.1,345.0,2238.0,18.0,1,
106107,1875.6,233.0,117.9,55.5,491.0,4426.0,18.0,1,
106207,1833.2,230.2,114.7,30.2,702.0,4867.0,16.0,1,
106307,1840.3,180.2,115.3,30.3,616.0,4599.0,17.0,1,
106407,1879.9,131.7,113.7,34.5,598.0,4275.0,17.0,1,
106607,1856.8,80.0,111.3,39.0,300.0,2148.0,17.0,1,
106707,1875.3,53.3,112.1,29.9,390.0,2208.0,17.0,1,
106807,1860.7,7.0,112.1,34.7,390.0,2208.0,17.0,1,
106907,1865.0,4.8,112.1,38.3,390.0,2208.0,17.0,1,
107007,1866.3,4.5,112.1,29.9,390.0,2208.0,17.0,1,
107107,1859.5,3.1,112.1,40.6,390.0,2208.0,17.0,1,
107207,1862.0,2.2,112.1,78.7,390.0,2208.0,17.0,1,
107307,1860.5,2.4,112.1,92.0,390.0,2208.0,17.0,1,
107407,1859.7,2.7,112.1,101.2,390.0,2208.0,17.0,1,
107607,1860.1,2.5,112.1,103.4,390.0,2208.0,17.0,1,
107707,1862.1,88.9,112.1,99.7,461.0,4304.0,26.0,0,
107807,1850.2,236.8,108.8,30.0,738.0,4822.0,25.0,0,
107907,1881.9,173.8,104.8,34.2,597.0,4434.0,16.0,1,
108007,1871.1,143.7,108.7,34.9,513.0,4173.0,16.0,1,
108107,1845.8,82.2,107.3,36.7,415.0,3297.0,17.0,1,
108207,1866.9,96.1,112.7,37.8,300.0,2020.0,17.0,1,
108307,1861.5,118.8,115.8,30.2,341.0,2038.0,16.0,1,
108407,1868.6,12.7,115.7,30.0,341.0,2038.0,16.0,1,
108607,1865.1,4.6,115.7,38.3,341.0,2038.0,16.0,1,
108707,1863.7,2.9,115.7,37.4,341.0,2038.0,16.0,1,
108807,1861.7,1.8,115.6,49.8,341.0,2038.0,16.0,1,
108907,1861.3,2.3,115.6,108.7,341.0,2038.0,16.0,1,
109007,1860.7,2.0,115.6,98.9,341.0,2038.0,16.0,1,
109107,1860.6,2.4,115.6,100.4,341.0,2038.0,16.0,1,
109207,1861.6,2.6,115.6,104.2,341.0,2038.0,16.0,1,
109307,1862.8,3.8,115.6,100.3,341.0,2038.0,16.0,1,
109407,1882.7,248.9,112.2,45.6,784.0,4983.0,25.0,0,
109607,1836.3,142.1,111.3,34.6,668.0,4434.0,17.0,1,
109707,1856.3,122.6,115.2,34.9,476.0,4029.0,4.0,1,
109807,1871.8,217.2,116.1,35.5,300.0,2213.0,17.0,1,
109907,1856.2,86.5,120.8,29.2,339.0,2146.0,17.0,1,
110007,1858.4,13.2,117.4,28.1,326.0,2020.0,17.0,1,
110107,1861.2,3.9,117.5,28.5,326.0,2020.0,17.0,1,
110207,1863.6,4.1,117.5,29.1,326.0,2020.0,17.0,1,
110307,1863.8,2.7,117.5,35.4,326.0,2020.0,17.0,1,
110407,1860.3,3.2,117.5,73.2,326.0,2020.0,17.0,1,
110607,1858.5,3.7,117.6,100.8,326.0,2020.0,17.0,1,
110707,1857.9,4.9,117.7,112.1,326.0,2020.0,17.0,1,
110807,1858.3,2.9,117.7,112.7,326.0,2020.0,17.0,1,
110907,1860.4,2.7,117.7,111.3,326.0,2020.0,17.0,1,
111007,1863.1,227.8,120.5,36.2,889.0,5683.0,18.0,1,
111107,1844.2,231.6,122.1,34.5,663.0,4754.0,17.0,1,
111207,1865.8,142.7,123.2,34.4,623.0,4297.0,16.0,1,
111307,1878.0,111.0,126.7,34.7,504.0,4060.0,18.0,1,
111407,1856.0,96.9,126.6,37.1,298.0,2547.0,18.0,1,
111607,1858.9,21.9,116.8,30.2,306.0,1906.0,17.0,1,
111707,1861.6,4.5,116.8,34.5,306.0,1906.0,17.0,1,
111807,1861.9,2.8,116.8,29.1,306.0,1906.0,17.0,1,
111907,1861.3,3.7,116.8,29.4,306.0,1906.0,17.0,1,
112007,1862.7,2.3,116.8,43.4,306.0,1906.0,17.0,1,
112107,1862.8,2.5,116.8,99.4,306.0,1906.0,17.0,1,
112207,1861.0,3.0,116.8,99.6,306.0,1906.0,17.0,1,
112307,1859.5,2.3,116.8,82.6,306.0,1906.0,17.0,1,
112407,1860.2,1.9,116.8,93.0,306.0,1906.0,17.0,1,
112607,1849.5,139.1,114.5,39.4,775.0,5091.0,17.0,1,
112707,1867.3,219.4,109.0,36.3,653.0,4616.0,17.0,1,
112807,1884.7,144.8,110.3,35.4,540.0,4556.0,18.0,1,
112907,1853.6,99.8,98.8,34.9,553.0,4001.0,17.0,1,
113007,1847.0,72.6,98.6,35.6,375.0,3021.0,17.0,1,
113107,1860.8,73.9,96.5,36.6,339.0,2049.0,17.0,1,
113207,1858.9,32.9,96.2,30.2,321.0,1901.0,17.0,1,
113307,1862.7,5.2,96.2,35.7,321.0,1901.0,17.0,1,
113407,1860.4,4.0,96.2,52.0,321.0,1901.0,17.0,1,
113607,1861.1,2.1,96.2,42.2,321.0,1901.0,17.0,1,
113707,1861.8,2.8,96.2,99.5,321.0,1901.0,17.0,1,
113807,1862.3,2.5,96.2,109.8,321.0,1901.0,17.0,1,
113907,1860.9,2.4,96.1,113.1,321.0,1901.0,17.0,1,
114007,1859.5,2.8,96.2,112.6,321.0,1901.0,17.0,1,
114107,1861.0,2.5,96.1,102.2,321.0,1901.0,17.0,1,
114207,1869.0,135.5,96.3,69.8,479.0,4070.0,19.0,1,
114307,1879.0,214.9,96.3,34.4,739.0,4850.0,17.0,1,
114407,1840.8,196.6,99.4,34.4,597.0,4440.0,16.0,1,
114607,1873.0,144.9,110.2,35.3,379.0,3079.0,17.0,1,
114707,1864.4,134.6,118.2,35.8,380.0,2400.0,16.0,1,
114807,1867.1,70.1,119.6,29.8,330.0,1879.0,17.0,1,
114907,1857.7,8.6,119.6,36.5,330.0,1879.0,17.0,1,
115007,1861.6,5.0,119.6,29.9,330.0,1879.0,17.0,1,
115107,1863.7,3.5,119.6,27.2,330.0,1879.0,17.0,1,
115207,1862.6,2.6,119.6,38.6,330.0,1879.0,17.0,1,
115307,1860.7,2.2,119.6,69.7,330.0,1879.0,17.0,1,
115407,1860.6,1.8,119.6,100.0,330.0,1879.0,17.0,1,
115607,1861.1,2.1,119.6,99.7,330.0,1879.0,17.0,1,
115707,1861.7,2.1,119.6,108.7,330.0,1879.0,17.0,1,
115807,1861.5,39.7,119.6,102.1,330.0,1879.0,17.0,1,
115907,1851.6,211.0,122.1,35.4,781.0,5099.0,17.0,1,
116007,1851.3,192.8,121.9,35.7,583.0,4702.0,17.0,1,
116107,1875.9,157.2,124.4,35.2,547.0,4363.0,17.0,1,
116207,1869.6,134.9,125.1,30.1,444.0,3365.0,17.0,1,
116307,1856.5,89.5,122.1,29.8,352.0,2428.0,17.0,1,
116407,1859.7,78.7,113.4,27.5,327.0,1922.0,18.0,1,
116607,1860.4,3.6,113.4,28.0,327.0,1922.0,18.0,1,
116707,1862.0,3.1,113.4,37.8,327.0,1922.0,18.0,1,
116807,1863.5,2.8,113.4,35.8,327.0,1922.0,18.0,1,
116907,1859.7,3.1,113.4,67.1,327.0,1922.0,18.0,1,
117007,1860.4,2.6,113.4,101.0,327.0,1922.0,18.0,1,
117107,1861.1,2.0,113.4,100.2,327.0,1922.0,18.0,1,
117207,1861.0,1.9,113.4,102.3,327.0,1922.0,18.0,1,
117307,1861.1,2.6,113.4,101.7,327.0,1922.0,18.0,1,
117407,1860.6,2.5,113.5,99.9,327.0,1922.0,18.0,1,
117607,1880.4,214.1,113.1,34.3,619.0,4666.0,17.0,1,
117707,1876.4,142.9,119.0,34.4,580.0,4592.0,17.0,1,
117807,1834.9,219.6,118.8,34.8,512.0,3917.0,17.0,1,
117907,1861.0,92.8,119.9,38.5,299.0,2336.0,17.0,1,
118007,1871.7,94.2,119.7,30.2,327.0,1818.0,18.0,1,
118107,1864.8,16.2,120.7,29.4,305.0,1812.0,17.0,1,
118207,1861.4,4.6,120.7,34.3,305.0,1812.0,17.0,1,
118307,1864.9,4.0,120.7,38.9,305.0,1812.0,17.0,1,
118407,1862.7,2.8,120.7,39.1,305.0,1812.0,17.0,1,
118607,1859.3,3.5,120.7,88.2,305.0,1812.0,17.0,1,
118707,1860.0,2.1,120.7,77.1,305.0,1812.0,17.0,1,
118807,1861.5,2.8,120.7,89.2,305.0,1812.0,17.0,1,
118907,1861.2,2.3,120.7,99.7,305.0,1812.0,17.0,1,
119007,1860.4,2.1,120.7,99.5,305.0,1812.0,17.0,1,
119107,1866.0,216.0,121.0,35.7,824.0,5499.0,18.0,1,
119207,1866.2,216.7,117.5,34.4,685.0,4666.0,16.0,1,
119307,1838.0,235.0,111.4,34.6,514.0,4691.0,17.0,1,
119407,1856.7,128.5,113.8,34.8,498.0,3814.0,17.0,1,
119607,1856.4,95.5,112.2,29.7,294.0,1958.0,17.0,1,
119707,1864.8,27.9,111.6,30.0,329.0,1799.0,17.0,1,
119807,1858.8,6.7,111.7,36.7,329.0,1799.0,17.0,1,
119907,1858.8,3.1,111.8,37.1,329.0,1799.0,17.0,1,
120007,1863.2,4.8,111.8,28.4,329.0,1799.0,17.0,1,
120107,1863.5,2.5,111.8,43.6,329.0,1799.0,17.0,1,
120207,1860.2,2.6,111.7,99.2,329.0,1799.0,17.0,1,
120307,1861.4,2.4,111.7,99.0,329.0,1799.0,17.0,1,
120407,1860.7,2.4,111.7,90.5,329.0,1799.0,17.0,1,
120607,1860.9,2.5,111.7,100.0,329.0,1799.0,17.0,1,
120707,1855.6,214.3,112.9,52.7,461.0,4222.0,19.0,1,
120807,1853.7,238.9,119.3,29.9,785.0,4962.0,17.0,1,
120907,1852.8,177.0,118.6,30.2,521.0,4744.0,16.0,1,
121007,1883.4,122.7,114.7,34.5,512.0,4050.0,17.0,1,
121107,1860.1,70.0,107.1,35.6,336.0,2891.0,18.0,1,
121207,1848.8,84.5,109.5,40.0,294.0,2121.0,17.0,1,
121307,1875.7,57.6,114.6,34.5,321.0,1846.0,18.0,1,
121407,1859.6,7.3,114.6,36.4,321.0,1846.0,18.0,1,
121607,1864.0,5.8,114.6,38.2,321.0,1846.0,18.0,1,
121707,1864.6,2.2,114.6,46.9,321.0,1846.0,18.0,1,
121807,1860.7,2.7,114.6,99.5,321.0,1846.0,18.0,1,
121907,1861.3,2.5,114.6,98.8,321.0,1846.0,18.0,1,
122007,1860.3,2.3,114.6,98.7,321.0,1846.0,18.0,1,
122107,1860.5,2.3,114.6,99.8,321.0,1846.0,18.0,1,
122207,1861.3,2.0,114.6,100.8,321.0,1846.0,18.0,1,
122307,1862.5,99.5,113.7,131.5,435.0,4038.0,19.0,1,
122407,1860.1,255.6,111.2,34.3,761.0,5192.0,17.0,1,
122607,1868.3,154.3,115.9,34.5,544.0,4278.0,16.0,1,
122707,1843.8,99.5,116.9,35.3,458.0,3807.0,17.0,1,
122807,1869.6,171.5,124.1,36.9,312.0,2109.0,16.0,1,
122907,1860.4,121.0,124.0,30.2,322.0,1966.0,16.0,1,
123007,1861.5,11.2,124.0,28.5,322.0,1966.0,16.0,1,
123107,1857.1,4.0,124.0,28.1,322.0,1966.0,16.0,1,
123207,1860.8,3.3,124.0,29.9,322.0,1966.0,16.0,1,
123307,1862.3,3.0,124.0,30.3,322.0,1966.0,16.0,1,
123407,1859.0,3.1,124.0,56.5,322.0,1966.0,16.0,1,
123607,1860.1,2.5,124.0,113.3,322.0,1966.0,16.0,1,
123707,1860.7,2.4,124.0,108.5,322.0,1966.0,16.0,1,
123807,1859.6,2.3,124.0,99.2,322.0,1966.0,16.0,1,
123907,1860.7,16.8,124.0,92.1,322.0,1966.0,16.0,1,
124007,1891.6,235.0,121.4,35.1,741.0,5151.0,17.0,1,
124107,1840.3,191.2,118.5,34.8,589.0,4455.0,16.0,1,
124207,1842.3,153.8,117.1,34.8,474.0,4118.0,17.0,1,
124307,1870.8,101.6,120.6,35.5,420.0,3369.0,17.0,1,
124407,1866.5,85.9,116.5,44.8,289.0,2198.0,16.0,1,
124607,1852.7,13.3,106.0,34.4,318.0,1749.0,17.0,1,
124707,1858.6,4.1,106.0,34.6,318.0,1749.0,17.0,1,
124807,1862.3,3.9,106.0,36.2,318.0,1749.0,17.0,1,
124907,1866.2,3.3,106.0,37.1,318.0,1749.0,17.0,1,
125007,1860.4,2.1,106.0,76.9,318.0,1749.0,17.0,1,
125107,1860.8,2.4,106.0,102.1,318.0,1749.0,17.0,1,
125207,1860.4,2.2,106.0,99.3,318.0,1749.0,17.0,1,
125307,1860.7,1.7,106.0,99.6,318.0,1749.0,17.0,1,
125407,1861.9,2.3,106.0,101.7,318.0,1749.0,17.0,1,
125607,1859.3,188.7,104.5,37.0,790.0,5273.0,25.0,0,
125707,1848.4,213.1,106.8,34.9,661.0,4676.0,17.0,1,
125807,1883.3,143.2,105.4,34.7,482.0,4394.0,17.0,1,
125907,1863.1,130.9,105.5,34.9,487.0,3661.0,16.0,1,
126007,1856.1,75.9,105.2,40.1,329.0,2534.0,21.0,1,
126107,1863.8,99.1,105.1,30.0,341.0,1998.0,17.0,1,
126207,1858.6,20.7,105.3,30.0,288.0,1787.0,17.0,1,
126307,1859.2,6.0,105.3,34.6,288.0,1787.0,17.0,1,
126407,1860.8,2.7,105.3,26.9,288.0,1787.0,17.0,1,
126607,1861.9,2.7,105.3,43.3,288.0,1787.0,17.0,1,
126707,1860.6,2.2,105.3,100.2,288.0,1787.0,17.0,1,
126807,1860.2,2.2,105.3,101.5,288.0,1787.0,17.0,1,
126907,1860.3,2.5,105.4,102.0,288.0,1787.0,17.0,1,
127007,1861.0,1.9,105.4,100.2,288.0,1787.0,17.0,1,
127107,1860.8,2.0,105.4,99.9,288.0,1787.0,17.0,1,
127207,1843.0,161.1,107.3,34.6,803.0,5610.0,18.0,1,
127307,1883.6,243.5,106.7,34.7,662.0,4772.0,17.0,1,
127407,1865.4,163.7,109.1,34.6,531.0,4325.0,16.0,1,
127607,1866.8,80.9,103.8,30.2,290.0,2401.0,17.0,1,
127707,1857.2,97.0,104.0,36.2,288.0,1886.0,16.0,1,
127807,1871.7,35.0,103.8,29.9,320.0,1912.0,17.0,1,
127907,1861.0,6.1,103.8,30.1,320.0,1912.0,17.0,1,
128007,1859.6,2.9,103.8,35.2,320.0,1912.0,17.0,1,
128107,1864.4,4.8,103.8,36.2,320.0,1912.0,17.0,1,
128207,1862.9,2.5,103.8,41.3,320.0,1912.0,17.0,1,
128307,1860.5,1.8,103.8,99.8,320.0,1912.0,17.0,1,
128407,1861.5,2.5,103.8,102.0,320.0,1912.0,17.0,1,
128607,1861.3,1.9,103.7,99.9,320.0,1912.0,17.0,1,
128707,1861.0,2.4,103.7,98.9,320.0,1912.0,17.0,1,
128807,1872.2,133.6,103.5,56.8,426.0,3962.0,19.0,1,
128907,1868.5,140.2,102.0,34.7,753.0,5243.0,18.0,1,
129007,1830.1,182.2,96.9,34.8,560.0,4513.0,17.0,1,
129107,1858.4,133.5,97.4,35.1,475.0,3790.0,17.0,1,
129207,1876.6,85.4,95.2,35.7,342.0,3025.0,18.0,1,
129307,1864.4,70.3,95.4,37.6,275.0,2194.0,17.0,1,
129407,1869.4,68.7,98.7,30.0,389.0,2395.0,18.0,1,
129607,1858.4,4.8,98.7,28.8,389.0,2395.0,18.0,1,
129707,1863.7,4.4,98.7,26.9,389.0,2395.0,18.0,1,
129807,1864.5,3.1,98.7,26.7,389.0,2395.0,18.0,1,
129907,1859.2,3.1,98.7,74.2,389.0,2395.0,18.0,1,
130007,1860.8,2.8,98.7,99.1,389.0,2395.0,18.0,1,
130107,1861.1,2.0,98.7,100.2,389.0,2395.0,18.0,1,
130207,1860.9,2.5,98.7,99.0,389.0,2395.0,18.0,1,
130307,1860.7,2.1,98.7,90.3,389.0,2395.0,18.0,1,
130407,1850.8,108.9,99.0,84.0,389.0,2395.0,18.0,1,
130607,1865.1,185.5,103.7,34.2,585.0,4209.0,17.0,1,
130707,1884.2,117.6,103.9,34.5,505.0,4353.0,17.0,1,
130807,1859.6,109.3,103.6,34.8,372.0,3123.0,27.0,0,
130907,1857.9,102.9,107.3,38.6,276.0,2148.0,16.0,1,
131007,1865.8,81.2,103.7,30.0,362.0,2002.0,17.0,1,
131107,1868.6,11.0,103.8,29.4,362.0,2002.0,17.0,1,
131207,1857.4,6.3,103.8,36.3,362.0,2002.0,17.0,1,
131307,1857.1,4.4,103.8,49.3,362.0,2002.0,17.0,1,
131407,1865.2,3.1,103.8,66.2,362.0,2002.0,17.0,1,
131607,1860.0,2.1,103.8,94.2,362.0,2002.0,17.0,1,
131707,1860.7,2.9,103.8,102.4,362.0,2002.0,17.0,1,
131807,1860.7,2.3,103.8,102.4,362.0,2002.0,17.0,1,
131907,1860.5,2.3,103.8,100.8,362.0,2002.0,17.0,1,
132007,1861.0,25.8,103.8,108.9,362.0,2002.0,17.0,1,
132107,1854.7,227.9,110.3,28.8,768.0,5263.0,18.0,1,
132207,1878.5,184.6,107.4,29.6,575.0,4281.0,16.0,1,
132307,1858.4,246.0,107.1,34.2,530.0,4477.0,17.0,1,
132407,1845.4,128.7,117.4,34.9,449.0,3595.0,17.0,1,
132607,1858.0,76.7,113.7,28.1,341.0,1956.0,17.0,1,
132707,1869.2,14.1,113.6,28.5,344.0,1814.0,17.0,1,
132807,1858.3,6.2,113.6,34.9,344.0,1814.0,17.0,1,
132907,1857.5,4.1,113.6,46.3,344.0,1814.0,17.0,1,
133007,1865.7,4.4,113.6,38.2,344.0,1814.0,17.0,1,
133107,1861.8,2.3,113.5,66.6,344.0,1814.0,17.0,1,
133207,1860.1,2.7,113.5,100.1,344.0,1814.0,17.0,1,
133307,1861.4,2.6,113.5,99.8,344.0,1814.0,17.0,1,
133407,1859.8,2.8,113.5,99.9,344.0,1814.0,17.0,1,
133607,1860.3,2.8,113.6,100.2,344.0,1814.0,17.0,1,
133707,1891.4,198.7,104.9,56.9,746.0,5278.0,18.0,1,
133807,1835.3,236.1,109.1,36.0,708.0,4885.0,17.0,1,
133907,1844.8,159.6,108.4,34.8,568.0,4428.0,17.0,1,
134007,1872.3,145.9,99.5,34.9,432.0,3416.0,17.0,1,
134107,1864.6,81.5,99.5,36.2,336.0,2455.0,17.0,1,
134207,1871.0,98.6,106.5,34.7,323.0,1967.0,17.0,1,
134307,1850.8,24.6,106.5,35.1,374.0,2153.0,18.0,1,
134407,1859.2,7.2,106.5,30.1,374.0,2153.0,18.0,1,
134607,1864.5,6.4,106.5,30.1,374.0,2153.0,18.0,1,
134707,1864.8,3.6,106.5,48.7,374.0,2153.0,18.0,1,
134807,1861.5,2.1,106.4,106.6,374.0,2153.0,18.0,1,
134907,1861.6,2.6,106.4,102.0,374.0,2153.0,18.0,1,
135007,1861.4,2.4,106.4,100.5,374.0,2153.0,18.0,1,
135107,1861.1,2.2,106.4,101.8,374.0,2153.0,18.0,1,
135207,1860.4,2.6,106.4,104.2,374.0,2153.0,18.0,1,
135307,1864.8,152.9,106.2,47.1,451.0,4151.0,19.0,1,
135407,1848.0,206.0,102.7,35.0,655.0,4695.0,17.0,1,
135607,1866.5,92.1,100.2,34.6,485.0,3773.0,16.0,1,
135707,1859.2,76.0,97.6,35.4,354.0,2750.0,17.0,1,
135807,1868.7,139.4,91.6,65.5,304.0,1873.0,18.0,1,
135907,1856.2,42.9,93.4,30.2,303.0,1787.0,17.0,1,
136007,1861.9,7.4,93.4,29.9,303.0,1787.0,17.0,1,
136107,1857.7,3.0,93.4,29.3,303.0,1787.0,17.0,1,
136207,1864.1,5.3,93.4,30.1,303.0,1787.0,17.0,1,
136307,1865.2,3.3,93.4,36.8,303.0,1787.0,17.0,1,
136407,1860.3,2.2,93.4,112.6,303.0,1787.0,17.0,1,
136607,1861.4,2.5,93.4,105.8,303.0,1787.0,17.0,1,
136707,1860.3,1.9,93.4,103.7,303.0,1787.0,17.0,1,
136807,1861.6,4.0,93.4,100.4,303.0,1787.0,17.0,1,
136907,1853.8,91.8,93.2,90.7,426.0,3984.0,19.0,1,
137007,1882.6,206.7,92.7,35.8,701.0,4981.0,25.0,0,
137107,1879.6,119.5,93.3,35.3,550.0,4601.0,18.0,1,
137207,1838.4,232.0,95.2,35.1,508.0,4101.0,17.0,1,
137307,1866.0,113.2,105.5,35.7,304.0,2526.0,17.0,1,
137407,1869.4,133.5,111.4,29.9,256.0,1796.0,18.0,1,
137607,1859.5,8.4,110.5,30.0,256.0,1796.0,18.0,1,
137707,1855.9,5.1,110.5,28.3,256.0,1796.0,18.0,1,
137807,1861.5,3.5,110.5,28.0,256.0,1796.0,18.0,1,
137907,1862.8,2.9,110.5,37.5,256.0,1796.0,18.0,1,
138007,1857.9,4.5,110.6,77.7,256.0,1796.0,18.0,1,
138107,1859.5,3.0,110.6,99.7,256.0,1796.0,18.0,1,
138207,1858.9,2.9,110.6,101.9,256.0,1796.0,18.0,1,
138307,1859.4,3.5,110.6,104.7,256.0,1796.0,18.0,1,
138407,1859.9,2.2,110.6,92.0,256.0,1796.0,18.0,1,
138607,1886.6,211.6,115.4,84.8,714.0,5123.0,25.0,0,
138707,1834.3,253.7,117.5,41.8,588.0,4726.0,17.0,1,
138807,1845.4,157.3,119.9,34.7,474.0,4048.0,17.0,1,
138907,1882.4,103.7,118.6,35.3,331.0,2695.0,27.0,0,
139007,1860.8,121.1,116.9,36.2,224.0,1961.0,16.0,1,
139107,1860.6,91.6,121.4,29.8,217.0,1653.0,17.0,1,
139207,1863.0,12.6,121.4,29.8,229.0,1660.0,17.0,1,
139307,1859.8,4.2,121.4,28.2,229.0,1660.0,17.0,1,
139407,1860.2,4.0,121.4,27.9,229.0,1660.0,17.0,1,
139607,1864.7,3.0,121.3,77.8,229.0,1660.0,17.0,1,
139707,1858.9,2.6,121.3,88.6,229.0,1660.0,17.0,1,
139807,1860.7,2.3,121.3,99.4,229.0,1660.0,17.0,1,
139907,1861.0,2.1,121.3,100.6,229.0,1660.0,17.0,1,
140007,1859.7,2.5,121.2,99.6,229.0,1660.0,17.0,1,
140107,1860.1,3.3,121.3,100.0,229.0,1660.0,17.0,1,
140207,1861.7,224.2,118.6,35.2,813.0,5656.0,26.0,0,
140307,1855.4,217.1,120.5,37.0,592.0,4603.0,17.0,1,
140407,1877.0,127.1,119.0,35.4,478.0,4185.0,17.0,1,
140607,1839.7,181.7,116.4,34.8,227.0,2024.0,17.0,1,
140707,1862.3,89.7,113.7,35.8,262.0,1726.0,17.0,1,
140807,1862.6,17.7,113.7,36.0,252.0,1613.0,16.0,1,
140907,1859.9,5.6,113.7,28.3,252.0,1613.0,16.0,1,
141007,1858.6,4.1,113.7,27.6,252.0,1613.0,16.0,1,
141107,1864.7,4.8,113.7,36.7,252.0,1613.0,16.0,1,
141207,1862.3,3.2,113.7,52.9,252.0,1613.0,16.0,1,
141307,1859.6,2.7,113.7,102.2,252.0,1613.0,16.0,1,
141407,1861.2,2.2,113.7,108.9,252.0,1613.0,16.0,1,
141607,1860.0,3.2,113.7,102.3,252.0,1613.0,16.0,1,
141707,1861.1,2.5,113.7,99.2,252.0,1613.0,16.0,1,
141807,1864.7,150.8,113.7,41.0,806.0,5625.0,26.0,0,
141907,1868.9,192.3,110.2,35.8,629.0,4681.0,17.0,1,
142007,1871.4,165.1,107.6,35.3,530.0,4354.0,17.0,1,
142107,1843.9,163.0,106.1,35.0,464.0,3585.0,17.0,1,
142207,1849.8,88.3,105.7,35.1,299.0,2151.0,17.0,1,
142307,1879.8,69.1,94.9,30.0,321.0,1896.0,17.0,1,
142407,1851.3,25.5,95.0,34.7,310.0,1888.0,17.0,1,
142607,1856.2,6.1,95.0,46.6,310.0,1888.0,17.0,1,
142707,1859.8,4.1,95.1,44.5,310.0,1888.0,17.0,1,
142807,1861.2,4.0,95.1,51.1,310.0,1888.0,17.0,1,
142907,1859.1,2.6,95.1,87.5,310.0,1888.0,17.0,1,
143007,1860.3,2.0,95.1,68.8,310.0,1888.0,17.0,1,
143107,1860.0,2.9,95.1,69.0,310.0,1888.0,17.0,1,
143207,1860.1,2.6,95.1,80.0,310.0,1888.0,17.0,1,
143307,1860.2,2.0,95.2,100.9,310.0,1888.0,17.0,1,
143407,1881.6,121.7,95.1,49.0,426.0,3918.0,26.0,0,
143607,1862.0,161.9,103.6,36.1,566.0,4634.0,18.0,1,
143707,1855.3,135.5,102.6,35.5,460.0,3689.0,17.0,1,
143807,1885.9,74.7,98.4,34.7,276.0,2376.0,17.0,1,
143907,1861.9,69.8,98.4,35.0,250.0,1870.0,16.0,1,
144007,1857.0,48.1,98.7,36.7,323.0,1794.0,17.0,1,
144107,1855.3,6.1,98.7,40.8,323.0,1794.0,17.0,1,
144207,1857.4,4.9,98.7,37.3,323.0,1794.0,17.0,1,
144307,1860.4,3.3,98.7,36.6,323.0,1794.0,17.0,1,
144407,1863.5,2.2,98.7,41.9,323.0,1794.0,17.0,1,
144607,1860.2,2.8,98.7,110.3,323.0,1794.0,17.0,1,
144707,1860.4,2.2,98.7,108.1,323.0,1794.0,17.0,1,
144807,1860.9,2.5,98.6,104.7,323.0,1794.0,17.0,1,
144907,1860.4,2.2,98.6,100.1,323.0,1794.0,17.0,1,
145007,1849.9,66.0,98.6,99.8,323.0,1794.0,17.0,1,
145107,1867.0,151.5,87.9,34.9,673.0,4955.0,25.0,0,
145207,1870.0,145.6,86.1,34.9,503.0,4395.0,16.0,1,
145307,1874.9,103.2,85.2,35.0,497.0,4036.0,17.0,1,
145407,1875.9,80.4,82.7,35.4,356.0,2913.0,18.0,1,
145607,1860.8,79.5,89.4,35.2,295.0,1845.0,17.0,1,
145707,1868.8,9.6,89.4,28.9,295.0,1845.0,17.0,1,
145807,1857.8,6.0,89.4,27.2,295.0,1845.0,17.0,1,
145907,1858.0,4.1,89.4,26.2,295.0,1845.0,17.0,1,
146007,1864.4,3.0,89.4,26.9,295.0,1845.0,17.0,1,
146107,1860.9,3.2,89.4,91.6,295.0,1845.0,17.0,1,
146207,1860.1,2.4,89.4,134.6,295.0,1845.0,17.0,1,
146307,1860.9,1.9,89.4,134.0,295.0,1845.0,17.0,1,
146407,1860.7,2.9,89.4,123.0,295.0,1845.0,17.0,1,
146607,1860.4,1.8,89.4,123.7,295.0,1845.0,17.0,1,
146707,1872.9,165.1,88.9,36.2,787.0,5601.0,26.0,0,
146807,1866.8,297.7,90.9,35.1,588.0,4691.0,17.0,1,
146907,1848.5,156.4,109.8,35.1,458.0,4021.0,17.0,1,
147007,1866.7,129.9,118.2,34.5,366.0,3019.0,18.0,1,
147107,1853.3,81.3,118.2,28.7,283.0,1926.0,17.0,1,
147207,1876.9,124.9,118.9,29.5,315.0,1819.0,16.0,1,
147307,1855.1,15.7,118.8,29.9,314.0,1899.0,17.0,1,
147407,1858.4,5.6,118.8,29.8,314.0,1899.0,17.0,1,
147607,1863.2,4.4,118.8,27.5,314.0,1899.0,17.0,1,
147707,1862.8,3.0,118.8,51.6,314.0,1899.0,17.0,1,
147807,1860.2,2.0,118.8,91.5,314.0,1899.0,17.0,1,
147907,1861.0,2.4,118.8,92.2,314.0,1899.0,17.0,1,
148007,1861.1,2.4,118.8,99.7,314.0,1899.0,17.0,1,
148107,1860.6,2.0,118.8,110.5,314.0,1899.0,17.0,1,
148207,1860.3,2.3,118.8,109.2,314.0,1899.0,17.0,1,
148307,1876.1,175.8,118.3,36.6,731.0,5506.0,26.0,0,
148407,1838.0,194.0,118.0,36.2,631.0,4693.0,25.0,0,
148607,1860.4,157.3,91.8,34.8,426.0,3374.0,17.0,1,
148707,1878.8,78.2,97.2,34.6,259.0,2235.0,16.0,1,
148807,1868.6,78.9,96.6,34.7,221.0,1519.0,16.0,1,
148907,1848.9,21.0,90.0,34.9,251.0,1625.0,16.0,1,
149007,1860.2,4.9,90.0,37.1,251.0,1625.0,16.0,1,
149107,1858.0,3.7,90.0,40.7,251.0,1625.0,16.0,1,
149207,1862.7,4.2,89.9,42.4,251.0,1625.0,16.0,1,
149307,1864.5,3.1,89.9,47.5,251.0,1625.0,16.0,1,
149407,1860.0,2.7,89.9,105.3,251.0,1625.0,16.0,1,
149607,1860.7,1.9,90.0,89.4,251.0,1625.0,16.0,1,
149707,1860.7,2.3,90.0,99.0,251.0,1625.0,16.0,1,
149807,1860.9,2.4,89.9,99.9,251.0,1625.0,16.0,1,
149907,1843.7,132.1,89.9,44.6,421.0,3747.0,26.0,0,
150007,1865.8,222.8,98.5,35.4,634.0,4630.0,17.0,1,
150107,1873.8,129.5,99.2,35.5,485.0,4243.0,16.0,1,
150207,1865.1,94.8,98.5,35.8,465.0,3584.0,17.0,1,
150307,1855.0,88.5,99.6,34.8,349.0,2820.0,28.0,0,
150407,1858.1,76.6,99.6,34.3,242.0,1574.0,17.0,1,
150607,1861.3,6.2,99.7,36.5,242.0,1574.0,17.0,1,
150707,1857.5,4.8,99.7,37.2,242.0,1574.0,17.0,1,
150807,1861.1,4.4,99.7,38.7,242.0,1574.0,17.0,1,
150907,1864.0,2.8,99.7,43.5,242.0,1574.0,17.0,1,
151007,1859.8,2.8,99.8,103.3,242.0,1574.0,17.0,1,
151107,1860.0,2.0,99.8,123.4,242.0,1574.0,17.0,1,
151207,1860.8,2.5,99.8,110.6,242.0,1574.0,17.0,1,
151307,1861.0,2.1,99.8,100.5,242.0,1574.0,17.0,1,
151407,1860.0,2.0,99.8,100.2,242.0,1574.0,17.0,1,
151607,1886.4,180.8,90.1,36.6,806.0,5342.0,26.0,0,
151707,1856.5,143.6,90.3,35.5,540.0,4533.0,17.0,1,
151807,1848.8,120.6,90.1,35.2,447.0,3982.0,17.0,1,
151907,1867.7,91.0,83.5,35.3,335.0,2657.0,28.0,0,
152007,1857.4,89.5,83.8,36.8,216.0,1798.0,17.0,1,
152107,1873.5,64.5,84.8,34.8,284.0,1825.0,16.0,1,
152207,1859.3,9.7,84.8,41.3,284.0,1825.0,16.0,1,
152307,1858.1,4.4,84.8,41.8,284.0,1825.0,16.0,1,
152407,1860.1,5.9,84.8,41.6,284.0,1825.0,16.0,1,
152607,1860.8,2.6,84.8,88.9,284.0,1825.0,16.0,1,
152707,1860.2,2.8,84.8,115.0,284.0,1825.0,16.0,1,
152807,1861.4,3.0,84.8,102.5,284.0,1825.0,16.0,1,
152907,1862.3,2.3,84.7,91.3,284.0,1825.0,16.0,1,
153007,1861.9,2.3,84.7,112.1,284.0,1825.0,16.0,1,
153107,1861.3,1.5,84.7,112.0,284.0,1825.0,16.0,1,
153207,1867.2,186.7,93.4,34.7,706.0,5002.0,25.0,0,
153307,1838.8,179.1,89.7,34.5,561.0,4590.0,16.0,1,
153407,1870.5,146.4,91.5,34.7,458.0,3899.0,17.0,1,
153607,1868.7,82.1,95.6,37.6,240.0,1835.0,17.0,1,
153707,1859.7,121.7,96.8,30.0,267.0,1673.0,17.0,1,
153807,1864.5,14.8,98.0,29.5,305.0,1960.0,16.0,1,
153907,1859.1,4.6,98.0,36.9,305.0,1960.0,16.0,1,
154007,1859.1,4.0,98.0,36.2,305.0,1960.0,16.0,1,
154107,1866.2,3.9,98.0,38.8,305.0,1960.0,16.0,1,
154207,1861.4,3.1,98.0,66.1,305.0,1960.0,16.0,1,
154307,1860.0,2.0,98.0,98.9,305.0,1960.0,16.0,1,
154407,1861.0,2.0,98.0,101.0,305.0,1960.0,16.0,1,
154607,1861.5,2.6,98.1,101.4,305.0,1960.0,16.0,1,
154707,1860.4,2.1,98.1,99.1,305.0,1960.0,16.0,1,
154807,1842.2,158.3,93.0,36.4,753.0,5352.0,26.0,0,
154907,1877.3,174.0,92.3,35.4,566.0,4230.0,17.0,1,
155007,1874.8,121.4,91.4,35.6,475.0,4200.0,17.0,1,
155107,1857.3,76.1,90.1,36.6,419.0,3116.0,27.0,0,
155207,1848.3,91.1,86.9,37.8,231.0,2140.0,27.0,0,
155307,1863.2,84.9,85.0,30.1,242.0,1540.0,17.0,1,
155407,1866.4,20.4,85.5,29.6,256.0,1644.0,16.0,1,
155607,1858.5,3.2,85.5,39.0,256.0,1644.0,16.0,1,
155707,1864.2,4.4,85.5,38.4,256.0,1644.0,16.0,1,
155807,1865.6,3.4,85.5,48.6,256.0,1644.0,16.0,1,
155907,1860.9,2.0,85.4,99.8,256.0,1644.0,16.0,1,
156007,1861.6,2.5,85.4,99.6,256.0,1644.0,16.0,1,
156107,1862.2,2.3,85.4,100.5,256.0,1644.0,16.0,1,
156207,1861.3,2.3,85.4,103.1,256.0,1644.0,16.0,1,
156307,1861.9,2.8,85.4,100.0,256.0,1644.0,16.0,1,
156407,1857.2,125.6,86.0,41.3,727.0,5491.0,26.0,0,
156607,1848.0,176.1,96.7,35.1,506.0,4200.0,16.0,1,
156707,1852.0,112.0,96.7,35.4,463.0,3530.0,17.0,1,
156807,1867.0,115.8,96.6,30.3,241.0,2048.0,17.0,1,
156907,1861.5,118.9,101.3,30.1,259.0,1778.0,16.0,1,
157007,1870.5,38.9,101.7,30.2,292.0,1839.0,16.0,1,
157107,1862.5,5.7,101.7,28.1,292.0,1839.0,16.0,1,
157207,1858.5,3.4,101.7,28.1,292.0,1839.0,16.0,1,
157307,1864.8,5.7,101.7,27.7,292.0,1839.0,16.0,1,
157407,1864.0,3.0,101.7,43.6,292.0,1839.0,16.0,1,
157607,1862.5,2.2,101.7,99.2,292.0,1839.0,16.0,1,
157707,1862.0,2.6,101.7,100.5,292.0,1839.0,16.0,1,
157807,1862.0,2.6,101.7,103.2,292.0,1839.0,16.0,1,
157907,1862.2,2.5,101.7,100.0,292.0,1839.0,16.0,1,
158007,1881.5,86.1,101.5,46.7,419.0,3800.0,26.0,0,
158107,1834.6,160.3,101.0,35.5,737.0,5160.0,26.0,0,
158207,1844.2,144.8,92.6,35.5,432.0,4306.0,17.0,1,
158307,1874.0,116.8,92.1,35.8,428.0,3491.0,17.0,1,
158407,1870.3,92.8,91.9,35.7,293.0,2313.0,28.0,0,
158607,1866.0,56.9,86.3,29.4,225.0,1555.0,17.0,1,
158707,1856.9,7.5,86.3,29.6,225.0,1555.0,17.0,1,
158807,1860.1,3.7,86.3,28.8,225.0,1555.0,17.0,1,
158907,1860.7,4.3,86.3,27.6,225.0,1555.0,17.0,1,
159007,1865.9,4.2,86.3,30.2,225.0,1555.0,17.0,1,
159107,1861.8,2.6,86.3,87.4,225.0,1555.0,17.0,1,
159207,1859.7,2.5,86.3,100.2,225.0,1555.0,17.0,1,
159307,1861.1,2.4,86.4,113.2,225.0,1555.0,17.0,1,
159407,1860.9,2.1,86.4,105.6,225.0,1555.0,17.0,1,
159607,1849.2,76.6,86.4,101.4,225.0,1555.0,17.0,1,
159707,1856.7,141.7,85.8,35.9,667.0,4726.0,25.0,0,
159807,1874.4,151.5,86.9,35.6,479.0,4376.0,17.0,1,
159907,1882.2,86.0,85.6,35.7,487.0,4086.0,18.0,1,
160007,1841.1,81.0,85.6,35.4,341.0,2756.0,27.0,0,
160107,1856.1,84.7,86.2,35.1,236.0,1927.0,17.0,1,
160207,1867.1,58.3,81.5,34.3,245.0,1611.0,17.0,1,
160307,1868.3,8.9,81.6,29.9,245.0,1611.0,17.0,1,
160407,1859.1,4.2,81.6,44.8,245.0,1611.0,17.0,1,
160607,1866.9,4.7,81.6,67.1,245.0,1611.0,17.0,1,
160707,1861.5,2.2,81.6,89.5,245.0,1611.0,17.0,1,
160807,1860.1,2.3,81.6,98.9,245.0,1611.0,17.0,1,
160907,1861.9,2.4,81.6,78.2,245.0,1611.0,17.0,1,
161007,1860.8,2.0,81.6,76.8,245.0,1611.0,17.0,1,
161107,1860.7,2.1,81.6,90.4,245.0,1611.0,17.0,1,
161207,1861.1,18.8,81.6,100.0,245.0,1611.0,17.0,1,
161307,1859.0,113.4,82.0,37.3,708.0,5238.0,26.0,0,
161407,1877.5,161.7,80.2,35.4,546.0,4466.0,17.0,1,
161607,1843.2,92.7,82.2,35.8,315.0,2591.0,27.0,0,
161707,1875.0,91.8,83.7,34.8,235.0,1903.0,16.0,1,
161807,1862.3,105.3,88.1,30.1,271.0,1739.0,16.0,1,
161907,1864.1,14.2,88.0,29.9,248.0,1584.0,18.0,1,
162007,1858.5,5.9,88.0,29.4,248.0,1584.0,18.0,1,
162107,1859.8,3.4,88.0,27.2,248.0,1584.0,18.0,1,
162207,1868.0,6.2,88.0,27.0,248.0,1584.0,18.0,1,
162307,1863.4,3.3,88.0,68.7,248.0,1584.0,18.0,1,
162407,1860.6,2.4,88.0,109.5,248.0,1584.0,18.0,1,
162607,1861.1,2.3,88.0,100.4,248.0,1584.0,18.0,1,
162707,1861.3,2.7,88.0,101.5,248.0,1584.0,18.0,1,
162807,1860.2,1.9,88.0,103.3,248.0,1584.0,18.0,1,
162907,1855.5,147.4,88.4,37.2,714.0,5453.0,26.0,0,
163007,1857.5,153.7,88.4,35.2,684.0,4972.0,18.0,1,
163107,1854.1,107.3,84.4,35.1,467.0,4153.0,17.0,1,
163207,1875.9,77.6,83.7,35.3,413.0,3185.0,17.0,1,
163307,1879.2,123.0,82.7,35.8,275.0,2136.0,17.0,1,
163407,1845.5,118.6,82.9,34.8,358.0,1938.0,17.0,1,
163607,1860.0,6.5,80.4,29.6,358.0,1938.0,17.0,1,
163707,1857.6,3.0,80.5,26.7,358.0,1938.0,17.0,1,
163807,1865.2,6.0,80.5,26.5,358.0,1938.0,17.0,1,
163907,1863.3,2.6,80.5,35.2,358.0,1938.0,17.0,1,
164007,1859.7,2.0,80.5,100.4,358.0,1938.0,17.0,1,
164107,1861.6,2.1,80.5,88.0,358.0,1938.0,17.0,1,
164207,1861.3,2.2,80.5,100.8,358.0,1938.0,17.0,1,
164307,1861.3,2.1,80.5,103.9,358.0,1938.0,17.0,1,
164407,1861.9,2.3,80.5,122.1,358.0,1938.0,17.0,1,
164607,1875.0,158.6,82.3,35.3,698.0,4904.0,18.0,1,
164707,1862.1,233.3,83.6,34.9,480.0,4312.0,17.0,1,
164807,1876.6,102.4,94.3,35.1,426.0,3371.0,17.0,1,
164907,1850.8,82.2,93.0,34.9,285.0,2273.0,16.0,1,
165007,1844.5,64.8,92.1,30.2,286.0,1775.0,17.0,1,
165107,1881.2,27.6,90.4,30.1,286.0,1619.0,17.0,1,
165207,1862.0,5.9,90.4,34.7,286.0,1619.0,17.0,1,
165307,1857.5,4.0,90.4,66.7,286.0,1619.0,17.0,1,
165407,1862.7,4.3,90.4,66.1,286.0,1619.0,17.0,1,
165607,1860.9,2.5,90.3,101.0,286.0,1619.0,17.0,1,
165707,1862.0,2.2,90.3,102.4,286.0,1619.0,17.0,1,
165807,1861.4,1.7,90.3,108.6,286.0,1619.0,17.0,1,
165907,1861.5,2.4,90.3,109.7,286.0,1619.0,17.0,1,
166007,1862.6,2.5,90.3,102.2,286.0,1619.0,17.0,1,
166107,1863.8,126.8,91.4,71.5,408.0,3908.0,19.0,1,
166207,1870.7,164.0,94.8,35.5,648.0,4770.0,17.0,1,
166307,1849.4,144.4,93.4,34.8,483.0,4117.0,17.0,1,
166407,1870.8,118.5,96.6,35.1,461.0,3911.0,18.0,1,
166607,1873.7,68.3,96.9,35.0,309.0,1837.0,17.0,1,
166707,1873.9,54.0,97.3,34.9,300.0,1844.0,16.0,1,
166807,1859.9,6.5,97.3,37.3,300.0,1844.0,16.0,1,
166907,1859.5,3.3,97.3,68.0,300.0,1844.0,16.0,1,
167007,1861.2,3.6,97.3,68.8,300.0,1844.0,16.0,1,
167107,1865.0,3.2,97.3,67.2,300.0,1844.0,16.0,1,
167207,1858.8,4.1,97.3,82.8,300.0,1844.0,16.0,1,
167307,1859.1,2.9,97.3,108.6,300.0,1844.0,16.0,1,
167407,1859.0,4.4,97.4,100.6,300.0,1844.0,16.0,1,
167607,1859.5,2.7,97.4,90.3,300.0,1844.0,16.0,1,
167707,1860.4,40.5,97.4,108.5,300.0,1844.0,16.0,1,
167807,1849.4,192.1,94.1,39.4,657.0,5034.0,26.0,0,
167907,1856.3,133.1,92.6,35.7,505.0,4366.0,17.0,1,
168007,1874.3,144.6,79.4,35.3,439.0,3560.0,28.0,0,
168107,1860.0,89.7,81.2,35.4,266.0,2027.0,28.0,0,
168207,1874.3,93.6,81.6,34.7,183.0,1499.0,17.0,1,
168307,1853.9,60.0,81.3,34.7,200.0,1377.0,17.0,1,
168407,1862.5,8.0,81.3,30.0,202.0,1361.0,18.0,1,
168607,1856.3,8.1,81.3,48.4,202.0,1361.0,18.0,1,
168707,1863.5,3.5,81.4,65.5,202.0,1361.0,18.0,1,
168807,1862.3,2.1,81.3,74.4,202.0,1361.0,18.0,1,
168907,1860.1,3.1,81.3,85.8,202.0,1361.0,18.0,1,
169007,1859.7,3.1,81.3,83.0,202.0,1361.0,18.0,1,
169107,1860.6,2.6,81.2,89.6,202.0,1361.0,18.0,1,
169207,1861.0,2.5,81.2,86.7,202.0,1361.0,18.0,1,
169307,1859.6,3.7,81.2,78.8,202.0,1361.0,18.0,1,
169407,1835.1,155.0,82.7,36.5,693.0,5240.0,18.0,1,
169607,1864.4,103.5,83.0,35.1,462.0,4200.0,16.0,1,
169707,1847.8,74.8,81.2,35.2,395.0,3022.0,17.0,1,
169807,1866.3,129.3,82.3,35.2,289.0,2098.0,18.0,1,
169907,1852.8,63.2,83.5,30.2,269.0,1593.0,16.0,1,
170007,1875.7,13.5,83.5,29.7,268.0,1493.0,17.0,1,
170107,1860.2,5.6,83.5,29.0,268.0,1493.0,17.0,1,
170207,1859.1,3.8,83.5,29.8,268.0,1493.0,17.0,1,
170307,1860.4,2.5,83.5,42.0,268.0,1493.0,17.0,1,
170407,1860.4,3.0,83.5,72.1,268.0,1493.0,17.0,1,
170607,1859.9,2.0,83.5,98.9,268.0,1493.0,17.0,1,
170707,1860.3,3.4,83.5,100.3,268.0,1493.0,17.0,1,
170807,1860.5,3.1,83.5,90.6,268.0,1493.0,17.0,1,
170907,1860.0,2.5,83.5,90.9,268.0,1493.0,17.0,1,
171007,1859.7,118.8,83.0,42.4,730.0,5575.0,26.0,0,
171107,1883.0,141.0,92.0,35.1,720.0,5058.0,18.0,1,
171207,1836.7,139.5,91.0,34.8,496.0,4486.0,17.0,1,
171307,1859.2,102.1,90.4,34.9,397.0,3092.0,17.0,1,
171407,1875.4,110.0,90.6,36.0,238.0,1971.0,18.0,1,
171607,1870.2,25.9,90.8,30.0,214.0,1439.0,18.0,1,
171707,1863.3,4.0,90.8,30.0,214.0,1439.0,18.0,1,
171807,1862.2,4.5,90.8,36.4,214.0,1439.0,18.0,1,
171907,1862.7,4.7,90.7,44.6,214.0,1439.0,18.0,1,
172007,1859.1,4.0,90.8,83.6,214.0,1439.0,18.0,1,
172107,1860.3,3.2,90.8,102.1,214.0,1439.0,18.0,1,
172207,1860.2,4.2,90.8,112.8,214.0,1439.0,18.0,1,
172307,1864.0,4.4,90.7,111.6,214.0,1439.0,18.0,1,
172407,1864.7,4.1,90.7,100.5,214.0,1439.0,18.0,1,
172607,1866.6,133.2,89.9,88.9,402.0,2958.0,28.0,0,
172707,1850.1,173.0,80.1,99.8,577.0,4787.0,27.0,0,
172807,1846.1,151.6,76.8,100.6,425.0,3699.0,19.0,1,
172907,1872.4,117.1,80.0,99.7,351.0,2600.0,28.0,0,
173007,1859.4,88.3,80.0,36.0,205.0,1369.0,28.0,0,
173107,1852.5,68.0,78.4,35.4,201.0,1377.0,18.0,1,
173207,1878.8,40.5,79.3,44.0,169.0,1303.0,3.0,1,
173307,1857.3,6.4,79.3,40.6,169.0,1303.0,3.0,1,
173407,1856.5,5.7,79.5,29.2,169.0,1303.0,3.0,1,
173607,1860.1,2.8,79.6,34.7,169.0,1303.0,3.0,1,
173707,1861.5,3.6,79.5,99.6,169.0,1303.0,3.0,1,
173807,1858.9,4.7,79.6,93.2,169.0,1303.0,3.0,1,
173907,1859.0,2.4,79.7,91.1,169.0,1303.0,3.0,1,
174007,1863.2,5.1,79.7,86.2,169.0,1303.0,3.0,1,
174107,1863.3,3.4,79.7,83.4,169.0,1303.0,3.0,1,
174207,1849.3,75.0,79.8,78.8,388.0,3203.0,28.0,0,
174307,1857.2,204.0,84.4,50.8,523.0,4320.0,18.0,1,
174407,1873.3,93.8,82.3,48.1,437.0,3967.0,18.0,1,
174607,1845.2,96.2,80.9,37.0,303.0,2243.0,18.0,1,
174707,1858.0,74.3,80.9,35.8,266.0,1681.0,17.0,1,
174807,1867.9,48.9,77.4,28.3,240.0,1582.0,18.0,1,
174907,1865.9,7.3,77.5,29.6,240.0,1582.0,18.0,1,
175007,1861.4,3.9,77.3,29.3,240.0,1582.0,18.0,1,
175107,1861.5,2.6,77.2,29.0,240.0,1582.0,18.0,1,
175207,1864.1,3.7,77.1,29.5,240.0,1582.0,18.0,1,
175307,1861.6,3.1,77.1,98.9,240.0,1582.0,18.0,1,
175407,1859.6,3.0,77.1,99.8,240.0,1582.0,18.0,1,
175607,1861.3,2.4,77.0,89.8,240.0,1582.0,18.0,1,
175707,1860.5,2.8,77.1,92.0,240.0,1582.0,18.0,1,
175807,1860.8,1.6,77.1,93.0,240.0,1582.0,18.0,1,
175907,1868.6,113.2,83.0,35.7,797.0,5519.0,18.0,1,
176007,1856.0,207.1,85.7,35.2,655.0,4634.0,17.0,1,
176107,1852.7,201.7,88.6,35.1,519.0,4329.0,16.0,1,
176207,1848.1,98.7,92.9,34.9,414.0,3282.0,17.0,1,
176307,1875.8,102.1,99.2,35.0,270.0,2178.0,17.0,1,
176407,1862.6,145.8,115.1,29.2,259.0,1907.0,16.0,1,
176607,1860.5,4.4,115.5,37.9,259.0,1907.0,16.0,1,
176707,1861.4,3.7,115.5,30.2,259.0,1907.0,16.0,1,
176807,1864.6,3.2,115.5,25.5,259.0,1907.0,16.0,1,
176907,1862.5,3.5,115.5,66.6,259.0,1907.0,16.0,1,
177007,1860.2,2.8,115.5,102.2,259.0,1907.0,16.0,1,
177107,1861.5,2.7,115.5,100.6,259.0,1907.0,16.0,1,
177207,1860.6,2.8,115.5,100.0,259.0,1907.0,16.0,1,
177307,1861.3,2.7,115.5,100.8,259.0,1907.0,16.0,1,
177407,1862.5,3.0,115.4,122.3,259.0,1907.0,16.0,1,
177607,1854.4,207.4,116.8,35.7,613.0,4659.0,17.0,1,
177707,1866.9,187.9,119.4,36.2,500.0,4337.0,16.0,1,
177807,1870.6,96.4,117.5,36.4,424.0,3403.0,17.0,1,
177907,1880.9,97.0,117.1,34.5,345.0,2403.0,18.0,1,
178007,1843.0,80.7,105.5,30.0,259.0,1807.0,17.0,1,
178107,1867.6,20.1,101.7,29.7,232.0,1707.0,17.0,1,
178207,1860.8,4.1,101.7,35.8,232.0,1707.0,17.0,1,
178307,1860.4,3.2,101.7,39.1,232.0,1707.0,17.0,1,
178407,1864.3,3.4,101.7,37.5,232.0,1707.0,17.0,1,
178607,1861.6,2.1,101.7,98.7,232.0,1707.0,17.0,1,
178707,1862.0,2.4,101.7,99.6,232.0,1707.0,17.0,1,
178807,1860.9,2.4,101.7,101.4,232.0,1707.0,17.0,1,
178907,1860.7,2.5,101.7,101.8,232.0,1707.0,17.0,1,
179007,1860.9,2.2,101.7,101.9,232.0,1707.0,17.0,1,
179107,1843.2,145.9,102.5,52.3,717.0,5689.0,19.0,1,
179207,1886.1,132.0,100.4,35.4,691.0,4982.0,18.0,1,
179307,1862.8,267.0,95.3,34.8,488.0,4401.0,17.0,1,
179407,1856.0,92.1,102.0,35.3,457.0,3534.0,17.0,1,
179607,1845.2,81.5,105.8,35.4,246.0,1722.0,17.0,1,
179707,1879.7,32.4,106.1,30.0,265.0,1651.0,17.0,1,
179807,1862.4,5.0,106.1,29.3,265.0,1651.0,17.0,1,
179907,1858.7,3.4,106.1,38.9,265.0,1651.0,17.0,1,
180007,1861.3,3.0,106.2,52.3,265.0,1651.0,17.0,1,
180107,1863.2,2.5,106.2,66.6,265.0,1651.0,17.0,1,
180207,1861.0,2.3,106.2,117.2,265.0,1651.0,17.0,1,
180307,1860.5,2.1,106.2,122.2,265.0,1651.0,17.0,1,
180407,1861.2,2.5,106.2,101.4,265.0,1651.0,17.0,1,
180607,1860.9,2.3,106.2,101.5,265.0,1651.0,17.0,1,
180707,1870.0,145.5,109.8,42.5,426.0,4066.0,19.0,1,
180807,1864.7,272.0,108.5,36.0,687.0,5041.0,18.0,1,
180907,1840.9,168.2,116.9,35.5,502.0,4476.0,17.0,1,
181007,1865.8,192.7,109.1,35.9,437.0,3489.0,17.0,1,
181107,1854.5,105.9,101.0,29.2,274.0,2348.0,28.0,0,
181207,1871.4,83.0,101.7,29.6,237.0,1829.0,16.0,1,
181307,1862.0,70.3,101.4,29.1,244.0,1632.0,16.0,1,
181407,1857.3,5.9,101.4,28.1,244.0,1632.0,16.0,1,
181607,1859.1,3.4,101.4,39.7,244.0,1632.0,16.0,1,
181707,1861.8,2.4,101.5,39.5,244.0,1632.0,16.0,1,
181807,1862.7,2.9,101.4,98.6,244.0,1632.0,16.0,1,
181907,1861.1,2.5,101.4,100.2,244.0,1632.0,16.0,1,
182007,1860.4,2.0,101.4,99.6,244.0,1632.0,16.0,1,
182107,1861.0,2.5,101.4,101.2,244.0,1632.0,16.0,1,
182207,1860.9,2.2,101.4,103.1,244.0,1632.0,16.0,1,
182307,1871.4,33.5,101.2,130.5,244.0,1632.0,16.0,1,
182407,1841.5,175.0,96.3,35.6,686.0,5381.0,18.0,1,
182607,1868.7,104.3,87.0,35.3,479.0,3898.0,17.0,1,
182707,1868.1,68.8,80.7,35.8,334.0,2763.0,27.0,0,
182807,1862.6,125.6,81.4,35.8,248.0,2016.0,17.0,1,
182907,1856.6,125.3,83.2,29.8,244.0,1686.0,17.0,1,
183007,1864.5,10.8,84.3,29.8,238.0,1614.0,16.0,1,
183107,1859.1,3.7,84.3,34.8,238.0,1614.0,16.0,1,
183207,1860.3,2.7,84.3,36.1,238.0,1614.0,16.0,1,
183307,1859.8,2.5,84.3,36.4,238.0,1614.0,16.0,1,
183407,1861.9,2.6,84.4,52.9,238.0,1614.0,16.0,1,
183607,1862.2,2.9,84.3,106.3,238.0,1614.0,16.0,1,
183707,1861.6,2.2,84.3,99.4,238.0,1614.0,16.0,1,
183807,1861.0,1.9,84.3,78.7,238.0,1614.0,16.0,1,
183907,1860.4,2.9,84.3,83.1,238.0,1614.0,16.0,1,
184007,1852.2,143.9,83.6,36.0,675.0,5301.0,18.0,1,
184107,1886.4,134.4,85.0,35.4,640.0,4633.0,17.0,1,
184207,1857.3,188.2,84.5,35.2,454.0,4348.0,17.0,1,
184307,1848.8,89.5,88.8,35.6,400.0,3268.0,17.0,1,
184407,1864.4,111.6,91.7,36.2,259.0,2121.0,17.0,1,
184607,1866.0,21.8,93.2,37.7,262.0,1683.0,16.0,1,
184707,1859.8,4.5,93.2,35.2,262.0,1683.0,16.0,1,
184807,1862.5,5.7,93.1,29.2,262.0,1683.0,16.0,1,
184907,1863.6,3.7,93.1,29.8,262.0,1683.0,16.0,1,
185007,1862.4,3.0,93.1,35.3,262.0,1683.0,16.0,1,
185107,1862.3,3.3,93.1,72.9,262.0,1683.0,16.0,1,
185207,1864.2,4.2,93.1,75.6,262.0,1683.0,16.0,1,
185307,1863.5,3.0,93.1,78.5,262.0,1683.0,16.0,1,
185407,1863.2,5.0,93.1,99.9,262.0,1683.0,16.0,1,
185607,1882.8,127.7,93.8,40.8,774.0,5598.0,19.0,1,
185707,1852.7,242.0,94.9,35.7,670.0,4919.0,18.0,1,
185807,1838.7,151.8,100.9,35.3,500.0,4338.0,17.0,1,
185907,1862.8,111.6,100.6,35.1,417.0,3287.0,18.0,1,
186007,1859.7,96.0,96.9,35.9,249.0,2218.0,17.0,1,
186107,1876.8,84.1,98.0,35.5,268.0,1785.0,16.0,1,
186207,1851.0,23.8,93.0,30.1,271.0,1682.0,17.0,1,
186307,1860.8,5.3,93.0,30.1,271.0,1682.0,17.0,1,
186407,1859.1,4.1,93.0,29.1,271.0,1682.0,17.0,1,
186607,1860.3,3.6,93.0,39.1,271.0,1682.0,17.0,1,
186707,1861.2,2.7,93.0,88.8,271.0,1682.0,17.0,1,
186807,1861.5,2.7,93.1,99.8,271.0,1682.0,17.0,1,
186907,1861.5,3.1,93.1,101.0,271.0,1682.0,17.0,1,
187007,1861.8,2.6,93.1,101.0,271.0,1682.0,17.0,1,
187107,1861.8,3.7,93.1,90.5,271.0,1682.0,17.0,1,
187207,1876.6,127.0,94.4,38.2,445.0,4022.0,19.0,1,
187307,1839.5,181.0,95.0,36.2,658.0,4904.0,17.0,1,
187407,1878.5,162.7,98.6,36.0,481.0,4317.0,17.0,1,
187607,1870.5,91.4,102.9,35.0,276.0,2441.0,18.0,1,
187707,1855.3,123.7,105.2,30.1,266.0,1905.0,18.0,1,
187807,1856.4,38.7,105.3,29.9,264.0,1692.0,17.0,1,
187907,1860.3,4.8,105.3,36.7,264.0,1692.0,17.0,1,
188007,1859.1,2.9,105.3,28.1,264.0,1692.0,17.0,1,
188107,1863.1,3.6,105.3,28.3,264.0,1692.0,17.0,1,
188207,1862.1,3.3,105.3,36.8,264.0,1692.0,17.0,1,
188307,1860.4,2.6,105.3,69.0,264.0,1692.0,17.0,1,
188407,1860.5,4.9,105.3,93.2,264.0,1692.0,17.0,1,
188607,1862.3,2.5,105.3,101.9,264.0,1692.0,17.0,1,
188707,1861.6,2.9,105.3,100.6,264.0,1692.0,17.0,1,
188807,1853.5,81.3,104.1,99.3,429.0,3868.0,20.0,1,
188907,1874.8,173.1,103.2,36.3,707.0,5175.0,18.0,1,
189007,1876.8,246.0,100.4,35.3,522.0,4466.0,17.0,1,
189107,1853.0,245.8,103.0,35.0,452.0,4204.0,17.0,1,
189207,1855.3,117.3,110.4,35.2,343.0,2905.0,17.0,1,
189307,1862.8,77.5,107.4,28.8,261.0,1957.0,16.0,1,
189407,1860.7,57.0,106.5,29.2,308.0,1760.0,16.0,1,
189607,1860.2,3.5,106.5,40.9,308.0,1760.0,16.0,1,
189707,1864.9,4.1,106.5,54.2,308.0,1760.0,16.0,1,
189807,1864.8,3.5,106.4,51.0,308.0,1760.0,16.0,1,
189907,1863.0,3.0,106.4,69.2,308.0,1760.0,16.0,1,
190007,1862.0,2.4,106.4,89.8,308.0,1760.0,16.0,1,
190107,1861.9,2.3,106.3,80.0,308.0,1760.0,16.0,1,
190207,1862.0,3.2,106.3,88.1,308.0,1760.0,16.0,1,
190307,1862.4,3.2,106.3,86.4,308.0,1760.0,16.0,1,
190407,1861.9,123.2,106.3,85.6,308.0,1760.0,16.0,1,
190607,1835.8,233.2,121.6,39.4,616.0,4772.0,17.0,1,
190707,1846.1,135.1,117.7,36.1,528.0,4216.0,17.0,1,
190807,1872.1,147.6,113.1,35.9,389.0,3070.0,16.0,1,
190907,1862.8,154.0,123.9,36.5,304.0,2257.0,16.0,1,
191007,1872.5,77.2,124.1,36.7,323.0,1827.0,16.0,1,
191107,1853.4,11.7,124.0,36.5,318.0,1791.0,16.0,1,
191207,1857.8,6.8,124.1,35.5,318.0,1791.0,16.0,1,
191307,1859.8,3.2,124.1,36.7,318.0,1791.0,16.0,1,
191407,1863.7,3.4,124.1,47.4,318.0,1791.0,16.0,1,
191607,1861.3,2.1,124.2,92.0,318.0,1791.0,16.0,1,
191707,1861.3,2.5,124.2,92.9,318.0,1791.0,16.0,1,
191807,1861.1,2.3,124.2,99.5,318.0,1791.0,16.0,1,
191907,1860.8,2.3,124.2,101.5,318.0,1791.0,16.0,1,
192007,1861.0,2.5,124.2,105.8,318.0,1791.0,16.0,1,
192107,1864.4,189.7,125.6,37.3,769.0,5519.0,18.0,1,
192207,1845.4,187.5,125.8,39.0,601.0,4648.0,17.0,1,
192307,1882.9,134.1,124.2,39.1,516.0,4397.0,17.0,1,
192407,1873.4,194.6,123.1,35.2,447.0,3435.0,16.0,1,
192607,1861.3,93.8,116.2,34.9,335.0,1913.0,16.0,1,
192707,1861.2,19.4,116.3,36.1,320.0,1770.0,16.0,1,
192807,1858.7,7.0,116.3,29.7,320.0,1770.0,16.0,1,
192907,1858.5,3.9,116.3,29.6,320.0,1770.0,16.0,1,
193007,1865.0,3.5,116.3,36.2,320.0,1770.0,16.0,1,
193107,1861.8,2.3,116.3,66.0,320.0,1770.0,16.0,1,
193207,1861.3,3.0,116.3,107.9,320.0,1770.0,16.0,1,
193307,1861.5,2.9,116.3,108.2,320.0,1770.0,16.0,1,
193407,1861.0,2.7,116.3,107.6,320.0,1770.0,16.0,1,
193607,1862.7,2.8,116.2,102.7,320.0,1770.0,16.0,1,
193707,1861.2,114.0,101.0,43.6,772.0,5628.0,19.0,1,
193807,1871.5,191.3,101.0,35.9,670.0,5009.0,17.0,1,
193907,1885.3,151.7,101.9,35.2,511.0,4385.0,17.0,1,
194007,1847.5,111.8,100.2,35.0,501.0,3961.0,17.0,1,
194107,1855.1,90.1,95.8,35.8,332.0,2391.0,17.0,1,
194207,1881.5,149.8,99.7,38.3,325.0,2023.0,16.0,1,
194307,1861.0,31.9,99.7,37.2,337.0,1989.0,16.0,1,
194407,1865.5,6.6,99.6,34.8,337.0,1989.0,16.0,1,
194607,1869.3,6.1,99.4,29.1,337.0,1989.0,16.0,1,
194707,1862.4,2.9,99.4,41.3,337.0,1989.0,16.0,1,
194807,1860.2,3.3,99.4,106.7,337.0,1989.0,16.0,1,
194907,1858.2,3.1,99.4,110.4,337.0,1989.0,16.0,1,
195007,1860.7,2.6,99.5,105.3,337.0,1989.0,16.0,1,
195107,1860.5,3.2,99.5,91.2,337.0,1989.0,16.0,1,
195207,1860.9,2.9,99.5,90.8,337.0,1989.0,16.0,1,
195307,1869.2,62.1,99.3,66.0,485.0,4052.0,20.0,1,
195407,1875.3,211.8,100.9,36.9,692.0,5087.0,17.0,1,
195607,1842.0,154.5,101.9,35.2,517.0,3859.0,17.0,1,
195707,1885.4,116.3,113.8,35.1,319.0,2655.0,17.0,1,
195807,1868.6,83.1,113.8,34.4,326.0,2032.0,17.0,1,
195907,1861.2,50.2,107.3,34.4,306.0,1799.0,17.0,1,
196007,1855.5,6.5,107.5,34.2,306.0,1799.0,17.0,1,
196107,1859.0,3.7,107.6,39.3,306.0,1799.0,17.0,1,
196207,1864.6,4.9,107.7,51.5,306.0,1799.0,17.0,1,
196307,1863.7,2.4,107.7,47.6,306.0,1799.0,17.0,1,
196407,1860.8,2.1,107.6,93.1,306.0,1799.0,17.0,1,
196607,1861.8,2.0,107.5,98.7,306.0,1799.0,17.0,1,
196707,1861.1,2.4,107.5,87.8,306.0,1799.0,17.0,1,
196807,1860.5,1.8,107.5,89.9,306.0,1799.0,17.0,1,
196907,1845.8,58.6,107.5,93.5,306.0,1799.0,17.0,1,
197007,1872.4,218.0,110.5,47.7,719.0,5311.0,17.0,1,
197107,1859.7,207.4,111.3,41.2,541.0,4578.0,16.0,1,
197207,1870.7,131.9,113.3,34.6,522.0,4281.0,17.0,1,
197307,1878.7,141.9,109.1,34.3,383.0,3007.0,17.0,1,
197407,1840.1,77.2,109.1,28.7,314.0,2139.0,17.0,1,
197607,1867.6,9.5,109.2,36.1,314.0,2139.0,17.0,1,
197707,1856.8,6.7,109.3,36.5,314.0,2139.0,17.0,1,
197807,1859.8,3.1,109.4,29.2,314.0,2139.0,17.0,1,
197907,1860.8,2.8,109.4,30.2,314.0,2139.0,17.0,1,
198007,1860.4,3.2,109.5,72.2,314.0,2139.0,17.0,1,
198107,1859.6,2.3,109.5,86.2,314.0,2139.0,17.0,1,
198207,1860.6,2.3,109.5,87.6,314.0,2139.0,17.0,1,
198307,1859.6,3.5,109.6,90.3,314.0,2139.0,17.0,1,
198407,1859.8,3.6,109.6,90.4,314.0,2139.0,17.0,1,
198607,1864.1,227.1,110.9,36.4,719.0,5395.0,17.0,1,
198707,1864.2,221.3,112.5,35.7,627.0,4884.0,17.0,1,
198807,1878.4,149.8,110.4,35.3,500.0,4500.0,17.0,1,
198907,1846.5,247.4,114.8,35.1,471.0,3574.0,16.0,1,
199007,1839.8,88.3,113.6,34.2,305.0,2285.0,17.0,1,
199107,1883.0,69.6,113.4,34.2,335.0,1944.0,16.0,1,
199207,1855.1,13.4,113.4,29.9,329.0,1837.0,16.0,1,
199307,1858.4,5.4,113.4,36.2,329.0,1837.0,16.0,1,
199407,1858.7,2.9,113.4,38.0,329.0,1837.0,16.0,1,
199607,1859.6,3.0,113.4,66.2,329.0,1837.0,16.0,1,
199707,1860.1,2.0,113.4,99.4,329.0,1837.0,16.0,1,
199807,1860.4,2.8,113.4,92.7,329.0,1837.0,16.0,1,
199907,1860.4,3.0,113.4,111.7,329.0,1837.0,16.0,1,
200007,1860.3,2.8,113.4,99.9,329.0,1837.0,16.0,1,
200107,1861.0,2.5,113.4,93.3,329.0,1837.0,16.0,1,
200207,1890.0,128.7,111.3,39.4,777.0,5840.0,19.0,1,
200307,1831.8,213.6,107.6,36.6,690.0,5000.0,17.0,1,
200407,1861.0,149.9,105.4,35.4,499.0,4368.0,16.0,1,
200607,1866.3,80.5,97.2,35.7,290.0,2546.0,16.0,1,
200707,1875.5,103.3,99.8,36.1,276.0,2057.0,16.0,1,
200807,1844.6,23.7,99.8,36.8,290.0,1864.0,16.0,1,
200907,1860.7,4.3,99.8,30.2,290.0,1864.0,16.0,1,
201007,1858.4,4.3,99.8,28.6,290.0,1864.0,16.0,1,
201107,1859.5,3.0,99.8,29.5,290.0,1864.0,16.0,1,
201207,1860.0,2.3,99.8,42.6,290.0,1864.0,16.0,1,
201307,1860.5,2.7,99.8,89.9,290.0,1864.0,16.0,1,
201407,1860.1,2.4,99.8,98.7,290.0,1864.0,16.0,1,
201607,1860.3,2.6,99.8,99.3,290.0,1864.0,16.0,1,
201707,1860.4,2.1,99.8,87.1,290.0,1864.0,16.0,1,
201807,1869.1,167.9,111.0,34.3,480.0,4093.0,19.0,1,
201907,1842.1,211.4,111.4,35.0,681.0,5032.0,17.0,1,
202007,1886.1,133.4,111.3,35.2,516.0,4483.0,16.0,1,
202107,1858.0,96.3,111.8,35.2,491.0,4116.0,17.0,1,
202207,1876.2,84.9,110.5,35.3,334.0,2910.0,26.0,0,
202307,1852.1,137.8,110.5,35.4,272.0,2227.0,17.0,1,
202407,1851.5,46.0,110.7,36.0,286.0,1969.0,16.0,1,
202607,1860.0,4.1,110.7,29.2,286.0,1969.0,16.0,1,
202707,1861.2,3.3,110.7,30.0,286.0,1969.0,16.0,1,
202807,1864.4,3.6,110.6,38.5,286.0,1969.0,16.0,1,
202907,1861.4,2.4,110.6,84.5,286.0,1969.0,16.0,1,
203007,1860.7,2.3,110.6,92.3,286.0,1969.0,16.0,1,
203107,1861.3,2.5,110.6,101.8,286.0,1969.0,16.0,1,
203207,1860.9,2.1,110.6,107.3,286.0,1969.0,16.0,1,
203307,1860.4,2.1,110.6,108.9,286.0,1969.0,16.0,1,
203407,1852.1,80.6,100.8,105.5,453.0,3791.0,20.0,1,
203607,1878.2,266.1,102.6,35.2,518.0,4229.0,16.0,1,
203707,1836.6,148.2,106.9,34.9,518.0,4339.0,17.0,1,
203807,1863.8,131.3,108.7,35.0,414.0,3238.0,26.0,0,
203907,1858.2,108.2,108.8,28.2,279.0,2422.0,17.0,1,
204007,1858.8,79.7,108.5,29.7,316.0,1949.0,16.0,1,
204107,1859.2,7.8,108.4,30.0,316.0,1949.0,16.0,1,
204207,1858.2,5.2,108.5,35.1,316.0,1949.0,16.0,1,
204307,1859.9,3.1,108.5,30.0,316.0,1949.0,16.0,1,
204407,1860.5,3.2,108.5,30.2,316.0,1949.0,16.0,1,
204607,1861.6,3.2,108.6,100.6,316.0,1949.0,16.0,1,
204707,1862.9,2.8,108.5,100.6,316.0,1949.0,16.0,1,
204807,1861.4,2.7,108.5,100.3,316.0,1949.0,16.0,1,
204907,1861.0,2.5,108.5,99.9,316.0,1949.0,16.0,1,
205007,1862.0,113.6,108.5,101.2,316.0,1949.0,16.0,1,
205107,1896.1,190.8,115.2,35.8,713.0,5430.0,17.0,1,
205207,1831.8,190.3,112.7,35.7,619.0,4793.0,17.0,1,
205307,1843.6,151.7,107.5,35.6,494.0,4269.0,17.0,1,
205407,1882.3,97.5,106.6,36.0,390.0,3185.0,26.0,0,
205607,1872.0,95.1,110.6,30.2,301.0,2134.0,16.0,1,
205707,1847.8,11.6,110.6,29.9,284.0,1997.0,17.0,1,
205807,1859.5,4.2,110.6,28.9,284.0,1997.0,17.0,1,
205907,1858.8,3.9,110.6,28.0,284.0,1997.0,17.0,1,
206007,1859.7,2.1,110.6,35.3,284.0,1997.0,17.0,1,
206107,1861.3,2.6,110.6,66.3,284.0,1997.0,17.0,1,
206207,1863.2,3.3,110.5,102.8,284.0,1997.0,17.0,1,
206307,1861.4,2.6,110.6,98.9,284.0,1997.0,17.0,1,
206407,1861.3,3.0,110.6,92.3,284.0,1997.0,17.0,1,
206607,1860.9,2.2,110.6,90.0,284.0,1997.0,17.0,1,
206707,1864.9,194.0,114.5,30.1,699.0,5270.0,20.0,1,
206807,1851.8,143.0,109.2,34.5,529.0,4265.0,17.0,1,
206907,1881.0,102.6,105.9,35.1,495.0,4086.0,17.0,1,
207007,1874.3,61.7,97.0,35.9,415.0,3130.0,18.0,1,
207107,1841.2,72.8,95.3,35.4,287.0,2299.0,17.0,1,
207207,1861.9,70.6,88.7,30.2,327.0,2024.0,17.0,1,
207307,1862.3,15.2,88.4,35.1,339.0,1974.0,17.0,1,
207407,1859.5,3.8,88.4,45.9,339.0,1974.0,17.0,1,
207607,1861.2,2.5,88.4,29.7,339.0,1974.0,17.0,1,
207707,1861.6,2.6,88.3,45.6,339.0,1974.0,17.0,1,
207807,1860.6,3.5,88.4,99.5,339.0,1974.0,17.0,1,
207907,1859.0,3.5,88.4,100.3,339.0,1974.0,17.0,1,
208007,1859.0,2.7,88.5,99.1,339.0,1974.0,17.0,1,
208107,1859.3,3.0,88.5,100.1,339.0,1974.0,17.0,1,
208207,1860.3,3.0,88.6,131.9,339.0,1974.0,17.0,1,
208307,1865.8,126.8,76.5,94.6,689.0,5457.0,20.0,1,
208407,1866.6,219.1,75.0,90.6,560.0,4587.0,18.0,1,
208607,1849.8,102.8,83.0,35.6,394.0,3218.0,17.0,1,
208707,1843.7,98.4,83.4,34.7,221.0,1821.0,18.0,1,
208807,1875.4,72.9,83.8,35.2,224.0,1699.0,17.0,1,
208907,1852.0,25.6,83.6,158.1,223.0,1787.0,17.0,1,
209007,1858.6,6.7,83.7,220.0,223.0,1787.0,17.0,1,
209107,1853.6,8.2,83.8,85.1,223.0,1787.0,17.0,1,
209207,1855.2,10.1,84.0,28.2,223.0,1787.0,17.0,1,
209307,1848.7,12.7,84.3,29.7,223.0,1787.0,17.0,1,
209407,1852.3,8.3,84.5,102.9,223.0,1787.0,17.0,1,
209607,1864.3,8.4,84.4,86.1,223.0,1787.0,17.0,1,
209707,1886.1,28.9,84.1,100.0,223.0,1787.0,17.0,1,
209807,1891.0,20.7,83.8,110.3,223.0,1787.0,17.0,1,
209907,1896.8,75.0,83.4,66.1,545.0,3880.0,19.0,1,
210007,1850.3,147.4,85.3,38.0,700.0,4950.0,18.0,1,
210107,1869.8,124.2,74.3,35.6,500.0,3917.0,19.0,1,
210207,1844.6,181.1,85.4,35.1,425.0,3278.0,18.0,1,
210307,1872.6,92.8,86.5,34.3,327.0,2194.0,18.0,1,
210407,1872.6,73.5,87.2,29.4,321.0,1894.0,18.0,1,
210607,1852.5,11.1,87.5,29.4,321.0,1894.0,18.0,1,
210707,1850.8,10.3,87.6,29.5,321.0,1894.0,18.0,1,
210807,1857.5,3.3,87.5,30.0,321.0,1894.0,18.0,1,
210907,1859.6,3.5,87.3,48.0,321.0,1894.0,18.0,1,
211007,1858.9,3.0,87.1,76.8,321.0,1894.0,18.0,1,
211107,1859.1,2.9,87.0,100.3,321.0,1894.0,18.0,1,
211207,1858.8,2.9,87.1,102.1,321.0,1894.0,18.0,1,
211307,1860.5,2.1,87.3,106.3,321.0,1894.0,18.0,1,
211407,1860.3,2.0,87.6,110.4,321.0,1894.0,18.0,1,
211607,1856.9,179.8,89.8,70.3,733.0,5205.0,18.0,1,
211707,1877.1,153.8,101.5,36.1,636.0,4857.0,18.0,1,
211807,1864.5,77.8,102.1,34.8,544.0,4228.0,17.0,1,
211907,1881.9,69.3,94.1,34.6,417.0,3179.0,17.0,1,
212007,1851.2,103.1,95.0,35.7,260.0,2447.0,16.0,1,
212107,1847.9,70.8,96.8,69.9,280.0,2104.0,16.0,1,
212207,1872.5,8.0,96.9,29.9,280.0,2104.0,16.0,1,
212307,1862.0,3.6,96.7,29.1,280.0,2104.0,16.0,1,
212407,1862.0,3.6,96.7,27.9,280.0,2104.0,16.0,1,
212607,1867.3,4.4,96.5,65.8,280.0,2104.0,16.0,1,
212707,1858.7,4.9,96.5,99.2,280.0,2104.0,16.0,1,
212807,1859.7,2.6,96.5,73.4,280.0,2104.0,16.0,1,
212907,1859.8,2.3,96.5,90.0,280.0,2104.0,16.0,1,
213007,1860.6,3.5,96.5,100.1,280.0,2104.0,16.0,1,
213107,1858.0,25.3,96.5,99.3,280.0,2104.0,16.0,1,
213207,1874.8,191.3,98.0,66.0,775.0,5260.0,17.0,1,
213307,1860.3,204.3,96.1,36.0,724.0,4933.0,18.0,1,
213407,1842.9,168.6,101.1,35.2,557.0,4831.0,17.0,1,
213607,1845.5,151.9,109.2,39.4,350.0,2671.0,16.0,1,
213707,1877.4,76.4,110.4,65.7,353.0,2377.0,16.0,1,
213807,1851.4,14.7,110.5,29.8,338.0,2236.0,16.0,1,
213907,1860.0,3.6,110.5,29.5,338.0,2236.0,16.0,1,
214007,1863.0,4.3,110.5,28.1,338.0,2236.0,16.0,1,
214107,1867.5,5.8,110.5,35.2,338.0,2236.0,16.0,1,
214207,1861.8,4.2,110.5,66.3,338.0,2236.0,16.0,1,
214307,1860.3,2.6,110.5,99.6,338.0,2236.0,16.0,1,
214407,1860.9,2.5,110.5,102.3,338.0,2236.0,16.0,1,
214607,1860.8,2.9,110.5,101.3,338.0,2236.0,16.0,1,
214707,1860.4,2.1,110.5,108.9,338.0,2236.0,16.0,1,
214807,1891.7,180.8,109.5,35.8,834.0,6213.0,19.0,1,
214907,1823.9,222.1,109.5,36.3,734.0,4998.0,17.0,1,
215007,1852.2,157.1,108.4,35.7,564.0,4696.0,17.0,1,
215107,1872.7,138.1,107.3,35.3,495.0,3829.0,17.0,1,
215207,1861.2,70.6,107.2,35.7,352.0,2972.0,17.0,1,
215307,1871.8,69.8,99.2,42.2,349.0,2416.0,16.0,1,
215407,1843.4,21.3,99.1,40.0,302.0,2164.0,16.0,1,
215607,1861.4,4.9,99.1,48.3,302.0,2164.0,16.0,1,
215707,1867.7,10.6,99.1,37.2,302.0,2164.0,16.0,1,
215807,1871.5,5.4,99.1,42.2,302.0,2164.0,16.0,1,
215907,1859.6,2.9,99.1,99.3,302.0,2164.0,16.0,1,
216007,1861.8,3.1,99.1,102.0,302.0,2164.0,16.0,1,
216107,1860.6,2.8,99.1,113.0,302.0,2164.0,16.0,1,
216207,1859.4,2.1,99.1,122.6,302.0,2164.0,16.0,1,
216307,1861.9,2.7,99.1,111.2,302.0,2164.0,16.0,1,
216407,1860.8,139.5,99.1,42.2,484.0,4105.0,19.0,1,
216607,1885.6,154.4,99.0,34.9,641.0,4841.0,16.0,1,
216707,1860.0,157.4,106.0,35.0,564.0,3993.0,16.0,1,
216807,1846.6,94.3,104.4,36.1,356.0,3088.0,17.0,1,
216907,1870.1,147.3,106.6,36.7,320.0,2594.0,17.0,1,
217007,1854.5,41.2,108.6,30.1,323.0,2109.0,17.0,1,
217107,1861.0,5.7,108.6,34.5,323.0,2109.0,17.0,1,
217207,1860.5,5.6,108.6,34.6,323.0,2109.0,17.0,1,
217307,1868.7,9.6,108.6,30.1,323.0,2109.0,17.0,1,
217407,1872.1,6.7,108.6,36.8,323.0,2109.0,17.0,1,
217607,1862.4,3.0,108.5,100.2,323.0,2109.0,17.0,1,
217707,1860.7,2.6,108.6,108.8,323.0,2109.0,17.0,1,
217807,1860.0,2.7,108.5,106.2,323.0,2109.0,17.0,1,
217907,1860.2,2.5,108.6,99.7,323.0,2109.0,17.0,1,
218007,1850.3,91.3,108.6,101.9,528.0,4209.0,19.0,1,
218107,1881.6,207.3,108.8,35.5,771.0,5137.0,17.0,1,
218207,1869.9,192.5,108.4,34.9,668.0,5130.0,17.0,1,
218307,1834.6,145.5,107.1,34.9,561.0,4543.0,17.0,1,
218407,1857.6,107.1,102.1,35.7,353.0,2920.0,16.0,1,
218607,1855.8,63.6,106.3,37.2,316.0,2043.0,16.0,1,
218707,1858.3,6.7,106.3,30.1,316.0,2043.0,16.0,1,
218807,1859.2,4.2,106.3,34.6,316.0,2043.0,16.0,1,
218907,1863.6,3.5,106.3,39.2,316.0,2043.0,16.0,1,
219007,1868.6,7.3,106.3,42.4,316.0,2043.0,16.0,1,
219107,1865.2,2.8,106.3,71.8,316.0,2043.0,16.0,1,
219207,1861.1,2.6,106.3,132.0,316.0,2043.0,16.0,1,
219307,1861.7,2.6,106.3,122.9,316.0,2043.0,16.0,1,
219407,1860.5,2.9,106.3,99.6,316.0,2043.0,16.0,1,
219607,1859.8,1.5,106.3,123.1,316.0,2043.0,16.0,1,
219707,1869.8,209.2,106.3,35.8,788.0,5307.0,17.0,1,
219807,1847.7,205.9,107.5,35.1,732.0,4987.0,17.0,1,
219907,1845.2,142.6,106.4,34.9,578.0,4504.0,17.0,1,
220007,1883.6,111.4,107.1,35.3,408.0,3375.0,17.0,1,
220107,1859.7,107.4,102.6,38.0,352.0,2709.0,16.0,1,
220207,1851.3,73.4,102.4,30.3,303.0,2247.0,16.0,1,
220307,1864.7,11.5,102.4,30.1,307.0,2097.0,16.0,1,
220407,1859.2,5.5,102.4,34.9,307.0,2097.0,16.0,1,
220607,1872.6,9.3,102.4,39.3,307.0,2097.0,16.0,1,
220707,1864.7,3.0,102.4,66.9,307.0,2097.0,16.0,1,
220807,1861.8,3.5,102.4,113.4,307.0,2097.0,16.0,1,
220907,1862.8,2.7,102.4,101.1,307.0,2097.0,16.0,1,
221007,1861.0,2.3,102.4,100.4,307.0,2097.0,16.0,1,
221107,1861.0,2.6,102.4,109.9,307.0,2097.0,16.0,1,
221207,1861.4,3.1,102.4,101.7,307.0,2097.0,16.0,1,
221307,1856.5,166.1,102.7,36.5,752.0,4972.0,18.0,1,
221407,1850.3,217.9,102.8,34.9,734.0,4992.0,17.0,1,
221607,1873.1,108.6,112.0,35.2,526.0,4014.0,17.0,1,
221707,1832.7,198.4,113.0,37.8,368.0,2920.0,17.0,1,
221807,1865.3,106.3,122.2,36.6,381.0,2270.0,16.0,1,
221907,1867.3,19.4,122.2,30.0,302.0,2168.0,16.0,1,
222007,1864.5,5.5,122.2,28.6,302.0,2168.0,16.0,1,
222107,1868.1,7.7,122.2,27.8,302.0,2168.0,16.0,1,
222207,1871.2,10.7,122.2,29.5,302.0,2168.0,16.0,1,
222307,1869.7,5.1,122.2,49.5,302.0,2168.0,16.0,1,
222407,1863.2,3.1,122.2,98.8,302.0,2168.0,16.0,1,
222607,1861.3,2.9,122.2,102.5,302.0,2168.0,16.0,1,
222707,1860.1,3.4,122.2,102.4,302.0,2168.0,16.0,1,
222807,1859.2,3.3,122.2,101.2,302.0,2168.0,16.0,1,
222907,1866.5,163.6,126.6,71.3,846.0,5881.0,18.0,1,
223007,1869.6,240.1,126.8,50.2,740.0,5264.0,17.0,1,
223107,1851.5,172.6,127.1,34.3,690.0,4896.0,16.0,1,
223207,1858.0,142.4,120.2,34.3,626.0,4367.0,17.0,1,
223307,1844.7,100.4,121.2,35.2,385.0,3081.0,17.0,1,
223407,1884.1,66.9,107.2,39.8,351.0,2628.0,17.0,1,
223607,1860.6,5.5,107.2,38.6,351.0,2628.0,17.0,1,
223707,1860.6,3.2,107.3,66.0,351.0,2628.0,17.0,1,
223807,1865.3,5.8,107.3,43.0,351.0,2628.0,17.0,1,
223907,1864.8,3.6,107.4,40.2,351.0,2628.0,17.0,1,
224007,1859.5,3.1,107.4,106.0,351.0,2628.0,17.0,1,
224107,1863.3,4.0,107.4,101.0,351.0,2628.0,17.0,1,
224207,1862.5,2.6,107.4,99.7,351.0,2628.0,17.0,1,
224307,1860.9,3.1,107.4,99.8,351.0,2628.0,17.0,1,
224407,1860.6,2.6,107.4,100.3,351.0,2628.0,17.0,1,
224607,1832.5,236.5,102.2,36.1,772.0,5196.0,17.0,1,
224707,1858.8,202.4,110.0,35.2,662.0,4910.0,17.0,1,
224807,1857.2,169.1,110.0,35.2,564.0,4338.0,17.0,1,
224907,1879.6,121.8,113.5,36.1,354.0,3092.0,16.0,1,
225007,1862.2,211.3,117.8,36.3,349.0,2739.0,15.0,1,
225107,1847.8,53.8,120.8,29.1,302.0,2195.0,17.0,1,
225207,1857.0,6.8,120.8,28.5,302.0,2195.0,17.0,1,
225307,1861.1,4.9,120.8,28.7,302.0,2195.0,17.0,1,
225407,1860.6,4.6,120.8,29.6,302.0,2195.0,17.0,1,
225607,1859.1,3.8,120.8,69.2,302.0,2195.0,17.0,1,
225707,1860.4,2.5,120.9,72.3,302.0,2195.0,17.0,1,
225807,1860.4,2.2,120.9,86.3,302.0,2195.0,17.0,1,
225907,1859.8,2.8,120.9,110.0,302.0,2195.0,17.0,1,
226007,1860.7,2.8,120.9,105.3,302.0,2195.0,17.0,1,
226107,1848.1,82.7,121.0,73.7,302.0,2195.0,17.0,1,
226207,1864.6,245.0,128.0,54.4,781.0,5377.0,17.0,1,
226307,1878.0,229.9,126.8,34.7,627.0,4742.0,16.0,1,
226407,1862.7,139.8,126.7,30.3,609.0,4673.0,17.0,1,
226607,1853.4,81.2,123.0,36.0,363.0,2853.0,17.0,1,
226707,1853.4,60.7,117.8,29.2,291.0,2109.0,16.0,1,
226807,1868.2,8.5,117.8,29.7,291.0,2109.0,16.0,1,
226907,1859.8,4.3,117.8,38.7,291.0,2109.0,16.0,1,
227007,1862.7,4.7,117.8,50.5,291.0,2109.0,16.0,1,
227107,1869.1,7.5,117.8,42.1,291.0,2109.0,16.0,1,
227207,1863.9,4.7,117.7,70.2,291.0,2109.0,16.0,1,
227307,1857.5,2.9,117.7,93.0,291.0,2109.0,16.0,1,
227407,1861.0,3.0,117.7,94.6,291.0,2109.0,16.0,1,
227607,1860.8,2.3,117.7,98.8,291.0,2109.0,16.0,1,
227707,1861.0,1.8,117.7,102.4,291.0,2109.0,16.0,1,
227807,1878.0,222.7,117.1,82.1,793.0,5435.0,17.0,1,
227907,1856.6,292.4,114.2,42.1,714.0,4960.0,17.0,1,
228007,1841.3,172.7,114.3,30.2,570.0,4858.0,16.0,1,
228107,1864.5,128.8,113.6,34.9,419.0,3704.0,17.0,1,
228207,1853.2,84.6,113.8,36.4,377.0,2970.0,17.0,1,
228307,1880.8,55.7,114.0,29.8,331.0,2521.0,16.0,1,
228407,1853.5,14.1,114.1,30.0,317.0,2467.0,17.0,1,
228607,1863.7,6.2,114.1,43.6,317.0,2467.0,17.0,1,
228707,1872.0,10.0,114.0,35.4,317.0,2467.0,17.0,1,
228807,1866.2,3.4,114.1,40.0,317.0,2467.0,17.0,1,
228907,1858.9,2.6,114.0,82.4,317.0,2467.0,17.0,1,
229007,1862.4,2.9,114.0,75.6,317.0,2467.0,17.0,1,
229107,1859.1,2.8,114.0,88.7,317.0,2467.0,17.0,1,
229207,1860.9,3.0,114.0,100.5,317.0,2467.0,17.0,1,
229307,1861.8,2.3,114.0,102.2,317.0,2467.0,17.0,1,
229407,1892.2,126.4,108.5,37.1,898.0,6265.0,19.0,1,
229607,1856.8,160.1,102.8,35.1,694.0,4788.0,17.0,1,
229707,1879.1,130.3,103.0,35.2,544.0,4099.0,17.0,1,
229807,1859.6,74.6,102.7,36.9,364.0,3175.0,17.0,1,
229907,1867.5,75.7,102.8,36.7,334.0,2697.0,17.0,1,
230007,1856.4,22.9,102.7,35.1,325.0,2328.0,17.0,1,
230107,1862.2,4.9,102.7,36.6,325.0,2328.0,17.0,1,
230207,1863.8,4.5,102.7,66.1,325.0,2328.0,17.0,1,
230307,1868.0,9.0,102.7,44.9,325.0,2328.0,17.0,1,
230407,1867.3,3.7,102.7,55.3,325.0,2328.0,17.0,1,
230607,1859.8,2.1,102.7,82.0,325.0,2328.0,17.0,1,
230707,1859.9,3.0,102.7,82.5,325.0,2328.0,17.0,1,
230807,1860.6,2.3,102.7,111.8,325.0,2328.0,17.0,1,
230907,1859.8,2.2,102.7,113.3,325.0,2328.0,17.0,1,
231007,1855.9,136.8,102.3,42.4,845.0,6332.0,19.0,1,
231107,1854.1,237.6,105.4,37.1,754.0,4953.0,17.0,1,
231207,1883.0,200.9,108.6,35.5,611.0,4861.0,16.0,1,
231307,1853.7,132.8,108.1,35.1,567.0,4427.0,17.0,1,
231407,1842.5,122.1,108.4,36.1,358.0,3248.0,16.0,1,
231607,1858.6,37.3,113.1,29.9,329.0,2452.0,16.0,1,
231707,1860.6,5.9,113.2,29.7,329.0,2452.0,16.0,1,
231807,1859.3,3.4,113.2,36.3,329.0,2452.0,16.0,1,
231907,1863.9,7.2,113.2,37.2,329.0,2452.0,16.0,1,
232007,1870.5,5.4,113.2,39.2,329.0,2452.0,16.0,1,
232107,1858.3,3.9,113.3,102.4,329.0,2452.0,16.0,1,
232207,1860.4,2.6,113.3,104.5,329.0,2452.0,16.0,1,
232307,1859.2,3.3,113.3,100.5,329.0,2452.0,16.0,1,
232407,1860.4,2.3,113.3,101.4,329.0,2452.0,16.0,1,
232607,1856.9,143.3,113.2,104.2,471.0,3938.0,19.0,1,
232707,1885.7,284.2,117.6,65.9,816.0,5586.0,17.0,1,
232807,1858.4,229.6,123.6,34.3,653.0,4859.0,16.0,1,
232907,1832.1,164.5,121.9,30.1,590.0,4826.0,16.0,1,
233007,1857.2,148.0,124.8,34.6,381.0,3284.0,16.0,1,
233107,1876.1,78.8,120.5,30.1,354.0,2768.0,17.0,1,
233207,1864.7,62.2,120.4,29.9,304.0,2307.0,16.0,1,
233307,1854.7,7.3,120.4,36.9,304.0,2307.0,16.0,1,
233407,1858.8,5.2,120.4,39.7,304.0,2307.0,16.0,1,
233607,1870.4,6.5,120.4,37.0,304.0,2307.0,16.0,1,
233707,1859.4,6.5,120.4,76.1,304.0,2307.0,16.0,1,
233807,1858.5,2.4,120.4,93.3,304.0,2307.0,16.0,1,
233907,1860.7,3.0,120.4,100.4,304.0,2307.0,16.0,1,
234007,1859.9,2.3,120.4,100.9,304.0,2307.0,16.0,1,
234107,1861.3,2.1,120.4,100.4,304.0,2307.0,16.0,1,
234207,1860.4,5.4,120.4,109.8,304.0,2307.0,16.0,1,
234307,1859.0,260.9,118.2,35.7,882.0,6168.0,18.0,1,
234407,1838.9,214.9,117.0,34.6,714.0,5102.0,17.0,1,
234607,1885.4,93.4,112.7,34.7,414.0,3679.0,17.0,1,
234707,1858.6,206.1,111.7,51.6,352.0,2934.0,17.0,1,
234807,1856.2,85.9,119.5,66.6,330.0,2464.0,16.0,1,
234907,1862.3,11.0,119.5,37.3,299.0,2180.0,16.0,1,
235007,1859.4,3.6,119.5,30.0,299.0,2180.0,16.0,1,
235107,1866.9,9.3,119.5,27.9,299.0,2180.0,16.0,1,
235207,1873.4,9.6,119.5,28.3,299.0,2180.0,16.0,1,
235307,1863.9,4.4,119.5,71.0,299.0,2180.0,16.0,1,
235407,1859.0,2.1,119.5,134.2,299.0,2180.0,16.0,1,
235607,1861.4,2.4,119.5,112.0,299.0,2180.0,16.0,1,
235707,1860.3,3.0,119.5,110.9,299.0,2180.0,16.0,1,
235807,1859.6,2.9,119.5,101.9,299.0,2180.0,16.0,1,
235907,1840.8,219.6,121.3,37.5,811.0,5687.0,17.0,1,
236007,1866.4,245.7,116.9,38.2,709.0,4960.0,17.0,1,
236107,1875.6,177.5,118.4,35.5,537.0,4862.0,16.0,1,
236207,1853.8,226.4,118.7,29.9,450.0,3948.0,17.0,1,
236307,1844.7,84.8,123.1,30.2,397.0,3094.0,16.0,1,
236407,1869.7,68.8,115.1,35.8,329.0,2383.0,17.0,1,
236607,1859.8,5.2,115.0,38.3,329.0,2383.0,17.0,1,
236707,1859.3,3.3,115.0,47.1,329.0,2383.0,17.0,1,
236807,1864.9,7.2,115.1,38.3,329.0,2383.0,17.0,1,
236907,1866.4,3.9,115.1,44.7,329.0,2383.0,17.0,1,
237007,1858.0,2.9,115.1,101.7,329.0,2383.0,17.0,1,
237107,1860.8,2.8,115.1,100.2,329.0,2383.0,17.0,1,
237207,1858.7,2.9,115.1,101.7,329.0,2383.0,17.0,1,
237307,1860.5,2.6,115.1,109.2,329.0,2383.0,17.0,1,
237407,1861.5,2.3,115.1,111.7,329.0,2383.0,17.0,1,
237607,1888.8,279.2,112.4,35.4,754.0,5158.0,17.0,1,
237707,1841.2,176.5,113.1,35.0,581.0,4823.0,16.0,1,
237807,1845.1,148.3,112.0,34.7,483.0,4054.0,17.0,1,
237907,1874.1,112.7,117.5,35.4,399.0,3080.0,16.0,1,
238007,1865.0,62.1,117.4,37.0,346.0,2521.0,16.0,1,
238107,1865.9,25.3,117.5,29.9,303.0,2230.0,16.0,1,
238207,1860.5,4.7,117.5,34.8,303.0,2230.0,16.0,1,
238307,1864.0,5.6,117.5,66.4,303.0,2230.0,16.0,1,
238407,1867.8,8.2,117.5,39.9,303.0,2230.0,16.0,1,
238607,1858.0,4.1,117.5,108.1,303.0,2230.0,16.0,1,
238707,1860.5,2.1,117.5,94.0,303.0,2230.0,16.0,1,
238807,1860.6,2.6,117.4,100.2,303.0,2230.0,16.0,1,
238907,1861.3,2.1,117.4,100.2,303.0,2230.0,16.0,1,
239007,1861.2,2.0,117.4,101.4,303.0,2230.0,16.0,1,
239107,1884.1,131.4,117.3,46.3,483.0,4108.0,19.0,1,
239207,1826.0,208.0,118.0,35.4,757.0,5217.0,16.0,1,
239307,1841.4,222.4,117.2,35.6,630.0,5046.0,17.0,1,
239407,1880.6,153.6,120.3,35.2,554.0,4556.0,17.0,1,
239607,1847.9,72.3,114.6,36.3,369.0,2806.0,16.0,1,
239707,1869.8,68.3,117.1,30.3,330.0,2317.0,16.0,1,
239807,1861.0,6.7,117.0,37.0,330.0,2317.0,16.0,1,
239907,1863.6,5.0,117.0,38.8,330.0,2317.0,16.0,1,
240007,1867.4,7.9,117.0,40.6,330.0,2317.0,16.0,1,
240107,1869.2,4.3,117.0,38.1,330.0,2317.0,16.0,1,
240207,1858.5,3.4,117.0,74.3,330.0,2317.0,16.0,1,
240307,1861.4,2.5,117.0,108.7,330.0,2317.0,16.0,1,
240407,1860.3,2.5,117.0,111.8,330.0,2317.0,16.0,1,
240607,1860.6,2.2,117.0,102.3,330.0,2317.0,16.0,1,
240707,1850.5,95.2,117.1,100.4,330.0,2317.0,16.0,1,
240807,1853.4,185.2,116.5,35.3,767.0,5232.0,17.0,1,
240907,1871.5,223.7,116.6,35.4,645.0,4712.0,17.0,1,
241007,1885.8,164.7,115.4,35.6,582.0,5003.0,17.0,1,
241107,1835.6,210.3,115.8,34.5,436.0,3728.0,17.0,1,
241207,1856.2,75.0,115.7,30.1,389.0,2762.0,16.0,1,
241307,1873.8,64.3,113.3,34.4,308.0,2222.0,17.0,1,
241407,1864.1,8.5,113.3,36.8,308.0,2222.0,17.0,1,
241607,1865.5,6.0,113.3,50.6,308.0,2222.0,17.0,1,
241707,1869.9,6.9,113.3,38.4,308.0,2222.0,17.0,1,
241807,1860.2,5.5,113.3,66.7,308.0,2222.0,17.0,1,
241907,1857.9,2.9,113.3,98.9,308.0,2222.0,17.0,1,
242007,1860.0,2.9,113.3,99.7,308.0,2222.0,17.0,1,
242107,1859.5,3.0,113.3,100.4,308.0,2222.0,17.0,1,
242207,1860.0,2.3,113.4,99.3,308.0,2222.0,17.0,1,
242307,1860.5,3.5,113.4,85.6,308.0,2222.0,17.0,1,
242407,1861.1,225.7,112.5,35.8,796.0,5730.0,18.0,1,
242607,1844.0,176.9,114.9,35.1,618.0,4729.0,16.0,1,
242707,1840.5,149.2,114.8,35.4,471.0,3731.0,17.0,1,
242807,1881.6,77.2,111.1,65.6,388.0,2910.0,16.0,1,
242907,1860.7,53.6,111.0,66.2,325.0,2443.0,16.0,1,
243007,1866.5,11.5,111.0,34.5,319.0,2258.0,17.0,1,
243107,1861.8,3.1,111.0,66.7,319.0,2258.0,17.0,1,
243207,1866.2,7.8,111.0,68.9,319.0,2258.0,17.0,1,
243307,1872.4,9.8,111.0,47.4,319.0,2258.0,17.0,1,
243407,1863.4,4.2,111.0,65.6,319.0,2258.0,17.0,1,
243607,1861.3,2.8,111.0,82.9,319.0,2258.0,17.0,1,
243707,1859.6,2.7,111.0,86.7,319.0,2258.0,17.0,1,
243807,1860.2,2.3,111.0,100.2,319.0,2258.0,17.0,1,
243907,1859.9,2.8,111.0,112.1,319.0,2258.0,17.0,1,
244007,1852.3,212.1,114.9,36.6,855.0,5926.0,18.0,1,
244107,1855.5,242.5,118.4,30.3,720.0,4829.0,17.0,1,
244207,1849.8,240.6,125.6,35.1,621.0,4827.0,16.0,1,
244307,1884.4,146.0,125.5,36.8,527.0,3973.0,17.0,1,
244407,1875.4,144.9,130.7,30.3,441.0,3231.0,17.0,1,
244607,1877.0,18.8,131.6,29.6,322.0,2385.0,17.0,1,
244707,1860.1,3.6,131.6,30.0,322.0,2385.0,17.0,1,
244807,1862.3,3.2,131.6,44.5,322.0,2385.0,17.0,1,
244907,1867.8,8.8,131.6,39.3,322.0,2385.0,17.0,1,
245007,1869.9,4.8,131.6,38.7,322.0,2385.0,17.0,1,
245107,1859.8,4.1,131.5,133.6,322.0,2385.0,17.0,1,
245207,1860.7,2.2,131.6,102.0,322.0,2385.0,17.0,1,
245307,1860.1,2.2,131.6,100.3,322.0,2385.0,17.0,1,
245407,1859.8,2.2,131.6,101.4,322.0,2385.0,17.0,1,
245607,1846.5,191.5,133.2,43.6,862.0,6178.0,18.0,1,
245707,1876.8,200.9,130.3,29.7,748.0,5133.0,17.0,1,
245807,1862.1,195.7,129.2,34.5,616.0,4881.0,17.0,1,
245907,1876.0,146.3,121.6,35.5,543.0,4529.0,16.0,1,
246007,1840.2,223.6,118.2,30.2,388.0,3366.0,17.0,1,
246107,1849.0,73.6,121.6,30.0,345.0,2601.0,16.0,1,
246207,1880.5,33.3,121.5,30.0,314.0,2338.0,16.0,1,
246307,1860.1,5.3,121.5,34.8,314.0,2338.0,16.0,1,
246407,1860.2,3.8,121.5,39.0,314.0,2338.0,16.0,1,
246607,1863.1,3.3,121.6,38.6,314.0,2338.0,16.0,1,
246707,1859.1,3.3,121.6,98.7,314.0,2338.0,16.0,1,
246807,1860.3,1.8,121.6,98.8,314.0,2338.0,16.0,1,
246907,1861.7,2.5,121.6,102.2,314.0,2338.0,16.0,1,
247007,1861.4,2.5,121.6,100.5,314.0,2338.0,16.0,1,
247107,1862.2,2.1,121.6,99.2,314.0,2338.0,16.0,1,
247207,1877.7,109.1,116.7,72.6,467.0,4001.0,20.0,1,
247307,1868.8,240.4,117.0,34.8,795.0,5548.0,18.0,1,
247407,1842.6,239.3,119.6,34.8,636.0,4781.0,17.0,1,
247607,1851.4,162.0,127.6,34.8,386.0,3407.0,17.0,1,
247707,1883.9,66.7,122.8,34.4,384.0,2946.0,16.0,1,
247807,1861.6,105.7,127.0,27.8,326.0,2441.0,16.0,1,
247907,1854.8,9.5,127.1,29.6,326.0,2441.0,16.0,1,
248007,1865.8,5.0,127.0,38.1,326.0,2441.0,16.0,1,
248107,1864.8,4.6,127.0,36.5,326.0,2441.0,16.0,1,
248207,1865.7,3.3,126.9,28.2,326.0,2441.0,16.0,1,
248307,1861.1,2.3,126.9,75.1,326.0,2441.0,16.0,1,
248407,1860.5,3.0,126.9,102.1,326.0,2441.0,16.0,1,
248607,1860.5,1.8,126.9,100.1,326.0,2441.0,16.0,1,
248707,1861.1,2.4,127.0,110.8,326.0,2441.0,16.0,1,
248807,1860.7,28.5,127.0,116.3,326.0,2441.0,16.0,1,
248907,1850.2,241.7,127.1,35.4,813.0,5793.0,18.0,1,
249007,1863.6,249.1,131.8,34.9,661.0,4894.0,17.0,1,
249107,1864.8,180.9,132.3,34.9,593.0,4776.0,16.0,1,
249207,1874.9,147.1,127.1,35.2,434.0,3713.0,17.0,1,
249307,1872.5,101.1,126.2,65.8,438.0,3115.0,17.0,1,
249407,1834.4,67.6,124.4,46.6,341.0,2582.0,17.0,1,
249607,1863.1,4.8,121.7,37.4,341.0,2582.0,17.0,1,
249707,1868.3,8.5,121.7,39.0,341.0,2582.0,17.0,1,
249807,1871.5,6.5,121.7,36.5,341.0,2582.0,17.0,1,
249907,1858.5,5.6,121.7,55.3,341.0,2582.0,17.0,1,
250007,1860.9,2.7,121.7,104.6,341.0,2582.0,17.0,1,
250107,1860.1,4.7,121.7,99.8,341.0,2582.0,17.0,1,
250207,1858.9,3.1,121.7,99.9,341.0,2582.0,17.0,1,
250307,1862.0,2.6,121.7,103.3,341.0,2582.0,17.0,1,
250407,1859.6,2.4,121.7,111.5,341.0,2582.0,17.0,1,
250607,1885.9,272.4,124.0,34.8,772.0,5139.0,18.0,1,
250707,1857.4,237.4,124.4,34.6,580.0,5035.0,17.0,1,
250807,1846.5,156.5,125.5,34.8,510.0,4199.0,17.0,1,
250907,1865.8,115.2,125.9,36.0,395.0,3162.0,17.0,1,
251007,1848.5,78.8,125.6,67.1,334.0,2523.0,16.0,1,
251107,1870.0,15.8,126.5,30.3,334.0,2523.0,16.0,1,
251207,1861.0,3.9,126.5,41.9,334.0,2523.0,16.0,1,
251307,1861.4,3.1,126.5,66.0,334.0,2523.0,16.0,1,
251407,1863.3,3.0,126.5,37.8,334.0,2523.0,16.0,1,
251607,1859.2,2.7,126.5,100.5,334.0,2523.0,16.0,1,
251707,1859.3,3.2,126.5,110.6,334.0,2523.0,16.0,1,
251807,1859.8,2.2,126.5,100.9,334.0,2523.0,16.0,1,
251907,1860.6,2.2,126.5,92.5,334.0,2523.0,16.0,1,
252007,1860.7,2.3,126.5,98.9,334.0,2523.0,16.0,1,
252107,1885.5,201.6,127.6,67.7,892.0,6306.0,18.0,1,
252207,1854.3,264.0,126.8,35.6,766.0,5313.0,18.0,1,
252307,1839.4,210.5,121.5,34.9,579.0,4927.0,17.0,1,
252407,1869.8,174.7,124.5,35.1,537.0,4318.0,17.0,1,
252607,1882.9,69.3,129.6,30.0,360.0,2649.0,16.0,1,
252707,1845.8,24.9,128.5,29.3,314.0,2338.0,16.0,1,
252807,1858.9,5.0,128.5,28.8,314.0,2338.0,16.0,1,
252907,1860.2,3.6,128.5,35.9,314.0,2338.0,16.0,1,
253007,1867.5,7.8,128.5,37.7,314.0,2338.0,16.0,1,
253107,1869.3,4.2,128.4,44.3,314.0,2338.0,16.0,1,
253207,1857.5,5.7,128.4,110.6,314.0,2338.0,16.0,1,
253307,1858.0,3.3,128.5,100.6,314.0,2338.0,16.0,1,
253407,1858.7,3.1,128.5,99.7,314.0,2338.0,16.0,1,
253607,1859.9,2.4,128.5,99.3,314.0,2338.0,16.0,1,
253707,1877.6,129.4,128.5,45.3,494.0,4157.0,19.0,1,
253807,1830.1,275.4,125.7,35.7,801.0,5515.0,17.0,1,
253907,1876.0,275.5,136.3,34.9,575.0,4873.0,16.0,1,
254007,1865.6,223.4,132.4,34.8,548.0,4731.0,17.0,1,
254107,1884.3,138.4,135.7,35.0,383.0,3488.0,26.0,0,
254207,1855.2,124.0,134.2,28.2,378.0,2835.0,16.0,1,
254307,1853.5,45.2,134.5,29.3,317.0,2492.0,16.0,1,
254407,1860.5,5.4,134.5,29.2,317.0,2492.0,16.0,1,
254607,1860.8,3.4,134.5,35.5,317.0,2492.0,16.0,1,
254707,1867.8,6.3,134.5,36.1,317.0,2492.0,16.0,1,
254807,1861.8,4.7,134.5,100.0,317.0,2492.0,16.0,1,
254907,1858.0,2.4,134.5,100.1,317.0,2492.0,16.0,1,
255007,1860.4,3.1,134.5,99.6,317.0,2492.0,16.0,1,
255107,1859.7,2.8,134.5,99.8,317.0,2492.0,16.0,1,
255207,1860.6,2.4,134.4,98.6,317.0,2492.0,16.0,1,
255307,1847.2,92.1,134.4,101.2,455.0,4039.0,19.0,1,
255407,1878.3,226.8,134.1,38.8,786.0,5441.0,17.0,1,
255607,1873.8,178.0,129.6,34.5,511.0,4730.0,16.0,1,
255707,1849.5,251.3,130.0,34.6,414.0,3707.0,25.0,0,
255807,1841.4,99.4,130.0,34.5,379.0,2986.0,17.0,1,
255907,1884.8,76.2,130.0,29.4,314.0,2448.0,16.0,1,
256007,1861.5,8.6,129.9,28.0,314.0,2448.0,16.0,1,
256107,1862.6,3.7,129.9,30.2,314.0,2448.0,16.0,1,
256207,1864.4,4.7,129.8,38.3,314.0,2448.0,16.0,1,
256307,1868.3,6.5,129.8,38.0,314.0,2448.0,16.0,1,
256407,1862.6,3.2,129.8,66.8,314.0,2448.0,16.0,1,
256607,1861.3,2.1,129.8,108.7,314.0,2448.0,16.0,1,
256707,1860.7,1.8,129.8,109.4,314.0,2448.0,16.0,1,
256807,1860.8,2.3,129.8,101.4,314.0,2448.0,16.0,1,
256907,1860.8,3.6,129.8,89.8,314.0,2448.0,16.0,1,
257007,1870.8,138.9,127.1,35.3,835.0,6079.0,18.0,1,
257107,1837.5,263.5,122.6,35.4,689.0,4865.0,17.0,1,
257207,1855.2,204.6,128.6,35.9,546.0,4904.0,17.0,1,
257307,1852.1,143.6,127.9,34.8,434.0,3817.0,26.0,0,
257407,1885.1,75.6,119.9,30.0,394.0,3151.0,16.0,1,
257607,1863.5,11.4,118.5,35.1,331.0,2478.0,17.0,1,
257707,1861.4,3.8,118.5,78.0,331.0,2478.0,17.0,1,
257807,1864.0,4.0,118.5,53.8,331.0,2478.0,17.0,1,
257907,1868.1,9.6,118.5,38.8,331.0,2478.0,17.0,1,
258007,1866.7,4.3,118.5,51.5,331.0,2478.0,17.0,1,
258107,1857.7,3.8,118.5,136.8,331.0,2478.0,17.0,1,
258207,1859.9,3.0,118.5,124.4,331.0,2478.0,17.0,1,
258307,1857.9,3.5,118.5,123.7,331.0,2478.0,17.0,1,
258407,1860.5,2.4,118.5,100.0,331.0,2478.0,17.0,1,
258607,1849.3,236.5,120.0,36.0,890.0,6497.0,18.0,1,
258707,1869.2,185.1,119.7,34.7,626.0,4025.0,17.0,1,
258807,1855.1,179.7,109.6,35.0,558.0,4952.0,17.0,1,
258907,1884.0,130.1,107.7,36.0,529.0,4221.0,16.0,1,
259007,1866.9,104.0,107.5,37.6,401.0,3120.0,16.0,1,
259107,1832.0,60.7,107.3,30.1,357.0,2776.0,16.0,1,
259207,1870.8,18.0,107.3,30.2,322.0,2319.0,16.0,1,
259307,1862.2,4.1,107.3,45.7,322.0,2319.0,16.0,1,
259407,1862.7,3.2,107.3,66.8,322.0,2319.0,16.0,1,
259607,1866.6,4.6,107.3,48.4,322.0,2319.0,16.0,1,
259707,1855.8,5.5,107.3,105.6,322.0,2319.0,16.0,1,
259807,1860.0,2.8,107.3,99.4,322.0,2319.0,16.0,1,
259907,1860.5,2.8,107.3,100.0,322.0,2319.0,16.0,1,
260007,1859.7,2.1,107.3,112.6,322.0,2319.0,16.0,1,
260107,1859.6,3.0,107.3,101.6,322.0,2319.0,16.0,1,
260207,1856.1,199.7,108.8,56.7,906.0,6243.0,18.0,1,
260307,1868.9,255.8,117.3,29.6,779.0,5223.0,17.0,1,
260407,1878.9,232.2,122.5,30.0,597.0,4887.0,17.0,1,
260607,1839.0,124.4,131.6,34.6,429.0,3237.0,17.0,1,
260707,1877.1,70.3,134.0,28.1,356.0,2665.0,16.0,1,
260807,1856.4,32.0,134.0,28.9,321.0,2550.0,17.0,1,
260907,1860.0,5.0,134.0,34.3,321.0,2550.0,17.0,1,
261007,1860.5,3.2,134.0,40.5,321.0,2550.0,17.0,1,
261107,1868.0,9.8,134.0,37.0,321.0,2550.0,17.0,1,
261207,1871.2,5.2,134.0,36.0,321.0,2550.0,17.0,1,
261307,1856.9,5.4,134.0,135.0,321.0,2550.0,17.0,1,
261407,1860.8,3.1,134.0,144.5,321.0,2550.0,17.0,1,
261607,1858.4,3.4,134.0,106.3,321.0,2550.0,17.0,1,
261707,1860.6,2.2,134.0,100.1,321.0,2550.0,17.0,1,
261807,1874.0,88.1,131.6,51.1,505.0,4130.0,20.0,1,
261907,1868.3,278.4,126.6,35.8,763.0,5224.0,17.0,1,
262007,1840.2,215.4,127.0,35.2,691.0,5094.0,17.0,1,
262107,1839.1,172.0,123.9,34.9,557.0,4675.0,17.0,1,
262207,1881.4,137.9,118.5,35.5,406.0,3534.0,17.0,1,
262307,1869.8,180.2,117.0,39.1,406.0,3048.0,17.0,1,
262407,1857.7,56.7,121.5,35.0,321.0,2384.0,16.0,1,
262607,1860.4,3.8,121.5,35.5,321.0,2384.0,16.0,1,
262707,1864.2,9.1,121.5,37.8,321.0,2384.0,16.0,1,
262807,1874.3,8.8,121.5,37.9,321.0,2384.0,16.0,1,
262907,1859.6,6.6,121.5,69.0,321.0,2384.0,16.0,1,
263007,1858.1,2.6,121.5,101.5,321.0,2384.0,16.0,1,
263107,1859.7,3.4,121.5,99.6,321.0,2384.0,16.0,1,
263207,1859.8,2.7,121.5,99.0,321.0,2384.0,16.0,1,
263307,1860.1,2.6,121.5,99.7,321.0,2384.0,16.0,1,
263407,1846.8,59.5,121.5,99.5,321.0,2384.0,16.0,1,
263607,1846.3,279.7,128.8,38.6,703.0,4918.0,17.0,1,
263707,1889.0,203.0,137.9,30.3,567.0,4956.0,16.0,1,
263807,1866.8,212.6,138.4,29.9,452.0,3700.0,16.0,1,
263907,1836.8,78.2,139.6,28.2,432.0,3084.0,16.0,1,
264007,1870.6,64.9,140.1,29.2,320.0,2252.0,16.0,1,
264107,1870.3,8.1,140.0,29.9,320.0,2252.0,16.0,1,
264207,1860.8,3.2,140.0,28.7,320.0,2252.0,16.0,1,
264307,1860.9,3.0,140.0,29.4,320.0,2252.0,16.0,1,
264407,1866.0,4.8,140.1,35.5,320.0,2252.0,16.0,1,
264607,1859.4,2.6,140.1,99.5,320.0,2252.0,16.0,1,
264707,1860.8,2.6,140.1,108.8,320.0,2252.0,16.0,1,
264807,1860.0,2.1,140.1,114.4,320.0,2252.0,16.0,1,
264907,1860.2,2.7,140.1,116.3,320.0,2252.0,16.0,1,
265007,1860.3,2.4,140.1,99.7,320.0,2252.0,16.0,1,
265107,1848.7,200.8,138.6,35.3,846.0,5993.0,18.0,1,
265207,1884.2,282.0,132.8,35.1,711.0,4990.0,17.0,1,
265307,1867.5,264.9,125.7,35.3,586.0,5113.0,17.0,1,
265407,1835.0,155.3,128.5,34.6,480.0,4330.0,16.0,1,
265607,1872.2,178.9,124.5,34.7,355.0,2594.0,16.0,1,
265707,1865.1,23.4,129.4,29.7,299.0,2406.0,16.0,1,
265807,1858.4,4.8,129.4,30.2,299.0,2406.0,16.0,1,
265907,1860.0,3.6,129.4,28.2,299.0,2406.0,16.0,1,
266007,1867.8,8.7,129.4,27.3,299.0,2406.0,16.0,1,
266107,1865.4,5.3,129.4,30.1,299.0,2406.0,16.0,1,
266207,1856.8,4.1,129.4,93.6,299.0,2406.0,16.0,1,
266307,1860.7,3.0,129.4,98.8,299.0,2406.0,16.0,1,
266407,1859.8,3.0,129.4,99.4,299.0,2406.0,16.0,1,
266607,1861.2,2.0,129.4,114.2,299.0,2406.0,16.0,1,
266707,1878.8,217.6,130.2,35.4,891.0,6586.0,18.0,1,
266807,1837.8,289.8,136.1,34.7,788.0,5303.0,18.0,1,
266907,1844.7,252.5,137.9,34.7,613.0,4931.0,17.0,1,
267007,1874.7,153.7,135.2,34.6,478.0,4227.0,16.0,1,
267107,1879.0,76.9,133.2,34.4,459.0,3258.0,17.0,1,
267207,1858.8,179.3,133.2,35.3,343.0,2681.0,17.0,1,
267307,1865.9,26.1,130.4,40.8,325.0,2325.0,17.0,1,
267407,1859.1,5.3,130.4,46.6,325.0,2325.0,17.0,1,
267607,1870.1,8.1,130.4,37.0,325.0,2325.0,17.0,1,
267707,1862.3,5.0,130.4,38.1,325.0,2325.0,17.0,1,
267807,1855.9,3.9,130.4,109.7,325.0,2325.0,17.0,1,
267907,1861.3,3.0,130.4,94.5,325.0,2325.0,17.0,1,
268007,1860.1,2.2,130.4,85.6,325.0,2325.0,17.0,1,
268107,1860.8,2.1,130.4,99.1,325.0,2325.0,17.0,1,
268207,1860.0,2.3,130.4,103.7,325.0,2325.0,17.0,1,
268307,1863.3,183.0,130.0,41.4,524.0,4059.0,20.0,1,
268407,1843.5,288.2,133.0,34.5,783.0,5304.0,17.0,1,
268607,1886.3,120.0,135.0,35.5,555.0,4795.0,17.0,1,
268707,1853.9,200.0,134.1,37.5,412.0,3312.0,17.0,1,
268807,1860.7,90.5,139.3,34.9,361.0,2657.0,16.0,1,
268907,1866.0,46.4,136.0,34.6,331.0,2459.0,17.0,1,
269007,1862.9,5.8,136.0,29.9,331.0,2459.0,17.0,1,
269107,1860.0,2.8,136.0,39.5,331.0,2459.0,17.0,1,
269207,1867.3,7.2,136.0,51.6,331.0,2459.0,17.0,1,
269307,1871.9,9.7,136.0,37.9,331.0,2459.0,17.0,1,
269407,1867.6,3.9,136.0,92.5,331.0,2459.0,17.0,1,
269607,1866.2,4.3,136.0,88.0,331.0,2459.0,17.0,1,
269707,1861.9,3.0,136.0,100.5,331.0,2459.0,17.0,1,
269807,1863.8,4.9,136.0,84.3,331.0,2459.0,17.0,1,
269907,1860.5,101.2,136.6,186.2,331.0,2459.0,17.0,1,
270007,1875.4,211.0,127.7,99.2,709.0,5083.0,17.0,1,
270107,1882.0,195.1,114.5,49.3,610.0,4899.0,18.0,1,
270207,1826.6,153.4,108.3,35.6,550.0,4798.0,17.0,1,
270307,1851.0,131.0,108.5,35.5,364.0,3184.0,17.0,1,
270407,1867.6,87.6,103.4,66.4,377.0,2916.0,17.0,1,
270607,1863.7,9.7,101.8,34.9,377.0,2916.0,17.0,1,
270707,1859.6,7.1,101.8,39.4,377.0,2916.0,17.0,1,
270807,1870.4,14.1,101.8,41.5,377.0,2916.0,17.0,1,
270907,1867.8,4.8,101.9,35.8,377.0,2916.0,17.0,1,
271007,1866.7,7.0,101.9,25.8,377.0,2916.0,17.0,1,
271107,1863.6,2.6,101.9,23.9,377.0,2916.0,17.0,1,
271207,1862.6,3.9,101.9,27.5,377.0,2916.0,17.0,1,
271307,1858.2,2.8,102.0,100.4,377.0,2916.0,17.0,1,
271407,1859.8,2.5,102.0,101.6,377.0,2916.0,17.0,1,
271607,1889.8,331.1,109.6,74.1,812.0,5860.0,17.0,1,
271707,1818.2,240.0,129.9,38.3,762.0,5349.0,17.0,1,
271807,1863.1,214.1,137.6,30.0,555.0,5092.0,16.0,1,
271907,1887.0,224.1,144.5,34.3,492.0,4299.0,16.0,1,
272007,1855.0,140.2,146.8,35.6,444.0,3489.0,16.0,1,
272107,1859.1,59.1,147.6,28.0,414.0,2982.0,16.0,1,
272207,1858.8,11.8,147.8,28.2,349.0,2911.0,16.0,1,
272307,1855.8,5.6,147.9,35.2,349.0,2911.0,16.0,1,
272407,1864.5,5.5,147.8,43.6,349.0,2911.0,16.0,1,
272607,1861.3,4.8,147.8,40.4,349.0,2911.0,16.0,1,
272707,1857.1,3.5,147.9,103.8,349.0,2911.0,16.0,1,
272807,1860.4,3.1,147.9,108.5,349.0,2911.0,16.0,1,
272907,1858.7,3.1,147.9,110.3,349.0,2911.0,16.0,1,
273007,1858.9,3.1,147.9,100.5,349.0,2911.0,16.0,1,
273107,1861.2,2.8,147.9,99.3,349.0,2911.0,16.0,1,
273207,1849.7,217.7,147.4,36.0,933.0,6705.0,18.0,1,
273307,1850.4,326.9,143.4,35.8,745.0,5217.0,17.0,1,
273407,1886.4,243.5,148.8,35.1,625.0,5060.0,16.0,1,
273607,1846.8,163.9,149.4,35.5,416.0,3615.0,16.0,1,
273707,1869.5,174.5,153.0,29.4,402.0,3048.0,16.0,1,
273807,1870.3,23.4,154.2,30.1,369.0,2909.0,16.0,1,
273907,1857.9,5.6,154.2,28.9,369.0,2909.0,16.0,1,
274007,1863.0,5.1,154.2,27.6,369.0,2909.0,16.0,1,
274107,1868.4,7.1,154.2,28.2,369.0,2909.0,16.0,1,
274207,1863.1,5.3,154.2,37.1,369.0,2909.0,16.0,1,
274307,1857.0,3.5,154.2,100.3,369.0,2909.0,16.0,1,
274407,1861.1,2.4,154.2,123.1,369.0,2909.0,16.0,1,
274607,1859.6,2.9,154.2,99.0,369.0,2909.0,16.0,1,
274707,1859.9,2.7,154.2,98.8,369.0,2909.0,16.0,1,
274807,1848.9,225.9,155.0,38.7,927.0,6310.0,18.0,1,
274907,1882.0,293.2,148.7,34.8,769.0,5402.0,17.0,1,
275007,1842.2,279.6,147.4,35.0,673.0,5224.0,17.0,1,
275107,1840.5,206.3,147.7,35.0,553.0,5083.0,16.0,1,
275207,1871.3,162.8,144.8,35.0,488.0,3791.0,17.0,1,
275307,1865.6,135.3,143.4,35.7,427.0,3143.0,16.0,1,
275407,1870.6,37.4,142.3,30.2,377.0,2843.0,17.0,1,
275607,1864.5,7.3,142.3,42.7,377.0,2843.0,17.0,1,
275707,1869.7,7.7,142.3,38.1,377.0,2843.0,17.0,1,
275807,1866.2,4.4,142.3,38.6,377.0,2843.0,17.0,1,
275907,1858.3,3.0,142.3,98.9,377.0,2843.0,17.0,1,
276007,1859.5,3.4,142.3,106.9,377.0,2843.0,17.0,1,
276107,1858.1,4.0,142.3,108.1,377.0,2843.0,17.0,1,
276207,1859.0,3.0,142.3,102.2,377.0,2843.0,17.0,1,
276307,1858.2,3.6,142.3,99.3,377.0,2843.0,17.0,1,
276407,1895.0,174.2,142.1,47.2,507.0,4155.0,19.0,1,
276607,1843.3,269.8,141.2,34.9,653.0,5178.0,16.0,1,
276707,1882.4,226.0,143.9,35.7,546.0,4944.0,16.0,1,
276807,1861.1,228.6,143.4,35.8,433.0,3897.0,16.0,1,
276907,1876.9,127.8,152.2,34.3,431.0,3259.0,16.0,1,
277007,1848.6,70.2,150.5,28.7,398.0,2815.0,16.0,1,
277107,1855.0,7.9,150.5,29.5,398.0,2815.0,16.0,1,
277207,1855.7,5.8,150.5,36.8,398.0,2815.0,16.0,1,
277307,1860.2,3.5,150.5,41.4,398.0,2815.0,16.0,1,
277407,1860.3,2.9,150.5,44.6,398.0,2815.0,16.0,1,
277607,1860.2,3.0,150.5,85.2,398.0,2815.0,16.0,1,
277707,1858.7,3.1,150.5,99.7,398.0,2815.0,16.0,1,
277807,1858.1,3.8,150.5,101.6,398.0,2815.0,16.0,1,
277907,1858.9,3.6,150.5,103.8,398.0,2815.0,16.0,1,
278007,1861.7,82.0,150.5,112.0,398.0,2815.0,16.0,1,
278107,1843.5,317.0,149.3,36.3,827.0,5667.0,17.0,1,
278207,1888.6,257.6,155.4,34.9,660.0,5099.0,16.0,1,
278307,1861.7,310.0,154.9,35.2,541.0,5022.0,16.0,1,
278407,1850.0,180.4,157.5,36.2,486.0,4225.0,16.0,1,
278607,1847.3,72.4,150.3,28.1,376.0,2883.0,16.0,1,
278707,1868.0,10.9,150.4,28.7,376.0,2883.0,16.0,1,
278807,1857.2,4.2,150.4,36.4,376.0,2883.0,16.0,1,
278907,1863.2,4.5,150.3,37.8,376.0,2883.0,16.0,1,
279007,1867.8,5.4,150.3,37.2,376.0,2883.0,16.0,1,
279107,1862.1,3.6,150.3,54.7,376.0,2883.0,16.0,1,
279207,1860.8,3.2,150.3,90.7,376.0,2883.0,16.0,1,
279307,1862.7,2.8,150.3,98.9,376.0,2883.0,16.0,1,
279407,1862.2,2.4,150.2,100.0,376.0,2883.0,16.0,1,
279607,1862.3,2.0,150.2,100.7,376.0,2883.0,16.0,1,
279707,1880.4,292.6,147.9,35.6,836.0,5585.0,17.0,1,
279807,1852.2,374.7,148.6,34.7,774.0,5298.0,17.0,1,
279907,1838.5,231.7,152.2,34.7,600.0,5115.0,16.0,1,
280007,1870.5,232.7,149.6,35.3,525.0,4183.0,16.0,1,
280107,1860.8,141.5,152.6,36.3,462.0,3454.0,17.0,1,
280207,1880.2,74.5,151.2,30.0,433.0,3034.0,16.0,1,
280307,1849.6,15.5,151.2,36.5,396.0,2907.0,16.0,1,
280407,1856.9,3.9,151.2,36.7,396.0,2907.0,16.0,1,
280607,1871.1,9.9,151.2,39.3,396.0,2907.0,16.0,1,
280707,1870.7,5.3,151.1,41.0,396.0,2907.0,16.0,1,
280807,1859.8,3.8,151.1,99.4,396.0,2907.0,16.0,1,
280907,1858.3,4.8,151.2,108.9,396.0,2907.0,16.0,1,
281007,1851.7,12.8,151.2,107.4,396.0,2907.0,16.0,1,
281107,1851.9,8.0,151.3,99.4,396.0,2907.0,16.0,1,
281207,1859.7,5.3,151.3,100.5,396.0,2907.0,16.0,1,
281307,1888.3,180.8,150.2,37.5,829.0,6192.0,19.0,1,
281407,1843.6,277.4,140.8,35.0,695.0,5280.0,17.0,1,
281607,1871.8,96.8,123.0,34.5,458.0,3894.0,26.0,0,
281707,1887.4,75.9,112.2,34.8,354.0,3147.0,27.0,0,
281807,1860.3,200.7,109.0,36.5,340.0,2455.0,17.0,1,
281907,1854.8,27.1,114.3,29.9,291.0,2188.0,17.0,1,
282007,1858.0,11.7,114.3,29.6,291.0,2188.0,17.0,1,
282107,1843.3,19.0,114.6,28.1,291.0,2188.0,17.0,1,
282207,1845.4,11.8,114.9,27.5,291.0,2188.0,17.0,1,
282307,1845.6,20.6,115.1,29.3,291.0,2188.0,17.0,1,
282407,1856.0,6.8,115.2,89.8,291.0,2188.0,17.0,1,
282607,1864.4,5.3,115.1,83.1,291.0,2188.0,17.0,1,
282707,1865.4,5.3,114.9,74.0,291.0,2188.0,17.0,1,
282807,1863.4,3.5,114.9,68.3,291.0,2188.0,17.0,1,
282907,1846.6,165.5,114.9,66.3,697.0,5788.0,20.0,1,
283007,1867.7,180.5,103.6,89.6,568.0,5010.0,18.0,1,
283107,1865.8,139.3,90.5,99.8,463.0,4333.0,18.0,1,
283207,1874.7,114.4,87.7,84.2,389.0,3319.0,18.0,1,
283307,1859.2,99.0,87.2,39.4,297.0,2389.0,18.0,1,
283407,1845.3,62.3,86.4,40.5,245.0,1613.0,18.0,1,
283607,1857.8,11.6,79.0,83.2,245.0,1613.0,18.0,1,
283707,1846.6,16.1,78.9,68.7,245.0,1613.0,18.0,1,
283807,1849.0,7.7,78.7,66.7,245.0,1613.0,18.0,1,
283907,1852.2,15.0,78.6,66.5,245.0,1613.0,18.0,1,
284007,1853.2,8.0,78.4,76.5,245.0,1613.0,18.0,1,
284107,1876.1,12.9,78.2,76.2,245.0,1613.0,18.0,1,
284207,1872.8,8.5,78.0,87.0,245.0,1613.0,18.0,1,
284307,1869.9,12.8,77.8,81.2,245.0,1613.0,18.0,1,
284407,1874.3,6.8,77.6,70.9,245.0,1613.0,18.0,1,
284607,1864.2,199.5,80.4,36.7,730.0,4983.0,18.0,1,
284707,1863.5,177.0,87.2,35.5,590.0,4275.0,17.0,1,
284807,1856.2,140.5,95.4,35.3,616.0,4064.0,16.0,1,
284907,1837.9,81.9,94.9,35.9,411.0,2879.0,17.0,1,
285007,1889.4,54.1,95.6,34.8,437.0,2321.0,17.0,1,
285107,1857.1,62.0,96.6,34.7,324.0,1903.0,16.0,1,
285207,1855.5,7.4,96.6,66.0,324.0,1903.0,16.0,1,
285307,1860.8,11.3,96.5,38.5,324.0,1903.0,16.0,1,
285407,1869.1,6.4,96.2,34.8,324.0,1903.0,16.0,1,
285607,1872.7,11.8,95.9,94.5,324.0,1903.0,16.0,1,
285707,1852.8,14.3,96.3,90.0,324.0,1903.0,16.0,1,
285807,1834.3,38.4,97.5,72.0,324.0,1903.0,16.0,1,
285907,1876.9,13.4,97.7,42.6,324.0,1903.0,16.0,1,
286007,1838.0,23.9,98.2,29.7,324.0,1903.0,16.0,1,
286107,1859.3,27.0,98.3,29.9,324.0,1903.0,16.0,1,
286207,1936.4,210.2,106.0,35.7,773.0,5569.0,18.0,1,
286307,1880.4,157.6,105.6,35.2,649.0,4816.0,17.0,1,
286407,1861.6,131.0,102.3,34.8,556.0,4572.0,18.0,1,
286607,1865.6,157.8,112.6,34.8,354.0,2282.0,16.0,1,
286707,1850.2,72.8,113.1,36.3,378.0,2267.0,17.0,1,
286807,1869.0,9.5,112.6,38.1,328.0,1978.0,17.0,1,
286907,1857.0,5.2,112.6,39.4,328.0,1978.0,17.0,1,
287007,1865.4,4.5,112.7,53.0,328.0,1978.0,17.0,1,
287107,1863.4,5.6,112.6,66.3,328.0,1978.0,17.0,1,
287207,1853.8,8.0,112.8,83.5,328.0,1978.0,17.0,1,
287307,1857.6,3.4,112.7,98.9,328.0,1978.0,17.0,1,
287407,1860.6,3.2,111.6,86.3,328.0,1978.0,17.0,1,
287607,1856.8,4.6,111.2,89.1,328.0,1978.0,17.0,1,
287707,1856.6,5.9,110.9,91.1,328.0,1978.0,17.0,1,
287807,1848.8,166.3,105.5,37.6,739.0,5331.0,17.0,1,
287907,1863.3,199.0,109.3,35.3,672.0,5146.0,17.0,1,
288007,1884.0,163.2,107.9,34.9,530.0,4916.0,17.0,1,
288107,1844.9,128.3,110.3,35.2,487.0,4132.0,16.0,1,
288207,1840.4,80.0,106.8,37.1,404.0,2988.0,17.0,1,
288307,1861.8,78.7,105.6,35.0,360.0,2265.0,16.0,1,
288407,1860.2,16.3,105.5,39.4,357.0,2257.0,16.0,1,
288607,1866.3,8.6,105.5,40.6,357.0,2257.0,16.0,1,
288707,1870.0,6.6,105.5,39.5,357.0,2257.0,16.0,1,
288807,1862.6,3.1,105.4,52.6,357.0,2257.0,16.0,1,
288907,1858.5,3.5,105.4,110.9,357.0,2257.0,16.0,1,
289007,1857.7,5.6,105.4,123.0,357.0,2257.0,16.0,1,
289107,1856.2,4.4,105.4,125.7,357.0,2257.0,16.0,1,
289207,1859.0,4.0,105.4,124.0,357.0,2257.0,16.0,1,
289307,1858.3,3.8,105.4,102.1,357.0,2257.0,16.0,1,
289407,1862.8,162.2,107.3,38.4,879.0,6553.0,18.0,1,
289607,1832.5,193.6,124.2,35.2,626.0,4863.0,16.0,1,
289707,1845.0,159.2,124.1,34.7,557.0,4497.0,17.0,1,
289807,1867.8,103.4,125.0,35.2,374.0,3059.0,16.0,1,
289907,1862.5,195.1,126.2,36.3,347.0,2629.0,16.0,1,
290007,1853.1,33.4,128.9,30.0,381.0,2320.0,15.0,1,
290107,1859.1,6.7,128.9,29.6,381.0,2320.0,15.0,1,
290207,1860.2,2.9,128.9,28.1,381.0,2320.0,15.0,1,
290307,1864.5,3.7,129.0,28.0,381.0,2320.0,15.0,1,
290407,1862.0,2.9,129.0,40.1,381.0,2320.0,15.0,1,
290607,1860.9,2.7,128.9,85.2,381.0,2320.0,15.0,1,
290707,1862.0,2.9,128.9,86.7,381.0,2320.0,15.0,1,
290807,1860.0,3.5,128.9,81.8,381.0,2320.0,15.0,1,
290907,1858.1,4.4,128.9,77.7,381.0,2320.0,15.0,1,
291007,1865.9,164.2,129.1,44.0,614.0,5075.0,19.0,1,
291107,1831.3,245.5,128.0,35.0,783.0,5487.0,17.0,1,
291207,1841.2,245.9,126.5,35.1,645.0,5184.0,17.0,1,
291307,1885.0,162.8,128.3,35.0,589.0,4823.0,16.0,1,
291407,1867.1,218.8,131.7,35.1,395.0,3553.0,16.0,1,
291607,1869.8,70.1,129.6,30.1,350.0,2506.0,16.0,1,
291707,1857.2,8.2,129.6,36.4,350.0,2506.0,16.0,1,
291807,1860.4,4.9,129.6,37.8,350.0,2506.0,16.0,1,
291907,1868.5,8.5,129.6,39.8,350.0,2506.0,16.0,1,
292007,1868.2,4.1,129.5,41.4,350.0,2506.0,16.0,1,
292107,1858.5,4.4,129.6,80.5,350.0,2506.0,16.0,1,
292207,1857.8,4.2,129.6,100.4,350.0,2506.0,16.0,1,
292307,1857.9,3.9,129.6,104.7,350.0,2506.0,16.0,1,
292407,1858.1,4.6,129.6,101.6,350.0,2506.0,16.0,1,
292607,1856.5,126.0,129.9,81.7,518.0,4452.0,19.0,1,
292707,1847.4,283.3,134.1,34.5,840.0,5720.0,18.0,1,
292807,1877.7,261.0,132.6,34.9,693.0,5166.0,17.0,1,
292907,1874.8,166.0,133.6,35.7,579.0,5192.0,17.0,1,
293007,1823.6,147.2,132.6,37.2,447.0,4063.0,17.0,1,
293107,1863.5,103.2,130.7,30.2,393.0,2921.0,16.0,1,
293207,1870.9,63.6,127.9,30.3,341.0,2473.0,16.0,1,
293307,1860.1,6.9,127.9,34.2,341.0,2473.0,16.0,1,
293407,1863.0,5.3,127.9,39.6,341.0,2473.0,16.0,1,
293607,1866.4,3.1,127.9,36.6,341.0,2473.0,16.0,1,
293707,1859.1,2.7,127.9,65.6,341.0,2473.0,16.0,1,
293807,1860.5,2.6,127.9,87.8,341.0,2473.0,16.0,1,
293907,1858.8,3.9,127.9,99.3,341.0,2473.0,16.0,1,
294007,1857.5,3.6,127.9,100.9,341.0,2473.0,16.0,1,
294107,1859.3,3.0,127.9,100.6,341.0,2473.0,16.0,1,
294207,1862.5,3.6,127.9,114.3,341.0,2473.0,16.0,1,
294307,1881.7,288.9,129.5,34.6,826.0,5608.0,17.0,1,
294407,1840.5,240.6,135.2,34.6,728.0,4977.0,16.0,1,
294607,1870.8,143.1,131.6,36.2,469.0,4002.0,16.0,1,
294707,1887.9,108.9,130.4,37.0,464.0,3419.0,17.0,1,
294807,1866.3,51.2,131.0,34.9,369.0,2700.0,16.0,1,
294907,1860.7,15.8,131.1,35.6,407.0,2577.0,17.0,1,
295007,1869.5,7.6,131.0,45.8,407.0,2577.0,17.0,1,
295107,1866.4,4.1,131.1,53.5,407.0,2577.0,17.0,1,
295207,1863.9,4.7,131.1,36.0,407.0,2577.0,17.0,1,
295307,1865.6,4.2,131.0,38.3,407.0,2577.0,17.0,1,
295407,1857.1,4.7,131.1,100.5,407.0,2577.0,17.0,1,
295607,1859.6,4.0,131.1,133.8,407.0,2577.0,17.0,1,
295707,1858.4,3.4,131.1,114.4,407.0,2577.0,17.0,1,
295807,1857.3,4.0,131.1,100.4,407.0,2577.0,17.0,1,
295907,1863.6,227.1,130.3,57.6,870.0,6294.0,18.0,1,
296007,1835.4,247.1,122.3,36.0,766.0,5562.0,18.0,1,
296107,1876.2,191.0,121.6,34.7,680.0,5127.0,17.0,1,
296207,1878.3,179.2,125.8,35.2,493.0,3799.0,17.0,1,
296307,1857.8,71.1,122.8,36.8,372.0,2861.0,17.0,1,
296407,1851.3,82.8,129.3,35.9,357.0,2249.0,16.0,1,
296607,1857.8,5.3,129.2,30.0,357.0,2249.0,16.0,1,
296707,1869.5,9.8,129.2,29.5,357.0,2249.0,16.0,1,
296807,1878.2,16.0,129.1,30.2,357.0,2249.0,16.0,1,
296907,1872.3,6.0,129.0,51.3,357.0,2249.0,16.0,1,
297007,1859.5,4.2,129.0,122.7,357.0,2249.0,16.0,1,
297107,1860.5,2.5,128.9,122.4,357.0,2249.0,16.0,1,
297207,1859.8,3.1,128.9,122.7,357.0,2249.0,16.0,1,
297307,1858.5,2.9,128.9,117.3,357.0,2249.0,16.0,1,
297407,1861.5,2.4,128.9,111.9,357.0,2249.0,16.0,1,
297607,1878.5,268.6,130.1,35.1,793.0,5224.0,17.0,1,
297707,1854.4,203.6,130.4,35.2,675.0,4948.0,17.0,1,
297807,1835.8,191.5,130.5,35.3,605.0,4336.0,17.0,1,
297907,1860.6,99.3,136.1,36.9,517.0,3363.0,16.0,1,
298007,1863.8,91.6,134.3,37.0,408.0,2199.0,17.0,1,
298107,1866.6,27.3,134.6,36.5,383.0,2088.0,17.0,1,
298207,1860.4,5.0,134.6,36.2,383.0,2088.0,17.0,1,
298307,1866.2,8.9,134.6,35.8,383.0,2088.0,17.0,1,
298407,1872.7,10.5,134.6,36.1,383.0,2088.0,17.0,1,
298607,1864.7,3.3,134.6,101.4,383.0,2088.0,17.0,1,
298707,1860.2,4.0,134.6,100.5,383.0,2088.0,17.0,1,
298807,1862.8,3.1,134.6,99.8,383.0,2088.0,17.0,1,
298907,1861.3,3.1,134.6,99.2,383.0,2088.0,17.0,1,
299007,1859.8,4.1,134.6,92.0,383.0,2088.0,17.0,1,
299107,1865.7,113.4,134.5,66.1,595.0,4105.0,19.0,1,
299207,1869.2,270.4,128.1,35.7,790.0,5419.0,17.0,1,
299307,1808.1,205.9,130.2,35.4,730.0,5030.0,18.0,1,
299407,1859.7,156.5,129.8,34.5,646.0,4354.0,17.0,1,
299607,1858.7,130.7,112.6,36.2,367.0,2357.0,17.0,1,
299707,1870.6,51.3,115.8,30.2,397.0,2189.0,16.0,1,
299807,1851.6,11.6,115.9,36.7,397.0,2189.0,16.0,1,
299907,1863.2,10.6,115.9,36.0,397.0,2189.0,16.0,1,
300007,1874.0,12.4,115.9,36.8,397.0,2189.0,16.0,1,
300107,1871.1,7.0,115.9,36.0,397.0,2189.0,16.0,1,
300207,1862.5,4.9,115.9,66.1,397.0,2189.0,16.0,1,
300307,1850.4,14.4,116.0,93.3,397.0,2189.0,16.0,1,
300407,1850.5,8.9,116.2,86.6,397.0,2189.0,16.0,1,
300607,1857.5,3.5,116.2,88.7,397.0,2189.0,16.0,1,
300707,1846.9,37.8,116.2,89.6,397.0,2189.0,16.0,1,
300807,1863.7,246.0,116.3,39.9,737.0,5927.0,27.0,0,
300907,1846.8,187.2,104.4,39.6,620.0,5140.0,17.0,1,
301007,1888.8,180.7,103.4,38.3,605.0,4700.0,16.0,1,
301107,1862.0,102.2,104.7,34.5,471.0,3775.0,17.0,1,
301207,1854.8,70.2,106.2,35.1,364.0,2856.0,16.0,1,
301307,1864.2,154.9,107.2,36.2,314.0,2451.0,15.0,1,
301407,1867.3,17.3,108.5,34.6,320.0,2303.0,16.0,1,
301607,1868.1,7.8,108.6,27.9,320.0,2303.0,16.0,1,
301707,1866.4,3.5,108.7,27.2,320.0,2303.0,16.0,1,
301807,1856.8,6.3,108.9,52.7,320.0,2303.0,16.0,1,
301907,1856.4,4.3,108.8,99.0,320.0,2303.0,16.0,1,
302007,1858.7,2.5,108.6,100.4,320.0,2303.0,16.0,1,
302107,1859.4,3.5,108.5,101.1,320.0,2303.0,16.0,1,
302207,1859.7,2.8,108.5,91.8,320.0,2303.0,16.0,1,
302307,1860.7,2.0,108.4,99.9,320.0,2303.0,16.0,1,
302407,1841.2,202.2,114.7,30.2,801.0,5850.0,17.0,1,
302607,1860.6,168.0,123.3,34.6,601.0,4995.0,16.0,1,
302707,1840.8,146.6,121.3,34.9,525.0,4414.0,16.0,1,
302807,1870.0,93.8,120.4,35.8,367.0,3082.0,16.0,1,
302907,1858.5,84.2,118.2,50.2,333.0,2786.0,17.0,1,
303007,1874.9,17.1,115.3,46.4,306.0,2251.0,17.0,1,
303107,1864.3,7.1,115.3,110.5,306.0,2251.0,17.0,1,
303207,1856.5,8.4,115.3,93.0,306.0,2251.0,17.0,1,
303307,1853.1,7.3,115.4,69.4,306.0,2251.0,17.0,1,
303407,1855.8,7.2,115.4,76.4,306.0,2251.0,17.0,1,
303607,1838.8,38.1,115.9,108.2,306.0,2251.0,17.0,1,
303707,1865.5,8.2,116.0,35.8,306.0,2251.0,17.0,1,
303807,1861.7,4.0,116.0,28.5,306.0,2251.0,17.0,1,
303907,1860.5,3.8,116.0,38.4,306.0,2251.0,17.0,1,
304007,1848.8,180.5,116.9,38.5,994.0,7327.0,18.0,1,
304107,1880.1,153.5,115.5,29.8,685.0,5148.0,18.0,1,
304207,1845.2,164.0,104.0,30.2,559.0,4808.0,17.0,1,
304307,1869.6,101.3,101.6,34.4,458.0,3913.0,17.0,1,
304407,1870.0,135.7,104.0,34.7,326.0,2804.0,16.0,1,
304607,1861.4,24.0,101.7,29.8,283.0,1998.0,18.0,1,
304707,1860.3,7.0,101.8,29.7,283.0,1998.0,18.0,1,
304807,1855.2,4.5,101.8,30.2,283.0,1998.0,18.0,1,
304907,1860.4,3.3,101.7,29.8,283.0,1998.0,18.0,1,
305007,1860.2,2.4,101.6,44.3,283.0,1998.0,18.0,1,
305107,1860.2,2.7,101.4,100.2,283.0,1998.0,18.0,1,
305207,1860.3,3.1,101.2,99.6,283.0,1998.0,18.0,1,
305307,1859.4,3.9,100.5,104.3,283.0,1998.0,18.0,1,
305407,1865.7,12.0,100.4,101.0,283.0,1998.0,18.0,1,
305607,1865.3,123.8,97.7,47.8,549.0,3785.0,20.0,1,
305707,1822.4,222.1,94.5,35.4,743.0,6243.0,17.0,1,
305807,1929.2,127.4,94.5,34.9,511.0,5008.0,17.0,1,
305907,1891.1,142.9,94.3,34.6,483.0,4355.0,18.0,1,
306007,1869.5,106.3,95.2,34.5,323.0,2939.0,28.0,0,
306107,1857.9,92.3,91.6,30.2,270.0,2159.0,17.0,1,
306207,1840.6,49.8,91.5,30.1,272.0,1713.0,17.0,1,
306307,1836.6,17.9,92.2,34.2,272.0,1713.0,17.0,1,
306407,1852.6,6.9,92.3,40.4,272.0,1713.0,17.0,1,
306607,1861.3,4.5,92.3,49.4,272.0,1713.0,17.0,1,
306707,1863.2,4.5,92.2,85.0,272.0,1713.0,17.0,1,
306807,1864.1,5.5,92.2,98.7,272.0,1713.0,17.0,1,
306907,1859.8,4.9,92.2,87.4,272.0,1713.0,17.0,1,
307007,1863.0,4.2,92.2,67.5,272.0,1713.0,17.0,1,
307107,1862.2,3.3,92.3,68.7,272.0,1713.0,17.0,1,
307207,1859.5,152.0,94.7,65.7,475.0,4055.0,19.0,1,
307307,1875.5,190.0,94.2,35.6,725.0,5796.0,18.0,1,
307407,1890.3,181.4,96.0,34.3,662.0,5249.0,18.0,1,
307607,1851.7,100.2,101.9,35.0,381.0,3456.0,27.0,0,
307707,1867.0,101.2,102.4,29.4,348.0,2433.0,18.0,1,
307807,1860.2,69.5,102.7,29.2,297.0,2044.0,17.0,1,
307907,1861.2,8.5,101.9,27.9,297.0,2044.0,17.0,1,
308007,1858.3,5.0,101.7,29.4,297.0,2044.0,17.0,1,
308107,1865.3,4.8,101.6,29.9,297.0,2044.0,17.0,1,
308207,1867.0,5.4,101.4,35.8,297.0,2044.0,17.0,1,
308307,1863.5,3.2,101.4,91.0,297.0,2044.0,17.0,1,
308407,1860.7,3.9,101.4,99.7,297.0,2044.0,17.0,1,
308607,1862.2,2.9,101.4,98.9,297.0,2044.0,17.0,1,
308707,1861.3,4.3,101.5,80.2,297.0,2044.0,17.0,1,
308807,1861.3,24.3,101.5,68.8,297.0,2044.0,17.0,1,
308907,1898.9,246.4,101.8,50.6,806.0,5977.0,17.0,1,
309007,1833.4,308.4,113.6,35.5,718.0,5173.0,17.0,1,
309107,1847.1,176.3,119.1,34.9,567.0,5167.0,17.0,1,
309207,1882.9,113.9,116.6,35.2,459.0,4108.0,16.0,1,
309307,1857.8,80.5,116.6,36.3,357.0,3182.0,17.0,1,
309407,1876.6,80.0,118.1,29.9,316.0,2582.0,16.0,1,
309607,1858.2,3.2,118.2,30.0,316.0,2582.0,16.0,1,
309707,1862.3,4.4,118.2,36.2,316.0,2582.0,16.0,1,
309807,1863.4,4.6,118.3,35.1,316.0,2582.0,16.0,1,
309907,1865.0,3.8,118.3,70.7,316.0,2582.0,16.0,1,
310007,1861.9,2.6,118.2,100.8,316.0,2582.0,16.0,1,
310107,1861.3,2.9,118.2,100.0,316.0,2582.0,16.0,1,
310207,1861.5,2.7,118.2,100.0,316.0,2582.0,16.0,1,
310307,1861.3,2.5,118.2,91.8,316.0,2582.0,16.0,1,
310407,1861.1,2.0,118.2,78.8,316.0,2582.0,16.0,1,
310607,1843.9,218.6,114.6,35.9,695.0,5135.0,17.0,1,
310707,1887.2,190.2,111.9,34.8,542.0,5217.0,17.0,1,
310807,1875.7,119.8,112.4,34.7,479.0,4097.0,16.0,1,
310907,1849.8,90.3,113.0,34.8,342.0,3242.0,16.0,1,
311007,1868.3,72.3,112.2,28.4,336.0,2762.0,17.0,1,
311107,1859.8,18.0,112.2,29.7,316.0,2456.0,16.0,1,
311207,1855.5,6.7,112.2,35.9,316.0,2456.0,16.0,1,
311307,1860.7,4.2,112.3,44.2,316.0,2456.0,16.0,1,
311407,1869.0,8.4,112.2,38.3,316.0,2456.0,16.0,1,
311607,1863.1,2.7,112.2,106.4,316.0,2456.0,16.0,1,
311707,1863.2,3.8,112.1,98.9,316.0,2456.0,16.0,1,
311807,1863.9,2.8,112.1,91.2,316.0,2456.0,16.0,1,
311907,1862.7,3.1,112.1,100.5,316.0,2456.0,16.0,1,
312007,1865.4,4.9,112.0,101.0,316.0,2456.0,16.0,1,
312107,1847.7,177.6,111.0,43.9,825.0,6812.0,19.0,1,
312207,1895.0,281.2,115.3,39.0,772.0,5541.0,17.0,1,
312307,1875.5,220.6,121.7,35.4,612.0,5248.0,16.0,1,
312407,1843.3,159.2,121.1,34.2,562.0,4731.0,17.0,1,
312607,1871.0,225.9,138.3,30.1,361.0,2803.0,15.0,1,
312707,1869.1,44.4,143.4,28.9,359.0,2485.0,16.0,1,
312807,1859.1,6.1,143.3,27.9,359.0,2485.0,16.0,1,
312907,1863.4,5.1,143.2,28.0,359.0,2485.0,16.0,1,
313007,1867.5,4.3,143.2,28.1,359.0,2485.0,16.0,1,
313107,1861.1,3.2,143.4,30.2,359.0,2485.0,16.0,1,
313207,1860.2,2.9,143.5,99.1,359.0,2485.0,16.0,1,
313307,1861.0,3.0,143.5,90.9,359.0,2485.0,16.0,1,
313407,1859.4,3.0,143.6,100.1,359.0,2485.0,16.0,1,
313607,1861.7,2.7,143.7,99.3,359.0,2485.0,16.0,1,
313707,1872.4,78.4,143.7,55.4,485.0,4249.0,19.0,1,
313807,1857.7,241.2,144.1,35.4,793.0,5712.0,17.0,1,
313907,1835.4,264.2,141.1,35.5,689.0,5244.0,17.0,1,
314007,1869.7,151.1,140.6,35.6,503.0,4654.0,16.0,1,
314107,1879.6,110.6,131.8,34.6,420.0,3636.0,17.0,1,
314207,1861.1,161.6,131.5,35.8,342.0,2768.0,17.0,1,
314307,1872.5,61.0,121.8,38.8,383.0,2405.0,15.0,1,
314407,1851.5,10.5,121.8,39.0,383.0,2405.0,15.0,1,
314607,1864.9,4.5,121.8,35.5,383.0,2405.0,15.0,1,
314707,1863.1,2.7,121.8,35.8,383.0,2405.0,15.0,1,
314807,1860.1,2.1,121.8,73.3,383.0,2405.0,15.0,1,
314907,1861.6,2.6,121.8,89.1,383.0,2405.0,15.0,1,
315007,1860.8,2.6,121.8,91.3,383.0,2405.0,15.0,1,
315107,1862.1,2.5,121.8,79.9,383.0,2405.0,15.0,1,
315207,1860.8,2.4,121.8,89.9,383.0,2405.0,15.0,1,
315307,1851.4,59.3,121.8,90.3,383.0,2405.0,15.0,1,
315407,1854.3,203.1,120.2,35.3,768.0,5673.0,17.0,1,
315607,1886.2,202.7,127.3,35.7,562.0,5042.0,16.0,1,
315707,1853.5,147.4,124.6,29.8,443.0,3844.0,17.0,1,
315807,1847.7,95.4,132.0,29.2,403.0,3142.0,16.0,1,
315907,1862.3,71.5,128.5,28.6,346.0,2414.0,17.0,1,
316007,1866.8,11.4,128.6,34.8,346.0,2414.0,17.0,1,
316107,1856.0,4.7,128.6,42.9,346.0,2414.0,17.0,1,
316207,1862.5,3.6,128.6,50.1,346.0,2414.0,17.0,1,
316307,1861.6,2.7,128.7,37.9,346.0,2414.0,17.0,1,
316407,1859.5,3.6,128.7,49.2,346.0,2414.0,17.0,1,
316607,1860.0,3.1,128.7,99.8,346.0,2414.0,17.0,1,
316707,1859.9,3.1,128.7,86.3,346.0,2414.0,17.0,1,
316807,1859.8,3.7,128.8,85.5,346.0,2414.0,17.0,1,
316907,1859.8,35.7,128.8,98.8,346.0,2414.0,17.0,1,
317007,1859.1,233.8,133.5,35.9,819.0,6142.0,18.0,1,
317107,1889.5,246.1,128.2,34.2,696.0,5230.0,16.0,1,
317207,1843.9,257.1,130.0,34.7,574.0,5165.0,17.0,1,
317307,1850.1,146.6,129.4,34.9,504.0,4544.0,16.0,1,
317407,1866.3,137.3,124.0,35.0,388.0,3191.0,16.0,1,
317607,1872.2,16.9,123.8,29.6,359.0,2686.0,17.0,1,
317707,1865.0,8.4,123.7,37.2,359.0,2686.0,17.0,1,
317807,1868.9,5.1,123.6,41.2,359.0,2686.0,17.0,1,
317907,1864.3,2.8,123.6,36.2,359.0,2686.0,17.0,1,
318007,1860.0,2.7,123.6,44.6,359.0,2686.0,17.0,1,
318107,1865.4,5.0,123.5,83.0,359.0,2686.0,17.0,1,
318207,1863.1,2.3,123.5,90.0,359.0,2686.0,17.0,1,
318307,1859.5,3.4,123.5,103.5,359.0,2686.0,17.0,1,
318407,1859.9,2.9,123.5,110.4,359.0,2686.0,17.0,1,
318607,1899.0,225.1,118.6,35.0,887.0,6881.0,25.0,0,
318707,1824.6,296.8,127.1,34.8,819.0,5685.0,17.0,1,
318807,1846.8,226.0,130.3,34.8,588.0,5332.0,16.0,1,
318907,1886.1,129.7,128.0,34.9,501.0,4563.0,16.0,1,
319007,1868.1,80.7,128.8,35.2,415.0,3489.0,17.0,1,
319107,1884.5,84.5,131.2,36.1,352.0,2918.0,16.0,1,
319207,1851.9,25.5,131.2,30.2,351.0,2598.0,17.0,1,
319307,1860.6,4.4,131.2,34.7,351.0,2598.0,17.0,1,
319407,1869.5,8.3,131.2,37.8,351.0,2598.0,17.0,1,
319607,1863.7,3.6,131.2,36.8,351.0,2598.0,17.0,1,
319707,1857.3,4.7,131.2,109.4,351.0,2598.0,17.0,1,
319807,1856.1,6.3,131.2,111.4,351.0,2598.0,17.0,1,
319907,1853.2,10.7,131.3,102.3,351.0,2598.0,17.0,1,
320007,1853.6,5.7,131.3,92.1,351.0,2598.0,17.0,1,
320107,1857.2,4.6,131.3,89.1,351.0,2598.0,17.0,1,
320207,1871.8,134.7,130.9,43.0,597.0,4914.0,20.0,1,
320307,1831.4,255.1,128.5,34.9,800.0,5583.0,17.0,1,
320407,1886.2,220.2,122.2,34.7,614.0,5132.0,16.0,1,
320607,1843.0,120.1,129.5,35.8,431.0,3700.0,16.0,1,
320707,1870.0,81.6,125.9,30.0,400.0,3005.0,17.0,1,
320807,1853.2,39.0,125.6,28.0,401.0,2405.0,16.0,1,
320907,1859.8,5.5,125.6,29.5,401.0,2405.0,16.0,1,
321007,1863.1,3.6,125.7,42.8,401.0,2405.0,16.0,1,
321107,1865.3,4.1,125.7,39.3,401.0,2405.0,16.0,1,
321207,1862.3,2.2,125.7,36.8,401.0,2405.0,16.0,1,
321307,1861.7,2.9,125.7,100.2,401.0,2405.0,16.0,1,
321407,1863.2,2.8,125.6,124.2,401.0,2405.0,16.0,1,
321607,1862.3,2.7,125.4,111.6,401.0,2405.0,16.0,1,
321707,1862.2,3.3,125.3,102.8,401.0,2405.0,16.0,1,
321807,1853.5,80.9,125.3,100.5,589.0,4843.0,19.0,1,
321907,1888.2,267.1,122.0,35.9,807.0,5772.0,17.0,1,
322007,1869.4,197.3,130.8,34.9,652.0,5197.0,16.0,1,
322107,1834.5,169.2,126.8,34.9,551.0,5034.0,17.0,1,
322207,1867.9,129.1,118.0,35.5,428.0,3484.0,16.0,1,
322307,1871.7,231.9,124.5,36.9,351.0,2809.0,15.0,1,
322407,1866.2,79.7,131.0,30.0,364.0,2434.0,16.0,1,
322607,1863.3,5.6,130.9,29.2,364.0,2434.0,16.0,1,
322707,1863.9,2.9,131.0,29.4,364.0,2434.0,16.0,1,
322807,1863.3,3.3,131.0,35.8,364.0,2434.0,16.0,1,
322907,1862.0,3.5,130.9,65.9,364.0,2434.0,16.0,1,
323007,1858.5,2.9,131.0,102.4,364.0,2434.0,16.0,1,
323107,1859.9,2.1,131.0,109.7,364.0,2434.0,16.0,1,
323207,1859.6,3.3,131.1,110.0,364.0,2434.0,16.0,1,
323307,1858.1,3.8,131.1,111.9,364.0,2434.0,16.0,1,
323407,1857.3,4.7,131.2,131.2,364.0,2434.0,16.0,1,
323607,1826.9,257.7,134.9,39.8,706.0,5305.0,17.0,1,
323707,1874.8,160.5,133.4,35.2,529.0,4916.0,16.0,1,
323807,1871.7,167.5,132.9,34.3,456.0,3864.0,17.0,1,
323907,1868.7,84.5,134.9,34.6,342.0,2839.0,17.0,1,
324007,1860.8,110.6,124.0,34.8,301.0,2358.0,16.0,1,
324107,1864.7,16.6,124.0,37.2,332.0,2284.0,16.0,1,
324207,1849.8,10.2,124.2,36.5,332.0,2284.0,16.0,1,
324307,1855.7,4.8,124.3,27.8,332.0,2284.0,16.0,1,
324407,1859.7,3.1,124.3,27.7,332.0,2284.0,16.0,1,
324607,1855.0,4.9,124.4,85.1,332.0,2284.0,16.0,1,
324707,1859.8,2.5,124.4,88.1,332.0,2284.0,16.0,1,
324807,1858.3,3.6,124.4,91.9,332.0,2284.0,16.0,1,
324907,1857.5,3.2,124.4,98.8,332.0,2284.0,16.0,1,
325007,1864.5,18.5,124.5,85.0,332.0,2284.0,16.0,1,
325107,1827.6,175.9,119.5,35.5,826.0,6841.0,18.0,1,
325207,1889.8,218.2,109.9,34.9,679.0,5217.0,17.0,1,
325307,1882.3,141.9,107.0,34.7,577.0,5139.0,18.0,1,
325407,1854.9,111.7,105.5,34.6,470.0,3870.0,17.0,1,
325607,1865.9,83.2,99.4,35.4,334.0,2108.0,17.0,1,
325707,1869.3,17.4,98.6,35.7,356.0,2124.0,16.0,1,
325807,1853.8,9.6,98.5,45.3,356.0,2124.0,16.0,1,
325907,1860.3,5.5,98.4,42.0,356.0,2124.0,16.0,1,
326007,1868.9,8.8,98.4,35.3,356.0,2124.0,16.0,1,
326107,1869.9,6.7,98.3,40.8,356.0,2124.0,16.0,1,
326207,1862.6,5.1,98.2,99.1,356.0,2124.0,16.0,1,
326307,1855.2,5.8,98.2,99.0,356.0,2124.0,16.0,1,
326407,1857.3,4.7,98.2,115.6,356.0,2124.0,16.0,1,
326607,1856.2,6.0,98.3,167.2,356.0,2124.0,16.0,1,
326707,1850.8,183.0,100.2,42.9,859.0,6489.0,18.0,1,
326807,1884.5,260.8,98.6,35.2,765.0,5300.0,16.0,1,
326907,1826.4,233.4,112.1,35.5,671.0,5246.0,17.0,1,
327007,1864.5,177.0,120.8,35.0,583.0,4841.0,16.0,1,
327107,1860.9,125.8,124.8,34.5,472.0,3559.0,17.0,1,
327207,1867.6,122.7,125.2,34.5,359.0,2838.0,16.0,1,
327307,1872.4,35.5,127.5,29.8,334.0,2636.0,17.0,1,
327407,1851.7,14.9,127.5,30.3,334.0,2636.0,17.0,1,
327607,1857.5,5.6,127.7,27.0,334.0,2636.0,17.0,1,
327707,1857.0,5.5,127.7,36.2,334.0,2636.0,17.0,1,
327807,1856.9,4.4,127.8,112.8,334.0,2636.0,17.0,1,
327907,1858.6,4.3,127.8,124.0,334.0,2636.0,17.0,1,
328007,1859.3,4.6,127.8,111.2,334.0,2636.0,17.0,1,
328107,1857.9,3.9,127.8,110.5,334.0,2636.0,17.0,1,
328207,1859.1,3.9,127.7,113.7,334.0,2636.0,17.0,1,
328307,1885.7,134.0,128.6,88.1,513.0,4201.0,19.0,1,
328407,1834.8,250.8,130.0,34.8,832.0,5976.0,18.0,1,
328607,1884.9,142.9,116.3,34.7,523.0,4565.0,16.0,1,
328707,1863.0,71.2,112.6,35.0,406.0,3443.0,17.0,1,
328807,1880.5,71.7,111.3,35.6,370.0,2833.0,16.0,1,
328907,1863.3,50.5,108.5,38.3,304.0,2229.0,17.0,1,
329007,1858.3,6.9,108.4,40.6,304.0,2229.0,17.0,1,
329107,1857.8,4.7,108.3,67.3,304.0,2229.0,17.0,1,
329207,1865.5,5.0,108.2,43.6,304.0,2229.0,17.0,1,
329307,1863.7,5.1,108.2,47.0,304.0,2229.0,17.0,1,
329407,1869.0,8.9,108.1,93.5,304.0,2229.0,17.0,1,
329607,1865.4,5.2,108.0,108.7,304.0,2229.0,17.0,1,
329707,1866.0,3.7,107.9,104.1,304.0,2229.0,17.0,1,
329807,1860.6,13.4,107.9,89.6,304.0,2229.0,17.0,1,
329907,1867.5,85.2,107.4,65.7,304.0,2229.0,17.0,1,
330007,1845.1,221.5,104.9,35.2,768.0,5656.0,18.0,1,
330107,1892.2,184.8,104.6,34.7,623.0,5065.0,17.0,1,
330207,1865.2,137.8,106.6,34.6,554.0,4724.0,16.0,1,
330307,1856.7,78.9,105.5,35.2,417.0,3685.0,26.0,0,
330407,1870.3,114.0,108.6,36.2,299.0,2817.0,17.0,1,
330607,1871.1,12.8,109.7,35.4,299.0,2817.0,17.0,1,
330707,1858.1,5.7,109.7,39.8,299.0,2817.0,17.0,1,
330807,1861.6,3.7,109.7,53.4,299.0,2817.0,17.0,1,
330907,1864.4,3.9,109.7,39.0,299.0,2817.0,17.0,1,
331007,1859.4,4.3,109.8,73.7,299.0,2817.0,17.0,1,
331107,1857.2,4.0,109.8,92.2,299.0,2817.0,17.0,1,
331207,1859.6,2.8,109.9,90.8,299.0,2817.0,17.0,1,
331307,1860.0,2.8,109.9,89.0,299.0,2817.0,17.0,1,
331407,1860.1,2.9,109.9,89.7,299.0,2817.0,17.0,1,
331607,1881.0,249.4,115.2,82.9,811.0,5963.0,25.0,0,
331707,1868.1,230.8,114.6,35.5,672.0,4994.0,16.0,1,
331807,1832.2,190.1,118.3,34.9,553.0,5171.0,17.0,1,
331907,1874.0,137.0,118.1,35.3,473.0,4007.0,17.0,1,
332007,1860.0,139.1,120.2,36.3,325.0,3067.0,16.0,1,
332107,1873.7,69.7,120.0,29.9,337.0,2631.0,16.0,1,
332207,1851.0,17.1,119.2,29.7,315.0,2459.0,17.0,1,
332307,1855.7,4.6,119.3,30.1,315.0,2459.0,17.0,1,
332407,1865.4,6.3,119.2,38.6,315.0,2459.0,17.0,1,
332607,1860.3,4.9,119.2,52.1,315.0,2459.0,17.0,1,
332707,1857.5,3.3,119.2,85.7,315.0,2459.0,17.0,1,
332807,1861.6,2.7,119.2,75.6,315.0,2459.0,17.0,1,
332907,1858.4,3.8,119.2,77.5,315.0,2459.0,17.0,1,
333007,1859.6,2.9,119.2,93.8,315.0,2459.0,17.0,1,
333107,1860.2,2.6,119.2,88.5,315.0,2459.0,17.0,1,
333207,1881.8,112.0,114.0,38.7,842.0,6836.0,26.0,0,
333307,1825.8,258.3,114.2,35.9,704.0,5272.0,24.0,1,
333407,1858.0,189.2,116.3,35.1,536.0,4902.0,16.0,1,
333607,1867.8,103.0,127.3,36.0,336.0,3281.0,26.0,0,
333707,1858.6,96.0,131.8,29.1,357.0,2836.0,17.0,1,
333807,1856.8,24.3,131.8,27.9,301.0,2447.0,16.0,1,
333907,1851.4,10.4,131.9,28.1,301.0,2447.0,16.0,1,
334007,1857.4,4.9,132.0,36.7,301.0,2447.0,16.0,1,
334107,1860.2,2.8,132.1,37.4,301.0,2447.0,16.0,1,
334207,1866.5,5.0,132.0,51.0,301.0,2447.0,16.0,1,
334307,1862.8,3.7,131.9,112.1,301.0,2447.0,16.0,1,
334407,1859.7,2.5,132.0,111.5,301.0,2447.0,16.0,1,
334607,1861.2,2.5,131.9,99.7,301.0,2447.0,16.0,1,
334707,1861.9,3.3,131.9,99.7,301.0,2447.0,16.0,1,
334807,1846.3,128.8,131.7,49.4,784.0,6418.0,26.0,0,
334907,1879.5,241.4,128.1,36.3,691.0,5082.0,17.0,1,
335007,1871.7,260.2,127.2,35.5,557.0,4815.0,16.0,1,
335107,1869.1,142.6,130.2,34.9,520.0,4586.0,16.0,1,
335207,1851.5,142.7,121.8,35.0,397.0,3384.0,25.0,0,
335307,1849.0,100.4,113.1,36.0,331.0,2697.0,16.0,1,
335407,1871.7,39.9,113.2,30.2,304.0,2533.0,16.0,1,
335607,1858.5,4.6,113.0,38.4,304.0,2533.0,16.0,1,
335707,1864.5,5.7,112.9,39.3,304.0,2533.0,16.0,1,
335807,1864.8,4.4,112.9,43.9,304.0,2533.0,16.0,1,
335907,1856.1,5.7,113.1,111.5,304.0,2533.0,16.0,1,
336007,1858.0,3.1,113.1,90.1,304.0,2533.0,16.0,1,
336107,1860.9,3.0,113.1,91.2,304.0,2533.0,16.0,1,
336207,1859.1,2.8,113.1,93.4,304.0,2533.0,16.0,1,
336307,1859.8,2.5,113.2,98.8,304.0,2533.0,16.0,1,
336407,1859.1,79.4,113.4,99.0,500.0,4378.0,19.0,1,
336607,1831.3,240.8,116.9,35.8,619.0,4988.0,17.0,1,
336707,1877.9,155.7,113.1,35.5,547.0,5165.0,17.0,1,
336807,1857.1,101.8,111.1,35.0,404.0,3353.0,16.0,1,
336907,1873.1,63.8,110.1,36.7,348.0,2799.0,16.0,1,
337007,1870.9,69.8,109.5,37.5,316.0,2498.0,17.0,1,
337107,1854.5,8.0,109.6,38.4,316.0,2498.0,17.0,1,
337207,1857.0,4.2,109.6,66.0,316.0,2498.0,17.0,1,
337307,1863.2,5.0,109.6,43.0,316.0,2498.0,17.0,1,
337407,1865.9,3.5,109.6,36.0,316.0,2498.0,17.0,1,
337607,1858.3,2.4,109.6,92.1,316.0,2498.0,17.0,1,
337707,1862.0,2.1,109.6,90.0,316.0,2498.0,17.0,1,
337807,1860.3,2.6,109.6,100.4,316.0,2498.0,17.0,1,
337907,1861.7,2.6,109.5,101.1,316.0,2498.0,17.0,1,
338007,1862.3,17.8,109.5,100.5,316.0,2498.0,17.0,1,
338107,1859.2,225.6,109.5,36.2,772.0,6106.0,25.0,0,
338207,1853.2,235.0,113.4,35.3,624.0,4982.0,16.0,1,
338307,1863.9,238.3,124.8,35.6,564.0,4889.0,16.0,1,
338407,1879.5,127.8,124.8,37.1,453.0,3698.0,17.0,1,
338607,1837.4,116.7,125.9,34.3,332.0,2519.0,16.0,1,
338707,1863.3,13.5,126.9,35.8,313.0,2322.0,15.0,1,
338807,1861.5,4.6,126.9,39.1,313.0,2322.0,15.0,1,
338907,1865.1,7.2,126.9,35.7,313.0,2322.0,15.0,1,
339007,1867.7,5.1,126.9,35.7,313.0,2322.0,15.0,1,
339107,1861.0,3.7,126.9,50.9,313.0,2322.0,15.0,1,
339207,1860.5,2.9,126.9,99.2,313.0,2322.0,15.0,1,
339307,1862.0,2.8,126.9,99.9,313.0,2322.0,15.0,1,
339407,1859.8,2.6,126.9,98.9,313.0,2322.0,15.0,1,
339607,1860.6,2.5,126.9,107.9,313.0,2322.0,15.0,1,
339707,1860.4,202.7,127.1,37.9,772.0,5882.0,25.0,0,
339807,1872.5,191.7,118.8,35.5,628.0,4874.0,16.0,1,
339907,1868.5,167.1,118.7,35.2,602.0,4978.0,16.0,1,
340007,1855.8,142.2,109.6,35.6,494.0,4172.0,17.0,1,
340107,1844.4,175.6,112.7,37.9,365.0,3186.0,16.0,1,
340207,1864.2,63.7,115.0,36.5,333.0,2473.0,16.0,1,
340307,1865.3,13.4,112.9,38.4,330.0,2341.0,16.0,1,
340407,1858.9,4.1,112.9,35.9,330.0,2341.0,16.0,1,
340607,1863.6,2.3,112.9,40.3,330.0,2341.0,16.0,1,
340707,1860.8,3.0,112.9,46.7,330.0,2341.0,16.0,1,
340807,1859.0,3.1,112.9,89.7,330.0,2341.0,16.0,1,
340907,1861.3,3.3,112.9,100.4,330.0,2341.0,16.0,1,
341007,1861.2,2.2,112.9,90.0,330.0,2341.0,16.0,1,
341107,1860.8,2.6,112.9,73.2,330.0,2341.0,16.0,1,
341207,1860.4,2.3,112.9,87.3,330.0,2341.0,16.0,1,
341307,1878.9,169.8,112.7,46.3,773.0,6422.0,26.0,0,
341407,1870.9,262.9,114.4,39.4,701.0,5250.0,17.0,1,
341607,1860.9,144.6,113.1,35.0,523.0,4197.0,17.0,1,
341707,1863.2,103.1,113.5,36.3,377.0,3090.0,16.0,1,
341807,1882.5,62.3,108.2,34.8,337.0,2711.0,17.0,1,
341907,1847.5,23.6,108.2,35.9,336.0,2422.0,16.0,1,
342007,1858.1,6.5,108.2,38.4,336.0,2422.0,16.0,1,
342107,1861.3,3.7,108.2,56.2,336.0,2422.0,16.0,1,
342207,1863.1,4.8,108.2,39.5,336.0,2422.0,16.0,1,
342307,1862.8,4.2,108.2,42.4,336.0,2422.0,16.0,1,
342407,1858.5,2.9,108.2,93.9,336.0,2422.0,16.0,1,
342607,1860.0,2.5,108.2,133.6,336.0,2422.0,16.0,1,
342707,1860.6,2.4,108.2,111.9,336.0,2422.0,16.0,1,
342807,1860.0,2.0,108.3,101.2,336.0,2422.0,16.0,1,
342907,1872.7,175.5,108.7,54.2,481.0,4083.0,27.0,0,
343007,1846.6,261.7,109.1,35.2,724.0,5400.0,17.0,1,
343107,1855.7,193.9,112.6,35.1,583.0,4842.0,17.0,1,
343207,1862.6,139.2,111.6,35.2,542.0,4621.0,16.0,1,
343307,1885.7,113.4,110.6,35.4,393.0,3370.0,16.0,1,
343407,1848.9,77.3,111.2,55.4,382.0,3007.0,16.0,1,
343607,1861.7,6.5,116.6,30.1,382.0,3007.0,16.0,1,
343707,1859.5,4.0,116.6,29.4,382.0,3007.0,16.0,1,
343807,1859.4,3.9,116.6,27.5,382.0,3007.0,16.0,1,
343907,1862.5,3.0,116.6,29.7,382.0,3007.0,16.0,1,
344007,1859.0,3.9,116.6,71.1,382.0,3007.0,16.0,1,
344107,1860.2,3.3,116.6,75.8,382.0,3007.0,16.0,1,
344207,1861.6,2.8,116.6,81.6,382.0,3007.0,16.0,1,
344307,1860.5,2.4,116.6,93.5,382.0,3007.0,16.0,1,
344407,1861.0,2.7,116.6,110.8,382.0,3007.0,16.0,1,
344607,1867.3,228.0,112.6,36.0,798.0,5658.0,18.0,1,
344707,1865.8,219.7,113.1,35.2,607.0,4917.0,17.0,1,
344807,1876.5,163.6,113.3,34.8,589.0,4568.0,16.0,1,
344907,1850.8,147.8,116.5,34.9,442.0,3712.0,16.0,1,
345007,1848.2,92.8,116.5,36.5,369.0,2864.0,16.0,1,
345107,1881.3,99.2,117.9,34.7,320.0,2405.0,16.0,1,
345207,1861.3,10.0,117.9,38.3,320.0,2405.0,16.0,1,
345307,1857.0,9.2,117.9,36.5,320.0,2405.0,16.0,1,
345407,1858.0,4.6,117.9,35.3,320.0,2405.0,16.0,1,
345607,1860.6,3.5,117.9,85.8,320.0,2405.0,16.0,1,
345707,1859.1,3.0,117.9,125.9,320.0,2405.0,16.0,1,
345807,1860.8,2.9,117.9,115.6,320.0,2405.0,16.0,1,
345907,1860.3,3.0,117.9,103.6,320.0,2405.0,16.0,1,
346007,1861.7,2.9,117.9,83.6,320.0,2405.0,16.0,1,
346107,1862.1,12.1,117.9,86.2,320.0,2405.0,16.0,1,
346207,1871.5,215.8,118.8,36.2,744.0,5757.0,18.0,1,
346307,1852.3,248.8,116.9,35.2,643.0,4890.0,16.0,1,
346407,1861.1,176.5,118.1,35.0,507.0,4629.0,17.0,1,
346607,1881.1,117.5,123.6,35.0,362.0,2979.0,16.0,1,
346707,1858.1,67.4,117.6,34.2,349.0,2659.0,16.0,1,
346807,1865.5,12.3,117.2,29.9,319.0,2360.0,16.0,1,
346907,1856.2,6.6,117.2,36.8,319.0,2360.0,16.0,1,
347007,1854.0,6.9,117.2,36.6,319.0,2360.0,16.0,1,
347107,1865.7,4.0,117.2,36.2,319.0,2360.0,16.0,1,
347207,1859.9,3.5,117.2,49.7,319.0,2360.0,16.0,1,
347307,1859.9,2.5,117.2,92.7,319.0,2360.0,16.0,1,
347407,1860.7,2.6,117.2,101.1,319.0,2360.0,16.0,1,
347607,1860.7,2.5,117.2,101.5,319.0,2360.0,16.0,1,
347707,1861.2,3.5,117.2,100.4,319.0,2360.0,16.0,1,
347807,1863.3,183.2,117.2,37.3,751.0,5730.0,18.0,1,
347907,1855.3,243.4,119.8,35.2,654.0,5123.0,17.0,1,
348007,1864.1,188.7,118.0,35.1,580.0,4713.0,17.0,1,
348107,1876.9,149.6,122.1,35.3,528.0,4188.0,16.0,1,
348207,1854.0,193.4,115.4,35.2,399.0,3233.0,17.0,1,
348307,1844.8,77.6,120.3,34.3,358.0,2631.0,16.0,1,
348407,1863.0,19.3,120.3,28.5,333.0,2424.0,16.0,1,
348607,1858.3,3.1,120.2,35.5,333.0,2424.0,16.0,1,
348707,1866.0,5.1,120.1,36.4,333.0,2424.0,16.0,1,
348807,1863.3,3.3,120.1,47.3,333.0,2424.0,16.0,1,
348907,1859.5,3.6,120.1,106.4,333.0,2424.0,16.0,1,
349007,1857.3,5.8,120.1,103.7,333.0,2424.0,16.0,1,
349107,1857.4,5.7,120.2,100.6,333.0,2424.0,16.0,1,
349207,1858.3,6.4,120.2,99.7,333.0,2424.0,16.0,1,
349307,1860.4,4.6,120.2,66.9,333.0,2424.0,16.0,1,
349407,1859.2,162.5,123.2,34.5,698.0,6088.0,19.0,1,
349607,1888.3,129.8,110.4,35.3,679.0,4503.0,17.0,1,
349707,1849.8,97.0,100.6,35.0,519.0,4080.0,17.0,1,
349807,1845.5,83.3,98.1,34.9,346.0,2882.0,17.0,1,
349907,1868.3,113.6,94.2,35.7,303.0,2181.0,16.0,1,
350007,1852.7,31.0,94.1,37.0,312.0,2030.0,17.0,1,
350107,1856.8,4.8,94.2,35.6,312.0,2030.0,17.0,1,
350207,1858.3,6.2,94.2,36.0,312.0,2030.0,17.0,1,
350307,1853.8,5.2,94.4,35.9,312.0,2030.0,17.0,1,
350407,1863.9,3.6,94.4,38.3,312.0,2030.0,17.0,1,
350607,1857.1,4.7,94.4,99.9,312.0,2030.0,17.0,1,
350707,1857.8,4.1,94.4,100.7,312.0,2030.0,17.0,1,
350807,1859.4,2.6,94.3,100.4,312.0,2030.0,17.0,1,
350907,1859.6,2.9,94.4,103.2,312.0,2030.0,17.0,1,
351007,1865.1,76.7,90.3,67.3,444.0,3926.0,27.0,0,
351107,1885.3,202.7,87.7,36.5,658.0,5236.0,25.0,0,
351207,1842.3,258.1,94.2,35.5,582.0,4775.0,17.0,1,
351307,1845.2,131.7,98.5,35.0,496.0,4114.0,17.0,1,
351407,1886.1,127.3,101.3,35.2,369.0,3051.0,16.0,1,
351607,1879.0,53.1,98.8,29.6,268.0,2093.0,16.0,1,
351707,1849.8,14.7,98.8,37.7,268.0,2093.0,16.0,1,
351807,1854.3,14.4,98.9,40.7,268.0,2093.0,16.0,1,
351907,1883.1,26.5,98.5,35.2,268.0,2093.0,16.0,1,
352007,1806.3,32.4,101.3,34.4,268.0,2093.0,16.0,1,
352107,1865.9,7.6,101.2,25.3,268.0,2093.0,16.0,1,
352207,1872.9,34.2,101.1,25.6,268.0,2093.0,16.0,1,
352307,1877.3,7.5,101.0,27.3,268.0,2093.0,16.0,1,
352407,1835.5,30.6,102.0,35.0,268.0,2093.0,16.0,1,
352607,1852.4,47.9,102.2,46.5,268.0,2093.0,16.0,1,
352707,1873.7,167.9,102.2,39.6,694.0,5845.0,26.0,0,
352807,1849.2,177.0,99.0,35.6,561.0,4740.0,17.0,1,
352907,1885.3,114.0,93.1,35.3,518.0,4401.0,16.0,1,
353007,1859.3,67.5,92.5,34.9,425.0,3283.0,27.0,0,
353107,1853.5,73.1,91.2,35.2,296.0,2669.0,16.0,1,
353207,1869.1,151.3,94.4,35.0,301.0,2213.0,17.0,1,
353307,1866.4,12.7,96.4,35.9,263.0,2145.0,16.0,1,
353407,1859.3,6.0,96.2,38.4,263.0,2145.0,16.0,1,
353607,1864.7,5.0,93.6,34.4,263.0,2145.0,16.0,1,
353707,1862.2,3.5,93.4,69.2,263.0,2145.0,16.0,1,
353807,1862.0,3.2,93.4,99.5,263.0,2145.0,16.0,1,
353907,1862.4,3.4,93.6,108.3,263.0,2145.0,16.0,1,
354007,1863.3,3.8,92.6,105.5,263.0,2145.0,16.0,1,
354107,1863.4,3.4,92.1,92.8,263.0,2145.0,16.0,1,
354207,1862.2,9.5,92.2,102.3,263.0,2145.0,16.0,1,
354307,1850.6,198.2,96.7,38.9,705.0,5618.0,25.0,0,
354407,1894.8,240.4,103.1,34.9,596.0,4699.0,17.0,1,
354607,1848.1,130.1,111.8,34.8,529.0,4316.0,16.0,1,
354707,1872.0,162.7,114.9,35.2,340.0,2973.0,16.0,1,
354807,1858.7,76.9,116.1,35.3,351.0,2523.0,16.0,1,
354907,1874.7,16.0,111.8,34.6,357.0,2366.0,17.0,1,
355007,1857.5,7.7,111.8,37.2,357.0,2366.0,17.0,1,
355107,1859.9,5.5,111.8,38.3,357.0,2366.0,17.0,1,
355207,1867.9,6.0,111.8,35.7,357.0,2366.0,17.0,1,
355307,1864.7,3.5,111.8,68.7,357.0,2366.0,17.0,1,
355407,1860.7,2.3,111.8,99.8,357.0,2366.0,17.0,1,
355607,1862.6,3.9,111.8,110.3,357.0,2366.0,17.0,1,
355707,1864.2,3.3,111.8,132.6,357.0,2366.0,17.0,1,
355807,1862.2,2.8,111.8,132.6,357.0,2366.0,17.0,1,
355907,1886.1,157.4,110.2,38.2,739.0,5974.0,18.0,1,
356007,1846.7,263.6,110.1,35.1,642.0,4930.0,16.0,1,
356107,1843.5,206.1,113.7,35.2,564.0,4519.0,17.0,1,
356207,1870.8,150.9,124.2,36.2,537.0,4189.0,16.0,1,
356307,1872.3,71.0,124.1,30.2,426.0,3333.0,16.0,1,
356407,1869.1,61.1,119.8,30.1,343.0,2616.0,16.0,1,
356607,1859.5,8.3,119.6,68.0,343.0,2616.0,16.0,1,
356707,1858.3,5.3,119.6,56.9,343.0,2616.0,16.0,1,
356807,1867.8,6.6,119.6,39.1,343.0,2616.0,16.0,1,
356907,1864.7,2.9,119.6,48.1,343.0,2616.0,16.0,1,
357007,1861.2,2.4,119.6,99.1,343.0,2616.0,16.0,1,
357107,1862.9,3.1,119.6,103.4,343.0,2616.0,16.0,1,
357207,1861.7,2.3,119.6,115.0,343.0,2616.0,16.0,1,
357307,1861.4,2.4,119.6,114.0,343.0,2616.0,16.0,1,
357407,1865.0,4.1,119.6,110.3,343.0,2616.0,16.0,1,
357607,1832.3,243.7,120.7,35.7,701.0,5188.0,17.0,1,
357707,1883.0,200.0,119.9,35.2,555.0,4736.0,17.0,1,
357807,1876.3,232.3,110.0,35.7,604.0,4591.0,17.0,1,
357907,1863.5,111.1,115.3,36.4,435.0,3498.0,16.0,1,
358007,1858.4,71.1,115.6,29.7,361.0,2844.0,17.0,1,
358107,1854.8,41.8,115.8,36.2,409.0,2433.0,17.0,1,
358207,1861.1,5.4,115.8,35.4,409.0,2433.0,17.0,1,
358307,1861.3,4.5,115.7,66.8,409.0,2433.0,17.0,1,
358407,1867.9,7.5,115.7,43.4,409.0,2433.0,17.0,1,
358607,1859.6,3.8,115.7,93.4,409.0,2433.0,17.0,1,
358707,1859.5,2.9,115.8,98.7,409.0,2433.0,17.0,1,
358807,1860.5,2.9,115.8,107.4,409.0,2433.0,17.0,1,
358907,1861.7,2.4,115.8,115.1,409.0,2433.0,17.0,1,
359007,1861.0,2.4,115.8,118.1,409.0,2433.0,17.0,1,
359107,1854.2,109.3,117.3,102.5,409.0,2433.0,17.0,1,
359207,1877.2,237.7,116.3,77.3,712.0,5363.0,17.0,1,
359307,1875.7,191.3,115.1,65.6,670.0,5038.0,17.0,1,
359407,1833.2,157.2,113.5,35.6,509.0,4796.0,17.0,1,
359607,1865.4,90.5,106.8,35.6,362.0,2801.0,17.0,1,
359707,1859.2,67.8,107.2,35.7,405.0,2386.0,16.0,1,
359807,1856.5,12.3,107.2,34.3,405.0,2386.0,16.0,1,
359907,1855.4,5.9,107.2,38.7,405.0,2386.0,16.0,1,
360007,1869.7,9.4,107.2,38.2,405.0,2386.0,16.0,1,
360107,1872.2,8.8,107.2,36.3,405.0,2386.0,16.0,1,
360207,1864.1,2.6,107.2,66.9,405.0,2386.0,16.0,1,
360307,1862.6,3.8,107.2,130.5,405.0,2386.0,16.0,1,
360407,1861.3,4.0,107.2,142.8,405.0,2386.0,16.0,1,
360607,1857.5,4.8,107.2,103.0,405.0,2386.0,16.0,1,
360707,1857.1,4.2,107.3,100.1,405.0,2386.0,16.0,1,
360807,1886.4,227.2,113.3,40.6,718.0,5623.0,17.0,1,
360907,1819.9,228.7,111.6,40.5,683.0,5083.0,17.0,1,
361007,1859.3,166.8,111.2,34.6,552.0,4598.0,16.0,1,
361107,1881.7,117.3,113.0,30.2,465.0,3589.0,17.0,1,
361207,1859.0,63.1,112.4,35.0,373.0,2872.0,17.0,1,
361307,1876.5,79.5,112.3,34.5,325.0,2370.0,16.0,1,
361407,1849.2,12.6,112.2,34.4,351.0,2233.0,16.0,1,
361607,1862.8,6.3,112.3,39.4,351.0,2233.0,16.0,1,
361707,1855.3,6.1,112.5,36.0,351.0,2233.0,16.0,1,
361807,1859.0,3.2,112.5,56.8,351.0,2233.0,16.0,1,
361907,1861.8,3.9,112.5,101.0,351.0,2233.0,16.0,1,
362007,1860.2,2.7,112.5,114.1,351.0,2233.0,16.0,1,
362107,1864.1,4.0,112.5,122.8,351.0,2233.0,16.0,1,
362207,1860.9,2.7,112.4,100.8,351.0,2233.0,16.0,1,
362307,1836.5,69.5,113.6,66.4,351.0,2233.0,16.0,1,
362407,1878.3,165.2,110.7,43.3,778.0,5987.0,18.0,1,
362607,1881.0,155.3,108.4,35.0,586.0,4767.0,17.0,1,
362707,1856.2,195.0,105.9,34.9,605.0,4318.0,17.0,1,
362807,1863.7,97.1,110.5,35.5,425.0,3255.0,16.0,1,
362907,1866.8,110.9,116.9,35.9,334.0,2318.0,17.0,1,
363007,1869.1,24.3,117.6,30.2,336.0,2230.0,16.0,1,
363107,1849.8,11.9,117.6,36.6,336.0,2230.0,16.0,1,
363207,1857.2,20.9,117.6,34.7,336.0,2230.0,16.0,1,
363307,1866.5,47.7,120.7,29.9,336.0,2230.0,16.0,1,
363407,1862.9,85.5,120.8,23.5,336.0,2230.0,16.0,1,
363607,1836.8,147.0,126.8,27.2,336.0,2230.0,16.0,1,
363707,1806.9,121.8,134.6,44.7,336.0,2230.0,16.0,1,
363807,1948.7,95.6,137.4,35.4,336.0,2230.0,16.0,1,
363907,1818.0,165.8,140.5,28.7,336.0,2230.0,16.0,1,
364007,1908.0,144.9,142.7,38.3,734.0,6015.0,18.0,1,
364107,1884.2,202.0,141.2,35.0,721.0,5076.0,18.0,1,
364207,1853.3,176.3,138.6,34.8,651.0,4784.0,17.0,1,
364307,1853.2,125.3,138.1,35.1,506.0,4220.0,16.0,1,
364407,1868.1,111.9,134.4,35.4,317.0,2650.0,17.0,1,
364607,1870.2,27.9,130.8,29.9,303.0,2048.0,17.0,1,
364707,1854.3,13.0,130.8,29.5,303.0,2048.0,17.0,1,
364807,1855.8,5.6,130.8,30.1,303.0,2048.0,17.0,1,
364907,1859.4,4.2,127.9,35.5,303.0,2048.0,17.0,1,
365007,1860.6,3.0,128.0,45.6,303.0,2048.0,17.0,1,
365107,1861.8,2.4,125.5,98.9,303.0,2048.0,17.0,1,
365207,1862.4,3.2,122.2,99.0,303.0,2048.0,17.0,1,
365307,1859.0,3.7,113.8,99.2,303.0,2048.0,17.0,1,
365407,1856.5,6.4,110.0,90.3,303.0,2048.0,17.0,1,
365607,1884.9,65.2,101.1,50.7,571.0,4634.0,20.0,1,
365707,1822.3,238.6,100.9,35.5,693.0,5103.0,17.0,1,
365807,1853.9,203.9,103.0,35.2,618.0,4624.0,16.0,1,
365907,1869.7,172.2,106.0,35.2,587.0,4447.0,17.0,1,
366007,1865.4,106.6,109.7,35.2,472.0,3467.0,17.0,1,
366107,1882.1,119.5,115.6,35.8,404.0,2746.0,16.0,1,
366207,1845.6,51.7,115.6,37.2,525.0,2906.0,17.0,1,
366307,1850.9,11.2,115.6,34.5,525.0,2906.0,17.0,1,
366407,1863.6,8.0,115.5,34.3,525.0,2906.0,17.0,1,
366607,1866.1,4.0,115.4,35.8,525.0,2906.0,17.0,1,
366707,1858.0,3.8,115.4,67.3,525.0,2906.0,17.0,1,
366807,1861.1,2.1,115.4,81.8,525.0,2906.0,17.0,1,
366907,1861.2,2.5,115.4,98.8,525.0,2906.0,17.0,1,
367007,1862.3,2.1,115.4,98.9,525.0,2906.0,17.0,1,
367107,1861.6,2.5,115.3,99.5,525.0,2906.0,17.0,1,
367207,1852.0,66.6,115.2,99.6,525.0,2906.0,17.0,1,
367307,1858.5,241.4,118.4,38.5,720.0,5187.0,17.0,1,
367407,1870.3,242.9,129.4,35.7,587.0,4637.0,16.0,1,
367607,1868.0,152.3,127.5,35.4,568.0,3839.0,16.0,1,
367707,1841.8,202.0,127.5,30.1,408.0,3019.0,17.0,1,
367807,1848.7,67.0,126.7,29.2,452.0,2671.0,16.0,1,
367907,1869.2,10.9,126.8,27.9,452.0,2671.0,16.0,1,
368007,1860.2,8.0,126.8,28.3,452.0,2671.0,16.0,1,
368107,1872.8,14.4,126.8,36.5,452.0,2671.0,16.0,1,
368207,1872.1,6.2,126.7,35.5,452.0,2671.0,16.0,1,
368307,1858.0,3.9,126.7,51.7,452.0,2671.0,16.0,1,
368407,1861.0,2.5,126.7,132.9,452.0,2671.0,16.0,1,
368607,1861.1,2.3,126.8,109.9,452.0,2671.0,16.0,1,
368707,1862.4,2.9,126.8,124.9,452.0,2671.0,16.0,1,
368807,1862.1,2.5,126.7,109.1,452.0,2671.0,16.0,1,
368907,1865.5,118.7,125.6,37.0,807.0,5265.0,17.0,1,
369007,1854.4,257.9,122.6,35.9,665.0,4855.0,17.0,1,
369107,1855.4,198.6,120.9,35.2,625.0,5050.0,17.0,1,
369207,1856.1,216.5,123.6,35.1,603.0,4181.0,17.0,1,
369307,1859.3,105.1,130.0,35.5,373.0,3001.0,16.0,1,
369407,1883.8,77.5,127.7,29.8,490.0,2830.0,17.0,1,
369607,1853.8,6.5,127.8,27.5,490.0,2830.0,17.0,1,
369707,1868.3,7.1,127.8,28.6,490.0,2830.0,17.0,1,
369807,1868.8,4.8,127.8,30.1,490.0,2830.0,17.0,1,
369907,1860.0,4.4,127.8,40.0,490.0,2830.0,17.0,1,
370007,1860.0,3.3,127.8,104.0,490.0,2830.0,17.0,1,
370107,1863.4,2.6,127.8,104.1,490.0,2830.0,17.0,1,
370207,1861.9,3.1,127.8,103.7,490.0,2830.0,17.0,1,
370307,1862.7,4.1,127.8,113.6,490.0,2830.0,17.0,1,
370407,1857.1,4.4,127.8,111.8,490.0,2830.0,17.0,1,
370607,1827.6,232.6,124.1,35.4,674.0,5028.0,17.0,1,
370707,1852.0,171.0,121.4,35.5,605.0,4768.0,16.0,1,
370807,1874.2,137.6,121.0,35.1,599.0,4162.0,16.0,1,
370907,1879.4,132.1,113.4,34.9,443.0,3233.0,16.0,1,
371007,1858.3,215.4,108.9,35.9,400.0,2700.0,17.0,1,
371107,1861.3,28.8,116.5,29.5,361.0,2370.0,17.0,1,
371207,1852.2,9.3,116.5,28.7,361.0,2370.0,17.0,1,
371307,1864.3,9.8,116.6,26.5,361.0,2370.0,17.0,1,
371407,1872.3,7.0,116.5,26.7,361.0,2370.0,17.0,1,
371607,1859.2,2.5,116.6,88.9,361.0,2370.0,17.0,1,
371707,1861.3,2.8,116.6,82.9,361.0,2370.0,17.0,1,
371807,1861.4,3.0,116.6,76.4,361.0,2370.0,17.0,1,
371907,1861.9,3.3,116.6,86.1,361.0,2370.0,17.0,1,
372007,1863.3,4.5,116.5,111.5,361.0,2370.0,17.0,1,
372107,1860.0,162.1,117.0,45.8,602.0,4832.0,19.0,1,
372207,1852.1,231.8,125.1,34.5,786.0,5142.0,18.0,1,
372307,1865.4,204.4,122.6,34.7,600.0,4940.0,17.0,1,
372407,1888.7,134.1,122.3,34.9,635.0,4342.0,16.0,1,
372607,1847.9,78.3,119.3,38.6,407.0,2589.0,16.0,1,
372707,1878.7,34.6,110.8,37.3,405.0,2429.0,17.0,1,
372807,1855.5,11.4,110.8,39.0,405.0,2429.0,17.0,1,
372907,1859.6,8.3,110.8,49.1,405.0,2429.0,17.0,1,
373007,1873.8,11.9,110.8,37.3,405.0,2429.0,17.0,1,
373107,1866.4,6.2,110.8,36.1,405.0,2429.0,17.0,1,
373207,1856.8,3.5,110.8,99.3,405.0,2429.0,17.0,1,
373307,1863.8,2.6,110.8,100.6,405.0,2429.0,17.0,1,
373407,1860.7,2.3,110.8,99.5,405.0,2429.0,17.0,1,
373607,1859.0,3.0,110.8,105.4,405.0,2429.0,17.0,1,
373707,1869.9,81.1,110.5,124.2,572.0,4645.0,19.0,1,
373807,1867.3,255.7,110.6,35.9,849.0,5449.0,17.0,1,
373907,1869.7,224.6,110.2,34.9,620.0,4877.0,16.0,1,
374007,1852.5,162.3,110.5,34.9,632.0,4724.0,17.0,1,
374107,1842.0,122.7,110.1,35.2,450.0,3410.0,16.0,1,
374207,1888.2,87.6,110.1,38.3,417.0,2817.0,16.0,1,
374307,1854.9,57.7,110.1,38.1,395.0,2357.0,16.0,1,
374407,1853.2,10.0,110.0,35.9,395.0,2357.0,16.0,1,
374607,1874.5,11.2,110.0,44.3,395.0,2357.0,16.0,1,
374707,1868.5,4.4,110.0,36.9,395.0,2357.0,16.0,1,
374807,1858.0,3.9,110.0,66.3,395.0,2357.0,16.0,1,
374907,1862.4,2.8,110.0,94.6,395.0,2357.0,16.0,1,
375007,1861.8,2.4,110.0,99.6,395.0,2357.0,16.0,1,
375107,1860.8,2.2,110.0,100.1,395.0,2357.0,16.0,1,
375207,1861.3,2.4,110.0,100.4,395.0,2357.0,16.0,1,
375307,1861.3,134.4,110.0,101.5,395.0,2357.0,16.0,1,
375407,1859.5,258.0,120.7,29.0,943.0,5516.0,17.0,1,
375607,1856.2,150.8,120.9,29.9,669.0,4652.0,16.0,1,
375707,1891.2,108.0,120.1,34.7,460.0,3602.0,16.0,1,
375807,1864.8,92.8,122.2,36.4,451.0,2893.0,15.0,1,
375907,1843.5,60.6,122.1,34.2,381.0,2371.0,16.0,1,
376007,1865.0,15.2,122.1,30.2,435.0,2457.0,16.0,1,
376107,1851.5,6.5,122.2,35.4,435.0,2457.0,16.0,1,
376207,1871.5,13.5,122.2,40.6,435.0,2457.0,16.0,1,
376307,1872.0,5.9,122.2,38.1,435.0,2457.0,16.0,1,
376407,1856.7,5.3,122.2,43.9,435.0,2457.0,16.0,1,
376607,1861.0,2.7,122.2,90.0,435.0,2457.0,16.0,1,
376707,1859.4,2.9,122.2,91.0,435.0,2457.0,16.0,1,
376807,1861.5,3.1,122.2,91.0,435.0,2457.0,16.0,1,
376907,1862.6,3.0,122.2,90.5,435.0,2457.0,16.0,1,
377007,1859.8,219.6,115.4,79.8,984.0,5805.0,17.0,1,
377107,1853.9,222.4,119.4,42.6,685.0,4937.0,17.0,1,
377207,1886.7,174.7,115.0,30.0,602.0,4680.0,16.0,1,
377307,1866.1,276.8,116.8,34.2,573.0,3949.0,16.0,1,
377407,1834.0,110.6,125.2,34.6,439.0,3199.0,16.0,1,
377607,1865.0,14.3,123.6,27.9,422.0,2336.0,16.0,1,
377707,1853.6,7.5,123.5,34.9,422.0,2336.0,16.0,1,
377807,1868.2,11.8,123.5,66.7,422.0,2336.0,16.0,1,
377907,1875.6,10.6,123.5,43.1,422.0,2336.0,16.0,1,
378007,1859.4,6.9,123.5,41.4,422.0,2336.0,16.0,1,
378107,1858.5,3.1,123.5,78.0,422.0,2336.0,16.0,1,
378207,1858.2,5.1,123.6,84.7,422.0,2336.0,16.0,1,
378307,1857.3,3.6,123.6,101.7,422.0,2336.0,16.0,1,
378407,1858.0,8.0,123.6,100.4,422.0,2336.0,16.0,1,
378607,1849.6,143.2,119.9,43.2,721.0,5976.0,18.0,1,
378707,1891.7,233.0,115.1,35.1,648.0,5027.0,17.0,1,
378807,1848.1,285.3,115.6,34.9,546.0,4492.0,16.0,1,
378907,1843.3,141.6,120.5,34.7,496.0,3751.0,17.0,1,
379007,1880.2,87.1,108.8,34.8,320.0,3178.0,16.0,1,
379107,1867.7,78.9,110.2,28.2,296.0,2379.0,17.0,1,
379207,1868.0,27.5,110.2,35.9,310.0,2083.0,16.0,1,
379307,1860.9,7.5,110.1,113.3,310.0,2083.0,16.0,1,
379407,1850.4,11.2,110.3,102.7,310.0,2083.0,16.0,1,
379607,1861.1,3.2,110.5,41.4,310.0,2083.0,16.0,1,
379707,1857.2,5.0,110.5,99.3,310.0,2083.0,16.0,1,
379807,1858.6,2.7,110.5,101.4,310.0,2083.0,16.0,1,
379907,1859.7,3.1,110.5,104.3,310.0,2083.0,16.0,1,
380007,1858.7,2.7,110.5,101.7,310.0,2083.0,16.0,1,
380107,1859.2,2.9,110.3,101.7,310.0,2083.0,16.0,1,
380207,1884.6,91.5,110.3,52.4,489.0,4062.0,19.0,1,
380307,1827.6,247.4,117.8,36.6,1876.0,10935.0,28.0,0,
380407,1843.8,174.0,115.3,35.9,564.0,4742.0,17.0,1,
380607,1863.7,118.2,111.7,34.8,352.0,2714.0,16.0,1,
380707,1864.0,87.5,110.9,37.5,328.0,2521.0,17.0,1,
380807,1855.0,148.8,113.5,30.0,319.0,2061.0,17.0,1,
380907,1873.5,31.7,117.1,46.2,319.0,2061.0,17.0,1,
381007,1742.3,180.6,128.8,83.5,454.0,5238.0,21.0,1,
381107,1983.6,84.5,136.3,46.4,454.0,5238.0,21.0,1,
381207,1851.6,10.8,137.4,34.6,454.0,5238.0,21.0,1,
381307,1856.2,8.8,137.4,29.4,454.0,5238.0,21.0,1,
381407,1867.1,4.8,137.4,28.5,454.0,5238.0,21.0,1,
381607,1858.8,3.4,137.4,29.4,454.0,5238.0,21.0,1,
381707,1859.8,6.3,137.4,100.1,454.0,5238.0,21.0,1,
381807,1865.7,84.9,137.4,99.0,461.0,3619.0,20.0,1,
381907,1849.9,158.0,130.9,36.0,686.0,5405.0,18.0,1,
382007,1889.2,168.1,131.0,35.5,551.0,4655.0,17.0,1,
382107,1867.4,87.2,129.6,35.5,506.0,4266.0,16.0,1,
382207,1845.2,80.4,127.5,28.2,387.0,3147.0,17.0,1,
382307,1872.6,100.2,122.8,29.2,338.0,2352.0,16.0,1,
382407,1855.2,51.7,121.3,34.7,313.0,1880.0,17.0,1,
382607,1853.9,6.2,101.1,40.3,313.0,1880.0,17.0,1,
382707,1862.8,5.6,92.2,35.8,313.0,1880.0,17.0,1,
382807,1865.0,5.4,90.4,34.7,313.0,1880.0,17.0,1,
382907,1866.2,3.5,90.2,75.9,313.0,1880.0,17.0,1,
383007,1858.5,4.2,90.3,87.7,313.0,1880.0,17.0,1,
383107,1858.0,3.6,90.3,98.9,313.0,1880.0,17.0,1,
383207,1858.3,5.1,90.3,99.5,313.0,1880.0,17.0,1,
383307,1856.6,4.1,90.4,100.4,313.0,1880.0,17.0,1,
383407,1858.2,83.0,90.5,102.3,313.0,1880.0,17.0,1,
383607,1854.7,336.5,120.3,29.5,682.0,5132.0,16.0,1,
383707,1831.0,204.7,130.9,30.0,663.0,4979.0,16.0,1,
383807,1870.5,132.6,133.4,34.5,593.0,3980.0,16.0,1,
383907,1867.5,78.9,135.0,36.8,436.0,2935.0,15.0,1,
384007,1869.2,47.9,135.0,38.3,367.0,2690.0,16.0,1,
384107,1848.0,15.4,135.2,30.2,431.0,2533.0,16.0,1,
384207,1849.3,9.0,135.2,35.9,431.0,2533.0,16.0,1,
384307,1858.9,3.7,135.2,39.2,431.0,2533.0,16.0,1,
384407,1867.5,6.1,135.2,37.1,431.0,2533.0,16.0,1,
384607,1857.4,3.4,135.2,83.9,431.0,2533.0,16.0,1,
384707,1862.4,2.7,135.2,100.4,431.0,2533.0,16.0,1,
384807,1860.0,2.3,135.2,105.9,431.0,2533.0,16.0,1,
384907,1861.8,3.6,135.2,101.9,431.0,2533.0,16.0,1,
385007,1862.1,2.6,135.2,101.5,431.0,2533.0,16.0,1,
385107,1868.2,161.2,129.3,40.4,777.0,5553.0,17.0,1,
385207,1832.8,267.4,122.8,39.8,705.0,5116.0,17.0,1,
385307,1875.6,201.9,114.5,35.2,713.0,4885.0,16.0,1,
385407,1880.1,162.4,117.3,35.2,654.0,4379.0,16.0,1,
385607,1857.0,76.3,118.7,29.9,392.0,2875.0,16.0,1,
385707,1862.1,20.3,118.8,30.0,381.0,2556.0,16.0,1,
385807,1849.6,15.1,118.8,37.2,381.0,2556.0,16.0,1,
385907,1854.3,6.9,118.9,53.6,381.0,2556.0,16.0,1,
386007,1861.3,5.5,118.9,39.9,381.0,2556.0,16.0,1,
386107,1864.4,4.8,118.9,46.8,381.0,2556.0,16.0,1,
386207,1858.7,3.0,118.9,93.9,381.0,2556.0,16.0,1,
386307,1861.6,2.3,118.9,88.3,381.0,2556.0,16.0,1,
386407,1860.2,3.1,118.9,101.3,381.0,2556.0,16.0,1,
386607,1861.4,2.9,118.9,99.0,381.0,2556.0,16.0,1,
386707,1839.4,167.0,119.4,44.6,824.0,6083.0,18.0,1,
386807,1890.1,298.1,125.9,38.9,711.0,5221.0,17.0,1,
386907,1876.1,238.6,130.7,37.9,757.0,4794.0,16.0,1,
387007,1849.6,165.4,129.5,29.6,595.0,4545.0,16.0,1,
387107,1865.4,147.6,128.5,30.0,440.0,3625.0,17.0,1,
387207,1855.9,129.4,130.7,30.1,367.0,2705.0,15.0,1,
387307,1874.6,33.5,130.8,29.9,346.0,2532.0,16.0,1,
387407,1855.8,15.0,130.8,30.3,346.0,2532.0,16.0,1,
387607,1866.8,11.0,130.8,39.3,346.0,2532.0,16.0,1,
387707,1870.9,4.8,130.7,39.7,346.0,2532.0,16.0,1,
387807,1854.8,7.3,130.8,109.9,346.0,2532.0,16.0,1,
387907,1861.2,4.5,130.8,132.2,346.0,2532.0,16.0,1,
388007,1863.0,2.5,130.8,102.4,346.0,2532.0,16.0,1,
388107,1859.4,3.3,130.8,85.8,346.0,2532.0,16.0,1,
388207,1860.5,2.5,130.8,99.0,346.0,2532.0,16.0,1,
388307,1866.5,99.2,130.8,75.5,520.0,4509.0,19.0,1,
388407,1875.0,178.6,123.6,35.8,851.0,5400.0,16.0,1,
388607,1865.8,164.9,115.1,36.1,641.0,4432.0,16.0,1,
388707,1873.3,145.0,115.4,35.3,432.0,3542.0,17.0,1,
388807,1865.1,76.0,115.3,36.5,397.0,3045.0,16.0,1,
388907,1880.5,110.0,118.5,38.8,337.0,2612.0,15.0,1,
389007,1849.2,16.4,118.6,38.9,337.0,2612.0,15.0,1,
389107,1851.2,5.7,118.6,38.3,337.0,2612.0,15.0,1,
389207,1866.2,9.1,118.5,37.3,337.0,2612.0,15.0,1,
389307,1868.5,5.2,118.5,28.3,337.0,2612.0,15.0,1,
389407,1855.8,6.6,118.5,66.0,337.0,2612.0,15.0,1,
389607,1865.1,2.9,118.5,101.3,337.0,2612.0,15.0,1,
389707,1862.2,2.7,118.5,110.9,337.0,2612.0,15.0,1,
389807,1862.3,2.9,118.5,100.3,337.0,2612.0,15.0,1,
389907,1860.8,84.7,118.5,100.1,337.0,2612.0,15.0,1,
390007,1844.1,309.5,123.6,36.1,918.0,5568.0,17.0,1,
390107,1852.4,243.7,130.3,34.6,747.0,4920.0,16.0,1,
390207,1888.2,172.0,135.2,34.7,657.0,4853.0,17.0,1,
390307,1864.9,141.3,134.6,35.2,509.0,3789.0,16.0,1,
390407,1861.0,127.6,134.6,35.6,382.0,3060.0,16.0,1,
390607,1868.1,9.0,129.6,38.3,322.0,2567.0,16.0,1,
390707,1855.3,12.2,129.5,41.6,322.0,2567.0,16.0,1,
390807,1855.5,9.7,129.5,37.2,322.0,2567.0,16.0,1,
390907,1878.7,17.7,129.6,37.3,322.0,2567.0,16.0,1,
391007,1873.9,6.4,129.6,66.8,322.0,2567.0,16.0,1,
391107,1858.7,4.8,129.6,116.7,322.0,2567.0,16.0,1,
391207,1859.2,2.4,129.6,122.3,322.0,2567.0,16.0,1,
391307,1861.2,3.2,129.6,100.2,322.0,2567.0,16.0,1,
391407,1858.4,3.2,129.6,94.3,322.0,2567.0,16.0,1,
391607,1853.9,233.4,129.8,34.2,1038.0,5800.0,17.0,1,
391707,1884.2,265.1,124.2,34.8,745.0,5180.0,17.0,1,
391807,1854.2,183.1,120.3,34.9,667.0,4841.0,16.0,1,
391907,1857.2,145.2,120.2,35.3,573.0,4043.0,16.0,1,
392007,1864.6,129.5,122.7,46.9,459.0,3192.0,17.0,1,
392107,1859.4,117.9,122.1,76.1,357.0,2787.0,16.0,1,
392207,1868.8,21.9,125.6,34.9,343.0,2593.0,15.0,1,
392307,1855.2,7.8,125.6,37.5,343.0,2593.0,15.0,1,
392407,1862.9,8.4,125.6,35.6,343.0,2593.0,15.0,1,
392607,1861.5,6.1,125.5,36.8,343.0,2593.0,15.0,1,
392707,1857.2,3.1,125.5,124.3,343.0,2593.0,15.0,1,
392807,1864.2,3.0,125.5,124.8,343.0,2593.0,15.0,1,
392907,1858.5,3.0,125.5,109.6,343.0,2593.0,15.0,1,
393007,1859.2,3.8,125.5,100.2,343.0,2593.0,15.0,1,
393107,1858.6,3.3,125.5,105.9,343.0,2593.0,15.0,1,
393207,1889.7,215.1,127.1,92.0,798.0,5989.0,17.0,1,
393307,1850.8,213.9,126.4,40.3,727.0,5310.0,17.0,1,
393407,1838.3,199.9,121.2,35.3,623.0,4840.0,16.0,1,
393607,1867.1,120.8,131.5,36.8,409.0,3238.0,16.0,1,
393707,1885.5,52.1,131.1,34.8,367.0,2800.0,15.0,1,
393807,1845.1,24.4,127.2,28.6,387.0,2731.0,16.0,1,
393907,1851.9,15.0,127.3,34.6,387.0,2731.0,16.0,1,
394007,1856.3,4.6,127.3,44.8,387.0,2731.0,16.0,1,
394107,1871.0,7.5,127.3,38.8,387.0,2731.0,16.0,1,
394207,1859.5,8.5,127.3,39.2,387.0,2731.0,16.0,1,
394307,1854.5,4.4,127.4,102.1,387.0,2731.0,16.0,1,
394407,1861.1,3.2,127.4,99.6,387.0,2731.0,16.0,1,
394607,1860.8,2.3,127.4,133.3,387.0,2731.0,16.0,1,
394707,1861.2,2.3,127.4,111.4,387.0,2731.0,16.0,1,
394807,1869.4,161.0,127.1,66.7,494.0,4360.0,19.0,1,
394907,1837.8,249.4,125.5,50.8,674.0,4898.0,17.0,1,
395007,1878.5,274.7,136.1,35.0,777.0,4938.0,16.0,1,
395107,1866.1,266.7,136.2,34.7,541.0,4474.0,16.0,1,
395207,1883.6,177.4,136.0,34.3,511.0,3702.0,16.0,1,
395307,1848.5,240.0,142.7,27.7,390.0,3070.0,15.0,1,
395407,1858.9,59.5,146.7,27.9,348.0,2778.0,16.0,1,
395607,1853.3,5.1,146.6,28.2,348.0,2778.0,16.0,1,
395707,1873.5,14.4,146.6,30.2,348.0,2778.0,16.0,1,
395807,1864.4,8.0,146.6,36.4,348.0,2778.0,16.0,1,
395907,1851.7,6.8,146.6,101.0,348.0,2778.0,16.0,1,
396007,1862.3,3.4,146.6,100.4,348.0,2778.0,16.0,1,
396107,1861.0,2.5,146.5,99.4,348.0,2778.0,16.0,1,
396207,1860.2,3.2,146.5,99.0,348.0,2778.0,16.0,1,
396307,1859.6,2.7,146.6,100.6,348.0,2778.0,16.0,1,
396407,1848.4,92.6,146.5,101.7,489.0,4416.0,19.0,1,
396607,1858.7,248.3,148.8,39.2,707.0,5015.0,17.0,1,
396707,1850.4,176.9,143.5,30.2,602.0,4804.0,16.0,1,
396807,1872.0,171.2,135.9,30.1,465.0,3796.0,15.0,1,
396907,1847.6,143.5,131.6,34.7,411.0,3021.0,16.0,1,
397007,1890.0,90.1,134.5,35.2,343.0,2648.0,16.0,1,
397107,1857.2,13.2,134.5,29.1,343.0,2648.0,16.0,1,
397207,1849.3,9.6,134.5,28.1,343.0,2648.0,16.0,1,
397307,1861.9,7.2,134.6,29.8,343.0,2648.0,16.0,1,
397407,1866.3,3.7,134.6,36.2,343.0,2648.0,16.0,1,
397607,1863.3,3.9,134.5,99.5,343.0,2648.0,16.0,1,
397707,1861.7,3.1,134.5,100.2,343.0,2648.0,16.0,1,
397807,1861.6,3.4,134.5,100.3,343.0,2648.0,16.0,1,
397907,1862.4,2.8,134.4,87.5,343.0,2648.0,16.0,1,
398007,1863.6,2.4,134.4,87.6,343.0,2648.0,16.0,1,
398107,1877.1,284.8,131.8,35.4,797.0,5707.0,17.0,1,
398207,1832.8,270.7,131.7,36.0,646.0,4893.0,16.0,1,
398307,1867.2,217.4,139.0,37.0,709.0,4802.0,16.0,1,
398407,1862.9,194.2,138.1,34.7,537.0,3881.0,16.0,1,
398607,1866.8,102.3,137.8,28.3,341.0,2695.0,15.0,1,
398707,1860.1,13.0,137.6,27.9,369.0,2662.0,16.0,1,
398807,1853.6,9.5,137.6,28.2,369.0,2662.0,16.0,1,
398907,1861.3,10.2,137.5,34.4,369.0,2662.0,16.0,1,
399007,1873.0,6.5,137.5,29.5,369.0,2662.0,16.0,1,
399107,1854.3,13.4,137.5,43.0,369.0,2662.0,16.0,1,
399207,1852.3,7.3,137.7,130.8,369.0,2662.0,16.0,1,
399307,1856.3,6.0,137.8,107.2,369.0,2662.0,16.0,1,
399407,1858.6,3.4,137.8,98.7,369.0,2662.0,16.0,1,
399607,1858.3,3.4,137.9,111.3,369.0,2662.0,16.0,1,
399707,1860.3,149.4,135.8,100.0,620.0,5559.0,19.0,1,
399807,1862.3,202.3,124.8,93.8,566.0,4658.0,17.0,1,
399907,1870.6,164.2,108.4,85.6,642.0,4263.0,17.0,1,
400007,1876.2,100.9,105.8,40.0,448.0,3124.0,16.0,1,
400107,1846.8,70.4,94.2,35.4,365.0,2389.0,16.0,1,
400207,1840.6,47.6,89.8,34.7,340.0,1993.0,16.0,1,
400307,1873.1,14.0,87.3,36.4,329.0,1899.0,16.0,1,
400407,1859.3,4.5,87.2,66.3,329.0,1899.0,16.0,1,
400607,1859.3,2.9,87.4,55.7,329.0,1899.0,16.0,1,
400707,1859.9,2.6,87.3,65.7,329.0,1899.0,16.0,1,
400807,1861.4,3.6,87.1,108.3,329.0,1899.0,16.0,1,
400907,1861.4,3.1,86.9,100.8,329.0,1899.0,16.0,1,
401007,1861.1,5.0,86.9,92.6,329.0,1899.0,16.0,1,
401107,1865.0,3.6,86.8,104.8,329.0,1899.0,16.0,1,
401207,1876.5,18.2,86.6,103.3,329.0,1899.0,16.0,1,
401307,1875.0,204.4,92.2,73.4,782.0,6035.0,18.0,1,
401407,1885.2,181.0,103.9,55.6,715.0,4999.0,17.0,1,
401607,1856.5,255.4,105.3,35.3,654.0,4400.0,16.0,1,
401707,1851.7,94.7,112.4,36.1,381.0,2812.0,17.0,1,
401807,1886.3,63.0,117.6,34.6,387.0,2549.0,16.0,1,
401907,1847.7,26.3,117.7,30.1,407.0,2617.0,17.0,1,
402007,1862.1,6.9,117.7,35.5,407.0,2617.0,17.0,1,
402107,1867.0,7.9,117.6,44.3,407.0,2617.0,17.0,1,
402207,1859.1,6.6,117.6,38.2,407.0,2617.0,17.0,1,
402307,1857.6,7.6,117.7,36.5,407.0,2617.0,17.0,1,
402407,1882.0,12.2,117.5,105.9,407.0,2617.0,17.0,1,
402607,1858.5,9.0,117.7,89.3,407.0,2617.0,17.0,1,
402707,1856.8,8.7,117.8,79.9,407.0,2617.0,17.0,1,
402807,1860.1,8.1,118.0,74.0,407.0,2617.0,17.0,1,
402907,1875.2,156.8,117.5,50.0,465.0,3939.0,19.0,1,
403007,1867.4,267.1,116.0,54.9,729.0,5511.0,17.0,1,
403107,1865.3,224.1,118.8,35.2,611.0,5031.0,16.0,1,
403207,1849.0,133.1,120.9,34.5,555.0,4605.0,17.0,1,
403307,1892.1,114.6,115.7,35.0,396.0,3236.0,16.0,1,
403407,1869.8,163.4,111.2,36.5,296.0,2409.0,16.0,1,
403607,1860.2,12.3,114.2,35.3,296.0,2409.0,16.0,1,
403707,1881.6,17.6,114.0,28.2,296.0,2409.0,16.0,1,
403807,1885.2,11.7,113.9,29.7,296.0,2409.0,16.0,1,
403907,1862.5,3.0,113.8,30.0,296.0,2409.0,16.0,1,
404007,1861.7,2.1,114.0,24.3,296.0,2409.0,16.0,1,
404107,1861.8,2.2,113.8,26.2,296.0,2409.0,16.0,1,
404207,1861.8,2.3,113.8,50.9,296.0,2409.0,16.0,1,
404307,1861.5,1.9,113.7,68.8,296.0,2409.0,16.0,1,
404407,1861.0,2.5,113.5,99.0,296.0,2409.0,16.0,1,
404607,1864.4,22.9,100.9,123.0,199.0,1413.0,4.0,1,
404707,1854.9,32.8,80.9,135.7,161.0,1424.0,13.0,1,
404807,1873.3,14.5,64.8,131.0,239.0,1470.0,2.0,0,
404907,1859.2,17.9,50.5,107.7,142.0,1078.0,2.0,0,
405007,1847.3,5.6,43.9,79.7,141.0,966.0,2.0,0,
405107,1874.9,6.8,29.6,147.1,130.0,860.0,2.0,0,
405207,1864.0,2.2,27.1,154.9,130.0,860.0,2.0,0,
405307,1861.8,2.3,26.9,149.2,130.0,860.0,2.0,0,
405407,1861.9,2.1,25.7,146.6,130.0,860.0,2.0,0,
405607,1861.0,2.3,25.7,87.9,130.0,860.0,2.0,0,
405707,1861.9,2.3,25.7,75.7,130.0,860.0,2.0,0,
405807,1862.0,2.1,25.7,99.0,130.0,860.0,2.0,0,
405907,1861.7,2.5,25.7,99.5,130.0,860.0,2.0,0,
406007,1862.0,2.6,25.7,90.4,130.0,860.0,2.0,0,
406107,1862.7,2.3,25.7,84.9,130.0,860.0,2.0,0,
406207,1851.7,14.7,21.0,68.7,235.0,1469.0,4.0,1,
406307,1868.8,11.9,20.9,65.7,186.0,1301.0,4.0,1,
406407,1852.8,9.3,18.2,46.5,222.0,1299.0,2.0,0,
406607,1871.5,6.8,17.6,172.7,141.0,923.0,2.0,0,
406707,1858.9,17.5,17.9,208.1,137.0,965.0,2.0,0,
406807,1865.9,3.6,17.9,200.6,126.0,802.0,2.0,0,
406907,1862.4,2.7,17.9,165.7,126.0,802.0,2.0,0,
407007,1861.7,1.9,17.9,148.1,126.0,802.0,2.0,0,
407107,1861.6,2.1,17.9,141.1,126.0,802.0,2.0,0,
407207,1862.3,2.8,17.9,68.2,126.0,802.0,2.0,0,
407307,1862.1,2.1,17.9,68.4,126.0,802.0,2.0,0,
407407,1861.7,2.4,17.9,99.0,126.0,802.0,2.0,0,
407607,1862.2,2.1,17.9,98.7,126.0,802.0,2.0,0,
407707,1861.7,2.3,17.9,100.3,126.0,802.0,2.0,0,
407807,1861.0,32.2,19.4,80.9,448.0,2217.0,15.0,1,
407907,1849.0,43.6,22.8,43.7,322.0,1973.0,14.0,1,
408007,1848.7,41.8,25.5,41.5,380.0,2159.0,14.0,1,
408107,1878.3,32.7,29.0,66.8,366.0,2478.0,14.0,1,
408207,1864.9,22.6,28.2,50.1,194.0,1622.0,14.0,1,
408307,1859.6,19.6,28.5,36.1,143.0,1329.0,6.0,1,
408407,1865.2,8.1,27.7,65.8,151.0,1213.0,2.0,0,
408607,1854.2,3.9,28.0,29.3,151.0,1213.0,2.0,0,
408707,1861.7,3.1,28.0,29.5,151.0,1213.0,2.0,0,
408807,1862.2,2.8,28.0,41.6,151.0,1213.0,2.0,0,
408907,1857.1,4.7,28.1,81.1,151.0,1213.0,2.0,0,
409007,1858.9,3.0,28.2,109.9,151.0,1213.0,2.0,0,
409107,1859.3,3.4,28.2,109.5,151.0,1213.0,2.0,0,
409207,1859.0,2.3,28.3,105.1,151.0,1213.0,2.0,0,
409307,1860.6,3.1,28.3,98.8,151.0,1213.0,2.0,0,
409407,1862.2,132.7,37.5,66.9,579.0,4422.0,18.0,1,
409607,1882.4,202.1,71.9,29.8,671.0,4919.0,16.0,1,
409707,1876.1,110.0,82.1,29.8,549.0,4372.0,16.0,1,
409807,1833.7,137.7,89.1,30.1,427.0,3418.0,16.0,1,
409907,1868.0,95.6,92.3,34.9,360.0,2966.0,15.0,1,
410007,1858.5,44.2,94.9,37.0,358.0,2621.0,16.0,1,
410107,1858.1,9.3,94.9,38.3,358.0,2621.0,16.0,1,
410207,1860.4,4.9,94.9,37.8,358.0,2621.0,16.0,1,
410307,1866.4,3.5,94.8,36.1,358.0,2621.0,16.0,1,
410407,1861.7,3.0,94.8,36.5,358.0,2621.0,16.0,1,
410607,1859.2,3.0,94.8,107.0,358.0,2621.0,16.0,1,
410707,1859.6,3.2,94.8,85.0,358.0,2621.0,16.0,1,
410807,1859.4,3.9,94.8,85.8,358.0,2621.0,16.0,1,
410907,1859.1,2.8,94.8,89.6,358.0,2621.0,16.0,1,
411007,1855.4,122.3,97.4,102.1,358.0,2621.0,16.0,1,
411107,1881.3,366.6,118.9,85.6,787.0,5962.0,23.0,1,
411207,1864.4,216.7,135.7,47.7,629.0,5020.0,23.0,1,
411307,1834.3,192.9,136.9,35.6,568.0,4871.0,15.0,1,
411407,1865.9,141.3,137.2,35.9,442.0,3874.0,15.0,1,
411607,1865.0,106.8,140.0,37.4,359.0,2751.0,15.0,1,
411707,1851.6,9.8,140.2,36.7,359.0,2751.0,15.0,1,
411807,1854.9,7.3,140.2,35.8,359.0,2751.0,15.0,1,
411907,1860.6,5.6,140.2,35.7,359.0,2751.0,15.0,1,
412007,1868.0,4.5,140.2,36.4,359.0,2751.0,15.0,1,
412107,1859.3,3.3,140.2,65.7,359.0,2751.0,15.0,1,
412207,1861.6,2.7,140.2,112.0,359.0,2751.0,15.0,1,
412307,1860.5,2.6,140.2,134.1,359.0,2751.0,15.0,1,
412407,1859.8,2.3,140.2,131.9,359.0,2751.0,15.0,1,
412607,1859.5,2.0,140.2,107.2,359.0,2751.0,15.0,1,
412707,1860.3,264.8,136.1,36.8,835.0,6234.0,23.0,1,
412807,1829.6,308.1,135.7,36.0,724.0,5516.0,23.0,1,
412907,1881.7,186.2,137.6,35.4,602.0,4956.0,15.0,1,
413007,1875.1,114.9,138.2,35.2,497.0,4325.0,15.0,1,
413107,1869.8,177.4,138.5,36.3,356.0,3317.0,15.0,1,
413207,1849.6,148.0,141.4,36.6,368.0,2958.0,15.0,1,
413307,1864.0,16.6,141.6,35.0,377.0,2811.0,15.0,1,
413407,1854.8,7.9,141.6,35.1,377.0,2811.0,15.0,1,
413607,1869.0,5.1,141.6,35.6,377.0,2811.0,15.0,1,
413707,1861.8,2.7,141.6,40.9,377.0,2811.0,15.0,1,
413807,1862.2,3.3,141.6,85.3,377.0,2811.0,15.0,1,
413907,1859.2,2.8,141.6,99.7,377.0,2811.0,15.0,1,
414007,1860.5,2.6,141.6,100.4,377.0,2811.0,15.0,1,
414107,1861.1,2.5,141.6,85.7,377.0,2811.0,15.0,1,
414207,1859.2,3.6,141.6,84.1,377.0,2811.0,15.0,1,
414307,1824.9,295.7,146.4,35.8,866.0,6414.0,24.0,1,
414407,1876.1,303.3,138.8,35.2,692.0,5439.0,16.0,1,
414607,1860.4,168.2,143.2,35.5,524.0,4580.0,15.0,1,
414707,1850.7,179.9,146.6,35.2,387.0,3485.0,15.0,1,
414807,1857.7,151.2,147.3,35.8,377.0,2927.0,14.0,1,
414907,1875.4,28.8,147.8,29.0,395.0,2889.0,15.0,1,
415007,1856.2,7.7,147.8,30.0,395.0,2889.0,15.0,1,
415107,1859.6,5.5,147.8,35.0,395.0,2889.0,15.0,1,
415207,1868.9,6.3,147.8,34.6,395.0,2889.0,15.0,1,
415307,1863.0,4.4,147.8,29.5,395.0,2889.0,15.0,1,
415407,1859.8,2.2,147.8,100.4,395.0,2889.0,15.0,1,
415607,1860.7,2.7,147.8,99.8,395.0,2889.0,15.0,1,
415707,1860.0,2.1,147.8,100.4,395.0,2889.0,15.0,1,
415807,1860.3,2.4,147.8,100.1,395.0,2889.0,15.0,1,
415907,1863.3,305.1,151.3,41.7,891.0,6801.0,24.0,1,
416007,1873.7,255.4,159.6,30.3,773.0,5893.0,22.0,1,
416107,1838.5,228.5,153.1,34.8,604.0,4955.0,15.0,1,
416207,1865.4,168.5,151.2,35.5,559.0,4631.0,15.0,1,
416307,1860.8,232.2,152.0,37.6,405.0,3566.0,14.0,1,
416407,1875.3,177.3,156.4,37.4,371.0,3065.0,15.0,1,
416607,1855.2,11.1,155.7,37.1,371.0,3065.0,15.0,1,
416707,1855.6,3.5,155.7,35.3,371.0,3065.0,15.0,1,
416807,1869.4,6.1,155.7,35.7,371.0,3065.0,15.0,1,
416907,1859.3,7.4,155.7,37.4,371.0,3065.0,15.0,1,
417007,1861.3,5.3,155.7,102.6,371.0,3065.0,15.0,1,
417107,1863.4,3.3,155.7,86.9,371.0,3065.0,15.0,1,
417207,1860.9,2.6,155.7,90.2,371.0,3065.0,15.0,1,
417307,1860.7,1.9,155.7,101.3,371.0,3065.0,15.0,1,
417407,1861.8,2.3,155.7,111.4,371.0,3065.0,15.0,1,
417607,1802.7,355.7,148.2,35.7,1029.0,6324.0,24.0,1,
417707,1880.0,221.2,149.9,34.7,602.0,4976.0,15.0,1,
417807,1870.6,233.1,148.5,34.9,543.0,4714.0,23.0,1,
417907,1881.4,184.9,155.4,35.9,418.0,3710.0,15.0,1,
418007,1864.3,178.0,152.2,37.7,347.0,3057.0,15.0,1,
418107,1841.2,78.7,151.0,37.6,383.0,2872.0,15.0,1,
418207,1853.5,14.3,151.0,37.8,383.0,2872.0,15.0,1,
418307,1855.4,4.4,151.0,37.4,383.0,2872.0,15.0,1,
418407,1869.6,7.1,151.0,35.9,383.0,2872.0,15.0,1,
418607,1860.0,3.2,151.0,85.7,383.0,2872.0,15.0,1,
418707,1862.0,2.8,151.0,116.7,383.0,2872.0,15.0,1,
418807,1861.0,3.3,151.0,99.7,383.0,2872.0,15.0,1,
418907,1861.3,2.2,151.0,80.2,383.0,2872.0,15.0,1,
419007,1860.8,2.2,151.0,94.4,383.0,2872.0,15.0,1,
419107,1851.0,97.5,150.2,100.7,383.0,2872.0,15.0,1,
419207,1856.3,337.7,151.7,37.3,952.0,6109.0,24.0,1,
419307,1872.2,318.9,158.9,37.4,663.0,5449.0,23.0,1,
419407,1883.6,178.4,161.9,35.4,575.0,4950.0,15.0,1,
419607,1849.1,169.0,163.6,38.1,368.0,3268.0,15.0,1,
419707,1875.2,139.4,163.6,38.3,381.0,2930.0,15.0,1,
419807,1865.1,13.9,163.6,38.1,381.0,2930.0,15.0,1,
419907,1854.8,4.5,163.6,38.0,381.0,2930.0,15.0,1,
420007,1868.7,9.3,163.6,37.2,381.0,2930.0,15.0,1,
420107,1867.3,3.4,163.7,37.3,381.0,2930.0,15.0,1,
420207,1864.6,4.2,163.7,45.7,381.0,2930.0,15.0,1,
420307,1862.3,3.5,163.7,108.8,381.0,2930.0,15.0,1,
420407,1860.3,3.3,163.7,110.5,381.0,2930.0,15.0,1,
420607,1858.7,3.5,163.7,100.6,381.0,2930.0,15.0,1,
420707,1858.7,5.4,163.7,99.6,381.0,2930.0,15.0,1,
420807,1860.5,190.4,159.2,36.2,783.0,5734.0,25.0,0,
420907,1867.5,266.4,142.6,35.7,619.0,5011.0,16.0,1,
421007,1844.9,200.9,140.4,35.8,505.0,4835.0,16.0,1,
421107,1847.6,169.1,129.1,35.4,442.0,3500.0,16.0,1,
421207,1883.8,114.3,128.1,36.4,393.0,2899.0,16.0,1,
421307,1867.5,156.1,131.1,37.0,338.0,2516.0,15.0,1,
421407,1857.7,20.4,129.5,36.4,342.0,2382.0,16.0,1,
421607,1859.1,4.0,129.6,27.8,342.0,2382.0,16.0,1,
421707,1863.1,4.1,129.6,27.6,342.0,2382.0,16.0,1,
421807,1856.0,5.4,129.7,67.3,342.0,2382.0,16.0,1,
421907,1859.0,2.8,129.7,104.0,342.0,2382.0,16.0,1,
422007,1859.4,2.7,129.7,90.3,342.0,2382.0,16.0,1,
422107,1860.0,2.3,129.8,92.9,342.0,2382.0,16.0,1,
422207,1861.3,2.4,129.7,99.9,342.0,2382.0,16.0,1,
422307,1862.0,2.2,129.7,100.0,342.0,2382.0,16.0,1,
422407,1856.0,167.5,129.2,38.4,696.0,5818.0,18.0,1,
422607,1850.0,208.4,121.6,36.0,492.0,4599.0,16.0,1,
422707,1889.3,136.5,125.6,37.0,479.0,3616.0,16.0,1,
422807,1874.0,114.0,123.4,35.4,346.0,2948.0,15.0,1,
422907,1836.7,88.7,121.3,36.3,327.0,2528.0,16.0,1,
423007,1876.9,36.4,120.3,36.5,320.0,2341.0,15.0,1,
423107,1853.8,8.7,120.3,38.0,320.0,2341.0,15.0,1,
423207,1858.3,6.3,120.3,37.2,320.0,2341.0,15.0,1,
423307,1870.6,6.9,120.2,35.8,320.0,2341.0,15.0,1,
423407,1861.6,3.4,120.1,37.1,320.0,2341.0,15.0,1,
423607,1864.5,3.9,120.0,122.3,320.0,2341.0,15.0,1,
423707,1863.1,3.1,120.0,109.6,320.0,2341.0,15.0,1,
423807,1864.6,4.1,119.9,93.3,320.0,2341.0,15.0,1,
423907,1861.4,3.9,119.9,105.5,320.0,2341.0,15.0,1,
424007,1860.0,125.0,119.7,47.9,701.0,5718.0,18.0,1,
424107,1860.8,217.2,121.2,35.2,671.0,4953.0,17.0,1,
424207,1880.2,193.5,120.4,35.0,599.0,4499.0,16.0,1,
424307,1870.4,124.2,114.5,35.3,519.0,4366.0,15.0,1,
424407,1832.2,135.2,114.3,36.7,398.0,3279.0,16.0,1,
424607,1863.4,37.7,111.5,30.1,388.0,2475.0,16.0,1,
424707,1858.4,8.3,111.5,30.0,388.0,2475.0,16.0,1,
424807,1858.3,3.9,111.5,36.5,388.0,2475.0,16.0,1,
424907,1866.7,6.7,111.5,36.8,388.0,2475.0,16.0,1,
425007,1865.3,4.2,111.5,39.0,388.0,2475.0,16.0,1,
425107,1858.8,2.2,111.5,92.7,388.0,2475.0,16.0,1,
425207,1863.0,2.6,111.5,99.7,388.0,2475.0,16.0,1,
425307,1860.0,2.2,111.5,89.5,388.0,2475.0,16.0,1,
425407,1861.0,2.2,111.5,99.8,388.0,2475.0,16.0,1,
425607,1865.2,128.6,111.6,86.5,486.0,4451.0,19.0,1,
425707,1890.2,275.4,113.7,42.8,646.0,5032.0,17.0,1,
425807,1846.2,159.9,118.4,34.9,534.0,4409.0,16.0,1,
425907,1846.3,165.8,116.7,34.7,674.0,4452.0,16.0,1,
426007,1874.1,149.4,118.9,35.3,428.0,3297.0,16.0,1,
426107,1871.2,103.9,114.2,36.6,331.0,2609.0,15.0,1,
426207,1864.3,58.6,114.5,30.2,365.0,2233.0,16.0,1,
426307,1851.8,7.7,114.4,35.6,365.0,2233.0,16.0,1,
426407,1857.9,4.4,114.4,38.6,365.0,2233.0,16.0,1,
426607,1860.8,4.5,114.5,40.3,365.0,2233.0,16.0,1,
426707,1856.5,5.1,114.5,87.1,365.0,2233.0,16.0,1,
426807,1858.4,3.8,114.5,103.4,365.0,2233.0,16.0,1,
426907,1857.7,4.1,114.6,106.5,365.0,2233.0,16.0,1,
427007,1858.2,3.9,114.6,108.5,365.0,2233.0,16.0,1,
427107,1857.6,6.0,114.6,109.3,365.0,2233.0,16.0,1,
427207,1853.2,25.8,114.7,102.3,365.0,2233.0,16.0,1,
427307,1861.3,170.4,114.2,39.7,680.0,5118.0,17.0,1,
427407,1842.8,237.6,113.4,40.2,556.0,4494.0,16.0,1,
427607,1875.9,168.4,117.3,34.5,589.0,4001.0,15.0,1,
427707,1864.3,106.2,117.0,36.0,422.0,3162.0,16.0,1,
427807,1852.6,102.9,120.9,30.0,368.0,2337.0,15.0,1,
427907,1863.2,12.7,120.9,28.3,459.0,2835.0,15.0,1,
428007,1856.9,4.5,120.9,28.1,459.0,2835.0,15.0,1,
428107,1867.6,7.8,120.9,27.9,459.0,2835.0,15.0,1,
428207,1866.7,3.4,120.8,29.9,459.0,2835.0,15.0,1,
428307,1861.3,3.5,120.7,45.9,459.0,2835.0,15.0,1,
428407,1865.4,4.1,120.6,100.5,459.0,2835.0,15.0,1,
428607,1863.3,2.8,120.5,114.4,459.0,2835.0,15.0,1,
428707,1863.1,2.5,120.4,132.1,459.0,2835.0,15.0,1,
428807,1862.1,2.1,120.3,112.8,459.0,2835.0,15.0,1,
428907,1840.4,180.7,118.9,35.4,739.0,5159.0,18.0,1,
429007,1887.6,236.9,114.7,35.4,580.0,4496.0,16.0,1,
429107,1875.6,175.8,113.9,35.6,455.0,4309.0,15.0,1,
429207,1840.6,138.6,112.7,35.0,535.0,4009.0,16.0,1,
429307,1871.1,113.6,109.3,34.8,342.0,2813.0,16.0,1,
429407,1861.5,131.0,107.9,36.5,344.0,2330.0,15.0,1,
429607,1855.0,6.7,109.0,36.1,344.0,2330.0,15.0,1,
429707,1861.3,4.1,109.0,36.0,344.0,2330.0,15.0,1,
429807,1867.1,5.7,109.0,37.6,344.0,2330.0,15.0,1,
429907,1862.8,3.0,109.0,49.4,344.0,2330.0,15.0,1,
430007,1860.9,3.1,109.0,109.7,344.0,2330.0,15.0,1,
430107,1861.4,3.2,109.0,108.2,344.0,2330.0,15.0,1,
430207,1858.6,2.5,109.1,102.5,344.0,2330.0,15.0,1,
430307,1861.0,2.9,109.1,98.7,344.0,2330.0,15.0,1,
430407,1860.2,2.4,109.1,99.1,344.0,2330.0,15.0,1,
430607,1868.7,141.0,115.6,34.3,631.0,4792.0,16.0,1,
430707,1829.3,206.9,112.5,34.7,589.0,4626.0,16.0,1,
430807,1872.4,140.1,113.2,35.2,564.0,3871.0,16.0,1,
430907,1878.1,126.0,114.1,35.3,412.0,3041.0,15.0,1,
431007,1866.4,72.9,113.8,36.1,348.0,2455.0,16.0,1,
431107,1860.2,25.9,109.9,35.4,367.0,2232.0,15.0,1,
431207,1855.9,9.6,109.9,37.7,367.0,2232.0,15.0,1,
431307,1858.4,3.7,109.9,41.1,367.0,2232.0,15.0,1,
431407,1865.1,4.8,109.9,46.1,367.0,2232.0,15.0,1,
431607,1860.1,2.2,109.9,89.5,367.0,2232.0,15.0,1,
431707,1861.3,2.4,109.9,98.8,367.0,2232.0,15.0,1,
431807,1861.5,2.1,109.9,100.1,367.0,2232.0,15.0,1,
431907,1859.6,2.7,109.9,99.9,367.0,2232.0,15.0,1,
432007,1860.1,2.9,109.9,100.4,367.0,2232.0,15.0,1,
432107,1876.1,133.0,110.0,57.3,566.0,4781.0,18.0,1,
432207,1833.9,254.5,112.9,29.8,653.0,4924.0,17.0,1,
432307,1872.0,198.4,111.6,30.2,551.0,4554.0,16.0,1,
432407,1882.9,140.5,111.5,34.8,494.0,4197.0,15.0,1,
432607,1846.8,112.6,118.1,36.1,359.0,2605.0,16.0,1,
432707,1857.8,45.0,118.2,36.2,402.0,2434.0,16.0,1,
432807,1857.1,10.8,118.2,34.6,402.0,2434.0,16.0,1,
432907,1854.1,5.4,118.2,41.1,402.0,2434.0,16.0,1,
433007,1863.3,3.9,118.2,41.7,402.0,2434.0,16.0,1,
433107,1858.0,5.3,118.2,37.9,402.0,2434.0,16.0,1,
433207,1859.4,3.2,118.2,85.5,402.0,2434.0,16.0,1,
433307,1862.1,3.2,118.2,100.7,402.0,2434.0,16.0,1,
433407,1857.7,4.5,118.2,91.9,402.0,2434.0,16.0,1,
433607,1858.0,5.4,118.3,114.5,402.0,2434.0,16.0,1,
433707,1846.9,91.1,116.2,152.2,559.0,4511.0,19.0,1,
433807,1878.3,249.5,117.1,67.4,651.0,5148.0,17.0,1,
433907,1880.6,150.0,121.5,35.3,556.0,4461.0,16.0,1,
434007,1860.8,163.6,119.1,34.3,489.0,4634.0,16.0,1,
434107,1852.7,144.0,120.1,34.6,446.0,3752.0,15.0,1,
434207,1855.0,88.2,113.0,35.6,320.0,2620.0,15.0,1,
434307,1873.4,76.5,114.8,35.7,316.0,2221.0,15.0,1,
434407,1856.1,10.3,114.8,29.5,316.0,2221.0,15.0,1,
434607,1861.9,3.8,114.8,37.0,316.0,2221.0,15.0,1,
434707,1860.6,5.0,114.7,36.8,316.0,2221.0,15.0,1,
434807,1856.0,4.8,114.8,67.4,316.0,2221.0,15.0,1,
434907,1860.5,3.0,114.8,108.7,316.0,2221.0,15.0,1,
435007,1858.7,3.7,114.8,115.4,316.0,2221.0,15.0,1,
435107,1859.5,3.2,114.8,108.4,316.0,2221.0,15.0,1,
435207,1859.4,3.3,114.7,101.6,316.0,2221.0,15.0,1,
435307,1860.0,1.5,114.7,107.8,316.0,2221.0,15.0,1,
435407,1885.6,114.7,112.9,38.7,657.0,5226.0,17.0,1,
435607,1867.9,179.4,110.3,35.2,496.0,4344.0,16.0,1,
435707,1863.4,230.7,117.3,34.7,493.0,3749.0,15.0,1,
435807,1875.2,106.4,121.5,36.2,431.0,3070.0,16.0,1,
435907,1878.0,125.3,126.1,35.7,340.0,2344.0,15.0,1,
436007,1851.4,16.5,126.1,39.1,348.0,2299.0,15.0,1,
436107,1853.7,5.9,126.1,39.6,348.0,2299.0,15.0,1,
436207,1865.7,9.5,126.1,37.3,348.0,2299.0,15.0,1,
436307,1869.0,4.3,126.1,30.0,348.0,2299.0,15.0,1,
436407,1856.3,4.4,126.1,47.0,348.0,2299.0,15.0,1,
436607,1859.2,6.6,126.0,101.4,348.0,2299.0,15.0,1,
436707,1857.1,3.2,126.1,113.3,348.0,2299.0,15.0,1,
436807,1859.4,3.8,126.1,118.1,348.0,2299.0,15.0,1,
436907,1858.9,3.3,126.1,101.2,348.0,2299.0,15.0,1,
437007,1845.5,200.8,126.7,38.2,721.0,5789.0,18.0,1,
437107,1862.2,225.9,122.5,35.7,630.0,4686.0,16.0,1,
437207,1873.3,171.4,125.3,35.9,573.0,4416.0,15.0,1,
437307,1872.2,133.5,124.9,35.4,555.0,4001.0,16.0,1,
437407,1868.4,150.2,121.7,35.0,424.0,3156.0,15.0,1,
437607,1873.3,33.8,126.8,36.4,383.0,2427.0,15.0,1,
437707,1855.0,8.7,126.8,44.7,383.0,2427.0,15.0,1,
437807,1857.1,4.2,126.8,38.8,383.0,2427.0,15.0,1,
437907,1860.9,3.3,126.8,37.7,383.0,2427.0,15.0,1,
438007,1865.2,3.9,126.8,45.9,383.0,2427.0,15.0,1,
438107,1862.1,3.4,126.8,73.9,383.0,2427.0,15.0,1,
438207,1862.0,2.8,126.8,56.8,383.0,2427.0,15.0,1,
438307,1858.2,3.4,126.7,86.2,383.0,2427.0,15.0,1,
438407,1860.6,2.6,126.7,100.3,383.0,2427.0,15.0,1,
438607,1850.3,176.8,132.1,44.5,662.0,5449.0,18.0,1,
438707,1881.2,126.6,132.4,29.8,565.0,4475.0,16.0,1,
438807,1869.5,167.8,124.7,30.3,480.0,4110.0,16.0,1,
438907,1849.9,136.4,123.7,34.8,514.0,3936.0,16.0,1,
439007,1853.3,146.5,116.3,35.5,525.0,3615.0,16.0,1,
439107,1865.2,73.4,119.7,37.0,395.0,2568.0,16.0,1,
439207,1872.2,32.3,107.4,36.5,426.0,2710.0,15.0,1,
439307,1863.5,9.8,107.3,35.6,426.0,2710.0,15.0,1,
439407,1873.6,11.2,107.2,40.3,426.0,2710.0,15.0,1,
439607,1860.0,3.8,107.2,48.4,426.0,2710.0,15.0,1,
439707,1858.7,3.7,107.3,67.9,426.0,2710.0,15.0,1,
439807,1857.5,5.1,107.3,108.9,426.0,2710.0,15.0,1,
439907,1856.9,4.5,107.3,108.1,426.0,2710.0,15.0,1,
440007,1859.0,3.5,107.3,100.1,426.0,2710.0,15.0,1,
440107,1858.9,2.8,107.4,100.4,426.0,2710.0,15.0,1,
440207,1883.0,106.9,104.0,152.4,426.0,2710.0,15.0,1,
440307,1853.1,298.1,111.1,99.2,743.0,5286.0,17.0,1,
440407,1843.2,228.2,117.3,38.4,567.0,4658.0,16.0,1,
440607,1869.7,138.3,126.5,36.5,513.0,3709.0,16.0,1,
440707,1880.5,124.6,123.0,36.6,416.0,2980.0,15.0,1,
440807,1850.6,63.8,123.6,36.4,382.0,2584.0,16.0,1,
440907,1850.6,7.3,123.8,29.9,382.0,2584.0,16.0,1,
441007,1858.6,3.5,123.7,37.1,382.0,2584.0,16.0,1,
441107,1864.5,4.8,123.7,36.6,382.0,2584.0,16.0,1,
441207,1861.1,3.3,123.7,37.1,382.0,2584.0,16.0,1,
441307,1859.8,2.1,123.7,85.5,382.0,2584.0,16.0,1,
441407,1860.7,3.8,123.7,115.2,382.0,2584.0,16.0,1,
441607,1859.7,2.8,123.7,132.2,382.0,2584.0,16.0,1,
441707,1859.2,2.6,123.7,100.2,382.0,2584.0,16.0,1,
441807,1854.9,93.2,122.9,163.2,382.0,2584.0,16.0,1,
441907,1867.4,259.5,125.4,91.3,728.0,5145.0,17.0,1,
442007,1866.5,192.0,130.2,67.3,588.0,4670.0,16.0,1,
442107,1874.3,185.1,128.1,35.2,709.0,4668.0,16.0,1,
442207,1882.7,157.0,128.8,35.4,585.0,4099.0,15.0,1,
442307,1840.5,175.0,130.6,37.0,473.0,3501.0,16.0,1,
442407,1854.6,90.4,131.6,36.3,388.0,2797.0,15.0,1,
442607,1858.1,3.1,131.7,36.8,388.0,2797.0,15.0,1,
442707,1863.6,3.4,131.6,37.3,388.0,2797.0,15.0,1,
442807,1861.0,3.6,131.7,36.7,388.0,2797.0,15.0,1,
442907,1860.1,2.8,131.7,49.9,388.0,2797.0,15.0,1,
443007,1862.8,2.5,131.6,109.8,388.0,2797.0,15.0,1,
443107,1861.8,2.6,131.6,101.9,388.0,2797.0,15.0,1,
443207,1862.6,2.5,131.6,99.4,388.0,2797.0,15.0,1,
443307,1862.1,2.3,131.6,91.5,388.0,2797.0,15.0,1,
443407,1861.6,2.4,131.6,100.3,388.0,2797.0,15.0,1,
443607,1873.8,294.3,124.4,36.9,697.0,4946.0,16.0,1,
443707,1864.2,198.4,130.0,35.4,653.0,4490.0,15.0,1,
443807,1843.5,142.4,127.5,30.3,667.0,4283.0,16.0,1,
443907,1854.1,149.0,130.3,34.6,448.0,3382.0,15.0,1,
444007,1878.9,125.5,131.2,37.5,497.0,2871.0,15.0,1,
444107,1857.3,16.7,131.0,36.7,396.0,2675.0,15.0,1,
444207,1860.5,3.2,131.0,36.1,396.0,2675.0,15.0,1,
444307,1862.0,4.9,131.0,38.1,396.0,2675.0,15.0,1,
444407,1864.9,2.4,131.0,37.4,396.0,2675.0,15.0,1,
444607,1862.3,2.7,131.0,109.1,396.0,2675.0,15.0,1,
444707,1861.6,2.3,131.0,99.7,396.0,2675.0,15.0,1,
444807,1861.4,2.1,131.0,93.4,396.0,2675.0,15.0,1,
444907,1862.0,2.1,131.0,100.8,396.0,2675.0,15.0,1,
445007,1862.4,2.5,131.0,122.8,396.0,2675.0,15.0,1,
445107,1879.2,255.8,133.1,35.2,866.0,6152.0,18.0,1,
445207,1831.6,286.2,139.8,34.7,709.0,5243.0,16.0,1,
445307,1849.3,281.8,144.1,34.9,788.0,5016.0,16.0,1,
445407,1870.6,175.9,148.3,35.5,687.0,4482.0,16.0,1,
445607,1857.1,175.3,149.3,38.7,442.0,3113.0,15.0,1,
445707,1863.0,43.9,152.0,39.3,416.0,2721.0,14.0,1,
445807,1858.9,4.3,152.0,37.8,416.0,2721.0,14.0,1,
445907,1862.5,5.5,152.0,36.5,416.0,2721.0,14.0,1,
446007,1867.2,3.4,152.0,37.3,416.0,2721.0,14.0,1,
446107,1859.3,3.4,152.0,40.0,416.0,2721.0,14.0,1,
446207,1861.9,3.2,152.0,109.6,416.0,2721.0,14.0,1,
446307,1861.0,2.9,152.0,102.0,416.0,2721.0,14.0,1,
446407,1860.7,2.6,152.0,103.2,416.0,2721.0,14.0,1,
446607,1861.0,2.1,152.0,114.3,416.0,2721.0,14.0,1,
446707,1863.2,200.4,151.9,43.6,650.0,4886.0,19.0,1,
446807,1843.8,292.5,153.3,34.5,744.0,5470.0,17.0,1,
446907,1882.5,249.2,151.8,34.6,678.0,4836.0,16.0,1,
447007,1880.4,192.3,148.0,35.3,680.0,4621.0,15.0,1,
447107,1840.3,150.3,148.0,38.0,545.0,3835.0,16.0,1,
447207,1855.8,126.4,147.1,38.2,464.0,3099.0,15.0,1,
447307,1863.4,84.6,149.1,38.9,441.0,2746.0,14.0,1,
447407,1861.8,6.5,149.1,38.3,441.0,2746.0,14.0,1,
447607,1865.9,4.7,149.1,35.1,441.0,2746.0,14.0,1,
447707,1859.8,3.5,149.1,36.1,441.0,2746.0,14.0,1,
447807,1861.0,2.3,149.1,89.1,441.0,2746.0,14.0,1,
447907,1860.5,2.2,149.1,106.4,441.0,2746.0,14.0,1,
448007,1860.9,2.3,149.1,108.8,441.0,2746.0,14.0,1,
448107,1861.1,2.0,149.1,101.5,441.0,2746.0,14.0,1,
448207,1861.0,2.5,149.1,102.5,441.0,2746.0,14.0,1,
448307,1857.5,115.7,149.6,109.0,441.0,2746.0,14.0,1,
448407,1877.3,317.8,146.9,74.0,755.0,5494.0,17.0,1,
448607,1835.3,188.4,143.9,35.0,655.0,4722.0,16.0,1,
448707,1857.2,150.4,143.7,35.7,569.0,3838.0,15.0,1,
448807,1878.5,170.0,144.9,38.8,387.0,3020.0,15.0,1,
448907,1860.6,87.6,137.1,38.3,414.0,2765.0,15.0,1,
449007,1856.2,7.7,137.1,37.3,414.0,2765.0,15.0,1,
449107,1863.1,4.6,137.1,38.4,414.0,2765.0,15.0,1,
449207,1868.1,6.1,137.1,37.2,414.0,2765.0,15.0,1,
449307,1867.2,5.5,137.1,36.8,414.0,2765.0,15.0,1,
449407,1866.2,5.0,137.1,68.3,414.0,2765.0,15.0,1,
449607,1867.6,6.0,137.2,100.4,414.0,2765.0,15.0,1,
449707,1865.1,4.1,137.2,99.4,414.0,2765.0,15.0,1,
449807,1865.3,4.5,137.2,91.0,414.0,2765.0,15.0,1,
449907,1865.2,3.5,137.2,98.9,414.0,2765.0,15.0,1,
450007,1888.3,250.6,131.3,34.8,778.0,5068.0,17.0,1,
450107,1835.3,220.2,127.4,34.3,653.0,4622.0,16.0,1,
450207,1857.4,133.7,123.7,34.4,639.0,4420.0,16.0,1,
450307,1888.4,85.6,119.3,34.7,553.0,3793.0,15.0,1,
450407,1860.5,132.3,115.1,35.5,453.0,3334.0,16.0,1,
450607,1865.0,12.3,112.3,43.4,370.0,2636.0,15.0,1,
450707,1862.5,4.2,112.3,36.0,370.0,2636.0,15.0,1,
450807,1864.8,4.1,112.3,36.3,370.0,2636.0,15.0,1,
450907,1862.8,2.8,112.3,37.4,370.0,2636.0,15.0,1,
451007,1861.8,2.7,112.3,42.3,370.0,2636.0,15.0,1,
451107,1862.4,3.0,112.3,100.0,370.0,2636.0,15.0,1,
451207,1862.1,2.1,112.3,112.7,370.0,2636.0,15.0,1,
451307,1860.0,2.7,112.3,112.2,370.0,2636.0,15.0,1,
451407,1860.0,2.2,112.3,109.2,370.0,2636.0,15.0,1,
451607,1848.5,85.0,108.5,46.3,571.0,3944.0,16.0,1,
451707,1863.4,85.4,83.9,40.3,554.0,3624.0,15.0,1,
451807,1883.2,65.9,71.6,36.0,538.0,3114.0,14.0,1,
451907,1857.7,136.4,66.5,34.7,476.0,2865.0,14.0,1,
452007,1853.3,28.1,69.0,38.7,200.0,1638.0,4.0,1,
452107,1874.8,16.5,63.6,37.9,160.0,1094.0,2.0,0,
452207,1864.3,3.4,60.0,37.1,146.0,1035.0,2.0,0,
452307,1861.9,2.7,60.0,131.9,146.0,1035.0,2.0,0,
452407,1861.9,2.6,60.0,178.6,146.0,1035.0,2.0,0,
452607,1862.2,2.3,60.0,103.5,146.0,1035.0,2.0,0,
452707,1861.7,2.1,60.0,98.8,146.0,1035.0,2.0,0,
452807,1862.2,2.4,60.0,68.1,146.0,1035.0,2.0,0,
452907,1862.0,2.3,60.0,75.3,146.0,1035.0,2.0,0,
453007,1861.9,2.9,60.0,76.1,146.0,1035.0,2.0,0,
453107,1862.6,2.7,59.9,75.5,146.0,1035.0,2.0,0,
453207,1850.3,17.2,57.0,87.3,254.0,1521.0,14.0,1,
453307,1870.2,32.2,51.7,35.3,304.0,2044.0,13.0,1,
453407,1849.2,135.1,44.7,34.3,452.0,2467.0,14.0,1,
453607,1865.4,35.6,45.4,35.8,206.0,1776.0,5.0,1,
453707,1858.2,79.3,42.9,35.2,188.0,1525.0,13.0,1,
453807,1874.0,14.8,50.7,38.5,271.0,1850.0,13.0,1,
453907,1858.3,6.9,50.8,34.8,271.0,1850.0,13.0,1,
454007,1855.8,4.8,50.8,30.2,271.0,1850.0,13.0,1,
454107,1860.2,2.7,50.8,34.8,271.0,1850.0,13.0,1,
454207,1858.9,3.1,50.8,37.3,271.0,1850.0,13.0,1,
454307,1858.7,5.0,50.8,100.6,271.0,1850.0,13.0,1,
454407,1857.3,4.8,50.8,133.2,271.0,1850.0,13.0,1,
454607,1859.8,3.6,50.8,125.6,271.0,1850.0,13.0,1,
454707,1860.9,3.2,50.8,99.9,271.0,1850.0,13.0,1,
454807,1892.6,110.8,60.1,51.2,571.0,4517.0,17.0,1,
454907,1823.6,268.2,91.3,29.1,748.0,5344.0,17.0,1,
455007,1858.3,249.7,111.2,29.8,657.0,4855.0,16.0,1,
455107,1875.3,152.4,118.6,30.2,639.0,4549.0,15.0,1,
455207,1866.0,156.2,125.2,35.1,553.0,3934.0,16.0,1,
455307,1875.5,131.2,129.8,39.5,458.0,3230.0,15.0,1,
455407,1844.3,117.4,140.1,65.5,378.0,2566.0,15.0,1,
455607,1855.6,5.6,140.2,35.4,378.0,2566.0,15.0,1,
455707,1863.3,4.0,140.2,35.0,378.0,2566.0,15.0,1,
455807,1858.7,6.1,140.2,35.7,378.0,2566.0,15.0,1,
455907,1858.4,3.1,140.2,76.0,378.0,2566.0,15.0,1,
456007,1862.5,2.4,140.2,103.7,378.0,2566.0,15.0,1,
456107,1861.1,2.5,140.2,105.6,378.0,2566.0,15.0,1,
456207,1859.5,2.7,140.2,112.9,378.0,2566.0,15.0,1,
456307,1860.6,2.1,140.2,134.3,378.0,2566.0,15.0,1,
456407,1860.7,155.5,140.0,156.7,378.0,2566.0,15.0,1,
456607,1884.9,238.0,154.6,37.6,693.0,5038.0,16.0,1,
456707,1866.3,200.4,154.8,36.0,605.0,4849.0,16.0,1,
456807,1854.6,146.7,155.1,36.0,542.0,4011.0,15.0,1,
456907,1860.0,128.0,155.7,37.7,438.0,3227.0,16.0,1,
457007,1857.9,91.1,147.1,37.5,374.0,2699.0,15.0,1,
457107,1866.8,10.4,145.5,37.2,374.0,2699.0,15.0,1,
457207,1858.7,2.9,145.5,38.9,374.0,2699.0,15.0,1,
457307,1866.1,6.8,145.5,37.8,374.0,2699.0,15.0,1,
457407,1863.7,2.5,145.5,36.4,374.0,2699.0,15.0,1,
457607,1863.8,2.5,145.5,132.3,374.0,2699.0,15.0,1,
457707,1860.1,2.1,145.5,116.1,374.0,2699.0,15.0,1,
457807,1862.5,2.5,145.5,101.4,374.0,2699.0,15.0,1,
457907,1861.1,1.9,145.5,102.3,374.0,2699.0,15.0,1,
458007,1863.1,2.5,145.5,100.1,374.0,2699.0,15.0,1,
458107,1876.1,224.1,135.9,35.9,801.0,5654.0,17.0,1,
458207,1865.7,311.1,130.1,35.0,666.0,5091.0,16.0,1,
458307,1846.8,172.2,127.6,34.6,711.0,4690.0,15.0,1,
458407,1857.5,162.7,126.8,34.8,532.0,3849.0,15.0,1,
458607,1878.0,94.0,127.0,46.7,380.0,2797.0,15.0,1,
458707,1851.7,17.7,127.2,35.9,409.0,2671.0,15.0,1,
458807,1856.5,6.3,127.2,36.1,409.0,2671.0,15.0,1,
458907,1858.3,5.0,127.1,39.2,409.0,2671.0,15.0,1,
459007,1862.9,3.7,127.1,37.2,409.0,2671.0,15.0,1,
459107,1857.7,3.8,127.1,37.2,409.0,2671.0,15.0,1,
459207,1862.2,2.7,127.1,107.9,409.0,2671.0,15.0,1,
459307,1859.5,3.8,127.1,133.0,409.0,2671.0,15.0,1,
459407,1860.1,2.4,127.1,144.8,409.0,2671.0,15.0,1,
459607,1860.0,2.4,127.1,130.7,409.0,2671.0,15.0,1,
459707,1861.1,264.2,129.1,36.9,840.0,6400.0,18.0,1,
459807,1859.4,268.8,123.8,34.9,668.0,5344.0,16.0,1,
459907,1849.4,214.6,129.7,35.0,653.0,4786.0,16.0,1,
460007,1883.9,160.4,129.5,35.4,556.0,4295.0,16.0,1,
460107,1874.6,145.5,129.7,35.6,487.0,3504.0,15.0,1,
460207,1836.6,116.6,130.3,38.4,409.0,2999.0,15.0,1,
460307,1872.7,34.2,131.6,39.4,353.0,2630.0,14.0,1,
460407,1855.7,7.3,131.6,37.2,353.0,2630.0,14.0,1,
460607,1865.6,3.5,131.6,35.7,353.0,2630.0,14.0,1,
460707,1858.6,4.3,131.6,35.3,353.0,2630.0,14.0,1,
460807,1860.2,2.1,131.6,106.1,353.0,2630.0,14.0,1,
460907,1861.4,2.9,131.6,103.6,353.0,2630.0,14.0,1,
461007,1862.0,2.8,131.6,124.1,353.0,2630.0,14.0,1,
461107,1862.2,2.4,131.6,132.4,353.0,2630.0,14.0,1,
461207,1862.7,2.5,131.6,133.1,353.0,2630.0,14.0,1,
461307,1861.8,229.1,137.4,45.3,1792.0,6714.0,2.0,0,
461407,1857.5,277.8,147.4,38.6,682.0,5169.0,17.0,1,
461607,1872.3,99.2,140.6,36.6,660.0,4605.0,15.0,1,
461707,1834.5,152.2,139.8,37.5,552.0,3753.0,16.0,1,
461807,1869.9,120.4,139.2,36.3,383.0,2950.0,15.0,1,
461907,1866.3,45.8,138.1,37.7,431.0,2887.0,16.0,1,
462007,1857.5,7.4,138.1,38.4,431.0,2887.0,16.0,1,
462107,1857.5,3.5,138.1,38.9,431.0,2887.0,16.0,1,
462207,1864.7,4.8,138.1,36.6,431.0,2887.0,16.0,1,
462307,1862.8,3.6,138.1,36.8,431.0,2887.0,16.0,1,
462407,1857.7,4.2,138.1,111.9,431.0,2887.0,16.0,1,
462607,1860.7,2.7,138.1,131.9,431.0,2887.0,16.0,1,
462707,1859.8,2.7,138.1,133.6,431.0,2887.0,16.0,1,
462807,1861.3,2.5,138.1,134.7,431.0,2887.0,16.0,1,
462907,1865.6,122.9,137.7,100.7,732.0,4705.0,19.0,1,
463007,1885.1,326.2,127.5,36.4,703.0,5340.0,16.0,1,
463107,1842.3,216.2,137.8,35.5,576.0,4708.0,15.0,1,
463207,1844.3,202.8,135.0,35.0,666.0,4664.0,16.0,1,
463307,1873.9,147.3,137.8,35.1,487.0,3832.0,15.0,1,
463407,1868.9,163.4,138.3,37.8,405.0,3328.0,15.0,1,
463607,1847.8,9.6,139.7,36.1,405.0,3328.0,15.0,1,
463707,1858.0,5.0,139.7,36.3,405.0,3328.0,15.0,1,
463807,1862.8,4.8,139.7,37.8,405.0,3328.0,15.0,1,
463907,1859.6,7.3,139.7,36.2,405.0,3328.0,15.0,1,
464007,1856.0,3.3,139.7,66.5,405.0,3328.0,15.0,1,
464107,1861.5,2.8,139.7,99.2,405.0,3328.0,15.0,1,
464207,1859.3,3.2,139.7,102.2,405.0,3328.0,15.0,1,
464307,1861.6,2.7,139.7,156.4,405.0,3328.0,15.0,1,
464407,1861.9,2.5,139.7,154.5,405.0,3328.0,15.0,1,
464607,1852.6,183.1,141.7,36.0,775.0,5805.0,17.0,1,
464707,1858.3,272.3,130.3,35.4,614.0,4786.0,16.0,1,
464807,1880.5,147.0,129.3,35.6,602.0,4784.0,15.0,1,
464907,1866.0,132.9,127.5,35.5,555.0,4154.0,15.0,1,
465007,1881.7,152.6,127.5,35.3,394.0,3170.0,15.0,1,
465107,1846.4,111.9,126.6,36.9,379.0,2851.0,15.0,1,
465207,1866.8,13.2,126.7,36.4,350.0,2703.0,15.0,1,
465307,1859.7,4.4,126.7,34.5,350.0,2703.0,15.0,1,
465407,1862.4,3.9,126.7,35.4,350.0,2703.0,15.0,1,
465607,1859.0,3.3,126.7,65.9,350.0,2703.0,15.0,1,
465707,1861.8,2.6,126.7,103.2,350.0,2703.0,15.0,1,
465807,1861.9,2.5,126.7,123.1,350.0,2703.0,15.0,1,
465907,1862.3,2.8,126.7,132.3,350.0,2703.0,15.0,1,
466007,1863.6,3.6,126.7,130.2,350.0,2703.0,15.0,1,
466107,1864.7,3.1,126.7,123.2,350.0,2703.0,15.0,1,
466207,1848.9,280.7,129.0,29.0,761.0,5707.0,17.0,1,
466307,1890.9,252.8,131.2,30.0,594.0,4961.0,16.0,1,
466407,1865.2,223.5,132.9,34.4,585.0,4779.0,16.0,1,
466607,1861.4,126.1,133.1,37.6,504.0,3700.0,16.0,1,
466707,1855.8,112.7,133.0,39.3,406.0,2939.0,15.0,1,
466807,1866.1,23.4,132.9,50.2,355.0,2789.0,15.0,1,
466907,1857.8,4.7,132.9,38.6,355.0,2789.0,15.0,1,
467007,1859.8,3.3,132.9,35.8,355.0,2789.0,15.0,1,
467107,1863.9,3.3,132.9,36.0,355.0,2789.0,15.0,1,
467207,1859.8,3.9,132.9,38.4,355.0,2789.0,15.0,1,
467307,1860.6,2.4,132.9,92.2,355.0,2789.0,15.0,1,
467407,1859.9,3.2,132.9,99.5,355.0,2789.0,15.0,1,
467607,1863.8,3.5,132.9,100.3,355.0,2789.0,15.0,1,
467707,1864.2,5.0,132.9,107.5,355.0,2789.0,15.0,1,
467807,1889.2,201.0,129.2,72.5,817.0,6004.0,17.0,1,
467907,1866.0,310.7,131.1,37.4,675.0,4815.0,17.0,1,
468007,1851.9,118.3,125.0,34.7,628.0,4140.0,15.0,1,
468107,1857.7,79.9,119.4,34.5,643.0,3638.0,15.0,1,
468207,1874.2,54.5,114.5,34.8,416.0,2649.0,15.0,1,
468307,1877.3,42.0,110.6,35.9,306.0,2115.0,14.0,1,
468407,1847.1,25.5,108.8,67.1,359.0,2350.0,15.0,1,
468607,1856.9,4.0,108.8,49.9,359.0,2350.0,15.0,1,
468707,1860.0,3.7,108.8,45.6,359.0,2350.0,15.0,1,
468807,1859.4,3.0,108.8,45.6,359.0,2350.0,15.0,1,
468907,1861.2,3.5,108.8,109.1,359.0,2350.0,15.0,1,
469007,1857.4,5.1,108.8,100.6,359.0,2350.0,15.0,1,
469107,1856.7,4.2,108.9,99.6,359.0,2350.0,15.0,1,
469207,1859.0,3.9,108.9,99.7,359.0,2350.0,15.0,1,
469307,1860.8,3.7,108.9,99.3,359.0,2350.0,15.0,1,
469407,1868.1,115.4,108.8,51.6,600.0,4503.0,18.0,1,
469607,1867.2,276.6,116.6,35.3,659.0,4594.0,15.0,1,
469707,1877.5,187.6,123.5,34.3,584.0,4586.0,16.0,1,
469807,1876.7,131.7,127.6,30.2,544.0,3862.0,15.0,1,
469907,1840.3,232.4,133.0,35.3,409.0,3177.0,15.0,1,
470007,1872.2,66.1,139.0,92.7,468.0,2918.0,14.0,1,
470107,1857.1,7.6,139.0,36.4,468.0,2918.0,14.0,1,
470207,1860.1,4.6,139.0,34.9,468.0,2918.0,14.0,1,
470307,1865.5,4.9,139.1,35.5,468.0,2918.0,14.0,1,
470407,1861.1,3.1,139.1,36.9,468.0,2918.0,14.0,1,
470607,1860.3,2.5,139.1,102.0,468.0,2918.0,14.0,1,
470707,1860.0,2.9,139.1,101.7,468.0,2918.0,14.0,1,
470807,1860.8,2.6,139.1,117.3,468.0,2918.0,14.0,1,
470907,1861.3,2.8,139.1,102.0,468.0,2918.0,14.0,1,
471007,1860.7,91.8,139.2,99.3,560.0,4288.0,18.0,1,
471107,1857.1,251.2,146.5,34.9,734.0,5753.0,17.0,1,
471207,1881.5,296.3,142.1,34.4,621.0,4972.0,16.0,1,
471307,1868.0,140.8,139.1,34.6,630.0,4678.0,15.0,1,
471407,1834.3,160.8,138.1,35.1,625.0,4143.0,16.0,1,
471607,1875.2,114.0,132.7,39.3,396.0,2813.0,15.0,1,
471707,1857.2,11.0,132.7,38.5,396.0,2813.0,15.0,1,
471807,1862.0,3.1,132.7,36.3,396.0,2813.0,15.0,1,
471907,1862.3,4.2,132.7,36.5,396.0,2813.0,15.0,1,
472007,1861.2,3.4,132.7,37.8,396.0,2813.0,15.0,1,
472107,1860.6,3.2,132.7,38.7,396.0,2813.0,15.0,1,
472207,1861.4,2.3,132.7,100.0,396.0,2813.0,15.0,1,
472307,1859.5,3.7,132.7,109.8,396.0,2813.0,15.0,1,
472407,1861.3,2.9,132.7,103.5,396.0,2813.0,15.0,1,
472607,1860.2,23.5,132.7,130.3,396.0,2813.0,15.0,1,
472707,1893.6,331.5,142.2,39.2,730.0,5745.0,17.0,1,
472807,1831.5,232.5,153.1,37.7,700.0,5287.0,16.0,1,
472907,1844.8,221.1,150.7,36.1,675.0,4826.0,16.0,1,
473007,1872.0,165.7,152.3,35.9,631.0,4210.0,15.0,1,
473107,1870.3,212.7,160.9,40.7,512.0,3747.0,15.0,1,
473207,1874.6,116.3,160.3,45.4,463.0,3116.0,15.0,1,
473307,1841.4,20.2,160.1,34.5,428.0,2816.0,16.0,1,
473407,1858.8,11.0,160.1,35.2,428.0,2816.0,16.0,1,
473607,1860.7,3.4,160.1,38.2,428.0,2816.0,16.0,1,
473707,1859.3,4.0,160.1,122.9,428.0,2816.0,16.0,1,
473807,1862.1,3.7,160.1,125.6,428.0,2816.0,16.0,1,
473907,1858.9,2.7,160.1,122.7,428.0,2816.0,16.0,1,
474007,1861.0,2.8,160.1,103.1,428.0,2816.0,16.0,1,
474107,1858.9,3.1,160.1,122.6,428.0,2816.0,16.0,1,
474207,1861.1,2.9,160.1,125.0,428.0,2816.0,16.0,1,
474307,1859.7,187.6,153.5,38.8,849.0,6424.0,18.0,1,
474407,1841.4,307.6,143.0,38.8,762.0,5422.0,16.0,1,
474607,1861.7,209.8,143.3,35.0,669.0,4463.0,16.0,1,
474707,1872.1,169.2,144.1,35.8,466.0,3570.0,15.0,1,
474807,1849.2,167.5,137.9,36.7,410.0,3055.0,15.0,1,
474907,1862.1,33.7,138.8,29.3,449.0,2873.0,15.0,1,
475007,1856.8,4.6,138.8,30.1,449.0,2873.0,15.0,1,
475107,1864.0,6.4,138.8,35.6,449.0,2873.0,15.0,1,
475207,1863.2,3.8,138.8,38.3,449.0,2873.0,15.0,1,
475307,1860.7,3.1,138.8,37.6,449.0,2873.0,15.0,1,
475407,1862.2,3.2,138.8,99.3,449.0,2873.0,15.0,1,
475607,1862.2,2.5,138.8,100.8,449.0,2873.0,15.0,1,
475707,1861.7,2.9,138.8,102.4,449.0,2873.0,15.0,1,
475807,1861.8,2.6,138.8,102.2,449.0,2873.0,15.0,1,
475907,1843.9,214.4,140.4,40.6,827.0,6304.0,17.0,1,
476007,1880.3,304.2,144.9,35.3,684.0,5318.0,23.0,1,
476107,1867.1,272.4,146.7,35.4,596.0,5029.0,16.0,1,
476207,1852.6,174.1,148.8,36.4,601.0,4779.0,15.0,1,
476307,1856.6,198.7,149.3,36.2,540.0,3939.0,16.0,1,
476407,1858.4,133.2,149.3,36.6,425.0,3064.0,15.0,1,
476607,1853.9,8.8,151.4,36.9,425.0,3064.0,15.0,1,
476707,1862.7,8.0,151.4,35.7,425.0,3064.0,15.0,1,
476807,1868.9,5.1,151.4,35.5,425.0,3064.0,15.0,1,
476907,1863.0,4.1,151.4,29.4,425.0,3064.0,15.0,1,
477007,1860.1,2.4,151.4,98.7,425.0,3064.0,15.0,1,
477107,1859.3,3.5,151.4,99.4,425.0,3064.0,15.0,1,
477207,1860.2,2.6,151.4,101.3,425.0,3064.0,15.0,1,
477307,1858.9,3.2,151.4,132.1,425.0,3064.0,15.0,1,
477407,1862.2,2.8,151.4,149.6,425.0,3064.0,15.0,1,
477607,1842.3,364.9,155.1,39.1,836.0,5790.0,24.0,1,
477707,1850.1,259.7,151.3,36.3,597.0,5003.0,16.0,1,
477807,1854.1,201.2,152.4,35.9,718.0,4791.0,15.0,1,
477907,1874.4,160.6,152.4,36.7,570.0,4120.0,16.0,1,
478007,1885.0,179.6,152.7,36.2,462.0,3287.0,15.0,1,
478107,1846.9,83.6,149.6,36.2,431.0,2981.0,16.0,1,
478207,1849.3,8.0,149.5,30.2,431.0,2981.0,16.0,1,
478307,1864.1,8.2,149.5,36.2,431.0,2981.0,16.0,1,
478407,1873.7,10.4,149.5,35.8,431.0,2981.0,16.0,1,
478607,1862.8,3.0,149.5,66.2,431.0,2981.0,16.0,1,
478707,1859.0,3.3,149.5,68.1,431.0,2981.0,16.0,1,
478807,1861.5,2.4,149.5,92.1,431.0,2981.0,16.0,1,
478907,1861.0,2.4,149.5,158.1,431.0,2981.0,16.0,1,
479007,1862.5,3.5,149.5,156.4,431.0,2981.0,16.0,1,
479107,1856.5,55.9,149.0,136.0,431.0,2981.0,16.0,1,
479207,1865.5,266.2,140.2,37.5,1107.0,6309.0,17.0,1,
479307,1850.8,268.8,146.6,35.9,813.0,5481.0,17.0,1,
479407,1883.7,204.3,142.3,35.3,719.0,4976.0,15.0,1,
479607,1837.2,142.1,142.7,38.1,499.0,3622.0,16.0,1,
479707,1868.5,90.3,139.7,38.2,474.0,2730.0,15.0,1,
479807,1866.9,12.0,139.6,37.1,474.0,2730.0,15.0,1,
479907,1866.5,11.2,139.6,38.0,474.0,2730.0,15.0,1,
480007,1873.1,6.4,139.6,39.6,474.0,2730.0,15.0,1,
480107,1860.8,3.8,139.6,38.4,474.0,2730.0,15.0,1,
480207,1864.5,3.4,139.6,46.7,474.0,2730.0,15.0,1,
480307,1864.7,5.1,139.6,74.5,474.0,2730.0,15.0,1,
480407,1863.1,3.4,139.6,122.6,474.0,2730.0,15.0,1,
480607,1861.2,2.7,139.6,115.0,474.0,2730.0,15.0,1,
480707,1861.5,3.9,139.6,114.2,474.0,2730.0,15.0,1,
480807,1854.0,296.7,141.3,37.4,962.0,6136.0,17.0,1,
480907,1885.0,324.7,139.9,30.3,682.0,5633.0,16.0,1,
481007,1864.7,187.1,144.1,34.2,716.0,5011.0,15.0,1,
481107,1842.5,185.1,142.5,34.7,770.0,4849.0,16.0,1,
481207,1865.6,164.7,147.5,36.1,492.0,3519.0,15.0,1,
481307,1866.8,100.1,147.9,66.8,501.0,3397.0,15.0,1,
481407,1862.5,21.1,147.9,35.6,501.0,3107.0,15.0,1,
481607,1871.6,6.9,147.9,36.1,501.0,3107.0,15.0,1,
481707,1867.3,6.2,148.0,37.2,501.0,3107.0,15.0,1,
481807,1863.2,4.3,148.0,44.4,501.0,3107.0,15.0,1,
481907,1858.3,3.4,147.9,56.9,501.0,3107.0,15.0,1,
482007,1858.0,3.9,147.9,56.7,501.0,3107.0,15.0,1,
482107,1853.2,11.6,147.8,99.9,501.0,3107.0,15.0,1,
482207,1855.2,5.2,147.8,132.5,501.0,3107.0,15.0,1,
482307,1862.9,2.9,147.8,131.7,501.0,3107.0,15.0,1,
482407,1891.4,230.0,149.4,72.4,834.0,5899.0,17.0,1,
482607,1848.3,252.9,145.3,35.4,726.0,5169.0,16.0,1,
482707,1883.7,160.7,145.6,35.2,649.0,4612.0,15.0,1,
482807,1865.9,127.9,140.8,36.0,560.0,3948.0,16.0,1,
482907,1877.3,130.5,138.5,38.8,533.0,3353.0,15.0,1,
483007,1841.8,37.9,138.7,39.5,458.0,2942.0,16.0,1,
483107,1858.1,6.3,138.6,40.9,458.0,2942.0,16.0,1,
483207,1867.9,10.0,138.6,37.1,458.0,2942.0,16.0,1,
483307,1867.8,3.9,138.6,36.6,458.0,2942.0,16.0,1,
483407,1859.3,3.4,138.6,37.7,458.0,2942.0,16.0,1,
483607,1862.0,3.2,138.6,89.5,458.0,2942.0,16.0,1,
483707,1860.3,3.6,138.6,100.7,458.0,2942.0,16.0,1,
483807,1860.8,3.4,138.6,94.2,458.0,2942.0,16.0,1,
483907,1861.0,2.7,138.6,99.0,458.0,2942.0,16.0,1,
484007,1858.0,177.9,137.9,44.2,594.0,5033.0,2.0,0,
484107,1839.7,330.5,137.5,34.8,852.0,5831.0,16.0,1,
484207,1886.5,224.4,139.2,34.9,800.0,5195.0,15.0,1,
484307,1867.8,198.3,141.1,35.2,641.0,4784.0,16.0,1,
484407,1850.0,175.2,140.8,36.1,619.0,4043.0,15.0,1,
484607,1869.8,53.6,141.8,39.6,618.0,3306.0,15.0,1,
484707,1860.3,6.1,141.8,38.7,618.0,3306.0,15.0,1,
484807,1865.3,6.3,141.8,40.2,618.0,3306.0,15.0,1,
484907,1868.0,8.0,141.8,39.3,618.0,3306.0,15.0,1,
485007,1863.1,3.6,141.8,37.7,618.0,3306.0,15.0,1,
485107,1857.4,3.8,141.8,55.3,618.0,3306.0,15.0,1,
485207,1862.7,3.6,141.8,68.2,618.0,3306.0,15.0,1,
485307,1861.0,3.1,141.8,91.0,618.0,3306.0,15.0,1,
485407,1861.8,4.0,141.8,99.3,618.0,3306.0,15.0,1,
485607,1861.0,41.8,141.8,116.2,637.0,4534.0,2.0,0,
485707,1864.5,199.5,129.6,37.0,917.0,5802.0,16.0,1,
485807,1865.0,310.6,125.8,34.5,663.0,4875.0,16.0,1,
485907,1848.9,194.5,130.5,30.1,821.0,4906.0,15.0,1,
486007,1854.1,155.5,128.8,30.2,778.0,4737.0,15.0,1,
486107,1873.3,133.3,127.0,34.6,574.0,3571.0,15.0,1,
486207,1871.5,76.9,127.1,66.5,565.0,3136.0,15.0,1,
486307,1849.3,10.9,127.1,37.5,565.0,3136.0,15.0,1,
486407,1855.5,4.5,127.0,37.2,565.0,3136.0,15.0,1,
486607,1851.0,12.8,126.9,37.7,565.0,3136.0,15.0,1,
486707,1849.2,13.2,126.9,48.1,565.0,3136.0,15.0,1,
486807,1852.8,6.8,126.9,101.8,565.0,3136.0,15.0,1,
486907,1857.7,3.2,126.9,102.6,565.0,3136.0,15.0,1,
487007,1859.5,4.2,126.9,134.7,565.0,3136.0,15.0,1,
487107,1859.0,2.4,126.8,130.0,565.0,3136.0,15.0,1,
487207,1862.4,81.6,126.8,110.9,565.0,3136.0,15.0,1,
487307,1867.0,342.8,142.7,46.0,998.0,6378.0,17.0,1,
487407,1865.2,243.4,142.6,37.2,743.0,5339.0,16.0,1,
487607,1885.8,175.9,146.4,36.6,669.0,4406.0,16.0,1,
487707,1881.2,144.9,148.2,36.7,571.0,3711.0,15.0,1,
487807,1839.0,105.6,147.9,38.2,488.0,3026.0,15.0,1,
487907,1862.3,14.3,148.1,39.2,474.0,2835.0,16.0,1,
488007,1862.7,4.4,148.2,38.8,474.0,2835.0,16.0,1,
488107,1867.1,7.1,148.2,36.8,474.0,2835.0,16.0,1,
488207,1866.5,3.8,148.3,37.4,474.0,2835.0,16.0,1,
488307,1857.6,5.2,148.3,45.1,474.0,2835.0,16.0,1,
488407,1860.1,3.7,148.3,99.1,474.0,2835.0,16.0,1,
488607,1861.1,3.5,148.3,71.5,474.0,2835.0,16.0,1,
488707,1859.2,3.0,148.3,92.3,474.0,2835.0,16.0,1,
488807,1858.6,5.3,148.3,100.0,474.0,2835.0,16.0,1,
488907,1852.2,215.1,140.8,37.9,946.0,6014.0,16.0,1,
489007,1858.5,297.8,148.9,35.3,720.0,5246.0,16.0,1,
489107,1884.8,223.4,144.8,34.9,693.0,4963.0,15.0,1,
489207,1869.5,133.0,138.8,35.0,602.0,4414.0,15.0,1,
489307,1831.1,145.9,137.1,36.1,522.0,3588.0,15.0,1,
489407,1863.5,134.4,144.3,37.4,502.0,2852.0,15.0,1,
489607,1852.2,7.2,144.1,36.0,502.0,2852.0,15.0,1,
489707,1862.7,5.3,144.1,41.1,502.0,2852.0,15.0,1,
489807,1858.4,6.0,144.0,39.6,502.0,2852.0,15.0,1,
489907,1858.5,3.7,144.0,38.9,502.0,2852.0,15.0,1,
490007,1861.0,4.3,144.1,99.4,502.0,2852.0,15.0,1,
490107,1856.3,4.1,144.0,116.9,502.0,2852.0,15.0,1,
490207,1861.2,3.2,144.0,122.6,502.0,2852.0,15.0,1,
490307,1860.7,2.5,144.0,111.6,502.0,2852.0,15.0,1,
490407,1859.8,2.8,144.0,100.5,502.0,2852.0,15.0,1,
490607,1889.7,343.9,147.3,35.2,738.0,5584.0,16.0,1,
490707,1843.3,218.5,151.5,34.8,696.0,5110.0,15.0,1,
490807,1846.9,198.4,151.9,34.9,762.0,4982.0,15.0,1,
490907,1872.7,179.6,155.7,35.8,569.0,3888.0,15.0,1,
491007,1866.4,194.2,149.5,37.5,451.0,3300.0,16.0,1,
491107,1866.1,49.8,153.8,37.3,555.0,3093.0,15.0,1,
491207,1853.8,9.4,153.8,37.1,555.0,3093.0,15.0,1,
491307,1857.6,5.8,153.8,38.1,555.0,3093.0,15.0,1,
491407,1875.0,13.5,153.8,39.6,555.0,3093.0,15.0,1,
491607,1855.5,6.0,153.9,53.9,555.0,3093.0,15.0,1,
491707,1858.9,3.5,153.9,53.6,555.0,3093.0,15.0,1,
491807,1857.9,4.0,153.9,56.6,555.0,3093.0,15.0,1,
491907,1860.2,2.8,153.9,132.8,555.0,3093.0,15.0,1,
492007,1859.7,2.6,153.9,124.5,555.0,3093.0,15.0,1,
492107,1895.4,187.5,153.5,101.0,960.0,5063.0,18.0,1,
492207,1819.4,251.1,155.9,35.5,886.0,6336.0,16.0,1,
492307,1844.2,281.3,150.9,35.1,724.0,5231.0,16.0,1,
492407,1887.6,202.5,154.5,35.6,728.0,4941.0,15.0,1,
492607,1877.1,148.8,154.6,37.3,538.0,3428.0,15.0,1,
492707,1856.1,64.6,150.6,37.0,498.0,3056.0,16.0,1,
492807,1854.9,8.5,150.6,36.6,498.0,3056.0,16.0,1,
492907,1857.3,3.4,150.6,35.6,498.0,3056.0,16.0,1,
493007,1867.5,7.0,150.6,35.9,498.0,3056.0,16.0,1,
493107,1860.9,5.7,150.5,37.4,498.0,3056.0,16.0,1,
493207,1855.7,4.0,150.5,71.4,498.0,3056.0,16.0,1,
493307,1860.7,3.4,150.5,73.6,498.0,3056.0,16.0,1,
493407,1858.6,3.4,150.5,87.6,498.0,3056.0,16.0,1,
493607,1860.3,2.7,150.5,100.6,498.0,3056.0,16.0,1,
493707,1875.1,90.0,150.5,117.0,498.0,3056.0,16.0,1,
493807,1836.6,327.6,148.5,37.1,810.0,5787.0,16.0,1,
493907,1886.2,290.6,153.1,35.3,640.0,5157.0,16.0,1,
494007,1865.0,203.0,152.0,35.4,654.0,5139.0,16.0,1,
494107,1846.8,168.9,152.2,36.6,597.0,4361.0,15.0,1,
494207,1865.1,201.4,153.9,34.6,558.0,3528.0,15.0,1,
494307,1852.2,109.2,154.9,30.2,466.0,2884.0,16.0,1,
494407,1862.7,12.0,154.9,29.4,466.0,2884.0,16.0,1,
494607,1870.4,6.8,154.9,36.1,466.0,2884.0,16.0,1,
494707,1857.7,6.5,154.9,37.1,466.0,2884.0,16.0,1,
494807,1856.9,4.4,154.9,48.5,466.0,2884.0,16.0,1,
494907,1858.9,3.2,154.9,55.7,466.0,2884.0,16.0,1,
495007,1858.1,3.7,154.9,106.2,466.0,2884.0,16.0,1,
495107,1860.1,2.8,154.9,131.9,466.0,2884.0,16.0,1,
495207,1863.3,6.7,154.9,134.9,466.0,2884.0,16.0,1,
495307,1865.4,3.3,154.9,142.9,466.0,2884.0,16.0,1,
495407,1885.0,241.6,150.1,100.9,860.0,5906.0,24.0,1,
495607,1845.1,231.7,146.0,35.5,700.0,4915.0,16.0,1,
495707,1869.3,210.4,149.8,35.0,641.0,4342.0,15.0,1,
495807,1864.3,134.7,146.8,35.6,466.0,3583.0,15.0,1,
495907,1880.7,130.1,147.4,28.7,529.0,3149.0,15.0,1,
496007,1845.7,20.6,147.5,28.1,491.0,2901.0,16.0,1,
496107,1861.7,4.9,147.5,34.9,491.0,2901.0,16.0,1,
496207,1869.3,10.2,147.5,38.0,491.0,2901.0,16.0,1,
496307,1866.4,4.1,147.5,37.1,491.0,2901.0,16.0,1,
496407,1856.4,5.0,147.5,42.7,491.0,2901.0,16.0,1,
496607,1860.2,3.0,147.4,109.8,491.0,2901.0,16.0,1,
496707,1860.2,2.6,147.4,112.5,491.0,2901.0,16.0,1,
496807,1860.3,2.4,147.4,101.3,491.0,2901.0,16.0,1,
496907,1863.4,3.5,147.5,101.6,491.0,2901.0,16.0,1,
497007,1864.2,160.6,146.7,39.9,868.0,6261.0,18.0,1,
497107,1838.4,309.4,141.5,39.8,800.0,5837.0,16.0,1,
497207,1869.3,183.7,141.6,36.0,748.0,5040.0,15.0,1,
497307,1871.2,137.0,138.6,34.9,701.0,4677.0,16.0,1,
497407,1883.1,179.0,137.3,35.5,572.0,3826.0,15.0,1,
497607,1867.8,38.1,138.6,30.1,606.0,3247.0,15.0,1,
497707,1853.2,6.6,138.6,34.5,606.0,3247.0,15.0,1,
497807,1864.8,9.9,138.6,35.5,606.0,3247.0,15.0,1,
497907,1868.3,4.2,138.6,38.2,606.0,3247.0,15.0,1,
498007,1858.0,4.3,138.6,40.3,606.0,3247.0,15.0,1,
498107,1861.6,3.5,138.6,55.6,606.0,3247.0,15.0,1,
498207,1861.7,3.5,138.6,57.3,606.0,3247.0,15.0,1,
498307,1860.4,2.6,138.6,101.2,606.0,3247.0,15.0,1,
498407,1859.3,3.2,138.6,100.8,606.0,3247.0,15.0,1,
498607,1844.5,207.3,141.4,45.5,887.0,6390.0,17.0,1,
498707,1877.3,266.0,145.7,35.5,812.0,5456.0,16.0,1,
498807,1865.0,329.1,146.0,35.3,755.0,5272.0,16.0,1,
498907,1876.6,212.3,153.4,36.0,736.0,4835.0,15.0,1,
499007,1842.4,237.0,155.3,35.6,653.0,4342.0,16.0,1,
499107,1848.6,136.3,157.0,35.9,559.0,3389.0,15.0,1,
499207,1881.8,78.8,160.2,37.2,545.0,3096.0,15.0,1,
499307,1854.4,9.4,160.2,36.9,545.0,3096.0,15.0,1,
499407,1863.0,7.3,160.2,36.2,545.0,3096.0,15.0,1,
499607,1861.8,2.7,160.2,28.0,545.0,3096.0,15.0,1,
499707,1862.7,2.6,160.2,54.6,545.0,3096.0,15.0,1,
499807,1860.4,2.3,160.2,74.8,545.0,3096.0,15.0,1,
499907,1860.3,3.3,160.2,107.4,545.0,3096.0,15.0,1,
500007,1860.2,2.4,160.2,102.6,545.0,3096.0,15.0,1,
500107,1862.4,2.7,160.2,130.2,545.0,3096.0,15.0,1,
500207,1889.0,87.9,158.5,101.9,682.0,5571.0,19.0,1,
500307,1859.1,347.0,156.1,35.9,1084.0,6178.0,18.0,1,
500407,1838.3,273.6,156.2,35.3,721.0,5176.0,16.0,1,
500607,1855.0,164.7,154.2,36.9,589.0,4094.0,15.0,1,
500707,1884.9,142.7,154.0,36.7,639.0,3869.0,15.0,1,
500807,1860.2,89.5,147.8,36.8,514.0,3251.0,16.0,1,
500907,1845.7,12.6,147.7,36.6,514.0,3251.0,16.0,1,
501007,1856.3,3.8,147.8,36.5,514.0,3251.0,16.0,1,
501107,1862.5,4.1,147.7,36.0,514.0,3251.0,16.0,1,
501207,1857.7,3.3,147.7,37.0,514.0,3251.0,16.0,1,
501307,1861.7,2.9,147.7,47.0,514.0,3251.0,16.0,1,
501407,1859.7,3.7,147.7,101.1,514.0,3251.0,16.0,1,
501607,1860.0,2.4,147.7,100.1,514.0,3251.0,16.0,1,
501707,1860.5,3.2,147.8,100.0,514.0,3251.0,16.0,1,
501807,1864.2,28.0,147.8,104.3,514.0,3251.0,16.0,1,
501907,1862.1,267.6,145.0,108.2,999.0,6102.0,16.0,1,
502007,1851.5,221.3,149.2,66.8,769.0,5260.0,15.0,1,
502107,1875.7,227.5,145.8,35.1,639.0,5031.0,15.0,1,
502207,1884.7,173.4,144.5,34.9,836.0,4939.0,15.0,1,
502307,1854.6,177.8,140.7,36.0,600.0,4194.0,16.0,1,
502407,1852.0,118.9,142.2,36.0,567.0,3235.0,15.0,1,
502607,1857.3,4.3,142.2,37.6,567.0,3235.0,15.0,1,
502707,1862.2,5.7,142.3,38.2,567.0,3235.0,15.0,1,
502807,1858.3,2.9,142.3,37.8,567.0,3235.0,15.0,1,
502907,1862.7,3.1,142.2,42.8,567.0,3235.0,15.0,1,
503007,1859.5,2.3,142.2,99.4,567.0,3235.0,15.0,1,
503107,1859.8,2.9,142.2,146.3,567.0,3235.0,15.0,1,
503207,1859.9,3.0,142.2,135.6,567.0,3235.0,15.0,1,
503307,1860.9,2.4,142.2,132.2,567.0,3235.0,15.0,1,
503407,1862.0,2.8,142.3,133.3,567.0,3235.0,15.0,1,
503607,1873.4,336.2,139.4,36.1,777.0,5711.0,16.0,1,
503707,1887.0,248.2,143.2,35.4,756.0,5195.0,15.0,1,
503807,1842.8,151.2,142.4,34.9,633.0,4857.0,16.0,1,
503907,1860.4,164.1,144.5,35.3,651.0,4250.0,15.0,1,
504007,1876.9,145.8,144.9,29.5,584.0,3566.0,15.0,1,
504107,1867.2,30.8,145.1,29.6,576.0,3332.0,15.0,1,
504207,1854.6,5.4,145.1,35.0,576.0,3332.0,15.0,1,
504307,1870.5,10.8,145.1,38.1,576.0,3332.0,15.0,1,
504407,1867.4,6.7,145.1,38.5,576.0,3332.0,15.0,1,
504607,1859.9,3.3,145.1,45.3,576.0,3332.0,15.0,1,
504707,1857.5,5.8,145.1,52.8,576.0,3332.0,15.0,1,
504807,1857.4,4.2,145.1,105.0,576.0,3332.0,15.0,1,
504907,1858.5,3.3,145.1,133.7,576.0,3332.0,15.0,1,
505007,1857.8,4.2,145.2,130.1,576.0,3332.0,15.0,1,
505107,1866.2,259.0,145.2,39.7,1049.0,6247.0,17.0,1,
505207,1859.3,317.1,148.3,35.3,732.0,5476.0,16.0,1,
505307,1833.8,275.2,153.1,35.5,695.0,5186.0,16.0,1,
505407,1862.2,208.0,154.9,35.9,690.0,4939.0,15.0,1,
505607,1862.2,275.5,161.6,37.5,623.0,3706.0,16.0,1,
505707,1864.3,66.7,171.3,38.1,685.0,3724.0,15.0,1,
505807,1856.1,14.8,171.3,37.6,685.0,3724.0,15.0,1,
505907,1868.0,8.9,171.4,35.4,685.0,3724.0,15.0,1,
506007,1861.9,3.8,171.3,35.8,685.0,3724.0,15.0,1,
506107,1861.2,4.9,171.3,39.5,685.0,3724.0,15.0,1,
506207,1862.4,3.7,171.3,43.5,685.0,3724.0,15.0,1,
506307,1861.8,3.6,171.3,68.0,685.0,3724.0,15.0,1,
506407,1861.6,3.0,171.3,99.8,685.0,3724.0,15.0,1,
506607,1861.3,2.8,171.4,100.6,685.0,3724.0,15.0,1,
506707,1874.5,183.2,170.9,89.1,865.0,7204.0,5.0,1,
506807,1825.7,331.6,175.5,35.1,1008.0,6272.0,16.0,1,
506907,1869.7,273.5,170.2,35.0,680.0,5052.0,16.0,1,
507007,1884.5,182.6,171.0,35.5,756.0,5002.0,15.0,1,
507107,1864.0,162.2,165.0,37.0,754.0,4590.0,16.0,1,
507207,1848.8,146.1,164.6,36.2,641.0,3863.0,15.0,1,
507307,1856.4,71.9,152.9,36.8,563.0,3582.0,16.0,1,
507407,1857.5,8.5,152.9,36.7,563.0,3582.0,16.0,1,
507607,1866.5,5.0,152.8,36.0,563.0,3582.0,16.0,1,
507707,1858.5,4.1,152.8,37.5,563.0,3582.0,16.0,1,
507807,1862.2,2.8,152.8,46.2,563.0,3582.0,16.0,1,
507907,1860.8,3.4,152.8,57.0,563.0,3582.0,16.0,1,
508007,1864.5,6.5,152.8,99.5,563.0,3582.0,16.0,1,
508107,1862.1,3.0,152.8,71.9,563.0,3582.0,16.0,1,
508207,1862.8,7.1,152.8,66.3,563.0,3582.0,16.0,1,
508307,1874.3,76.1,152.9,66.5,1068.0,7757.0,5.0,1,
508407,1855.1,300.5,143.7,38.4,894.0,6174.0,17.0,1,
508607,1856.3,237.7,143.6,35.2,730.0,5168.0,16.0,1,
508707,1851.4,170.9,141.9,35.8,681.0,4551.0,15.0,1,
508807,1851.0,109.5,138.4,36.7,510.0,3554.0,15.0,1,
508907,1876.3,122.7,138.5,35.7,588.0,3364.0,15.0,1,
509007,1854.3,14.1,138.5,36.4,588.0,3364.0,15.0,1,
509107,1860.1,5.7,138.5,38.4,588.0,3364.0,15.0,1,
509207,1868.7,10.7,138.6,37.9,588.0,3364.0,15.0,1,
509307,1862.2,5.7,138.6,37.6,588.0,3364.0,15.0,1,
509407,1857.3,3.1,138.6,43.6,588.0,3364.0,15.0,1,
509607,1859.4,2.6,138.6,66.4,588.0,3364.0,15.0,1,
509707,1859.8,2.6,138.6,143.3,588.0,3364.0,15.0,1,
509807,1860.5,2.7,138.6,143.9,588.0,3364.0,15.0,1,
509907,1860.2,3.6,138.5,138.7,588.0,3364.0,15.0,1,
510007,1880.9,144.6,141.2,35.7,1045.0,6489.0,16.0,1,
510107,1816.5,335.1,138.5,35.8,741.0,5717.0,16.0,1,
510207,1864.8,222.7,140.1,35.5,725.0,5173.0,15.0,1,
510307,1864.2,210.7,142.2,35.1,697.0,4663.0,15.0,1,
510407,1878.5,169.8,144.8,36.4,660.0,4128.0,15.0,1,
510607,1843.5,24.3,154.0,37.3,553.0,3227.0,15.0,1,
510707,1859.5,6.6,154.0,35.2,553.0,3227.0,15.0,1,
510807,1866.7,12.5,153.9,35.4,553.0,3227.0,15.0,1,
510907,1866.9,4.4,153.9,36.9,553.0,3227.0,15.0,1,
511007,1859.5,3.1,154.0,43.2,553.0,3227.0,15.0,1,
511107,1860.1,3.2,153.9,47.3,553.0,3227.0,15.0,1,
511207,1857.9,3.3,153.9,53.0,553.0,3227.0,15.0,1,
511307,1859.5,3.9,153.9,141.9,553.0,3227.0,15.0,1,
511407,1860.5,3.8,153.9,167.8,553.0,3227.0,15.0,1,
511607,1850.2,471.0,223.7,34.3,786.0,6366.0,16.0,1,
511707,1849.1,324.6,228.3,34.3,747.0,5443.0,16.0,1,
511807,1868.2,289.8,231.4,35.2,843.0,5643.0,16.0,1,
511907,1885.9,174.2,231.9,35.9,725.0,4856.0,15.0,1,
512007,1864.3,123.3,229.5,36.0,682.0,4326.0,16.0,1,
512107,1836.9,142.3,224.9,36.4,586.0,3675.0,15.0,1,
512207,1874.0,37.1,223.5,35.2,545.0,3320.0,16.0,1,
512307,1854.3,16.7,223.5,37.0,545.0,3320.0,16.0,1,
512407,1864.9,6.4,223.5,36.1,545.0,3320.0,16.0,1,
512607,1853.0,5.8,223.4,43.1,545.0,3320.0,16.0,1,
512707,1860.8,2.9,223.4,66.1,545.0,3320.0,16.0,1,
512807,1858.3,4.0,223.4,100.8,545.0,3320.0,16.0,1,
512907,1859.9,2.1,223.4,124.1,545.0,3320.0,16.0,1,
513007,1860.0,2.9,223.4,139.7,545.0,3320.0,16.0,1,
513107,1861.4,2.4,223.4,143.2,545.0,3320.0,16.0,1,
513207,1860.0,216.0,165.8,42.1,862.0,6501.0,17.0,1,
513307,1873.5,341.0,152.8,35.7,675.0,5457.0,16.0,1,
513407,1883.0,285.9,150.1,35.4,685.0,5072.0,16.0,1,
513607,1840.3,160.6,148.0,37.4,668.0,4489.0,16.0,1,
513707,1878.3,141.4,152.1,36.2,680.0,3918.0,15.0,1,
513807,1857.3,50.5,151.9,36.4,531.0,3338.0,15.0,1,
513907,1851.6,8.1,151.9,36.5,531.0,3338.0,15.0,1,
514007,1862.1,13.6,151.9,35.9,531.0,3338.0,15.0,1,
514107,1866.3,4.1,151.9,35.9,531.0,3338.0,15.0,1,
514207,1861.1,3.8,151.9,37.3,531.0,3338.0,15.0,1,
514307,1862.8,2.5,151.9,37.8,531.0,3338.0,15.0,1,
514407,1860.5,2.2,151.9,44.8,531.0,3338.0,15.0,1,
514607,1860.2,3.0,151.9,141.2,531.0,3338.0,15.0,1,
514707,1861.9,2.8,151.9,148.1,531.0,3338.0,15.0,1,
514807,1877.8,141.9,150.6,68.7,994.0,7722.0,5.0,1,
514907,1858.5,344.5,148.8,54.7,891.0,6292.0,17.0,1,
515007,1853.1,248.2,149.0,34.8,770.0,5431.0,15.0,1,
515107,1848.2,200.7,147.5,34.5,780.0,5209.0,16.0,1,
515207,1887.9,168.8,148.0,35.1,753.0,4637.0,15.0,1,
515307,1872.3,189.8,145.7,29.7,650.0,4125.0,15.0,1,
515407,1861.3,86.4,146.4,30.2,566.0,3203.0,15.0,1,
515607,1863.0,8.0,146.4,38.6,566.0,3203.0,15.0,1,
515707,1868.8,18.2,146.4,38.7,566.0,3203.0,15.0,1,
515807,1867.6,7.9,146.5,38.4,566.0,3203.0,15.0,1,
515907,1860.9,3.6,146.5,42.1,566.0,3203.0,15.0,1,
516007,1860.3,2.7,146.5,41.2,566.0,3203.0,15.0,1,
516107,1858.8,3.8,146.5,41.2,566.0,3203.0,15.0,1,
516207,1859.0,2.9,146.5,83.3,566.0,3203.0,15.0,1,
516307,1859.5,2.9,146.5,147.5,566.0,3203.0,15.0,1,
516407,1859.5,40.7,146.5,144.5,566.0,3203.0,15.0,1,
516607,1850.6,265.2,142.2,38.0,694.0,5185.0,16.0,1,
516707,1891.3,222.5,137.9,35.7,782.0,5234.0,15.0,1,
516807,1868.2,196.9,138.9,34.5,753.0,4700.0,15.0,1,
516907,1837.4,164.2,140.2,35.1,716.0,4250.0,15.0,1,
517007,1867.0,130.0,141.4,36.4,628.0,3431.0,15.0,1,
517107,1865.5,18.2,141.4,36.9,628.0,3431.0,15.0,1,
517207,1859.8,3.6,141.4,35.5,628.0,3431.0,15.0,1,
517307,1871.1,18.5,141.5,38.4,628.0,3431.0,15.0,1,
517407,1866.2,18.6,141.7,38.5,628.0,3431.0,15.0,1,
517607,1861.0,3.1,141.7,43.3,628.0,3431.0,15.0,1,
517707,1861.0,3.0,141.7,46.3,628.0,3431.0,15.0,1,
517807,1862.2,2.8,141.7,53.7,628.0,3431.0,15.0,1,
517907,1860.5,3.2,141.7,102.2,628.0,3431.0,15.0,1,
518007,1862.0,4.0,141.7,122.4,628.0,3431.0,15.0,1,
518107,1852.2,283.7,147.4,35.5,960.0,6495.0,17.0,1,
518207,1884.6,316.5,143.0,35.2,649.0,5237.0,16.0,1,
518307,1852.1,281.6,149.3,35.6,709.0,5306.0,16.0,1,
518407,1844.6,187.9,150.2,36.6,808.0,5036.0,15.0,1,
518607,1868.3,187.0,154.8,38.4,549.0,3547.0,15.0,1,
518707,1862.8,34.1,159.4,38.0,566.0,3332.0,15.0,1,
518807,1857.4,4.8,159.4,38.1,566.0,3332.0,15.0,1,
518907,1867.1,16.1,159.5,36.5,566.0,3332.0,15.0,1,
519007,1859.3,5.1,159.1,35.9,566.0,3332.0,15.0,1,
519107,1861.5,3.6,159.0,46.8,566.0,3332.0,15.0,1,
519207,1862.1,3.1,159.0,50.9,566.0,3332.0,15.0,1,
519307,1861.7,2.5,159.0,53.2,566.0,3332.0,15.0,1,
519407,1865.3,14.4,159.1,87.1,566.0,3332.0,15.0,1,
519607,1861.5,3.2,159.1,48.3,566.0,3332.0,15.0,1,
519707,1895.0,246.8,159.2,39.9,1025.0,6585.0,17.0,1,
519807,1823.6,292.2,163.8,35.5,749.0,5561.0,17.0,1,
519907,1846.0,260.1,159.4,35.5,726.0,5214.0,16.0,1,
520007,1887.5,168.3,159.0,36.2,819.0,4929.0,15.0,1,
520107,1864.3,207.2,149.8,37.3,678.0,4356.0,16.0,1,
520207,1880.0,148.2,152.7,36.8,550.0,3376.0,15.0,1,
520307,1843.1,43.3,148.3,36.5,607.0,3541.0,16.0,1,
520407,1852.3,5.6,148.3,36.6,607.0,3541.0,16.0,1,
520607,1877.8,132.8,161.3,35.8,71.0,1336.0,15.0,0,
520707,1854.9,12.0,161.4,35.9,71.0,1336.0,15.0,0,
520807,1875.6,41.3,161.7,35.9,71.0,1336.0,15.0,0,
520907,1848.2,5.6,161.9,35.7,71.0,1336.0,15.0,0,
521007,1862.6,3.3,161.9,40.4,71.0,1336.0,15.0,0,
521107,1860.6,2.9,161.8,44.9,71.0,1336.0,15.0,0,
521207,1862.2,3.6,161.8,46.2,71.0,1336.0,15.0,0,
521307,1859.9,136.4,160.9,52.6,1287.0,8410.0,3.0,1,
521407,1840.7,301.6,155.9,35.9,867.0,5726.0,16.0,1,
521607,1871.9,157.0,150.0,35.2,853.0,5397.0,16.0,1,
521707,1854.1,179.3,149.3,36.2,755.0,4613.0,15.0,1,
521807,1865.0,173.0,153.7,37.2,575.0,3974.0,15.0,1,
521907,1861.8,71.5,154.6,36.4,652.0,3678.0,15.0,1,
522007,1856.7,8.3,154.6,30.1,652.0,3678.0,15.0,1,
522107,1861.6,4.7,154.4,35.7,652.0,3678.0,15.0,1,
522207,1861.4,4.7,147.2,37.1,652.0,3678.0,15.0,1,
522307,1855.3,7.1,140.2,37.5,652.0,3678.0,15.0,1,
522407,1854.6,8.2,140.2,100.4,652.0,3678.0,15.0,1,
522607,1861.4,9.6,139.7,101.2,652.0,3678.0,15.0,1,
522707,1862.4,7.7,139.7,48.6,652.0,3678.0,15.0,1,
522807,1857.3,7.1,139.7,43.4,652.0,3678.0,15.0,1,
522907,1859.3,95.6,139.7,43.7,1424.0,8828.0,4.0,1,
523007,1870.7,263.9,137.9,35.6,971.0,6684.0,16.0,1,
523107,1854.9,214.4,145.7,35.6,768.0,5582.0,16.0,1,
523207,1848.0,220.5,144.4,35.3,891.0,5424.0,15.0,1,
523307,1861.2,191.5,147.1,35.3,690.0,4483.0,15.0,1,
523407,1864.6,185.2,141.7,36.9,632.0,3947.0,16.0,1,
523607,1844.9,20.7,148.6,37.0,632.0,3947.0,16.0,1,
523707,1894.9,128.1,150.1,36.0,632.0,3947.0,16.0,1,
523807,1830.1,33.6,153.1,40.3,1024.0,4494.0,3.0,1,
523907,1858.9,21.3,153.2,30.1,1024.0,4494.0,3.0,1,
524007,1861.6,4.3,153.3,34.3,1024.0,4494.0,3.0,1,
524107,1860.7,3.5,153.3,36.3,1024.0,4494.0,3.0,1,
524207,1859.7,3.1,153.2,48.9,1024.0,4494.0,3.0,1,
524307,1860.3,3.2,153.2,51.6,1024.0,4494.0,3.0,1,
524407,1860.4,3.1,153.2,102.1,1024.0,4494.0,3.0,1,
524607,1860.4,363.2,163.2,36.3,1008.0,6724.0,17.0,1,
524707,1852.4,316.2,165.5,35.8,756.0,5566.0,16.0,1,
524807,1853.7,247.2,173.9,35.8,716.0,4966.0,15.0,1,
524907,1872.4,168.4,173.1,35.7,702.0,4703.0,16.0,1,
525007,1880.3,151.0,170.7,35.3,670.0,4149.0,15.0,1,
525107,1845.0,208.3,164.2,36.6,500.0,3428.0,16.0,1,
525207,1853.0,26.3,167.5,35.4,624.0,3511.0,15.0,1,
525307,1862.4,13.8,167.4,36.1,624.0,3511.0,15.0,1,
525407,1859.5,12.4,163.9,35.9,624.0,3511.0,15.0,1,
525607,1860.2,3.7,163.4,47.8,624.0,3511.0,15.0,1,
525707,1860.6,4.3,163.4,48.3,624.0,3511.0,15.0,1,
525807,1860.7,3.0,163.4,66.8,624.0,3511.0,15.0,1,
525907,1860.0,2.8,163.4,109.3,624.0,3511.0,15.0,1,
526007,1861.7,9.9,163.4,99.7,624.0,3511.0,15.0,1,
526107,1860.2,4.4,163.4,77.5,624.0,3511.0,15.0,1,
526207,1864.6,235.7,154.6,52.2,1017.0,6625.0,17.0,1,
526307,1869.3,216.0,149.7,35.5,798.0,5610.0,15.0,1,
526407,1875.3,261.1,145.2,35.0,837.0,5436.0,16.0,1,
526607,1836.8,167.7,146.0,35.1,669.0,4349.0,16.0,1,
526707,1856.6,143.7,151.2,30.0,655.0,3679.0,15.0,1,
526807,1864.4,38.0,147.4,36.7,541.0,3427.0,16.0,1,
526907,1853.2,5.4,147.4,37.3,541.0,3427.0,16.0,1,
527007,1859.7,11.8,147.2,36.6,541.0,3427.0,16.0,1,
527107,1862.8,4.7,147.3,36.3,541.0,3427.0,16.0,1,
527207,1860.3,3.0,147.3,38.6,541.0,3427.0,16.0,1,
527307,1860.1,3.1,147.3,43.2,541.0,3427.0,16.0,1,
527407,1860.2,3.7,147.3,47.3,541.0,3427.0,16.0,1,
527607,1861.2,3.0,147.3,101.2,541.0,3427.0,16.0,1,
527707,1861.2,2.9,147.2,110.1,541.0,3427.0,16.0,1,
527807,1865.0,207.9,149.8,43.4,828.0,6614.0,17.0,1,
527907,1883.7,363.0,149.6,38.8,763.0,5742.0,16.0,1,
528007,1846.3,282.0,161.7,36.2,760.0,5390.0,15.0,1,
528107,1850.0,205.1,161.3,35.3,719.0,5135.0,15.0,1,
528207,1862.7,152.4,159.0,35.9,711.0,4399.0,15.0,1,
528307,1880.4,138.7,157.6,37.0,553.0,3630.0,15.0,1,
528407,1856.9,48.1,156.8,34.8,701.0,3800.0,15.0,1,
528607,1862.6,5.7,156.9,38.6,701.0,3800.0,15.0,1,
528707,1856.5,21.7,158.6,38.3,701.0,3800.0,15.0,1,
528807,1864.3,38.9,158.6,41.8,701.0,3800.0,15.0,1,
528907,1860.8,7.7,159.0,42.9,701.0,3800.0,15.0,1,
529007,1861.4,2.9,159.0,41.9,701.0,3800.0,15.0,1,
529107,1859.9,2.7,159.0,45.2,701.0,3800.0,15.0,1,
529207,1860.6,3.0,159.0,46.6,701.0,3800.0,15.0,1,
529307,1861.9,2.8,159.0,71.8,701.0,3800.0,15.0,1,
529407,1889.8,152.9,159.0,99.4,1744.0,9045.0,4.0,1,
529607,1844.2,276.0,150.6,36.1,745.0,5330.0,16.0,1,
529707,1889.7,184.0,145.8,36.0,736.0,4997.0,15.0,1,
529807,1871.4,194.4,145.8,34.8,673.0,4619.0,15.0,1,
529907,1864.1,179.0,149.5,36.3,543.0,3786.0,16.0,1,
530007,1856.3,103.6,150.9,36.4,556.0,3382.0,15.0,1,
530107,1851.0,11.1,150.9,36.2,556.0,3382.0,15.0,1,
530207,1863.3,21.5,150.9,34.9,556.0,3382.0,15.0,1,
530307,1857.0,23.9,153.5,35.6,1355.0,5616.0,2.0,0,
530407,1859.0,124.2,157.5,29.9,933.0,3080.0,2.0,0,
530607,1854.3,79.0,165.9,27.7,866.0,2773.0,2.0,0,
530707,1856.0,49.4,170.1,26.1,507.0,2264.0,2.0,0,
530807,1859.8,144.0,172.5,25.9,930.0,2869.0,2.0,0,
530907,1875.2,130.3,179.0,26.1,575.0,2459.0,2.0,0,
531007,1852.9,181.9,184.0,26.2,1238.0,3707.0,2.0,0,
531107,1839.2,314.3,186.1,26.2,1062.0,6356.0,17.0,1,
531207,1894.5,289.4,184.2,34.5,741.0,5196.0,15.0,1,
531307,1875.3,213.4,186.5,36.1,706.0,5137.0,14.0,1,
531407,1840.8,179.1,187.0,38.9,662.0,4675.0,16.0,1,
531607,1856.6,180.8,188.9,37.9,643.0,3897.0,15.0,1,
531707,1860.0,22.0,189.1,37.7,643.0,3897.0,15.0,1,
531807,1859.8,4.4,189.1,36.1,643.0,3897.0,15.0,1,
531907,1862.1,7.7,186.0,35.0,643.0,3897.0,15.0,1,
532007,1857.7,4.0,182.9,36.0,643.0,3897.0,15.0,1,
532107,1860.9,2.5,180.5,43.1,643.0,3897.0,15.0,1,
532207,1859.7,3.4,177.0,46.1,643.0,3897.0,15.0,1,
532307,1859.5,3.4,170.9,81.7,643.0,3897.0,15.0,1,
532407,1861.6,3.4,168.2,183.5,643.0,3897.0,15.0,1,
532607,1860.6,41.3,157.0,110.6,643.0,3897.0,15.0,1,
532707,1889.2,334.2,159.1,40.7,1053.0,6632.0,16.0,1,
532807,1862.4,319.5,165.5,29.7,730.0,5519.0,15.0,1,
532907,1846.9,247.9,163.0,30.0,744.0,5144.0,15.0,1,
533007,1868.3,179.0,167.9,34.3,735.0,4742.0,15.0,1,
533107,1868.4,159.2,164.0,36.3,602.0,4057.0,16.0,1,
533207,1880.7,137.1,162.7,35.8,500.0,3487.0,15.0,1,
533307,1841.7,29.5,160.1,30.0,571.0,3717.0,16.0,1,
533407,1853.5,7.5,160.1,35.1,571.0,3717.0,16.0,1,
533607,1858.9,5.3,160.0,36.6,571.0,3717.0,16.0,1,
533707,1858.4,3.3,160.0,40.3,571.0,3717.0,16.0,1,
533807,1860.6,3.0,160.0,133.9,571.0,3717.0,16.0,1,
533907,1860.6,2.9,160.0,165.1,571.0,3717.0,16.0,1,
534007,1860.7,3.0,160.0,196.4,571.0,3717.0,16.0,1,
534107,1861.6,3.6,160.0,183.4,571.0,3717.0,16.0,1,
534207,1860.6,3.3,160.0,141.5,571.0,3717.0,16.0,1,
534307,1867.9,174.7,154.0,39.3,867.0,6717.0,18.0,1,
534407,1849.1,311.4,144.9,40.2,812.0,5744.0,17.0,1,
534607,1872.2,221.4,142.8,35.4,677.0,4968.0,16.0,1,
534707,1886.5,169.4,147.9,35.6,746.0,4587.0,15.0,1,
534807,1853.6,165.0,148.6,28.9,556.0,3744.0,15.0,1,
534907,1865.5,46.9,149.0,28.0,546.0,3368.0,15.0,1,
535007,1855.6,58.3,152.3,29.6,1071.0,3868.0,2.0,0,
535107,1855.4,48.9,156.2,34.3,913.0,2833.0,2.0,0,
535207,1871.6,149.9,159.6,29.7,589.0,2031.0,2.0,0,
535307,1858.2,92.5,165.3,29.2,753.0,2419.0,2.0,0,
535407,1859.4,62.2,167.7,27.8,1061.0,3334.0,2.0,0,
535607,1857.4,131.1,172.3,25.8,1117.0,4197.0,2.0,0,
535707,1881.4,131.8,177.2,26.1,526.0,2366.0,2.0,0,
535807,1845.8,82.2,181.5,25.6,659.0,2410.0,2.0,0,
535907,1844.2,241.3,186.5,25.7,836.0,6349.0,17.0,1,
536007,1889.1,314.8,191.3,35.3,1392.0,6350.0,18.0,1,
536107,1863.6,209.5,191.6,36.5,689.0,5228.0,16.0,1,
536207,1884.4,207.9,189.1,35.8,672.0,5161.0,15.0,1,
536307,1846.5,211.2,187.6,35.5,778.0,4632.0,15.0,1,
536407,1848.7,152.7,188.8,37.3,621.0,4180.0,15.0,1,
536607,1852.1,12.3,188.5,36.6,621.0,4180.0,15.0,1,
536707,1854.6,5.8,185.5,35.5,621.0,4180.0,15.0,1,
536807,1860.7,3.9,182.8,36.2,621.0,4180.0,15.0,1,
536907,1857.3,4.0,179.8,39.6,621.0,4180.0,15.0,1,
537007,1860.7,3.6,175.2,132.0,621.0,4180.0,15.0,1,
537107,1861.5,2.8,174.6,142.2,621.0,4180.0,15.0,1,
537207,1860.5,2.5,169.8,156.4,621.0,4180.0,15.0,1,
537307,1862.7,13.5,165.6,124.7,621.0,4180.0,15.0,1,
537407,1856.6,3.8,159.8,66.3,621.0,4180.0,15.0,1,
537607,1869.9,341.1,149.3,36.0,1033.0,6311.0,18.0,1,
537707,1839.4,305.0,147.7,35.6,799.0,5646.0,16.0,1,
537807,1868.2,253.0,157.4,35.8,721.0,5292.0,15.0,1,
537907,1858.1,168.8,157.9,37.7,634.0,4557.0,15.0,1,
538007,1889.3,157.0,156.4,36.4,639.0,4079.0,15.0,1,
538107,1862.5,107.0,153.9,38.4,499.0,3366.0,16.0,1,
538207,1840.8,15.3,153.9,38.3,499.0,3366.0,16.0,1,
538307,1853.0,7.7,153.9,36.0,499.0,3366.0,16.0,1,
538407,1867.2,73.9,157.1,35.7,1179.0,5975.0,2.0,0,
538607,1858.5,62.3,163.8,27.8,1068.0,3482.0,2.0,0,
538707,1855.5,32.5,165.9,24.0,1101.0,3153.0,2.0,0,
538807,1860.5,115.7,169.8,24.8,863.0,2817.0,2.0,0,
538907,1875.1,120.1,175.9,26.1,470.0,2281.0,2.0,0,
539007,1853.9,73.1,180.9,26.1,596.0,2456.0,2.0,0,
539107,1855.4,58.8,184.2,26.5,619.0,2367.0,2.0,0,
539207,1869.2,295.1,182.1,27.5,974.0,6415.0,16.0,1,
539307,1856.1,257.8,182.6,29.7,802.0,5583.0,15.0,1,
539407,1879.3,225.6,172.4,35.0,632.0,5233.0,15.0,1,
539607,1856.7,200.8,169.8,37.5,583.0,4043.0,16.0,1,
539707,1851.3,135.2,170.6,36.4,492.0,3378.0,15.0,1,
539807,1858.5,22.0,170.5,30.3,553.0,3213.0,15.0,1,
539907,1854.3,7.2,170.5,35.5,553.0,3213.0,15.0,1,
540007,1863.7,179.6,170.4,36.9,553.0,3213.0,15.0,1,
540107,1864.6,128.5,172.5,36.8,1016.0,5265.0,2.0,0,
540207,1860.7,81.4,172.1,29.2,1025.0,3455.0,2.0,0,
540307,1854.5,56.5,172.5,29.3,998.0,3026.0,2.0,0,
540407,1858.2,38.4,171.3,28.9,1020.0,3541.0,2.0,0,
540607,1865.8,85.3,167.2,28.2,1000.0,3272.0,2.0,0,
540707,1856.1,72.0,166.2,27.9,1001.0,3217.0,2.0,0,
540807,1847.5,191.0,167.7,26.3,918.0,6153.0,16.0,1,
540907,1882.3,317.5,163.4,36.6,1878.0,7116.0,18.0,1,
541007,1884.6,228.2,166.5,40.5,757.0,5246.0,15.0,1,
541107,1839.9,259.0,168.4,39.3,593.0,5002.0,15.0,1,
541207,1859.6,175.9,173.0,38.0,566.0,4089.0,15.0,1,
541307,1873.9,143.1,173.1,38.5,552.0,3528.0,15.0,1,
541407,1863.4,34.3,172.7,38.4,486.0,3233.0,15.0,1,
541607,1854.7,4.9,172.7,38.6,486.0,3233.0,15.0,1,
541707,1860.9,2.7,167.0,37.0,486.0,3233.0,15.0,1,
541807,1860.5,4.3,164.2,35.5,486.0,3233.0,15.0,1,
541907,1855.4,52.1,162.3,30.1,1151.0,6241.0,2.0,0,
542007,1861.6,153.0,163.3,29.7,877.0,2769.0,2.0,0,
542107,1870.7,108.3,169.2,28.8,657.0,2509.0,2.0,0,
542207,1857.4,69.0,170.1,26.9,1068.0,3366.0,2.0,0,
542307,1855.2,48.5,169.4,26.1,886.0,2812.0,2.0,0,
542407,1877.7,284.2,170.9,26.0,814.0,6166.0,17.0,1,
542607,1839.9,280.3,181.2,35.5,752.0,5530.0,16.0,1,
542707,1869.8,174.6,179.9,35.7,749.0,4917.0,15.0,1,
542807,1882.7,137.6,176.7,35.7,660.0,4317.0,14.0,1,
542907,1871.3,156.9,175.5,38.3,554.0,3714.0,15.0,1,
543007,1857.0,52.0,175.8,37.2,526.0,3388.0,15.0,1,
543107,1850.3,7.7,175.8,36.4,526.0,3388.0,15.0,1,
543207,1856.8,5.0,175.8,35.7,526.0,3388.0,15.0,1,
543307,1859.7,3.2,175.8,36.7,526.0,3388.0,15.0,1,
543407,1860.3,2.9,175.8,39.9,526.0,3388.0,15.0,1,
543607,1859.5,2.8,170.4,131.7,526.0,3388.0,15.0,1,
543707,1861.3,3.1,166.9,114.5,526.0,3388.0,15.0,1,
543807,1860.5,2.8,159.7,156.5,526.0,3388.0,15.0,1,
543907,1861.1,3.5,154.7,152.2,526.0,3388.0,15.0,1,
544007,1880.5,150.3,150.4,79.0,1212.0,8516.0,3.0,1,
544107,1841.0,327.2,150.1,35.6,977.0,6113.0,17.0,1,
544207,1870.9,258.0,142.5,35.4,736.0,5231.0,15.0,1,
544307,1882.9,136.5,143.4,35.8,629.0,4933.0,15.0,1,
544407,1870.8,177.0,141.9,37.7,810.0,4976.0,15.0,1,
544607,1860.0,75.6,139.8,37.8,571.0,3449.0,16.0,1,
544707,1853.0,12.3,139.8,37.4,571.0,3449.0,16.0,1,
544807,1854.3,7.7,139.8,36.4,571.0,3449.0,16.0,1,
544907,1856.6,3.9,139.8,36.0,571.0,3449.0,16.0,1,
545007,1860.3,3.0,139.8,37.1,571.0,3449.0,16.0,1,
545107,1861.4,3.3,139.8,67.3,571.0,3449.0,16.0,1,
545207,1860.8,2.5,139.8,156.7,571.0,3449.0,16.0,1,
545307,1861.5,115.1,139.8,156.2,571.0,3449.0,16.0,1,
545407,1854.3,161.5,147.1,28.1,857.0,4891.0,2.0,0,
545607,1843.8,207.2,163.2,27.1,1553.0,4203.0,2.0,0,
545707,1885.9,299.0,162.1,27.7,840.0,6148.0,17.0,1,
545807,1875.8,165.4,164.8,36.7,750.0,5501.0,15.0,1,
545907,1865.9,219.6,160.7,36.9,749.0,5110.0,15.0,1,
546007,1860.1,143.5,163.4,36.4,765.0,4767.0,15.0,1,
546107,1847.2,218.1,168.8,37.4,631.0,4240.0,15.0,1,
546207,1879.6,123.0,168.3,36.8,521.0,3258.0,15.0,1,
546307,1851.0,14.8,168.3,30.1,521.0,3258.0,15.0,1,
546407,1857.3,7.1,168.3,34.8,521.0,3258.0,15.0,1,
546607,1858.9,3.7,168.3,37.6,521.0,3258.0,15.0,1,
546707,1886.3,125.3,171.3,45.6,928.0,5566.0,2.0,0,
546807,1841.2,73.6,174.4,29.2,904.0,3420.0,2.0,0,
546907,1857.0,58.2,176.8,29.2,877.0,3228.0,2.0,0,
547007,1856.0,34.5,173.1,29.1,926.0,3531.0,2.0,0,
547107,1859.7,83.2,173.9,29.4,870.0,3344.0,2.0,0,
547207,1889.2,105.1,170.3,28.2,906.0,3385.0,2.0,0,
547307,1868.0,307.3,171.3,29.7,920.0,6595.0,17.0,1,
547407,1828.0,323.5,169.3,35.0,815.0,5561.0,17.0,1,
547607,1863.7,162.6,175.1,35.5,746.0,4816.0,15.0,1,
547707,1885.6,163.3,174.4,36.3,567.0,3805.0,15.0,1,
547807,1869.2,105.5,171.0,38.4,540.0,3423.0,15.0,1,
547907,1844.0,24.5,170.3,37.6,571.0,3288.0,15.0,1,
548007,1853.3,7.3,170.3,35.9,571.0,3288.0,15.0,1,
548107,1857.8,3.9,170.3,36.3,571.0,3288.0,15.0,1,
548207,1861.6,4.4,170.3,37.4,571.0,3288.0,15.0,1,
548307,1857.5,3.4,170.3,39.8,571.0,3288.0,15.0,1,
548407,1861.2,2.8,165.7,133.5,571.0,3288.0,15.0,1,
548607,1860.5,3.2,159.1,190.2,571.0,3288.0,15.0,1,
548707,1859.9,2.7,153.9,188.7,571.0,3288.0,15.0,1,
548807,1885.9,136.7,154.8,41.4,1023.0,5407.0,2.0,0,
548907,1826.9,291.0,154.6,34.6,813.0,6435.0,17.0,1,
549007,1869.8,275.8,152.5,35.1,714.0,5460.0,15.0,1,
549107,1878.0,230.4,151.2,35.5,691.0,5116.0,16.0,1,
549207,1891.9,174.5,149.1,36.4,623.0,4769.0,15.0,1,
549307,1865.9,97.0,149.8,37.3,547.0,4020.0,15.0,1,
549407,1850.0,137.9,148.5,38.3,443.0,3299.0,15.0,1,
549607,1848.1,10.6,148.4,37.7,443.0,3299.0,15.0,1,
549707,1857.1,17.9,148.4,35.9,443.0,3299.0,15.0,1,
549807,1881.1,137.6,151.8,35.9,443.0,3299.0,15.0,1,
549907,1858.1,103.9,155.9,35.1,497.0,2882.0,2.0,0,
550007,1836.5,134.1,157.0,29.7,497.0,2882.0,2.0,0,
550107,1859.0,102.3,160.3,34.9,696.0,3768.0,2.0,0,
550207,1851.5,86.7,161.9,37.1,768.0,4193.0,2.0,0,
550307,1856.9,87.7,163.6,37.0,867.0,4634.0,2.0,0,
550407,1856.7,124.0,167.5,37.2,859.0,4142.0,2.0,0,
550607,1882.3,312.8,165.0,37.5,1023.0,5774.0,24.0,1,
550707,1886.5,257.8,160.0,36.3,816.0,5280.0,15.0,1,
550807,1851.5,147.4,161.4,35.9,709.0,4987.0,15.0,1,
550907,1841.5,165.9,160.9,42.6,561.0,4000.0,15.0,1,
551007,1877.8,139.1,163.4,50.6,539.0,3455.0,15.0,1,
551107,1859.9,53.9,164.1,41.0,525.0,3265.0,15.0,1,
551207,1846.5,15.2,164.1,35.5,525.0,3265.0,15.0,1,
551307,1851.9,7.7,164.1,36.0,525.0,3265.0,15.0,1,
551407,1859.4,3.9,162.5,36.2,525.0,3265.0,15.0,1,
551607,1858.0,3.5,156.0,183.3,525.0,3265.0,15.0,1,
551707,1858.8,3.8,152.6,219.6,525.0,3265.0,15.0,1,
551807,1859.4,2.7,150.7,186.0,525.0,3265.0,15.0,1,
551907,1860.1,3.5,148.8,159.0,525.0,3265.0,15.0,1,
552007,1860.3,2.9,144.1,166.8,525.0,3265.0,15.0,1,
552107,1876.5,68.2,139.1,110.6,1426.0,8770.0,3.0,1,
552207,1877.2,322.9,135.8,68.7,815.0,6071.0,17.0,1,
552307,1847.3,175.6,137.3,35.8,756.0,5300.0,15.0,1,
552407,1850.9,212.4,135.3,35.0,745.0,5038.0,15.0,1,
552607,1872.2,192.8,142.7,36.7,539.0,3656.0,15.0,1,
552707,1863.6,89.9,143.4,35.1,573.0,3242.0,15.0,1,
552807,1843.8,15.3,143.4,39.0,573.0,3242.0,15.0,1,
552907,1851.8,10.1,143.4,39.2,573.0,3242.0,15.0,1,
553007,1855.5,5.1,143.4,38.7,573.0,3242.0,15.0,1,
553107,1855.5,5.9,143.4,37.9,573.0,3242.0,15.0,1,
553207,1864.7,51.5,147.1,29.7,1248.0,6016.0,2.0,0,
553307,1855.7,51.1,152.3,29.3,629.0,2659.0,2.0,0,
553407,1857.8,34.8,156.7,28.7,895.0,3065.0,2.0,0,
553607,1878.3,114.3,165.5,24.3,722.0,2772.0,2.0,0,
553707,1839.7,153.7,170.9,24.5,1469.0,4000.0,2.0,0,
553807,1862.6,292.5,177.2,29.4,1438.0,6787.0,25.0,0,
553907,1877.7,285.8,178.4,34.8,605.0,5084.0,23.0,1,
554007,1878.4,177.1,177.6,35.2,623.0,4885.0,15.0,1,
554107,1865.0,219.2,171.1,35.3,630.0,4551.0,16.0,1,
554207,1843.1,166.5,172.6,37.5,478.0,3534.0,15.0,1,
554307,1868.6,109.5,172.7,38.5,480.0,3065.0,14.0,1,
554407,1860.5,18.9,172.4,37.4,480.0,3065.0,14.0,1,
554607,1859.9,128.6,172.4,35.9,480.0,3065.0,14.0,1,
554707,1855.2,104.7,175.2,29.6,1232.0,6096.0,2.0,0,
554807,1865.7,64.9,175.1,29.6,1263.0,3487.0,2.0,0,
554907,1857.2,55.2,172.9,29.6,1242.0,3322.0,2.0,0,
555007,1856.7,35.9,170.8,29.9,1280.0,3654.0,2.0,0,
555107,1859.1,92.1,171.0,28.2,623.0,2594.0,2.0,0,
555207,1890.5,92.6,169.7,26.3,1254.0,3428.0,2.0,0,
555307,1842.8,72.6,170.7,26.7,1216.0,3253.0,2.0,0,
555407,1857.8,304.1,166.2,28.7,753.0,5887.0,17.0,1,
555607,1853.2,235.6,159.7,35.3,604.0,5030.0,16.0,1,
555707,1851.1,177.1,160.5,36.3,657.0,4723.0,15.0,1,
555807,1866.4,138.2,158.5,34.6,428.0,3486.0,15.0,1,
555907,1867.4,121.0,157.8,28.2,452.0,3254.0,15.0,1,
556007,1859.4,27.8,157.8,36.4,492.0,3079.0,15.0,1,
556107,1854.8,8.7,157.7,36.1,492.0,3079.0,15.0,1,
556207,1852.0,7.3,157.8,35.7,492.0,3079.0,15.0,1,
556307,1858.3,75.6,156.3,37.7,1235.0,5894.0,2.0,0,
556407,1865.3,121.5,157.7,34.8,1050.0,3068.0,2.0,0,
556607,1857.2,59.7,159.8,27.4,1093.0,3340.0,2.0,0,
556707,1854.2,34.1,156.7,26.4,1154.0,3683.0,2.0,0,
556807,1858.8,138.7,158.1,27.0,987.0,3087.0,2.0,0,
556907,1877.4,90.2,163.4,29.5,1040.0,2786.0,2.0,0,
557007,1892.9,234.8,161.3,28.3,815.0,6346.0,17.0,1,
557107,1822.5,213.2,166.3,29.9,721.0,5493.0,16.0,1,
557207,1853.3,234.6,163.6,34.4,798.0,5120.0,15.0,1,
557307,1880.6,191.5,165.5,35.1,662.0,4763.0,15.0,1,
557407,1864.5,165.6,165.8,36.4,588.0,3993.0,16.0,1,
557607,1842.0,47.8,166.9,37.0,460.0,3245.0,15.0,1,
557707,1846.9,12.4,166.9,38.3,460.0,3245.0,15.0,1,
557807,1852.2,6.5,166.9,37.2,460.0,3245.0,15.0,1,
557907,1859.3,42.4,170.7,36.8,1280.0,5519.0,2.0,0,
558007,1857.8,43.1,173.0,30.3,854.0,3284.0,2.0,0,
558107,1859.6,65.3,174.0,30.0,1125.0,3332.0,2.0,0,
558207,1864.4,177.6,171.9,29.8,1165.0,3224.0,2.0,0,
558307,1868.9,101.2,178.5,28.4,623.0,2591.0,2.0,0,
558407,1859.3,62.5,177.6,26.1,1252.0,3373.0,2.0,0,
558607,1861.8,207.7,176.0,26.2,553.0,4630.0,26.0,0,
558707,1862.6,311.9,173.9,36.3,806.0,5588.0,24.0,1,
558807,1887.0,271.3,182.1,35.9,716.0,5157.0,15.0,1,
558907,1871.9,264.7,182.4,35.3,678.0,4968.0,16.0,1,
559007,1858.4,171.5,186.2,36.3,564.0,4235.0,15.0,1,
559107,1859.2,209.0,187.1,38.2,497.0,3549.0,15.0,1,
559207,1865.0,60.9,187.4,37.6,443.0,3017.0,15.0,1,
559307,1853.1,10.3,187.3,38.1,443.0,3017.0,15.0,1,
559407,1851.6,11.7,187.3,38.4,443.0,3017.0,15.0,1,
559607,1872.9,115.8,182.0,39.1,1381.0,6001.0,2.0,0,
559707,1851.9,84.9,182.2,28.5,712.0,2633.0,2.0,0,
559807,1858.2,52.0,182.1,28.6,1142.0,3118.0,2.0,0,
559907,1857.4,45.8,181.6,28.8,794.0,3068.0,2.0,0,
560007,1859.9,159.9,178.0,29.3,1369.0,3426.0,2.0,0,
560107,1886.3,104.0,180.7,28.4,462.0,2494.0,2.0,0,
560207,1837.1,192.9,182.3,27.7,1471.0,5188.0,24.0,1,
560307,1884.1,238.1,181.3,34.7,845.0,6191.0,23.0,1,
560407,1869.2,303.6,178.7,35.8,629.0,5076.0,23.0,1,
560607,1852.9,195.0,173.5,35.5,558.0,4322.0,15.0,1,
560707,1872.9,160.0,174.4,36.3,407.0,3472.0,15.0,1,
560807,1876.8,128.5,173.5,30.2,410.0,3020.0,15.0,1,
560907,1847.5,13.3,173.5,28.3,410.0,3020.0,15.0,1,
561007,1857.0,9.3,173.5,30.3,410.0,3020.0,15.0,1,
561107,1871.5,88.4,175.4,35.5,1413.0,6040.0,2.0,0,
561207,1853.4,56.3,176.6,37.9,1348.0,3578.0,2.0,0,
561307,1859.2,46.7,173.4,29.8,1351.0,3775.0,2.0,0,
561407,1856.5,34.7,170.7,30.0,1323.0,3454.0,2.0,0,
561607,1889.9,165.5,170.0,34.2,1126.0,3161.0,2.0,0,
561707,1843.8,88.1,172.5,27.4,856.0,2916.0,2.0,0,
561807,1860.2,65.9,173.5,26.5,760.0,2725.0,2.0,0,
561907,1871.8,341.3,171.6,27.8,943.0,6524.0,24.0,1,
562007,1863.7,277.5,175.6,34.7,687.0,5296.0,23.0,1,
562107,1854.7,173.0,175.5,35.1,677.0,5047.0,15.0,1,
562207,1882.0,165.0,175.3,36.0,643.0,4679.0,15.0,1,
562307,1884.0,149.1,172.9,36.5,537.0,3706.0,15.0,1,
562407,1845.4,169.2,172.6,36.8,438.0,3361.0,15.0,1,
562607,1852.9,8.6,173.0,36.2,438.0,3361.0,15.0,1,
562707,1854.0,6.5,173.0,35.2,438.0,3361.0,15.0,1,
562807,1861.0,39.8,174.8,37.0,1285.0,5506.0,2.0,0,
562907,1859.5,126.8,176.9,28.0,605.0,2517.0,2.0,0,
563007,1882.8,131.1,179.8,27.0,1122.0,3109.0,2.0,0,
563107,1850.2,67.6,181.3,28.5,1248.0,3479.0,2.0,0,
563207,1858.2,46.6,180.7,27.8,1235.0,3342.0,2.0,0,
563307,1857.7,38.7,179.5,34.2,1001.0,3201.0,2.0,0,
563407,1887.3,150.5,178.8,34.3,556.0,2571.0,2.0,0,
563607,1868.3,302.5,184.6,35.8,659.0,5372.0,22.0,1,
563707,1882.3,243.0,181.5,35.5,706.0,5071.0,16.0,1,
563807,1875.6,141.7,184.2,35.0,787.0,4951.0,15.0,1,
563907,1839.1,163.8,183.8,35.2,610.0,4034.0,15.0,1,
564007,1865.5,134.0,183.7,36.7,544.0,3488.0,14.0,1,
564107,1863.0,37.2,182.7,37.0,449.0,3138.0,15.0,1,
564207,1852.4,8.9,182.6,36.9,449.0,3138.0,15.0,1,
564307,1849.8,8.6,182.7,36.5,449.0,3138.0,15.0,1,
564407,1855.9,34.0,181.4,36.6,1240.0,5788.0,2.0,0,
564607,1859.4,121.2,178.7,30.0,1286.0,3746.0,2.0,0,
564707,1862.2,170.1,178.4,29.8,736.0,2950.0,2.0,0,
564807,1881.2,98.3,180.6,24.8,1095.0,3496.0,2.0,0,
564907,1847.5,93.0,182.1,24.2,645.0,2809.0,2.0,0,
565007,1857.8,65.5,181.2,24.2,666.0,2763.0,2.0,0,
565107,1863.3,260.0,184.3,26.4,824.0,6520.0,24.0,1,
565207,1899.1,339.2,179.9,35.0,665.0,5476.0,23.0,1,
565307,1854.9,231.0,180.4,36.8,642.0,4961.0,15.0,1,
565407,1850.8,186.1,179.0,36.0,655.0,4957.0,15.0,1,
565607,1878.3,125.0,180.4,37.6,504.0,3434.0,14.0,1,
565707,1858.0,52.8,179.4,37.0,437.0,3054.0,15.0,1,
565807,1849.5,8.7,179.4,36.3,437.0,3054.0,15.0,1,
565907,1852.7,11.6,179.4,38.1,437.0,3054.0,15.0,1,
566007,1861.8,63.8,179.1,36.4,1268.0,5932.0,2.0,0,
566107,1860.5,56.8,178.6,35.0,1319.0,4717.0,2.0,0,
566207,1858.7,56.2,178.5,30.2,1311.0,3722.0,2.0,0,
566307,1858.0,41.0,175.9,34.3,1292.0,3491.0,2.0,0,
566407,1858.9,27.8,173.1,30.1,1328.0,3833.0,2.0,0,
566607,1881.0,134.2,170.2,34.5,582.0,2603.0,2.0,0,
566707,1878.5,243.6,171.9,34.3,1730.0,6407.0,23.0,1,
566807,1839.5,278.9,174.8,26.0,780.0,6123.0,23.0,1,
566907,1842.9,275.2,175.0,28.6,742.0,5321.0,16.0,1,
567007,1885.6,184.1,173.3,29.9,735.0,5045.0,15.0,1,
567107,1874.1,154.3,174.3,35.0,660.0,4348.0,15.0,1,
567207,1864.7,171.7,174.0,36.8,512.0,3616.0,15.0,1,
567307,1856.9,76.1,173.6,36.4,528.0,3272.0,15.0,1,
567407,1850.5,11.4,173.6,29.9,528.0,3272.0,15.0,1,
567607,1862.3,43.6,173.5,35.7,1273.0,5993.0,2.0,0,
567707,1857.4,49.1,173.7,35.1,1156.0,3726.0,2.0,0,
567807,1856.1,35.9,173.6,30.2,1192.0,3753.0,2.0,0,
567907,1890.7,92.3,173.0,29.1,1207.0,3281.0,2.0,0,
568007,1847.5,66.3,174.8,29.9,1079.0,3333.0,2.0,0,
568107,1859.1,36.5,172.8,34.3,1161.0,3949.0,2.0,0,
568207,1858.3,34.9,173.5,34.2,1066.0,3291.0,2.0,0,
568307,1885.0,105.0,167.2,34.7,1155.0,4005.0,2.0,0,
568407,1827.0,288.4,163.2,34.8,981.0,6181.0,24.0,1,
568607,1872.7,211.5,156.7,36.1,747.0,5124.0,15.0,1,
568707,1843.7,163.3,156.7,37.0,747.0,4582.0,15.0,1,
568807,1863.1,155.6,155.4,34.4,512.0,3638.0,15.0,1,
568907,1856.3,129.8,155.8,36.3,425.0,3026.0,14.0,1,
569007,1857.4,16.3,155.8,36.7,425.0,3026.0,14.0,1,
569107,1854.0,9.6,155.8,35.6,425.0,3026.0,14.0,1,
569207,1866.2,48.1,156.0,35.4,1498.0,6647.0,2.0,0,
569307,1861.2,71.8,158.3,35.1,600.0,2599.0,2.0,0,
569407,1859.1,62.9,160.3,29.3,1293.0,3920.0,2.0,0,
569607,1856.9,47.6,161.7,24.1,1250.0,3690.0,2.0,0,
569707,1855.6,40.9,164.4,25.6,727.0,3106.0,2.0,0,
569807,1858.8,79.3,167.6,23.3,573.0,2868.0,2.0,0,
569907,1864.5,151.5,168.9,23.9,1152.0,3279.0,2.0,0,
570007,1889.7,352.9,173.3,25.4,774.0,5949.0,24.0,1,
570107,1866.7,331.2,185.4,34.5,644.0,5314.0,23.0,1,
570207,1843.8,244.6,184.0,34.7,694.0,5058.0,15.0,1,
570307,1868.1,196.0,188.6,35.6,661.0,4678.0,15.0,1,
570407,1872.8,208.8,189.5,37.8,458.0,3729.0,16.0,1,
570607,1843.8,27.1,192.4,38.1,438.0,3203.0,16.0,1,
570707,1853.1,27.5,193.1,38.0,1151.0,4347.0,2.0,0,
570807,1851.9,7.6,193.0,36.4,1151.0,4347.0,2.0,0,
570907,1859.5,39.5,193.2,36.0,1406.0,5695.0,2.0,0,
571007,1857.5,24.4,190.2,30.1,1495.0,4092.0,2.0,0,
571107,1859.5,122.9,191.8,29.5,1051.0,3522.0,2.0,0,
571207,1883.2,107.0,192.8,26.2,741.0,2926.0,2.0,0,
571307,1848.9,78.2,192.5,25.9,784.0,2830.0,2.0,0,
571407,1859.8,64.6,191.8,34.2,660.0,2908.0,2.0,0,
571607,1870.8,197.6,197.7,28.2,845.0,6540.0,25.0,0,
571707,1850.0,312.6,187.8,35.4,693.0,5412.0,23.0,1,
571807,1872.0,194.1,185.0,38.6,746.0,5126.0,15.0,1,
571907,1870.6,141.4,181.8,36.1,651.0,4928.0,15.0,1,
572007,1884.9,160.8,181.3,35.9,524.0,4095.0,15.0,1,
572107,1848.8,226.1,179.3,36.2,433.0,3411.0,15.0,1,
572207,1864.8,51.4,181.5,36.3,395.0,3076.0,15.0,1,
572307,1848.4,9.1,180.9,36.7,395.0,3076.0,15.0,1,
572407,1851.7,13.2,180.8,39.1,395.0,3076.0,15.0,1,
572607,1858.3,53.9,178.2,35.2,1637.0,5080.0,2.0,0,
572707,1861.0,53.6,176.1,34.7,1265.0,3312.0,2.0,0,
572807,1857.2,57.0,177.7,34.5,601.0,3014.0,2.0,0,
572907,1859.1,33.4,176.0,27.5,1676.0,4269.0,2.0,0,
573007,1860.0,38.9,170.9,25.2,1377.0,3517.0,2.0,0,
573107,1862.3,152.8,165.1,24.4,1688.0,4304.0,2.0,0,
573207,1859.3,207.7,164.8,24.3,1731.0,6841.0,8.0,1,
573307,1889.2,310.4,172.6,37.1,751.0,5489.0,22.0,1,
573407,1883.6,263.7,171.3,38.0,607.0,5042.0,23.0,1,
573607,1851.5,198.0,173.1,38.6,480.0,4323.0,15.0,1,
573707,1862.0,145.9,172.6,37.5,406.0,3311.0,15.0,1,
573807,1881.2,54.6,168.6,36.3,352.0,3062.0,14.0,1,
573907,1858.7,44.7,169.5,36.2,622.0,2712.0,2.0,0,
574007,1840.7,28.6,169.7,35.7,622.0,2712.0,2.0,0,
574107,1839.6,12.2,168.7,39.0,622.0,2712.0,2.0,0,
574207,1856.6,39.0,169.9,35.2,1348.0,6058.0,2.0,0,
574307,1858.8,44.7,168.6,29.9,1489.0,5456.0,2.0,0,
574407,1858.9,40.8,164.2,34.4,1514.0,4356.0,2.0,0,
574607,1859.2,37.4,164.5,37.7,1566.0,4520.0,2.0,0,
574707,1859.3,32.2,165.2,36.2,1335.0,3637.0,2.0,0,
574807,1880.9,128.8,163.0,29.2,558.0,4573.0,2.0,0,
574907,1889.0,341.7,160.8,29.6,720.0,5540.0,23.0,1,
575007,1856.7,221.7,155.4,35.0,608.0,4880.0,22.0,1,
575107,1857.6,169.5,153.6,35.4,542.0,4777.0,23.0,1,
575207,1872.1,145.9,152.1,36.5,484.0,4523.0,15.0,1,
575307,1891.4,131.6,150.4,36.2,387.0,3456.0,24.0,1,
575407,1871.5,106.6,151.0,36.7,363.0,3110.0,15.0,1,
575607,1839.4,27.3,151.7,37.2,363.0,3110.0,15.0,1,
575707,1835.3,17.2,151.7,38.1,363.0,3110.0,15.0,1,
575807,1855.9,5.2,149.7,39.8,363.0,3110.0,15.0,1,
575907,1857.1,4.1,148.4,38.4,363.0,3110.0,15.0,1,
576007,1859.9,3.6,147.2,74.9,363.0,3110.0,15.0,1,
576107,1860.2,3.2,145.2,158.1,363.0,3110.0,15.0,1,
576207,1860.8,49.7,146.3,37.6,1516.0,6532.0,2.0,0,
576307,1860.7,54.5,147.6,29.8,1179.0,3602.0,2.0,0,
576407,1857.7,66.0,147.5,30.0,1332.0,3617.0,2.0,0,
576607,1865.2,287.6,147.8,37.6,618.0,5020.0,22.0,1,
576707,1888.1,216.9,148.5,35.6,557.0,4834.0,23.0,1,
576807,1881.0,155.8,152.2,35.2,532.0,4622.0,15.0,1,
576907,1857.5,144.3,152.1,37.3,446.0,3967.0,15.0,1,
577007,1854.4,145.7,153.8,37.8,403.0,3416.0,15.0,1,
577107,1859.7,21.5,154.0,38.4,377.0,3300.0,15.0,1,
577207,1853.0,26.1,153.4,38.2,1057.0,4699.0,2.0,0,
577307,1855.4,5.6,153.2,36.5,1057.0,4699.0,2.0,0,
577407,1856.5,33.8,154.7,37.2,1307.0,6431.0,2.0,0,
577607,1857.8,37.6,159.5,34.5,1431.0,4588.0,2.0,0,
577707,1857.4,43.7,162.3,30.0,1049.0,3206.0,2.0,0,
577807,1860.6,137.9,160.7,28.7,1439.0,4039.0,2.0,0,
577907,1894.3,160.0,163.1,34.5,1152.0,3643.0,2.0,0,
578007,1842.8,97.2,167.9,34.2,1210.0,3612.0,2.0,0,
578107,1834.1,259.1,172.9,24.4,721.0,5799.0,23.0,1,
578207,1908.1,276.5,164.9,34.5,655.0,5176.0,15.0,1,
578307,1889.1,248.4,168.7,35.3,531.0,4823.0,22.0,1,
578407,1845.7,172.3,166.6,36.5,515.0,4675.0,15.0,1,
578607,1861.5,147.4,165.0,37.5,353.0,3236.0,15.0,1,
578707,1867.6,35.9,164.7,38.5,377.0,3176.0,14.0,1,
578807,1849.0,39.3,165.8,36.4,725.0,3693.0,2.0,0,
578907,1851.5,8.6,165.8,36.1,725.0,3693.0,2.0,0,
579007,1859.0,3.9,164.5,36.6,725.0,3693.0,2.0,0,
579107,1868.8,99.0,165.5,36.5,1176.0,5956.0,2.0,0,
579207,1857.4,80.3,168.0,30.0,1121.0,3188.0,2.0,0,
579307,1859.6,44.9,166.7,29.1,1193.0,3703.0,2.0,0,
579407,1858.9,42.8,170.0,29.2,1124.0,3239.0,2.0,0,
579607,1884.8,110.3,167.2,34.2,1151.0,3581.0,2.0,0,
579707,1873.7,234.8,164.0,34.3,742.0,6154.0,24.0,1,
579807,1860.1,198.2,172.2,36.2,678.0,5410.0,23.0,1,
579907,1877.9,209.3,163.5,36.0,529.0,4901.0,22.0,1,
580007,1872.7,100.1,158.2,35.8,523.0,4453.0,15.0,1,
580107,1876.0,88.7,154.4,37.7,472.0,3484.0,15.0,1,
580207,1878.1,35.6,151.3,34.6,301.0,2006.0,13.0,1,
580307,1857.5,16.3,147.9,49.5,226.0,1288.0,13.0,1,
580407,1863.7,2.7,145.4,53.9,226.0,1288.0,13.0,1,
580607,1831.7,23.7,145.6,30.1,226.0,1288.0,13.0,1,
580707,1876.8,78.5,146.5,30.2,712.0,4781.0,2.0,0,
580807,1831.7,15.3,141.1,36.9,712.0,4781.0,2.0,0,
580907,1853.3,80.6,140.4,36.0,786.0,4858.0,2.0,0,
581007,1875.4,94.3,139.1,34.2,788.0,3330.0,2.0,0,
581107,1858.8,103.2,140.3,29.7,798.0,3269.0,2.0,0,
581207,1855.8,73.8,144.4,29.4,762.0,2736.0,2.0,0,
581307,1866.2,180.0,147.2,28.8,1492.0,4157.0,2.0,0,
581407,1854.6,270.6,137.9,28.1,740.0,5546.0,23.0,1,
581607,1870.7,36.9,130.1,34.7,373.0,2579.0,14.0,1,
581707,1867.5,41.8,129.8,34.7,418.0,2599.0,14.0,1,
581807,1854.6,57.7,128.4,35.6,291.0,1867.0,14.0,1,
581907,1866.7,33.0,129.9,54.2,291.0,1867.0,14.0,1,
582007,1866.1,7.9,129.9,102.2,291.0,1867.0,14.0,1,
582107,1857.4,13.6,130.0,104.7,291.0,1867.0,14.0,1,
582207,1839.6,17.7,129.9,93.2,291.0,1867.0,14.0,1,
582307,1856.4,4.8,129.8,44.5,291.0,1867.0,14.0,1,
582407,1860.7,3.6,127.9,86.7,291.0,1867.0,14.0,1,
582607,1857.6,4.2,119.6,166.4,291.0,1867.0,14.0,1,
582707,1860.3,3.2,117.9,196.6,291.0,1867.0,14.0,1,
582807,1861.0,3.6,105.4,166.7,291.0,1867.0,14.0,1,
582907,1884.6,88.0,95.4,115.4,995.0,6432.0,2.0,0,
583007,1837.3,225.6,103.7,36.3,725.0,5764.0,22.0,1,
583107,1899.0,139.0,99.8,35.9,560.0,3743.0,15.0,1,
583207,1867.1,54.8,101.6,35.8,460.0,3015.0,15.0,1,
583307,1852.0,32.3,100.0,35.8,318.0,1933.0,14.0,1,
583407,1865.9,25.5,100.3,36.1,184.0,1035.0,2.0,0,
583607,1863.4,3.1,97.8,93.9,184.0,1035.0,2.0,0,
583707,1850.5,20.0,97.8,94.5,184.0,1035.0,2.0,0,
583807,1839.2,15.2,97.8,102.0,184.0,1035.0,2.0,0,
583907,1856.3,5.1,97.8,90.8,184.0,1035.0,2.0,0,
584007,1856.9,4.3,97.8,67.6,184.0,1035.0,2.0,0,
584107,1858.2,3.7,97.8,104.0,184.0,1035.0,2.0,0,
584207,1858.2,3.8,97.8,122.6,184.0,1035.0,2.0,0,
584307,1859.4,113.9,97.8,132.0,184.0,1035.0,2.0,0,
584407,1861.3,99.8,102.5,30.2,945.0,5920.0,2.0,0,
584607,1882.3,319.7,107.4,35.4,730.0,6018.0,23.0,1,
584707,1845.1,159.6,113.6,36.3,654.0,5267.0,22.0,1,
584807,1859.4,199.2,120.2,35.7,529.0,4681.0,15.0,1,
584907,1882.6,133.3,125.1,36.3,488.0,4579.0,15.0,1,
585007,1876.1,108.9,129.9,38.1,466.0,4174.0,15.0,1,
585107,1870.1,146.3,134.1,38.4,445.0,3255.0,15.0,1,
585207,1835.9,60.5,135.9,65.7,416.0,3168.0,15.0,1,
585307,1856.1,22.3,138.5,41.3,504.0,3058.0,2.0,0,
585407,1848.7,15.2,138.4,37.6,504.0,3058.0,2.0,0,
585607,1860.3,3.9,138.4,37.0,504.0,3058.0,2.0,0,
585707,1857.7,4.7,138.4,41.6,504.0,3058.0,2.0,0,
585807,1859.5,3.0,138.4,152.4,504.0,3058.0,2.0,0,
585907,1860.4,2.8,138.4,148.5,504.0,3058.0,2.0,0,
586007,1860.2,3.1,135.2,152.1,504.0,3058.0,2.0,0,
586107,1858.5,41.4,136.2,35.6,1103.0,6159.0,2.0,0,
586207,1859.2,204.3,131.1,34.4,712.0,6074.0,24.0,1,
586307,1870.3,270.4,125.2,37.5,626.0,5313.0,23.0,1,
586407,1905.7,175.7,125.7,38.9,552.0,4437.0,15.0,1,
586607,1862.7,80.2,121.5,35.2,499.0,4099.0,15.0,1,
586707,1863.1,71.1,118.9,38.2,480.0,3266.0,15.0,1,
586807,1859.6,22.4,116.0,67.5,351.0,2387.0,14.0,1,
586907,1857.1,18.1,113.6,85.8,351.0,2387.0,14.0,1,
587007,1848.2,16.3,113.6,50.0,351.0,2387.0,14.0,1,
587107,1851.4,7.0,113.6,36.9,351.0,2387.0,14.0,1,
587207,1856.6,5.9,113.7,36.8,351.0,2387.0,14.0,1,
587307,1857.3,3.7,113.7,46.4,351.0,2387.0,14.0,1,
587407,1859.8,43.3,113.7,177.9,351.0,2387.0,14.0,1,
587607,1864.3,55.2,119.0,35.9,1005.0,5574.0,2.0,0,
587707,1856.0,55.9,117.7,37.5,1008.0,4147.0,2.0,0,
587807,1847.4,213.1,119.4,39.0,717.0,5705.0,24.0,1,
587907,1894.5,198.6,123.9,39.6,663.0,5541.0,22.0,1,
588007,1894.0,94.3,116.9,36.9,543.0,3677.0,15.0,1,
588107,1860.7,53.3,112.2,37.0,377.0,2643.0,14.0,1,
588207,1856.5,60.1,110.6,38.3,362.0,2307.0,14.0,1,
588307,1867.1,28.5,108.8,43.0,250.0,1567.0,14.0,1,
588407,1859.2,28.3,108.4,99.2,206.0,1538.0,16.0,1,
588607,1852.7,13.2,107.8,79.3,206.0,1538.0,16.0,1,
588707,1840.7,21.0,107.9,50.2,206.0,1538.0,16.0,1,
588807,1854.0,95.5,107.9,41.2,206.0,1538.0,16.0,1,
588907,1873.4,108.7,116.2,34.4,651.0,2618.0,2.0,0,
589007,1855.9,79.6,122.6,29.8,685.0,3403.0,2.0,0,
589107,1855.1,42.6,122.8,26.4,717.0,3341.0,2.0,0,
589207,1860.5,108.6,124.6,26.1,736.0,3287.0,2.0,0,
589307,1877.0,103.8,129.2,26.2,681.0,2916.0,2.0,0,
589407,1875.1,106.5,130.7,27.2,840.0,3761.0,2.0,0,
589607,1875.3,60.8,123.3,35.0,443.0,2644.0,14.0,1,
589707,1857.9,71.4,122.5,35.0,328.0,2213.0,14.0,1,
589807,1874.8,39.7,123.7,35.1,388.0,2294.0,14.0,1,
589907,1865.9,48.1,123.1,37.5,320.0,1863.0,14.0,1,
590007,1861.9,11.1,123.4,69.5,132.0,633.0,2.0,0,
590107,1862.2,2.9,123.2,111.7,132.0,633.0,2.0,0,
590207,1851.8,24.0,123.3,131.2,132.0,633.0,2.0,0,
590307,1833.4,17.9,123.5,189.4,132.0,633.0,2.0,0,
590407,1854.6,7.8,123.4,152.1,132.0,633.0,2.0,0,
590607,1863.4,78.4,116.8,35.9,907.0,5577.0,2.0,0,
590707,1856.8,78.5,118.2,29.4,839.0,2970.0,2.0,0,
590807,1856.1,44.1,119.5,29.2,873.0,3395.0,2.0,0,
590907,1857.0,48.4,118.5,28.7,946.0,3816.0,2.0,0,
591007,1875.8,65.4,112.2,28.8,977.0,3699.0,2.0,0,
591107,1843.3,215.4,109.9,34.4,702.0,5634.0,23.0,1,
591207,1897.8,237.2,119.4,35.7,593.0,4491.0,15.0,1,
591307,1885.3,97.0,125.6,35.4,550.0,4302.0,15.0,1,
591407,1862.4,83.7,126.1,35.0,521.0,4415.0,15.0,1,
591607,1855.1,99.6,127.7,36.0,390.0,3013.0,15.0,1,
591707,1875.3,62.9,129.4,66.6,390.0,3013.0,15.0,1,
591807,1846.6,14.6,129.8,37.2,390.0,3013.0,15.0,1,
591907,1841.8,17.7,129.6,35.9,390.0,3013.0,15.0,1,
592007,1858.7,68.5,134.1,36.5,848.0,5193.0,2.0,0,
592107,1856.1,55.7,136.7,30.1,821.0,3626.0,2.0,0,
592207,1854.5,54.6,140.4,30.2,863.0,3608.0,2.0,0,
592307,1856.8,41.8,138.1,28.8,893.0,3486.0,2.0,0,
592407,1858.0,48.0,138.2,23.5,928.0,3566.0,2.0,0,
592607,1893.1,102.6,139.7,24.3,1020.0,3759.0,2.0,0,
592707,1833.4,303.7,144.5,26.5,720.0,5925.0,23.0,1,
592807,1919.5,236.0,144.8,36.1,598.0,5272.0,15.0,1,
592907,1861.3,149.1,145.7,36.1,548.0,4254.0,15.0,1,
593007,1849.6,102.4,145.6,37.7,552.0,4487.0,15.0,1,
593107,1867.7,79.5,146.7,35.9,471.0,3320.0,15.0,1,
593207,1871.7,54.9,146.2,36.9,328.0,2025.0,14.0,1,
593307,1853.5,47.0,145.3,54.3,328.0,2025.0,14.0,1,
593407,1857.0,19.0,144.9,57.0,328.0,2025.0,14.0,1,
593607,1856.8,29.7,143.6,35.1,769.0,4929.0,2.0,0,
593707,1854.3,22.6,141.6,35.2,750.0,3854.0,2.0,0,
593807,1854.8,23.6,138.2,36.5,845.0,4211.0,2.0,0,
593907,1855.9,26.4,134.5,38.4,948.0,4532.0,2.0,0,
594007,1857.5,63.2,130.9,37.4,937.0,3669.0,2.0,0,
594107,1858.8,74.1,132.1,35.3,943.0,3818.0,2.0,0,
594207,1880.6,122.9,131.5,26.9,1043.0,4107.0,2.0,0,
594307,1874.5,259.9,130.1,24.1,716.0,6272.0,23.0,1,
594407,1834.9,290.7,136.4,34.8,668.0,5630.0,23.0,1,
594607,1877.9,179.0,146.4,35.1,517.0,4745.0,15.0,1,
594707,1863.5,127.6,148.2,37.3,552.0,4367.0,15.0,1,
594807,1873.9,129.0,151.2,36.5,434.0,3508.0,15.0,1,
594907,1845.8,46.8,153.4,38.9,434.0,3162.0,15.0,1,
595007,1859.3,86.1,157.1,38.5,611.0,2467.0,2.0,0,
595107,1856.7,19.2,157.8,37.0,607.0,2954.0,2.0,0,
595207,1846.8,11.0,155.7,40.3,607.0,2954.0,2.0,0,
595307,1860.7,137.7,154.8,42.2,607.0,2954.0,2.0,0,
595407,1852.4,132.4,157.2,37.6,1062.0,5810.0,2.0,0,
595607,1848.2,96.1,163.7,34.6,1049.0,3248.0,2.0,0,
595707,1856.5,86.1,166.1,30.2,1051.0,3240.0,2.0,0,
595807,1860.5,67.0,169.8,27.8,1053.0,3213.0,2.0,0,
595907,1848.0,189.8,168.8,24.4,2068.0,5566.0,2.0,0,
596007,1864.0,289.2,162.9,34.2,664.0,5618.0,22.0,1,
596107,1901.5,165.4,164.1,36.0,569.0,5011.0,15.0,1,
596207,1875.5,177.3,158.8,35.7,552.0,4847.0,15.0,1,
596307,1853.7,123.9,158.3,35.6,526.0,4489.0,15.0,1,
596407,1849.4,135.9,158.7,36.8,453.0,3736.0,15.0,1,
596607,1863.5,71.8,155.4,43.9,754.0,2498.0,2.0,0,
596707,1860.6,23.1,159.5,43.1,608.0,2340.0,2.0,0,
596807,1848.5,15.7,159.4,39.6,608.0,2340.0,2.0,0,
596907,1854.7,5.1,159.5,35.6,608.0,2340.0,2.0,0,
597007,1856.3,4.6,156.1,34.8,608.0,2340.0,2.0,0,
597107,1858.1,3.9,152.2,35.2,608.0,2340.0,2.0,0,
597207,1861.9,51.1,154.7,35.4,1215.0,6103.0,2.0,0,
597307,1856.1,37.3,149.4,30.0,1242.0,4151.0,2.0,0,
597407,1857.5,43.9,145.4,30.3,1209.0,3676.0,2.0,0,
597607,1880.1,180.8,144.8,37.4,737.0,5721.0,15.0,1,
597707,1878.7,247.2,139.7,37.8,567.0,4937.0,15.0,1,
597807,1847.5,189.4,144.0,39.4,544.0,4817.0,15.0,1,
597907,1854.6,142.7,144.5,37.3,548.0,4492.0,15.0,1,
598007,1881.2,131.0,144.7,30.1,490.0,3616.0,15.0,1,
598107,1880.6,102.2,145.2,39.4,433.0,3182.0,15.0,1,
598207,1867.3,76.8,146.7,39.1,511.0,2395.0,2.0,0,
598307,1847.1,17.2,141.0,35.1,511.0,2395.0,2.0,0,
598407,1840.8,16.9,141.1,35.1,511.0,2395.0,2.0,0,
598607,1864.5,59.0,142.3,30.1,1166.0,6308.0,2.0,0,
598707,1855.1,74.6,144.8,35.2,1130.0,3989.0,2.0,0,
598807,1856.5,86.9,146.4,35.7,1092.0,3364.0,2.0,0,
598907,1859.9,45.3,146.2,35.1,1232.0,4236.0,2.0,0,
599007,1855.1,37.9,143.7,34.3,1188.0,3739.0,2.0,0,
599107,1858.4,24.6,143.8,34.4,1239.0,4110.0,2.0,0,
599207,1858.1,301.1,143.4,34.8,669.0,5764.0,16.0,1,
599307,1895.8,206.3,144.5,34.9,565.0,4811.0,15.0,1,
599407,1860.1,180.2,141.4,35.3,536.0,4831.0,16.0,1,
599607,1879.5,150.4,141.6,38.7,605.0,3858.0,15.0,1,
599707,1843.2,210.5,142.1,39.4,502.0,3334.0,15.0,1,
599807,1858.2,82.7,145.5,44.2,492.0,3174.0,14.0,1,
599907,1858.7,16.9,143.9,34.8,630.0,2909.0,2.0,0,
600007,1851.5,9.3,143.8,30.3,630.0,2909.0,2.0,0,
600107,1857.3,4.4,143.8,34.9,630.0,2909.0,2.0,0,
600207,1860.2,3.0,143.7,38.1,630.0,2909.0,2.0,0,
600307,1860.0,11.9,142.4,72.3,630.0,2909.0,2.0,0,
600407,1849.1,24.2,139.6,35.1,1146.0,6346.0,2.0,0,
600607,1856.9,24.5,138.4,37.0,1205.0,4611.0,2.0,0,
600707,1859.9,61.2,138.2,37.0,1296.0,4454.0,2.0,0,
600807,1855.1,270.5,140.7,36.9,709.0,5855.0,16.0,1,
600907,1900.2,271.2,148.0,35.7,652.0,5358.0,15.0,1,
601007,1882.3,222.1,149.1,34.8,550.0,4782.0,15.0,1,
601107,1860.2,167.9,152.2,35.1,643.0,4584.0,15.0,1,
601207,1839.2,137.5,150.0,37.8,608.0,4042.0,15.0,1,
601307,1857.0,126.0,151.9,38.7,494.0,3360.0,15.0,1,
601407,1863.7,36.6,147.6,38.8,474.0,3167.0,15.0,1,
601607,1853.3,9.2,147.6,38.1,474.0,3167.0,15.0,1,
601707,1863.3,61.3,149.8,39.2,1247.0,6178.0,2.0,0,
601807,1857.7,66.9,151.9,35.8,1246.0,4213.0,2.0,0,
601907,1856.1,50.0,153.1,34.8,1348.0,4190.0,2.0,0,
602007,1861.2,61.7,155.7,34.6,1171.0,3470.0,2.0,0,
602107,1858.3,37.6,154.5,29.2,1325.0,3784.0,2.0,0,
602207,1860.3,97.3,155.0,26.3,1188.0,3161.0,2.0,0,
602307,1862.6,186.9,157.7,34.6,1199.0,3429.0,2.0,0,
602407,1863.8,158.0,162.9,34.5,669.0,5932.0,17.0,1,
602607,1880.4,156.1,148.3,39.6,537.0,3880.0,14.0,1,
602707,1850.2,84.7,139.9,35.5,424.0,3175.0,15.0,1,
602807,1873.5,71.7,137.1,34.3,450.0,3386.0,15.0,1,
602907,1870.8,97.8,132.4,34.9,459.0,2849.0,15.0,1,
603007,1860.3,43.8,131.0,38.6,402.0,2891.0,15.0,1,
603107,1847.3,62.2,131.6,67.9,402.0,2891.0,15.0,1,
603207,1823.3,26.4,132.2,68.1,402.0,2891.0,15.0,1,
603307,1865.0,135.0,132.3,46.5,402.0,2891.0,15.0,1,
603407,1836.5,86.4,134.0,39.1,1174.0,5692.0,2.0,0,
603607,1859.6,49.3,133.2,34.4,1384.0,5156.0,2.0,0,
603707,1859.3,49.4,134.1,30.0,1460.0,4233.0,2.0,0,
603807,1858.6,37.9,132.8,30.2,1639.0,4350.0,2.0,0,
603907,1860.4,29.5,130.3,34.6,1658.0,4186.0,2.0,0,
604007,1892.3,174.6,126.3,30.1,493.0,3871.0,18.0,1,
604107,1824.1,210.0,135.4,34.3,791.0,5665.0,15.0,1,
604207,1860.2,245.2,138.2,35.1,623.0,4917.0,15.0,1,
604307,1887.3,184.4,149.9,35.7,591.0,4843.0,15.0,1,
604407,1869.9,205.3,153.5,38.4,680.0,4253.0,15.0,1,
604607,1866.8,101.5,164.1,39.1,603.0,3823.0,14.0,1,
604707,1867.8,49.4,163.7,37.3,1043.0,3450.0,2.0,0,
604807,1839.6,12.7,163.4,36.6,1043.0,3450.0,2.0,0,
604907,1859.1,47.0,166.5,37.9,1313.0,5570.0,2.0,0,
605007,1858.7,33.2,164.1,34.7,1335.0,3730.0,2.0,0,
605107,1854.8,32.6,163.7,30.1,1365.0,4139.0,2.0,0,
605207,1857.5,40.4,159.4,37.0,1625.0,5410.0,2.0,0,
605307,1857.2,71.8,159.1,35.8,1740.0,5374.0,2.0,0,
605407,1875.8,102.0,159.0,30.3,1740.0,5374.0,2.0,0,
605607,1887.5,245.5,166.4,34.4,971.0,4204.0,2.0,0,
605707,1834.6,322.1,172.7,26.4,760.0,5625.0,16.0,1,
605807,1889.7,254.2,174.7,28.0,664.0,5236.0,15.0,1,
605907,1870.4,149.7,171.9,30.1,529.0,4829.0,15.0,1,
606007,1852.8,154.9,169.8,36.4,569.0,4464.0,15.0,1,
606107,1873.8,140.9,167.2,37.5,616.0,4060.0,14.0,1,
606207,1860.3,131.4,164.2,37.0,434.0,3258.0,15.0,1,
606307,1858.5,65.4,163.9,36.9,434.0,3258.0,15.0,1,
606407,1853.7,19.2,164.0,36.3,1621.0,4680.0,2.0,0,
606607,1858.5,29.0,163.6,36.4,1866.0,6352.0,2.0,0,
606707,1865.6,44.9,169.3,30.2,484.0,3014.0,2.0,0,
606807,1862.9,28.4,172.4,30.2,935.0,3812.0,2.0,0,
606907,1866.3,77.3,173.1,30.3,1938.0,4852.0,2.0,0,
607007,1862.1,101.3,173.6,34.4,897.0,3513.0,2.0,0,
607107,1864.0,105.9,176.3,35.5,722.0,3573.0,2.0,0,
607207,1862.6,91.2,173.6,30.2,1096.0,3753.0,2.0,0,
607307,1897.6,276.1,162.1,34.4,808.0,6069.0,16.0,1,
607407,1847.3,244.2,163.4,40.7,687.0,5250.0,15.0,1,
607607,1866.5,186.3,163.4,39.6,646.0,4523.0,15.0,1,
607707,1868.9,139.1,164.3,45.4,572.0,3993.0,15.0,1,
607807,1887.8,147.8,166.8,45.6,497.0,3376.0,15.0,1,
607907,1842.3,31.9,167.1,68.0,507.0,3376.0,15.0,1,
608007,1859.6,47.1,169.2,45.3,1432.0,4380.0,2.0,0,
608107,1890.4,157.7,172.1,40.0,1432.0,4380.0,2.0,0,
608207,1852.6,121.1,174.2,29.9,1568.0,5272.0,2.0,0,
608307,1864.3,102.0,171.0,37.1,751.0,3228.0,2.0,0,
608407,1868.8,182.1,171.9,38.1,1155.0,4011.0,2.0,0,
608607,1859.4,60.7,174.8,30.2,1371.0,4027.0,2.0,0,
608707,1864.6,96.8,174.3,30.0,664.0,3333.0,2.0,0,
608807,1862.8,56.8,173.4,35.4,1394.0,4040.0,2.0,0,
608907,1840.6,280.4,172.9,36.5,724.0,5773.0,17.0,1,
609007,1862.7,271.6,172.3,35.4,772.0,5739.0,15.0,1,
609107,1884.7,212.6,174.5,36.1,571.0,4972.0,14.0,1,
609207,1876.6,170.4,173.6,38.6,548.0,4607.0,15.0,1,
609307,1888.8,118.1,172.7,39.5,587.0,4123.0,15.0,1,
609407,1844.9,109.8,169.2,38.2,495.0,3427.0,15.0,1,
609607,1852.7,40.3,166.4,37.4,1283.0,4076.0,2.0,0,
609707,1845.2,10.7,166.3,35.7,1283.0,4076.0,2.0,0,
609807,1863.2,37.2,159.9,36.4,1748.0,6725.0,2.0,0,
609907,1865.3,35.0,156.3,36.0,1681.0,4247.0,2.0,0,
610007,1862.0,89.5,158.5,37.7,970.0,3668.0,2.0,0,
610107,1868.8,67.6,150.0,36.6,1647.0,4584.0,2.0,0,
610207,1873.6,173.9,153.0,30.2,1647.0,4584.0,2.0,0,
610307,1861.3,109.1,157.2,34.8,676.0,3446.0,2.0,0,
610407,1824.6,116.0,154.0,34.4,1148.0,3826.0,2.0,0,
610607,1873.3,228.8,159.2,34.5,775.0,5657.0,15.0,1,
610707,1879.8,239.8,158.2,36.1,627.0,5045.0,15.0,1,
610807,1867.4,169.2,158.3,37.8,643.0,4686.0,14.0,1,
610907,1852.0,164.5,158.6,56.1,652.0,4295.0,15.0,1,
611007,1861.6,147.4,161.1,65.9,536.0,3521.0,15.0,1,
611107,1872.3,57.6,162.7,70.0,487.0,3530.0,15.0,1,
611207,1861.9,83.0,167.0,69.8,1073.0,3461.0,2.0,0,
611307,1836.7,13.3,167.0,37.4,1073.0,3461.0,2.0,0,
611407,1854.8,36.3,169.1,35.5,1660.0,5996.0,2.0,0,
611607,1989.5,279.4,192.6,36.9,1940.0,11000.0,22.0,1,
611707,1732.4,39.5,194.4,56.1,1209.0,8643.0,28.0,0,
611807,1867.4,46.8,195.0,72.0,1202.0,3959.0,2.0,0,
611907,1996.6,63.4,191.3,69.0,1690.0,12242.0,9.0,1,
612007,1725.0,28.5,189.9,42.4,1381.0,9712.0,26.0,0,
612107,1885.3,99.5,188.4,28.1,1573.0,4240.0,2.0,0,
612207,1979.2,210.3,201.8,37.8,2517.0,14458.0,17.0,1,
612307,1767.4,215.6,200.8,46.6,616.0,5100.0,15.0,1,
612407,1864.2,185.8,199.5,50.3,570.0,4501.0,15.0,1,
612607,1819.3,126.8,205.6,53.7,532.0,3726.0,14.0,1,
612707,1869.7,131.3,204.6,85.3,475.0,3152.0,15.0,1,
612807,1856.9,26.4,203.7,103.7,712.0,4763.0,28.0,0,
612907,1833.7,21.8,201.8,39.1,712.0,4763.0,28.0,0,
613007,1842.6,14.1,200.3,35.5,712.0,4763.0,28.0,0,
613107,1869.2,15.1,198.1,35.4,1123.0,7736.0,28.0,0,
613207,1870.2,42.5,177.4,57.3,1526.0,4144.0,2.0,0,
613307,1863.3,230.6,171.7,66.4,1616.0,10036.0,23.0,1,
613407,1848.4,38.4,182.8,54.6,1101.0,7590.0,24.0,1,
613607,1823.6,82.2,182.4,53.5,1278.0,3872.0,2.0,0,
613707,1882.1,66.9,182.7,43.8,1279.0,8892.0,27.0,0,
613807,1842.1,241.6,154.4,35.5,803.0,5905.0,15.0,1,
613907,1844.7,419.8,162.5,35.5,1975.0,12750.0,17.0,1,
614007,1890.5,194.5,180.1,38.9,651.0,4882.0,15.0,1,
614107,1867.8,165.8,181.1,50.8,687.0,4579.0,16.0,1,
614207,1850.6,147.4,172.9,50.5,529.0,3830.0,15.0,1,
614307,1871.8,150.3,173.9,48.3,473.0,3441.0,14.0,1,
614407,1852.8,60.7,173.0,44.5,491.0,3246.0,15.0,1,
614607,1853.2,45.7,178.0,37.9,1121.0,3862.0,2.0,0,
614707,1871.4,37.1,178.0,36.4,1855.0,5199.0,2.0,0,
614807,1868.5,39.4,178.6,34.4,1660.0,4331.0,2.0,0,
614907,1884.2,109.4,179.4,34.3,1660.0,4331.0,2.0,0,
615007,1818.6,33.5,167.7,34.6,1165.0,3829.0,2.0,0,
615107,1869.0,29.9,168.0,34.4,2024.0,5059.0,2.0,0,
615207,1877.7,37.2,165.2,34.6,1792.0,4685.0,2.0,0,
615307,1876.4,35.5,164.7,38.7,1610.0,4519.0,2.0,0,
615407,1835.1,298.2,169.5,37.6,791.0,6258.0,16.0,1,
615607,1865.0,207.5,150.6,35.5,563.0,4841.0,15.0,1,
615707,1856.8,170.3,149.0,36.6,583.0,4727.0,15.0,1,
615807,1863.7,151.5,149.6,48.3,657.0,4304.0,15.0,1,
615907,1861.6,149.5,149.1,67.2,407.0,2998.0,15.0,1,
616007,1862.0,57.7,149.4,93.5,407.0,2998.0,15.0,1,
616107,1862.4,72.8,155.7,89.9,544.0,2805.0,2.0,0,
616207,1862.3,44.8,151.8,42.0,943.0,3484.0,2.0,0,
616307,1893.3,38.6,151.8,40.2,943.0,3484.0,2.0,0,
616407,1815.6,33.9,151.9,37.7,2292.0,5692.0,2.0,0,
616607,1875.0,56.8,150.7,135.1,1098.0,3964.0,2.0,0,
616707,1865.0,27.4,150.8,85.3,1841.0,4485.0,2.0,0,
616807,1883.8,60.1,150.9,43.3,1841.0,4485.0,2.0,0,
616907,1822.1,206.9,150.8,75.6,1335.0,4205.0,2.0,0,
617007,1906.1,280.0,170.3,41.8,467.0,3732.0,18.0,1,
617107,1832.7,310.8,172.7,29.9,725.0,5698.0,16.0,1,
617207,1868.9,223.9,173.4,30.1,632.0,5117.0,22.0,1,
617307,1865.7,174.5,173.7,34.8,558.0,4930.0,20.0,1,
617407,1885.1,141.3,174.2,65.8,583.0,4040.0,14.0,1,
617607,1853.0,62.0,172.6,88.7,368.0,3020.0,15.0,1,
617707,1875.7,41.1,166.4,84.8,1505.0,3578.0,2.0,0,
617807,1869.1,85.1,171.2,41.3,1265.0,3434.0,2.0,0,
617907,1832.0,63.1,171.2,37.6,1265.0,3434.0,2.0,0,
618007,1859.5,28.5,171.5,36.9,1571.0,4597.0,2.0,0,
618107,1867.5,52.5,173.2,37.2,1231.0,3657.0,2.0,0,
618207,1862.2,80.2,172.9,41.5,495.0,2489.0,2.0,0,
618307,1869.8,35.9,178.3,41.2,818.0,2652.0,2.0,0,
618407,1867.6,59.5,188.9,39.1,1003.0,3534.0,2.0,0,
618607,1856.8,207.2,180.7,35.2,750.0,5046.0,2.0,0,
618707,1847.0,264.8,174.2,35.4,711.0,5684.0,15.0,1,
618807,1872.4,214.0,173.6,36.0,634.0,4972.0,22.0,1,
618907,1878.2,173.6,173.4,37.6,626.0,4687.0,15.0,1,
619007,1873.2,152.2,173.4,55.7,632.0,4506.0,19.0,1,
619107,1843.1,137.2,173.1,71.3,565.0,3639.0,15.0,1,
619207,1879.2,67.9,173.6,101.5,506.0,3346.0,15.0,1,
619307,1866.8,76.9,174.5,104.0,506.0,3346.0,15.0,1,
619407,1849.3,75.8,172.9,93.2,506.0,3346.0,15.0,1,
619607,1866.1,78.0,173.0,138.7,506.0,3346.0,15.0,1,
619707,1862.4,77.2,172.8,149.5,506.0,3346.0,15.0,1,
619807,1859.0,81.5,172.6,168.4,506.0,3346.0,15.0,1,
619907,1858.0,84.6,168.5,171.3,506.0,3346.0,15.0,1,
620007,1859.0,73.8,157.6,175.2,506.0,3346.0,15.0,1,
620107,1862.4,75.0,156.3,186.0,506.0,3346.0,15.0,1,
620207,1858.1,131.1,151.1,188.6,506.0,3346.0,15.0,1,
620307,1851.7,278.6,156.8,186.7,816.0,5926.0,16.0,1,
620407,1876.7,261.0,155.7,92.0,622.0,5099.0,14.0,1,
620607,1842.7,165.7,157.0,66.4,882.0,4817.0,15.0,1,
620707,1877.4,147.9,157.8,89.2,481.0,3670.0,15.0,1,
620807,1871.8,124.2,158.2,101.9,424.0,3334.0,15.0,1,
620907,1858.2,77.7,158.3,93.7,424.0,3334.0,15.0,1,
621007,1860.2,72.8,158.1,76.3,424.0,3334.0,15.0,1,
621107,1855.0,75.7,158.1,109.6,424.0,3334.0,15.0,1,
621207,1861.8,71.4,157.7,183.4,424.0,3334.0,15.0,1,
621307,1864.5,68.8,157.4,197.8,424.0,3334.0,15.0,1,
621407,1861.9,77.3,157.2,195.8,424.0,3334.0,15.0,1,
621607,1859.3,73.2,157.1,206.2,424.0,3334.0,15.0,1,
621707,1862.0,82.4,157.7,207.1,424.0,3334.0,15.0,1,
621807,1860.2,77.2,158.1,185.6,424.0,3334.0,15.0,1,
621907,1887.3,331.1,161.3,155.0,903.0,6983.0,16.0,1,
622007,1847.7,233.9,161.9,100.3,768.0,5966.0,21.0,1,
622107,1848.5,201.7,161.1,36.0,697.0,5288.0,15.0,1,
622207,1888.7,163.9,161.1,37.5,550.0,4626.0,15.0,1,
622307,1867.3,140.2,159.9,65.9,525.0,3849.0,15.0,1,
622407,1882.2,179.5,161.0,80.0,461.0,3527.0,15.0,1,
622607,1860.3,75.9,161.8,71.2,461.0,3527.0,15.0,1,
622707,1848.4,76.4,161.9,79.6,461.0,3527.0,15.0,1,
622807,1864.8,76.6,162.0,152.5,461.0,3527.0,15.0,1,
622907,1865.5,82.6,162.2,187.8,461.0,3527.0,15.0,1,
623007,1860.6,73.2,162.8,187.4,461.0,3527.0,15.0,1,
623107,1860.4,79.1,162.4,188.0,461.0,3527.0,15.0,1,
623207,1855.7,81.5,162.1,198.7,461.0,3527.0,15.0,1,
623307,1858.7,79.9,162.2,205.0,461.0,3527.0,15.0,1,
623407,1863.9,78.2,162.3,205.4,461.0,3527.0,15.0,1,
623607,1872.8,272.2,155.9,122.9,716.0,5524.0,15.0,1,
623707,1897.9,199.9,155.0,39.7,655.0,5033.0,20.0,1,
623807,1869.4,161.7,154.2,39.9,559.0,4744.0,15.0,1,
623907,1870.4,146.8,155.1,67.0,490.0,4099.0,15.0,1,
624007,1863.6,144.5,155.9,82.9,457.0,3313.0,15.0,1,
624107,1872.3,69.5,154.5,102.2,471.0,3031.0,15.0,1,
624207,1856.0,87.7,154.8,93.6,471.0,3031.0,15.0,1,
624307,1842.8,82.5,154.7,109.0,471.0,3031.0,15.0,1,
624407,1856.6,76.9,155.0,194.6,471.0,3031.0,15.0,1,
624607,1852.7,73.5,155.6,211.9,471.0,3031.0,15.0,1,
624707,1858.5,70.9,155.3,207.8,471.0,3031.0,15.0,1,
624807,1862.9,76.0,155.1,204.5,471.0,3031.0,15.0,1,
624907,1857.7,78.4,155.5,195.4,471.0,3031.0,15.0,1,
625007,1861.6,86.4,155.1,206.2,471.0,3031.0,15.0,1,
625107,1856.3,254.6,155.6,204.2,768.0,6648.0,17.0,1,
625207,1887.6,251.0,160.0,144.8,778.0,5548.0,16.0,1,
625307,1873.2,215.8,159.2,38.0,644.0,5138.0,15.0,1,
625407,1860.6,175.5,159.1,36.8,545.0,4735.0,15.0,1,
625607,1878.1,147.3,157.2,93.8,531.0,3619.0,15.0,1,
625707,1872.7,64.1,156.9,109.0,451.0,3247.0,15.0,1,
625807,1868.7,73.8,156.7,94.2,451.0,3247.0,15.0,1,
625907,1848.1,79.1,156.5,89.8,451.0,3247.0,15.0,1,
626007,1848.3,83.1,156.7,170.1,451.0,3247.0,15.0,1,
626107,1856.9,82.5,156.3,219.2,451.0,3247.0,15.0,1,
626207,1856.5,81.3,156.2,219.2,451.0,3247.0,15.0,1,
626307,1860.9,71.4,156.5,209.0,451.0,3247.0,15.0,1,
626407,1862.2,84.8,156.9,209.3,451.0,3247.0,15.0,1,
626607,1863.3,75.1,156.9,201.1,451.0,3247.0,15.0,1,
626707,1882.4,155.7,156.7,198.8,451.0,3247.0,15.0,1,
626807,1833.9,315.7,156.7,172.3,753.0,5963.0,17.0,1,
626907,1879.4,219.8,157.8,49.1,783.0,5793.0,16.0,1,
627007,1857.0,188.2,159.0,35.7,558.0,4627.0,16.0,1,
627107,1896.3,156.9,159.7,38.3,591.0,4245.0,15.0,1,
627207,1880.6,146.4,159.7,69.2,528.0,3842.0,15.0,1,
627307,1848.0,80.3,159.7,107.4,418.0,2896.0,15.0,1,
627407,1869.1,68.4,159.6,103.1,418.0,2896.0,15.0,1,
627607,1841.1,79.5,159.3,124.6,418.0,2896.0,15.0,1,
627707,1857.9,72.6,159.0,164.5,418.0,2896.0,15.0,1,
627807,1855.3,69.8,158.7,201.9,418.0,2896.0,15.0,1,
627907,1858.2,78.5,158.6,201.3,418.0,2896.0,15.0,1,
628007,1859.8,77.4,158.8,197.9,418.0,2896.0,15.0,1,
628107,1855.4,78.5,158.3,209.4,418.0,2896.0,15.0,1,
628207,1860.2,73.2,159.0,211.9,418.0,2896.0,15.0,1,
628307,1846.6,114.2,158.6,231.5,418.0,2896.0,15.0,1,
628407,1858.9,310.3,155.1,210.0,964.0,6080.0,6.0,1,
628607,1893.3,173.8,158.8,70.3,616.0,4869.0,15.0,1,
628707,1862.7,161.7,158.3,113.3,563.0,4140.0,15.0,1,
628807,1845.2,141.7,157.9,124.8,556.0,3765.0,15.0,1,
628907,1881.5,131.0,157.6,100.7,458.0,3160.0,15.0,1,
629007,1879.9,78.7,158.0,94.3,458.0,3160.0,15.0,1,
629107,1858.0,79.9,158.3,92.9,458.0,3160.0,15.0,1,
629207,1846.1,77.8,158.5,145.0,458.0,3160.0,15.0,1,
629307,1860.4,83.2,158.5,227.9,458.0,3160.0,15.0,1,
629407,1863.4,76.9,158.6,228.1,458.0,3160.0,15.0,1,
629607,1865.5,75.0,158.8,217.7,458.0,3160.0,15.0,1,
629707,1863.2,72.0,158.6,211.8,458.0,3160.0,15.0,1,
629807,1862.0,75.5,158.5,187.8,458.0,3160.0,15.0,1,
629907,1867.7,83.7,158.1,215.8,458.0,3160.0,15.0,1,
630007,1848.7,263.7,161.5,218.2,894.0,6974.0,16.0,1,
630107,1913.7,240.4,151.4,110.2,659.0,5213.0,15.0,1,
630207,1848.8,203.2,152.0,37.6,607.0,4905.0,15.0,1,
630307,1849.7,170.8,152.4,37.9,603.0,4009.0,15.0,1,
630407,1882.9,98.4,151.2,67.0,458.0,3493.0,14.0,1,
630607,1883.2,78.5,150.5,103.6,458.0,3493.0,14.0,1,
630707,1856.8,66.6,150.6,122.1,458.0,3493.0,14.0,1,
630807,1849.3,73.6,149.9,140.8,458.0,3493.0,14.0,1,
630907,1854.7,76.0,149.9,175.9,458.0,3493.0,14.0,1,
631007,1859.5,79.3,149.9,196.5,458.0,3493.0,14.0,1,
631107,1856.7,87.6,149.9,196.6,458.0,3493.0,14.0,1,
631207,1861.8,82.5,150.0,208.9,458.0,3493.0,14.0,1,
631307,1864.1,76.7,150.0,219.1,458.0,3493.0,14.0,1,
631407,1860.9,81.4,150.2,217.2,458.0,3493.0,14.0,1,
631607,1887.6,292.6,152.8,200.8,910.0,4938.0,28.0,0,
631707,1848.9,251.3,154.7,116.5,738.0,5831.0,16.0,1,
631807,1882.2,172.7,151.2,40.3,689.0,4816.0,15.0,1,
631907,1909.4,143.4,150.4,37.0,530.0,4402.0,15.0,1,
632007,1870.2,102.6,148.6,70.3,422.0,3347.0,15.0,1,
632107,1883.8,138.0,150.3,101.7,403.0,3200.0,25.0,0,
632207,1847.8,68.4,150.0,109.5,338.0,2707.0,23.0,1,
632307,1860.0,72.4,149.4,102.7,338.0,2707.0,23.0,1,
632407,1832.7,80.1,149.6,91.4,338.0,2707.0,23.0,1,
632607,1856.3,84.6,149.5,230.4,338.0,2707.0,23.0,1,
632707,1859.9,72.5,149.5,219.2,338.0,2707.0,23.0,1,
632807,1855.3,71.9,149.5,201.6,338.0,2707.0,23.0,1,
632907,1856.8,80.0,149.5,194.8,338.0,2707.0,23.0,1,
633007,1863.0,77.2,149.4,196.2,338.0,2707.0,23.0,1,
633107,1854.1,80.5,149.5,200.2,338.0,2707.0,23.0,1,
633207,1842.0,162.0,147.3,211.8,461.0,3596.0,18.0,1,
633307,1860.8,260.7,142.5,176.1,838.0,5878.0,16.0,1,
633407,1905.7,239.7,143.8,54.6,552.0,4794.0,15.0,1,
633607,1876.7,130.5,147.8,40.3,515.0,3937.0,15.0,1,
633707,1866.4,132.3,147.7,67.3,589.0,3474.0,25.0,0,
633807,1869.5,68.1,147.5,99.6,393.0,3000.0,15.0,1,
633907,1864.9,80.1,147.6,114.3,393.0,3000.0,15.0,1,
634007,1840.3,84.0,148.0,101.3,393.0,3000.0,15.0,1,
634107,1845.5,76.2,148.0,144.7,393.0,3000.0,15.0,1,
634207,1859.0,73.4,148.1,202.3,393.0,3000.0,15.0,1,
634307,1867.7,77.6,147.4,199.4,393.0,3000.0,15.0,1,
634407,1851.9,74.2,147.3,197.4,393.0,3000.0,15.0,1,
634607,1855.2,87.9,148.0,178.1,393.0,3000.0,15.0,1,
634707,1859.4,74.8,148.3,177.5,393.0,3000.0,15.0,1,
634807,1856.1,140.2,148.4,210.2,477.0,3419.0,18.0,1,
634907,1879.9,245.0,151.8,207.7,1094.0,6042.0,12.0,1,
635007,1857.1,265.0,152.5,80.3,635.0,4929.0,15.0,1,
635107,1872.5,184.9,152.9,36.8,577.0,4817.0,15.0,1,
635207,1863.7,157.2,153.1,66.5,620.0,4424.0,15.0,1,
635307,1880.0,139.6,154.5,78.1,542.0,3413.0,23.0,1,
635407,1891.9,81.8,154.6,100.4,396.0,2896.0,19.0,1,
635607,1846.4,76.4,154.5,108.6,396.0,2896.0,19.0,1,
635707,1854.6,76.2,155.0,117.0,396.0,2896.0,19.0,1,
635807,1865.8,85.6,155.5,166.9,396.0,2896.0,19.0,1,
635907,1861.2,71.0,156.0,182.7,396.0,2896.0,19.0,1,
636007,1860.3,88.1,156.3,184.7,396.0,2896.0,19.0,1,
636107,1858.3,79.5,156.7,186.4,396.0,2896.0,19.0,1,
636207,1857.9,74.9,156.4,188.6,396.0,2896.0,19.0,1,
636307,1863.9,73.0,155.9,189.5,396.0,2896.0,19.0,1,
636407,1862.7,93.3,156.1,195.0,396.0,2896.0,19.0,1,
636607,1878.8,212.1,153.1,101.4,657.0,4992.0,15.0,1,
636707,1878.3,147.4,149.4,37.2,619.0,4896.0,15.0,1,
636807,1888.3,147.4,147.9,37.9,488.0,3900.0,15.0,1,
636907,1891.2,122.2,147.8,67.1,532.0,3599.0,23.0,1,
637007,1844.1,148.5,147.9,103.3,426.0,2959.0,19.0,1,
637107,1876.0,81.1,149.0,110.0,389.0,2989.0,15.0,1,
637207,1846.8,70.9,148.9,83.0,389.0,2989.0,15.0,1,
637307,1855.1,81.5,149.2,99.7,389.0,2989.0,15.0,1,
637407,1858.0,77.5,148.7,185.2,389.0,2989.0,15.0,1,
637607,1861.7,84.8,147.9,233.1,389.0,2989.0,15.0,1,
637707,1859.7,87.8,147.8,221.0,389.0,2989.0,15.0,1,
637807,1862.3,80.3,148.1,168.9,389.0,2989.0,15.0,1,
637907,1865.7,88.3,148.7,166.9,389.0,2989.0,15.0,1,
638007,1864.8,83.5,148.8,171.2,389.0,2989.0,15.0,1,
638107,1842.4,281.2,148.3,169.4,907.0,6608.0,16.0,1,
638207,1890.3,271.2,158.4,107.2,688.0,4838.0,15.0,1,
638307,1896.3,141.5,157.0,35.7,595.0,4398.0,15.0,1,
638407,1863.9,189.6,157.2,35.6,592.0,4187.0,15.0,1,
638607,1881.0,119.6,158.1,88.9,453.0,2946.0,15.0,1,
638707,1870.6,76.6,157.9,69.6,475.0,3277.0,19.0,1,
638807,1844.8,82.2,158.1,90.3,475.0,3277.0,19.0,1,
638907,1858.8,90.7,158.1,103.9,475.0,3277.0,19.0,1,
639007,1863.6,79.2,158.9,156.2,475.0,3277.0,19.0,1,
639107,1865.8,86.8,159.1,175.4,475.0,3277.0,19.0,1,
639207,1856.0,77.2,159.0,189.3,475.0,3277.0,19.0,1,
639307,1866.1,83.4,158.9,200.6,475.0,3277.0,19.0,1,
639407,1857.9,79.4,159.0,185.4,475.0,3277.0,19.0,1,
639607,1866.6,78.9,158.4,174.5,475.0,3277.0,19.0,1,
639707,1865.1,307.5,159.5,169.5,849.0,5708.0,17.0,1,
639807,1882.0,258.5,156.6,100.6,887.0,6357.0,15.0,1,
639907,1847.6,215.0,157.0,40.2,640.0,4903.0,15.0,1,
640007,1859.3,160.3,158.9,39.4,616.0,4383.0,24.0,1,
640107,1898.0,161.2,162.3,44.1,491.0,3719.0,20.0,1,
640207,1867.0,140.9,163.0,44.2,415.0,2999.0,17.0,1,
640307,1883.0,67.9,163.2,47.8,540.0,3062.0,14.0,1,
640407,1854.0,84.4,162.7,68.1,540.0,3062.0,14.0,1,
640607,1861.0,76.6,162.7,167.1,540.0,3062.0,14.0,1,
640707,1862.1,92.4,162.7,174.8,540.0,3062.0,14.0,1,
640807,1859.1,72.7,163.0,177.5,540.0,3062.0,14.0,1,
640907,1865.5,84.7,162.8,168.3,540.0,3062.0,14.0,1,
641007,1866.6,82.5,162.7,156.4,540.0,3062.0,14.0,1,
641107,1864.7,82.7,163.3,153.1,540.0,3062.0,14.0,1,
641207,1861.2,72.3,163.6,171.5,540.0,3062.0,14.0,1,
641307,1882.7,215.7,163.8,195.0,566.0,4032.0,17.0,1,
641407,1826.4,318.2,171.4,136.7,845.0,5731.0,16.0,1,
641607,1896.4,140.9,172.6,36.7,679.0,4451.0,23.0,1,
641707,1873.8,138.1,167.6,38.9,537.0,3539.0,20.0,1,
641807,1854.5,126.6,167.7,52.9,588.0,3296.0,16.0,1,
641907,1883.3,78.6,168.1,70.0,555.0,3096.0,15.0,1,
642007,1871.1,77.3,168.4,103.4,555.0,3096.0,15.0,1,
642107,1857.0,79.4,168.8,123.0,555.0,3096.0,15.0,1,
642207,1873.2,85.1,168.7,141.0,555.0,3096.0,15.0,1,
642307,1870.0,76.6,168.9,158.6,555.0,3096.0,15.0,1,
642407,1863.8,77.6,168.6,149.8,555.0,3096.0,15.0,1,
642607,1866.7,82.8,168.9,164.9,555.0,3096.0,15.0,1,
642707,1864.8,76.5,168.9,186.4,555.0,3096.0,15.0,1,
642807,1863.4,80.3,169.1,174.3,555.0,3096.0,15.0,1,
642907,1866.1,124.3,170.2,156.1,555.0,3096.0,15.0,1,
643007,1850.2,275.5,163.0,156.7,774.0,5836.0,15.0,1,
643107,1900.5,197.8,156.3,114.2,641.0,4627.0,15.0,1,
643207,1859.8,180.6,158.0,36.1,689.0,4715.0,23.0,1,
643307,1870.8,165.1,159.9,41.5,629.0,4173.0,19.0,1,
643407,1875.0,189.0,163.2,75.5,700.0,3616.0,14.0,1,
643607,1873.5,79.4,162.8,48.1,700.0,3616.0,14.0,1,
643707,1856.4,82.0,163.1,54.3,700.0,3616.0,14.0,1,
643807,1856.7,84.9,163.0,106.1,700.0,3616.0,14.0,1,
643907,1867.5,74.9,163.2,174.9,700.0,3616.0,14.0,1,
644007,1866.6,79.5,164.2,187.2,700.0,3616.0,14.0,1,
644107,1870.0,76.3,163.9,153.1,700.0,3616.0,14.0,1,
644207,1863.5,91.9,164.1,151.0,700.0,3616.0,14.0,1,
644307,1868.3,74.2,164.6,150.3,700.0,3616.0,14.0,1,
644407,1871.0,76.8,164.6,149.2,700.0,3616.0,14.0,1,
644607,1885.8,281.3,162.4,155.6,1493.0,7652.0,18.0,1,
644707,1841.7,273.3,164.6,93.2,754.0,5369.0,15.0,1,
644807,1875.9,188.5,167.7,35.5,691.0,4571.0,22.0,1,
644907,1873.3,148.9,166.2,35.2,534.0,3759.0,19.0,1,
645007,1877.9,131.7,165.3,49.3,713.0,3543.0,14.0,1,
645107,1885.5,143.0,163.7,93.6,317.0,2486.0,14.0,1,
645207,1865.3,74.5,164.0,109.3,416.0,2498.0,14.0,1,
645307,1850.0,73.2,163.5,99.8,416.0,2498.0,14.0,1,
645407,1862.4,77.3,163.0,101.4,416.0,2498.0,14.0,1,
645607,1861.2,74.4,162.3,143.4,416.0,2498.0,14.0,1,
645707,1864.8,93.0,162.4,156.1,416.0,2498.0,14.0,1,
645807,1861.5,87.3,162.8,156.6,416.0,2498.0,14.0,1,
645907,1867.9,85.9,161.9,155.7,416.0,2498.0,14.0,1,
646007,1861.8,77.3,162.1,154.5,416.0,2498.0,14.0,1,
646107,1872.8,83.0,162.5,136.1,416.0,2498.0,14.0,1,
646207,1821.5,354.7,163.4,131.1,1007.0,7467.0,17.0,1,
646307,1883.0,290.4,166.9,102.1,931.0,6602.0,15.0,1,
646407,1864.4,315.7,175.2,37.1,730.0,5499.0,15.0,1,
646607,1877.1,145.7,188.5,39.2,799.0,4242.0,14.0,1,
646707,1839.7,128.8,188.7,43.9,370.0,2644.0,15.0,1,
646807,1890.7,68.7,187.9,65.9,620.0,3049.0,12.0,1,
646907,1865.2,91.4,188.0,94.4,620.0,3049.0,12.0,1,
647007,1874.0,83.9,188.4,102.1,620.0,3049.0,12.0,1,
647107,1877.0,74.3,188.0,124.1,620.0,3049.0,12.0,1,
647207,1870.4,80.7,188.4,131.9,620.0,3049.0,12.0,1,
647307,1862.0,85.6,188.3,115.6,620.0,3049.0,12.0,1,
647407,1862.7,75.3,187.9,115.1,620.0,3049.0,12.0,1,
647607,1866.0,93.2,188.1,145.6,620.0,3049.0,12.0,1,
647707,1869.3,76.9,188.7,146.0,620.0,3049.0,12.0,1,
647807,1859.3,221.2,189.2,143.9,1074.0,7623.0,17.0,1,
647907,1872.3,347.2,194.6,111.7,831.0,6385.0,24.0,1,
648007,1892.8,314.3,195.2,40.1,742.0,6130.0,20.0,1,
648107,1847.6,210.0,193.6,44.6,748.0,5523.0,16.0,1,
648207,1849.3,192.0,193.0,65.4,974.0,5046.0,14.0,1,
648307,1890.0,134.1,194.3,39.8,602.0,3296.0,15.0,1,
648407,1877.2,97.5,194.3,38.4,503.0,3300.0,6.0,1,
648607,1855.7,76.2,194.5,40.0,503.0,3300.0,6.0,1,
648707,1852.7,87.2,194.4,99.0,503.0,3300.0,6.0,1,
648807,1863.0,82.8,194.6,124.4,503.0,3300.0,6.0,1,
648907,1861.5,78.7,194.8,136.7,503.0,3300.0,6.0,1,
649007,1864.1,87.1,195.4,154.4,503.0,3300.0,6.0,1,
649107,1859.9,82.7,196.1,153.9,503.0,3300.0,6.0,1,
649207,1866.0,100.4,195.9,151.3,503.0,3300.0,6.0,1,
649307,1857.5,91.6,196.4,151.4,503.0,3300.0,6.0,1,
649407,1865.9,211.2,195.8,151.9,543.0,4160.0,18.0,1,
649607,1835.2,265.6,187.1,86.5,819.0,5850.0,19.0,1,
649707,1863.1,204.8,181.5,51.1,823.0,4879.0,15.0,1,
649807,1898.4,157.9,182.0,44.7,604.0,4290.0,15.0,1,
649907,1877.3,224.4,181.8,40.7,496.0,3464.0,15.0,1,
650007,1873.5,135.1,187.8,39.2,406.0,2931.0,14.0,1,
650107,1870.3,98.9,188.2,39.5,406.0,2931.0,14.0,1,
650207,1854.1,99.7,187.9,40.1,406.0,2931.0,14.0,1,
650307,1848.2,80.6,188.8,67.0,406.0,2931.0,14.0,1,
650407,1869.0,87.8,189.1,102.1,406.0,2931.0,14.0,1,
650607,1864.2,82.0,188.8,122.4,406.0,2931.0,14.0,1,
650707,1866.5,82.6,187.4,123.8,406.0,2931.0,14.0,1,
650807,1857.4,86.8,188.0,123.6,406.0,2931.0,14.0,1,
650907,1858.5,83.9,188.0,114.2,406.0,2931.0,14.0,1,
651007,1854.7,97.9,188.4,115.4,406.0,2931.0,14.0,1,
651107,1852.9,382.3,195.1,131.0,1762.0,9926.0,24.0,1,
651207,1863.1,297.5,196.7,99.2,778.0,5390.0,16.0,1,
651307,1921.2,255.1,203.2,56.0,925.0,6038.0,15.0,1,
651407,1876.6,283.1,202.1,65.5,483.0,4364.0,12.0,1,
651607,1892.0,125.0,201.7,38.5,593.0,3730.0,14.0,1,
651707,1892.3,97.9,200.3,37.4,476.0,3096.0,14.0,1,
651807,1819.8,74.3,200.4,44.8,476.0,3096.0,14.0,1,
651907,1877.4,96.4,200.3,89.8,476.0,3096.0,14.0,1,
652007,1862.0,96.2,200.3,101.8,476.0,3096.0,14.0,1,
652107,1861.7,82.5,200.6,111.0,476.0,3096.0,14.0,1,
652207,1862.9,78.8,200.7,111.3,476.0,3096.0,14.0,1,
652307,1866.6,104.6,200.7,110.3,476.0,3096.0,14.0,1,
652407,1858.4,81.8,201.0,110.2,476.0,3096.0,14.0,1,
652607,1862.1,99.8,200.8,111.7,476.0,3096.0,14.0,1,
652707,1812.1,445.0,211.9,108.8,1823.0,12045.0,22.0,1,
652807,1954.1,305.5,211.0,67.4,969.0,5930.0,18.0,1,
652907,1839.6,289.0,209.1,36.0,1131.0,7082.0,15.0,1,
653007,1850.6,225.4,207.3,36.7,616.0,4507.0,15.0,1,
653107,1891.9,152.4,205.5,38.9,552.0,3814.0,6.0,1,
653207,1876.0,179.1,208.6,38.1,588.0,3226.0,15.0,1,
653307,1884.3,78.6,209.7,29.3,588.0,3226.0,15.0,1,
653407,1847.4,91.6,209.1,38.0,588.0,3226.0,15.0,1,
653607,1875.6,80.0,209.5,100.6,588.0,3226.0,15.0,1,
653707,1867.6,78.2,208.9,99.5,588.0,3226.0,15.0,1,
653807,1851.8,89.9,208.5,112.6,588.0,3226.0,15.0,1,
653907,1860.7,80.6,208.6,140.2,588.0,3226.0,15.0,1,
654007,1866.8,82.8,207.9,141.6,588.0,3226.0,15.0,1,
654107,1858.7,88.0,207.5,133.3,588.0,3226.0,15.0,1,
654207,1870.2,75.7,207.5,117.0,588.0,3226.0,15.0,1,
654307,1884.6,360.4,202.2,111.7,960.0,6070.0,21.0,1,
654407,1837.5,361.9,196.9,89.7,995.0,7225.0,16.0,1,
654607,1894.7,247.4,200.2,35.2,747.0,5116.0,15.0,1,
654707,1877.3,230.7,200.5,38.9,541.0,4689.0,15.0,1,
654807,1880.1,147.2,200.2,39.6,562.0,3146.0,15.0,1,
654907,1853.8,88.0,200.2,38.9,606.0,3539.0,3.0,1,
655007,1858.1,93.3,200.2,46.5,606.0,3539.0,3.0,1,
655107,1875.0,81.2,201.2,74.1,606.0,3539.0,3.0,1,
655207,1853.7,76.4,200.3,100.4,606.0,3539.0,3.0,1,
655307,1853.5,72.3,200.1,125.3,606.0,3539.0,3.0,1,
655407,1865.2,79.1,200.5,138.7,606.0,3539.0,3.0,1,
655607,1856.0,85.7,200.6,173.6,606.0,3539.0,3.0,1,
655707,1866.0,95.8,201.1,152.1,606.0,3539.0,3.0,1,
655807,1863.7,79.3,201.0,143.5,606.0,3539.0,3.0,1,
655907,1837.3,147.4,200.4,142.0,603.0,3054.0,18.0,1,
656007,1853.4,370.8,197.8,132.8,1322.0,8326.0,15.0,1,
656107,1896.7,262.9,201.8,66.1,843.0,6671.0,12.0,1,
656207,1872.7,223.3,196.5,35.1,724.0,4416.0,15.0,1,
656307,1870.8,315.4,197.9,35.8,528.0,4200.0,14.0,1,
656407,1830.7,176.0,200.2,37.0,592.0,4142.0,15.0,1,
656607,1854.0,380.2,208.7,38.3,592.0,4142.0,15.0,1,
656707,1923.9,97.5,217.6,65.4,1303.0,10283.0,25.0,0,
656807,1859.0,87.2,217.7,35.6,1303.0,10283.0,25.0,0,
656907,1773.6,302.8,226.3,28.7,733.0,12451.0,2.0,0,
657007,1925.5,100.6,228.2,66.0,733.0,12451.0,2.0,0,
657107,1811.4,44.3,228.0,54.7,747.0,4510.0,28.0,0,
657207,1881.5,21.0,225.8,43.7,747.0,4510.0,28.0,0,
657307,1879.3,13.5,224.2,34.9,747.0,4510.0,28.0,0,
657407,1869.5,6.0,222.5,36.8,747.0,4510.0,28.0,0,
657607,1872.2,122.2,207.2,35.7,654.0,4884.0,15.0,1,
657707,1864.8,163.4,192.2,35.7,643.0,4815.0,15.0,1,
657807,1856.2,142.1,183.7,36.7,638.0,4830.0,14.0,1,
657907,1852.6,145.2,176.0,39.9,587.0,4522.0,15.0,1,
658007,1864.8,127.4,165.0,65.6,505.0,3885.0,14.0,1,
658107,1867.8,112.9,164.9,53.3,444.0,3485.0,14.0,1,
658207,1854.9,17.7,158.1,50.4,444.0,3485.0,14.0,1,
658307,1865.3,15.1,132.9,45.1,444.0,3485.0,14.0,1,
658407,1858.2,6.4,130.1,41.1,444.0,3485.0,14.0,1,
658607,1849.5,13.7,102.3,55.5,444.0,3485.0,14.0,1,
658707,1849.5,9.5,99.7,89.0,444.0,3485.0,14.0,1,
658807,1850.3,9.0,99.2,94.1,444.0,3485.0,14.0,1,
658907,1840.0,47.6,99.4,91.7,444.0,3485.0,14.0,1,
659007,1877.0,30.0,100.1,44.1,444.0,3485.0,14.0,1,
659107,1876.0,10.6,100.2,38.3,444.0,3485.0,14.0,1,
659207,1887.6,198.3,98.4,36.3,622.0,5111.0,17.0,1,
659307,1861.4,165.3,100.0,34.9,610.0,4622.0,15.0,1,
659407,1879.5,128.5,101.1,35.4,529.0,4280.0,15.0,1,
659607,1864.2,14.3,88.9,45.5,90.0,609.0,2.0,0,
659707,1854.3,3.5,81.1,47.8,94.0,617.0,2.0,0,
659807,1861.6,2.2,79.0,109.2,96.0,606.0,2.0,0,
659907,1860.9,1.8,78.9,172.6,96.0,606.0,2.0,0,
660007,1860.5,1.6,78.8,157.9,96.0,606.0,2.0,0,
660107,1861.0,2.0,78.7,82.8,96.0,606.0,2.0,0,
660207,1860.9,1.6,78.5,99.4,96.0,606.0,2.0,0,
660307,1860.5,1.9,78.4,99.3,96.0,606.0,2.0,0,
660407,1860.5,2.1,78.3,99.5,96.0,606.0,2.0,0,
660607,1860.3,1.8,77.0,99.9,96.0,606.0,2.0,0,
660707,1861.0,1.9,76.9,99.8,96.0,606.0,2.0,0,
660807,1865.5,6.8,69.0,150.9,121.0,789.0,2.0,0,
660907,1853.7,4.9,51.3,153.2,137.0,1007.0,2.0,0,
661007,1865.9,5.2,31.6,152.2,130.0,973.0,2.0,0,
661107,1863.1,6.0,18.0,150.2,178.0,1020.0,2.0,0,
661207,1843.3,8.8,14.1,153.4,193.0,1180.0,2.0,0,
661307,1874.0,11.0,13.7,65.8,199.0,1346.0,2.0,0,
661407,1861.3,3.3,14.0,66.4,244.0,1524.0,3.0,1,
661607,1854.0,7.3,14.5,66.9,244.0,1524.0,3.0,1,
661707,1854.8,6.7,14.6,56.4,244.0,1524.0,3.0,1,
661807,1855.4,6.2,14.7,57.4,244.0,1524.0,3.0,1,
661907,1856.2,5.2,14.8,88.5,244.0,1524.0,3.0,1,
662007,1857.2,4.7,14.8,86.9,244.0,1524.0,3.0,1,
662107,1857.0,5.0,14.9,77.0,244.0,1524.0,3.0,1,
662207,1856.8,4.4,14.9,100.4,244.0,1524.0,3.0,1,
662307,1857.4,4.7,14.9,103.8,244.0,1524.0,3.0,1,
662407,1844.0,121.9,27.4,43.6,1047.0,6178.0,25.0,0,
662607,1859.3,148.9,79.8,35.7,634.0,4645.0,15.0,1,
662707,1836.4,153.1,87.6,35.3,641.0,4214.0,16.0,1,
662807,1859.4,147.8,99.0,35.8,613.0,3941.0,23.0,1,
662907,1863.1,182.5,106.6,36.2,542.0,3502.0,15.0,1,
663007,1863.4,51.4,114.0,28.1,473.0,3200.0,15.0,1,
663107,1858.9,6.0,114.0,29.6,473.0,3200.0,15.0,1,
663207,1858.7,3.4,113.9,35.1,473.0,3200.0,15.0,1,
663307,1859.8,2.7,113.8,36.6,473.0,3200.0,15.0,1,
663407,1860.8,2.2,113.8,37.1,473.0,3200.0,15.0,1,
663607,1859.9,2.6,113.7,110.7,473.0,3200.0,15.0,1,
663707,1859.7,2.7,113.7,100.7,473.0,3200.0,15.0,1,
663807,1860.1,1.9,113.7,99.5,473.0,3200.0,15.0,1,
663907,1860.5,2.3,113.6,100.1,473.0,3200.0,15.0,1,
664007,1879.0,95.7,113.8,67.0,823.0,5602.0,25.0,0,
664107,1844.4,241.4,121.5,35.3,759.0,5276.0,23.0,1,
664207,1837.3,186.5,120.4,35.3,687.0,4941.0,23.0,1,
664307,1878.5,117.0,119.4,35.8,704.0,4518.0,22.0,1,
664407,1870.3,143.0,116.0,39.6,596.0,3859.0,23.0,1,
664607,1854.6,84.6,111.9,47.7,437.0,3168.0,24.0,1,
664707,1855.9,8.4,111.9,35.9,437.0,3168.0,24.0,1,
664807,1858.8,4.1,111.9,35.0,437.0,3168.0,24.0,1,
664907,1859.4,3.4,111.9,35.1,437.0,3168.0,24.0,1,
665007,1858.8,4.5,111.9,35.8,437.0,3168.0,24.0,1,
665107,1857.2,3.9,111.9,75.0,437.0,3168.0,24.0,1,
665207,1857.8,3.9,111.9,93.3,437.0,3168.0,24.0,1,
665307,1857.2,5.2,111.9,99.6,437.0,3168.0,24.0,1,
665407,1857.2,5.6,111.9,100.4,437.0,3168.0,24.0,1,
665607,1866.9,57.4,111.9,81.1,437.0,3168.0,24.0,1,
665707,1839.6,215.0,109.4,38.5,792.0,5285.0,23.0,1,
665807,1879.9,160.4,106.6,35.5,707.0,4894.0,23.0,1,
665907,1860.4,211.6,106.7,35.2,714.0,4539.0,16.0,1,
666007,1868.7,114.5,112.1,35.2,603.0,3748.0,23.0,1,
666107,1854.1,179.0,111.7,35.4,544.0,3322.0,24.0,1,
666207,1834.3,142.8,113.4,28.8,464.0,3177.0,24.0,1,
666307,1866.7,11.2,113.5,29.5,464.0,3177.0,24.0,1,
666407,1858.9,4.3,113.5,36.5,464.0,3177.0,24.0,1,
666607,1861.6,2.7,113.5,36.2,464.0,3177.0,24.0,1,
666707,1860.3,2.9,113.5,44.6,464.0,3177.0,24.0,1,
666807,1859.1,3.6,113.5,76.7,464.0,3177.0,24.0,1,
666907,1858.7,3.3,113.5,86.3,464.0,3177.0,24.0,1,
667007,1860.3,2.8,113.5,105.6,464.0,3177.0,24.0,1,
667107,1859.8,3.3,113.4,102.1,464.0,3177.0,24.0,1,
667207,1859.0,2.4,113.4,103.5,464.0,3177.0,24.0,1,
667307,1874.2,159.3,110.9,38.0,883.0,5105.0,23.0,1,
667407,1860.7,294.1,109.4,36.1,772.0,4947.0,23.0,1,
667607,1854.1,133.7,114.5,35.2,635.0,4026.0,24.0,1,
667707,1847.6,134.3,116.2,34.8,430.0,3117.0,23.0,1,
667807,1877.6,152.8,113.2,29.9,450.0,3200.0,23.0,1,
667907,1850.3,19.7,113.3,39.4,417.0,3005.0,16.0,1,
668007,1862.5,3.8,113.3,35.8,417.0,3005.0,16.0,1,
668107,1860.4,3.1,113.3,35.2,417.0,3005.0,16.0,1,
668207,1863.5,3.9,113.3,35.8,417.0,3005.0,16.0,1,
668307,1862.1,2.4,113.3,42.0,417.0,3005.0,16.0,1,
668407,1861.1,2.2,113.3,94.3,417.0,3005.0,16.0,1,
668607,1860.8,2.3,113.2,100.7,417.0,3005.0,16.0,1,
668707,1861.2,2.5,113.2,105.2,417.0,3005.0,16.0,1,
668807,1861.2,3.7,113.2,98.8,417.0,3005.0,16.0,1,
668907,1869.2,204.2,113.7,37.7,1017.0,6268.0,24.0,1,
669007,1840.5,250.6,122.1,35.2,751.0,5244.0,22.0,1,
669107,1853.6,177.6,120.9,35.8,712.0,4807.0,23.0,1,
669207,1859.4,125.3,121.3,36.0,717.0,4305.0,23.0,1,
669307,1886.0,133.8,120.6,34.5,538.0,3500.0,23.0,1,
669407,1857.7,142.3,121.3,37.3,525.0,3450.0,16.0,1,
669607,1862.3,4.5,119.6,35.5,525.0,3450.0,16.0,1,
669707,1862.0,3.6,119.6,35.3,525.0,3450.0,16.0,1,
669807,1863.3,3.2,119.6,36.0,525.0,3450.0,16.0,1,
669907,1861.5,2.5,119.6,40.4,525.0,3450.0,16.0,1,
670007,1861.0,2.6,119.6,81.8,525.0,3450.0,16.0,1,
670107,1860.3,2.4,119.6,79.8,525.0,3450.0,16.0,1,
670207,1860.5,2.1,119.6,98.8,525.0,3450.0,16.0,1,
670307,1861.9,2.8,119.6,99.9,525.0,3450.0,16.0,1,
670407,1862.4,3.1,119.6,78.3,525.0,3450.0,16.0,1,
670607,1855.7,225.3,116.8,35.6,694.0,5135.0,22.0,1,
670707,1873.2,174.2,112.7,35.4,731.0,4850.0,23.0,1,
670807,1880.7,122.3,113.6,36.0,705.0,4606.0,23.0,1,
670907,1842.4,200.5,114.2,36.4,573.0,3531.0,24.0,1,
671007,1851.9,143.7,117.4,29.5,457.0,3152.0,16.0,1,
671107,1869.4,51.0,117.3,38.2,519.0,3342.0,15.0,1,
671207,1865.2,7.3,117.3,35.6,519.0,3342.0,15.0,1,
671307,1862.4,3.1,117.3,35.2,519.0,3342.0,15.0,1,
671407,1861.6,2.9,117.3,36.1,519.0,3342.0,15.0,1,
671607,1859.9,2.6,117.3,80.9,519.0,3342.0,15.0,1,
671707,1859.0,3.2,117.4,86.2,519.0,3342.0,15.0,1,
671807,1859.5,3.2,117.4,86.8,519.0,3342.0,15.0,1,
671907,1859.4,2.8,117.4,109.8,519.0,3342.0,15.0,1,
672007,1859.2,2.5,117.4,116.1,519.0,3342.0,15.0,1,
672107,1859.4,102.9,117.1,99.0,519.0,3342.0,15.0,1,
672207,1879.8,242.6,116.8,78.3,814.0,5399.0,23.0,1,
672307,1866.2,147.4,118.0,39.2,573.0,5053.0,16.0,1,
672407,1835.9,218.3,118.4,35.6,724.0,4657.0,16.0,1,
672607,1871.0,167.7,121.6,40.3,601.0,3812.0,23.0,1,
672707,1858.8,109.6,122.0,35.1,482.0,3352.0,24.0,1,
672807,1852.4,10.5,122.0,35.7,482.0,3352.0,24.0,1,
672907,1864.5,3.5,122.0,34.5,482.0,3352.0,24.0,1,
673007,1861.6,2.8,122.0,34.8,482.0,3352.0,24.0,1,
673107,1861.4,2.1,122.0,36.3,482.0,3352.0,24.0,1,
673207,1861.2,2.1,122.0,67.4,482.0,3352.0,24.0,1,
673307,1860.5,2.6,122.0,99.3,482.0,3352.0,24.0,1,
673407,1860.2,1.9,122.0,102.3,482.0,3352.0,24.0,1,
673607,1861.0,2.3,122.0,109.6,482.0,3352.0,24.0,1,
673707,1860.4,7.5,122.0,101.5,482.0,3352.0,24.0,1,
673807,1861.7,204.6,118.4,36.5,987.0,5689.0,23.0,1,
673907,1838.1,197.4,114.1,35.5,691.0,4772.0,23.0,1,
674007,1871.4,118.7,114.3,35.5,682.0,4551.0,23.0,1,
674107,1862.4,125.6,109.3,35.6,618.0,3907.0,23.0,1,
674207,1875.7,157.8,111.3,39.7,561.0,3729.0,23.0,1,
674307,1849.1,122.5,107.1,39.5,469.0,3338.0,24.0,1,
674407,1866.4,12.7,106.4,37.6,435.0,3070.0,23.0,1,
674607,1861.9,2.4,106.4,35.5,435.0,3070.0,23.0,1,
674707,1862.1,2.5,106.4,37.1,435.0,3070.0,23.0,1,
674807,1861.6,2.2,106.4,55.2,435.0,3070.0,23.0,1,
674907,1860.9,2.2,106.4,99.5,435.0,3070.0,23.0,1,
675007,1861.6,2.2,106.4,99.7,435.0,3070.0,23.0,1,
675107,1860.8,2.4,106.4,100.0,435.0,3070.0,23.0,1,
675207,1861.5,3.2,106.4,100.8,435.0,3070.0,23.0,1,
675307,1861.4,2.1,106.4,84.6,435.0,3070.0,23.0,1,
675407,1843.1,200.7,108.1,35.6,851.0,5637.0,24.0,1,
675607,1862.1,137.9,112.1,35.8,739.0,4803.0,23.0,1,
675707,1850.2,113.7,112.4,37.5,680.0,4264.0,23.0,1,
675807,1866.4,134.0,109.3,36.8,558.0,3526.0,23.0,1,
675907,1844.5,147.1,108.9,50.0,410.0,2979.0,23.0,1,
676007,1872.9,25.4,110.8,66.8,451.0,3221.0,15.0,1,
676107,1863.1,3.7,110.8,34.6,451.0,3221.0,15.0,1,
676207,1862.0,2.9,110.8,34.8,451.0,3221.0,15.0,1,
676307,1862.7,2.0,110.8,35.3,451.0,3221.0,15.0,1,
676407,1863.0,2.1,110.8,37.6,451.0,3221.0,15.0,1,
676607,1862.0,2.4,110.8,92.4,451.0,3221.0,15.0,1,
676707,1861.9,1.9,110.8,92.0,451.0,3221.0,15.0,1,
676807,1861.8,3.0,110.8,88.6,451.0,3221.0,15.0,1,
676907,1861.5,2.1,110.8,87.4,451.0,3221.0,15.0,1,
677007,1875.7,208.5,118.2,99.1,1637.0,6580.0,16.0,1,
677107,1868.7,237.2,124.5,101.0,777.0,5078.0,23.0,1,
677207,1844.5,162.1,128.4,99.9,722.0,4814.0,23.0,1,
677307,1851.9,128.0,128.4,85.3,702.0,4300.0,24.0,1,
677407,1866.7,141.5,129.3,46.7,593.0,3842.0,23.0,1,
677607,1845.4,40.9,130.6,34.2,510.0,3488.0,16.0,1,
677707,1862.0,5.2,130.6,29.2,510.0,3488.0,16.0,1,
677807,1863.4,3.3,130.6,30.1,510.0,3488.0,16.0,1,
677907,1861.3,2.7,130.6,35.4,510.0,3488.0,16.0,1,
678007,1863.8,3.1,130.6,37.1,510.0,3488.0,16.0,1,
678107,1862.3,2.2,130.6,135.1,510.0,3488.0,16.0,1,
678207,1862.0,2.2,130.6,122.1,510.0,3488.0,16.0,1,
678307,1861.1,2.0,130.6,132.8,510.0,3488.0,16.0,1,
678407,1862.0,2.1,130.6,136.0,510.0,3488.0,16.0,1,
678607,1870.5,106.9,126.5,51.2,853.0,6126.0,25.0,0,
678707,1849.4,242.5,115.1,35.4,734.0,5539.0,24.0,1,
678807,1844.6,192.0,113.0,35.1,679.0,4808.0,23.0,1,
678907,1872.6,119.5,113.5,35.1,690.0,4472.0,23.0,1,
679007,1883.3,114.0,113.0,35.4,577.0,3733.0,23.0,1,
679107,1834.1,153.5,113.6,66.2,483.0,3424.0,24.0,1,
679207,1871.8,64.0,109.8,81.2,535.0,3432.0,15.0,1,
679307,1862.7,6.5,109.8,35.3,535.0,3432.0,15.0,1,
679407,1865.3,3.5,109.8,35.1,535.0,3432.0,15.0,1,
679607,1862.7,2.3,109.8,37.1,535.0,3432.0,15.0,1,
679707,1862.4,2.3,109.8,78.6,535.0,3432.0,15.0,1,
679807,1861.3,1.9,109.8,100.5,535.0,3432.0,15.0,1,
679907,1861.7,2.4,109.8,100.3,535.0,3432.0,15.0,1,
680007,1861.6,2.3,109.8,99.1,535.0,3432.0,15.0,1,
680107,1861.3,1.7,109.8,99.1,535.0,3432.0,15.0,1,
680207,1862.2,189.2,115.0,44.8,813.0,5522.0,25.0,0,
680307,1848.4,220.2,118.7,35.1,700.0,5549.0,24.0,1,
680407,1877.5,169.0,113.4,34.8,631.0,4848.0,23.0,1,
680607,1839.8,140.2,118.8,35.7,649.0,4246.0,23.0,1,
680707,1859.4,153.8,119.9,34.2,498.0,3471.0,23.0,1,
680807,1868.3,117.0,120.3,28.6,500.0,3489.0,15.0,1,
680907,1867.6,11.7,120.3,29.9,500.0,3489.0,15.0,1,
681007,1868.5,6.4,120.2,34.6,500.0,3489.0,15.0,1,
681107,1865.4,5.1,120.2,35.3,500.0,3489.0,15.0,1,
681207,1867.9,6.1,120.2,36.2,500.0,3489.0,15.0,1,
681307,1865.4,4.3,120.2,48.6,500.0,3489.0,15.0,1,
681407,1864.8,3.3,120.1,110.4,500.0,3489.0,15.0,1,
681607,1861.8,2.3,120.1,88.3,500.0,3489.0,15.0,1,
681707,1861.2,2.2,120.1,101.8,500.0,3489.0,15.0,1,
681807,1861.4,1.6,120.1,101.9,500.0,3489.0,15.0,1,
681907,1889.8,215.3,110.6,36.7,926.0,5755.0,23.0,1,
682007,1837.3,248.6,118.4,35.6,628.0,5012.0,23.0,1,
682107,1845.5,165.9,123.5,35.0,569.0,4826.0,16.0,1,
682207,1861.6,128.9,119.6,35.0,614.0,4105.0,24.0,1,
682307,1864.2,147.1,118.4,34.9,476.0,3441.0,24.0,1,
682407,1880.3,140.7,117.1,29.9,517.0,3349.0,15.0,1,
682607,1863.0,3.5,118.1,35.5,517.0,3349.0,15.0,1,
682707,1863.2,3.4,118.1,35.5,517.0,3349.0,15.0,1,
682807,1862.8,2.9,118.2,36.0,517.0,3349.0,15.0,1,
682907,1861.3,3.5,118.2,39.3,517.0,3349.0,15.0,1,
683007,1861.6,3.1,118.2,84.2,517.0,3349.0,15.0,1,
683107,1861.4,2.7,118.2,83.0,517.0,3349.0,15.0,1,
683207,1861.3,3.0,118.2,78.7,517.0,3349.0,15.0,1,
683307,1861.1,3.7,118.2,76.2,517.0,3349.0,15.0,1,
683407,1861.0,2.9,118.2,80.3,517.0,3349.0,15.0,1,
683607,1847.7,228.2,116.4,35.6,734.0,5065.0,23.0,1,
683707,1865.5,166.0,112.4,36.0,718.0,4714.0,22.0,1,
683807,1873.7,114.1,110.8,38.0,656.0,4375.0,23.0,1,
683907,1873.7,130.2,110.8,36.0,620.0,4073.0,24.0,1,
684007,1839.5,184.0,111.5,50.5,473.0,3431.0,15.0,1,
684107,1874.5,30.5,113.1,108.4,503.0,3458.0,16.0,1,
684207,1859.9,3.7,113.1,35.4,503.0,3458.0,16.0,1,
684307,1862.7,2.9,113.1,35.4,503.0,3458.0,16.0,1,
684407,1862.4,3.0,113.1,35.9,503.0,3458.0,16.0,1,
684607,1861.2,2.3,113.1,94.5,503.0,3458.0,16.0,1,
684707,1861.6,2.2,113.1,100.6,503.0,3458.0,16.0,1,
684807,1861.0,1.8,113.1,99.3,503.0,3458.0,16.0,1,
684907,1861.2,2.3,113.1,99.2,503.0,3458.0,16.0,1,
685007,1861.9,2.1,113.1,90.8,503.0,3458.0,16.0,1,
685107,1860.5,203.1,116.5,67.4,1006.0,6158.0,24.0,1,
685207,1872.6,244.0,122.1,36.0,731.0,5275.0,24.0,1,
685307,1881.2,177.5,123.1,34.9,649.0,5007.0,23.0,1,
685407,1850.5,144.1,123.3,35.2,800.0,4910.0,15.0,1,
685607,1867.9,170.4,130.8,30.1,608.0,3845.0,4.0,1,
685707,1860.7,53.1,128.4,30.1,479.0,3319.0,16.0,1,
685807,1860.5,5.5,128.4,28.3,479.0,3319.0,16.0,1,
685907,1862.2,3.9,128.4,30.0,479.0,3319.0,16.0,1,
686007,1865.6,5.2,128.4,35.3,479.0,3319.0,16.0,1,
686107,1865.0,3.5,128.4,36.7,479.0,3319.0,16.0,1,
686207,1862.8,3.0,128.4,83.4,479.0,3319.0,16.0,1,
686307,1862.9,3.0,128.4,90.2,479.0,3319.0,16.0,1,
686407,1861.8,2.6,128.4,93.4,479.0,3319.0,16.0,1,
686607,1862.0,2.6,128.4,98.8,479.0,3319.0,16.0,1,
686707,1866.0,126.2,128.4,68.0,848.0,5724.0,25.0,0,
686807,1883.3,262.3,127.0,66.2,673.0,5416.0,23.0,1,
686907,1833.0,230.9,131.8,36.1,687.0,4919.0,22.0,1,
687007,1841.1,135.9,131.2,30.1,767.0,4751.0,23.0,1,
687107,1880.0,115.7,130.3,30.2,626.0,3972.0,23.0,1,
687207,1866.6,166.3,125.0,35.6,507.0,3446.0,23.0,1,
687307,1863.1,89.1,124.2,109.4,405.0,2942.0,15.0,1,
687407,1852.6,8.0,124.1,34.8,405.0,2942.0,15.0,1,
687607,1862.9,4.5,124.1,35.8,405.0,2942.0,15.0,1,
687707,1864.9,2.9,124.1,37.3,405.0,2942.0,15.0,1,
687807,1861.7,3.2,124.1,57.3,405.0,2942.0,15.0,1,
687907,1858.1,3.3,124.1,99.3,405.0,2942.0,15.0,1,
688007,1860.5,2.8,124.1,79.1,405.0,2942.0,15.0,1,
688107,1862.5,3.4,124.1,68.9,405.0,2942.0,15.0,1,
688207,1861.0,2.2,124.1,80.3,405.0,2942.0,15.0,1,
688307,1849.8,34.1,124.1,85.6,405.0,2942.0,15.0,1,
688407,1863.7,224.6,118.9,35.9,921.0,5731.0,24.0,1,
688607,1888.9,141.6,113.7,35.3,739.0,4949.0,23.0,1,
688707,1859.4,158.4,113.9,35.3,652.0,4280.0,23.0,1,
688807,1846.3,154.4,119.1,35.8,469.0,3266.0,23.0,1,
688907,1864.3,144.9,119.5,29.8,371.0,2837.0,16.0,1,
689007,1869.1,11.4,119.4,28.2,371.0,2837.0,16.0,1,
689107,1862.3,5.1,119.4,34.8,371.0,2837.0,16.0,1,
689207,1864.5,5.2,119.4,35.7,371.0,2837.0,16.0,1,
689307,1865.6,3.6,119.4,35.5,371.0,2837.0,16.0,1,
689407,1863.3,2.8,119.4,41.6,371.0,2837.0,16.0,1,
689607,1861.9,2.1,119.4,84.8,371.0,2837.0,16.0,1,
689707,1861.2,2.3,119.4,99.1,371.0,2837.0,16.0,1,
689807,1862.7,2.8,119.3,79.1,371.0,2837.0,16.0,1,
689907,1862.5,2.1,119.3,74.0,371.0,2837.0,16.0,1,
690007,1853.4,211.3,119.7,35.8,870.0,5488.0,24.0,1,
690107,1886.4,219.8,119.3,35.3,672.0,5150.0,23.0,1,
690207,1852.4,162.6,116.9,35.6,685.0,4922.0,23.0,1,
690307,1851.0,125.9,117.1,36.0,654.0,4542.0,23.0,1,
690407,1859.0,132.1,113.3,35.8,535.0,3504.0,24.0,1,
690607,1866.8,18.3,109.2,35.0,430.0,3041.0,15.0,1,
690707,1864.2,6.6,109.2,35.4,430.0,3041.0,15.0,1,
690807,1868.1,6.7,109.2,35.2,430.0,3041.0,15.0,1,
690907,1867.2,6.9,109.2,35.6,430.0,3041.0,15.0,1,
691007,1867.9,6.2,109.2,39.5,430.0,3041.0,15.0,1,
691107,1867.1,5.3,109.2,92.8,430.0,3041.0,15.0,1,
691207,1865.0,4.2,109.2,100.4,430.0,3041.0,15.0,1,
691307,1863.5,3.3,109.2,100.1,430.0,3041.0,15.0,1,
691407,1861.9,3.4,109.2,87.9,430.0,3041.0,15.0,1,
691607,1894.7,185.6,111.2,36.9,1040.0,6445.0,25.0,0,
691707,1827.4,250.1,116.5,35.4,647.0,5188.0,23.0,1,
691807,1853.5,150.4,114.7,35.2,682.0,5043.0,23.0,1,
691907,1865.9,132.2,113.6,35.2,768.0,4671.0,23.0,1,
692007,1862.9,132.4,113.4,35.5,580.0,3894.0,23.0,1,
692107,1877.5,160.0,115.9,40.4,531.0,3488.0,23.0,1,
692207,1837.9,37.7,116.6,38.6,426.0,3146.0,14.0,1,
692307,1859.6,4.4,116.6,37.0,426.0,3146.0,14.0,1,
692407,1863.0,3.2,116.6,35.6,426.0,3146.0,14.0,1,
692607,1861.1,2.7,116.6,36.4,426.0,3146.0,14.0,1,
692707,1860.3,3.3,116.6,76.7,426.0,3146.0,14.0,1,
692807,1861.0,2.7,116.6,79.8,426.0,3146.0,14.0,1,
692907,1860.8,2.4,116.6,90.8,426.0,3146.0,14.0,1,
693007,1860.9,2.4,116.6,100.2,426.0,3146.0,14.0,1,
693107,1861.3,2.3,116.6,101.1,426.0,3146.0,14.0,1,
693207,1859.4,124.3,114.6,55.3,740.0,5346.0,25.0,0,
693307,1848.0,221.4,109.5,35.9,640.0,5134.0,23.0,1,
693407,1871.3,267.3,119.0,35.5,650.0,4894.0,22.0,1,
693607,1865.3,92.6,119.9,35.0,631.0,3952.0,24.0,1,
693707,1841.6,167.8,119.3,34.6,458.0,3127.0,23.0,1,
693807,1871.8,64.5,119.3,30.2,366.0,2844.0,23.0,1,
693907,1862.3,6.2,119.3,35.4,366.0,2844.0,23.0,1,
694007,1864.2,4.1,119.3,35.0,366.0,2844.0,23.0,1,
694107,1862.3,3.3,119.3,35.5,366.0,2844.0,23.0,1,
694207,1862.6,3.0,119.3,37.1,366.0,2844.0,23.0,1,
694307,1862.6,3.6,119.3,111.7,366.0,2844.0,23.0,1,
694407,1863.2,3.6,119.3,99.4,366.0,2844.0,23.0,1,
694607,1864.6,4.0,119.3,107.4,366.0,2844.0,23.0,1,
694707,1865.1,4.7,119.2,102.0,366.0,2844.0,23.0,1,
694807,1854.6,107.0,119.5,80.7,759.0,5365.0,25.0,0,
694907,1870.3,237.4,123.3,36.2,734.0,5403.0,22.0,1,
695007,1874.6,191.3,119.8,35.2,701.0,4854.0,23.0,1,
695107,1845.0,118.0,111.5,35.3,660.0,4875.0,23.0,1,
695207,1831.8,106.8,111.1,35.9,609.0,3961.0,23.0,1,
695307,1859.5,123.9,110.6,39.4,569.0,3620.0,23.0,1,
695407,1869.2,118.1,109.3,65.6,390.0,2942.0,16.0,1,
695607,1859.8,3.2,109.2,35.1,390.0,2942.0,16.0,1,
695707,1863.2,3.4,109.2,35.2,390.0,2942.0,16.0,1,
695807,1859.6,2.5,109.2,35.8,390.0,2942.0,16.0,1,
695907,1861.0,2.4,109.2,56.4,390.0,2942.0,16.0,1,
696007,1863.6,3.6,109.2,100.6,390.0,2942.0,16.0,1,
696107,1865.4,4.4,109.2,99.9,390.0,2942.0,16.0,1,
696207,1863.4,3.1,109.2,99.2,390.0,2942.0,16.0,1,
696307,1864.5,3.6,109.2,99.7,390.0,2942.0,16.0,1,
696407,1863.9,3.8,109.2,101.3,390.0,2942.0,16.0,1,
696607,1842.8,208.6,108.0,35.4,731.0,5040.0,22.0,1,
696707,1843.3,150.3,104.9,35.2,738.0,4890.0,23.0,1,
696807,1891.7,98.0,111.9,35.6,699.0,4372.0,23.0,1,
696907,1873.7,135.2,112.8,36.0,438.0,3382.0,23.0,1,
697007,1850.2,152.5,113.4,34.2,448.0,3307.0,23.0,1,
697107,1860.7,15.9,113.5,35.8,479.0,3404.0,24.0,1,
697207,1864.0,4.2,113.5,34.7,479.0,3404.0,24.0,1,
697307,1861.9,2.9,113.5,35.1,479.0,3404.0,24.0,1,
697407,1862.6,3.2,113.5,35.9,479.0,3404.0,24.0,1,
697607,1862.0,2.5,113.5,90.8,479.0,3404.0,24.0,1,
697707,1860.5,2.8,113.5,92.2,479.0,3404.0,24.0,1,
697807,1860.1,2.1,113.6,104.5,479.0,3404.0,24.0,1,
697907,1860.4,3.6,113.6,112.6,479.0,3404.0,24.0,1,
698007,1860.8,2.8,113.6,101.3,479.0,3404.0,24.0,1,
698107,1861.8,185.1,114.9,36.1,1024.0,5927.0,24.0,1,
698207,1845.2,202.8,118.5,35.2,771.0,5157.0,23.0,1,
698307,1888.0,126.9,116.2,35.2,766.0,4902.0,15.0,1,
698407,1860.3,134.8,113.3,35.4,786.0,4701.0,22.0,1,
698607,1862.0,118.2,112.4,43.0,599.0,3693.0,4.0,1,
698707,1863.0,25.4,111.7,42.0,459.0,3255.0,15.0,1,
698807,1859.9,4.0,111.6,35.5,459.0,3255.0,15.0,1,
698907,1861.6,2.4,111.6,35.3,459.0,3255.0,15.0,1,
699007,1861.9,2.6,111.6,35.9,459.0,3255.0,15.0,1,
699107,1861.8,2.8,111.6,38.8,459.0,3255.0,15.0,1,
699207,1861.3,1.9,111.6,111.7,459.0,3255.0,15.0,1,
699307,1861.3,2.1,111.6,100.0,459.0,3255.0,15.0,1,
699407,1861.1,2.4,111.6,87.8,459.0,3255.0,15.0,1,
699607,1861.5,2.4,111.6,84.0,459.0,3255.0,15.0,1,
699707,1848.5,190.2,110.4,47.8,1105.0,6414.0,24.0,1,
699807,1893.2,252.4,114.1,35.1,827.0,5215.0,23.0,1,
699907,1855.1,181.7,117.7,35.0,805.0,5093.0,23.0,1,
700007,1843.5,138.0,118.6,35.2,759.0,4801.0,16.0,1,
700107,1861.8,181.8,121.6,35.5,733.0,4347.0,23.0,1,
700207,1862.2,136.6,121.9,38.1,619.0,3992.0,5.0,1,
700307,1876.0,42.4,122.3,37.7,579.0,3721.0,16.0,1,
700407,1861.7,5.7,122.3,35.1,579.0,3721.0,16.0,1,
700607,1862.4,3.5,122.3,35.4,579.0,3721.0,16.0,1,
700707,1862.8,2.6,122.3,37.3,579.0,3721.0,16.0,1,
700807,1861.5,2.3,122.3,100.3,579.0,3721.0,16.0,1,
700907,1861.6,2.8,122.3,102.0,579.0,3721.0,16.0,1,
701007,1861.5,3.1,122.3,100.7,579.0,3721.0,16.0,1,
701107,1860.8,2.0,122.3,99.8,579.0,3721.0,16.0,1,
701207,1860.8,2.5,122.3,99.8,579.0,3721.0,16.0,1,
701307,1882.4,113.3,122.9,86.1,861.0,5766.0,25.0,0,
701407,1833.6,284.9,120.8,36.0,819.0,5655.0,23.0,1,
701607,1877.8,188.6,122.8,36.5,817.0,4671.0,15.0,1,
701707,1861.0,113.3,122.8,36.6,792.0,4835.0,23.0,1,
701807,1876.9,147.1,119.0,35.1,746.0,4272.0,4.0,1,
701907,1854.0,81.8,119.6,37.6,671.0,4095.0,5.0,1,
702007,1857.6,7.1,119.6,36.9,671.0,4095.0,5.0,1,
702107,1861.5,3.2,119.6,35.1,671.0,4095.0,5.0,1,
702207,1861.5,2.7,119.6,35.4,671.0,4095.0,5.0,1,
702307,1862.2,2.7,119.6,36.9,671.0,4095.0,5.0,1,
702407,1862.2,3.3,119.6,99.1,671.0,4095.0,5.0,1,
702607,1861.0,2.1,119.6,100.2,671.0,4095.0,5.0,1,
702707,1861.8,2.7,119.6,104.2,671.0,4095.0,5.0,1,
702807,1861.2,3.0,119.6,99.6,671.0,4095.0,5.0,1,
702907,1869.1,72.8,119.5,93.8,671.0,4095.0,5.0,1,
703007,1840.7,255.0,121.0,37.4,984.0,5977.0,23.0,1,
703107,1884.5,167.6,121.0,35.1,676.0,4825.0,23.0,1,
703207,1864.7,216.7,123.1,35.2,655.0,4723.0,23.0,1,
703307,1850.5,118.7,121.9,36.1,690.0,4551.0,23.0,1,
703407,1865.3,184.4,122.5,36.3,743.0,4607.0,4.0,1,
703607,1870.0,10.6,122.7,28.1,743.0,4607.0,4.0,1,
703707,1863.5,3.7,122.7,30.0,743.0,4607.0,4.0,1,
703807,1862.1,2.7,122.7,34.9,743.0,4607.0,4.0,1,
703907,1862.7,2.7,122.7,35.8,743.0,4607.0,4.0,1,
704007,1861.5,2.3,122.7,45.5,743.0,4607.0,4.0,1,
704107,1860.9,2.1,122.7,100.1,743.0,4607.0,4.0,1,
704207,1861.7,2.5,122.7,106.2,743.0,4607.0,4.0,1,
704307,1862.0,2.7,122.7,100.1,743.0,4607.0,4.0,1,
704407,1862.1,2.8,122.7,101.8,743.0,4607.0,4.0,1,
704607,1878.1,201.4,118.6,37.1,1026.0,5910.0,23.0,1,
704707,1866.8,315.2,120.2,35.4,716.0,5219.0,23.0,1,
704807,1848.4,172.5,127.2,34.9,726.0,4953.0,23.0,1,
704907,1866.2,156.4,128.6,35.2,776.0,4876.0,24.0,1,
705007,1859.0,131.7,127.7,37.0,741.0,4715.0,4.0,1,
705107,1886.3,130.6,126.0,37.1,556.0,3736.0,15.0,1,
705207,1852.8,17.5,126.2,34.8,604.0,3929.0,5.0,1,
705307,1863.0,6.1,126.2,34.9,604.0,3929.0,5.0,1,
705407,1865.1,4.4,126.1,35.4,604.0,3929.0,5.0,1,
705607,1861.3,3.3,126.1,39.1,604.0,3929.0,5.0,1,
705707,1862.5,2.8,126.1,99.3,604.0,3929.0,5.0,1,
705807,1861.0,2.2,126.1,102.5,604.0,3929.0,5.0,1,
705907,1861.0,2.8,126.1,122.9,604.0,3929.0,5.0,1,
706007,1861.8,3.2,126.1,123.4,604.0,3929.0,5.0,1,
706107,1861.1,2.5,126.2,101.6,604.0,3929.0,5.0,1,
706207,1871.2,139.8,126.4,36.5,1124.0,6453.0,24.0,1,
706307,1841.3,253.5,123.8,35.4,837.0,5588.0,23.0,1,
706407,1866.6,159.7,119.2,35.3,704.0,5154.0,16.0,1,
706607,1882.3,111.9,121.0,35.8,839.0,4775.0,4.0,1,
706707,1848.8,175.8,126.2,39.9,641.0,4147.0,4.0,1,
706807,1864.3,27.6,125.8,36.6,666.0,3949.0,4.0,1,
706907,1860.8,4.0,125.8,35.3,666.0,3949.0,4.0,1,
707007,1862.5,3.4,125.8,35.1,666.0,3949.0,4.0,1,
707107,1862.8,3.3,125.8,35.9,666.0,3949.0,4.0,1,
707207,1862.3,2.8,125.8,44.5,666.0,3949.0,4.0,1,
707307,1861.9,2.5,125.8,99.2,666.0,3949.0,4.0,1,
707407,1859.9,2.3,125.8,103.2,666.0,3949.0,4.0,1,
707607,1862.7,2.8,125.8,101.8,666.0,3949.0,4.0,1,
707707,1861.4,2.3,125.8,109.9,666.0,3949.0,4.0,1,
707807,1849.8,187.5,129.9,48.6,1249.0,6538.0,24.0,1,
707907,1866.3,234.1,133.1,30.2,788.0,5488.0,22.0,1,
708007,1864.5,183.5,130.9,34.6,688.0,5042.0,16.0,1,
708107,1876.3,130.3,134.6,35.5,765.0,4951.0,16.0,1,
708207,1843.3,161.3,126.0,36.9,681.0,4220.0,16.0,1,
708307,1843.6,149.2,125.5,36.7,731.0,4404.0,4.0,1,
708407,1874.7,73.3,128.0,36.0,723.0,4133.0,4.0,1,
708607,1861.6,3.0,128.0,35.9,723.0,4133.0,4.0,1,
708707,1863.1,3.5,128.0,37.0,723.0,4133.0,4.0,1,
708807,1863.9,3.4,128.0,38.5,723.0,4133.0,4.0,1,
708907,1863.3,3.3,128.0,89.3,723.0,4133.0,4.0,1,
709007,1863.3,3.3,127.9,100.7,723.0,4133.0,4.0,1,
709107,1862.8,2.5,127.9,99.0,723.0,4133.0,4.0,1,
709207,1862.4,5.1,127.9,98.9,723.0,4133.0,4.0,1,
709307,1862.6,2.6,127.9,100.1,723.0,4133.0,4.0,1,
709407,1866.6,165.5,124.6,89.3,848.0,5957.0,25.0,0,
709607,1847.0,182.3,136.2,34.5,687.0,5058.0,16.0,1,
709707,1852.9,130.6,131.8,34.3,874.0,5305.0,16.0,1,
709807,1858.5,114.2,131.5,34.6,795.0,4692.0,23.0,1,
709907,1880.0,115.5,128.7,42.3,683.0,4383.0,5.0,1,
710007,1860.6,107.0,124.1,68.4,587.0,3906.0,15.0,1,
710107,1844.9,11.1,124.1,40.7,587.0,3906.0,15.0,1,
710207,1863.8,6.8,124.2,35.6,587.0,3906.0,15.0,1,
710307,1863.0,3.0,124.2,35.4,587.0,3906.0,15.0,1,
710407,1861.3,2.8,124.2,35.9,587.0,3906.0,15.0,1,
710607,1862.2,2.2,124.2,100.5,587.0,3906.0,15.0,1,
710707,1860.8,2.3,124.2,88.1,587.0,3906.0,15.0,1,
710807,1860.5,4.0,124.2,80.4,587.0,3906.0,15.0,1,
710907,1862.1,3.7,124.2,89.0,587.0,3906.0,15.0,1,
711007,1863.9,15.2,124.2,110.1,587.0,3906.0,15.0,1,
711107,1869.5,204.1,121.0,41.0,1120.0,6050.0,23.0,1,
711207,1838.4,209.3,113.3,40.6,710.0,5080.0,24.0,1,
711307,1882.1,151.2,117.3,34.4,863.0,5091.0,23.0,1,
711407,1876.6,91.4,117.4,29.8,862.0,5101.0,24.0,1,
711607,1848.8,147.8,118.9,30.2,648.0,3688.0,4.0,1,
711707,1854.0,17.5,118.4,30.3,580.0,3495.0,4.0,1,
711807,1856.2,5.0,118.5,34.7,580.0,3495.0,4.0,1,
711907,1858.3,2.7,118.5,35.5,580.0,3495.0,4.0,1,
712007,1861.1,3.3,118.6,35.8,580.0,3495.0,4.0,1,
712107,1858.0,3.6,118.6,41.1,580.0,3495.0,4.0,1,
712207,1859.4,2.0,118.6,110.2,580.0,3495.0,4.0,1,
712307,1864.4,4.1,118.6,101.4,580.0,3495.0,4.0,1,
712407,1863.2,2.4,118.5,98.8,580.0,3495.0,4.0,1,
712607,1861.7,2.7,118.5,90.6,580.0,3495.0,4.0,1,
712707,1837.3,183.6,114.9,35.7,1098.0,5968.0,24.0,1,
712807,1884.0,229.2,114.0,35.5,728.0,5000.0,23.0,1,
712907,1877.2,134.8,110.6,35.5,732.0,4918.0,22.0,1,
713007,1846.6,115.2,110.9,35.4,666.0,4603.0,23.0,1,
713107,1871.4,99.6,112.6,35.6,632.0,4067.0,24.0,1,
713207,1847.6,136.6,109.8,67.3,608.0,3829.0,24.0,1,
713307,1878.1,23.8,109.6,44.8,460.0,3262.0,24.0,1,
713407,1858.9,4.9,109.6,35.6,460.0,3262.0,24.0,1,
713607,1862.7,2.9,109.6,35.6,460.0,3262.0,24.0,1,
713707,1861.4,3.3,109.6,37.4,460.0,3262.0,24.0,1,
713807,1859.8,2.8,109.6,88.0,460.0,3262.0,24.0,1,
713907,1859.9,2.4,109.6,76.6,460.0,3262.0,24.0,1,
714007,1859.4,3.3,109.6,100.3,460.0,3262.0,24.0,1,
714107,1860.1,2.5,109.6,100.3,460.0,3262.0,24.0,1,
714207,1859.8,3.6,109.6,89.7,460.0,3262.0,24.0,1,
714307,1879.0,191.3,110.7,66.2,1114.0,6265.0,24.0,1,
714407,1862.2,292.8,114.9,35.5,841.0,5408.0,23.0,1,
714607,1853.2,112.3,114.7,35.4,802.0,5024.0,24.0,1,
714707,1855.8,122.8,113.0,37.4,630.0,4044.0,24.0,1,
714807,1882.1,120.3,112.7,36.9,458.0,3378.0,24.0,1,
714907,1845.5,34.6,111.4,39.5,497.0,3298.0,16.0,1,
715007,1857.2,11.0,111.4,36.3,497.0,3298.0,16.0,1,
715107,1861.7,3.9,111.4,35.0,497.0,3298.0,16.0,1,
715207,1858.2,3.9,111.5,35.4,497.0,3298.0,16.0,1,
715307,1860.5,3.3,111.5,36.7,497.0,3298.0,16.0,1,
715407,1860.4,2.5,111.5,93.9,497.0,3298.0,16.0,1,
715607,1860.2,5.1,111.5,91.7,497.0,3298.0,16.0,1,
715707,1865.8,6.5,111.4,85.5,497.0,3298.0,16.0,1,
715807,1860.6,4.4,111.4,84.5,497.0,3298.0,16.0,1,
715907,1873.5,95.3,111.0,51.3,690.0,4947.0,26.0,0,
716007,1851.0,211.5,103.3,36.1,817.0,5345.0,24.0,1,
716107,1860.7,156.1,98.2,35.5,684.0,4794.0,24.0,1,
716207,1871.3,102.9,98.4,35.1,658.0,4411.0,24.0,1,
716307,1890.8,95.8,98.3,35.1,579.0,3864.0,24.0,1,
716407,1842.6,108.7,97.7,65.7,501.0,3478.0,24.0,1,
716607,1855.3,10.0,101.3,34.5,501.0,3478.0,24.0,1,
716707,1857.5,5.0,101.3,34.5,501.0,3478.0,24.0,1,
716807,1864.7,3.6,101.3,29.6,501.0,3478.0,24.0,1,
716907,1863.6,2.5,101.2,35.0,501.0,3478.0,24.0,1,
717007,1859.8,5.2,101.2,87.9,501.0,3478.0,24.0,1,
717107,1854.6,5.6,101.3,100.3,501.0,3478.0,24.0,1,
717207,1865.6,6.1,101.3,94.3,501.0,3478.0,24.0,1,
717307,1864.8,3.7,101.3,87.7,501.0,3478.0,24.0,1,
717407,1861.6,2.4,101.2,90.6,501.0,3478.0,24.0,1,
717607,1863.3,184.8,102.8,35.9,777.0,5291.0,23.0,1,
717707,1874.9,197.1,107.3,35.6,772.0,5086.0,23.0,1,
717807,1885.0,136.9,108.0,35.5,828.0,5267.0,24.0,1,
717907,1848.2,107.3,108.5,35.2,757.0,4777.0,23.0,1,
718007,1852.4,111.0,107.9,35.9,589.0,3947.0,23.0,1,
718107,1878.1,122.3,105.9,68.3,578.0,3773.0,16.0,1,
718207,1860.0,12.1,106.0,45.8,578.0,3773.0,16.0,1,
718307,1859.9,4.4,106.0,35.3,578.0,3773.0,16.0,1,
718407,1859.2,3.4,106.0,35.3,578.0,3773.0,16.0,1,
718607,1861.2,2.4,106.0,53.6,578.0,3773.0,16.0,1,
718707,1859.4,3.5,106.0,99.5,578.0,3773.0,16.0,1,
718807,1860.4,3.2,106.0,99.6,578.0,3773.0,16.0,1,
718907,1862.3,2.8,106.0,99.5,578.0,3773.0,16.0,1,
719007,1861.1,2.3,106.0,90.3,578.0,3773.0,16.0,1,
719107,1861.3,1.7,106.0,89.9,578.0,3773.0,16.0,1,
719207,1889.4,239.0,107.1,36.3,972.0,6050.0,23.0,1,
719307,1842.8,168.7,110.6,35.2,796.0,5228.0,22.0,1,
719407,1848.0,161.0,109.6,35.2,734.0,5099.0,23.0,1,
719607,1874.3,170.0,121.9,36.8,672.0,4225.0,23.0,1,
719707,1867.5,137.8,121.3,35.1,530.0,3758.0,23.0,1,
719807,1846.3,18.6,121.4,36.2,510.0,3440.0,15.0,1,
719907,1857.7,4.1,121.4,34.3,510.0,3440.0,15.0,1,
720007,1861.1,3.5,121.4,34.8,510.0,3440.0,15.0,1,
720107,1864.0,3.5,121.4,35.7,510.0,3440.0,15.0,1,
720207,1863.4,2.9,121.3,36.2,510.0,3440.0,15.0,1,
720307,1863.9,4.0,121.3,102.5,510.0,3440.0,15.0,1,
720407,1865.3,5.1,121.2,112.1,510.0,3440.0,15.0,1,
720607,1865.0,4.0,121.2,105.5,510.0,3440.0,15.0,1,
720707,1865.0,4.2,121.1,99.0,510.0,3440.0,15.0,1,
720807,1880.2,219.8,123.2,78.2,1105.0,6345.0,24.0,1,
720907,1830.2,241.2,125.4,35.7,872.0,5526.0,23.0,1,
721007,1888.9,159.8,126.2,34.6,750.0,5101.0,23.0,1,
721107,1864.7,161.9,128.8,34.8,736.0,4654.0,22.0,1,
721207,1861.9,112.0,128.8,37.3,676.0,4292.0,23.0,1,
721307,1852.8,119.9,122.6,36.4,673.0,4221.0,5.0,1,
721407,1856.4,27.6,122.3,37.8,708.0,4142.0,4.0,1,
721607,1861.2,2.8,122.3,35.3,708.0,4142.0,4.0,1,
721707,1861.3,2.5,122.3,35.9,708.0,4142.0,4.0,1,
721807,1859.7,2.1,122.3,38.0,708.0,4142.0,4.0,1,
721907,1862.0,2.6,122.3,100.3,708.0,4142.0,4.0,1,
722007,1860.7,2.4,122.3,100.5,708.0,4142.0,4.0,1,
722107,1860.1,2.7,122.3,102.2,708.0,4142.0,4.0,1,
722207,1860.9,2.5,122.3,102.6,708.0,4142.0,4.0,1,
722307,1860.6,2.5,122.3,100.1,708.0,4142.0,4.0,1,
722407,1836.8,159.7,120.0,42.4,1129.0,6549.0,25.0,0,
722607,1869.4,214.6,126.6,35.0,658.0,4968.0,15.0,1,
722707,1849.2,142.9,127.3,34.8,720.0,4835.0,15.0,1,
722807,1867.3,155.4,132.3,34.7,671.0,4262.0,24.0,1,
722907,1853.7,142.8,133.0,36.7,642.0,4142.0,5.0,1,
723007,1876.4,54.6,134.6,30.2,760.0,4161.0,4.0,1,
723107,1858.1,7.9,134.6,34.9,760.0,4161.0,4.0,1,
723207,1861.0,3.8,134.6,35.5,760.0,4161.0,4.0,1,
723307,1863.4,3.1,134.6,35.4,760.0,4161.0,4.0,1,
723407,1863.0,3.5,134.6,34.7,760.0,4161.0,4.0,1,
723607,1861.3,2.5,134.6,100.1,760.0,4161.0,4.0,1,
723707,1860.7,2.7,134.6,108.5,760.0,4161.0,4.0,1,
723807,1860.9,2.2,134.6,108.6,760.0,4161.0,4.0,1,
723907,1860.8,2.4,134.6,100.8,760.0,4161.0,4.0,1,
724007,1876.3,104.4,134.7,68.6,732.0,5336.0,26.0,0,
724107,1857.3,194.6,136.2,35.0,797.0,5653.0,23.0,1,
724207,1846.3,213.5,131.6,35.1,626.0,5051.0,23.0,1,
724307,1859.4,170.0,134.9,35.4,716.0,4871.0,16.0,1,
724407,1864.6,169.9,125.1,37.5,735.0,4441.0,16.0,1,
724607,1849.3,92.5,127.9,38.4,582.0,3820.0,15.0,1,
724707,1851.9,10.1,127.9,38.3,582.0,3820.0,15.0,1,
724807,1860.6,3.5,127.9,35.8,582.0,3820.0,15.0,1,
724907,1864.2,3.5,127.9,35.6,582.0,3820.0,15.0,1,
725007,1864.0,3.7,127.9,36.3,582.0,3820.0,15.0,1,
725107,1862.7,3.1,127.9,66.8,582.0,3820.0,15.0,1,
725207,1861.8,2.3,127.9,100.2,582.0,3820.0,15.0,1,
725307,1862.2,2.0,128.0,99.1,582.0,3820.0,15.0,1,
725407,1861.4,2.6,128.0,99.8,582.0,3820.0,15.0,1,
725607,1849.3,46.8,128.0,101.0,582.0,3820.0,15.0,1,
725707,1876.6,169.5,126.8,35.0,1048.0,6454.0,24.0,1,
725807,1850.1,218.5,127.4,35.2,906.0,5708.0,16.0,1,
725907,1881.1,144.1,118.4,35.4,870.0,5352.0,16.0,1,
726007,1872.5,189.2,119.2,35.7,753.0,4792.0,16.0,1,
726107,1832.6,156.4,117.8,38.6,911.0,5168.0,4.0,1,
726207,1864.0,169.9,127.0,38.8,711.0,4144.0,4.0,1,
726307,1870.9,14.2,127.0,35.1,711.0,4144.0,4.0,1,
726407,1862.5,6.2,127.0,28.1,711.0,4144.0,4.0,1,
726607,1865.1,5.0,127.0,29.7,711.0,4144.0,4.0,1,
726707,1865.9,5.2,127.0,46.3,711.0,4144.0,4.0,1,
726807,1864.3,3.8,127.0,85.4,711.0,4144.0,4.0,1,
726907,1863.5,4.1,126.9,90.8,711.0,4144.0,4.0,1,
727007,1862.8,3.2,126.9,79.7,711.0,4144.0,4.0,1,
727107,1861.0,2.8,126.9,69.3,711.0,4144.0,4.0,1,
727207,1859.2,7.5,127.0,90.1,711.0,4144.0,4.0,1,
727307,1846.8,220.6,124.3,37.3,1030.0,5904.0,24.0,1,
727407,1884.9,201.8,123.8,35.1,717.0,4831.0,23.0,1,
727607,1847.8,145.5,123.3,35.4,867.0,5317.0,16.0,1,
727707,1859.2,231.5,131.5,57.2,848.0,4736.0,4.0,1,
727807,1862.5,130.7,125.6,34.4,671.0,4274.0,5.0,1,
727907,1867.4,21.4,124.7,29.2,727.0,4364.0,4.0,1,
728007,1860.7,4.3,124.7,29.4,727.0,4364.0,4.0,1,
728107,1860.8,3.3,124.7,35.0,727.0,4364.0,4.0,1,
728207,1856.8,9.2,124.8,36.6,727.0,4364.0,4.0,1,
728307,1852.7,7.8,124.9,47.6,727.0,4364.0,4.0,1,
728407,1855.5,6.6,124.9,86.4,727.0,4364.0,4.0,1,
728607,1860.1,3.0,125.0,85.7,727.0,4364.0,4.0,1,
728707,1861.0,2.9,125.0,80.2,727.0,4364.0,4.0,1,
728807,1860.8,3.2,124.9,80.1,727.0,4364.0,4.0,1,
728907,1900.1,159.7,124.7,39.0,1189.0,6679.0,25.0,0,
729007,1823.7,326.9,129.7,35.6,822.0,5596.0,23.0,1,
729107,1858.9,177.2,139.7,34.9,897.0,5633.0,15.0,1,
729207,1876.2,149.5,139.8,34.8,838.0,5227.0,16.0,1,
729307,1868.3,118.5,134.8,35.0,892.0,4986.0,4.0,1,
729407,1880.7,192.7,137.7,29.8,904.0,4778.0,4.0,1,
729607,1862.3,7.4,138.5,28.1,904.0,4778.0,4.0,1,
729707,1866.6,5.0,138.5,29.0,904.0,4778.0,4.0,1,
729807,1863.9,3.9,138.4,34.5,904.0,4778.0,4.0,1,
729907,1863.0,3.5,138.3,37.4,904.0,4778.0,4.0,1,
730007,1862.7,2.9,138.2,99.2,904.0,4778.0,4.0,1,
730107,1861.7,3.2,138.2,86.7,904.0,4778.0,4.0,1,
730207,1860.7,2.8,138.2,70.3,904.0,4778.0,4.0,1,
730307,1861.2,3.8,138.2,68.6,904.0,4778.0,4.0,1,
730407,1860.2,2.5,138.2,77.8,904.0,4778.0,4.0,1,
730607,1853.0,197.9,134.2,35.4,803.0,5314.0,23.0,1,
730707,1863.8,180.7,125.2,35.2,907.0,5799.0,23.0,1,
730807,1887.8,126.0,127.5,35.2,834.0,5124.0,23.0,1,
730907,1851.8,147.9,128.9,35.1,792.0,4878.0,23.0,1,
731007,1846.2,141.3,121.7,35.4,700.0,4176.0,4.0,1,
731107,1875.3,57.3,117.9,28.2,703.0,4206.0,5.0,1,
731207,1858.0,8.4,117.9,29.9,703.0,4206.0,5.0,1,
731307,1864.3,4.6,117.9,35.1,703.0,4206.0,5.0,1,
731407,1863.0,2.3,117.9,35.9,703.0,4206.0,5.0,1,
731607,1859.1,3.0,118.0,100.3,703.0,4206.0,5.0,1,
731707,1861.3,2.6,118.0,100.1,703.0,4206.0,5.0,1,
731807,1861.7,3.3,117.9,78.9,703.0,4206.0,5.0,1,
731907,1860.3,2.4,118.0,76.5,703.0,4206.0,5.0,1,
732007,1860.1,3.0,118.0,76.9,703.0,4206.0,5.0,1,
732107,1862.4,75.2,118.0,83.4,624.0,4747.0,26.0,0,
732207,1871.8,254.0,118.7,35.7,875.0,5822.0,23.0,1,
732307,1871.9,181.5,116.6,35.1,753.0,5136.0,23.0,1,
732407,1848.5,142.7,113.6,35.3,787.0,4913.0,24.0,1,
732607,1880.8,127.6,114.4,35.2,622.0,4018.0,24.0,1,
732707,1857.7,112.8,115.7,36.2,653.0,4188.0,5.0,1,
732807,1854.0,11.5,115.6,34.6,653.0,4188.0,5.0,1,
732907,1864.0,5.7,115.6,35.0,653.0,4188.0,5.0,1,
733007,1863.2,3.0,115.6,35.3,653.0,4188.0,5.0,1,
733107,1863.7,3.2,115.6,35.9,653.0,4188.0,5.0,1,
733207,1861.4,2.6,115.5,69.0,653.0,4188.0,5.0,1,
733307,1860.6,3.6,115.5,98.9,653.0,4188.0,5.0,1,
733407,1861.6,3.0,115.5,100.5,653.0,4188.0,5.0,1,
733607,1861.5,4.9,115.5,86.2,653.0,4188.0,5.0,1,
733707,1861.3,6.5,115.5,99.0,653.0,4188.0,5.0,1,
733807,1870.7,192.2,113.8,36.2,1218.0,6832.0,24.0,1,
733907,1840.8,307.6,120.4,35.3,747.0,5105.0,23.0,1,
734007,1865.8,142.5,124.9,34.9,746.0,5021.0,23.0,1,
734107,1875.8,157.9,119.3,34.4,844.0,5187.0,16.0,1,
734207,1868.2,121.4,122.2,34.6,775.0,4800.0,4.0,1,
734307,1851.1,158.2,125.2,38.7,521.0,3556.0,15.0,1,
734407,1864.2,15.9,125.0,38.5,630.0,3917.0,5.0,1,
734607,1863.6,2.8,125.0,38.4,630.0,3917.0,5.0,1,
734707,1861.5,2.1,125.0,35.1,630.0,3917.0,5.0,1,
734807,1861.4,2.7,125.0,40.6,630.0,3917.0,5.0,1,
734907,1861.3,2.4,125.0,77.7,630.0,3917.0,5.0,1,
735007,1861.5,2.6,125.0,78.2,630.0,3917.0,5.0,1,
735107,1860.7,3.5,125.0,98.9,630.0,3917.0,5.0,1,
735207,1861.0,3.8,125.0,100.8,630.0,3917.0,5.0,1,
735307,1861.9,3.3,125.0,100.2,630.0,3917.0,5.0,1,
735407,1837.7,200.2,125.7,37.6,1157.0,6641.0,24.0,1,
735607,1867.8,140.4,115.1,35.1,896.0,5416.0,24.0,1,
735707,1868.9,105.1,114.8,35.0,759.0,4982.0,23.0,1,
735807,1860.1,165.9,112.6,35.4,606.0,4122.0,24.0,1,
735907,1840.2,132.3,111.2,39.0,436.0,3300.0,16.0,1,
736007,1879.2,32.8,115.3,37.3,513.0,3460.0,15.0,1,
736107,1855.6,12.0,115.4,35.0,513.0,3460.0,15.0,1,
736207,1866.3,6.8,115.4,35.8,513.0,3460.0,15.0,1,
736307,1860.4,6.0,115.4,37.3,513.0,3460.0,15.0,1,
736407,1861.7,4.3,115.4,85.4,513.0,3460.0,15.0,1,
736607,1859.0,4.4,115.5,99.9,513.0,3460.0,15.0,1,
736707,1860.4,5.7,115.5,82.7,513.0,3460.0,15.0,1,
736807,1859.8,3.4,115.5,89.4,513.0,3460.0,15.0,1,
736907,1861.1,4.2,115.5,88.3,513.0,3460.0,15.0,1,
737007,1875.2,96.1,114.7,72.6,1089.0,6128.0,25.0,0,
737107,1870.4,314.8,111.9,36.4,908.0,5567.0,23.0,1,
737207,1858.9,186.6,120.5,35.0,750.0,4942.0,23.0,1,
737307,1855.2,135.6,120.9,34.5,774.0,4990.0,24.0,1,
737407,1856.5,107.0,120.9,34.6,679.0,4498.0,24.0,1,
737607,1849.0,43.4,124.9,30.1,492.0,3391.0,16.0,1,
737707,1856.1,9.5,124.9,28.6,492.0,3391.0,16.0,1,
737807,1865.3,6.4,124.9,28.6,492.0,3391.0,16.0,1,
737907,1860.7,6.4,124.9,30.1,492.0,3391.0,16.0,1,
738007,1863.6,4.5,124.9,38.2,492.0,3391.0,16.0,1,
738107,1859.9,8.1,124.9,100.6,492.0,3391.0,16.0,1,
738207,1860.1,5.5,124.9,87.6,492.0,3391.0,16.0,1,
738307,1858.5,8.3,124.9,66.9,492.0,3391.0,16.0,1,
738407,1863.1,5.3,124.9,67.4,492.0,3391.0,16.0,1,
738607,1877.3,66.6,125.0,82.9,750.0,5578.0,25.0,0,
738707,1853.0,193.6,128.2,35.4,822.0,5495.0,24.0,1,
738807,1839.8,171.6,117.5,35.2,805.0,5236.0,24.0,1,
738907,1886.7,125.0,117.4,35.5,722.0,4882.0,23.0,1,
739007,1881.8,87.8,117.5,36.4,675.0,4322.0,24.0,1,
739107,1862.3,122.2,111.0,39.6,498.0,3491.0,24.0,1,
739207,1864.0,82.6,108.8,39.2,476.0,3445.0,16.0,1,
739307,1850.2,15.3,108.8,35.0,476.0,3445.0,16.0,1,
739407,1861.4,8.1,108.8,38.4,476.0,3445.0,16.0,1,
739607,1862.1,3.0,108.8,36.1,476.0,3445.0,16.0,1,
739707,1863.2,3.2,108.7,79.3,476.0,3445.0,16.0,1,
739807,1863.3,2.3,108.7,93.9,476.0,3445.0,16.0,1,
739907,1860.8,2.3,108.6,99.4,476.0,3445.0,16.0,1,
740007,1861.5,2.7,108.6,108.8,476.0,3445.0,16.0,1,
740107,1863.1,3.2,108.6,131.2,476.0,3445.0,16.0,1,
740207,1874.6,84.3,108.6,132.2,476.0,3445.0,16.0,1,
740307,1836.1,235.4,107.3,35.3,853.0,5686.0,23.0,1,
740407,1886.6,206.0,115.5,35.1,791.0,5215.0,23.0,1,
740607,1851.5,116.1,118.7,36.4,874.0,5437.0,23.0,1,
740707,1868.8,196.3,121.8,36.2,830.0,4917.0,5.0,1,
740807,1847.2,131.5,121.7,37.4,665.0,4000.0,5.0,1,
740907,1861.3,14.3,121.6,38.8,665.0,4000.0,5.0,1,
741007,1860.5,4.0,121.5,36.9,665.0,4000.0,5.0,1,
741107,1862.0,2.6,121.6,35.6,665.0,4000.0,5.0,1,
741207,1860.8,2.7,121.6,36.0,665.0,4000.0,5.0,1,
741307,1861.0,2.4,121.7,45.6,665.0,4000.0,5.0,1,
741407,1861.0,2.7,121.7,114.6,665.0,4000.0,5.0,1,
741607,1863.4,4.2,121.7,91.1,665.0,4000.0,5.0,1,
741707,1863.3,3.3,121.7,89.8,665.0,4000.0,5.0,1,
741807,1862.9,2.5,121.7,89.2,665.0,4000.0,5.0,1,
741907,1881.7,238.7,130.6,35.0,1160.0,6669.0,24.0,1,
742007,1847.0,296.0,128.1,35.0,854.0,5507.0,23.0,1,
742107,1862.2,178.1,133.4,35.3,754.0,5098.0,23.0,1,
742207,1856.8,177.8,140.5,35.4,929.0,5709.0,16.0,1,
742307,1870.9,117.5,146.0,36.6,777.0,4837.0,23.0,1,
742407,1889.0,137.2,141.4,29.1,759.0,4413.0,4.0,1,
742607,1864.8,6.0,141.3,36.4,759.0,4413.0,4.0,1,
742707,1863.0,2.6,141.3,36.0,759.0,4413.0,4.0,1,
742807,1861.2,3.2,141.3,36.0,759.0,4413.0,4.0,1,
742907,1859.4,3.2,141.3,37.3,759.0,4413.0,4.0,1,
743007,1861.6,2.3,141.3,99.1,759.0,4413.0,4.0,1,
743107,1861.8,2.3,141.3,100.7,759.0,4413.0,4.0,1,
743207,1861.7,2.8,141.3,93.7,759.0,4413.0,4.0,1,
743307,1862.4,2.8,141.3,99.3,759.0,4413.0,4.0,1,
743407,1860.8,3.6,141.3,109.3,759.0,4413.0,4.0,1,
743607,1851.4,253.7,136.2,35.3,829.0,5532.0,23.0,1,
743707,1865.7,135.0,132.0,35.4,869.0,5350.0,22.0,1,
743807,1876.7,102.9,121.4,36.0,809.0,5059.0,16.0,1,
743907,1883.4,86.1,116.7,37.3,817.0,5079.0,23.0,1,
744007,1831.5,136.4,116.5,41.7,647.0,4247.0,5.0,1,
744107,1878.5,31.0,116.5,66.4,664.0,4154.0,5.0,1,
744207,1859.7,5.7,116.5,37.3,664.0,4154.0,5.0,1,
744307,1865.3,4.7,116.5,35.2,664.0,4154.0,5.0,1,
744407,1858.1,6.7,116.5,35.3,664.0,4154.0,5.0,1,
744607,1861.7,4.0,116.5,84.2,664.0,4154.0,5.0,1,
744707,1860.0,3.9,116.5,90.2,664.0,4154.0,5.0,1,
744807,1858.5,4.2,116.5,89.5,664.0,4154.0,5.0,1,
744907,1859.4,3.9,116.6,90.8,664.0,4154.0,5.0,1,
745007,1857.4,4.8,116.6,92.9,664.0,4154.0,5.0,1,
745107,1856.4,142.2,116.8,82.8,818.0,6414.0,25.0,0,
745207,1861.9,181.0,112.1,35.3,595.0,4933.0,24.0,1,
745307,1872.7,143.8,103.9,34.9,580.0,4788.0,23.0,1,
745407,1865.4,153.5,113.7,35.1,521.0,4617.0,23.0,1,
745607,1871.5,150.4,117.9,34.6,337.0,2747.0,15.0,1,
745707,1857.8,48.5,116.6,30.2,308.0,2533.0,16.0,1,
745807,1862.7,8.8,116.6,28.6,308.0,2533.0,16.0,1,
745907,1861.5,5.3,116.6,29.5,308.0,2533.0,16.0,1,
746007,1868.7,7.1,116.6,34.5,308.0,2533.0,16.0,1,
746107,1865.8,3.8,116.6,35.0,308.0,2533.0,16.0,1,
746207,1861.9,2.7,116.6,74.1,308.0,2533.0,16.0,1,
746307,1862.8,3.5,116.6,77.2,308.0,2533.0,16.0,1,
746407,1863.9,3.1,116.5,68.3,308.0,2533.0,16.0,1,
746607,1861.9,2.5,116.5,89.1,308.0,2533.0,16.0,1,
746707,1859.3,64.2,116.1,76.5,610.0,4667.0,25.0,0,
746807,1889.3,267.0,117.3,37.4,821.0,5352.0,23.0,1,
746907,1819.3,188.3,123.7,39.1,724.0,4883.0,23.0,1,
747007,1854.2,145.1,119.3,35.2,614.0,4732.0,23.0,1,
747107,1869.1,135.8,116.7,30.0,532.0,4140.0,24.0,1,
747207,1867.2,103.5,113.1,34.7,423.0,3198.0,16.0,1,
747307,1880.5,83.2,111.2,36.4,365.0,2784.0,15.0,1,
747407,1850.0,12.1,111.2,37.7,365.0,2784.0,15.0,1,
747607,1880.9,9.7,111.4,36.2,365.0,2784.0,15.0,1,
747707,1866.9,8.1,111.4,54.1,365.0,2784.0,15.0,1,
747807,1862.4,4.8,111.4,82.5,365.0,2784.0,15.0,1,
747907,1857.2,27.2,111.6,90.6,365.0,2784.0,15.0,1,
748007,1854.7,5.4,111.8,93.4,365.0,2784.0,15.0,1,
748107,1863.9,4.9,111.8,40.9,365.0,2784.0,15.0,1,
748207,1861.0,8.3,111.8,38.1,365.0,2784.0,15.0,1,
748307,1874.4,25.9,111.8,83.9,365.0,2784.0,15.0,1,
748407,1843.5,202.7,109.4,37.2,887.0,5445.0,24.0,1,
748607,1895.8,112.4,105.7,35.2,574.0,4339.0,23.0,1,
748707,1876.4,88.2,104.6,35.2,517.0,3793.0,24.0,1,
748807,1842.7,78.9,101.5,35.8,449.0,3175.0,24.0,1,
748907,1846.7,206.2,105.5,67.2,311.0,2385.0,24.0,1,
749007,1852.7,31.6,110.0,46.2,291.0,2471.0,24.0,1,
749107,1860.0,11.4,110.1,29.8,291.0,2471.0,24.0,1,
749207,1850.0,7.8,109.9,29.8,291.0,2471.0,24.0,1,
749307,1864.0,3.5,109.9,30.0,291.0,2471.0,24.0,1,
749407,1860.7,4.0,109.9,34.6,291.0,2471.0,24.0,1,
749607,1860.3,3.0,109.7,93.3,291.0,2471.0,24.0,1,
749707,1859.1,3.1,109.6,108.4,291.0,2471.0,24.0,1,
749807,1860.7,3.1,109.6,84.0,291.0,2471.0,24.0,1,
749907,1863.1,3.6,109.6,82.5,291.0,2471.0,24.0,1,
750007,1864.3,162.9,110.1,37.9,1024.0,5959.0,23.0,1,
750107,1866.5,199.1,109.8,35.6,724.0,4944.0,23.0,1,
750207,1886.3,152.8,112.9,35.1,890.0,5381.0,23.0,1,
750307,1856.4,197.6,114.9,35.1,796.0,5046.0,16.0,1,
750407,1843.0,104.4,117.7,37.0,719.0,4565.0,23.0,1,
750607,1858.5,24.9,117.7,36.1,465.0,3331.0,16.0,1,
750707,1852.7,7.3,117.7,28.1,465.0,3331.0,16.0,1,
750807,1863.8,4.9,117.5,29.1,465.0,3331.0,16.0,1,
750907,1864.2,3.3,117.4,30.1,465.0,3331.0,16.0,1,
751007,1862.1,3.1,117.4,37.1,465.0,3331.0,16.0,1,
751107,1862.3,3.1,117.4,70.6,465.0,3331.0,16.0,1,
751207,1862.2,3.5,117.3,88.2,465.0,3331.0,16.0,1,
751307,1862.5,3.3,117.3,78.2,465.0,3331.0,16.0,1,
751407,1862.0,2.7,117.3,88.3,465.0,3331.0,16.0,1,
751607,1870.2,195.9,117.8,39.8,1098.0,6289.0,24.0,1,
751707,1855.9,242.4,120.4,38.6,866.0,5568.0,23.0,1,
751807,1864.4,184.4,119.8,38.9,707.0,5030.0,22.0,1,
751907,1838.2,141.9,120.1,30.0,723.0,4480.0,23.0,1,
752007,1885.5,94.9,121.9,30.2,667.0,4265.0,23.0,1,
752107,1863.6,127.3,115.4,41.3,513.0,3508.0,23.0,1,
752207,1860.1,33.8,115.1,38.5,402.0,2955.0,24.0,1,
752307,1854.3,9.4,115.1,37.6,402.0,2955.0,24.0,1,
752407,1863.0,4.7,115.1,35.2,402.0,2955.0,24.0,1,
752607,1861.5,4.4,115.2,38.6,402.0,2955.0,24.0,1,
752707,1862.1,3.4,115.2,91.9,402.0,2955.0,24.0,1,
752807,1861.4,2.8,115.2,89.2,402.0,2955.0,24.0,1,
752907,1860.6,13.3,115.2,90.4,402.0,2955.0,24.0,1,
753007,1825.5,57.9,116.1,38.5,402.0,2955.0,24.0,1,
753107,1835.0,11.2,116.8,23.9,402.0,2955.0,24.0,1,
753207,1869.4,106.9,116.8,23.4,527.0,4399.0,25.0,0,
753307,1879.7,207.4,113.7,30.0,699.0,5014.0,24.0,1,
753407,1859.1,187.1,108.0,35.1,559.0,4269.0,16.0,1,
753607,1861.8,112.3,107.6,37.8,481.0,3649.0,24.0,1,
753707,1850.4,135.9,109.6,38.4,369.0,2842.0,23.0,1,
753807,1872.4,66.4,109.6,38.7,308.0,2752.0,25.0,0,
753907,1859.0,11.5,109.6,36.8,308.0,2752.0,25.0,0,
754007,1879.3,61.8,109.9,34.8,308.0,2752.0,25.0,0,
754107,1848.4,10.3,111.4,35.3,308.0,2752.0,25.0,0,
754207,1862.8,3.9,111.4,34.6,308.0,2752.0,25.0,0,
754307,1862.6,3.2,111.4,28.8,308.0,2752.0,25.0,0,
754407,1862.1,2.5,111.4,29.1,308.0,2752.0,25.0,0,
754607,1861.3,2.2,110.6,91.0,308.0,2752.0,25.0,0,
754707,1861.6,2.5,109.7,85.0,308.0,2752.0,25.0,0,
754807,1858.2,145.1,112.9,41.0,490.0,3829.0,25.0,0,
754907,1869.0,229.5,113.4,36.0,783.0,5238.0,23.0,1,
755007,1882.7,179.4,115.1,34.6,753.0,4985.0,23.0,1,
755107,1839.8,222.3,111.1,34.8,690.0,4638.0,16.0,1,
755207,1852.2,118.5,115.0,35.4,641.0,4305.0,23.0,1,
755307,1867.0,113.7,113.9,37.2,524.0,3630.0,24.0,1,
755407,1863.7,110.9,113.4,36.8,416.0,3101.0,24.0,1,
755607,1860.0,4.8,113.3,35.6,416.0,3101.0,24.0,1,
755707,1863.4,4.6,111.6,35.3,416.0,3101.0,24.0,1,
755807,1863.4,4.6,111.6,36.0,416.0,3101.0,24.0,1,
755907,1862.2,3.0,111.6,66.7,416.0,3101.0,24.0,1,
756007,1860.9,2.6,111.6,93.6,416.0,3101.0,24.0,1,
756107,1861.1,3.2,111.6,92.9,416.0,3101.0,24.0,1,
756207,1861.1,2.5,111.6,82.0,416.0,3101.0,24.0,1,
756307,1861.2,3.6,111.6,70.4,416.0,3101.0,24.0,1,
756407,1861.8,3.3,111.6,69.2,416.0,3101.0,24.0,1,
756607,1830.9,220.1,116.8,35.2,795.0,5193.0,23.0,1,
756707,1856.6,135.8,115.7,35.3,656.0,4648.0,23.0,1,
756807,1878.2,136.3,112.6,35.6,596.0,4402.0,16.0,1,
756907,1863.8,198.7,113.0,65.6,574.0,3639.0,23.0,1,
757007,1876.6,118.2,119.2,39.3,451.0,3191.0,15.0,1,
757107,1847.4,17.0,119.2,37.0,464.0,3213.0,15.0,1,
757207,1862.3,4.9,119.2,34.9,464.0,3213.0,15.0,1,
757307,1864.5,5.4,119.2,35.2,464.0,3213.0,15.0,1,
757407,1863.8,4.9,119.2,35.5,464.0,3213.0,15.0,1,
757607,1863.2,4.6,119.2,85.7,464.0,3213.0,15.0,1,
757707,1862.9,3.8,119.2,86.7,464.0,3213.0,15.0,1,
757807,1861.5,4.2,119.2,86.5,464.0,3213.0,15.0,1,
757907,1860.7,4.3,119.2,81.3,464.0,3213.0,15.0,1,
758007,1861.2,3.4,119.2,86.2,464.0,3213.0,15.0,1,
758107,1845.6,210.2,115.4,39.0,881.0,5837.0,24.0,1,
758207,1857.2,209.1,114.9,35.4,667.0,4926.0,15.0,1,
758307,1879.9,152.0,116.3,35.5,720.0,4910.0,23.0,1,
758407,1871.4,94.5,114.3,35.9,681.0,4196.0,22.0,1,
758607,1855.0,130.0,106.0,65.9,511.0,3435.0,23.0,1,
758707,1878.8,28.4,106.9,68.0,441.0,3277.0,14.0,1,
758807,1859.9,5.0,106.9,42.5,441.0,3277.0,14.0,1,
758907,1864.3,5.2,106.9,35.6,441.0,3277.0,14.0,1,
759007,1863.6,3.5,106.9,34.8,441.0,3277.0,14.0,1,
759107,1860.0,4.6,106.9,35.8,441.0,3277.0,14.0,1,
759207,1858.5,5.8,106.9,99.6,441.0,3277.0,14.0,1,
759307,1857.2,6.8,106.9,94.6,441.0,3277.0,14.0,1,
759407,1854.6,7.6,106.9,107.5,441.0,3277.0,14.0,1,
759607,1859.1,4.1,106.9,102.2,441.0,3277.0,14.0,1,
759707,1865.9,136.5,106.6,57.0,974.0,5839.0,16.0,1,
759807,1864.0,250.2,109.5,35.4,621.0,5016.0,22.0,1,
759907,1864.7,151.3,106.6,34.9,667.0,4632.0,23.0,1,
760007,1853.5,141.2,110.1,35.2,594.0,4597.0,23.0,1,
760107,1842.2,202.6,116.8,37.9,447.0,3625.0,21.0,1,
760207,1879.5,130.8,119.7,38.8,458.0,3166.0,15.0,1,
760307,1857.1,47.1,118.9,37.0,445.0,3105.0,16.0,1,
760407,1865.5,9.5,118.9,35.3,445.0,3105.0,16.0,1,
760607,1862.1,4.9,119.0,35.8,445.0,3105.0,16.0,1,
760707,1865.5,5.0,119.0,37.6,445.0,3105.0,16.0,1,
760807,1863.8,5.1,119.0,100.6,445.0,3105.0,16.0,1,
760907,1864.9,5.3,119.0,98.6,445.0,3105.0,16.0,1,
761007,1863.8,4.5,119.0,99.9,445.0,3105.0,16.0,1,
761107,1865.0,5.1,119.1,94.1,445.0,3105.0,16.0,1,
761207,1864.3,4.4,119.1,93.9,445.0,3105.0,16.0,1,
761307,1879.4,123.9,119.1,89.1,782.0,5890.0,25.0,0,
761407,1837.0,298.0,125.9,37.2,725.0,5692.0,22.0,1,
761607,1854.2,161.1,133.7,35.0,643.0,4928.0,22.0,1,
761707,1890.3,92.1,136.9,34.5,640.0,4406.0,22.0,1,
761807,1859.9,100.5,129.5,37.8,619.0,3740.0,23.0,1,
761907,1863.7,86.6,130.2,39.4,484.0,3343.0,15.0,1,
762007,1857.1,7.3,130.2,44.9,484.0,3343.0,15.0,1,
762107,1864.6,4.5,130.2,42.1,484.0,3343.0,15.0,1,
762207,1863.2,3.7,130.2,36.0,484.0,3343.0,15.0,1,
762307,1863.1,2.5,130.2,35.7,484.0,3343.0,15.0,1,
762407,1862.5,3.7,130.2,76.6,484.0,3343.0,15.0,1,
762607,1860.6,2.8,130.2,69.0,484.0,3343.0,15.0,1,
762707,1860.8,2.8,130.2,87.4,484.0,3343.0,15.0,1,
762807,1861.8,2.2,130.2,88.0,484.0,3343.0,15.0,1,
762907,1850.6,62.9,130.2,92.1,484.0,3343.0,15.0,1,
763007,1852.7,253.4,127.6,35.4,901.0,6041.0,23.0,1,
763107,1866.4,212.5,117.1,35.2,808.0,5299.0,22.0,1,
763207,1889.7,188.5,124.7,35.5,770.0,4967.0,15.0,1,
763307,1848.4,105.3,121.2,36.0,810.0,4975.0,16.0,1,
763407,1854.4,126.8,126.0,38.2,701.0,4319.0,22.0,1,
763607,1871.0,15.7,134.7,37.1,701.0,4319.0,22.0,1,
763707,1862.5,5.2,134.7,35.1,701.0,4319.0,22.0,1,
763807,1864.9,3.1,134.7,29.3,701.0,4319.0,22.0,1,
763907,1862.4,2.8,134.7,27.6,701.0,4319.0,22.0,1,
764007,1860.6,2.4,134.8,28.5,701.0,4319.0,22.0,1,
764107,1860.3,2.0,134.8,102.2,701.0,4319.0,22.0,1,
764207,1863.1,3.4,134.8,101.2,701.0,4319.0,22.0,1,
764307,1864.1,4.4,134.7,93.6,701.0,4319.0,22.0,1,
764407,1864.4,3.4,134.7,85.2,701.0,4319.0,22.0,1,
