Time(ms),Raw_ADC
0,1869
1,1858
2,1867
3,1868
4,1867
5,1866
6,1859
7,1860
8,1862
9,1859
10,1861
11,1860
12,1859
13,1857
14,1857
15,1861
16,1865
17,1863
18,1867
19,1866
20,1860
21,1859
22,1858
23,1854
24,1851
25,1853
26,1855
27,1853
28,1852
29,1858
30,1855
31,1857
32,1858
33,1862
34,1866
35,1862
36,1862
37,1857
38,1862
39,1856
40,1857
41,1856
42,1855
43,1857
44,1857
45,1856
46,1856
47,1856
48,1856
49,1858
50,1860
51,1860
52,1858
53,1863
54,1854
55,1853
56,1855
57,1850
58,1847
59,1846
60,1846
61,1856
62,1857
63,1856
64,1856
65,1856
66,1859
67,1862
68,1863
69,1866
70,1860
71,1861
72,1861
73,1864
74,1859
75,1860
76,1861
77,1861
78,1858
79,1856
80,1859
81,1857
82,1863
83,1863
84,1856
85,1857
86,1855
87,1853
88,1841
89,1861
90,1859
91,1859
92,1860
93,1861
94,1862
95,1861
96,1859
97,1857
98,1859
99,1861
100,1862
101,1866
102,1865
103,1862
104,1860
105,1861
106,1859
107,1859
108,1859
109,1861
110,1856
111,1857
112,1857
113,1856
114,1849
115,1852
116,1856
117,1853
118,1853
119,1855
120,1859
121,1858
122,1857
123,1856
124,1858
125,1858
126,1860
127,1860
128,1861
129,1859
130,1857
131,1861
132,1862
133,1860
134,1863
135,1863
136,1865
137,1862
138,1856
139,1862
140,1861
141,1859
142,1859
143,1860
144,1855
145,1854
146,1848
147,1846
148,1850
149,1850
150,1859
151,1861
152,1862
153,1860
154,1859
155,1861
156,1856
157,1857
158,1856
159,1857
160,1857
161,1859
162,1859
163,1856
164,1857
165,1858
166,1861
167,1862
168,1861
169,1866
170,1863
171,1862
172,1862
173,1857
174,1854
175,1851
176,1851
177,1849
178,1847
179,1856
180,1856
181,1858
182,1861
183,1859
184,1862
185,1865
186,1867
187,1866
188,1862
189,1859
190,1857
191,1862
192,1855
193,1857
194,1858
195,1858
196,1856
197,1856
198,1859
199,1859
200,1862
201,1865
202,1859
203,1860
204,1857
205,1857
206,1855
207,1855
208,1854
209,1856
210,1862
211,1861
212,1865
213,1861
214,1857
215,1859
216,1862
217,1865
218,1864
219,1864
220,1863
221,1862
222,1860
223,1859
224,1858
225,1861
226,1863
227,1859
228,1862
229,1861
230,1859
231,64
232,1786
233,2414
234,2482
235,2469
236,2435
237,2298
238,2189
239,2113
240,1997
241,1881
242,1579
243,1310
244,1372
245,1527
246,1643
247,1707
248,1711
249,1701
250,1709
251,1758
252,1798
253,1825
254,1830
255,1840
256,1846
257,1856
258,1871
259,1881
260,1891
261,1895
262,69
263,1686
264,2321
265,2457
266,2428
267,2395
268,2289
269,2229
270,2119
271,2015
272,1738
273,1393
274,1407
275,1561
276,1626
277,1699
278,1729
279,1722
280,1753
281,1803
282,1840
283,1856
284,1854
285,1843
286,1851
287,1877
288,1892
289,1889
290,1874
291,1882
292,1893
293,104
294,1633
295,2288
296,2445
297,2394
298,2329
299,2263
300,2160
301,2098
302,1968
303,1634
304,1447
305,1595
306,1662
307,1674
308,1705
309,1711
310,1763
311,1806
312,1831
313,1842
314,1843
315,1843
316,1851
317,1878
318,1901
319,1909
320,1905
321,1904
322,1904
323,1906
324,272
325,1499
326,2221
327,2416
328,2369
329,2296
330,2218
331,2096
332,2069
333,1891
334,1614
335,1617
336,1735
337,1703
338,1665
339,1671
340,1712
341,1773
342,1817
343,1844
344,1863
345,1862
346,1865
347,1863
348,1872
349,1890
350,1901
351,1904
352,1904
353,1902
354,1887
355,507
356,1367
357,2246
358,2544
359,2448
360,2259
361,2087
362,1934
363,1881
364,1749
365,1645
366,1728
367,1820
368,1738
369,1649
370,1648
371,1714
372,1776
373,1822
374,1871
375,1890
376,1877
377,1856
378,1856
379,1872
380,1905
381,1911
382,1903
383,1903
384,1890
385,1889
386,1159
387,1098
388,2230
389,2646
390,2613
391,2372
392,2145
393,1799
394,1782
395,1696
396,1520
397,1618
398,1798
399,1720
400,1638
401,1650
402,1727
403,1788
404,1831
405,1858
406,1872
407,1887
408,1895
409,1901
410,1903
411,1904
412,1905
413,1906
414,1904
415,1891
416,1887
417,1419
418,1008
419,2320
420,2978
421,3020
422,2689
423,2178
424,1532
425,1473
426,1250
427,1141
428,1595
429,1807
430,1663
431,1598
432,1661
433,1757
434,1827
435,1873
436,1890
437,1898
438,1895
439,1882
440,1901
441,1926
442,1936
443,1920
444,1911
445,1910
446,1904
447,1899
448,2605
449,701
450,2207
451,3039
452,3257
453,2895
454,2297
455,1459
456,1349
457,1057
458,1002
459,1582
460,1802
461,1687
462,1616
463,1664
464,1761
465,1839
466,1885
467,1909
468,1925
469,1925
470,1911
471,1913
472,1911
473,1911
474,1904
475,1899
476,1902
477,1901
478,1899
479,2769
480,594
481,2154
482,3071
483,3389
484,3008
485,2343
486,1422
487,1298
488,910
489,1013
490,1612
491,1770
492,1670
493,1617
494,1690
495,1786
496,1853
497,1893
498,1920
499,1937
500,1939
501,1952
502,1936
503,1927
504,1910
505,1902
506,1867
507,1841
508,1857
509,1885
510,2172
511,282
512,1982
513,2981
514,3456
515,3083
516,2512
517,1535
518,1210
519,756
520,963
521,1586
522,1764
523,1723
524,1666
525,1708
526,1795
527,1865
528,1905
529,1926
530,1932
531,1941
532,1936
533,1935
534,1938
535,1925
536,1893
537,1868
538,1867
539,1889
540,1901
541,1915
542,112
543,1851
544,2869
545,3466
546,3126
547,2591
548,1583
549,1139
550,703
551,967
552,1591
553,1767
554,1757
555,1707
556,1727
557,1805
558,1871
559,1914
560,1938
561,1943
562,1940
563,1920
564,1904
565,1901
566,1891
567,1903
568,1906
569,1904
570,1905
571,1902
572,1903
573,41
574,1747
575,2867
576,3581
577,3189
578,2642
579,1600
580,1090
581,689
582,977
583,1555
584,1739
585,1744
586,1702
587,1718
588,1797
589,1865
590,1909
591,1935
592,1943
593,1950
594,1926
595,1883
596,1873
597,1895
598,1904
599,1901
600,1901
601,1912
602,1909
603,1904
604,135
605,1620
606,2787
607,3635
608,3230
609,2701
610,1661
611,1111
612,710
613,914
614,1499
615,1713
616,1739
617,1695
618,1703
619,1783
620,1856
621,1901
622,1920
623,1931
624,1923
625,1922
626,1920
627,1920
628,1925
629,1918
630,1915
631,1919
632,1916
633,1907
634,1904
635,209
636,1589
637,2755
638,3647
639,3278
640,2750
641,1721
642,1103
643,698
644,896
645,1513
646,1730
647,1728
648,1670
649,1691
650,1777
651,1855
652,1902
653,1919
654,1925
655,1926
656,1923
657,1917
658,1915
659,1918
660,1920
661,1919
662,1911
663,1906
664,1904
665,1913
666,453
667,1411
668,2607
669,3520
670,3269
671,2806
672,1874
673,1178
674,721
675,833
676,1456
677,1709
678,1729
679,1685
680,1694
681,1778
682,1859
683,1911
684,1925
685,1936
686,1951
687,1958
688,1937
689,1930
690,1911
691,1901
692,1877
693,1901
694,1901
695,1902
696,1900
697,798
698,1248
699,2502
700,3499
701,3303
702,2855
703,1954
704,1223
705,779
706,790
707,1397
708,1680
709,1730
710,1685
711,1684
712,1770
713,1840
714,1891
715,1925
716,1946
717,1957
718,1953
719,1936
720,1913
721,1908
722,1906
723,1904
724,1902
725,1891
726,1891
727,1895
728,1296
729,1058
730,2391
731,3470
732,3408
733,2942
734,2094
735,1229
736,764
737,753
738,1358
739,1664
740,1714
741,1680
742,1682
743,1765
744,1839
745,1893
746,1920
747,1943
748,1961
749,1943
750,1905
751,1877
752,1927
753,1947
754,1927
755,1914
756,1904
757,1901
758,1903
759,2464
760,742
761,2211
762,3263
763,3381
764,2938
765,2226
766,1405
767,910
768,701
769,1293
770,1648
771,1722
772,1689
773,1671
774,1739
775,1825
776,1887
777,1920
778,1936
779,1953
780,1969
781,1974
782,1963
783,1932
784,1902
785,1872
786,1882
787,1893
788,1893
789,1893
790,2711
791,629
792,2163
793,3312
794,3508
795,3029
796,2304
797,1342
798,861
799,654
800,1255
801,1643
802,1725
803,1684
804,1664
805,1734
806,1821
807,1887
808,1925
809,1941
810,1951
811,1968
812,1969
813,1954
814,1946
815,1925
816,1891
817,1871
818,1866
819,1890
820,1883
821,2235
822,284
823,1968
824,3069
825,3463
826,3025
827,2403
828,1496
829,992
830,646
831,1203
832,1629
833,1729
834,1698
835,1670
836,1734
837,1817
838,1876
839,1907
840,1935
841,1961
842,1961
843,1936
844,1919
845,1934
846,1929
847,1916
848,1915
849,1915
850,1908
851,1903
852,1903
853,1899
854,1887
855,1875
856,1872
857,1872
858,1872
859,1875
860,1879
861,1870
862,1866
863,1867
864,1861
865,1863
866,1865
867,1865
868,1863
869,1857
870,1859
871,1856
872,1855
873,1857
874,1861
875,1859
876,1857
877,1856
878,1856
879,1856
880,1858
881,1861
882,1862
883,1866
884,1872
885,1879
886,1874
887,1859
888,1843
889,1846
890,1853
891,1857
892,1860
893,1862
894,1869
895,1867
896,1863
897,1835
898,1835
899,1861
900,1867
901,1867
902,1862
903,1855
904,1861
905,1869
906,1862
907,1843
908,1846
909,1853
910,1859
911,1861
912,1862
913,1858
914,1858
915,1865
916,1862
917,1866
918,1862
919,1861
920,1849
921,1847
922,1851
923,1853
924,1847
925,1851
926,1851
927,1851
928,1851
929,1850
930,1855
931,1859
932,1862
933,1861
934,1859
935,1859
936,1866
937,1865
938,1857
939,1851
940,1843
941,1850
942,1851
943,1858
944,1867
945,1870
946,1858
947,1852
948,1857
949,1861
950,1868
951,1869
952,1862
953,1856
954,1850
955,1847
956,1849
957,1850
958,1853
959,1854
960,1859
961,1866
962,1867
963,1868
964,1855
965,1858
966,1865
967,1866
968,1865
969,1859
970,1866
971,1869
972,1871
973,1856
974,1850
975,1856
976,1859
977,1861
978,1862
979,1863
980,1867
981,1875
982,1875
983,1865
984,1858
985,1863
986,1856
987,1853
988,1853
989,1862
990,1863
991,1866
992,1866
993,1869
994,1870
995,1872
996,1872
997,1870
998,1865
999,1866
1000,1871
1001,1871
1002,1863
1003,1858
1004,1855
1005,1856
1006,1846
1007,1850
1008,1856
1009,1857
1010,1858
1011,1862
1012,1867
1013,1867
1014,1859
1015,1859
1016,1856
1017,1858
1018,1856
1019,1862
1020,1862
1021,1857
1022,1859
1023,1858
1024,1856
1025,1856
1026,1856
1027,1856
1028,1858
1029,1856
1030,1855
1031,1857
1032,1861
1033,1864
1034,1866
1035,1866
1036,1857
1037,1856
1038,1840
1039,1856
1040,1856
1041,1859
1042,1861
1043,1857
1044,1851
1045,1853
1046,1854
1047,1853
1048,1855
1049,1855
1050,1856
1051,1858
1052,1867
1053,1863
1054,1859
1055,1856
1056,1855
1057,1856
1058,1858
1059,1858
1060,1859
1061,1858
1062,1857
1063,1856
1064,1857
1065,1861
1066,1858
1067,1863
1068,1862
1069,1861
1070,1858
1071,1857
1072,1858
1073,1856
1074,1853
1075,1850
1076,1853
1077,1856
1078,1855
1079,1858
1080,1855
1081,1857
1082,1858
1083,1864
1084,1863
1085,1864
1086,1858
1087,1856
1088,1857
1089,1856
1090,1855
1091,1858
1092,1858
1093,1860
1094,1859
1095,1857
1096,1857
1097,1854
1098,1857
1099,1861
1100,1861
1101,1860
1102,1864
1103,1858
1104,1851
1105,1850
1106,1850
1107,1846
1108,1849
1109,1855
1110,1855
1111,1855
1112,1859
1113,1859
1114,1855
1115,1858
1116,1861
1117,1862
1118,1858
1119,1865
1120,1863
1121,1861
1122,1860
1123,1856
1124,1855
1125,1857
1126,1857
1127,1862
1128,1861
1129,1862
1130,1859
1131,1860
1132,1866
1133,1867
1134,1852
1135,1864
1136,1862
1137,1859
1138,1856
1139,1854
1140,1858
1141,1861
1142,1857
1143,1857
1144,1857
1145,1859
1146,1854
1147,1853
1148,1854
1149,1857
1150,1860
1151,1859
1152,1859
1153,1863
1154,1862
1155,1865
1156,1859
1157,1857
1158,1856
1159,1852
1160,1854
1161,1856
1162,1858
1163,1854
1164,1843
1165,1849
1166,1847
1167,1854
1168,1856
1169,1858
1170,1862
1171,1861
1172,1860
1173,1858
1174,1856
1175,1857
1176,1857
1177,1856
1178,1856
1179,1854
1180,1852
1181,1854
1182,1857
1183,1859
1184,1859
1185,1860
1186,1860
1187,1859
1188,1857
1189,1857
1190,1856
1191,1856
1192,1857
1193,1856
1194,1853
1195,1856
1196,1853
1197,1851
1198,1854
1199,1867
1200,1863
1201,1857
1202,1859
1203,1863
1204,1861
1205,1858
1206,1858
1207,1857
1208,1860
1209,1859
1210,1858
1211,1858
1212,1856
1213,1852
1214,1853
1215,1857
1216,1856
1217,1857
1218,1853
1219,1856
1220,1856
1221,1857
1222,1859
1223,1860
1224,1857
1225,1856
1226,1850
1227,1855
1228,1856
1229,1852
1230,1857
1231,1858
1232,1863
1233,1862
1234,1863
1235,1862
1236,1863
1237,1862
1238,1853
1239,1858
1240,1857
1241,1856
1242,1859
1243,1856
1244,1858
1245,1856
1246,1854
1247,1847
1248,1853
1249,1855
1250,1857
1251,1861
1252,1860
1253,1859
1254,1852
1255,1854
1256,1851
1257,1855
1258,1855
1259,1856
1260,1861
1261,1864
1262,1860
1263,1857
1264,1859
1265,1863
1266,1861
1267,1862
1268,1859
1269,1857
1270,1856
1271,1856
1272,1855
1273,1851
1274,1854
1275,1857
1276,1856
1277,1856
1278,1862
1279,1865
1280,1862
1281,1861
1282,1862
1283,1866
1284,1856
1285,1858
1286,1855
1287,1854
1288,1858
1289,1860
1290,1862
1291,1862
1292,1861
1293,1861
1294,1859
1295,1857
1296,1859
1297,1858
1298,1862
1299,1862
1300,1862
1301,1863
1302,1857
1303,1858
1304,1861
1305,1862
1306,1859
1307,1857
1308,1861
1309,1863
1310,1862
1311,1862
1312,1867
1313,1861
1314,1855
1315,1856
1316,1856
1317,1857
1318,1861
1319,1859
1320,1861
1321,1856
1322,1856
1323,1857
1324,1857
1325,1859
1326,1870
1327,1859
1328,1861
1329,1860
1330,1859
1331,1858
1332,1860
1333,1856
1334,1856
1335,1858
1336,1857
1337,1857
1338,1851
1339,1860
1340,1858
1341,1857
1342,1859
1343,1859
1344,1856
1345,1856
1346,1856
1347,1855
1348,1858
1349,1855
1350,1852
1351,1856
1352,1860
1353,1859
1354,1857
1355,1857
1356,1858
1357,1857
1358,1858
1359,1859
1360,1859
1361,1859
1362,1857
1363,1855
1364,1856
1365,1862
1366,1862
1367,1858
1368,1861
1369,1859
1370,1862
1371,1861
1372,1859
1373,1860
1374,1853
1375,1856
1376,1855
1377,1856
1378,1862
1379,1859
1380,1859
1381,1860
1382,1860
1383,1861
1384,1863
1385,1865
1386,1859
1387,1858
1388,1857
1389,1856
1390,1856
1391,1857
1392,1858
1393,1858
1394,1860
1395,1862
1396,1860
1397,1858
1398,1857
1399,1858
1400,1861
1401,1863
1402,1862
1403,1860
1404,1851
1405,1854
1406,1856
1407,1855
1408,1857
1409,1865
1410,1863
1411,1865
1412,1867
1413,1863
1414,1863
1415,1863
1416,1866
1417,1861
1418,1855
1419,1859
1420,1856
1421,1857
1422,1856
1423,1858
1424,1858
1425,1857
1426,1859
1427,1861
1428,1861
1429,1860
1430,1858
1431,1857
1432,1862
1433,1863
1434,1859
1435,1857
1436,1857
1437,1856
1438,1855
1439,1854
1440,1857
1441,1857
1442,1860
1443,1862
1444,1866
1445,1865
1446,1863
1447,1859
1448,1862
1449,1863
1450,1863
1451,1861
1452,1862
1453,1862
1454,1856
1455,1859
1456,1857
1457,1856
1458,1858
1459,1858
1460,1858
1461,1857
1462,1858
1463,1858
1464,1850
1465,1851
1466,1854
1467,1856
1468,1855
1469,1853
1470,1858
1471,1855
1472,1858
1473,1860
1474,1861
1475,1861
1476,1859
1477,1864
1478,1863
1479,1862
1480,1858
1481,1859
1482,1863
1483,1865
1484,1863
1485,1862
1486,1860
1487,1861
1488,1862
1489,1861
1490,1857
1491,1857
1492,1858
1493,1859
1494,1853
1495,1854
1496,1853
1497,1853
1498,1856
1499,1866
1500,1867
1501,1865
1502,1866
1503,1862
1504,1862
1505,1861
1506,1858
1507,1856
1508,1856
1509,1861
1510,1857
1511,1858
1512,1858
1513,1857
1514,1855
1515,1856
1516,1856
1517,1857
1518,1859
1519,1859
1520,1857
1521,1858
1522,1859
1523,1858
1524,1851
1525,1854
1526,1856
1527,1855
1528,1858
1529,1855
1530,1859
1531,1860
1532,1866
1533,1861
1534,1861
1535,1861
1536,1859
1537,1859
1538,1851
1539,1857
1540,1857
1541,1858
1542,1856
1543,1858
1544,1859
1545,1859
1546,1856
1547,1856
1548,1857
1549,1859
1550,1862
1551,1861
1552,1860
1553,1857
1554,1851
1555,1853
1556,1851
1557,1851
1558,1854
1559,1851
1560,1858
1561,1858
1562,1860
1563,1857
1564,1857
1565,1859
1566,1859
1567,1858
1568,1858
1569,1857
1570,1854
1571,1856
1572,1856
1573,1855
1574,1853
1575,1858
1576,1856
1577,1858
1578,1861
1579,1861
1580,1861
1581,1859
1582,1863
1583,1863
1584,1858
1585,1857
1586,1856
1587,1856
1588,1859
1589,1863
1590,1861
1591,1859
1592,1859
1593,1862
1594,1861
1595,1861
1596,1861
1597,1860
1598,1859
1599,1864
1600,1866
1601,1865
1602,1865
1603,1862
1604,1861
1605,1860
1606,1859
1607,1857
1608,1860
1609,1860
1610,1865
1611,1865
1612,1863
1613,1859
1614,1854
1615,1854
1616,1856
1617,1856
1618,1855
1619,1856
1620,1857
1621,1857
1622,1858
1623,1857
1624,1856
1625,1856
1626,1856
1627,1856
1628,1858
1629,1860
1630,1857
1631,1858
1632,1860
1633,1864
1634,1859
1635,1865
1636,1862
1637,1864
1638,1857
1639,1862
1640,1865
1641,1859
1642,1859
1643,1861
1644,1856
1645,1856
1646,1854
1647,1850
1648,1853
1649,1856
1650,1854
1651,1857
1652,1862
1653,1863
1654,1863
1655,1863
1656,1863
1657,1860
1658,1860
1659,1859
1660,1861
1661,1857
1662,1859
1663,1859
1664,1856
1665,1858
1666,1859
1667,1862
1668,1863
1669,1865
1670,1862
1671,1863
1672,1863
1673,1867
1674,1859
1675,1862
1676,1858
1677,1856
1678,1855
1679,1861
1680,1857
1681,1857
1682,1858
1683,1861
1684,1862
1685,1859
1686,1860
1687,1859
1688,1860
1689,1857
1690,1859
1691,1856
1692,1859
1693,1858
1694,1857
1695,1857
1696,1856
1697,1856
1698,1858
1699,1861
1700,1860
1701,1861
1702,1865
1703,1861
1704,1857
1705,1856
1706,1855
1707,1853
1708,1852
1709,1860
1710,1863
1711,1862
1712,1863
1713,1861
1714,1858
1715,1859
1716,1862
1717,1862
1718,1856
1719,1866
1720,1869
1721,1863
1722,1860
1723,1861
1724,1860
1725,1857
1726,1861
1727,1861
1728,1858
1729,1860
1730,1858
1731,1858
1732,1859
1733,1859
1734,1856
1735,1857
1736,1857
1737,1853
1738,1855
1739,1851
1740,1857
1741,1862
1742,1857
1743,1858
1744,1857
1745,1856
1746,1856
1747,1856
1748,1857
1749,1855
1750,1857
1751,1858
1752,1860
1753,1859
1754,1862
1755,1861
1756,1860
1757,1858
1758,1856
1759,1857
1760,1858
1761,1858
1762,1861
1763,1858
1764,1851
1765,1854
1766,1855
1767,1857
1768,1859
1769,1857
1770,1867
1771,1866
1772,1866
1773,1865
1774,1862
1775,1864
1776,1862
1777,1865
1778,1859
1779,1862
1780,1857
1781,1857
1782,1862
1783,1862
1784,1865
1785,1863
1786,1866
1787,1865
1788,1864
1789,1859
1790,1864
1791,1859
1792,1858
1793,1859
1794,1856
1795,1854
1796,1854
1797,1854
1798,1855
1799,1857
1800,1863
1801,1863
1802,1866
1803,1861
1804,1857
1805,1857
1806,1856
1807,1856
1808,1856
1809,1857
1810,1857
1811,1858
1812,1861
1813,1858
1814,1855
1815,1856
1816,1859
1817,1859
1818,1863
1819,1856
1820,1854
1821,1852
1822,1855
1823,1853
1824,1855
1825,1852
1826,1851
1827,1854
1828,1855
1829,1850
1830,1856
1831,1856
1832,1859
1833,1859
1834,1863
1835,1861
1836,1863
1837,1860
1838,1855
1839,1859
1840,1858
1841,1856
1842,1858
1843,1856
1844,1859
1845,1859
1846,1858
1847,2737
1848,528
1849,2027
1850,2465
1851,2486
1852,2480
1853,2447
1854,2287
1855,2179
1856,2068
1857,1968
1858,1789
1859,1418
1860,1274
1861,1425
1862,1587
1863,1689
1864,1727
1865,1723
1866,1712
1867,1696
1868,1727
1869,1762
1870,1803
1871,1845
1872,1894
1873,1918
1874,1909
1875,1872
1876,1861
1877,1884
1878,2112
1879,234
1880,1915
1881,2480
1882,2547
1883,2524
1884,2479
1885,2315
1886,2166
1887,2025
1888,1898
1889,1522
1890,1250
1891,1429
1892,1590
1893,1635
1894,1703
1895,1729
1896,1722
1897,1749
1898,1789
1899,1823
1900,1843
1901,1853
1902,1850
1903,1856
1904,1882
1905,1903
1906,1910
1907,1917
1908,1919
1909,1913
1910,69
1911,1792
1912,2410
1913,2506
1914,2431
1915,2352
1916,2259
1917,2122
1918,2015
1919,1810
1920,1435
1921,1433
1922,1637
1923,1691
1924,1712
1925,1727
1926,1722
1927,1761
1928,1807
1929,1837
1930,1840
1931,1818
1932,1821
1933,1840
1934,1885
1935,1923
1936,1936
1937,1936
1938,1925
1939,1920
1940,1913
1941,4
1942,1758
1943,2357
1944,2465
1945,2387
1946,2287
1947,2213
1948,2079
1949,2000
1950,1712
1951,1474
1952,1613
1953,1764
1954,1731
1955,1678
1956,1681
1957,1712
1958,1774
1959,1823
1960,1860
1961,1876
1962,1887
1963,1885
1964,1881
1965,1894
1966,1894
1967,1893
1968,1900
1969,1901
1970,1890
1971,1891
1972,0
1973,1655
1974,2469
1975,2688
1976,2533
1977,2295
1978,2138
1979,1858
1980,1803
1981,1573
1982,1451
1983,1709
1984,1830
1985,1709
1986,1629
1987,1642
1988,1712
1989,1779
1990,1831
1991,1872
1992,1888
1993,1887
1994,1886
1995,1893
1996,1894
1997,1900
1998,1903
1999,1911
2000,1911
2001,1898
2002,1898
2003,277
2004,1443
2005,2480
2006,2856
2007,2717
2008,2448
2009,2071
2010,1616
2011,1638
2012,1335
2013,1398
2014,1755
2015,1809
2016,1681
2017,1629
2018,1648
2019,1739
2020,1806
2021,1853
2022,1888
2023,1905
2024,1901
2025,1885
2026,1875
2027,1920
2028,1926
2029,1910
2030,1888
2031,1885
2032,1909
2033,1917
2034,432
2035,1382
2036,2631
2037,3316
2038,3101
2039,2673
2040,1826
2041,1357
2042,1265
2043,937
2044,1359
2045,1776
2046,1789
2047,1680
2048,1638
2049,1691
2050,1778
2051,1847
2052,1893
2053,1911
2054,1919
2055,1914
2056,1904
2057,1904
2058,1911
2059,1915
2060,1918
2061,1919
2062,1911
2063,1895
2064,1890
2065,786
2066,1228
2067,2526
2068,3327
2069,3186
2070,2835
2071,1916
2072,1369
2073,1152
2074,843
2075,1360
2076,1754
2077,1781
2078,1671
2079,1630
2080,1685
2081,1772
2082,1847
2083,1902
2084,1920
2085,1932
2086,1930
2087,1925
2088,1924
2089,1927
2090,1931
2091,1925
2092,1921
2093,1916
2094,1892
2095,1869
2096,1296
2097,1018
2098,2398
2099,3302
2100,3297
2101,2944
2102,2110
2103,1389
2104,1006
2105,719
2106,1311
2107,1728
2108,1776
2109,1707
2110,1666
2111,1722
2112,1807
2113,1863
2114,1901
2115,1925
2116,1943
2117,1959
2118,1934
2119,1939
2120,1936
2121,1914
2122,1887
2123,1865
2124,1858
2125,1890
2126,1903
2127,2055
2128,813
2129,2287
2130,3290
2131,3430
2132,3026
2133,2192
2134,1328
2135,922
2136,687
2137,1291
2138,1689
2139,1786
2140,1756
2141,1707
2142,1741
2143,1814
2144,1872
2145,1909
2146,1936
2147,1961
2148,1968
2149,1957
2150,1936
2151,1931
2152,1906
2153,1879
2154,1877
2155,1895
2156,1887
2157,1874
2158,2688
2159,453
2160,2106
2161,3186
2162,3495
2163,3051
2164,2324
2165,1425
2166,961
2167,634
2168,1204
2169,1664
2170,1776
2171,1761
2172,1712
2173,1731
2174,1806
2175,1874
2176,1915
2177,1936
2178,1941
2179,1938
2180,1920
2181,1902
2182,1904
2183,1915
2184,1909
2185,1909
2186,1904
2187,1900
2188,1890
2189,2475
2190,358
2191,2074
2192,3200
2193,3547
2194,3098
2195,2365
2196,1391
2197,961
2198,683
2199,1244
2200,1680
2201,1763
2202,1712
2203,1655
2204,1688
2205,1776
2206,1855
2207,1900
2208,1927
2209,1938
2210,1936
2211,1934
2212,1919
2213,1915
2214,1914
2215,1920
2216,1922
2217,1909
2218,1904
2219,1904
2220,1937
2221,51
2222,1893
2223,3094
2224,3693
2225,3170
2226,2509
2227,1527
2228,945
2229,560
2230,1087
2231,1600
2232,1744
2233,1754
2234,1709
2235,1711
2236,1783
2237,1856
2238,1897
2239,1924
2240,1934
2241,1927
2242,1915
2243,1919
2244,1937
2245,1933
2246,1924
2247,1920
2248,1911
2249,1898
2250,1897
2251,1901
2252,0
2253,1780
2254,2903
2255,3547
2256,3152
2257,2559
2258,1613
2259,1080
2260,656
2261,1072
2262,1587
2263,1748
2264,1749
2265,1712
2266,1717
2267,1790
2268,1862
2269,1907
2270,1926
2271,1931
2272,1933
2273,1938
2274,1922
2275,1909
2276,1904
2277,1905
2278,1904
2279,1904
2280,1903
2281,1900
2282,1903
2283,0
2284,1713
2285,2863
2286,3583
2287,3179
2288,2606
2289,1650
2290,1072
2291,656
2292,1078
2293,1582
2294,1747
2295,1758
2296,1711
2297,1702
2298,1779
2299,1863
2300,1920
2301,1945
2302,1960
2303,1975
2304,1985
2305,1966
2306,1921
2307,1884
2308,1887
2309,1887
2310,1889
2311,1916
2312,1895
2313,1853
2314,132
2315,1456
2316,2730
2317,3677
2318,3290
2319,2723
2320,1808
2321,1086
2322,630
2323,903
2324,1488
2325,1721
2326,1747
2327,1710
2328,1697
2329,1773
2330,1850
2331,1903
2332,1936
2333,1963
2334,1966
2335,1971
2336,1955
2337,1927
2338,1920
2339,1900
2340,1875
2341,1858
2342,1861
2343,1886
2344,1899
2345,455
2346,1347
2347,2589
2348,3546
2349,3299
2350,2791
2351,1919
2352,1168
2353,705
2354,912
2355,1486
2356,1717
2357,1746
2358,1711
2359,1692
2360,1759
2361,1840
2362,1899
2363,1926
2364,1933
2365,1941
2366,1943
2367,1943
2368,1957
2369,1936
2370,1921
2371,1906
2372,1906
2373,1909
2374,1906
2375,1892
2376,598
2377,1257
2378,2554
2379,3563
2380,3281
2381,2768
2382,1963
2383,1209
2384,688
2385,883
2386,1472
2387,1715
2388,1744
2389,1693
2390,1677
2391,1749
2392,1838
2393,1894
2394,1921
2395,1936
2396,1945
2397,1943
2398,1938
2399,1930
2400,1932
2401,1936
2402,1917
2403,1900
2404,1894
2405,1891
2406,1890
2407,1455
2408,960
2409,2386
2410,3472
2411,3381
2412,2896
2413,2128
2414,1222
2415,739
2416,797
2417,1424
2418,1708
2419,1757
2420,1706
2421,1670
2422,1738
2423,1815
2424,1872
2425,1914
2426,1934
2427,1939
2428,1949
2429,1938
2430,1921
2431,1919
2432,1920
2433,1919
2434,1920
2435,1909
2436,1901
2437,1899
2438,2272
2439,723
2440,2240
2441,3305
2442,3367
2443,2911
2444,2241
2445,1349
2446,831
2447,743
2448,1359
2449,1690
2450,1758
2451,1727
2452,1686
2453,1739
2454,1813
2455,1874
2456,1909
2457,1927
2458,1947
2459,1975
2460,1975
2461,1967
2462,1911
2463,1886
2464,1871
2465,1882
2466,1903
2467,1903
2468,1895
2469,1889
2470,1886
2471,1884
2472,1880
2473,1883
2474,1882
2475,1874
2476,1867
2477,1870
2478,1872
2479,1873
2480,1872
2481,1869
2482,1870
2483,1863
2484,1853
2485,1854
2486,1850
2487,1854
2488,1857
2489,1858
2490,1858
2491,1856
2492,1855
2493,1854
2494,1856
2495,1856
2496,1856
2497,1856
2498,1861
2499,1869
2500,1872
2501,1872
2502,1865
2503,1866
2504,1862
2505,1861
2506,1857
2507,1856
2508,1861
2509,1859
2510,1858
2511,1858
2512,1858
2513,1856
2514,1850
2515,1854
2516,1859
2517,1867
2518,1865
2519,1869
2520,1860
2521,1856
2522,1857
2523,1854
2524,1854
2525,1856
2526,1861
2527,1867
2528,1863
2529,1858
2530,1861
2531,1867
2532,1869
2533,1857
2534,1858
2535,1858
2536,1861
2537,1855
2538,1857
2539,1858
2540,1856
2541,1847
2542,1853
2543,1859
2544,1857
2545,1856
2546,1854
2547,1853
2548,1854
2549,1856
2550,1859
2551,1862
2552,1866
2553,1865
2554,1862
2555,1859
2556,1859
2557,1861
2558,1863
2559,1863
2560,1863
2561,1863
2562,1862
2563,1859
2564,1857
2565,1861
2566,1870
2567,1874
2568,1869
2569,1855
2570,1854
2571,1853
2572,1854
2573,1856
2574,1849
2575,1850
2576,1847
2577,1851
2578,1853
2579,1857
2580,1856
2581,1857
2582,1863
2583,1867
2584,1865
2585,1861
2586,1863
2587,1859
2588,1857
2589,1856
2590,1856
2591,1856
2592,1857
2593,1856
2594,1863
2595,1861
2596,1863
2597,1863
2598,1865
2599,1859
2600,1856
2601,1865
2602,1868
2603,1870
2604,1856
2605,1853
2606,1847
2607,1847
2608,1849
2609,1853
2610,1853
2611,1855
2612,1858
2613,1856
2614,1855
2615,1858
2616,1865
2617,1869
2618,1858
2619,1860
2620,1859
2621,1860
2622,1858
2623,1857
2624,1856
2625,1857
2626,1860
2627,1862
2628,1864
2629,1867
2630,1862
2631,1858
2632,1865
2633,1863
2634,1856
2635,1854
2636,1854
2637,1856
2638,1853
2639,1851
2640,1857
2641,1857
2642,1860
2643,1856
2644,1862
2645,1862
2646,1859
2647,1858
2648,1862
2649,1869
2650,1870
2651,1869
2652,1861
2653,1861
2654,1859
2655,1858
2656,1859
2657,1855
2658,1855
2659,1857
2660,1858
2661,1861
2662,1859
2663,1859
2664,1854
2665,1856
2666,1857
2667,1862
2668,1862
2669,1859
2670,1856
2671,1861
2672,1854
2673,1852
2674,1856
2675,1856
2676,1858
2677,1858
2678,1860
2679,1858
2680,1856
2681,1855
2682,1856
2683,1858
2684,1863
2685,1867
2686,1867
2687,1863
2688,1856
2689,1858
2690,1856
2691,1856
2692,1857
2693,1859
2694,1855
2695,1854
2696,1854
2697,1854
2698,1853
2699,1858
2700,1862
2701,1863
2702,1867
2703,1862
2704,1860
2705,1862
2706,1862
2707,1859
2708,1856
2709,1858
2710,1855
2711,1857
2712,1858
2713,1857
2714,1858
2715,1857
2716,1861
2717,1863
2718,1859
2719,1863
2720,1861
2721,1860
2722,1861
2723,1858
2724,1855
2725,1856
2726,1856
2727,1856
2728,1856
2729,1856
2730,1857
2731,1856
2732,1857
2733,1857
2734,1857
2735,1856
2736,1855
2737,1856
2738,1851
2739,1858
2740,1856
2741,1856
2742,1856
2743,1856
2744,1859
2745,1859
2746,1862
2747,1865
2748,1868
2749,1865
2750,1862
2751,1858
2752,1859
2753,1858
2754,1853
2755,1850
2756,1851
2757,1853
2758,1851
2759,1850
2760,1859
2761,1858
2762,1858
2763,1857
2764,1857
2765,1857
2766,1857
2767,1857
2768,1855
2769,1856
2770,1855
2771,1854
2772,1857
2773,1856
2774,1858
2775,1858
2776,1857
2777,1857
2778,1859
2779,1862
2780,1862
2781,1859
2782,1865
2783,1866
2784,1863
2785,1861
2786,1862
2787,1857
2788,1840
2789,1858
2790,1859
2791,1858
2792,1858
2793,1857
2794,1857
2795,1857
2796,1859
2797,1856
2798,1856
2799,1857
2800,1857
2801,1859
2802,1857
2803,1859
2804,1856
2805,1853
2806,1858
2807,1857
2808,1856
2809,1857
2810,1857
2811,1856
2812,1858
2813,1859
2814,1853
2815,1854
2816,1856
2817,1856
2818,1850
2819,1857
2820,1856
2821,1856
2822,1856
2823,1857
2824,1859
2825,1859
2826,1861
2827,1861
2828,1863
2829,1858
2830,1858
2831,1856
2832,1861
2833,1863
2834,1862
2835,1862
2836,1857
2837,1859
2838,1854
2839,1859
2840,1859
2841,1861
2842,1860
2843,1862
2844,1856
2845,1857
2846,1856
2847,1855
2848,1853
2849,1853
2850,1851
2851,1851
2852,1857
2853,1858
2854,1857
2855,1854
2856,1857
2857,1857
2858,1854
2859,1856
2860,1855
2861,1857
2862,1861
2863,1857
2864,1859
2865,1858
2866,1859
2867,1860
2868,1859
2869,1859
2870,1858
2871,1858
2872,1856
2873,1856
2874,1853
2875,1852
2876,1853
2877,1855
2878,1862
2879,1862
2880,1861
2881,1859
2882,1861
2883,1863
2884,1859
2885,1859
2886,1858
2887,1856
2888,1856
2889,1859
2890,1859
2891,1862
2892,1862
2893,1866
2894,1866
2895,1863
2896,1863
2897,1857
2898,1858
2899,1860
2900,1858
2901,1857
2902,1856
2903,1855
2904,1847
2905,1846
2906,1847
2907,1854
2908,1855
2909,1861
2910,1863
2911,1863
2912,1866
2913,1859
2914,1857
2915,1858
2916,1859
2917,1856
2918,1855
2919,1855
2920,1854
2921,1854
2922,1855
2923,1855
2924,1853
2925,1855
2926,1856
2927,1859
2928,1862
2929,1861
2930,1861
2931,1862
2932,1860
2933,1862
2934,1854
2935,1854
2936,1847
2937,1850
2938,1850
2939,1849
2940,1855
2941,1858
2942,1859
2943,1861
2944,1862
2945,1859
2946,1861
2947,1862
2948,1862
2949,1861
2950,1860
2951,1861
2952,1860
2953,1858
2954,1860
2955,1863
2956,1858
2957,1859
2958,1861
2959,1862
2960,1860
2961,1861
2962,1861
2963,1861
2964,1853
2965,1856
2966,1856
2967,1856
2968,1855
2969,1854
2970,1857
2971,1857
2972,1858
2973,1859
2974,1861
2975,1861
2976,1863
2977,1865
2978,1867
2979,1866
2980,1862
2981,1867
2982,1867
2983,1866
2984,1863
2985,1862
2986,1861
2987,1859
2988,1858
2989,1856
2990,1858
2991,1859
2992,1861
2993,1859
2994,1855
2995,1858
2996,1858
2997,1856
2998,1857
2999,1865
3000,1865
3001,1863
3002,1862
3003,1865
3004,1859
3005,1863
3006,1859
3007,1862
3008,1863
3009,1862
3010,1861
3011,1861
3012,1865
3013,1863
3014,1858
3015,1857
3016,1862
3017,1861
3018,1854
3019,1861
3020,1858
3021,1857
3022,1861
3023,1862
3024,1856
3025,1855
3026,1855
3027,1857
3028,1856
3029,1855
3030,1854
3031,1859
3032,1863
3033,1861
3034,1857
3035,1856
3036,1857
3037,1854
3038,1849
3039,1856
3040,1856
3041,1856
3042,1859
3043,1857
3044,1858
3045,1859
3046,1860
3047,1855
3048,1856
3049,1858
3050,1855
3051,1857
3052,1857
3053,1855
3054,1842
3055,1848
3056,1849
3057,1851
3058,1855
3059,1856
3060,1861
3061,1861
3062,1858
3063,1857
3064,1857
3065,1858
3066,1863
3067,1862
3068,1857
3069,1856
3070,1853
3071,1853
3072,1853
3073,1855
3074,1856
3075,1858
3076,1861
3077,1861
3078,1863
3079,1861
3080,1858
3081,1863
3082,1863
3083,1863
3084,1856
3085,1853
3086,1855
3087,1853
3088,1854
3089,1859
3090,1862
3091,1861
3092,1861
3093,1861
3094,1861
3095,1862
3096,1859
3097,1858
3098,1859
3099,1861
3100,1862
3101,1856
3102,1856
3103,1855
3104,1856
3105,1856
3106,1858
3107,1858
3108,1861
3109,1867
3110,1865
3111,1862
3112,1863
3113,1863
3114,1854
3115,1856
3116,1857
3117,1857
3118,1856
3119,1856
3120,1858
3121,1857
3122,1856
3123,1856
3124,1860
3125,1859
3126,1862
3127,1863
3128,1866
3129,1862
3130,1860
3131,1861
3132,1862
3133,1865
3134,1863
3135,1859
3136,1860
3137,1858
3138,1853
3139,1859
3140,1862
3141,1860
3142,1859
3143,1865
3144,1856
3145,1856
3146,1854
3147,1853
3148,1852
3149,1854
3150,1857
3151,1856
3152,1858
3153,1859
3154,1857
3155,1856
3156,1859
3157,1856
3158,1859
3159,1860
3160,1861
3161,1863
3162,1858
3163,1859
3164,1858
3165,1858
3166,1858
3167,1861
3168,1859
3169,1856
3170,1856
3171,1856
3172,1856
3173,1856
3174,1849
3175,1854
3176,1855
3177,1854
3178,1853
3179,1861
3180,1859
3181,1858
3182,1861
3183,1862
3184,1861
3185,1859
3186,1856
3187,1854
3188,1856
3189,1856
3190,1860
3191,1859
3192,1867
3193,1863
3194,1867
3195,1867
3196,1867
3197,1870
3198,1863
3199,1867
3200,1867
3201,1866
3202,1863
3203,1859
3204,1852
3205,1854
3206,1854
3207,1855
3208,1849
3209,1861
3210,1862
3211,1867
3212,1863
3213,1867
3214,1859
3215,1859
3216,1859
3217,1862
3218,1854
3219,1858
3220,1856
3221,1857
3222,1861
3223,1861
3224,1865
3225,1862
3226,1869
3227,1865
3228,1865
3229,1866
3230,1859
3231,1861
3232,1863
3233,1862
3234,1854
3235,1849
3236,1849
3237,1847
3238,1850
3239,1850
3240,1847
3241,1856
3242,1861
3243,1859
3244,1863
3245,1863
3246,1863
3247,1865
3248,1862
3249,1865
3250,1860
3251,1856
3252,1855
3253,1856
3254,1856
3255,1856
3256,1858
3257,1859
3258,1861
3259,1861
3260,1859
3261,1863
3262,1862
3263,1860
3264,1860
3265,1856
3266,1856
3267,1855
3268,1851
3269,1847
3270,1855
3271,1854
3272,1855
3273,1856
3274,1859
3275,1858
3276,1858
3277,1865
3278,1865
3279,1861
3280,1861
3281,1859
3282,1860
3283,1860
3284,1861
3285,1859
3286,1857
3287,1856
3288,1855
3289,1856
3290,1857
3291,1860
3292,1867
3293,1867
3294,1857
3295,1859
3296,1863
3297,1861
3298,1861
3299,1865
3300,1861
3301,1859
3302,1857
3303,1855
3304,1855
3305,1856
3306,1855
3307,1855
3308,1857
3309,1860
3310,1865
3311,1859
3312,1859
3313,1860
3314,1861
3315,1863
3316,1861
3317,1859
3318,1852
3319,1856
3320,1856
3321,1855
3322,1854
3323,1855
3324,1850
3325,1855
3326,1856
3327,1857
3328,1856
3329,1853
3330,1854
3331,1860
3332,1865
3333,1863
3334,1861
3335,1857
3336,1855
3337,1853
3338,1850
3339,1856
3340,1855
3341,1856
3342,1858
3343,1861
3344,1860
3345,1859
3346,1863
3347,1856
3348,1859
3349,1861
3350,1856
3351,1855
3352,1856
3353,1854
3354,1847
3355,1850
3356,1850
3357,1850
3358,1856
3359,1857
3360,1862
3361,1863
3362,1864
3363,1863
3364,1863
3365,1863
3366,1867
3367,1864
3368,1862
3369,1860
3370,1858
3371,1857
3372,1857
3373,1857
3374,1859
3375,1860
3376,1862
3377,1863
3378,1863
3379,1866
3380,1865
3381,1867
3382,1869
3383,1868
3384,1858
3385,1855
3386,1854
3387,1849
3388,1851
3389,1856
3390,1858
3391,1861
3392,1861
3393,1863
3394,1865
3395,1863
3396,1865
3397,1860
3398,1862
3399,1865
3400,1865
3401,1859
3402,1857
3403,1851
3404,1854
3405,1856
3406,1856
3407,1856
3408,1861
3409,1863
3410,1862
3411,1863
3412,1863
3413,1862
3414,1855
3415,1856
3416,1855
3417,1853
3418,1848
3419,1854
3420,1853
3421,1850
3422,1853
3423,1856
3424,1857
3425,1856
3426,1858
3427,1861
3428,1859
3429,1859
3430,1862
3431,1862
3432,1861
3433,1859
3434,1856
3435,1857
3436,1855
3437,1855
3438,1846
3439,1855
3440,1856
3441,1860
3442,1867
3443,1866
3444,1859
3445,1859
3446,1858
3447,1857
3448,1859
3449,1859
3450,1858
3451,1854
3452,1856
3453,1856
3454,1855
3455,1855
3456,1856
3457,1858
3458,1865
3459,1867
3460,1866
3461,1862
3462,1863
3463,1857
3464,1200
3465,1040
3466,2331
3467,2720
3468,2721
3469,2638
3470,2487
3471,2256
3472,2094
3473,1924
3474,1779
3475,1415
3476,1017
3477,1109
3478,1417
3479,1616
3480,1719
3481,1750
3482,1744
3483,1733
3484,1753
3485,1812
3486,1857
3487,1883
3488,1903
3489,1915
3490,1919
3491,1839
3492,1776
3493,1826
3494,1886
3495,1957
3496,865
3497,2263
3498,2700
3499,2768
3500,2689
3501,2546
3502,2302
3503,2032
3504,1830
3505,1520
3506,974
3507,1023
3508,1450
3509,1648
3510,1714
3511,1776
3512,1785
3513,1782
3514,1799
3515,1842
3516,1872
3517,1892
3518,1906
3519,1919
3520,1927
3521,1921
3522,1905
3523,1882
3524,1886
3525,1895
3526,2722
3527,497
3528,2079
3529,2605
3530,2686
3531,2594
3532,2438
3533,2265
3534,1971
3535,1795
3536,1456
3537,1201
3538,1408
3539,1647
3540,1662
3541,1695
3542,1744
3543,1757
3544,1762
3545,1806
3546,1839
3547,1866
3548,1887
3549,1906
3550,1914
3551,1921
3552,1921
3553,1903
3554,1898
3555,1901
3556,1904
3557,2524
3558,395
3559,2075
3560,2696
3561,2763
3562,2626
3563,2425
3564,2139
3565,1839
3566,1648
3567,1189
3568,1274
3569,1654
3570,1766
3571,1700
3572,1712
3573,1744
3574,1744
3575,1776
3576,1822
3577,1870
3578,1902
3579,1892
3580,1865
3581,1854
3582,1875
3583,1903
3584,1887
3585,1906
3586,1905
3587,1879
3588,1948
3589,69
3590,1905
3591,2787
3592,2962
3593,2751
3594,2415
3595,1942
3596,1638
3597,1445
3598,1133
3599,1475
3600,1774
3601,1787
3602,1699
3603,1707
3604,1728
3605,1728
3606,1780
3607,1830
3608,1872
3609,1904
3610,1915
3611,1910
3612,1875
3613,1866
3614,1890
3615,1914
3616,1936
3617,1937
3618,1885
3619,1861
3620,0
3621,1769
3622,2739
3623,3042
3624,2807
3625,2485
3626,1855
3627,1532
3628,1297
3629,1127
3630,1586
3631,1823
3632,1799
3633,1728
3634,1722
3635,1711
3636,1727
3637,1794
3638,1847
3639,1885
3640,1905
3641,1917
3642,1908
3643,1891
3644,1887
3645,1901
3646,1904
3647,1904
3648,1903
3649,1893
3650,1899
3651,0
3652,1634
3653,2751
3654,3216
3655,2987
3656,2591
3657,1685
3658,1447
3659,1103
3660,1058
3661,1586
3662,1806
3663,1781
3664,1749
3665,1742
3666,1716
3667,1744
3668,1808
3669,1872
3670,1937
3671,1961
3672,1929
3673,1882
3674,1878
3675,1871
3676,1889
3677,1904
3678,1918
3679,1911
3680,1877
3681,1875
3682,129
3683,1472
3684,2645
3685,3234
3686,3031
3687,2651
3688,1729
3689,1470
3690,1022
3691,1098
3692,1664
3693,1867
3694,1808
3695,1715
3696,1693
3697,1685
3698,1732
3699,1813
3700,1872
3701,1911
3702,1923
3703,1924
3704,1917
3705,1908
3706,1906
3707,1909
3708,1912
3709,1904
3710,1895
3711,1893
3712,1897
3713,414
3714,1306
3715,2559
3716,3312
3717,3167
3718,2721
3719,1691
3720,1354
3721,912
3722,1082
3723,1648
3724,1819
3725,1813
3726,1791
3727,1744
3728,1728
3729,1764
3730,1822
3731,1861
3732,1899
3733,1926
3734,1927
3735,1909
3736,1904
3737,1899
3738,1895
3739,1897
3740,1882
3741,1904
3742,1904
3743,1891
3744,841
3745,1120
3746,2453
3747,3248
3748,3158
3749,2721
3750,1781
3751,1409
3752,906
3753,1050
3754,1639
3755,1809
3756,1808
3757,1779
3758,1749
3759,1729
3760,1759
3761,1827
3762,1877
3763,1919
3764,1933
3765,1959
3766,1972
3767,1940
3768,1893
3769,1853
3770,1840
3771,1860
3772,1874
3773,1878
3774,1882
3775,1099
3776,1039
3777,2419
3778,3291
3779,3323
3780,2832
3781,1879
3782,1388
3783,832
3784,976
3785,1579
3786,1779
3787,1806
3788,1790
3789,1755
3790,1722
3791,1751
3792,1826
3793,1875
3794,1908
3795,1920
3796,1930
3797,1930
3798,1925
3799,1926
3800,1917
3801,1913
3802,1911
3803,1904
3804,1898
3805,1890
3806,1776
3807,813
3808,2313
3809,3245
3810,3373
3811,2869
3812,1909
3813,1392
3814,879
3815,941
3816,1535
3817,1779
3818,1808
3819,1787
3820,1761
3821,1727
3822,1753
3823,1814
3824,1870
3825,1917
3826,1947
3827,1968
3828,1949
3829,1935
3830,1899
3831,1862
3832,1840
3833,1853
3834,1881
3835,1904
3836,1900
3837,2455
3838,591
3839,2203
3840,3129
3841,3378
3842,2927
3843,2047
3844,1470
3845,906
3846,873
3847,1481
3848,1744
3849,1808
3850,1811
3851,1787
3852,1741
3853,1759
3854,1823
3855,1871
3856,1899
3857,1911
3858,1920
3859,1927
3860,1931
3861,1919
3862,1904
3863,1919
3864,1931
3865,1936
3866,1883
3867,1850
3868,2286
3869,208
3870,2013
3871,3007
3872,3411
3873,2981
3874,2187
3875,1535
3876,967
3877,815
3878,1441
3879,1744
3880,1798
3881,1797
3882,1777
3883,1745
3884,1748
3885,1808
3886,1867
3887,1905
3888,1926
3889,1936
3890,1943
3891,1941
3892,1909
3893,1919
3894,1904
3895,1895
3896,1879
3897,1881
3898,1881
3899,2128
3900,114
3901,1981
3902,3018
3903,3506
3904,3025
3905,2171
3906,1466
3907,959
3908,803
3909,1435
3910,1734
3911,1787
3912,1790
3913,1773
3914,1728
3915,1741
3916,1806
3917,1862
3918,1897
3919,1934
3920,1970
3921,1967
3922,1941
3923,1921
3924,1889
3925,1870
3926,1872
3927,1899
3928,1885
3929,1866
3930,1889
3931,0
3932,1857
3933,2928
3934,3476
3935,3037
3936,2240
3937,1562
3938,1040
3939,793
3940,1393
3941,1741
3942,1803
3943,1801
3944,1785
3945,1746
3946,1744
3947,1807
3948,1863
3949,1910
3950,1942
3951,1942
3952,1937
3953,1936
3954,1921
3955,1901
3956,1890
3957,1900
3958,1877
3959,1856
3960,1872
3961,1890
3962,0
3963,1725
3964,2834
3965,3487
3966,3125
3967,2362
3968,1601
3969,1082
3970,776
3971,1360
3972,1723
3973,1791
3974,1793
3975,1771
3976,1733
3977,1732
3978,1797
3979,1859
3980,1895
3981,1908
3982,1920
3983,1942
3984,1934
3985,1921
3986,1906
3987,1905
3988,1927
3989,1936
3990,1929
3991,1881
3992,1875
3993,40
3994,1489
3995,2688
3996,3410
3997,3141
3998,2447
3999,1744
4000,1195
4001,741
4002,1257
4003,1691
4004,1790
4005,1797
4006,1779
4007,1740
4008,1717
4009,1776
4010,1845
4011,1898
4012,1923
4013,1939
4014,1953
4015,1951
4016,1940
4017,1916
4018,1885
4019,1858
4020,1871
4021,1886
4022,1887
4023,1883
4024,173
4025,1415
4026,2635
4027,3381
4028,3152
4029,2514
4030,1767
4031,1218
4032,741
4033,1216
4034,1683
4035,1795
4036,1807
4037,1792
4038,1754
4039,1737
4040,1782
4041,1840
4042,1888
4043,1925
4044,1936
4045,1936
4046,1931
4047,1914
4048,1901
4049,1892
4050,1904
4051,1899
4052,1904
4053,1906
4054,1899
4055,745
4056,1139
4057,2461
4058,3355
4059,3278
4060,2640
4061,1842
4062,1291
4063,738
4064,1118
4065,1648
4066,1789
4067,1815
4068,1805
4069,1762
4070,1730
4071,1777
4072,1840
4073,1889
4074,1920
4075,1938
4076,1942
4077,1932
4078,1913
4079,1883
4080,1885
4081,1911
4082,1903
4083,1879
4084,1872
4085,1882
4086,1885
4087,1885
4088,1879
4089,1875
4090,1872
4091,1872
4092,1871
4093,1873
4094,1874
4095,1872
4096,1858
4097,1857
4098,1861
4099,1869
4100,1872
4101,1868
4102,1866
4103,1867
4104,1859
4105,1857
4106,1863
4107,1858
4108,1861
4109,1866
4110,1862
4111,1861
4112,1855
4113,1856
4114,1865
4115,1869
4116,1873
4117,1865
4118,1851
4119,1856
4120,1861
4121,1873
4122,1881
4123,1877
4124,1840
4125,1840
4126,1853
4127,1851
4128,1853
4129,1855
4130,1856
4131,1855
4132,1861
4133,1863
4134,1858
4135,1859
4136,1857
4137,1858
4138,1851
4139,1853
4140,1850
4141,1855
4142,1860
4143,1871
4144,1871
4145,1857
4146,1843
4147,1846
4148,1851
4149,1853
4150,1855
4151,1856
4152,1857
4153,1856
4154,1856
4155,1856
4156,1858
4157,1856
4158,1859
4159,1861
4160,1859
4161,1862
4162,1866
4163,1859
4164,1852
4165,1853
4166,1857
4167,1857
4168,1856
4169,1851
4170,1853
4171,1856
4172,1859
4173,1865
4174,1867
4175,1856
4176,1848
4177,1856
4178,1862
4179,1861
4180,1858
4181,1855
4182,1860
4183,1867
4184,1865
4185,1861
4186,1860
4187,1858
4188,1856
4189,1856
4190,1858
4191,1861
4192,1867
4193,1871
4194,1867
4195,1855
4196,1846
4197,1849
4198,1857
4199,1862
4200,1866
4201,1866
4202,1860
4203,1863
4204,1857
4205,1858
4206,1858
4207,1857
4208,1856
4209,1859
4210,1863
4211,1866
4212,1868
4213,1866
4214,1862
4215,1859
4216,1866
4217,1861
4218,1855
4219,1860
4220,1855
4221,1854
4222,1853
4223,1855
4224,1855
4225,1856
4226,1856
4227,1857
4228,1857
4229,1857
4230,1856
4231,1863
4232,1867
4233,1869
4234,1867
4235,1863
4236,1862
4237,1863
4238,1858
4239,1865
4240,1862
4241,1861
4242,1863
4243,1863
4244,1867
4245,1866
4246,1867
4247,1863
4248,1859
4249,1858
4250,1859
4251,1857
4252,1857
4253,1860
4254,1853
4255,1856
4256,1855
4257,1842
4258,1847
4259,1850
4260,1857
4261,1859
4262,1858
4263,1862
4264,1857
4265,1862
4266,1869
4267,1863
4268,1861
4269,1856
4270,1859
4271,1867
4272,1869
4273,1867
4274,1857
4275,1850
4276,1858
4277,1862
4278,1862
4279,1865
4280,1861
4281,1860
4282,1865
4283,1866
4284,1858
4285,1855
4286,1854
4287,1850
4288,1833
4289,1851
4290,1859
4291,1861
4292,1863
4293,1865
4294,1868
4295,1868
4296,1866
4297,1862
4298,1862
4299,1867
4300,1869
4301,1863
4302,1860
4303,1862
4304,1861
4305,1857
4306,1854
4307,1856
4308,1856
4309,1859
4310,1861
4311,1861
4312,1861
4313,1861
4314,1854
4315,1856
4316,1856
4317,1856
4318,1859
4319,1858
4320,1857
4321,1856
4322,1857
4323,1856
4324,1861
4325,1861
4326,1862
4327,1863
4328,1863
4329,1859
4330,1857
4331,1858
4332,1858
4333,1859
4334,1862
4335,1858
4336,1853
4337,1850
4338,1843
4339,1854
4340,1857
4341,1860
4342,1862
4343,1862
4344,1856
4345,1855
4346,1857
4347,1857
4348,1857
4349,1857
4350,1857
4351,1856
4352,1858
4353,1856
4354,1856
4355,1855
4356,1856
4357,1856
4358,1858
4359,1861
4360,1858
4361,1861
4362,1861
4363,1863
4364,1862
4365,1862
4366,1865
4367,1861
4368,1863
4369,1859
4370,1854
4371,1855
4372,1855
4373,1857
4374,1852
4375,1854
4376,1856
4377,1856
4378,1856
4379,1863
4380,1865
4381,1862
4382,1863
4383,1867
4384,1862
4385,1859
4386,1856
4387,1855
4388,1853
4389,1855
4390,1857
4391,1858
4392,1861
4393,1863
4394,1865
4395,1867
4396,1867
4397,1865
4398,1862
4399,1866
4400,1867
4401,1863
4402,1861
4403,1858
4404,1843
4405,1843
4406,1847
4407,1850
4408,1847
4409,1859
4410,1859
4411,1859
4412,1859
4413,1859
4414,1857
4415,1856
4416,1861
4417,1862
4418,1855
4419,1858
4420,1856
4421,1855
4422,1854
4423,1855
4424,1856
4425,1857
4426,1858
4427,1859
4428,1862
4429,1860
4430,1859
4431,1856
4432,1857
4433,1862
4434,1851
4435,1853
4436,1849
4437,1847
4438,1852
4439,1851
4440,1851
4441,1859
4442,1861
4443,1860
4444,1863
4445,1862
4446,1861
4447,1859
4448,1859
4449,1862
4450,1859
4451,1856
4452,1857
4453,1856
4454,1855
4455,1855
4456,1856
4457,1861
4458,1858
4459,1857
4460,1859
4461,1865
4462,1863
4463,1865
4464,1857
4465,1856
4466,1861
4467,1860
4468,1858
4469,1856
4470,1862
4471,1862
4472,1863
4473,1863
4474,1863
4475,1862
4476,1869
4477,1867
4478,1865
4479,1866
4480,1865
4481,1863
4482,1861
4483,1865
4484,1859
4485,1857
4486,1856
4487,1854
4488,1851
4489,1853
4490,1855
4491,1856
4492,1861
4493,1862
4494,1856
4495,1856
4496,1856
4497,1857
4498,1860
4499,1863
4500,1860
4501,1856
4502,1856
4503,1855
4504,1854
4505,1853
4506,1853
4507,1853
4508,1856
4509,1858
4510,1858
4511,1859
4512,1859
4513,1859
4514,1859
4515,1863
4516,1862
4517,1861
4518,1853
4519,1857
4520,1854
4521,1853
4522,1854
4523,1855
4524,1850
4525,1847
4526,1854
4527,1852
4528,1856
4529,1855
4530,1855
4531,1867
4532,1871
4533,1869
4534,1862
4535,1861
4536,1859
4537,1855
4538,1849
4539,1854
4540,1854
4541,1856
4542,1857
4543,1857
4544,1860
4545,1861
4546,1863
4547,1859
4548,1859
4549,1863
4550,1862
4551,1857
4552,1857
4553,1856
4554,1846
4555,1849
4556,1850
4557,1856
4558,1856
4559,1856
4560,1861
4561,1863
4562,1861
4563,1863
4564,1862
4565,1861
4566,1866
4567,1866
4568,1858
4569,1857
4570,1856
4571,1856
4572,1856
4573,1856
4574,1856
4575,1859
4576,1860
4577,1863
4578,1862
4579,1862
4580,1861
4581,1861
4582,1862
4583,1860
4584,1849
4585,1853
4586,1853
4587,1851
4588,1840
4589,1858
4590,1857
4591,1859
4592,1863
4593,1865
4594,1865
4595,1868
4596,1866
4597,1862
4598,1858
4599,1861
4600,1860
4601,1859
4602,1856
4603,1854
4604,1850
4605,1850
4606,1851
4607,1855
4608,1857
4609,1857
4610,1856
4611,1857
4612,1857
4613,1856
4614,1854
4615,1855
4616,1858
4617,1856
4618,1854
4619,1856
4620,1855
4621,1850
4622,1854
4623,1855
4624,1857
4625,1861
4626,1866
4627,1863
4628,1864
4629,1863
4630,1863
4631,1865
4632,1862
4633,1863
4634,1863
4635,1861
4636,1860
4637,1862
4638,1861
4639,1853
4640,1855
4641,1851
4642,1854
4643,1856
4644,1856
4645,1859
4646,1856
4647,1862
4648,1859
4649,1857
4650,1860
4651,1856
4652,1855
4653,1858
4654,1856
4655,1857
4656,1857
4657,1861
4658,1859
4659,1862
4660,1859
4661,1860
4662,1862
4663,1861
4664,1859
4665,1861
4666,1862
4667,1859
4668,1857
4669,1857
4670,1854
4671,1854
4672,1854
4673,1856
4674,1851
4675,1856
4676,1854
4677,1855
4678,1856
4679,1861
4680,1862
4681,1861
4682,1862
4683,1863
4684,1860
4685,1856
4686,1856
4687,1856
4688,1854
4689,1855
4690,1856
4691,1858
4692,1862
4693,1863
4694,1865
4695,1865
4696,1862
4697,1859
4698,1861
4699,1859
4700,1861
4701,1856
4702,1856
4703,1856
4704,1845
4705,1845
4706,1845
4707,1850
4708,1849
4709,1859
4710,1861
4711,1861
4712,1861
4713,1861
4714,1862
4715,1858
4716,1860
4717,1857
4718,1853
4719,1856
4720,1856
4721,1855
4722,1856
4723,1858
4724,1856
4725,1858
4726,1859
4727,1862
4728,1869
4729,1862
4730,1863
4731,1861
4732,1862
4733,1866
4734,1856
4735,1856
4736,1853
4737,1850
4738,1850
4739,1856
4740,1857
4741,1857
4742,1860
4743,1862
4744,1865
4745,1863
4746,1865
4747,1863
4748,1862
4749,1867
4750,1865
4751,1861
4752,1862
4753,1858
4754,1857
4755,1857
4756,1857
4757,1862
4758,1859
4759,1861
4760,1862
4761,1861
4762,1860
4763,1856
4764,1852
4765,1855
4766,1855
4767,1853
4768,1850
4769,1842
4770,1847
4771,1840
4772,1849
4773,1851
4774,1856
4775,1857
4776,1861
4777,1860
4778,1866
4779,1863
4780,1867
4781,1867
4782,1870
4783,1872
4784,1870
4785,1865
4786,1861
4787,1859
4788,1857
4789,1859
4790,1859
4791,1861
4792,1865
4793,1866
4794,1859
4795,1856
4796,1859
4797,1856
4798,1854
4799,1861
4800,1859
4801,1859
4802,1861
4803,1855
4804,1855
4805,1856
4806,1856
4807,1856
4808,1857
4809,1859
4810,1859
4811,1860
4812,1859
4813,1862
4814,1859
4815,1858
4816,1861
4817,1859
4818,1858
4819,1849
4820,1850
4821,1850
4822,1849
4823,1853
4824,1851
4825,1857
4826,1859
4827,1858
4828,1856
4829,1855
4830,1851
4831,1858
4832,1858
4833,1860
4834,1856
4835,1857
4836,1856
4837,1856
4838,1845
4839,1854
4840,1854
4841,1855
4842,1856
4843,1856
4844,1858
4845,1861
4846,1859
4847,1861
4848,1863
4849,1865
4850,1865
4851,1861
4852,1858
4853,1858
4854,1849
4855,1851
4856,1851
4857,1855
4858,1856
4859,1855
4860,1860
4861,1862
4862,1863
4863,1863
4864,1859
4865,1859
4866,1863
4867,1861
4868,1863
4869,1856
4870,1854
4871,1854
4872,1855
4873,1854
4874,1856
4875,1856
4876,1858
4877,1861
4878,1862
4879,1860
4880,1861
4881,1858
4882,1861
4883,1862
4884,1856
4885,1855
4886,1851
4887,1851
4888,1847
4889,1856
4890,1856
4891,1859
4892,1861
4893,1862
4894,1865
4895,1867
4896,1867
4897,1865
4898,1866
4899,1867
4900,1863
4901,1863
4902,1858
4903,1857
4904,1856
4905,1851
4906,1854
4907,1855
4908,1856
4909,1857
4910,1857
4911,1859
4912,1859
4913,1861
4914,1856
4915,1854
4916,1855
4917,1857
4918,1856
4919,1858
4920,1858
4921,1855
4922,1855
4923,1856
4924,1857
4925,1856
4926,1859
4927,1861
4928,1863
4929,1861
4930,1862
4931,1861
4932,1859
4933,1862
4934,1859
4935,1857
4936,1856
4937,1856
4938,1846
4939,1854
4940,1854
4941,1856
4942,1856
4943,1861
4944,1856
4945,1857
4946,1857
4947,1856
4948,1856
4949,1854
4950,1857
4951,1856
4952,1858
4953,1858
4954,1856
4955,1858
4956,1861
4957,1859
4958,1861
4959,1862
4960,1862
4961,1862
4962,1861
4963,1865
4964,1862
4965,1862
4966,1862
4967,1865
4968,1859
4969,1860
4970,1857
4971,1857
4972,1854
4973,1856
4974,1856
4975,1854
4976,1856
4977,1855
4978,1857
4979,1863
4980,1862
4981,1861
4982,1862
4983,1866
4984,1862
4985,1863
4986,1858
4987,1857
4988,1857
4989,1856
4990,1858
4991,1862
4992,1860
4993,1863
4994,1863
4995,1866
4996,1861
4997,1861
4998,1861
4999,1866
5000,1866
5001,1863
5002,1862
5003,1856
5004,1851
5005,1850
5006,1850
5007,1851
5008,1856
5009,1859
5010,1861
5011,1862
5012,1863
5013,1861
5014,1859
5015,1860
5016,1865
5017,1862
5018,1857
5019,1859
5020,1859
5021,1856
5022,1857
5023,1858
5024,1861
5025,1862
5026,1863
5027,1863
5028,1861
5029,1862
5030,1859
5031,1859
5032,1859
5033,1863
5034,1856
5035,1852
5036,1855
5037,1851
5038,1850
5039,1847
5040,1849
5041,1856
5042,1858
5043,1859
5044,1858
5045,1861
5046,1859
5047,1858
5048,1859
5049,1862
5050,1863
5051,1859
5052,1856
5053,1857
5054,1856
5055,1856
5056,1856
5057,1859
5058,1857
5059,1860
5060,1863
5061,1863
5062,1862
5063,1861
5064,1855
5065,1855
5066,1856
5067,1855
5068,1855
5069,1849
5070,1858
5071,1855
5072,1855
5073,1855
5074,1855
5075,1859
5076,1861
5077,1861
5078,1864
5079,1859
5080,1860
5081,157
5082,1419
5083,2533
5084,2813
5085,2773
5086,2645
5087,2431
5088,2160
5089,1971
5090,1810
5091,1648
5092,1272
5093,1018
5094,1245
5095,1505
5096,1643
5097,1727
5098,1743
5099,1745
5100,1748
5101,1757
5102,1791
5103,1829
5104,1853
5105,1865
5106,1872
5107,1875
5108,1874
5109,1883
5110,1895
5111,1904
5112,850
5113,1175
5114,2391
5115,2768
5116,2817
5117,2692
5118,2495
5119,2211
5120,1919
5121,1726
5122,1383
5123,958
5124,1185
5125,1535
5126,1648
5127,1719
5128,1779
5129,1791
5130,1783
5131,1808
5132,1849
5133,1878
5134,1901
5135,1910
5136,1915
5137,1917
5138,1913
5139,1919
5140,1911
5141,1904
5142,1894
5143,1104
5144,1085
5145,2343
5146,2715
5147,2750
5148,2623
5149,2454
5150,2179
5151,1890
5152,1631
5153,1141
5154,1168
5155,1535
5156,1674
5157,1663
5158,1706
5159,1744
5160,1755
5161,1776
5162,1824
5163,1858
5164,1887
5165,1895
5166,1909
5167,1913
5168,1918
5169,1919
5170,1920
5171,1919
5172,1906
5173,1904
5174,1823
5175,854
5176,2277
5177,2750
5178,2743
5179,2592
5180,2415
5181,2058
5182,1790
5183,1452
5184,1104
5185,1395
5186,1690
5187,1736
5188,1698
5189,1739
5190,1763
5191,1766
5192,1802
5193,1847
5194,1888
5195,1920
5196,1935
5197,1936
5198,1920
5199,1903
5200,1885
5201,1888
5202,1878
5203,1885
5204,1895
5205,2752
5206,485
5207,2133
5208,2753
5209,2783
5210,2559
5211,2354
5212,1911
5213,1701
5214,1394
5215,1248
5216,1614
5217,1822
5218,1793
5219,1709
5220,1707
5221,1712
5222,1730
5223,1790
5224,1837
5225,1870
5226,1878
5227,1879
5228,1878
5229,1887
5230,1903
5231,1899
5232,1897
5233,1899
5234,1902
5235,1897
5236,2725
5237,436
5238,2099
5239,2894
5240,3023
5241,2723
5242,2341
5243,1660
5244,1521
5245,1239
5246,1262
5247,1675
5248,1825
5249,1778
5250,1725
5251,1711
5252,1695
5253,1747
5254,1817
5255,1860
5256,1885
5257,1894
5258,1883
5259,1861
5260,1878
5261,1924
5262,1911
5263,1903
5264,1904
5265,1903
5266,1903
5267,1993
5268,33
5269,1938
5270,2921
5271,3216
5272,2853
5273,2443
5274,1535
5275,1399
5276,1069
5277,1193
5278,1694
5279,1838
5280,1776
5281,1711
5282,1691
5283,1698
5284,1766
5285,1831
5286,1874
5287,1905
5288,1929
5289,1926
5290,1914
5291,1906
5292,1911
5293,1916
5294,1902
5295,1871
5296,1886
5297,1906
5298,1899
5299,0
5300,1808
5301,2886
5302,3357
5303,2977
5304,2496
5305,1535
5306,1319
5307,939
5308,1136
5309,1663
5310,1827
5311,1810
5312,1741
5313,1703
5314,1707
5315,1769
5316,1835
5317,1884
5318,1908
5319,1925
5320,1936
5321,1925
5322,1904
5323,1909
5324,1921
5325,1920
5326,1898
5327,1879
5328,1887
5329,1892
5330,0
5331,1665
5332,2833
5333,3472
5334,3098
5335,2559
5336,1586
5337,1183
5338,791
5339,1085
5340,1618
5341,1797
5342,1813
5343,1775
5344,1730
5345,1731
5346,1792
5347,1854
5348,1902
5349,1935
5350,1946
5351,1939
5352,1925
5353,1905
5354,1899
5355,1894
5356,1899
5357,1906
5358,1907
5359,1904
5360,1903
5361,0
5362,1607
5363,2761
5364,3462
5365,3141
5366,2619
5367,1680
5368,1200
5369,775
5370,1078
5371,1614
5372,1793
5373,1810
5374,1779
5375,1735
5376,1735
5377,1792
5378,1853
5379,1900
5380,1915
5381,1917
5382,1907
5383,1904
5384,1923
5385,1957
5386,1933
5387,1921
5388,1913
5389,1914
5390,1907
5391,1892
5392,303
5393,1331
5394,2598
5395,3491
5396,3286
5397,2770
5398,1812
5399,1203
5400,766
5401,971
5402,1535
5403,1764
5404,1806
5405,1765
5406,1713
5407,1712
5408,1776
5409,1842
5410,1894
5411,1927
5412,1947
5413,1953
5414,1942
5415,1918
5416,1902
5417,1899
5418,1901
5419,1908
5420,1905
5421,1904
5422,1897
5423,695
5424,1182
5425,2495
5426,3442
5427,3312
5428,2854
5429,1930
5430,1218
5431,769
5432,885
5433,1488
5434,1750
5435,1808
5436,1781
5437,1734
5438,1712
5439,1783
5440,1852
5441,1901
5442,1936
5443,1968
5444,1963
5445,1945
5446,1919
5447,1890
5448,1875
5449,1891
5450,1906
5451,1897
5452,1886
5453,1885
5454,897
5455,1074
5456,2439
5457,3408
5458,3356
5459,2869
5460,1991
5461,1249
5462,752
5463,859
5464,1472
5465,1737
5466,1803
5467,1793
5468,1749
5469,1731
5470,1789
5471,1856
5472,1904
5473,1924
5474,1931
5475,1949
5476,1971
5477,1971
5478,1964
5479,1936
5480,1904
5481,1872
5482,1850
5483,1873
5484,1888
5485,2047
5486,744
5487,2263
5488,3306
5489,3406
5490,2978
5491,2131
5492,1290
5493,814
5494,795
5495,1413
5496,1717
5497,1798
5498,1791
5499,1741
5500,1726
5501,1783
5502,1850
5503,1903
5504,1930
5505,1936
5506,1938
5507,1936
5508,1927
5509,1914
5510,1914
5511,1918
5512,1914
5513,1899
5514,1878
5515,1883
5516,2449
5517,692
5518,2246
5519,3318
5520,3471
5521,2995
5522,2186
5523,1348
5524,803
5525,721
5526,1360
5527,1693
5528,1781
5529,1786
5530,1740
5531,1719
5532,1787
5533,1859
5534,1904
5535,1930
5536,1936
5537,1933
5538,1919
5539,1937
5540,1947
5541,1918
5542,1909
5543,1911
5544,1904
5545,1901
5546,1894
5547,2710
5548,412
5549,2131
5550,3239
5551,3527
5552,3030
5553,2254
5554,1343
5555,880
5556,741
5557,1343
5558,1685
5559,1775
5560,1771
5561,1718
5562,1701
5563,1763
5564,1840
5565,1895
5566,1926
5567,1946
5568,1961
5569,1966
5570,1962
5571,1942
5572,1919
5573,1893
5574,1870
5575,1877
5576,1887
5577,1891
5578,2058
5579,74
5580,1962
5581,3093
5582,3534
5583,3100
5584,2399
5585,1488
5586,954
5587,716
5588,1261
5589,1655
5590,1776
5591,1776
5592,1724
5593,1692
5594,1751
5595,1834
5596,1891
5597,1925
5598,1937
5599,1954
5600,2002
5601,2015
5602,1989
5603,1945
5604,1877
5605,1836
5606,1843
5607,1873
5608,1874
5609,1915
5610,0
5611,1870
5612,2969
5613,3498
5614,3120
5615,2493
5616,1579
5617,944
5618,650
5619,1196
5620,1646
5621,1776
5622,1792
5623,1751
5624,1710
5625,1761
5626,1840
5627,1901
5628,1936
5629,1938
5630,1943
5631,1954
5632,1939
5633,1920
5634,1901
5635,1907
5636,1917
5637,1913
5638,1894
5639,1878
5640,1878
5641,0
5642,1758
5643,2907
5644,3567
5645,3175
5646,2544
5647,1622
5648,970
5649,653
5650,1158
5651,1631
5652,1776
5653,1801
5654,1763
5655,1717
5656,1744
5657,1821
5658,1877
5659,1911
5660,1934
5661,1942
5662,1951
5663,1949
5664,1939
5665,1933
5666,1924
5667,1920
5668,1914
5669,1914
5670,1893
5671,1888
5672,0
5673,1555
5674,2750
5675,3543
5676,3203
5677,2653
5678,1789
5679,1053
5680,646
5681,1046
5682,1584
5683,1763
5684,1798
5685,1763
5686,1722
5687,1751
5688,1823
5689,1878
5690,1906
5691,1935
5692,1946
5693,1947
5694,1922
5695,1904
5696,1927
5697,1919
5698,1922
5699,1934
5700,1933
5701,1904
5702,1904
5703,1892
5704,1883
5705,1881
5706,1871
5707,1856
5708,1851
5709,1853
5710,1853
5711,1859
5712,1869
5713,1871
5714,1872
5715,1869
5716,1871
5717,1875
5718,1871
5719,1877
5720,1879
5721,1874
5722,1870
5723,1859
5724,1851
5725,1845
5726,1844
5727,1845
5728,1847
5729,1847
5730,1851
5731,1856
5732,1857
5733,1863
5734,1872
5735,1872
5736,1872
5737,1869
5738,1859
5739,1866
5740,1865
5741,1862
5742,1850
5743,1851
5744,1858
5745,1866
5746,1856
5747,1856
5748,1858
5749,1863
5750,1869
5751,1869
5752,1871
5753,1871
5754,1858
5755,1849
5756,1842
5757,1843
5758,1847
5759,1847
5760,1854
5761,1863
5762,1867
5763,1871
5764,1871
5765,1862
5766,1863
5767,1868
5768,1872
5769,1875
5770,1875
5771,1855
5772,1841
5773,1850
5774,1853
5775,1854
5776,1854
5777,1857
5778,1861
5779,1858
5780,1855
5781,1854
5782,1857
5783,1867
5784,1868
5785,1859
5786,1851
5787,1854
5788,1856
5789,1860
5790,1859
5791,1858
5792,1856
5793,1859
5794,1859
5795,1858
5796,1859
5797,1861
5798,1858
5799,1860
5800,1867
5801,1871
5802,1872
5803,1870
5804,1871
5805,1872
5806,1872
5807,1857
5808,1843
5809,1851
5810,1857
5811,1857
5812,1860
5813,1857
5814,1851
5815,1854
5816,1853
5817,1856
5818,1852
5819,1863
5820,1866
5821,1862
5822,1859
5823,1856
5824,1861
5825,1856
5826,1859
5827,1862
5828,1861
5829,1862
5830,1863
5831,1861
5832,1860
5833,1866
5834,1872
5835,1874
5836,1873
5837,1863
5838,1850
5839,1855
5840,1857
5841,1855
5842,1857
5843,1859
5844,1856
5845,1857
5846,1862
5847,1861
5848,1860
5849,1855
5850,1846
5851,1858
5852,1866
5853,1870
5854,1869
5855,1861
5856,1857
5857,1856
5858,1856
5859,1856
5860,1857
5861,1857
5862,1865
5863,1870
5864,1869
5865,1865
5866,1854
5867,1856
5868,1860
5869,1865
5870,1865
5871,1859
5872,1859
5873,1857
5874,1851
5875,1853
5876,1855
5877,1851
5878,1856
5879,1860
5880,1859
5881,1861
5882,1859
5883,1862
5884,1869
5885,1869
5886,1867
5887,1865
5888,1862
5889,1856
5890,1857
5891,1856
5892,1855
5893,1855
5894,1856
5895,1857
5896,1858
5897,1858
5898,1856
5899,1856
5900,1859
5901,1863
5902,1866
5903,1867
5904,1858
5905,1856
5906,1853
5907,1853
5908,1851
5909,1856
5910,1859
5911,1856
5912,1860
5913,1859
5914,1863
5915,1861
5916,1861
5917,1866
5918,1861
5919,1867
5920,1871
5921,1870
5922,1869
5923,1866
5924,1856
5925,1856
5926,1859
5927,1859
5928,1856
5929,1858
5930,1859
5931,1858
5932,1856
5933,1859
5934,1857
5935,1859
5936,1857
5937,1857
5938,1855
5939,1854
5940,1849
5941,1856
5942,1857
5943,1858
5944,1856
5945,1859
5946,1857
5947,1860
5948,1856
5949,1858
5950,1859
5951,1860
5952,1859
5953,1858
5954,1856
5955,1856
5956,1855
5957,1856
5958,1859
5959,1859
5960,1861
5961,1858
5962,1860
5963,1856
5964,1855
5965,1850
5966,1854
5967,1856
5968,1856
5969,1847
5970,1857
5971,1854
5972,1855
5973,1854
5974,1853
5975,1853
5976,1854
5977,1855
5978,1855
5979,1856
5980,1857
5981,1856
5982,1856
5983,1859
5984,1861
5985,1858
5986,1857
5987,1857
5988,1859
5989,1857
5990,1857
5991,1858
5992,1861
5993,1863
5994,1855
5995,1856
5996,1856
5997,1857
5998,1861
5999,1859
6000,1866
6001,1866
6002,1863
6003,1859
6004,1858
6005,1854
6006,1854
6007,1854
6008,1853
6009,1855
6010,1857
6011,1859
6012,1858
6013,1857
6014,1858
6015,1857
6016,1856
6017,1859
6018,1854
6019,1863
6020,1862
6021,1867
6022,1863
6023,1858
6024,1854
6025,1849
6026,1851
6027,1855
6028,1855
6029,1855
6030,1855
6031,1862
6032,1859
6033,1858
6034,1859
6035,1862
6036,1863
6037,1863
6038,1856
6039,1858
6040,1859
6041,1860
6042,1859
6043,1858
6044,1861
6045,1859
6046,1859
6047,1859
6048,1856
6049,1856
6050,1859
6051,1859
6052,1861
6053,1861
6054,1858
6055,1858
6056,1856
6057,1856
6058,1856
6059,1855
6060,1859
6061,1856
6062,1859
6063,1858
6064,1857
6065,1857
6066,1855
6067,1858
6068,1856
6069,1856
6070,1861
6071,1861
6072,1862
6073,1859
6074,1863
6075,1859
6076,1857
6077,1856
6078,1857
6079,1856
6080,1858
6081,1856
6082,1857
6083,1859
6084,1856
6085,1856
6086,1854
6087,1853
6088,1854
6089,1856
6090,1858
6091,1858
6092,1857
6093,1859
6094,1862
6095,1859
6096,1860
6097,1863
6098,1860
6099,1857
6100,1859
6101,1858
6102,1861
6103,1861
6104,1863
6105,1865
6106,1863
6107,1859
6108,1861
6109,1858
6110,1856
6111,1856
6112,1856
6113,1856
6114,1854
6115,1850
6116,1850
6117,1851
6118,1855
6119,1861
6120,1863
6121,1866
6122,1862
6123,1861
6124,1860
6125,1862
6126,1858
6127,1857
6128,1859
6129,1858
6130,1860
6131,1856
6132,1853
6133,1857
6134,1862
6135,1866
6136,1861
6137,1863
6138,1851
6139,1856
6140,1859
6141,1857
6142,1856
6143,1856
6144,1853
6145,1851
6146,1855
6147,1854
6148,1849
6149,1843
6150,1851
6151,1847
6152,1861
6153,1862
6154,1863
6155,1863
6156,1865
6157,1862
6158,1861
6159,1858
6160,1860
6161,1859
6162,1859
6163,1860
6164,1860
6165,1856
6166,1854
6167,1857
6168,1858
6169,1863
6170,1867
6171,1867
6172,1865
6173,1863
6174,1853
6175,1851
6176,1853
6177,1853
6178,1851
6179,1856
6180,1854
6181,1856
6182,1853
6183,1851
6184,1858
6185,1856
6186,1859
6187,1863
6188,1861
6189,1860
6190,1858
6191,1858
6192,1857
6193,1856
6194,1858
6195,1856
6196,1859
6197,1856
6198,1855
6199,1850
6200,1852
6201,1856
6202,1857
6203,1857
6204,1855
6205,1851
6206,1856
6207,1856
6208,1851
6209,1856
6210,1856
6211,1856
6212,1857
6213,1856
6214,1859
6215,1855
6216,1852
6217,1856
6218,1853
6219,1862
6220,1859
6221,1861
6222,1861
6223,1860
6224,1859
6225,1856
6226,1857
6227,1858
6228,1862
6229,1866
6230,1863
6231,1859
6232,1856
6233,1857
6234,1855
6235,1854
6236,1854
6237,1857
6238,1858
6239,1855
6240,1852
6241,1858
6242,1858
6243,1856
6244,1856
6245,1857
6246,1858
6247,1858
6248,1856
6249,1855
6250,1856
6251,1859
6252,1862
6253,1862
6254,1863
6255,1866
6256,1863
6257,1863
6258,1863
6259,1863
6260,1862
6261,1859
6262,1861
6263,1861
6264,1854
6265,1851
6266,1851
6267,1853
6268,1851
6269,1855
6270,1861
6271,1861
6272,1861
6273,1861
6274,1861
6275,1859
6276,1857
6277,1856
6278,1856
6279,1857
6280,1856
6281,1857
6282,1855
6283,1853
6284,1854
6285,1856
6286,1859
6287,1859
6288,1858
6289,1858
6290,1858
6291,1858
6292,1861
6293,1857
6294,1853
6295,1855
6296,1856
6297,1856
6298,1855
6299,1857
6300,1858
6301,1859
6302,1862
6303,1859
6304,1862
6305,1861
6306,1863
6307,1859
6308,1860
6309,1859
6310,1858
6311,1857
6312,1857
6313,1856
6314,1856
6315,1854
6316,1854
6317,1855
6318,1849
6319,1856
6320,1857
6321,1860
6322,1856
6323,1857
6324,1855
6325,1852
6326,1851
6327,1854
6328,1855
6329,1853
6330,1855
6331,1859
6332,1855
6333,1854
6334,1859
6335,1858
6336,1859
6337,1861
6338,1853
6339,1857
6340,1861
6341,1861
6342,1858
6343,1856
6344,1856
6345,1857
6346,1861
6347,1857
6348,1857
6349,1855
6350,1856
6351,1859
6352,1862
6353,1857
6354,1856
6355,1856
6356,1856
6357,1854
6358,1852
6359,1851
6360,1857
6361,1857
6362,1857
6363,1860
6364,1861
6365,1856
6366,1856
6367,1856
6368,1857
6369,1857
6370,1860
6371,1865
6372,1865
6373,1861
6374,1863
6375,1859
6376,1857
6377,1858
6378,1857
6379,1857
6380,1858
6381,1859
6382,1856
6383,1856
6384,1851
6385,1853
6386,1855
6387,1855
6388,1853
6389,1861
6390,1861
6391,1859
6392,1858
6393,1855
6394,1856
6395,1856
6396,1857
6397,1857
6398,1855
6399,1851
6400,1856
6401,1858
6402,1857
6403,1857
6404,1860
6405,1861
6406,1861
6407,1860
6408,1857
6409,1856
6410,1857
6411,1857
6412,1857
6413,1856
6414,1849
6415,1850
6416,1844
6417,1847
6418,1854
6419,1860
6420,1863
6421,1863
6422,1863
6423,1861
6424,1859
6425,1859
6426,1859
6427,1859
6428,1857
6429,1858
6430,1861
6431,1861
6432,1857
6433,1857
6434,1863
6435,1861
6436,1867
6437,1863
6438,1856
6439,1862
6440,1858
6441,1857
6442,1856
6443,1856
6444,1851
6445,1851
6446,1854
6447,1853
6448,1854
6449,1849
6450,1850
6451,1847
6452,1861
6453,1859
6454,1856
6455,1857
6456,1856
6457,1857
6458,1854
6459,1854
6460,1851
6461,1853
6462,1856
6463,1857
6464,1858
6465,1856
6466,1857
6467,1861
6468,1862
6469,1865
6470,1863
6471,1861
6472,1856
6473,1854
6474,1849
6475,1852
6476,1853
6477,1851
6478,1856
6479,1859
6480,1859
6481,1859
6482,1859
6483,1860
6484,1862
6485,1865
6486,1862
6487,1861
6488,1859
6489,1860
6490,1856
6491,1855
6492,1854
6493,1856
6494,1858
6495,1857
6496,1857
6497,1858
6498,1858
6499,1856
6500,1858
6501,1858
6502,1858
6503,1861
6504,1855
6505,1853
6506,1852
6507,1851
6508,1854
6509,1858
6510,1860
6511,1861
6512,1861
6513,1861
6514,1863
6515,1862
6516,1857
6517,1861
6518,1858
6519,1863
6520,1862
6521,1856
6522,1852
6523,1855
6524,1857
6525,1859
6526,1863
6527,1862
6528,1863
6529,1863
6530,1866
6531,1861
6532,1859
6533,1858
6534,1853
6535,1855
6536,1856
6537,1856
6538,1855
6539,1851
6540,1846
6541,1856
6542,1857
6543,1857
6544,1859
6545,1861
6546,1865
6547,1867
6548,1865
6549,1860
6550,1860
6551,1862
6552,1861
6553,1857
6554,1857
6555,1855
6556,1854
6557,1854
6558,1855
6559,1854
6560,1856
6561,1860
6562,1859
6563,1862
6564,1857
6565,1853
6566,1855
6567,1855
6568,1856
6569,1852
6570,1859
6571,1862
6572,1859
6573,1858
6574,1860
6575,1858
6576,1861
6577,1859
6578,1861
6579,1861
6580,1860
6581,1863
6582,1858
6583,1859
6584,1862
6585,1861
6586,1861
6587,1858
6588,1856
6589,1855
6590,1855
6591,1856
6592,1856
6593,1857
6594,1853
6595,1854
6596,1855
6597,1855
6598,1851
6599,1855
6600,1857
6601,1859
6602,1856
6603,1855
6604,1856
6605,1856
6606,1853
6607,1854
6608,1855
6609,1854
6610,1855
6611,1857
6612,1858
6613,1859
6614,1857
6615,1855
6616,1855
6617,1855
6618,1851
6619,1854
6620,1851
6621,1847
6622,1851
6623,1853
6624,1853
6625,1851
6626,1854
6627,1851
6628,1854
6629,1852
6630,1855
6631,1859
6632,1856
6633,1857
6634,1860
6635,1859
6636,1859
6637,1856
6638,1856
6639,1861
6640,1856
6641,1857
6642,1859
6643,1860
6644,1862
6645,1861
6646,1862
6647,1859
6648,1860
6649,1858
6650,1859
6651,1861
6652,1859
6653,1859
6654,1849
6655,1851
6656,1850
6657,1850
6658,1853
6659,1852
6660,1854
6661,1863
6662,1865
6663,1857
6664,1860
6665,1859
6666,1861
6667,1862
6668,1861
6669,1862
6670,1859
6671,1856
6672,1856
6673,1855
6674,1856
6675,1856
6676,1855
6677,1858
6678,1862
6679,1863
6680,1860
6681,1858
6682,1858
6683,1856
6684,1854
6685,1853
6686,1853
6687,1847
6688,1844
6689,1851
6690,1854
6691,1854
6692,1856
6693,1855
6694,1859
6695,1861
6696,1862
6697,1859
6698,0
6699,1746
6700,2531
6701,2669
6702,2606
6703,2489
6704,2320
6705,2167
6706,2017
6707,1872
6708,1670
6709,1293
6710,1140
6711,1346
6712,1558
6713,1673
6714,1743
6715,1758
6716,1765
6717,1779
6718,1798
6719,1831
6720,1843
6721,1843
6722,1847
6723,1854
6724,1862
6725,1867
6726,1881
6727,1895
6728,1899
6729,33
6730,1574
6731,2487
6732,2778
6733,2785
6734,2643
6735,2443
6736,2162
6737,1861
6738,1648
6739,1223
6740,919
6741,1235
6742,1584
6743,1651
6744,1719
6745,1777
6746,1798
6747,1799
6748,1825
6749,1850
6750,1871
6751,1887
6752,1899
6753,1918
6754,1925
6755,1929
6756,1927
6757,1926
6758,1923
6759,1919
6760,146
6761,1488
6762,2451
6763,2810
6764,2816
6765,2662
6766,2457
6767,2111
6768,1812
6769,1515
6770,1003
6771,1070
6772,1505
6773,1669
6774,1699
6775,1744
6776,1779
6777,1776
6778,1791
6779,1839
6780,1871
6781,1898
6782,1904
6783,1907
6784,1906
6785,1903
6786,1904
6787,1900
6788,1899
6789,1904
6790,1903
6791,666
6792,1262
6793,2339
6794,2771
6795,2797
6796,2636
6797,2406
6798,1972
6799,1782
6800,1403
6801,1045
6802,1389
6803,1723
6804,1721
6805,1659
6806,1710
6807,1754
6808,1770
6809,1807
6810,1840
6811,1883
6812,1919
6813,1928
6814,1925
6815,1914
6816,1904
6817,1895
6818,1886
6819,1888
6820,1904
6821,1901
6822,880
6823,1155
6824,2383
6825,2891
6826,2898
6827,2660
6828,2288
6829,1786
6830,1618
6831,1199
6832,1113
6833,1588
6834,1822
6835,1755
6836,1697
6837,1730
6838,1744
6839,1744
6840,1789
6841,1839
6842,1871
6843,1887
6844,1888
6845,1894
6846,1889
6847,1885
6848,1894
6849,1889
6850,1885
6851,1902
6852,1904
6853,1914
6854,834
6855,2393
6856,3088
6857,3110
6858,2694
6859,2162
6860,1442
6861,1399
6862,1138
6863,1263
6864,1711
6865,1850
6866,1792
6867,1749
6868,1746
6869,1727
6870,1735
6871,1803
6872,1856
6873,1889
6874,1904
6875,1904
6876,1897
6877,1890
6878,1888
6879,1895
6880,1904
6881,1906
6882,1905
6883,1905
6884,2698
6885,585
6886,2303
6887,3127
6888,3162
6889,2697
6890,2085
6891,1367
6892,1358
6893,1085
6894,1325
6895,1760
6896,1862
6897,1803
6898,1761
6899,1749
6900,1725
6901,1755
6902,1811
6903,1856
6904,1895
6905,1914
6906,1915
6907,1911
6908,1933
6909,1913
6910,1897
6911,1899
6912,1889
6913,1885
6914,1889
6915,2533
6916,343
6917,2161
6918,3035
6919,3211
6920,2802
6921,2151
6922,1424
6923,1312
6924,1009
6925,1328
6926,1761
6927,1856
6928,1810
6929,1760
6930,1734
6931,1728
6932,1772
6933,1830
6934,1873
6935,1904
6936,1917
6937,1918
6938,1901
6939,1887
6940,1881
6941,1899
6942,1907
6943,1910
6944,1894
6945,1889
6946,2113
6947,144
6948,2021
6949,2966
6950,3238
6951,2853
6952,2237
6953,1498
6954,1272
6955,912
6956,1296
6957,1733
6958,1834
6959,1823
6960,1798
6961,1775
6962,1739
6963,1773
6964,1831
6965,1881
6966,1920
6967,1933
6968,1914
6969,1874
6970,1933
6971,1968
6972,1930
6973,1903
6974,1881
6975,1888
6976,1902
6977,1905
6978,0
6979,1885
6980,2917
6981,3367
6982,3002
6983,2363
6984,1515
6985,1223
6986,851
6987,1243
6988,1681
6989,1814
6990,1821
6991,1790
6992,1757
6993,1738
6994,1778
6995,1839
6996,1885
6997,1911
6998,1930
6999,1931
7000,1923
7001,1920
7002,1909
7003,1901
7004,1879
7005,1872
7006,1890
7007,1902
7008,1900
7009,0
7010,1797
7011,2815
7012,3330
7013,3029
7014,2442
7015,1535
7016,1185
7017,846
7018,1232
7019,1689
7020,1817
7021,1835
7022,1809
7023,1779
7024,1744
7025,1776
7026,1837
7027,1877
7028,1907
7029,1923
7030,1927
7031,1925
7032,1918
7033,1914
7034,1911
7035,1916
7036,1921
7037,1909
7038,1878
7039,1874
7040,0
7041,1582
7042,2691
7043,3328
7044,3071
7045,2559
7046,1667
7047,1211
7048,790
7049,1143
7050,1635
7051,1787
7052,1822
7053,1821
7054,1793
7055,1757
7056,1775
7057,1833
7058,1881
7059,1913
7060,1927
7061,1925
7062,1923
7063,1931
7064,1938
7065,1936
7066,1938
7067,1942
7068,1931
7069,1904
7070,1867
7071,144
7072,1397
7073,2609
7074,3327
7075,3095
7076,2624
7077,1699
7078,1227
7079,865
7080,1113
7081,1621
7082,1808
7083,1835
7084,1809
7085,1775
7086,1741
7087,1769
7088,1831
7089,1881
7090,1917
7091,1938
7092,1984
7093,1999
7094,1974
7095,1918
7096,1862
7097,1808
7098,1795
7099,1867
7100,1906
7101,1897
7102,320
7103,1362
7104,2587
7105,3428
7106,3233
7107,2677
7108,1777
7109,1257
7110,788
7111,1007
7112,1535
7113,1776
7114,1824
7115,1823
7116,1793
7117,1753
7118,1767
7119,1831
7120,1877
7121,1923
7122,1938
7123,1943
7124,1938
7125,1931
7126,1929
7127,1914
7128,1895
7129,1882
7130,1870
7131,1879
7132,1887
7133,686
7134,1198
7135,2480
7136,3287
7137,3154
7138,2710
7139,1839
7140,1294
7141,887
7142,1023
7143,1570
7144,1786
7145,1828
7146,1819
7147,1787
7148,1744
7149,1755
7150,1816
7151,1877
7152,1911
7153,1935
7154,1946
7155,1942
7156,1975
7157,1950
7158,1889
7159,1867
7160,1889
7161,1907
7162,1913
7163,1913
7164,1231
7165,994
7166,2341
7167,3207
7168,3207
7169,2718
7170,1956
7171,1414
7172,879
7173,925
7174,1511
7175,1762
7176,1825
7177,1838
7178,1812
7179,1771
7180,1779
7181,1838
7182,1881
7183,1928
7184,1955
7185,1954
7186,1910
7187,1873
7188,1911
7189,1916
7190,1899
7191,1899
7192,1891
7193,1887
7194,1885
7195,1984
7196,816
7197,2320
7198,3165
7199,3183
7200,2789
7201,2030
7202,1458
7203,944
7204,867
7205,1442
7206,1728
7207,1802
7208,1820
7209,1809
7210,1783
7211,1771
7212,1813
7213,1863
7214,1901
7215,1918
7216,1935
7217,1939
7218,1944
7219,1951
7220,1935
7221,1905
7222,1872
7223,1861
7224,1872
7225,1879
7226,2697
7227,431
7228,2128
7229,3134
7230,3378
7231,2944
7232,2143
7233,1410
7234,988
7235,807
7236,1342
7237,1687
7238,1777
7239,1808
7240,1801
7241,1779
7242,1766
7243,1808
7244,1859
7245,1895
7246,1920
7247,1957
7248,1969
7249,1968
7250,1940
7251,1922
7252,1901
7253,1887
7254,1882
7255,1888
7256,1887
7257,2438
7258,301
7259,2039
7260,3033
7261,3387
7262,2979
7263,2209
7264,1455
7265,998
7266,787
7267,1315
7268,1691
7269,1795
7270,1826
7271,1817
7272,1791
7273,1762
7274,1798
7275,1857
7276,1904
7277,1922
7278,1929
7279,1933
7280,1965
7281,1977
7282,1957
7283,1914
7284,1875
7285,1867
7286,1873
7287,1904
7288,1919
7289,0
7290,1870
7291,2897
7292,3417
7293,3039
7294,2329
7295,1535
7296,1054
7297,738
7298,1200
7299,1630
7300,1759
7301,1809
7302,1823
7303,1814
7304,1808
7305,1822
7306,1856
7307,1895
7308,1927
7309,1938
7310,1942
7311,1938
7312,1932
7313,1920
7314,1910
7315,1919
7316,1904
7317,1886
7318,1877
7319,1883
7320,1877
7321,1881
7322,1879
7323,1875
7324,1874
7325,1875
7326,1871
7327,1869
7328,1867
7329,1866
7330,1869
7331,1872
7332,1872
7333,1863
7334,1856
7335,1851
7336,1858
7337,1859
7338,1854
7339,1854
7340,1855
7341,1855
7342,1850
7343,1847
7344,1850
7345,1851
7346,1856
7347,1853
7348,1856
7349,1851
7350,1845
7351,1851
7352,1851
7353,1863
7354,1861
7355,1862
7356,1867
7357,1867
7358,1854
7359,1850
7360,1856
7361,1857
7362,1858
7363,1861
7364,1859
7365,1857
7366,1861
7367,1867
7368,1869
7369,1856
7370,1851
7371,1856
7372,1857
7373,1856
7374,1853
7375,1854
7376,1850
7377,1854
7378,1854
7379,1857
7380,1866
7381,1867
7382,1859
7383,1858
7384,1858
7385,1862
7386,1867
7387,1872
7388,1868
7389,1857
7390,1847
7391,1856
7392,1856
7393,1855
7394,1857
7395,1857
7396,1857
7397,1859
7398,1859
7399,1857
7400,1856
7401,1858
7402,1860
7403,1863
7404,1863
7405,1862
7406,1859
7407,1846
7408,1847
7409,1858
7410,1858
7411,1859
7412,1860
7413,1861
7414,1856
7415,1855
7416,1854
7417,1856
7418,1855
7419,1862
7420,1861
7421,1862
7422,1857
7423,1856
7424,1858
7425,1860
7426,1861
7427,1864
7428,1865
7429,1869
7430,1868
7431,1865
7432,1867
7433,1867
7434,1859
7435,1862
7436,1858
7437,1858
7438,1856
7439,1855
7440,1853
7441,1859
7442,1859
7443,1861
7444,1863
7445,1868
7446,1862
7447,1863
7448,1865
7449,1863
7450,1857
7451,1864
7452,1858
7453,1861
7454,1859
7455,1859
7456,1859
7457,1859
7458,1863
7459,1866
7460,1863
7461,1854
7462,1858
7463,1860
7464,1858
7465,1858
7466,1856
7467,1856
7468,1861
7469,1858
7470,1864
7471,1859
7472,1856
7473,1855
7474,1857
7475,1861
7476,1861
7477,1866
7478,1865
7479,1869
7480,1867
7481,1866
7482,1866
7483,1867
7484,1869
7485,1869
7486,1856
7487,1847
7488,1849
7489,1852
7490,1854
7491,1855
7492,1856
7493,1858
7494,1856
7495,1856
7496,1861
7497,1858
7498,1858
7499,1863
7500,1865
7501,1868
7502,1870
7503,1871
7504,1867
7505,1863
7506,1861
7507,1861
7508,1857
7509,1847
7510,1847
7511,1858
7512,1861
7513,1863
7514,1862
7515,1862
7516,1859
7517,1862
7518,1855
7519,1856
7520,1855
7521,1851
7522,1847
7523,1845
7524,1847
7525,1850
7526,1851
7527,1850
7528,1854
7529,1854
7530,1853
7531,1857
7532,1862
7533,1871
7534,1872
7535,1863
7536,1860
7537,1856
7538,1849
7539,1851
7540,1851
7541,1854
7542,1855
7543,1857
7544,1861
7545,1865
7546,1864
7547,1863
7548,1861
7549,1861
7550,1860
7551,1862
7552,1861
7553,1860
7554,1855
7555,1853
7556,1851
7557,1853
7558,1854
7559,1847
7560,1856
7561,1858
7562,1860
7563,1860
7564,1857
7565,1856
7566,1854
7567,1856
7568,1856
7569,1857
7570,1856
7571,1857
7572,1857
7573,1858
7574,1857
7575,1856
7576,1856
7577,1857
7578,1856
7579,1859
7580,1861
7581,1861
7582,1858
7583,1859
7584,1854
7585,1856
7586,1856
7587,1853
7588,1855
7589,1858
7590,1855
7591,1852
7592,1851
7593,1852
7594,1855
7595,1854
7596,1857
7597,1859
7598,1858
7599,1856
7600,1856
7601,1859
7602,1857
7603,1857
7604,1858
7605,1860
7606,1856
7607,1856
7608,1856
7609,1856
7610,1856
7611,1855
7612,1856
7613,1861
7614,1856
7615,1855
7616,1848
7617,1852
7618,1855
7619,1859
7620,1856
7621,1855
7622,1856
7623,1855
7624,1854
7625,1859
7626,1857
7627,1857
7628,1863
7629,1863
7630,1861
7631,1860
7632,1858
7633,1861
7634,1865
7635,1867
7636,1868
7637,1859
7638,1859
7639,1850
7640,1846
7641,1849
7642,1850
7643,1851
7644,1855
7645,1856
7646,1855
7647,1856
7648,1856
7649,1850
7650,1854
7651,1855
7652,1856
7653,1861
7654,1860
7655,1859
7656,1856
7657,1854
7658,1856
7659,1855
7660,1857
7661,1859
7662,1861
7663,1862
7664,1866
7665,1866
7666,1859
7667,1859
7668,1864
7669,1863
7670,1865
7671,1859
7672,1856
7673,1856
7674,1854
7675,1857
7676,1850
7677,1851
7678,1852
7679,1859
7680,1861
7681,1859
7682,1857
7683,1856
7684,1858
7685,1861
7686,1860
7687,1859
7688,1856
7689,1857
7690,1856
7691,1856
7692,1858
7693,1859
7694,1861
7695,1860
7696,1861
7697,1861
7698,1862
7699,1859
7700,1860
7701,1865
7702,1861
7703,1859
7704,1853
7705,1847
7706,1847
7707,1847
7708,1854
7709,1856
7710,1858
7711,1862
7712,1859
7713,1861
7714,1862
7715,1862
7716,1855
7717,1856
7718,1847
7719,1856
7720,1852
7721,1854
7722,1851
7723,1853
7724,1858
7725,1861
7726,1859
7727,1858
7728,1860
7729,1861
7730,1856
7731,1855
7732,1851
7733,1855
7734,1854
7735,1855
7736,1845
7737,1850
7738,1851
7739,1847
7740,1846
7741,1856
7742,1860
7743,1863
7744,1861
7745,1857
7746,1860
7747,1862
7748,1863
7749,1862
7750,1861
7751,1866
7752,1863
7753,1862
7754,1861
7755,1861
7756,1859
7757,1858
7758,1862
7759,1858
7760,1860
7761,1862
7762,1863
7763,1862
7764,1856
7765,1855
7766,1853
7767,1851
7768,1856
7769,1854
7770,1857
7771,1857
7772,1858
7773,1855
7774,1856
7775,1853
7776,1855
7777,1853
7778,1859
7779,1861
7780,1863
7781,1863
7782,1863
7783,1863
7784,1863
7785,1865
7786,1862
7787,1861
7788,1857
7789,1858
7790,1856
7791,1856
7792,1856
7793,1861
7794,1857
7795,1856
7796,1856
7797,1853
7798,1854
7799,1857
7800,1858
7801,1863
7802,1862
7803,1859
7804,1856
7805,1854
7806,1853
7807,1853
7808,1855
7809,1855
7810,1855
7811,1856
7812,1858
7813,1862
7814,1858
7815,1859
7816,1856
7817,1855
7818,1861
7819,1854
7820,1853
7821,1847
7822,1847
7823,1846
7824,1849
7825,1849
7826,1847
7827,1851
7828,1853
7829,1855
7830,1857
7831,1863
7832,1859
7833,1857
7834,1856
7835,1856
7836,1856
7837,1856
7838,1852
7839,1855
7840,1855
7841,1855
7842,1857
7843,1856
7844,1860
7845,1859
7846,1861
7847,1861
7848,1859
7849,1859
7850,1858
7851,1862
7852,1859
7853,1861
7854,1856
7855,1853
7856,1855
7857,1855
7858,1854
7859,1850
7860,1861
7861,1867
7862,1862
7863,1866
7864,1861
7865,1861
7866,1860
7867,1861
7868,1867
7869,1862
7870,1858
7871,1858
7872,1856
7873,1856
7874,1857
7875,1859
7876,1858
7877,1861
7878,1861
7879,1863
7880,1865
7881,1862
7882,1861
7883,1860
7884,1856
7885,1854
7886,1853
7887,1850
7888,1851
7889,1856
7890,1856
7891,1856
7892,1856
7893,1856
7894,1858
7895,1859
7896,1858
7897,1857
7898,1857
7899,1856
7900,1856
7901,1861
7902,1862
7903,1857
7904,1856
7905,1853
7906,1850
7907,1855
7908,1858
7909,1858
7910,1861
7911,1865
7912,1863
7913,1865
7914,1856
7915,1855
7916,1856
7917,1858
7918,1857
7919,1862
7920,1862
7921,1856
7922,1855
7923,1854
7924,1856
7925,1857
7926,1856
7927,1861
7928,1861
7929,1858
7930,1859
7931,1861
7932,1859
7933,1859
7934,1859
7935,1865
7936,1859
7937,1855
7938,1851
7939,1854
7940,1852
7941,1847
7942,1851
7943,1853
7944,1855
7945,1855
7946,1857
7947,1855
7948,1854
7949,1850
7950,1859
7951,1856
7952,1861
7953,1856
7954,1855
7955,1856
7956,1853
7957,1855
7958,1855
7959,1856
7960,1857
7961,1858
7962,1858
7963,1864
7964,1861
7965,1862
7966,1859
7967,1859
7968,1863
7969,1861
7970,1861
7971,1861
7972,1856
7973,1856
7974,1850
7975,1849
7976,1853
7977,1855
7978,1856
7979,1861
7980,1859
7981,1861
7982,1858
7983,1858
7984,1860
7985,1861
7986,1860
7987,1858
7988,1859
7989,1856
7990,1857
7991,1860
7992,1863
7993,1862
7994,1862
7995,1863
7996,1866
7997,1860
7998,1859
7999,1858
8000,1858
8001,1859
8002,1862
8003,1857
8004,1845
8005,1849
8006,1847
8007,1848
8008,1850
8009,1855
8010,1858
8011,1861
8012,1862
8013,1863
8014,1861
8015,1861
8016,1859
8017,1858
8018,1856
8019,1862
8020,1861
8021,1857
8022,1856
8023,1856
8024,1858
8025,1859
8026,1858
8027,1859
8028,1861
8029,1863
8030,1863
8031,1859
8032,1861
8033,1861
8034,1854
8035,1856
8036,1854
8037,1854
8038,1849
8039,1847
8040,1849
8041,1859
8042,1857
8043,1862
8044,1863
8045,1863
8046,1859
8047,1860
8048,1861
8049,1859
8050,1859
8051,1862
8052,1859
8053,1858
8054,1857
8055,1855
8056,1856
8057,1855
8058,1858
8059,1858
8060,1859
8061,1861
8062,1859
8063,1859
8064,1852
8065,1854
8066,1854
8067,1854
8068,1856
8069,1848
8070,1857
8071,1856
8072,1856
8073,1855
8074,1855
8075,1855
8076,1857
8077,1857
8078,1856
8079,1862
8080,1863
8081,1862
8082,1860
8083,1859
8084,1860
8085,1861
8086,1861
8087,1856
8088,1856
8089,1855
8090,1855
8091,1856
8092,1854
8093,1855
8094,1850
8095,1852
8096,1853
8097,1854
8098,1855
8099,1858
8100,1856
8101,1858
8102,1857
8103,1856
8104,1857
8105,1857
8106,1855
8107,1856
8108,1855
8109,1856
8110,1858
8111,1863
8112,1863
8113,1862
8114,1863
8115,1858
8116,1857
8117,1857
8118,1856
8119,1856
8120,1852
8121,1851
8122,1847
8123,1849
8124,1846
8125,1851
8126,1855
8127,1856
8128,1856
8129,1855
8130,1856
8131,1859
8132,1862
8133,1859
8134,1861
8135,1862
8136,1860
8137,1857
8138,1850
8139,1856
8140,1856
8141,1857
8142,1858
8143,1857
8144,1861
8145,1859
8146,1860
8147,1863
8148,1862
8149,1861
8150,1858
8151,1857
8152,1857
8153,1857
8154,1852
8155,1853
8156,1851
8157,1851
8158,1851
8159,1848
8160,1858
8161,1859
8162,1859
8163,1860
8164,1862
8165,1861
8166,1856
8167,1859
8168,1859
8169,1857
8170,1857
8171,1856
8172,1856
8173,1854
8174,1856
8175,1856
8176,1856
8177,1856
8178,1858
8179,1859
8180,1863
8181,1861
8182,1860
8183,1861
8184,1857
8185,1857
8186,1857
8187,1856
8188,1855
8189,1860
8190,1856
8191,1857
8192,1857
8193,1859
8194,1859
8195,1860
8196,1863
8197,1867
8198,1863
8199,1859
8200,1861
8201,1861
8202,1861
8203,1862
8204,1857
8205,1856
8206,1856
8207,1857
8208,1857
8209,1859
8210,1860
8211,1862
8212,1862
8213,1866
8214,1856
8215,1858
8216,1857
8217,1857
8218,1861
8219,1862
8220,1859
8221,1856
8222,1856
8223,1855
8224,1855
8225,1858
8226,1859
8227,1860
8228,1859
8229,1859
8230,1861
8231,1862
8232,1861
8233,1858
8234,1862
8235,1865
8236,1862
8237,1858
8238,1851
8239,1853
8240,1851
8241,1851
8242,1853
8243,1854
8244,1855
8245,1856
8246,1856
8247,1856
8248,1856
8249,1855
8250,1856
8251,1858
8252,1863
8253,1860
8254,1856
8255,1856
8256,1854
8257,1855
8258,1856
8259,1857
8260,1856
8261,1857
8262,1857
8263,1863
8264,1861
8265,1863
8266,1859
8267,1863
8268,1861
8269,1862
8270,1859
8271,1858
8272,1859
8273,1857
8274,1851
8275,1856
8276,1854
8277,1857
8278,1858
8279,1865
8280,1862
8281,1861
8282,1859
8283,1859
8284,1857
8285,1858
8286,1859
8287,1854
8288,1855
8289,1856
8290,1855
8291,1854
8292,1856
8293,1857
8294,1859
8295,1861
8296,1862
8297,1865
8298,1863
8299,1866
8300,1866
8301,1870
8302,1866
8303,1862
8304,1855
8305,1851
8306,1851
8307,1849
8308,1853
8309,1857
8310,1858
8311,1861
8312,1863
8313,1863
8314,2109
8315,197
8316,1984
8317,2723
8318,2790
8319,2687
8320,2532
8321,2319
8322,2125
8323,1925
8324,1778
8325,1431
8326,1020
8327,1037
8328,1374
8329,1601
8330,1723
8331,1769
8332,1766
8333,1760
8334,1759
8335,1762
8336,1793
8337,1841
8338,1871
8339,1895
8340,1907
8341,1877
8342,1873
8343,1890
8344,1902
8345,2006
8346,151
8347,1970
8348,2741
8349,2909
8350,2830
8351,2606
8352,2353
8353,2015
8354,1745
8355,1428
8356,918
8357,953
8358,1438
8359,1681
8360,1709
8361,1760
8362,1790
8363,1791
8364,1786
8365,1805
8366,1846
8367,1872
8368,1897
8369,1904
8370,1915
8371,1918
8372,1922
8373,1922
8374,1921
8375,1921
8376,1899
8377,0
8378,1827
8379,2655
8380,2975
8381,2935
8382,2694
8383,2347
8384,1874
8385,1610
8386,1136
8387,844
8388,1282
8389,1664
8390,1706
8391,1722
8392,1782
8393,1808
8394,1797
8395,1792
8396,1826
8397,1865
8398,1901
8399,1915
8400,1909
8401,1899
8402,1882
8403,1882
8404,1882
8405,1874
8406,1892
8407,1902
8408,16
8409,1633
8410,2592
8411,3063
8412,3086
8413,2791
8414,2219
8415,1648
8416,1392
8417,929
8418,1019
8419,1535
8420,1739
8421,1685
8422,1709
8423,1759
8424,1775
8425,1771
8426,1805
8427,1847
8428,1887
8429,1906
8430,1920
8431,1934
8432,1941
8433,1936
8434,1917
8435,1913
8436,1905
8437,1900
8438,1899
8439,82
8440,1573
8441,2651
8442,3216
8443,3171
8444,2815
8445,2000
8446,1424
8447,1162
8448,763
8449,1211
8450,1680
8451,1776
8452,1735
8453,1761
8454,1787
8455,1796
8456,1808
8457,1840
8458,1862
8459,1878
8460,1905
8461,1949
8462,1968
8463,1967
8464,1949
8465,1918
8466,1889
8467,1870
8468,1862
8469,1887
8470,510
8471,1319
8472,2630
8473,3415
8474,3358
8475,2882
8476,1979
8477,1307
8478,959
8479,705
8480,1276
8481,1696
8482,1801
8483,1781
8484,1773
8485,1786
8486,1791
8487,1802
8488,1840
8489,1881
8490,1911
8491,1919
8492,1924
8493,1936
8494,1938
8495,1939
8496,1931
8497,1919
8498,1911
8499,1905
8500,1907
8501,944
8502,1136
8503,2528
8504,3439
8505,3423
8506,2896
8507,1970
8508,1297
8509,896
8510,704
8511,1298
8512,1695
8513,1783
8514,1744
8515,1735
8516,1765
8517,1780
8518,1814
8519,1857
8520,1887
8521,1914
8522,1930
8523,1936
8524,1941
8525,1943
8526,1938
8527,1937
8528,1936
8529,1923
8530,1906
8531,1899
8532,1564
8533,912
8534,2412
8535,3398
8536,3510
8537,2979
8538,2128
8539,1323
8540,813
8541,630
8542,1200
8543,1619
8544,1758
8545,1793
8546,1797
8547,1803
8548,1792
8549,1818
8550,1859
8551,1893
8552,1911
8553,1937
8554,1946
8555,1963
8556,1936
8557,1920
8558,1922
8559,1917
8560,1910
8561,1907
8562,1907
8563,2432
8564,670
8565,2251
8566,3248
8567,3527
8568,3071
8569,2252
8570,1385
8571,893
8572,659
8573,1183
8574,1601
8575,1741
8576,1776
8577,1776
8578,1791
8579,1795
8580,1827
8581,1867
8582,1911
8583,1934
8584,1935
8585,1929
8586,1933
8587,1930
8588,1927
8589,1921
8590,1911
8591,1906
8592,1905
8593,1904
8594,2736
8595,439
8596,2123
8597,3134
8598,3511
8599,3095
8600,2364
8601,1477
8602,938
8603,653
8604,1168
8605,1593
8606,1735
8607,1776
8608,1786
8609,1801
8610,1793
8611,1827
8612,1869
8613,1905
8614,1931
8615,1941
8616,1941
8617,1939
8618,1936
8619,1936
8620,1937
8621,1927
8622,1909
8623,1894
8624,1897
8625,2259
8626,197
8627,1985
8628,3004
8629,3472
8630,3106
8631,2439
8632,1558
8633,974
8634,653
8635,1171
8636,1603
8637,1746
8638,1786
8639,1794
8640,1795
8641,1792
8642,1819
8643,1862
8644,1910
8645,1945
8646,1942
8647,1931
8648,1905
8649,1926
8650,1947
8651,1933
8652,1929
8653,1920
8654,1911
8655,1895
8656,2081
8657,98
8658,1936
8659,2941
8660,3463
8661,3120
8662,2471
8663,1670
8664,1010
8665,624
8666,1145
8667,1601
8668,1753
8669,1781
8670,1776
8671,1776
8672,1776
8673,1808
8674,1856
8675,1899
8676,1923
8677,1937
8678,1955
8679,1961
8680,1954
8681,1947
8682,1932
8683,1905
8684,1893
8685,1893
8686,1889
8687,1891
8688,0
8689,1812
8690,2823
8691,3443
8692,3166
8693,2559
8694,1729
8695,1078
8696,623
8697,1075
8698,1535
8699,1730
8700,1786
8701,1804
8702,1813
8703,1805
8704,1818
8705,1856
8706,1891
8707,1920
8708,1934
8709,1936
8710,1936
8711,1949
8712,1948
8713,1943
8714,1934
8715,1915
8716,1889
8717,1882
8718,1886
8719,0
8720,1605
8721,2672
8722,3421
8723,3239
8724,2673
8725,1808
8726,1122
8727,624
8728,990
8729,1520
8730,1726
8731,1787
8732,1805
8733,1811
8734,1808
8735,1821
8736,1856
8737,1894
8738,1910
8739,1934
8740,1947
8741,1957
8742,1953
8743,1949
8744,1926
8745,1884
8746,1856
8747,1895
8748,1904
8749,1903
8750,83
8751,1478
8752,2608
8753,3391
8754,3259
8755,2714
8756,1888
8757,1188
8758,656
8759,949
8760,1490
8761,1712
8762,1781
8763,1808
8764,1810
8765,1799
8766,1814
8767,1857
8768,1905
8769,1929
8770,1951
8771,1965
8772,1964
8773,1946
8774,1931
8775,1911
8776,1886
8777,1890
8778,1901
8779,1904
8780,1902
8781,208
8782,1395
8783,2550
8784,3334
8785,3248
8786,2737
8787,2019
8788,1281
8789,659
8790,902
8791,1446
8792,1687
8793,1770
8794,1797
8795,1808
8796,1799
8797,1819
8798,1862
8799,1905
8800,1930
8801,1940
8802,1941
8803,1937
8804,1930
8805,1927
8806,1936
8807,1934
8808,1904
8809,1902
8810,1897
8811,1879
8812,540
8813,1239
8814,2486
8815,3386
8816,3366
8817,2810
8818,2064
8819,1280
8820,643
8821,838
8822,1408
8823,1670
8824,1759
8825,1789
8826,1798
8827,1789
8828,1808
8829,1856
8830,1903
8831,1925
8832,1936
8833,1939
8834,1931
8835,1955
8836,1973
8837,1940
8838,1908
8839,1882
8840,1879
8841,1877
8842,1881
8843,1046
8844,1023
8845,2369
8846,3242
8847,3296
8848,2817
8849,2150
8850,1422
8851,722
8852,813
8853,1392
8854,1669
8855,1754
8856,1776
8857,1782
8858,1789
8859,1814
8860,1863
8861,1902
8862,1934
8863,1949
8864,1954
8865,1975
8866,1968
8867,1950
8868,1937
8869,1920
8870,1897
8871,1873
8872,1890
8873,1899
8874,2206
8875,688
8876,2191
8877,3119
8878,3357
8879,2936
8880,2268
8881,1499
8882,804
8883,725
8884,1319
8885,1650
8886,1761
8887,1791
8888,1803
8889,1805
8890,1821
8891,1861
8892,1901
8893,1931
8894,1952
8895,1961
8896,1959
8897,1955
8898,1945
8899,1901
8900,1872
8901,1913
8902,1919
8903,1900
8904,1894
8905,2736
8906,441
8907,2097
8908,3067
8909,3443
8910,3014
8911,2334
8912,1481
8913,831
8914,715
8915,1290
8916,1638
8917,1748
8918,1780
8919,1792
8920,1792
8921,1808
8922,1842
8923,1875
8924,1907
8925,1923
8926,1922
8927,1909
8928,1938
8929,1993
8930,1975
8931,1950
8932,1904
8933,1893
8934,1901
8935,1899
8936,1890
8937,1872
8938,1865
8939,1866
8940,1868
8941,1871
8942,1872
8943,1872
8944,1873
8945,1874
8946,1867
8947,1865
8948,1866
8949,1863
8950,1863
8951,1867
8952,1867
8953,1866
8954,1863
8955,1861
8956,1869
8957,1875
8958,1862
8959,1843
8960,1839
8961,1853
8962,1857
8963,1863
8964,1856
8965,1859
8966,1858
8967,1866
8968,1871
8969,1859
8970,1850
8971,1856
8972,1858
8973,1854
8974,1853
8975,1856
8976,1871
8977,1873
8978,1861
8979,1849
8980,1856
8981,1862
8982,1863
8983,1859
8984,1862
8985,1871
8986,1866
8987,1849
8988,1845
8989,1852
8990,1854
8991,1851
8992,1853
8993,1856
8994,1855
8995,1849
8996,1851
8997,1853
8998,1855
8999,1858
9000,1859
9001,1859
9002,1863
9003,1857
9004,1856
9005,1857
9006,1854
9007,1854
9008,1854
9009,1854
9010,1859
9011,1861
9012,1869
9013,1865
9014,1857
9015,1856
9016,1862
9017,1865
9018,1870
9019,1872
9020,1875
9021,1860
9022,1843
9023,1839
9024,1843
9025,1843
9026,1842
9027,1853
9028,1861
9029,1862
9030,1858
9031,1853
9032,1856
9033,1861
9034,1868
9035,1872
9036,1870
9037,1861
9038,1846
9039,1849
9040,1844
9041,1847
9042,1858
9043,1856
9044,1849
9045,1859
9046,1876
9047,1879
9048,1871
9049,1853
9050,1856
9051,1861
9052,1861
9053,1856
9054,1840
9055,1849
9056,1851
9057,1846
9058,1840
9059,1850
9060,1867
9061,1872
9062,1863
9063,1861
9064,1859
9065,1858
9066,1859
9067,1861
9068,1867
9069,1867
9070,1859
9071,1856
9072,1854
9073,1852
9074,1855
9075,1855
9076,1865
9077,1872
9078,1872
9079,1865
9080,1856
9081,1856
9082,1860
9083,1861
9084,1855
9085,1857
9086,1855
9087,1854
9088,1851
9089,1855
9090,1850
9091,1851
9092,1857
9093,1863
9094,1872
9095,1871
9096,1866
9097,1865
9098,1863
9099,1863
9100,1861
9101,1865
9102,1867
9103,1862
9104,1856
9105,1854
9106,1850
9107,1850
9108,1858
9109,1859
9110,1860
9111,1858
9112,1868
9113,1870
9114,1865
9115,1850
9116,1847
9117,1854
9118,1856
9119,1863
9120,1858
9121,1849
9122,1843
9123,1845
9124,1847
9125,1854
9126,1855
9127,1859
9128,1862
9129,1865
9130,1863
9131,1861
9132,1868
9133,1866
9134,1867
9135,1866
9136,1865
9137,1858
9138,1850
9139,1845
9140,1845
9141,1851
9142,1856
9143,1856
9144,1863
9145,1877
9146,1863
9147,1847
9148,1835
9149,1839
9150,1842
9151,1849
9152,1859
9153,1856
9154,1856
9155,1856
9156,1859
9157,1856
9158,1855
9159,1862
9160,1863
9161,1855
9162,1851
9163,1859
9164,1856
9165,1859
9166,1859
9167,1861
9168,1866
9169,1867
9170,1863
9171,1857
9172,1851
9173,1850
9174,1843
9175,1847
9176,1850
9177,1855
9178,1857
9179,1856
9180,1863
9181,1858
9182,1857
9183,1858
9184,1858
9185,1862
9186,1858
9187,1856
9188,1853
9189,1850
9190,1851
9191,1851
9192,1847
9193,1854
9194,1860
9195,1872
9196,1870
9197,1872
9198,1857
9199,1853
9200,1858
9201,1865
9202,1859
9203,1849
9204,1840
9205,1841
9206,1845
9207,1847
9208,1845
9209,1855
9210,1857
9211,1858
9212,1860
9213,1862
9214,1861
9215,1861
9216,1862
9217,1863
9218,1859
9219,1866
9220,1863
9221,1861
9222,1858
9223,1856
9224,1856
9225,1856
9226,1866
9227,1864
9228,1865
9229,1857
9230,1858
9231,1858
9232,1861
9233,1863
9234,1855
9235,1857
9236,1854
9237,1855
9238,1854
9239,1845
9240,1843
9241,1851
9242,1856
9243,1859
9244,1860
9245,1861
9246,1858
9247,1863
9248,1859
9249,1862
9250,1863
9251,1868
9252,1879
9253,1874
9254,1867
9255,1853
9256,1854
9257,1849
9258,1845
9259,1847
9260,1851
9261,1842
9262,1844
9263,1857
9264,1854
9265,1854
9266,1856
9267,1863
9268,1862
9269,1862
9270,1846
9271,1841
9272,1847
9273,1851
9274,1850
9275,1853
9276,1853
9277,1853
9278,1858
9279,1862
9280,1865
9281,1868
9282,1870
9283,1863
9284,1857
9285,1859
9286,1867
9287,1869
9288,1857
9289,1855
9290,1851
9291,1854
9292,1854
9293,1856
9294,1855
9295,1856
9296,1857
9297,1859
9298,1856
9299,1861
9300,1862
9301,1866
9302,1867
9303,1861
9304,1857
9305,1855
9306,1854
9307,1853
9308,1855
9309,1857
9310,1858
9311,1862
9312,1863
9313,1867
9314,1866
9315,1867
9316,1867
9317,1866
9318,1859
9319,1860
9320,1856
9321,1852
9322,1847
9323,1846
9324,1843
9325,1849
9326,1851
9327,1853
9328,1857
9329,1856
9330,1855
9331,1863
9332,1862
9333,1859
9334,1859
9335,1860
9336,1862
9337,1858
9338,1853
9339,1854
9340,1853
9341,1855
9342,1856
9343,1857
9344,1859
9345,1863
9346,1865
9347,1870
9348,1866
9349,1869
9350,1863
9351,1863
9352,1871
9353,1867
9354,1855
9355,1851
9356,1846
9357,1850
9358,1852
9359,1845
9360,1854
9361,1854
9362,1856
9363,1854
9364,1857
9365,1856
9366,1856
9367,1859
9368,1862
9369,1865
9370,1863
9371,1866
9372,1860
9373,1853
9374,1846
9375,1849
9376,1851
9377,1856
9378,1863
9379,1863
9380,1861
9381,1855
9382,1857
9383,1855
9384,1850
9385,1856
9386,1858
9387,1858
9388,1856
9389,1863
9390,1859
9391,1861
9392,1858
9393,1859
9394,1861
9395,1856
9396,1851
9397,1857
9398,1866
9399,1866
9400,1856
9401,1858
9402,1865
9403,1861
9404,1863
9405,1862
9406,1860
9407,1860
9408,1858
9409,1860
9410,1857
9411,1858
9412,1859
9413,1857
9414,1855
9415,1857
9416,1858
9417,1855
9418,1859
9419,1870
9420,1871
9421,1871
9422,1867
9423,1857
9424,1839
9425,1846
9426,1854
9427,1856
9428,1856
9429,1856
9430,1856
9431,1856
9432,1856
9433,1855
9434,1856
9435,1857
9436,1855
9437,1857
9438,1855
9439,1856
9440,1857
9441,1861
9442,1857
9443,1856
9444,1856
9445,1851
9446,1856
9447,1856
9448,1857
9449,1851
9450,1841
9451,1845
9452,1861
9453,1867
9454,1870
9455,1869
9456,1866
9457,1863
9458,1858
9459,1860
9460,1859
9461,1861
9462,1861
9463,1858
9464,1856
9465,1855
9466,1855
9467,1856
9468,1859
9469,1859
9470,1859
9471,1857
9472,1855
9473,1856
9474,1847
9475,1851
9476,1851
9477,1854
9478,1856
9479,1863
9480,1861
9481,1858
9482,1856
9483,1856
9484,1858
9485,1862
9486,1859
9487,1861
9488,1862
9489,1859
9490,1858
9491,1857
9492,1859
9493,1857
9494,1859
9495,1863
9496,1857
9497,1856
9498,1860
9499,1863
9500,1873
9501,1875
9502,1875
9503,1882
9504,1871
9505,1861
9506,1847
9507,1831
9508,1823
9509,1830
9510,1839
9511,1855
9512,1868
9513,1859
9514,1838
9515,1837
9516,1848
9517,1852
9518,1845
9519,1855
9520,1856
9521,1857
9522,1862
9523,1866
9524,1867
9525,1865
9526,1867
9527,1863
9528,1863
9529,1861
9530,1862
9531,1861
9532,1866
9533,1866
9534,1860
9535,1862
9536,1867
9537,1863
9538,1856
9539,1847
9540,1852
9541,1861
9542,1860
9543,1859
9544,1855
9545,1856
9546,1856
9547,1857
9548,1857
9549,1854
9550,1855
9551,1850
9552,1856
9553,1861
9554,1869
9555,1871
9556,1870
9557,1872
9558,1869
9559,1867
9560,1861
9561,1859
9562,1857
9563,1858
9564,1850
9565,1850
9566,1849
9567,1847
9568,1845
9569,1853
9570,1863
9571,1871
9572,1872
9573,1873
9574,1872
9575,1872
9576,1872
9577,1865
9578,1866
9579,1865
9580,1866
9581,1865
9582,1857
9583,1858
9584,1853
9585,1859
9586,1862
9587,1865
9588,1870
9589,1872
9590,1872
9591,1871
9592,1870
9593,1866
9594,1856
9595,1855
9596,1851
9597,1852
9598,1851
9599,1862
9600,1867
9601,1860
9602,1867
9603,1863
9604,1872
9605,1873
9606,1873
9607,1871
9608,1866
9609,1866
9610,1863
9611,1862
9612,1865
9613,1862
9614,1866
9615,1869
9616,1867
9617,1866
9618,1857
9619,1858
9620,1862
9621,1862
9622,1867
9623,1867
9624,1867
9625,1867
9626,1862
9627,1858
9628,1858
9629,1858
9630,1856
9631,1863
9632,1868
9633,1860
9634,1851
9635,1850
9636,1860
9637,1865
9638,1858
9639,1870
9640,1868
9641,1862
9642,1861
9643,1865
9644,1861
9645,1857
9646,1856
9647,1858
9648,1859
9649,1863
9650,1856
9651,1853
9652,1858
9653,1863
9654,1863
9655,1871
9656,1871
9657,1865
9658,1869
9659,1869
9660,1863
9661,1865
9662,1868
9663,1868
9664,1869
9665,1871
9666,1866
9667,1861
9668,1859
9669,1863
9670,1858
9671,1861
9672,1868
9673,1872
9674,1874
9675,1873
9676,1872
9677,1856
9678,1840
9679,1847
9680,1853
9681,1856
9682,1857
9683,1854
9684,1843
9685,1849
9686,1858
9687,1863
9688,1869
9689,1862
9690,1856
9691,1863
9692,1857
9693,1856
9694,1856
9695,1858
9696,1861
9697,1862
9698,1861
9699,1860
9700,1859
9701,1868
9702,1877
9703,1889
9704,1877
9705,1869
9706,1861
9707,1855
9708,1854
9709,1856
9710,1840
9711,1834
9712,1839
9713,1847
9714,1847
9715,1850
9716,1847
9717,1842
9718,1841
9719,1856
9720,1863
9721,1869
9722,1872
9723,1872
9724,1868
9725,1862
9726,1858
9727,1859
9728,1860
9729,1862
9730,1863
9731,1858
9732,1856
9733,1854
9734,1850
9735,1853
9736,1862
9737,1863
9738,1863
9739,1866
9740,1859
9741,1860
9742,1859
9743,1857
9744,1851
9745,1853
9746,1853
9747,1851
9748,1849
9749,1851
9750,1849
9751,1854
9752,1859
9753,1867
9754,1870
9755,1877
9756,1876
9757,1873
9758,1870
9759,1862
9760,1856
9761,1857
9762,1872
9763,1873
9764,1874
9765,1871
9766,1863
9767,1855
9768,1845
9769,1840
9770,1843
9771,1847
9772,1858
9773,1868
9774,1861
9775,1855
9776,1856
9777,1859
9778,1860
9779,1860
9780,1858
9781,1859
9782,1855
9783,1854
9784,1853
9785,1854
9786,1868
9787,1863
9788,1850
9789,1854
9790,1857
9791,1858
9792,1866
9793,1861
9794,1855
9795,1855
9796,1855
9797,1856
9798,1856
9799,1859
9800,1856
9801,1853
9802,1859
9803,1865
9804,1862
9805,1869
9806,1867
9807,1870
9808,1866
9809,1872
9810,1872
9811,1871
9812,1873
9813,1866
9814,1861
9815,1853
9816,1853
9817,1851
9818,1843
9819,1846
9820,1853
9821,1858
9822,1865
9823,1867
9824,1870
9825,1869
9826,1870
9827,1866
9828,1854
9829,1855
9830,1853
9831,1853
9832,1860
9833,1856
9834,1846
9835,1846
9836,1846
9837,1854
9838,1857
9839,1870
9840,1878
9841,1875
9842,1867
9843,1859
9844,1849
9845,1840
9846,1842
9847,1853
9848,1859
9849,1867
9850,1859
9851,1862
9852,1867
9853,1856
9854,1863
9855,1870
9856,1872
9857,1872
9858,1865
9859,1862
9860,1858
9861,1856
9862,1857
9863,1857
9864,1850
9865,1849
9866,1853
9867,1844
9868,1842
9869,1844
9870,1863
9871,1875
9872,1889
9873,1899
9874,1891
9875,1868
9876,1856
9877,1840
9878,1839
9879,1847
9880,1855
9881,1856
9882,1859
9883,1856
9884,1853
9885,1855
9886,1860
9887,1862
9888,1864
9889,1869
9890,1866
9891,1866
9892,1866
9893,1863
9894,1852
9895,1855
9896,1855
9897,1854
9898,1854
9899,1859
9900,1855
9901,1851
9902,1856
9903,1856
9904,1862
9905,1869
9906,1871
9907,1871
9908,1866
9909,1859
9910,1853
9911,1842
9912,1850
9913,1847
9914,1849
9915,1855
9916,1856
9917,1853
9918,1845
9919,1851
9920,1856
9921,1861
9922,1865
9923,1863
9924,1869
9925,1877
9926,1877
9927,1874
9928,1867
9929,1844
9930,1826
9931,2287
9932,702
9933,2358
9934,2832
9935,2699
9936,2510
9937,2361
9938,2133
9939,1971
9940,1934
9941,1791
9942,1264
9943,1008
9944,1280
9945,1575
9946,1703
9947,1771
9948,1788
9949,1785
9950,1776
9951,1781
9952,1785
9953,1798
9954,1825
9955,1851
9956,1867
9957,1878
9958,1887
9959,1888
9960,1893
9961,1890
9962,2745
9963,501
9964,2314
9965,2931
9966,2803
9967,2605
9968,2380
9969,2144
9970,1882
9971,1797
9972,1406
9973,993
9974,1260
9975,1638
9976,1729
9977,1753
9978,1776
9979,1795
9980,1795
9981,1798
9982,1795
9983,1819
9984,1840
9985,1860
9986,1872
9987,1878
9988,1872
9989,1877
9990,1895
9991,1902
9992,1900
9993,2286
9994,250
9995,2141
9996,2930
9997,2948
9998,2768
9999,2486
10000,2000
10001,1738
10002,1535
10003,1023
10004,1071
10005,1535
10006,1739
10007,1712
10008,1749
10009,1790
10010,1807
10011,1809
10012,1806
10013,1827
10014,1858
10015,1879
10016,1901
10017,1905
10018,1910
10019,1915
10020,1914
10021,1909
10022,1904
10023,1901
10024,2115
10025,134
10026,2094
10027,2977
10028,3071
10029,2889
10030,2499
10031,1761
10032,1586
10033,1296
10034,971
10035,1403
10036,1727
10037,1755
10038,1717
10039,1757
10040,1773
10041,1763
10042,1763
10043,1783
10044,1827
10045,1858
10046,1879
10047,1887
10048,1890
10049,1882
10050,1872
10051,1883
10052,1893
10053,1904
10054,1907
10055,1904
10056,0
10057,1851
10058,2896
10059,3095
10060,2896
10061,2466
10062,1671
10063,1558
10064,1105
10065,1123
10066,1649
10067,1854
10068,1811
10069,1747
10070,1754
10071,1768
10072,1768
10073,1759
10074,1792
10075,1850
10076,1891
10077,1918
10078,1925
10079,1926
10080,1914
10081,1897
10082,1889
10083,1870
10084,1873
10085,1892
10086,1903
10087,0
10088,1667
10089,2815
10090,3159
10091,2883
10092,2461
10093,1681
10094,1534
10095,1038
10096,1242
10097,1732
10098,1858
10099,1840
10100,1803
10101,1781
10102,1764
10103,1731
10104,1744
10105,1797
10106,1846
10107,1881
10108,1898
10109,1922
10110,1926
10111,1904
10112,1895
10113,1901
10114,1904
10115,1903
10116,1899
10117,1902
10118,33
10119,1511
10120,2667
10121,2990
10122,2661
10123,2386
10124,1779
10125,1676
10126,1196
10127,1429
10128,1826
10129,1882
10130,1839
10131,1792
10132,1757
10133,1712
10134,1684
10135,1747
10136,1815
10137,1867
10138,1894
10139,1894
10140,1877
10141,1856
10142,1842
10143,1870
10144,1891
10145,1890
10146,1885
10147,1897
10148,1906
10149,161
10150,1451
10151,2675
10152,3159
10153,2822
10154,2423
10155,1840
10156,1487
10157,933
10158,1347
10159,1779
10160,1859
10161,1833
10162,1775
10163,1728
10164,1690
10165,1711
10166,1778
10167,1839
10168,1872
10169,1894
10170,1894
10171,1904
10172,1966
10173,1950
10174,1922
10175,1895
10176,1878
10177,1876
10178,1867
10179,1878
10180,496
10181,1270
10182,2594
10183,3312
10184,3108
10185,2601
10186,1888
10187,1342
10188,762
10189,1152
10190,1677
10191,1819
10192,1833
10193,1809
10194,1760
10195,1705
10196,1732
10197,1810
10198,1867
10199,1909
10200,1936
10201,1946
10202,1939
10203,1925
10204,1898
10205,1872
10206,1879
10207,1903
10208,1898
10209,1895
10210,1887
10211,950
10212,1083
10213,2496
10214,3439
10215,3328
10216,2755
10217,1979
10218,1253
10219,656
10220,951
10221,1535
10222,1760
10223,1818
10224,1811
10225,1776
10226,1719
10227,1733
10228,1801
10229,1853
10230,1895
10231,1919
10232,1931
10233,1933
10234,1927
10235,1925
10236,1927
10237,1926
10238,1911
10239,1902
10240,1895
10241,1898
10242,2086
10243,741
10244,2295
10245,3311
10246,3441
10247,2902
10248,2131
10249,1307
10250,638
10251,816
10252,1479
10253,1740
10254,1804
10255,1814
10256,1794
10257,1755
10258,1763
10259,1818
10260,1872
10261,1905
10262,1920
10263,1917
10264,1938
10265,1998
10266,1989
10267,1949
10268,1905
10269,1877
10270,1858
10271,1872
10272,1885
10273,2726
10274,506
10275,2186
10276,3174
10277,3335
10278,2887
10279,2224
10280,1417
10281,716
10282,816
10283,1479
10284,1732
10285,1801
10286,1814
10287,1794
10288,1757
10289,1776
10290,1829
10291,1871
10292,1905
10293,1926
10294,1934
10295,1936
10296,1922
10297,1909
10298,1904
10299,1908
10300,1906
10301,1904
10302,1903
10303,1900
10304,2704
10305,427
10306,2128
10307,3103
10308,3349
10309,2929
10310,2281
10311,1434
10312,718
10313,764
10314,1438
10315,1725
10316,1798
10317,1808
10318,1790
10319,1776
10320,1791
10321,1840
10322,1879
10323,1915
10324,1931
10325,1936
10326,1948
10327,1973
10328,1968
10329,1936
10330,1904
10331,1883
10332,1856
10333,1858
10334,1884
10335,2209
10336,238
10337,2046
10338,3088
10339,3453
10340,3008
10341,2368
10342,1521
10343,759
10344,670
10345,1346
10346,1684
10347,1781
10348,1807
10349,1791
10350,1757
10351,1754
10352,1810
10353,1875
10354,1911
10355,1926
10356,1927
10357,1923
10358,1936
10359,1939
10360,1921
10361,1917
10362,1919
10363,1907
10364,1904
10365,1904
10366,1934
10367,0
10368,1903
10369,3024
10370,3498
10371,3039
10372,2400
10373,1660
10374,857
10375,624
10376,1271
10377,1646
10378,1755
10379,1802
10380,1797
10381,1773
10382,1758
10383,1808
10384,1862
10385,1908
10386,1949
10387,1959
10388,1955
10389,1983
10390,1975
10391,1923
10392,1902
10393,1872
10394,1851
10395,1838
10396,1872
10397,1894
10398,0
10399,1758
10400,2847
10401,3489
10402,3120
10403,2479
10404,1739
10405,946
10406,594
10407,1217
10408,1630
10409,1763
10410,1808
10411,1808
10412,1797
10413,1781
10414,1814
10415,1867
10416,1911
10417,1939
10418,1946
10419,1953
10420,1947
10421,1940
10422,1916
10423,1907
10424,1903
10425,1892
10426,1894
10427,1893
10428,1891
10429,0
10430,1567
10431,2791
10432,3539
10433,3193
10434,2543
10435,1872
10436,1034
10437,545
10438,1136
10439,1613
10440,1763
10441,1807
10442,1789
10443,1754
10444,1719
10445,1762
10446,1831
10447,1889
10448,1920
10449,1935
10450,1936
10451,1939
10452,1968
10453,1974
10454,1936
10455,1883
10456,1874
10457,1887
10458,1889
10459,1890
10460,223
10461,1406
10462,2671
10463,3485
10464,3201
10465,2605
10466,1975
10467,1150
10468,526
10469,1062
10470,1591
10471,1746
10472,1802
10473,1799
10474,1767
10475,1744
10476,1785
10477,1840
10478,1885
10479,1913
10480,1927
10481,1945
10482,1953
10483,1955
10484,1932
10485,1931
10486,1932
10487,1929
10488,1905
10489,1901
10490,1891
10491,592
10492,1219
10493,2557
10494,3440
10495,3230
10496,2634
10497,2056
10498,1217
10499,541
10500,994
10501,1535
10502,1742
10503,1802
10504,1791
10505,1765
10506,1743
10507,1779
10508,1839
10509,1884
10510,1914
10511,1927
10512,1936
10513,1936
10514,1933
10515,1927
10516,1922
10517,1919
10518,1911
10519,1911
10520,1898
10521,1893
10522,803
10523,1157
10524,2526
10525,3440
10526,3246
10527,2672
10528,2047
10529,1216
10530,570
10531,963
10532,1535
10533,1734
10534,1795
10535,1795
10536,1771
10537,1744
10538,1778
10539,1841
10540,1886
10541,1920
10542,1935
10543,1925
10544,1913
10545,1921
10546,1927
10547,1923
10548,1919
10549,1907
10550,1904
10551,1902
10552,1899
10553,1898
10554,1887
10555,1882
10556,1884
10557,1875
10558,1867
10559,1857
10560,1861
10561,1859
10562,1863
10563,1866
10564,1865
10565,1865
10566,1862
10567,1861
10568,1862
10569,1870
10570,1869
10571,1869
10572,1865
10573,1859
10574,1859
10575,1856
10576,1863
10577,1862
10578,1862
10579,1858
10580,1856
10581,1847
10582,1842
10583,1850
10584,1849
10585,1861
10586,1872
10587,1869
10588,1856
10589,1861
10590,1859
10591,1857
10592,1854
10593,1849
10594,1853
10595,1851
10596,1856
10597,1858
10598,1857
10599,1856
10600,1856
10601,1856
10602,1863
10603,1867
10604,1870
10605,1856
10606,1854
10607,1853
10608,1851
10609,1851
10610,1854
10611,1854
10612,1854
10613,1851
10614,1845
10615,1847
10616,1851
10617,1849
10618,1851
10619,1869
10620,1872
10621,1871
10622,1861
10623,1856
10624,1854
10625,1853
10626,1857
10627,1856
10628,1858
10629,1859
10630,1860
10631,1866
10632,1861
10633,1861
10634,1858
10635,1867
10636,1875
10637,1872
10638,1856
10639,1856
10640,1857
10641,1853
10642,1850
10643,1846
10644,1845
10645,1855
10646,1856
10647,1857
10648,1859
10649,1863
10650,1861
10651,1861
10652,1867
10653,1872
10654,1867
10655,1863
10656,1859
10657,1855
10658,1853
10659,1851
10660,1851
10661,1851
10662,1849
10663,1851
10664,1858
10665,1856
10666,1862
10667,1859
10668,1857
10669,1863
10670,1866
10671,1863
10672,1863
10673,1863
10674,1855
10675,1849
10676,1851
10677,1854
10678,1856
10679,1863
10680,1854
10681,1853
10682,1856
10683,1859
10684,1858
10685,1863
10686,1868
10687,1871
10688,1870
10689,1863
10690,1859
10691,1855
10692,1855
10693,1854
10694,1852
10695,1854
10696,1856
10697,1859
10698,1861
10699,1863
10700,1863
10701,1861
10702,1866
10703,1867
10704,1858
10705,1859
10706,1859
10707,1859
10708,1856
10709,1854
10710,1850
10711,1853
10712,1857
10713,1856
10714,1860
10715,1858
10716,1865
10717,1863
10718,1854
10719,1863
10720,1867
10721,1862
10722,1858
10723,1857
10724,1856
10725,1856
10726,1856
10727,1854
10728,1856
10729,1857
10730,1857
10731,1862
10732,1862
10733,1863
10734,1858
10735,1861
10736,1866
10737,1868
10738,1865
10739,1859
10740,1861
10741,1858
10742,1857
10743,1855
10744,1851
10745,1855
10746,1857
10747,1858
10748,1861
10749,1861
10750,1863
10751,1861
10752,1863
10753,1866
10754,1863
10755,1865
10756,1861
10757,1860
10758,1859
10759,1858
10760,1859
10761,1856
10762,1858
10763,1857
10764,1852
10765,1856
10766,1856
10767,1856
10768,1856
10769,1859
10770,1867
10771,1867
10772,1863
10773,1861
10774,1858
10775,1858
10776,1856
10777,1856
10778,1856
10779,1857
10780,1859
10781,1860
10782,1859
10783,1857
10784,1858
10785,1861
10786,1864
10787,1865
10788,1867
10789,1866
10790,1866
10791,1863
10792,1859
10793,1863
10794,1856
10795,1857
10796,1859
10797,1856
10798,1856
10799,1862
10800,1861
10801,1862
10802,1865
10803,1865
10804,1865
10805,1858
10806,1859
10807,1856
10808,1857
10809,1856
10810,1857
10811,1859
10812,1860
10813,1861
10814,1865
10815,1862
10816,1865
10817,1860
10818,1857
10819,1859
10820,1856
10821,1856
10822,1854
10823,1853
10824,1853
10825,1850
10826,1853
10827,1854
10828,1856
10829,1857
10830,1865
10831,1863
10832,1863
10833,1869
10834,1863
10835,1860
10836,1862
10837,1863
10838,1866
10839,1863
10840,1861
10841,1861
10842,1859
10843,1859
10844,1858
10845,1857
10846,1857
10847,1863
10848,1861
10849,1861
10850,1858
10851,1856
10852,1855
10853,1857
10854,1853
10855,1850
10856,1853
10857,1851
10858,1847
10859,1849
10860,1856
10861,1857
10862,1859
10863,1859
10864,1859
10865,1861
10866,1859
10867,1859
10868,1857
10869,1859
10870,1861
10871,1861
10872,1865
10873,1863
10874,1866
10875,1863
10876,1862
10877,1861
10878,1859
10879,1858
10880,1859
10881,1862
10882,1858
10883,1862
10884,1852
10885,1851
10886,1851
10887,1855
10888,1855
10889,1863
10890,1863
10891,1862
10892,1860
10893,1857
10894,1858
10895,1859
10896,1859
10897,1857
10898,1860
10899,1859
10900,1863
10901,1856
10902,1857
10903,1859
10904,1861
10905,1865
10906,1865
10907,1865
10908,1860
10909,1863
10910,1865
10911,1859
10912,1858
10913,1857
10914,1853
10915,1855
10916,1856
10917,1851
10918,1851
10919,1858
10920,1859
10921,1857
10922,1859
10923,1862
10924,1862
10925,1860
10926,1860
10927,1859
10928,1857
10929,1858
10930,1863
10931,1863
10932,1863
10933,1862
10934,1859
10935,1860
10936,1862
10937,1861
10938,1861
10939,1863
10940,1863
10941,1862
10942,1856
10943,1856
10944,1845
10945,1849
10946,1851
10947,1850
10948,1853
10949,1850
10950,1850
10951,1850
10952,1853
10953,1855
10954,1856
10955,1856
10956,1856
10957,1856
10958,1856
10959,1856
10960,1857
10961,1856
10962,1856
10963,1856
10964,1856
10965,1858
10966,1857
10967,1857
10968,1859
10969,1857
10970,1858
10971,1860
10972,1865
10973,1865
10974,1859
10975,1859
10976,1857
10977,1860
10978,1856
10979,1862
10980,1863
10981,1862
10982,1858
10983,1858
10984,1856
10985,1856
10986,1858
10987,1859
10988,1859
10989,1858
10990,1858
10991,1863
10992,1861
10993,1863
10994,1863
10995,1863
10996,1865
10997,1862
10998,1862
10999,1861
11000,1861
11001,1857
11002,1859
11003,1859
11004,1854
11005,1856
11006,1858
11007,1856
11008,1855
11009,1862
11010,1861
11011,1859
11012,1859
11013,1859
11014,1857
11015,1858
11016,1855
11017,1855
11018,1850
11019,1856
11020,1857
11021,1859
11022,1857
11023,1857
11024,1857
11025,1857
11026,1858
11027,1856
11028,1856
11029,1859
11030,1858
11031,1859
11032,1861
11033,1863
11034,1855
11035,1851
11036,1854
11037,1857
11038,1856
11039,1856
11040,1865
11041,1866
11042,1864
11043,1863
11044,1858
11045,1856
11046,1856
11047,1862
11048,1863
11049,1861
11050,1861
11051,1858
11052,1857
11053,1858
11054,1857
11055,1863
11056,1859
11057,1858
11058,1863
11059,1859
11060,1860
11061,1858
11062,1856
11063,1859
11064,1854
11065,1857
11066,1859
11067,1856
11068,1855
11069,1857
11070,1861
11071,1867
11072,1865
11073,1861
11074,1858
11075,1860
11076,1857
11077,1858
11078,1860
11079,1858
11080,1858
11081,1857
11082,1859
11083,1858
11084,1857
11085,1857
11086,1862
11087,1858
11088,1859
11089,1862
11090,1865
11091,1859
11092,1857
11093,1858
11094,1850
11095,1847
11096,1855
11097,1851
11098,1851
11099,1858
11100,1858
11101,1855
11102,1856
11103,1859
11104,1858
11105,1858
11106,1859
11107,1861
11108,1859
11109,1858
11110,1859
11111,1862
11112,1862
11113,1862
11114,1861
11115,1863
11116,1862
11117,1861
11118,1856
11119,1854
11120,1856
11121,1855
11122,1855
11123,1854
11124,1851
11125,1850
11126,1852
11127,1852
11128,1855
11129,1855
11130,1861
11131,1860
11132,1861
11133,1863
11134,1861
11135,1859
11136,1864
11137,1862
11138,1862
11139,1862
11140,1862
11141,1862
11142,1861
11143,1861
11144,1858
11145,1858
11146,1863
11147,1862
11148,1865
11149,1862
11150,1866
11151,1863
11152,1859
11153,1861
11154,1856
11155,1855
11156,1856
11157,1859
11158,1860
11159,1865
11160,1871
11161,1859
11162,1856
11163,1856
11164,1853
11165,1856
11166,1858
11167,1857
11168,1856
11169,1857
11170,1856
11171,1850
11172,1851
11173,1855
11174,1858
11175,1861
11176,1867
11177,1862
11178,1856
11179,1858
11180,1856
11181,1858
11182,1857
11183,1860
11184,1856
11185,1859
11186,1861
11187,1863
11188,1865
11189,1870
11190,1865
11191,1853
11192,1850
11193,1854
11194,1854
11195,1852
11196,1855
11197,1861
11198,1866
11199,1866
11200,1861
11201,1856
11202,1857
11203,1859
11204,1861
11205,1867
11206,1871
11207,1871
11208,1870
11209,1865
11210,1856
11211,1858
11212,1861
11213,1858
11214,1856
11215,1854
11216,1855
11217,1850
11218,1851
11219,1856
11220,1856
11221,1859
11222,1858
11223,1859
11224,1862
11225,1859
11226,1858
11227,1860
11228,1859
11229,1860
11230,1861
11231,1863
11232,1863
11233,1862
11234,1862
11235,1857
11236,1860
11237,1861
11238,1862
11239,1863
11240,1862
11241,1863
11242,1862
11243,1861
11244,1854
11245,1854
11246,1855
11247,1852
11248,1851
11249,1854
11250,1846
11251,1853
11252,1856
11253,1859
11254,1859
11255,1857
11256,1859
11257,1859
11258,1859
11259,1859
11260,1859
11261,1858
11262,1860
11263,1856
11264,1857
11265,1862
11266,1859
11267,1855
11268,1855
11269,1856
11270,1856
11271,1855
11272,1855
11273,1856
11274,1849
11275,1851
11276,1849
11277,1847
11278,1846
11279,1855
11280,1857
11281,1859
11282,1857
11283,1859
11284,1857
11285,1850
11286,1856
11287,1859
11288,1857
11289,1856
11290,1856
11291,1856
11292,1857
11293,1858
11294,1861
11295,1858
11296,1863
11297,1862
11298,1862
11299,1862
11300,1859
11301,1856
11302,1856
11303,1861
11304,1855
11305,1856
11306,1857
11307,1857
11308,1858
11309,1862
11310,1862
11311,1859
11312,1861
11313,1863
11314,1863
11315,1865
11316,1862
11317,1863
11318,1854
11319,1857
11320,1858
11321,1859
11322,1856
11323,1858
11324,1859
11325,1856
11326,1858
11327,1859
11328,1860
11329,1861
11330,1865
11331,1865
11332,1863
11333,1866
11334,1856
11335,1848
11336,1847
11337,1850
11338,1855
11339,1857
11340,1862
11341,1864
11342,1866
11343,1861
11344,1862
11345,1857
11346,1856
11347,1849
11348,1855
11349,1861
11350,1861
11351,1855
11352,1855
11353,1856
11354,1859
11355,1863
11356,1863
11357,1863
11358,1867
11359,1863
11360,1863
11361,1863
11362,1861
11363,1861
11364,1855
11365,1854
11366,1858
11367,1856
11368,1853
11369,1846
11370,1856
11371,1857
11372,1861
11373,1861
11374,1863
11375,1867
11376,1861
11377,1863
11378,1859
11379,1861
11380,1859
11381,1861
11382,1863
11383,1860
11384,1857
11385,1857
11386,1858
11387,1860
11388,1863
11389,1861
11390,1863
11391,1859
11392,1862
11393,1860
11394,1854
11395,1853
11396,1851
11397,1856
11398,1856
11399,1859
11400,1857
11401,1857
11402,1857
11403,1858
11404,1859
11405,1859
11406,1863
11407,1861
11408,1861
11409,1859
11410,1859
11411,1857
11412,1857
11413,1857
11414,1856
11415,1859
11416,1855
11417,1856
11418,1849
11419,1853
11420,1853
11421,1855
11422,1856
11423,1858
11424,1859
11425,1857
11426,1858
11427,1859
11428,1857
11429,1856
11430,1862
11431,1862
11432,1859
11433,1860
11434,1860
11435,1856
11436,1863
11437,1861
11438,1861
11439,1862
11440,1859
11441,1859
11442,1859
11443,1856
11444,1857
11445,1856
11446,1856
11447,1857
11448,1856
11449,1856
11450,1859
11451,1856
11452,1856
11453,1857
11454,1855
11455,1856
11456,1858
11457,1858
11458,1859
11459,1858
11460,1863
11461,1864
11462,1861
11463,1860
11464,1862
11465,1862
11466,1858
11467,1857
11468,1855
11469,1856
11470,1858
11471,1858
11472,1857
11473,1857
11474,1861
11475,1857
11476,1859
11477,1856
11478,1858
11479,1857
11480,1856
11481,1856
11482,1856
11483,1858
11484,1846
11485,1851
11486,1851
11487,1853
11488,1852
11489,1858
11490,1859
11491,1860
11492,1859
11493,1859
11494,1856
11495,1857
11496,1858
11497,1857
11498,1858
11499,1860
11500,1861
11501,1862
11502,1858
11503,1859
11504,1861
11505,1863
11506,1863
11507,1861
11508,1861
11509,1858
11510,1862
11511,1857
11512,1858
11513,1856
11514,1851
11515,1851
11516,1850
11517,1851
11518,1852
11519,1855
11520,1856
11521,1858
11522,1861
11523,1859
11524,1862
11525,1867
11526,1861
11527,1861
11528,1859
11529,1861
11530,1858
11531,1859
11532,1858
11533,1856
11534,1856
11535,1857
11536,1859
11537,1861
11538,1856
11539,1861
11540,1863
11541,1865
11542,1865
11543,1865
11544,1855
11545,1854
11546,1854
11547,1854
11548,432
11549,1302
11550,2359
11551,2736
11552,2794
11553,2695
11554,2534
11555,2298
11556,2101
11557,1897
11558,1681
11559,1282
11560,951
11561,1085
11562,1417
11563,1595
11564,1693
11565,1744
11566,1755
11567,1761
11568,1753
11569,1771
11570,1819
11571,1863
11572,1897
11573,1917
11574,1924
11575,1915
11576,1852
11577,1854
11578,1880
11579,932
11580,1169
11581,2326
11582,2721
11583,2833
11584,2769
11585,2608
11586,2343
11587,2001
11588,1767
11589,1375
11590,865
11591,1041
11592,1484
11593,1623
11594,1679
11595,1748
11596,1776
11597,1782
11598,1792
11599,1827
11600,1863
11601,1888
11602,1906
11603,1915
11604,1917
11605,1919
11606,1915
11607,1916
11608,1917
11609,1918
11610,1600
11611,944
11612,2237
11613,2736
11614,2857
11615,2746
11616,2554
11617,2197
11618,1850
11619,1577
11620,1120
11621,1006
11622,1402
11623,1661
11624,1695
11625,1729
11626,1775
11627,1795
11628,1807
11629,1836
11630,1856
11631,1879
11632,1901
11633,1915
11634,1911
11635,1914
11636,1910
11637,1901
11638,1895
11639,1895
11640,1904
11641,2736
11642,590
11643,2126
11644,2732
11645,2835
11646,2678
11647,2480
11648,2070
11649,1757
11650,1433
11651,1058
11652,1278
11653,1657
11654,1788
11655,1773
11656,1765
11657,1777
11658,1774
11659,1794
11660,1828
11661,1853
11662,1875
11663,1898
11664,1901
11665,1904
11666,1904
11667,1904
11668,1903
11669,1903
11670,1902
11671,1905
11672,2482
11673,304
11674,2030
11675,2697
11676,2788
11677,2627
11678,2360
11679,1891
11680,1635
11681,1361
11682,1215
11683,1584
11684,1855
11685,1866
11686,1807
11687,1776
11688,1761
11689,1744
11690,1775
11691,1812
11692,1855
11693,1879
11694,1882
11695,1888
11696,1893
11697,1893
11698,1903
11699,1907
11700,1905
11701,1898
11702,1891
11703,2058
11704,82
11705,1914
11706,2603
11707,2721
11708,2555
11709,2306
11710,1808
11711,1658
11712,1446
11713,1381
11714,1759
11715,1934
11716,1908
11717,1845
11718,1789
11719,1728
11720,1714
11721,1770
11722,1821
11723,1855
11724,1865
11725,1856
11726,1841
11727,1830
11728,1847
11729,1863
11730,1879
11731,1891
11732,1894
11733,1900
11734,1897
11735,0
11736,1871
11737,2707
11738,2893
11739,2687
11740,2371
11741,1728
11742,1520
11743,1167
11744,1282
11745,1771
11746,1899
11747,1884
11748,1843
11749,1791
11750,1727
11751,1730
11752,1795
11753,1853
11754,1872
11755,1879
11756,1887
11757,1911
11758,1934
11759,1921
11760,1913
11761,1891
11762,1872
11763,1854
11764,1867
11765,1890
11766,0
11767,1744
11768,2967
11769,3490
11770,2981
11771,2496
11772,1616
11773,1190
11774,773
11775,1058
11776,1618
11777,1802
11778,1838
11779,1823
11780,1779
11781,1731
11782,1744
11783,1808
11784,1855
11785,1898
11786,1923
11787,1936
11788,1936
11789,1937
11790,1926
11791,1911
11792,1905
11793,1902
11794,1893
11795,1894
11796,1904
11797,18
11798,1584
11799,2880
11800,3602
11801,3088
11802,2599
11803,1712
11804,1167
11805,735
11806,976
11807,1555
11808,1775
11809,1815
11810,1806
11811,1775
11812,1730
11813,1747
11814,1803
11815,1857
11816,1897
11817,1920
11818,1936
11819,1947
11820,1947
11821,1938
11822,1910
11823,1890
11824,1903
11825,1903
11826,1903
11827,1898
11828,246
11829,1413
11830,2694
11831,3479
11832,3143
11833,2670
11834,1869
11835,1195
11836,718
11837,951
11838,1530
11839,1744
11840,1803
11841,1802
11842,1783
11843,1761
11844,1776
11845,1828
11846,1874
11847,1904
11848,1923
11849,1927
11850,1931
11851,1926
11852,1933
11853,1936
11854,1936
11855,1932
11856,1911
11857,1887
11858,1881
11859,385
11860,1315
11861,2591
11862,3439
11863,3223
11864,2743
11865,1989
11866,1264
11867,707
11868,841
11869,1449
11870,1714
11871,1791
11872,1808
11873,1795
11874,1773
11875,1786
11876,1831
11877,1875
11878,1904
11879,1930
11880,1935
11881,1933
11882,1934
11883,1930
11884,1925
11885,1920
11886,1918
11887,1915
11888,1907
11889,1903
11890,1117
11891,1019
11892,2411
11893,3383
11894,3359
11895,2847
11896,2101
11897,1329
11898,752
11899,752
11900,1381
11901,1680
11902,1778
11903,1808
11904,1794
11905,1776
11906,1787
11907,1830
11908,1874
11909,1909
11910,1922
11911,1931
11912,1930
11913,1931
11914,1934
11915,1934
11916,1933
11917,1928
11918,1910
11919,1891
11920,1889
11921,1410
11922,922
11923,2351
11924,3344
11925,3401
11926,2879
11927,2153
11928,1337
11929,726
11930,720
11931,1383
11932,1687
11933,1777
11934,1793
11935,1794
11936,1782
11937,1798
11938,1840
11939,1883
11940,1917
11941,1927
11942,1926
11943,1940
11944,1989
11945,1985
11946,1952
11947,1923
11948,1890
11949,1869
11950,1856
11951,1872
11952,2624
11953,586
11954,2194
11955,3238
11956,3458
11957,2944
11958,2278
11959,1469
11960,830
11961,647
11962,1278
11963,1643
11964,1749
11965,1791
11966,1793
11967,1789
11968,1804
11969,1841
11970,1895
11971,1924
11972,1952
11973,1967
11974,1942
11975,1921
11976,1926
11977,1931
11978,1920
11979,1915
11980,1903
11981,1894
11982,1890
11983,2622
11984,342
11985,2077
11986,3153
11987,3455
11988,2981
11989,2380
11990,1574
11991,890
11992,605
11993,1206
11994,1604
11995,1739
11996,1776
11997,1782
11998,1777
11999,1805
12000,1845
12001,1884
12002,1911
12003,1936
12004,1946
12005,1952
12006,1946
12007,1936
12008,1927
12009,1923
12010,1921
12011,1908
12012,1899
12013,1898
12014,2135
12015,119
12016,1962
12017,3083
12018,3483
12019,3021
12020,2451
12021,1649
12022,958
12023,585
12024,1145
12025,1584
12026,1735
12027,1776
12028,1779
12029,1775
12030,1796
12031,1840
12032,1878
12033,1915
12034,1936
12035,1946
12036,1951
12037,1947
12038,1935
12039,1927
12040,1920
12041,1915
12042,1902
12043,1879
12044,1875
12045,1972
12046,33
12047,1908
12048,3029
12049,3504
12050,3021
12051,2433
12052,1694
12053,1009
12054,586
12055,1123
12056,1573
12057,1726
12058,1775
12059,1778
12060,1776
12061,1791
12062,1834
12063,1875
12064,1917
12065,1938
12066,1949
12067,1958
12068,1982
12069,1982
12070,1968
12071,1937
12072,1892
12073,1862
12074,1843
12075,1857
12076,1871
12077,0
12078,1713
12079,2931
12080,3598
12081,3097
12082,2505
12083,1787
12084,1091
12085,560
12086,1037
12087,1535
12088,1727
12089,1793
12090,1798
12091,1788
12092,1790
12093,1823
12094,1866
12095,1904
12096,1925
12097,1934
12098,1938
12099,1938
12100,1936
12101,1937
12102,1933
12103,1925
12104,1911
12105,1906
12106,1903
12107,1899
12108,0
12109,1587
12110,2795
12111,3498
12112,3107
12113,2543
12114,1915
12115,1164
12116,586
12117,999
12118,1518
12119,1725
12120,1792
12121,1802
12122,1791
12123,1791
12124,1825
12125,1869
12126,1915
12127,1946
12128,1941
12129,1919
12130,1930
12131,1937
12132,1934
12133,1909
12134,1910
12135,1906
12136,1904
12137,1908
12138,1903
12139,186
12140,1429
12141,2685
12142,3498
12143,3155
12144,2598
12145,2023
12146,1259
12147,601
12148,902
12149,1477
12150,1709
12151,1777
12152,1794
12153,1791
12154,1783
12155,1799
12156,1846
12157,1892
12158,1919
12159,1936
12160,1938
12161,1936
12162,1923
12163,1919
12164,1917
12165,1921
12166,1922
12167,1905
12168,1885
12169,1889
12170,1890
12171,1893
12172,1890
12173,1897
12174,1879
12175,1873
12176,1870
12177,1871
12178,1869
12179,1872
12180,1862
12181,1859
12182,1861
12183,1868
12184,1865
12185,1866
12186,1872
12187,1878
12188,1872
12189,1857
12190,1855
12191,1857
12192,1857
12193,1856
12194,1857
12195,1858
12196,1862
12197,1859
12198,1865
12199,1861
12200,1862
12201,1858
12202,1857
12203,1863
12204,1858
12205,1859
12206,1856
12207,1854
12208,1847
12209,1854
12210,1852
12211,1852
12212,1853
12213,1856
12214,1855
12215,1857
12216,1858
12217,1861
12218,1853
12219,1857
12220,1863
12221,1867
12222,1863
12223,1861
12224,1856
12225,1856
12226,1854
12227,1853
12228,1850
12229,1853
12230,1856
12231,1856
12232,1857
12233,1857
12234,1847
12235,1847
12236,1851
12237,1856
12238,1857
12239,1854
12240,1856
12241,1855
12242,1854
12243,1856
12244,1855
12245,1855
12246,1858
12247,1863
12248,1860
12249,1865
12250,1868
12251,1862
12252,1861
12253,1865
12254,1863
12255,1863
12256,1865
12257,1869
12258,1867
12259,1863
12260,1854
12261,1847
12262,1851
12263,1857
12264,1853
12265,1856
12266,1854
12267,1856
12268,1855
12269,1852
12270,1862
12271,1869
12272,1869
12273,1871
12274,1870
12275,1863
12276,1861
12277,1861
12278,1856
12279,1856
12280,1856
12281,1855
12282,1861
12283,1862
12284,1866
12285,1865
12286,1862
12287,1855
12288,1861
12289,1866
12290,1865
12291,1868
12292,1865
12293,1859
12294,1853
12295,1845
12296,1853
12297,1856
12298,1855
12299,1849
12300,1851
12301,1854
12302,1855
12303,1865
12304,1871
12305,1871
12306,1871
12307,1871
12308,1868
12309,1862
12310,1856
12311,1852
12312,1857
12313,1858
12314,1862
12315,1865
12316,1859
12317,1862
12318,1863
12319,1859
12320,1869
12321,1871
12322,1867
12323,1856
12324,1849
12325,1851
12326,1850
12327,1853
12328,1846
12329,1850
12330,1855
12331,1856
12332,1856
12333,1857
12334,1856
12335,1856
12336,1862
12337,1861
12338,1859
12339,1861
12340,1861
12341,1862
12342,1860
12343,1856
12344,1854
12345,1855
12346,1856
12347,1858
12348,1861
12349,1861
12350,1866
12351,1862
12352,1863
12353,1862
12354,1857
12355,1857
12356,1856
12357,1846
12358,1849
12359,1850
12360,1845
12361,1845
12362,1856
12363,1870
12364,1870
12365,1865
12366,1856
12367,1854
12368,1855
12369,1857
12370,1864
12371,1866
12372,1868
12373,1870
12374,1869
12375,1866
12376,1867
12377,1867
12378,1855
12379,1849
12380,1856
12381,1863
12382,1866
12383,1861
12384,1854
12385,1855
12386,1858
12387,1863
12388,1865
12389,1872
12390,1874
12391,1872
12392,1867
12393,1859
12394,1840
12395,1840
12396,1853
12397,1862
12398,1861
12399,1861
12400,1866
12401,1863
12402,1863
12403,1866
12404,1867
12405,1862
12406,1863
12407,1859
12408,1856
12409,1856
12410,1856
12411,1854
12412,1856
12413,1863
12414,1861
12415,1863
12416,1858
12417,1856
12418,1856
12419,1862
12420,1864
12421,1867
12422,1866
12423,1862
12424,1856
12425,1853
12426,1854
12427,1856
12428,1857
12429,1862
12430,1863
12431,1865
12432,1867
12433,1870
12434,1871
12435,1872
12436,1872
12437,1875
12438,1869
12439,1862
12440,1858
12441,1854
12442,1850
12443,1853
12444,1847
12445,1851
12446,1853
12447,1857
12448,1862
12449,1855
12450,1843
12451,1851
12452,1861
12453,1862
12454,1863
12455,1865
12456,1867
12457,1867
12458,1862
12459,1856
12460,1856
12461,1861
12462,1863
12463,1860
12464,1857
12465,1856
12466,1858
12467,1861
12468,1860
12469,1859
12470,1863
12471,1858
12472,1857
12473,1863
12474,1856
12475,1854
12476,1843
12477,1843
12478,1847
12479,1856
12480,1859
12481,1860
12482,1872
12483,1870
12484,1860
12485,1857
12486,1856
12487,1859
12488,1857
12489,1861
12490,1864
12491,1862
12492,1857
12493,1855
12494,1856
12495,1855
12496,1854
12497,1856
12498,1858
12499,1856
12500,1854
12501,1855
12502,1857
12503,1856
12504,1855
12505,1861
12506,1869
12507,1861
12508,1857
12509,1859
12510,1856
12511,1854
12512,1856
12513,1856
12514,1857
12515,1858
12516,1859
12517,1862
12518,1846
12519,1859
12520,1863
12521,1863
12522,1866
12523,1867
12524,1865
12525,1866
12526,1865
12527,1870
12528,1865
12529,1859
12530,1858
12531,1860
12532,1857
12533,1858
12534,1853
12535,1847
12536,1845
12537,1855
12538,1856
12539,1858
12540,1863
12541,1869
12542,1870
12543,1867
12544,1862
12545,1859
12546,1851
12547,1842
12548,1843
12549,1846
12550,1845
12551,1850
12552,1849
12553,1850
12554,1856
12555,1859
12556,1866
12557,1875
12558,1875
12559,1869
12560,1862
12561,1859
12562,1857
12563,1857
12564,1843
12565,1844
12566,1847
12567,1850
12568,1847
12569,1846
12570,1862
12571,1863
12572,1872
12573,1872
12574,1871
12575,1869
12576,1856
12577,1851
12578,1846
12579,1847
12580,1855
12581,1853
12582,1855
12583,1852
12584,1855
12585,1857
12586,1867
12587,1872
12588,1862
12589,1862
12590,1864
12591,1866
12592,1859
12593,1862
12594,1857
12595,1851
12596,1842
12597,1846
12598,1845
12599,1855
12600,1856
12601,1859
12602,1856
12603,1862
12604,1867
12605,1856
12606,1847
12607,1851
12608,1855
12609,1853
12610,1866
12611,1872
12612,1867
12613,1861
12614,1862
12615,1861
12616,1861
12617,1862
12618,1847
12619,1847
12620,1855
12621,1857
12622,1858
12623,1861
12624,1858
12625,1863
12626,1858
12627,1855
12628,1853
12629,1846
12630,1847
12631,1843
12632,1846
12633,1850
12634,1855
12635,1865
12636,1871
12637,1869
12638,1857
12639,1867
12640,1870
12641,1867
12642,1862
12643,1865
12644,1862
12645,1859
12646,1857
12647,1856
12648,1856
12649,1857
12650,1858
12651,1854
12652,1847
12653,1851
12654,1850
12655,1855
12656,1856
12657,1859
12658,1858
12659,1856
12660,1855
12661,1863
12662,1858
12663,1857
12664,1857
12665,1861
12666,1865
12667,1859
12668,1855
12669,1849
12670,1854
12671,1856
12672,1865
12673,1866
12674,1863
12675,1857
12676,1855
12677,1856
12678,1862
12679,1869
12680,1863
12681,1857
12682,1856
12683,1857
12684,1850
12685,1846
12686,1846
12687,1854
12688,1856
12689,1863
12690,1867
12691,1863
12692,1866
12693,1863
12694,1860
12695,1860
12696,1856
12697,1855
12698,1856
12699,1857
12700,1859
12701,1857
12702,1854
12703,1850
12704,1855
12705,1861
12706,1866
12707,1869
12708,1869
12709,1862
12710,1862
12711,1860
12712,1856
12713,1856
12714,1849
12715,1850
12716,1847
12717,1851
12718,1846
12719,1856
12720,1856
12721,1859
12722,1863
12723,1865
12724,1863
12725,1870
12726,1872
12727,1871
12728,1865
12729,1861
12730,1860
12731,1856
12732,1857
12733,1859
12734,1858
12735,1847
12736,1839
12737,1845
12738,1846
12739,1844
12740,1857
12741,1872
12742,1871
12743,1872
12744,1869
12745,1859
12746,1857
12747,1855
12748,1854
12749,1853
12750,1856
12751,1846
12752,1849
12753,1847
12754,1855
12755,1856
12756,1861
12757,1867
12758,1872
12759,1872
12760,1856
12761,1851
12762,1850
12763,1854
12764,1853
12765,1856
12766,1856
12767,1853
12768,1851
12769,1851
12770,1856
12771,1861
12772,1866
12773,1866
12774,1861
12775,1859
12776,1857
12777,1859
12778,1856
12779,1859
12780,1858
12781,1860
12782,1860
12783,1862
12784,1862
12785,1861
12786,1856
12787,1857
12788,1857
12789,1859
12790,1863
12791,1859
12792,1858
12793,1855
12794,1857
12795,1862
12796,1856
12797,1858
12798,1858
12799,1860
12800,1859
12801,1856
12802,1855
12803,1855
12804,1856
12805,1856
12806,1861
12807,1869
12808,1866
12809,1870
12810,1861
12811,1861
12812,1856
12813,1855
12814,1857
12815,1855
12816,1854
12817,1856
12818,1853
12819,1841
12820,1855
12821,1857
12822,1862
12823,1867
12824,1871
12825,1868
12826,1863
12827,1859
12828,1862
12829,1861
12830,1859
12831,1856
12832,1857
12833,1857
12834,1856
12835,1854
12836,1849
12837,1859
12838,1863
12839,1866
12840,1863
12841,1865
12842,1867
12843,1863
12844,1862
12845,1858
12846,1856
12847,1855
12848,1857
12849,1858
12850,1857
12851,1854
12852,1851
12853,1847
12854,1855
12855,1861
12856,1861
12857,1870
12858,1873
12859,1872
12860,1870
12861,1858
12862,1856
12863,1856
12864,1851
12865,1849
12866,1854
12867,1859
12868,1854
12869,1842
12870,1845
12871,1849
12872,1855
12873,1856
12874,1859
12875,1857
12876,1857
12877,1857
12878,1862
12879,1857
12880,1863
12881,1865
12882,1862
12883,1857
12884,1854
12885,1849
12886,1847
12887,1850
12888,1857
12889,1872
12890,1875
12891,1870
12892,1872
12893,1879
12894,1877
12895,1870
12896,1849
12897,1842
12898,1845
12899,1860
12900,1862
12901,1861
12902,1856
12903,1853
12904,1856
12905,1859
12906,1858
12907,1856
12908,1859
12909,1861
12910,1859
12911,1862
12912,1860
12913,1861
12914,1857
12915,1859
12916,1861
12917,1861
12918,1855
12919,1851
12920,1851
12921,1855
12922,1860
12923,1863
12924,1861
12925,1859
12926,1856
12927,1855
12928,1851
12929,1846
12930,1856
12931,1855
12932,1852
12933,1854
12934,1858
12935,1856
12936,1853
12937,1856
12938,1857
12939,1863
12940,1863
12941,1867
12942,1866
12943,1865
12944,1865
12945,1861
12946,1856
12947,1858
12948,1858
12949,1858
12950,1858
12951,1856
12952,1856
12953,1854
12954,1851
12955,1854
12956,1856
12957,1856
12958,1856
12959,1856
12960,1857
12961,1859
12962,1856
12963,1857
12964,1857
12965,1861
12966,1859
12967,1860
12968,1857
12969,1854
12970,1855
12971,1857
12972,1859
12973,1863
12974,1867
12975,1870
12976,1866
12977,1866
12978,1860
12979,1856
12980,1857
12981,1856
12982,1855
12983,1852
12984,1846
12985,1842
12986,1844
12987,1850
12988,1845
12989,1853
12990,1856
12991,1863
12992,1861
12993,1861
12994,1860
12995,1861
12996,1858
12997,1859
12998,1859
12999,1859
13000,1859
13001,1859
13002,1856
13003,1855
13004,1858
13005,1862
13006,1867
13007,1867
13008,1869
13009,1865
13010,1859
13011,1856
13012,1856
13013,1855
13014,1846
13015,1850
13016,1852
13017,1852
13018,1850
13019,1855
13020,1857
13021,1859
13022,1859
13023,1862
13024,1866
13025,1863
13026,1858
13027,1857
13028,1856
13029,1856
13030,1855
13031,1856
13032,1857
13033,1858
13034,1856
13035,1855
13036,1852
13037,1855
13038,1857
13039,1859
13040,1863
13041,1861
13042,1862
13043,1862
13044,1857
13045,1855
13046,1853
13047,1854
13048,1856
13049,1853
13050,1854
13051,1853
13052,1856
13053,1856
13054,1858
13055,1858
13056,1862
13057,1862
13058,1866
13059,1858
13060,1858
13061,1859
13062,1858
13063,1856
13064,1856
13065,1858
13066,1859
13067,1857
13068,1855
13069,1855
13070,1856
13071,1860
13072,1860
13073,1862
13074,1855
13075,1856
13076,1857
13077,1857
13078,1858
13079,1862
13080,1863
13081,1861
13082,1861
13083,1857
13084,1857
13085,1855
13086,1855
13087,1853
13088,1857
13089,1859
13090,1859
13091,1862
13092,1858
13093,1857
13094,1859
13095,1859
13096,1856
13097,1859
13098,1858
13099,1856
13100,1857
13101,1856
13102,1856
13103,1856
13104,1851
13105,1856
13106,1855
13107,1856
13108,1857
13109,1863
13110,1862
13111,1865
13112,1859
13113,1856
13114,1858
13115,1857
13116,1858
13117,1859
13118,1847
13119,1853
13120,1857
13121,1858
13122,1857
13123,1858
13124,1861
13125,1859
13126,1858
13127,1858
13128,1856
13129,1856
13130,1858
13131,1859
13132,1857
13133,1857
13134,1853
13135,1850
13136,1847
13137,1850
13138,1849
13139,1851
13140,1856
13141,1860
13142,1857
13143,1857
13144,1858
13145,1857
13146,1857
13147,1858
13148,1859
13149,1861
13150,1862
13151,1862
13152,1858
13153,1858
13154,1860
13155,1861
13156,1864
13157,1863
13158,1861
13159,1861
13160,1859
13161,1858
13162,1858
13163,1856
13164,1851
13165,0
13166,1651
13167,2549
13168,2705
13169,2624
13170,2517
13171,2363
13172,2212
13173,2099
13174,1968
13175,1870
13176,1649
13177,1257
13178,1006
13179,1127
13180,1406
13181,1611
13182,1713
13183,1744
13184,1759
13185,1762
13186,1776
13187,1815
13188,1843
13189,1863
13190,1877
13191,1890
13192,1895
13193,1902
13194,1895
13195,1901
13196,358
13197,1468
13198,2446
13199,2682
13200,2698
13201,2626
13202,2465
13203,2254
13204,2085
13205,1911
13206,1730
13207,1316
13208,999
13209,1086
13210,1415
13211,1655
13212,1746
13213,1775
13214,1783
13215,1782
13216,1815
13217,1855
13218,1874
13219,1890
13220,1903
13221,1917
13222,1918
13223,1919
13224,1919
13225,1914
13226,1909
13227,705
13228,1282
13229,2387
13230,2672
13231,2667
13232,2559
13233,2417
13234,2253
13235,2069
13236,1872
13237,1584
13238,1184
13239,1056
13240,1312
13241,1603
13242,1730
13243,1758
13244,1776
13245,1771
13246,1802
13247,1845
13248,1880
13249,1903
13250,1913
13251,1919
13252,1915
13253,1910
13254,1906
13255,1910
13256,1913
13257,1907
13258,917
13259,1201
13260,2369
13261,2639
13262,2535
13263,2417
13264,2293
13265,2224
13266,2032
13267,1840
13268,1533
13269,1221
13270,1264
13271,1574
13272,1745
13273,1775
13274,1767
13275,1776
13276,1808
13277,1841
13278,1865
13279,1883
13280,1904
13281,1911
13282,1919
13283,1919
13284,1907
13285,1905
13286,1903
13287,1903
13288,1903
13289,1922
13290,848
13291,2261
13292,2590
13293,2464
13294,2337
13295,2256
13296,2206
13297,1983
13298,1849
13299,1579
13300,1274
13301,1424
13302,1695
13303,1792
13304,1776
13305,1744
13306,1744
13307,1789
13308,1840
13309,1872
13310,1894
13311,1907
13312,1904
13313,1903
13314,1890
13315,1889
13316,1878
13317,1873
13318,1873
13319,1876
13320,2341
13321,729
13322,2243
13323,2617
13324,2512
13325,2335
13326,2265
13327,2121
13328,1950
13329,1871
13330,1467
13331,1290
13332,1570
13333,1782
13334,1804
13335,1731
13336,1680
13337,1726
13338,1783
13339,1833
13340,1860
13341,1871
13342,1865
13343,1851
13344,1861
13345,1876
13346,1888
13347,1892
13348,1891
13349,1890
13350,1879
13351,2532
13352,399
13353,2131
13354,2783
13355,2783
13356,2510
13357,2304
13358,1939
13359,1871
13360,1657
13361,1220
13362,1223
13363,1600
13364,1808
13365,1794
13366,1717
13367,1677
13368,1728
13369,1795
13370,1851
13371,1898
13372,1918
13373,1909
13374,1903
13375,1929
13376,1923
13377,1893
13378,1875
13379,1891
13380,1903
13381,1904
13382,2096
13383,167
13384,2086
13385,3168
13386,3380
13387,2816
13388,2421
13389,1763
13390,1586
13391,1235
13392,834
13393,1115
13394,1571
13395,1754
13396,1750
13397,1713
13398,1705
13399,1767
13400,1834
13401,1897
13402,1938
13403,1939
13404,1915
13405,1901
13406,1904
13407,1923
13408,1947
13409,1953
13410,1932
13411,1888
13412,1859
13413,1879
13414,0
13415,1915
13416,3126
13417,3495
13418,2916
13419,2452
13420,1800
13421,1504
13422,1040
13423,741
13424,1155
13425,1591
13426,1751
13427,1765
13428,1739
13429,1723
13430,1778
13431,1844
13432,1895
13433,1926
13434,1936
13435,1936
13436,1933
13437,1936
13438,1936
13439,1923
13440,1921
13441,1919
13442,1917
13443,1905
13444,1898
13445,0
13446,1760
13447,3021
13448,3573
13449,3046
13450,2527
13451,1805
13452,1381
13453,945
13454,723
13455,1200
13456,1633
13457,1765
13458,1763
13459,1734
13460,1741
13461,1788
13462,1846
13463,1895
13464,1914
13465,1933
13466,1936
13467,1953
13468,1955
13469,1926
13470,1930
13471,1933
13472,1927
13473,1907
13474,1901
13475,1899
13476,0
13477,1677
13478,2909
13479,3559
13480,3120
13481,2558
13482,1857
13483,1355
13484,854
13485,672
13486,1205
13487,1627
13488,1765
13489,1786
13490,1780
13491,1782
13492,1821
13493,1866
13494,1903
13495,1927
13496,1951
13497,1953
13498,1946
13499,1945
13500,1931
13501,1905
13502,1881
13503,1898
13504,1907
13505,1906
13506,1904
13507,153
13508,1509
13509,2753
13510,3503
13511,3184
13512,2654
13513,1986
13514,1370
13515,816
13516,639
13517,1243
13518,1648
13519,1761
13520,1779
13521,1782
13522,1782
13523,1823
13524,1863
13525,1904
13526,1922
13527,1924
13528,1920
13529,1910
13530,1933
13531,1975
13532,1958
13533,1932
13534,1923
13535,1917
13536,1905
13537,1904
13538,606
13539,1276
13540,2622
13541,3555
13542,3293
13543,2704
13544,2074
13545,1430
13546,831
13547,610
13548,1154
13549,1598
13550,1744
13551,1782
13552,1781
13553,1778
13554,1809
13555,1867
13556,1911
13557,1935
13558,1949
13559,1942
13560,1989
13561,2017
13562,1986
13563,1943
13564,1905
13565,1871
13566,1838
13567,1840
13568,1863
13569,1088
13570,1079
13571,2485
13572,3513
13573,3374
13574,2771
13575,2158
13576,1463
13577,891
13578,617
13579,1120
13580,1584
13581,1739
13582,1771
13583,1766
13584,1750
13585,1795
13586,1859
13587,1910
13588,1935
13589,1956
13590,1967
13591,1966
13592,1946
13593,1938
13594,1936
13595,1921
13596,1917
13597,1911
13598,1909
13599,1905
13600,1814
13601,854
13602,2379
13603,3465
13604,3419
13605,2831
13606,2224
13607,1521
13608,917
13609,592
13610,1097
13611,1570
13612,1729
13613,1763
13614,1743
13615,1727
13616,1776
13617,1840
13618,1894
13619,1925
13620,1942
13621,1957
13622,1964
13623,1959
13624,1951
13625,1938
13626,1930
13627,1921
13628,1899
13629,1885
13630,1886
13631,2613
13632,646
13633,2258
13634,3376
13635,3472
13636,2870
13637,2269
13638,1612
13639,962
13640,591
13641,1054
13642,1522
13643,1711
13644,1753
13645,1743
13646,1728
13647,1776
13648,1838
13649,1893
13650,1925
13651,1949
13652,1952
13653,1947
13654,1955
13655,1951
13656,1936
13657,1928
13658,1920
13659,1909
13660,1903
13661,1899
13662,2765
13663,523
13664,2184
13665,3327
13666,3520
13667,2928
13668,2327
13669,1568
13670,949
13671,562
13672,1046
13673,1535
13674,1715
13675,1756
13676,1754
13677,1749
13678,1794
13679,1856
13680,1907
13681,1939
13682,1955
13683,1954
13684,1949
13685,1949
13686,1951
13687,1947
13688,1934
13689,1904
13690,1899
13691,1902
13692,1899
13693,2128
13694,177
13695,1985
13696,3130
13697,3547
13698,3002
13699,2432
13700,1723
13701,1019
13702,577
13703,965
13704,1489
13705,1703
13706,1757
13707,1759
13708,1753
13709,1802
13710,1857
13711,1903
13712,1926
13713,1941
13714,1957
13715,1968
13716,1981
13717,1973
13718,1963
13719,1929
13720,1899
13721,1872
13722,1856
13723,1871
13724,1987
13725,94
13726,1945
13727,3117
13728,3559
13729,3010
13730,2429
13731,1775
13732,1088
13733,592
13734,927
13735,1467
13736,1690
13737,1733
13738,1730
13739,1717
13740,1773
13741,1841
13742,1897
13743,1936
13744,1979
13745,1981
13746,1950
13747,1934
13748,1927
13749,1911
13750,1904
13751,1908
13752,1905
13753,1906
13754,1907
13755,1902
13756,0
13757,1744
13758,2922
13759,3632
13760,3119
13761,2501
13762,1885
13763,1164
13764,597
13765,813
13766,1392
13767,1661
13768,1730
13769,1737
13770,1745
13771,1795
13772,1853
13773,1903
13774,1933
13775,1949
13776,1959
13777,1958
13778,1986
13779,1991
13780,1975
13781,1946
13782,1915
13783,1882
13784,1859
13785,1861
13786,1879
13787,1883
13788,1875
13789,1877
13790,1887
13791,1888
13792,1872
13793,1863
13794,1858
13795,1859
13796,1859
13797,1861
13798,1861
13799,1869
13800,1868
13801,1869
13802,1869
13803,1870
13804,1872
13805,1872
13806,1871
13807,1869
13808,1865
13809,1859
13810,1859
13811,1862
13812,1867
13813,1859
13814,1846
13815,1843
13816,1854
13817,1857
13818,1858
13819,1850
13820,1859
13821,1861
13822,1857
13823,1855
13824,1855
13825,1850
13826,1847
13827,1844
13828,1843
13829,1842
13830,1854
13831,1856
13832,1858
13833,1857
13834,1857
13835,1855
13836,1858
13837,1865
13838,1862
13839,1870
13840,1864
13841,1863
13842,1858
13843,1856
13844,1855
13845,1853
13846,1852
13847,1858
13848,1863
13849,1861
13850,1851
13851,1853
13852,1857
13853,1856
13854,1858
13855,1863
13856,1866
13857,1858
13858,1856
13859,1842
13860,1851
13861,1856
13862,1856
13863,1858
13864,1862
13865,1859
13866,1863
13867,1862
13868,1860
13869,1856
13870,1856
13871,1866
13872,1872
13873,1872
13874,1872
13875,1858
13876,1853
13877,1854
13878,1854
13879,1855
13880,1856
13881,1856
13882,1857
13883,1861
13884,1856
13885,1855
13886,1856
13887,1861
13888,1864
13889,1866
13890,1863
13891,1863
13892,1856
13893,1855
13894,1858
13895,1862
13896,1862
13897,1865
13898,1867
13899,1869
13900,1867
13901,1861
13902,1856
13903,1857
13904,1865
13905,1869
13906,1869
13907,1866
13908,1857
13909,1856
13910,1855
13911,1855
13912,1855
13913,1859
13914,1854
13915,1856
13916,1862
13917,1858
13918,1856
13919,1860
13920,1863
13921,1872
13922,1871
13923,1869
13924,1869
13925,1866
13926,1859
13927,1858
13928,1856
13929,1855
13930,1855
13931,1856
13932,1856
13933,1857
13934,1857
13935,1863
13936,1863
13937,1866
13938,1869
13939,1868
13940,1869
13941,1868
13942,1863
13943,1857
13944,1850
13945,1849
13946,1850
13947,1855
13948,1854
13949,1854
13950,1855
13951,1856
13952,1860
13953,1861
13954,1864
13955,1870
13956,1866
13957,1862
13958,1861
13959,1857
13960,1850
13961,1853
13962,1857
13963,1857
13964,1857
13965,1862
13966,1865
13967,1859
13968,1856
13969,1856
13970,1859
13971,1867
13972,1869
13973,1866
13974,1860
13975,1857
13976,1856
13977,1851
13978,1850
13979,1856
13980,1856
13981,1857
13982,1858
13983,1858
13984,1862
13985,1861
13986,1861
13987,1866
13988,1867
13989,1864
13990,1862
13991,1863
13992,1865
13993,1862
13994,1861
13995,1858
13996,1857
13997,1856
13998,1859
13999,1863
14000,1865
14001,1866
14002,1863
14003,1859
14004,1851
14005,1851
14006,1854
14007,1857
14008,1853
14009,1856
14010,1854
14011,1856
14012,1856
14013,1854
14014,1855
14015,1855
14016,1855
14017,1856
14018,1856
14019,1857
14020,1858
14021,1863
14022,1861
14023,1863
14024,1860
14025,1857
14026,1856
14027,1857
14028,1859
14029,1857
14030,1857
14031,1859
14032,1860
14033,1862
14034,1855
14035,1853
14036,1851
14037,1856
14038,1856
14039,1851
14040,1856
14041,1857
14042,1856
14043,1856
14044,1856
14045,1856
14046,1857
14047,1855
14048,1861
14049,1869
14050,1865
14051,1862
14052,1856
14053,1861
14054,1863
14055,1866
14056,1862
14057,1861
14058,1856
14059,1855
14060,1854
14061,1852
14062,1858
14063,1870
14064,1862
14065,1860
14066,1858
14067,1859
14068,1856
14069,1853
14070,1858
14071,1856
14072,1856
14073,1855
14074,1852
14075,1851
14076,1854
14077,1855
14078,1856
14079,1857
14080,1858
14081,1858
14082,1858
14083,1863
14084,1865
14085,1859
14086,1860
14087,1861
14088,1859
14089,1857
14090,1857
14091,1858
14092,1855
14093,1857
14094,1851
14095,1855
14096,1856
14097,1857
14098,1858
14099,1865
14100,1862
14101,1861
14102,1860
14103,1860
14104,1862
14105,1859
14106,1861
14107,1859
14108,1862
14109,1858
14110,1858
14111,1859
14112,1858
14113,1858
14114,1858
14115,1859
14116,1859
14117,1861
14118,1859
14119,1857
14120,1855
14121,1857
14122,1858
14123,1866
14124,1859
14125,1857
14126,1856
14127,1855
14128,1852
14129,1850
14130,1858
14131,1859
14132,1861
14133,1862
14134,1861
14135,1858
14136,1856
14137,1856
14138,1859
14139,1861
14140,1862
14141,1859
14142,1859
14143,1860
14144,1857
14145,1856
14146,1856
14147,1857
14148,1855
14149,1857
14150,1856
14151,1856
14152,1855
14153,1855
14154,1852
14155,1851
14156,1854
14157,1854
14158,1855
14159,1854
14160,1856
14161,1856
14162,1856
14163,1853
14164,1856
14165,1856
14166,1859
14167,1859
14168,1862
14169,1858
14170,1856
14171,1857
14172,1863
14173,1863
14174,1861
14175,1861
14176,1857
14177,1857
14178,1856
14179,1856
14180,1856
14181,1856
14182,1856
14183,1861
14184,1855
14185,1855
14186,1853
14187,1851
14188,1855
14189,1861
14190,1866
14191,1867
14192,1863
14193,1862
14194,1862
14195,1857
14196,1857
14197,1856
14198,1856
14199,1856
14200,1857
14201,1858
14202,1857
14203,1855
14204,1856
14205,1858
14206,1858
14207,1861
14208,1860
14209,1859
14210,1856
14211,1856
14212,1855
14213,1853
14214,1850
14215,1851
14216,1851
14217,1854
14218,1852
14219,1856
14220,1857
14221,1857
14222,1859
14223,1861
14224,1859
14225,1863
14226,1858
14227,1859
14228,1856
14229,1856
14230,1858
14231,1857
14232,1856
14233,1859
14234,1857
14235,1857
14236,1856
14237,1856
14238,1857
14239,1857
14240,1856
14241,1856
14242,1856
14243,1856
14244,1847
14245,1850
14246,1847
14247,1847
14248,1851
14249,1849
14250,1841
14251,1851
14252,1856
14253,1854
14254,1856
14255,1857
14256,1858
14257,1859
14258,1856
14259,1856
14260,1855
14261,1855
14262,1857
14263,1852
14264,1856
14265,1856
14266,1857
14267,1857
14268,1857
14269,1856
14270,1856
14271,1858
14272,1856
14273,1862
14274,1856
14275,1856
14276,1854
14277,1853
14278,1851
14279,1858
14280,1860
14281,1858
14282,1859
14283,1857
14284,1859
14285,1858
14286,1858
14287,1856
14288,1858
14289,1858
14290,1862
14291,1865
14292,1865
14293,1863
14294,1863
14295,1860
14296,1857
14297,1859
14298,1859
14299,1857
14300,1857
14301,1858
14302,1857
14303,1853
14304,1851
14305,1850
14306,1850
14307,1853
14308,1857
14309,1863
14310,1862
14311,1863
14312,1856
14313,1855
14314,1856
14315,1856
14316,1856
14317,1856
14318,1858
14319,1853
14320,1854
14321,1858
14322,1861
14323,1861
14324,1862
14325,1863
14326,1859
14327,1861
14328,1862
14329,1859
14330,1855
14331,1859
14332,1856
14333,1858
14334,1847
14335,1851
14336,1845
14337,1850
14338,1850
14339,1850
14340,1858
14341,1858
14342,1859
14343,1858
14344,1858
14345,1859
14346,1858
14347,1857
14348,1856
14349,1857
14350,1856
14351,1855
14352,1856
14353,1854
14354,1854
14355,1859
14356,1859
14357,1859
14358,1859
14359,1862
14360,1860
14361,1858
14362,1861
14363,1859
14364,1854
14365,1853
14366,1856
14367,1851
14368,1855
14369,1844
14370,1853
14371,1858
14372,1857
14373,1859
14374,1858
14375,1857
14376,1857
14377,1857
14378,1859
14379,1856
14380,1854
14381,1855
14382,1853
14383,1853
14384,1854
14385,1856
14386,1853
14387,1851
14388,1856
14389,1856
14390,1858
14391,1863
14392,1860
14393,1857
14394,1856
14395,1855
14396,1850
14397,1853
14398,1851
14399,1857
14400,1860
14401,1857
14402,1855
14403,1852
14404,1855
14405,1856
14406,1857
14407,1858
14408,1859
14409,1856
14410,1856
14411,1856
14412,1856
14413,1856
14414,1857
14415,1854
14416,1855
14417,1855
14418,1857
14419,1849
14420,1843
14421,1846
14422,1851
14423,1853
14424,1852
14425,1855
14426,1856
14427,1856
14428,1855
14429,1855
14430,1859
14431,1861
14432,1859
14433,1860
14434,1860
14435,1858
14436,1854
14437,1856
14438,1854
14439,1861
14440,1861
14441,1861
14442,1861
14443,1857
14444,1859
14445,1859
14446,1858
14447,1858
14448,1859
14449,1858
14450,1860
14451,1857
14452,1858
14453,1855
14454,1851
14455,1851
14456,1854
14457,1854
14458,1855
14459,1856
14460,1857
14461,1858
14462,1857
14463,1856
14464,1856
14465,1856
14466,1856
14467,1855
14468,1858
14469,1856
14470,1856
14471,1857
14472,1859
14473,1860
14474,1862
14475,1863
14476,1861
14477,1859
14478,1861
14479,1858
14480,1857
14481,1856
14482,1856
14483,1856
14484,1850
14485,1847
14486,1843
14487,1843
14488,1846
14489,1857
14490,1860
14491,1858
14492,1860
14493,1856
14494,1856
14495,1858
14496,1858
14497,1856
14498,1856
14499,1856
14500,1859
14501,1857
14502,1856
14503,1853
14504,1854
14505,1856
14506,1856
14507,1857
14508,1858
14509,1859
14510,1859
14511,1856
14512,1856
14513,1857
14514,1850
14515,1850
14516,1849
14517,1851
14518,1849
14519,1856
14520,1855
14521,1854
14522,1856
14523,1858
14524,1857
14525,1857
14526,1858
14527,1856
14528,1856
14529,1855
14530,1856
14531,1857
14532,1856
14533,1858
14534,1856
14535,1857
14536,1855
14537,1855
14538,1853
14539,1858
14540,1860
14541,1858
14542,1858
14543,1859
14544,1854
14545,1851
14546,1847
14547,1845
14548,1850
14549,1847
14550,1854
14551,1847
14552,1855
14553,1852
14554,1855
14555,1857
14556,1858
14557,1861
14558,1861
14559,1861
14560,1859
14561,1858
14562,1860
14563,1857
14564,1856
14565,1856
14566,1856
14567,1859
14568,1859
14569,1859
14570,1857
14571,1861
14572,1863
14573,1862
14574,1857
14575,1857
14576,1857
14577,1857
14578,1854
14579,1861
14580,1860
14581,1861
14582,1859
14583,1861
14584,1859
14585,1857
14586,1856
14587,1856
14588,1859
14589,1858
14590,1860
14591,1863
14592,1861
14593,1860
14594,1859
14595,1857
14596,1859
14597,1856
14598,1857
14599,1858
14600,1858
14601,1857
14602,1856
14603,1857
14604,1849
14605,1852
14606,1854
14607,1855
14608,1854
14609,1862
14610,1859
14611,1862
14612,1857
14613,1856
14614,1856
14615,1857
14616,1857
14617,1858
14618,1856
14619,1856
14620,1857
14621,1856
14622,1857
14623,1859
14624,1861
14625,1861
14626,1858
14627,1858
14628,1858
14629,1858
14630,1860
14631,1857
14632,1858
14633,1857
14634,1853
14635,1851
14636,1846
14637,1849
14638,1849
14639,1847
14640,1857
14641,1858
14642,1858
14643,1857
14644,1856
14645,1856
14646,1856
14647,1854
14648,1853
14649,1855
14650,1856
14651,1856
14652,1855
14653,1854
14654,1855
14655,1855
14656,1856
14657,1857
14658,1859
14659,1863
14660,1857
14661,1859
14662,1856
14663,1856
14664,1855
14665,1854
14666,1856
14667,1856
14668,1856
14669,1856
14670,1854
14671,1859
14672,1863
14673,1861
14674,1865
14675,1865
14676,1861
14677,1858
14678,1859
14679,1859
14680,1857
14681,1857
14682,1858
14683,1857
14684,1856
14685,1856
14686,1855
14687,1855
14688,1856
14689,1859
14690,1857
14691,1861
14692,1859
14693,1858
14694,1853
14695,1852
14696,1853
14697,1856
14698,1851
14699,1858
14700,1858
14701,1857
14702,1856
14703,1856
14704,1856
14705,1858
14706,1857
14707,1859
14708,1861
14709,1861
14710,1860
14711,1858
14712,1857
14713,1859
14714,1859
14715,1858
14716,1859
14717,1858
14718,1856
14719,1853
14720,1851
14721,1850
14722,1856
14723,1856
14724,1856
14725,1856
14726,1856
14727,1855
14728,1856
14729,1853
14730,1856
14731,1858
14732,1858
14733,1857
14734,1856
14735,1856
14736,1855
14737,1856
14738,1847
14739,1858
14740,1857
14741,1857
14742,1858
14743,1856
14744,1856
14745,1856
14746,1856
14747,1857
14748,1857
14749,1857
14750,1858
14751,1859
14752,1856
14753,1856
14754,1852
14755,1854
14756,1854
14757,1855
14758,1855
14759,1855
14760,1858
14761,1857
14762,1857
14763,1858
14764,1856
14765,1861
14766,1858
14767,1859
14768,1858
14769,1854
14770,1853
14771,1856
14772,1857
14773,1858
14774,1862
14775,1862
14776,1865
14777,1862
14778,1860
14779,1859
14780,1859
14781,1943
14782,181
14783,1917
14784,2592
14785,2686
14786,2608
14787,2490
14788,2304
14789,2150
14790,2027
14791,1926
14792,1837
14793,1535
14794,1127
14795,1019
14796,1254
14797,1517
14798,1679
14799,1744
14800,1753
14801,1749
14802,1742
14803,1763
14804,1808
14805,1845
14806,1862
14807,1876
14808,1888
14809,1899
14810,1898
14811,1895
14812,1898
14813,123
14814,1831
14815,2512
14816,2647
14817,2615
14818,2536
14819,2364
14820,2176
14821,2004
14822,1872
14823,1631
14824,1175
14825,995
14826,1244
14827,1568
14828,1733
14829,1781
14830,1796
14831,1792
14832,1797
14833,1835
14834,1868
14835,1886
14836,1903
14837,1911
14838,1923
14839,1922
14840,1924
14841,1919
14842,1915
14843,1910
14844,93
14845,1773
14846,2538
14847,2686
14848,2611
14849,2474
14850,2304
14851,2163
14852,1975
14853,1817
14854,1488
14855,1075
14856,1136
14857,1478
14858,1691
14859,1744
14860,1759
14861,1751
14862,1761
14863,1805
14864,1845
14865,1873
14866,1899
14867,1911
14868,1918
14869,1918
14870,1910
14871,1920
14872,1923
14873,1921
14874,1914
14875,255
14876,1577
14877,2514
14878,2682
14879,2559
14880,2426
14881,2285
14882,2142
14883,1921
14884,1693
14885,1299
14886,1117
14887,1392
14888,1675
14889,1767
14890,1759
14891,1755
14892,1744
14893,1781
14894,1825
14895,1860
14896,1886
14897,1904
14898,1911
14899,1916
14900,1919
14901,1915
14902,1909
14903,1902
14904,1894
14905,1895
14906,345
14907,1487
14908,2482
14909,2633
14910,2491
14911,2331
14912,2269
14913,2078
14914,1872
14915,1671
14916,1297
14917,1323
14918,1625
14919,1791
14920,1779
14921,1722
14922,1703
14923,1744
14924,1798
14925,1835
14926,1865
14927,1873
14928,1877
14929,1867
14930,1868
14931,1887
14932,1897
14933,1901
14934,1884
14935,1875
14936,1869
14937,721
14938,1249
14939,2415
14940,2694
14941,2608
14942,2407
14943,2321
14944,1978
14945,1840
14946,1584
14947,1200
14948,1385
14949,1690
14950,1795
14951,1747
14952,1680
14953,1669
14954,1739
14955,1799
14956,1850
14957,1877
14958,1894
14959,1908
14960,1907
14961,1895
14962,1893
14963,1883
14964,1867
14965,1871
14966,1867
14967,1862
14968,1011
14969,1183
14970,2450
14971,3011
14972,2918
14973,2599
14974,2235
14975,1715
14976,1607
14977,1154
14978,1015
14979,1431
14980,1723
14981,1776
14982,1727
14983,1675
14984,1692
14985,1765
14986,1825
14987,1894
14988,1937
14989,1923
14990,1904
14991,1889
14992,1909
14993,1919
14994,1909
14995,1904
14996,1898
14997,1885
14998,1886
14999,1939
15000,867
15001,2409
15002,3391
15003,3351
15004,2854
15005,2290
15006,1616
15007,1235
15008,718
15009,821
15010,1375
15011,1680
15012,1763
15013,1747
15014,1714
15015,1739
15016,1807
15017,1866
15018,1899
15019,1917
15020,1915
15021,1931
15022,1957
15023,1987
15024,2002
15025,1945
15026,1903
15027,1863
15028,1837
15029,1856
15030,2227
15031,802
15032,2365
15033,3411
15034,3440
15035,2930
15036,2245
15037,1535
15038,1082
15039,622
15040,895
15041,1472
15042,1729
15043,1767
15044,1741
15045,1712
15046,1742
15047,1807
15048,1867
15049,1904
15050,1937
15051,1959
15052,1963
15053,1957
15054,1942
15055,1934
15056,1905
15057,1901
15058,1910
15059,1905
15060,1891
15061,2775
15062,583
15063,2199
15064,3326
15065,3551
15066,3019
15067,2323
15068,1555
15069,1035
15070,587
15071,895
15072,1471
15073,1722
15074,1786
15075,1776
15076,1731
15077,1744
15078,1808
15079,1872
15080,1907
15081,1925
15082,1936
15083,1958
15084,1975
15085,1981
15086,1963
15087,1937
15088,1916
15089,1888
15090,1857
15091,1867
15092,2364
15093,386
15094,2070
15095,3184
15096,3533
15097,3052
15098,2406
15099,1643
15100,1057
15101,567
15102,861
15103,1439
15104,1696
15105,1776
15106,1791
15107,1781
15108,1790
15109,1827
15110,1874
15111,1906
15112,1919
15113,1923
15114,1913
15115,1937
15116,1958
15117,1947
15118,1935
15119,1926
15120,1906
15121,1904
15122,1903
15123,1910
15124,145
15125,1877
15126,2982
15127,3524
15128,3129
15129,2535
15130,1787
15131,1125
15132,576
15133,794
15134,1403
15135,1681
15136,1771
15137,1787
15138,1777
15139,1792
15140,1840
15141,1883
15142,1917
15143,1936
15144,1946
15145,1957
15146,1982
15147,1991
15148,1968
15149,1925
15150,1883
15151,1859
15152,1845
15153,1856
15154,1882
15155,101
15156,1759
15157,2913
15158,3563
15159,3152
15160,2559
15161,1857
15162,1185
15163,593
15164,763
15165,1375
15166,1673
15167,1771
15168,1787
15169,1778
15170,1776
15171,1819
15172,1871
15173,1919
15174,1963
15175,1962
15176,1927
15177,1897
15178,1914
15179,1926
15180,1921
15181,1914
15182,1906
15183,1905
15184,1903
15185,1899
15186,137
15187,1694
15188,2879
15189,3607
15190,3185
15191,2590
15192,1847
15193,1136
15194,589
15195,789
15196,1402
15197,1680
15198,1770
15199,1779
15200,1760
15201,1746
15202,1796
15203,1854
15204,1893
15205,1922
15206,1936
15207,1936
15208,1936
15209,1936
15210,1931
15211,1922
15212,1914
15213,1910
15214,1903
15215,1903
15216,1891
15217,373
15218,1477
15219,2714
15220,3574
15221,3250
15222,2677
15223,2002
15224,1232
15225,643
15226,721
15227,1343
15228,1651
15229,1758
15230,1776
15231,1755
15232,1729
15233,1782
15234,1851
15235,1901
15236,1922
15237,1935
15238,1939
15239,1938
15240,1949
15241,1945
15242,1937
15243,1936
15244,1927
15245,1911
15246,1885
15247,1882
15248,511
15249,1415
15250,2666
15251,3523
15252,3234
15253,2647
15254,2047
15255,1318
15256,667
15257,703
15258,1326
15259,1647
15260,1753
15261,1769
15262,1748
15263,1742
15264,1786
15265,1847
15266,1902
15267,1931
15268,1947
15269,1953
15270,1954
15271,1947
15272,1937
15273,1917
15274,1904
15275,1901
15276,1903
15277,1898
15278,1893
15279,815
15280,1260
15281,2556
15282,3504
15283,3274
15284,2699
15285,2090
15286,1325
15287,688
15288,658
15289,1297
15290,1647
15291,1759
15292,1778
15293,1759
15294,1744
15295,1797
15296,1845
15297,1889
15298,1918
15299,1936
15300,1950
15301,1934
15302,1937
15303,1936
15304,1935
15305,1931
15306,1923
15307,1918
15308,1904
15309,1899
15310,1269
15311,1079
15312,2428
15313,3440
15314,3312
15315,2742
15316,2171
15317,1344
15318,705
15319,630
15320,1246
15321,1616
15322,1744
15323,1777
15324,1773
15325,1772
15326,1810
15327,1856
15328,1893
15329,1910
15330,1931
15331,1941
15332,1942
15333,1938
15334,1936
15335,1933
15336,1925
15337,1923
15338,1907
15339,1895
15340,1895
15341,2272
15342,791
15343,2241
15344,3274
15345,3382
15346,2831
15347,2313
15348,1499
15349,816
15350,572
15351,1169
15352,1593
15353,1735
15354,1771
15355,1774
15356,1762
15357,1792
15358,1850
15359,1893
15360,1932
15361,1946
15362,1951
15363,1951
15364,1952
15365,1939
15366,1914
15367,1884
15368,1888
15369,1920
15370,1921
15371,1904
15372,2774
15373,597
15374,2160
15375,3231
15376,3441
15377,2871
15378,2355
15379,1616
15380,876
15381,558
15382,1113
15383,1557
15384,1717
15385,1761
15386,1744
15387,1716
15388,1760
15389,1839
15390,1891
15391,1926
15392,1952
15393,1957
15394,1949
15395,1950
15396,1943
15397,1929
15398,1909
15399,1895
15400,1898
15401,1898
15402,1903
15403,1897
15404,1887
15405,1887
15406,1887
15407,1887
15408,1878
15409,1875
15410,1872
15411,1870
15412,1863
15413,1859
15414,1856
15415,1856
15416,1856
15417,1859
15418,1862
15419,1866
15420,1856
15421,1857
15422,1863
15423,1868
15424,1867
15425,1864
15426,1858
15427,1854
15428,1855
15429,1855
15430,1851
15431,1855
15432,1855
15433,1859
15434,1857
15435,1861
15436,1859
15437,1863
15438,1863
15439,1871
15440,1866
15441,1862
15442,1859
15443,1858
15444,1845
15445,1843
15446,1841
15447,1846
15448,1855
15449,1855
15450,1850
15451,1843
15452,1850
15453,1853
15454,1856
15455,1862
15456,1861
15457,1865
15458,1862
15459,1861
15460,1856
15461,1854
15462,1855
15463,1855
15464,1855
15465,1856
15466,1855
15467,1856
15468,1856
15469,1856
15470,1855
15471,1858
15472,1860
15473,1862
15474,1856
15475,1854
15476,1853
15477,1853
15478,1851
15479,1856
15480,1855
15481,1861
15482,1861
15483,1862
15484,1858
15485,1861
15486,1860
15487,1857
15488,1860
15489,1860
15490,1862
15491,1863
15492,1861
15493,1862
15494,1859
15495,1858
15496,1858
15497,1856
15498,1859
15499,1861
15500,1866
15501,1869
15502,1866
15503,1867
15504,1864
15505,1870
15506,1866
15507,1862
15508,1858
15509,1863
15510,1859
15511,1858
15512,1856
15513,1851
15514,1850
15515,1853
15516,1856
15517,1858
15518,1853
15519,1857
15520,1861
15521,1872
15522,1877
15523,1872
15524,1856
15525,1856
15526,1856
15527,1855
15528,1856
15529,1855
15530,1855
15531,1857
15532,1858
15533,1863
15534,1858
15535,1856
15536,1849
15537,1853
15538,1861
15539,1861
15540,1866
15541,1865
15542,1864
15543,1863
15544,1865
15545,1869
15546,1869
15547,1871
15548,1865
15549,1853
15550,1856
15551,1861
15552,1860
15553,1859
15554,1862
15555,1866
15556,1866
15557,1863
15558,1863
15559,1865
15560,1866
15561,1862
15562,1857
15563,1858
15564,1854
15565,1853
15566,1855
15567,1856
15568,1855
15569,1857
15570,1863
15571,1863
15572,1866
15573,1864
15574,1863
15575,1863
15576,1862
15577,1856
15578,1857
15579,1857
15580,1853
15581,1856
15582,1855
15583,1855
15584,1853
15585,1854
15586,1855
15587,1861
15588,1866
15589,1867
15590,1869
15591,1871
15592,1868
15593,1867
15594,1856
15595,1851
15596,1850
15597,1854
15598,1851
15599,1856
15600,1858
15601,1861
15602,1861
15603,1861
15604,1861
15605,1865
15606,1867
15607,1867
15608,1866
15609,1862
15610,1859
15611,1857
15612,1856
15613,1854
15614,1855
15615,1855
15616,1855
15617,1857
15618,1856
15619,1858
15620,1858
15621,1858
15622,1868
15623,1870
15624,1866
15625,1862
15626,1860
15627,1856
15628,1856
15629,1851
15630,1856
15631,1857
15632,1859
15633,1861
15634,1863
15635,1865
15636,1858
15637,1856
15638,1866
15639,1866
15640,1867
15641,1867
15642,1863
15643,1861
15644,1859
15645,1858
15646,1856
15647,1856
15648,1857
15649,1857
15650,1860
15651,1861
15652,1861
15653,1862
15654,1855
15655,1859
15656,1861
15657,1859
15658,1855
15659,1849
15660,1851
15661,1856
15662,1856
15663,1857
15664,1857
15665,1860
15666,1862
15667,1861
15668,1862
15669,1859
15670,1857
15671,1859
15672,1861
15673,1861
15674,1861
15675,1859
15676,1855
15677,1855
15678,1856
15679,1856
15680,1856
15681,1857
15682,1859
15683,1861
15684,1853
15685,1855
15686,1857
15687,1856
15688,1856
15689,1862
15690,1863
15691,1857
15692,1856
15693,1854
15694,1855
15695,1855
15696,1856
15697,1858
15698,1858
15699,1860
15700,1861
15701,1862
15702,1859
15703,1856
15704,1860
15705,1870
15706,1872
15707,1872
15708,1864
15709,1859
15710,1859
15711,1861
15712,1859
15713,1859
15714,1854
15715,1857
15716,1856
15717,1854
15718,1855
15719,1865
15720,1858
15721,1860
15722,1862
15723,1862
15724,1863
15725,1863
15726,1863
15727,1862
15728,1860
15729,1861
15730,1860
15731,1861
15732,1860
15733,1863
15734,1861
15735,1861
15736,1858
15737,1857
15738,1856
15739,1860
15740,1863
15741,1869
15742,1870
15743,1867
15744,1861
15745,1857
15746,1856
15747,1856
15748,1856
15749,1853
15750,1856
15751,1851
15752,1861
15753,1857
15754,1856
15755,1857
15756,1860
15757,1859
15758,1863
15759,1861
15760,1861
15761,1859
15762,1858
15763,1857
15764,1860
15765,1859
15766,1860
15767,1859
15768,1859
15769,1859
15770,1859
15771,1858
15772,1861
15773,1866
15774,1856
15775,1856
15776,1855
15777,1855
15778,1856
15779,1857
15780,1857
15781,1859
15782,1855
15783,1855
15784,1857
15785,1858
15786,1856
15787,1856
15788,1859
15789,1867
15790,1862
15791,1863
15792,1862
15793,1861
15794,1859
15795,1861
15796,1859
15797,1862
15798,1861
15799,1859
15800,1862
15801,1863
15802,1863
15803,1861
15804,1856
15805,1856
15806,1858
15807,1859
15808,1858
15809,1865
15810,1863
15811,1857
15812,1862
15813,1859
15814,1859
15815,1859
15816,1859
15817,1861
15818,1860
15819,1855
15820,1858
15821,1857
15822,1859
15823,1858
15824,1858
15825,1861
15826,1858
15827,1859
15828,1859
15829,1862
15830,1861
15831,1863
15832,1863
15833,1865
15834,1858
15835,1857
15836,1855
15837,1856
15838,1858
15839,1855
15840,1859
15841,1862
15842,1860
15843,1857
15844,1857
15845,1856
15846,1856
15847,1861
15848,1862
15849,1865
15850,1865
15851,1866
15852,1862
15853,1861
15854,1861
15855,1865
15856,1863
15857,1861
15858,1859
15859,1858
15860,1858
15861,1859
15862,1858
15863,1858
15864,1856
15865,1857
15866,1856
15867,1856
15868,1857
15869,1857
15870,1860
15871,1862
15872,1863
15873,1857
15874,1858
15875,1861
15876,1859
15877,1856
15878,1856
15879,1856
15880,1859
15881,1861
15882,1861
15883,1861
15884,1859
15885,1861
15886,1862
15887,1861
15888,1863
15889,1865
15890,1862
15891,1865
15892,1864
15893,1859
15894,1852
15895,1855
15896,1852
15897,1853
15898,1854
15899,1861
15900,1862
15901,1859
15902,1862
15903,1861
15904,1862
15905,1865
15906,1867
15907,1863
15908,1860
15909,1861
15910,1857
15911,1857
15912,1857
15913,1859
15914,1858
15915,1862
15916,1859
15917,1861
15918,1857
15919,1859
15920,1859
15921,1860
15922,1862
15923,1861
15924,1852
15925,1852
15926,1849
15927,1850
15928,1850
15929,1854
15930,1856
15931,1858
15932,1860
15933,1862
15934,1861
15935,1862
15936,1861
15937,1857
15938,1853
15939,1859
15940,1861
15941,1858
15942,1857
15943,1856
15944,1856
15945,1858
15946,1861
15947,1862
15948,1863
15949,1863
15950,1862
15951,1861
15952,1863
15953,1859
15954,1856
15955,1858
15956,1858
15957,1856
15958,1857
15959,1855
15960,1858
15961,1856
15962,1858
15963,1858
15964,1858
15965,1862
15966,1861
15967,1866
15968,1866
15969,1862
15970,1861
15971,1863
15972,1864
15973,1866
15974,1861
15975,1861
15976,1860
15977,1857
15978,1860
15979,1859
15980,1859
15981,1863
15982,1862
15983,1863
15984,1857
15985,1860
15986,1857
15987,1857
15988,1856
15989,1866
15990,1870
15991,1867
15992,1861
15993,1865
15994,1862
15995,1865
15996,1861
15997,1861
15998,1870
15999,1866
16000,1868
16001,1868
16002,1866
16003,1866
16004,1863
16005,1863
16006,1865
16007,1861
16008,1857
16009,1855
16010,1855
16011,1854
16012,1856
16013,1854
16014,1847
16015,1850
16016,1855
16017,1854
16018,1853
16019,1858
16020,1856
16021,1858
16022,1861
16023,1860
16024,1857
16025,1857
16026,1856
16027,1856
16028,1857
16029,1856
16030,1857
16031,1856
16032,1859
16033,1861
16034,1859
16035,1860
16036,1857
16037,1858
16038,1854
16039,1863
16040,1859
16041,1857
16042,1857
16043,1857
16044,1849
16045,1849
16046,1851
16047,1853
16048,1854
16049,1853
16050,1855
16051,1855
16052,1857
16053,1859
16054,1858
16055,1861
16056,1863
16057,1861
16058,1861
16059,1858
16060,1859
16061,1858
16062,1858
16063,1859
16064,1861
16065,1866
16066,1867
16067,1870
16068,1863
16069,1862
16070,1861
16071,1863
16072,1866
16073,1863
16074,1855
16075,1853
16076,1853
16077,1853
16078,1854
16079,1862
16080,1857
16081,1856
16082,1861
16083,1862
16084,1861
16085,1860
16086,1861
16087,1861
16088,1862
16089,1862
16090,1865
16091,1862
16092,1866
16093,1862
16094,1861
16095,1862
16096,1862
16097,1862
16098,1863
16099,1865
16100,1865
16101,1862
16102,1866
16103,1860
16104,1856
16105,1855
16106,1856
16107,1856
16108,1856
16109,1856
16110,1856
16111,1856
16112,1856
16113,1857
16114,1859
16115,1858
16116,1860
16117,1863
16118,1862
16119,1859
16120,1856
16121,1856
16122,1861
16123,1859
16124,1859
16125,1855
16126,1855
16127,1855
16128,1855
16129,1856
16130,1856
16131,1856
16132,1859
16133,1859
16134,1856
16135,1855
16136,1854
16137,1853
16138,1855
16139,1855
16140,1858
16141,1859
16142,1858
16143,1858
16144,1858
16145,1856
16146,1860
16147,1859
16148,1858
16149,1861
16150,1863
16151,1863
16152,1863
16153,1863
16154,1862
16155,1865
16156,1868
16157,1867
16158,1862
16159,1859
16160,1862
16161,1861
16162,1861
16163,1859
16164,1856
16165,1856
16166,1861
16167,1860
16168,1858
16169,1860
16170,1847
16171,1856
16172,1867
16173,1867
16174,1865
16175,1866
16176,1863
16177,1864
16178,1863
16179,1866
16180,1863
16181,1864
16182,1867
16183,1866
16184,1867
16185,1867
16186,1863
16187,1866
16188,1865
16189,1867
16190,1865
16191,1863
16192,1861
16193,1860
16194,1853
16195,1853
16196,1854
16197,1856
16198,1856
16199,1857
16200,1862
16201,1862
16202,1858
16203,1857
16204,1857
16205,1857
16206,1861
16207,1862
16208,1859
16209,1859
16210,1860
16211,1856
16212,1856
16213,1857
16214,1858
16215,1861
16216,1861
16217,1863
16218,1855
16219,1863
16220,1858
16221,1856
16222,1862
16223,1862
16224,1856
16225,1855
16226,1851
16227,1849
16228,1847
16229,1851
16230,1855
16231,1856
16232,1856
16233,1857
16234,1858
16235,1861
16236,1862
16237,1859
16238,1855
16239,1863
16240,1867
16241,1864
16242,1863
16243,1863
16244,1860
16245,1860
16246,1859
16247,1858
16248,1859
16249,1857
16250,1859
16251,1861
16252,1863
16253,1858
16254,1853
16255,1858
16256,1861
16257,1856
16258,1856
16259,1851
16260,1856
16261,1856
16262,1855
16263,1856
16264,1856
16265,1858
16266,1863
16267,1863
16268,1862
16269,1862
16270,1863
16271,1861
16272,1863
16273,1866
16274,1865
16275,1866
16276,1863
16277,1863
16278,1865
16279,1863
16280,1861
16281,1859
16282,1861
16283,1862
16284,1856
16285,1855
16286,1857
16287,1855
16288,1855
16289,1866
16290,1863
16291,1861
16292,1861
16293,1859
16294,1857
16295,1857
16296,1857
16297,1858
16298,1862
16299,1859
16300,1860
16301,1863
16302,1863
16303,1858
16304,1859
16305,1863
16306,1867
16307,1869
16308,1866
16309,1866
16310,1864
16311,1861
16312,1859
16313,1856
16314,1845
16315,1849
16316,1851
16317,1856
16318,1854
16319,1859
16320,1857
16321,1858
16322,1858
16323,1859
16324,1860
16325,1859
16326,1859
16327,1857
16328,1858
16329,1859
16330,1858
16331,1860
16332,1859
16333,1862
16334,1861
16335,1863
16336,1861
16337,1857
16338,1854
16339,1861
16340,1858
16341,1859
16342,1856
16343,1859
16344,1852
16345,1855
16346,1855
16347,1853
16348,1856
16349,1856
16350,1856
16351,1857
16352,1867
16353,1863
16354,1861
16355,1867
16356,1865
16357,1862
16358,1862
16359,1858
16360,1856
16361,1856
16362,1855
16363,1856
16364,1856
16365,1858
16366,1861
16367,1863
16368,1861
16369,1863
16370,1860
16371,1858
16372,1861
16373,1863
16374,1858
16375,1856
16376,1856
16377,1854
16378,1853
16379,1859
16380,1859
16381,1862
16382,1861
16383,1861
16384,1867
16385,1865
16386,1863
16387,1859
16388,1859
16389,1865
16390,1862
16391,1861
16392,1861
16393,1857
16394,1858
16395,1856
16396,1856
16397,1858
16398,1839
16399,896
16400,2237
16401,2686
16402,2704
16403,2608
16404,2480
16405,2304
16406,2160
16407,2000
16408,1862
16409,1591
16410,1114
16411,906
16412,1153
16413,1472
16414,1648
16415,1728
16416,1751
16417,1757
16418,1757
16419,1769
16420,1791
16421,1833
16422,1863
16423,1881
16424,1895
16425,1904
16426,1907
16427,1909
16428,1906
16429,2623
16430,753
16431,2210
16432,2660
16433,2753
16434,2677
16435,2554
16436,2355
16437,2119
16438,1889
16439,1644
16440,1136
16441,883
16442,1170
16443,1535
16444,1703
16445,1751
16446,1777
16447,1783
16448,1783
16449,1808
16450,1846
16451,1887
16452,1917
16453,1935
16454,1938
16455,1938
16456,1933
16457,1915
16458,1887
16459,1872
16460,2763
16461,624
16462,2115
16463,2665
16464,2740
16465,2650
16466,2482
16467,2325
16468,2031
16469,1792
16470,1392
16471,964
16472,1121
16473,1509
16474,1712
16475,1742
16476,1761
16477,1792
16478,1796
16479,1823
16480,1853
16481,1877
16482,1902
16483,1914
16484,1920
16485,1920
16486,1921
16487,1915
16488,1910
16489,1909
16490,1910
16491,2182
16492,310
16493,2000
16494,2677
16495,2736
16496,2607
16497,2445
16498,2258
16499,1918
16500,1671
16501,1241
16502,1014
16503,1370
16504,1688
16505,1791
16506,1776
16507,1778
16508,1787
16509,1788
16510,1823
16511,1854
16512,1875
16513,1901
16514,1914
16515,1921
16516,1924
16517,1920
16518,1904
16519,1893
16520,1879
16521,1872
16522,2001
16523,210
16524,1936
16525,2665
16526,2737
16527,2559
16528,2414
16529,2150
16530,1807
16531,1616
16532,1183
16533,1205
16534,1616
16535,1813
16536,1807
16537,1739
16538,1719
16539,1729
16540,1745
16541,1794
16542,1840
16543,1875
16544,1897
16545,1898
16546,1895
16547,1901
16548,1905
16549,1907
16550,1904
16551,1904
16552,1903
16553,1898
16554,80
16555,1737
16556,2635
16557,2850
16558,2707
16559,2534
16560,2059
16561,1741
16562,1488
16563,991
16564,1239
16565,1678
16566,1825
16567,1825
16568,1785
16569,1754
16570,1713
16571,1751
16572,1814
16573,1856
16574,1875
16575,1878
16576,1899
16577,1927
16578,1954
16579,1936
16580,1909
16581,1883
16582,1861
16583,1854
16584,1875
16585,205
16586,1622
16587,2800
16588,3410
16589,3097
16590,2663
16591,1858
16592,1449
16593,1008
16594,757
16595,1292
16596,1712
16597,1840
16598,1839
16599,1776
16600,1714
16601,1693
16602,1759
16603,1830
16604,1887
16605,1920
16606,1914
16607,1904
16608,1903
16609,1907
16610,1901
16611,1894
16612,1901
16613,1904
16614,1891
16615,1898
16616,398
16617,1504
16618,2877
16619,3741
16620,3221
16621,2692
16622,1861
16623,1296
16624,752
16625,677
16626,1327
16627,1699
16628,1793
16629,1805
16630,1778
16631,1729
16632,1731
16633,1797
16634,1856
16635,1895
16636,1919
16637,1934
16638,1942
16639,1947
16640,1941
16641,1927
16642,1905
16643,1883
16644,1856
16645,1847
16646,1872
16647,511
16648,1398
16649,2739
16650,3635
16651,3259
16652,2736
16653,1937
16654,1302
16655,689
16656,663
16657,1299
16658,1683
16659,1795
16660,1809
16661,1789
16662,1744
16663,1742
16664,1800
16665,1867
16666,1913
16667,1934
16668,1937
16669,1936
16670,1939
16671,1931
16672,1927
16673,1930
16674,1922
16675,1915
16676,1904
16677,1899
16678,859
16679,1228
16680,2589
16681,3583
16682,3348
16683,2797
16684,2006
16685,1328
16686,718
16687,627
16688,1260
16689,1657
16690,1782
16691,1815
16692,1791
16693,1749
16694,1744
16695,1795
16696,1855
16697,1904
16698,1933
16699,1941
16700,1949
16701,1943
16702,1934
16703,1922
16704,1913
16705,1911
16706,1909
16707,1907
16708,1902
16709,1669
16710,934
16711,2352
16712,3330
16713,3362
16714,2864
16715,2197
16716,1476
16717,801
16718,583
16719,1194
16720,1616
16721,1761
16722,1813
16723,1815
16724,1805
16725,1794
16726,1830
16727,1872
16728,1906
16729,1929
16730,1942
16731,1947
16732,1946
16733,1936
16734,1916
16735,1920
16736,1920
16737,1915
16738,1904
16739,1901
16740,1974
16741,847
16742,2307
16743,3335
16744,3445
16745,2906
16746,2254
16747,1489
16748,821
16749,543
16750,1147
16751,1598
16752,1749
16753,1799
16754,1798
16755,1793
16756,1792
16757,1828
16758,1874
16759,1919
16760,1953
16761,1953
16762,1939
16763,1927
16764,1910
16765,1920
16766,1936
16767,1940
16768,1933
16769,1905
16770,1882
16771,2674
16772,587
16773,2176
16774,3301
16775,3504
16776,2943
16777,2271
16778,1521
16779,878
16780,534
16781,1095
16782,1567
16783,1742
16784,1797
16785,1801
16786,1792
16787,1785
16788,1827
16789,1875
16790,1919
16791,1936
16792,1942
16793,1937
16794,1930
16795,1936
16796,1931
16797,1922
16798,1919
16799,1921
16800,1918
16801,1911
16802,2271
16803,317
16804,2042
16805,3210
16806,3572
16807,3022
16808,2372
16809,1623
16810,938
16811,526
16812,1058
16813,1535
16814,1729
16815,1791
16816,1793
16817,1773
16818,1750
16819,1793
16820,1851
16821,1895
16822,1923
16823,1936
16824,1937
16825,1935
16826,1927
16827,1923
16828,1919
16829,1909
16830,1911
16831,1906
16832,1904
16833,1952
16834,144
16835,1915
16836,3085
16837,3522
16838,3056
16839,2457
16840,1754
16841,1019
16842,546
16843,1014
16844,1534
16845,1728
16846,1792
16847,1789
16848,1760
16849,1733
16850,1775
16851,1842
16852,1899
16853,1924
16854,1932
16855,1949
16856,1951
16857,1941
16858,1919
16859,1913
16860,1916
16861,1914
16862,1908
16863,1903
16864,1901
16865,97
16866,1856
16867,3013
16868,3521
16869,3056
16870,2474
16871,1790
16872,1058
16873,552
16874,1001
16875,1535
16876,1733
16877,1792
16878,1785
16879,1747
16880,1722
16881,1766
16882,1840
16883,1895
16884,1917
16885,1933
16886,1936
16887,1936
16888,1936
16889,1938
16890,1935
16891,1925
16892,1916
16893,1908
16894,1905
16895,1904
16896,145
16897,1653
16898,2849
16899,3471
16900,3109
16901,2547
16902,1949
16903,1151
16904,583
16905,925
16906,1492
16907,1721
16908,1792
16909,1791
16910,1753
16911,1717
16912,1762
16913,1833
16914,1881
16915,1915
16916,1934
16917,1938
16918,1936
16919,1940
16920,1937
16921,1935
16922,1936
16923,1931
16924,1919
16925,1904
16926,1900
16927,215
16928,1579
16929,2810
16930,3526
16931,3136
16932,2545
16933,1951
16934,1159
16935,563
16936,896
16937,1486
16938,1712
16939,1793
16940,1793
16941,1763
16942,1731
16943,1776
16944,1833
16945,1881
16946,1919
16947,1936
16948,1938
16949,1942
16950,1940
16951,1937
16952,1933
16953,1936
16954,1935
16955,1904
16956,1890
16957,1897
16958,579
16959,1350
16960,2608
16961,3481
16962,3221
16963,2636
16964,2128
16965,1284
16966,582
16967,765
16968,1407
16969,1686
16970,1776
16971,1792
16972,1775
16973,1742
16974,1776
16975,1840
16976,1891
16977,1922
16978,1939
16979,1937
16980,1938
16981,1936
16982,1925
16983,1924
16984,1922
16985,1918
16986,1915
16987,1905
16988,1904
16989,947
16990,1183
16991,2498
16992,3353
16993,3207
16994,2687
16995,2242
16996,1389
16997,646
16998,718
16999,1355
17000,1659
17001,1771
17002,1794
17003,1785
17004,1761
17005,1785
17006,1840
17007,1885
17008,1920
17009,1937
17010,1937
17011,1936
17012,1936
17013,1936
17014,1931
17015,1931
17016,1923
17017,1911
17018,1887
17019,1891
17020,1888
17021,1888
17022,1890
17023,1895
17024,1892
17025,1891
17026,1885
17027,1870
17028,1866
17029,1862
17030,1863
17031,1859
17032,1863
17033,1863
17034,1858
17035,1858
17036,1856
17037,1856
17038,1856
17039,1858
17040,1869
17041,1867
17042,1866
17043,1861
17044,1859
17045,1859
17046,1856
17047,1855
17048,1856
17049,1857
17050,1858
17051,1858
17052,1857
17053,1857
17054,1857
17055,1859
17056,1868
17057,1870
17058,1865
17059,1855
17060,1847
17061,1851
17062,1851
17063,1856
17064,1850
17065,1853
17066,1851
17067,1855
17068,1854
17069,1854
17070,1859
17071,1859
17072,1861
17073,1867
17074,1862
17075,1861
17076,1857
17077,1855
17078,1854
17079,1857
17080,1858
17081,1858
17082,1851
17083,1851
17084,1856
17085,1858
17086,1859
17087,1858
17088,1857
17089,1865
17090,1865
17091,1863
17092,1862
17093,1858
17094,1850
17095,1850
17096,1852
17097,1850
17098,1857
17099,1859
17100,1859
17101,1861
17102,1862
17103,1857
17104,1859
17105,1869
17106,1872
17107,1869
17108,1854
17109,1851
17110,1852
17111,1855
17112,1855
17113,1857
17114,1856
17115,1859
17116,1857
17117,1858
17118,1854
17119,1862
17120,1856
17121,1862
17122,1872
17123,1872
17124,1867
17125,1859
17126,1855
17127,1853
17128,1855
17129,1851
17130,1853
17131,1856
17132,1858
17133,1861
17134,1861
17135,1863
17136,1861
17137,1859
17138,1856
17139,1868
17140,1866
17141,1863
17142,1862
17143,1862
17144,1862
17145,1859
17146,1856
17147,1856
17148,1856
17149,1855
17150,1857
17151,1859
17152,1861
17153,1859
17154,1853
17155,1856
17156,1856
17157,1857
17158,1856
17159,1855
17160,1859
17161,1856
17162,1854
17163,1855
17164,1854
17165,1856
17166,1856
17167,1861
17168,1863
17169,1863
17170,1862
17171,1863
17172,1870
17173,1869
17174,1870
17175,1868
17176,1861
17177,1858
17178,1857
17179,1859
17180,1860
17181,1859
17182,1861
17183,1860
17184,1856
17185,1856
17186,1857
17187,1859
17188,1862
17189,1871
17190,1872
17191,1872
17192,1871
17193,1869
17194,1861
17195,1857
17196,1858
17197,1855
17198,1854
17199,1856
17200,1861
17201,1861
17202,1861
17203,1859
17204,1858
17205,1859
17206,1863
17207,1862
17208,1862
17209,1861
17210,1857
17211,1855
17212,1856
17213,1855
17214,1851
17215,1856
17216,1856
17217,1855
17218,1859
17219,1862
17220,1859
17221,1859
17222,1865
17223,1869
17224,1867
17225,1865
17226,1862
17227,1860
17228,1861
17229,1858
17230,1856
17231,1855
17232,1856
17233,1857
17234,1861
17235,1860
17236,1861
17237,1857
17238,1854
17239,1863
17240,1865
17241,1861
17242,1859
17243,1858
17244,1853
17245,1853
17246,1854
17247,1851
17248,1851
17249,1852
17250,1855
17251,1861
17252,1861
17253,1857
17254,1856
17255,1861
17256,1869
17257,1865
17258,1869
17259,1869
17260,1867
17261,1861
17262,1862
17263,1860
17264,1859
17265,1862
17266,1862
17267,1865
17268,1865
17269,1865
17270,1861
17271,1866
17272,1868
17273,1867
17274,1861
17275,1863
17276,1859
17277,1855
17278,1853
17279,1852
17280,1857
17281,1857
17282,1857
17283,1856
17284,1859
17285,1858
17286,1858
17287,1858
17288,1859
17289,1866
17290,1867
17291,1865
17292,1863
17293,1865
17294,1858
17295,1855
17296,1856
17297,1856
17298,1855
17299,1855
17300,1856
17301,1857
17302,1857
17303,1857
17304,1850
17305,1853
17306,1858
17307,1859
17308,1861
17309,1866
17310,1862
17311,1857
17312,1856
17313,1856
17314,1856
17315,1856
17316,1858
17317,1856
17318,1855
17319,1861
17320,1860
17321,1860
17322,1862
17323,1862
17324,1867
17325,1865
17326,1865
17327,1862
17328,1863
17329,1861
17330,1857
17331,1859
17332,1857
17333,1859
17334,1858
17335,1856
17336,1856
17337,1853
17338,1854
17339,1857
17340,1857
17341,1867
17342,1869
17343,1863
17344,1862
17345,1859
17346,1858
17347,1856
17348,1856
17349,1856
17350,1859
17351,1858
17352,1856
17353,1857
17354,1856
17355,1855
17356,1862
17357,1863
17358,1865
17359,1867
17360,1866
17361,1861
17362,1859
17363,1857
17364,1850
17365,1851
17366,1851
17367,1855
17368,1856
17369,1851
17370,1859
17371,1858
17372,1860
17373,1863
17374,1866
17375,1867
17376,1863
17377,1857
17378,1851
17379,1856
17380,1856
17381,1856
17382,1857
17383,1859
17384,1857
17385,1859
17386,1861
17387,1857
17388,1861
17389,1863
17390,1869
17391,1866
17392,1860
17393,1859
17394,1853
17395,1853
17396,1856
17397,1854
17398,1857
17399,1860
17400,1862
17401,1862
17402,1861
17403,1859
17404,1858
17405,1862
17406,1863
17407,1866
17408,1862
17409,1858
17410,1859
17411,1857
17412,1857
17413,1856
17414,1859
17415,1857
17416,1857
17417,1861
17418,1855
17419,1858
17420,1858
17421,1858
17422,1860
17423,1859
17424,1853
17425,1854
17426,1856
17427,1853
17428,1854
17429,1849
17430,1850
17431,1856
17432,1856
17433,1856
17434,1857
17435,1856
17436,1856
17437,1855
17438,1847
17439,1857
17440,1858
17441,1857
17442,1854
17443,1856
17444,1859
17445,1857
17446,1860
17447,1860
17448,1859
17449,1858
17450,1856
17451,1855
17452,1859
17453,1865
17454,1865
17455,1863
17456,1861
17457,1862
17458,1859
17459,1855
17460,1859
17461,1859
17462,1856
17463,1860
17464,1857
17465,1858
17466,1859
17467,1859
17468,1862
17469,1862
17470,1861
17471,1858
17472,1861
17473,1863
17474,1861
17475,1860
17476,1859
17477,1858
17478,1856
17479,1857
17480,1858
17481,1857
17482,1858
17483,1857
17484,1853
17485,1854
17486,1853
17487,1855
17488,1855
17489,1865
17490,1860
17491,1861
17492,1861
17493,1858
17494,1857
17495,1857
17496,1859
17497,1856
17498,1856
17499,1857
17500,1863
17501,1863
17502,1865
17503,1862
17504,1857
17505,1859
17506,1863
17507,1866
17508,1858
17509,1861
17510,1856
17511,1855
17512,1853
17513,1855
17514,1846
17515,1849
17516,1854
17517,1855
17518,1851
17519,1858
17520,1857
17521,1856
17522,1859
17523,1861
17524,1857
17525,1858
17526,1860
17527,1859
17528,1856
17529,1856
17530,1855
17531,1856
17532,1858
17533,1858
17534,1861
17535,1863
17536,1861
17537,1857
17538,1854
17539,1863
17540,1867
17541,1865
17542,1864
17543,1861
17544,1854
17545,1856
17546,1853
17547,1856
17548,1855
17549,1854
17550,1853
17551,1859
17552,1861
17553,1861
17554,1862
17555,1862
17556,1862
17557,1863
17558,1865
17559,1861
17560,1861
17561,1857
17562,1858
17563,1857
17564,1856
17565,1858
17566,1861
17567,1858
17568,1859
17569,1862
17570,1860
17571,1858
17572,1863
17573,1863
17574,1857
17575,1857
17576,1857
17577,1855
17578,1854
17579,1855
17580,1857
17581,1859
17582,1861
17583,1859
17584,1861
17585,1861
17586,1862
17587,1861
17588,1859
17589,1862
17590,1862
17591,1862
17592,1862
17593,1862
17594,1862
17595,1859
17596,1858
17597,1856
17598,1856
17599,1857
17600,1859
17601,1861
17602,1859
17603,1857
17604,1852
17605,1855
17606,1857
17607,1855
17608,1855
17609,1864
17610,1859
17611,1857
17612,1854
17613,1855
17614,1856
17615,1859
17616,1860
17617,1862
17618,1853
17619,1861
17620,1858
17621,1856
17622,1858
17623,1860
17624,1860
17625,1859
17626,1859
17627,1858
17628,1857
17629,1859
17630,1856
17631,1856
17632,1859
17633,1859
17634,1855
17635,1855
17636,1856
17637,1854
17638,1857
17639,1859
17640,1850
17641,1862
17642,1861
17643,1863
17644,1858
17645,1856
17646,1858
17647,1856
17648,1859
17649,1858
17650,1857
17651,1861
17652,1863
17653,1862
17654,1858
17655,1858
17656,1862
17657,1862
17658,1861
17659,1861
17660,1862
17661,1861
17662,1856
17663,1856
17664,1855
17665,1855
17666,1855
17667,1857
17668,1856
17669,1857
17670,1856
17671,1861
17672,1862
17673,1863
17674,1866
17675,1863
17676,1862
17677,1861
17678,1861
17679,1861
17680,1865
17681,1861
17682,1862
17683,1861
17684,1861
17685,1862
17686,1859
17687,1861
17688,1858
17689,1862
17690,1859
17691,1858
17692,1862
17693,1859
17694,1855
17695,1853
17696,1855
17697,1851
17698,1850
17699,1857
17700,1858
17701,1859
17702,1860
17703,1858
17704,1854
17705,1855
17706,1856
17707,1857
17708,1859
17709,1861
17710,1863
17711,1862
17712,1859
17713,1859
17714,1861
17715,1858
17716,1859
17717,1861
17718,1854
17719,1858
17720,1857
17721,1858
17722,1857
17723,1858
17724,1854
17725,1855
17726,1854
17727,1857
17728,1857
17729,1856
17730,1855
17731,1861
17732,1862
17733,1862
17734,1862
17735,1862
17736,1866
17737,1863
17738,1856
17739,1862
17740,1865
17741,1867
17742,1866
17743,1860
17744,1862
17745,1861
17746,1863
17747,1862
17748,1857
17749,1859
17750,1857
17751,1856
17752,1857
17753,1856
17754,1847
17755,1845
17756,1850
17757,1850
17758,1853
17759,1853
17760,1859
17761,1857
17762,1857
17763,1859
17764,1856
17765,1856
17766,1859
17767,1857
17768,1859
17769,1865
17770,1862
17771,1856
17772,1858
17773,1862
17774,1863
17775,1863
17776,1862
17777,1866
17778,1867
17779,1862
17780,1859
17781,1855
17782,1856
17783,1858
17784,1854
17785,1856
17786,1856
17787,1856
17788,1852
17789,1861
17790,1860
17791,1860
17792,1861
17793,1861
17794,1860
17795,1862
17796,1861
17797,1862
17798,1859
17799,1861
17800,1859
17801,1859
17802,1861
17803,1862
17804,1860
17805,1858
17806,1861
17807,1865
17808,1866
17809,1867
17810,1869
17811,1868
17812,1867
17813,1865
17814,1856
17815,1857
17816,1856
17817,1856
17818,1855
17819,1860
17820,1857
17821,1858
17822,1857
17823,1858
17824,1861
17825,1860
17826,1865
17827,1862
17828,1860
17829,1858
17830,1859
17831,1859
17832,1858
17833,1857
17834,1859
17835,1857
17836,1857
17837,1856
17838,1845
17839,1856
17840,1857
17841,1862
17842,1861
17843,1860
17844,1855
17845,1853
17846,1853
17847,1855
17848,1853
17849,1854
17850,1853
17851,1858
17852,1859
17853,1861
17854,1857
17855,1856
17856,1857
17857,1860
17858,1863
17859,1866
17860,1865
17861,1862
17862,1860
17863,1859
17864,1858
17865,1859
17866,1859
17867,1860
17868,1861
17869,1859
17870,1859
17871,1854
17872,1856
17873,1856
17874,1853
17875,1854
17876,1853
17877,1855
17878,1854
17879,1855
17880,1859
17881,1857
17882,1857
17883,1856
17884,1856
17885,1859
17886,1859
17887,1858
17888,1856
17889,1856
17890,1860
17891,1863
17892,1867
17893,1865
17894,1866
17895,1861
17896,1863
17897,1862
17898,1858
17899,1863
17900,1861
17901,1861
17902,1863
17903,1861
17904,1855
17905,1854
17906,1857
17907,1856
17908,1858
17909,1863
17910,1865
17911,1863
17912,1862
17913,1862
17914,1860
17915,1857
17916,1859
17917,1857
17918,1854
17919,1859
17920,1858
17921,1856
17922,1857
17923,1858
17924,1857
17925,1858
17926,1859
17927,1859
17928,1859
17929,1863
17930,1861
17931,1857
17932,1857
17933,1858
17934,1856
17935,1856
17936,1856
17937,1855
17938,1854
17939,1853
17940,1856
17941,1865
17942,1863
17943,1863
17944,1864
17945,1862
17946,1862
17947,1862
17948,1857
17949,1860
17950,1857
17951,1863
17952,1861
17953,1860
17954,1857
17955,1857
17956,1861
17957,1865
17958,1862
17959,1864
17960,1862
17961,1863
17962,1859
17963,1865
17964,1856
17965,1855
17966,1854
17967,1856
17968,1856
17969,1856
17970,1858
17971,1856
17972,1861
17973,1858
17974,1861
17975,1861
17976,1863
17977,1866
17978,1862
17979,1861
17980,1859
17981,1861
17982,1858
17983,1861
17984,1862
17985,1863
17986,1863
17987,1862
17988,1856
17989,1860
17990,1859
17991,1860
17992,1863
17993,1862
17994,1857
17995,1855
17996,1856
17997,1855
17998,1857
17999,1863
18000,1862
18001,1863
18002,1861
18003,1861
18004,1856
18005,1856
18006,1861
18007,1862
18008,1863
18009,1862
18010,1862
18011,1862
18012,1860
18013,1861
18014,1857
18015,400
18016,1424
18017,2399
18018,2711
18019,2751
18020,2655
18021,2493
18022,2277
18023,2140
18024,1958
18025,1792
18026,1507
18027,1076
18028,880
18029,1146
18030,1454
18031,1626
18032,1724
18033,1755
18034,1755
18035,1753
18036,1771
18037,1808
18038,1837
18039,1867
18040,1879
18041,1894
18042,1902
18043,1904
18044,1904
18045,1904
18046,638
18047,1405
18048,2397
18049,2719
18050,2798
18051,2737
18052,2586
18053,2341
18054,2075
18055,1840
18056,1577
18057,1023
18058,823
18059,1197
18060,1531
18061,1666
18062,1741
18063,1778
18064,1787
18065,1782
18066,1807
18067,1860
18068,1904
18069,1939
18070,1956
18071,1959
18072,1947
18073,1923
18074,1913
18075,1901
18076,1886
18077,1232
18078,1105
18079,2256
18080,2688
18081,2811
18082,2743
18083,2559
18084,2338
18085,1988
18086,1732
18087,1309
18088,852
18089,1055
18090,1488
18091,1685
18092,1730
18093,1767
18094,1794
18095,1798
18096,1813
18097,1855
18098,1884
18099,1903
18100,1909
18101,1911
18102,1913
18103,1918
18104,1918
18105,1918
18106,1919
18107,1911
18108,1518
18109,1034
18110,2272
18111,2795
18112,2869
18113,2729
18114,2511
18115,2213
18116,1826
18117,1521
18118,1051
18119,934
18120,1372
18121,1682
18122,1744
18123,1725
18124,1741
18125,1744
18126,1761
18127,1819
18128,1868
18129,1901
18130,1914
18131,1923
18132,1921
18133,1919
18134,1911
18135,1905
18136,1904
18137,1909
18138,1902
18139,2221
18140,816
18141,2227
18142,2802
18143,2878
18144,2678
18145,2434
18146,2037
18147,1690
18148,1406
18149,1002
18150,1155
18151,1592
18152,1779
18153,1789
18154,1744
18155,1738
18156,1728
18157,1776
18158,1831
18159,1871
18160,1936
18161,1968
18162,1961
18163,1934
18164,1901
18165,1871
18166,1850
18167,1835
18168,1861
18169,1904
18170,2786
18171,592
18172,2130
18173,2810
18174,2936
18175,2736
18176,2501
18177,1906
18178,1613
18179,1280
18180,912
18181,1280
18182,1680
18183,1799
18184,1778
18185,1745
18186,1712
18187,1727
18188,1789
18189,1839
18190,1879
18191,1904
18192,1918
18193,1947
18194,1954
18195,1942
18196,1919
18197,1890
18198,1872
18199,1856
18200,1856
18201,2407
18202,412
18203,2138
18204,3146
18205,3475
18206,2981
18207,2537
18208,1645
18209,1254
18210,832
18211,752
18212,1309
18213,1685
18214,1789
18215,1781
18216,1756
18217,1719
18218,1744
18219,1807
18220,1846
18221,1888
18222,1916
18223,1936
18224,1952
18225,1955
18226,1942
18227,1933
18228,1919
18229,1915
18230,1902
18231,1900
18232,2022
18233,227
18234,1987
18235,3130
18236,3741
18237,3184
18238,2672
18239,1712
18240,1147
18241,565
18242,652
18243,1264
18244,1640
18245,1765
18246,1779
18247,1751
18248,1735
18249,1783
18250,1840
18251,1883
18252,1910
18253,1930
18254,1939
18255,1946
18256,1949
18257,1943
18258,1936
18259,1931
18260,1922
18261,1915
18262,1901
18263,1895
18264,99
18265,1767
18266,2927
18267,3730
18268,3316
18269,2743
18270,1789
18271,1146
18272,582
18273,662
18274,1287
18275,1641
18276,1761
18277,1776
18278,1748
18279,1731
18280,1786
18281,1845
18282,1899
18283,1927
18284,1943
18285,1955
18286,1957
18287,1953
18288,1948
18289,1947
18290,1943
18291,1934
18292,1929
18293,1920
18294,1904
18295,186
18296,1613
18297,2736
18298,3604
18299,3344
18300,2806
18301,1920
18302,1201
18303,588
18304,651
18305,1277
18306,1627
18307,1759
18308,1787
18309,1781
18310,1766
18311,1792
18312,1846
18313,1898
18314,1923
18315,1947
18316,1966
18317,1968
18318,1954
18319,1937
18320,1914
18321,1892
18322,1900
18323,1904
18324,1902
18325,1887
18326,263
18327,1568
18328,2691
18329,3568
18330,3342
18331,2800
18332,1969
18333,1243
18334,597
18335,644
18336,1264
18337,1604
18338,1738
18339,1785
18340,1793
18341,1791
18342,1815
18343,1865
18344,1905
18345,1936
18346,1962
18347,1967
18348,1968
18349,1966
18350,1927
18351,1900
18352,1889
18353,1907
18354,1902
18355,1891
18356,1897
18357,642
18358,1349
18359,2535
18360,3491
18361,3398
18362,2864
18363,2106
18364,1319
18365,666
18366,579
18367,1201
18368,1599
18369,1744
18370,1777
18371,1776
18372,1782
18373,1813
18374,1859
18375,1909
18376,1936
18377,1942
18378,1940
18379,1937
18380,1942
18381,1938
18382,1935
18383,1931
18384,1917
18385,1910
18386,1904
18387,1903
18388,823
18389,1274
18390,2511
18391,3485
18392,3427
18393,2880
18394,2137
18395,1392
18396,688
18397,557
18398,1182
18399,1584
18400,1741
18401,1778
18402,1781
18403,1764
18404,1788
18405,1844
18406,1897
18407,1927
18408,1941
18409,1952
18410,1951
18411,1951
18412,1948
18413,1933
18414,1915
18415,1904
18416,1904
18417,1901
18418,1898
18419,1278
18420,1086
18421,2411
18422,3431
18423,3466
18424,2909
18425,2211
18426,1429
18427,706
18428,547
18429,1171
18430,1586
18431,1742
18432,1776
18433,1766
18434,1744
18435,1773
18436,1834
18437,1883
18438,1918
18439,1951
18440,1962
18441,1964
18442,1958
18443,1937
18444,1924
18445,1918
18446,1906
18447,1902
18448,1897
18449,1894
18450,2290
18451,762
18452,2259
18453,3361
18454,3520
18455,2971
18456,2295
18457,1493
18458,784
18459,511
18460,1121
18461,1559
18462,1725
18463,1776
18464,1772
18465,1738
18466,1753
18467,1818
18468,1878
18469,1924
18470,1945
18471,1949
18472,1942
18473,1947
18474,1945
18475,1936
18476,1931
18477,1919
18478,1904
18479,1897
18480,1895
18481,2676
18482,677
18483,2223
18484,3280
18485,3471
18486,2976
18487,2390
18488,1587
18489,827
18490,523
18491,1101
18492,1535
18493,1721
18494,1772
18495,1762
18496,1730
18497,1750
18498,1814
18499,1875
18500,1925
18501,1950
18502,1947
18503,1940
18504,1926
18505,1946
18506,1950
18507,1927
18508,1922
18509,1921
18510,1911
18511,1905
18512,2311
18513,355
18514,2021
18515,3087
18516,3504
18517,3051
18518,2482
18519,1734
18520,916
18521,463
18522,987
18523,1498
18524,1711
18525,1776
18526,1775
18527,1731
18528,1743
18529,1809
18530,1872
18531,1911
18532,1936
18533,1943
18534,1938
18535,1947
18536,1953
18537,1936
18538,1923
18539,1920
18540,1918
18541,1917
18542,1910
18543,1984
18544,188
18545,1926
18546,3035
18547,3552
18548,3106
18549,2510
18550,1775
18551,986
18552,469
18553,935
18554,1459
18555,1691
18556,1767
18557,1766
18558,1743
18559,1758
18560,1820
18561,1875
18562,1919
18563,1936
18564,1939
18565,1943
18566,1955
18567,1951
18568,1945
18569,1930
18570,1904
18571,1898
18572,1903
18573,1904
18574,1904
18575,96
18576,1809
18577,2919
18578,3574
18579,3168
18580,2581
18581,1886
18582,1047
18583,481
18584,884
18585,1433
18586,1681
18587,1759
18588,1759
18589,1724
18590,1744
18591,1809
18592,1878
18593,1924
18594,1939
18595,1946
18596,1949
18597,1939
18598,1934
18599,1929
18600,1927
18601,1925
18602,1921
18603,1916
18604,1907
18605,1904
18606,129
18607,1689
18608,2835
18609,3602
18610,3246
18611,2631
18612,1934
18613,1103
18614,498
18615,820
18616,1392
18617,1662
18618,1746
18619,1759
18620,1724
18621,1731
18622,1802
18623,1874
18624,1919
18625,1946
18626,1959
18627,1961
18628,1957
18629,1942
18630,1921
18631,1917
18632,1910
18633,1917
18634,1915
18635,1905
18636,1902
18637,1895
18638,1887
18639,1882
18640,1885
18641,1885
18642,1887
18643,1882
18644,1874
18645,1871
18646,1869
18647,1865
18648,1866
18649,1865
18650,1863
18651,1866
18652,1860
18653,1863
18654,1853
18655,1857
18656,1863
18657,1868
18658,1863
18659,1861
18660,1859
18661,1861
18662,1856
18663,1852
18664,1850
18665,1852
18666,1855
18667,1855
18668,1857
18669,1859
18670,1865
18671,1868
18672,1871
18673,1866
18674,1857
18675,1858
18676,1858
18677,1857
18678,1859
18679,1855
18680,1857
18681,1853
18682,1858
18683,1856
18684,1851
18685,1851
18686,1852
18687,1850
18688,1850
18689,1858
18690,1865
18691,1865
18692,1866
18693,1858
18694,1856
18695,1855
18696,1857
18697,1858
18698,1861
18699,1861
18700,1851
18701,1851
18702,1856
18703,1857
18704,1854
18705,1855
18706,1861
18707,1863
18708,1863
18709,1862
18710,1859
18711,1859
18712,1854
18713,1851
18714,1840
18715,1846
18716,1851
18717,1851
18718,1855
18719,1859
18720,1857
18721,1856
18722,1856
18723,1862
18724,1860
18725,1862
18726,1860
18727,1858
18728,1856
18729,1852
18730,1856
18731,1856
18732,1856
18733,1857
18734,1859
18735,1864
18736,1860
18737,1859
18738,1856
18739,1867
18740,1872
18741,1871
18742,1872
18743,1872
18744,1860
18745,1857
18746,1856
18747,1856
18748,1857
18749,1857
18750,1861
18751,1866
18752,1865
18753,1863
18754,1866
18755,1867
18756,1872
18757,1870
18758,1869
18759,1866
18760,1863
18761,1861
18762,1858
18763,1861
18764,1857
18765,1858
18766,1862
18767,1862
18768,1863
18769,1859
18770,1861
18771,1859
18772,1869
18773,1873
18774,1867
18775,1862
18776,1859
18777,1859
18778,1856
18779,1855
18780,1857
18781,1855
18782,1855
18783,1858
18784,1865
18785,1870
18786,1871
18787,1863
18788,1865
18789,1865
18790,1869
18791,1869
18792,1868
18793,1865
18794,1863
18795,1859
18796,1857
18797,1857
18798,1859
18799,1858
18800,1859
18801,1859
18802,1863
18803,1863
18804,1850
18805,1856
18806,1860
18807,1861
18808,1860
18809,1860
18810,1860
18811,1854
18812,1851
18813,1854
18814,1854
18815,1856
18816,1856
18817,1857
18818,1858
18819,1855
18820,1865
18821,1863
18822,1859
18823,1869
18824,1867
18825,1869
18826,1861
18827,1861
18828,1858
18829,1859
18830,1859
18831,1859
18832,1858
18833,1861
18834,1856
18835,1857
18836,1857
18837,1856
18838,1855
18839,1853
18840,1856
18841,1866
18842,1866
18843,1869
18844,1862
18845,1857
18846,1857
18847,1858
18848,1858
18849,1863
18850,1866
18851,1863
18852,1862
18853,1865
18854,1861
18855,1858
18856,1862
18857,1866
18858,1862
18859,1860
18860,1863
18861,1865
18862,1865
18863,1859
18864,1851
18865,1850
18866,1853
18867,1854
18868,1856
18869,1852
18870,1861
18871,1858
18872,1862
18873,1868
18874,1870
18875,1869
18876,1869
18877,1867
18878,1861
18879,1857
18880,1856
18881,1856
18882,1856
18883,1852
18884,1850
18885,1855
18886,1856
18887,1856
18888,1856
18889,1860
18890,1862
18891,1861
18892,1867
18893,1863
18894,1857
18895,1854
18896,1841
18897,1845
18898,1847
18899,1857
18900,1859
18901,1861
18902,1861
18903,1860
18904,1856
18905,1856
18906,1860
18907,1862
18908,1861
18909,1859
18910,1858
18911,1857
18912,1855
18913,1853
18914,1854
18915,1856
18916,1858
18917,1858
18918,1853
18919,1856
18920,1857
18921,1858
18922,1863
18923,1863
18924,1858
18925,1855
18926,1851
18927,1852
18928,1846
18929,1849
18930,1846
18931,1857
18932,1861
18933,1859
18934,1862
18935,1862
18936,1859
18937,1861
18938,1854
18939,1858
18940,1859
18941,1858
18942,1858
18943,1857
18944,1856
18945,1853
18946,1857
18947,1856
18948,1858
18949,1859
18950,1856
18951,1862
18952,1859
18953,1861
18954,1853
18955,1850
18956,1850
18957,1851
18958,1852
18959,1846
18960,1856
18961,1856
18962,1861
18963,1857
18964,1858
18965,1860
18966,1861
18967,1859
18968,1862
18969,1865
18970,1862
18971,1858
18972,1857
18973,1863
18974,1865
18975,1865
18976,1865
18977,1863
18978,1865
18979,1862
18980,1861
18981,1858
18982,1857
18983,1856
18984,1856
18985,1856
18986,1854
18987,1853
18988,1850
18989,1857
18990,1862
18991,1863
18992,1862
18993,1861
18994,1862
18995,1862
18996,1859
18997,1857
18998,1855
18999,1856
19000,1856
19001,1855
19002,1856
19003,1856
19004,1856
19005,1855
19006,1856
19007,1859
19008,1862
19009,1865
19010,1865
19011,1867
19012,1862
19013,1863
19014,1854
19015,1849
19016,1854
19017,1851
19018,1853
19019,1857
19020,1857
19021,1857
19022,1856
19023,1856
19024,1858
19025,1859
19026,1866
19027,1866
19028,1865
19029,1862
19030,1861
19031,1856
19032,1855
19033,1854
19034,1855
19035,1856
19036,1855
19037,1855
19038,1842
19039,1852
19040,1855
19041,1856
19042,1862
19043,1862
19044,1857
19045,1858
19046,1856
19047,1856
19048,1853
19049,1853
19050,1850
19051,1856
19052,1862
19053,1858
19054,1857
19055,1853
19056,1852
19057,1855
19058,1856
19059,1865
19060,1866
19061,1863
19062,1862
19063,1861
19064,1859
19065,1857
19066,1859
19067,1857
19068,1857
19069,1856
19070,1858
19071,1855
19072,1854
19073,1856
19074,1852
19075,1856
19076,1858
19077,1861
19078,1859
19079,1857
19080,1865
19081,1861
19082,1857
19083,1858
19084,1859
19085,1858
19086,1858
19087,1858
19088,1857
19089,1855
19090,1859
19091,1864
19092,1870
19093,1872
19094,1872
19095,1870
19096,1866
19097,1863
19098,1859
19099,1857
19100,1857
19101,1856
19102,1857
19103,1858
19104,1849
19105,1843
19106,1847
19107,1851
19108,1856
19109,1862
19110,1866
19111,1865
19112,1859
19113,1859
19114,1859
19115,1855
19116,1856
19117,1855
19118,1847
19119,1856
19120,1857
19121,1856
19122,1851
19123,1856
19124,1859
19125,1863
19126,1866
19127,1863
19128,1863
19129,1861
19130,1863
19131,1861
19132,1859
19133,1862
19134,1854
19135,1854
19136,1856
19137,1855
19138,1847
19139,1844
19140,1846
19141,1857
19142,1858
19143,1863
19144,1867
19145,1865
19146,1861
19147,1861
19148,1860
19149,1861
19150,1861
19151,1861
19152,1863
19153,1859
19154,1856
19155,1855
19156,1857
19157,1861
19158,1861
19159,1862
19160,1863
19161,1866
19162,1862
19163,1861
19164,1855
19165,1854
19166,1854
19167,1854
19168,1856
19169,1856
19170,1861
19171,1857
19172,1855
19173,1857
19174,1857
19175,1861
19176,1860
19177,1862
19178,1867
19179,1862
19180,1862
19181,1856
19182,1858
19183,1857
19184,1856
19185,1857
19186,1858
19187,1858
19188,1856
19189,1855
19190,1857
19191,1861
19192,1864
19193,1865
19194,1862
19195,1856
19196,1857
19197,1856
19198,1854
19199,1858
19200,1859
19201,1857
19202,1862
19203,1863
19204,1860
19205,1854
19206,1857
19207,1858
19208,1861
19209,1866
19210,1866
19211,1863
19212,1862
19213,1862
19214,1862
19215,1859
19216,1858
19217,1859
19218,1852
19219,1858
19220,1859
19221,1856
19222,1853
19223,1855
19224,1855
19225,1856
19226,1856
19227,1857
19228,1856
19229,1858
19230,1855
19231,1859
19232,1857
19233,1857
19234,1857
19235,1858
19236,1861
19237,1863
19238,1854
19239,1857
19240,1865
19241,1865
19242,1869
19243,1868
19244,1866
19245,1862
19246,1863
19247,1862
19248,1862
19249,1859
19250,1858
19251,1856
19252,1860
19253,1857
19254,1850
19255,1847
19256,1846
19257,1853
19258,1854
19259,1854
19260,1861
19261,1860
19262,1860
19263,1857
19264,1856
19265,1855
19266,1854
19267,1857
19268,1858
19269,1858
19270,1859
19271,1857
19272,1856
19273,1857
19274,1861
19275,1861
19276,1866
19277,1866
19278,1865
19279,1863
19280,1862
19281,1859
19282,1860
19283,1859
19284,1854
19285,1854
19286,1855
19287,1854
19288,1851
19289,1855
19290,1857
19291,1859
19292,1863
19293,1866
19294,1865
19295,1862
19296,1863
19297,1860
19298,1859
19299,1856
19300,1859
19301,1859
19302,1858
19303,1856
19304,1856
19305,1856
19306,1856
19307,1857
19308,1858
19309,1865
19310,1864
19311,1862
19312,1861
19313,1862
19314,1851
19315,1849
19316,1850
19317,1851
19318,1854
19319,1859
19320,1861
19321,1856
19322,1851
19323,1855
19324,1859
19325,1862
19326,1862
19327,1867
19328,1867
19329,1860
19330,1861
19331,1858
19332,1859
19333,1859
19334,1859
19335,1859
19336,1859
19337,1861
19338,1851
19339,1857
19340,1858
19341,1861
19342,1862
19343,1865
19344,1859
19345,1857
19346,1856
19347,1856
19348,1853
19349,1853
19350,1853
19351,1857
19352,1857
19353,1859
19354,1857
19355,1855
19356,1858
19357,1857
19358,1861
19359,1862
19360,1865
19361,1867
19362,1865
19363,1861
19364,1862
19365,1858
19366,1859
19367,1857
19368,1859
19369,1862
19370,1861
19371,1857
19372,1856
19373,1858
19374,1856
19375,1856
19376,1857
19377,1861
19378,1858
19379,1856
19380,1858
19381,1856
19382,1853
19383,1856
19384,1855
19385,1856
19386,1859
19387,1859
19388,1856
19389,1854
19390,1856
19391,1858
19392,1861
19393,1859
19394,1861
19395,1866
19396,1865
19397,1859
19398,1858
19399,1859
19400,1859
19401,1858
19402,1860
19403,1861
19404,1851
19405,1843
19406,1840
19407,1847
19408,1853
19409,1861
19410,1866
19411,1867
19412,1863
19413,1859
19414,1856
19415,1856
19416,1857
19417,1856
19418,1849
19419,1856
19420,1856
19421,1854
19422,1853
19423,1855
19424,1856
19425,1861
19426,1865
19427,1867
19428,1863
19429,1867
19430,1863
19431,1859
19432,1858
19433,1861
19434,1856
19435,1856
19436,1856
19437,1856
19438,1856
19439,1849
19440,1852
19441,1861
19442,1863
19443,1866
19444,1865
19445,1867
19446,1867
19447,1863
19448,1860
19449,1858
19450,1856
19451,1856
19452,1857
19453,1859
19454,1859
19455,1856
19456,1856
19457,1859
19458,1858
19459,1861
19460,1867
19461,1865
19462,1865
19463,1861
19464,1854
19465,1851
19466,1849
19467,1847
19468,1850
19469,1853
19470,1859
19471,1856
19472,1854
19473,1856
19474,1863
19475,1870
19476,1871
19477,1872
19478,1870
19479,1867
19480,1865
19481,1858
19482,1856
19483,1856
19484,1854
19485,1857
19486,1858
19487,1859
19488,1855
19489,1856
19490,1857
19491,1862
19492,1862
19493,1870
19494,1862
19495,1860
19496,1857
19497,1856
19498,1855
19499,1857
19500,1858
19501,1859
19502,1859
19503,1858
19504,1857
19505,1855
19506,1854
19507,1859
19508,1861
19509,1865
19510,1870
19511,1866
19512,1867
19513,1863
19514,1862
19515,1859
19516,1858
19517,1856
19518,1854
19519,1857
19520,1859
19521,1856
19522,1854
19523,1855
19524,1855
19525,1856
19526,1857
19527,1865
19528,1866
19529,1869
19530,1870
19531,1861
19532,1856
19533,1858
19534,1853
19535,1855
19536,1853
19537,1857
19538,1844
19539,1851
19540,1858
19541,1863
19542,1866
19543,1867
19544,1868
19545,1866
19546,1863
19547,1857
19548,1856
19549,1856
19550,1858
19551,1857
19552,1859
19553,1857
19554,1854
19555,1845
19556,1847
19557,1854
19558,1856
19559,1856
19560,1858
19561,1861
19562,1865
19563,1862
19564,1862
19565,1859
19566,1855
19567,1852
19568,1857
19569,1856
19570,1858
19571,1858
19572,1857
19573,1857
19574,1862
19575,1863
19576,1870
19577,1870
19578,1867
19579,1866
19580,1866
19581,1861
19582,1857
19583,1861
19584,1851
19585,1853
19586,1851
19587,1850
19588,1846
19589,1852
19590,1859
19591,1865
19592,1866
19593,1866
19594,1867
19595,1867
19596,1862
19597,1863
19598,1859
19599,1856
19600,1856
19601,1857
19602,1858
19603,1857
19604,1857
19605,1855
19606,1854
19607,1856
19608,1859
19609,1861
19610,1865
19611,1865
19612,1861
19613,1859
19614,1853
19615,1847
19616,1850
19617,1849
19618,1851
19619,1856
19620,1856
19621,1856
19622,1852
19623,1856
19624,1860
19625,1863
19626,1868
19627,1867
19628,1866
19629,1863
19630,1863
19631,1867
19632,113
19633,1839
19634,2554
19635,2739
19636,2727
19637,2623
19638,2448
19639,2240
19640,2075
19641,1874
19642,1669
19643,1249
19644,880
19645,987
19646,1350
19647,1582
19648,1698
19649,1743
19650,1747
19651,1762
19652,1775
19653,1793
19654,1828
19655,1857
19656,1874
19657,1892
19658,1903
19659,1905
19660,1905
19661,1901
19662,1895
19663,141
19664,1829
19665,2541
19666,2736
19667,2758
19668,2672
19669,2496
19670,2258
19671,1968
19672,1722
19673,1303
19674,822
19675,976
19676,1428
19677,1642
19678,1728
19679,1788
19680,1801
19681,1807
19682,1801
19683,1818
19684,1857
19685,1886
19686,1905
19687,1914
19688,1917
19689,1915
19690,1920
19691,1921
19692,1925
19693,1929
19694,237
19695,1636
19696,2484
19697,2758
19698,2741
19699,2621
19700,2448
19701,2183
19702,1877
19703,1606
19704,1081
19705,929
19706,1345
19707,1616
19708,1680
19709,1734
19710,1783
19711,1799
19712,1795
19713,1818
19714,1858
19715,1879
19716,1894
19717,1904
19718,1903
19719,1914
19720,1915
19721,1909
19722,1909
19723,1911
19724,1911
19725,315
19726,1561
19727,2497
19728,2786
19729,2706
19730,2545
19731,2384
19732,2027
19733,1765
19734,1392
19735,1003
19736,1247
19737,1618
19738,1759
19739,1743
19740,1756
19741,1779
19742,1779
19743,1777
19744,1815
19745,1856
19746,1877
19747,1898
19748,1904
19749,1908
19750,1909
19751,1909
19752,1915
19753,1911
19754,1906
19755,1905
19756,721
19757,1317
19758,2439
19759,2800
19760,2761
19761,2534
19762,2334
19763,1873
19764,1638
19765,1262
19766,1047
19767,1453
19768,1760
19769,1819
19770,1792
19771,1777
19772,1758
19773,1736
19774,1776
19775,1826
19776,1871
19777,1931
19778,1934
19779,1918
19780,1891
19781,1860
19782,1840
19783,1838
19784,1859
19785,1902
19786,1903
19787,911
19788,1210
19789,2405
19790,2873
19791,2845
19792,2638
19793,2213
19794,1671
19795,1505
19796,1040
19797,1200
19798,1651
19799,1834
19800,1843
19801,1811
19802,1772
19803,1721
19804,1723
19805,1789
19806,1843
19807,1878
19808,1898
19809,1901
19810,1913
19811,1934
19812,1931
19813,1919
19814,1905
19815,1886
19816,1884
19817,1897
19818,1296
19819,1053
19820,2512
19821,3311
19822,3183
19823,2739
19824,2128
19825,1458
19826,1041
19827,708
19828,1229
19829,1667
19830,1788
19831,1818
19832,1795
19833,1754
19834,1718
19835,1758
19836,1817
19837,1857
19838,1878
19839,1921
19840,1929
19841,1943
19842,1962
19843,1949
19844,1907
19845,1850
19846,1842
19847,1887
19848,1904
19849,2080
19850,825
19851,2405
19852,3364
19853,3333
19854,2864
19855,2198
19856,1500
19857,869
19858,603
19859,1215
19860,1652
19861,1791
19862,1810
19863,1787
19864,1744
19865,1722
19866,1777
19867,1836
19868,1879
19869,1915
19870,1933
19871,1939
19872,1939
19873,1930
19874,1938
19875,1953
19876,1939
19877,1915
19878,1886
19879,1890
19880,2737
19881,622
19882,2265
19883,3258
19884,3364
19885,2910
19886,2237
19887,1535
19888,912
19889,601
19890,1199
19891,1651
19892,1776
19893,1808
19894,1795
19895,1751
19896,1724
19897,1776
19898,1830
19899,1882
19900,1911
19901,1943
19902,1981
19903,1983
19904,1981
19905,1965
19906,1913
19907,1835
19908,1811
19909,1872
19910,1904
19911,2496
19912,423
19913,2114
19914,3114
19915,3408
19916,2958
19917,2306
19918,1648
19919,953
19920,602
19921,1168
19922,1616
19923,1769
19924,1808
19925,1802
19926,1778
19927,1755
19928,1787
19929,1840
19930,1890
19931,1927
19932,1940
19933,1950
19934,1942
19935,1922
19936,1903
19937,1916
19938,1909
19939,1907
19940,1910
19941,1911
19942,2096
19943,252
19944,1987
19945,3024
19946,3433
19947,2990
19948,2339
19949,1658
19950,1006
19951,603
19952,1121
19953,1591
19954,1742
19955,1798
19956,1795
19957,1786
19958,1770
19959,1807
19960,1851
19961,1892
19962,1925
19963,1952
19964,1958
19965,1945
19966,1936
19967,1920
19968,1897
19969,1891
19970,1905
19971,1894
19972,1889
19973,1895
19974,103
19975,1783
19976,2928
19977,3561
19978,3129
19979,2451
19980,1727
19981,1058
19982,534
19983,973
19984,1524
19985,1728
19986,1794
19987,1808
19988,1796
19989,1778
19990,1811
19991,1858
19992,1897
19993,1926
19994,1936
19995,1936
19996,1968
19997,1985
19998,1975
19999,1944
20000,1908
20001,1866
20002,1840
20003,1859
20004,1875
20005,119
20006,1712
20007,2875
20008,3568
20009,3155
20010,2480
20011,1765
20012,1099
20013,560
20014,968
20015,1535
20016,1739
20017,1805
20018,1803
20019,1786
20020,1747
20021,1778
20022,1840
20023,1890
20024,1930
20025,1957
20026,1966
20027,1952
20028,1933
20029,1913
20030,1906
20031,1914
20032,1919
20033,1906
20034,1887
20035,1886
20036,215
20037,1607
20038,2723
20039,3362
20040,3104
20041,2559
20042,1947
20043,1181
20044,590
20045,949
20046,1534
20047,1738
20048,1802
20049,1808
20050,1786
20051,1752
20052,1779
20053,1831
20054,1881
20055,1917
20056,1934
20057,1939
20058,1946
20059,1949
20060,1949
20061,1936
20062,1904
20063,1897
20064,1897
20065,1892
20066,1891
20067,601
20068,1342
20069,2559
20070,3345
20071,3152
20072,2630
20073,2047
20074,1315
20075,654
20076,873
20077,1486
20078,1728
20079,1803
20080,1809
20081,1786
20082,1745
20083,1757
20084,1812
20085,1872
20086,1927
20087,1954
20088,1924
20089,1904
20090,1961
20091,1938
20092,1946
20093,1966
20094,1936
20095,1892
20096,1858
20097,1871
20098,754
20099,1264
20100,2546
20101,3343
20102,3178
20103,2647
20104,2093
20105,1347
20106,667
20107,848
20108,1472
20109,1727
20110,1808
20111,1818
20112,1793
20113,1743
20114,1728
20115,1790
20116,1859
20117,1904
20118,1915
20119,1922
20120,1914
20121,1913
20122,1966
20123,1967
20124,1938
20125,1921
20126,1913
20127,1904
20128,1898
20129,1181
20130,1090
20131,2419
20132,3250
20133,3204
20134,2707
20135,2176
20136,1405
20137,689
20138,810
20139,1438
20140,1712
20141,1799
20142,1812
20143,1789
20144,1738
20145,1729
20146,1798
20147,1857
20148,1899
20149,1931
20150,1951
20151,1953
20152,1951
20153,1938
20154,1915
20155,1900
20156,1901
20157,1899
20158,1902
20159,1896
20160,1707
20161,912
20162,2329
20163,3214
20164,3238
20165,2751
20166,2224
20167,1487
20168,768
20169,751
20170,1383
20171,1693
20172,1786
20173,1807
20174,1789
20175,1750
20176,1747
20177,1797
20178,1850
20179,1888
20180,1913
20181,1927
20182,1936
20183,1937
20184,1936
20185,1935
20186,1920
20187,1923
20188,1917
20189,1909
20190,1889
20191,2751
20192,592
20193,2169
20194,3111
20195,3295
20196,2839
20197,2348
20198,1630
20199,833
20200,662
20201,1291
20202,1653
20203,1760
20204,1797
20205,1782
20206,1744
20207,1729
20208,1789
20209,1854
20210,1901
20211,1934
20212,1946
20213,1943
20214,1947
20215,1952
20216,1929
20217,1878
20218,1866
20219,1878
20220,1909
20221,1909
20222,2442
20223,395
20224,2083
20225,3088
20226,3342
20227,2894
20228,2359
20229,1680
20230,910
20231,655
20232,1249
20233,1638
20234,1762
20235,1803
20236,1781
20237,1742
20238,1715
20239,1779
20240,1850
20241,1888
20242,1915
20243,1931
20244,1950
20245,1929
20246,1926
20247,1929
20248,1919
20249,1910
20250,1908
20251,1907
20252,1904
20253,1902
20254,1895
20255,1887
20256,1886
20257,1887
20258,1886
20259,1882
20260,1877
20261,1875
20262,1874
20263,1873
20264,1859
20265,1846
20266,1853
20267,1856
20268,1859
20269,1859
20270,1863
20271,1858
20272,1856
20273,1859
20274,1859
20275,1856
20276,1857
20277,1856
20278,1855
20279,1855
20280,1856
20281,1861
20282,1850
20283,1849
20284,1853
20285,1858
20286,1862
20287,1860
20288,1856
20289,1861
20290,1867
20291,1867
20292,1866
20293,1862
20294,1859
20295,1857
20296,1855
20297,1855
20298,1855
20299,1855
20300,1857
20301,1859
20302,1866
20303,1867
20304,1855
20305,1840
20306,1849
20307,1858
20308,1859
20309,1861
20310,1862
20311,1858
20312,1855
20313,1851
20314,1851
20315,1852
20316,1855
20317,1855
20318,1850
20319,1856
20320,1856
20321,1854
20322,1856
20323,1861
20324,1862
20325,1863
20326,1861
20327,1858
20328,1856
20329,1853
20330,1855
20331,1855
20332,1855
20333,1855
20334,1854
20335,1856
20336,1856
20337,1857
20338,1855
20339,1856
20340,1859
20341,1870
20342,1867
20343,1867
20344,1862
20345,1857
20346,1856
20347,1855
20348,1855
20349,1853
20350,1859
20351,1857
20352,1861
20353,1865
20354,1865
20355,1863
20356,1865
20357,1871
20358,1869
20359,1867
20360,1866
20361,1863
20362,1858
20363,1859
20364,1856
20365,1851
20366,1849
20367,1850
20368,1858
20369,1866
20370,1861
20371,1863
20372,1862
20373,1869
20374,1870
20375,1870
20376,1869
20377,1865
20378,1861
20379,1861
20380,1861
20381,1856
20382,1861
20383,1861
20384,1862
20385,1864
20386,1864
20387,1861
20388,1859
20389,1862
20390,1869
20391,1872
20392,1871
20393,1866
20394,1857
20395,1855
20396,1853
20397,1856
20398,1855
20399,1858
20400,1857
20401,1858
20402,1861
20403,1866
20404,1866
20405,1863
20406,1867
20407,1870
20408,1869
20409,1867
20410,1863
20411,1861
20412,1859
20413,1856
20414,1855
20415,1856
20416,1859
20417,1863
20418,1857
20419,1861
20420,1861
20421,1856
20422,1858
20423,1866
20424,1863
20425,1863
20426,1862
20427,1857
20428,1856
20429,1856
20430,1855
20431,1861
20432,1857
20433,1857
20434,1858
20435,1857
20436,1859
20437,1862
20438,1855
20439,1862
20440,1867
20441,1867
20442,1867
20443,1866
20444,1863
20445,1862
20446,1857
20447,1855
20448,1854
20449,1855
20450,1856
20451,1856
20452,1861
20453,1865
20454,1859
20455,1857
20456,1847
20457,1850
20458,1856
20459,1856
20460,1863
20461,1865
20462,1859
20463,1855
20464,1856
20465,1854
20466,1854
20467,1856
20468,1856
20469,1860
20470,1859
20471,1860
20472,1857
20473,1861
20474,1867
20475,1871
20476,1869
20477,1866
20478,1863
20479,1858
20480,1858
20481,1857
20482,1856
20483,1861
20484,1855
20485,1856
20486,1856
20487,1856
20488,1854
20489,1853
20490,1856
20491,1858
20492,1863
20493,1867
20494,1870
20495,1867
20496,1866
20497,1867
20498,1862
20499,1858
20500,1857
20501,1857
20502,1859
20503,1859
20504,1859
20505,1856
20506,1859
20507,1861
20508,1863
20509,1861
20510,1862
20511,1862
20512,1859
20513,1861
20514,1856
20515,1855
20516,1853
20517,1853
20518,1856
20519,1861
20520,1865
20521,1862
20522,1861
20523,1862
20524,1861
20525,1862
20526,1863
20527,1863
20528,1861
20529,1859
20530,1860
20531,1860
20532,1861
20533,1862
20534,1863
20535,1865
20536,1865
20537,1861
20538,1856
20539,1857
20540,1859
20541,1857
20542,1858
20543,1856
20544,1853
20545,1851
20546,1854
20547,1851
20548,1853
20549,1853
20550,1851
20551,1856
20552,1858
20553,1860
20554,1859
20555,1855
20556,1856
20557,1857
20558,1858
20559,1859
20560,1858
20561,1859
20562,1861
20563,1861
20564,1861
20565,1865
20566,1858
20567,1859
20568,1859
20569,1859
20570,1865
20571,1858
20572,1856
20573,1855
20574,1852
20575,1856
20576,1856
20577,1858
20578,1860
20579,1856
20580,1862
20581,1859
20582,1857
20583,1859
20584,1857
20585,1859
20586,1857
20587,1857
20588,1855
20589,1854
20590,1856
20591,1856
20592,1861
20593,1861
20594,1861
20595,1865
20596,1865
20597,1866
20598,1867
20599,1865
20600,1863
20601,1863
20602,1861
20603,1857
20604,1846
20605,1840
20606,1841
20607,1853
20608,1858
20609,1863
20610,1870
20611,1872
20612,1872
20613,1857
20614,1855
20615,1855
20616,1856
20617,1857
20618,1853
20619,1858
20620,1856
20621,1857
20622,1855
20623,1853
20624,1856
20625,1857
20626,1861
20627,1866
20628,1862
20629,1862
20630,1865
20631,1859
20632,1859
20633,1859
20634,1856
20635,1854
20636,1856
20637,1855
20638,1854
20639,1851
20640,1853
20641,1861
20642,1865
20643,1863
20644,1863
20645,1862
20646,1862
20647,1861
20648,1860
20649,1859
20650,1862
20651,1857
20652,1859
20653,1858
20654,1863
20655,1859
20656,1856
20657,1859
20658,1863
20659,1861
20660,1868
20661,1863
20662,1861
20663,1861
20664,1855
20665,1853
20666,1851
20667,1853
20668,1854
20669,1855
20670,1851
20671,1856
20672,1856
20673,1855
20674,1856
20675,1856
20676,1859
20677,1862
20678,1863
20679,1862
20680,1858
20681,1861
20682,1857
20683,1857
20684,1856
20685,1858
20686,1857
20687,1860
20688,1856
20689,1854
20690,1855
20691,1857
20692,1857
20693,1859
20694,1856
20695,1855
20696,1854
20697,1854
20698,1851
20699,1855
20700,1856
20701,1856
20702,1857
20703,1855
20704,1857
20705,1855
20706,1853
20707,1856
20708,1857
20709,1861
20710,1863
20711,1863
20712,1863
20713,1858
20714,1860
20715,1859
20716,1859
20717,1860
20718,1851
20719,1858
20720,1859
20721,1857
20722,1857
20723,1856
20724,1856
20725,1855
20726,1856
20727,1856
20728,1859
20729,1856
20730,1855
20731,1861
20732,1859
20733,1859
20734,1861
20735,1859
20736,1859
20737,1859
20738,1851
20739,1856
20740,1856
20741,1857
20742,1859
20743,1862
20744,1863
20745,1865
20746,1863
20747,1861
20748,1859
20749,1858
20750,1859
20751,1861
20752,1859
20753,1859
20754,1853
20755,1850
20756,1850
20757,1853
20758,1855
20759,1855
20760,1862
20761,1863
20762,1861
20763,1862
20764,1862
20765,1861
20766,1857
20767,1858
20768,1857
20769,1859
20770,1859
20771,1857
20772,1856
20773,1855
20774,1859
20775,1859
20776,1861
20777,1863
20778,1863
20779,1861
20780,1861
20781,1859
20782,1856
20783,1855
20784,1847
20785,1853
20786,1853
20787,1856
20788,1854
20789,1856
20790,1858
20791,1861
20792,1863
20793,1863
20794,1863
20795,1863
20796,1861
20797,1859
20798,1857
20799,1856
20800,1857
20801,1858
20802,1857
20803,1857
20804,1859
20805,1856
20806,1855
20807,1856
20808,1859
20809,1861
20810,1865
20811,1863
20812,1862
20813,1863
20814,1859
20815,1855
20816,1855
20817,1854
20818,1857
20819,1862
20820,1860
20821,1859
20822,1856
20823,1856
20824,1858
20825,1859
20826,1863
20827,1863
20828,1863
20829,1861
20830,1859
20831,1858
20832,1858
20833,1859
20834,1857
20835,1858
20836,1858
20837,1857
20838,1853
20839,1856
20840,1857
20841,1861
20842,1862
20843,1863
20844,1859
20845,1860
20846,1855
20847,1853
20848,1854
20849,1853
20850,1843
20851,1857
20852,1857
20853,1858
20854,1857
20855,1856
20856,1855
20857,1856
20858,1862
20859,1862
20860,1863
20861,1866
20862,1862
20863,1866
20864,1862
20865,1860
20866,1857
20867,1859
20868,1858
20869,1860
20870,1857
20871,1857
20872,1856
20873,1855
20874,1851
20875,1852
20876,1857
20877,1858
20878,1856
20879,1855
20880,1862
20881,1859
20882,1859
20883,1857
20884,1857
20885,1858
20886,1863
20887,1861
20888,1859
20889,1856
20890,1856
20891,1859
20892,1866
20893,1862
20894,1865
20895,1863
20896,1863
20897,1858
20898,1860
20899,1859
20900,1859
20901,1857
20902,1861
20903,1861
20904,1856
20905,1851
20906,1853
20907,1854
20908,1857
20909,1861
20910,1863
20911,1862
20912,1863
20913,1861
20914,1858
20915,1856
20916,1856
20917,1857
20918,1850
20919,1858
20920,1857
20921,1856
20922,1853
20923,1855
20924,1857
20925,1856
20926,1862
20927,1861
20928,1862
20929,1859
20930,1859
20931,1857
20932,1856
20933,1857
20934,1854
20935,1855
20936,1853
20937,1855
20938,1853
20939,1850
20940,1850
20941,1858
20942,1863
20943,1863
20944,1862
20945,1863
20946,1862
20947,1859
20948,1858
20949,1857
20950,1859
20951,1859
20952,1860
20953,1859
20954,1859
20955,1857
20956,1856
20957,1859
20958,1860
20959,1863
20960,1865
20961,1867
20962,1863
20963,1862
20964,1855
20965,1850
20966,1851
20967,1851
20968,1856
20969,1855
20970,1858
20971,1858
20972,1856
20973,1854
20974,1857
20975,1859
20976,1859
20977,1861
20978,1861
20979,1859
20980,1859
20981,1860
20982,1858
20983,1858
20984,1857
20985,1860
20986,1858
20987,1861
20988,1856
20989,1857
20990,1858
20991,1859
20992,1859
20993,1867
20994,1859
20995,1857
20996,1857
20997,1856
20998,1858
20999,1858
21000,1858
21001,1857
21002,1858
21003,1862
21004,1859
21005,1857
21006,1856
21007,1858
21008,1858
21009,1862
21010,1862
21011,1862
21012,1862
21013,1861
21014,1863
21015,1858
21016,1856
21017,1858
21018,1853
21019,1860
21020,1862
21021,1859
21022,1858
21023,1857
21024,1856
21025,1853
21026,1857
21027,1856
21028,1856
21029,1857
21030,1855
21031,1858
21032,1857
21033,1859
21034,1859
21035,1858
21036,1857
21037,1858
21038,1850
21039,1856
21040,1855
21041,1856
21042,1859
21043,1859
21044,1867
21045,1866
21046,1861
21047,1861
21048,1859
21049,1859
21050,1862
21051,1862
21052,1861
21053,1860
21054,1855
21055,1855
21056,1850
21057,1851
21058,1855
21059,1854
21060,1861
21061,1865
21062,1868
21063,1861
21064,1861
21065,1857
21066,1856
21067,1858
21068,1857
21069,1857
21070,1857
21071,1859
21072,1855
21073,1853
21074,1856
21075,1857
21076,1856
21077,1855
21078,1854
21079,1854
21080,1857
21081,1863
21082,1867
21083,1870
21084,1868
21085,1873
21086,1862
21087,1841
21088,1836
21089,1847
21090,1857
21091,1864
21092,1868
21093,1860
21094,1862
21095,1867
21096,1870
21097,1870
21098,1866
21099,1872
21100,1869
21101,1861
21102,1863
21103,1860
21104,1847
21105,1840
21106,1853
21107,1868
21108,1872
21109,1870
21110,1851
21111,1847
21112,1853
21113,1856
21114,1858
21115,1848
21116,1847
21117,1849
21118,1850
21119,1859
21120,1857
21121,1857
21122,1856
21123,1856
21124,1858
21125,1857
21126,1863
21127,1862
21128,1863
21129,1861
21130,1861
21131,1863
21132,1860
21133,1858
21134,1857
21135,1861
21136,1862
21137,1861
21138,1850
21139,1855
21140,1853
21141,1856
21142,1856
21143,1859
21144,1856
21145,1855
21146,1855
21147,1856
21148,1856
21149,1853
21150,1853
21151,1856
21152,1858
21153,1860
21154,1858
21155,1857
21156,1854
21157,1856
21158,1858
21159,1859
21160,1865
21161,1867
21162,1865
21163,1860
21164,1862
21165,1857
21166,1856
21167,1856
21168,1859
21169,1862
21170,1859
21171,1860
21172,1856
21173,1855
21174,1855
21175,1855
21176,1856
21177,1857
21178,1858
21179,1856
21180,1863
21181,1860
21182,1859
21183,1859
21184,1859
21185,1858
21186,1859
21187,1857
21188,1856
21189,1854
21190,1855
21191,1857
21192,1859
21193,1861
21194,1862
21195,1861
21196,1859
21197,1859
21198,1857
21199,1859
21200,1858
21201,1857
21202,1859
21203,1865
21204,1859
21205,1854
21206,1854
21207,1855
21208,1856
21209,1857
21210,1860
21211,1863
21212,1863
21213,1862
21214,1860
21215,1859
21216,1855
21217,1859
21218,1853
21219,1857
21220,1858
21221,1856
21222,1858
21223,1856
21224,1860
21225,1860
21226,1862
21227,1862
21228,1865
21229,1859
21230,1858
21231,1863
21232,1861
21233,1862
21234,1856
21235,1855
21236,1857
21237,1856
21238,1856
21239,1853
21240,1853
21241,1860
21242,1861
21243,1867
21244,1862
21245,1866
21246,1862
21247,1859
21248,2128
21249,815
21250,2271
21251,2742
21252,2672
21253,2547
21254,2430
21255,2219
21256,2065
21257,1919
21258,1847
21259,1638
21260,1195
21261,1022
21262,1263
21263,1520
21264,1674
21265,1745
21266,1764
21267,1765
21268,1751
21269,1745
21270,1772
21271,1815
21272,1850
21273,1863
21274,1881
21275,1897
21276,1904
21277,1908
21278,1909
21279,2706
21280,548
21281,2151
21282,2711
21283,2764
21284,2651
21285,2515
21286,2307
21287,2064
21288,1858
21289,1677
21290,1200
21291,931
21292,1230
21293,1583
21294,1711
21295,1758
21296,1778
21297,1787
21298,1783
21299,1783
21300,1820
21301,1857
21302,1882
21303,1898
21304,1914
21305,1918
21306,1920
21307,1924
21308,1922
21309,1906
21310,2195
21311,339
21312,2010
21313,2681
21314,2725
21315,2583
21316,2422
21317,2268
21318,2001
21319,1807
21320,1531
21321,1102
21322,1149
21323,1524
21324,1714
21325,1749
21326,1777
21327,1792
21328,1792
21329,1776
21330,1808
21331,1854
21332,1873
21333,1894
21334,1905
21335,1910
21336,1915
21337,1912
21338,1904
21339,1903
21340,1899
21341,1923
21342,171
21343,1893
21344,2650
21345,2688
21346,2548
21347,2427
21348,2265
21349,1942
21350,1771
21351,1281
21352,1090
21353,1478
21354,1742
21355,1781
21356,1754
21357,1763
21358,1770
21359,1751
21360,1767
21361,1823
21362,1851
21363,1872
21364,1892
21365,1901
21366,1907
21367,1906
21368,1904
21369,1904
21370,1905
21371,1904
21372,1902
21373,112
21374,1809
21375,2624
21376,2741
21377,2555
21378,2419
21379,2071
21380,1783
21381,1650
21382,1197
21383,1351
21384,1713
21385,1840
21386,1834
21387,1808
21388,1761
21389,1719
21390,1721
21391,1778
21392,1827
21393,1866
21394,1889
21395,1888
21396,1894
21397,1893
21398,1904
21399,1907
21400,1909
21401,1901
21402,1902
21403,1899
21404,192
21405,1593
21406,2453
21407,2715
21408,2545
21409,2471
21410,2015
21411,1844
21412,1618
21413,1297
21414,1583
21415,1822
21416,1853
21417,1825
21418,1775
21419,1711
21420,1649
21421,1691
21422,1758
21423,1808
21424,1847
21425,1850
21426,1853
21427,1901
21428,1904
21429,1889
21430,1878
21431,1875
21432,1891
21433,1899
21434,1894
21435,383
21436,1520
21437,2730
21438,3070
21439,2717
21440,2438
21441,1891
21442,1632
21443,1215
21444,1123
21445,1614
21446,1850
21447,1852
21448,1808
21449,1744
21450,1658
21451,1637
21452,1712
21453,1783
21454,1840
21455,1867
21456,1872
21457,1886
21458,1895
21459,1942
21460,1947
21461,1916
21462,1882
21463,1875
21464,1884
21465,1886
21466,659
21467,1318
21468,2713
21469,3321
21470,2913
21471,2559
21472,1885
21473,1434
21474,901
21475,933
21476,1511
21477,1763
21478,1808
21479,1802
21480,1745
21481,1681
21482,1684
21483,1760
21484,1825
21485,1875
21486,1926
21487,1968
21488,1971
21489,1975
21490,1910
21491,1881
21492,1846
21493,1859
21494,1882
21495,1895
21496,1895
21497,839
21498,1250
21499,2630
21500,3365
21501,3068
21502,2672
21503,1995
21504,1407
21505,810
21506,802
21507,1435
21508,1755
21509,1823
21510,1819
21511,1771
21512,1712
21513,1721
21514,1792
21515,1849
21516,1916
21517,1965
21518,1963
21519,1947
21520,1916
21521,1884
21522,1881
21523,1912
21524,1922
21525,1918
21526,1914
21527,1907
21528,1264
21529,1086
21530,2474
21531,3389
21532,3264
21533,2763
21534,2041
21535,1392
21536,795
21537,727
21538,1342
21539,1683
21540,1777
21541,1809
21542,1788
21543,1745
21544,1749
21545,1806
21546,1856
21547,1888
21548,1913
21549,1926
21550,1930
21551,1941
21552,1940
21553,1933
21554,1930
21555,1919
21556,1904
21557,1904
21558,1905
21559,1844
21560,892
21561,2340
21562,3264
21563,3303
21564,2795
21565,2148
21566,1488
21567,848
21568,694
21569,1298
21570,1663
21571,1776
21572,1799
21573,1779
21574,1749
21575,1746
21576,1803
21577,1856
21578,1921
21579,1990
21580,2010
21581,1972
21582,1931
21583,1878
21584,1856
21585,1855
21586,1879
21587,1898
21588,1904
21589,1901
21590,2771
21591,590
21592,2174
21593,3131
21594,3371
21595,2877
21596,2283
21597,1646
21598,927
21599,601
21600,1202
21601,1630
21602,1759
21603,1802
21604,1792
21605,1776
21606,1765
21607,1808
21608,1858
21609,1900
21610,1918
21611,1933
21612,1936
21613,1954
21614,1948
21615,1923
21616,1907
21617,1917
21618,1913
21619,1920
21620,1901
21621,2384
21622,379
21623,2039
21624,3037
21625,3392
21626,2929
21627,2342
21628,1696
21629,973
21630,592
21631,1154
21632,1597
21633,1739
21634,1793
21635,1795
21636,1781
21637,1767
21638,1802
21639,1852
21640,1895
21641,1917
21642,1922
21643,1921
21644,1949
21645,1957
21646,1929
21647,1931
21648,1931
21649,1913
21650,1889
21651,1890
21652,2208
21653,311
21654,2000
21655,3022
21656,3398
21657,2928
21658,2353
21659,1729
21660,982
21661,612
21662,1165
21663,1603
21664,1744
21665,1787
21666,1776
21667,1750
21668,1733
21669,1787
21670,1850
21671,1893
21672,1936
21673,1991
21674,2014
21675,1964
21676,1959
21677,1965
21678,1878
21679,1808
21680,1826
21681,1881
21682,1903
21683,1934
21684,182
21685,1876
21686,2927
21687,3389
21688,2965
21689,2416
21690,1814
21691,1091
21692,642
21693,1133
21694,1604
21695,1753
21696,1796
21697,1779
21698,1741
21699,1714
21700,1763
21701,1829
21702,1881
21703,1915
21704,1933
21705,1940
21706,1946
21707,1954
21708,1955
21709,1938
21710,1911
21711,1899
21712,1903
21713,1901
21714,1888
21715,188
21716,1680
21717,2837
21718,3431
21719,3045
21720,2465
21721,1897
21722,1171
21723,626
21724,1032
21725,1557
21726,1737
21727,1792
21728,1786
21729,1744
21730,1703
21731,1744
21732,1819
21733,1872
21734,1904
21735,1953
21736,1968
21737,1950
21738,1923
21739,1906
21740,1920
21741,1925
21742,1920
21743,1913
21744,1904
21745,1897
21746,347
21747,1530
21748,2701
21749,3398
21750,3095
21751,2512
21752,2003
21753,1264
21754,647
21755,975
21756,1526
21757,1732
21758,1793
21759,1778
21760,1744
21761,1703
21762,1743
21763,1811
21764,1872
21765,1907
21766,1923
21767,1931
21768,1936
21769,1941
21770,1936
21771,1931
21772,1923
21773,1920
21774,1916
21775,1916
21776,1910
21777,428
21778,1475
21779,2653
21780,3360
21781,3103
21782,2518
21783,2062
21784,1295
21785,654
21786,944
21787,1504
21788,1705
21789,1776
21790,1785
21791,1756
21792,1723
21793,1765
21794,1831
21795,1882
21796,1915
21797,1937
21798,1939
21799,1942
21800,1936
21801,1931
21802,1917
21803,1899
21804,1895
21805,1905
21806,1903
21807,1904
21808,681
21809,1339
21810,2475
21811,3221
21812,3135
21813,2631
21814,2118
21815,1344
21816,712
21817,864
21818,1478
21819,1711
21820,1786
21821,1799
21822,1789
21823,1763
21824,1778
21825,1838
21826,1887
21827,1916
21828,1924
21829,1932
21830,1930
21831,1936
21832,1936
21833,1920
21834,1907
21835,1910
21836,1911
21837,1900
21838,1885
21839,1297
21840,1073
21841,2342
21842,3159
21843,3202
21844,2706
21845,2222
21846,1468
21847,784
21848,774
21849,1389
21850,1681
21851,1772
21852,1792
21853,1787
21854,1762
21855,1771
21856,1828
21857,1875
21858,1926
21859,1968
21860,1982
21861,1977
21862,1967
21863,1949
21864,1906
21865,1847
21866,1809
21867,1843
21868,1882
21869,1886
21870,1886
21871,1893
21872,1890
21873,1887
21874,1888
21875,1888
21876,1883
21877,1881
21878,1874
21879,1870
21880,1869
21881,1866
21882,1865
21883,1864
21884,1865
21885,1862
21886,1867
21887,1867
21888,1861
21889,1861
21890,1862
21891,1870
21892,1869
21893,1871
21894,1859
21895,1856
21896,1854
21897,1850
21898,1849
21899,1856
21900,1859
21901,1860
21902,1862
21903,1860
21904,1858
21905,1857
21906,1855
21907,1862
21908,1870
21909,1865
21910,1867
21911,1869
21912,1867
21913,1847
21914,1847
21915,1847
21916,1847
21917,1851
21918,1850
21919,1859
21920,1858
21921,1859
21922,1858
21923,1860
21924,1858
21925,1859
21926,1859
21927,1856
21928,1857
21929,1851
21930,1850
21931,1856
21932,1853
21933,1853
21934,1856
21935,1858
21936,1859
21937,1858
21938,1850
21939,1856
21940,1858
21941,1863
21942,1865
21943,1861
21944,1861
21945,1861
21946,1853
21947,1852
21948,1855
21949,1856
21950,1858
21951,1858
21952,1859
21953,1857
21954,1856
21955,1856
21956,1857
21957,1858
21958,1865
21959,1861
21960,1856
21961,1862
21962,1857
21963,1856
21964,1856
21965,1856
21966,1855
21967,1856
21968,1856
21969,1858
21970,1857
21971,1859
21972,1856
21973,1857
21974,1862
21975,1867
21976,1867
21977,1867
21978,1867
21979,1872
21980,1862
21981,1849
21982,1845
21983,1854
21984,1851
21985,1851
21986,1855
21987,1856
21988,1856
21989,1860
21990,1863
21991,1866
21992,1870
21993,1869
21994,1869
21995,1866
21996,1865
21997,1859
21998,1858
21999,1857
22000,1858
22001,1863
22002,1861
22003,1860
22004,1866
22005,1860
22006,1861
22007,1867
22008,1869
22009,1871
22010,1867
22011,1865
22012,1859
22013,1857
22014,1852
22015,1853
22016,1853
22017,1855
22018,1858
22019,1862
22020,1858
22021,1858
22022,1856
22023,1861
22024,1867
22025,1869
22026,1871
22027,1870
22028,1868
22029,1862
22030,1859
22031,1857
22032,1854
22033,1857
22034,1861
22035,1862
22036,1865
22037,1861
22038,1854
22039,1861
22040,1867
22041,1871
22042,1867
22043,1867
22044,1862
22045,1861
22046,1859
22047,1861
22048,1856
22049,1850
22050,1849
22051,1856
22052,1857
22053,1859
22054,1861
22055,1858
22056,1856
22057,1863
22058,1865
22059,1866
22060,1868
22061,1861
22062,1858
22063,1856
22064,1856
22065,1857
22066,1857
22067,1865
22068,1863
22069,1865
22070,1862
22071,1861
22072,1856
22073,1859
22074,1859
22075,1860
22076,1857
22077,1859
22078,1859
22079,1855
22080,1858
22081,1857
22082,1856
22083,1857
22084,1861
22085,1862
22086,1862
22087,1863
22088,1863
22089,1859
22090,1862
22091,1868
22092,1867
22093,1866
22094,1867
22095,1866
22096,1859
22097,1858
22098,1859
22099,1856
22100,1858
22101,1859
22102,1862
22103,1862
22104,1857
22105,1857
22106,1856
22107,1859
22108,1865
22109,1869
22110,1866
22111,1863
22112,1860
22113,1857
22114,1858
22115,1857
22116,1857
22117,1860
22118,1855
22119,1863
22120,1867
22121,1867
22122,1865
22123,1870
22124,1869
22125,1865
22126,1867
22127,1865
22128,1861
22129,1861
22130,1856
22131,1856
22132,1859
22133,1856
22134,1850
22135,1847
22136,1851
22137,1850
22138,1851
22139,1843
22140,1851
22141,1866
22142,1871
22143,1861
22144,1861
22145,1856
22146,1859
22147,1861
22148,1861
22149,1861
22150,1861
22151,1863
22152,1859
22153,1859
22154,1857
22155,1857
22156,1859
22157,1859
22158,1862
22159,1862
22160,1863
22161,1862
22162,1857
22163,1858
22164,1856
22165,1853
22166,1855
22167,1856
22168,1856
22169,1856
22170,1859
22171,1863
22172,1859
22173,1858
22174,1862
22175,1866
22176,1867
22177,1863
22178,1865
22179,1861
22180,1859
22181,1860
22182,1859
22183,1858
22184,1860
22185,1858
22186,1862
22187,1859
22188,1857
22189,1858
22190,1855
22191,1856
22192,1861
22193,1862
22194,1859
22195,1861
22196,1860
22197,1858
22198,1857
22199,1859
22200,1855
22201,1857
22202,1856
22203,1856
22204,1856
22205,1855
22206,1854
22207,1855
22208,1857
22209,1861
22210,1864
22211,1870
22212,1867
22213,1861
22214,1858
22215,1857
22216,1856
22217,1856
22218,1850
22219,1858
22220,1857
22221,1857
22222,1855
22223,1855
22224,1847
22225,1853
22226,1855
22227,1857
22228,1857
22229,1855
22230,1855
22231,1861
22232,1859
22233,1856
22234,1856
22235,1855
22236,1855
22237,1858
22238,1851
22239,1852
22240,1850
22241,1858
22242,1857
22243,1863
22244,1867
22245,1870
22246,1866
22247,1863
22248,1863
22249,1859
22250,1858
22251,1856
22252,1856
22253,1859
22254,1856
22255,1853
22256,1851
22257,1849
22258,1854
22259,1854
22260,1862
22261,1870
22262,1870
22263,1866
22264,1862
22265,1862
22266,1860
22267,1859
22268,1859
22269,1861
22270,1859
22271,1857
22272,1856
22273,1854
22274,1856
22275,1856
22276,1860
22277,1867
22278,1869
22279,1869
22280,1862
22281,1863
22282,1859
22283,1859
22284,1857
22285,1850
22286,1851
22287,1854
22288,1856
22289,1858
22290,1856
22291,1860
22292,1861
22293,1865
22294,1863
22295,1863
22296,1863
22297,1861
22298,1858
22299,1858
22300,1856
22301,1859
22302,1857
22303,1857
22304,1861
22305,1856
22306,1855
22307,1857
22308,1859
22309,1857
22310,1861
22311,1863
22312,1866
22313,1863
22314,1858
22315,1854
22316,1855
22317,1851
22318,1846
22319,1855
22320,1859
22321,1863
22322,1858
22323,1855
22324,1856
22325,1857
22326,1863
22327,1863
22328,1863
22329,1870
22330,1866
22331,1863
22332,1859
22333,1857
22334,1862
22335,1862
22336,1859
22337,1858
22338,1855
22339,1856
22340,1855
22341,1861
22342,1867
22343,1870
22344,1868
22345,1866
22346,1856
22347,1852
22348,1850
22349,1845
22350,1850
22351,1863
22352,1859
22353,1852
22354,1853
22355,1853
22356,1852
22357,1854
22358,1867
22359,1872
22360,1871
22361,1868
22362,1866
22363,1862
22364,1862
22365,1859
22366,1856
22367,1856
22368,1857
22369,1858
22370,1858
22371,1860
22372,1851
22373,1847
22374,1847
22375,1846
22376,1850
22377,1854
22378,1857
22379,1862
22380,1871
22381,1870
22382,1867
22383,1862
22384,1859
22385,1859
22386,1858
22387,1858
22388,1857
22389,1855
22390,1855
22391,1858
22392,1862
22393,1871
22394,1872
22395,1870
22396,1867
22397,1860
22398,1856
22399,1853
22400,1851
22401,1857
22402,1861
22403,1871
22404,1867
22405,1855
22406,1850
22407,1855
22408,1856
22409,1859
22410,1861
22411,1863
22412,1869
22413,1870
22414,1872
22415,1861
22416,1859
22417,1860
22418,1855
22419,1859
22420,1861
22421,1863
22422,1859
22423,1845
22424,1844
22425,1843
22426,1854
22427,1861
22428,1872
22429,1873
22430,1858
22431,1853
22432,1856
22433,1856
22434,1859
22435,1863
22436,1860
22437,1851
22438,1855
22439,1849
22440,1845
22441,1852
22442,1856
22443,1862
22444,1871
22445,1878
22446,1883
22447,1873
22448,1870
22449,1863
22450,1862
22451,1859
22452,1860
22453,1859
22454,1856
22455,1855
22456,1851
22457,1855
22458,1856
22459,1867
22460,1872
22461,1871
22462,1868
22463,1865
22464,1859
22465,1855
22466,1854
22467,1855
22468,1853
22469,1850
22470,1856
22471,1857
22472,1856
22473,1851
22474,1853
22475,1855
22476,1858
22477,1863
22478,1872
22479,1872
22480,1866
22481,1862
22482,1859
22483,1855
22484,1857
22485,1851
22486,1850
22487,1851
22488,1853
22489,1846
22490,1843
22491,1853
22492,1851
22493,1863
22494,1862
22495,1876
22496,1872
22497,1860
22498,1858
22499,1861
22500,1865
22501,1862
22502,1859
22503,1859
22504,1857
22505,1855
22506,1853
22507,1854
22508,1857
22509,1858
22510,1862
22511,1865
22512,1865
22513,1863
22514,1863
22515,1860
22516,1858
22517,1857
22518,1850
22519,1857
22520,1858
22521,1861
22522,1856
22523,1854
22524,1860
22525,1856
22526,1857
22527,1860
22528,1861
22529,1858
22530,1859
22531,1869
22532,1862
22533,1860
22534,1859
22535,1858
22536,1863
22537,1862
22538,1855
22539,1856
22540,1855
22541,1857
22542,1861
22543,1866
22544,1866
22545,1866
22546,1868
22547,1867
22548,1866
22549,1861
22550,1859
22551,1860
22552,1856
22553,1856
22554,1855
22555,1846
22556,1841
22557,1840
22558,1850
22559,1850
22560,1858
22561,1862
22562,1862
22563,1862
22564,1861
22565,1857
22566,1857
22567,1855
22568,1856
22569,1859
22570,1856
22571,1857
22572,1854
22573,1851
22574,1853
22575,1855
22576,1859
22577,1863
22578,1867
22579,1863
22580,1862
22581,1859
22582,1862
22583,1858
22584,1859
22585,1854
22586,1853
22587,1853
22588,1853
22589,1854
22590,1851
22591,1855
22592,1858
22593,1863
22594,1865
22595,1867
22596,1865
22597,1866
22598,1862
22599,1859
22600,1858
22601,1859
22602,1859
22603,1859
22604,1861
22605,1860
22606,1854
22607,1856
22608,1861
22609,1862
22610,1861
22611,1863
22612,1862
22613,1859
22614,1862
22615,1856
22616,1851
22617,1847
22618,1847
22619,1856
22620,1857
22621,1856
22622,1855
22623,1852
22624,1854
22625,1857
22626,1860
22627,1864
22628,1867
22629,1869
22630,1862
22631,1863
22632,1860
22633,1860
22634,1857
22635,1859
22636,1861
22637,1859
22638,1858
22639,1850
22640,1847
22641,1852
22642,1854
22643,1856
22644,1856
22645,1857
22646,1857
22647,1858
22648,1858
22649,1853
22650,1850
22651,1857
22652,1858
22653,1856
22654,1856
22655,1854
22656,1853
22657,1854
22658,1857
22659,1859
22660,1859
22661,1863
22662,1863
22663,1864
22664,1859
22665,1859
22666,1856
22667,1856
22668,1856
22669,1857
22670,1857
22671,1860
22672,1856
22673,1856
22674,1859
22675,1855
22676,1856
22677,1857
22678,1858
22679,1858
22680,1855
22681,1861
22682,1860
22683,1856
22684,1856
22685,1856
22686,1856
22687,1856
22688,1859
22689,1859
22690,1856
22691,1857
22692,1857
22693,1862
22694,1861
22695,1863
22696,1866
22697,1863
22698,1863
22699,1859
22700,1858
22701,1859
22702,1858
22703,1856
22704,1859
22705,1855
22706,1853
22707,1850
22708,1854
22709,1860
22710,1862
22711,1863
22712,1869
22713,1867
22714,1862
22715,1861
22716,1859
22717,1856
22718,1853
22719,1859
22720,1858
22721,1856
22722,1856
22723,1851
22724,1856
22725,1859
22726,1861
22727,1866
22728,1867
22729,1869
22730,1866
22731,1867
22732,1865
22733,1861
22734,1861
22735,1853
22736,1853
22737,1856
22738,1857
22739,1853
22740,1847
22741,1859
22742,1860
22743,1865
22744,1868
22745,1866
22746,1868
22747,1867
22748,1862
22749,1857
22750,1856
22751,1856
22752,1856
22753,1856
22754,1859
22755,1856
22756,1854
22757,1854
22758,1858
22759,1859
22760,1861
22761,1862
22762,1862
22763,1862
22764,1861
22765,1855
22766,1851
22767,1854
22768,1851
22769,1853
22770,1859
22771,1857
22772,1856
22773,1853
22774,1856
22775,1858
22776,1857
22777,1865
22778,1866
22779,1866
22780,1865
22781,1861
22782,1859
22783,1861
22784,1863
22785,1857
22786,1859
22787,1861
22788,1862
22789,1859
22790,1855
22791,1858
22792,1860
22793,1861
22794,1866
22795,1857
22796,1856
22797,1858
22798,1858
22799,1856
22800,1856
22801,1857
22802,1856
22803,1856
22804,1857
22805,1856
22806,1853
22807,1851
22808,1857
22809,1857
22810,1861
22811,1861
22812,1863
22813,1861
22814,1862
22815,1861
22816,1856
22817,1857
22818,1856
22819,1858
22820,1849
22821,1849
22822,1851
22823,1845
22824,1846
22825,1854
22826,1853
22827,1855
22828,1856
22829,1856
22830,1853
22831,1861
22832,1859
22833,1859
22834,1862
22835,1861
22836,1859
22837,1860
22838,1855
22839,1856
22840,1856
22841,1858
22842,1859
22843,1863
22844,1863
22845,1863
22846,1865
22847,1862
22848,1860
22849,1859
22850,1859
22851,1858
22852,1856
22853,1859
22854,1859
22855,1852
22856,1850
22857,1851
22858,1853
22859,1854
22860,1861
22861,1858
22862,1862
22863,1863
22864,1861
22865,498
22866,1415
22867,2219
22868,2401
22869,2401
22870,2384
22871,2352
22872,2258
22873,2169
22874,2069
22875,1988
22876,1823
22877,1487
22878,1218
22879,1278
22880,1456
22881,1637
22882,1735
22883,1762
22884,1763
22885,1759
22886,1759
22887,1782
22888,1818
22889,1846
22890,1858
22891,1872
22892,1882
22893,1885
22894,1887
22895,1895
22896,1145
22897,1193
22898,2250
22899,2510
22900,2495
22901,2431
22902,2364
22903,2270
22904,2139
22905,1984
22906,1840
22907,1477
22908,1200
22909,1257
22910,1499
22911,1690
22912,1774
22913,1796
22914,1797
22915,1780
22916,1786
22917,1819
22918,1849
22919,1872
22920,1892
22921,1902
22922,1904
22923,1904
22924,1904
22925,1905
22926,1905
22927,1392
22928,1106
22929,2279
22930,2631
22931,2555
22932,2413
22933,2295
22934,2193
22935,2006
22936,1863
22937,1677
22938,1331
22939,1182
22940,1421
22941,1683
22942,1765
22943,1799
22944,1808
22945,1788
22946,1786
22947,1815
22948,1847
22949,1863
22950,1876
22951,1898
22952,1903
22953,1906
22954,1904
22955,1905
22956,1905
22957,1903
22958,2431
22959,798
22960,2173
22961,2609
22962,2518
22963,2370
22964,2268
22965,2159
22966,1955
22967,1866
22968,1670
22969,1339
22970,1333
22971,1632
22972,1762
22973,1770
22974,1776
22975,1776
22976,1771
22977,1790
22978,1839
22979,1868
22980,1889
22981,1905
22982,1919
22983,1913
22984,1911
22985,1903
22986,1887
22987,1874
22988,1872
22989,2742
22990,575
22991,2103
22992,2642
22993,2528
22994,2347
22995,2235
22996,2116
22997,1920
22998,1862
22999,1621
23000,1297
23001,1437
23002,1686
23003,1787
23004,1795
23005,1783
23006,1761
23007,1755
23008,1792
23009,1829
23010,1861
23011,1883
23012,1897
23013,1902
23014,1901
23015,1901
23016,1899
23017,1902
23018,1893
23019,1900
23020,2547
23021,452
23022,2099
23023,2640
23024,2599
23025,2429
23026,2308
23027,2093
23028,1869
23029,1754
23030,1439
23031,1287
23032,1582
23033,1799
23034,1807
23035,1736
23036,1703
23037,1683
23038,1727
23039,1782
23040,1830
23041,1874
23042,1879
23043,1883
23044,1891
23045,1907
23046,1919
23047,1913
23048,1907
23049,1898
23050,1878
23051,2096
23052,278
23053,1966
23054,2610
23055,2641
23056,2483
23057,2411
23058,2006
23059,1809
23060,1746
23061,1296
23062,1301
23063,1667
23064,1841
23065,1791
23066,1713
23067,1680
23068,1664
23069,1723
23070,1799
23071,1873
23072,1902
23073,1902
23074,1903
23075,1893
23076,1883
23077,1877
23078,1887
23079,1898
23080,1898
23081,1899
23082,1904
23083,173
23084,1858
23085,2755
23086,3027
23087,2823
23088,2559
23089,1882
23090,1658
23091,1275
23092,872
23093,1178
23094,1616
23095,1790
23096,1805
23097,1766
23098,1712
23099,1722
23100,1786
23101,1841
23102,1885
23103,1909
23104,1919
23105,1926
23106,1936
23107,1943
23108,1946
23109,1938
23110,1930
23111,1916
23112,1906
23113,1895
23114,235
23115,1679
23116,2886
23117,3617
23118,3198
23119,2735
23120,1847
23121,1367
23122,848
23123,576
23124,1085
23125,1571
23126,1757
23127,1792
23128,1767
23129,1726
23130,1744
23131,1810
23132,1866
23133,1918
23134,1946
23135,1938
23136,1938
23137,1927
23138,1931
23139,1931
23140,1927
23141,1927
23142,1925
23143,1922
23144,1913
23145,400
23146,1555
23147,2853
23148,3763
23149,3367
23150,2831
23151,1872
23152,1309
23153,812
23154,554
23155,1061
23156,1520
23157,1708
23158,1763
23159,1749
23160,1723
23161,1764
23162,1826
23163,1878
23164,1913
23165,1936
23166,1935
23167,1940
23168,1943
23169,1946
23170,1947
23171,1950
23172,1951
23173,1931
23174,1904
23175,1904
23176,496
23177,1479
23178,2727
23179,3715
23180,3454
23181,2847
23182,1905
23183,1312
23184,784
23185,544
23186,1070
23187,1519
23188,1712
23189,1766
23190,1773
23191,1763
23192,1785
23193,1841
23194,1895
23195,1931
23196,1952
23197,1957
23198,1953
23199,1949
23200,1937
23201,1920
23202,1913
23203,1917
23204,1906
23205,1899
23206,1901
23207,974
23208,1230
23209,2496
23210,3523
23211,3517
23212,2960
23213,2107
23214,1424
23215,848
23216,497
23217,978
23218,1472
23219,1698
23220,1770
23221,1782
23222,1776
23223,1797
23224,1853
23225,1898
23226,1933
23227,1950
23228,1955
23229,1971
23230,1987
23231,1987
23232,1962
23233,1920
23234,1895
23235,1859
23236,1852
23237,1875
23238,1162
23239,1137
23240,2399
23241,3399
23242,3489
23243,2990
23244,2229
23245,1504
23246,879
23247,492
23248,976
23249,1473
23250,1684
23251,1759
23252,1776
23253,1772
23254,1793
23255,1841
23256,1887
23257,1931
23258,1966
23259,1969
23260,1968
23261,1956
23262,1936
23263,1915
23264,1915
23265,1920
23266,1919
23267,1907
23268,1904
23269,2021
23270,877
23271,2257
23272,3264
23273,3522
23274,3031
23275,2352
23276,1569
23277,928
23278,496
23279,933
23280,1441
23281,1668
23282,1753
23283,1775
23284,1770
23285,1782
23286,1837
23287,1887
23288,1930
23289,1954
23290,1963
23291,1970
23292,1985
23293,1987
23294,1971
23295,1942
23296,1905
23297,1872
23298,1856
23299,1869
23300,2709
23301,658
23302,2171
23303,3230
23304,3555
23305,3040
23306,2368
23307,1626
23308,1006
23309,527
23310,919
23311,1441
23312,1679
23313,1758
23314,1769
23315,1747
23316,1741
23317,1797
23318,1862
23319,1910
23320,1930
23321,1936
23322,1939
23323,1936
23324,1968
23325,1975
23326,1951
23327,1940
23328,1932
23329,1914
23330,1904
23331,2769
23332,570
23333,2128
23334,3216
23335,3601
23336,3036
23337,2400
23338,1667
23339,959
23340,446
23341,891
23342,1441
23343,1691
23344,1772
23345,1778
23346,1746
23347,1750
23348,1808
23349,1872
23350,1917
23351,1951
23352,1962
23353,1952
23354,1947
23355,1946
23356,1939
23357,1936
23358,1936
23359,1925
23360,1919
23361,1910
23362,2096
23363,277
23364,1951
23365,3071
23366,3620
23367,3119
23368,2495
23369,1759
23370,1040
23371,490
23372,842
23373,1402
23374,1669
23375,1762
23376,1766
23377,1739
23378,1743
23379,1803
23380,1866
23381,1906
23382,1922
23383,1938
23384,1938
23385,1963
23386,1970
23387,1953
23388,1946
23389,1938
23390,1929
23391,1910
23392,1904
23393,1983
23394,231
23395,1891
23396,2967
23397,3568
23398,3152
23399,2588
23400,1829
23401,1072
23402,477
23403,811
23404,1382
23405,1648
23406,1733
23407,1760
23408,1765
23409,1779
23410,1830
23411,1886
23412,1920
23413,1931
23414,1936
23415,1953
23416,1968
23417,1968
23418,1955
23419,1942
23420,1915
23421,1887
23422,1895
23423,1898
23424,1899
23425,149
23426,1783
23427,2889
23428,3621
23429,3221
23430,2619
23431,1858
23432,1099
23433,510
23434,752
23435,1338
23436,1635
23437,1735
23438,1762
23439,1757
23440,1775
23441,1830
23442,1883
23443,1918
23444,1937
23445,1947
23446,1949
23447,1943
23448,1943
23449,1937
23450,1934
23451,1929
23452,1920
23453,1918
23454,1905
23455,1904
23456,304
23457,1588
23458,2764
23459,3664
23460,3322
23461,2688
23462,2010
23463,1227
23464,560
23465,679
23466,1274
23467,1601
23468,1722
23469,1749
23470,1739
23471,1741
23472,1798
23473,1866
23474,1917
23475,1947
23476,1957
23477,1963
23478,1961
23479,1952
23480,1940
23481,1934
23482,1925
23483,1921
23484,1909
23485,1906
23486,1904
23487,1897
23488,1891
23489,1894
23490,1888
23491,1886
23492,1888
23493,1882
23494,1881
23495,1873
23496,1872
23497,1865
23498,1862
23499,1861
23500,1858
23501,1861
23502,1865
23503,1866
23504,1863
23505,1863
23506,1859
23507,1856
23508,1867
23509,1865
23510,1868
23511,1867
23512,1857
23513,1856
23514,1847
23515,1842
23516,1846
23517,1851
23518,1855
23519,1858
23520,1863
23521,1860
23522,1858
23523,1857
23524,1862
23525,1865
23526,1861
23527,1860
23528,1861
23529,1857
23530,1857
23531,1856
23532,1856
23533,1855
23534,1856
23535,1856
23536,1857
23537,1857
23538,1852
23539,1854
23540,1860
23541,1859
23542,1854
23543,1856
23544,1855
23545,1855
23546,1851
23547,1847
23548,1849
23549,1849
23550,1845
23551,1856
23552,1855
23553,1856
23554,1857
23555,1858
23556,1856
23557,1859
23558,1865
23559,1872
23560,1873
23561,1872
23562,1858
23563,1850
23564,1847
23565,1851
23566,1854
23567,1855
23568,1857
23569,1858
23570,1860
23571,1856
23572,1859
23573,1857
23574,1856
23575,1862
23576,1861
23577,1863
23578,1865
23579,1858
23580,1854
23581,1856
23582,1855
23583,1853
23584,1856
23585,1854
23586,1859
23587,1862
23588,1859
23589,1856
23590,1857
23591,1871
23592,1869
23593,1869
23594,1863
23595,1862
23596,1860
23597,1857
23598,1858
23599,1854
23600,1856
23601,1857
23602,1856
23603,1859
23604,1856
23605,1860
23606,1856
23607,1857
23608,1863
23609,1871
23610,1871
23611,1866
23612,1863
23613,1862
23614,1860
23615,1856
23616,1856
23617,1856
23618,1855
23619,1858
23620,1860
23621,1860
23622,1860
23623,1857
23624,1858
23625,1870
23626,1870
23627,1869
23628,1866
23629,1862
23630,1861
23631,1858
23632,1857
23633,1853
23634,1847
23635,1854
23636,1856
23637,1852
23638,1856
23639,1853
23640,1851
23641,1867
23642,1869
23643,1871
23644,1869
23645,1869
23646,1867
23647,1863
23648,1858
23649,1856
23650,1858
23651,1859
23652,1860
23653,1859
23654,1863
23655,1861
23656,1859
23657,1867
23658,1871
23659,1870
23660,1868
23661,1870
23662,1863
23663,1857
23664,1850
23665,1853
23666,1851
23667,1852
23668,1855
23669,1854
23670,1853
23671,1859
23672,1860
23673,1859
23674,1861
23675,1870
23676,1873
23677,1871
23678,1872
23679,1861
23680,1846
23681,1847
23682,1857
23683,1858
23684,1866
23685,1866
23686,1861
23687,1865
23688,1866
23689,1863
23690,1861
23691,1871
23692,1872
23693,1872
23694,1861
23695,1859
23696,1857
23697,1855
23698,1853
23699,1856
23700,1856
23701,1856
23702,1856
23703,1862
23704,1860
23705,1859
23706,1861
23707,1859
23708,1863
23709,1863
23710,1869
23711,1870
23712,1871
23713,1870
23714,1862
23715,1854
23716,1855
23717,1855
23718,1851
23719,1854
23720,1856
23721,1857
23722,1856
23723,1854
23724,1854
23725,1858
23726,1859
23727,1861
23728,1856
23729,1853
23730,1852
23731,1856
23732,1855
23733,1855
23734,1856
23735,1856
23736,1863
23737,1862
23738,1860
23739,1860
23740,1859
23741,1861
23742,1866
23743,1868
23744,1867
23745,1861
23746,1856
23747,1856
23748,1856
23749,1858
23750,1855
23751,1857
23752,1856
23753,1857
23754,1851
23755,1855
23756,1851
23757,1853
23758,1857
23759,1859
23760,1871
23761,1863
23762,1862
23763,1861
23764,1856
23765,1857
23766,1857
23767,1857
23768,1857
23769,1859
23770,1859
23771,1862
23772,1858
23773,1856
23774,1860
23775,1868
23776,1866
23777,1866
23778,1863
23779,1860
23780,1856
23781,1856
23782,1855
23783,1854
23784,1851
23785,1853
23786,1855
23787,1857
23788,1857
23789,1861
23790,1866
23791,1865
23792,1865
23793,1861
23794,1858
23795,1858
23796,1857
23797,1857
23798,1859
23799,1858
23800,1861
23801,1862
23802,1860
23803,1862
23804,1863
23805,1861
23806,1859
23807,1859
23808,1861
23809,1859
23810,1858
23811,1858
23812,1857
23813,1856
23814,1850
23815,1850
23816,1850
23817,1851
23818,1851
23819,1857
23820,1858
23821,1857
23822,1855
23823,1853
23824,1854
23825,1855
23826,1858
23827,1858
23828,1861
23829,1859
23830,1858
23831,1858
23832,1857
23833,1855
23834,1857
23835,1856
23836,1859
23837,1858
23838,1853
23839,1851
23840,1849
23841,1855
23842,1856
23843,1857
23844,1861
23845,1862
23846,1861
23847,1861
23848,1858
23849,1853
23850,1851
23851,1857
23852,1856
23853,1858
23854,1857
23855,1861
23856,1858
23857,1855
23858,1858
23859,1860
23860,1866
23861,1865
23862,1870
23863,1866
23864,1865
23865,1863
23866,1860
23867,1857
23868,1859
23869,1859
23870,1859
23871,1859
23872,1856
23873,1855
23874,1844
23875,1853
23876,1856
23877,1856
23878,1861
23879,1862
23880,1859
23881,1861
23882,1865
23883,1862
23884,1858
23885,1861
23886,1858
23887,1859
23888,1859
23889,1857
23890,1851
23891,1855
23892,1861
23893,1866
23894,1863
23895,1867
23896,1867
23897,1862
23898,1861
23899,1859
23900,1857
23901,1858
23902,1857
23903,1856
23904,1851
23905,1854
23906,1849
23907,1845
23908,1851
23909,1859
23910,1861
23911,1862
23912,1865
23913,1863
23914,1863
23915,1861
23916,1858
23917,1858
23918,1853
23919,1859
23920,1861
23921,1857
23922,1858
23923,1854
23924,1853
23925,1859
23926,1859
23927,1863
23928,1866
23929,1865
23930,1863
23931,1862
23932,1860
23933,1856
23934,1854
23935,1853
23936,1854
23937,1854
23938,1854
23939,1853
23940,1847
23941,1856
23942,1861
23943,1859
23944,1862
23945,1863
23946,1860
23947,1863
23948,1862
23949,1859
23950,1859
23951,1859
23952,1863
23953,1861
23954,1861
23955,1860
23956,1856
23957,1858
23958,1861
23959,1861
23960,1858
23961,1857
23962,1858
23963,1859
23964,1854
23965,1854
23966,1855
23967,1854
23968,1856
23969,1850
23970,1857
23971,1857
23972,1857
23973,1856
23974,1856
23975,1859
23976,1859
23977,1861
23978,1861
23979,1862
23980,1863
23981,1859
23982,1858
23983,1856
23984,1857
23985,1859
23986,1859
23987,1858
23988,1856
23989,1857
23990,1856
23991,1853
23992,1856
23993,1861
23994,1856
23995,1857
23996,1856
23997,1857
23998,1859
23999,1863
24000,1858
24001,1860
24002,1858
24003,1863
24004,1862
24005,1862
24006,1862
24007,1857
24008,1859
24009,1858
24010,1861
24011,1864
24012,1863
24013,1862
24014,1860
24015,1858
24016,1858
24017,1855
24018,1851
24019,1851
24020,1854
24021,1852
24022,1853
24023,1849
24024,1849
24025,1853
24026,1855
24027,1855
24028,1856
24029,1855
24030,1853
24031,1859
24032,1858
24033,1857
24034,1856
24035,1859
24036,1856
24037,1857
24038,1855
24039,1858
24040,1856
24041,1856
24042,1859
24043,1862
24044,1862
24045,1867
24046,1866
24047,1864
24048,1863
24049,1861
24050,1861
24051,1859
24052,1857
24053,1860
24054,1853
24055,1855
24056,1851
24057,1850
24058,1854
24059,1855
24060,1859
24061,1862
24062,1866
24063,1866
24064,1863
24065,1863
24066,1858
24067,1857
24068,1859
24069,1859
24070,1861
24071,1859
24072,1856
24073,1855
24074,1856
24075,1857
24076,1861
24077,1863
24078,1863
24079,1865
24080,1859
24081,1861
24082,1862
24083,1861
24084,1855
24085,1855
24086,1855
24087,1856
24088,1856
24089,1860
24090,1857
24091,1857
24092,1861
24093,1859
24094,1863
24095,1866
24096,1866
24097,1860
24098,1859
24099,1859
24100,1856
24101,1857
24102,1856
24103,1857
24104,1857
24105,1857
24106,1856
24107,1852
24108,1855
24109,1858
24110,1859
24111,1860
24112,1863
24113,1861
24114,1856
24115,1854
24116,1851
24117,1851
24118,1856
24119,1858
24120,1858
24121,1857
24122,1857
24123,1856
24124,1854
24125,1859
24126,1858
24127,1861
24128,1862
24129,1861
24130,1861
24131,1859
24132,1858
24133,1858
24134,1857
24135,1858
24136,1857
24137,1858
24138,1859
24139,1858
24140,1855
24141,1856
24142,1857
24143,1858
24144,1855
24145,1859
24146,1857
24147,1854
24148,1855
24149,1855
24150,1851
24151,1859
24152,1856
24153,1861
24154,1857
24155,1859
24156,1856
24157,1857
24158,1858
24159,1863
24160,1863
24161,1866
24162,1867
24163,1868
24164,1862
24165,1863
24166,1860
24167,1861
24168,1862
24169,1862
24170,1861
24171,1859
24172,1862
24173,1859
24174,1854
24175,1856
24176,1858
24177,1857
24178,1856
24179,1856
24180,1864
24181,1861
24182,1859
24183,1858
24184,1857
24185,1856
24186,1859
24187,1858
24188,1861
24189,1859
24190,1856
24191,1856
24192,1859
24193,1861
24194,1863
24195,1865
24196,1862
24197,1863
24198,1863
24199,1859
24200,1859
24201,1859
24202,1862
24203,1860
24204,1855
24205,1856
24206,1853
24207,1854
24208,1853
24209,1861
24210,1861
24211,1863
24212,1860
24213,1862
24214,1857
24215,1859
24216,1857
24217,1857
24218,1852
24219,1856
24220,1858
24221,1857
24222,1856
24223,1855
24224,1853
24225,1858
24226,1858
24227,1861
24228,1861
24229,1864
24230,1860
24231,1858
24232,1857
24233,1857
24234,1851
24235,1851
24236,1851
24237,1851
24238,1853
24239,1850
24240,1849
24241,1855
24242,1857
24243,1859
24244,1859
24245,1860
24246,1861
24247,1858
24248,1858
24249,1859
24250,1858
24251,1859
24252,1859
24253,1859
24254,1859
24255,1860
24256,1858
24257,1857
24258,1857
24259,1858
24260,1859
24261,1862
24262,1865
24263,1865
24264,1855
24265,1855
24266,1855
24267,1855
24268,1857
24269,1852
24270,1861
24271,1862
24272,1861
24273,1857
24274,1856
24275,1857
24276,1861
24277,1861
24278,1863
24279,1863
24280,1861
24281,1863
24282,1858
24283,1857
24284,1858
24285,1857
24286,1858
24287,1860
24288,1859
24289,1858
24290,1857
24291,1858
24292,1857
24293,1860
24294,1856
24295,1856
24296,1856
24297,1856
24298,1855
24299,1858
24300,1856
24301,1856
24302,1856
24303,1856
24304,1856
24305,1858
24306,1856
24307,1855
24308,1856
24309,1857
24310,1861
24311,1865
24312,1862
24313,1862
24314,1858
24315,1857
24316,1858
24317,1856
24318,1851
24319,1852
24320,1854
24321,1852
24322,1852
24323,1850
24324,1852
24325,1849
24326,1855
24327,1856
24328,1857
24329,1856
24330,1852
24331,1859
24332,1862
24333,1857
24334,1857
24335,1858
24336,1858
24337,1859
24338,1858
24339,1860
24340,1856
24341,1856
24342,1859
24343,1861
24344,1863
24345,1862
24346,1863
24347,1863
24348,1859
24349,1858
24350,1859
24351,1859
24352,1860
24353,1858
24354,1853
24355,1856
24356,1854
24357,1850
24358,1854
24359,1854
24360,1862
24361,1864
24362,1866
24363,1859
24364,1859
24365,1858
24366,1857
24367,1858
24368,1858
24369,1858
24370,1862
24371,1859
24372,1862
24373,1855
24374,1856
24375,1857
24376,1858
24377,1862
24378,1862
24379,1861
24380,1863
24381,1860
24382,1859
24383,1858
24384,1850
24385,1851
24386,1852
24387,1854
24388,1856
24389,1856
24390,1855
24391,1855
24392,1857
24393,1857
24394,1859
24395,1862
24396,1862
24397,1859
24398,1857
24399,1857
24400,1859
24401,1855
24402,1855
24403,1857
24404,1861
24405,1857
24406,1856
24407,1855
24408,1857
24409,1859
24410,1862
24411,1862
24412,1861
24413,1862
24414,1856
24415,1855
24416,1855
24417,1853
24418,1853
24419,1857
24420,1858
24421,1860
24422,1861
24423,1856
24424,1856
24425,1859
24426,1861
24427,1863
24428,1865
24429,1861
24430,1860
24431,1862
24432,1862
24433,1858
24434,1859
24435,1857
24436,1856
24437,1859
24438,1860
24439,1863
24440,1856
24441,1856
24442,1856
24443,1859
24444,1855
24445,1858
24446,1856
24447,1857
24448,1855
24449,1853
24450,1853
24451,1857
24452,1858
24453,1858
24454,1860
24455,1858
24456,1856
24457,1854
24458,1856
24459,1857
24460,1859
24461,1863
24462,1861
24463,1865
24464,1861
24465,1859
24466,1856
24467,1856
24468,1856
24469,1857
24470,1859
24471,1861
24472,1857
24473,1856
24474,1846
24475,1851
24476,1855
24477,1856
24478,1855
24479,1857
24480,1862
24481,1859
24482,112
24483,1743
24484,2377
24485,2485
24486,2474
24487,2446
24488,2368
24489,2233
24490,2116
24491,1989
24492,1920
24493,1701
24494,1325
24495,1150
24496,1302
24497,1497
24498,1665
24499,1742
24500,1751
24501,1749
24502,1745
24503,1770
24504,1807
24505,1849
24506,1862
24507,1871
24508,1874
24509,1881
24510,1879
24511,1872
24512,1871
24513,247
24514,1638
24515,2448
24516,2635
24517,2603
24518,2497
24519,2380
24520,2223
24521,2016
24522,1851
24523,1654
24524,1258
24525,1084
24526,1290
24527,1587
24528,1725
24529,1783
24530,1795
24531,1789
24532,1777
24533,1791
24534,1824
24535,1854
24536,1873
24537,1893
24538,1904
24539,1905
24540,1904
24541,1914
24542,1912
24543,1916
24544,436
24545,1531
24546,2455
24547,2691
24548,2629
24549,2489
24550,2352
24551,2202
24552,1968
24553,1807
24554,1514
24555,1139
24556,1150
24557,1472
24558,1649
24559,1726
24560,1776
24561,1794
24562,1787
24563,1809
24564,1849
24565,1872
24566,1882
24567,1888
24568,1891
24569,1893
24570,1902
24571,1904
24572,1904
24573,1903
24574,1901
24575,537
24576,1450
24577,2486
24578,2758
24579,2626
24580,2458
24581,2333
24582,2128
24583,1878
24584,1682
24585,1273
24586,1130
24587,1418
24588,1664
24589,1739
24590,1748
24591,1761
24592,1759
24593,1764
24594,1808
24595,1845
24596,1872
24597,1890
24598,1904
24599,1918
24600,1920
24601,1917
24602,1915
24603,1911
24604,1914
24605,1914
24606,833
24607,1290
24608,2410
24609,2647
24610,2546
24611,2384
24612,2291
24613,2054
24614,1856
24615,1668
24616,1299
24617,1290
24618,1617
24619,1788
24620,1792
24621,1759
24622,1733
24623,1707
24624,1744
24625,1803
24626,1845
24627,1883
24628,1909
24629,1915
24630,1915
24631,1911
24632,1891
24633,1881
24634,1883
24635,1883
24636,1895
24637,1270
24638,1001
24639,2285
24640,2631
24641,2559
24642,2399
24643,2324
24644,1989
24645,1846
24646,1675
24647,1247
24648,1370
24649,1697
24650,1808
24651,1762
24652,1702
24653,1665
24654,1680
24655,1747
24656,1799
24657,1839
24658,1870
24659,1885
24660,1903
24661,1911
24662,1911
24663,1910
24664,1915
24665,1915
24666,1895
24667,1885
24668,2206
24669,815
24670,2238
24671,2777
24672,2814
24673,2607
24674,2379
24675,1793
24676,1696
24677,1317
24678,999
24679,1351
24680,1703
24681,1815
24682,1806
24683,1744
24684,1687
24685,1723
24686,1793
24687,1846
24688,1895
24689,1922
24690,1937
24691,1952
24692,1963
24693,1948
24694,1932
24695,1916
24696,1889
24697,1859
24698,1855
24699,2755
24700,593
24701,2224
24702,3217
24703,3473
24704,2992
24705,2475
24706,1604
24707,1270
24708,738
24709,699
24710,1263
24711,1643
24712,1773
24713,1781
24714,1744
24715,1718
24716,1761
24717,1822
24718,1871
24719,1902
24720,1913
24721,1915
24722,1919
24723,1959
24724,1998
24725,1978
24726,1952
24727,1937
24728,1932
24729,1921
24730,2411
24731,431
24732,2111
24733,3205
24734,3671
24735,3158
24736,2512
24737,1601
24738,1162
24739,613
24740,679
24741,1258
24742,1621
24743,1761
24744,1778
24745,1749
24746,1725
24747,1775
24748,1837
24749,1882
24750,1920
24751,1946
24752,1939
24753,1936
24754,1938
24755,1941
24756,1930
24757,1921
24758,1922
24759,1922
24760,1917
24761,2235
24762,362
24763,2031
24764,3135
24765,3703
24766,3248
24767,2528
24768,1610
24769,1140
24770,608
24771,704
24772,1282
24773,1631
24774,1755
24775,1786
24776,1771
24777,1744
24778,1781
24779,1837
24780,1881
24781,1910
24782,1925
24783,1929
24784,1936
24785,1942
24786,1942
24787,1937
24788,1929
24789,1926
24790,1919
24791,1914
24792,1945
24793,220
24794,1895
24795,2945
24796,3577
24797,3242
24798,2612
24799,1742
24800,1219
24801,622
24802,690
24803,1291
24804,1641
24805,1763
24806,1786
24807,1763
24808,1744
24809,1779
24810,1841
24811,1891
24812,1930
24813,1954
24814,1958
24815,1932
24816,1920
24817,1930
24818,1927
24819,1920
24820,1924
24821,1915
24822,1913
24823,1906
24824,230
24825,1694
24826,2787
24827,3557
24828,3325
24829,2751
24830,1899
24831,1264
24832,638
24833,624
24834,1235
24835,1616
24836,1756
24837,1790
24838,1776
24839,1744
24840,1771
24841,1833
24842,1893
24843,1933
24844,1967
24845,1979
24846,1975
24847,1967
24848,1936
24849,1904
24850,1879
24851,1878
24852,1895
24853,1904
24854,1907
24855,372
24856,1571
24857,2755
24858,3662
24859,3376
24860,2758
24861,1908
24862,1260
24863,654
24864,606
24865,1229
24866,1607
24867,1747
24868,1782
24869,1762
24870,1738
24871,1767
24872,1825
24873,1877
24874,1915
24875,1945
24876,1956
24877,1951
24878,1943
24879,1942
24880,1941
24881,1936
24882,1930
24883,1915
24884,1906
24885,1906
24886,594
24887,1413
24888,2625
24889,3510
24890,3355
24891,2821
24892,2044
24893,1341
24894,691
24895,584
24896,1205
24897,1599
24898,1742
24899,1789
24900,1776
24901,1740
24902,1761
24903,1823
24904,1875
24905,1918
24906,1951
24907,1973
24908,1977
24909,1957
24910,1939
24911,1917
24912,1904
24913,1915
24914,1920
24915,1902
24916,1892
24917,835
24918,1274
24919,2519
24920,3470
24921,3361
24922,2835
24923,2139
24924,1369
24925,736
24926,581
24927,1180
24928,1590
24929,1744
24930,1786
24931,1773
24932,1729
24933,1748
24934,1815
24935,1872
24936,1921
24937,1960
24938,1957
24939,1955
24940,1968
24941,1940
24942,1918
24943,1923
24944,1925
24945,1907
24946,1903
24947,1902
24948,1309
24949,1088
24950,2415
24951,3387
24952,3391
24953,2882
24954,2181
24955,1457
24956,797
24957,557
24958,1146
24959,1576
24960,1746
24961,1793
24962,1780
24963,1741
24964,1747
24965,1811
24966,1870
24967,1904
24968,1930
24969,1952
24970,1955
24971,1948
24972,1947
24973,1936
24974,1935
24975,1933
24976,1929
24977,1919
24978,1907
24979,1907
24980,892
24981,2309
24982,3326
24983,3439
24984,2919
24985,2277
24986,1520
24987,843
24988,530
24989,1088
24990,1535
24991,1726
24992,1790
24993,1786
24994,1744
24995,1747
24996,1809
24997,1871
24998,1920
24999,1963
25000,1949
25001,1927
25002,1936
25003,1954
25004,1949
25005,1936
25006,1923
25007,1919
25008,1919
25009,1913
25010,2637
25011,694
25012,2191
25013,3222
25014,3470
25015,2995
25016,2366
25017,1535
25018,865
25019,489
25020,1023
25021,1518
25022,1720
25023,1780
25024,1776
25025,1747
25026,1748
25027,1808
25028,1872
25029,1908
25030,1927
25031,1936
25032,1962
25033,2006
25034,2006
25035,1973
25036,1941
25037,1901
25038,1859
25039,1859
25040,1860
25041,2603
25042,500
25043,2096
25044,3152
25045,3474
25046,3024
25047,2439
25048,1660
25049,943
25050,511
25051,974
25052,1477
25053,1706
25054,1781
25055,1783
25056,1744
25057,1738
25058,1803
25059,1872
25060,1920
25061,1955
25062,1968
25063,1970
25064,1959
25065,1942
25066,1906
25067,1899
25068,1920
25069,1926
25070,1921
25071,1906
25072,2191
25073,336
25074,1991
25075,3047
25076,3489
25077,3066
25078,2479
25079,1736
25080,1038
25081,511
25082,939
25083,1459
25084,1690
25085,1776
25086,1776
25087,1749
25088,1735
25089,1794
25090,1856
25091,1904
25092,1934
25093,1936
25094,1934
25095,1920
25096,1946
25097,1973
25098,1946
25099,1926
25100,1919
25101,1923
25102,1923
25103,1913
25104,1884
25105,1879
25106,1874
25107,1873
25108,1875
25109,1887
25110,1883
25111,1888
25112,1889
25113,1877
25114,1853
25115,1845
25116,1849
25117,1853
25118,1852
25119,1859
25120,1863
25121,1867
25122,1863
25123,1862
25124,1861
25125,1865
25126,1867
25127,1866
25128,1865
25129,1861
25130,1858
25131,1856
25132,1852
25133,1853
25134,1850
25135,1856
25136,1851
25137,1846
25138,1850
25139,1847
25140,1846
25141,1857
25142,1859
25143,1858
25144,1861
25145,1858
25146,1856
25147,1857
25148,1854
25149,1851
25150,1854
25151,1856
25152,1854
25153,1859
25154,1867
25155,1870
25156,1863
25157,1854
25158,1856
25159,1864
25160,1869
25161,1866
25162,1863
25163,1857
25164,1850
25165,1851
25166,1847
25167,1849
25168,1854
25169,1851
25170,1867
25171,1867
25172,1868
25173,1847
25174,1846
25175,1856
25176,1859
25177,1863
25178,1861
25179,1857
25180,1854
25181,1853
25182,1854
25183,1850
25184,1853
25185,1856
25186,1856
25187,1862
25188,1863
25189,1861
25190,1859
25191,1859
25192,1867
25193,1867
25194,1863
25195,1858
25196,1857
25197,1855
25198,1857
25199,1857
25200,1856
25201,1856
25202,1859
25203,1863
25204,1867
25205,1867
25206,1862
25207,1858
25208,1861
25209,1867
25210,1871
25211,1870
25212,1867
25213,1863
25214,1857
25215,1857
25216,1855
25217,1855
25218,1851
25219,1852
25220,1853
25221,1855
25222,1855
25223,1856
25224,1856
25225,1865
25226,1864
25227,1863
25228,1862
25229,1862
25230,1857
25231,1861
25232,1861
25233,1859
25234,1861
25235,1862
25236,1862
25237,1864
25238,1865
25239,1867
25240,1863
25241,1866
25242,1871
25243,1870
25244,1871
25245,1868
25246,1863
25247,1859
25248,1856
25249,1857
25250,1855
25251,1856
25252,1856
25253,1856
25254,1855
25255,1858
25256,1858
25257,1856
25258,1863
25259,1866
25260,1872
25261,1871
25262,1869
25263,1863
25264,1861
25265,1858
25266,1860
25267,1862
25268,1869
25269,1872
25270,1863
25271,1851
25272,1856
25273,1859
25274,1862
25275,1867
25276,1866
25277,1868
25278,1863
25279,1862
25280,1861
25281,1858
25282,1857
25283,1856
25284,1855
25285,1856
25286,1855
25287,1857
25288,1856
25289,1868
25290,1866
25291,1865
25292,1869
25293,1871
25294,1871
25295,1871
25296,1866
25297,1861
25298,1859
25299,1860
25300,1858
25301,1859
25302,1862
25303,1862
25304,1867
25305,1867
25306,1863
25307,1863
25308,1869
25309,1868
25310,1865
25311,1861
25312,1866
25313,1867
25314,1857
25315,1853
25316,1851
25317,1851
25318,1853
25319,1856
25320,1860
25321,1861
25322,1861
25323,1858
25324,1858
25325,1861
25326,1867
25327,1863
25328,1859
25329,1862
25330,1861
25331,1859
25332,1860
25333,1859
25334,1857
25335,1857
25336,1856
25337,1856
25338,1856
25339,1857
25340,1857
25341,1863
25342,1870
25343,1869
25344,1858
25345,1858
25346,1856
25347,1853
25348,1852
25349,1849
25350,1844
25351,1858
25352,1858
25353,1860
25354,1862
25355,1861
25356,1861
25357,1862
25358,1861
25359,1865
25360,1863
25361,1863
25362,1863
25363,1862
25364,1859
25365,1857
25366,1856
25367,1855
25368,1857
25369,1855
25370,1856
25371,1857
25372,1859
25373,1855
25374,1851
25375,1857
25376,1862
25377,1861
25378,1859
25379,1855
25380,1858
25381,1857
25382,1855
25383,1856
25384,1856
25385,1856
25386,1856
25387,1861
25388,1862
25389,1860
25390,1857
25391,1858
25392,1863
25393,1859
25394,1863
25395,1860
25396,1859
25397,1859
25398,1857
25399,1854
25400,1854
25401,1858
25402,1859
25403,1856
25404,1851
25405,1854
25406,1846
25407,1843
25408,1853
25409,1860
25410,1865
25411,1869
25412,1862
25413,1862
25414,1859
25415,1859
25416,1859
25417,1861
25418,1851
25419,1856
25420,1856
25421,1856
25422,1859
25423,1859
25424,1857
25425,1857
25426,1857
25427,1860
25428,1861
25429,1862
25430,1859
25431,1857
25432,1860
25433,1857
25434,1849
25435,1852
25436,1851
25437,1854
25438,1853
25439,1856
25440,1847
25441,1856
25442,1859
25443,1861
25444,1859
25445,1860
25446,1860
25447,1858
25448,1856
25449,1857
25450,1856
25451,1856
25452,1856
25453,1858
25454,1860
25455,1862
25456,1859
25457,1857
25458,1859
25459,1859
25460,1865
25461,1863
25462,1860
25463,1859
25464,1856
25465,1853
25466,1853
25467,1853
25468,1856
25469,1847
25470,1856
25471,1856
25472,1858
25473,1857
25474,1855
25475,1857
25476,1860
25477,1863
25478,1861
25479,1862
25480,1861
25481,1859
25482,1858
25483,1859
25484,1857
25485,1857
25486,1859
25487,1862
25488,1857
25489,1860
25490,1857
25491,1856
25492,1859
25493,1863
25494,1855
25495,1855
25496,1854
25497,1852
25498,1855
25499,1857
25500,1856
25501,1856
25502,1856
25503,1857
25504,1858
25505,1858
25506,1859
25507,1856
25508,1855
25509,1859
25510,1859
25511,1860
25512,1857
25513,1855
25514,1855
25515,1856
25516,1856
25517,1856
25518,1855
25519,1850
25520,1850
25521,1853
25522,1853
25523,1854
25524,1855
25525,1854
25526,1856
25527,1857
25528,1856
25529,1855
25530,1847
25531,1857
25532,1858
25533,1861
25534,1859
25535,1863
25536,1859
25537,1861
25538,1861
25539,1861
25540,1861
25541,1863
25542,1866
25543,1864
25544,1857
25545,1855
25546,1849
25547,1851
25548,1850
25549,1854
25550,1857
25551,1859
25552,1861
25553,1863
25554,1860
25555,1859
25556,1856
25557,1856
25558,1859
25559,1858
25560,1858
25561,1856
25562,1856
25563,1855
25564,1854
25565,1856
25566,1856
25567,1857
25568,1861
25569,1862
25570,1865
25571,1862
25572,1860
25573,1859
25574,1859
25575,1865
25576,1861
25577,1858
25578,1854
25579,1853
25580,1852
25581,1853
25582,1854
25583,1853
25584,1849
25585,1856
25586,1854
25587,1856
25588,1856
25589,1869
25590,1863
25591,1866
25592,1865
25593,1859
25594,1859
25595,1856
25596,1856
25597,1855
25598,1855
25599,1857
25600,1860
25601,1861
25602,1861
25603,1861
25604,1862
25605,1862
25606,1858
25607,1859
25608,1862
25609,1861
25610,1857
25611,1855
25612,1856
25613,1853
25614,1846
25615,1846
25616,1850
25617,1854
25618,1856
25619,1863
25620,1863
25621,1859
25622,1861
25623,1862
25624,1861
25625,1863
25626,1863
25627,1861
25628,1859
25629,1856
25630,1855
25631,1856
25632,1857
25633,1859
25634,1859
25635,1866
25636,1862
25637,1863
25638,1862
25639,1856
25640,1856
25641,1857
25642,1860
25643,1855
25644,1855
25645,1856
25646,1851
25647,1849
25648,1851
25649,1849
25650,1847
25651,1858
25652,1863
25653,1865
25654,1863
25655,1862
25656,1866
25657,1861
25658,1862
25659,1862
25660,1858
25661,1857
25662,1856
25663,1854
25664,1855
25665,1853
25666,1856
25667,1856
25668,1859
25669,1862
25670,1861
25671,1862
25672,1860
25673,1858
25674,1859
25675,1857
25676,1856
25677,1856
25678,1851
25679,1849
25680,1847
25681,1856
25682,1857
25683,1858
25684,1861
25685,1863
25686,1865
25687,1861
25688,1863
25689,1866
25690,1863
25691,1865
25692,1863
25693,1858
25694,1858
25695,1855
25696,1853
25697,1853
25698,1855
25699,1855
25700,1859
25701,1861
25702,1862
25703,1861
25704,1855
25705,1856
25706,1855
25707,1856
25708,1855
25709,1862
25710,1859
25711,1857
25712,1855
25713,1853
25714,1854
25715,1856
25716,1856
25717,1856
25718,1856
25719,1863
25720,1865
25721,1861
25722,1862
25723,1859
25724,1866
25725,1862
25726,1862
25727,1858
25728,1857
25729,1855
25730,1855
25731,1857
25732,1858
25733,1857
25734,1853
25735,1856
25736,1856
25737,1858
25738,1856
25739,1856
25740,1855
25741,1863
25742,1864
25743,1858
25744,1857
25745,1856
25746,1853
25747,1853
25748,1853
25749,1854
25750,1856
25751,1860
25752,1859
25753,1859
25754,1860
25755,1861
25756,1859
25757,1864
25758,1861
25759,1863
25760,1859
25761,1858
25762,1855
25763,1853
25764,1846
25765,1847
25766,1849
25767,1854
25768,1856
25769,1856
25770,1861
25771,1863
25772,1863
25773,1859
25774,1861
25775,1863
25776,1862
25777,1862
25778,1856
25779,1855
25780,1854
25781,1856
25782,1854
25783,1857
25784,1862
25785,1863
25786,1863
25787,1861
25788,1863
25789,1865
25790,1865
25791,1866
25792,1865
25793,1858
25794,1851
25795,1847
25796,1845
25797,1846
25798,1844
25799,1856
25800,1857
25801,1860
25802,1859
25803,1859
25804,1857
25805,1857
25806,1858
25807,1860
25808,1861
25809,1862
25810,1858
25811,1854
25812,1852
25813,1851
25814,1854
25815,1853
25816,1851
25817,1856
25818,1859
25819,1855
25820,1855
25821,1856
25822,1856
25823,1854
25824,1856
25825,1856
25826,1855
25827,1854
25828,1851
25829,1853
25830,1845
25831,1855
25832,1857
25833,1857
25834,1861
25835,1862
25836,1859
25837,1863
25838,1856
25839,1861
25840,1861
25841,1861
25842,1866
25843,1858
25844,1859
25845,1857
25846,1855
25847,1853
25848,1855
25849,1856
25850,1857
25851,1859
25852,1863
25853,1863
25854,1857
25855,1854
25856,1854
25857,1857
25858,1856
25859,1857
25860,1859
25861,1858
25862,1856
25863,1855
25864,1855
25865,1856
25866,1855
25867,1859
25868,1861
25869,1865
25870,1865
25871,1863
25872,1865
25873,1863
25874,1863
25875,1865
25876,1861
25877,1856
25878,1857
25879,1853
25880,1853
25881,1853
25882,1853
25883,1855
25884,1853
25885,1854
25886,1856
25887,1856
25888,1856
25889,1863
25890,1860
25891,1859
25892,1863
25893,1858
25894,1857
25895,1855
25896,1856
25897,1853
25898,1856
25899,1856
25900,1856
25901,1860
25902,1861
25903,1862
25904,1862
25905,1863
25906,1863
25907,1862
25908,1866
25909,1865
25910,1858
25911,1859
25912,1855
25913,1856
25914,1846
25915,1850
25916,1851
25917,1854
25918,1856
25919,1863
25920,1862
25921,1865
25922,1861
25923,1861
25924,1862
25925,1862
25926,1865
25927,1863
25928,1856
25929,1856
25930,1856
25931,1855
25932,1858
25933,1859
25934,1859
25935,1865
25936,1863
25937,1866
25938,1865
25939,1861
25940,1863
25941,1867
25942,1869
25943,1864
25944,1855
25945,1856
25946,1849
25947,1847
25948,1851
25949,1849
25950,1853
25951,1858
25952,1862
25953,1862
25954,1861
25955,1861
25956,1861
25957,1859
25958,1861
25959,1863
25960,1857
25961,1858
25962,1855
25963,1854
25964,1855
25965,1855
25966,1857
25967,1858
25968,1862
25969,1863
25970,1865
25971,1861
25972,1861
25973,1861
25974,1856
25975,1856
25976,1855
25977,1855
25978,1855
25979,1846
25980,1852
25981,1852
25982,1855
25983,1856
25984,1859
25985,1860
25986,1862
25987,1863
25988,1861
25989,1859
25990,1859
25991,1862
25992,1863
25993,1858
25994,1859
25995,1856
25996,1855
25997,1853
25998,1854
25999,1856
26000,1856
26001,1858
26002,1861
26003,1862
26004,1857
26005,1857
26006,1853
26007,1854
26008,1856
26009,1863
26010,1860
26011,1857
26012,1855
26013,1851
26014,1851
26015,1855
26016,1857
26017,1856
26018,1855
26019,1861
26020,1861
26021,1865
26022,1862
26023,1861
26024,1862
26025,1866
26026,1861
26027,1858
26028,1856
26029,1853
26030,1854
26031,1855
26032,1855
26033,1855
26034,1854
26035,1857
26036,1856
26037,1856
26038,1859
26039,1856
26040,1856
26041,1864
26042,1865
26043,1862
26044,1859
26045,1858
26046,1856
26047,1856
26048,1853
26049,1858
26050,1857
26051,1862
26052,1860
26053,1862
26054,1867
26055,1862
26056,1863
26057,1861
26058,1867
26059,1865
26060,1861
26061,1858
26062,1856
26063,1854
26064,1842
26065,1851
26066,1851
26067,1853
26068,1855
26069,1856
26070,1864
26071,1862
26072,1864
26073,1861
26074,1860
26075,1862
26076,1862
26077,1861
26078,1858
26079,1856
26080,1856
26081,1856
26082,1857
26083,1856
26084,1859
26085,1861
26086,1862
26087,1862
26088,1860
26089,1863
26090,1858
26091,1861
26092,1863
26093,1861
26094,1851
26095,1854
26096,1849
26097,1846
26098,2555
26099,727
26100,2115
26101,2519
26102,2537
26103,2487
26104,2440
26105,2305
26106,2173
26107,2043
26108,1974
26109,1792
26110,1334
26111,1050
26112,1200
26113,1453
26114,1643
26115,1729
26116,1755
26117,1762
26118,1766
26119,1759
26120,1773
26121,1808
26122,1840
26123,1857
26124,1872
26125,1886
26126,1893
26127,1898
26128,1898
26129,2694
26130,576
26131,2089
26132,2591
26133,2654
26134,2559
26135,2467
26136,2299
26137,2111
26138,1923
26139,1765
26140,1351
26141,1058
26142,1197
26143,1522
26144,1717
26145,1776
26146,1795
26147,1793
26148,1802
26149,1802
26150,1812
26151,1845
26152,1866
26153,1877
26154,1887
26155,1894
26156,1899
26157,1903
26158,1911
26159,1905
26160,2208
26161,387
26162,2001
26163,2672
26164,2705
26165,2559
26166,2418
26167,2294
26168,2103
26169,1906
26170,1679
26171,1135
26172,1006
26173,1395
26174,1648
26175,1717
26176,1760
26177,1785
26178,1788
26179,1781
26180,1794
26181,1831
26182,1861
26183,1886
26184,1898
26185,1913
26186,1918
26187,1908
26188,1905
26189,1912
26190,1913
26191,1907
26192,206
26193,1838
26194,2687
26195,2735
26196,2559
26197,2420
26198,2261
26199,1956
26200,1756
26201,1403
26202,1071
26203,1296
26204,1648
26205,1765
26206,1759
26207,1763
26208,1769
26209,1770
26210,1770
26211,1809
26212,1867
26213,1887
26214,1890
26215,1899
26216,1914
26217,1920
26218,1921
26219,1909
26220,1879
26221,1864
26222,1886
26223,243
26224,1702
26225,2675
26226,2768
26227,2555
26228,2370
26229,2150
26230,1786
26231,1721
26232,1337
26233,1204
26234,1532
26235,1765
26236,1808
26237,1803
26238,1778
26239,1761
26240,1735
26241,1744
26242,1794
26243,1835
26244,1869
26245,1890
26246,1906
26247,1909
26248,1907
26249,1903
26250,1905
26251,1910
26252,1906
26253,1896
26254,386
26255,1533
26256,2559
26257,2807
26258,2627
26259,2418
26260,2025
26261,1773
26262,1686
26263,1163
26264,1287
26265,1678
26266,1838
26267,1847
26268,1829
26269,1790
26270,1743
26271,1713
26272,1757
26273,1811
26274,1844
26275,1863
26276,1885
26277,1902
26278,1906
26279,1910
26280,1916
26281,1915
26282,1910
26283,1910
26284,1904
26285,466
26286,1474
26287,2630
26288,3088
26289,2845
26290,2559
26291,1933
26292,1690
26293,1294
26294,905
26295,1344
26296,1733
26297,1825
26298,1825
26299,1808
26300,1762
26301,1701
26302,1702
26303,1767
26304,1819
26305,1863
26306,1870
26307,1862
26308,1924
26309,1968
26310,1936
26311,1920
26312,1926
26313,1923
26314,1913
26315,1908
26316,720
26317,1350
26318,2666
26319,3319
26320,3018
26321,2608
26322,1888
26323,1527
26324,1022
26325,784
26326,1329
26327,1722
26328,1817
26329,1835
26330,1815
26331,1769
26332,1715
26333,1726
26334,1776
26335,1822
26336,1857
26337,1905
26338,1923
26339,1921
26340,1919
26341,1927
26342,1925
26343,1922
26344,1921
26345,1914
26346,1906
26347,1338
26348,1055
26349,2539
26350,3393
26351,3183
26352,2699
26353,1967
26354,1525
26355,979
26356,686
26357,1239
26358,1671
26359,1797
26360,1834
26361,1817
26362,1774
26363,1724
26364,1733
26365,1789
26366,1861
26367,1915
26368,1920
26369,1889
26370,1889
26371,1913
26372,1920
26373,1920
26374,1917
26375,1915
26376,1911
26377,1907
26378,1939
26379,875
26380,2384
26381,3345
26382,3354
26383,2821
26384,2101
26385,1526
26386,965
26387,603
26388,1173
26389,1634
26390,1776
26391,1824
26392,1825
26393,1790
26394,1744
26395,1763
26396,1820
26397,1861
26398,1895
26399,1925
26400,1936
26401,1941
26402,1937
26403,1935
26404,1934
26405,1922
26406,1920
26407,1907
26408,1902
26409,2623
26410,689
26411,2224
26412,3194
26413,3440
26414,2899
26415,2192
26416,1616
26417,965
26418,565
26419,1110
26420,1587
26421,1754
26422,1810
26423,1816
26424,1791
26425,1762
26426,1779
26427,1826
26428,1869
26429,1897
26430,1915
26431,1929
26432,1931
26433,1933
26434,1927
26435,1927
26436,1923
26437,1917
26438,1904
26439,1909
26440,2637
26441,488
26442,2112
26443,3120
26444,3504
26445,2990
26446,2288
26447,1654
26448,1023
26449,572
26450,1062
26451,1562
26452,1735
26453,1796
26454,1806
26455,1788
26456,1760
26457,1763
26458,1809
26459,1855
26460,1890
26461,1931
26462,1962
26463,1966
26464,1954
26465,1935
26466,1920
26467,1897
26468,1890
26469,1904
26470,1905
26471,2176
26472,326
26473,1984
26474,3002
26475,3440
26476,2989
26477,2331
26478,1769
26479,1123
26480,602
26481,1042
26482,1535
26483,1733
26484,1797
26485,1814
26486,1794
26487,1750
26488,1755
26489,1809
26490,1859
26491,1899
26492,1927
26493,1941
26494,1943
26495,1945
26496,1937
26497,1929
26498,1922
26499,1920
26500,1914
26501,1906
26502,1924
26503,207
26504,1872
26505,2960
26506,3473
26507,3003
26508,2323
26509,1743
26510,1152
26511,624
26512,1037
26513,1570
26514,1747
26515,1808
26516,1817
26517,1785
26518,1737
26519,1731
26520,1785
26521,1843
26522,1898
26523,1925
26524,1933
26525,1938
26526,1943
26527,1929
26528,1918
26529,1923
26530,1920
26531,1911
26532,1906
26533,1903
26534,208
26535,1739
26536,2898
26537,3485
26538,3054
26539,2401
26540,1767
26541,1215
26542,650
26543,980
26544,1534
26545,1746
26546,1811
26547,1821
26548,1791
26549,1744
26550,1727
26551,1789
26552,1843
26553,1891
26554,1925
26555,1939
26556,1946
26557,1937
26558,1931
26559,1921
26560,1918
26561,1907
26562,1899
26563,1904
26564,1900
26565,320
26566,1610
26567,2751
26568,3351
26569,3025
26570,2460
26571,1936
26572,1327
26573,685
26574,946
26575,1520
26576,1745
26577,1815
26578,1823
26579,1786
26580,1738
26581,1722
26582,1776
26583,1838
26584,1885
26585,1919
26586,1932
26587,1923
26588,1933
26589,1938
26590,1936
26591,1927
26592,1927
26593,1923
26594,1918
26595,1911
26596,496
26597,1460
26598,2659
26599,3363
26600,3057
26601,2467
26602,1905
26603,1335
26604,729
26605,938
26606,1502
26607,1731
26608,1805
26609,1834
26610,1803
26611,1751
26612,1729
26613,1778
26614,1831
26615,1875
26616,1905
26617,1920
26618,1927
26619,1937
26620,1933
26621,1932
26622,1933
26623,1921
26624,1897
26625,1895
26626,1904
26627,752
26628,1321
26629,2606
26630,3376
26631,3122
26632,2515
26633,1983
26634,1422
26635,741
26636,859
26637,1474
26638,1718
26639,1795
26640,1814
26641,1802
26642,1759
26643,1736
26644,1776
26645,1838
26646,1875
26647,1904
26648,1908
26649,1925
26650,1958
26651,1942
26652,1929
26653,1917
26654,1918
26655,1917
26656,1915
26657,1907
26658,913
26659,1239
26660,2534
26661,3350
26662,3142
26663,2553
26664,2026
26665,1488
26666,773
26667,816
26668,1410
26669,1697
26670,1781
26671,1824
26672,1799
26673,1750
26674,1723
26675,1776
26676,1843
26677,1894
26678,1931
26679,1943
26680,1936
26681,1919
26682,1919
26683,1918
26684,1919
26685,1924
26686,1920
26687,1904
26688,1902
26689,1616
26690,960
26691,2379
26692,3297
26693,3247
26694,2646
26695,2096
26696,1534
26697,850
26698,759
26699,1359
26700,1683
26701,1785
26702,1818
26703,1798
26704,1763
26705,1729
26706,1766
26707,1823
26708,1871
26709,1903
26710,1921
26711,1942
26712,1951
26713,1939
26714,1929
26715,1925
26716,1920
26717,1919
26718,1905
26719,1901
26720,1895
26721,1890
26722,1883
26723,1879
26724,1877
26725,1875
26726,1878
26727,1874
26728,1872
26729,1869
26730,1867
26731,1871
26732,1872
26733,1867
26734,1849
26735,1847
26736,1856
26737,1862
26738,1856
26739,1862
26740,1859
26741,1858
26742,1862
26743,1867
26744,1866
26745,1869
26746,1862
26747,1857
26748,1856
26749,1856
26750,1856
26751,1855
26752,1857
26753,1858
26754,1858
26755,1855
26756,1853
26757,1853
26758,1856
26759,1863
26760,1869
26761,1869
26762,1862
26763,1856
26764,1856
26765,1856
26766,1853
26767,1855
26768,1855
26769,1858
26770,1863
26771,1871
26772,1863
26773,1852
26774,1855
26775,1859
26776,1867
26777,1864
26778,1863
26779,1862
26780,1856
26781,1853
26782,1855
26783,1855
26784,1844
26785,1849
26786,1854
26787,1855
26788,1853
26789,1861
26790,1863
26791,1862
26792,1867
26793,1863
26794,1863
26795,1863
26796,1861
26797,1858
26798,1856
26799,1855
26800,1856
26801,1856
26802,1856
26803,1858
26804,1862
26805,1861
26806,1863
26807,1860
26808,1863
26809,1866
26810,1867
26811,1869
26812,1862
26813,1863
26814,1855
26815,1849
26816,1853
26817,1847
26818,1851
26819,1859
26820,1858
26821,1862
26822,1859
26823,1862
26824,1863
26825,1868
26826,1871
26827,1870
26828,1871
26829,1863
26830,1861
26831,1856
26832,1859
26833,1857
26834,1856
26835,1858
26836,1859
26837,1862
26838,1869
26839,1866
26840,1861
26841,1859
26842,1863
26843,1863
26844,1860
26845,1858
26846,1855
26847,1856
26848,1853
26849,1850
26850,1847
26851,1855
26852,1856
26853,1857
26854,1858
26855,1862
26856,1862
26857,1862
26858,1860
26859,1862
26860,1867
26861,1867
26862,1862
26863,1859
26864,1859
26865,1859
26866,1857
26867,1858
26868,1856
26869,1861
26870,1859
26871,1859
26872,1862
26873,1860
26874,1855
26875,1856
26876,1862
26877,1858
26878,1857
26879,1857
26880,1860
26881,1858
26882,1857
26883,1858
26884,1858
26885,1858
26886,1858
26887,1858
26888,1861
26889,1863
26890,1860
26891,1862
26892,1862
26893,1862
26894,1863
26895,1862
26896,1862
26897,1858
26898,1855
26899,1856
26900,1856
26901,1857
26902,1856
26903,1856
26904,1853
26905,1855
26906,1857
26907,1856
26908,1856
26909,1867
26910,1863
26911,1866
26912,1865
26913,1863
26914,1861
26915,1859
26916,1857
26917,1856
26918,1853
26919,1857
26920,1858
26921,1863
26922,1860
26923,1860
26924,1859
26925,1862
26926,1870
26927,1866
26928,1872
26929,1869
26930,1861
26931,1863
26932,1860
26933,1858
26934,1853
26935,1857
26936,1862
26937,1869
26938,1872
26939,1874
26940,1877
26941,1872
26942,1842
26943,1838
26944,1850
26945,1858
26946,1863
26947,1857
26948,1859
26949,1858
26950,1861
26951,1859
26952,1861
26953,1861
26954,1861
26955,1859
26956,1859
26957,1859
26958,1859
26959,1861
26960,1862
26961,1862
26962,1862
26963,1863
26964,1855
26965,1856
26966,1856
26967,1855
26968,1853
26969,1854
26970,1863
26971,1861
26972,1861
26973,1864
26974,1858
26975,1856
26976,1858
26977,1859
26978,1858
26979,1862
26980,1863
26981,1861
26982,1859
26983,1859
26984,1858
26985,1863
26986,1863
26987,1866
26988,1866
26989,1867
26990,1865
26991,1864
26992,1868
26993,1863
26994,1856
26995,1855
26996,1853
26997,1851
26998,1845
26999,1856
27000,1856
27001,1859
27002,1863
27003,1863
27004,1862
27005,1861
27006,1859
27007,1858
27008,1859
27009,1861
27010,1861
27011,1861
27012,1860
27013,1855
27014,1856
27015,1854
27016,1855
27017,1856
27018,1866
27019,1863
27020,1863
27021,1863
27022,1863
27023,1862
27024,1856
27025,1856
27026,1856
27027,1857
27028,1857
27029,1857
27030,1861
27031,1859
27032,1859
27033,1861
27034,1861
27035,1862
27036,1863
27037,1863
27038,1866
27039,1865
27040,1862
27041,1859
27042,1862
27043,1865
27044,1859
27045,1856
27046,1856
27047,1858
27048,1856
27049,1856
27050,1856
27051,1858
27052,1861
27053,1863
27054,1856
27055,1855
27056,1859
27057,1856
27058,1856
27059,1859
27060,1862
27061,1861
27062,1860
27063,1858
27064,1857
27065,1855
27066,1856
27067,1856
27068,1859
27069,1858
27070,1859
27071,1866
27072,1865
27073,1862
27074,1859
27075,1861
27076,1859
27077,1861
27078,1861
27079,1857
27080,1858
27081,1856
27082,1857
27083,1858
27084,1855
27085,1856
27086,1856
27087,1859
27088,1860
27089,1865
27090,1862
27091,1865
27092,1866
27093,1867
27094,1866
27095,1860
27096,1859
27097,1857
27098,1856
27099,1855
27100,1857
27101,1860
27102,1859
27103,1861
27104,1866
27105,1859
27106,1863
27107,1860
27108,1862
27109,1863
27110,1861
27111,1859
27112,1862
27113,1860
27114,1850
27115,1849
27116,1850
27117,1851
27118,1855
27119,1860
27120,1861
27121,1861
27122,1862
27123,1858
27124,1857
27125,1861
27126,1859
27127,1861
27128,1856
27129,1855
27130,1855
27131,1855
27132,1856
27133,1857
27134,1859
27135,1858
27136,1860
27137,1863
27138,1863
27139,1859
27140,1858
27141,1857
27142,1865
27143,1863
27144,1856
27145,1855
27146,1855
27147,1855
27148,1852
27149,1853
27150,1849
27151,1856
27152,1858
27153,1858
27154,1859
27155,1859
27156,1859
27157,1862
27158,1863
27159,1867
27160,1866
27161,1859
27162,1856
27163,1851
27164,1855
27165,1854
27166,1859
27167,1861
27168,1867
27169,1866
27170,1862
27171,1865
27172,1864
27173,1863
27174,1854
27175,1857
27176,1859
27177,1858
27178,1857
27179,1855
27180,1856
27181,1859
27182,1856
27183,1857
27184,1858
27185,1858
27186,1857
27187,1860
27188,1861
27189,1861
27190,1863
27191,1864
27192,1863
27193,1866
27194,1859
27195,1857
27196,1858
27197,1856
27198,1855
27199,1856
27200,1856
27201,1857
27202,1860
27203,1859
27204,1857
27205,1856
27206,1856
27207,1854
27208,1856
27209,1864
27210,1866
27211,1863
27212,1858
27213,1856
27214,1855
27215,1854
27216,1856
27217,1857
27218,1854
27219,1861
27220,1860
27221,1862
27222,1862
27223,1859
27224,1857
27225,1865
27226,1865
27227,1859
27228,1861
27229,1859
27230,1856
27231,1855
27232,1854
27233,1856
27234,1851
27235,1853
27236,1856
27237,1856
27238,1853
27239,1861
27240,1861
27241,1861
27242,1859
27243,1863
27244,1863
27245,1857
27246,1857
27247,1856
27248,1856
27249,1856
27250,1856
27251,1855
27252,1859
27253,1857
27254,1862
27255,1868
27256,1867
27257,1863
27258,1863
27259,1867
27260,1863
27261,1856
27262,1856
27263,1856
27264,1850
27265,1847
27266,1849
27267,1850
27268,1851
27269,1856
27270,1855
27271,1855
27272,1862
27273,1863
27274,1865
27275,1863
27276,1865
27277,1860
27278,1861
27279,1859
27280,1857
27281,1854
27282,1856
27283,1858
27284,1856
27285,1858
27286,1860
27287,1862
27288,1864
27289,1866
27290,1865
27291,1865
27292,1867
27293,1870
27294,1856
27295,1854
27296,1855
27297,1854
27298,1855
27299,1850
27300,1856
27301,1859
27302,1865
27303,1868
27304,1866
27305,1863
27306,1859
27307,1856
27308,1861
27309,1865
27310,1863
27311,1862
27312,1859
27313,1857
27314,1856
27315,1857
27316,1857
27317,1861
27318,1856
27319,1855
27320,1856
27321,1856
27322,1856
27323,1856
27324,1855
27325,1856
27326,1856
27327,1856
27328,1857
27329,1853
27330,1850
27331,1853
27332,1853
27333,1856
27334,1857
27335,1866
27336,1869
27337,1872
27338,1861
27339,1853
27340,1854
27341,1856
27342,1857
27343,1863
27344,1862
27345,1865
27346,1863
27347,1858
27348,1858
27349,1855
27350,1857
27351,1857
27352,1861
27353,1861
27354,1856
27355,1856
27356,1856
27357,1856
27358,1856
27359,1855
27360,1862
27361,1859
27362,1861
27363,1862
27364,1858
27365,1857
27366,1856
27367,1858
27368,1856
27369,1862
27370,1862
27371,1862
27372,1866
27373,1861
27374,1860
27375,1863
27376,1864
27377,1861
27378,1861
27379,1862
27380,1858
27381,1857
27382,1857
27383,1856
27384,1853
27385,1855
27386,1855
27387,1856
27388,1858
27389,1865
27390,1862
27391,1862
27392,1862
27393,1863
27394,1861
27395,1859
27396,1861
27397,1858
27398,1857
27399,1857
27400,1858
27401,1858
27402,1859
27403,1859
27404,1858
27405,1862
27406,1865
27407,1859
27408,1861
27409,1862
27410,1863
27411,1861
27412,1860
27413,1856
27414,1851
27415,1854
27416,1856
27417,1855
27418,1856
27419,1861
27420,1861
27421,1863
27422,1863
27423,1867
27424,1862
27425,1861
27426,1858
27427,1859
27428,1857
27429,1859
27430,1857
27431,1859
27432,1859
27433,1861
27434,1862
27435,1859
27436,1859
27437,1859
27438,1860
27439,1862
27440,1862
27441,1859
27442,1859
27443,1863
27444,1856
27445,1855
27446,1855
27447,1851
27448,1856
27449,1850
27450,1851
27451,1858
27452,1858
27453,1859
27454,1859
27455,1857
27456,1858
27457,1857
27458,1860
27459,1860
27460,1865
27461,1859
27462,1856
27463,1857
27464,1857
27465,1856
27466,1856
27467,1857
27468,1859
27469,1859
27470,1859
27471,1861
27472,1862
27473,1862
27474,1856
27475,1857
27476,1857
27477,1856
27478,1856
27479,1856
27480,1859
27481,1857
27482,1856
27483,1856
27484,1856
27485,1859
27486,1859
27487,1858
27488,1860
27489,1858
27490,1862
27491,1861
27492,1863
27493,1863
27494,1861
27495,1863
27496,1857
27497,1859
27498,1859
27499,1857
27500,1859
27501,1860
27502,1864
27503,1860
27504,1856
27505,1856
27506,1854
27507,1854
27508,1854
27509,1863
27510,1861
27511,1862
27512,1857
27513,1856
27514,1856
27515,1856
27516,1857
27517,1857
27518,1855
27519,1858
27520,1859
27521,1862
27522,1860
27523,1863
27524,1859
27525,1860
27526,1862
27527,1860
27528,1859
27529,1857
27530,1857
27531,1857
27532,1857
27533,1856
27534,1855
27535,1853
27536,1856
27537,1856
27538,1857
27539,1858
27540,1858
27541,1859
27542,1862
27543,1861
27544,1858
27545,1856
27546,1854
27547,1851
27548,1849
27549,1852
27550,1853
27551,1856
27552,1856
27553,1856
27554,1857
27555,1858
27556,1858
27557,1858
27558,1857
27559,1861
27560,1859
27561,1858
27562,1856
27563,1856
27564,1847
27565,1850
27566,1855
27567,1855
27568,1854
27569,1857
27570,1863
27571,1863
27572,1863
27573,1863
27574,1861
27575,1863
27576,1863
27577,1861
27578,1862
27579,1857
27580,1853
27581,1855
27582,1855
27583,1855
27584,1855
27585,1858
27586,1858
27587,1860
27588,1863
27589,1866
27590,1866
27591,1861
27592,1863
27593,1863
27594,1856
27595,1850
27596,1850
27597,1845
27598,1847
27599,1856
27600,1856
27601,1858
27602,1862
27603,1861
27604,1862
27605,1861
27606,1858
27607,1861
27608,1859
27609,1863
27610,1861
27611,1859
27612,1857
27613,1855
27614,1855
27615,1854
27616,1857
27617,1857
27618,1855
27619,1857
27620,1856
27621,1857
27622,1857
27623,1858
27624,1857
27625,1855
27626,1857
27627,1855
27628,1853
27629,1846
27630,1850
27631,1850
27632,1854
27633,1854
27634,1856
27635,1859
27636,1863
27637,1863
27638,1856
27639,1863
27640,1862
27641,1861
27642,1863
27643,1865
27644,1861
27645,1856
27646,1855
27647,1854
27648,1855
27649,1855
27650,1857
27651,1861
27652,1863
27653,1862
27654,1859
27655,1857
27656,1857
27657,1855
27658,1857
27659,1856
27660,1855
27661,1857
27662,1855
27663,1853
27664,1851
27665,1852
27666,1852
27667,1855
27668,1855
27669,1857
27670,1859
27671,1859
27672,1860
27673,1856
27674,1861
27675,1861
27676,1862
27677,1861
27678,1856
27679,1856
27680,1854
27681,1854
27682,1853
27683,1856
27684,1851
27685,1856
27686,1857
27687,1856
27688,1853
27689,1861
27690,1860
27691,1862
27692,1863
27693,1860
27694,1858
27695,1858
27696,1855
27697,1854
27698,1855
27699,1857
27700,1858
27701,1859
27702,1863
27703,1865
27704,1863
27705,1862
27706,1864
27707,1859
27708,1861
27709,1863
27710,1863
27711,1859
27712,1857
27713,1853
27714,1843
27715,679
27716,1323
27717,2446
27718,2763
27719,2727
27720,2621
27721,2467
27722,2252
27723,2067
27724,1920
27725,1803
27726,1424
27727,945
27728,911
27729,1213
27730,1519
27731,1690
27732,1758
27733,1775
27734,1775
27735,1775
27736,1777
27737,1809
27738,1869
27739,1888
27740,1904
27741,1914
27742,1914
27743,1911
27744,1889
27745,1870
27746,1363
27747,1073
27748,2336
27749,2729
27750,2751
27751,2670
27752,2503
27753,2311
27754,2045
27755,1838
27756,1503
27757,1038
27758,906
27759,1251
27760,1584
27761,1711
27762,1779
27763,1805
27764,1805
27765,1799
27766,1792
27767,1827
27768,1872
27769,1895
27770,1911
27771,1922
27772,1929
27773,1920
27774,1911
27775,1910
27776,1907
27777,1975
27778,891
27779,2262
27780,2762
27781,2814
27782,2726
27783,2541
27784,2336
27785,1968
27786,1674
27787,1204
27788,822
27789,1101
27790,1529
27791,1669
27792,1718
27793,1778
27794,1806
27795,1803
27796,1792
27797,1811
27798,1851
27799,1878
27800,1904
27801,1920
27802,1929
27803,1932
27804,1923
27805,1922
27806,1919
27807,1907
27808,2666
27809,714
27810,2206
27811,2832
27812,2977
27813,2864
27814,2669
27815,2171
27816,1728
27817,1401
27818,787
27819,819
27820,1363
27821,1666
27822,1715
27823,1755
27824,1791
27825,1803
27826,1806
27827,1821
27828,1866
27829,1895
27830,1925
27831,1959
27832,1967
27833,1950
27834,1915
27835,1884
27836,1873
27837,1861
27838,1855
27839,2559
27840,526
27841,2085
27842,2864
27843,3134
27844,2953
27845,2640
27846,1911
27847,1633
27848,1136
27849,654
27850,1135
27851,1616
27852,1763
27853,1798
27854,1808
27855,1803
27856,1791
27857,1766
27858,1789
27859,1839
27860,1875
27861,1906
27862,1933
27863,1943
27864,1934
27865,1925
27866,1919
27867,1925
27868,1921
27869,1897
27870,2343
27871,391
27872,2096
27873,3069
27874,3410
27875,2989
27876,2545
27877,1691
27878,1311
27879,687
27880,742
27881,1379
27882,1716
27883,1813
27884,1836
27885,1827
27886,1796
27887,1755
27888,1753
27889,1808
27890,1851
27891,1888
27892,1903
27893,1909
27894,1957
27895,1954
27896,1921
27897,1886
27898,1870
27899,1882
27900,1900
27901,2000
27902,269
27903,2005
27904,3103
27905,3449
27906,2958
27907,2418
27908,1631
27909,1197
27910,623
27911,903
27912,1499
27913,1744
27914,1808
27915,1819
27916,1791
27917,1744
27918,1705
27919,1737
27920,1793
27921,1840
27922,1893
27923,1920
27924,1920
27925,1918
27926,1904
27927,1885
27928,1849
27929,1862
27930,1889
27931,1893
27932,1894
27933,291
27934,1776
27935,2933
27936,3413
27937,2983
27938,2483
27939,1743
27940,1270
27941,666
27942,874
27943,1465
27944,1730
27945,1805
27946,1817
27947,1799
27948,1766
27949,1730
27950,1762
27951,1810
27952,1856
27953,1926
27954,1941
27955,1936
27956,1936
27957,1901
27958,1924
27959,1922
27960,1915
27961,1895
27962,1893
27963,1904
27964,432
27965,1616
27966,2770
27967,3379
27968,3114
27969,2631
27970,1842
27971,1281
27972,671
27973,795
27974,1401
27975,1700
27976,1794
27977,1830
27978,1811
27979,1789
27980,1759
27981,1781
27982,1834
27983,1874
27984,1904
27985,1923
27986,1930
27987,1930
27988,1929
27989,1927
27990,1923
27991,1919
27992,1911
27993,1901
27994,1900
27995,511
27996,1535
27997,2641
27998,3306
27999,3171
28000,2679
28001,1975
28002,1357
28003,687
28004,767
28005,1378
28006,1680
28007,1778
28008,1813
28009,1807
28010,1789
28011,1773
28012,1794
28013,1839
28014,1869
28015,1900
28016,1915
28017,1929
28018,1955
28019,1944
28020,1922
28021,1917
28022,1915
28023,1915
28024,1904
28025,1900
28026,875
28027,1314
28028,2445
28029,3169
28030,3220
28031,2811
28032,2150
28033,1471
28034,750
28035,698
28036,1319
28037,1646
28038,1761
28039,1810
28040,1815
28041,1807
28042,1792
28043,1802
28044,1835
28045,1886
28046,1926
28047,1947
28048,1938
28049,1936
28050,1918
28051,1920
28052,1910
28053,1874
28054,1873
28055,1903
28056,1905
28057,1247
28058,1145
28059,2384
28060,3171
28061,3255
28062,2832
28063,2192
28064,1513
28065,802
28066,670
28067,1264
28068,1623
28069,1755
28070,1808
28071,1818
28072,1806
28073,1771
28074,1743
28075,1778
28076,1871
28077,1941
28078,1954
28079,1935
28080,1940
28081,1940
28082,1922
28083,1904
28084,1885
28085,1889
28086,1895
28087,1897
28088,1754
28089,961
28090,2305
28091,3126
28092,3274
28093,2846
28094,2192
28095,1571
28096,848
28097,657
28098,1260
28099,1640
28100,1761
28101,1808
28102,1808
28103,1787
28104,1751
28105,1772
28106,1817
28107,1872
28108,1921
28109,1938
28110,1940
28111,1934
28112,1951
28113,1930
28114,1911
28115,1898
28116,1871
28117,1878
28118,1895
28119,2434
28120,769
28121,2221
28122,3119
28123,3323
28124,2893
28125,2240
28126,1621
28127,894
28128,613
28129,1189
28130,1614
28131,1755
28132,1808
28133,1808
28134,1781
28135,1744
28136,1760
28137,1810
28138,1851
28139,1875
28140,1902
28141,1904
28142,1941
28143,1952
28144,1936
28145,1931
28146,1925
28147,1925
28148,1914
28149,1899
28150,2751
28151,589
28152,2101
28153,2983
28154,3244
28155,2894
28156,2297
28157,1691
28158,949
28159,624
28160,1195
28161,1625
28162,1761
28163,1813
28164,1811
28165,1787
28166,1750
28167,1751
28168,1799
28169,1843
28170,1892
28171,1915
28172,1925
28173,1930
28174,1924
28175,1920
28176,1934
28177,1935
28178,1906
28179,1883
28180,1890
28181,2262
28182,438
28183,1997
28184,2880
28185,3185
28186,2896
28187,2406
28188,1823
28189,1057
28190,633
28191,1154
28192,1605
28193,1751
28194,1805
28195,1810
28196,1791
28197,1745
28198,1735
28199,1786
28200,1855
28201,1906
28202,1926
28203,1927
28204,1917
28205,1904
28206,1900
28207,1898
28208,1904
28209,1904
28210,1904
28211,1904
28212,2110
28213,394
28214,1953
28215,2893
28216,3270
28217,2931
28218,2385
28219,1756
28220,1054
28221,639
28222,1149
28223,1601
28224,1744
28225,1794
28226,1808
28227,1786
28228,1749
28229,1730
28230,1787
28231,1843
28232,1887
28233,1908
28234,1916
28235,1921
28236,1936
28237,1936
28238,1929
28239,1919
28240,1917
28241,1910
28242,1904
28243,1903
28244,368
28245,1773
28246,2800
28247,3310
28248,2994
28249,2462
28250,1845
28251,1158
28252,627
28253,1035
28254,1535
28255,1722
28256,1781
28257,1793
28258,1779
28259,1746
28260,1734
28261,1778
28262,1838
28263,1886
28264,1925
28265,2000
28266,2014
28267,1991
28268,1945
28269,1874
28270,1821
28271,1805
28272,1864
28273,1890
28274,1895
28275,439
28276,1702
28277,2733
28278,3264
28279,3024
28280,2506
28281,1991
28282,1258
28283,624
28284,962
28285,1505
28286,1712
28287,1777
28288,1793
28289,1788
28290,1754
28291,1728
28292,1769
28293,1829
28294,1887
28295,1921
28296,1933
28297,1937
28298,1937
28299,1929
28300,1923
28301,1914
28302,1910
28303,1904
28304,1901
28305,1899
28306,658
28307,1493
28308,2583
28309,3193
28310,3049
28311,2559
28312,2080
28313,1340
28314,677
28315,935
28316,1490
28317,1712
28318,1776
28319,1795
28320,1783
28321,1750
28322,1720
28323,1756
28324,1821
28325,1894
28326,1936
28327,1920
28328,1894
28329,1920
28330,1923
28331,1920
28332,1918
28333,1913
28334,1904
28335,1900
28336,1897
28337,1890
28338,1889
28339,1883
28340,1879
28341,1874
28342,1872
28343,1875
28344,1870
28345,1871
28346,1865
28347,1860
28348,1856
28349,1851
28350,1851
28351,1855
28352,1856
28353,1855
28354,1854
28355,1856
28356,1855
28357,1855
28358,1856
28359,1856
28360,1860
28361,1861
28362,1860
28363,1863
28364,1857
28365,1853
28366,1853
28367,1849
28368,1851
28369,1851
28370,1855
28371,1854
28372,1853
28373,1853
28374,1849
28375,1847
28376,1849
28377,1851
28378,1855
28379,1854
28380,1856
28381,1856
28382,1856
28383,1857
28384,1846
28385,1840
28386,1843
28387,1847
28388,1851
28389,1853
28390,1852
28391,1847
28392,1850
28393,1856
28394,1856
28395,1856
28396,1859
28397,1855
28398,1855
28399,1853
28400,1850
28401,1846
28402,1847
28403,1853
28404,1846
28405,1849
28406,1847
28407,1849
28408,1847
28409,1855
28410,1862
28411,1866
28412,1867
28413,1861
28414,1856
28415,1855
28416,1856
28417,1853
28418,1845
28419,1849
28420,1851
28421,1853
28422,1855
28423,1854
28424,1856
28425,1854
28426,1857
28427,1857
28428,1858
28429,1859
28430,1857
28431,1855
28432,1852
28433,1850
28434,1846
28435,1851
28436,1853
28437,1841
28438,1835
28439,1841
28440,1847
28441,1852
28442,1853
28443,1858
28444,1858
28445,1861
28446,1859
28447,1856
28448,1854
28449,1855
28450,1855
28451,1856
28452,1855
28453,1855
28454,1854
28455,1851
28456,1855
28457,1857
28458,1856
28459,1855
28460,1858
28461,1857
28462,1862
28463,1861
28464,1857
28465,1856
28466,1855
28467,1857
28468,1852
28469,1852
28470,1854
28471,1854
28472,1857
28473,1858
28474,1856
28475,1852
28476,1854
28477,1857
28478,1857
28479,1860
28480,1859
28481,1858
28482,1857
28483,1857
28484,1856
28485,1853
28486,1854
28487,1853
28488,1854
28489,1854
28490,1856
28491,1853
28492,1852
28493,1855
28494,1850
28495,1854
28496,1855
28497,1858
28498,1856
28499,1862
28500,1861
28501,1859
28502,1859
28503,1859
28504,1859
28505,1862
28506,1861
28507,1866
28508,1861
28509,1860
28510,1863
28511,1863
28512,1862
28513,1863
28514,1860
28515,1862
28516,1858
28517,1856
28518,1847
28519,1857
28520,1859
28521,1861
28522,1859
28523,1863
28524,1857
28525,1856
28526,1854
28527,1852
28528,1856
28529,1856
28530,1861
28531,1861
28532,1859
28533,1858
28534,1861
28535,1862
28536,1861
28537,1859
28538,1866
28539,1863
28540,1862
28541,1859
28542,1859
28543,1863
28544,1866
28545,1859
28546,1862
28547,1861
28548,1856
28549,1856
28550,1856
28551,1856
28552,1856
28553,1858
28554,1853
28555,1855
28556,1855
28557,1855
28558,1856
28559,1858
28560,1863
28561,1865
28562,1862
28563,1859
28564,1856
28565,1856
28566,1856
28567,1857
28568,1857
28569,1861
28570,1862
28571,1866
28572,1866
28573,1865
28574,1859
28575,1859
28576,1866
28577,1865
28578,1861
28579,1861
28580,1863
28581,1857
28582,1856
28583,1856
28584,1849
28585,1855
28586,1857
28587,1858
28588,1859
28589,1865
28590,1866
28591,1861
28592,1861
28593,1869
28594,1867
28595,1866
28596,1863
28597,1860
28598,1858
28599,1858
28600,1859
28601,1856
28602,1861
28603,1862
28604,1862
28605,1861
28606,1862
28607,1863
28608,1862
28609,1860
28610,1861
28611,1860
28612,1859
28613,1859
28614,1851
28615,1854
28616,1855
28617,1856
28618,1856
28619,1865
28620,1854
28621,1855
28622,1856
28623,1862
28624,1859
28625,1859
28626,1862
28627,1866
28628,1858
28629,1858
28630,1855
28631,1854
28632,1851
28633,1855
28634,1856
28635,1856
28636,1861
28637,1861
28638,1863
28639,1858
28640,1856
28641,1856
28642,1856
28643,1857
28644,1857
28645,1855
28646,1855
28647,1851
28648,1850
28649,1850
28650,1854
28651,1858
28652,1862
28653,1862
28654,1866
28655,1865
28656,1866
28657,1866
28658,1863
28659,1866
28660,1863
28661,1860
28662,1859
28663,1857
28664,1857
28665,1856
28666,1860
28667,1859
28668,1858
28669,1862
28670,1867
28671,1865
28672,1866
28673,1865
28674,1857
28675,1858
28676,1859
28677,1861
28678,1861
28679,1857
28680,1854
28681,1858
28682,1858
28683,1861
28684,1863
28685,1862
28686,1865
28687,1863
28688,1869
28689,1869
28690,1867
28691,1862
28692,1867
28693,1869
28694,1867
28695,1857
28696,1861
28697,1859
28698,1856
28699,1857
28700,1859
28701,1858
28702,1862
28703,1863
28704,1858
28705,1856
28706,1858
28707,1855
28708,1856
28709,1865
28710,1861
28711,1859
28712,1858
28713,1856
28714,1856
28715,1855
28716,1856
28717,1856
28718,1856
28719,1862
28720,1866
28721,1869
28722,1867
28723,1866
28724,1862
28725,1863
28726,1866
28727,1866
28728,1863
28729,1857
28730,1857
28731,1856
28732,1857
28733,1856
28734,1855
28735,1854
28736,1856
28737,1857
28738,1857
28739,1858
28740,1867
28741,1864
28742,1862
28743,1866
28744,1863
28745,1861
28746,1859
28747,1856
28748,1856
28749,1858
28750,1856
28751,1859
28752,1859
28753,1866
28754,1861
28755,1865
28756,1863
28757,1863
28758,1866
28759,1868
28760,1869
28761,1865
28762,1861
28763,1857
28764,1851
28765,1850
28766,1850
28767,1852
28768,1855
28769,1855
28770,1862
28771,1863
28772,1860
28773,1863
28774,1861
28775,1861
28776,1863
28777,1861
28778,1859
28779,1860
28780,1857
28781,1857
28782,1860
28783,1857
28784,1859
28785,1861
28786,1867
28787,1866
28788,1866
28789,1865
28790,1863
28791,1861
28792,1863
28793,1861
28794,1858
28795,1855
28796,1855
28797,1851
28798,1853
28799,1857
28800,1862
28801,1859
28802,1862
28803,1865
28804,1865
28805,1867
28806,1862
28807,1863
28808,1863
28809,1866
28810,1865
28811,1862
28812,1861
28813,1858
28814,1857
28815,1855
28816,1856
28817,1856
28818,1857
28819,1856
28820,1856
28821,1857
28822,1859
28823,1858
28824,1857
28825,1858
28826,1859
28827,1862
28828,1857
28829,1856
28830,1856
28831,1855
28832,1856
28833,1856
28834,1857
28835,1856
28836,1861
28837,1863
28838,1856
28839,1866
28840,1863
28841,1863
28842,1863
28843,1865
28844,1862
28845,1865
28846,1859
28847,1858
28848,1857
28849,1861
28850,1858
28851,1857
28852,1859
28853,1861
28854,1857
28855,1856
28856,1858
28857,1859
28858,1855
28859,1854
28860,1866
28861,1867
28862,1862
28863,1862
28864,1857
28865,1859
28866,1861
28867,1862
28868,1863
28869,1863
28870,1862
28871,1866
28872,1866
28873,1866
28874,1862
28875,1862
28876,1861
28877,1863
28878,1861
28879,1858
28880,1856
28881,1856
28882,1855
28883,1856
28884,1854
28885,1854
28886,1855
28887,1858
28888,1857
28889,1866
28890,1867
28891,1859
28892,1859
28893,1863
28894,1861
28895,1859
28896,1857
28897,1857
28898,1856
28899,1854
28900,1857
28901,1859
28902,1861
28903,1862
28904,1861
28905,1863
28906,1862
28907,1862
28908,1861
28909,1861
28910,1863
28911,1862
28912,1861
28913,1861
28914,1854
28915,1850
28916,1853
28917,1850
28918,1854
28919,1861
28920,1863
28921,1861
28922,1864
28923,1862
28924,1858
28925,1863
28926,1862
28927,1859
28928,1857
28929,1855
28930,1855
28931,1852
28932,1853
28933,1856
28934,1857
28935,1860
28936,1861
28937,1859
28938,1856
28939,1862
28940,1859
28941,1860
28942,1858
28943,1862
28944,1858
28945,1855
28946,1851
28947,1850
28948,1851
28949,1851
28950,1850
28951,1857
28952,1857
28953,1862
28954,1862
28955,1862
28956,1862
28957,1865
28958,1861
28959,1863
28960,1866
28961,1865
28962,1863
28963,1858
28964,1858
28965,1857
28966,1861
28967,1863
28968,1865
28969,1863
28970,1863
28971,1867
28972,1867
28973,1866
28974,1857
28975,1858
28976,1861
28977,1862
28978,1857
28979,1856
28980,1858
28981,1856
28982,1857
28983,1857
28984,1857
28985,1857
28986,1862
28987,1862
28988,1861
28989,1863
28990,1862
28991,1862
28992,1863
28993,1867
28994,1862
28995,1863
28996,1858
28997,1857
28998,1857
28999,1858
29000,1859
29001,1860
29002,1860
29003,1863
29004,1855
29005,1857
29006,1856
29007,1858
29008,1856
29009,1863
29010,1867
29011,1863
29012,1860
29013,1862
29014,1859
29015,1857
29016,1857
29017,1856
29018,1855
29019,1859
29020,1862
29021,1863
29022,1861
29023,1865
29024,1863
29025,1862
29026,1866
29027,1867
29028,1861
29029,1860
29030,1858
29031,1856
29032,1855
29033,1855
29034,1853
29035,1854
29036,1854
29037,1856
29038,1857
29039,1859
29040,1862
29041,1859
29042,1861
29043,1863
29044,1861
29045,1862
29046,1861
29047,1857
29048,1856
29049,1856
29050,1857
29051,1857
29052,1859
29053,1863
29054,1863
29055,1863
29056,1867
29057,1867
29058,1863
29059,1865
29060,1863
29061,1861
29062,1859
29063,1857
29064,1851
29065,1850
29066,1851
29067,1851
29068,1852
29069,1856
29070,1866
29071,1863
29072,1863
29073,1869
29074,1863
29075,1863
29076,1866
29077,1868
29078,1867
29079,1860
29080,1858
29081,1856
29082,1855
29083,1855
29084,1855
29085,1857
29086,1859
29087,1861
29088,1863
29089,1862
29090,1861
29091,1861
29092,1862
29093,1865
29094,1857
29095,1856
29096,1853
29097,1854
29098,1850
29099,1856
29100,1857
29101,1861
29102,1858
29103,1860
29104,1861
29105,1863
29106,1861
29107,1859
29108,1860
29109,1859
29110,1858
29111,1856
29112,1856
29113,1856
29114,1854
29115,1856
29116,1854
29117,1856
29118,1851
29119,1858
29120,1859
29121,1863
29122,1862
29123,1861
29124,1856
29125,1854
29126,1855
29127,1858
29128,1856
29129,1856
29130,1858
29131,1857
29132,1856
29133,1858
29134,1859
29135,1859
29136,1861
29137,1866
29138,1857
29139,1863
29140,1863
29141,1861
29142,1862
29143,1865
29144,1870
29145,1863
29146,1859
29147,1859
29148,1857
29149,1857
29150,1856
29151,1856
29152,1858
29153,1857
29154,1857
29155,1857
29156,1856
29157,1856
29158,1855
29159,1855
29160,1864
29161,1864
29162,1862
29163,1862
29164,1859
29165,1856
29166,1859
29167,1856
29168,1859
29169,1861
29170,1862
29171,1865
29172,1868
29173,1863
29174,1862
29175,1862
29176,1863
29177,1865
29178,1867
29179,1862
29180,1861
29181,1859
29182,1858
29183,1861
29184,1854
29185,1855
29186,1857
29187,1861
29188,1861
29189,1870
29190,1866
29191,1861
29192,1866
29193,1861
29194,1858
29195,1860
29196,1858
29197,1857
29198,1856
29199,1855
29200,1856
29201,1855
29202,1858
29203,1861
29204,1862
29205,1865
29206,1863
29207,1865
29208,1862
29209,1866
29210,1866
29211,1865
29212,1860
29213,1856
29214,1854
29215,1850
29216,1853
29217,1853
29218,1847
29219,1861
29220,1863
29221,1862
29222,1862
29223,1861
29224,1861
29225,1859
29226,1862
29227,1862
29228,1860
29229,1860
29230,1857
29231,1855
29232,1855
29233,1856
29234,1857
29235,1857
29236,1857
29237,1859
29238,1856
29239,1866
29240,1863
29241,1863
29242,1866
29243,1863
29244,1856
29245,1856
29246,1855
29247,1853
29248,1851
29249,1851
29250,1850
29251,1856
29252,1857
29253,1860
29254,1863
29255,1862
29256,1863
29257,1859
29258,1859
29259,1862
29260,1867
29261,1867
29262,1860
29263,1861
29264,1858
29265,1857
29266,1857
29267,1858
29268,1861
29269,1862
29270,1862
29271,1859
29272,1863
29273,1863
29274,1856
29275,1855
29276,1857
29277,1856
29278,1854
29279,1853
29280,1856
29281,1856
29282,1856
29283,1856
29284,1859
29285,1860
29286,1863
29287,1865
29288,1868
29289,1866
29290,1869
29291,1865
29292,1867
29293,1867
29294,1868
29295,1863
29296,1862
29297,1859
29298,1858
29299,1857
29300,1859
29301,1859
29302,1861
29303,1862
29304,1856
29305,1856
29306,1856
29307,1853
29308,1851
29309,1859
29310,1859
29311,1856
29312,1856
29313,1853
29314,1852
29315,1851
29316,1851
29317,1854
29318,1849
29319,1858
29320,1860
29321,1863
29322,1861
29323,1860
29324,1862
29325,1861
29326,1862
29327,1863
29328,1859
29329,1861
29330,1858
29331,1856
29332,336
29333,1745
29334,2515
29335,2746
29336,2713
29337,2608
29338,2432
29339,2245
29340,2074
29341,1898
29342,1728
29343,1326
29344,908
29345,891
29346,1234
29347,1509
29348,1670
29349,1741
29350,1759
29351,1769
29352,1771
29353,1776
29354,1819
29355,1861
29356,1889
29357,1906
29358,1914
29359,1920
29360,1920
29361,1904
29362,1879
29363,528
29364,1652
29365,2486
29366,2798
29367,2820
29368,2729
29369,2555
29370,2320
29371,1988
29372,1759
29373,1357
29374,853
29375,833
29376,1250
29377,1522
29378,1679
29379,1769
29380,1796
29381,1799
29382,1794
29383,1806
29384,1845
29385,1878
29386,1903
29387,1920
29388,1932
29389,1933
29390,1931
29391,1930
29392,1927
29393,1929
29394,676
29395,1534
29396,2416
29397,2819
29398,2879
29399,2786
29400,2598
29401,2240
29402,1814
29403,1525
29404,1023
29405,752
29406,1150
29407,1500
29408,1618
29409,1725
29410,1795
29411,1818
29412,1825
29413,1828
29414,1858
29415,1885
29416,1904
29417,1910
29418,1910
29419,1922
29420,1922
29421,1918
29422,1920
29423,1920
29424,1911
29425,868
29426,1393
29427,2390
29428,2899
29429,3007
29430,2857
29431,2595
29432,1995
29433,1611
29434,1212
29435,703
29436,935
29437,1456
29438,1669
29439,1743
29440,1796
29441,1811
29442,1808
29443,1793
29444,1811
29445,1853
29446,1879
29447,1904
29448,1919
29449,1926
29450,1936
29451,1927
29452,1922
29453,1919
29454,1908
29455,1904
29456,1159
29457,1237
29458,2379
29459,2976
29460,3114
29461,2899
29462,2498
29463,1773
29464,1449
29465,934
29466,667
29467,1210
29468,1645
29469,1751
29470,1780
29471,1804
29472,1806
29473,1804
29474,1805
29475,1829
29476,1859
29477,1884
29478,1904
29479,1923
29480,1935
29481,1938
29482,1935
29483,1927
29484,1917
29485,1906
29486,1901
29487,1839
29488,956
29489,2375
29490,3245
29491,3472
29492,3051
29493,2465
29494,1535
29495,1200
29496,614
29497,607
29498,1236
29499,1643
29500,1776
29501,1822
29502,1833
29503,1825
29504,1808
29505,1806
29506,1853
29507,1897
29508,1914
29509,1918
29510,1903
29511,1916
29512,1930
29513,1933
29514,1929
29515,1917
29516,1903
29517,1903
29518,2443
29519,806
29520,2273
29521,3298
29522,3713
29523,3203
29524,2490
29525,1458
29526,987
29527,432
29528,674
29529,1333
29530,1665
29531,1776
29532,1815
29533,1827
29534,1825
29535,1809
29536,1819
29537,1853
29538,1882
29539,1936
29540,1979
29541,1984
29542,1970
29543,1951
29544,1931
29545,1894
29546,1877
29547,1872
29548,1870
29549,2745
29550,649
29551,2124
29552,3167
29553,3733
29554,3285
29555,2544
29556,1584
29557,975
29558,352
29559,683
29560,1327
29561,1648
29562,1776
29563,1823
29564,1830
29565,1823
29566,1808
29567,1818
29568,1851
29569,1887
29570,1927
29571,1946
29572,1955
29573,1940
29574,1925
29575,1903
29576,1894
29577,1906
29578,1909
29579,1905
29580,2547
29581,575
29582,2045
29583,3009
29584,3600
29585,3251
29586,2523
29587,1596
29588,949
29589,380
29590,768
29591,1378
29592,1670
29593,1778
29594,1829
29595,1840
29596,1849
29597,1849
29598,1853
29599,1875
29600,1895
29601,1914
29602,1930
29603,1936
29604,1929
29605,1935
29606,1930
29607,1921
29608,1915
29609,1920
29610,1918
29611,1973
29612,407
29613,1874
29614,2816
29615,3520
29616,3311
29617,2665
29618,1748
29619,1097
29620,450
29621,693
29622,1326
29623,1644
29624,1771
29625,1826
29626,1841
29627,1856
29628,1856
29629,1856
29630,1874
29631,1901
29632,1931
29633,1949
29634,1953
29635,1911
29636,1903
29637,1919
29638,1913
29639,1913
29640,1919
29641,1910
29642,1910
29643,390
29644,1825
29645,2769
29646,3507
29647,3356
29648,2741
29649,1858
29650,1152
29651,442
29652,657
29653,1294
29654,1621
29655,1759
29656,1822
29657,1836
29658,1840
29659,1831
29660,1830
29661,1862
29662,1898
29663,1937
29664,1959
29665,1962
29666,1942
29667,1922
29668,1896
29669,1878
29670,1897
29671,1904
29672,1903
29673,1904
29674,446
29675,1707
29676,2704
29677,3530
29678,3408
29679,2787
29680,1913
29681,1159
29682,448
29683,623
29684,1280
29685,1627
29686,1765
29687,1824
29688,1840
29689,1843
29690,1833
29691,1829
29692,1856
29693,1901
29694,1925
29695,1938
29696,1943
29697,1939
29698,1929
29699,1930
29700,1927
29701,1920
29702,1915
29703,1911
29704,1905
29705,563
29706,1589
29707,2611
29708,3423
29709,3361
29710,2798
29711,1959
29712,1232
29713,540
29714,654
29715,1282
29716,1616
29717,1758
29718,1811
29719,1837
29720,1840
29721,1823
29722,1822
29723,1853
29724,1883
29725,1906
29726,1932
29727,1934
29728,1931
29729,1935
29730,1934
29731,1926
29732,1920
29733,1916
29734,1909
29735,1903
29736,691
29737,1488
29738,2535
29739,3407
29740,3405
29741,2846
29742,2029
29743,1287
29744,561
29745,597
29746,1251
29747,1615
29748,1750
29749,1815
29750,1827
29751,1826
29752,1814
29753,1813
29754,1838
29755,1872
29756,1904
29757,1921
29758,1952
29759,1992
29760,1999
29761,1965
29762,1927
29763,1897
29764,1867
29765,1856
29766,1873
29767,1136
29768,1219
29769,2407
29770,3371
29771,3504
29772,2928
29773,2143
29774,1361
29775,598
29776,511
29777,1173
29778,1584
29779,1745
29780,1819
29781,1831
29782,1830
29783,1815
29784,1803
29785,1839
29786,1902
29787,1968
29788,2002
29789,1993
29790,1926
29791,1872
29792,1854
29793,1874
29794,1905
29795,1914
29796,1904
29797,1904
29798,1303
29799,1163
29800,2395
29801,3343
29802,3485
29803,2951
29804,2225
29805,1430
29806,640
29807,501
29808,1152
29809,1564
29810,1738
29811,1808
29812,1824
29813,1819
29814,1799
29815,1792
29816,1827
29817,1869
29818,1899
29819,1951
29820,2000
29821,2005
29822,1981
29823,1937
29824,1871
29825,1819
29826,1849
29827,1895
29828,1903
29829,2110
29830,891
29831,2233
29832,3183
29833,3491
29834,3023
29835,2325
29836,1535
29837,752
29838,446
29839,1059
29840,1509
29841,1702
29842,1793
29843,1830
29844,1825
29845,1815
29846,1807
29847,1836
29848,1872
29849,1907
29850,1924
29851,1938
29852,1943
29853,1938
29854,1926
29855,1920
29856,1923
29857,1922
29858,1914
29859,1899
29860,2752
29861,717
29862,2145
29863,3126
29864,3546
29865,3056
29866,2379
29867,1626
29868,834
29869,464
29870,1015
29871,1489
29872,1695
29873,1789
29874,1811
29875,1813
29876,1808
29877,1787
29878,1790
29879,1837
29880,1887
29881,1921
29882,1936
29883,1935
29884,1933
29885,1930
29886,1930
29887,1926
29888,1922
29889,1920
29890,1911
29891,2507
29892,564
29893,2054
29894,3071
29895,3577
29896,3122
29897,2469
29898,1699
29899,895
29900,416
29901,939
29902,1459
29903,1684
29904,1779
29905,1813
29906,1811
29907,1803
29908,1773
29909,1797
29910,1859
29911,1915
29912,1955
29913,1964
29914,1936
29915,1919
29916,1918
29917,1920
29918,1914
29919,1917
29920,1911
29921,1905
29922,2271
29923,485
29924,1984
29925,3007
29926,3583
29927,3152
29928,2514
29929,1749
29930,915
29931,383
29932,880
29933,1424
29934,1657
29935,1757
29936,1795
29937,1809
29938,1808
29939,1799
29940,1829
29941,1872
29942,1906
29943,1935
29944,1948
29945,1953
29946,1950
29947,1940
29948,1933
29949,1921
29950,1913
29951,1905
29952,1904
29953,1904
29954,1899
29955,1897
29956,1894
29957,1887
29958,1887
29959,1879
29960,1878
29961,1873
29962,1873
29963,1871
29964,1859
29965,1856
29966,1854
29967,1853
29968,1851
29969,1854
29970,1857
29971,1857
29972,1858
29973,1859
29974,1860
29975,1857
29976,1858
29977,1867
29978,1867
29979,1863
29980,1858
29981,1855
29982,1856
29983,1855
29984,1859
29985,1862
29986,1859
29987,1851
29988,1849
29989,1855
29990,1857
29991,1856
29992,1857
29993,1861
29994,1856
29995,1857
29996,1857
29997,1856
29998,1853
29999,1857
30000,1859
30001,1859
30002,1856
30003,1858
30004,1861
30005,1858
30006,1858
30007,1862
30008,1858
30009,1860
30010,1863
30011,1866
30012,1863
30013,1859
30014,1856
30015,1855
30016,1853
30017,1853
30018,1845
30019,1851
30020,1847
30021,1855
30022,1856
30023,1856
30024,1850
30025,1850
30026,1850
30027,1856
30028,1858
30029,1854
30030,1859
30031,1857
30032,1852
30033,1850
30034,1851
30035,1855
30036,1856
30037,1856
30038,1850
30039,1857
30040,1855
30041,1855
30042,1853
30043,1857
30044,1862
30045,1863
30046,1859
30047,1858
30048,1855
30049,1853
30050,1854
30051,1855
30052,1851
30053,1854
30054,1850
30055,1856
30056,1858
30057,1861
30058,1856
30059,1856
30060,1869
30061,1868
30062,1867
30063,1869
30064,1865
30065,1861
30066,1858
30067,1856
30068,1857
30069,1858
30070,1859
30071,1859
30072,1860
30073,1858
30074,1860
30075,1857
30076,1861
30077,1867
30078,1867
30079,1867
30080,1866
30081,1865
30082,1859
30083,1861
30084,1855
30085,1855
30086,1853
30087,1860
30088,1860
30089,1866
30090,1863
30091,1861
30092,1861
30093,1863
30094,1867
30095,1871
30096,1871
30097,1869
30098,1862
30099,1856
30100,1857
30101,1856
30102,1858
30103,1862
30104,1859
30105,1858
30106,1861
30107,1863
30108,1863
30109,1862
30110,1869
30111,1871
30112,1870
30113,1868
30114,1857
30115,1857
30116,1857
30117,1854
30118,1852
30119,1856
30120,1858
30121,1858
30122,1860
30123,1865
30124,1866
30125,1861
30126,1863
30127,1866
30128,1866
30129,1865
30130,1863
30131,1859
30132,1857
30133,1857
30134,1856
30135,1856
30136,1857
30137,1857
30138,1853
30139,1863
30140,1862
30141,1861
30142,1859
30143,1862
30144,1858
30145,1861
30146,1858
30147,1859
30148,1856
30149,1855
30150,1847
30151,1856
30152,1856
30153,1858
30154,1861
30155,1862
30156,1864
30157,1860
30158,1858
30159,1859
30160,1865
30161,1866
30162,1866
30163,1867
30164,1863
30165,1860
30166,1857
30167,1856
30168,1857
30169,1857
30170,1860
30171,1859
30172,1863
30173,1867
30174,1858
30175,1857
30176,1858
30177,1859
30178,1861
30179,1861
30180,1865
30181,1862
30182,1861
30183,1857
30184,1855
30185,1856
30186,1859
30187,1861
30188,1862
30189,1865
30190,1858
30191,1857
30192,1861
30193,1863
30194,1865
30195,1862
30196,1858
30197,1856
30198,1852
30199,1852
30200,1855
30201,1853
30202,1858
30203,1859
30204,1855
30205,1862
30206,1859
30207,1857
30208,1859
30209,1863
30210,1867
30211,1866
30212,1861
30213,1856
30214,1856
30215,1856
30216,1855
30217,1855
30218,1854
30219,1857
30220,1861
30221,1861
30222,1861
30223,1859
30224,1862
30225,1862
30226,1863
30227,1866
30228,1863
30229,1861
30230,1859
30231,1857
30232,1854
30233,1855
30234,1850
30235,1850
30236,1852
30237,1847
30238,1853
30239,1854
30240,1863
30241,1861
30242,1868
30243,1867
30244,1868
30245,1863
30246,1859
30247,1858
30248,1855
30249,1854
30250,1856
30251,1856
30252,1858
30253,1861
30254,1865
30255,1863
30256,1862
30257,1863
30258,1860
30259,1863
30260,1868
30261,1865
30262,1861
30263,1859
30264,1851
30265,1851
30266,1850
30267,1852
30268,1857
30269,1856
30270,1862
30271,1863
30272,1863
30273,1866
30274,1863
30275,1863
30276,1862
30277,1865
30278,1863
30279,1863
30280,1861
30281,1859
30282,1858
30283,1858
30284,1857
30285,1858
30286,1859
30287,1862
30288,1863
30289,1866
30290,1862
30291,1863
30292,1859
30293,1863
30294,1861
30295,1857
30296,1859
30297,1857
30298,1855
30299,1861
30300,1857
30301,1861
30302,1863
30303,1862
30304,1861
30305,1863
30306,1861
30307,1862
30308,1862
30309,1866
30310,1863
30311,1863
30312,1859
30313,1859
30314,1856
30315,1858
30316,1856
30317,1856
30318,1847
30319,1856
30320,1859
30321,1862
30322,1862
30323,1859
30324,1857
30325,1853
30326,1856
30327,1858
30328,1857
30329,1855
30330,1859
30331,1856
30332,1856
30333,1856
30334,1856
30335,1857
30336,1858
30337,1859
30338,1863
30339,1859
30340,1862
30341,1863
30342,1861
30343,1860
30344,1865
30345,1863
30346,1859
30347,1857
30348,1858
30349,1856
30350,1856
30351,1855
30352,1856
30353,1857
30354,1853
30355,1854
30356,1853
30357,1854
30358,1856
30359,1855
30360,1862
30361,1859
30362,1863
30363,1861
30364,1856
30365,1855
30366,1855
30367,1855
30368,1856
30369,1856
30370,1857
30371,1859
30372,1858
30373,1861
30374,1861
30375,1859
30376,1861
30377,1864
30378,1865
30379,1863
30380,1866
30381,1857
30382,1858
30383,1857
30384,1851
30385,1851
30386,1851
30387,1855
30388,1857
30389,1862
30390,1862
30391,1861
30392,1856
30393,1861
30394,1863
30395,1862
30396,1860
30397,1859
30398,1857
30399,1857
30400,1857
30401,1856
30402,1857
30403,1858
30404,1859
30405,1860
30406,1865
30407,1861
30408,1860
30409,1859
30410,1862
30411,1865
30412,1864
30413,1860
30414,1853
30415,1852
30416,1851
30417,1853
30418,1854
30419,1857
30420,1857
30421,1858
30422,1858
30423,1859
30424,1858
30425,1858
30426,1857
30427,1861
30428,1861
30429,1859
30430,1857
30431,1857
30432,1855
30433,1856
30434,1855
30435,1856
30436,1856
30437,1859
30438,1855
30439,1865
30440,1859
30441,1861
30442,1859
30443,1863
30444,1857
30445,1858
30446,1858
30447,1857
30448,1856
30449,1851
30450,1852
30451,1860
30452,1858
30453,1857
30454,1858
30455,1859
30456,1858
30457,1859
30458,1860
30459,1857
30460,1861
30461,1862
30462,1863
30463,1858
30464,1859
30465,1859
30466,1856
30467,1858
30468,1857
30469,1856
30470,1859
30471,1859
30472,1862
30473,1859
30474,1857
30475,1856
30476,1855
30477,1856
30478,1857
30479,1856
30480,1859
30481,1858
30482,1856
30483,1856
30484,1856
30485,1855
30486,1855
30487,1859
30488,1859
30489,1861
30490,1862
30491,1859
30492,1859
30493,1863
30494,1863
30495,1861
30496,1858
30497,1860
30498,1856
30499,1857
30500,1856
30501,1856
30502,1856
30503,1858
30504,1855
30505,1854
30506,1855
30507,1856
30508,1855
30509,1856
30510,1858
30511,1862
30512,1862
30513,1859
30514,1858
30515,1861
30516,1860
30517,1859
30518,1854
30519,1859
30520,1859
30521,1861
30522,1862
30523,1859
30524,1861
30525,1862
30526,1862
30527,1863
30528,1868
30529,1865
30530,1859
30531,1859
30532,1859
30533,1861
30534,1855
30535,1854
30536,1856
30537,1856
30538,1856
30539,1856
30540,1861
30541,1862
30542,1860
30543,1862
30544,1862
30545,1859
30546,1862
30547,1862
30548,1860
30549,1859
30550,1858
30551,1859
30552,1858
30553,1861
30554,1859
30555,1857
30556,1857
30557,1860
30558,1859
30559,1860
30560,1859
30561,1863
30562,1861
30563,1860
30564,1856
30565,1857
30566,1857
30567,1855
30568,1856
30569,1855
30570,1858
30571,1859
30572,1859
30573,1860
30574,1859
30575,1859
30576,1856
30577,1856
30578,1857
30579,1858
30580,1859
30581,1862
30582,1858
30583,1857
30584,1858
30585,1860
30586,1858
30587,1859
30588,1858
30589,1859
30590,1859
30591,1859
30592,1857
30593,1858
30594,1856
30595,1853
30596,1856
30597,1856
30598,1857
30599,1862
30600,1860
30601,1861
30602,1859
30603,1859
30604,1858
30605,1859
30606,1858
30607,1859
30608,1856
30609,1856
30610,1861
30611,1857
30612,1859
30613,1866
30614,1861
30615,1860
30616,1859
30617,1857
30618,1851
30619,1856
30620,1857
30621,1856
30622,1857
30623,1858
30624,1854
30625,1853
30626,1852
30627,1856
30628,1855
30629,1856
30630,1860
30631,1862
30632,1863
30633,1861
30634,1861
30635,1859
30636,1859
30637,1859
30638,1862
30639,1859
30640,1862
30641,1860
30642,1859
30643,1858
30644,1861
30645,1861
30646,1862
30647,1863
30648,1865
30649,1859
30650,1860
30651,1861
30652,1858
30653,1862
30654,1855
30655,1856
30656,1856
30657,1856
30658,1859
30659,1854
30660,1856
30661,1862
30662,1865
30663,1861
30664,1862
30665,1859
30666,1856
30667,1860
30668,1857
30669,1858
30670,1859
30671,1857
30672,1856
30673,1858
30674,1859
30675,1856
30676,1856
30677,1858
30678,1859
30679,1859
30680,1861
30681,1859
30682,1860
30683,1861
30684,1856
30685,1855
30686,1856
30687,1857
30688,1856
30689,1862
30690,1863
30691,1860
30692,1858
30693,1860
30694,1862
30695,1861
30696,1861
30697,1861
30698,1862
30699,1859
30700,1859
30701,1859
30702,1857
30703,1861
30704,1862
30705,1860
30706,1862
30707,1863
30708,1862
30709,1860
30710,1857
30711,1859
30712,1861
30713,1861
30714,1855
30715,1854
30716,1854
30717,1851
30718,1853
30719,1857
30720,1857
30721,1856
30722,1858
30723,1858
30724,1860
30725,1856
30726,1857
30727,1859
30728,1858
30729,1862
30730,1858
30731,1859
30732,1858
30733,1857
30734,1857
30735,1857
30736,1858
30737,1857
30738,1855
30739,1858
30740,1859
30741,1857
30742,1856
30743,1856
30744,1852
30745,1852
30746,1854
30747,1852
30748,1853
30749,1847
30750,1850
30751,1856
30752,1856
30753,1857
30754,1857
30755,1856
30756,1857
30757,1859
30758,1857
30759,1856
30760,1857
30761,1862
30762,1859
30763,1863
30764,1863
30765,1859
30766,1857
30767,1858
30768,1857
30769,1857
30770,1858
30771,1857
30772,1860
30773,1858
30774,1853
30775,1851
30776,1851
30777,1853
30778,1855
30779,1855
30780,1862
30781,1860
30782,1857
30783,1859
30784,1858
30785,1859
30786,1859
30787,1861
30788,1861
30789,1862
30790,1861
30791,1861
30792,1860
30793,1861
30794,1862
30795,1863
30796,1863
30797,1862
30798,1861
30799,1858
30800,1858
30801,1859
30802,1857
30803,1858
30804,1851
30805,1854
30806,1853
30807,1855
30808,1855
30809,1858
30810,1858
30811,1860
30812,1861
30813,1862
30814,1858
30815,1859
30816,1858
30817,1859
30818,1859
30819,1856
30820,1858
30821,1861
30822,1861
30823,1862
30824,1860
30825,1857
30826,1859
30827,1859
30828,1862
30829,1862
30830,1857
30831,1859
30832,1858
30833,1860
30834,1856
30835,1855
30836,1856
30837,1856
30838,1854
30839,1855
30840,1858
30841,1858
30842,1858
30843,1858
30844,1861
30845,1862
30846,1862
30847,1859
30848,1859
30849,1857
30850,1859
30851,1858
30852,1858
30853,1861
30854,1859
30855,1863
30856,1861
30857,1859
30858,1859
30859,1858
30860,1858
30861,1862
30862,1861
30863,1861
30864,1854
30865,1856
30866,1856
30867,1855
30868,1855
30869,1855
30870,1862
30871,1863
30872,1860
30873,1859
30874,1859
30875,1858
30876,1857
30877,1861
30878,1862
30879,1861
30880,1859
30881,1861
30882,1859
30883,1859
30884,1858
30885,1859
30886,1857
30887,1859
30888,1860
30889,1858
30890,1858
30891,1856
30892,1857
30893,1856
30894,1856
30895,1856
30896,1855
30897,1855
30898,1855
30899,1858
30900,1858
30901,1860
30902,1861
30903,1860
30904,1861
30905,1861
30906,1861
30907,1865
30908,1863
30909,1862
30910,1862
30911,1864
30912,1863
30913,1865
30914,1862
30915,1860
30916,1858
30917,1859
30918,1854
30919,1858
30920,1861
30921,1862
30922,1862
30923,1859
30924,1856
30925,1853
30926,1854
30927,1856
30928,1856
30929,1853
30930,1857
30931,1858
30932,1861
30933,1856
30934,1856
30935,1856
30936,1855
30937,1857
30938,1854
30939,1859
30940,1857
30941,1857
30942,1857
30943,1857
30944,1857
30945,1861
30946,1859
30947,1861
30948,2737
30949,669
30950,2070
30951,2659
30952,2768
30953,2695
30954,2559
30955,2386
30956,2215
30957,1983
30958,1792
30959,1535
30960,1111
30961,849
30962,1054
30963,1408
30964,1631
30965,1737
30966,1775
30967,1776
30968,1771
30969,1776
30970,1794
30971,1837
30972,1874
30973,1890
30974,1899
30975,1890
30976,1877
30977,1885
30978,1891
30979,2187
30980,464
30981,1958
30982,2640
30983,2873
30984,2837
30985,2682
30986,2480
30987,2190
30988,1826
30989,1585
30990,1128
30991,779
30992,1008
30993,1381
30994,1578
30995,1717
30996,1792
30997,1805
30998,1808
30999,1807
31000,1834
31001,1872
31002,1893
31003,1906
31004,1910
31005,1916
31006,1919
31007,1925
31008,1930
31009,1934
31010,1956
31011,393
31012,1855
31013,2607
31014,2942
31015,2918
31016,2737
31017,2484
31018,2023
31019,1664
31020,1330
31021,845
31022,850
31023,1328
31024,1535
31025,1648
31026,1745
31027,1801
31028,1819
31029,1825
31030,1841
31031,1874
31032,1894
31033,1911
31034,1931
31035,1947
31036,1942
31037,1936
31038,1925
31039,1919
31040,1902
31041,1895
31042,368
31043,1782
31044,2607
31045,2993
31046,2979
31047,2759
31048,2399
31049,1799
31050,1466
31051,976
31052,695
31053,1178
31054,1584
31055,1682
31056,1751
31057,1802
31058,1818
31059,1822
31060,1819
31061,1850
31062,1899
31063,1936
31064,1939
31065,1929
31066,1915
31067,1906
31068,1916
31069,1920
31070,1924
31071,1916
31072,1904
31073,501
31074,1639
31075,2672
31076,3205
31077,3147
31078,2815
31079,2230
31080,1494
31081,1223
31082,734
31083,791
31084,1382
31085,1695
31086,1769
31087,1798
31088,1808
31089,1811
31090,1797
31091,1808
31092,1841
31093,1872
31094,1909
31095,1926
31096,1947
31097,1954
31098,1943
31099,1931
31100,1906
31101,1887
31102,1872
31103,1879
31104,673
31105,1488
31106,2751
31107,3567
31108,3394
31109,2902
31110,2007
31111,1267
31112,933
31113,511
31114,904
31115,1494
31116,1737
31117,1795
31118,1811
31119,1815
31120,1803
31121,1779
31122,1789
31123,1823
31124,1861
31125,1901
31126,1919
31127,1933
31128,1942
31129,1943
31130,1939
31131,1930
31132,1909
31133,1904
31134,1904
31135,777
31136,1461
31137,2742
31138,3702
31139,3544
31140,3013
31141,2064
31142,1267
31143,733
31144,384
31145,936
31146,1486
31147,1722
31148,1799
31149,1823
31150,1812
31151,1797
31152,1767
31153,1797
31154,1856
31155,1904
31156,1921
31157,1921
31158,1913
31159,1947
31160,1985
31161,1974
31162,1949
31163,1926
31164,1888
31165,1890
31166,1063
31167,1267
31168,2527
31169,3582
31170,3622
31171,3125
31172,2222
31173,1384
31174,724
31175,336
31176,865
31177,1453
31178,1718
31179,1817
31180,1840
31181,1831
31182,1806
31183,1776
31184,1808
31185,1850
31186,1896
31187,1925
31188,1961
31189,1988
31190,1999
31191,1984
31192,1946
31193,1906
31194,1871
31195,1851
31196,1871
31197,1407
31198,1111
31199,2354
31200,3319
31201,3567
31202,3154
31203,2320
31204,1463
31205,832
31206,400
31207,871
31208,1433
31209,1687
31210,1793
31211,1831
31212,1836
31213,1826
31214,1808
31215,1833
31216,1870
31217,1905
31218,1927
31219,1950
31220,1957
31221,1952
31222,1939
31223,1927
31224,1922
31225,1920
31226,1914
31227,1911
31228,1925
31229,955
31230,2245
31231,3190
31232,3549
31233,3172
31234,2383
31235,1521
31236,910
31237,407
31238,815
31239,1393
31240,1664
31241,1779
31242,1824
31243,1837
31244,1843
31245,1833
31246,1845
31247,1873
31248,1905
31249,1923
31250,1936
31251,1942
31252,1939
31253,1937
31254,1925
31255,1919
31256,1914
31257,1909
31258,1904
31259,2624
31260,759
31261,2142
31262,3121
31263,3615
31264,3233
31265,2496
31266,1616
31267,975
31268,395
31269,764
31270,1355
31271,1639
31272,1763
31273,1808
31274,1818
31275,1814
31276,1808
31277,1839
31278,1883
31279,1936
31280,1967
31281,1968
31282,1930
31283,1922
31284,1907
31285,1904
31286,1906
31287,1907
31288,1908
31289,1913
31290,2383
31291,496
31292,1981
31293,2971
31294,3612
31295,3283
31296,2618
31297,1729
31298,1054
31299,413
31300,698
31301,1313
31302,1623
31303,1759
31304,1809
31305,1825
31306,1834
31307,1818
31308,1837
31309,1872
31310,1913
31311,1950
31312,1967
31313,1966
31314,1931
31315,1915
31316,1917
31317,1910
31318,1909
31319,1905
31320,1907
31321,2192
31322,455
31323,1938
31324,2937
31325,3574
31326,3231
31327,2588
31328,1729
31329,1058
31330,439
31331,752
31332,1350
31333,1646
31334,1767
31335,1813
31336,1825
31337,1821
31338,1801
31339,1840
31340,1883
31341,1926
31342,1942
31343,1987
31344,2006
31345,1998
31346,1957
31347,1904
31348,1847
31349,1818
31350,1862
31351,1895
31352,1898
31353,375
31354,1803
31355,2838
31356,3577
31357,3268
31358,2666
31359,1869
31360,1161
31361,502
31362,692
31363,1306
31364,1626
31365,1766
31366,1812
31367,1819
31368,1811
31369,1791
31370,1809
31371,1854
31372,1895
31373,1921
31374,1933
31375,1943
31376,1945
31377,1951
31378,1947
31379,1937
31380,1922
31381,1910
31382,1904
31383,1901
31384,447
31385,1677
31386,2736
31387,3555
31388,3302
31389,2720
31390,1904
31391,1203
31392,533
31393,647
31394,1271
31395,1616
31396,1761
31397,1815
31398,1822
31399,1814
31400,1790
31401,1798
31402,1840
31403,1897
31404,1931
31405,1945
31406,1970
31407,1984
31408,1983
31409,1962
31410,1922
31411,1898
31412,1869
31413,1863
31414,1882
31415,587
31416,1557
31417,2677
31418,3493
31419,3297
31420,2767
31421,2027
31422,1293
31423,590
31424,611
31425,1221
31426,1589
31427,1753
31428,1820
31429,1829
31430,1823
31431,1791
31432,1776
31433,1814
31434,1871
31435,1908
31436,1931
31437,1936
31438,1938
31439,1941
31440,1939
31441,1943
31442,1936
31443,1916
31444,1919
31445,1919
31446,670
31447,1509
31448,2634
31449,3495
31450,3314
31451,2784
31452,2074
31453,1299
31454,597
31455,625
31456,1234
31457,1595
31458,1748
31459,1808
31460,1818
31461,1810
31462,1775
31463,1779
31464,1827
31465,1887
31466,1918
31467,1931
31468,1935
31469,1941
31470,1941
31471,1939
31472,1934
31473,1929
31474,1920
31475,1904
31476,1905
31477,884
31478,1361
31479,2523
31480,3418
31481,3319
31482,2807
31483,2133
31484,1357
31485,646
31486,569
31487,1174
31488,1566
31489,1729
31490,1802
31491,1821
31492,1818
31493,1808
31494,1817
31495,1859
31496,1891
31497,1917
31498,1936
31499,1947
31500,1938
31501,1936
31502,1934
31503,1932
31504,1923
31505,1922
31506,1918
31507,1905
31508,1425
31509,1105
31510,2380
31511,3341
31512,3374
31513,2880
31514,2251
31515,1473
31516,730
31517,507
31518,1083
31519,1514
31520,1712
31521,1793
31522,1814
31523,1819
31524,1801
31525,1797
31526,1831
31527,1872
31528,1911
31529,1931
31530,1938
31531,1955
31532,1941
31533,1935
31534,1936
31535,1931
31536,1919
31537,1914
31538,1904
31539,1935
31540,941
31541,2285
31542,3239
31543,3392
31544,2939
31545,2382
31546,1616
31547,793
31548,487
31549,1051
31550,1493
31551,1699
31552,1786
31553,1805
31554,1795
31555,1763
31556,1751
31557,1802
31558,1869
31559,1911
31560,1950
31561,1952
31562,1941
31563,1932
31564,1926
31565,1925
31566,1917
31567,1915
31568,1911
31569,1906
31570,1905
31571,1904
31572,1904
31573,1899
31574,1893
31575,1885
31576,1881
31577,1882
31578,1883
31579,1873
31580,1872
31581,1868
31582,1864
31583,1861
31584,1850
31585,1851
31586,1849
31587,1850
31588,1856
31589,1865
31590,1871
31591,1871
31592,1858
31593,1856
31594,1863
31595,1863
31596,1863
31597,1862
31598,1856
31599,1856
31600,1852
31601,1851
31602,1850
31603,1856
31604,1863
31605,1862
31606,1858
31607,1855
31608,1859
31609,1860
31610,1863
31611,1868
31612,1869
31613,1865
31614,1856
31615,1851
31616,1846
31617,1842
31618,1845
31619,1853
31620,1855
31621,1858
31622,1859
31623,1857
31624,1860
31625,1859
31626,1860
31627,1865
31628,1870
31629,1872
31630,1869
31631,1865
31632,1857
31633,1854
31634,1854
31635,1855
31636,1851
31637,1856
31638,1856
31639,1850
31640,1854
31641,1854
31642,1855
31643,1856
31644,1861
31645,1858
31646,1856
31647,1856
31648,1856
31649,1850
31650,1841
31651,1853
31652,1853
31653,1856
31654,1858
31655,1857
31656,1863
31657,1861
31658,1859
31659,1859
31660,1864
31661,1866
31662,1865
31663,1867
31664,1867
31665,1859
31666,1856
31667,1855
31668,1851
31669,1855
31670,1858
31671,1862
31672,1863
31673,1862
31674,1859
31675,1857
31676,1858
31677,1861
31678,1865
31679,1862
31680,1861
31681,1866
31682,1863
31683,1856
31684,1858
31685,1857
31686,1855
31687,1856
31688,1857
31689,1861
31690,1859
31691,1859
31692,1861
31693,1863
31694,1872
31695,1871
31696,1868
31697,1866
31698,1861
31699,1859
31700,1856
31701,1858
31702,1855
31703,1856
31704,1854
31705,1853
31706,1854
31707,1853
31708,1856
31709,1866
31710,1869
31711,1871
31712,1868
31713,1867
31714,1865
31715,1862
31716,1859
31717,1855
31718,1842
31719,1853
31720,1855
31721,1856
31722,1861
31723,1862
31724,1862
31725,1861
31726,1863
31727,1866
31728,1870
31729,1869
31730,1866
31731,1863
31732,1857
31733,1856
31734,1850
31735,1849
31736,1853
31737,1855
31738,1856
31739,1862
31740,1859
31741,1865
31742,1859
31743,1859
31744,1866
31745,1867
31746,1868
31747,1864
31748,1861
31749,1859
31750,1855
31751,1856
31752,1856
31753,1859
31754,1857
31755,1858
31756,1858
31757,1860
31758,1860
31759,1857
31760,1859
31761,1866
31762,1865
31763,1865
31764,1854
31765,1851
31766,1851
31767,1850
31768,1850
31769,1851
31770,1857
31771,1857
31772,1857
31773,1857
31774,1859
31775,1865
31776,1869
31777,1873
31778,1875
31779,1860
31780,1857
31781,1860
31782,1859
31783,1855
31784,1856
31785,1854
31786,1854
31787,1854
31788,1856
31789,1859
31790,1858
31791,1860
31792,1859
31793,1858
31794,1857
31795,1857
31796,1857
31797,1856
31798,1856
31799,1859
31800,1858
31801,1858
31802,1856
31803,1856
31804,1858
31805,1860
31806,1863
31807,1862
31808,1863
31809,1861
31810,1862
31811,1866
31812,1867
31813,1863
31814,1859
31815,1858
31816,1859
31817,1858
31818,1856
31819,1850
31820,1851
31821,1853
31822,1855
31823,1856
31824,1858
31825,1854
31826,1854
31827,1857
31828,1858
31829,1859
31830,1856
31831,1859
31832,1859
31833,1856
31834,1857
31835,1859
31836,1856
31837,1858
31838,1855
31839,1862
31840,1865
31841,1861
31842,1863
31843,1863
31844,1867
31845,1866
31846,1863
31847,1863
31848,1861
31849,1858
31850,1857
31851,1857
31852,1855
31853,1855
31854,1850
31855,1850
31856,1854
31857,1856
31858,1856
31859,1854
31860,1863
31861,1865
31862,1867
31863,1863
31864,1862
31865,1862
31866,1859
31867,1861
31868,1861
31869,1861
31870,1857
31871,1858
31872,1859
31873,1858
31874,1862
31875,1861
31876,1859
31877,1862
31878,1865
31879,1867
31880,1865
31881,1862
31882,1859
31883,1859
31884,1851
31885,1851
31886,1850
31887,1855
31888,1856
31889,1858
31890,1860
31891,1859
31892,1861
31893,1859
31894,1866
31895,1867
31896,1867
31897,1869
31898,1863
31899,1860
31900,1858
31901,1858
31902,1856
31903,1858
31904,1859
31905,1857
31906,1858
31907,1861
31908,1859
31909,1857
31910,1857
31911,1863
31912,1862
31913,1863
31914,1857
31915,1857
31916,1853
31917,1850
31918,1850
31919,1855
31920,1859
31921,1859
31922,1863
31923,1858
31924,1858
31925,1856
31926,1859
31927,1862
31928,1866
31929,1861
31930,1858
31931,1856
31932,1856
31933,1856
31934,1857
31935,1856
31936,1857
31937,1858
31938,1854
31939,1854
31940,1858
31941,1858
31942,1860
31943,1859
31944,1855
31945,1853
31946,1856
31947,1856
31948,1855
31949,1854
31950,1852
31951,1862
31952,1863
31953,1861
31954,1861
31955,1859
31956,1861
31957,1859
31958,1857
31959,1857
31960,1856
31961,1858
31962,1856
31963,1859
31964,1862
31965,1861
31966,1862
31967,1860
31968,1858
31969,1858
31970,1856
31971,1856
31972,1857
31973,1857
31974,1852
31975,1851
31976,1853
31977,1854
31978,1854
31979,1854
31980,1857
31981,1861
31982,1863
31983,1861
31984,1862
31985,1860
31986,1858
31987,1859
31988,1859
31989,1859
31990,1859
31991,1859
31992,1859
31993,1859
31994,1858
31995,1863
31996,1863
31997,1862
31998,1866
31999,1861
32000,1862
32001,1865
32002,1862
32003,1858
32004,1854
32005,1854
32006,1854
32007,1856
32008,1856
32009,1857
32010,1856
32011,1857
32012,1859
32013,1861
32014,1862
32015,1862
32016,1861
32017,1859
32018,1855
32019,1861
32020,1860
32021,1861
32022,1858
32023,1858
32024,1856
32025,1856
32026,1855
32027,1856
32028,1857
32029,1859
32030,1860
32031,1858
32032,1863
32033,1861
32034,1857
32035,1857
32036,1856
32037,1854
32038,1855
32039,1853
32040,1850
32041,1858
32042,1856
32043,1854
32044,1853
32045,1856
32046,1858
32047,1862
32048,1859
32049,1859
32050,1862
32051,1862
32052,1861
32053,1859
32054,1861
32055,1857
32056,1860
32057,1857
32058,1859
32059,1856
32060,1856
32061,1856
32062,1858
32063,1857
32064,1856
32065,1854
32066,1857
32067,1856
32068,1856
32069,1853
32070,1859
32071,1858
32072,1862
32073,1859
32074,1860
32075,1859
32076,1857
32077,1859
32078,1859
32079,1857
32080,1861
32081,1861
32082,1861
32083,1859
32084,1861
32085,1861
32086,1859
32087,1863
32088,1861
32089,1859
32090,1861
32091,1857
32092,1859
32093,1858
32094,1852
32095,1852
32096,1854
32097,1856
32098,1856
32099,1863
32100,1862
32101,1858
32102,1858
32103,1857
32104,1858
32105,1857
32106,1860
32107,1858
32108,1858
32109,1857
32110,1857
32111,1859
32112,1860
32113,1857
32114,1856
32115,1860
32116,1857
32117,1858
32118,1850
32119,1858
32120,1858
32121,1856
32122,1857
32123,1860
32124,1851
32125,1850
32126,1849
32127,1851
32128,1856
32129,1854
32130,1850
32131,1861
32132,1859
32133,1858
32134,1859
32135,1858
32136,1859
32137,1858
32138,1855
32139,1859
32140,1859
32141,1859
32142,1856
32143,1855
32144,1858
32145,1857
32146,1860
32147,1859
32148,1862
32149,1861
32150,1862
32151,1862
32152,1861
32153,1861
32154,1856
32155,1856
32156,1857
32157,1857
32158,1859
32159,1856
32160,1858
32161,1860
32162,1866
32163,1863
32164,1862
32165,1862
32166,1859
32167,1860
32168,1859
32169,1858
32170,1858
32171,1857
32172,1858
32173,1861
32174,1861
32175,1860
32176,1856
32177,1857
32178,1859
32179,1859
32180,1857
32181,1862
32182,1863
32183,1861
32184,1855
32185,1855
32186,1855
32187,1856
32188,1856
32189,1863
32190,1859
32191,1858
32192,1861
32193,1860
32194,1860
32195,1858
32196,1861
32197,1866
32198,1862
32199,1863
32200,1863
32201,1862
32202,1858
32203,1861
32204,1859
32205,1858
32206,1859
32207,1861
32208,1861
32209,1859
32210,1858
32211,1857
32212,1860
32213,1860
32214,1855
32215,1853
32216,1854
32217,1853
32218,1855
32219,1859
32220,1859
32221,1859
32222,1861
32223,1863
32224,1863
32225,1866
32226,1859
32227,1857
32228,1858
32229,1860
32230,1858
32231,1857
32232,1855
32233,1857
32234,1856
32235,1857
32236,1859
32237,1857
32238,1853
32239,1859
32240,1861
32241,1860
32242,1857
32243,1856
32244,1849
32245,1850
32246,1851
32247,1856
32248,1856
32249,1854
32250,1855
32251,1861
32252,1859
32253,1856
32254,1860
32255,1860
32256,1863
32257,1859
32258,1860
32259,1857
32260,1856
32261,1859
32262,1856
32263,1859
32264,1860
32265,1862
32266,1857
32267,1858
32268,1859
32269,1860
32270,1859
32271,1861
32272,1861
32273,1860
32274,1853
32275,1853
32276,1856
32277,1856
32278,1858
32279,1860
32280,1865
32281,1866
32282,1865
32283,1862
32284,1860
32285,1861
32286,1856
32287,1858
32288,1858
32289,1861
32290,1860
32291,1861
32292,1857
32293,1857
32294,1860
32295,1860
32296,1861
32297,1861
32298,1865
32299,1860
32300,1861
32301,1858
32302,1856
32303,1859
32304,1852
32305,1854
32306,1855
32307,1854
32308,1855
32309,1856
32310,1856
32311,1859
32312,1862
32313,1859
32314,1859
32315,1859
32316,1862
32317,1858
32318,1855
32319,1859
32320,1859
32321,1858
32322,1858
32323,1858
32324,1861
32325,1861
32326,1858
32327,1859
32328,1861
32329,1860
32330,1865
32331,1860
32332,1861
32333,1861
32334,1857
32335,1855
32336,1854
32337,1856
32338,1856
32339,1854
32340,1854
32341,1859
32342,1858
32343,1856
32344,1856
32345,1857
32346,1858
32347,1857
32348,1859
32349,1861
32350,1857
32351,1859
32352,1858
32353,1856
32354,1858
32355,1855
32356,1856
32357,1855
32358,1856
32359,1856
32360,1856
32361,1858
32362,1858
32363,1859
32364,1855
32365,1856
32366,1857
32367,1854
32368,1856
32369,1856
32370,1859
32371,1860
32372,1861
32373,1860
32374,1862
32375,1862
32376,1859
32377,1859
32378,1862
32379,1861
32380,1862
32381,1861
32382,1862
32383,1859
32384,1862
32385,1861
32386,1860
32387,1859
32388,1859
32389,1859
32390,1857
32391,1856
32392,1857
32393,1855
32394,1851
32395,1851
32396,1849
32397,1854
32398,1853
32399,1858
32400,1857
32401,1857
32402,1861
32403,1856
32404,1857
32405,1857
32406,1858
32407,1856
32408,1858
32409,1856
32410,1858
32411,1859
32412,1859
32413,1859
32414,1858
32415,1860
32416,1859
32417,1859
32418,1853
32419,1860
32420,1859
32421,1856
32422,1859
32423,1858
32424,1853
32425,1854
32426,1851
32427,1850
32428,1854
32429,1851
32430,1851
32431,1861
32432,1862
32433,1859
32434,1862
32435,1861
32436,1863
32437,1859
32438,1855
32439,1861
32440,1861
32441,1860
32442,1859
32443,1859
32444,1858
32445,1861
32446,1865
32447,1862
32448,1862
32449,1862
32450,1862
32451,1858
32452,1862
32453,1861
32454,1854
32455,1855
32456,1857
32457,1856
32458,1856
32459,1854
32460,1849
32461,1857
32462,1860
32463,1860
32464,1859
32465,1859
32466,1858
32467,1858
32468,1857
32469,1857
32470,1856
32471,1856
32472,1856
32473,1859
32474,1859
32475,1859
32476,1857
32477,1857
32478,1858
32479,1857
32480,1857
32481,1858
32482,1859
32483,1860
32484,1853
32485,1855
32486,1853
32487,1856
32488,1856
32489,1856
32490,1859
32491,1861
32492,1861
32493,1863
32494,1861
32495,1861
32496,1862
32497,1862
32498,1861
32499,1862
32500,1863
32501,1860
32502,1860
32503,1861
32504,1859
32505,1862
32506,1861
32507,1858
32508,1858
32509,1857
32510,1857
32511,1857
32512,1858
32513,1857
32514,1854
32515,1853
32516,1854
32517,1851
32518,1853
32519,1856
32520,1857
32521,1855
32522,1857
32523,1856
32524,1856
32525,1856
32526,1857
32527,1857
32528,1858
32529,1861
32530,1861
32531,1863
32532,1862
32533,1860
32534,1863
32535,1858
32536,1859
32537,1859
32538,1851
32539,1858
32540,1858
32541,1859
32542,1859
32543,1856
32544,1851
32545,1851
32546,1851
32547,1853
32548,1856
32549,1853
32550,1855
32551,1859
32552,1857
32553,1857
32554,1859
32555,1859
32556,1858
32557,1858
32558,1858
32559,1856
32560,1856
32561,1858
32562,1860
32563,1858
32564,1859
32565,991
32566,1277
32567,2294
32568,2682
32569,2733
32570,2653
32571,2525
32572,2331
32573,2176
32574,1997
32575,1842
32576,1626
32577,1183
32578,835
32579,950
32580,1325
32581,1570
32582,1696
32583,1744
32584,1760
32585,1769
32586,1766
32587,1777
32588,1824
32589,1866
32590,1889
32591,1904
32592,1909
32593,1914
32594,1911
32595,1893
32596,1458
32597,1136
32598,2272
32599,2671
32600,2781
32601,2743
32602,2637
32603,2422
32604,2151
32605,1886
32606,1659
32607,1156
32608,763
32609,959
32610,1365
32611,1616
32612,1755
32613,1805
32614,1810
32615,1808
32616,1805
32617,1834
32618,1863
32619,1897
32620,1914
32621,1924
32622,1930
32623,1919
32624,1906
32625,1913
32626,1920
32627,2394
32628,875
32629,2160
32630,2663
32631,2821
32632,2770
32633,2617
32634,2394
32635,2054
32636,1749
32637,1445
32638,978
32639,833
32640,1240
32641,1530
32642,1678
32643,1763
32644,1793
32645,1806
32646,1801
32647,1808
32648,1850
32649,1881
32650,1903
32651,1914
32652,1925
32653,1927
32654,1932
32655,1931
32656,1929
32657,1926
32658,2708
32659,779
32660,2123
32661,2690
32662,2841
32663,2745
32664,2559
32665,2317
32666,1914
32667,1644
32668,1168
32669,852
32670,1179
32671,1535
32672,1658
32673,1721
32674,1777
32675,1796
32676,1783
32677,1793
32678,1843
32679,1872
32680,1895
32681,1917
32682,1930
32683,1939
32684,1939
32685,1931
32686,1922
32687,1904
32688,1887
32689,2311
32690,496
32691,1995
32692,2715
32693,2907
32694,2769
32695,2543
32696,2180
32697,1735
32698,1478
32699,1053
32700,938
32701,1364
32702,1671
32703,1750
32704,1785
32705,1791
32706,1787
32707,1761
32708,1781
32709,1831
32710,1872
32711,1903
32712,1914
32713,1925
32714,1933
32715,1930
32716,1923
32717,1909
32718,1887
32719,1895
32720,1999
32721,380
32722,1920
32723,2768
32724,3039
32725,2905
32726,2625
32727,2023
32728,1575
32729,1344
32730,851
32731,992
32732,1472
32733,1718
32734,1767
32735,1780
32736,1773
32737,1751
32738,1747
32739,1811
32740,1872
32741,1911
32742,1936
32743,1934
32744,1913
32745,1905
32746,1904
32747,1907
32748,1911
32749,1914
32750,1907
32751,1917
32752,351
32753,1882
32754,2935
32755,3479
32756,3169
32757,2719
32758,1805
32759,1349
32760,953
32761,594
32762,1033
32763,1531
32764,1748
32765,1809
32766,1808
32767,1783
32768,1751
32769,1766
32770,1818
32771,1869
32772,1904
32773,1973
32774,2007
32775,1995
32776,1959
32777,1911
32778,1870
32779,1844
32780,1863
32781,1904
32782,1909
32783,455
32784,1703
32785,2879
32786,3695
32787,3361
32788,2842
32789,1806
32790,1263
32791,747
32792,494
32793,1069
32794,1559
32795,1754
32796,1819
32797,1823
32798,1794
32799,1761
32800,1783
32801,1836
32802,1879
32803,1915
32804,1939
32805,1965
32806,1982
32807,1969
32808,1951
32809,1925
32810,1901
32811,1875
32812,1863
32813,1888
32814,510
32815,1619
32816,2801
32817,3728
32818,3476
32819,2911
32820,1867
32821,1281
32822,655
32823,464
32824,1047
32825,1529
32826,1735
32827,1812
32828,1822
32829,1798
32830,1776
32831,1798
32832,1845
32833,1883
32834,1920
32835,1941
32836,1956
32837,1943
32838,1934
32839,1962
32840,1969
32841,1949
32842,1921
32843,1888
32844,1887
32845,673
32846,1478
32847,2653
32848,3577
32849,3506
32850,2976
32851,1968
32852,1319
32853,661
32854,447
32855,1047
32856,1531
32857,1739
32858,1815
32859,1822
32860,1807
32861,1781
32862,1798
32863,1849
32864,1899
32865,1935
32866,1957
32867,1978
32868,1983
32869,1968
32870,1936
32871,1920
32872,1899
32873,1867
32874,1861
32875,1881
32876,889
32877,1342
32878,2490
32879,3394
32880,3467
32881,2975
32882,2043
32883,1401
32884,765
32885,506
32886,1067
32887,1527
32888,1731
32889,1814
32890,1833
32891,1815
32892,1792
32893,1805
32894,1849
32895,1900
32896,1933
32897,1947
32898,1952
32899,1947
32900,1936
32901,1933
32902,1925
32903,1921
32904,1914
32905,1908
32906,1904
32907,1444
32908,1097
32909,2361
32910,3303
32911,3520
32912,3051
32913,2182
32914,1505
32915,834
32916,485
32917,1022
32918,1485
32919,1699
32920,1794
32921,1820
32922,1808
32923,1775
32924,1776
32925,1824
32926,1863
32927,1905
32928,1953
32929,1953
32930,1961
32931,1963
32932,1945
32933,1926
32934,1909
32935,1904
32936,1904
32937,1902
32938,1680
32939,1017
32940,2331
32941,3376
32942,3633
32943,3083
32944,2187
32945,1474
32946,835
32947,470
32948,976
32949,1461
32950,1689
32951,1788
32952,1808
32953,1790
32954,1765
32955,1776
32956,1830
32957,1874
32958,1911
32959,1934
32960,1950
32961,1958
32962,1961
32963,1961
32964,1945
32965,1936
32966,1922
32967,1915
32968,1908
32969,2677
32970,735
32971,2176
32972,3202
32973,3575
32974,3120
32975,2288
32976,1555
32977,924
32978,468
32979,905
32980,1435
32981,1685
32982,1789
32983,1815
32984,1795
32985,1762
32986,1766
32987,1812
32988,1867
32989,1904
32990,1929
32991,1939
32992,1939
32993,1947
32994,1940
32995,1938
32996,1933
32997,1924
32998,1920
32999,1916
33000,2785
33001,640
33002,2129
33003,3141
33004,3506
33005,3110
33006,2345
33007,1649
33008,997
33009,508
33010,944
33011,1460
33012,1695
33013,1790
33014,1808
33015,1790
33016,1753
33017,1759
33018,1803
33019,1861
33020,1907
33021,1943
33022,1984
33023,1979
33024,1977
33025,1968
33026,1936
33027,1891
33028,1845
33029,1841
33030,1870
33031,2129
33032,418
33033,1967
33034,3014
33035,3577
33036,3167
33037,2448
33038,1708
33039,1083
33040,553
33041,877
33042,1389
33043,1655
33044,1775
33045,1805
33046,1792
33047,1759
33048,1759
33049,1804
33050,1856
33051,1907
33052,1936
33053,1949
33054,1947
33055,1931
33056,1909
33057,1911
33058,1925
33059,1913
33060,1907
33061,1917
33062,1921
33063,346
33064,1849
33065,2953
33066,3664
33067,3255
33068,2517
33069,1739
33070,1104
33071,529
33072,793
33073,1351
33074,1638
33075,1759
33076,1795
33077,1790
33078,1763
33079,1767
33080,1823
33081,1877
33082,1910
33083,1937
33084,1961
33085,1950
33086,1936
33087,1930
33088,1915
33089,1904
33090,1883
33091,1891
33092,1904
33093,1908
33094,406
33095,1738
33096,2835
33097,3605
33098,3277
33099,2597
33100,1853
33101,1205
33102,559
33103,739
33104,1303
33105,1613
33106,1750
33107,1804
33108,1799
33109,1776
33110,1775
33111,1813
33112,1871
33113,1915
33114,1941
33115,1958
33116,1953
33117,1946
33118,1932
33119,1913
33120,1899
33121,1904
33122,1915
33123,1913
33124,1907
33125,462
33126,1678
33127,2787
33128,3583
33129,3298
33130,2651
33131,1933
33132,1247
33133,570
33134,688
33135,1265
33136,1603
33137,1745
33138,1788
33139,1783
33140,1759
33141,1757
33142,1802
33143,1858
33144,1910
33145,1947
33146,1963
33147,1959
33148,1939
33149,1918
33150,1904
33151,1923
33152,1926
33153,1923
33154,1918
33155,1909
33156,709
33157,1458
33158,2640
33159,3598
33160,3407
33161,2743
33162,2007
33163,1312
33164,624
33165,598
33166,1191
33167,1562
33168,1725
33169,1779
33170,1778
33171,1771
33172,1771
33173,1808
33174,1849
33175,1893
33176,1920
33177,1935
33178,1946
33179,1953
33180,1958
33181,1965
33182,1954
33183,1935
33184,1905
33185,1902
33186,1904
33187,1904
33188,1903
33189,1901
33190,1894
33191,1890
33192,1886
33193,1882
33194,1883
33195,1883
33196,1878
33197,1875
33198,1872
33199,1866
33200,1862
33201,1857
33202,1851
33203,1851
33204,1854
33205,1856
33206,1858
33207,1857
33208,1857
33209,1861
33210,1861
33211,1869
33212,1865
33213,1865
33214,1865
33215,1857
33216,1855
33217,1854
33218,1844
33219,1848
33220,1844
33221,1851
33222,1853
33223,1854
33224,1855
33225,1859
33226,1858
33227,1859
33228,1865
33229,1862
33230,1862
33231,1859
33232,1856
33233,1853
33234,1843
33235,1842
33236,1844
33237,1845
33238,1852
33239,1855
33240,1852
33241,1861
33242,1859
33243,1856
33244,1861
33245,1865
33246,1862
33247,1861
33248,1857
33249,1854
33250,1850
33251,1852
33252,1853
33253,1855
33254,1856
33255,1859
33256,1859
33257,1857
33258,1856
33259,1856
33260,1856
33261,1860
33262,1859
33263,1861
33264,1855
33265,1850
33266,1846
33267,1845
33268,1847
33269,1845
33270,1846
33271,1857
33272,1856
33273,1862
33274,1857
33275,1859
33276,1858
33277,1858
33278,1862
33279,1865
33280,1869
33281,1865
33282,1862
33283,1858
33284,1856
33285,1857
33286,1856
33287,1860
33288,1865
33289,1862
33290,1866
33291,1862
33292,1857
33293,1863
33294,1869
33295,1871
33296,1858
33297,1849
33298,1855
33299,1862
33300,1856
33301,1856
33302,1855
33303,1855
33304,1866
33305,1866
33306,1867
33307,1863
33308,1863
33309,1863
33310,1866
33311,1869
33312,1869
33313,1863
33314,1865
33315,1862
33316,1857
33317,1855
33318,1843
33319,1851
33320,1855
33321,1857
33322,1857
33323,1857
33324,1851
33325,1855
33326,1856
33327,1861
33328,1869
33329,1867
33330,1865
33331,1870
33332,1869
33333,1866
33334,1860
33335,1858
33336,1858
33337,1863
33338,1856
33339,1860
33340,1865
33341,1861
33342,1861
33343,1862
33344,1867
33345,1870
33346,1869
33347,1862
33348,1861
33349,1859
33350,1860
33351,1857
33352,1860
33353,1857
33354,1858
33355,1856
33356,1857
33357,1857
33358,1861
33359,1856
33360,1862
33361,1865
33362,1869
33363,1866
33364,1862
33365,1859
33366,1857
33367,1856
33368,1855
33369,1856
33370,1856
33371,1855
33372,1855
33373,1861
33374,1861
33375,1867
33376,1866
33377,1866
33378,1871
33379,1872
33380,1867
33381,1861
33382,1861
33383,1855
33384,1843
33385,1845
33386,1852
33387,1854
33388,1855
33389,1863
33390,1863
33391,1860
33392,1863
33393,1861
33394,1867
33395,1869
33396,1869
33397,1870
33398,1863
33399,1858
33400,1857
33401,1859
33402,1857
33403,1856
33404,1856
33405,1859
33406,1862
33407,1861
33408,1862
33409,1859
33410,1861
33411,1863
33412,1863
33413,1861
33414,1856
33415,1855
33416,1854
33417,1849
33418,1851
33419,1856
33420,1857
33421,1859
33422,1859
33423,1858
33424,1861
33425,1859
33426,1859
33427,1857
33428,1865
33429,1863
33430,1865
33431,1865
33432,1862
33433,1858
33434,1861
33435,1859
33436,1857
33437,1856
33438,1854
33439,1859
33440,1859
33441,1862
33442,1864
33443,1862
33444,1861
33445,1863
33446,1862
33447,1861
33448,1859
33449,1856
33450,1853
33451,1857
33452,1857
33453,1857
33454,1862
33455,1861
33456,1861
33457,1862
33458,1865
33459,1865
33460,1865
33461,1866
33462,1866
33463,1868
33464,1866
33465,1861
33466,1859
33467,1856
33468,1854
33469,1855
33470,1856
33471,1858
33472,1859
33473,1862
33474,1858
33475,1857
33476,1855
33477,1856
33478,1861
33479,1859
33480,1866
33481,1863
33482,1859
33483,1856
33484,1856
33485,1860
33486,1862
33487,1861
33488,1859
33489,1860
33490,1861
33491,1862
33492,1861
33493,1859
33494,1859
33495,1859
33496,1862
33497,1863
33498,1863
33499,1861
33500,1858
33501,1857
33502,1858
33503,1859
33504,1856
33505,1856
33506,1856
33507,1859
33508,1856
33509,1861
33510,1863
33511,1861
33512,1863
33513,1859
33514,1857
33515,1855
33516,1856
33517,1856
33518,1823
33519,1856
33520,1855
33521,1856
33522,1858
33523,1860
33524,1861
33525,1861
33526,1858
33527,1859
33528,1859
33529,1862
33530,1863
33531,1859
33532,1863
33533,1865
33534,1857
33535,1856
33536,1856
33537,1856
33538,1858
33539,1859
33540,1856
33541,1865
33542,1862
33543,1861
33544,1862
33545,1865
33546,1863
33547,1862
33548,1866
33549,1865
33550,1866
33551,1865
33552,1861
33553,1861
33554,1863
33555,1859
33556,1863
33557,1861
33558,1863
33559,1859
33560,1858
33561,1861
33562,1859
33563,1862
33564,1858
33565,1859
33566,1859
33567,1856
33568,1856
33569,1855
33570,1859
33571,1863
33572,1857
33573,1857
33574,1857
33575,1859
33576,1856
33577,1856
33578,1857
33579,1859
33580,1856
33581,1861
33582,1862
33583,1861
33584,1859
33585,1858
33586,1856
33587,1858
33588,1856
33589,1856
33590,1857
33591,1856
33592,1856
33593,1856
33594,1850
33595,1853
33596,1856
33597,1856
33598,1857
33599,1865
33600,1863
33601,1859
33602,1858
33603,1858
33604,1857
33605,1858
33606,1859
33607,1859
33608,1861
33609,1863
33610,1857
33611,1858
33612,1861
33613,1865
33614,1863
33615,1861
33616,1861
33617,1862
33618,1855
33619,1860
33620,1859
33621,1861
33622,1861
33623,1861
33624,1857
33625,1856
33626,1853
33627,1856
33628,1855
33629,1853
33630,1852
33631,1858
33632,1864
33633,1861
33634,1858
33635,1858
33636,1861
33637,1858
33638,1861
33639,1861
33640,1862
33641,1863
33642,1863
33643,1858
33644,1858
33645,1858
33646,1859
33647,1856
33648,1857
33649,1856
33650,1857
33651,1859
33652,1858
33653,1856
33654,1851
33655,1851
33656,1852
33657,1853
33658,1856
33659,1853
33660,1850
33661,1856
33662,1857
33663,1858
33664,1859
33665,1861
33666,1861
33667,1863
33668,1860
33669,1859
33670,1860
33671,1861
33672,1861
33673,1859
33674,1863
33675,1861
33676,1859
33677,1856
33678,1861
33679,1861
33680,1863
33681,1863
33682,1861
33683,1861
33684,1857
33685,1859
33686,1857
33687,1856
33688,1857
33689,1861
33690,1863
33691,1866
33692,1863
33693,1860
33694,1862
33695,1866
33696,1863
33697,1863
33698,1863
33699,1861
33700,1861
33701,1860
33702,1859
33703,1863
33704,1857
33705,1856
33706,1857
33707,1859
33708,1857
33709,1856
33710,1856
33711,1857
33712,1860
33713,1859
33714,1856
33715,1855
33716,1856
33717,1853
33718,1853
33719,1857
33720,1855
33721,1857
33722,1858
33723,1859
33724,1859
33725,1860
33726,1857
33727,1857
33728,1858
33729,1859
33730,1859
33731,1861
33732,1862
33733,1861
33734,1857
33735,1860
33736,1858
33737,1858
33738,1855
33739,1859
33740,1861
33741,1862
33742,1860
33743,1856
33744,1851
33745,1853
33746,1855
33747,1853
33748,1857
33749,1856
33750,1855
33751,1862
33752,1862
33753,1860
33754,1861
33755,1862
33756,1861
33757,1860
33758,1860
33759,1858
33760,1861
33761,1861
33762,1862
33763,1862
33764,1866
33765,1862
33766,1861
33767,1859
33768,1859
33769,1858
33770,1858
33771,1856
33772,1857
33773,1857
33774,1853
33775,1851
33776,1849
33777,1851
33778,1853
33779,1850
33780,1858
33781,1861
33782,1862
33783,1863
33784,1861
33785,1859
33786,1858
33787,1858
33788,1859
33789,1861
33790,1865
33791,1862
33792,1865
33793,1860
33794,1858
33795,1858
33796,1863
33797,1861
33798,1859
33799,1858
33800,1859
33801,1861
33802,1859
33803,1858
33804,1854
33805,1851
33806,1855
33807,1856
33808,1855
33809,1859
33810,1857
33811,1857
33812,1861
33813,1860
33814,1861
33815,1862
33816,1859
33817,1861
33818,1859
33819,1854
33820,1858
33821,1858
33822,1859
33823,1861
33824,1857
33825,1862
33826,1859
33827,1862
33828,1862
33829,1860
33830,1866
33831,1861
33832,1859
33833,1861
33834,1853
33835,1855
33836,1853
33837,1854
33838,1855
33839,1854
33840,1855
33841,1858
33842,1858
33843,1856
33844,1858
33845,1864
33846,1862
33847,1862
33848,1860
33849,1861
33850,1860
33851,1860
33852,1857
33853,1859
33854,1858
33855,1860
33856,1860
33857,1861
33858,1860
33859,1859
33860,1859
33861,1860
33862,1858
33863,1862
33864,1854
33865,1856
33866,1856
33867,1856
33868,1856
33869,1851
33870,1851
33871,1857
33872,1857
33873,1861
33874,1861
33875,1858
33876,1859
33877,1857
33878,1860
33879,1861
33880,1861
33881,1858
33882,1858
33883,1859
33884,1858
33885,1857
33886,1856
33887,1857
33888,1859
33889,1857
33890,1858
33891,1858
33892,1859
33893,1857
33894,1850
33895,1856
33896,1855
33897,1853
33898,1856
33899,1855
33900,1853
33901,1855
33902,1860
33903,1859
33904,1859
33905,1859
33906,1860
33907,1860
33908,1865
33909,1859
33910,1858
33911,1863
33912,1862
33913,1863
33914,1863
33915,1865
33916,1863
33917,1861
33918,1855
33919,1859
33920,1859
33921,1859
33922,1862
33923,1859
33924,1861
33925,1854
33926,1853
33927,1852
33928,1854
33929,1853
33930,1856
33931,1864
33932,1863
33933,1862
33934,1863
33935,1863
33936,1866
33937,1861
33938,1857
33939,1863
33940,1862
33941,1862
33942,1862
33943,1859
33944,1857
33945,1857
33946,1858
33947,1857
33948,1856
33949,1858
33950,1857
33951,1859
33952,1856
33953,1857
33954,1850
33955,1853
33956,1853
33957,1853
33958,1856
33959,1852
33960,1856
33961,1857
33962,1858
33963,1857
33964,1858
33965,1861
33966,1859
33967,1859
33968,1858
33969,1856
33970,1857
33971,1857
33972,1857
33973,1858
33974,1856
33975,1860
33976,1857
33977,1858
33978,1859
33979,1859
33980,1860
33981,1861
33982,1861
33983,1857
33984,1856
33985,1855
33986,1855
33987,1856
33988,1856
33989,1858
33990,1857
33991,1859
33992,1858
33993,1857
33994,1855
33995,1860
33996,1859
33997,1861
33998,1863
33999,1863
34000,1861
34001,1861
34002,1860
34003,1858
34004,1859
34005,1858
34006,1859
34007,1857
34008,1861
34009,1861
34010,1859
34011,1857
34012,1857
34013,1862
34014,1856
34015,1856
34016,1855
34017,1855
34018,1855
34019,1862
34020,1860
34021,1859
34022,1859
34023,1859
34024,1861
34025,1858
34026,1858
34027,1858
34028,1859
34029,1862
34030,1861
34031,1860
34032,1861
34033,1862
34034,1859
34035,1862
34036,1863
34037,1861
34038,1856
34039,1861
34040,1861
34041,1860
34042,1860
34043,1856
34044,1850
34045,1851
34046,1851
34047,1855
34048,1856
34049,1854
34050,1853
34051,1861
34052,1856
34053,1857
34054,1857
34055,1858
34056,1857
34057,1858
34058,1858
34059,1855
34060,1856
34061,1857
34062,1859
34063,1859
34064,1861
34065,1860
34066,1861
34067,1859
34068,1859
34069,1858
34070,1859
34071,1859
34072,1863
34073,1861
34074,1856
34075,1856
34076,1855
34077,1854
34078,1856
34079,1854
34080,1862
34081,1859
34082,1861
34083,1860
34084,1860
34085,1859
34086,1861
34087,1860
34088,1860
34089,1859
34090,1861
34091,1859
34092,1861
34093,1859
34094,1860
34095,1861
34096,1859
34097,1861
34098,1861
34099,1859
34100,1858
34101,1857
34102,1857
34103,1857
34104,1856
34105,1853
34106,1856
34107,1856
34108,1856
34109,1857
34110,1856
34111,1856
34112,1858
34113,1860
34114,1860
34115,1858
34116,1859
34117,1857
34118,1853
34119,1858
34120,1858
34121,1857
34122,1857
34123,1856
34124,1859
34125,1858
34126,1856
34127,1856
34128,1856
34129,1858
34130,1856
34131,1858
34132,1857
34133,1857
34134,1851
34135,1853
34136,1853
34137,1851
34138,1855
34139,1854
34140,1853
34141,1859
34142,1858
34143,1857
34144,1856
34145,1858
34146,1864
34147,1862
34148,1868
34149,1864
34150,1862
34151,1863
34152,1861
34153,1860
34154,1858
34155,1861
34156,1862
34157,1862
34158,1863
34159,1859
34160,1862
34161,1859
34162,1863
34163,1860
34164,1856
34165,1855
34166,1855
34167,1855
34168,1854
34169,1850
34170,1857
34171,1857
34172,1858
34173,1861
34174,1859
34175,1860
34176,1857
34177,1858
34178,1859
34179,1859
34180,1860
34181,1862
34182,401
34183,1598
34184,2353
34185,2619
34186,2653
34187,2611
34188,2511
34189,2330
34190,2178
34191,1984
34192,1835
34193,1523
34194,1066
34195,895
34196,1152
34197,1447
34198,1632
34199,1729
34200,1751
34201,1763
34202,1767
34203,1771
34204,1792
34205,1825
34206,1850
34207,1872
34208,1885
34209,1893
34210,1904
34211,1904
34212,1904
34213,667
34214,1515
34215,2386
34216,2685
34217,2737
34218,2675
34219,2582
34220,2384
34221,2107
34222,1855
34223,1568
34224,1007
34225,848
34226,1181
34227,1470
34228,1652
34229,1751
34230,1787
34231,1806
34232,1805
34233,1807
34234,1833
34235,1858
34236,1877
34237,1895
34238,1903
34239,1917
34240,1920
34241,1919
34242,1919
34243,1920
34244,912
34245,1360
34246,2350
34247,2777
34248,2846
34249,2729
34250,2544
34251,2283
34252,1912
34253,1648
34254,1219
34255,848
34256,1101
34257,1472
34258,1616
34259,1717
34260,1779
34261,1807
34262,1799
34263,1791
34264,1811
34265,1886
34266,1931
34267,1941
34268,1926
34269,1907
34270,1897
34271,1877
34272,1879
34273,1881
34274,1904
34275,1057
34276,1273
34277,2314
34278,2737
34279,2759
34280,2625
34281,2464
34282,2160
34283,1830
34284,1584
34285,1142
34286,1066
34287,1429
34288,1650
34289,1712
34290,1775
34291,1799
34292,1792
34293,1771
34294,1777
34295,1833
34296,1867
34297,1889
34298,1907
34299,1917
34300,1916
34301,1918
34302,1911
34303,1905
34304,1903
34305,1898
34306,1719
34307,1004
34308,2190
34309,2644
34310,2690
34311,2550
34312,2391
34313,2043
34314,1753
34315,1569
34316,1274
34317,1305
34318,1590
34319,1757
34320,1790
34321,1795
34322,1782
34323,1757
34324,1746
34325,1783
34326,1820
34327,1856
34328,1891
34329,1907
34330,1913
34331,1913
34332,1909
34333,1898
34334,1886
34335,1878
34336,1888
34337,1835
34338,907
34339,2160
34340,2615
34341,2691
34342,2549
34343,2401
34344,1921
34345,1731
34346,1572
34347,1278
34348,1361
34349,1623
34350,1760
34351,1803
34352,1793
34353,1754
34354,1718
34355,1735
34356,1791
34357,1833
34358,1870
34359,1893
34360,1904
34361,1915
34362,1919
34363,1914
34364,1911
34365,1908
34366,1904
34367,1894
34368,2768
34369,621
34370,2122
34371,2871
34372,3056
34373,2723
34374,2361
34375,1645
34376,1488
34377,1355
34378,1100
34379,1313
34380,1638
34381,1782
34382,1807
34383,1774
34384,1727
34385,1694
34386,1739
34387,1810
34388,1871
34389,1893
34390,1901
34391,1906
34392,1915
34393,1925
34394,1933
34395,1936
34396,1930
34397,1905
34398,1889
34399,2306
34400,448
34401,2096
34402,3139
34403,3568
34404,3065
34405,2559
34406,1558
34407,1264
34408,797
34409,640
34410,1185
34411,1611
34412,1776
34413,1818
34414,1790
34415,1744
34416,1734
34417,1778
34418,1818
34419,1872
34420,1910
34421,1921
34422,1933
34423,1935
34424,1952
34425,1949
34426,1936
34427,1931
34428,1931
34429,1927
34430,2160
34431,411
34432,2031
34433,3151
34434,3787
34435,3307
34436,2625
34437,1629
34438,1202
34439,573
34440,511
34441,1155
34442,1584
34443,1746
34444,1795
34445,1783
34446,1749
34447,1755
34448,1807
34449,1854
34450,1891
34451,1920
34452,1939
34453,1975
34454,1994
34455,1995
34456,1973
34457,1939
34458,1907
34459,1873
34460,1862
34461,1900
34462,334
34463,1872
34464,2971
34465,3733
34466,3393
34467,2721
34468,1734
34469,1236
34470,624
34471,511
34472,1118
34473,1567
34474,1744
34475,1793
34476,1781
34477,1750
34478,1760
34479,1815
34480,1868
34481,1904
34482,1938
34483,1953
34484,1947
34485,1947
34486,1949
34487,1939
34488,1933
34489,1929
34490,1931
34491,1925
34492,1921
34493,432
34494,1680
34495,2784
34496,3691
34497,3477
34498,2850
34499,1879
34500,1298
34501,670
34502,480
34503,1072
34504,1518
34505,1718
34506,1794
34507,1797
34508,1773
34509,1759
34510,1799
34511,1859
34512,1917
34513,1955
34514,1969
34515,1967
34516,1947
34517,1930
34518,1913
34519,1914
34520,1919
34521,1926
34522,1919
34523,1917
34524,560
34525,1534
34526,2655
34527,3626
34528,3530
34529,2937
34530,1993
34531,1348
34532,683
34533,457
34534,1040
34535,1508
34536,1721
34537,1796
34538,1795
34539,1777
34540,1759
34541,1798
34542,1853
34543,1903
34544,1938
34545,1966
34546,1947
34547,1941
34548,1945
34549,1936
34550,1933
34551,1926
34552,1920
34553,1914
34554,1906
34555,775
34556,1406
34557,2559
34558,3525
34559,3489
34560,2910
34561,2042
34562,1386
34563,737
34564,495
34565,1073
34566,1522
34567,1721
34568,1795
34569,1803
34570,1775
34571,1755
34572,1788
34573,1842
34574,1905
34575,1952
34576,1977
34577,1959
34578,1937
34579,1934
34580,1920
34581,1920
34582,1924
34583,1921
34584,1907
34585,1904
34586,1087
34587,1242
34588,2475
34589,3475
34590,3511
34591,2992
34592,2171
34593,1438
34594,762
34595,446
34596,1014
34597,1503
34598,1713
34599,1791
34600,1793
34601,1775
34602,1751
34603,1787
34604,1846
34605,1911
34606,1962
34607,1963
34608,1939
34609,1948
34610,1957
34611,1953
34612,1936
34613,1904
34614,1895
34615,1905
34616,1905
34617,1205
34618,1168
34619,2475
34620,3523
34621,3512
34622,2957
34623,2139
34624,1408
34625,754
34626,466
34627,1031
34628,1506
34629,1715
34630,1800
34631,1806
34632,1776
34633,1747
34634,1781
34635,1840
34636,1887
34637,1922
34638,1940
34639,1942
34640,1951
34641,1939
34642,1930
34643,1927
34644,1922
34645,1920
34646,1917
34647,1910
34648,1725
34649,997
34650,2339
34651,3376
34652,3504
34653,2999
34654,2247
34655,1488
34656,817
34657,448
34658,976
34659,1475
34660,1700
34661,1790
34662,1804
34663,1777
34664,1755
34665,1783
34666,1837
34667,1890
34668,1930
34669,1953
34670,1954
34671,1939
34672,1932
34673,1923
34674,1921
34675,1922
34676,1918
34677,1916
34678,1915
34679,2384
34680,823
34681,2245
34682,3288
34683,3536
34684,3058
34685,2339
34686,1558
34687,879
34688,445
34689,928
34690,1447
34691,1683
34692,1787
34693,1806
34694,1789
34695,1763
34696,1779
34697,1840
34698,1888
34699,1927
34700,1950
34701,1968
34702,1971
34703,1943
34704,1919
34705,1907
34706,1915
34707,1920
34708,1915
34709,1915
34710,2539
34711,543
34712,2074
34713,3131
34714,3550
34715,3136
34716,2474
34717,1689
34718,986
34719,447
34720,832
34721,1388
34722,1655
34723,1777
34724,1802
34725,1791
34726,1761
34727,1778
34728,1839
34729,1891
34730,1921
34731,1936
34732,1938
34733,1938
34734,1936
34735,1930
34736,1919
34737,1918
34738,1918
34739,1911
34740,1913
34741,2320
34742,466
34743,2014
34744,3089
34745,3599
34746,3170
34747,2494
34748,1718
34749,1034
34750,479
34751,818
34752,1367
34753,1641
34754,1765
34755,1802
34756,1791
34757,1759
34758,1771
34759,1822
34760,1873
34761,1917
34762,1941
34763,1957
34764,1954
34765,1940
34766,1936
34767,1935
34768,1936
34769,1922
34770,1899
34771,1904
34772,1906
34773,329
34774,1848
34775,2935
34776,3627
34777,3257
34778,2614
34779,1842
34780,1124
34781,511
34782,743
34783,1310
34784,1610
34785,1747
34786,1792
34787,1789
34788,1758
34789,1757
34790,1809
34791,1873
34792,1955
34793,1989
34794,1981
34795,1951
34796,1922
34797,1893
34798,1881
34799,1903
34800,1904
34801,1906
34802,1907
34803,1906
34804,1904
34805,1900
34806,1898
34807,1894
34808,1889
34809,1885
34810,1882
34811,1882
34812,1879
34813,1878
34814,1875
34815,1872
34816,1871
34817,1863
34818,1858
34819,1856
34820,1853
34821,1857
34822,1857
34823,1858
34824,1858
34825,1858
34826,1856
34827,1857
34828,1859
34829,1857
34830,1856
34831,1863
34832,1865
34833,1858
34834,1856
34835,1856
34836,1855
34837,1853
34838,1847
34839,1856
34840,1858
34841,1859
34842,1856
34843,1857
34844,1859
34845,1862
34846,1865
34847,1859
34848,1861
34849,1859
34850,1855
34851,1853
34852,1854
34853,1855
34854,1853
34855,1852
34856,1851
34857,1851
34858,1852
34859,1849
34860,1846
34861,1856
34862,1861
34863,1866
34864,1861
34865,1857
34866,1856
34867,1850
34868,1849
34869,1850
34870,1850
34871,1854
34872,1856
34873,1857
34874,1857
34875,1859
34876,1856
34877,1857
34878,1861
34879,1863
34880,1863
34881,1862
34882,1862
34883,1857
34884,1850
34885,1849
34886,1850
34887,1851
34888,1855
34889,1859
34890,1860
34891,1861
34892,1861
34893,1865
34894,1867
34895,1869
34896,1867
34897,1863
34898,1861
34899,1859
34900,1860
34901,1857
34902,1857
34903,1856
34904,1856
34905,1859
34906,1862
34907,1859
34908,1861
34909,1859
34910,1859
34911,1861
34912,1869
34913,1871
34914,1859
34915,1855
34916,1851
34917,1847
34918,1853
34919,1856
34920,1854
34921,1859
34922,1862
34923,1862
34924,1865
34925,1867
34926,1869
34927,1866
34928,1869
34929,1869
34930,1871
34931,1870
34932,1862
34933,1856
34934,1854
34935,1854
34936,1855
34937,1859
34938,1855
34939,1859
34940,1859
34941,1866
34942,1870
34943,1866
34944,1859
34945,1863
34946,1863
34947,1859
34948,1857
34949,1856
34950,1854
34951,1859
34952,1860
34953,1861
34954,1859
34955,1861
34956,1862
34957,1861
34958,1859
34959,1862
34960,1859
34961,1862
34962,1863
34963,1866
34964,1866
34965,1862
34966,1860
34967,1856
34968,1855
34969,1853
34970,1856
34971,1862
34972,1869
34973,1872
34974,1858
34975,1847
34976,1855
34977,1855
34978,1862
34979,1863
34980,1865
34981,1862
34982,1861
34983,1861
34984,1859
34985,1856
34986,1857
34987,1857
34988,1861
34989,1862
34990,1862
34991,1866
34992,1867
34993,1867
34994,1864
34995,1869
34996,1871
34997,1871
34998,1867
34999,1863
35000,1861
35001,1856
35002,1856
35003,1857
35004,1855
35005,1854
35006,1852
35007,1855
35008,1856
35009,1862
35010,1864
35011,1863
35012,1868
35013,1868
35014,1869
35015,1863
35016,1856
35017,1855
35018,1849
35019,1856
35020,1857
35021,1857
35022,1858
35023,1858
35024,1857
35025,1857
35026,1857
35027,1860
35028,1865
35029,1863
35030,1861
35031,1863
35032,1857
35033,1856
35034,1853
35035,1847
35036,1852
35037,1851
35038,1855
35039,1852
35040,1853
35041,1860
35042,1861
35043,1859
35044,1861
35045,1866
35046,1866
35047,1867
35048,1862
35049,1860
35050,1857
35051,1856
35052,1856
35053,1856
35054,1856
35055,1858
35056,1858
35057,1859
35058,1858
35059,1861
35060,1863
35061,1866
35062,1871
35063,1871
35064,1865
35065,1861
35066,1857
35067,1856
35068,1854
35069,1849
35070,1856
35071,1859
35072,1861
35073,1860
35074,1859
35075,1862
35076,1859
35077,1859
35078,1862
35079,1862
35080,1865
35081,1859
35082,1856
35083,1856
35084,1856
35085,1856
35086,1855
35087,1856
35088,1859
35089,1860
35090,1861
35091,1862
35092,1862
35093,1858
35094,1855
35095,1858
35096,1858
35097,1854
35098,1853
35099,1856
35100,1855
35101,1855
35102,1857
35103,1858
35104,1859
35105,1862
35106,1863
35107,1865
35108,1863
35109,1863
35110,1862
35111,1867
35112,1863
35113,1862
35114,1857
35115,1855
35116,1856
35117,1854
35118,1849
35119,1856
35120,1857
35121,1860
35122,1862
35123,1863
35124,1856
35125,1856
35126,1857
35127,1856
35128,1859
35129,1857
35130,1853
35131,1858
35132,1857
35133,1855
35134,1854
35135,1854
35136,1854
35137,1856
35138,1856
35139,1861
35140,1861
35141,1863
35142,1861
35143,1859
35144,1865
35145,1867
35146,1865
35147,1866
35148,1859
35149,1856
35150,1855
35151,1856
35152,1854
35153,1856
35154,1851
35155,1855
35156,1858
35157,1856
35158,1856
35159,1856
35160,1863
35161,1863
35162,1865
35163,1863
35164,1862
35165,1857
35166,1855
35167,1850
35168,1851
35169,1851
35170,1855
35171,1856
35172,1859
35173,1861
35174,1861
35175,1863
35176,1861
35177,1865
35178,1863
35179,1863
35180,1865
35181,1861
35182,1859
35183,1857
35184,1847
35185,1851
35186,1852
35187,1849
35188,1851
35189,1858
35190,1860
35191,1859
35192,1861
35193,1861
35194,1861
35195,1861
35196,1867
35197,1865
35198,1859
35199,1857
35200,1855
35201,1856
35202,1855
35203,1855
35204,1856
35205,1857
35206,1861
35207,1861
35208,1862
35209,1861
35210,1861
35211,1867
35212,1863
35213,1863
35214,1854
35215,1855
35216,1854
35217,1847
35218,1844
35219,1853
35220,1856
35221,1860
35222,1863
35223,1861
35224,1862
35225,1858
35226,1858
35227,1861
35228,1863
35229,1863
35230,1862
35231,1863
35232,1859
35233,1857
35234,1856
35235,1856
35236,1856
35237,1857
35238,1854
35239,1861
35240,1862
35241,1863
35242,1863
35243,1865
35244,1855
35245,1857
35246,1860
35247,1857
35248,1858
35249,1857
35250,1853
35251,1856
35252,1856
35253,1856
35254,1856
35255,1858
35256,1857
35257,1863
35258,1860
35259,1861
35260,1858
35261,1861
35262,1863
35263,1861
35264,1858
35265,1856
35266,1856
35267,1855
35268,1853
35269,1854
35270,1855
35271,1855
35272,1857
35273,1858
35274,1856
35275,1854
35276,1851
35277,1853
35278,1856
35279,1855
35280,1857
35281,1858
35282,1856
35283,1856
35284,1853
35285,1855
35286,1855
35287,1856
35288,1859
35289,1859
35290,1858
35291,1861
35292,1863
35293,1861
35294,1862
35295,1865
35296,1863
35297,1862
35298,1860
35299,1858
35300,1858
35301,1856
35302,1856
35303,1855
35304,1851
35305,1855
35306,1856
35307,1856
35308,1857
35309,1861
35310,1860
35311,1863
35312,1863
35313,1862
35314,1862
35315,1858
35316,1856
35317,1855
35318,1851
35319,1856
35320,1857
35321,1858
35322,1859
35323,1859
35324,1862
35325,1857
35326,1857
35327,1856
35328,1856
35329,1857
35330,1858
35331,1859
35332,1860
35333,1859
35334,1856
35335,1855
35336,1854
35337,1856
35338,1856
35339,1855
35340,1856
35341,1861
35342,1865
35343,1863
35344,1861
35345,1863
35346,1861
35347,1863
35348,1862
35349,1861
35350,1858
35351,1861
35352,1860
35353,1859
35354,1859
35355,1859
35356,1857
35357,1860
35358,1861
35359,1861
35360,1856
35361,1856
35362,1858
35363,1863
35364,1857
35365,1854
35366,1856
35367,1854
35368,1855
35369,1856
35370,1856
35371,1857
35372,1856
35373,1858
35374,1859
35375,1856
35376,1856
35377,1856
35378,1856
35379,1858
35380,1858
35381,1859
35382,1859
35383,1857
35384,1859
35385,1857
35386,1858
35387,1859
35388,1859
35389,1859
35390,1859
35391,1859
35392,1858
35393,1858
35394,1853
35395,1851
35396,1852
35397,1854
35398,1857
35399,1863
35400,1860
35401,1858
35402,1858
35403,1857
35404,1856
35405,1855
35406,1856
35407,1858
35408,1859
35409,1859
35410,1856
35411,1856
35412,1858
35413,1859
35414,1860
35415,1858
35416,1856
35417,1858
35418,1851
35419,1859
35420,1858
35421,1858
35422,1859
35423,1863
35424,1856
35425,1854
35426,1856
35427,1856
35428,1855
35429,1854
35430,1854
35431,1862
35432,1861
35433,1858
35434,1857
35435,1858
35436,1857
35437,1857
35438,1853
35439,1859
35440,1859
35441,1856
35442,1860
35443,1856
35444,1856
35445,1857
35446,1858
35447,1859
35448,1861
35449,1857
35450,1858
35451,1856
35452,1857
35453,1856
35454,1850
35455,1854
35456,1855
35457,1856
35458,1857
35459,1854
35460,1858
35461,1857
35462,1861
35463,1860
35464,1861
35465,1858
35466,1857
35467,1861
35468,1860
35469,1858
35470,1859
35471,1858
35472,1859
35473,1860
35474,1859
35475,1858
35476,1858
35477,1856
35478,1856
35479,1859
35480,1860
35481,1858
35482,1862
35483,1859
35484,1857
35485,1856
35486,1854
35487,1853
35488,1855
35489,1857
35490,1859
35491,1858
35492,1861
35493,1856
35494,1856
35495,1856
35496,1857
35497,1857
35498,1857
35499,1859
35500,1858
35501,1857
35502,1857
35503,1856
35504,1856
35505,1857
35506,1859
35507,1858
35508,1857
35509,1858
35510,1857
35511,1856
35512,1859
35513,1857
35514,1851
35515,1856
35516,1855
35517,1856
35518,1856
35519,1858
35520,1858
35521,1857
35522,1856
35523,1857
35524,1857
35525,1857
35526,1856
35527,1854
35528,1855
35529,1861
35530,1857
35531,1858
35532,1859
35533,1857
35534,1857
35535,1858
35536,1857
35537,1856
35538,1852
35539,1857
35540,1856
35541,1857
35542,1859
35543,1857
35544,1850
35545,1853
35546,1855
35547,1856
35548,1856
35549,1855
35550,1853
35551,1859
35552,1859
35553,1857
35554,1857
35555,1856
35556,1858
35557,1859
35558,1859
35559,1861
35560,1857
35561,1862
35562,1861
35563,1862
35564,1862
35565,1866
35566,1861
35567,1862
35568,1860
35569,1859
35570,1861
35571,1861
35572,1861
35573,1856
35574,1854
35575,1854
35576,1852
35577,1851
35578,1851
35579,1851
35580,1857
35581,1861
35582,1859
35583,1860
35584,1860
35585,1859
35586,1858
35587,1856
35588,1856
35589,1857
35590,1859
35591,1859
35592,1858
35593,1857
35594,1859
35595,1860
35596,1859
35597,1861
35598,1861
35599,1862
35600,1861
35601,1860
35602,1857
35603,1859
35604,1856
35605,1854
35606,1851
35607,1854
35608,1854
35609,1858
35610,1858
35611,1857
35612,1858
35613,1861
35614,1859
35615,1859
35616,1856
35617,1858
35618,1853
35619,1858
35620,1858
35621,1859
35622,1858
35623,1858
35624,1857
35625,1858
35626,1859
35627,1856
35628,1857
35629,1858
35630,1857
35631,1856
35632,1858
35633,1857
35634,1851
35635,1850
35636,1851
35637,1847
35638,1851
35639,1849
35640,1849
35641,1856
35642,1859
35643,1856
35644,1856
35645,1858
35646,1857
35647,1856
35648,1856
35649,1857
35650,1856
35651,1857
35652,1859
35653,1856
35654,1857
35655,1857
35656,1858
35657,1859
35658,1858
35659,1859
35660,1858
35661,1858
35662,1861
35663,1861
35664,1859
35665,1857
35666,1858
35667,1857
35668,1858
35669,1856
35670,1854
35671,1863
35672,1862
35673,1861
35674,1859
35675,1859
35676,1859
35677,1856
35678,1856
35679,1859
35680,1858
35681,1861
35682,1861
35683,1860
35684,1859
35685,1856
35686,1856
35687,1857
35688,1857
35689,1857
35690,1862
35691,1858
35692,1858
35693,1858
35694,1849
35695,1853
35696,1855
35697,1853
35698,1856
35699,1858
35700,1862
35701,1859
35702,1856
35703,1857
35704,1860
35705,1861
35706,1857
35707,1858
35708,1859
35709,1859
35710,1862
35711,1859
35712,1861
35713,1863
35714,1861
35715,1862
35716,1860
35717,1860
35718,1853
35719,1860
35720,1856
35721,1859
35722,1857
35723,1856
35724,1851
35725,1851
35726,1852
35727,1852
35728,1853
35729,1851
35730,1851
35731,1861
35732,1858
35733,1861
35734,1858
35735,1858
35736,1859
35737,1856
35738,1849
35739,1857
35740,1857
35741,1858
35742,1861
35743,1858
35744,1858
35745,1857
35746,1858
35747,1859
35748,1859
35749,1860
35750,1859
35751,1859
35752,1859
35753,1859
35754,1853
35755,1855
35756,1855
35757,1855
35758,1855
35759,1853
35760,1856
35761,1859
35762,1859
35763,1859
35764,1859
35765,1861
35766,1859
35767,1857
35768,1858
35769,1857
35770,1857
35771,1856
35772,1856
35773,1857
35774,1861
35775,1858
35776,1858
35777,1858
35778,1858
35779,1862
35780,1863
35781,1862
35782,1863
35783,1864
35784,1855
35785,1855
35786,1856
35787,1856
35788,1856
35789,1859
35790,1860
35791,1861
35792,1860
35793,1858
35794,1856
35795,1858
35796,1859
35797,1859
35798,2473
35799,545
35800,1943
35801,2462
35802,2597
35803,2595
35804,2540
35805,2433
35806,2303
35807,2143
35808,1950
35809,1778
35810,1423
35811,1022
35812,961
35813,1245
35814,1497
35815,1655
35816,1726
35817,1746
35818,1755
35819,1765
35820,1777
35821,1808
35822,1840
35823,1858
35824,1872
35825,1883
35826,1899
35827,1904
35828,1905
35829,2093
35830,459
35831,1907
35832,2497
35833,2688
35834,2690
35835,2622
35836,2483
35837,2278
35838,1997
35839,1791
35840,1458
35841,979
35842,947
35843,1267
35844,1515
35845,1695
35846,1778
35847,1801
35848,1805
35849,1792
35850,1803
35851,1846
35852,1874
35853,1895
35854,1910
35855,1920
35856,1920
35857,1922
35858,1919
35859,1918
35860,1907
35861,395
35862,1754
35863,2427
35864,2694
35865,2702
35866,2615
35867,2480
35868,2201
35869,1889
35870,1667
35871,1237
35872,943
35873,1201
35874,1493
35875,1649
35876,1750
35877,1793
35878,1808
35879,1794
35880,1791
35881,1827
35882,1862
35883,1887
35884,1899
35885,1899
35886,1899
35887,1902
35888,1909
35889,1918
35890,1919
35891,1920
35892,438
35893,1695
35894,2359
35895,2642
35896,2624
35897,2533
35898,2400
35899,2064
35900,1841
35901,1635
35902,1237
35903,1200
35904,1474
35905,1639
35906,1725
35907,1777
35908,1787
35909,1776
35910,1763
35911,1791
35912,1841
35913,1875
35914,1903
35915,1913
35916,1922
35917,1919
35918,1904
35919,1901
35920,1885
35921,1884
35922,1886
35923,546
35924,1586
35925,2322
35926,2593
35927,2558
35928,2444
35929,2288
35930,1942
35931,1813
35932,1621
35933,1345
35934,1360
35935,1607
35936,1764
35937,1808
35938,1795
35939,1772
35940,1733
35941,1749
35942,1801
35943,1841
35944,1877
35945,1904
35946,1904
35947,1911
35948,1907
35949,1903
35950,1889
35951,1887
35952,1892
35953,1893
35954,831
35955,1379
35956,2377
35957,2739
35958,2719
35959,2476
35960,2192
35961,1729
35962,1596
35963,1488
35964,1282
35965,1390
35966,1664
35967,1780
35968,1799
35969,1776
35970,1729
35971,1719
35972,1762
35973,1830
35974,1867
35975,1879
35976,1877
35977,1877
35978,1882
35979,1909
35980,1922
35981,1914
35982,1904
35983,1897
35984,1891
35985,1182
35986,1221
35987,2494
35988,3059
35989,3058
35990,2682
35991,2195
35992,1472
35993,1333
35994,1215
35995,1009
35996,1298
35997,1665
35998,1798
35999,1809
36000,1772
36001,1717
36002,1723
36003,1779
36004,1827
36005,1873
36006,1918
36007,1940
36008,1936
36009,1926
36010,1920
36011,1913
36012,1918
36013,1904
36014,1899
36015,1903
36016,1601
36017,1085
36018,2448
36019,3260
36020,3419
36021,2965
36022,2305
36023,1379
36024,1244
36025,895
36026,708
36027,1184
36028,1603
36029,1761
36030,1782
36031,1766
36032,1734
36033,1755
36034,1805
36035,1856
36036,1902
36037,1919
36038,1920
36039,1929
36040,1933
36041,1936
36042,1938
36043,1936
36044,1933
36045,1932
36046,1925
36047,1885
36048,990
36049,2385
36050,3312
36051,3611
36052,3161
36053,2359
36054,1467
36055,1200
36056,675
36057,579
36058,1167
36059,1566
36060,1728
36061,1775
36062,1767
36063,1745
36064,1782
36065,1835
36066,1872
36067,1905
36068,1931
36069,1948
36070,1968
36071,2021
36072,2021
36073,1982
36074,1938
36075,1891
36076,1846
36077,1847
36078,2480
36079,813
36080,2234
36081,3179
36082,3628
36083,3267
36084,2433
36085,1581
36086,1232
36087,649
36088,593
36089,1170
36090,1569
36091,1731
36092,1779
36093,1778
36094,1754
36095,1782
36096,1840
36097,1889
36098,1927
36099,1942
36100,1946
36101,1936
36102,1930
36103,1952
36104,1939
36105,1933
36106,1926
36107,1929
36108,1920
36109,2758
36110,653
36111,2080
36112,3006
36113,3602
36114,3333
36115,2554
36116,1709
36117,1282
36118,592
36119,529
36120,1133
36121,1535
36122,1719
36123,1779
36124,1802
36125,1794
36126,1805
36127,1840
36128,1887
36129,1919
36130,1938
36131,1948
36132,1982
36133,1997
36134,1990
36135,1968
36136,1935
36137,1898
36138,1861
36139,1855
36140,2242
36141,492
36142,1961
36143,2922
36144,3614
36145,3379
36146,2659
36147,1781
36148,1296
36149,638
36150,539
36151,1063
36152,1483
36153,1696
36154,1771
36155,1798
36156,1791
36157,1794
36158,1838
36159,1881
36160,1920
36161,1950
36162,1968
36163,1953
36164,1946
36165,1946
36166,1939
36167,1934
36168,1925
36169,1919
36170,1914
36171,1914
36172,400
36173,1803
36174,2786
36175,3641
36176,3441
36177,2795
36178,1854
36179,1318
36180,659
36181,481
36182,1047
36183,1485
36184,1690
36185,1765
36186,1791
36187,1783
36188,1792
36189,1836
36190,1879
36191,1924
36192,1951
36193,1967
36194,1987
36195,2000
36196,1994
36197,1968
36198,1936
36199,1898
36200,1860
36201,1856
36202,1870
36203,477
36204,1677
36205,2682
36206,3558
36207,3429
36208,2838
36209,1969
36210,1387
36211,725
36212,511
36213,1023
36214,1466
36215,1684
36216,1767
36217,1791
36218,1775
36219,1776
36220,1818
36221,1872
36222,1937
36223,1973
36224,1967
36225,1936
36226,1945
36227,1951
36228,1939
36229,1930
36230,1926
36231,1927
36232,1923
36233,1911
36234,599
36235,1566
36236,2643
36237,3566
36238,3451
36239,2893
36240,2041
36241,1405
36242,753
36243,469
36244,982
36245,1457
36246,1690
36247,1776
36248,1790
36249,1762
36250,1754
36251,1803
36252,1857
36253,1904
36254,1927
36255,1948
36256,1955
36257,1961
36258,1961
36259,1954
36260,1951
36261,1945
36262,1943
36263,1936
36264,1929
36265,784
36266,1454
36267,2497
36268,3451
36269,3481
36270,2951
36271,2102
36272,1443
36273,807
36274,451
36275,941
36276,1423
36277,1665
36278,1770
36279,1803
36280,1805
36281,1790
36282,1818
36283,1867
36284,1904
36285,1936
36286,1952
36287,1962
36288,1950
36289,1937
36290,1935
36291,1935
36292,1926
36293,1921
36294,1917
36295,1911
36296,895
36297,1385
36298,2496
36299,3481
36300,3487
36301,2972
36302,2179
36303,1488
36304,823
36305,429
36306,909
36307,1402
36308,1653
36309,1759
36310,1778
36311,1759
36312,1762
36313,1812
36314,1869
36315,1909
36316,1943
36317,1968
36318,1958
36319,1961
36320,1946
36321,1931
36322,1922
36323,1927
36324,1926
36325,1920
36326,1917
36327,1204
36328,1235
36329,2403
36330,3399
36331,3507
36332,3017
36333,2267
36334,1535
36335,882
36336,458
36337,897
36338,1367
36339,1633
36340,1743
36341,1775
36342,1754
36343,1743
36344,1793
36345,1857
36346,1907
36347,1932
36348,1943
36349,1953
36350,1963
36351,1962
36352,1949
36353,1935
36354,1923
36355,1920
36356,1917
36357,1910
36358,1923
36359,972
36360,2238
36361,3261
36362,3600
36363,3120
36364,2384
36365,1618
36366,982
36367,453
36368,808
36369,1326
36370,1609
36371,1729
36372,1763
36373,1759
36374,1747
36375,1789
36376,1849
36377,1900
36378,1938
36379,1967
36380,1976
36381,1967
36382,1953
36383,1941
36384,1929
36385,1915
36386,1915
36387,1912
36388,1906
36389,2559
36390,801
36391,2161
36392,3173
36393,3573
36394,3147
36395,2469
36396,1685
36397,1047
36398,471
36399,773
36400,1301
36401,1599
36402,1726
36403,1767
36404,1761
36405,1746
36406,1786
36407,1846
36408,1895
36409,1943
36410,1969
36411,1983
36412,1999
36413,2009
36414,1994
36415,1941
36416,1904
36417,1873
36418,1851
36419,1855
36420,1872
36421,1883
36422,1888
36423,1889
36424,1890
36425,1888
36426,1885
36427,1882
36428,1885
36429,1888
36430,1882
36431,1876
36432,1873
36433,1867
36434,1863
36435,1861
36436,1863
36437,1862
36438,1856
36439,1865
36440,1863
36441,1862
36442,1856
36443,1857
36444,1856
36445,1855
36446,1858
36447,1856
36448,1857
36449,1853
36450,1845
36451,1844
36452,1847
36453,1850
36454,1851
36455,1853
36456,1855
36457,1858
36458,1858
36459,1859
36460,1857
36461,1858
36462,1861
36463,1863
36464,1866
36465,1862
36466,1858
36467,1856
36468,1856
36469,1857
36470,1856
36471,1857
36472,1855
36473,1853
36474,1852
36475,1852
36476,1855
36477,1856
36478,1855
36479,1861
36480,1858
36481,1861
36482,1862
36483,1860
36484,1857
36485,1857
36486,1856
36487,1853
36488,1856
36489,1856
36490,1857
36491,1859
36492,1859
36493,1858
36494,1859
36495,1862
36496,1870
36497,1870
36498,1865
36499,1857
36500,1856
36501,1852
36502,1852
36503,1855
36504,1852
36505,1856
36506,1851
36507,1850
36508,1852
36509,1861
36510,1861
36511,1863
36512,1869
36513,1869
36514,1866
36515,1859
36516,1857
36517,1863
36518,1856
36519,1856
36520,1845
36521,1847
36522,1859
36523,1863
36524,1864
36525,1861
36526,1863
36527,1861
36528,1865
36529,1867
36530,1869
36531,1866
36532,1861
36533,1858
36534,1856
36535,1853
36536,1858
36537,1861
36538,1855
36539,1845
36540,1849
36541,1862
36542,1865
36543,1863
36544,1868
36545,1872
36546,1872
36547,1870
36548,1870
36549,1865
36550,1856
36551,1858
36552,1856
36553,1862
36554,1870
36555,1872
36556,1863
36557,1856
36558,1856
36559,1861
36560,1862
36561,1865
36562,1866
36563,1872
36564,1870
36565,1861
36566,1856
36567,1854
36568,1851
36569,1851
36570,1857
36571,1862
36572,1862
36573,1865
36574,1869
36575,1866
36576,1866
36577,1863
36578,1868
36579,1872
36580,1871
36581,1869
36582,1862
36583,1857
36584,1855
36585,1854
36586,1851
36587,1849
36588,1856
36589,1858
36590,1856
36591,1858
36592,1854
36593,1855
36594,1858
36595,1856
36596,1857
36597,1858
36598,1857
36599,1866
36600,1861
36601,1857
36602,1858
36603,1856
36604,1857
36605,1862
36606,1863
36607,1865
36608,1866
36609,1867
36610,1862
36611,1867
36612,1872
36613,1872
36614,1869
36615,1866
36616,1861
36617,1857
36618,1853
36619,1856
36620,1857
36621,1857
36622,1858
36623,1862
36624,1863
36625,1858
36626,1860
36627,1857
36628,1859
36629,1862
36630,1863
36631,1871
36632,1869
36633,1864
36634,1861
36635,1858
36636,1859
36637,1861
36638,1863
36639,1859
36640,1862
36641,1863
36642,1867
36643,1863
36644,1865
36645,1863
36646,1866
36647,1866
36648,1867
36649,1867
36650,1865
36651,1861
36652,1856
36653,1857
36654,1856
36655,1854
36656,1856
36657,1856
36658,1856
36659,1855
36660,1856
36661,1863
36662,1867
36663,1867
36664,1867
36665,1863
36666,1863
36667,1858
36668,1855
36669,1856
36670,1855
36671,1855
36672,1857
36673,1860
36674,1862
36675,1861
36676,1862
36677,1859
36678,1862
36679,1866
36680,1866
36681,1863
36682,1863
36683,1862
36684,1867
36685,1862
36686,1870
36687,1869
36688,1856
36689,1853
36690,1845
36691,1856
36692,1862
36693,1863
36694,1857
36695,1861
36696,1861
36697,1862
36698,1866
36699,1861
36700,1859
36701,1857
36702,1857
36703,1857
36704,1856
36705,1859
36706,1862
36707,1862
36708,1861
36709,1863
36710,1859
36711,1859
36712,1862
36713,1863
36714,1861
36715,1854
36716,1854
36717,1849
36718,1851
36719,1855
36720,1855
36721,1856
36722,1858
36723,1858
36724,1861
36725,1861
36726,1861
36727,1859
36728,1859
36729,1859
36730,1859
36731,1861
36732,1861
36733,1859
36734,1862
36735,1859
36736,1863
36737,1861
36738,1856
36739,1859
36740,1859
36741,1857
36742,1859
36743,1858
36744,1858
36745,1853
36746,1856
36747,1856
36748,1858
36749,1854
36750,1855
36751,1855
36752,1858
36753,1861
36754,1859
36755,1861
36756,1861
36757,1859
36758,1857
36759,1859
36760,1857
36761,1857
36762,1861
36763,1862
36764,1863
36765,1861
36766,1859
36767,1860
36768,1862
36769,1859
36770,1861
36771,1861
36772,1865
36773,1866
36774,1872
36775,1856
36776,1856
36777,1856
36778,1856
36779,1865
36780,1861
36781,1862
36782,1862
36783,1859
36784,1858
36785,1858
36786,1861
36787,1859
36788,1859
36789,1861
36790,1863
36791,1865
36792,1861
36793,1863
36794,1859
36795,1860
36796,1862
36797,1863
36798,1863
36799,1863
36800,1857
36801,1860
36802,1858
36803,1858
36804,1857
36805,1853
36806,1855
36807,1859
36808,1859
36809,1859
36810,1857
36811,1857
36812,1859
36813,1860
36814,1858
36815,1858
36816,1861
36817,1858
36818,1857
36819,1856
36820,1856
36821,1859
36822,1858
36823,1859
36824,1861
36825,1859
36826,1860
36827,1857
36828,1857
36829,1857
36830,1861
36831,1859
36832,1859
36833,1861
36834,1858
36835,1854
36836,1854
36837,1856
36838,1855
36839,1856
36840,1853
36841,1863
36842,1861
36843,1862
36844,1861
36845,1861
36846,1859
36847,1858
36848,1860
36849,1857
36850,1856
36851,1856
36852,1856
36853,1858
36854,1859
36855,1861
36856,1858
36857,1858
36858,1859
36859,1861
36860,1863
36861,1861
36862,1863
36863,1859
36864,1867
36865,1855
36866,1853
36867,1851
36868,1853
36869,1855
36870,1856
36871,1859
36872,1863
36873,1863
36874,1862
36875,1861
36876,1862
36877,1861
36878,1862
36879,1863
36880,1864
36881,1862
36882,1859
36883,1856
36884,1858
36885,1856
36886,1855
36887,1859
36888,1862
36889,1861
36890,1861
36891,1862
36892,1862
36893,1863
36894,1857
36895,1856
36896,1855
36897,1855
36898,1855
36899,1845
36900,1856
36901,1856
36902,1856
36903,1857
36904,1856
36905,1859
36906,1861
36907,1862
36908,1861
36909,1862
36910,1856
36911,1861
36912,1862
36913,1862
36914,1863
36915,1858
36916,1856
36917,1858
36918,1854
36919,1860
36920,1859
36921,1863
36922,1866
36923,1862
36924,1863
36925,1858
36926,1857
36927,1858
36928,1857
36929,1859
36930,1856
36931,1861
36932,1861
36933,1856
36934,1857
36935,1859
36936,1858
36937,1859
36938,1854
36939,1860
36940,1862
36941,1860
36942,1861
36943,1859
36944,1858
36945,1860
36946,1858
36947,1858
36948,1856
36949,1854
36950,1854
36951,1853
36952,1858
36953,1858
36954,1860
36955,1855
36956,1857
36957,1857
36958,1859
36959,1858
36960,1862
36961,1863
36962,1866
36963,1865
36964,1861
36965,1860
36966,1859
36967,1858
36968,1859
36969,1861
36970,1859
36971,1861
36972,1861
36973,1861
36974,1865
36975,1865
36976,1862
36977,1859
36978,1861
36979,1862
36980,1860
36981,1861
36982,1857
36983,1858
36984,1854
36985,1851
36986,1850
36987,1853
36988,1855
36989,1860
36990,1859
36991,1859
36992,1857
36993,1861
36994,1858
36995,1859
36996,1862
36997,1859
36998,1860
36999,1860
37000,1859
37001,1860
37002,1859
37003,1860
37004,1862
37005,1858
37006,1860
37007,1859
37008,1861
37009,1859
37010,1861
37011,1859
37012,1858
37013,1861
37014,1859
37015,1851
37016,1854
37017,1851
37018,1854
37019,1857
37020,1858
37021,1857
37022,1856
37023,1857
37024,1858
37025,1858
37026,1857
37027,1857
37028,1857
37029,1859
37030,1856
37031,1857
37032,1857
37033,1856
37034,1858
37035,1858
37036,1857
37037,1856
37038,1851
37039,1857
37040,1859
37041,1857
37042,1860
37043,1860
37044,1857
37045,1855
37046,1854
37047,1855
37048,1856
37049,1855
37050,1850
37051,1853
37052,1859
37053,1859
37054,1861
37055,1860
37056,1861
37057,1861
37058,1862
37059,1862
37060,1863
37061,1862
37062,1865
37063,1862
37064,1866
37065,1862
37066,1859
37067,1860
37068,1860
37069,1863
37070,1861
37071,1859
37072,1859
37073,1859
37074,1860
37075,1857
37076,1856
37077,1855
37078,1855
37079,1860
37080,1861
37081,1862
37082,1858
37083,1858
37084,1859
37085,1858
37086,1862
37087,1859
37088,1859
37089,1862
37090,1858
37091,1859
37092,1859
37093,1860
37094,1858
37095,1861
37096,1863
37097,1862
37098,1861
37099,1862
37100,1857
37101,1859
37102,1857
37103,1856
37104,1858
37105,1853
37106,1849
37107,1853
37108,1853
37109,1857
37110,1856
37111,1857
37112,1857
37113,1857
37114,1856
37115,1857
37116,1856
37117,1857
37118,1854
37119,1859
37120,1861
37121,1859
37122,1861
37123,1861
37124,1862
37125,1861
37126,1862
37127,1861
37128,1863
37129,1861
37130,1863
37131,1862
37132,1858
37133,1857
37134,1856
37135,1849
37136,1850
37137,1852
37138,1856
37139,1855
37140,1855
37141,1863
37142,1866
37143,1865
37144,1865
37145,1866
37146,1863
37147,1863
37148,1859
37149,1859
37150,1857
37151,1856
37152,1856
37153,1858
37154,1858
37155,1859
37156,1862
37157,1862
37158,1859
37159,1861
37160,1861
37161,1862
37162,1862
37163,1866
37164,1862
37165,1855
37166,1849
37167,1846
37168,1850
37169,1847
37170,1854
37171,1859
37172,1863
37173,1862
37174,1863
37175,1865
37176,1863
37177,1865
37178,1866
37179,1867
37180,1863
37181,1860
37182,1858
37183,1856
37184,1851
37185,1853
37186,1856
37187,1856
37188,1859
37189,1860
37190,1867
37191,1865
37192,1865
37193,1864
37194,1863
37195,1862
37196,1859
37197,1859
37198,1856
37199,1857
37200,1854
37201,1851
37202,1854
37203,1854
37204,1859
37205,1859
37206,1860
37207,1862
37208,1861
37209,1861
37210,1859
37211,1859
37212,1863
37213,1861
37214,1857
37215,1856
37216,1855
37217,1854
37218,1845
37219,1855
37220,1856
37221,1857
37222,1858
37223,1862
37224,1863
37225,1856
37226,1857
37227,1856
37228,1858
37229,1858
37230,1855
37231,1860
37232,1858
37233,1855
37234,1854
37235,1851
37236,1854
37237,1854
37238,1852
37239,1858
37240,1861
37241,1862
37242,1861
37243,1859
37244,1862
37245,1863
37246,1862
37247,1861
37248,1856
37249,1856
37250,1853
37251,1855
37252,1856
37253,1854
37254,1859
37255,1855
37256,1858
37257,1859
37258,1857
37259,1854
37260,1863
37261,1863
37262,1867
37263,1863
37264,1861
37265,1856
37266,1856
37267,1851
37268,1852
37269,1851
37270,1855
37271,1859
37272,1863
37273,1861
37274,1862
37275,1863
37276,1863
37277,1863
37278,1870
37279,1868
37280,1863
37281,1857
37282,1853
37283,1847
37284,1847
37285,1841
37286,1849
37287,1856
37288,1862
37289,1866
37290,1858
37291,1859
37292,1858
37293,1855
37294,1857
37295,1859
37296,1862
37297,1861
37298,1862
37299,1856
37300,1856
37301,1855
37302,1856
37303,1855
37304,1854
37305,1859
37306,1860
37307,1862
37308,1862
37309,1861
37310,1863
37311,1863
37312,1866
37313,1863
37314,1858
37315,1851
37316,1845
37317,1843
37318,1845
37319,1855
37320,1856
37321,1857
37322,1856
37323,1862
37324,1862
37325,1861
37326,1862
37327,1866
37328,1870
37329,1870
37330,1863
37331,1861
37332,1858
37333,1856
37334,1856
37335,1856
37336,1856
37337,1856
37338,1856
37339,1861
37340,1862
37341,1865
37342,1863
37343,1865
37344,1865
37345,1861
37346,1861
37347,1856
37348,1855
37349,1850
37350,1847
37351,1846
37352,1854
37353,1856
37354,1856
37355,1860
37356,1859
37357,1866
37358,1863
37359,1866
37360,1863
37361,1864
37362,1866
37363,1863
37364,1858
37365,1857
37366,1854
37367,1856
37368,1855
37369,1856
37370,1855
37371,1859
37372,1862
37373,1866
37374,1862
37375,1856
37376,1859
37377,1859
37378,1865
37379,1868
37380,1867
37381,1858
37382,1856
37383,1855
37384,1851
37385,1855
37386,1854
37387,1856
37388,1860
37389,1858
37390,1861
37391,1860
37392,1860
37393,1859
37394,1863
37395,1862
37396,1861
37397,1858
37398,1856
37399,1854
37400,1855
37401,1856
37402,1855
37403,1855
37404,1856
37405,1853
37406,1853
37407,1856
37408,1856
37409,1862
37410,1865
37411,1867
37412,1867
37413,1863
37414,1858
37415,1248
37416,1129
37417,2128
37418,2404
37419,2390
37420,2352
37421,2285
37422,2164
37423,2149
37424,2071
37425,2000
37426,1920
37427,1647
37428,1359
37429,1344
37430,1493
37431,1648
37432,1744
37433,1775
37434,1772
37435,1751
37436,1729
37437,1727
37438,1769
37439,1798
37440,1826
37441,1851
37442,1869
37443,1875
37444,1885
37445,1891
37446,2105
37447,890
37448,2037
37449,2305
37450,2320
37451,2304
37452,2286
37453,2255
37454,2209
37455,2097
37456,2016
37457,1738
37458,1437
37459,1431
37460,1555
37461,1686
37462,1786
37463,1811
37464,1807
37465,1787
37466,1766
37467,1775
37468,1803
37469,1813
37470,1842
37471,1858
37472,1874
37473,1889
37474,1893
37475,1897
37476,1898
37477,2427
37478,801
37479,1995
37480,2331
37481,2384
37482,2337
37483,2284
37484,2223
37485,2086
37486,1975
37487,1855
37488,1620
37489,1520
37490,1599
37491,1690
37492,1774
37493,1813
37494,1813
37495,1781
37496,1739
37497,1733
37498,1776
37499,1809
37500,1839
37501,1857
37502,1874
37503,1885
37504,1891
37505,1897
37506,1898
37507,1894
37508,2506
37509,531
37510,1895
37511,2246
37512,2320
37513,2265
37514,2219
37515,2138
37516,1985
37517,1975
37518,1871
37519,1727
37520,1692
37521,1761
37522,1822
37523,1854
37524,1830
37525,1777
37526,1719
37527,1694
37528,1733
37529,1776
37530,1808
37531,1840
37532,1859
37533,1867
37534,1872
37535,1875
37536,1881
37537,1886
37538,1887
37539,2270
37540,434
37541,1852
37542,2224
37543,2301
37544,2247
37545,2203
37546,2071
37547,1968
37548,1973
37549,1882
37550,1762
37551,1762
37552,1831
37553,1872
37554,1862
37555,1803
37556,1731
37557,1671
37558,1679
37559,1729
37560,1776
37561,1834
37562,1861
37563,1872
37564,1875
37565,1879
37566,1882
37567,1882
37568,1883
37569,1885
37570,1888
37571,314
37572,1762
37573,2126
37574,2067
37575,1975
37576,2019
37577,2010
37578,2032
37579,2190
37580,2130
37581,1930
37582,1902
37583,1953
37584,1956
37585,1894
37586,1799
37587,1703
37588,1648
37589,1693
37590,1760
37591,1806
37592,1835
37593,1844
37594,1858
37595,1877
37596,1883
37597,1879
37598,1872
37599,1866
37600,1870
37601,1874
37602,350
37603,1657
37604,2155
37605,2087
37606,1930
37607,1953
37608,1921
37609,2034
37610,2232
37611,2070
37612,1903
37613,1909
37614,1955
37615,1950
37616,1879
37617,1776
37618,1667
37619,1635
37620,1689
37621,1751
37622,1797
37623,1835
37624,1858
37625,1874
37626,1877
37627,1883
37628,1885
37629,1878
37630,1873
37631,1874
37632,1873
37633,496
37634,1535
37635,2359
37636,2438
37637,2150
37638,1991
37639,1779
37640,1912
37641,2114
37642,1866
37643,1712
37644,1853
37645,1957
37646,1925
37647,1842
37648,1741
37649,1638
37650,1615
37651,1678
37652,1735
37653,1791
37654,1839
37655,1869
37656,1875
37657,1886
37658,1895
37659,1894
37660,1897
37661,1898
37662,1899
37663,1894
37664,585
37665,1514
37666,2559
37667,2687
37668,2307
37669,1980
37670,1665
37671,1938
37672,1878
37673,1475
37674,1534
37675,1847
37676,1949
37677,1916
37678,1851
37679,1775
37680,1685
37681,1675
37682,1726
37683,1778
37684,1814
37685,1826
37686,1841
37687,1867
37688,1918
37689,1951
37690,1931
37691,1908
37692,1894
37693,1882
37694,1892
37695,965
37696,1267
37697,2622
37698,3023
37699,2624
37700,2155
37701,1648
37702,1759
37703,1682
37704,1263
37705,1415
37706,1795
37707,1903
37708,1889
37709,1846
37710,1778
37711,1707
37712,1691
37713,1739
37714,1799
37715,1839
37716,1852
37717,1872
37718,1887
37719,1899
37720,1898
37721,1903
37722,1904
37723,1904
37724,1905
37725,1904
37726,1318
37727,1111
37728,2514
37729,3047
37730,2727
37731,2225
37732,1685
37733,1746
37734,1599
37735,1151
37736,1439
37737,1814
37738,1901
37739,1889
37740,1850
37741,1792
37742,1716
37743,1695
37744,1746
37745,1806
37746,1840
37747,1874
37748,1875
37749,1866
37750,1874
37751,1893
37752,1911
37753,1925
37754,1915
37755,1898
37756,1909
37757,1825
37758,931
37759,2385
37760,2930
37761,2672
37762,2255
37763,1781
37764,1829
37765,1647
37766,1216
37767,1446
37768,1778
37769,1872
37770,1891
37771,1863
37772,1792
37773,1714
37774,1685
37775,1730
37776,1791
37777,1835
37778,1866
37779,1873
37780,1877
37781,1896
37782,1914
37783,1909
37784,1903
37785,1900
37786,1899
37787,1900
37788,2453
37789,745
37790,2254
37791,2871
37792,2698
37793,2297
37794,1840
37795,1863
37796,1699
37797,1237
37798,1455
37799,1794
37800,1891
37801,1894
37802,1860
37803,1790
37804,1712
37805,1677
37806,1724
37807,1780
37808,1823
37809,1839
37810,1865
37811,1897
37812,1945
37813,1939
37814,1918
37815,1910
37816,1904
37817,1861
37818,1875
37819,2766
37820,571
37821,2123
37822,2803
37823,2682
37824,2293
37825,1859
37826,1883
37827,1776
37828,1314
37829,1485
37830,1802
37831,1899
37832,1901
37833,1856
37834,1782
37835,1698
37836,1657
37837,1706
37838,1776
37839,1831
37840,1861
37841,1872
37842,1898
37843,1915
37844,1919
37845,1914
37846,1893
37847,1881
37848,1885
37849,1885
37850,2279
37851,418
37852,1989
37853,2770
37854,2747
37855,2352
37856,1904
37857,1855
37858,1751
37859,1284
37860,1490
37861,1830
37862,1911
37863,1906
37864,1869
37865,1789
37866,1696
37867,1658
37868,1695
37869,1767
37870,1818
37871,1858
37872,1883
37873,1904
37874,1915
37875,1908
37876,1904
37877,1902
37878,1910
37879,1888
37880,1878
37881,2103
37882,370
37883,1927
37884,2744
37885,2791
37886,2411
37887,1920
37888,1847
37889,1712
37890,1282
37891,1488
37892,1813
37893,1904
37894,1905
37895,1879
37896,1805
37897,1703
37898,1654
37899,1691
37900,1758
37901,1817
37902,1869
37903,1853
37904,1840
37905,1872
37906,1915
37907,1930
37908,1925
37909,1909
37910,1919
37911,1935
37912,1934
37913,375
37914,1747
37915,2630
37916,2815
37917,2467
37918,2025
37919,1853
37920,1759
37921,1325
37922,1424
37923,1746
37924,1869
37925,1891
37926,1874
37927,1808
37928,1728
37929,1679
37930,1708
37931,1757
37932,1808
37933,1845
37934,1872
37935,1885
37936,1896
37937,1894
37938,1920
37939,1931
37940,1906
37941,1872
37942,1887
37943,1897
37944,480
37945,1616
37946,2593
37947,2832
37948,2509
37949,2058
37950,1856
37951,1789
37952,1345
37953,1391
37954,1734
37955,1873
37956,1899
37957,1876
37958,1809
37959,1728
37960,1679
37961,1707
37962,1763
37963,1812
37964,1847
37965,1878
37966,1891
37967,1898
37968,1904
37969,1908
37970,1913
37971,1913
37972,1917
37973,1911
37974,1904
37975,631
37976,1462
37977,2545
37978,2847
37979,2528
37980,2080
37981,1895
37982,1837
37983,1323
37984,1325
37985,1697
37986,1851
37987,1877
37988,1871
37989,1822
37990,1761
37991,1708
37992,1701
37993,1744
37994,1810
37995,1863
37996,1887
37997,1893
37998,1890
37999,1886
38000,1910
38001,1934
38002,1911
38003,1871
38004,1873
38005,1885
38006,725
38007,1408
38008,2512
38009,2889
38010,2593
38011,2161
38012,1858
38013,1799
38014,1360
38015,1360
38016,1728
38017,1857
38018,1863
38019,1858
38020,1792
38021,1716
38022,1664
38023,1685
38024,1741
38025,1794
38026,1840
38027,1875
38028,1910
38029,1913
38030,1910
38031,1904
38032,1901
38033,1903
38034,1899
38035,1889
38036,1887
38037,1887
38038,1889
38039,1886
38040,1884
38041,1882
38042,1882
38043,1884
38044,1879
38045,1883
38046,1879
38047,1875
38048,1872
38049,1865
38050,1861
38051,1859
38052,1856
38053,1856
38054,1859
38055,1863
38056,1866
38057,1866
38058,1863
38059,1863
38060,1867
38061,1872
38062,1869
38063,1870
38064,1866
38065,1855
38066,1844
38067,1840
38068,1845
38069,1843
38070,1845
38071,1857
38072,1857
38073,1857
38074,1860
38075,1863
38076,1863
38077,1865
38078,1867
38079,1870
38080,1867
38081,1861
38082,1855
38083,1851
38084,1854
38085,1852
38086,1851
38087,1850
38088,1855
38089,1856
38090,1858
38091,1861
38092,1862
38093,1858
38094,1861
38095,1856
38096,1856
38097,1854
38098,1853
38099,1859
38100,1855
38101,1854
38102,1852
38103,1852
38104,1855
38105,1859
38106,1858
38107,1858
38108,1857
38109,1859
38110,1861
38111,1868
38112,1868
38113,1867
38114,1863
38115,1856
38116,1855
38117,1850
38118,1849
38119,1857
38120,1855
38121,1856
38122,1857
38123,1857
38124,1861
38125,1856
38126,1858
38127,1858
38128,1863
38129,1863
38130,1861
38131,1863
38132,1858
38133,1857
38134,1855
38135,1854
38136,1854
38137,1856
38138,1856
38139,1859
38140,1863
38141,1864
38142,1867
38143,1862
38144,1865
38145,1870
38146,1869
38147,1865
38148,1862
38149,1858
38150,1855
38151,1855
38152,1858
38153,1857
38154,1857
38155,1855
38156,1856
38157,1861
38158,1861
38159,1859
38160,1866
38161,1867
38162,1870
38163,1867
38164,1860
38165,1856
38166,1856
38167,1855
38168,1854
38169,1856
38170,1854
38171,1855
38172,1857
38173,1865
38174,1861
38175,1859
38176,1861
38177,1869
38178,1872
38179,1872
38180,1867
38181,1862
38182,1858
38183,1856
38184,1853
38185,1847
38186,1846
38187,1851
38188,1854
38189,1858
38190,1859
38191,1858
38192,1858
38193,1861
38194,1866
38195,1871
38196,1872
38197,1869
38198,1866
38199,1858
38200,1856
38201,1854
38202,1856
38203,1855
38204,1857
38205,1857
38206,1859
38207,1863
38208,1861
38209,1861
38210,1861
38211,1867
38212,1863
38213,1863
38214,1863
38215,1856
38216,1860
38217,1855
38218,1843
38219,1847
38220,1853
38221,1856
38222,1859
38223,1860
38224,1865
38225,1867
38226,1863
38227,1865
38228,1869
38229,1871
38230,1869
38231,1861
38232,1856
38233,1853
38234,1853
38235,1854
38236,1854
38237,1852
38238,1854
38239,1857
38240,1862
38241,1868
38242,1866
38243,1863
38244,1865
38245,1866
38246,1867
38247,1862
38248,1862
38249,1854
38250,1853
38251,1850
38252,1855
38253,1849
38254,1855
38255,1859
38256,1865
38257,1866
38258,1867
38259,1867
38260,1863
38261,1867
38262,1871
38263,1866
38264,1862
38265,1859
38266,1855
38267,1855
38268,1852
38269,1851
38270,1856
38271,1859
38272,1860
38273,1859
38274,1859
38275,1856
38276,1857
38277,1862
38278,1867
38279,1872
38280,1871
38281,1867
38282,1862
38283,1856
38284,1854
38285,1853
38286,1856
38287,1859
38288,1857
38289,1857
38290,1862
38291,1864
38292,1863
38293,1867
38294,1871
38295,1870
38296,1872
38297,1869
38298,1862
38299,1859
38300,1858
38301,1853
38302,1853
38303,1855
38304,1853
38305,1850
38306,1856
38307,1861
38308,1860
38309,1870
38310,1869
38311,1868
38312,1870
38313,1866
38314,1860
38315,1858
38316,1855
38317,1851
38318,1843
38319,1853
38320,1856
38321,1856
38322,1858
38323,1862
38324,1866
38325,1867
38326,1868
38327,1871
38328,1872
38329,1872
38330,1873
38331,1869
38332,1866
38333,1854
38334,1850
38335,1845
38336,1850
38337,1852
38338,1854
38339,1856
38340,1855
38341,1856
38342,1862
38343,1862
38344,1866
38345,1870
38346,1867
38347,1861
38348,1857
38349,1856
38350,1855
38351,1855
38352,1851
38353,1853
38354,1855
38355,1858
38356,1861
38357,1863
38358,1862
38359,1867
38360,1863
38361,1866
38362,1872
38363,1871
38364,1866
38365,1856
38366,1853
38367,1847
38368,1849
38369,1847
38370,1856
38371,1858
38372,1863
38373,1867
38374,1867
38375,1870
38376,1867
38377,1869
38378,1871
38379,1872
38380,1866
38381,1862
38382,1854
38383,1851
38384,1849
38385,1849
38386,1853
38387,1857
38388,1863
38389,1863
38390,1863
38391,1865
38392,1866
38393,1865
38394,1865
38395,1863
38396,1859
38397,1856
38398,1853
38399,1855
38400,1851
38401,1851
38402,1851
38403,1856
38404,1859
38405,1865
38406,1864
38407,1867
38408,1867
38409,1867
38410,1865
38411,1869
38412,1871
38413,1868
38414,1865
38415,1861
38416,1857
38417,1854
38418,1846
38419,1856
38420,1856
38421,1856
38422,1859
38423,1859
38424,1860
38425,1854
38426,1855
38427,1853
38428,1856
38429,1857
38430,1855
38431,1859
38432,1860
38433,1855
38434,1855
38435,1855
38436,1852
38437,1856
38438,1855
38439,1863
38440,1860
38441,1861
38442,1862
38443,1862
38444,1861
38445,1866
38446,1869
38447,1863
38448,1857
38449,1855
38450,1853
38451,1850
38452,1850
38453,1854
38454,1856
38455,1854
38456,1856
38457,1857
38458,1860
38459,1856
38460,1866
38461,1866
38462,1867
38463,1867
38464,1863
38465,1859
38466,1856
38467,1856
38468,1852
38469,1855
38470,1856
38471,1858
38472,1865
38473,1863
38474,1864
38475,1863
38476,1861
38477,1862
38478,1867
38479,1869
38480,1866
38481,1859
38482,1856
38483,1853
38484,1851
38485,1845
38486,1849
38487,1849
38488,1854
38489,1859
38490,1863
38491,1863
38492,1866
38493,1862
38494,1861
38495,1866
38496,1869
38497,1862
38498,1859
38499,1855
38500,1847
38501,1852
38502,1852
38503,1854
38504,1856
38505,1859
38506,1862
38507,1862
38508,1862
38509,1863
38510,1860
38511,1863
38512,1870
38513,1866
38514,1857
38515,1847
38516,1845
38517,1841
38518,1845
38519,1852
38520,1853
38521,1855
38522,1859
38523,1859
38524,1859
38525,1861
38526,1861
38527,1861
38528,1865
38529,1868
38530,1863
38531,1859
38532,1856
38533,1853
38534,1851
38535,1853
38536,1853
38537,1856
38538,1859
38539,1862
38540,1864
38541,1862
38542,1861
38543,1862
38544,1862
38545,1859
38546,1862
38547,1861
38548,1856
38549,1851
38550,1846
38551,1847
38552,1853
38553,1852
38554,1855
38555,1859
38556,1858
38557,1863
38558,1861
38559,1861
38560,1863
38561,1863
38562,1866
38563,1865
38564,1861
38565,1857
38566,1856
38567,1852
38568,1849
38569,1853
38570,1855
38571,1856
38572,1859
38573,1857
38574,1861
38575,1854
38576,1856
38577,1859
38578,1859
38579,1869
38580,1867
38581,1857
38582,1853
38583,1854
38584,1845
38585,1847
38586,1855
38587,1855
38588,1857
38589,1860
38590,1859
38591,1859
38592,1861
38593,1859
38594,1861
38595,1866
38596,1870
38597,1865
38598,1859
38599,1857
38600,1855
38601,1851
38602,1851
38603,1851
38604,1856
38605,1854
38606,1853
38607,1855
38608,1855
38609,1859
38610,1859
38611,1863
38612,1867
38613,1867
38614,1860
38615,1856
38616,1847
38617,1849
38618,1841
38619,1849
38620,1851
38621,1855
38622,1857
38623,1859
38624,1861
38625,1862
38626,1863
38627,1867
38628,1868
38629,1869
38630,1867
38631,1859
38632,1856
38633,1853
38634,1849
38635,1843
38636,1847
38637,1849
38638,1854
38639,1855
38640,1855
38641,1866
38642,1863
38643,1862
38644,1867
38645,1869
38646,1870
38647,1866
38648,1862
38649,1856
38650,1854
38651,1849
38652,1853
38653,1855
38654,1857
38655,1859
38656,1861
38657,1861
38658,1862
38659,1863
38660,1861
38661,1869
38662,1868
38663,1867
38664,1863
38665,1854
38666,1849
38667,1846
38668,1843
38669,1843
38670,1848
38671,1859
38672,1861
38673,1863
38674,1862
38675,1861
38676,1861
38677,1861
38678,1866
38679,1870
38680,1867
38681,1863
38682,1857
38683,1854
38684,1853
38685,1852
38686,1853
38687,1854
38688,1859
38689,1861
38690,1861
38691,1863
38692,1863
38693,1862
38694,1865
38695,1861
38696,1861
38697,1857
38698,1855
38699,1855
38700,1851
38701,1852
38702,1850
38703,1855
38704,1856
38705,1859
38706,1863
38707,1863
38708,1865
38709,1867
38710,1863
38711,1866
38712,1869
38713,1867
38714,1862
38715,1857
38716,1847
38717,1850
38718,1843
38719,1851
38720,1850
38721,1851
38722,1857
38723,1858
38724,1861
38725,1853
38726,1852
38727,1851
38728,1854
38729,1858
38730,1857
38731,1862
38732,1857
38733,1853
38734,1854
38735,1853
38736,1854
38737,1856
38738,1855
38739,1862
38740,1863
38741,1864
38742,1866
38743,1865
38744,1865
38745,1869
38746,1869
38747,1863
38748,1862
38749,1857
38750,1853
38751,1853
38752,1854
38753,1855
38754,1857
38755,1855
38756,1856
38757,1856
38758,1856
38759,1852
38760,1861
38761,1862
38762,1866
38763,1867
38764,1862
38765,1860
38766,1857
38767,1856
38768,1854
38769,1856
38770,1857
38771,1857
38772,1859
38773,1863
38774,1867
38775,1866
38776,1865
38777,1863
38778,1866
38779,1871
38780,1870
38781,1866
38782,1860
38783,1856
38784,1855
38785,1850
38786,1853
38787,1851
38788,1856
38789,1862
38790,1862
38791,1865
38792,1865
38793,1863
38794,1863
38795,1862
38796,1865
38797,1860
38798,1861
38799,1861
38800,1856
38801,1851
38802,1850
38803,1856
38804,1856
38805,1859
38806,1859
38807,1861
38808,1862
38809,1861
38810,1859
38811,1863
38812,1867
38813,1866
38814,1859
38815,1851
38816,1851
38817,1846
38818,1849
38819,1855
38820,1855
38821,1856
38822,1858
38823,1861
38824,1861
38825,1859
38826,1861
38827,1858
38828,1858
38829,1861
38830,1863
38831,1859
38832,1857
38833,1856
38834,1853
38835,1854
38836,1855
38837,1856
38838,1854
38839,1859
38840,1859
38841,1863
38842,1862
38843,1862
38844,1863
38845,1860
38846,1860
38847,1859
38848,1856
38849,1853
38850,1850
38851,1847
38852,1851
38853,1855
38854,1856
38855,1858
38856,1863
38857,1861
38858,1862
38859,1859
38860,1861
38861,1861
38862,1863
38863,1862
38864,1860
38865,1858
38866,1861
38867,1856
38868,1854
38869,1855
38870,1855
38871,1855
38872,1856
38873,1856
38874,1858
38875,1855
38876,1856
38877,1854
38878,1856
38879,1863
38880,1860
38881,1860
38882,1859
38883,1856
38884,1855
38885,1855
38886,1857
38887,1856
38888,1859
38889,1861
38890,1865
38891,1865
38892,1865
38893,1865
38894,1863
38895,1865
38896,1863
38897,1861
38898,1862
38899,1858
38900,1856
38901,1854
38902,1856
38903,1857
38904,1856
38905,1854
38906,1856
38907,1856
38908,1856
38909,1862
38910,1863
38911,1863
38912,1863
38913,1864
38914,1863
38915,1859
38916,1858
38917,1857
38918,1850
38919,1854
38920,1856
38921,1858
38922,1861
38923,1860
38924,1858
38925,1862
38926,1861
38927,1859
38928,1859
38929,1861
38930,1863
38931,1859
38932,1861
38933,1857
38934,1856
38935,1850
38936,1850
38937,1851
38938,1851
38939,1851
38940,1854
38941,1854
38942,1857
38943,1859
38944,1861
38945,1862
38946,1863
38947,1862
38948,1860
38949,1858
38950,1858
38951,1856
38952,1857
38953,1858
38954,1858
38955,1859
38956,1859
38957,1862
38958,1863
38959,1865
38960,1863
38961,1862
38962,1861
38963,1860
38964,1862
38965,1854
38966,1855
38967,1855
38968,1856
38969,1859
38970,1862
38971,1860
38972,1861
38973,1860
38974,1859
38975,1858
38976,1863
38977,1862
38978,1859
38979,1860
38980,1858
38981,1858
38982,1860
38983,1856
38984,1860
38985,1859
38986,1857
38987,1858
38988,1858
38989,1858
38990,1859
38991,1858
38992,1858
38993,1858
38994,1857
38995,1850
38996,1854
38997,1851
38998,1853
38999,1855
39000,1855
39001,1856
39002,1856
39003,1858
39004,1858
39005,1858
39006,1860
39007,1858
39008,1861
39009,1861
39010,1859
39011,1861
39012,1859
39013,1859
39014,1859
39015,1861
39016,1857
39017,1857
39018,1854
39019,1857
39020,1858
39021,1858
39022,1859
39023,1856
39024,1860
39025,1855
39026,1852
39027,1855
39028,1855
39029,1855
39030,1851
39031,1859
39032,401
39033,1602
39034,2304
39035,2485
39036,2450
39037,2385
39038,2218
39039,2019
39040,1968
39041,1920
39042,1951
39043,1891
39044,1680
39045,1493
39046,1491
39047,1591
39048,1669
39049,1716
39050,1725
39051,1716
39052,1701
39053,1697
39054,1744
39055,1792
39056,1824
39057,1845
39058,1863
39059,1867
39060,1875
39061,1874
39062,1868
39063,711
39064,1409
39065,2263
39066,2559
39067,2542
39068,2435
39069,2246
39070,2103
39071,1991
39072,1905
39073,1865
39074,1622
39075,1505
39076,1493
39077,1524
39078,1626
39079,1719
39080,1743
39081,1727
39082,1707
39083,1723
39084,1777
39085,1819
39086,1850
39087,1878
39088,1903
39089,1909
39090,1904
39091,1893
39092,1877
39093,1870
39094,826
39095,1354
39096,2219
39097,2535
39098,2535
39099,2416
39100,2229
39101,2122
39102,1977
39103,1941
39104,1813
39105,1633
39106,1553
39107,1535
39108,1601
39109,1705
39110,1741
39111,1726
39112,1694
39113,1707
39114,1757
39115,1793
39116,1829
39117,1857
39118,1878
39119,1894
39120,1904
39121,1904
39122,1905
39123,1907
39124,1906
39125,1105
39126,1227
39127,2133
39128,2449
39129,2454
39130,2342
39131,2199
39132,2055
39133,1954
39134,1968
39135,1826
39136,1650
39137,1615
39138,1653
39139,1715
39140,1753
39141,1728
39142,1689
39143,1682
39144,1725
39145,1770
39146,1813
39147,1858
39148,1887
39149,1901
39150,1904
39151,1906
39152,1899
39153,1903
39154,1885
39155,1877
39156,1488
39157,1058
39158,2055
39159,2346
39160,2384
39161,2305
39162,2213
39163,2027
39164,1958
39165,1977
39166,1835
39167,1665
39168,1667
39169,1754
39170,1791
39171,1762
39172,1700
39173,1664
39174,1690
39175,1744
39176,1793
39177,1841
39178,1882
39179,1907
39180,1913
39181,1911
39182,1905
39183,1899
39184,1891
39185,1884
39186,1872
39187,2438
39188,775
39189,2057
39190,2431
39191,2463
39192,2351
39193,2209
39194,1943
39195,1859
39196,1925
39197,1777
39198,1578
39199,1621
39200,1744
39201,1787
39202,1743
39203,1677
39204,1653
39205,1695
39206,1761
39207,1815
39208,1854
39209,1869
39210,1883
39211,1883
39212,1901
39213,1907
39214,1909
39215,1909
39216,1904
39217,1898
39218,2699
39219,717
39220,2073
39221,2559
39222,2715
39223,2592
39224,2366
39225,1906
39226,1798
39227,1798
39228,1481
39229,1280
39230,1431
39231,1671
39232,1762
39233,1712
39234,1653
39235,1654
39236,1717
39237,1779
39238,1824
39239,1863
39240,1899
39241,1927
39242,1936
39243,1936
39244,1924
39245,1914
39246,1904
39247,1886
39248,1875
39249,2272
39250,490
39251,1995
39252,2727
39253,3050
39254,2898
39255,2591
39256,1858
39257,1617
39258,1524
39259,1099
39260,982
39261,1371
39262,1705
39263,1776
39264,1733
39265,1677
39266,1690
39267,1750
39268,1815
39269,1857
39270,1882
39271,1906
39272,1918
39273,1911
39274,1923
39275,1967
39276,1961
39277,1939
39278,1935
39279,1927
39280,1985
39281,406
39282,1921
39283,2885
39284,3499
39285,3318
39286,2885
39287,1921
39288,1587
39289,1254
39290,638
39291,591
39292,1200
39293,1607
39294,1708
39295,1702
39296,1687
39297,1715
39298,1779
39299,1840
39300,1883
39301,1915
39302,1934
39303,1927
39304,1935
39305,1942
39306,1943
39307,1943
39308,1938
39309,1936
39310,1935
39311,1929
39312,432
39313,1823
39314,2851
39315,3625
39316,3474
39317,3007
39318,1981
39319,1569
39320,1093
39321,467
39322,608
39323,1235
39324,1589
39325,1677
39326,1683
39327,1675
39328,1730
39329,1801
39330,1860
39331,1910
39332,1933
39333,1939
39334,1946
39335,1947
39336,1951
39337,1948
39338,1938
39339,1947
39340,1945
39341,1938
39342,1934
39343,528
39344,1691
39345,2736
39346,3632
39347,3574
39348,3125
39349,2110
39350,1605
39351,1084
39352,428
39353,586
39354,1195
39355,1535
39356,1671
39357,1699
39358,1689
39359,1726
39360,1789
39361,1869
39362,1920
39363,1957
39364,1968
39365,1957
39366,1950
39367,1944
39368,1936
39369,1935
39370,1936
39371,1937
39372,1935
39373,1931
39374,594
39375,1625
39376,2661
39377,3568
39378,3540
39379,3134
39380,2175
39381,1638
39382,1071
39383,405
39384,625
39385,1221
39386,1555
39387,1675
39388,1705
39389,1703
39390,1743
39391,1809
39392,1872
39393,1919
39394,1950
39395,1968
39396,1963
39397,1953
39398,1965
39399,1956
39400,1947
39401,1936
39402,1930
39403,1926
39404,1919
39405,860
39406,1417
39407,2502
39408,3470
39409,3562
39410,3162
39411,2301
39412,1702
39413,1117
39414,432
39415,619
39416,1200
39417,1535
39418,1673
39419,1703
39420,1686
39421,1727
39422,1797
39423,1860
39424,1906
39425,1942
39426,1961
39427,1963
39428,1967
39429,1970
39430,1968
39431,1953
39432,1945
39433,1935
39434,1926
39435,1915
39436,933
39437,1365
39438,2455
39439,3489
39440,3615
39441,3152
39442,2331
39443,1685
39444,1082
39445,417
39446,656
39447,1232
39448,1555
39449,1669
39450,1686
39451,1681
39452,1716
39453,1792
39454,1859
39455,1915
39456,1957
39457,1979
39458,1984
39459,1983
39460,1971
39461,1957
39462,1941
39463,1926
39464,1930
39465,1931
39466,1924
39467,1344
39468,1174
39469,2359
39470,3408
39471,3639
39472,3173
39473,2402
39474,1680
39475,1086
39476,436
39477,672
39478,1247
39479,1571
39480,1689
39481,1708
39482,1686
39483,1718
39484,1788
39485,1852
39486,1905
39487,1946
39488,1985
39489,2039
39490,2047
39491,2025
39492,1968
39493,1907
39494,1870
39495,1843
39496,1891
39497,1914
39498,1831
39499,995
39500,2261
39501,3315
39502,3653
39503,3169
39504,2461
39505,1729
39506,1118
39507,437
39508,653
39509,1232
39510,1563
39511,1689
39512,1713
39513,1698
39514,1732
39515,1798
39516,1858
39517,1904
39518,1923
39519,1950
39520,1954
39521,1954
39522,1950
39523,1953
39524,1955
39525,1951
39526,1943
39527,1936
39528,1934
39529,2507
39530,826
39531,2177
39532,3234
39533,3706
39534,3216
39535,2550
39536,1765
39537,1137
39538,469
39539,599
39540,1168
39541,1524
39542,1671
39543,1697
39544,1680
39545,1723
39546,1797
39547,1863
39548,1904
39549,1932
39550,1945
39551,1949
39552,1955
39553,1959
39554,1953
39555,1941
39556,1937
39557,1936
39558,1932
39559,1926
39560,2774
39561,651
39562,2081
39563,3139
39564,3735
39565,3257
39566,2621
39567,1789
39568,1184
39569,526
39570,582
39571,1136
39572,1494
39573,1661
39574,1697
39575,1685
39576,1712
39577,1782
39578,1856
39579,1914
39580,1953
39581,1975
39582,1965
39583,1952
39584,1943
39585,1941
39586,1937
39587,1936
39588,1936
39589,1933
39590,1927
39591,2091
39592,434
39593,1919
39594,2957
39595,3737
39596,3333
39597,2742
39598,1949
39599,1294
39600,575
39601,525
39602,1071
39603,1458
39604,1643
39605,1701
39606,1690
39607,1712
39608,1777
39609,1846
39610,1903
39611,1939
39612,1966
39613,1969
39614,1968
39615,1963
39616,1955
39617,1945
39618,1933
39619,1927
39620,1923
39621,1920
39622,1920
39623,383
39624,1819
39625,2858
39626,3728
39627,3371
39628,2799
39629,1991
39630,1329
39631,653
39632,511
39633,1044
39634,1447
39635,1627
39636,1686
39637,1680
39638,1691
39639,1755
39640,1836
39641,1895
39642,1946
39643,1981
39644,1983
39645,1981
39646,1969
39647,1952
39648,1939
39649,1936
39650,1931
39651,1923
39652,1921
39653,1911
39654,1906
39655,1898
39656,1887
39657,1883
39658,1882
39659,1881
39660,1874
39661,1879
39662,1886
39663,1885
39664,1875
39665,1869
39666,1859
39667,1856
39668,1855
39669,1853
39670,1856
39671,1862
39672,1867
39673,1867
39674,1866
39675,1866
39676,1869
39677,1868
39678,1871
39679,1874
39680,1872
39681,1867
39682,1858
39683,1851
39684,1850
39685,1845
39686,1852
39687,1850
39688,1851
39689,1862
39690,1868
39691,1866
39692,1865
39693,1862
39694,1859
39695,1866
39696,1872
39697,1869
39698,1863
39699,1856
39700,1850
39701,1847
39702,1847
39703,1851
39704,1850
39705,1856
39706,1857
39707,1860
39708,1859
39709,1861
39710,1860
39711,1861
39712,1869
39713,1870
39714,1865
39715,1853
39716,1845
39717,1841
39718,1841
39719,1840
39720,1842
39721,1853
39722,1858
39723,1863
39724,1863
39725,1861
39726,1861
39727,1861
39728,1866
39729,1870
39730,1872
39731,1862
39732,1856
39733,1855
39734,1853
39735,1850
39736,1849
39737,1853
39738,1847
39739,1859
39740,1863
39741,1866
39742,1865
39743,1866
39744,1867
39745,1862
39746,1863
39747,1858
39748,1858
39749,1857
39750,1851
39751,1855
39752,1855
39753,1851
39754,1854
39755,1855
39756,1860
39757,1861
39758,1867
39759,1871
39760,1871
39761,1872
39762,1872
39763,1872
39764,1870
39765,1860
39766,1856
39767,1853
39768,1851
39769,1850
39770,1853
39771,1855
39772,1857
39773,1862
39774,1867
39775,1859
39776,1860
39777,1862
39778,1869
39779,1872
39780,1872
39781,1869
39782,1863
39783,1857
39784,1853
39785,1853
39786,1851
39787,1855
39788,1861
39789,1863
39790,1865
39791,1867
39792,1869
39793,1865
39794,1870
39795,1872
39796,1875
39797,1872
39798,1865
39799,1859
39800,1854
39801,1853
39802,1853
39803,1853
39804,1855
39805,1855
39806,1858
39807,1859
39808,1865
39809,1868
39810,1867
39811,1869
39812,1871
39813,1874
39814,1871
39815,1863
39816,1859
39817,1852
39818,1853
39819,1843
39820,1856
39821,1859
39822,1863
39823,1870
39824,1870
39825,1871
39826,1866
39827,1863
39828,1867
39829,1872
39830,1872
39831,1870
39832,1869
39833,1857
39834,1854
39835,1844
39836,1847
39837,1854
39838,1856
39839,1856
39840,1858
39841,1857
39842,1863
39843,1866
39844,1866
39845,1870
39846,1874
39847,1872
39848,1866
39849,1861
39850,1856
39851,1855
39852,1853
39853,1855
39854,1856
39855,1859
39856,1863
39857,1867
39858,1865
39859,1867
39860,1869
39861,1872
39862,1872
39863,1870
39864,1856
39865,1841
39866,1841
39867,1840
39868,1846
39869,1852
39870,1856
39871,1858
39872,1861
39873,1862
39874,1863
39875,1867
39876,1869
39877,1867
39878,1871
39879,1872
39880,1872
39881,1866
39882,1862
39883,1857
39884,1851
39885,1853
39886,1855
39887,1856
39888,1857
39889,1859
39890,1862
39891,1867
39892,1865
39893,1866
39894,1866
39895,1862
39896,1868
39897,1865
39898,1858
39899,1856
39900,1853
39901,1851
39902,1847
39903,1850
39904,1846
39905,1857
39906,1871
39907,1873
39908,1871
39909,1867
39910,1866
39911,1865
39912,1871
39913,1867
39914,1865
39915,1861
39916,1853
39917,1847
39918,1841
39919,1847
39920,1853
39921,1855
39922,1861
39923,1865
39924,1863
39925,1857
39926,1855
39927,1854
39928,1861
39929,1862
39930,1862
39931,1863
39932,1855
39933,1851
39934,1847
39935,1849
39936,1853
39937,1857
39938,1859
39939,1867
39940,1863
39941,1868
39942,1867
39943,1862
39944,1860
39945,1865
39946,1872
39947,1869
39948,1867
39949,1856
39950,1850
39951,1847
39952,1847
39953,1853
39954,1856
39955,1854
39956,1857
39957,1858
39958,1859
39959,1857
39960,1861
39961,1863
39962,1871
39963,1871
39964,1863
39965,1856
39966,1853
39967,1845
39968,1844
39969,1850
39970,1854
39971,1856
39972,1857
39973,1863
39974,1865
39975,1866
39976,1867
39977,1867
39978,1869
39979,1872
39980,1870
39981,1861
39982,1856
39983,1847
39984,1847
39985,1841
39986,1842
39987,1845
39988,1852
39989,1861
39990,1866
39991,1861
39992,1862
39993,1862
39994,1864
39995,1869
39996,1872
39997,1870
39998,1865
39999,1855
40000,1849
40001,1847
40002,1851
40003,1855
40004,1854
40005,1860
40006,1862
40007,1858
40008,1863
40009,1859
40010,1862
40011,1866
40012,1871
40013,1872
40014,1866
40015,1851
40016,1849
40017,1844
40018,1845
40019,1841
40020,1847
40021,1858
40022,1865
40023,1868
40024,1869
40025,1871
40026,1863
40027,1863
40028,1871
40029,1871
40030,1869
40031,1862
40032,1856
40033,1853
40034,1847
40035,1846
40036,1851
40037,1856
40038,1858
40039,1866
40040,1867
40041,1866
40042,1867
40043,1862
40044,1863
40045,1867
40046,1867
40047,1859
40048,1856
40049,1845
40050,1850
40051,1850
40052,1852
40053,1854
40054,1858
40055,1862
40056,1865
40057,1863
40058,1865
40059,1863
40060,1862
40061,1862
40062,1869
40063,1870
40064,1861
40065,1857
40066,1853
40067,1847
40068,1843
40069,1848
40070,1853
40071,1856
40072,1859
40073,1862
40074,1856
40075,1857
40076,1856
40077,1856
40078,1859
40079,1870
40080,1869
40081,1863
40082,1856
40083,1855
40084,1848
40085,1847
40086,1850
40087,1854
40088,1856
40089,1861
40090,1863
40091,1866
40092,1865
40093,1866
40094,1864
40095,1868
40096,1872
40097,1869
40098,1862
40099,1856
40100,1854
40101,1852
40102,1850
40103,1855
40104,1847
40105,1854
40106,1857
40107,1856
40108,1861
40109,1865
40110,1863
40111,1863
40112,1871
40113,1872
40114,1863
40115,1856
40116,1854
40117,1849
40118,1842
40119,1850
40120,1854
40121,1856
40122,1859
40123,1862
40124,1865
40125,1867
40126,1861
40127,1862
40128,1865
40129,1870
40130,1869
40131,1858
40132,1856
40133,1852
40134,1841
40135,1840
40136,1845
40137,1851
40138,1854
40139,1855
40140,1855
40141,1863
40142,1862
40143,1863
40144,1861
40145,1869
40146,1867
40147,1861
40148,1856
40149,1851
40150,1849
40151,1845
40152,1846
40153,1850
40154,1856
40155,1861
40156,1861
40157,1864
40158,1866
40159,1859
40160,1863
40161,1862
40162,1871
40163,1872
40164,1856
40165,1851
40166,1844
40167,1840
40168,1841
40169,1839
40170,1853
40171,1856
40172,1859
40173,1861
40174,1865
40175,1867
40176,1863
40177,1863
40178,1865
40179,1867
40180,1865
40181,1858
40182,1856
40183,1847
40184,1845
40185,1845
40186,1850
40187,1852
40188,1856
40189,1861
40190,1862
40191,1866
40192,1866
40193,1861
40194,1855
40195,1861
40196,1862
40197,1857
40198,1854
40199,1855
40200,1851
40201,1847
40202,1847
40203,1853
40204,1854
40205,1858
40206,1862
40207,1866
40208,1867
40209,1866
40210,1865
40211,1866
40212,1872
40213,1872
40214,1866
40215,1859
40216,1853
40217,1847
40218,1844
40219,1842
40220,1844
40221,1850
40222,1853
40223,1857
40224,1857
40225,1856
40226,1855
40227,1856
40228,1862
40229,1856
40230,1856
40231,1861
40232,1855
40233,1851
40234,1847
40235,1851
40236,1850
40237,1853
40238,1855
40239,1858
40240,1861
40241,1865
40242,1863
40243,1861
40244,1863
40245,1871
40246,1869
40247,1867
40248,1863
40249,1857
40250,1851
40251,1847
40252,1849
40253,1853
40254,1850
40255,1855
40256,1856
40257,1856
40258,1859
40259,1856
40260,1862
40261,1869
40262,1871
40263,1872
40264,1865
40265,1862
40266,1855
40267,1853
40268,1855
40269,1851
40270,1854
40271,1858
40272,1859
40273,1866
40274,1866
40275,1863
40276,1866
40277,1862
40278,1867
40279,1872
40280,1870
40281,1863
40282,1856
40283,1854
40284,1843
40285,1842
40286,1846
40287,1846
40288,1852
40289,1862
40290,1863
40291,1866
40292,1860
40293,1862
40294,1863
40295,1867
40296,1872
40297,1866
40298,1857
40299,1856
40300,1851
40301,1849
40302,1847
40303,1851
40304,1855
40305,1859
40306,1863
40307,1862
40308,1866
40309,1863
40310,1862
40311,1863
40312,1867
40313,1867
40314,1854
40315,1850
40316,1845
40317,1841
40318,1842
40319,1850
40320,1853
40321,1856
40322,1859
40323,1861
40324,1861
40325,1865
40326,1861
40327,1859
40328,1863
40329,1869
40330,1866
40331,1863
40332,1856
40333,1851
40334,1851
40335,1852
40336,1851
40337,1853
40338,1857
40339,1862
40340,1866
40341,1862
40342,1861
40343,1858
40344,1856
40345,1857
40346,1863
40347,1863
40348,1855
40349,1851
40350,1843
40351,1853
40352,1851
40353,1855
40354,1856
40355,1862
40356,1863
40357,1866
40358,1865
40359,1863
40360,1863
40361,1863
40362,1869
40363,1870
40364,1862
40365,1861
40366,1854
40367,1849
40368,1846
40369,1853
40370,1854
40371,1855
40372,1856
40373,1861
40374,1856
40375,1856
40376,1856
40377,1855
40378,1862
40379,1863
40380,1868
40381,1862
40382,1857
40383,1854
40384,1849
40385,1851
40386,1850
40387,1853
40388,1856
40389,1859
40390,1864
40391,1864
40392,1863
40393,1865
40394,1865
40395,1871
40396,1872
40397,1871
40398,1862
40399,1857
40400,1853
40401,1847
40402,1847
40403,1854
40404,1845
40405,1853
40406,1858
40407,1855
40408,1859
40409,1865
40410,1866
40411,1865
40412,1869
40413,1871
40414,1867
40415,1861
40416,1857
40417,1853
40418,1846
40419,1854
40420,1854
40421,1857
40422,1859
40423,1865
40424,1861
40425,1861
40426,1859
40427,1860
40428,1861
40429,1871
40430,1866
40431,1861
40432,1856
40433,1851
40434,1841
40435,1841
40436,1844
40437,1845
40438,1850
40439,1854
40440,1858
40441,1865
40442,1863
40443,1863
40444,1861
40445,1865
40446,1871
40447,1866
40448,1860
40449,1856
40450,1854
40451,1849
40452,1851
40453,1855
40454,1856
40455,1861
40456,1861
40457,1862
40458,1863
40459,1865
40460,1861
40461,1861
40462,1867
40463,1870
40464,1857
40465,1852
40466,1847
40467,1840
40468,1840
40469,1841
40470,1853
40471,1855
40472,1856
40473,1858
40474,1859
40475,1858
40476,1861
40477,1861
40478,1863
40479,1871
40480,1871
40481,1861
40482,1856
40483,1854
40484,1851
40485,1850
40486,1853
40487,1855
40488,1855
40489,1858
40490,1862
40491,1862
40492,1861
40493,1862
40494,1857
40495,1859
40496,1862
40497,1860
40498,1853
40499,1855
40500,1851
40501,1846
40502,1850
40503,1851
40504,1853
40505,1858
40506,1862
40507,1862
40508,1861
40509,1862
40510,1862
40511,1865
40512,1870
40513,1871
40514,1865
40515,1859
40516,1855
40517,1846
40518,1840
40519,1843
40520,1847
40521,1849
40522,1852
40523,1856
40524,1857
40525,1857
40526,1855
40527,1855
40528,1855
40529,1859
40530,1859
40531,1859
40532,1855
40533,1850
40534,1849
40535,1849
40536,1853
40537,1856
40538,1859
40539,1863
40540,1866
40541,1866
40542,1867
40543,1867
40544,1869
40545,1868
40546,1871
40547,1869
40548,1858
40549,1856
40550,1851
40551,1847
40552,1849
40553,1850
40554,1844
40555,1850
40556,1855
40557,1855
40558,1860
40559,1855
40560,1860
40561,1860
40562,1869
40563,1869
40564,1862
40565,1859
40566,1855
40567,1849
40568,1849
40569,1853
40570,1854
40571,1856
40572,1858
40573,1863
40574,1863
40575,1869
40576,1863
40577,1864
40578,1866
40579,1871
40580,1871
40581,1862
40582,1859
40583,1854
40584,1844
40585,1842
40586,1843
40587,1850
40588,1856
40589,1863
40590,1863
40591,1863
40592,1866
40593,1863
40594,1863
40595,1866
40596,1871
40597,1867
40598,1859
40599,1856
40600,1853
40601,1851
40602,1850
40603,1855
40604,1855
40605,1860
40606,1861
40607,1865
40608,1863
40609,1861
40610,1861
40611,1860
40612,1865
40613,1871
40614,1857
40615,1854
40616,1852
40617,1845
40618,1842
40619,1854
40620,1854
40621,1856
40622,1861
40623,1859
40624,1861
40625,1866
40626,1866
40627,1863
40628,1865
40629,1867
40630,1867
40631,1860
40632,1854
40633,1851
40634,1845
40635,1843
40636,1847
40637,1850
40638,1851
40639,1853
40640,1857
40641,1858
40642,1856
40643,1856
40644,1859
40645,1861
40646,1863
40647,1862
40648,2490
40649,525
40650,1904
40651,2385
40652,2471
40653,2474
40654,2464
40655,2364
40656,2272
40657,2174
40658,2034
40659,1943
40660,1679
40661,1306
40662,1145
40663,1264
40664,1472
40665,1625
40666,1686
40667,1698
40668,1690
40669,1698
40670,1744
40671,1802
40672,1845
40673,1873
40674,1883
40675,1889
40676,1887
40677,1873
40678,1858
40679,2039
40680,432
40681,1872
40682,2446
40683,2559
40684,2558
40685,2516
40686,2391
40687,2266
40688,2079
40689,1937
40690,1715
40691,1310
40692,1155
40693,1278
40694,1463
40695,1647
40696,1730
40697,1741
40698,1719
40699,1725
40700,1777
40701,1821
40702,1853
40703,1879
40704,1898
40705,1910
40706,1916
40707,1911
40708,1913
40709,1910
40710,1905
40711,393
40712,1743
40713,2359
40714,2539
40715,2507
40716,2450
40717,2352
40718,2224
40719,2006
40720,1881
40721,1610
40722,1323
40723,1328
40724,1513
40725,1650
40726,1722
40727,1733
40728,1715
40729,1721
40730,1763
40731,1808
40732,1839
40733,1861
40734,1872
40735,1887
40736,1895
40737,1901
40738,1903
40739,1904
40740,1906
40741,1913
40742,407
40743,1680
40744,2275
40745,2477
40746,2459
40747,2395
40748,2329
40749,2133
40750,1963
40751,1849
40752,1601
40753,1438
40754,1520
40755,1642
40756,1710
40757,1725
40758,1705
40759,1696
40760,1729
40761,1782
40762,1824
40763,1858
40764,1872
40765,1883
40766,1888
40767,1885
40768,1889
40769,1889
40770,1899
40771,1904
40772,1904
40773,612
40774,1513
40775,2255
40776,2481
40777,2468
40778,2377
40779,2304
40780,2032
40781,1888
40782,1783
40783,1555
40784,1470
40785,1617
40786,1741
40787,1763
40788,1730
40789,1692
40790,1694
40791,1747
40792,1798
40793,1840
40794,1872
40795,1892
40796,1903
40797,1906
40798,1905
40799,1903
40800,1894
40801,1885
40802,1869
40803,1872
40804,699
40805,1445
40806,2337
40807,2706
40808,2726
40809,2539
40810,2314
40811,1863
40812,1690
40813,1618
40814,1383
40815,1319
40816,1488
40817,1682
40818,1729
40819,1680
40820,1648
40821,1679
40822,1744
40823,1799
40824,1845
40825,1879
40826,1898
40827,1904
40828,1910
40829,1925
40830,1927
40831,1922
40832,1920
40833,1914
40834,1902
40835,1131
40836,1251
40837,2414
40838,2979
40839,3063
40840,2736
40841,2352
40842,1635
40843,1483
40844,1364
40845,1049
40846,1142
40847,1515
40848,1726
40849,1741
40850,1695
40851,1671
40852,1712
40853,1774
40854,1819
40855,1859
40856,1895
40857,1915
40858,1925
40859,1936
40860,1951
40861,1950
40862,1947
40863,1936
40864,1915
40865,1905
40866,1535
40867,1077
40868,2407
40869,3278
40870,3536
40871,3071
40872,2480
40873,1572
40874,1424
40875,1047
40876,624
40877,897
40878,1437
40879,1680
40880,1715
40881,1693
40882,1686
40883,1730
40884,1781
40885,1840
40886,1895
40887,1936
40888,1975
40889,2011
40890,2014
40891,1993
40892,1936
40893,1886
40894,1863
40895,1853
40896,1856
40897,2090
40898,909
40899,2322
40900,3363
40901,3827
40902,3302
40903,2559
40904,1611
40905,1361
40906,767
40907,441
40908,919
40909,1470
40910,1678
40911,1713
40912,1696
40913,1706
40914,1748
40915,1808
40916,1859
40917,1900
40918,1913
40919,1921
40920,1927
40921,1969
40922,1981
40923,1964
40924,1962
40925,1954
40926,1936
40927,1921
40928,2416
40929,845
40930,2240
40931,3286
40932,3829
40933,3357
40934,2559
40935,1680
40936,1287
40937,655
40938,435
40939,1008
40940,1486
40941,1673
40942,1711
40943,1693
40944,1690
40945,1747
40946,1823
40947,1883
40948,1919
40949,1940
40950,1962
40951,1968
40952,1935
40953,1959
40954,1955
40955,1935
40956,1919
40957,1923
40958,1926
40959,2554
40960,576
40961,2061
40962,3118
40963,3845
40964,3426
40965,2715
40966,1811
40967,1347
40968,670
40969,401
40970,967
40971,1457
40972,1665
40973,1713
40974,1690
40975,1697
40976,1755
40977,1824
40978,1881
40979,1920
40980,1953
40981,1968
40982,1967
40983,1956
40984,1949
40985,1941
40986,1936
40987,1936
40988,1934
40989,1929
40990,2137
40991,444
40992,1956
40993,3024
40994,3885
40995,3481
40996,2799
40997,1869
40998,1329
40999,704
41000,407
41001,935
41002,1427
41003,1646
41004,1698
41005,1689
41006,1689
41007,1745
41008,1815
41009,1887
41010,1941
41011,1968
41012,1984
41013,2006
41014,2032
41015,2015
41016,1968
41017,1930
41018,1875
41019,1842
41020,1838
41021,1945
41022,394
41023,1889
41024,2962
41025,3858
41026,3472
41027,2803
41028,1902
41029,1355
41030,727
41031,449
41032,967
41033,1424
41034,1636
41035,1698
41036,1685
41037,1687
41038,1744
41039,1813
41040,1879
41041,1936
41042,1974
41043,1990
41044,1980
41045,1967
41046,1946
41047,1936
41048,1934
41049,1929
41050,1923
41051,1918
41052,1908
41053,385
41054,1790
41055,2862
41056,3823
41057,3482
41058,2860
41059,1968
41060,1359
41061,719
41062,439
41063,967
41064,1432
41065,1648
41066,1712
41067,1697
41068,1687
41069,1730
41070,1808
41071,1862
41072,1917
41073,1964
41074,1987
41075,1968
41076,1943
41077,1953
41078,1954
41079,1949
41080,1951
41081,1940
41082,1930
41083,1919
41084,471
41085,1675
41086,2734
41087,3716
41088,3477
41089,2897
41090,2086
41091,1431
41092,755
41093,426
41094,932
41095,1411
41096,1648
41097,1719
41098,1709
41099,1695
41100,1732
41101,1802
41102,1863
41103,1902
41104,1923
41105,1935
41106,1946
41107,1984
41108,1996
41109,1970
41110,1955
41111,1946
41112,1945
41113,1942
41114,1933
41115,614
41116,1556
41117,2657
41118,3683
41119,3511
41120,2951
41121,2115
41122,1419
41123,807
41124,448
41125,914
41126,1392
41127,1627
41128,1709
41129,1711
41130,1696
41131,1745
41132,1808
41133,1870
41134,1905
41135,1927
41136,1950
41137,1963
41138,1963
41139,1968
41140,1963
41141,1949
41142,1930
41143,1909
41144,1909
41145,1917
41146,815
41147,1424
41148,2529
41149,3601
41150,3569
41151,3007
41152,2163
41153,1424
41154,821
41155,469
41156,933
41157,1395
41158,1631
41159,1714
41160,1719
41161,1699
41162,1736
41163,1807
41164,1872
41165,1922
41166,1958
41167,1974
41168,1970
41169,1964
41170,1938
41171,1919
41172,1906
41173,1919
41174,1930
41175,1930
41176,1925
41177,1295
41178,1190
41179,2416
41180,3534
41181,3677
41182,3111
41183,2320
41184,1523
41185,903
41186,428
41187,811
41188,1319
41189,1600
41190,1710
41191,1717
41192,1697
41193,1723
41194,1792
41195,1862
41196,1921
41197,1957
41198,1973
41199,1967
41200,1954
41201,1949
41202,1933
41203,1922
41204,1927
41205,1934
41206,1933
41207,1931
41208,1770
41209,1011
41210,2307
41211,3419
41212,3697
41213,3145
41214,2401
41215,1600
41216,975
41217,438
41218,758
41219,1286
41220,1574
41221,1682
41222,1705
41223,1686
41224,1718
41225,1786
41226,1850
41227,1903
41228,1941
41229,1975
41230,1986
41231,1973
41232,1967
41233,1950
41234,1936
41235,1933
41236,1930
41237,1926
41238,1914
41239,2347
41240,839
41241,2192
41242,3280
41243,3695
41244,3170
41245,2486
41246,1712
41247,1051
41248,464
41249,720
41250,1248
41251,1555
41252,1678
41253,1698
41254,1681
41255,1712
41256,1781
41257,1850
41258,1914
41259,1970
41260,1974
41261,1966
41262,1959
41263,1978
41264,1971
41265,1958
41266,1937
41267,1910
41268,1901
41269,1904
41270,1904
41271,1905
41272,1904
41273,1902
41274,1890
41275,1886
41276,1879
41277,1877
41278,1874
41279,1875
41280,1885
41281,1879
41282,1872
41283,1870
41284,1861
41285,1857
41286,1856
41287,1859
41288,1860
41289,1859
41290,1861
41291,1858
41292,1862
41293,1861
41294,1857
41295,1857
41296,1861
41297,1865
41298,1862
41299,1856
41300,1853
41301,1850
41302,1844
41303,1851
41304,1845
41305,1846
41306,1855
41307,1851
41308,1853
41309,1858
41310,1863
41311,1867
41312,1871
41313,1872
41314,1868
41315,1862
41316,1856
41317,1850
41318,1843
41319,1846
41320,1846
41321,1853
41322,1856
41323,1856
41324,1859
41325,1862
41326,1862
41327,1860
41328,1862
41329,1866
41330,1869
41331,1867
41332,1861
41333,1856
41334,1844
41335,1840
41336,1841
41337,1843
41338,1849
41339,1849
41340,1847
41341,1857
41342,1860
41343,1861
41344,1865
41345,1869
41346,1869
41347,1870
41348,1867
41349,1857
41350,1854
41351,1851
41352,1853
41353,1853
41354,1853
41355,1854
41356,1857
41357,1862
41358,1858
41359,1862
41360,1861
41361,1863
41362,1869
41363,1871
41364,1861
41365,1857
41366,1856
41367,1850
41368,1846
41369,1845
41370,1845
41371,1852
41372,1856
41373,1863
41374,1866
41375,1866
41376,1866
41377,1867
41378,1866
41379,1872
41380,1872
41381,1872
41382,1865
41383,1858
41384,1854
41385,1851
41386,1849
41387,1851
41388,1857
41389,1858
41390,1859
41391,1862
41392,1862
41393,1862
41394,1856
41395,1858
41396,1863
41397,1867
41398,1859
41399,1857
41400,1857
41401,1851
41402,1847
41403,1850
41404,1855
41405,1854
41406,1861
41407,1861
41408,1861
41409,1861
41410,1863
41411,1865
41412,1871
41413,1878
41414,1877
41415,1872
41416,1854
41417,1853
41418,1845
41419,1841
41420,1844
41421,1845
41422,1849
41423,1854
41424,1854
41425,1856
41426,1858
41427,1859
41428,1859
41429,1865
41430,1869
41431,1871
41432,1867
41433,1861
41434,1856
41435,1856
41436,1853
41437,1853
41438,1858
41439,1858
41440,1863
41441,1863
41442,1869
41443,1867
41444,1868
41445,1868
41446,1872
41447,1870
41448,1864
41449,1857
41450,1857
41451,1855
41452,1854
41453,1854
41454,1849
41455,1851
41456,1856
41457,1859
41458,1865
41459,1862
41460,1866
41461,1861
41462,1861
41463,1865
41464,1866
41465,1862
41466,1859
41467,1856
41468,1853
41469,1851
41470,1853
41471,1855
41472,1858
41473,1861
41474,1861
41475,1865
41476,1862
41477,1863
41478,1866
41479,1872
41480,1873
41481,1870
41482,1863
41483,1859
41484,1851
41485,1849
41486,1849
41487,1855
41488,1852
41489,1861
41490,1861
41491,1867
41492,1869
41493,1866
41494,1862
41495,1866
41496,1872
41497,1872
41498,1870
41499,1860
41500,1858
41501,1853
41502,1856
41503,1855
41504,1856
41505,1856
41506,1859
41507,1861
41508,1863
41509,1865
41510,1862
41511,1863
41512,1867
41513,1871
41514,1866
41515,1858
41516,1855
41517,1845
41518,1847
41519,1854
41520,1856
41521,1855
41522,1857
41523,1861
41524,1863
41525,1865
41526,1861
41527,1859
41528,1859
41529,1865
41530,1869
41531,1864
41532,1861
41533,1854
41534,1851
41535,1854
41536,1853
41537,1854
41538,1857
41539,1859
41540,1861
41541,1862
41542,1862
41543,1859
41544,1855
41545,1856
41546,1861
41547,1862
41548,1860
41549,1854
41550,1850
41551,1853
41552,1850
41553,1854
41554,1856
41555,1858
41556,1862
41557,1862
41558,1863
41559,1866
41560,1867
41561,1866
41562,1869
41563,1872
41564,1871
41565,1866
41566,1857
41567,1850
41568,1847
41569,1850
41570,1854
41571,1853
41572,1857
41573,1867
41574,1859
41575,1858
41576,1861
41577,1859
41578,1857
41579,1860
41580,1871
41581,1867
41582,1862
41583,1856
41584,1852
41585,1851
41586,1851
41587,1853
41588,1856
41589,1859
41590,1862
41591,1865
41592,1867
41593,1863
41594,1863
41595,1863
41596,1870
41597,1867
41598,1860
41599,1856
41600,1852
41601,1848
41602,1846
41603,1850
41604,1847
41605,1850
41606,1855
41607,1854
41608,1856
41609,1861
41610,1862
41611,1862
41612,1866
41613,1872
41614,1866
41615,1862
41616,1854
41617,1855
41618,1843
41619,1850
41620,1851
41621,1856
41622,1861
41623,1862
41624,1867
41625,1865
41626,1863
41627,1861
41628,1863
41629,1870
41630,1871
41631,1866
41632,1861
41633,1854
41634,1843
41635,1841
41636,1845
41637,1844
41638,1849
41639,1855
41640,1856
41641,1863
41642,1865
41643,1863
41644,1862
41645,1866
41646,1869
41647,1871
41648,1867
41649,1859
41650,1855
41651,1851
41652,1850
41653,1853
41654,1856
41655,1856
41656,1859
41657,1861
41658,1862
41659,1863
41660,1861
41661,1858
41662,1866
41663,1870
41664,1860
41665,1853
41666,1849
41667,1844
41668,1841
41669,1840
41670,1847
41671,1855
41672,1859
41673,1863
41674,1858
41675,1863
41676,1863
41677,1862
41678,1861
41679,1866
41680,1872
41681,1866
41682,1858
41683,1854
41684,1851
41685,1847
41686,1853
41687,1854
41688,1856
41689,1857
41690,1862
41691,1866
41692,1867
41693,1863
41694,1856
41695,1857
41696,1860
41697,1866
41698,1861
41699,1860
41700,1857
41701,1853
41702,1848
41703,1850
41704,1853
41705,1855
41706,1859
41707,1856
41708,1861
41709,1866
41710,1863
41711,1859
41712,1863
41713,1868
41714,1865
41715,1859
41716,1854
41717,1851
41718,1840
41719,1840
41720,1846
41721,1849
41722,1855
41723,1857
41724,1856
41725,1858
41726,1859
41727,1856
41728,1857
41729,1861
41730,1863
41731,1866
41732,1859
41733,1856
41734,1850
41735,1845
41736,1847
41737,1853
41738,1855
41739,1859
41740,1863
41741,1865
41742,1865
41743,1863
41744,1861
41745,1866
41746,1868
41747,1869
41748,1863
41749,1856
41750,1855
41751,1847
41752,1845
41753,1851
41754,1846
41755,1853
41756,1855
41757,1856
41758,1857
41759,1859
41760,1862
41761,1861
41762,1865
41763,1871
41764,1867
41765,1859
41766,1856
41767,1852
41768,1847
41769,1850
41770,1850
41771,1850
41772,1856
41773,1863
41774,1863
41775,1870
41776,1866
41777,1863
41778,1863
41779,1868
41780,1871
41781,1865
41782,1857
41783,1855
41784,1842
41785,1840
41786,1841
41787,1844
41788,1849
41789,1858
41790,1867
41791,1869
41792,1869
41793,1867
41794,1863
41795,1863
41796,1868
41797,1869
41798,1861
41799,1856
41800,1855
41801,1849
41802,1849
41803,1849
41804,1852
41805,1856
41806,1860
41807,1863
41808,1865
41809,1866
41810,1863
41811,1861
41812,1866
41813,1870
41814,1865
41815,1856
41816,1851
41817,1847
41818,1842
41819,1850
41820,1853
41821,1855
41822,1858
41823,1863
41824,1865
41825,1867
41826,1859
41827,1862
41828,1863
41829,1867
41830,1871
41831,1864
41832,1858
41833,1854
41834,1851
41835,1850
41836,1849
41837,1854
41838,1853
41839,1861
41840,1861
41841,1862
41842,1865
41843,1862
41844,1857
41845,1858
41846,1866
41847,1865
41848,1857
41849,1851
41850,1846
41851,1851
41852,1847
41853,1847
41854,1851
41855,1853
41856,1857
41857,1859
41858,1865
41859,1863
41860,1863
41861,1859
41862,1863
41863,1870
41864,1868
41865,1858
41866,1855
41867,1851
41868,1847
41869,1846
41870,1853
41871,1855
41872,1858
41873,1863
41874,1857
41875,1859
41876,1859
41877,1857
41878,1860
41879,1861
41880,1872
41881,1867
41882,1863
41883,1856
41884,1853
41885,1850
41886,1850
41887,1856
41888,1856
41889,1859
41890,1863
41891,1863
41892,1867
41893,1866
41894,1866
41895,1869
41896,1871
41897,1871
41898,1863
41899,1858
41900,1853
41901,1851
41902,1846
41903,1852
41904,1845
41905,1851
41906,1855
41907,1857
41908,1861
41909,1866
41910,1864
41911,1863
41912,1866
41913,1872
41914,1869
41915,1862
41916,1856
41917,1853
41918,1852
41919,1853
41920,1851
41921,1853
41922,1856
41923,1859
41924,1862
41925,1861
41926,1859
41927,1859
41928,1859
41929,1865
41930,1869
41931,1866
41932,1858
41933,1855
41934,1844
41935,1840
41936,1841
41937,1847
41938,1851
41939,1851
41940,1853
41941,1860
41942,1861
41943,1861
41944,1859
41945,1862
41946,1869
41947,1869
41948,1862
41949,1857
41950,1851
41951,1845
41952,1843
41953,1846
41954,1851
41955,1856
41956,1859
41957,1861
41958,1861
41959,1859
41960,1862
41961,1863
41962,1869
41963,1870
41964,1861
41965,1855
41966,1851
41967,1844
41968,1842
41969,1843
41970,1851
41971,1856
41972,1858
41973,1861
41974,1866
41975,1867
41976,1866
41977,1867
41978,1865
41979,1870
41980,1872
41981,1870
41982,1859
41983,1855
41984,1849
41985,1845
41986,1851
41987,1852
41988,1851
41989,1856
41990,1862
41991,1862
41992,1864
41993,1862
41994,1857
41995,1858
41996,1862
41997,1864
41998,1857
41999,1859
42000,1855
42001,1851
42002,1847
42003,1853
42004,1851
42005,1855
42006,1857
42007,1862
42008,1862
42009,1863
42010,1859
42011,1861
42012,1863
42013,1871
42014,1867
42015,1857
42016,1856
42017,1851
42018,1847
42019,1842
42020,1845
42021,1847
42022,1851
42023,1856
42024,1857
42025,1859
42026,1860
42027,1858
42028,1858
42029,1860
42030,1863
42031,1869
42032,1861
42033,1856
42034,1854
42035,1850
42036,1850
42037,1854
42038,1853
42039,1858
42040,1859
42041,1861
42042,1865
42043,1861
42044,1862
42045,1866
42046,1870
42047,1869
42048,1865
42049,1862
42050,1855
42051,1850
42052,1850
42053,1851
42054,1846
42055,1851
42056,1855
42057,1859
42058,1858
42059,1857
42060,1862
42061,1865
42062,1863
42063,1872
42064,1869
42065,1863
42066,1857
42067,1853
42068,1847
42069,1849
42070,1850
42071,1852
42072,1857
42073,1862
42074,1861
42075,1863
42076,1861
42077,1863
42078,1863
42079,1868
42080,1871
42081,1866
42082,1859
42083,1853
42084,1840
42085,1842
42086,1841
42087,1843
42088,1849
42089,1857
42090,1860
42091,1865
42092,1867
42093,1863
42094,1862
42095,1863
42096,1869
42097,1870
42098,1866
42099,1859
42100,1854
42101,1847
42102,1849
42103,1848
42104,1854
42105,1856
42106,1859
42107,1865
42108,1863
42109,1863
42110,1863
42111,1863
42112,1866
42113,1872
42114,1860
42115,1857
42116,1851
42117,1847
42118,1845
42119,1851
42120,1852
42121,1854
42122,1856
42123,1861
42124,1863
42125,1867
42126,1863
42127,1863
42128,1864
42129,1868
42130,1872
42131,1869
42132,1861
42133,1856
42134,1852
42135,1847
42136,1851
42137,1851
42138,1854
42139,1858
42140,1860
42141,1861
42142,1863
42143,1862
42144,1856
42145,1856
42146,1861
42147,1860
42148,1856
42149,1849
42150,1846
42151,1847
42152,1846
42153,1851
42154,1854
42155,1856
42156,1859
42157,1860
42158,1863
42159,1863
42160,1865
42161,1863
42162,1863
42163,1870
42164,1870
42165,1861
42166,1857
42167,1853
42168,1851
42169,1847
42170,1852
42171,1851
42172,1858
42173,1861
42174,1856
42175,1857
42176,1856
42177,1857
42178,1857
42179,1862
42180,1872
42181,1871
42182,1862
42183,1856
42184,1851
42185,1851
42186,1849
42187,1855
42188,1856
42189,1861
42190,1865
42191,1867
42192,1865
42193,1866
42194,1863
42195,1862
42196,1869
42197,1871
42198,1863
42199,1859
42200,1854
42201,1850
42202,1847
42203,1849
42204,1847
42205,1852
42206,1856
42207,1858
42208,1857
42209,1867
42210,1865
42211,1864
42212,1867
42213,1872
42214,1870
42215,1863
42216,1857
42217,1854
42218,1851
42219,1850
42220,1853
42221,1855
42222,1856
42223,1861
42224,1865
42225,1867
42226,1865
42227,1866
42228,1861
42229,1868
42230,1871
42231,1867
42232,1859
42233,1854
42234,1840
42235,1842
42236,1843
42237,1847
42238,1847
42239,1854
42240,1854
42241,1865
42242,1863
42243,1863
42244,1862
42245,1867
42246,1872
42247,1872
42248,1869
42249,1861
42250,1856
42251,1851
42252,1845
42253,1851
42254,1856
42255,1856
42256,1861
42257,1866
42258,1862
42259,1867
42260,1864
42261,1863
42262,1869
42263,1869
42264,1861
42265,1283
42266,1122
42267,2147
42268,2491
42269,2511
42270,2480
42271,2416
42272,2259
42273,2205
42274,2107
42275,2004
42276,1920
42277,1616
42278,1257
42279,1172
42280,1328
42281,1508
42282,1631
42283,1676
42284,1677
42285,1664
42286,1685
42287,1744
42288,1793
42289,1822
42290,1851
42291,1875
42292,1890
42293,1901
42294,1891
42295,1898
42296,1535
42297,1086
42298,2170
42299,2544
42300,2559
42301,2512
42302,2430
42303,2299
42304,2192
42305,2021
42306,1930
42307,1645
42308,1281
42309,1206
42310,1360
42311,1535
42312,1689
42313,1737
42314,1732
42315,1708
42316,1730
42317,1786
42318,1819
42319,1858
42320,1883
42321,1899
42322,1911
42323,1915
42324,1910
42325,1910
42326,1905
42327,2128
42328,886
42329,2087
42330,2519
42331,2587
42332,2503
42333,2390
42334,2273
42335,2070
42336,1902
42337,1777
42338,1482
42339,1328
42340,1442
42341,1593
42342,1696
42343,1730
42344,1717
42345,1698
42346,1723
42347,1778
42348,1818
42349,1851
42350,1872
42351,1890
42352,1901
42353,1905
42354,1903
42355,1904
42356,1904
42357,1909
42358,2752
42359,711
42360,2011
42361,2455
42362,2544
42363,2474
42364,2368
42365,2234
42366,1964
42367,1841
42368,1700
42369,1488
42370,1449
42371,1598
42372,1708
42373,1755
42374,1731
42375,1695
42376,1697
42377,1744
42378,1797
42379,1839
42380,1873
42381,1891
42382,1898
42383,1899
42384,1895
42385,1895
42386,1894
42387,1895
42388,1899
42389,2236
42390,445
42391,1907
42392,2418
42393,2544
42394,2482
42395,2368
42396,2176
42397,1872
42398,1811
42399,1681
42400,1487
42401,1509
42402,1682
42403,1773
42404,1747
42405,1695
42406,1660
42407,1690
42408,1748
42409,1803
42410,1842
42411,1873
42412,1893
42413,1905
42414,1907
42415,1906
42416,1904
42417,1895
42418,1891
42419,1895
42420,1936
42421,366
42422,1836
42423,2511
42424,2794
42425,2747
42426,2559
42427,2192
42428,1729
42429,1638
42430,1474
42431,1246
42432,1311
42433,1571
42434,1727
42435,1724
42436,1663
42437,1650
42438,1703
42439,1769
42440,1829
42441,1871
42442,1898
42443,1906
42444,1909
42445,1911
42446,1916
42447,1917
42448,1915
42449,1905
42450,1902
42451,1894
42452,386
42453,1812
42454,2636
42455,3084
42456,3007
42457,2743
42458,2128
42459,1529
42460,1428
42461,1179
42462,960
42463,1242
42464,1630
42465,1739
42466,1719
42467,1680
42468,1695
42469,1753
42470,1810
42471,1867
42472,1904
42473,1921
42474,1931
42475,1938
42476,1946
42477,1939
42478,1936
42479,1936
42480,1946
42481,1936
42482,1927
42483,461
42484,1710
42485,2715
42486,3446
42487,3408
42488,3031
42489,2174
42490,1519
42491,1275
42492,809
42493,570
42494,1057
42495,1526
42496,1691
42497,1719
42498,1707
42499,1714
42500,1771
42501,1828
42502,1875
42503,1915
42504,1933
42505,1961
42506,1973
42507,1978
42508,1974
42509,1959
42510,1934
42511,1904
42512,1878
42513,1876
42514,602
42515,1605
42516,2623
42517,3457
42518,3511
42519,3108
42520,2176
42521,1535
42522,1291
42523,720
42524,576
42525,1121
42526,1531
42527,1683
42528,1711
42529,1701
42530,1737
42531,1798
42532,1854
42533,1899
42534,1919
42535,1932
42536,1939
42537,1946
42538,1949
42539,1947
42540,1945
42541,1951
42542,1946
42543,1936
42544,1925
42545,912
42546,1397
42547,2505
42548,3454
42549,3659
42550,3231
42551,2279
42552,1602
42553,1273
42554,656
42555,538
42556,1075
42557,1481
42558,1654
42559,1695
42560,1694
42561,1725
42562,1788
42563,1856
42564,1904
42565,1937
42566,1947
42567,1952
42568,1952
42569,1951
42570,1953
42571,1952
42572,1947
42573,1949
42574,1945
42575,1939
42576,1230
42577,1234
42578,2384
42579,3381
42580,3712
42581,3312
42582,2387
42583,1665
42584,1254
42585,619
42586,534
42587,1056
42588,1452
42589,1637
42590,1698
42591,1701
42592,1719
42593,1779
42594,1841
42595,1895
42596,1943
42597,1971
42598,1971
42599,1964
42600,1954
42601,1938
42602,1934
42603,1927
42604,1929
42605,1931
42606,1933
42607,1667
42608,1069
42609,2291
42610,3301
42611,3719
42612,3323
42613,2484
42614,1728
42615,1263
42616,609
42617,541
42618,1072
42619,1467
42620,1647
42621,1698
42622,1690
42623,1713
42624,1775
42625,1844
42626,1904
42627,1943
42628,1973
42629,1979
42630,1958
42631,1955
42632,1947
42633,1949
42634,1948
42635,1937
42636,1925
42637,1916
42638,2256
42639,870
42640,2192
42641,3216
42642,3734
42643,3335
42644,2559
42645,1770
42646,1267
42647,615
42648,545
42649,1082
42650,1463
42651,1641
42652,1692
42653,1680
42654,1696
42655,1763
42656,1838
42657,1903
42658,1951
42659,1978
42660,1980
42661,1981
42662,1968
42663,1957
42664,1939
42665,1936
42666,1936
42667,1933
42668,1923
42669,2559
42670,784
42671,2129
42672,3159
42673,3722
42674,3312
42675,2559
42676,1759
42677,1231
42678,582
42679,574
42680,1129
42681,1507
42682,1671
42683,1718
42684,1701
42685,1711
42686,1759
42687,1828
42688,1879
42689,1931
42690,1954
42691,1966
42692,1968
42693,1968
42694,1968
42695,1963
42696,1958
42697,1955
42698,1947
42699,1934
42700,2739
42701,615
42702,2058
42703,3107
42704,3779
42705,3347
42706,2663
42707,1808
42708,1263
42709,606
42710,527
42711,1062
42712,1462
42713,1654
42714,1706
42715,1694
42716,1705
42717,1763
42718,1827
42719,1884
42720,1926
42721,1954
42722,1967
42723,1968
42724,1968
42725,1954
42726,1936
42727,1937
42728,1939
42729,1941
42730,1938
42731,2081
42732,412
42733,1912
42734,2938
42735,3755
42736,3376
42737,2758
42738,1904
42739,1328
42740,688
42741,502
42742,1020
42743,1439
42744,1626
42745,1699
42746,1703
42747,1712
42748,1763
42749,1829
42750,1877
42751,1924
42752,1950
42753,1968
42754,1962
42755,1959
42756,1966
42757,1962
42758,1954
42759,1947
42760,1941
42761,1936
42762,1974
42763,384
42764,1877
42765,2905
42766,3758
42767,3395
42768,2800
42769,1936
42770,1327
42771,688
42772,505
42773,1003
42774,1423
42775,1635
42776,1706
42777,1696
42778,1703
42779,1759
42780,1840
42781,1904
42782,1951
42783,1972
42784,1981
42785,1957
42786,1936
42787,1935
42788,1936
42789,1937
42790,1940
42791,1940
42792,1937
42793,1931
42794,445
42795,1712
42796,2755
42797,3715
42798,3458
42799,2910
42800,2062
42801,1389
42802,766
42803,475
42804,949
42805,1394
42806,1616
42807,1697
42808,1693
42809,1699
42810,1749
42811,1817
42812,1881
42813,1934
42814,1962
42815,1968
42816,1968
42817,1967
42818,1961
42819,1935
42820,1932
42821,1935
42822,1930
42823,1936
42824,1936
42825,568
42826,1595
42827,2629
42828,3600
42829,3500
42830,2974
42831,2165
42832,1455
42833,817
42834,485
42835,934
42836,1385
42837,1611
42838,1697
42839,1696
42840,1694
42841,1744
42842,1813
42843,1872
42844,1920
42845,1946
42846,1968
42847,1982
42848,1981
42849,1974
42850,1968
42851,1953
42852,1936
42853,1931
42854,1921
42855,1919
42856,748
42857,1441
42858,2527
42859,3551
42860,3526
42861,3006
42862,2229
42863,1491
42864,880
42865,464
42866,882
42867,1345
42868,1586
42869,1680
42870,1712
42871,1711
42872,1733
42873,1799
42874,1866
42875,1920
42876,1948
42877,1967
42878,1970
42879,1974
42880,1980
42881,1975
42882,1962
42883,1949
42884,1937
42885,1931
42886,1919
42887,1909
42888,1904
42889,1899
42890,1894
42891,1889
42892,1891
42893,1889
42894,1879
42895,1875
42896,1878
42897,1878
42898,1874
42899,1876
42900,1872
42901,1863
42902,1859
42903,1857
42904,1857
42905,1857
42906,1861
42907,1859
42908,1861
42909,1868
42910,1872
42911,1869
42912,1863
42913,1869
42914,1869
42915,1869
42916,1862
42917,1856
42918,1840
42919,1849
42920,1847
42921,1854
42922,1859
42923,1862
42924,1859
42925,1857
42926,1858
42927,1857
42928,1855
42929,1857
42930,1861
42931,1872
42932,1867
42933,1858
42934,1855
42935,1851
42936,1849
42937,1853
42938,1845
42939,1855
42940,1861
42941,1861
42942,1866
42943,1867
42944,1866
42945,1867
42946,1870
42947,1874
42948,1874
42949,1867
42950,1857
42951,1851
42952,1848
42953,1846
42954,1840
42955,1843
42956,1850
42957,1854
42958,1856
42959,1855
42960,1859
42961,1859
42962,1861
42963,1871
42964,1872
42965,1871
42966,1862
42967,1856
42968,1855
42969,1856
42970,1856
42971,1856
42972,1856
42973,1861
42974,1863
42975,1863
42976,1861
42977,1861
42978,1865
42979,1865
42980,1869
42981,1872
42982,1863
42983,1857
42984,1847
42985,1851
42986,1849
42987,1846
42988,1850
42989,1857
42990,1859
42991,1862
42992,1865
42993,1865
42994,1861
42995,1862
42996,1867
42997,1870
42998,1871
42999,1866
43000,1858
43001,1855
43002,1851
43003,1852
43004,1851
43005,1850
43006,1857
43007,1860
43008,1863
43009,1863
43010,1863
43011,1866
43012,1871
43013,1872
43014,1870
43015,1867
43016,1859
43017,1852
43018,1849
43019,1853
43020,1856
43021,1857
43022,1858
43023,1862
43024,1863
43025,1867
43026,1866
43027,1863
43028,1867
43029,1871
43030,1872
43031,1872
43032,1868
43033,1861
43034,1856
43035,1855
43036,1854
43037,1856
43038,1853
43039,1857
43040,1862
43041,1865
43042,1867
43043,1869
43044,1861
43045,1860
43046,1863
43047,1866
43048,1869
43049,1858
43050,1855
43051,1858
43052,1855
43053,1855
43054,1856
43055,1859
43056,1861
43057,1862
43058,1866
43059,1865
43060,1867
43061,1866
43062,1866
43063,1873
43064,1872
43065,1871
43066,1866
43067,1859
43068,1859
43069,1857
43070,1858
43071,1856
43072,1856
43073,1859
43074,1857
43075,1861
43076,1862
43077,1858
43078,1858
43079,1859
43080,1872
43081,1872
43082,1866
43083,1861
43084,1856
43085,1854
43086,1850
43087,1854
43088,1856
43089,1857
43090,1865
43091,1866
43092,1866
43093,1869
43094,1869
43095,1865
43096,1867
43097,1872
43098,1869
43099,1867
43100,1859
43101,1856
43102,1853
43103,1850
43104,1845
43105,1851
43106,1853
43107,1856
43108,1857
43109,1869
43110,1867
43111,1867
43112,1869
43113,1871
43114,1872
43115,1868
43116,1865
43117,1861
43118,1847
43119,1853
43120,1851
43121,1853
43122,1855
43123,1857
43124,1861
43125,1863
43126,1863
43127,1863
43128,1869
43129,1869
43130,1872
43131,1872
43132,1863
43133,1857
43134,1847
43135,1841
43136,1843
43137,1844
43138,1848
43139,1859
43140,1869
43141,1870
43142,1867
43143,1861
43144,1862
43145,1865
43146,1869
43147,1872
43148,1869
43149,1862
43150,1859
43151,1856
43152,1853
43153,1855
43154,1855
43155,1856
43156,1859
43157,1858
43158,1860
43159,1861
43160,1865
43161,1862
43162,1865
43163,1869
43164,1863
43165,1858
43166,1856
43167,1851
43168,1847
43169,1846
43170,1843
43171,1847
43172,1853
43173,1858
43174,1863
43175,1859
43176,1862
43177,1862
43178,1860
43179,1866
43180,1872
43181,1869
43182,1864
43183,1857
43184,1851
43185,1845
43186,1850
43187,1856
43188,1858
43189,1861
43190,1865
43191,1862
43192,1867
43193,1867
43194,1859
43195,1861
43196,1863
43197,1869
43198,1865
43199,1867
43200,1858
43201,1853
43202,1849
43203,1850
43204,1851
43205,1857
43206,1859
43207,1862
43208,1866
43209,1866
43210,1866
43211,1863
43212,1868
43213,1872
43214,1872
43215,1867
43216,1861
43217,1856
43218,1845
43219,1850
43220,1855
43221,1856
43222,1857
43223,1863
43224,1861
43225,1861
43226,1859
43227,1859
43228,1859
43229,1863
43230,1863
43231,1870
43232,1867
43233,1857
43234,1856
43235,1847
43236,1851
43237,1852
43238,1846
43239,1857
43240,1862
43241,1867
43242,1863
43243,1867
43244,1862
43245,1865
43246,1870
43247,1873
43248,1872
43249,1866
43250,1858
43251,1854
43252,1851
43253,1851
43254,1849
43255,1851
43256,1858
43257,1861
43258,1862
43259,1858
43260,1862
43261,1862
43262,1867
43263,1871
43264,1872
43265,1866
43266,1862
43267,1852
43268,1851
43269,1849
43270,1847
43271,1853
43272,1855
43273,1861
43274,1862
43275,1863
43276,1866
43277,1862
43278,1862
43279,1868
43280,1872
43281,1872
43282,1865
43283,1857
43284,1845
43285,1841
43286,1843
43287,1846
43288,1850
43289,1860
43290,1866
43291,1866
43292,1869
43293,1867
43294,1867
43295,1869
43296,1872
43297,1877
43298,1872
43299,1865
43300,1857
43301,1855
43302,1851
43303,1847
43304,1854
43305,1856
43306,1861
43307,1867
43308,1869
43309,1869
43310,1869
43311,1866
43312,1870
43313,1871
43314,1865
43315,1856
43316,1853
43317,1849
43318,1844
43319,1849
43320,1852
43321,1854
43322,1857
43323,1863
43324,1866
43325,1867
43326,1866
43327,1865
43328,1865
43329,1871
43330,1872
43331,1871
43332,1862
43333,1857
43334,1855
43335,1851
43336,1848
43337,1855
43338,1850
43339,1859
43340,1861
43341,1866
43342,1867
43343,1866
43344,1857
43345,1857
43346,1862
43347,1867
43348,1861
43349,1855
43350,1847
43351,1850
43352,1850
43353,1847
43354,1853
43355,1854
43356,1858
43357,1866
43358,1866
43359,1866
43360,1866
43361,1866
43362,1869
43363,1873
43364,1872
43365,1867
43366,1858
43367,1853
43368,1846
43369,1846
43370,1846
43371,1855
43372,1855
43373,1860
43374,1859
43375,1858
43376,1858
43377,1856
43378,1855
43379,1857
43380,1871
43381,1869
43382,1862
43383,1858
43384,1850
43385,1846
43386,1847
43387,1850
43388,1856
43389,1859
43390,1866
43391,1869
43392,1869
43393,1868
43394,1866
43395,1863
43396,1872
43397,1877
43398,1872
43399,1863
43400,1860
43401,1854
43402,1853
43403,1851
43404,1846
43405,1851
43406,1856
43407,1861
43408,1862
43409,1870
43410,1867
43411,1866
43412,1869
43413,1872
43414,1874
43415,1867
43416,1856
43417,1851
43418,1842
43419,1849
43420,1851
43421,1853
43422,1858
43423,1862
43424,1866
43425,1868
43426,1865
43427,1863
43428,1867
43429,1870
43430,1872
43431,1871
43432,1863
43433,1858
43434,1845
43435,1840
43436,1840
43437,1842
43438,1845
43439,1851
43440,1854
43441,1862
43442,1863
43443,1865
43444,1862
43445,1863
43446,1869
43447,1868
43448,1867
43449,1862
43450,1858
43451,1852
43452,1847
43453,1849
43454,1853
43455,1856
43456,1860
43457,1869
43458,1869
43459,1867
43460,1867
43461,1867
43462,1867
43463,1872
43464,1866
43465,1857
43466,1853
43467,1852
43468,1843
43469,1843
43470,1851
43471,1854
43472,1856
43473,1859
43474,1860
43475,1865
43476,1864
43477,1863
43478,1863
43479,1862
43480,1870
43481,1867
43482,1865
43483,1857
43484,1854
43485,1850
43486,1847
43487,1853
43488,1855
43489,1857
43490,1859
43491,1866
43492,1867
43493,1867
43494,1859
43495,1858
43496,1859
43497,1863
43498,1861
43499,1862
43500,1856
43501,1854
43502,1851
43503,1855
43504,1853
43505,1856
43506,1858
43507,1866
43508,1863
43509,1867
43510,1864
43511,1862
43512,1866
43513,1867
43514,1870
43515,1866
43516,1858
43517,1856
43518,1846
43519,1851
43520,1854
43521,1855
43522,1857
43523,1863
43524,1857
43525,1862
43526,1860
43527,1859
43528,1862
43529,1857
43530,1859
43531,1871
43532,1863
43533,1858
43534,1857
43535,1851
43536,1847
43537,1851
43538,1850
43539,1861
43540,1866
43541,1867
43542,1867
43543,1871
43544,1870
43545,1869
43546,1870
43547,1870
43548,1867
43549,1863
43550,1857
43551,1853
43552,1849
43553,1850
43554,1846
43555,1855
43556,1856
43557,1857
43558,1860
43559,1870
43560,1866
43561,1867
43562,1868
43563,1871
43564,1872
43565,1869
43566,1864
43567,1857
43568,1854
43569,1851
43570,1851
43571,1856
43572,1859
43573,1861
43574,1863
43575,1863
43576,1865
43577,1862
43578,1862
43579,1861
43580,1866
43581,1870
43582,1865
43583,1858
43584,1847
43585,1847
43586,1846
43587,1847
43588,1851
43589,1853
43590,1865
43591,1867
43592,1866
43593,1865
43594,1866
43595,1863
43596,1869
43597,1871
43598,1870
43599,1866
43600,1863
43601,1857
43602,1855
43603,1854
43604,1853
43605,1858
43606,1857
43607,1861
43608,1862
43609,1865
43610,1863
43611,1865
43612,1862
43613,1866
43614,1859
43615,1858
43616,1853
43617,1850
43618,1846
43619,1849
43620,1847
43621,1853
43622,1856
43623,1859
43624,1863
43625,1863
43626,1863
43627,1859
43628,1861
43629,1861
43630,1867
43631,1870
43632,1862
43633,1857
43634,1855
43635,1847
43636,1850
43637,1851
43638,1854
43639,1853
43640,1856
43641,1859
43642,1859
43643,1859
43644,1858
43645,1857
43646,1856
43647,1862
43648,1863
43649,1855
43650,1851
43651,1854
43652,1849
43653,1847
43654,1847
43655,1854
43656,1858
43657,1858
43658,1861
43659,1865
43660,1860
43661,1862
43662,1861
43663,1865
43664,1869
43665,1864
43666,1859
43667,1853
43668,1850
43669,1847
43670,1851
43671,1853
43672,1855
43673,1858
43674,1857
43675,1859
43676,1859
43677,1858
43678,1860
43679,1854
43680,1861
43681,1866
43682,1865
43683,1857
43684,1854
43685,1851
43686,1847
43687,1849
43688,1855
43689,1856
43690,1861
43691,1866
43692,1869
43693,1867
43694,1866
43695,1865
43696,1866
43697,1871
43698,1869
43699,1862
43700,1859
43701,1856
43702,1853
43703,1850
43704,1845
43705,1849
43706,1853
43707,1855
43708,1858
43709,1866
43710,1866
43711,1864
43712,1862
43713,1863
43714,1870
43715,1862
43716,1860
43717,1856
43718,1853
43719,1850
43720,1850
43721,1853
43722,1855
43723,1858
43724,1861
43725,1859
43726,1866
43727,1865
43728,1865
43729,1866
43730,1868
43731,1871
43732,1867
43733,1859
43734,1851
43735,1847
43736,1847
43737,1847
43738,1851
43739,1852
43740,1857
43741,1867
43742,1866
43743,1867
43744,1866
43745,1867
43746,1865
43747,1868
43748,1870
43749,1864
43750,1858
43751,1854
43752,1854
43753,1851
43754,1854
43755,1856
43756,1859
43757,1865
43758,1863
43759,1868
43760,1865
43761,1866
43762,1865
43763,1868
43764,1866
43765,1862
43766,1857
43767,1855
43768,1851
43769,1850
43770,1854
43771,1854
43772,1857
43773,1858
43774,1865
43775,1867
43776,1867
43777,1865
43778,1865
43779,1863
43780,1866
43781,1868
43782,1866
43783,1859
43784,1855
43785,1854
43786,1852
43787,1855
43788,1858
43789,1857
43790,1861
43791,1863
43792,1867
43793,1866
43794,1858
43795,1860
43796,1858
43797,1858
43798,1860
43799,1862
43800,1858
43801,1856
43802,1853
43803,1852
43804,1854
43805,1856
43806,1858
43807,1862
43808,1863
43809,1866
43810,1864
43811,1861
43812,1863
43813,1865
43814,1867
43815,1865
43816,1861
43817,1859
43818,1857
43819,1847
43820,1847
43821,1849
43822,1851
43823,1856
43824,1858
43825,1858
43826,1857
43827,1858
43828,1858
43829,1857
43830,1857
43831,1866
43832,1867
43833,1861
43834,1856
43835,1853
43836,1853
43837,1853
43838,1845
43839,1854
43840,1857
43841,1862
43842,1864
43843,1862
43844,1862
43845,1862
43846,1861
43847,1867
43848,1864
43849,1858
43850,1859
43851,1856
43852,1854
43853,1854
43854,1847
43855,1849
43856,1855
43857,1856
43858,1856
43859,1858
43860,1863
43861,1865
43862,1865
43863,1865
43864,1867
43865,1865
43866,1861
43867,1856
43868,1856
43869,1854
43870,1854
43871,1855
43872,1856
43873,1859
43874,1863
43875,1863
43876,1866
43877,1865
43878,1865
43879,1866
43880,1867
43881,1869
43882,373
43883,1641
43884,2267
43885,2440
43886,2475
43887,2499
43888,2459
43889,2352
43890,2246
43891,2106
43892,2001
43893,1761
43894,1299
43895,1052
43896,1178
43897,1413
43898,1599
43899,1697
43900,1726
43901,1713
43902,1687
43903,1693
43904,1747
43905,1825
43906,1874
43907,1917
43908,1936
43909,1888
43910,1834
43911,1856
43912,1883
43913,606
43914,1559
43915,2307
43916,2538
43917,2595
43918,2611
43919,2544
43920,2373
43921,2137
43922,1947
43923,1714
43924,1253
43925,1057
43926,1200
43927,1434
43928,1635
43929,1745
43930,1786
43931,1795
43932,1790
43933,1779
43934,1802
43935,1842
43936,1871
43937,1894
43938,1906
43939,1921
43940,1917
43941,1906
43942,1895
43943,1882
43944,682
43945,1479
43946,2259
43947,2524
43948,2544
43949,2513
43950,2431
43951,2317
43952,2094
43953,1938
43954,1631
43955,1227
43956,1205
43957,1425
43958,1598
43959,1712
43960,1776
43961,1787
43962,1790
43963,1777
43964,1783
43965,1819
43966,1840
43967,1863
43968,1885
43969,1903
43970,1904
43971,1906
43972,1913
43973,1913
43974,1908
43975,896
43976,1349
43977,2160
43978,2437
43979,2486
43980,2494
43981,2459
43982,2274
43983,2054
43984,1844
43985,1463
43986,1262
43987,1397
43988,1596
43989,1718
43990,1784
43991,1803
43992,1789
43993,1774
43994,1760
43995,1787
43996,1819
43997,1848
43998,1872
43999,1891
44000,1904
44001,1904
44002,1901
44003,1899
44004,1895
44005,1899
44006,1231
44007,1175
44008,2112
44009,2448
44010,2503
44011,2450
44012,2393
44013,2112
44014,1979
44015,1810
44016,1411
44017,1350
44018,1559
44019,1711
44020,1770
44021,1795
44022,1783
44023,1768
44024,1744
44025,1746
44026,1786
44027,1826
44028,1858
44029,1886
44030,1903
44031,1907
44032,1910
44033,1905
44034,1886
44035,1889
44036,1898
44037,1535
44038,999
44039,2252
44040,2766
44041,2793
44042,2496
44043,2275
44044,1826
44045,1872
44046,1596
44047,1159
44048,1274
44049,1602
44050,1792
44051,1836
44052,1823
44053,1786
44054,1746
44055,1718
44056,1744
44057,1793
44058,1845
44059,1875
44060,1898
44061,1909
44062,1920
44063,1921
44064,1904
44065,1879
44066,1866
44067,1877
44068,2648
44069,726
44070,2257
44071,3039
44072,3193
44073,2780
44074,2330
44075,1703
44076,1650
44077,1157
44078,804
44079,1144
44080,1642
44081,1812
44082,1843
44083,1829
44084,1787
44085,1739
44086,1714
44087,1762
44088,1812
44089,1854
44090,1884
44091,1904
44092,1904
44093,1904
44094,1904
44095,1913
44096,1918
44097,1922
44098,1920
44099,2642
44100,561
44101,2160
44102,3163
44103,3528
44104,3008
44105,2395
44106,1690
44107,1443
44108,848
44109,655
44110,1207
44111,1664
44112,1808
44113,1845
44114,1839
44115,1795
44116,1755
44117,1744
44118,1775
44119,1823
44120,1867
44121,1907
44122,1942
44123,1958
44124,1958
44125,1941
44126,1917
44127,1895
44128,1871
44129,1863
44130,2412
44131,491
44132,2080
44133,3115
44134,3552
44135,3081
44136,2390
44137,1687
44138,1343
44139,734
44140,667
44141,1297
44142,1698
44143,1821
44144,1856
44145,1843
44146,1807
44147,1763
44148,1759
44149,1793
44150,1842
44151,1894
44152,1936
44153,1942
44154,1942
44155,1931
44156,1907
44157,1891
44158,1885
44159,1887
44160,1907
44161,2025
44162,378
44163,1929
44164,2931
44165,3479
44166,3142
44167,2539
44168,1840
44169,1396
44170,713
44171,635
44172,1255
44173,1650
44174,1789
44175,1840
44176,1840
44177,1808
44178,1773
44179,1765
44180,1801
44181,1866
44182,1904
44183,1909
44184,1900
44185,1907
44186,1919
44187,1925
44188,1932
44189,1931
44190,1915
44191,1909
44192,1910
44193,401
44194,1744
44195,2800
44196,3491
44197,3251
44198,2691
44199,1915
44200,1423
44201,724
44202,592
44203,1210
44204,1616
44205,1766
44206,1830
44207,1840
44208,1813
44209,1785
44210,1767
44211,1783
44212,1827
44213,1892
44214,1923
44215,1939
44216,1970
44217,1936
44218,1893
44219,1879
44220,1899
44221,1915
44222,1909
44223,1904
44224,454
44225,1683
44226,2750
44227,3487
44228,3265
44229,2662
44230,1904
44231,1422
44232,747
44233,632
44234,1243
44235,1623
44236,1776
44237,1833
44238,1840
44239,1822
44240,1791
44241,1773
44242,1798
44243,1846
44244,1874
44245,1904
44246,1920
44247,1927
44248,1927
44249,1925
44250,1924
44251,1925
44252,1925
44253,1922
44254,1919
44255,683
44256,1479
44257,2613
44258,3468
44259,3337
44260,2727
44261,1953
44262,1445
44263,784
44264,629
44265,1206
44266,1598
44267,1759
44268,1830
44269,1850
44270,1840
44271,1819
44272,1793
44273,1797
44274,1819
44275,1855
44276,1887
44277,1914
44278,1935
44279,1931
44280,1936
44281,1936
44282,1936
44283,1930
44284,1921
44285,1915
44286,911
44287,1328
44288,2506
44289,3409
44290,3377
44291,2778
44292,2002
44293,1489
44294,829
44295,612
44296,1152
44297,1563
44298,1739
44299,1817
44300,1853
44301,1850
44302,1848
44303,1835
44304,1814
44305,1826
44306,1847
44307,1872
44308,1899
44309,1950
44310,1968
44311,1957
44312,1941
44313,1907
44314,1897
44315,1904
44316,1909
44317,1007
44318,1258
44319,2467
44320,3389
44321,3378
44322,2800
44323,2000
44324,1476
44325,850
44326,659
44327,1191
44328,1584
44329,1746
44330,1826
44331,1858
44332,1853
44333,1837
44334,1795
44335,1793
44336,1838
44337,1873
44338,1902
44339,1927
44340,1955
44341,1941
44342,1925
44343,1933
44344,1915
44345,1867
44346,1846
44347,1881
44348,1683
44349,987
44350,2327
44351,3291
44352,3385
44353,2830
44354,2083
44355,1586
44356,967
44357,659
44358,1151
44359,1575
44360,1751
44361,1831
44362,1861
44363,1855
44364,1828
44365,1790
44366,1766
44367,1793
44368,1838
44369,1870
44370,1901
44371,1916
44372,1925
44373,1921
44374,1924
44375,1926
44376,1921
44377,1921
44378,1920
44379,2306
44380,809
44381,2223
44382,3157
44383,3347
44384,2860
44385,2129
44386,1648
44387,1051
44388,682
44389,1167
44390,1584
44391,1755
44392,1827
44393,1861
44394,1850
44395,1828
44396,1799
44397,1779
44398,1793
44399,1838
44400,1872
44401,1899
44402,1933
44403,1955
44404,1951
44405,1925
44406,1903
44407,1883
44408,1867
44409,1879
44410,2608
44411,721
44412,2184
44413,3169
44414,3303
44415,2790
44416,2078
44417,1649
44418,1106
44419,787
44420,1231
44421,1613
44422,1774
44423,1840
44424,1856
44425,1841
44426,1808
44427,1769
44428,1754
44429,1776
44430,1818
44431,1856
44432,1875
44433,1915
44434,1929
44435,1921
44436,1925
44437,1923
44438,1911
44439,1913
44440,1904
44441,2402
44442,469
44443,2014
44444,2992
44445,3207
44446,2786
44447,2149
44448,1773
44449,1274
44450,862
44451,1236
44452,1616
44453,1776
44454,1835
44455,1856
44456,1843
44457,1809
44458,1765
44459,1741
44460,1769
44461,1808
44462,1861
44463,1936
44464,1986
44465,1981
44466,1950
44467,1899
44468,1841
44469,1835
44470,1855
44471,1872
44472,2012
44473,366
44474,1899
44475,2900
44476,3207
44477,2785
44478,2189
44479,1795
44480,1399
44481,938
44482,1229
44483,1631
44484,1790
44485,1843
44486,1861
44487,1849
44488,1808
44489,1762
44490,1735
44491,1750
44492,1798
44493,1843
44494,1875
44495,1904
44496,1909
44497,1904
44498,1911
44499,1914
44500,1918
44501,1913
44502,1904
44503,1905
44504,1904
44505,1902
44506,1897
44507,1895
44508,1893
44509,1893
44510,1889
44511,1887
44512,1883
44513,1883
44514,1874
44515,1873
44516,1871
44517,1866
44518,1859
44519,1861
44520,1860
44521,1859
44522,1857
44523,1859
44524,1866
44525,1862
44526,1862
44527,1863
44528,1864
44529,1861
44530,1862
44531,1868
44532,1866
44533,1867
44534,1862
44535,1859
44536,1856
44537,1854
44538,1846
44539,1856
44540,1859
44541,1863
44542,1866
44543,1868
44544,1856
44545,1857
44546,1857
44547,1861
44548,1863
44549,1857
44550,1855
44551,1858
44552,1858
44553,1857
44554,1857
44555,1856
44556,1859
44557,1859
44558,1862
44559,1861
44560,1861
44561,1862
44562,1863
44563,1865
44564,1870
44565,1863
44566,1862
44567,1860
44568,1857
44569,1851
44570,1854
44571,1855
44572,1856
44573,1856
44574,1853
44575,1855
44576,1856
44577,1855
44578,1856
44579,1856
44580,1865
44581,1867
44582,1867
44583,1862
44584,1860
44585,1859
44586,1856
44587,1856
44588,1856
44589,1859
44590,1859
44591,1861
44592,1861
44593,1863
44594,1863
44595,1865
44596,1865
44597,1869
44598,1869
44599,1866
44600,1863
44601,1858
44602,1856
44603,1853
44604,1847
44605,1847
44606,1852
44607,1853
44608,1853
44609,1859
44610,1859
44611,1862
44612,1859
44613,1866
44614,1867
44615,1866
44616,1862
44617,1860
44618,1854
44619,1856
44620,1856
44621,1855
44622,1858
44623,1858
44624,1860
44625,1862
44626,1862
44627,1866
44628,1866
44629,1865
44630,1867
44631,1868
44632,1866
44633,1865
44634,1856
44635,1855
44636,1851
44637,1850
44638,1855
44639,1851
44640,1854
44641,1863
44642,1862
44643,1863
44644,1863
44645,1860
44646,1865
44647,1869
44648,1870
44649,1869
44650,1862
44651,1859
44652,1856
44653,1856
44654,1855
44655,1856
44656,1856
44657,1861
44658,1866
44659,1866
44660,1865
44661,1869
44662,1867
44663,1871
44664,1870
44665,1869
44666,1862
44667,1857
44668,1853
44669,1851
44670,1846
44671,1856
44672,1859
44673,1862
44674,1865
44675,1863
44676,1868
44677,1869
44678,1865
44679,1867
44680,1872
44681,1872
44682,1867
44683,1866
44684,1859
44685,1856
44686,1855
44687,1856
44688,1856
44689,1858
44690,1861
44691,1863
44692,1866
44693,1865
44694,1856
44695,1856
44696,1858
44697,1866
44698,1866
44699,1870
44700,1867
44701,1858
44702,1856
44703,1856
44704,1856
44705,1856
44706,1857
44707,1861
44708,1866
44709,1867
44710,1866
44711,1865
44712,1862
44713,1869
44714,1874
44715,1874
44716,1871
44717,1861
44718,1847
44719,1854
44720,1851
44721,1856
44722,1858
44723,1859
44724,1856
44725,1858
44726,1859
44727,1865
44728,1861
44729,1860
44730,1863
44731,1871
44732,1867
44733,1861
44734,1856
44735,1853
44736,1855
44737,1854
44738,1850
44739,1858
44740,1860
44741,1863
44742,1859
44743,1863
44744,1863
44745,1863
44746,1869
44747,1872
44748,1872
44749,1866
44750,1861
44751,1856
44752,1855
44753,1853
44754,1849
44755,1853
44756,1855
44757,1858
44758,1861
44759,1859
44760,1871
44761,1868
44762,1871
44763,1872
44764,1874
44765,1872
44766,1869
44767,1863
44768,1858
44769,1856
44770,1852
44771,1851
44772,1846
44773,1850
44774,1851
44775,1859
44776,1873
44777,1875
44778,1871
44779,1869
44780,1867
44781,1869
44782,1865
44783,1863
44784,1856
44785,1847
44786,1846
44787,1845
44788,1850
44789,1859
44790,1863
44791,1863
44792,1867
44793,1863
44794,1861
44795,1863
44796,1866
44797,1871
44798,1870
44799,1865
44800,1858
44801,1856
44802,1853
44803,1851
44804,1851
44805,1853
44806,1856
44807,1860
44808,1860
44809,1869
44810,1863
44811,1866
44812,1865
44813,1872
44814,1863
44815,1862
44816,1858
44817,1853
44818,1847
44819,1851
44820,1851
44821,1853
44822,1853
44823,1856
44824,1860
44825,1861
44826,1862
44827,1863
44828,1859
44829,1865
44830,1870
44831,1869
44832,1865
44833,1858
44834,1856
44835,1852
44836,1847
44837,1851
44838,1849
44839,1856
44840,1859
44841,1865
44842,1866
44843,1863
44844,1856
44845,1857
44846,1861
44847,1866
44848,1870
44849,1858
44850,1854
44851,1856
44852,1852
44853,1852
44854,1856
44855,1858
44856,1862
44857,1867
44858,1867
44859,1870
44860,1869
44861,1868
44862,1867
44863,1872
44864,1873
44865,1870
44866,1858
44867,1851
44868,1847
44869,1844
44870,1849
44871,1855
44872,1855
44873,1858
44874,1858
44875,1859
44876,1860
44877,1858
44878,1860
44879,1856
44880,1872
44881,1872
44882,1866
44883,1861
44884,1856
44885,1854
44886,1852
44887,1855
44888,1859
44889,1861
44890,1866
44891,1871
44892,1871
44893,1871
44894,1871
44895,1869
44896,1869
44897,1873
44898,1872
44899,1866
44900,1862
44901,1855
44902,1851
44903,1851
44904,1845
44905,1851
44906,1855
44907,1857
44908,1858
44909,1867
44910,1867
44911,1868
44912,1862
44913,1871
44914,1874
44915,1867
44916,1861
44917,1855
44918,1840
44919,1847
44920,1851
44921,1856
44922,1856
44923,1859
44924,1863
44925,1866
44926,1864
44927,1867
44928,1863
44929,1866
44930,1872
44931,1872
44932,1866
44933,1859
44934,1845
44935,1841
44936,1841
44937,1845
44938,1850
44939,1847
44940,1866
44941,1867
44942,1870
44943,1869
44944,1867
44945,1866
44946,1872
44947,1873
44948,1872
44949,1863
44950,1857
44951,1851
44952,1850
44953,1847
44954,1853
44955,1855
44956,1862
44957,1865
44958,1867
44959,1869
44960,1869
44961,1866
44962,1864
44963,1869
44964,1867
44965,1859
44966,1851
44967,1847
44968,1842
44969,1839
44970,1840
44971,1850
44972,1856
44973,1858
44974,1865
44975,1863
44976,1869
44977,1866
44978,1866
44979,1867
44980,1872
44981,1872
44982,1865
44983,1857
44984,1851
44985,1849
44986,1849
44987,1851
44988,1856
44989,1861
44990,1872
44991,1872
44992,1871
44993,1872
44994,1863
44995,1858
44996,1862
44997,1869
44998,1866
44999,1862
45000,1855
45001,1850
45002,1846
45003,1846
45004,1851
45005,1855
45006,1858
45007,1865
45008,1869
45009,1869
45010,1867
45011,1867
45012,1865
45013,1871
45014,1872
45015,1867
45016,1859
45017,1856
45018,1840
45019,1848
45020,1849
45021,1853
45022,1856
45023,1861
45024,1861
45025,1859
45026,1862
45027,1861
45028,1859
45029,1859
45030,1859
45031,1872
45032,1865
45033,1859
45034,1850
45035,1843
45036,1844
45037,1851
45038,1847
45039,1856
45040,1862
45041,1866
45042,1866
45043,1866
45044,1865
45045,1863
45046,1870
45047,1872
45048,1872
45049,1861
45050,1856
45051,1851
45052,1845
45053,1846
45054,1843
45055,1851
45056,1856
45057,1861
45058,1863
45059,1863
45060,1865
45061,1868
45062,1866
45063,1872
45064,1876
45065,1871
45066,1861
45067,1856
45068,1849
45069,1850
45070,1850
45071,1855
45072,1857
45073,1863
45074,1871
45075,1870
45076,1871
45077,1869
45078,1871
45079,1871
45080,1872
45081,1874
45082,1866
45083,1857
45084,1845
45085,1840
45086,1840
45087,1843
45088,1847
45089,1857
45090,1861
45091,1867
45092,1868
45093,1866
45094,1863
45095,1863
45096,1869
45097,1874
45098,1872
45099,1863
45100,1856
45101,1851
45102,1845
45103,1847
45104,1851
45105,1853
45106,1859
45107,1866
45108,1865
45109,1868
45110,1867
45111,1865
45112,1865
45113,1871
45114,1866
45115,1863
45116,1856
45117,1853
45118,1846
45119,1845
45120,1847
45121,1851
45122,1856
45123,1861
45124,1867
45125,1870
45126,1870
45127,1865
45128,1865
45129,1868
45130,1872
45131,1873
45132,1866
45133,1857
45134,1853
45135,1845
45136,1843
45137,1847
45138,1845
45139,1856
45140,1863
45141,1867
45142,1866
45143,1867
45144,1857
45145,1856
45146,1858
45147,1863
45148,1863
45149,1856
45150,1851
45151,1851
45152,1848
45153,1849
45154,1847
45155,1851
45156,1857
45157,1863
45158,1865
45159,1867
45160,1865
45161,1867
45162,1865
45163,1868
45164,1871
45165,1867
45166,1862
45167,1856
45168,1850
45169,1847
45170,1850
45171,1852
45172,1856
45173,1859
45174,1857
45175,1861
45176,1862
45177,1862
45178,1862
45179,1862
45180,1856
45181,1874
45182,1872
45183,1863
45184,1858
45185,1853
45186,1847
45187,1853
45188,1855
45189,1857
45190,1867
45191,1870
45192,1869
45193,1867
45194,1865
45195,1867
45196,1870
45197,1872
45198,1871
45199,1865
45200,1857
45201,1855
45202,1849
45203,1850
45204,1844
45205,1849
45206,1855
45207,1858
45208,1861
45209,1870
45210,1867
45211,1865
45212,1863
45213,1866
45214,1871
45215,1867
45216,1859
45217,1854
45218,1841
45219,1846
45220,1848
45221,1854
45222,1857
45223,1865
45224,1869
45225,1870
45226,1871
45227,1869
45228,1867
45229,1870
45230,1871
45231,1872
45232,1870
45233,1863
45234,1851
45235,1846
45236,1843
45237,1840
45238,1847
45239,1850
45240,1849
45241,1867
45242,1869
45243,1867
45244,1869
45245,1866
45246,1869
45247,1872
45248,1872
45249,1866
45250,1859
45251,1856
45252,1847
45253,1849
45254,1850
45255,1853
45256,1858
45257,1863
45258,1869
45259,1869
45260,1869
45261,1866
45262,1865
45263,1867
45264,1867
45265,1863
45266,1855
45267,1851
45268,1843
45269,1839
45270,1843
45271,1853
45272,1856
45273,1861
45274,1867
45275,1869
45276,1872
45277,1867
45278,1863
45279,1866
45280,1871
45281,1872
45282,1868
45283,1861
45284,1854
45285,1848
45286,1849
45287,1849
45288,1854
45289,1857
45290,1863
45291,1866
45292,1871
45293,1871
45294,1861
45295,1861
45296,1862
45297,1870
45298,1869
45299,1867
45300,1859
45301,1856
45302,1851
45303,1852
45304,1853
45305,1855
45306,1858
45307,1865
45308,1869
45309,1867
45310,1865
45311,1866
45312,1866
45313,1868
45314,1872
45315,1869
45316,1862
45317,1856
45318,1843
45319,1849
45320,1849
45321,1855
45322,1855
45323,1859
45324,1858
45325,1860
45326,1865
45327,1862
45328,1858
45329,1857
45330,1860
45331,1872
45332,1867
45333,1861
45334,1856
45335,1853
45336,1850
45337,1851
45338,1846
45339,1858
45340,1859
45341,1866
45342,1869
45343,1869
45344,1867
45345,1866
45346,1866
45347,1867
45348,1871
45349,1858
45350,1851
45351,1848
45352,1843
45353,1846
45354,1843
45355,1849
45356,1851
45357,1857
45358,1858
45359,1857
45360,1860
45361,1866
45362,1865
45363,1869
45364,1871
45365,1871
45366,1863
45367,1856
45368,1851
45369,1846
45370,1847
45371,1851
45372,1855
45373,1857
45374,1867
45375,1867
45376,1869
45377,1867
45378,1869
45379,1865
45380,1870
45381,1872
45382,1870
45383,1862
45384,1853
45385,1844
45386,1841
45387,1843
45388,1846
45389,1856
45390,1858
45391,1866
45392,1865
45393,1866
45394,1863
45395,1863
45396,1867
45397,1871
45398,1872
45399,1869
45400,1861
45401,1856
45402,1851
45403,1847
45404,1851
45405,1853
45406,1857
45407,1861
45408,1865
45409,1867
45410,1870
45411,1867
45412,1863
45413,1867
45414,1865
45415,1863
45416,1856
45417,1852
45418,1843
45419,1850
45420,1850
45421,1852
45422,1856
45423,1859
45424,1865
45425,1868
45426,1867
45427,1867
45428,1867
45429,1866
45430,1869
45431,1872
45432,1872
45433,1861
45434,1854
45435,1849
45436,1849
45437,1850
45438,1843
45439,1856
45440,1861
45441,1867
45442,1869
45443,1871
45444,1861
45445,1861
45446,1863
45447,1867
45448,1869
45449,1865
45450,1853
45451,1856
45452,1853
45453,1850
45454,1854
45455,1856
45456,1859
45457,1866
45458,1866
45459,1869
45460,1869
45461,1868
45462,1865
45463,1866
45464,1871
45465,1869
45466,1860
45467,1853
45468,1852
45469,1844
45470,1845
45471,1852
45472,1855
45473,1856
45474,1855
45475,1856
45476,1856
45477,1857
45478,1856
45479,1856
45480,1861
45481,1872
45482,1867
45483,1859
45484,1856
45485,1851
45486,1847
45487,1846
45488,1854
45489,1853
45490,1859
45491,1865
45492,1867
45493,1869
45494,1866
45495,1865
45496,1867
45497,1871
45498,2650
45499,531
45500,1913
45501,2351
45502,2406
45503,2387
45504,2294
45505,2105
45506,1987
45507,1890
45508,1958
45509,1965
45510,1754
45511,1580
45512,1561
45513,1655
45514,1757
45515,1796
45516,1794
45517,1775
45518,1766
45519,1744
45520,1714
45521,1713
45522,1741
45523,1779
45524,1808
45525,1840
45526,1865
45527,1872
45528,1878
45529,2387
45530,464
45531,1891
45532,2442
45533,2559
45534,2495
45535,2288
45536,2110
45537,1968
45538,1890
45539,1872
45540,1735
45541,1645
45542,1601
45543,1639
45544,1742
45545,1798
45546,1809
45547,1792
45548,1777
45549,1742
45550,1701
45551,1710
45552,1757
45553,1797
45554,1834
45555,1856
45556,1872
45557,1885
45558,1893
45559,1899
45560,1922
45561,326
45562,1761
45563,2320
45564,2486
45565,2436
45566,2263
45567,2159
45568,1984
45569,1945
45570,1866
45571,1735
45572,1647
45573,1649
45574,1728
45575,1808
45576,1841
45577,1836
45578,1803
45579,1755
45580,1712
45581,1712
45582,1757
45583,1796
45584,1827
45585,1848
45586,1858
45587,1868
45588,1873
45589,1883
45590,1893
45591,1899
45592,358
45593,1677
45594,2239
45595,2436
45596,2395
45597,2288
45598,2157
45599,1943
45600,1940
45601,1894
45602,1765
45603,1682
45604,1715
45605,1787
45606,1840
45607,1842
45608,1808
45609,1758
45610,1706
45611,1678
45612,1712
45613,1770
45614,1814
45615,1854
45616,1872
45617,1887
45618,1882
45619,1890
45620,1886
45621,1891
45622,1893
45623,450
45624,1572
45625,2242
45626,2522
45627,2447
45628,2270
45629,2005
45630,1759
45631,1933
45632,1929
45633,1745
45634,1710
45635,1793
45636,1855
45637,1870
45638,1846
45639,1787
45640,1727
45641,1673
45642,1679
45643,1734
45644,1785
45645,1824
45646,1847
45647,1873
45648,1890
45649,1903
45650,1904
45651,1904
45652,1903
45653,1894
45654,611
45655,1456
45656,2320
45657,2493
45658,2320
45659,2096
45660,1805
45661,1775
45662,2081
45663,2000
45664,1742
45665,1727
45666,1859
45667,1937
45668,1926
45669,1864
45670,1778
45671,1699
45672,1657
45673,1687
45674,1754
45675,1815
45676,1851
45677,1871
45678,1889
45679,1897
45680,1893
45681,1887
45682,1890
45683,1885
45684,1876
45685,710
45686,1388
45687,2405
45688,2692
45689,2480
45690,2185
45691,1728
45692,1766
45693,1989
45694,1731
45695,1481
45696,1642
45697,1866
45698,1938
45699,1909
45700,1842
45701,1771
45702,1693
45703,1670
45704,1707
45705,1770
45706,1822
45707,1870
45708,1871
45709,1874
45710,1889
45711,1899
45712,1904
45713,1904
45714,1904
45715,1904
45716,1011
45717,1261
45718,2529
45719,3002
45720,2778
45721,2422
45722,1818
45723,1727
45724,1711
45725,1234
45726,1090
45727,1558
45728,1872
45729,1909
45730,1885
45731,1842
45732,1791
45733,1733
45734,1713
45735,1745
45736,1797
45737,1843
45738,1878
45739,1911
45740,1922
45741,1924
45742,1923
45743,1911
45744,1881
45745,1882
45746,1895
45747,1382
45748,1088
45749,2470
45750,3049
45751,2887
45752,2513
45753,1872
45754,1755
45755,1602
45756,1059
45757,1079
45758,1605
45759,1859
45760,1899
45761,1888
45762,1846
45763,1795
45764,1743
45765,1732
45766,1806
45767,1878
45768,1873
45769,1843
45770,1856
45771,1890
45772,1897
45773,1904
45774,1904
45775,1908
45776,1910
45777,1910
45778,1926
45779,900
45780,2340
45781,3106
45782,3047
45783,2672
45784,2015
45785,1723
45786,1456
45787,912
45788,1008
45789,1558
45790,1807
45791,1867
45792,1873
45793,1847
45794,1809
45795,1763
45796,1744
45797,1767
45798,1818
45799,1867
45800,1904
45801,1921
45802,1933
45803,1936
45804,1920
45805,1904
45806,1892
45807,1872
45808,1890
45809,2623
45810,724
45811,2213
45812,3063
45813,3207
45814,2831
45815,2175
45816,1773
45817,1422
45818,831
45819,955
45820,1507
45821,1761
45822,1840
45823,1865
45824,1840
45825,1802
45826,1749
45827,1739
45828,1778
45829,1850
45830,1904
45831,1923
45832,1893
45833,1884
45834,1897
45835,1909
45836,1906
45837,1904
45838,1904
45839,1902
45840,2352
45841,443
45842,2032
45843,2999
45844,3303
45845,2896
45846,2267
45847,1803
45848,1425
45849,835
45850,931
45851,1488
45852,1747
45853,1833
45854,1858
45855,1840
45856,1796
45857,1746
45858,1734
45859,1776
45860,1840
45861,1889
45862,1923
45863,1910
45864,1898
45865,1902
45866,1904
45867,1911
45868,1915
45869,1917
45870,1908
45871,2179
45872,382
45873,1968
45874,2970
45875,3338
45876,2917
45877,2286
45878,1707
45879,1345
45880,825
45881,966
45882,1513
45883,1775
45884,1850
45885,1870
45886,1846
45887,1810
45888,1767
45889,1743
45890,1759
45891,1807
45892,1852
45893,1885
45894,1907
45895,1922
45896,1930
45897,1935
45898,1934
45899,1935
45900,1928
45901,1921
45902,1914
45903,304
45904,1790
45905,2807
45906,3303
45907,2962
45908,2439
45909,1799
45910,1375
45911,864
45912,927
45913,1467
45914,1744
45915,1839
45916,1866
45917,1847
45918,1805
45919,1759
45920,1743
45921,1783
45922,1838
45923,1873
45924,1885
45925,1898
45926,1899
45927,1917
45928,1921
45929,1915
45930,1898
45931,1903
45932,1908
45933,1910
45934,398
45935,1666
45936,2790
45937,3435
45938,3049
45939,2471
45940,1790
45941,1401
45942,885
45943,907
45944,1447
45945,1727
45946,1821
45947,1856
45948,1840
45949,1804
45950,1758
45951,1742
45952,1771
45953,1809
45954,1841
45955,1879
45956,1911
45957,1931
45958,1942
45959,1939
45960,1937
45961,1921
45962,1886
45963,1878
45964,1895
45965,451
45966,1610
45967,2703
45968,3362
45969,3051
45970,2508
45971,1847
45972,1453
45973,925
45974,933
45975,1421
45976,1683
45977,1804
45978,1855
45979,1841
45980,1808
45981,1764
45982,1744
45983,1770
45984,1814
45985,1872
45986,1893
45987,1911
45988,1934
45989,1955
45990,1951
45991,1923
45992,1897
45993,1873
45994,1869
45995,1888
45996,752
45997,1381
45998,2547
45999,3281
46000,3085
46001,2608
46002,1939
46003,1535
46004,1003
46005,881
46006,1376
46007,1691
46008,1808
46009,1847
46010,1839
46011,1808
46012,1767
46013,1741
46014,1753
46015,1798
46016,1845
46017,1885
46018,1906
46019,1904
46020,1904
46021,1915
46022,1918
46023,1920
46024,1919
46025,1917
46026,1918
46027,1053
46028,1225
46029,2483
46030,3373
46031,3184
46032,2662
46033,1953
46034,1495
46035,983
46036,859
46037,1367
46038,1671
46039,1792
46040,1841
46041,1840
46042,1812
46043,1773
46044,1731
46045,1745
46046,1787
46047,1831
46048,1874
46049,1925
46050,1955
46051,1968
46052,1963
46053,1938
46054,1907
46055,1879
46056,1859
46057,1874
46058,1430
46059,1058
46060,2366
46061,3225
46062,3203
46063,2745
46064,2078
46065,1606
46066,1072
46067,827
46068,1284
46069,1618
46070,1757
46071,1819
46072,1828
46073,1805
46074,1761
46075,1728
46076,1744
46077,1792
46078,1859
46079,1893
46080,1906
46081,1928
46082,1921
46083,1903
46084,1909
46085,1931
46086,1929
46087,1925
46088,1919
46089,1995
46090,875
46091,2277
46092,3184
46093,3270
46094,2813
46095,2158
46096,1637
46097,1077
46098,775
46099,1220
46100,1587
46101,1745
46102,1821
46103,1839
46104,1814
46105,1782
46106,1744
46107,1744
46108,1777
46109,1837
46110,1891
46111,1937
46112,1955
46113,1936
46114,1920
46115,1918
46116,1904
46117,1881
46118,1883
46119,1904
46120,1907
46121,1907
46122,1904
46123,1904
46124,1901
46125,1895
46126,1897
46127,1891
46128,1887
46129,1887
46130,1883
46131,1879
46132,1877
46133,1870
46134,1859
46135,1866
46136,1863
46137,1866
46138,1861
46139,1861
46140,1843
46141,1868
46142,1869
46143,1866
46144,1865
46145,1863
46146,1860
46147,1855
46148,1855
46149,1857
46150,1856
46151,1861
46152,1863
46153,1862
46154,1862
46155,1856
46156,1856
46157,1855
46158,1857
46159,1856
46160,1857
46161,1857
46162,1860
46163,1861
46164,1855
46165,1856
46166,1857
46167,1859
46168,1857
46169,1856
46170,1856
46171,1859
46172,1858
46173,1858
46174,1856
46175,1855
46176,1857
46177,1861
46178,1856
46179,1858
46180,1856
46181,1855
46182,1857
46183,1861
46184,1861
46185,1861
46186,1862
46187,1861
46188,1861
46189,1861
46190,1858
46191,1856
46192,1860
46193,1857
46194,1854
46195,1856
46196,1853
46197,1850
46198,1847
46199,1856
46200,1860
46201,1862
46202,1862
46203,1862
46204,1859
46205,1857
46206,1859
46207,1858
46208,1858
46209,1858
46210,1858
46211,1860
46212,1862
46213,1859
46214,1855
46215,1859
46216,1859
46217,1863
46218,1856
46219,1862
46220,1862
46221,1863
46222,1863
46223,1859
46224,1853
46225,1853
46226,1852
46227,1853
46228,1854
46229,1855
46230,1854
46231,1856
46232,1857
46233,1860
46234,1863
46235,1867
46236,1872
46237,1871
46238,1862
46239,1856
46240,1854
46241,1857
46242,1862
46243,1863
46244,1863
46245,1863
46246,1862
46247,1860
46248,1861
46249,1863
46250,1863
46251,1865
46252,1867
46253,1866
46254,1857
46255,1858
46256,1858
46257,1856
46258,1856
46259,1856
46260,1856
46261,1859
46262,1860
46263,1858
46264,1855
46265,1859
46266,1858
46267,1858
46268,1860
46269,1863
46270,1863
46271,1863
46272,1863
46273,1861
46274,1859
46275,1860
46276,1860
46277,1859
46278,1860
46279,1862
46280,1860
46281,1856
46282,1861
46283,1862
46284,1857
46285,1859
46286,1858
46287,1859
46288,1856
46289,1860
46290,1859
46291,1857
46292,1860
46293,1859
46294,1859
46295,1862
46296,1861
46297,1858
46298,1859
46299,1860
46300,1862
46301,1865
46302,1864
46303,1862
46304,1862
46305,1859
46306,1859
46307,1858
46308,1857
46309,1858
46310,1862
46311,1859
46312,1862
46313,1857
46314,1855
46315,1856
46316,1858
46317,1857
46318,1860
46319,1866
46320,1866
46321,1863
46322,1862
46323,1861
46324,1861
46325,1861
46326,1859
46327,1859
46328,1861
46329,1862
46330,1857
46331,1856
46332,1859
46333,1859
46334,1861
46335,1862
46336,1861
46337,1867
46338,1856
46339,1863
46340,1858
46341,1858
46342,1861
46343,1861
46344,1855
46345,1854
46346,1855
46347,1854
46348,1851
46349,1850
46350,1854
46351,1861
46352,1861
46353,1862
46354,1859
46355,1857
46356,1857
46357,1857
46358,1857
46359,1860
46360,1861
46361,1861
46362,1859
46363,1857
46364,1857
46365,1859
46366,1860
46367,1857
46368,1858
46369,1858
46370,1861
46371,1858
46372,1858
46373,1857
46374,1853
46375,1855
46376,1856
46377,1858
46378,1857
46379,1857
46380,1863
46381,1866
46382,1867
46383,1866
46384,1869
46385,1866
46386,1863
46387,1866
46388,1861
46389,1859
46390,1860
46391,1857
46392,1858
46393,1859
46394,1859
46395,1857
46396,1859
46397,1859
46398,1859
46399,1857
46400,1860
46401,1858
46402,1862
46403,1862
46404,1856
46405,1856
46406,1855
46407,1856
46408,1855
46409,1863
46410,1861
46411,1859
46412,1857
46413,1856
46414,1856
46415,1857
46416,1859
46417,1857
46418,1847
46419,1857
46420,1858
46421,1858
46422,1859
46423,1859
46424,1858
46425,1862
46426,1867
46427,1863
46428,1862
46429,1859
46430,1858
46431,1858
46432,1856
46433,1856
46434,1849
46435,1851
46436,1856
46437,1856
46438,1857
46439,1857
46440,1859
46441,1864
46442,1866
46443,1867
46444,1866
46445,1867
46446,1866
46447,1861
46448,1864
46449,1870
46450,1865
46451,1859
46452,1858
46453,1857
46454,1855
46455,1857
46456,1861
46457,1862
46458,1866
46459,1863
46460,1867
46461,1870
46462,1866
46463,1865
46464,1860
46465,1859
46466,1859
46467,1856
46468,1851
46469,1846
46470,1856
46471,1858
46472,1862
46473,1859
46474,1863
46475,1862
46476,1861
46477,1864
46478,1859
46479,1858
46480,1858
46481,1860
46482,1856
46483,1856
46484,1859
46485,1856
46486,1857
46487,1856
46488,1858
46489,1858
46490,1856
46491,1857
46492,1861
46493,1862
46494,1858
46495,1856
46496,1856
46497,1857
46498,1857
46499,1865
46500,1861
46501,1857
46502,1856
46503,1853
46504,1855
46505,1856
46506,1856
46507,1859
46508,1863
46509,1861
46510,1862
46511,1862
46512,1864
46513,1866
46514,1865
46515,1866
46516,1865
46517,1857
46518,1847
46519,1856
46520,1855
46521,1857
46522,1857
46523,1858
46524,1856
46525,1859
46526,1859
46527,1861
46528,1858
46529,1858
46530,1860
46531,1869
46532,1869
46533,1868
46534,1863
46535,1858
46536,1857
46537,1857
46538,1852
46539,1859
46540,1859
46541,1866
46542,1867
46543,1867
46544,1866
46545,1867
46546,1863
46547,1865
46548,1868
46549,1865
46550,1863
46551,1861
46552,1857
46553,1855
46554,1848
46555,1850
46556,1853
46557,1855
46558,1855
46559,1859
46560,1864
46561,1863
46562,1862
46563,1863
46564,1865
46565,1867
46566,1863
46567,1861
46568,1856
46569,1856
46570,1856
46571,1857
46572,1857
46573,1856
46574,1861
46575,1861
46576,1863
46577,1862
46578,1866
46579,1861
46580,1866
46581,1866
46582,1870
46583,1867
46584,1855
46585,1851
46586,1853
46587,1851
46588,1853
46589,1859
46590,1863
46591,1866
46592,1868
46593,1862
46594,1862
46595,1866
46596,1861
46597,1865
46598,1863
46599,1863
46600,1859
46601,1857
46602,1858
46603,1854
46604,1855
46605,1855
46606,1857
46607,1862
46608,1865
46609,1869
46610,1867
46611,1863
46612,1862
46613,1865
46614,1862
46615,1859
46616,1858
46617,1855
46618,1852
46619,1856
46620,1856
46621,1856
46622,1857
46623,1859
46624,1858
46625,1861
46626,1862
46627,1865
46628,1863
46629,1862
46630,1863
46631,1863
46632,1863
46633,1865
46634,1859
46635,1861
46636,1858
46637,1856
46638,1856
46639,1851
46640,1855
46641,1856
46642,1856
46643,1856
46644,1859
46645,1859
46646,1858
46647,1859
46648,1861
46649,1861
46650,1860
46651,1862
46652,1863
46653,1859
46654,1857
46655,1857
46656,1860
46657,1863
46658,1865
46659,1866
46660,1866
46661,1863
46662,1862
46663,1863
46664,1867
46665,1867
46666,1863
46667,1861
46668,1858
46669,1855
46670,1856
46671,1856
46672,1857
46673,1855
46674,1852
46675,1854
46676,1856
46677,1858
46678,1856
46679,1857
46680,1855
46681,1862
46682,1862
46683,1859
46684,1856
46685,1856
46686,1856
46687,1856
46688,1855
46689,1857
46690,1861
46691,1862
46692,1861
46693,1863
46694,1860
46695,1859
46696,1858
46697,1859
46698,1861
46699,1866
46700,1865
46701,1865
46702,1863
46703,1863
46704,1855
46705,1853
46706,1853
46707,1857
46708,1856
46709,1863
46710,1863
46711,1863
46712,1866
46713,1863
46714,1865
46715,1862
46716,1861
46717,1856
46718,1851
46719,1856
46720,1855
46721,1855
46722,1856
46723,1859
46724,1861
46725,1860
46726,1866
46727,1866
46728,1865
46729,1866
46730,1865
46731,1871
46732,1872
46733,1868
46734,1858
46735,1857
46736,1854
46737,1853
46738,1853
46739,1855
46740,1862
46741,1861
46742,1863
46743,1866
46744,1863
46745,1864
46746,1866
46747,1867
46748,1863
46749,1863
46750,1861
46751,1866
46752,1861
46753,1857
46754,1857
46755,1856
46756,1859
46757,1859
46758,1861
46759,1859
46760,1862
46761,1863
46762,1861
46763,1859
46764,1851
46765,1857
46766,1858
46767,1857
46768,1855
46769,1853
46770,1857
46771,1857
46772,1857
46773,1859
46774,1859
46775,1858
46776,1858
46777,1865
46778,1866
46779,1864
46780,1865
46781,1865
46782,1865
46783,1865
46784,1865
46785,1865
46786,1862
46787,1862
46788,1860
46789,1859
46790,1859
46791,1863
46792,1863
46793,1865
46794,1858
46795,1856
46796,1857
46797,1857
46798,1857
46799,1866
46800,1867
46801,1867
46802,1866
46803,1866
46804,1862
46805,1860
46806,1861
46807,1861
46808,1858
46809,1861
46810,1862
46811,1860
46812,1862
46813,1862
46814,1863
46815,1870
46816,1870
46817,1868
46818,1866
46819,1859
46820,1856
46821,1855
46822,1851
46823,1850
46824,1849
46825,1856
46826,1857
46827,1856
46828,1855
46829,1853
46830,1854
46831,1861
46832,1862
46833,1861
46834,1861
46835,1860
46836,1862
46837,1857
46838,1852
46839,1856
46840,1856
46841,1857
46842,1858
46843,1858
46844,1862
46845,1859
46846,1859
46847,1857
46848,1858
46849,1861
46850,1859
46851,1859
46852,1863
46853,1863
46854,1856
46855,1853
46856,1849
46857,1855
46858,1855
46859,1856
46860,1858
46861,1862
46862,1863
46863,1861
46864,1858
46865,1862
46866,1867
46867,1865
46868,1863
46869,1863
46870,1861
46871,1862
46872,1862
46873,1861
46874,1859
46875,1862
46876,1859
46877,1863
46878,1863
46879,1861
46880,1863
46881,1859
46882,1860
46883,1859
46884,1858
46885,1859
46886,1856
46887,1853
46888,1853
46889,1859
46890,1857
46891,1858
46892,1859
46893,1859
46894,1859
46895,1863
46896,1859
46897,1858
46898,1856
46899,1859
46900,1859
46901,1859
46902,1863
46903,1863
46904,1861
46905,1863
46906,1862
46907,1859
46908,1858
46909,1856
46910,1856
46911,1859
46912,1858
46913,1859
46914,1856
46915,1856
46916,1857
46917,1856
46918,1856
46919,1861
46920,1861
46921,1860
46922,1857
46923,1859
46924,1859
46925,1862
46926,1860
46927,1864
46928,1862
46929,1866
46930,1863
46931,1861
46932,1863
46933,1862
46934,1866
46935,1863
46936,1863
46937,1860
46938,1856
46939,1857
46940,1858
46941,1862
46942,1861
46943,1862
46944,1856
46945,1855
46946,1855
46947,1855
46948,1855
46949,1856
46950,1856
46951,1862
46952,1863
46953,1863
46954,1859
46955,1857
46956,1857
46957,1855
46958,1859
46959,1858
46960,1861
46961,1861
46962,1861
46963,1859
46964,1857
46965,1858
46966,1857
46967,1860
46968,1860
46969,1860
46970,1861
46971,1859
46972,1859
46973,1860
46974,1853
46975,1856
46976,1856
46977,1857
46978,1858
46979,1856
46980,1861
46981,1863
46982,1861
46983,1868
46984,1866
46985,1866
46986,1863
46987,1863
46988,1860
46989,1858
46990,1858
46991,1859
46992,1859
46993,1859
46994,1860
46995,1860
46996,1863
46997,1861
46998,1859
46999,1861
47000,1865
47001,1863
47002,1866
47003,1866
47004,1856
47005,1857
47006,1855
47007,1855
47008,1855
47009,1860
47010,1861
47011,1863
47012,1859
47013,1861
47014,1859
47015,1866
47016,1861
47017,1864
47018,1857
47019,1866
47020,1862
47021,1861
47022,1863
47023,1862
47024,1861
47025,1859
47026,1865
47027,1866
47028,1865
47029,1863
47030,1859
47031,1862
47032,1863
47033,1862
47034,1856
47035,1856
47036,1859
47037,1858
47038,1856
47039,1858
47040,1855
47041,1857
47042,1858
47043,1858
47044,1859
47045,1860
47046,1861
47047,1859
47048,1857
47049,1859
47050,1859
47051,1863
47052,1866
47053,1866
47054,1865
47055,1863
47056,1863
47057,1859
47058,1857
47059,1860
47060,1859
47061,1857
47062,1859
47063,1856
47064,1854
47065,1850
47066,1854
47067,1855
47068,1858
47069,1859
47070,1863
47071,1866
47072,1865
47073,1866
47074,1865
47075,1860
47076,1859
47077,1861
47078,1861
47079,1858
47080,1860
47081,1857
47082,1858
47083,1859
47084,1861
47085,1860
47086,1863
47087,1865
47088,1863
47089,1863
47090,1866
47091,1863
47092,1863
47093,1863
47094,1856
47095,1856
47096,1856
47097,1853
47098,1855
47099,1861
47100,1862
47101,1866
47102,1866
47103,1866
47104,1866
47105,1867
47106,1867
47107,1863
47108,1859
47109,1861
47110,1859
47111,1859
47112,1859
47113,1861
47114,1858
47115,1094
47116,1202
47117,2314
47118,2737
47119,2752
47120,2650
47121,2480
47122,2315
47123,2157
47124,1927
47125,1773
47126,1532
47127,1136
47128,894
47129,1054
47130,1393
47131,1616
47132,1729
47133,1774
47134,1783
47135,1795
47136,1802
47137,1812
47138,1837
47139,1872
47140,1891
47141,1897
47142,1905
47143,1909
47144,1904
47145,1894
47146,1920
47147,912
47148,2192
47149,2704
47150,2831
47151,2768
47152,2597
47153,2416
47154,2096
47155,1787
47156,1561
47157,1133
47158,828
47159,979
47160,1387
47161,1674
47162,1798
47163,1838
47164,1842
47165,1845
47166,1849
47167,1863
47168,1882
47169,1895
47170,1891
47171,1889
47172,1894
47173,1904
47174,1917
47175,1917
47176,1919
47177,2675
47178,757
47179,2096
47180,2617
47181,2819
47182,2800
47183,2658
47184,2441
47185,1999
47186,1725
47187,1403
47188,979
47189,881
47190,1255
47191,1582
47192,1750
47193,1826
47194,1843
47195,1850
47196,1849
47197,1842
47198,1856
47199,1883
47200,1902
47201,1897
47202,1882
47203,1898
47204,1906
47205,1907
47206,1907
47207,1910
47208,2622
47209,576
47210,2042
47211,2764
47212,3088
47213,3019
47214,2775
47215,2276
47216,1718
47217,1446
47218,991
47219,638
47220,1023
47221,1473
47222,1699
47223,1796
47224,1841
47225,1851
47226,1851
47227,1850
47228,1849
47229,1861
47230,1872
47231,1887
47232,1903
47233,1918
47234,1927
47235,1930
47236,1927
47237,1927
47238,1919
47239,2155
47240,430
47241,2033
47242,2987
47243,3492
47244,3286
47245,2828
47246,1979
47247,1397
47248,1168
47249,615
47250,656
47251,1258
47252,1627
47253,1775
47254,1838
47255,1866
47256,1869
47257,1854
47258,1840
47259,1834
47260,1854
47261,1890
47262,1905
47263,1905
47264,1917
47265,1917
47266,1917
47267,1906
47268,1895
47269,1905
47270,2016
47271,371
47272,2004
47273,3041
47274,3735
47275,3435
47276,2875
47277,1775
47278,1303
47279,906
47280,432
47281,850
47282,1409
47283,1687
47284,1808
47285,1856
47286,1865
47287,1851
47288,1829
47289,1796
47290,1806
47291,1845
47292,1886
47293,1936
47294,1964
47295,1963
47296,1948
47297,1931
47298,1908
47299,1879
47300,1862
47301,1881
47302,355
47303,1776
47304,2858
47305,3701
47306,3485
47307,2971
47308,1866
47309,1347
47310,804
47311,417
47312,906
47313,1427
47314,1693
47315,1811
47316,1861
47317,1862
47318,1840
47319,1821
47320,1786
47321,1792
47322,1838
47323,1873
47324,1903
47325,1941
47326,1958
47327,1951
47328,1949
47329,1943
47330,1937
47331,1930
47332,1920
47333,474
47334,1653
47335,2703
47336,3649
47337,3567
47338,3041
47339,2019
47340,1459
47341,775
47342,379
47343,880
47344,1397
47345,1664
47346,1787
47347,1838
47348,1842
47349,1837
47350,1807
47351,1789
47352,1839
47353,1877
47354,1882
47355,1869
47356,1890
47357,1959
47358,1991
47359,1984
47360,1956
47361,1931
47362,1910
47363,1916
47364,652
47365,1504
47366,2608
47367,3635
47368,3664
47369,3086
47370,2145
47371,1488
47372,787
47373,384
47374,831
47375,1345
47376,1635
47377,1774
47378,1830
47379,1839
47380,1828
47381,1793
47382,1791
47383,1826
47384,1882
47385,1936
47386,1959
47387,1935
47388,1904
47389,1923
47390,1934
47391,1932
47392,1930
47393,1927
47394,1922
47395,906
47396,1372
47397,2454
47398,3462
47399,3663
47400,3138
47401,2243
47402,1535
47403,896
47404,408
47405,799
47406,1313
47407,1601
47408,1746
47409,1809
47410,1834
47411,1840
47412,1822
47413,1822
47414,1862
47415,1903
47416,1931
47417,1941
47418,1936
47419,1935
47420,1931
47421,1934
47422,1935
47423,1927
47424,1919
47425,1915
47426,1069
47427,1296
47428,2371
47429,3289
47430,3546
47431,3136
47432,2339
47433,1631
47434,954
47435,435
47436,825
47437,1321
47438,1589
47439,1741
47440,1802
47441,1827
47442,1839
47443,1824
47444,1825
47445,1856
47446,1898
47447,1926
47448,1926
47449,1907
47450,1945
47451,1968
47452,1950
47453,1933
47454,1918
47455,1910
47456,1904
47457,1723
47458,1035
47459,2231
47460,3165
47461,3563
47462,3141
47463,2423
47464,1712
47465,1015
47466,458
47467,786
47468,1290
47469,1585
47470,1728
47471,1790
47472,1821
47473,1834
47474,1823
47475,1833
47476,1856
47477,1895
47478,1938
47479,1963
47480,1973
47481,1950
47482,1947
47483,1936
47484,1926
47485,1920
47486,1917
47487,1906
47488,2396
47489,858
47490,2152
47491,3071
47492,3569
47493,3184
47494,2496
47495,1725
47496,1073
47497,479
47498,759
47499,1265
47500,1581
47501,1737
47502,1802
47503,1825
47504,1840
47505,1824
47506,1819
47507,1851
47508,1901
47509,1942
47510,1955
47511,1943
47512,1941
47513,1945
47514,1942
47515,1937
47516,1936
47517,1927
47518,1921
47519,2692
47520,775
47521,2128
47522,3057
47523,3569
47524,3182
47525,2512
47526,1738
47527,1079
47528,463
47529,738
47530,1251
47531,1563
47532,1733
47533,1804
47534,1829
47535,1835
47536,1827
47537,1838
47538,1856
47539,1900
47540,1943
47541,1988
47542,2003
47543,2000
47544,1970
47545,1925
47546,1878
47547,1851
47548,1860
47549,1888
47550,2608
47551,599
47552,2035
47553,2992
47554,3611
47555,3233
47556,2608
47557,1850
47558,1195
47559,538
47560,717
47561,1200
47562,1531
47563,1712
47564,1787
47565,1817
47566,1807
47567,1778
47568,1798
47569,1847
47570,1914
47571,1968
47572,1986
47573,1951
47574,1929
47575,1923
47576,1912
47577,1903
47578,1910
47579,1915
47580,1915
47581,2000
47582,380
47583,1901
47584,2848
47585,3568
47586,3295
47587,2733
47588,1956
47589,1277
47590,575
47591,641
47592,1143
47593,1499
47594,1697
47595,1777
47596,1805
47597,1789
47598,1777
47599,1812
47600,1860
47601,1904
47602,1931
47603,1938
47604,1935
47605,1947
47606,1971
47607,1943
47608,1918
47609,1925
47610,1923
47611,1922
47612,1930
47613,337
47614,1847
47615,2835
47616,3632
47617,3362
47618,2799
47619,2039
47620,1294
47621,533
47622,592
47623,1089
47624,1458
47625,1667
47626,1757
47627,1787
47628,1773
47629,1763
47630,1797
47631,1845
47632,1894
47633,1931
47634,1941
47635,1989
47636,2032
47637,2015
47638,1979
47639,1934
47640,1895
47641,1875
47642,1866
47643,1880
47644,409
47645,1649
47646,2627
47647,3488
47648,3358
47649,2851
47650,2112
47651,1409
47652,705
47653,622
47654,1065
47655,1429
47656,1648
47657,1743
47658,1777
47659,1765
47660,1757
47661,1789
47662,1844
47663,1904
47664,1936
47665,1959
47666,1966
47667,1965
47668,1982
47669,1949
47670,1919
47671,1904
47672,1904
47673,1909
47674,1909
47675,587
47676,1554
47677,2601
47678,3549
47679,3477
47680,2923
47681,2227
47682,1475
47683,685
47684,511
47685,976
47686,1387
47687,1617
47688,1716
47689,1745
47690,1735
47691,1745
47692,1792
47693,1842
47694,1891
47695,1936
47696,1983
47697,1974
47698,1965
47699,1947
47700,1936
47701,1914
47702,1896
47703,1901
47704,1902
47705,1901
47706,808
47707,1404
47708,2497
47709,3502
47710,3519
47711,2967
47712,2273
47713,1479
47714,729
47715,511
47716,947
47717,1365
47718,1595
47719,1700
47720,1727
47721,1712
47722,1722
47723,1766
47724,1822
47725,1872
47726,1923
47727,1952
47728,1963
47729,1954
47730,1933
47731,1913
47732,1898
47733,1904
47734,1911
47735,1906
47736,1904
47737,1892
47738,1873
47739,1872
47740,1867
47741,1865
47742,1861
47743,1859
47744,1861
47745,1857
47746,1856
47747,1853
47748,1853
47749,1857
47750,1857
47751,1856
47752,1851
47753,1846
47754,1838
47755,1837
47756,1839
47757,1838
47758,1840
47759,1840
47760,1840
47761,1846
47762,1849
47763,1849
47764,1846
47765,1847
47766,1854
47767,1853
47768,1852
47769,1855
47770,1851
47771,1843
47772,1842
47773,1843
47774,1845
47775,1849
47776,1852
47777,1855
47778,1855
47779,1855
47780,1855
47781,1851
47782,1852
47783,1857
47784,1850
47785,1856
47786,1856
47787,1857
47788,1855
47789,1861
47790,1858
47791,1857
47792,1861
47793,1856
47794,1858
47795,1859
47796,1857
47797,1855
47798,1856
47799,1861
47800,1865
47801,1870
47802,1872
47803,1869
47804,1871
47805,1869
47806,1870
47807,1862
47808,1858
47809,1863
47810,1862
47811,1858
47812,1858
47813,1859
47814,1856
47815,1850
47816,1856
47817,1863
47818,1869
47819,1872
47820,1872
47821,1870
47822,1869
47823,1869
47824,1865
47825,1863
47826,1863
47827,1865
47828,1863
47829,1865
47830,1861
47831,1856
47832,1858
47833,1869
47834,1872
47835,1872
47836,1872
47837,1872
47838,1865
47839,1872
47840,1866
47841,1863
47842,1862
47843,1861
47844,1861
47845,1858
47846,1858
47847,1854
47848,1856
47849,1858
47850,1857
47851,1865
47852,1871
47853,1872
47854,1869
47855,1867
47856,1866
47857,1860
47858,1861
47859,1861
47860,1861
47861,1863
47862,1866
47863,1865
47864,1858
47865,1858
47866,1867
47867,1871
47868,1871
47869,1872
47870,1874
47871,1873
47872,1873
47873,1872
47874,1865
47875,1859
47876,1856
47877,1853
47878,1857
47879,1858
47880,1865
47881,1857
47882,1859
47883,1867
47884,1872
47885,1877
47886,1883
47887,1881
47888,1872
47889,1866
47890,1862
47891,1863
47892,1866
47893,1868
47894,1870
47895,1867
47896,1864
47897,1857
47898,1856
47899,1862
47900,1872
47901,1873
47902,1874
47903,1877
47904,1870
47905,1862
47906,1861
47907,1854
47908,1853
47909,1863
47910,1859
47911,1865
47912,1862
47913,1867
47914,1859
47915,1858
47916,1864
47917,1872
47918,1873
47919,1881
47920,1879
47921,1889
47922,1879
47923,1869
47924,1850
47925,1840
47926,1846
47927,1853
47928,1857
47929,1861
47930,1857
47931,1856
47932,1858
47933,1867
47934,1863
47935,1866
47936,1872
47937,1867
47938,1865
47939,1858
47940,1854
47941,1861
47942,1867
47943,1863
47944,1865
47945,1863
47946,1867
47947,1859
47948,1861
47949,1869
47950,1872
47951,1870
47952,1872
47953,1872
47954,1872
47955,1869
47956,1869
47957,1862
47958,1859
47959,1861
47960,1860
47961,1863
47962,1862
47963,1862
47964,1855
47965,1851
47966,1859
47967,1860
47968,1862
47969,1867
47970,1877
47971,1872
47972,1872
47973,1870
47974,1861
47975,1861
47976,1858
47977,1861
47978,1864
47979,1870
47980,1863
47981,1856
47982,1856
47983,1861
47984,1865
47985,1870
47986,1870
47987,1871
47988,1865
47989,1865
47990,1863
47991,1863
47992,1865
47993,1863
47994,1873
47995,1889
47996,1883
47997,1854
47998,1823
47999,1818
48000,1840
48001,1858
48002,1868
48003,1870
48004,1872
48005,1872
48006,1871
48007,1867
48008,1862
48009,1862
48010,1859
48011,1859
48012,1858
48013,1862
48014,1868
48015,1867
48016,1870
48017,1858
48018,1847
48019,1858
48020,1866
48021,1865
48022,1863
48023,1863
48024,1856
48025,1850
48026,1851
48027,1857
48028,1861
48029,1865
48030,1851
48031,1854
48032,1856
48033,1861
48034,1867
48035,1872
48036,1879
48037,1881
48038,1863
48039,1862
48040,1862
48041,1859
48042,1859
48043,1861
48044,1863
48045,1862
48046,1866
48047,1858
48048,1856
48049,1858
48050,1869
48051,1877
48052,1887
48053,1883
48054,1871
48055,1861
48056,1855
48057,1847
48058,1847
48059,1848
48060,1855
48061,1856
48062,1856
48063,1857
48064,1851
48065,1850
48066,1858
48067,1867
48068,1871
48069,1875
48070,1878
48071,1879
48072,1877
48073,1869
48074,1856
48075,1854
48076,1847
48077,1852
48078,1857
48079,1858
48080,1856
48081,1851
48082,1856
48083,1866
48084,1866
48085,1869
48086,1868
48087,1858
48088,1857
48089,1862
48090,1861
48091,1856
48092,1857
48093,1857
48094,1861
48095,1861
48096,1861
48097,1870
48098,1875
48099,1881
48100,1873
48101,1872
48102,1872
48103,1865
48104,1856
48105,1847
48106,1846
48107,1853
48108,1851
48109,1856
48110,1857
48111,1859
48112,1861
48113,1858
48114,1847
48115,1842
48116,1855
48117,1859
48118,1867
48119,1873
48120,1872
48121,1872
48122,1869
48123,1870
48124,1867
48125,1870
48126,1861
48127,1857
48128,1856
48129,1858
48130,1856
48131,1850
48132,1856
48133,1865
48134,1871
48135,1872
48136,1872
48137,1873
48138,1866
48139,1872
48140,1867
48141,1861
48142,1859
48143,1858
48144,1853
48145,1853
48146,1854
48147,1853
48148,1847
48149,1857
48150,1857
48151,1862
48152,1871
48153,1872
48154,1872
48155,1870
48156,1868
48157,1858
48158,1855
48159,1856
48160,1855
48161,1859
48162,1858
48163,1858
48164,1855
48165,1852
48166,1858
48167,1863
48168,1871
48169,1871
48170,1872
48171,1869
48172,1865
48173,1862
48174,1853
48175,1852
48176,1853
48177,1854
48178,1853
48179,1853
48180,1856
48181,1854
48182,1856
48183,1862
48184,1870
48185,1871
48186,1872
48187,1872
48188,1867
48189,1861
48190,1856
48191,1856
48192,1855
48193,1855
48194,1858
48195,1857
48196,1857
48197,1852
48198,1851
48199,1866
48200,1874
48201,1875
48202,1872
48203,1865
48204,1850
48205,1853
48206,1854
48207,1842
48208,1840
48209,1855
48210,1856
48211,1856
48212,1856
48213,1856
48214,1849
48215,1849
48216,1856
48217,1862
48218,1860
48219,1872
48220,1871
48221,1868
48222,1867
48223,1867
48224,1860
48225,1859
48226,1860
48227,1859
48228,1861
48229,1862
48230,1858
48231,1855
48232,1862
48233,1866
48234,1857
48235,1859
48236,1868
48237,1870
48238,1867
48239,1852
48240,1845
48241,1854
48242,1857
48243,1860
48244,1861
48245,1861
48246,1860
48247,1855
48248,1853
48249,1856
48250,1865
48251,1867
48252,1872
48253,1872
48254,1872
48255,1868
48256,1869
48257,1861
48258,1859
48259,1863
48260,1870
48261,1869
48262,1863
48263,1856
48264,1830
48265,1834
48266,1847
48267,1854
48268,1859
48269,1867
48270,1872
48271,1870
48272,1865
48273,1863
48274,1860
48275,1858
48276,1859
48277,1859
48278,1861
48279,1859
48280,1859
48281,1856
48282,1857
48283,1863
48284,1867
48285,1870
48286,1872
48287,1871
48288,1870
48289,1869
48290,1866
48291,1869
48292,1875
48293,1877
48294,1865
48295,1849
48296,1842
48297,1837
48298,1835
48299,1845
48300,1852
48301,1856
48302,1858
48303,1863
48304,1868
48305,1867
48306,1866
48307,1858
48308,1856
48309,1855
48310,1855
48311,1856
48312,1859
48313,1858
48314,1855
48315,1853
48316,1859
48317,1861
48318,1863
48319,1872
48320,1870
48321,1871
48322,1869
48323,1867
48324,1856
48325,1856
48326,1856
48327,1854
48328,1855
48329,1855
48330,1853
48331,1852
48332,1854
48333,1859
48334,1863
48335,1869
48336,1871
48337,1867
48338,1857
48339,1860
48340,1859
48341,1857
48342,1858
48343,1857
48344,1856
48345,1859
48346,1859
48347,1856
48348,1855
48349,1859
48350,1863
48351,1869
48352,1869
48353,1872
48354,1865
48355,1859
48356,1859
48357,1855
48358,1851
48359,1851
48360,1858
48361,1860
48362,1858
48363,1859
48364,1856
48365,1856
48366,1856
48367,1858
48368,1857
48369,1863
48370,1867
48371,1863
48372,1860
48373,1859
48374,1856
48375,1856
48376,1856
48377,1855
48378,1859
48379,1862
48380,1861
48381,1854
48382,1853
48383,1857
48384,1857
48385,1858
48386,1863
48387,1865
48388,1862
48389,1868
48390,1866
48391,1860
48392,1858
48393,1861
48394,1859
48395,1861
48396,1860
48397,1856
48398,1851
48399,1860
48400,1870
48401,1877
48402,1883
48403,1888
48404,1891
48405,1873
48406,1856
48407,1842
48408,1837
48409,1829
48410,1846
48411,1861
48412,1849
48413,1844
48414,1841
48415,1842
48416,1850
48417,1856
48418,1859
48419,1872
48420,1872
48421,1872
48422,1872
48423,1866
48424,1863
48425,1861
48426,1859
48427,1861
48428,1863
48429,1865
48430,1861
48431,1859
48432,1861
48433,1869
48434,1865
48435,1865
48436,1866
48437,1859
48438,1853
48439,1858
48440,1859
48441,1853
48442,1853
48443,1856
48444,1850
48445,1853
48446,1855
48447,1851
48448,1845
48449,1851
48450,1857
48451,1866
48452,1871
48453,1871
48454,1870
48455,1868
48456,1867
48457,1866
48458,1861
48459,1859
48460,1856
48461,1856
48462,1859
48463,1858
48464,1855
48465,1853
48466,1857
48467,1863
48468,1869
48469,1870
48470,1867
48471,1867
48472,1863
48473,1859
48474,1851
48475,1850
48476,1850
48477,1849
48478,1850
48479,1847
48480,1856
48481,1851
48482,1856
48483,1859
48484,1866
48485,1867
48486,1870
48487,1869
48488,1867
48489,1865
48490,1862
48491,1858
48492,1858
48493,1859
48494,1857
48495,1856
48496,1862
48497,1856
48498,1852
48499,1856
48500,1865
48501,1867
48502,1870
48503,1872
48504,1866
48505,1861
48506,1858
48507,1854
48508,1850
48509,1853
48510,1853
48511,1856
48512,1858
48513,1862
48514,1855
48515,1851
48516,1851
48517,1857
48518,1856
48519,1865
48520,1870
48521,1869
48522,1863
48523,1863
48524,1860
48525,1858
48526,1858
48527,1858
48528,1866
48529,1862
48530,1858
48531,1854
48532,1851
48533,1856
48534,1856
48535,1857
48536,1866
48537,1868
48538,1864
48539,1858
48540,1855
48541,1855
48542,1856
48543,1856
48544,1862
48545,1865
48546,1865
48547,1859
48548,1850
48549,1851
48550,1856
48551,1866
48552,1869
48553,1869
48554,1868
48555,1867
48556,1867
48557,1861
48558,1856
48559,1859
48560,1859
48561,1858
48562,1859
48563,1858
48564,1850
48565,1847
48566,1855
48567,1855
48568,1858
48569,1863
48570,1871
48571,1867
48572,1868
48573,1862
48574,1862
48575,1860
48576,1860
48577,1860
48578,1859
48579,1861
48580,1856
48581,1855
48582,1858
48583,1863
48584,1867
48585,1872
48586,1872
48587,1872
48588,1869
48589,1866
48590,1863
48591,1858
48592,1858
48593,1857
48594,1854
48595,1853
48596,1855
48597,1851
48598,1850
48599,1857
48600,1861
48601,1863
48602,1866
48603,1866
48604,1866
48605,1863
48606,1861
48607,1859
48608,1855
48609,1856
48610,1857
48611,1858
48612,1858
48613,1862
48614,1862
48615,1859
48616,1859
48617,1861
48618,1855
48619,1856
48620,1862
48621,1863
48622,1859
48623,1857
48624,1847
48625,1851
48626,1852
48627,1853
48628,1854
48629,1855
48630,1855
48631,1860
48632,1857
48633,1860
48634,1863
48635,1865
48636,1868
48637,1869
48638,1867
48639,1863
48640,1865
48641,1862
48642,1859
48643,1863
48644,1862
48645,1862
48646,1863
48647,1865
48648,1860
48649,1859
48650,1860
48651,1863
48652,1863
48653,1863
48654,1857
48655,1860
48656,1859
48657,1856
48658,1856
48659,1857
48660,1854
48661,1859
48662,1857
48663,1863
48664,1857
48665,1857
48666,1857
48667,1857
48668,1861
48669,1863
48670,1861
48671,1862
48672,1864
48673,1863
48674,1863
48675,1861
48676,1861
48677,1856
48678,1856
48679,1855
48680,1856
48681,1859
48682,1856
48683,1856
48684,1858
48685,1859
48686,1862
48687,1862
48688,1859
48689,1860
48690,1861
48691,1859
48692,1859
48693,1861
48694,1862
48695,1861
48696,1860
48697,1857
48698,1856
48699,1856
48700,1861
48701,1863
48702,1867
48703,1870
48704,1866
48705,1863
48706,1863
48707,1861
48708,1860
48709,1859
48710,1859
48711,1859
48712,1859
48713,1861
48714,1851
48715,1845
48716,1851
48717,1855
48718,1857
48719,1870
48720,1871
48721,1869
48722,1863
48723,1862
48724,1865
48725,1867
48726,1870
48727,1867
48728,1861
48729,1856
48730,1854
48731,1846
48732,340
48733,1654
48734,2455
48735,2699
48736,2665
48737,2559
48738,2445
48739,2313
48740,2137
48741,1952
48742,1786
48743,1424
48744,971
48745,812
48746,1085
48747,1438
48748,1648
48749,1751
48750,1789
48751,1814
48752,1846
48753,1857
48754,1857
48755,1857
48756,1869
48757,1872
48758,1879
48759,1885
48760,1887
48761,1895
48762,1905
48763,586
48764,1584
48765,2487
48766,2798
48767,2797
48768,2675
48769,2493
48770,2297
48771,1982
48772,1729
48773,1406
48774,976
48775,822
48776,1136
48777,1524
48778,1756
48779,1838
48780,1861
48781,1853
48782,1845
48783,1847
48784,1839
48785,1850
48786,1883
48787,1905
48788,1921
48789,1927
48790,1920
48791,1914
48792,1904
48793,1881
48794,775
48795,1414
48796,2432
48797,2835
48798,2875
48799,2730
48800,2521
48801,2234
48802,1823
48803,1572
48804,1168
48805,800
48806,958
48807,1367
48808,1642
48809,1799
48810,1854
48811,1869
48812,1860
48813,1857
48814,1839
48815,1836
48816,1861
48817,1888
48818,1910
48819,1921
48820,1933
48821,1931
48822,1927
48823,1923
48824,1919
48825,1093
48826,1281
48827,2384
48828,2916
48829,3035
48830,2843
48831,2605
48832,2068
48833,1653
48834,1377
48835,925
48836,775
48837,1200
48838,1535
48839,1729
48840,1823
48841,1857
48842,1859
48843,1850
48844,1841
48845,1838
48846,1847
48847,1869
48848,1890
48849,1915
48850,1920
48851,1910
48852,1904
48853,1911
48854,1922
48855,1923
48856,1503
48857,1114
48858,2320
48859,2964
48860,3138
48861,2921
48862,2593
48863,1850
48864,1535
48865,1267
48866,771
48867,887
48868,1358
48869,1655
48870,1791
48871,1859
48872,1873
48873,1867
48874,1847
48875,1819
48876,1808
48877,1831
48878,1869
48879,1899
48880,1907
48881,1920
48882,1925
48883,1933
48884,1933
48885,1919
48886,1920
48887,2455
48888,827
48889,2288
48890,3156
48891,3503
48892,3120
48893,2593
48894,1632
48895,1365
48896,1005
48897,598
48898,912
48899,1399
48900,1679
48901,1809
48902,1863
48903,1872
48904,1866
48905,1843
48906,1813
48907,1833
48908,1895
48909,1922
48910,1914
48911,1886
48912,1883
48913,1898
48914,1905
48915,1911
48916,1921
48917,1927
48918,2719
48919,752
48920,2256
48921,3217
48922,3700
48923,3264
48924,2544
48925,1522
48926,1252
48927,806
48928,592
48929,1042
48930,1467
48931,1691
48932,1803
48933,1855
48934,1863
48935,1860
48936,1839
48937,1828
48938,1840
48939,1873
48940,1904
48941,1919
48942,1934
48943,1939
48944,1937
48945,1937
48946,1936
48947,1930
48948,1920
48949,2317
48950,461
48951,2032
48952,3029
48953,3696
48954,3382
48955,2656
48956,1661
48957,1290
48958,700
48959,550
48960,1046
48961,1475
48962,1702
48963,1809
48964,1844
48965,1840
48966,1840
48967,1823
48968,1828
48969,1859
48970,1897
48971,1941
48972,2010
48973,2055
48974,2043
48975,1999
48976,1935
48977,1863
48978,1797
48979,1782
48980,2053
48981,384
48982,1920
48983,2929
48984,3638
48985,3419
48986,2704
48987,1793
48988,1322
48989,676
48990,624
48991,1092
48992,1471
48993,1694
48994,1806
48995,1843
48996,1851
48997,1834
48998,1805
48999,1821
49000,1872
49001,1916
49002,1943
49003,1966
49004,1965
49005,1937
49006,1920
49007,1926
49008,1925
49009,1909
49010,1904
49011,1917
49012,330
49013,1847
49014,2930
49015,3810
49016,3501
49017,2709
49018,1769
49019,1248
49020,606
49021,553
49022,1066
49023,1459
49024,1680
49025,1789
49026,1826
49027,1840
49028,1850
49029,1834
49030,1838
49031,1855
49032,1877
49033,1913
49034,1933
49035,1931
49036,1984
49037,1991
49038,1956
49039,1945
49040,1935
49041,1925
49042,1920
49043,370
49044,1728
49045,2832
49046,3760
49047,3475
49048,2746
49049,1869
49050,1302
49051,587
49052,510
49053,1054
49054,1461
49055,1685
49056,1798
49057,1833
49058,1843
49059,1851
49060,1840
49061,1841
49062,1869
49063,1937
49064,2021
49065,2070
49066,2063
49067,2006
49068,1919
49069,1819
49070,1776
49071,1823
49072,1869
49073,1888
49074,585
49075,1515
49076,2647
49077,3608
49078,3525
49079,2893
49080,2073
49081,1427
49082,720
49083,504
49084,993
49085,1434
49086,1681
49087,1805
49088,1840
49089,1843
49090,1822
49091,1791
49092,1802
49093,1853
49094,1917
49095,1955
49096,1957
49097,1946
49098,1936
49099,1920
49100,1919
49101,1933
49102,1939
49103,1942
49104,1930
49105,804
49106,1393
49107,2559
49108,3581
49109,3534
49110,2911
49111,2124
49112,1436
49113,749
49114,480
49115,950
49116,1408
49117,1665
49118,1785
49119,1836
49120,1843
49121,1827
49122,1807
49123,1817
49124,1860
49125,1903
49126,1925
49127,1936
49128,1951
49129,1941
49130,1929
49131,1920
49132,1918
49133,1931
49134,1927
49135,1929
49136,1045
49137,1270
49138,2466
49139,3511
49140,3575
49141,2971
49142,2236
49143,1519
49144,803
49145,464
49146,913
49147,1370
49148,1625
49149,1761
49150,1815
49151,1834
49152,1814
49153,1794
49154,1819
49155,1872
49156,1918
49157,1947
49158,1961
49159,1972
49160,1946
49161,1936
49162,1936
49163,1918
49164,1889
49165,1877
49166,1897
49167,1517
49168,1072
49169,2384
49170,3489
49171,3622
49172,3024
49173,2308
49174,1573
49175,879
49176,464
49177,867
49178,1335
49179,1611
49180,1745
49181,1793
49182,1808
49183,1797
49184,1792
49185,1822
49186,1872
49187,1924
49188,1968
49189,2000
49190,2007
49191,2000
49192,1983
49193,1941
49194,1902
49195,1873
49196,1853
49197,1846
49198,2078
49199,856
49200,2239
49201,3275
49202,3554
49203,3091
49204,2479
49205,1738
49206,981
49207,497
49208,839
49209,1296
49210,1569
49211,1722
49212,1783
49213,1806
49214,1778
49215,1767
49216,1808
49217,1867
49218,1931
49219,1976
49220,1976
49221,1977
49222,1957
49223,1927
49224,1906
49225,1919
49226,1923
49227,1919
49228,1919
49229,2762
49230,691
49231,2145
49232,3203
49233,3607
49234,3149
49235,2537
49236,1777
49237,1035
49238,475
49239,758
49240,1251
49241,1555
49242,1721
49243,1783
49244,1803
49245,1786
49246,1776
49247,1797
49248,1843
49249,1907
49250,1967
49251,1971
49252,1963
49253,1957
49254,1952
49255,1939
49256,1925
49257,1918
49258,1915
49259,1911
49260,2771
49261,618
49262,2112
49263,3199
49264,3603
49265,3114
49266,2513
49267,1774
49268,1085
49269,528
49270,778
49271,1264
49272,1566
49273,1725
49274,1779
49275,1793
49276,1783
49277,1777
49278,1808
49279,1855
49280,1895
49281,1921
49282,1994
49283,2078
49284,2090
49285,2046
49286,1967
49287,1870
49288,1804
49289,1825
49290,1840
49291,2055
49292,374
49293,1931
49294,3023
49295,3625
49296,3200
49297,2608
49298,1889
49299,1213
49300,592
49301,726
49302,1200
49303,1523
49304,1709
49305,1778
49306,1801
49307,1779
49308,1771
49309,1795
49310,1844
49311,1904
49312,1962
49313,1979
49314,1946
49315,1930
49316,1933
49317,1921
49318,1919
49319,1936
49320,1936
49321,1933
49322,1927
49323,326
49324,1831
49325,2914
49326,3639
49327,3263
49328,2688
49329,1954
49330,1243
49331,577
49332,656
49333,1156
49334,1494
49335,1687
49336,1776
49337,1799
49338,1776
49339,1774
49340,1793
49341,1838
49342,1883
49343,1929
49344,1965
49345,1971
49346,1958
49347,1920
49348,1910
49349,1916
49350,1926
49351,1936
49352,1936
49353,1934
49354,1925
49355,1917
49356,1906
49357,1897
49358,1889
49359,1879
49360,1872
49361,1871
49362,1871
49363,1869
49364,1857
49365,1857
49366,1872
49367,1879
49368,1876
49369,1872
49370,1872
49371,1872
49372,1869
49373,1867
49374,1856
49375,1855
49376,1854
49377,1853
49378,1853
49379,1854
49380,1851
49381,1854
49382,1849
49383,1857
49384,1870
49385,1872
49386,1875
49387,1873
49388,1869
49389,1863
49390,1866
49391,1857
49392,1857
49393,1856
49394,1855
49395,1855
49396,1858
49397,1855
49398,1844
49399,1851
49400,1862
49401,1868
49402,1872
49403,1872
49404,1863
49405,1859
49406,1856
49407,1850
49408,1849
49409,1855
49410,1856
49411,1856
49412,1856
49413,1859
49414,1852
49415,1846
49416,1860
49417,1863
49418,1863
49419,1873
49420,1873
49421,1871
49422,1865
49423,1859
49424,1855
49425,1852
49426,1856
49427,1855
49428,1856
49429,1855
49430,1854
49431,1842
49432,1846
49433,1861
49434,1861
49435,1867
49436,1868
49437,1869
49438,1863
49439,1859
49440,1851
49441,1854
49442,1857
49443,1858
49444,1863
49445,1859
49446,1860
49447,1855
49448,1847
49449,1855
49450,1868
49451,1872
49452,1873
49453,1874
49454,1872
49455,1872
49456,1867
49457,1859
49458,1855
49459,1856
49460,1857
49461,1859
49462,1858
49463,1857
49464,1846
49465,1840
49466,1851
49467,1857
49468,1866
49469,1865
49470,1869
49471,1872
49472,1866
49473,1865
49474,1858
49475,1855
49476,1855
49477,1855
49478,1856
49479,1856
49480,1857
49481,1850
49482,1845
49483,1859
49484,1867
49485,1869
49486,1875
49487,1878
49488,1872
49489,1864
49490,1863
49491,1856
49492,1858
49493,1857
49494,1853
49495,1853
49496,1856
49497,1849
49498,1841
49499,1856
49500,1863
49501,1871
49502,1876
49503,1877
49504,1875
49505,1872
49506,1869
49507,1866
49508,1857
49509,1859
49510,1855
49511,1857
49512,1857
49513,1858
49514,1851
49515,1843
49516,1856
49517,1869
49518,1862
49519,1872
49520,1876
49521,1872
49522,1867
49523,1860
49524,1853
49525,1851
49526,1854
49527,1858
49528,1856
49529,1856
49530,1853
49531,1855
49532,1854
49533,1866
49534,1872
49535,1873
49536,1879
49537,1877
49538,1867
49539,1866
49540,1861
49541,1857
49542,1856
49543,1859
49544,1861
49545,1867
49546,1864
49547,1861
49548,1855
49549,1860
49550,1871
49551,1873
49552,1878
49553,1883
49554,1874
49555,1869
49556,1858
49557,1857
49558,1854
49559,1856
49560,1857
49561,1863
49562,1861
49563,1858
49564,1855
49565,1849
49566,1860
49567,1867
49568,1872
49569,1875
49570,1872
49571,1872
49572,1868
49573,1866
49574,1858
49575,1856
49576,1856
49577,1856
49578,1858
49579,1857
49580,1855
49581,1851
49582,1850
49583,1862
49584,1863
49585,1867
49586,1869
49587,1871
49588,1870
49589,1869
49590,1870
49591,1861
49592,1861
49593,1857
49594,1857
49595,1856
49596,1856
49597,1849
49598,1843
49599,1851
49600,1867
49601,1873
49602,1875
49603,1877
49604,1872
49605,1872
49606,1866
49607,1857
49608,1851
49609,1856
49610,1856
49611,1860
49612,1858
49613,1857
49614,1846
49615,1840
49616,1853
49617,1858
49618,1865
49619,1874
49620,1873
49621,1872
49622,1868
49623,1867
49624,1859
49625,1856
49626,1856
49627,1854
49628,1859
49629,1858
49630,1857
49631,1854
49632,1852
49633,1857
49634,1865
49635,1872
49636,1875
49637,1876
49638,1872
49639,1862
49640,1859
49641,1859
49642,1861
49643,1859
49644,1843
49645,1841
49646,1844
49647,1840
49648,1840
49649,1841
49650,1856
49651,1867
49652,1872
49653,1875
49654,1877
49655,1872
49656,1869
49657,1857
49658,1856
49659,1862
49660,1863
49661,1865
49662,1859
49663,1855
49664,1849
49665,1844
49666,1856
49667,1867
49668,1872
49669,1874
49670,1874
49671,1871
49672,1867
49673,1867
49674,1858
49675,1854
49676,1856
49677,1848
49678,1853
49679,1855
49680,1856
49681,1854
49682,1850
49683,1863
49684,1868
49685,1871
49686,1872
49687,1874
49688,1871
49689,1867
49690,1867
49691,1859
49692,1859
49693,1857
49694,1856
49695,1858
49696,1859
49697,1853
49698,1847
49699,1856
49700,1867
49701,1872
49702,1872
49703,1871
49704,1870
49705,1866
49706,1861
49707,1855
49708,1850
49709,1861
49710,1859
49711,1859
49712,1856
49713,1855
49714,1847
49715,1842
49716,1854
49717,1863
49718,1863
49719,1873
49720,1876
49721,1873
49722,1869
49723,1866
49724,1856
49725,1855
49726,1854
49727,1851
49728,1856
49729,1857
49730,1858
49731,1853
49732,1849
49733,1863
49734,1861
49735,1863
49736,1870
49737,1872
49738,1866
49739,1856
49740,1849
49741,1851
49742,1852
49743,1854
49744,1857
49745,1861
49746,1859
49747,1855
49748,1848
49749,1853
49750,1863
49751,1870
49752,1872
49753,1872
49754,1873
49755,1872
49756,1867
49757,1859
49758,1853
49759,1855
49760,1855
49761,1855
49762,1856
49763,1858
49764,1844
49765,1840
49766,1851
49767,1856
49768,1867
49769,1868
49770,1872
49771,1872
49772,1870
49773,1863
49774,1858
49775,1854
49776,1856
49777,1855
49778,1859
49779,1858
49780,1861
49781,1852
49782,1851
49783,1859
49784,1866
49785,1872
49786,1872
49787,1873
49788,1870
49789,1863
49790,1861
49791,1853
49792,1855
49793,1852
49794,1849
49795,1850
49796,1851
49797,1846
49798,1840
49799,1857
49800,1866
49801,1870
49802,1872
49803,1874
49804,1873
49805,1872
49806,1866
49807,1861
49808,1856
49809,1856
49810,1857
49811,1862
49812,1858
49813,1856
49814,1847
49815,1843
49816,1855
49817,1865
49818,1872
49819,1865
49820,1866
49821,1866
49822,1861
49823,1858
49824,1853
49825,1847
49826,1856
49827,1856
49828,1857
49829,1857
49830,1853
49831,1854
49832,1851
49833,1861
49834,1868
49835,1871
49836,1873
49837,1872
49838,1867
49839,1870
49840,1866
49841,1857
49842,1855
49843,1855
49844,1856
49845,1857
49846,1857
49847,1851
49848,1844
49849,1851
49850,1861
49851,1871
49852,1872
49853,1872
49854,1866
49855,1862
49856,1858
49857,1853
49858,1850
49859,1855
49860,1856
49861,1859
49862,1857
49863,1863
49864,1855
49865,1851
49866,1857
49867,1869
49868,1872
49869,1872
49870,1875
49871,1872
49872,1863
49873,1862
49874,1856
49875,1856
49876,1856
49877,1857
49878,1861
49879,1858
49880,1856
49881,1849
49882,1847
49883,1862
49884,1861
49885,1865
49886,1871
49887,1868
49888,1865
49889,1868
49890,1862
49891,1855
49892,1854
49893,1855
49894,1857
49895,1859
49896,1860
49897,1855
49898,1847
49899,1854
49900,1863
49901,1869
49902,1872
49903,1872
49904,1872
49905,1869
49906,1863
49907,1857
49908,1855
49909,1856
49910,1856
49911,1857
49912,1860
49913,1857
49914,1849
49915,1841
49916,1851
49917,1857
49918,1861
49919,1872
49920,1873
49921,1873
49922,1870
49923,1869
49924,1859
49925,1856
49926,1861
49927,1857
49928,1861
49929,1862
49930,1859
49931,1853
49932,1851
49933,1861
49934,1867
49935,1873
49936,1878
49937,1878
49938,1865
49939,1867
49940,1862
49941,1857
49942,1856
49943,1855
49944,1850
49945,1855
49946,1851
49947,1849
49948,1840
49949,1844
49950,1856
49951,1866
49952,1873
49953,1877
49954,1872
49955,1869
49956,1867
49957,1862
49958,1856
49959,1856
49960,1855
49961,1857
49962,1859
49963,1858
49964,1853
49965,1847
49966,1858
49967,1867
49968,1871
49969,1874
49970,1874
49971,1872
49972,1871
49973,1866
49974,1856
49975,1851
49976,1856
49977,1853
49978,1853
49979,1856
49980,1861
49981,1850
49982,1852
49983,1861
49984,1867
49985,1870
49986,1874
49987,1874
49988,1870
49989,1868
49990,1866
49991,1857
49992,1856
49993,1855
49994,1856
49995,1857
49996,1859
49997,1856
49998,1845
49999,1851
50000,1863
50001,1869
50002,1869
50003,1872
50004,1869
50005,1857
50006,1856
50007,1850
50008,1844
50009,1853
50010,1851
50011,1851
50012,1852
50013,1855
50014,1846
50015,1844
50016,1856
50017,1866
50018,1863
50019,1872
50020,1871
50021,1870
50022,1865
50023,1862
50024,1856
50025,1856
50026,1856
50027,1855
50028,1857
50029,1857
50030,1856
50031,1851
50032,1849
50033,1862
50034,1861
50035,1867
50036,1872
50037,1871
50038,1865
50039,1860
50040,1855
50041,1857
50042,1854
50043,1856
50044,1856
50045,1857
50046,1859
50047,1855
50048,1845
50049,1851
50050,1862
50051,1871
50052,1872
50053,1878
50054,1874
50055,1870
50056,1869
50057,1862
50058,1856
50059,1858
50060,1857
50061,1861
50062,1862
50063,1859
50064,1849
50065,1842
50066,1851
50067,1859
50068,1865
50069,1867
50070,1874
50071,1874
50072,1866
50073,1864
50074,1856
50075,1851
50076,1856
50077,1853
50078,1856
50079,1857
50080,1855
50081,1845
50082,1844
50083,1857
50084,1866
50085,1870
50086,1872
50087,1874
50088,1872
50089,1867
50090,1863
50091,1859
50092,1861
50093,1862
50094,1856
50095,1850
50096,1855
50097,1847
50098,1840
50099,1853
50100,1866
50101,1869
50102,1872
50103,1872
50104,1872
50105,1867
50106,1866
50107,1862
50108,1856
50109,1857
50110,1857
50111,1858
50112,1857
50113,1860
50114,1849
50115,1845
50116,1857
50117,1869
50118,1864
50119,1872
50120,1872
50121,1872
50122,1867
50123,1859
50124,1847
50125,1845
50126,1849
50127,1846
50128,1847
50129,1849
50130,1847
50131,1843
50132,1845
50133,1857
50134,1867
50135,1872
50136,1873
50137,1874
50138,1867
50139,1869
50140,1859
50141,1856
50142,1856
50143,1855
50144,1859
50145,1861
50146,1860
50147,1854
50148,1844
50149,1851
50150,1861
50151,1867
50152,1872
50153,1879
50154,1872
50155,1866
50156,1861
50157,1856
50158,1852
50159,1852
50160,1856
50161,1861
50162,1861
50163,1861
50164,1853
50165,1845
50166,1855
50167,1866
50168,1872
50169,1875
50170,1875
50171,1872
50172,1866
50173,1865
50174,1856
50175,1855
50176,1856
50177,1856
50178,1860
50179,1862
50180,1858
50181,1849
50182,1847
50183,1863
50184,1869
50185,1867
50186,1872
50187,1871
50188,1866
50189,1869
50190,1867
50191,1857
50192,1855
50193,1856
50194,1856
50195,1856
50196,1858
50197,1855
50198,1843
50199,1851
50200,1863
50201,1869
50202,1872
50203,1873
50204,1873
50205,1871
50206,1865
50207,1859
50208,1857
50209,1859
50210,1856
50211,1858
50212,1858
50213,1862
50214,1854
50215,1840
50216,1854
50217,1859
50218,1863
50219,1874
50220,1875
50221,1873
50222,1867
50223,1865
50224,1857
50225,1856
50226,1856
50227,1856
50228,1858
50229,1858
50230,1857
50231,1851
50232,1847
50233,1862
50234,1870
50235,1872
50236,1878
50237,1875
50238,1866
50239,1867
50240,1865
50241,1859
50242,1856
50243,1856
50244,1857
50245,1854
50246,1856
50247,1850
50248,1843
50249,1849
50250,1857
50251,1870
50252,1873
50253,1877
50254,1876
50255,1872
50256,1866
50257,1860
50258,1857
50259,1857
50260,1856
50261,1859
50262,1857
50263,1858
50264,1851
50265,1845
50266,1857
50267,1867
50268,1868
50269,1871
50270,1873
50271,1872
50272,1870
50273,1867
50274,1858
50275,1850
50276,1848
50277,1843
50278,1851
50279,1851
50280,1856
50281,1846
50282,1846
50283,1859
50284,1867
50285,1872
50286,1872
50287,1872
50288,1872
50289,1867
50290,1862
50291,1856
50292,1855
50293,1856
50294,1856
50295,1858
50296,1858
50297,1854
50298,1845
50299,1852
50300,1861
50301,1868
50302,1872
50303,1872
50304,1872
50305,1861
50306,1858
50307,1856
50308,1846
50309,1855
50310,1856
50311,1857
50312,1860
50313,1861
50314,1854
50315,1847
50316,1858
50317,1867
50318,1867
50319,1873
50320,1873
50321,1874
50322,1870
50323,1867
50324,1858
50325,1856
50326,1858
50327,1858
50328,1859
50329,1859
50330,1861
50331,1851
50332,1847
50333,1858
50334,1871
50335,1868
50336,1872
50337,1872
50338,1869
50339,1863
50340,1858
50341,1857
50342,1856
50343,1857
50344,1857
50345,1858
50346,1859
50347,1856
50348,2111
50349,378
50350,1893
50351,2389
50352,2478
50353,2448
50354,2416
50355,2323
50356,2224
50357,2096
50358,1970
50359,1840
50360,1520
50361,1167
50362,1114
50363,1328
50364,1595
50365,1741
50366,1805
50367,1827
50368,1828
50369,1840
50370,1854
50371,1856
50372,1854
50373,1869
50374,1871
50375,1871
50376,1875
50377,1879
50378,1887
50379,1904
50380,300
50381,1839
50382,2457
50383,2558
50384,2523
50385,2448
50386,2337
50387,2202
50388,1991
50389,1808
50390,1489
50391,1175
50392,1121
50393,1384
50394,1682
50395,1823
50396,1862
50397,1856
50398,1840
50399,1850
50400,1868
50401,1869
50402,1857
50403,1871
50404,1874
50405,1876
50406,1875
50407,1873
50408,1872
50409,1878
50410,1887
50411,279
50412,1827
50413,2615
50414,2752
50415,2657
50416,2500
50417,2355
50418,2107
50419,1805
50420,1535
50421,1189
50422,990
50423,1210
50424,1589
50425,1782
50426,1843
50427,1859
50428,1863
50429,1849
50430,1840
50431,1819
50432,1806
50433,1819
50434,1856
50435,1882
50436,1906
50437,1909
50438,1904
50439,1909
50440,1911
50441,1911
50442,349
50443,1712
50444,2605
50445,2823
50446,2762
50447,2598
50448,2419
50449,1999
50450,1694
50451,1390
50452,1023
50453,973
50454,1375
50455,1667
50456,1805
50457,1853
50458,1867
50459,1859
50460,1842
50461,1823
50462,1783
50463,1773
50464,1803
50465,1854
50466,1921
50467,1963
50468,1936
50469,1930
50470,1934
50471,1933
50472,1920
50473,595
50474,1502
50475,2487
50476,2862
50477,2879
50478,2738
50479,2480
50480,1907
50481,1631
50482,1287
50483,859
50484,1007
50485,1426
50486,1687
50487,1815
50488,1867
50489,1875
50490,1863
50491,1846
50492,1821
50493,1799
50494,1811
50495,1842
50496,1872
50497,1888
50498,1893
50499,1904
50500,1915
50501,1920
50502,1932
50503,1936
50504,873
50505,1360
50506,2475
50507,3007
50508,3099
50509,2911
50510,2437
50511,1739
50512,1513
50513,1115
50514,714
50515,1008
50516,1466
50517,1715
50518,1821
50519,1876
50520,1888
50521,1875
50522,1853
50523,1833
50524,1824
50525,1842
50526,1871
50527,1890
50528,1908
50529,1920
50530,1921
50531,1909
50532,1904
50533,1925
50534,1931
50535,1023
50536,1328
50537,2523
50538,3194
50539,3329
50540,3044
50541,2327
50542,1632
50543,1456
50544,864
50545,629
50546,1094
50547,1503
50548,1693
50549,1795
50550,1855
50551,1871
50552,1864
50553,1847
50554,1840
50555,1856
50556,1890
50557,1919
50558,1911
50559,1921
50560,1923
50561,1927
50562,1920
50563,1899
50564,1878
50565,1889
50566,1719
50567,999
50568,2403
50569,3285
50570,3559
50571,3178
50572,2339
50573,1535
50574,1344
50575,782
50576,642
50577,1108
50578,1495
50579,1698
50580,1803
50581,1842
50582,1840
50583,1847
50584,1840
50585,1855
50586,1885
50587,1914
50588,1923
50589,1904
50590,1947
50591,1967
50592,1927
50593,1913
50594,1920
50595,1925
50596,1917
50597,1997
50598,891
50599,2304
50600,3254
50601,3658
50602,3277
50603,2337
50604,1584
50605,1275
50606,643
50607,642
50608,1140
50609,1513
50610,1702
50611,1808
50612,1847
50613,1854
50614,1840
50615,1819
50616,1840
50617,1873
50618,1922
50619,2000
50620,2027
50621,2032
50622,1975
50623,1904
50624,1827
50625,1799
50626,1856
50627,1893
50628,2782
50629,605
50630,2107
50631,3041
50632,3601
50633,3344
50634,2497
50635,1680
50636,1297
50637,669
50638,656
50639,1139
50640,1501
50641,1705
50642,1804
50643,1846
50644,1855
50645,1857
50646,1853
50647,1855
50648,1870
50649,1901
50650,1933
50651,1950
50652,1957
50653,1954
50654,1933
50655,1926
50656,1930
50657,1929
50658,1918
50659,2559
50660,502
50661,2032
50662,2970
50663,3583
50664,3328
50665,2512
50666,1709
50667,1262
50668,654
50669,674
50670,1159
50671,1520
50672,1713
50673,1808
50674,1841
50675,1854
50676,1874
50677,1872
50678,1873
50679,1883
50680,1918
50681,1922
50682,1923
50683,1915
50684,1925
50685,1940
50686,1955
50687,1963
50688,1936
50689,1906
50690,1987
50691,293
50692,1872
50693,2845
50694,3605
50695,3424
50696,2687
50697,1795
50698,1296
50699,671
50700,627
50701,1104
50702,1467
50703,1685
50704,1802
50705,1843
50706,1861
50707,1870
50708,1867
50709,1866
50710,1872
50711,1893
50712,1911
50713,1920
50714,1922
50715,1923
50716,1939
50717,1950
50718,1946
50719,1939
50720,1936
50721,1936
50722,260
50723,1830
50724,2807
50725,3626
50726,3461
50727,2766
50728,1883
50729,1338
50730,647
50731,549
50732,1034
50733,1425
50734,1658
50735,1782
50736,1842
50737,1871
50738,1875
50739,1879
50740,1872
50741,1876
50742,1889
50743,1907
50744,1923
50745,1933
50746,1965
50747,1951
50748,1915
50749,1909
50750,1923
50751,1930
50752,1930
50753,345
50754,1679
50755,2694
50756,3583
50757,3522
50758,2886
50759,2022
50760,1437
50761,714
50762,503
50763,971
50764,1379
50765,1616
50766,1759
50767,1827
50768,1857
50769,1877
50770,1871
50771,1856
50772,1870
50773,1909
50774,1949
50775,1994
50776,2002
50777,1986
50778,1959
50779,1918
50780,1879
50781,1855
50782,1840
50783,1863
50784,400
50785,1584
50786,2615
50787,3531
50788,3495
50789,2905
50790,2034
50791,1453
50792,830
50793,630
50794,1022
50795,1392
50796,1618
50797,1742
50798,1795
50799,1837
50800,1863
50801,1863
50802,1858
50803,1878
50804,1916
50805,1952
50806,1953
50807,1936
50808,1948
50809,1962
50810,1949
50811,1934
50812,1904
50813,1903
50814,1904
50815,706
50816,1379
50817,2487
50818,3479
50819,3575
50820,3034
50821,2160
50822,1526
50823,879
50824,548
50825,931
50826,1341
50827,1589
50828,1741
50829,1808
50830,1845
50831,1853
50832,1840
50833,1842
50834,1869
50835,1907
50836,1936
50837,1942
50838,1944
50839,1963
50840,1958
50841,1939
50842,1934
50843,1934
50844,1926
50845,1918
50846,823
50847,1325
50848,2450
50849,3445
50850,3552
50851,3029
50852,2193
50853,1555
50854,898
50855,509
50856,871
50857,1303
50858,1574
50859,1729
50860,1807
50861,1841
50862,1863
50863,1857
50864,1840
50865,1842
50866,1889
50867,1953
50868,2012
50869,2041
50870,2054
50871,2032
50872,1982
50873,1910
50874,1835
50875,1794
50876,1818
50877,1166
50878,1125
50879,2323
50880,3334
50881,3547
50882,3041
50883,2258
50884,1626
50885,1017
50886,629
50887,903
50888,1279
50889,1535
50890,1705
50891,1779
50892,1822
50893,1850
50894,1843
50895,1840
50896,1870
50897,1915
50898,1969
50899,2002
50900,2000
50901,1981
50902,1932
50903,1901
50904,1891
50905,1889
50906,1891
50907,1893
50908,1724
50909,967
50910,2274
50911,3282
50912,3579
50913,3123
50914,2383
50915,1701
50916,1056
50917,543
50918,791
50919,1257
50920,1554
50921,1715
50922,1796
50923,1831
50924,1847
50925,1840
50926,1839
50927,1855
50928,1899
50929,1926
50930,1936
50931,1918
50932,1927
50933,1976
50934,1964
50935,1936
50936,1935
50937,1938
50938,1931
50939,2735
50940,695
50941,2136
50942,3166
50943,3641
50944,3213
50945,2511
50946,1822
50947,1145
50948,511
50949,693
50950,1178
50951,1501
50952,1693
50953,1792
50954,1829
50955,1840
50956,1820
50957,1805
50958,1839
50959,1914
50960,1936
50961,1921
50962,1922
50963,1937
50964,1924
50965,1907
50966,1921
50967,1931
50968,1935
50969,1936
50970,1934
50971,1927
50972,1919
50973,1910
50974,1898
50975,1889
50976,1887
50977,1884
50978,1886
50979,1877
50980,1875
50981,1869
50982,1860
50983,1869
50984,1872
50985,1876
50986,1878
50987,1879
50988,1872
50989,1867
50990,1870
50991,1859
50992,1856
50993,1856
50994,1858
50995,1856
50996,1854
50997,1850
50998,1842
50999,1853
51000,1861
51001,1871
51002,1873
51003,1875
51004,1872
51005,1871
51006,1865
51007,1861
51008,1855
51009,1852
51010,1849
51011,1853
51012,1856
51013,1859
51014,1853
51015,1849
51016,1854
51017,1859
51018,1859
51019,1871
51020,1872
51021,1871
51022,1865
51023,1862
51024,1856
51025,1847
51026,1847
51027,1846
51028,1850
51029,1849
51030,1846
51031,1847
51032,1845
51033,1856
51034,1864
51035,1870
51036,1872
51037,1872
51038,1863
51039,1865
51040,1861
51041,1856
51042,1854
51043,1854
51044,1854
51045,1856
51046,1854
51047,1849
51048,1843
51049,1847
51050,1855
51051,1861
51052,1868
51053,1872
51054,1872
51055,1862
51056,1859
51057,1856
51058,1851
51059,1854
51060,1855
51061,1861
51062,1861
51063,1863
51064,1856
51065,1851
51066,1858
51067,1867
51068,1871
51069,1872
51070,1872
51071,1872
51072,1869
51073,1867
51074,1858
51075,1856
51076,1858
51077,1855
51078,1858
51079,1856
51080,1856
51081,1850
51082,1847
51083,1859
51084,1868
51085,1867
51086,1869
51087,1871
51088,1863
51089,1870
51090,1869
51091,1857
51092,1857
51093,1858
51094,1856
51095,1861
51096,1863
51097,1860
51098,1851
51099,1850
51100,1861
51101,1872
51102,1876
51103,1883
51104,1877
51105,1867
51106,1861
51107,1856
51108,1853
51109,1858
51110,1861
51111,1869
51112,1856
51113,1856
51114,1851
51115,1838
51116,1840
51117,1856
51118,1867
51119,1884
51120,1875
51121,1872
51122,1869
51123,1863
51124,1858
51125,1856
51126,1858
51127,1863
51128,1872
51129,1866
51130,1854
51131,1838
51132,1840
51133,1863
51134,1872
51135,1872
51136,1872
51137,1872
51138,1869
51139,1870
51140,1872
51141,1872
51142,1866
51143,1853
51144,1846
51145,1850
51146,1851
51147,1854
51148,1842
51149,1846
51150,1855
51151,1868
51152,1874
51153,1877
51154,1875
51155,1873
51156,1871
51157,1862
51158,1857
51159,1861
51160,1859
51161,1857
51162,1861
51163,1861
51164,1856
51165,1847
51166,1856
51167,1865
51168,1871
51169,1872
51170,1873
51171,1872
51172,1870
51173,1866
51174,1858
51175,1852
51176,1855
51177,1854
51178,1856
51179,1856
51180,1860
51181,1853
51182,1850
51183,1863
51184,1870
51185,1872
51186,1873
51187,1874
51188,1872
51189,1869
51190,1866
51191,1861
51192,1859
51193,1858
51194,1856
51195,1861
51196,1861
51197,1856
51198,1853
51199,1853
51200,1863
51201,1870
51202,1873
51203,1878
51204,1873
51205,1869
51206,1859
51207,1856
51208,1849
51209,1855
51210,1856
51211,1857
51212,1858
51213,1860
51214,1854
51215,1846
51216,1859
51217,1870
51218,1869
51219,1875
51220,1878
51221,1874
51222,1869
51223,1865
51224,1859
51225,1856
51226,1856
51227,1857
51228,1861
51229,1858
51230,1860
51231,1852
51232,1850
51233,1859
51234,1870
51235,1866
51236,1871
51237,1870
51238,1867
51239,1862
51240,1857
51241,1858
51242,1857
51243,1859
51244,1857
51245,1859
51246,1856
51247,1854
51248,1847
51249,1850
51250,1860
51251,1866
51252,1871
51253,1872
51254,1872
51255,1871
51256,1863
51257,1859
51258,1856
51259,1859
51260,1869
51261,1865
51262,1865
51263,1860
51264,1845
51265,1834
51266,1839
51267,1854
51268,1861
51269,1866
51270,1873
51271,1872
51272,1863
51273,1855
51274,1853
51275,1851
51276,1854
51277,1857
51278,1858
51279,1856
51280,1857
51281,1849
51282,1845
51283,1856
51284,1862
51285,1871
51286,1873
51287,1874
51288,1872
51289,1865
51290,1862
51291,1856
51292,1854
51293,1856
51294,1855
51295,1853
51296,1855
51297,1850
51298,1842
51299,1852
51300,1860
51301,1862
51302,1867
51303,1872
51304,1872
51305,1871
51306,1868
51307,1859
51308,1856
51309,1854
51310,1853
51311,1855
51312,1857
51313,1857
51314,1853
51315,1849
51316,1856
51317,1862
51318,1861
51319,1872
51320,1873
51321,1871
51322,1865
51323,1863
51324,1856
51325,1847
51326,1850
51327,1852
51328,1854
51329,1853
51330,1851
51331,1851
51332,1847
51333,1858
51334,1873
51335,1873
51336,1878
51337,1871
51338,1858
51339,1859
51340,1859
51341,1856
51342,1853
51343,1856
51344,1853
51345,1858
51346,1857
51347,1857
51348,1851
51349,1854
51350,1863
51351,1867
51352,1872
51353,1877
51354,1882
51355,1873
51356,1871
51357,1862
51358,1847
51359,1843
51360,1846
51361,1856
51362,1857
51363,1856
51364,1849
51365,1840
51366,1846
51367,1861
51368,1870
51369,1873
51370,1876
51371,1874
51372,1870
51373,1871
51374,1861
51375,1856
51376,1862
51377,1866
51378,1871
51379,1871
51380,1863
51381,1851
51382,1843
51383,1854
51384,1859
51385,1866
51386,1872
51387,1869
51388,1865
51389,1868
51390,1867
51391,1856
51392,1856
51393,1857
51394,1856
51395,1858
51396,1861
51397,1856
51398,1851
51399,1854
51400,1861
51401,1867
51402,1872
51403,1876
51404,1878
51405,1872
51406,1870
51407,1861
51408,1856
51409,1856
51410,1857
51411,1857
51412,1858
51413,1859
51414,1853
51415,1841
51416,1853
51417,1857
51418,1861
51419,1872
51420,1873
51421,1870
51422,1866
51423,1862
51424,1856
51425,1855
51426,1857
51427,1857
51428,1866
51429,1867
51430,1865
51431,1855
51432,1847
51433,1854
51434,1852
51435,1857
51436,1867
51437,1872
51438,1863
51439,1866
51440,1864
51441,1862
51442,1856
51443,1857
51444,1856
51445,1855
51446,1857
51447,1854
51448,1851
51449,1853
51450,1854
51451,1859
51452,1861
51453,1867
51454,1869
51455,1869
51456,1863
51457,1856
51458,1850
51459,1855
51460,1856
51461,1861
51462,1859
51463,1859
51464,1855
51465,1847
51466,1856
51467,1861
51468,1869
51469,1872
51470,1872
51471,1872
51472,1869
51473,1866
51474,1859
51475,1848
51476,1853
51477,1849
51478,1854
51479,1854
51480,1860
51481,1851
51482,1851
51483,1863
51484,1867
51485,1872
51486,1873
51487,1875
51488,1875
51489,1872
51490,1863
51491,1859
51492,1854
51493,1855
51494,1855
51495,1860
51496,1865
51497,1861
51498,1850
51499,1851
51500,1859
51501,1862
51502,1870
51503,1872
51504,1867
51505,1856
51506,1856
51507,1856
51508,1853
51509,1857
51510,1857
51511,1857
51512,1856
51513,1853
51514,1846
51515,1840
51516,1855
51517,1859
51518,1861
51519,1875
51520,1885
51521,1886
51522,1869
51523,1857
51524,1843
51525,1840
51526,1854
51527,1850
51528,1855
51529,1858
51530,1856
51531,1852
51532,1843
51533,1856
51534,1862
51535,1862
51536,1869
51537,1872
51538,1869
51539,1865
51540,1856
51541,1851
51542,1856
51543,1857
51544,1855
51545,1858
51546,1858
51547,1856
51548,1846
51549,1846
51550,1859
51551,1866
51552,1868
51553,1872
51554,1872
51555,1870
51556,1865
51557,1859
51558,1855
51559,1858
51560,1856
51561,1857
51562,1857
51563,1859
51564,1851
51565,1838
51566,1842
51567,1848
51568,1858
51569,1871
51570,1874
51571,1872
51572,1870
51573,1866
51574,1858
51575,1855
51576,1861
51577,1855
51578,1861
51579,1863
51580,1860
51581,1849
51582,1840
51583,1857
51584,1865
51585,1871
51586,1872
51587,1874
51588,1872
51589,1871
51590,1869
51591,1861
51592,1866
51593,1870
51594,1863
51595,1855
51596,1842
51597,1833
51598,1825
51599,1837
51600,1850
51601,1859
51602,1869
51603,1872
51604,1872
51605,1871
51606,1869
51607,1863
51608,1858
51609,1859
51610,1856
51611,1859
51612,1857
51613,1859
51614,1852
51615,1843
51616,1853
51617,1862
51618,1859
51619,1872
51620,1873
51621,1872
51622,1867
51623,1863
51624,1859
51625,1845
51626,1851
51627,1850
51628,1854
51629,1851
51630,1852
51631,1851
51632,1843
51633,1856
51634,1863
51635,1870
51636,1872
51637,1872
51638,1870
51639,1856
51640,1861
51641,1855
51642,1852
51643,1855
51644,1855
51645,1859
51646,1860
51647,1856
51648,1843
51649,1846
51650,1859
51651,1867
51652,1872
51653,1872
51654,1872
51655,1863
51656,1859
51657,1857
51658,1854
51659,1856
51660,1856
51661,1858
51662,1856
51663,1855
51664,1850
51665,1845
51666,1854
51667,1861
51668,1867
51669,1871
51670,1872
51671,1871
51672,1869
51673,1867
51674,1859
51675,1858
51676,1859
51677,1860
51678,1866
51679,1862
51680,1857
51681,1851
51682,1853
51683,1863
51684,1871
51685,1869
51686,1869
51687,1865
51688,1861
51689,1859
51690,1859
51691,1856
51692,1855
51693,1856
51694,1856
51695,1858
51696,1860
51697,1856
51698,1852
51699,1855
51700,1863
51701,1870
51702,1873
51703,1877
51704,1872
51705,1872
51706,1866
51707,1862
51708,1859
51709,1859
51710,1858
51711,1856
51712,1862
51713,1861
51714,1856
51715,1847
51716,1850
51717,1860
51718,1865
51719,1865
51720,1870
51721,1867
51722,1862
51723,1867
51724,1858
51725,1856
51726,1856
51727,1856
51728,1859
51729,1856
51730,1857
51731,1853
51732,1847
51733,1859
51734,1869
51735,1871
51736,1874
51737,1872
51738,1863
51739,1861
51740,1861
51741,1855
51742,1850
51743,1853
51744,1853
51745,1853
51746,1851
51747,1850
51748,1842
51749,1842
51750,1854
51751,1863
51752,1872
51753,1872
51754,1872
51755,1866
51756,1867
51757,1863
51758,1856
51759,1856
51760,1856
51761,1858
51762,1859
51763,1859
51764,1854
51765,1846
51766,1851
51767,1862
51768,1869
51769,1873
51770,1873
51771,1872
51772,1868
51773,1866
51774,1858
51775,1846
51776,1852
51777,1846
51778,1852
51779,1850
51780,1857
51781,1851
51782,1844
51783,1857
51784,1863
51785,1867
51786,1872
51787,1872
51788,1872
51789,1870
51790,1867
51791,1856
51792,1856
51793,1857
51794,1855
51795,1860
51796,1859
51797,1857
51798,1849
51799,1850
51800,1859
51801,1871
51802,1872
51803,1874
51804,1874
51805,1863
51806,1859
51807,1855
51808,1852
51809,1857
51810,1857
51811,1857
51812,1859
51813,1860
51814,1853
51815,1845
51816,1853
51817,1859
51818,1868
51819,1865
51820,1873
51821,1872
51822,1867
51823,1863
51824,1859
51825,1856
51826,1859
51827,1858
51828,1858
51829,1859
51830,1857
51831,1849
51832,1846
51833,1856
51834,1863
51835,1858
51836,1869
51837,1867
51838,1863
51839,1857
51840,1856
51841,1856
51842,1853
51843,1854
51844,1852
51845,1856
51846,1856
51847,1855
51848,1845
51849,1851
51850,1862
51851,1865
51852,1868
51853,1872
51854,1872
51855,1869
51856,1861
51857,1858
51858,1856
51859,1856
51860,1853
51861,1856
51862,1858
51863,1858
51864,1854
51865,1840
51866,1847
51867,1855
51868,1856
51869,1863
51870,1872
51871,1872
51872,1870
51873,1863
51874,1858
51875,1855
51876,1856
51877,1856
51878,1858
51879,1858
51880,1856
51881,1849
51882,1843
51883,1855
51884,1859
51885,1866
51886,1872
51887,1872
51888,1871
51889,1869
51890,1865
51891,1858
51892,1857
51893,1856
51894,1857
51895,1856
51896,1854
51897,1851
51898,1840
51899,1847
51900,1859
51901,1866
51902,1872
51903,1871
51904,1872
51905,1870
51906,1865
51907,1862
51908,1854
51909,1855
51910,1855
51911,1856
51912,1856
51913,1856
51914,1851
51915,1845
51916,1851
51917,1859
51918,1861
51919,1871
51920,1872
51921,1871
51922,1866
51923,1865
51924,1860
51925,1849
51926,1854
51927,1849
51928,1855
51929,1855
51930,1853
51931,1851
51932,1845
51933,1857
51934,1864
51935,1870
51936,1871
51937,1872
51938,1866
51939,1867
51940,1865
51941,1858
51942,1856
51943,1858
51944,1856
51945,1858
51946,1859
51947,1859
51948,1850
51949,1850
51950,1860
51951,1867
51952,1870
51953,1872
51954,1872
51955,1867
51956,1866
51957,1865
51958,1856
51959,1856
51960,1858
51961,1854
51962,1854
51963,1856
51964,1849
51965,1518
51966,1021
51967,2090
51968,2476
51969,2586
51970,2559
51971,2503
51972,2414
51973,2318
51974,2150
51975,1937
51976,1757
51977,1488
51978,1178
51979,1015
51980,1163
51981,1433
51982,1616
51983,1725
51984,1763
51985,1778
51986,1803
51987,1840
51988,1866
51989,1883
51990,1891
51991,1888
51992,1893
51993,1892
51994,1878
51995,1872
51996,1856
51997,946
51998,2042
51999,2469
52000,2634
52001,2633
52002,2559
52003,2485
52004,2302
52005,1999
52006,1744
52007,1443
52008,1136
52009,1009
52010,1207
52011,1535
52012,1746
52013,1817
52014,1821
52015,1804
52016,1803
52017,1834
52018,1871
52019,1904
52020,1924
52021,1936
52022,1936
52023,1935
52024,1924
52025,1910
52026,1902
52027,2591
52028,770
52029,2000
52030,2402
52031,2545
52032,2528
52033,2483
52034,2416
52035,2175
52036,1931
52037,1731
52038,1450
52039,1180
52040,1194
52041,1485
52042,1715
52043,1808
52044,1837
52045,1836
52046,1823
52047,1814
52048,1821
52049,1841
52050,1870
52051,1898
52052,1909
52053,1920
52054,1920
52055,1916
52056,1909
52057,1911
52058,2409
52059,499
52060,1918
52061,2355
52062,2602
52063,2593
52064,2513
52065,2338
52066,1987
52067,1825
52068,1647
52069,1360
52070,1162
52071,1341
52072,1632
52073,1779
52074,1825
52075,1827
52076,1834
52077,1835
52078,1833
52079,1841
52080,1861
52081,1897
52082,1920
52083,1935
52084,1935
52085,1929
52086,1911
52087,1894
52088,1882
52089,2160
52090,379
52091,1885
52092,2477
52093,2800
52094,2802
52095,2689
52096,2290
52097,1894
52098,1698
52099,1419
52100,1067
52101,1017
52102,1377
52103,1658
52104,1775
52105,1810
52106,1826
52107,1833
52108,1829
52109,1836
52110,1852
52111,1872
52112,1885
52113,1908
52114,1917
52115,1907
52116,1914
52117,1917
52118,1920
52119,1923
52120,1958
52121,272
52122,1861
52123,2559
52124,2949
52125,2979
52126,2805
52127,2222
52128,1779
52129,1579
52130,1205
52131,820
52132,1041
52133,1454
52134,1667
52135,1775
52136,1823
52137,1840
52138,1840
52139,1836
52140,1843
52141,1863
52142,1882
52143,1901
52144,1914
52145,1934
52146,1936
52147,1923
52148,1904
52149,1904
52150,1915
52151,1920
52152,270
52153,1715
52154,2519
52155,3018
52156,3122
52157,2928
52158,2227
52159,1720
52160,1477
52161,1072
52162,777
52163,1116
52164,1472
52165,1666
52166,1781
52167,1828
52168,1843
52169,1855
52170,1861
52171,1877
52172,1894
52173,1911
52174,1921
52175,1922
52176,1927
52177,1918
52178,1913
52179,1919
52180,1923
52181,1918
52182,1910
52183,400
52184,1607
52185,2706
52186,3409
52187,3505
52188,3036
52189,2111
52190,1535
52191,1250
52192,737
52193,647
52194,1136
52195,1505
52196,1695
52197,1780
52198,1807
52199,1825
52200,1840
52201,1837
52202,1846
52203,1875
52204,1904
52205,1926
52206,1935
52207,1929
52208,1919
52209,1911
52210,1906
52211,1919
52212,1921
52213,1923
52214,499
52215,1535
52216,2665
52217,3440
52218,3598
52219,3086
52220,2071
52221,1478
52222,1179
52223,625
52224,683
52225,1206
52226,1535
52227,1712
52228,1795
52229,1826
52230,1841
52231,1848
52232,1841
52233,1854
52234,1877
52235,1941
52236,2000
52237,2036
52238,2017
52239,1966
52240,1901
52241,1838
52242,1810
52243,1843
52244,1867
52245,731
52246,1377
52247,2512
52248,3321
52249,3650
52250,3182
52251,2133
52252,1535
52253,1193
52254,636
52255,765
52256,1233
52257,1535
52258,1712
52259,1791
52260,1821
52261,1851
52262,1862
52263,1859
52264,1845
52265,1851
52266,1885
52267,1915
52268,1941
52269,1968
52270,1968
52271,1962
52272,1945
52273,1926
52274,1906
52275,1907
52276,1059
52277,1234
52278,2406
52279,3228
52280,3665
52281,3246
52282,2192
52283,1575
52284,1166
52285,604
52286,779
52287,1249
52288,1535
52289,1712
52290,1799
52291,1831
52292,1848
52293,1857
52294,1863
52295,1869
52296,1879
52297,1890
52298,1901
52299,1941
52300,1979
52301,1980
52302,1967
52303,1936
52304,1904
52305,1872
52306,1866
52307,1817
52308,934
52309,2255
52310,3108
52311,3648
52312,3314
52313,2327
52314,1618
52315,1189
52316,619
52317,766
52318,1215
52319,1525
52320,1710
52321,1800
52322,1840
52323,1861
52324,1867
52325,1866
52326,1872
52327,1878
52328,1904
52329,1921
52330,1923
52331,1931
52332,1937
52333,1943
52334,1937
52335,1935
52336,1931
52337,1927
52338,2502
52339,757
52340,2171
52341,3054
52342,3707
52343,3395
52344,2386
52345,1631
52346,1193
52347,625
52348,769
52349,1220
52350,1520
52351,1701
52352,1795
52353,1839
52354,1847
52355,1853
52356,1851
52357,1844
52358,1840
52359,1872
52360,1904
52361,1953
52362,1986
52363,1987
52364,1957
52365,1927
52366,1910
52367,1885
52368,1871
52369,2720
52370,564
52371,2055
52372,2929
52373,3583
52374,3374
52375,2518
52376,1712
52377,1237
52378,685
52379,764
52380,1194
52381,1494
52382,1680
52383,1778
52384,1826
52385,1857
52386,1873
52387,1878
52388,1883
52389,1903
52390,1920
52391,1925
52392,1920
52393,1973
52394,1968
52395,1937
52396,1925
52397,1905
52398,1889
52399,1899
52400,2496
52401,463
52402,2010
52403,2903
52404,3582
52405,3367
52406,2521
52407,1701
52408,1234
52409,669
52410,773
52411,1217
52412,1508
52413,1684
52414,1776
52415,1827
52416,1860
52417,1877
52418,1873
52419,1889
52420,1893
52421,1904
52422,1917
52423,1949
52424,1974
52425,1982
52426,1973
52427,1942
52428,1917
52429,1886
52430,1869
52431,2069
52432,304
52433,1911
52434,2822
52435,3555
52436,3414
52437,2559
52438,1744
52439,1287
52440,718
52441,765
52442,1174
52443,1478
52444,1668
52445,1769
52446,1826
52447,1855
52448,1866
52449,1877
52450,1887
52451,1889
52452,1905
52453,1926
52454,1932
52455,1936
52456,1939
52457,1945
52458,1943
52459,1936
52460,1918
52461,1913
52462,1914
52463,208
52464,1749
52465,2711
52466,3524
52467,3536
52468,2746
52469,1786
52470,1339
52471,747
52472,699
52473,1114
52474,1431
52475,1648
52476,1763
52477,1824
52478,1856
52479,1870
52480,1878
52481,1873
52482,1872
52483,1881
52484,1888
52485,1920
52486,2000
52487,2011
52488,1987
52489,1955
52490,1924
52491,1898
52492,1872
52493,1872
52494,304
52495,1621
52496,2641
52497,3491
52498,3568
52499,2835
52500,1840
52501,1364
52502,801
52503,715
52504,1100
52505,1413
52506,1623
52507,1746
52508,1811
52509,1846
52510,1866
52511,1879
52512,1884
52513,1887
52514,1893
52515,1904
52516,1926
52517,1946
52518,1945
52519,1941
52520,1939
52521,1936
52522,1931
52523,1929
52524,1928
52525,371
52526,1587
52527,2589
52528,3374
52529,3518
52530,2890
52531,1882
52532,1385
52533,799
52534,688
52535,1102
52536,1443
52537,1645
52538,1743
52539,1814
52540,1856
52541,1873
52542,1890
52543,1899
52544,1901
52545,1901
52546,1914
52547,1936
52548,1946
52549,1946
52550,1939
52551,1934
52552,1917
52553,1897
52554,1886
52555,1889
52556,679
52557,1374
52558,2489
52559,3366
52560,3648
52561,3010
52562,1952
52563,1425
52564,877
52565,677
52566,1063
52567,1395
52568,1606
52569,1729
52570,1803
52571,1845
52572,1869
52573,1885
52574,1890
52575,1893
52576,1904
52577,1957
52578,2007
52579,2020
52580,1988
52581,1923
52582,1844
52583,1804
52584,1845
52585,1884
52586,1897
52587,1904
52588,1904
52589,1907
52590,1910
52591,1905
52592,1904
52593,1903
52594,1898
52595,1895
52596,1890
52597,1885
52598,1877
52599,1877
52600,1877
52601,1875
52602,1872
52603,1872
52604,1867
52605,1862
52606,1862
52607,1865
52608,1863
52609,1867
52610,1866
52611,1868
52612,1865
52613,1865
52614,1861
52615,1854
52616,1856
52617,1856
52618,1854
52619,1861
52620,1859
52621,1856
52622,1859
52623,1859
52624,1860
52625,1860
52626,1862
52627,1861
52628,1865
52629,1866
52630,1870
52631,1869
52632,1858
52633,1850
52634,1855
52635,1857
52636,1858
52637,1856
52638,1858
52639,1854
52640,1854
52641,1855
52642,1855
52643,1857
52644,1856
52645,1859
52646,1857
52647,1856
52648,1854
52649,1855
52650,1857
52651,1859
52652,1859
52653,1859
52654,1857
52655,1856
52656,1856
52657,1857
52658,1858
52659,1859
52660,1860
52661,1861
52662,1859
52663,1856
52664,1855
52665,1856
52666,1861
52667,1859
52668,1857
52669,1856
52670,1861
52671,1860
52672,1863
52673,1863
52674,1863
52675,1855
52676,1858
52677,1858
52678,1857
52679,1856
52680,1857
52681,1858
52682,1857
52683,1863
52684,1857
52685,1859
52686,1859
52687,1859
52688,1856
52689,1860
52690,1859
52691,1862
52692,1859
52693,1867
52694,1863
52695,1866
52696,1862
52697,1861
52698,1857
52699,1858
52700,1865
52701,1863
52702,1869
52703,1872
52704,1870
52705,1847
52706,1843
52707,1852
52708,1854
52709,1864
52710,1863
52711,1866
52712,1863
52713,1861
52714,1859
52715,1859
52716,1863
52717,1862
52718,1855
52719,1862
52720,1859
52721,1862
52722,1862
52723,1863
52724,1863
52725,1866
52726,1867
52727,1866
52728,1866
52729,1863
52730,1867
52731,1858
52732,1859
52733,1863
52734,1859
52735,1855
52736,1855
52737,1855
52738,1855
52739,1855
52740,1856
52741,1856
52742,1862
52743,1865
52744,1862
52745,1868
52746,1861
52747,1857
52748,1855
52749,1857
52750,1862
52751,1858
52752,1856
52753,1857
52754,1861
52755,1861
52756,1861
52757,1865
52758,1862
52759,1867
52760,1863
52761,1866
52762,1867
52763,1866
52764,1858
52765,1855
52766,1858
52767,1858
52768,1857
52769,1857
52770,1862
52771,1862
52772,1863
52773,1859
52774,1862
52775,1864
52776,1867
52777,1866
52778,1867
52779,1866
52780,1863
52781,1858
52782,1857
52783,1865
52784,1863
52785,1865
52786,1863
52787,1863
52788,1860
52789,1861
52790,1863
52791,1866
52792,1869
52793,1868
52794,1865
52795,1860
52796,1856
52797,1856
52798,1855
52799,1860
52800,1861
52801,1859
52802,1856
52803,1853
52804,1854
52805,1855
52806,1856
52807,1863
52808,1861
52809,1860
52810,1861
52811,1861
52812,1859
52813,1861
52814,1856
52815,1856
52816,1859
52817,1866
52818,1866
52819,1861
52820,1858
52821,1856
52822,1856
52823,1857
52824,1860
52825,1855
52826,1854
52827,1850
52828,1857
52829,1861
52830,1861
52831,1862
52832,1863
52833,1869
52834,1866
52835,1863
52836,1863
52837,1865
52838,1861
52839,1867
52840,1863
52841,1868
52842,1885
52843,1890
52844,1882
52845,1873
52846,1866
52847,1853
52848,1838
52849,1834
52850,1837
52851,1837
52852,1851
52853,1858
52854,1859
52855,1855
52856,1859
52857,1865
52858,1859
52859,1847
52860,1856
52861,1862
52862,1865
52863,1866
52864,1861
52865,1859
52866,1867
52867,1872
52868,1865
52869,1863
52870,1863
52871,1861
52872,1859
52873,1861
52874,1862
52875,1865
52876,1866
52877,1863
52878,1861
52879,1862
52880,1862
52881,1858
52882,1854
52883,1861
52884,1861
52885,1857
52886,1857
52887,1856
52888,1855
52889,1861
52890,1861
52891,1859
52892,1863
52893,1869
52894,1867
52895,1870
52896,1867
52897,1862
52898,1859
52899,1857
52900,1862
52901,1859
52902,1856
52903,1861
52904,1856
52905,1856
52906,1859
52907,1862
52908,1858
52909,1862
52910,1863
52911,1863
52912,1862
52913,1866
52914,1860
52915,1851
52916,1856
52917,1855
52918,1855
52919,1859
52920,1858
52921,1860
52922,1857
52923,1858
52924,1859
52925,1864
52926,1865
52927,1865
52928,1866
52929,1862
52930,1861
52931,1856
52932,1856
52933,1865
52934,1861
52935,1858
52936,1857
52937,1855
52938,1863
52939,1856
52940,1861
52941,1860
52942,1862
52943,1866
52944,1862
52945,1857
52946,1857
52947,1857
52948,1851
52949,1851
52950,1856
52951,1862
52952,1857
52953,1860
52954,1859
52955,1861
52956,1861
52957,1865
52958,1858
52959,1862
52960,1862
52961,1866
52962,1865
52963,1861
52964,1859
52965,1855
52966,1859
52967,1861
52968,1861
52969,1860
52970,1859
52971,1859
52972,1861
52973,1858
52974,1862
52975,1856
52976,1857
52977,1861
52978,1860
52979,1859
52980,1866
52981,1859
52982,1862
52983,1865
52984,1863
52985,1859
52986,1861
52987,1863
52988,1861
52989,1861
52990,1861
52991,1861
52992,1861
52993,1867
52994,1865
52995,1863
52996,1862
52997,1860
52998,1858
52999,1863
53000,1868
53001,1863
53002,1861
53003,1862
53004,1859
53005,1851
53006,1853
53007,1857
53008,1855
53009,1863
53010,1863
53011,1863
53012,1861
53013,1863
53014,1858
53015,1856
53016,1859
53017,1860
53018,1843
53019,1859
53020,1861
53021,1861
53022,1858
53023,1863
53024,1863
53025,1861
53026,1867
53027,1866
53028,1865
53029,1857
53030,1860
53031,1856
53032,1855
53033,1857
53034,1861
53035,1854
53036,1849
53037,1849
53038,1853
53039,1856
53040,1856
53041,1855
53042,1863
53043,1862
53044,1862
53045,1865
53046,1862
53047,1861
53048,1858
53049,1859
53050,1865
53051,1861
53052,1859
53053,1858
53054,1856
53055,1855
53056,1857
53057,1857
53058,1856
53059,1858
53060,1861
53061,1862
53062,1867
53063,1862
53064,1857
53065,1855
53066,1855
53067,1857
53068,1855
53069,1861
53070,1858
53071,1858
53072,1857
53073,1858
53074,1858
53075,1859
53076,1861
53077,1859
53078,1863
53079,1861
53080,1863
53081,1858
53082,1858
53083,1861
53084,1863
53085,1860
53086,1862
53087,1859
53088,1859
53089,1859
53090,1861
53091,1859
53092,1863
53093,1863
53094,1865
53095,1861
53096,1859
53097,1857
53098,1853
53099,1859
53100,1863
53101,1860
53102,1857
53103,1858
53104,1855
53105,1856
53106,1855
53107,1862
53108,1858
53109,1858
53110,1861
53111,1860
53112,1859
53113,1858
53114,1856
53115,1855
53116,1858
53117,1859
53118,1857
53119,1858
53120,1859
53121,1856
53122,1855
53123,1856
53124,1858
53125,1852
53126,1857
53127,1855
53128,1859
53129,1856
53130,1858
53131,1857
53132,1858
53133,1866
53134,1866
53135,1859
53136,1859
53137,1860
53138,1841
53139,1857
53140,1861
53141,1861
53142,1860
53143,1862
53144,1866
53145,1865
53146,1861
53147,1861
53148,1858
53149,1861
53150,1867
53151,1861
53152,1863
53153,1862
53154,1859
53155,1855
53156,1855
53157,1857
53158,1855
53159,1856
53160,1866
53161,1865
53162,1869
53163,1865
53164,1859
53165,1857
53166,1859
53167,1863
53168,1862
53169,1861
53170,1858
53171,1858
53172,1856
53173,1861
53174,1863
53175,1863
53176,1868
53177,1867
53178,1867
53179,1861
53180,1861
53181,1856
53182,1857
53183,1863
53184,1861
53185,1853
53186,1855
53187,1851
53188,1851
53189,1856
53190,1859
53191,1856
53192,1859
53193,1862
53194,1859
53195,1863
53196,1861
53197,1861
53198,1857
53199,1858
53200,1860
53201,1860
53202,1859
53203,1859
53204,1857
53205,1858
53206,1856
53207,1860
53208,1859
53209,1862
53210,1862
53211,1866
53212,1865
53213,1862
53214,1859
53215,1850
53216,1855
53217,1855
53218,1851
53219,1856
53220,1857
53221,1857
53222,1861
53223,1861
53224,1860
53225,1861
53226,1863
53227,1862
53228,1861
53229,1861
53230,1860
53231,1856
53232,1858
53233,1861
53234,1859
53235,1861
53236,1858
53237,1861
53238,1857
53239,1858
53240,1861
53241,1860
53242,1863
53243,1864
53244,1860
53245,1857
53246,1856
53247,1856
53248,1849
53249,1851
53250,1855
53251,1859
53252,1859
53253,1860
53254,1857
53255,1857
53256,1859
53257,1865
53258,1862
53259,1862
53260,1863
53261,1865
53262,1866
53263,1866
53264,1859
53265,1857
53266,1859
53267,1861
53268,1859
53269,1860
53270,1862
53271,1861
53272,1862
53273,1862
53274,1862
53275,1856
53276,1858
53277,1856
53278,1859
53279,1856
53280,1860
53281,1858
53282,1856
53283,1862
53284,1866
53285,1859
53286,1859
53287,1862
53288,1858
53289,1859
53290,1865
53291,1863
53292,1865
53293,1865
53294,1862
53295,1863
53296,1862
53297,1861
53298,1859
53299,1859
53300,1863
53301,1863
53302,1862
53303,1862
53304,1861
53305,1854
53306,1856
53307,1856
53308,1856
53309,1857
53310,1863
53311,1862
53312,1860
53313,1863
53314,1859
53315,1856
53316,1862
53317,1861
53318,1856
53319,1857
53320,1857
53321,1857
53322,1857
53323,1859
53324,1860
53325,1859
53326,1865
53327,1863
53328,1863
53329,1863
53330,1861
53331,1859
53332,1858
53333,1866
53334,1865
53335,1857
53336,1856
53337,1855
53338,1854
53339,1855
53340,1856
53341,1855
53342,1862
53343,1866
53344,1862
53345,1866
53346,1861
53347,1861
53348,1856
53349,1858
53350,1863
53351,1859
53352,1862
53353,1860
53354,1857
53355,1862
53356,1861
53357,1862
53358,1862
53359,1863
53360,1866
53361,1866
53362,1863
53363,1862
53364,1857
53365,1850
53366,1853
53367,1856
53368,1853
53369,1853
53370,1856
53371,1859
53372,1858
53373,1859
53374,1863
53375,1860
53376,1866
53377,1859
53378,1867
53379,1859
53380,1861
53381,1857
53382,1857
53383,1860
53384,1856
53385,1857
53386,1856
53387,1858
53388,1858
53389,1857
53390,1862
53391,1859
53392,1861
53393,1862
53394,1861
53395,1857
53396,1856
53397,1854
53398,1849
53399,1857
53400,1863
53401,1861
53402,1859
53403,1861
53404,1856
53405,1855
53406,1858
53407,1862
53408,1862
53409,1860
53410,1862
53411,1862
53412,1865
53413,1865
53414,1862
53415,1859
53416,1865
53417,1863
53418,1856
53419,1862
53420,1859
53421,1860
53422,1863
53423,1865
53424,1861
53425,1856
53426,1858
53427,1859
53428,1861
53429,1859
53430,1857
53431,1862
53432,1861
53433,1865
53434,1862
53435,1859
53436,1862
53437,1858
53438,1860
53439,1859
53440,1860
53441,1866
53442,1862
53443,1863
53444,1862
53445,1864
53446,1865
53447,1863
53448,1858
53449,1862
53450,1862
53451,1862
53452,1861
53453,1859
53454,1858
53455,1853
53456,1853
53457,1857
53458,1858
53459,1859
53460,1863
53461,1865
53462,1865
53463,1865
53464,1858
53465,1856
53466,1860
53467,1859
53468,1858
53469,1858
53470,1857
53471,1858
53472,1859
53473,1861
53474,1863
53475,1863
53476,1865
53477,1861
53478,1863
53479,1859
53480,1863
53481,1858
53482,1858
53483,1861
53484,1858
53485,1852
53486,1851
53487,1854
53488,1853
53489,1854
53490,1862
53491,1862
53492,1862
53493,1867
53494,1868
53495,1867
53496,1867
53497,1863
53498,1861
53499,1862
53500,1867
53501,1863
53502,1859
53503,1862
53504,1861
53505,1860
53506,1861
53507,1865
53508,1861
53509,1867
53510,1863
53511,1863
53512,1862
53513,1861
53514,1858
53515,1853
53516,1854
53517,1858
53518,1854
53519,1859
53520,1859
53521,1861
53522,1859
53523,1861
53524,1863
53525,1866
53526,1865
53527,1866
53528,1866
53529,1863
53530,1865
53531,1859
53532,1859
53533,1862
53534,1861
53535,1856
53536,1855
53537,1856
53538,1859
53539,1860
53540,1861
53541,1863
53542,1863
53543,1869
53544,1865
53545,1859
53546,1858
53547,1856
53548,1856
53549,1856
53550,1856
53551,1859
53552,1860
53553,1861
53554,1861
53555,1859
53556,1861
53557,1865
53558,1863
53559,1867
53560,1869
53561,1867
53562,1867
53563,1865
53564,1860
53565,1857
53566,1861
53567,1861
53568,1859
53569,1856
53570,1857
53571,1856
53572,1856
53573,1861
53574,1861
53575,1854
53576,1857
53577,1856
53578,1859
53579,1855
53580,1861
53581,1858
53582,277
53583,1584
53584,2242
53585,2450
53586,2462
53587,2442
53588,2387
53589,2301
53590,2159
53591,1968
53592,1854
53593,1634
53594,1296
53595,1156
53596,1305
53597,1579
53598,1744
53599,1810
53600,1829
53601,1819
53602,1808
53603,1808
53604,1806
53605,1808
53606,1840
53607,1868
53608,1878
53609,1891
53610,1887
53611,1875
53612,1862
53613,541
53614,1424
53615,2321
53616,2667
53617,2678
53618,2601
53619,2464
53620,2283
53621,1972
53622,1753
53623,1535
53624,1213
53625,1023
53626,1226
53627,1562
53628,1774
53629,1851
53630,1870
53631,1861
53632,1862
53633,1854
53634,1840
53635,1838
53636,1857
53637,1867
53638,1873
53639,1882
53640,1897
53641,1920
53642,1923
53643,1919
53644,826
53645,1335
53646,2448
53647,2942
53648,2992
53649,2849
53650,2602
53651,2151
53652,1715
53653,1449
53654,1151
53655,827
53656,926
53657,1377
53658,1680
53659,1814
53660,1858
53661,1861
53662,1856
53663,1850
53664,1838
53665,1873
53666,1905
53667,1914
53668,1904
53669,1885
53670,1871
53671,1859
53672,1855
53673,1862
53674,1905
53675,1271
53676,1184
53677,2387
53678,2942
53679,3103
53680,2975
53681,2637
53682,1983
53683,1616
53684,1344
53685,961
53686,771
53687,1154
53688,1557
53689,1744
53690,1831
53691,1861
53692,1862
53693,1865
53694,1855
53695,1849
53696,1867
53697,1890
53698,1895
53699,1916
53700,1942
53701,1943
53702,1939
53703,1931
53704,1910
53705,1895
53706,1808
53707,981
53708,2283
53709,2938
53710,3218
53711,3124
53712,2669
53713,1901
53714,1567
53715,1258
53716,775
53717,798
53718,1285
53719,1585
53720,1731
53721,1811
53722,1846
53723,1856
53724,1855
53725,1837
53726,1841
53727,1859
53728,1893
53729,1915
53730,1918
53731,1924
53732,1934
53733,1930
53734,1920
53735,1905
53736,1887
53737,2290
53738,762
53739,2233
53740,3006
53741,3389
53742,3258
53743,2611
53744,1775
53745,1477
53746,1136
53747,651
53748,895
53749,1343
53750,1616
53751,1754
53752,1821
53753,1851
53754,1858
53755,1847
53756,1843
53757,1855
53758,1863
53759,1874
53760,1893
53761,1915
53762,1942
53763,1942
53764,1933
53765,1932
53766,1936
53767,1931
53768,2757
53769,567
53770,2154
53771,3041
53772,3573
53773,3376
53774,2630
53775,1699
53776,1408
53777,985
53778,592
53779,948
53780,1392
53781,1638
53782,1767
53783,1829
53784,1853
53785,1843
53786,1840
53787,1839
53788,1857
53789,1895
53790,1919
53791,1922
53792,1921
53793,1938
53794,1936
53795,1930
53796,1925
53797,1933
53798,1921
53799,2509
53800,505
53801,2139
53802,3061
53803,3721
53804,3493
53805,2599
53806,1600
53807,1305
53808,832
53809,591
53810,1006
53811,1419
53812,1655
53813,1775
53814,1827
53815,1840
53816,1854
53817,1857
53818,1857
53819,1872
53820,1889
53821,1905
53822,1917
53823,1932
53824,1935
53825,1921
53826,1930
53827,1936
53828,1936
53829,1933
53830,1984
53831,245
53832,1903
53833,2881
53834,3648
53835,3605
53836,2735
53837,1680
53838,1345
53839,857
53840,592
53841,994
53842,1407
53843,1648
53844,1769
53845,1828
53846,1847
53847,1854
53848,1849
53849,1858
53850,1872
53851,1890
53852,1904
53853,1922
53854,1935
53855,1938
53856,1939
53857,1942
53858,1936
53859,1936
53860,1927
53861,1920
53862,192
53863,1785
53864,2795
53865,3642
53866,3687
53867,2846
53868,1746
53869,1344
53870,845
53871,610
53872,993
53873,1390
53874,1627
53875,1750
53876,1825
53877,1847
53878,1856
53879,1856
53880,1862
53881,1883
53882,1904
53883,1929
53884,1936
53885,1937
53886,1926
53887,1918
53888,1914
53889,1919
53890,1929
53891,1927
53892,1924
53893,284
53894,1653
53895,2704
53896,3612
53897,3723
53898,2913
53899,1808
53900,1374
53901,862
53902,605
53903,987
53904,1374
53905,1602
53906,1740
53907,1818
53908,1845
53909,1865
53910,1878
53911,1887
53912,1895
53913,1904
53914,1902
53915,1919
53916,1966
53917,1998
53918,1986
53919,1954
53920,1919
53921,1887
53922,1867
53923,1875
53924,427
53925,1515
53926,2603
53927,3511
53928,3711
53929,2977
53930,1903
53931,1418
53932,902
53933,627
53934,976
53935,1357
53936,1600
53937,1730
53938,1808
53939,1841
53940,1862
53941,1887
53942,1888
53943,1874
53944,1862
53945,1872
53946,1901
53947,1955
53948,1968
53949,1958
53950,1946
53951,1939
53952,1923
53953,1911
53954,1909
53955,535
53956,1455
53957,2544
53958,3454
53959,3685
53960,2997
53961,1936
53962,1446
53963,926
53964,645
53965,993
53966,1360
53967,1597
53968,1734
53969,1803
53970,1837
53971,1862
53972,1873
53973,1873
53974,1862
53975,1872
53976,1901
53977,1913
53978,1925
53979,1941
53980,1942
53981,1937
53982,1936
53983,1936
53984,1930
53985,1919
53986,1008
53987,1210
53988,2391
53989,3312
53990,3706
53991,3120
53992,2085
53993,1520
53994,1006
53995,633
53996,945
53997,1329
53998,1569
53999,1726
54000,1811
54001,1843
54002,1859
54003,1873
54004,1872
54005,1867
54006,1887
54007,1908
54008,1905
54009,1911
54010,1923
54011,1930
54012,1936
54013,1936
54014,1936
54015,1928
54016,1922
54017,1423
54018,1035
54019,2302
54020,3237
54021,3724
54022,3198
54023,2182
54024,1535
54025,1021
54026,634
54027,930
54028,1319
54029,1566
54030,1711
54031,1796
54032,1834
54033,1857
54034,1872
54035,1865
54036,1858
54037,1872
54038,1890
54039,1912
54040,1923
54041,1930
54042,1930
54043,1934
54044,1942
54045,1937
54046,1920
54047,1915
54048,1725
54049,944
54050,2261
54051,3181
54052,3702
54053,3201
54054,2198
54055,1565
54056,1072
54057,673
54058,950
54059,1323
54060,1535
54061,1711
54062,1793
54063,1832
54064,1854
54065,1869
54066,1868
54067,1856
54068,1859
54069,1886
54070,1916
54071,1927
54072,1930
54073,1934
54074,1923
54075,1893
54076,1907
54077,1952
54078,1957
54079,2778
54080,654
54081,2123
54082,3019
54083,3649
54084,3266
54085,2343
54086,1647
54087,1171
54088,699
54089,914
54090,1294
54091,1535
54092,1690
54093,1775
54094,1815
54095,1840
54096,1858
54097,1858
54098,1842
54099,1856
54100,1889
54101,1904
54102,1926
54103,1953
54104,1931
54105,1914
54106,1924
54107,1933
54108,1931
54109,1927
54110,2559
54111,467
54112,2031
54113,2933
54114,3598
54115,3306
54116,2454
54117,1712
54118,1233
54119,721
54120,880
54121,1239
54122,1498
54123,1675
54124,1775
54125,1821
54126,1847
54127,1866
54128,1872
54129,1856
54130,1865
54131,1898
54132,1923
54133,1949
54134,1951
54135,1943
54136,1924
54137,1904
54138,1893
54139,1906
54140,1911
54141,2317
54142,380
54143,1982
54144,2902
54145,3612
54146,3343
54147,2496
54148,1729
54149,1248
54150,741
54151,861
54152,1223
54153,1488
54154,1665
54155,1763
54156,1812
54157,1845
54158,1866
54159,1872
54160,1866
54161,1872
54162,1911
54163,1953
54164,1953
54165,1952
54166,1947
54167,1923
54168,1906
54169,1913
54170,1887
54171,1887
54172,1901
54173,194
54174,1811
54175,2768
54176,3568
54177,3413
54178,2640
54179,1827
54180,1346
54181,799
54182,833
54183,1194
54184,1456
54185,1637
54186,1744
54187,1806
54188,1833
54189,1855
54190,1867
54191,1858
54192,1856
54193,1891
54194,1925
54195,1951
54196,1961
54197,1962
54198,1937
54199,1911
54200,1904
54201,1915
54202,1922
54203,1920
54204,1918
54205,1905
54206,1903
54207,1903
54208,1891
54209,1898
54210,1894
54211,1891
54212,1886
54213,1875
54214,1872
54215,1870
54216,1872
54217,1874
54218,1872
54219,1872
54220,1869
54221,1866
54222,1866
54223,1867
54224,1871
54225,1872
54226,1872
54227,1870
54228,1871
54229,1867
54230,1862
54231,1859
54232,1863
54233,1867
54234,1862
54235,1854
54236,1853
54237,1851
54238,1846
54239,1847
54240,1856
54241,1866
54242,1865
54243,1863
54244,1862
54245,1868
54246,1861
54247,1857
54248,1856
54249,1856
54250,1866
54251,1860
54252,1858
54253,1856
54254,1854
54255,1855
54256,1855
54257,1858
54258,1857
54259,1859
54260,1862
54261,1862
54262,1862
54263,1862
54264,1857
54265,1849
54266,1853
54267,1855
54268,1852
54269,1847
54270,1850
54271,1856
54272,1856
54273,1856
54274,1859
54275,1859
54276,1862
54277,1859
54278,1863
54279,1856
54280,1861
54281,1857
54282,1858
54283,1867
54284,1866
54285,1864
54286,1860
54287,1856
54288,1857
54289,1862
54290,1863
54291,1863
54292,1863
54293,1867
54294,1865
54295,1862
54296,1858
54297,1856
54298,1847
54299,1858
54300,1865
54301,1859
54302,1860
54303,1858
54304,1856
54305,1858
54306,1859
54307,1861
54308,1862
54309,1867
54310,1869
54311,1869
54312,1870
54313,1868
54314,1862
54315,1859
54316,1862
54317,1861
54318,1858
54319,1859
54320,1858
54321,1858
54322,1860
54323,1858
54324,1865
54325,1855
54326,1861
54327,1862
54328,1860
54329,1857
54330,1856
54331,1860
54332,1857
54333,1862
54334,1862
54335,1863
54336,1863
54337,1861
54338,1867
54339,1858
54340,1863
54341,1861
54342,1862
54343,1868
54344,1868
54345,1868
54346,1864
54347,1862
54348,1858
54349,1863
54350,1866
54351,1863
54352,1861
54353,1859
54354,1856
54355,1850
54356,1854
54357,1856
54358,1856
54359,1856
54360,1865
54361,1866
54362,1863
54363,1863
54364,1860
54365,1858
54366,1861
54367,1863
54368,1861
54369,1856
54370,1853
54371,1855
54372,1856
54373,1861
54374,1862
54375,1862
54376,1867
54377,1870
54378,1870
54379,1862
54380,1865
54381,1862
54382,1862
54383,1867
54384,1867
54385,1858
54386,1858
54387,1856
54388,1857
54389,1865
54390,1866
54391,1863
54392,1866
54393,1870
54394,1867
54395,1865
54396,1862
54397,1862
54398,1859
54399,1862
54400,1870
54401,1863
54402,1864
54403,1862
54404,1863
54405,1860
54406,1863
54407,1860
54408,1859
54409,1861
54410,1858
54411,1859
54412,1858
54413,1859
54414,1859
54415,1854
54416,1857
54417,1857
54418,1859
54419,1856
54420,1859
54421,1869
54422,1869
54423,1869
54424,1867
54425,1874
54426,1885
54427,1876
54428,1872
54429,1861
54430,1857
54431,1845
54432,1839
54433,1838
54434,1840
54435,1853
54436,1858
54437,1855
54438,1854
54439,1857
54440,1858
54441,1859
54442,1862
54443,1869
54444,1869
54445,1867
54446,1862
54447,1865
54448,1854
54449,1850
54450,1861
54451,1858
54452,1859
54453,1859
54454,1856
54455,1858
54456,1858
54457,1869
54458,1874
54459,1887
54460,1888
54461,1881
54462,1872
54463,1865
54464,1854
54465,1841
54466,1840
54467,1837
54468,1839
54469,1845
54470,1853
54471,1856
54472,1861
54473,1869
54474,1865
54475,1843
54476,1854
54477,1855
54478,1856
54479,1867
54480,1863
54481,1861
54482,1862
54483,1869
54484,1867
54485,1866
54486,1867
54487,1862
54488,1859
54489,1858
54490,1866
54491,1863
54492,1866
54493,1870
54494,1861
54495,1870
54496,1867
54497,1863
54498,1856
54499,1856
54500,1865
54501,1861
54502,1860
54503,1863
54504,1858
54505,1853
54506,1856
54507,1856
54508,1856
54509,1862
54510,1867
54511,1861
54512,1865
54513,1865
54514,1863
54515,1862
54516,1867
54517,1867
54518,1866
54519,1863
54520,1858
54521,1856
54522,1853
54523,1855
54524,1856
54525,1859
54526,1861
54527,1865
54528,1868
54529,1860
54530,1860
54531,1856
54532,1859
54533,1863
54534,1862
54535,1856
54536,1856
54537,1856
54538,1857
54539,1856
54540,1858
54541,1857
54542,1866
54543,1866
54544,1863
54545,1867
54546,1862
54547,1858
54548,1859
54549,1861
54550,1867
54551,1865
54552,1864
54553,1863
54554,1862
54555,1861
54556,1861
54557,1866
54558,1858
54559,1866
54560,1867
54561,1865
54562,1867
54563,1862
54564,1858
54565,1851
54566,1856
54567,1858
54568,1855
54569,1860
54570,1857
54571,1859
54572,1857
54573,1859
54574,1858
54575,1861
54576,1861
54577,1858
54578,1862
54579,1861
54580,1860
54581,1857
54582,1858
54583,1862
54584,1861
54585,1859
54586,1859
54587,1859
54588,1861
54589,1857
54590,1857
54591,1861
54592,1862
54593,1871
54594,1866
54595,1863
54596,1861
54597,1858
54598,1850
54599,1859
54600,1863
54601,1857
54602,1856
54603,1853
54604,1856
54605,1853
54606,1856
54607,1861
54608,1856
54609,1861
54610,1862
54611,1859
54612,1861
54613,1863
54614,1863
54615,1857
54616,1859
54617,1861
54618,1855
54619,1858
54620,1861
54621,1861
54622,1858
54623,1861
54624,1862
54625,1855
54626,1856
54627,1856
54628,1856
54629,1851
54630,1851
54631,1857
54632,1858
54633,1863
54634,1860
54635,1859
54636,1857
54637,1856
54638,1852
54639,1856
54640,1861
54641,1862
54642,1861
54643,1867
54644,1869
54645,1871
54646,1869
54647,1872
54648,1861
54649,1857
54650,1859
54651,1860
54652,1860
54653,1859
54654,1854
54655,1850
54656,1847
54657,1848
54658,1851
54659,1854
54660,1856
54661,1867
54662,1867
54663,1863
54664,1862
54665,1861
54666,1865
54667,1867
54668,1867
54669,1863
54670,1863
54671,1863
54672,1858
54673,1861
54674,1857
54675,1859
54676,1857
54677,1856
54678,1865
54679,1863
54680,1863
54681,1857
54682,1859
54683,1867
54684,1862
54685,1856
54686,1853
54687,1853
54688,1851
54689,1856
54690,1856
54691,1860
54692,1859
54693,1861
54694,1860
54695,1863
54696,1863
54697,1863
54698,1855
54699,1861
54700,1865
54701,1861
54702,1859
54703,1858
54704,1856
54705,1856
54706,1857
54707,1859
54708,1859
54709,1863
54710,1869
54711,1867
54712,1863
54713,1866
54714,1862
54715,1855
54716,1856
54717,1857
54718,1851
54719,1847
54720,1842
54721,1856
54722,1856
54723,1857
54724,1858
54725,1861
54726,1866
54727,1860
54728,1862
54729,1862
54730,1862
54731,1858
54732,1857
54733,1862
54734,1862
54735,1858
54736,1855
54737,1856
54738,1857
54739,1856
54740,1862
54741,1858
54742,1862
54743,1867
54744,1866
54745,1856
54746,1856
54747,1856
54748,1854
54749,1856
54750,1863
54751,1866
54752,1863
54753,1861
54754,1859
54755,1859
54756,1859
54757,1861
54758,1859
54759,1863
54760,1865
54761,1865
54762,1867
54763,1869
54764,1865
54765,1858
54766,1861
54767,1866
54768,1862
54769,1858
54770,1856
54771,1855
54772,1858
54773,1859
54774,1859
54775,1855
54776,1859
54777,1861
54778,1862
54779,1865
54780,1862
54781,1857
54782,1856
54783,1863
54784,1862
54785,1859
54786,1857
54787,1859
54788,1856
54789,1856
54790,1858
54791,1859
54792,1860
54793,1865
54794,1863
54795,1868
54796,1863
54797,1866
54798,1862
54799,1862
54800,1867
54801,1867
54802,1862
54803,1861
54804,1859
54805,1855
54806,1856
54807,1856
54808,1857
54809,1867
54810,1867
54811,1867
54812,1863
54813,1863
54814,1858
54815,1857
54816,1860
54817,1861
54818,1863
54819,1857
54820,1861
54821,1861
54822,1858
54823,1860
54824,1861
54825,1861
54826,1869
54827,1867
54828,1871
54829,1866
54830,1862
54831,1858
54832,1856
54833,1861
54834,1859
54835,1854
54836,1853
54837,1852
54838,1853
54839,1850
54840,1853
54841,1852
54842,1853
54843,1856
54844,1855
54845,1865
54846,1863
54847,1867
54848,1863
54849,1865
54850,1869
54851,1863
54852,1862
54853,1856
54854,1856
54855,1855
54856,1854
54857,1858
54858,1856
54859,1863
54860,1866
54861,1861
54862,1866
54863,1861
54864,1859
54865,1852
54866,1858
54867,1857
54868,1859
54869,1860
54870,1861
54871,1859
54872,1858
54873,1859
54874,1859
54875,1857
54876,1863
54877,1859
54878,1859
54879,1858
54880,1863
54881,1857
54882,1857
54883,1862
54884,1860
54885,1856
54886,1857
54887,1857
54888,1857
54889,1859
54890,1862
54891,1859
54892,1862
54893,1867
54894,1866
54895,1861
54896,1857
54897,1858
54898,1854
54899,1861
54900,1865
54901,1858
54902,1855
54903,1856
54904,1851
54905,1854
54906,1855
54907,1857
54908,1858
54909,1861
54910,1861
54911,1862
54912,1866
54913,1862
54914,1858
54915,1856
54916,1861
54917,1862
54918,1856
54919,1858
54920,1861
54921,1859
54922,1857
54923,1861
54924,1859
54925,1855
54926,1859
54927,1858
54928,1859
54929,1856
54930,1856
54931,1859
54932,1861
54933,1867
54934,1863
54935,1861
54936,1861
54937,1859
54938,1859
54939,1856
54940,1859
54941,1857
54942,1861
54943,1862
54944,1865
54945,1866
54946,1864
54947,1861
54948,1857
54949,1859
54950,1862
54951,1862
54952,1861
54953,1858
54954,1857
54955,1852
54956,1855
54957,1855
54958,1855
54959,1856
54960,1867
54961,1864
54962,1868
54963,1860
54964,1859
54965,1859
54966,1863
54967,1867
54968,1859
54969,1859
54970,1857
54971,1857
54972,1856
54973,1856
54974,1861
54975,1859
54976,1865
54977,1867
54978,1866
54979,1866
54980,1867
54981,1858
54982,1858
54983,1862
54984,1863
54985,1856
54986,1853
54987,1851
54988,1852
54989,1850
54990,1858
54991,1859
54992,1863
54993,1865
54994,1866
54995,1865
54996,1863
54997,1865
54998,1859
54999,1861
55000,1863
55001,1859
55002,1861
55003,1859
55004,1856
55005,1857
55006,1859
55007,1860
55008,1861
55009,1863
55010,1866
55011,1866
55012,1866
55013,1865
55014,1862
55015,1852
55016,1855
55017,1856
55018,1852
55019,1851
55020,1850
55021,1856
55022,1857
55023,1862
55024,1865
55025,1863
55026,1866
55027,1867
55028,1869
55029,1869
55030,1867
55031,1861
55032,1859
55033,1867
55034,1861
55035,1860
55036,1856
55037,1857
55038,1860
55039,1856
55040,1862
55041,1861
55042,1865
55043,1866
55044,1866
55045,1861
55046,1859
55047,1858
55048,1851
55049,1851
55050,1865
55051,1860
55052,1859
55053,1858
55054,1858
55055,1856
55056,1857
55057,1861
55058,1856
55059,1859
55060,1860
55061,1863
55062,1861
55063,1858
55064,1856
55065,1854
55066,1857
55067,1863
55068,1858
55069,1856
55070,1858
55071,1856
55072,1857
55073,1857
55074,1856
55075,1855
55076,1859
55077,1856
55078,1859
55079,1861
55080,1863
55081,1859
55082,1858
55083,1863
55084,1862
55085,1859
55086,1858
55087,1857
55088,1856
55089,1857
55090,1860
55091,1861
55092,1861
55093,1863
55094,1863
55095,1867
55096,1863
55097,1863
55098,1860
55099,1860
55100,1869
55101,1866
55102,1863
55103,1858
55104,1858
55105,1851
55106,1855
55107,1854
55108,1855
55109,1859
55110,1860
55111,1861
55112,1867
55113,1863
55114,1862
55115,1860
55116,1862
55117,1863
55118,1856
55119,1859
55120,1857
55121,1856
55122,1856
55123,1858
55124,1859
55125,1861
55126,1866
55127,1865
55128,1869
55129,1867
55130,1867
55131,1862
55132,1861
55133,1866
55134,1863
55135,1853
55136,1849
55137,1849
55138,1848
55139,1844
55140,1849
55141,1849
55142,1861
55143,1863
55144,1864
55145,1862
55146,1861
55147,1863
55148,1856
55149,1859
55150,1864
55151,1863
55152,1858
55153,1858
55154,1856
55155,1857
55156,1857
55157,1861
55158,1860
55159,1862
55160,1863
55161,1863
55162,1863
55163,1862
55164,1860
55165,1855
55166,1855
55167,1857
55168,1855
55169,1860
55170,1858
55171,1858
55172,1856
55173,1857
55174,1858
55175,1860
55176,1867
55177,1865
55178,1869
55179,1863
55180,1862
55181,1858
55182,1857
55183,1865
55184,1862
55185,1857
55186,1859
55187,1856
55188,1856
55189,1856
55190,1859
55191,1861
55192,1860
55193,1863
55194,1863
55195,1857
55196,1857
55197,1858
55198,2137
55199,328
55200,1870
55201,2293
55202,2417
55203,2443
55204,2444
55205,2390
55206,2326
55207,2176
55208,2032
55209,1840
55210,1465
55211,1129
55212,1119
55213,1407
55214,1648
55215,1773
55216,1808
55217,1808
55218,1795
55219,1803
55220,1803
55221,1809
55222,1844
55223,1879
55224,1904
55225,1870
55226,1859
55227,1873
55228,1877
55229,1900
55230,221
55231,1833
55232,2503
55233,2704
55234,2698
55235,2624
55236,2501
55237,2267
55238,1969
55239,1709
55240,1267
55241,940
55242,964
55243,1317
55244,1627
55245,1794
55246,1849
55247,1856
55248,1853
55249,1856
55250,1855
55251,1838
55252,1842
55253,1859
55254,1875
55255,1886
55256,1899
55257,1904
55258,1906
55259,1903
55260,1903
55261,203
55262,1858
55263,2687
55264,2922
55265,2896
55266,2756
55267,2512
55268,2065
55269,1763
55270,1395
55271,944
55272,741
55273,1108
55274,1523
55275,1744
55276,1837
55277,1861
55278,1857
55279,1853
55280,1843
55281,1825
55282,1827
55283,1856
55284,1883
55285,1894
55286,1905
55287,1910
55288,1910
55289,1919
55290,1922
55291,1923
55292,307
55293,1664
55294,2640
55295,3023
55296,3071
55297,2887
55298,2479
55299,1872
55300,1620
55301,1257
55302,743
55303,784
55304,1295
55305,1627
55306,1779
55307,1841
55308,1860
55309,1859
55310,1856
55311,1854
55312,1857
55313,1872
55314,1885
55315,1871
55316,1886
55317,1902
55318,1907
55319,1914
55320,1917
55321,1922
55322,1923
55323,486
55324,1520
55325,2631
55326,3169
55327,3247
55328,2999
55329,2363
55330,1722
55331,1506
55332,1046
55333,585
55334,913
55335,1423
55336,1689
55337,1799
55338,1854
55339,1859
55340,1859
55341,1855
55342,1855
55343,1879
55344,1914
55345,1922
55346,1906
55347,1904
55348,1903
55349,1900
55350,1900
55351,1899
55352,1897
55353,1904
55354,742
55355,1359
55356,2623
55357,3376
55358,3520
55359,3113
55360,2238
55361,1572
55362,1347
55363,817
55364,577
55365,1050
55366,1483
55367,1707
55368,1807
55369,1850
55370,1859
55371,1859
55372,1858
55373,1847
55374,1856
55375,1889
55376,1921
55377,1943
55378,1981
55379,1967
55380,1920
55381,1874
55382,1865
55383,1874
55384,1904
55385,897
55386,1280
55387,2547
55388,3367
55389,3641
55390,3183
55391,2160
55392,1523
55393,1303
55394,722
55395,651
55396,1127
55397,1503
55398,1706
55399,1808
55400,1853
55401,1859
55402,1865
55403,1865
55404,1868
55405,1872
55406,1899
55407,1923
55408,1921
55409,1929
55410,1951
55411,1945
55412,1931
55413,1901
55414,1893
55415,1904
55416,1600
55417,1019
55418,2341
55419,3200
55420,3639
55421,3293
55422,2297
55423,1603
55424,1317
55425,723
55426,659
55427,1136
55428,1507
55429,1712
55430,1808
55431,1849
55432,1865
55433,1872
55434,1867
55435,1845
55436,1840
55437,1856
55438,1884
55439,1907
55440,1921
55441,1929
55442,1930
55443,1937
55444,1936
55445,1937
55446,1933
55447,2269
55448,806
55449,2237
55450,3135
55451,3664
55452,3347
55453,2363
55454,1636
55455,1302
55456,709
55457,683
55458,1152
55459,1504
55460,1710
55461,1808
55462,1855
55463,1866
55464,1867
55465,1850
55466,1838
55467,1841
55468,1861
55469,1891
55470,1911
55471,1929
55472,1936
55473,1939
55474,1938
55475,1937
55476,1938
55477,1933
55478,2663
55479,699
55480,2160
55481,3071
55482,3725
55483,3456
55484,2433
55485,1647
55486,1266
55487,704
55488,704
55489,1143
55490,1486
55491,1685
55492,1792
55493,1846
55494,1860
55495,1858
55496,1847
55497,1839
55498,1863
55499,1904
55500,1915
55501,1904
55502,1918
55503,1922
55504,1919
55505,1922
55506,1932
55507,1936
55508,1934
55509,2682
55510,497
55511,2070
55512,3026
55513,3753
55514,3463
55515,2463
55516,1648
55517,1290
55518,738
55519,704
55520,1137
55521,1475
55522,1678
55523,1783
55524,1837
55525,1845
55526,1856
55527,1847
55528,1840
55529,1859
55530,1903
55531,1931
55532,1920
55533,1926
55534,1945
55535,1942
55536,1927
55537,1899
55538,1882
55539,1899
55540,2205
55541,330
55542,1967
55543,2929
55544,3710
55545,3520
55546,2559
55547,1703
55548,1311
55549,757
55550,727
55551,1143
55552,1465
55553,1666
55554,1776
55555,1826
55556,1845
55557,1857
55558,1854
55559,1836
55560,1842
55561,1866
55562,1893
55563,1922
55564,1934
55565,1936
55566,1937
55567,1937
55568,1937
55569,1936
55570,1930
55571,1943
55572,202
55573,1850
55574,2832
55575,3664
55576,3543
55577,2640
55578,1735
55579,1351
55580,789
55581,717
55582,1130
55583,1469
55584,1666
55585,1769
55586,1819
55587,1840
55588,1843
55589,1845
55590,1847
55591,1869
55592,1904
55593,1929
55594,1930
55595,1936
55596,1931
55597,1918
55598,1903
55599,1902
55600,1919
55601,1926
55602,1921
55603,247
55604,1670
55605,2699
55606,3573
55607,3602
55608,2798
55609,1807
55610,1389
55611,853
55612,697
55613,1073
55614,1415
55615,1624
55616,1754
55617,1825
55618,1846
55619,1869
55620,1874
55621,1885
55622,1890
55623,1896
55624,1904
55625,1914
55626,1905
55627,1893
55628,1907
55629,1934
55630,1936
55631,1935
55632,1931
55633,1926
55634,309
55635,1616
55636,2656
55637,3533
55638,3561
55639,2810
55640,1840
55641,1425
55642,887
55643,715
55644,1079
55645,1415
55646,1621
55647,1739
55648,1803
55649,1838
55650,1855
55651,1869
55652,1867
55653,1858
55654,1857
55655,1870
55656,1877
55657,1936
55658,1956
55659,1947
55660,1943
55661,1941
55662,1937
55663,1936
55664,1927
55665,490
55666,1474
55667,2559
55668,3506
55669,3664
55670,2909
55671,1872
55672,1440
55673,922
55674,702
55675,1042
55676,1382
55677,1599
55678,1727
55679,1799
55680,1837
55681,1854
55682,1866
55683,1869
55684,1860
55685,1859
55686,1877
55687,1907
55688,1930
55689,1936
55690,1939
55691,1938
55692,1936
55693,1937
55694,1936
55695,1934
55696,931
55697,1245
55698,2438
55699,3405
55700,3726
55701,3050
55702,1997
55703,1495
55704,989
55705,686
55706,983
55707,1341
55708,1567
55709,1715
55710,1801
55711,1840
55712,1858
55713,1872
55714,1872
55715,1872
55716,1891
55717,1904
55718,1922
55719,1964
55720,1984
55721,1973
55722,1947
55723,1915
55724,1867
55725,1830
55726,1850
55727,1333
55728,1056
55729,2316
55730,3209
55731,3583
55732,3099
55733,2159
55734,1641
55735,1122
55736,770
55737,995
55738,1298
55739,1521
55740,1681
55741,1776
55742,1821
55743,1856
55744,1873
55745,1877
55746,1865
55747,1875
55748,1887
55749,1892
55750,1904
55751,1934
55752,1936
55753,1937
55754,1935
55755,1932
55756,1931
55757,1930
55758,1943
55759,879
55760,2244
55761,3182
55762,3674
55763,3159
55764,2184
55765,1633
55766,1148
55767,737
55768,944
55769,1286
55770,1520
55771,1686
55772,1778
55773,1826
55774,1853
55775,1872
55776,1877
55777,1872
55778,1866
55779,1878
55780,1903
55781,1932
55782,1968
55783,1987
55784,1974
55785,1939
55786,1909
55787,1882
55788,1872
55789,2251
55790,769
55791,2179
55792,3136
55793,3709
55794,3205
55795,2223
55796,1613
55797,1149
55798,754
55799,948
55800,1279
55801,1514
55802,1675
55803,1773
55804,1812
55805,1840
55806,1870
55807,1885
55808,1881
55809,1885
55810,1909
55811,1970
55812,1995
55813,1984
55814,1949
55815,1874
55816,1822
55817,1838
55818,1886
55819,1904
55820,1910
55821,1909
55822,1904
55823,1903
55824,1904
55825,1899
55826,1899
55827,1894
55828,1889
55829,1881
55830,1876
55831,1877
55832,1875
55833,1879
55834,1873
55835,1872
55836,1867
55837,1870
55838,1865
55839,1867
55840,1871
55841,1866
55842,1867
55843,1870
55844,1866
55845,1866
55846,1858
55847,1862
55848,1856
55849,1858
55850,1862
55851,1859
55852,1858
55853,1858
55854,1856
55855,1853
55856,1850
55857,1856
55858,1854
55859,1856
55860,1866
55861,1863
55862,1865
55863,1863
55864,1862
55865,1858
55866,1860
55867,1862
55868,1861
55869,1858
55870,1858
55871,1859
55872,1857
55873,1860
55874,1859
55875,1858
55876,1859
55877,1866
55878,1872
55879,1866
55880,1856
55881,1849
55882,1852
55883,1860
55884,1858
55885,1850
55886,1849
55887,1849
55888,1851
55889,1857
55890,1859
55891,1861
55892,1861
55893,1863
55894,1862
55895,1863
55896,1860
55897,1862
55898,1859
55899,1859
55900,1867
55901,1863
55902,1861
55903,1858
55904,1857
55905,1857
55906,1856
55907,1859
55908,1856
55909,1860
55910,1863
55911,1863
55912,1863
55913,1859
55914,1856
55915,1847
55916,1855
55917,1856
55918,1851
55919,1851
55920,1847
55921,1856
55922,1858
55923,1859
55924,1865
55925,1867
55926,1869
55927,1869
55928,1871
55929,1869
55930,1866
55931,1860
55932,1857
55933,1865
55934,1862
55935,1861
55936,1860
55937,1860
55938,1859
55939,1858
55940,1863
55941,1862
55942,1865
55943,1868
55944,1861
55945,1861
55946,1859
55947,1859
55948,1855
55949,1855
55950,1866
55951,1865
55952,1862
55953,1862
55954,1861
55955,1858
55956,1861
55957,1863
55958,1863
55959,1866
55960,1865
55961,1866
55962,1867
55963,1865
55964,1864
55965,1860
55966,1865
55967,1866
55968,1864
55969,1862
55970,1861
55971,1860
55972,1857
55973,1866
55974,1867
55975,1856
55976,1859
55977,1859
55978,1859
55979,1866
55980,1863
55981,1859
55982,1860
55983,1864
55984,1860
55985,1859
55986,1857
55987,1856
55988,1856
55989,1857
55990,1858
55991,1861
55992,1859
55993,1866
55994,1863
55995,1867
55996,1866
55997,1862
55998,1861
55999,1858
56000,1866
56001,1864
56002,1861
56003,1859
56004,1857
56005,1855
56006,1856
56007,1859
56008,1856
56009,1865
56010,1869
56011,1865
56012,1866
56013,1865
56014,1862
56015,1859
56016,1866
56017,1866
56018,1857
56019,1862
56020,1862
56021,1862
56022,1862
56023,1863
56024,1866
56025,1863
56026,1869
56027,1865
56028,1867
56029,1868
56030,1865
56031,1859
56032,1858
56033,1862
56034,1862
56035,1854
56036,1853
56037,1853
56038,1852
56039,1853
56040,1854
56041,1853
56042,1854
56043,1866
56044,1861
56045,1866
56046,1862
56047,1863
56048,1861
56049,1860
56050,1865
56051,1861
56052,1862
56053,1859
56054,1859
56055,1859
56056,1859
56057,1861
56058,1865
56059,1869
56060,1867
56061,1867
56062,1867
56063,1867
56064,1862
56065,1853
56066,1858
56067,1859
56068,1853
56069,1845
56070,1854
56071,1856
56072,1856
56073,1856
56074,1859
56075,1863
56076,1869
56077,1864
56078,1866
56079,1862
56080,1862
56081,1859
56082,1857
56083,1866
56084,1866
56085,1862
56086,1862
56087,1861
56088,1861
56089,1861
56090,1865
56091,1866
56092,1865
56093,1866
56094,1868
56095,1861
56096,1858
56097,1858
56098,1853
56099,1853
56100,1863
56101,1862
56102,1861
56103,1863
56104,1861
56105,1857
56106,1861
56107,1862
56108,1861
56109,1865
56110,1863
56111,1865
56112,1866
56113,1866
56114,1861
56115,1859
56116,1861
56117,1862
56118,1855
56119,1858
56120,1857
56121,1855
56122,1855
56123,1858
56124,1859
56125,1856
56126,1861
56127,1856
56128,1859
56129,1855
56130,1853
56131,1856
56132,1857
56133,1863
56134,1859
56135,1859
56136,1857
56137,1856
56138,1855
56139,1858
56140,1861
56141,1861
56142,1861
56143,1867
56144,1865
56145,1867
56146,1866
56147,1869
56148,1859
56149,1862
56150,1867
56151,1862
56152,1861
56153,1861
56154,1858
56155,1854
56156,1855
56157,1856
56158,1856
56159,1857
56160,1867
56161,1866
56162,1861
56163,1865
56164,1861
56165,1855
56166,1856
56167,1858
56168,1856
56169,1856
56170,1860
56171,1859
56172,1858
56173,1859
56174,1858
56175,1862
56176,1867
56177,1865
56178,1866
56179,1861
56180,1861
56181,1857
56182,1857
56183,1859
56184,1859
56185,1852
56186,1853
56187,1853
56188,1853
56189,1857
56190,1859
56191,1858
56192,1863
56193,1867
56194,1867
56195,1871
56196,1867
56197,1865
56198,1858
56199,1858
56200,1867
56201,1859
56202,1858
56203,1857
56204,1856
56205,1856
56206,1857
56207,1859
56208,1861
56209,1860
56210,1859
56211,1862
56212,1862
56213,1861
56214,1853
56215,1854
56216,1853
56217,1855
56218,1855
56219,1856
56220,1859
56221,1856
56222,1856
56223,1857
56224,1856
56225,1856
56226,1861
56227,1859
56228,1863
56229,1861
56230,1858
56231,1856
56232,1855
56233,1859
56234,1862
56235,1859
56236,1857
56237,1857
56238,1850
56239,1861
56240,1862
56241,1860
56242,1862
56243,1866
56244,1856
56245,1859
56246,1860
56247,1856
56248,1856
56249,1853
56250,1856
56251,1854
56252,1857
56253,1857
56254,1856
56255,1857
56256,1857
56257,1859
56258,1859
56259,1862
56260,1868
56261,1866
56262,1867
56263,1863
56264,1859
56265,1858
56266,1863
56267,1862
56268,1859
56269,1859
56270,1861
56271,1859
56272,1859
56273,1862
56274,1854
56275,1856
56276,1855
56277,1857
56278,1857
56279,1866
56280,1866
56281,1860
56282,1858
56283,1865
56284,1867
56285,1859
56286,1859
56287,1860
56288,1858
56289,1861
56290,1860
56291,1859
56292,1862
56293,1863
56294,1863
56295,1866
56296,1861
56297,1858
56298,1857
56299,1858
56300,1862
56301,1857
56302,1859
56303,1859
56304,1851
56305,1851
56306,1855
56307,1851
56308,1851
56309,1865
56310,1863
56311,1863
56312,1864
56313,1861
56314,1858
56315,1856
56316,1858
56317,1861
56318,1854
56319,1857
56320,1858
56321,1856
56322,1860
56323,1862
56324,1862
56325,1863
56326,1869
56327,1869
56328,1869
56329,1863
56330,1869
56331,1858
56332,1859
56333,1859
56334,1854
56335,1851
56336,1851
56337,1850
56338,1853
56339,1851
56340,1851
56341,1858
56342,1859
56343,1863
56344,1863
56345,1866
56346,1863
56347,1859
56348,1859
56349,1857
56350,1864
56351,1860
56352,1858
56353,1858
56354,1857
56355,1855
56356,1857
56357,1860
56358,1861
56359,1867
56360,1866
56361,1866
56362,1867
56363,1863
56364,1854
56365,1850
56366,1856
56367,1857
56368,1855
56369,1853
56370,1856
56371,1856
56372,1856
56373,1858
56374,1859
56375,1857
56376,1862
56377,1862
56378,1863
56379,1863
56380,1862
56381,1856
56382,1857
56383,1865
56384,1859
56385,1859
56386,1859
56387,1856
56388,1855
56389,1856
56390,1861
56391,1857
56392,1862
56393,1862
56394,1857
56395,1860
56396,1856
56397,1856
56398,1854
56399,1859
56400,1863
56401,1858
56402,1859
56403,1857
56404,1856
56405,1856
56406,1857
56407,1866
56408,1865
56409,1867
56410,1869
56411,1868
56412,1867
56413,1869
56414,1858
56415,1857
56416,1860
56417,1858
56418,1848
56419,1856
56420,1857
56421,1857
56422,1858
56423,1860
56424,1861
56425,1857
56426,1860
56427,1859
56428,1862
56429,1858
56430,1859
56431,1863
56432,1865
56433,1871
56434,1866
56435,1861
56436,1860
56437,1857
56438,1848
56439,1856
56440,1856
56441,1856
56442,1863
56443,1863
56444,1865
56445,1863
56446,1867
56447,1862
56448,1856
56449,1861
56450,1863
56451,1862
56452,1858
56453,1859
56454,1855
56455,1854
56456,1854
56457,1857
56458,1856
56459,1856
56460,1865
56461,1866
56462,1866
56463,1862
56464,1859
56465,1858
56466,1859
56467,1863
56468,1859
56469,1856
56470,1856
56471,1856
56472,1856
56473,1860
56474,1859
56475,1859
56476,1867
56477,1863
56478,1863
56479,1862
56480,1863
56481,1857
56482,1859
56483,1865
56484,1856
56485,1855
56486,1854
56487,1852
56488,1852
56489,1857
56490,1861
56491,1860
56492,1863
56493,1868
56494,1867
56495,1869
56496,1863
56497,1865
56498,1862
56499,1860
56500,1863
56501,1859
56502,1855
56503,1854
56504,1855
56505,1855
56506,1856
56507,1857
56508,1858
56509,1861
56510,1866
56511,1863
56512,1864
56513,1863
56514,1855
56515,1855
56516,1855
56517,1856
56518,1855
56519,1858
56520,1857
56521,1857
56522,1857
56523,1859
56524,1860
56525,1860
56526,1866
56527,1861
56528,1863
56529,1863
56530,1861
56531,1856
56532,1858
56533,1862
56534,1862
56535,1859
56536,1857
56537,1856
56538,1846
56539,1855
56540,1859
56541,1860
56542,1863
56543,1863
56544,1854
56545,1856
56546,1856
56547,1857
56548,1853
56549,1855
56550,1857
56551,1859
56552,1859
56553,1860
56554,1859
56555,1859
56556,1862
56557,1863
56558,1862
56559,1863
56560,1861
56561,1862
56562,1861
56563,1858
56564,1858
56565,1857
56566,1862
56567,1863
56568,1862
56569,1856
56570,1855
56571,1855
56572,1856
56573,1857
56574,1853
56575,1853
56576,1856
56577,1857
56578,1860
56579,1862
56580,1861
56581,1857
56582,1857
56583,1863
56584,1860
56585,1861
56586,1858
56587,1857
56588,1857
56589,1858
56590,1859
56591,1861
56592,1865
56593,1867
56594,1868
56595,1869
56596,1865
56597,1863
56598,1861
56599,1863
56600,1867
56601,1863
56602,1859
56603,1857
56604,1854
56605,1853
56606,1856
56607,1856
56608,1856
56609,1867
56610,1869
56611,1865
56612,1866
56613,1863
56614,1859
56615,1859
56616,1867
56617,1865
56618,1861
56619,1859
56620,1859
56621,1859
56622,1858
56623,1859
56624,1863
56625,1861
56626,1869
56627,1869
56628,1866
56629,1866
56630,1867
56631,1858
56632,1859
56633,1866
56634,1859
56635,1856
56636,1853
56637,1852
56638,1850
56639,1850
56640,1853
56641,1859
56642,1866
56643,1869
56644,1862
56645,1867
56646,1861
56647,1862
56648,1859
56649,1860
56650,1865
56651,1862
56652,1858
56653,1861
56654,1856
56655,1856
56656,1858
56657,1862
56658,1859
56659,1865
56660,1863
56661,1866
56662,1863
56663,1863
56664,1853
56665,1853
56666,1857
56667,1856
56668,1855
56669,1854
56670,1846
56671,1855
56672,1858
56673,1863
56674,1867
56675,1863
56676,1870
56677,1867
56678,1867
56679,1865
56680,1860
56681,1856
56682,1853
56683,1859
56684,1856
56685,1857
56686,1858
56687,1857
56688,1857
56689,1856
56690,1861
56691,1860
56692,1861
56693,1867
56694,1856
56695,1858
56696,1856
56697,1856
56698,1851
56699,1863
56700,1867
56701,1865
56702,1858
56703,1858
56704,1856
56705,1857
56706,1858
56707,1862
56708,1859
56709,1866
56710,1866
56711,1865
56712,1866
56713,1862
56714,1857
56715,1858
56716,1865
56717,1862
56718,1861
56719,1853
56720,1853
56721,1851
56722,1852
56723,1855
56724,1855
56725,1858
56726,1858
56727,1858
56728,1860
56729,1859
56730,1856
56731,1856
56732,1857
56733,1865
56734,1860
56735,1859
56736,1859
56737,1859
56738,1847
56739,1855
56740,1859
56741,1859
56742,1863
56743,1869
56744,1866
56745,1865
56746,1867
56747,1865
56748,1859
56749,1859
56750,1866
56751,1862
56752,1861
56753,1857
56754,1853
56755,1853
56756,1853
56757,1855
56758,1856
56759,1859
56760,1867
56761,1870
56762,1869
56763,1867
56764,1863
56765,1860
56766,1866
56767,1863
56768,1859
56769,1858
56770,1856
56771,1856
56772,1858
56773,1859
56774,1861
56775,1862
56776,1864
56777,1866
56778,1864
56779,1861
56780,1863
56781,1860
56782,1858
56783,1863
56784,1856
56785,1853
56786,1851
56787,1851
56788,1847
56789,1857
56790,1858
56791,1859
56792,1859
56793,1862
56794,1862
56795,1867
56796,1862
56797,1859
56798,1856
56799,1858
56800,1865
56801,1861
56802,1858
56803,1859
56804,1859
56805,1856
56806,1857
56807,1865
56808,1861
56809,1864
56810,1866
56811,1866
56812,1865
56813,1864
56814,1856
56815,1103
56816,1150
56817,2091
56818,2349
56819,2399
56820,2411
56821,2394
56822,2367
56823,2274
56824,2117
56825,1980
56826,1713
56827,1328
56828,1105
56829,1217
56830,1501
56831,1682
56832,1774
56833,1808
56834,1811
56835,1826
56836,1837
56837,1843
56838,1842
56839,1862
56840,1867
56841,1870
56842,1881
56843,1889
56844,1884
56845,1884
56846,1667
56847,976
56848,2190
56849,2609
56850,2651
56851,2612
56852,2513
56853,2410
56854,2159
56855,1915
56856,1597
56857,1183
56858,944
56859,1098
56860,1469
56861,1714
56862,1821
56863,1856
56864,1856
56865,1855
56866,1857
56867,1853
56868,1840
56869,1843
56870,1862
56871,1875
56872,1889
56873,1901
56874,1899
56875,1904
56876,1911
56877,2422
56878,800
56879,2253
56880,2850
56881,2931
56882,2827
56883,2654
56884,2335
56885,1896
56886,1631
56887,1279
56888,843
56889,819
56890,1280
56891,1601
56892,1776
56893,1850
56894,1866
56895,1863
56896,1856
56897,1841
56898,1823
56899,1835
56900,1860
56901,1879
56902,1898
56903,1906
56904,1900
56905,1910
56906,1915
56907,1918
56908,2559
56909,502
56910,2095
56911,2820
56912,3058
56913,2999
56914,2807
56915,2278
56916,1782
56917,1502
56918,1074
56919,661
56920,955
56921,1423
56922,1691
56923,1810
56924,1859
56925,1871
56926,1870
56927,1856
56928,1842
56929,1829
56930,1843
56931,1870
56932,1889
56933,1910
56934,1912
56935,1917
56936,1917
56937,1917
56938,1918
56939,2331
56940,421
56941,2032
56942,2832
56943,3184
56944,3125
56945,2842
56946,2085
56947,1666
56948,1401
56949,867
56950,719
56951,1167
56952,1530
56953,1725
56954,1821
56955,1858
56956,1864
56957,1857
56958,1845
56959,1831
56960,1835
56961,1854
56962,1875
56963,1887
56964,1918
56965,1921
56966,1913
56967,1920
56968,1923
56969,1920
56970,2007
56971,260
56972,1952
56973,2896
56974,3408
56975,3326
56976,2854
56977,1933
56978,1535
56979,1245
56980,655
56981,714
56982,1232
56983,1591
56984,1755
56985,1830
56986,1862
56987,1867
56988,1858
56989,1842
56990,1831
56991,1843
56992,1870
56993,1902
56994,1915
56995,1932
56996,1934
56997,1933
56998,1925
56999,1930
57000,1930
57001,1920
57002,192
57003,1833
57004,2846
57005,3462
57006,3430
57007,2896
57008,1913
57009,1555
57010,1173
57011,624
57012,790
57013,1280
57014,1590
57015,1739
57016,1814
57017,1850
57018,1843
57019,1850
57020,1837
57021,1829
57022,1844
57023,1873
57024,1895
57025,1911
57026,1931
57027,1935
57028,1938
57029,1934
57030,1927
57031,1930
57032,1925
57033,338
57034,1616
57035,2685
57036,3408
57037,3506
57038,2988
57039,1949
57040,1558
57041,1170
57042,612
57043,811
57044,1286
57045,1595
57046,1750
57047,1826
57048,1854
57049,1859
57050,1857
57051,1840
57052,1842
57053,1867
57054,1883
57055,1903
57056,1938
57057,1967
57058,1967
57059,1943
57060,1918
57061,1906
57062,1882
57063,1879
57064,397
57065,1533
57066,2591
57067,3356
57068,3566
57069,3051
57070,1997
57071,1535
57072,1131
57073,622
57074,851
57075,1296
57076,1591
57077,1748
57078,1831
57079,1860
57080,1868
57081,1858
57082,1847
57083,1857
57084,1870
57085,1882
57086,1897
57087,1910
57088,1934
57089,1936
57090,1926
57091,1925
57092,1933
57093,1936
57094,1936
57095,795
57096,1315
57097,2448
57098,3274
57099,3640
57100,3194
57101,2109
57102,1573
57103,1137
57104,604
57105,823
57106,1277
57107,1573
57108,1731
57109,1818
57110,1859
57111,1869
57112,1866
57113,1857
57114,1846
57115,1855
57116,1874
57117,1901
57118,1936
57119,1971
57120,1966
57121,1942
57122,1929
57123,1905
57124,1881
57125,1874
57126,1131
57127,1143
57128,2370
57129,3249
57130,3687
57131,3231
57132,2158
57133,1578
57134,1119
57135,608
57136,848
57137,1273
57138,1535
57139,1719
57140,1809
57141,1854
57142,1871
57143,1883
57144,1886
57145,1882
57146,1875
57147,1874
57148,1877
57149,1895
57150,1922
57151,1933
57152,1930
57153,1936
57154,1935
57155,1929
57156,1925
57157,1695
57158,957
57159,2276
57160,3173
57161,3706
57162,3277
57163,2209
57164,1574
57165,1147
57166,652
57167,852
57168,1270
57169,1535
57170,1712
57171,1801
57172,1847
57173,1867
57174,1865
57175,1872
57176,1872
57177,1867
57178,1887
57179,1913
57180,1950
57181,1968
57182,1970
57183,1959
57184,1925
57185,1903
57186,1876
57187,1863
57188,1962
57189,846
57190,2231
57191,3149
57192,3719
57193,3285
57194,2224
57195,1597
57196,1156
57197,684
57198,874
57199,1264
57200,1535
57201,1703
57202,1790
57203,1839
57204,1846
57205,1861
57206,1865
57207,1862
57208,1853
57209,1867
57210,1885
57211,1923
57212,1958
57213,1951
57214,1941
57215,1936
57216,1936
57217,1934
57218,1922
57219,2690
57220,673
57221,2151
57222,3034
57223,3655
57224,3308
57225,2316
57226,1627
57227,1187
57228,681
57229,850
57230,1264
57231,1526
57232,1696
57233,1793
57234,1839
57235,1855
57236,1871
57237,1872
57238,1872
57239,1883
57240,1893
57241,1904
57242,1939
57243,1975
57244,1983
57245,1971
57246,1941
57247,1913
57248,1883
57249,1868
57250,2559
57251,457
57252,2031
57253,2962
57254,3661
57255,3351
57256,2393
57257,1650
57258,1231
57259,722
57260,863
57261,1245
57262,1506
57263,1680
57264,1776
57265,1827
57266,1856
57267,1869
57268,1872
57269,1873
57270,1873
57271,1875
57272,1887
57273,1911
57274,1931
57275,1936
57276,1942
57277,1942
57278,1936
57279,1935
57280,1929
57281,2007
57282,231
57283,1888
57284,2843
57285,3619
57286,3433
57287,2529
57288,1711
57289,1302
57290,768
57291,805
57292,1194
57293,1481
57294,1657
57295,1769
57296,1823
57297,1851
57298,1863
57299,1877
57300,1883
57301,1899
57302,1911
57303,1905
57304,1904
57305,1952
57306,1968
57307,1961
57308,1938
57309,1919
57310,1889
57311,1872
57312,1877
57313,176
57314,1765
57315,2740
57316,3541
57317,3445
57318,2634
57319,1783
57320,1353
57321,806
57322,802
57323,1172
57324,1447
57325,1632
57326,1751
57327,1815
57328,1851
57329,1867
57330,1879
57331,1883
57332,1895
57333,1903
57334,1898
57335,1904
57336,1923
57337,1935
57338,1929
57339,1931
57340,1933
57341,1933
57342,1930
57343,1927
57344,198
57345,1728
57346,2707
57347,3487
57348,3440
57349,2688
57350,1811
57351,1374
57352,836
57353,794
57354,1166
57355,1457
57356,1643
57357,1747
57358,1811
57359,1849
57360,1869
57361,1875
57362,1878
57363,1883
57364,1890
57365,1904
57366,1942
57367,1981
57368,1995
57369,1973
57370,1931
57371,1893
57372,1864
57373,1856
57374,1863
57375,305
57376,1590
57377,2624
57378,3442
57379,3479
57380,2754
57381,1856
57382,1466
57383,941
57384,834
57385,1131
57386,1403
57387,1594
57388,1713
57389,1794
57390,1840
57391,1867
57392,1885
57393,1891
57394,1883
57395,1877
57396,1882
57397,1901
57398,1942
57399,1959
57400,1954
57401,1937
57402,1936
57403,1929
57404,1922
57405,1922
57406,619
57407,1392
57408,2512
57409,3393
57410,3600
57411,2915
57412,1919
57413,1478
57414,935
57415,742
57416,1071
57417,1387
57418,1585
57419,1717
57420,1793
57421,1837
57422,1859
57423,1882
57424,1889
57425,1885
57426,1892
57427,1899
57428,1917
57429,1925
57430,1935
57431,1937
57432,1941
57433,1949
57434,1940
57435,1919
57436,1905
57437,1904
57438,1902
57439,1904
57440,1904
57441,1901
57442,1899
57443,1895
57444,1882
57445,1881
57446,1878
57447,1873
57448,1869
57449,1866
57450,1870
57451,1865
57452,1862
57453,1868
57454,1865
57455,1863
57456,1864
57457,1868
57458,1862
57459,1868
57460,1868
57461,1870
57462,1870
57463,1867
57464,1863
57465,1860
57466,1865
57467,1863
57468,1858
57469,1858
57470,1858
57471,1859
57472,1858
57473,1859
57474,1855
57475,1857
57476,1860
57477,1859
57478,1859
57479,1863
57480,1865
57481,1858
57482,1856
57483,1858
57484,1858
57485,1856
57486,1857
57487,1856
57488,1861
57489,1861
57490,1862
57491,1867
57492,1866
57493,1869
57494,1866
57495,1867
57496,1865
57497,1862
57498,1857
57499,1859
57500,1861
57501,1856
57502,1856
57503,1855
57504,1847
57505,1850
57506,1856
57507,1856
57508,1856
57509,1863
57510,1864
57511,1863
57512,1863
57513,1859
57514,1859
57515,1856
57516,1862
57517,1861
57518,1853
57519,1858
57520,1856
57521,1856
57522,1857
57523,1859
57524,1859
57525,1862
57526,1867
57527,1863
57528,1869
57529,1862
57530,1863
57531,1859
57532,1865
57533,1863
57534,1851
57535,1851
57536,1848
57537,1852
57538,1848
57539,1855
57540,1850
57541,1857
57542,1861
57543,1865
57544,1865
57545,1866
57546,1869
57547,1863
57548,1859
57549,1862
57550,1866
57551,1863
57552,1861
57553,1862
57554,1858
57555,1859
57556,1859
57557,1863
57558,1863
57559,1865
57560,1862
57561,1862
57562,1861
57563,1863
57564,1855
57565,1856
57566,1857
57567,1860
57568,1856
57569,1855
57570,1851
57571,1853
57572,1859
57573,1863
57574,1861
57575,1860
57576,1863
57577,1867
57578,1870
57579,1869
57580,1867
57581,1859
57582,1861
57583,1870
57584,1862
57585,1861
57586,1860
57587,1858
57588,1862
57589,1865
57590,1867
57591,1865
57592,1868
57593,1869
57594,1861
57595,1863
57596,1863
57597,1856
57598,1857
57599,1866
57600,1867
57601,1863
57602,1863
57603,1860
57604,1858
57605,1857
57606,1862
57607,1863
57608,1863
57609,1867
57610,1866
57611,1863
57612,1866
57613,1862
57614,1859
57615,1859
57616,1862
57617,1861
57618,1859
57619,1859
57620,1857
57621,1859
57622,1859
57623,1861
57624,1857
57625,1856
57626,1861
57627,1860
57628,1858
57629,1853
57630,1856
57631,1857
57632,1860
57633,1870
57634,1862
57635,1860
57636,1862
57637,1859
57638,1857
57639,1862
57640,1866
57641,1867
57642,1869
57643,1871
57644,1869
57645,1870
57646,1869
57647,1867
57648,1866
57649,1867
57650,1872
57651,1866
57652,1862
57653,1861
57654,1855
57655,1854
57656,1854
57657,1849
57658,1855
57659,1856
57660,1855
57661,1867
57662,1869
57663,1870
57664,1867
57665,1869
57666,1872
57667,1871
57668,1863
57669,1856
57670,1856
57671,1856
57672,1859
57673,1865
57674,1861
57675,1861
57676,1865
57677,1859
57678,1862
57679,1857
57680,1858
57681,1856
57682,1860
57683,1869
57684,1856
57685,1854
57686,1854
57687,1855
57688,1855
57689,1865
57690,1870
57691,1866
57692,1870
57693,1868
57694,1857
57695,1857
57696,1856
57697,1859
57698,1858
57699,1867
57700,1867
57701,1860
57702,1859
57703,1858
57704,1858
57705,1857
57706,1865
57707,1866
57708,1863
57709,1867
57710,1865
57711,1860
57712,1856
57713,1859
57714,1854
57715,1854
57716,1858
57717,1858
57718,1856
57719,1857
57720,1856
57721,1856
57722,1856
57723,1861
57724,1862
57725,1864
57726,1865
57727,1862
57728,1865
57729,1862
57730,1865
57731,1862
57732,1860
57733,1866
57734,1863
57735,1861
57736,1860
57737,1856
57738,1854
57739,1862
57740,1861
57741,1859
57742,1861
57743,1866
57744,1859
57745,1859
57746,1855
57747,1851
57748,1848
57749,1850
57750,1850
57751,1846
57752,1857
57753,1858
57754,1861
57755,1861
57756,1861
57757,1859
57758,1862
57759,1862
57760,1864
57761,1866
57762,1866
57763,1866
57764,1863
57765,1863
57766,1871
57767,1869
57768,1864
57769,1860
57770,1854
57771,1853
57772,1853
57773,1856
57774,1849
57775,1850
57776,1858
57777,1856
57778,1861
57779,1861
57780,1863
57781,1857
57782,1861
57783,1867
57784,1863
57785,1866
57786,1861
57787,1862
57788,1866
57789,1867
57790,1867
57791,1867
57792,1869
57793,1863
57794,1855
57795,1855
57796,1858
57797,1857
57798,1849
57799,1855
57800,1859
57801,1861
57802,1857
57803,1861
57804,1851
57805,1851
57806,1853
57807,1855
57808,1857
57809,1865
57810,1866
57811,1864
57812,1865
57813,1863
57814,1860
57815,1857
57816,1863
57817,1867
57818,1862
57819,1855
57820,1859
57821,1859
57822,1861
57823,1863
57824,1859
57825,1859
57826,1862
57827,1857
57828,1866
57829,1864
57830,1869
57831,1872
57832,1872
57833,1875
57834,1863
57835,1856
57836,1843
57837,1840
57838,1837
57839,1837
57840,1833
57841,1846
57842,1860
57843,1862
57844,1862
57845,1863
57846,1861
57847,1858
57848,1857
57849,1861
57850,1867
57851,1862
57852,1863
57853,1860
57854,1859
57855,1856
57856,1861
57857,1862
57858,1862
57859,1863
57860,1859
57861,1861
57862,1859
57863,1859
57864,1851
57865,1846
57866,1853
57867,1856
57868,1854
57869,1849
57870,1855
57871,1855
57872,1855
57873,1858
57874,1857
57875,1862
57876,1865
57877,1865
57878,1867
57879,1866
57880,1866
57881,1859
57882,1860
57883,1863
57884,1858
57885,1855
57886,1856
57887,1856
57888,1856
57889,1858
57890,1862
57891,1862
57892,1862
57893,1867
57894,1858
57895,1859
57896,1856
57897,1856
57898,1854
57899,1861
57900,1863
57901,1860
57902,1859
57903,1858
57904,1856
57905,1857
57906,1857
57907,1859
57908,1859
57909,1863
57910,1862
57911,1869
57912,1871
57913,1872
57914,1866
57915,1867
57916,1869
57917,1863
57918,1856
57919,1855
57920,1847
57921,1846
57922,1843
57923,1845
57924,1843
57925,1847
57926,1853
57927,1855
57928,1858
57929,1855
57930,1856
57931,1858
57932,1859
57933,1867
57934,1861
57935,1861
57936,1859
57937,1859
57938,1855
57939,1861
57940,1862
57941,1865
57942,1867
57943,1867
57944,1869
57945,1868
57946,1863
57947,1858
57948,1859
57949,1863
57950,1865
57951,1861
57952,1859
57953,1859
57954,1851
57955,1851
57956,1856
57957,1859
57958,1858
57959,1859
57960,1865
57961,1866
57962,1867
57963,1867
57964,1863
57965,1860
57966,1866
57967,1863
57968,1858
57969,1856
57970,1855
57971,1855
57972,1854
57973,1858
57974,1859
57975,1861
57976,1861
57977,1859
57978,1864
57979,1863
57980,1862
57981,1856
57982,1858
57983,1862
57984,1855
57985,1854
57986,1851
57987,1851
57988,1853
57989,1862
57990,1862
57991,1862
57992,1865
57993,1865
57994,1862
57995,1863
57996,1861
57997,1863
57998,1857
57999,1865
58000,1866
58001,1863
58002,1861
58003,1859
58004,1856
58005,1854
58006,1854
58007,1853
58008,1853
58009,1857
58010,1856
58011,1856
58012,1856
58013,1857
58014,1847
58015,1850
58016,1855
58017,1856
58018,1853
58019,1858
58020,1859
58021,1861
58022,1858
58023,1861
58024,1863
58025,1867
58026,1868
58027,1866
58028,1867
58029,1867
58030,1862
58031,1861
58032,1860
58033,1867
58034,1865
58035,1861
58036,1861
58037,1861
58038,1853
58039,1861
58040,1863
58041,1863
58042,1862
58043,1870
58044,1858
58045,1858
58046,1859
58047,1857
58048,1856
58049,1858
58050,1856
58051,1853
58052,1857
58053,1856
58054,1855
58055,1858
58056,1857
58057,1860
58058,1861
58059,1862
58060,1861
58061,1867
58062,1865
58063,1863
58064,1860
58065,1859
58066,1866
58067,1865
58068,1861
58069,1860
58070,1857
58071,1856
58072,1859
58073,1860
58074,1856
58075,1855
58076,1859
58077,1861
58078,1862
58079,1862
58080,1860
58081,1856
58082,1858
58083,1861
58084,1856
58085,1856
58086,1856
58087,1856
58088,1856
58089,1861
58090,1863
58091,1863
58092,1869
58093,1871
58094,1870
58095,1870
58096,1866
58097,1861
58098,1855
58099,1857
58100,1862
58101,1856
58102,1850
58103,1854
58104,1851
58105,1849
58106,1853
58107,1855
58108,1856
58109,1866
58110,1863
58111,1866
58112,1867
58113,1869
58114,1863
58115,1859
58116,1863
58117,1857
58118,1850
58119,1854
58120,1851
58121,1849
58122,1850
58123,1851
58124,1858
58125,1859
58126,1865
58127,1862
58128,1865
58129,1865
58130,1863
58131,1858
58132,1859
58133,1866
58134,1853
58135,1856
58136,1853
58137,1852
58138,1853
58139,1851
58140,1853
58141,1863
58142,1863
58143,1862
58144,1867
58145,1866
58146,1862
58147,1862
58148,1859
58149,1859
58150,1863
58151,1861
58152,1859
58153,1859
58154,1858
58155,1856
58156,1857
58157,1856
58158,1859
58159,1862
58160,1863
58161,1862
58162,1862
58163,1861
58164,1847
58165,1847
58166,1858
58167,1856
58168,1855
58169,1854
58170,1862
58171,1856
58172,1855
58173,1859
58174,1862
58175,1862
58176,1869
58177,1867
58178,1867
58179,1862
58180,1866
58181,1862
58182,1867
58183,1871
58184,1866
58185,1865
58186,1865
58187,1861
58188,1857
58189,1856
58190,1856
58191,1857
58192,1856
58193,1862
58194,1856
58195,1862
58196,1861
58197,1858
58198,1856
58199,1868
58200,1866
58201,1862
58202,1859
58203,1856
58204,1856
58205,1856
58206,1856
58207,1856
58208,1855
58209,1856
58210,1857
58211,1861
58212,1859
58213,1859
58214,1857
58215,1855
58216,1859
58217,1860
58218,1850
58219,1856
58220,1856
58221,1855
58222,1856
58223,1858
58224,1855
58225,1856
58226,1861
58227,1858
58228,1859
58229,1858
58230,1856
58231,1858
58232,1862
58233,1865
58234,1863
58235,1864
58236,1858
58237,1856
58238,1847
58239,1862
58240,1863
58241,1865
58242,1863
58243,1868
58244,1869
58245,1867
58246,1863
58247,1861
58248,1858
58249,1859
58250,1859
58251,1856
58252,1856
58253,1853
58254,1853
58255,1853
58256,1854
58257,1855
58258,1857
58259,1858
58260,1866
58261,1869
58262,1867
58263,1866
58264,1858
58265,1856
58266,1861
58267,1862
58268,1857
58269,1857
58270,1859
58271,1858
58272,1857
58273,1861
58274,1862
58275,1861
58276,1867
58277,1865
58278,1866
58279,1863
58280,1862
58281,1859
58282,1861
58283,1867
58284,1856
58285,1856
58286,1857
58287,1855
58288,1856
58289,1855
58290,1867
58291,1860
58292,1863
58293,1863
58294,1861
58295,1863
58296,1863
58297,1858
58298,1857
58299,1862
58300,1863
58301,1858
58302,1857
58303,1858
58304,1858
58305,1856
58306,1858
58307,1861
58308,1861
58309,1865
58310,1865
58311,1866
58312,1863
58313,1862
58314,1850
58315,1853
58316,1857
58317,1856
58318,1855
58319,1857
58320,1859
58321,1858
58322,1858
58323,1862
58324,1861
58325,1863
58326,1867
58327,1865
58328,1866
58329,1863
58330,1865
58331,1859
58332,1861
58333,1862
58334,1859
58335,1858
58336,1861
58337,1857
58338,1856
58339,1859
58340,1863
58341,1862
58342,1866
58343,1867
58344,1857
58345,1856
58346,1856
58347,1856
58348,1855
58349,1856
58350,1856
58351,1854
58352,1856
58353,1858
58354,1856
58355,1855
58356,1856
58357,1859
58358,1861
58359,1869
58360,1869
58361,1867
58362,1863
58363,1859
58364,1857
58365,1855
58366,1859
58367,1858
58368,1859
58369,1859
58370,1856
58371,1856
58372,1859
58373,1859
58374,1855
58375,1854
58376,1857
58377,1856
58378,1856
58379,1853
58380,1849
58381,1859
58382,1859
58383,1868
58384,1861
58385,1858
58386,1861
58387,1856
58388,1855
58389,1856
58390,1859
58391,1861
58392,1863
58393,1867
58394,1863
58395,1864
58396,1863
58397,1860
58398,1858
58399,1862
58400,1859
58401,1863
58402,1861
58403,1858
58404,1851
58405,1847
58406,1853
58407,1853
58408,1853
58409,1857
58410,1856
58411,1858
58412,1857
58413,1860
58414,1857
58415,1856
58416,1866
58417,1862
58418,1854
58419,1857
58420,1856
58421,1857
58422,1856
58423,1861
58424,1857
58425,1861
58426,1867
58427,1865
58428,1866
58429,1865
58430,1863
58431,1862
58432,144
58433,1685
58434,2210
58435,2367
58436,2390
58437,2387
58438,2369
58439,2315
58440,2158
58441,2013
58442,1855
58443,1530
58444,1189
58445,1151
58446,1422
58447,1654
58448,1771
58449,1819
58450,1826
58451,1831
58452,1841
58453,1845
58454,1845
58455,1854
58456,1867
58457,1873
58458,1875
58459,1877
58460,1885
58461,1882
58462,1877
58463,310
58464,1593
58465,2395
58466,2668
58467,2671
58468,2606
58469,2498
58470,2272
58471,1980
58472,1762
58473,1404
58474,1079
58475,1008
58476,1293
58477,1589
58478,1775
58479,1846
58480,1863
58481,1857
58482,1857
58483,1857
58484,1845
58485,1833
58486,1841
58487,1862
58488,1879
58489,1895
58490,1904
58491,1905
58492,1917
58493,1917
58494,511
58495,1481
58496,2532
58497,2896
58498,2914
58499,2790
58500,2585
58501,2101
58502,1765
58503,1488
58504,1068
58505,725
58506,1036
58507,1484
58508,1725
58509,1825
58510,1858
58511,1863
58512,1858
58513,1853
58514,1834
58515,1821
58516,1840
58517,1862
58518,1873
58519,1894
58520,1904
58521,1909
58522,1919
58523,1927
58524,1915
58525,785
58526,1360
58527,2509
58528,3019
58529,3127
58530,2971
58531,2590
58532,1907
58533,1633
58534,1334
58535,803
58536,750
58537,1231
58538,1567
58539,1749
58540,1836
58541,1858
58542,1866
58543,1859
58544,1842
58545,1823
58546,1840
58547,1870
58548,1899
58549,1929
58550,1941
58551,1942
58552,1924
58553,1902
58554,1867
58555,1878
58556,1402
58557,1092
58558,2416
58559,3071
58560,3299
58561,3136
58562,2559
58563,1825
58564,1628
58565,1172
58566,606
58567,816
58568,1330
58569,1637
58570,1771
58571,1836
58572,1856
58573,1857
58574,1846
58575,1828
58576,1824
58577,1863
58578,1913
58579,1936
58580,1920
58581,1909
58582,1918
58583,1925
58584,1907
58585,1901
58586,1897
58587,1995
58588,880
58589,2351
58590,3197
58591,3551
58592,3275
58593,2477
58594,1659
58595,1467
58596,978
58597,554
58598,928
58599,1396
58600,1660
58601,1786
58602,1843
58603,1861
58604,1862
58605,1855
58606,1840
58607,1840
58608,1866
58609,1897
58610,1911
58611,1933
58612,1941
58613,1942
58614,1931
58615,1927
58616,1933
58617,1922
58618,2269
58619,799
58620,2305
58621,3204
58622,3673
58623,3351
58624,2441
58625,1643
58626,1426
58627,858
58628,571
58629,992
58630,1427
58631,1663
58632,1781
58633,1838
58634,1853
58635,1853
58636,1840
58637,1829
58638,1838
58639,1853
58640,1879
58641,1911
58642,1941
58643,1954
58644,1947
58645,1945
58646,1933
58647,1908
58648,1906
58649,2635
58650,489
58651,2084
58652,2982
58653,3580
58654,3440
58655,2589
58656,1737
58657,1474
58658,885
58659,590
58660,1006
58661,1421
58662,1653
58663,1777
58664,1830
58665,1849
58666,1861
58667,1855
58668,1840
58669,1846
58670,1879
58671,1905
58672,1903
58673,1913
58674,1918
58675,1926
58676,1936
58677,1936
58678,1935
58679,1936
58680,2175
58681,309
58682,1961
58683,2901
58684,3583
58685,3481
58686,2673
58687,1779
58688,1468
58689,881
58690,609
58691,1019
58692,1423
58693,1651
58694,1776
58695,1840
58696,1856
58697,1867
58698,1857
58699,1847
58700,1862
58701,1882
58702,1895
58703,1915
58704,1919
58705,1915
58706,1920
58707,1923
58708,1933
58709,1939
58710,1936
58711,1948
58712,192
58713,1856
58714,2823
58715,3603
58716,3568
58717,2730
58718,1794
58719,1424
58720,857
58721,613
58722,1013
58723,1403
58724,1632
58725,1760
58726,1830
58727,1857
58728,1869
58729,1867
58730,1857
58731,1871
58732,1875
58733,1925
58734,1919
58735,1904
58736,1910
58737,1914
58738,1920
58739,1926
58740,1933
58741,1935
58742,1934
58743,167
58744,1808
58745,2800
58746,3620
58747,3579
58748,2759
58749,1813
58750,1410
58751,835
58752,631
58753,1040
58754,1408
58755,1633
58756,1759
58757,1825
58758,1853
58759,1867
58760,1872
58761,1863
58762,1875
58763,1909
58764,1909
58765,1894
58766,1904
58767,1919
58768,1921
58769,1917
58770,1917
58771,1931
58772,1926
58773,1920
58774,221
58775,1682
58776,2737
58777,3609
58778,3604
58779,2789
58780,1821
58781,1424
58782,880
58783,659
58784,1046
58785,1406
58786,1623
58787,1747
58788,1817
58789,1845
58790,1870
58791,1870
58792,1866
58793,1869
58794,1873
58795,1901
58796,1909
58797,1914
58798,1920
58799,1930
58800,1933
58801,1936
58802,1929
58803,1927
58804,1920
58805,476
58806,1478
58807,2598
58808,3550
58809,3711
58810,2942
58811,1891
58812,1462
58813,961
58814,662
58815,1002
58816,1367
58817,1600
58818,1738
58819,1805
58820,1833
58821,1840
58822,1833
58823,1825
58824,1837
58825,1856
58826,1887
58827,1913
58828,1932
58829,1942
58830,1947
58831,1950
58832,1950
58833,1940
58834,1919
58835,1914
58836,690
58837,1375
58838,2485
58839,3460
58840,3723
58841,2993
58842,1949
58843,1500
58844,1008
58845,695
58846,1011
58847,1360
58848,1575
58849,1723
58850,1803
58851,1837
58852,1845
58853,1852
58854,1842
58855,1854
58856,1870
58857,1887
58858,1914
58859,1959
58860,1968
58861,1968
58862,1942
58863,1921
58864,1893
58865,1872
58866,1876
58867,1083
58868,1141
58869,2394
58870,3334
58871,3673
58872,3062
58873,2080
58874,1616
58875,1111
58876,733
58877,978
58878,1319
58879,1535
58880,1695
58881,1785
58882,1826
58883,1840
58884,1829
58885,1823
58886,1840
58887,1878
58888,1905
58889,1901
58890,1899
58891,1931
58892,1940
58893,1942
58894,1939
58895,1937
58896,1936
58897,1929
58898,1296
58899,1089
58900,2352
58901,3264
58902,3647
58903,3090
58904,2123
58905,1604
58906,1106
58907,720
58908,966
58909,1319
58910,1535
58911,1703
58912,1789
58913,1829
58914,1843
58915,1857
58916,1860
58917,1850
58918,1851
58919,1871
58920,1898
58921,1919
58922,1936
58923,1941
58924,1941
58925,1939
58926,1938
58927,1931
58928,1929
58929,2226
58930,795
58931,2207
58932,3136
58933,3629
58934,3157
58935,2226
58936,1680
58937,1200
58938,749
58939,944
58940,1289
58941,1519
58942,1687
58943,1782
58944,1821
58945,1841
58946,1857
58947,1856
58948,1851
58949,1856
58950,1872
58951,1893
58952,1911
58953,1939
58954,1935
58955,1920
58956,1926
58957,1936
58958,1936
58959,1934
58960,2605
58961,700
58962,2165
58963,3095
58964,3645
58965,3223
58966,2292
58967,1690
58968,1216
58969,749
58970,909
58971,1267
58972,1511
58973,1674
58974,1763
58975,1815
58976,1841
58977,1859
58978,1855
58979,1851
58980,1863
58981,1887
58982,1904
58983,1939
58984,1957
58985,1936
58986,1936
58987,1935
58988,1911
58989,1905
58990,1911
58991,2452
58992,410
58993,2013
58994,3002
58995,3715
58996,3325
58997,2371
58998,1705
58999,1296
59000,816
59001,905
59002,1217
59003,1459
59004,1631
59005,1742
59006,1794
59007,1825
59008,1847
59009,1862
59010,1855
59011,1861
59012,1874
59013,1904
59014,1919
59015,1936
59016,1942
59017,1939
59018,1936
59019,1940
59020,1924
59021,1915
59022,2064
59023,247
59024,1904
59025,2896
59026,3710
59027,3408
59028,2485
59029,1750
59030,1346
59031,846
59032,892
59033,1216
59034,1450
59035,1623
59036,1733
59037,1787
59038,1808
59039,1821
59040,1826
59041,1837
59042,1861
59043,1888
59044,1911
59045,1927
59046,1933
59047,1924
59048,1918
59049,1931
59050,1938
59051,1936
59052,1935
59053,1927
59054,1921
59055,1918
59056,1914
59057,1908
59058,1905
59059,1905
59060,1897
59061,1894
59062,1886
59063,1882
59064,1871
59065,1871
59066,1872
59067,1872
59068,1867
59069,1860
59070,1857
59071,1866
59072,1861
59073,1866
59074,1859
59075,1863
59076,1866
59077,1867
59078,1866
59079,1862
59080,1861
59081,1857
59082,1863
59083,1866
59084,1863
59085,1859
59086,1857
59087,1859
59088,1858
59089,1859
59090,1861
59091,1860
59092,1866
59093,1863
59094,1856
59095,1855
59096,1858
59097,1852
59098,1855
59099,1859
59100,1859
59101,1857
59102,1857
59103,1858
59104,1856
59105,1856
59106,1859
59107,1862
59108,1865
59109,1867
59110,1862
59111,1865
59112,1863
59113,1862
59114,1856
59115,1857
59116,1866
59117,1858
59118,1852
59119,1856
59120,1855
59121,1856
59122,1856
59123,1857
59124,1850
59125,1853
59126,1855
59127,1854
59128,1855
59129,1854
59130,1855
59131,1856
59132,1856
59133,1859
59134,1856
59135,1855
59136,1855
59137,1854
59138,1846
59139,1856
59140,1862
59141,1861
59142,1867
59143,1865
59144,1869
59145,1869
59146,1863
59147,1859
59148,1857
59149,1857
59150,1858
59151,1855
59152,1855
59153,1857
59154,1853
59155,1850
59156,1856
59157,1856
59158,1858
59159,1861
59160,1858
59161,1867
59162,1866
59163,1866
59164,1859
59165,1860
59166,1868
59167,1861
59168,1859
59169,1858
59170,1859
59171,1859
59172,1859
59173,1860
59174,1865
59175,1872
59176,1876
59177,1866
59178,1856
59179,1859
59180,1861
59181,1858
59182,1861
59183,1865
59184,1853
59185,1853
59186,1855
59187,1856
59188,1856
59189,1860
59190,1863
59191,1863
59192,1869
59193,1869
59194,1867
59195,1867
59196,1865
59197,1862
59198,1856
59199,1862
59200,1866
59201,1859
59202,1859
59203,1859
59204,1859
59205,1863
59206,1866
59207,1866
59208,1866
59209,1872
59210,1870
59211,1870
59212,1866
59213,1867
59214,1854
59215,1856
59216,1860
59217,1860
59218,1857
59219,1863
59220,1861
59221,1859
59222,1859
59223,1863
59224,1863
59225,1864
59226,1863
59227,1863
59228,1865
59229,1867
59230,1863
59231,1858
59232,1859
59233,1862
59234,1859
59235,1859
59236,1858
59237,1857
59238,1851
59239,1859
59240,1868
59241,1861
59242,1868
59243,1863
59244,1858
59245,1861
59246,1859
59247,1857
59248,1853
59249,1859
59250,1855
59251,1856
59252,1856
59253,1859
59254,1859
59255,1861
59256,1859
59257,1863
59258,1863
59259,1872
59260,1865
59261,1862
59262,1862
59263,1862
59264,1856
59265,1857
59266,1859
59267,1858
59268,1857
59269,1862
59270,1863
59271,1866
59272,1866
59273,1868
59274,1866
59275,1867
59276,1869
59277,1863
59278,1861
59279,1863
59280,1860
59281,1863
59282,1866
59283,1870
59284,1868
59285,1858
59286,1845
59287,1855
59288,1860
59289,1863
59290,1871
59291,1869
59292,1863
59293,1862
59294,1856
59295,1850
59296,1846
59297,1853
59298,1858
59299,1869
59300,1870
59301,1868
59302,1871
59303,1870
59304,1859
59305,1857
59306,1856
59307,1855
59308,1850
59309,1859
59310,1866
59311,1868
59312,1867
59313,1868
59314,1855
59315,1849
59316,1857
59317,1857
59318,1853
59319,1858
59320,1861
59321,1859
59322,1863
59323,1866
59324,1860
59325,1863
59326,1867
59327,1867
59328,1870
59329,1861
59330,1861
59331,1860
59332,1865
59333,1862
59334,1853
59335,1853
59336,1852
59337,1853
59338,1855
59339,1851
59340,1849
59341,1856
59342,1858
59343,1856
59344,1860
59345,1857
59346,1860
59347,1859
59348,1857
59349,1863
59350,1862
59351,1862
59352,1861
59353,1859
59354,1857
59355,1858
59356,1857
59357,1858
59358,1861
59359,1863
59360,1872
59361,1871
59362,1867
59363,1868
59364,1856
59365,1850
59366,1855
59367,1852
59368,1851
59369,1843
59370,1844
59371,1856
59372,1860
59373,1868
59374,1863
59375,1864
59376,1867
59377,1868
59378,1867
59379,1866
59380,1869
59381,1861
59382,1862
59383,1869
59384,1865
59385,1863
59386,1863
59387,1861
59388,1863
59389,1867
59390,1866
59391,1866
59392,1863
59393,1858
59394,1853
59395,1845
59396,1844
59397,1843
59398,1849
59399,1863
59400,1865
59401,1870
59402,1872
59403,1874
59404,1876
59405,1872
59406,1871
59407,1867
59408,1856
59409,1847
59410,1840
59411,1842
59412,1849
59413,1850
59414,1854
59415,1859
59416,1867
59417,1863
59418,1854
59419,1859
59420,1859
59421,1859
59422,1859
59423,1857
59424,1852
59425,1857
59426,1856
59427,1855
59428,1858
59429,1856
59430,1855
59431,1861
59432,1862
59433,1862
59434,1858
59435,1856
59436,1854
59437,1850
59438,1845
59439,1858
59440,1862
59441,1863
59442,1866
59443,1863
59444,1867
59445,1866
59446,1866
59447,1862
59448,1861
59449,1866
59450,1865
59451,1862
59452,1859
59453,1857
59454,1854
59455,1855
59456,1856
59457,1854
59458,1857
59459,1861
59460,1858
59461,1870
59462,1863
59463,1863
59464,1857
59465,1856
59466,1859
59467,1858
59468,1858
59469,1859
59470,1858
59471,1858
59472,1860
59473,1867
59474,1862
59475,1863
59476,1865
59477,1867
59478,1868
59479,1865
59480,1867
59481,1859
59482,1856
59483,1871
59484,1861
59485,1859
59486,1857
59487,1854
59488,1847
59489,1849
59490,1854
59491,1853
59492,1861
59493,1856
59494,1858
59495,1865
59496,1860
59497,1859
59498,1859
59499,1867
59500,1859
59501,1858
59502,1858
59503,1859
59504,1858
59505,1859
59506,1864
59507,1863
59508,1865
59509,1869
59510,1862
59511,1870
59512,1865
59513,1868
59514,1856
59515,1859
59516,1862
59517,1857
59518,1858
59519,1862
59520,1863
59521,1863
59522,1857
59523,1859
59524,1860
59525,1860
59526,1861
59527,1859
59528,1856
59529,1855
59530,1856
59531,1856
59532,1856
59533,1857
59534,1856
59535,1857
59536,1860
59537,1857
59538,1851
59539,1859
59540,1866
59541,1859
59542,1867
59543,1872
59544,1870
59545,1865
59546,1864
59547,1857
59548,1852
59549,1850
59550,1841
59551,1840
59552,1847
59553,1853
59554,1856
59555,1859
59556,1862
59557,1865
59558,1870
59559,1874
59560,1872
59561,1872
59562,1867
59563,1861
59564,1855
59565,1849
59566,1855
59567,1855
59568,1857
59569,1861
59570,1857
59571,1851
59572,1851
59573,1859
59574,1855
59575,1856
59576,1855
59577,1855
59578,1857
59579,1862
59580,1862
59581,1855
59582,1858
59583,1860
59584,1857
59585,1857
59586,1857
59587,1856
59588,1857
59589,1858
59590,1863
59591,1863
59592,1866
59593,1867
59594,1866
59595,1863
59596,1867
59597,1863
59598,1861
59599,1869
59600,1871
59601,1866
59602,1857
59603,1856
59604,1846
59605,1852
59606,1854
59607,1855
59608,1856
59609,1862
59610,1862
59611,1868
59612,1865
59613,1862
59614,1857
59615,1859
59616,1868
59617,1865
59618,1856
59619,1863
59620,1860
59621,1863
59622,1861
59623,1863
59624,1866
59625,1866
59626,1867
59627,1863
59628,1866
59629,1865
59630,1855
59631,1850
59632,1855
59633,1859
59634,1847
59635,1847
59636,1846
59637,1845
59638,1851
59639,1851
59640,1852
59641,1857
59642,1863
59643,1869
59644,1870
59645,1869
59646,1867
59647,1862
59648,1861
59649,1869
59650,1862
59651,1857
59652,1857
59653,1857
59654,1858
59655,1865
59656,1866
59657,1862
59658,1857
59659,1859
59660,1856
59661,1856
59662,1854
59663,1856
59664,1851
59665,1851
59666,1859
59667,1856
59668,1856
59669,1854
59670,1855
59671,1858
59672,1865
59673,1867
59674,1860
59675,1866
59676,1869
59677,1868
59678,1866
59679,1861
59680,1863
59681,1863
59682,1865
59683,1869
59684,1869
59685,1865
59686,1863
59687,1859
59688,1855
59689,1856
59690,1859
59691,1860
59692,1866
59693,1866
59694,1861
59695,1858
59696,1856
59697,1847
59698,1847
59699,1856
59700,1855
59701,1857
59702,1860
59703,1861
59704,1858
59705,1859
59706,1861
59707,1863
59708,1862
59709,1869
59710,1869
59711,1872
59712,1867
59713,1867
59714,1858
59715,1859
59716,1863
59717,1856
59718,1849
59719,1855
59720,1853
59721,1852
59722,1853
59723,1857
59724,1855
59725,1856
59726,1857
59727,1857
59728,1857
59729,1859
59730,1857
59731,1861
59732,1865
59733,1866
59734,1862
59735,1859
59736,1859
59737,1859
59738,1854
59739,1863
59740,1865
59741,1862
59742,1863
59743,1866
59744,1865
59745,1863
59746,1860
59747,1856
59748,1856
59749,1860
59750,1861
59751,1857
59752,1858
59753,1861
59754,1855
59755,1856
59756,1859
59757,1858
59758,1862
59759,1857
59760,1855
59761,1859
59762,1855
59763,1851
59764,1856
59765,1857
59766,1860
59767,1859
59768,1858
59769,1859
59770,1858
59771,1858
59772,1860
59773,1861
59774,1865
59775,1866
59776,1866
59777,1863
59778,1862
59779,1865
59780,1860
59781,1861
59782,1863
59783,1865
59784,1854
59785,1853
59786,1855
59787,1857
59788,1855
59789,1859
59790,1861
59791,1863
59792,1869
59793,1863
59794,1866
59795,1860
59796,1862
59797,1857
59798,1857
59799,1862
59800,1855
59801,1847
59802,1854
59803,1856
59804,1856
59805,1856
59806,1859
59807,1859
59808,1861
59809,1864
59810,1861
59811,1866
59812,1863
59813,1865
59814,1854
59815,1852
59816,1858
59817,1856
59818,1856
59819,1858
59820,1860
59821,1857
59822,1859
59823,1863
59824,1863
59825,1867
59826,1870
59827,1869
59828,1868
59829,1866
59830,1861
59831,1859
59832,1866
59833,1869
59834,1861
59835,1858
59836,1859
59837,1858
59838,1853
59839,1859
59840,1861
59841,1861
59842,1862
59843,1862
59844,1855
59845,1856
59846,1859
59847,1855
59848,1856
59849,1857
59850,1855
59851,1856
59852,1855
59853,1855
59854,1853
59855,1851
59856,1854
59857,1847
59858,1847
59859,1856
59860,1858
59861,1862
59862,1865
59863,1863
59864,1861
59865,1863
59866,1867
59867,1863
59868,1860
59869,1861
59870,1858
59871,1856
59872,1858
59873,1861
59874,1855
59875,1857
59876,1865
59877,1866
59878,1866
59879,1867
59880,1863
59881,1860
59882,1862
59883,1861
59884,1856
59885,1850
59886,1847
59887,1852
59888,1856
59889,1858
59890,1862
59891,1866
59892,1868
59893,1866
59894,1868
59895,1866
59896,1869
59897,1862
59898,1863
59899,1867
