Time(ms),Raw_ADC
0,1740
1,1862
2,1845
3,1800
4,1784
5,1819
6,1850
7,1904
8,1945
9,1949
10,1937
11,1923
12,1903
13,1885
14,1872
15,1868
16,1847
17,1833
18,1832
19,1815
20,1808
21,1808
22,1829
23,1855
24,2179
25,655
26,1799
27,2277
28,2475
29,2181
30,1879
31,1584
32,1745
33,1817
34,1776
35,1764
36,1808
37,1852
38,1878
39,1903
40,1941
41,1968
42,1957
43,1936
44,1891
45,1856
46,1839
47,1825
48,1809
49,1803
50,1817
51,1831
52,1847
53,1864
54,1856
55,1851
56,496
57,1616
58,2176
59,2397
60,2240
61,1803
62,1680
63,1833
64,1877
65,1828
66,1782
67,1786
68,1834
69,1874
70,1906
71,1927
72,1941
73,1954
74,1966
75,1936
76,1875
77,1841
78,1814
79,1792
80,1805
81,1824
82,1831
83,1829
84,1834
85,1856
86,1871
87,1871
88,1869
89,1872
90,1889
91,1902
92,1882
93,1867
94,1855
95,1849
96,1840
97,1843
98,1854
99,1859
100,1859
101,1867
102,1872
103,1880
104,1872
105,1872
106,1870
107,1887
108,1889
109,1872
110,1855
111,1840
112,1835
113,1833
114,1835
115,1846
116,1851
117,1856
118,1870
119,1869
120,1872
121,1869
122,1872
123,1880
124,1898
125,1890
126,1870
127,1855
128,1843
129,1839
130,1847
131,1854
132,1857
133,1857
134,1858
135,1859
136,1858
137,1860
138,1863
139,1862
140,1875
141,1899
142,1878
143,1859
144,1840
145,1826
146,1830
147,1841
148,1843
149,1843
150,1854
151,1863
152,1871
153,1877
154,1872
155,1872
156,1872
157,1890
158,1899
159,1875
160,1860
161,1841
162,1836
163,1838
164,1842
165,1850
166,1853
167,1857
168,1867
169,1872
170,1873
171,1871
172,1870
173,1873
174,1887
175,1878
176,1857
177,1842
178,1835
179,1828
180,1838
181,1841
182,1847
183,1850
184,1856
185,1867
186,1869
187,1867
188,1865
189,1870
190,1879
191,1890
192,1875
193,1857
194,1843
195,1838
196,1830
197,1835
198,1843
199,1849
200,1853
201,1858
202,1857
203,1867
204,1856
205,1858
206,1858
207,1877
208,1885
209,1858
210,1852
211,1840
212,1834
213,1837
214,1840
215,1847
216,1848
217,1852
218,1862
219,1871
220,1872
221,1864
222,1861
223,1872
224,1890
225,1883
226,1863
227,1850
228,1838
229,1823
230,1824
231,1834
232,1841
233,1841
234,1845
235,1859
236,1863
237,1860
238,1857
239,1855
240,1884
241,1904
242,1885
243,1862
244,1845
245,1833
246,1828
247,1840
248,1847
249,1856
250,1857
251,1868
252,1872
253,1874
254,1862
255,1859
256,1859
257,1883
258,1892
259,1865
260,1852
261,1841
262,1837
263,1838
264,1835
265,1841
266,1846
267,1853
268,1866
269,1873
270,1874
271,1871
272,1867
273,1871
274,1889
275,1891
276,1869
277,1851
278,1840
279,1839
280,1834
281,1828
282,1845
283,1850
284,1864
285,1885
286,1898
287,1897
288,1875
289,1859
290,1865
291,1878
292,1866
293,1852
294,1840
295,1830
296,1830
297,1837
298,1839
299,1846
300,1850
301,1859
302,1872
303,1877
304,1866
305,1869
306,1872
307,1889
308,1891
309,1872
310,1856
311,1841
312,1831
313,1835
314,1840
315,1851
316,1853
317,1856
318,1867
319,1870
320,1882
321,1875
322,1873
323,1877
324,1887
325,1887
326,1859
327,1840
328,1837
329,1827
330,1839
331,1845
332,1854
333,1856
334,1863
335,1871
336,1873
337,1867
338,1872
339,1869
340,1886
341,1899
342,1883
343,1866
344,1850
345,1840
346,1835
347,1839
348,1845
349,1854
350,1856
351,1869
352,1874
353,1879
354,1871
355,1869
356,1863
357,1883
358,1887
359,1870
360,1850
361,1840
362,1837
363,1840
364,1846
365,1856
366,1856
367,1854
368,1866
369,1870
370,1872
371,1870
372,1866
373,1870
374,1891
375,1889
376,1872
377,1855
378,1843
379,1840
380,1846
381,1849
382,1845
383,1846
384,1840
385,1847
386,1856
387,1857
388,1866
389,1873
390,1888
391,1903
392,1889
393,1872
394,1855
395,1839
396,1837
397,1841
398,1847
399,1853
400,1855
401,1867
402,1870
403,1874
404,1869
405,1869
406,1870
407,1891
408,1901
409,1879
410,1870
411,1858
412,1844
413,1838
414,1813
415,1831
416,1840
417,1847
418,1856
419,1861
420,1872
421,1867
422,1867
423,1872
424,1893
425,1888
426,1872
427,1855
428,1840
429,1831
430,1839
431,1844
432,1853
433,1852
434,1862
435,1871
436,1875
437,1872
438,1871
439,1869
440,1883
441,1889
442,1879
443,1863
444,1838
445,1831
446,1829
447,1835
448,1840
449,1847
450,1856
451,1866
452,1872
453,1874
454,1869
455,1869
456,1870
457,1887
458,1892
459,1872
460,1858
461,1845
462,1839
463,1839
464,1840
465,1852
466,1852
467,1856
468,1865
469,1872
470,1877
471,1872
472,1870
473,1873
474,1887
475,1885
476,1863
477,1850
478,1838
479,1837
480,1838
481,1843
482,1851
483,1853
484,1855
485,1866
486,1872
487,1870
488,1870
489,1867
490,1882
491,1896
492,1883
493,1867
494,1850
495,1840
496,1837
497,1840
498,1845
499,1851
500,1856
501,1859
502,1861
503,1867
504,1862
505,1862
506,1866
507,1882
508,1887
509,1866
510,1857
511,1846
512,1839
513,1838
514,1842
515,1850
516,1851
517,1854
518,1867
519,1872
520,1875
521,1872
522,1871
523,1872
524,1888
525,1888
526,1868
527,1850
528,1839
529,1826
530,1834
531,1840
532,1843
533,1851
534,1857
535,1869
536,1872
537,1872
538,1869
539,1862
540,1883
541,1893
542,1879
543,1869
544,1856
545,1841
546,1839
547,1840
548,1842
549,1840
550,1844
551,1858
552,1863
553,1870
554,1863
555,1871
556,1871
557,1887
558,1895
559,1874
560,1863
561,1851
562,1840
563,1840
564,1836
565,1842
566,1844
567,1854
568,1859
569,1870
570,1875
571,1874
572,1872
573,1874
574,1890
575,1883
576,1868
577,1853
578,1837
579,1834
580,1840
581,1847
582,1853
583,1856
584,1861
585,1870
586,1872
587,1871
588,1867
589,1870
590,1882
591,1898
592,1875
593,1861
594,1842
595,1837
596,1840
597,1840
598,1840
599,1844
600,1851
601,1862
602,1870
603,1874
604,1878
605,1885
606,1872
607,1882
608,1877
609,1861
610,1855
611,1847
612,1842
613,1840
614,1843
615,1854
616,1855
617,1859
618,1857
619,1867
620,1871
621,1865
622,1866
623,1872
624,1879
625,1875
626,1857
627,1847
628,1840
629,1835
630,1841
631,1851
632,1851
633,1856
634,1856
635,1868
636,1872
637,1871
638,1874
639,1872
640,1877
641,1883
642,1872
643,1860
644,1854
645,1846
646,1846
647,1845
648,1850
649,1854
650,1859
651,1867
652,1869
653,1871
654,1857
655,1859
656,1862
657,1873
658,1874
659,1856
660,1857
661,1849
662,1840
663,1845
664,1845
665,1854
666,1851
667,1850
668,1861
669,1869
670,1867
671,1866
672,1868
673,1872
674,1885
675,1884
676,1869
677,1859
678,1851
679,1845
680,1850
681,1853
682,1851
683,1849
684,1847
685,1859
686,1861
687,1862
688,1862
689,1870
690,1881
691,1895
692,1887
693,1872
694,1862
695,1849
696,1847
697,1849
698,1850
699,1851
700,1843
701,1857
702,1862
703,1872
704,1872
705,1874
706,1873
707,1887
708,1890
709,1879
710,1867
711,1855
712,1843
713,1835
714,1831
715,1833
716,1841
717,1859
718,1861
719,1872
720,1874
721,1872
722,1872
723,1874
724,1886
725,1885
726,1868
727,1852
728,1844
729,1839
730,1845
731,1849
732,1856
733,1856
734,1859
735,1861
736,1871
737,1860
738,1861
739,1859
740,1875
741,1890
742,1879
743,1872
744,1855
745,1841
746,1840
747,1842
748,1851
749,1844
750,1852
751,1864
752,1870
753,1873
754,1872
755,1872
756,1872
757,1888
758,1891
759,1881
760,1860
761,1849
762,1840
763,1840
764,1841
765,1853
766,1850
767,1851
768,1859
769,1866
770,1870
771,1868
772,1871
773,1875
774,1890
775,1889
776,1872
777,1858
778,1840
779,1830
780,1840
781,1847
782,1857
783,1849
784,1850
785,1856
786,1865
787,1866
788,1869
789,1871
790,1879
791,1890
792,1883
793,1872
794,1861
795,1854
796,1838
797,1839
798,1842
799,1846
800,1853
801,1863
802,1872
803,1873
804,1863
805,1857
806,1850
807,1867
808,1878
809,1877
810,1866
811,1855
812,1842
813,1841
814,1842
815,1851
816,1853
817,1856
818,1858
819,1871
820,1870
821,1867
822,1863
823,1871
824,1885
825,1883
826,1869
827,1861
828,1854
829,1839
830,1840
831,1843
832,1850
833,1851
834,1856
835,1865
836,1867
837,1866
838,1867
839,1861
840,1872
841,1878
842,1879
843,1867
844,1851
845,1840
846,1840
847,1840
848,1845
849,1852
850,1851
851,1859
852,1868
853,1872
854,1871
855,1872
856,1872
857,1881
858,1885
859,1871
860,1859
861,1851
862,1850
863,1843
864,1840
865,1842
866,1848
867,1852
868,1859
869,1870
870,1872
871,1867
872,1872
873,1878
874,1893
875,1895
876,1879
877,1872
878,1859
879,1855
880,1847
881,1836
882,1837
883,1834
884,1841
885,1857
886,1861
887,1861
888,1863
889,1863
890,1873
891,1890
892,1885
893,1872
894,1853
895,1840
896,1840
897,1840
898,1841
899,1855
900,1857
901,1865
902,1870
903,1872
904,1872
905,1872
906,1870
907,1875
908,1874
909,1871
910,1867
911,1856
912,1851
913,1851
914,1853
915,1854
916,1861
917,1857
918,1851
919,1861
920,1871
921,1871
922,1873
923,1872
924,1875
925,1883
926,1872
927,1859
928,1850
929,1831
930,1829
931,1838
932,1845
933,1847
934,1856
935,1867
936,1871
937,1871
938,1874
939,1878
940,1890
941,1898
942,1903
943,1899
944,1879
945,1861
946,1840
947,1826
948,1811
949,1813
950,1841
951,1879
952,1887
953,1879
954,1862
955,1840
956,1826
957,1855
958,1872
959,1866
960,1863
961,1861
962,1856
963,1855
964,1856
965,1854
966,1851
967,1846
968,1847
969,1861
970,1871
971,1869
972,1868
973,1874
974,1882
975,1877
976,1862
977,1855
978,1851
979,1845
980,1852
981,1859
982,1862
983,1870
984,1867
985,1871
986,1863
987,1857
988,1850
989,1857
990,1867
991,1883
992,1872
993,1857
994,1850
995,1842
996,1840
997,1841
998,1853
999,1857
1000,1863
1001,1873
1002,1873
1003,1872
1004,1872
1005,1862
1006,1862
1007,1881
1008,1897
1009,1889
1010,1882
1011,1872
1012,1856
1013,1846
1014,1853
1015,1834
1016,1833
1017,1882
1018,1917
1019,1931
1020,1909
1021,1867
1022,1840
1023,1811
1024,1794
1025,1843
1026,1888
1027,1899
1028,1886
1029,1852
1030,1840
1031,1807
1032,1808
1033,1827
1034,1856
1035,1871
1036,1866
1037,1868
1038,1872
1039,1875
1040,1887
1041,1897
1042,1883
1043,1866
1044,1837
1045,1831
1046,1831
1047,1847
1048,1858
1049,1854
1050,1857
1051,1868
1052,1866
1053,1863
1054,1863
1055,1872
1056,1872
1057,1886
1058,1890
1059,1874
1060,1863
1061,1851
1062,1840
1063,1840
1064,1844
1065,1855
1066,1859
1067,1860
1068,1866
1069,1868
1070,1872
1071,1870
1072,1872
1073,1877
1074,1889
1075,1889
1076,1872
1077,1856
1078,1850
1079,1838
1080,1843
1081,1853
1082,1854
1083,1856
1084,1862
1085,1867
1086,1865
1087,1863
1088,918
1089,1795
1090,2098
1091,2199
1092,2208
1093,2190
1094,2069
1095,1955
1096,1765
1097,1581
1098,1629
1099,1743
1100,1765
1101,1785
1102,1802
1103,1822
1104,1840
1105,1861
1106,1891
1107,1936
1108,1946
1109,1936
1110,1925
1111,1872
1112,1847
1113,1833
1114,1808
1115,1801
1116,1802
1117,1809
1118,1821
1119,859
1120,1641
1121,2010
1122,2156
1123,2192
1124,2209
1125,2093
1126,1967
1127,1779
1128,1639
1129,1680
1130,1726
1131,1729
1132,1758
1133,1781
1134,1814
1135,1850
1136,1883
1137,1898
1138,1910
1139,1911
1140,1923
1141,1927
1142,1907
1143,1877
1144,1850
1145,1821
1146,1824
1147,1830
1148,1829
1149,1831
1150,2605
1151,1306
1152,1911
1153,2131
1154,2191
1155,2193
1156,2081
1157,1958
1158,1843
1159,1751
1160,1783
1161,1744
1162,1719
1163,1741
1164,1770
1165,1808
1166,1843
1167,1878
1168,1905
1169,1930
1170,1938
1171,1932
1172,1914
1173,1899
1174,1885
1175,1872
1176,1842
1177,1818
1178,1810
1179,1808
1180,1818
1181,1951
1182,882
1183,1789
1184,2122
1185,2263
1186,2290
1187,2169
1188,2022
1189,1748
1190,1646
1191,1776
1192,1761
1193,1744
1194,1739
1195,1761
1196,1807
1197,1840
1198,1871
1199,1900
1200,1914
1201,1931
1202,1926
1203,1914
1204,1885
1205,1870
1206,1859
1207,1863
1208,1858
1209,1835
1210,1829
1211,1826
1212,1826
1213,641
1214,1632
1215,2018
1216,2205
1217,2266
1218,2175
1219,2026
1220,1762
1221,1701
1222,1776
1223,1764
1224,1776
1225,1789
1226,1807
1227,1834
1228,1853
1229,1865
1230,1891
1231,1904
1232,1916
1233,1904
1234,1888
1235,1865
1236,1857
1237,1845
1238,1843
1239,1842
1240,1858
1241,1868
1242,1856
1243,1850
1244,1471
1245,1399
1246,1895
1247,2083
1248,2160
1249,2075
1250,1907
1251,1833
1252,1885
1253,1881
1254,1770
1255,1728
1256,1754
1257,1856
1258,1933
1259,1954
1260,1942
1261,1920
1262,1915
1263,1919
1264,1919
1265,1902
1266,1869
1267,1833
1268,1807
1269,1809
1270,1814
1271,1812
1272,1824
1273,1843
1274,1874
1275,2981
1276,1054
1277,1837
1278,2082
1279,2190
1280,2137
1281,1950
1282,1851
1283,1815
1284,1845
1285,1808
1286,1787
1287,1791
1288,1815
1289,1851
1290,1902
1291,1936
1292,1937
1293,1930
1294,1919
1295,1903
1296,1872
1297,1839
1298,1815
1299,1805
1300,1811
1301,1823
1302,1836
1303,1841
1304,1848
1305,1861
1306,1871
1307,612
1308,1763
1309,2127
1310,2288
1311,2251
1312,1970
1313,1803
1314,1725
1315,1831
1316,1794
1317,1756
1318,1771
1319,1808
1320,1856
1321,1895
1322,1926
1323,1947
1324,1968
1325,1957
1326,1922
1327,1886
1328,1840
1329,1808
1330,1808
1331,1807
1332,1809
1333,1819
1334,1830
1335,1843
1336,1862
1337,1869
1338,769
1339,1535
1340,2025
1341,2240
1342,2254
1343,1951
1344,1825
1345,1791
1346,1904
1347,1830
1348,1746
1349,1740
1350,1776
1351,1846
1352,1927
1353,1968
1354,1962
1355,1958
1356,1950
1357,1953
1358,1936
1359,1886
1360,1854
1361,1826
1362,1803
1363,1786
1364,1793
1365,1807
1366,1822
1367,1837
1368,1858
1369,2208
1370,1215
1371,1935
1372,2224
1373,2325
1374,2109
1375,1877
1376,1738
1377,1873
1378,1858
1379,1763
1380,1744
1381,1770
1382,1808
1383,1861
1384,1907
1385,1936
1386,1941
1387,1939
1388,1935
1389,1919
1390,1904
1391,1895
1392,1859
1393,1823
1394,1806
1395,1796
1396,1793
1397,1807
1398,1829
1399,1847
1400,2273
1401,770
1402,1821
1403,2230
1404,2375
1405,2221
1406,1893
1407,1727
1408,1825
1409,1843
1410,1790
1411,1729
1412,1727
1413,1786
1414,1876
1415,1934
1416,1943
1417,1950
1418,1950
1419,1951
1420,1933
1421,1899
1422,1870
1423,1855
1424,1857
1425,1846
1426,1823
1427,1805
1428,1798
1429,1805
1430,1814
1431,1829
1432,492
1433,1666
1434,2119
1435,2335
1436,2257
1437,1869
1438,1797
1439,1819
1440,1895
1441,1840
1442,1775
1443,1779
1444,1791
1445,1830
1446,1881
1447,1915
1448,1930
1449,1936
1450,1927
1451,1918
1452,1895
1453,1876
1454,1850
1455,1837
1456,1829
1457,1849
1458,1853
1459,1833
1460,1825
1461,1827
1462,1830
1463,1150
1464,1390
1465,2004
1466,2306
1467,2352
1468,1971
1469,1795
1470,1755
1471,1860
1472,1838
1473,1790
1474,1795
1475,1826
1476,1849
1477,1883
1478,1904
1479,1910
1480,1920
1481,1920
1482,1913
1483,1877
1484,1858
1485,1853
1486,1850
1487,1840
1488,1827
1489,1826
1490,1844
1491,1872
1492,1868
1493,1856
1494,2910
1495,1013
1496,1863
1497,2243
1498,2380
1499,2066
1500,1834
1501,1744
1502,1824
1503,1831
1504,1762
1505,1758
1506,1808
1507,1873
1508,1936
1509,1956
1510,1955
1511,1943
1512,1923
1513,1905
1514,1879
1515,1861
1516,1840
1517,1823
1518,1813
1519,1821
1520,1824
1521,1822
1522,1830
1523,1854
1524,1877
1525,1916
1526,641
1527,1758
1528,2180
1529,2342
1530,2171
1531,1818
1532,1712
1533,1831
1534,1875
1535,1828
1536,1792
1537,1803
1538,1839
1539,1872
1540,1918
1541,1955
1542,1951
1543,1937
1544,1920
1545,1882
1546,1860
1547,1843
1548,1827
1549,1807
1550,1793
1551,1808
1552,1827
1553,1839
1554,1839
1555,1851
1556,1860
1557,557
1558,1655
1559,2130
1560,2352
1561,2256
1562,1808
1563,1680
1564,1769
1565,1840
1566,1809
1567,1777
1568,1813
1569,1870
1570,1904
1571,1942
1572,1967
1573,1970
1574,1984
1575,1968
1576,1919
1577,1877
1578,1837
1579,1806
1580,1783
1581,1770
1582,1776
1583,1794
1584,1810
1585,1835
1586,1856
1587,1863
1588,1719
1589,1310
1590,1998
1591,2352
1592,2416
1593,1971
1594,1793
1595,1696
1596,1810
1597,1797
1598,1744
1599,1739
1600,1787
1601,1865
1602,1924
1603,1968
1604,1974
1605,1978
1606,1963
1607,1942
1608,1911
1609,1861
1610,1815
1611,1779
1612,1760
1613,1774
1614,1791
1615,1814
1616,1831
1617,1840
1618,1856
1619,2983
1620,987
1621,1886
1622,2281
1623,2418
1624,2090
1625,1793
1626,1727
1627,1878
1628,1840
1629,1754
1630,1740
1631,1774
1632,1833
1633,1888
1634,1939
1635,1971
1636,1979
1637,1968
1638,1936
1639,1903
1640,1885
1641,1861
1642,1819
1643,1781
1644,1777
1645,1793
1646,1793
1647,1811
1648,1829
1649,1840
1650,1848
1651,581
1652,1736
1653,2174
1654,2378
1655,2182
1656,1819
1657,1840
1658,1901
1659,1872
1660,1793
1661,1743
1662,1751
1663,1802
1664,1867
1665,1932
1666,1959
1667,1959
1668,1963
1669,1936
1670,1905
1671,1875
1672,1840
1673,1815
1674,1813
1675,1823
1676,1826
1677,1808
1678,1802
1679,1804
1680,1831
1681,1851
1682,927
1683,1472
1684,2047
1685,2368
1686,2377
1687,1900
1688,1744
1689,1762
1690,1869
1691,1846
1692,1792
1693,1786
1694,1815
1695,1851
1696,1904
1697,1946
1698,1967
1699,1965
1700,1936
1701,1901
1702,1867
1703,1837
1704,1799
1705,1779
1706,1799
1707,1843
1708,1865
1709,1849
1710,1841
1711,1838
1712,1834
1713,1840
1714,1849
1715,1852
1716,1855
1717,1857
1718,1872
1719,1873
1720,1882
1721,1874
1722,1873
1723,1883
1724,1903
1725,1898
1726,1872
1727,1859
1728,1847
1729,1836
1730,1836
1731,1840
1732,1843
1733,1846
1734,1854
1735,1866
1736,1871
1737,1870
1738,1870
1739,1867
1740,1875
1741,1891
1742,1883
1743,1859
1744,1840
1745,1831
1746,1838
1747,1842
1748,1854
1749,1851
1750,1851
1751,1863
1752,1870
1753,1872
1754,1870
1755,1869
1756,1872
1757,1895
1758,1894
1759,1872
1760,1856
1761,1850
1762,1840
1763,1840
1764,1839
1765,1842
1766,1845
1767,1850
1768,1856
1769,1872
1770,1877
1771,1872
1772,1872
1773,1878
1774,1897
1775,1888
1776,1870
1777,1856
1778,1841
1779,1837
1780,1838
1781,1843
1782,1851
1783,1856
1784,1857
1785,1866
1786,1873
1787,1872
1788,1872
1789,1869
1790,1885
1791,1901
1792,1879
1793,1862
1794,1840
1795,1831
1796,1828
1797,1835
1798,1840
1799,1847
1800,1855
1801,1863
1802,1870
1803,1877
1804,1869
1805,1865
1806,1865
1807,1885
1808,1892
1809,1872
1810,1857
1811,1851
1812,1849
1813,1856
1814,1847
1815,1849
1816,1821
1817,1835
1818,1856
1819,1859
1820,1865
1821,1864
1822,1859
1823,1863
1824,1875
1825,1874
1826,1863
1827,1840
1828,1837
1829,1829
1830,1826
1831,1840
1832,1846
1833,1846
1834,1847
1835,1851
1836,1866
1837,1868
1838,1865
1839,1866
1840,1879
1841,1894
1842,1877
1843,1858
1844,1843
1845,1836
1846,1830
1847,1840
1848,1841
1849,1849
1850,1852
1851,1861
1852,1866
1853,1873
1854,1858
1855,1862
1856,1859
1857,1878
1858,1887
1859,1865
1860,1855
1861,1840
1862,1831
1863,1831
1864,1840
1865,1845
1866,1846
1867,1851
1868,1864
1869,1869
1870,1872
1871,1867
1872,1866
1873,1872
1874,1894
1875,1885
1876,1863
1877,1850
1878,1840
1879,1830
1880,1830
1881,1840
1882,1847
1883,1846
1884,1850
1885,1858
1886,1867
1887,1862
1888,1859
1889,1867
1890,1878
1891,1898
1892,1879
1893,1861
1894,1841
1895,1835
1896,1835
1897,1838
1898,1844
1899,1854
1900,1856
1901,1873
1902,1881
1903,1888
1904,1866
1905,1856
1906,1853
1907,1872
1908,1886
1909,1871
1910,1856
1911,1840
1912,1829
1913,1828
1914,1826
1915,1838
1916,1840
1917,1847
1918,1857
1919,1884
1920,1890
1921,1879
1922,1872
1923,1869
1924,1877
1925,1870
1926,1857
1927,1847
1928,1838
1929,1827
1930,1838
1931,1841
1932,1849
1933,1849
1934,1856
1935,1869
1936,1874
1937,1871
1938,1871
1939,1869
1940,1886
1941,1901
1942,1882
1943,1862
1944,1844
1945,1835
1946,1831
1947,1838
1948,1840
1949,1840
1950,1847
1951,1863
1952,1871
1953,1870
1954,1862
1955,1870
1956,1869
1957,1893
1958,1895
1959,1870
1960,1855
1961,1840
1962,1831
1963,1833
1964,1840
1965,1846
1966,1848
1967,1856
1968,1868
1969,1874
1970,1873
1971,1868
1972,1867
1973,1875
1974,1890
1975,1888
1976,1866
1977,1850
1978,1839
1979,1823
1980,1838
1981,1842
1982,1852
1983,1853
1984,1859
1985,1870
1986,1872
1987,1870
1988,1870
1989,1870
1990,1886
1991,1902
1992,1883
1993,1865
1994,1846
1995,1835
1996,1835
1997,1838
1998,1845
1999,1852
2000,1850
2001,1861
2002,1863
2003,1872
2004,1862
2005,1862
2006,1865
2007,1886
2008,1887
2009,1875
2010,1859
2011,1840
2012,1835
2013,1835
2014,1837
2015,1842
2016,1843
2017,1853
2018,1856
2019,1871
2020,1874
2021,1872
2022,1872
2023,1878
2024,1901
2025,1893
2026,1870
2027,1853
2028,1840
2029,1827
2030,1828
2031,1834
2032,1840
2033,1842
2034,1851
2035,1861
2036,1870
2037,1869
2038,1869
2039,1861
2040,1876
2041,1891
2042,1885
2043,1867
2044,1853
2045,1837
2046,1839
2047,1850
2048,1865
2049,1872
2050,1882
2051,1890
2052,1872
2053,1852
2054,1843
2055,1853
2056,1855
2057,1882
2058,1898
2059,1883
2060,1859
2061,1840
2062,1821
2063,1802
2064,1813
2065,1837
2066,1843
2067,1854
2068,1863
2069,1874
2070,1874
2071,1872
2072,1872
2073,1883
2074,1904
2075,1899
2076,1873
2077,1854
2078,1841
2079,1837
2080,1840
2081,1843
2082,1851
2083,1855
2084,1860
2085,1869
2086,1875
2087,1873
2088,1872
2089,1869
2090,1879
2091,1899
2092,1883
2093,1869
2094,1844
2095,1831
2096,1827
2097,1833
2098,1840
2099,1849
2100,1853
2101,1863
2102,1871
2103,1873
2104,1867
2105,1869
2106,1872
2107,1890
2108,1894
2109,1873
2110,1859
2111,1841
2112,1835
2113,1837
2114,1840
2115,1843
2116,1851
2117,1853
2118,1856
2119,1872
2120,1872
2121,1872
2122,1872
2123,1879
2124,1893
2125,1888
2126,1872
2127,1853
2128,1840
2129,1829
2130,1837
2131,1836
2132,1849
2133,1847
2134,1854
2135,1869
2136,1875
2137,1872
2138,1871
2139,1871
2140,1887
2141,1902
2142,1890
2143,1872
2144,1849
2145,1838
2146,1837
2147,1840
2148,1845
2149,1850
2150,1855
2151,1863
2152,1870
2153,1872
2154,1867
2155,1862
2156,1865
2157,1883
2158,1891
2159,1871
2160,1852
2161,1839
2162,1837
2163,1838
2164,1840
2165,1851
2166,1850
2167,1856
2168,1869
2169,1873
2170,1875
2171,1873
2172,1872
2173,1881
2174,1901
2175,1893
2176,1874
2177,1857
2178,1841
2179,1834
2180,1835
2181,1838
2182,1845
2183,1846
2184,1851
2185,1863
2186,1872
2187,1867
2188,1869
2189,1871
2190,1886
2191,1902
2192,1882
2193,1861
2194,1846
2195,1839
2196,1835
2197,1837
2198,1845
2199,1852
2200,1855
2201,1871
2202,1871
2203,1875
2204,1872
2205,1871
2206,1870
2207,1890
2208,1899
2209,1879
2210,1862
2211,1844
2212,1837
2213,1838
2214,1838
2215,1842
2216,1840
2217,1847
2218,1862
2219,1874
2220,1877
2221,1872
2222,1872
2223,1875
2224,1893
2225,1889
2226,1872
2227,1853
2228,1840
2229,1828
2230,1838
2231,1840
2232,1852
2233,1854
2234,1857
2235,1871
2236,1873
2237,1873
2238,1873
2239,1870
2240,1886
2241,1905
2242,1894
2243,1877
2244,1867
2245,1856
2246,1843
2247,1841
2248,1834
2249,1822
2250,1822
2251,1839
2252,1855
2253,1867
2254,1865
2255,1861
2256,1865
2257,1891
2258,1901
2259,1872
2260,1853
2261,1845
2262,1839
2263,1831
2264,1833
2265,1840
2266,1842
2267,1855
2268,1871
2269,1872
2270,1876
2271,1871
2272,1872
2273,1878
2274,1894
2275,1890
2276,1868
2277,1850
2278,1840
2279,1834
2280,1838
2281,1843
2282,1853
2283,1851
2284,1859
2285,1871
2286,1873
2287,1872
2288,1870
2289,1869
2290,1884
2291,1898
2292,1882
2293,1862
2294,1850
2295,1838
2296,1829
2297,1839
2298,1843
2299,1850
2300,1851
2301,1862
2302,1869
2303,1877
2304,1861
2305,1859
2306,1862
2307,1886
2308,1889
2309,1874
2310,1856
2311,1841
2312,1834
2313,1836
2314,1840
2315,1845
2316,1850
2317,1856
2318,1861
2319,1874
2320,1874
2321,1869
2322,1868
2323,1872
2324,1893
2325,1889
2326,1871
2327,1854
2328,1842
2329,1837
2330,1838
2331,1847
2332,1854
2333,1857
2334,1863
2335,1866
2336,1859
2337,1856
2338,1857
2339,1842
2340,1855
2341,1874
2342,1876
2343,1863
2344,1851
2345,1839
2346,1834
2347,1837
2348,1847
2349,1854
2350,1856
2351,1872
2352,1879
2353,1886
2354,1873
2355,1865
2356,1856
2357,1883
2358,1901
2359,1885
2360,1863
2361,1845
2362,1838
2363,1831
2364,1821
2365,1837
2366,1840
2367,1846
2368,1866
2369,1875
2370,1883
2371,1874
2372,1870
2373,1873
2374,1898
2375,1895
2376,1872
2377,1856
2378,1840
2379,1839
2380,1840
2381,1840
2382,1851
2383,1855
2384,1859
2385,1869
2386,1875
2387,1873
2388,1872
2389,1869
2390,1887
2391,1901
2392,1885
2393,1867
2394,1843
2395,1832
2396,1827
2397,1833
2398,1839
2399,1851
2400,1853
2401,1856
2402,1866
2403,1874
2404,1872
2405,1865
2406,1870
2407,1889
2408,1899
2409,1873
2410,1857
2411,1843
2412,1837
2413,1838
2414,1840
2415,1847
2416,1847
2417,1851
2418,1855
2419,1869
2420,1872
2421,1872
2422,1871
2423,1877
2424,1889
2425,1881
2426,1861
2427,1846
2428,1835
2429,1821
2430,1830
2431,1841
2432,1847
2433,1851
2434,1857
2435,1867
2436,1875
2437,1873
2438,1872
2439,1869
2440,1887
2441,1901
2442,1879
2443,1858
2444,1847
2445,1834
2446,1835
2447,1838
2448,1843
2449,1847
2450,1854
2451,1863
2452,1870
2453,1876
2454,1862
2455,1866
2456,1867
2457,1887
2458,1890
2459,1869
2460,1856
2461,1844
2462,1836
2463,1834
2464,1843
2465,1854
2466,1857
2467,1862
2468,1872
2469,1876
2470,1872
2471,1859
2472,1862
2473,1872
2474,1895
2475,1894
2476,1872
2477,1857
2478,1840
2479,1835
2480,1843
2481,1856
2482,1856
2483,1859
2484,1853
2485,1853
2486,1856
2487,1853
2488,1851
2489,1856
2490,1876
2491,1889
2492,1871
2493,1863
2494,1855
2495,1833
2496,1831
2497,1830
2498,1841
2499,1850
2500,1855
2501,1866
2502,1872
2503,1876
2504,1871
2505,1873
2506,1874
2507,1901
2508,1903
2509,1882
2510,1859
2511,1843
2512,1835
2513,1831
2514,1839
2515,1854
2516,1856
2517,1857
2518,1863
2519,1869
2520,1859
2521,1854
2522,1858
2523,1872
2524,1894
2525,1894
2526,1872
2527,1854
2528,1840
2529,1825
2530,1837
2531,1843
2532,1846
2533,1853
2534,1857
2535,1867
2536,1875
2537,1872
2538,1872
2539,1869
2540,1886
2541,1899
2542,1883
2543,1864
2544,1841
2545,1831
2546,1829
2547,1838
2548,1841
2549,1845
2550,1850
2551,1863
2552,1868
2553,1872
2554,1869
2555,1872
2556,1872
2557,1890
2558,1894
2559,1872
2560,1858
2561,1841
2562,1831
2563,1837
2564,1840
2565,1847
2566,1852
2567,1856
2568,1869
2569,1872
2570,1871
2571,1866
2572,1867
2573,1875
2574,1889
2575,1887
2576,1866
2577,1849
2578,1835
2579,1822
2580,1831
2581,1841
2582,1850
2583,1851
2584,1862
2585,1872
2586,1881
2587,1874
2588,1877
2589,1879
2590,1892
2591,1911
2592,1891
2593,1862
2594,1842
2595,1830
2596,1826
2597,1829
2598,1829
2599,1840
2600,1847
2601,1866
2602,1873
2603,1878
2604,1861
2605,1859
2606,1856
2607,1872
2608,1878
2609,1872
2610,1856
2611,1843
2612,1835
2613,1838
2614,1842
2615,1846
2616,1852
2617,1856
2618,1860
2619,1872
2620,1876
2621,1872
2622,1867
2623,1877
2624,1899
2625,1890
2626,1871
2627,1855
2628,1840
2629,1838
2630,1837
2631,1840
2632,1845
2633,1843
2634,1851
2635,1856
2636,1869
2637,1867
2638,1872
2639,1861
2640,1872
2641,1886
2642,1875
2643,1865
2644,1845
2645,1839
2646,1837
2647,1840
2648,1845
2649,1849
2650,1854
2651,1862
2652,1869
2653,1875
2654,1869
2655,1867
2656,1872
2657,1886
2658,1894
2659,1873
2660,1857
2661,1849
2662,1837
2663,1839
2664,1838
2665,1841
2666,1841
2667,1846
2668,1862
2669,1872
2670,1873
2671,1871
2672,1867
2673,1874
2674,1893
2675,1890
2676,1870
2677,1854
2678,1842
2679,1837
2680,1840
2681,1842
2682,1850
2683,1852
2684,1856
2685,1867
2686,1872
2687,1872
2688,1870
2689,1865
2690,1878
2691,1891
2692,1884
2693,1870
2694,1850
2695,1837
2696,1836
2697,1840
2698,1842
2699,1855
2700,1851
2701,1856
2702,1866
2703,1875
2704,1872
2705,1862
2706,1861
2707,1881
2708,1883
2709,1867
2710,1853
2711,1840
2712,1829
2713,1831
2714,817
2715,1654
2716,2128
2717,2330
2718,2352
2719,2290
2720,2170
2721,1938
2722,1771
2723,1565
2724,1495
2725,1632
2726,1693
2727,1703
2728,1732
2729,1759
2730,1793
2731,1835
2732,1872
2733,1905
2734,1936
2735,1955
2736,1952
2737,1926
2738,1904
2739,1856
2740,1821
2741,1830
2742,1815
2743,1807
2744,1802
2745,2384
2746,1327
2747,1942
2748,2269
2749,2332
2750,2275
2751,2160
2752,1920
2753,1775
2754,1535
2755,1518
2756,1682
2757,1749
2758,1776
2759,1792
2760,1821
2761,1834
2762,1853
2763,1879
2764,1904
2765,1933
2766,1936
2767,1935
2768,1926
2769,1903
2770,1869
2771,1840
2772,1814
2773,1809
2774,1830
2775,1843
2776,1971
2777,990
2778,1805
2779,2161
2780,2271
2781,2238
2782,2117
2783,1861
2784,1711
2785,1599
2786,1670
2787,1767
2788,1775
2789,1791
2790,1847
2791,1898
2792,1897
2793,1904
2794,1909
2795,1917
2796,1927
2797,1935
2798,1922
2799,1889
2800,1857
2801,1839
2802,1825
2803,1808
2804,1795
2805,1805
2806,1822
2807,1856
2808,761
2809,1701
2810,2096
2811,2256
2812,2255
2813,2155
2814,1875
2815,1763
2816,1682
2817,1721
2818,1742
2819,1737
2820,1770
2821,1808
2822,1853
2823,1894
2824,1940
2825,1957
2826,1950
2827,1946
2828,1936
2829,1907
2830,1882
2831,1846
2832,1826
2833,1797
2834,1782
2835,1781
2836,1797
2837,1815
2838,1838
2839,1408
2840,1509
2841,2021
2842,2259
2843,2302
2844,2224
2845,1968
2846,1887
2847,1746
2848,1667
2849,1664
2850,1665
2851,1726
2852,1789
2853,1843
2854,1874
2855,1908
2856,1935
2857,1968
2858,1987
2859,1969
2860,1926
2861,1872
2862,1824
2863,1797
2864,1776
2865,1765
2866,1772
2867,1790
2868,1817
2869,1842
2870,2896
2871,1252
2872,1890
2873,2176
2874,2289
2875,2271
2876,2038
2877,1953
2878,1722
2879,1669
2880,1689
2881,1697
2882,1750
2883,1767
2884,1797
2885,1858
2886,1916
2887,1938
2888,1958
2889,1975
2890,1983
2891,1966
2892,1895
2893,1835
2894,1791
2895,1751
2896,1745
2897,1772
2898,1808
2899,1821
2900,1823
2901,1867
2902,784
2903,1777
2904,2114
2905,2274
2906,2298
2907,2112
2908,1968
2909,1693
2910,1714
2911,1740
2912,1714
2913,1746
2914,1779
2915,1817
2916,1858
2917,1904
2918,1933
2919,1959
2920,1980
2921,1985
2922,1967
2923,1923
2924,1895
2925,1821
2926,1761
2927,1755
2928,1762
2929,1771
2930,1795
2931,1817
2932,1832
2933,646
2934,1599
2935,2047
2936,2273
2937,2327
2938,2139
2939,1945
2940,1712
2941,1747
2942,1783
2943,1748
2944,1755
2945,1776
2946,1815
2947,1858
2948,1900
2949,1916
2950,1933
2951,1958
2952,1968
2953,1954
2954,1907
2955,1869
2956,1835
2957,1824
2958,1826
2959,1813
2960,1802
2961,1807
2962,1811
2963,1823
2964,2128
2965,1252
2966,1921
2967,2224
2968,2334
2969,2201
2970,1968
2971,1685
2972,1730
2973,1849
2974,1805
2975,1791
2976,1796
2977,1813
2978,1835
2979,1856
2980,1887
2981,1907
2982,1925
2983,1928
2984,1933
2985,1907
2986,1884
2987,1857
2988,1840
2989,1821
2990,1827
2991,1837
2992,1840
2993,1840
2994,1831
2995,2591
2996,858
2997,1818
2998,2180
2999,2319
3000,2206
3001,1939
3002,1759
3003,1781
3004,1865
3005,1809
3006,1786
3007,1806
3008,1834
3009,1851
3010,1870
3011,1886
3012,1893
3013,1902
3014,1911
3015,1911
3016,1895
3017,1863
3018,1852
3019,1852
3020,1842
3021,1830
3022,1813
3023,1829
3024,1859
3025,1866
3026,1853
3027,447
3028,1642
3029,2114
3030,2348
3031,2345
3032,2032
3033,1710
3034,1644
3035,1855
3036,1821
3037,1759
3038,1748
3039,1776
3040,1847
3041,1933
3042,1961
3043,1936
3044,1920
3045,1906
3046,1899
3047,1886
3048,1871
3049,1858
3050,1840
3051,1837
3052,1832
3053,1830
3054,1821
3055,1830
3056,1843
3057,1872
3058,939
3059,1437
3060,2035
3061,2300
3062,2347
3063,2023
3064,1799
3065,1687
3066,1874
3067,1821
3068,1729
3069,1731
3070,1775
3071,1823
3072,1905
3073,1979
3074,1998
3075,1975
3076,1949
3077,1929
3078,1906
3079,1873
3080,1858
3081,1841
3082,1824
3083,1808
3084,1789
3085,1799
3086,1820
3087,1838
3088,1851
3089,2559
3090,1071
3091,1966
3092,2341
3093,2478
3094,2219
3095,1860
3096,1554
3097,1767
3098,1825
3099,1766
3100,1731
3101,1760
3102,1805
3103,1861
3104,1907
3105,1932
3106,1936
3107,1953
3108,1955
3109,1931
3110,1898
3111,1864
3112,1841
3113,1829
3114,1811
3115,1801
3116,1795
3117,1809
3118,1839
3119,1856
3120,1911
3121,506
3122,1755
3123,2224
3124,2480
3125,2365
3126,1947
3127,1621
3128,1739
3129,1829
3130,1776
3131,1730
3132,1731
3133,1776
3134,1840
3135,1916
3136,1949
3137,1946
3138,1947
3139,1939
3140,1947
3141,1944
3142,1906
3143,1874
3144,1839
3145,1809
3146,1792
3147,1776
3148,1791
3149,1809
3150,1822
3151,1835
3152,464
3153,1600
3154,2145
3155,2473
3156,2482
3157,2096
3158,1707
3159,1625
3160,1846
3161,1808
3162,1728
3163,1701
3164,1742
3165,1791
3166,1850
3167,1907
3168,1936
3169,1943
3170,1943
3171,1934
3172,1921
3173,1902
3174,1893
3175,1872
3176,1840
3177,1818
3178,1798
3179,1792
3180,1808
3181,1827
3182,1843
3183,1695
3184,1200
3185,1979
3186,2347
3187,2459
3188,2121
3189,1809
3190,1661
3191,1871
3192,1867
3193,1788
3194,1746
3195,1742
3196,1776
3197,1839
3198,1905
3199,1934
3200,1936
3201,1942
3202,1937
3203,1933
3204,1897
3205,1865
3206,1869
3207,1876
3208,1859
3209,1830
3210,1811
3211,1809
3212,1811
3213,1827
3214,2630
3215,725
3216,1831
3217,2267
3218,2495
3219,2291
3220,1925
3221,1597
3222,1776
3223,1871
3224,1819
3225,1783
3226,1791
3227,1797
3228,1808
3229,1840
3230,1876
3231,1898
3232,1908
3233,1909
3234,1911
3235,1904
3236,1889
3237,1874
3238,1855
3239,1841
3240,1842
3241,1849
3242,1842
3243,1842
3244,1840
3245,1837
3246,368
3247,1652
3248,2149
3249,2416
3250,2353
3251,1974
3252,1599
3253,1734
3254,1911
3255,1859
3256,1808
3257,1823
3258,1840
3259,1839
3260,1855
3261,1874
3262,1882
3263,1893
3264,1900
3265,1904
3266,1890
3267,1871
3268,1870
3269,1869
3270,1861
3271,1847
3272,1821
3273,1834
3274,1870
3275,1873
3276,1863
3277,871
3278,1403
3279,2014
3280,2378
3281,2458
3282,2053
3283,1695
3284,1615
3285,1882
3286,1874
3287,1808
3288,1744
3289,1768
3290,1840
3291,1903
3292,1923
3293,1926
3294,1913
3295,1903
3296,1904
3297,1906
3298,1899
3299,1883
3300,1859
3301,1835
3302,1819
3303,1817
3304,1819
3305,1841
3306,1854
3307,1872
3308,2512
3309,1019
3310,1921
3311,2279
3312,2442
3313,2128
3314,1856
3315,1599
3316,1839
3317,1876
3318,1808
3319,1787
3320,1802
3321,1821
3322,1841
3323,1885
3324,1921
3325,1935
3326,1919
3327,1903
3328,1893
3329,1871
3330,1849
3331,1850
3332,1840
3333,1830
3334,1827
3335,1826
3336,1840
3337,1850
3338,1859
3339,1866
3340,1884
3341,1891
3342,1883
3343,1867
3344,1856
3345,1840
3346,1839
3347,1841
3348,1853
3349,1856
3350,1857
3351,1871
3352,1883
3353,1886
3354,1871
3355,1871
3356,1871
3357,1885
3358,1887
3359,1862
3360,1846
3361,1830
3362,1830
3363,1836
3364,1841
3365,1855
3366,1856
3367,1860
3368,1870
3369,1874
3370,1878
3371,1872
3372,1863
3373,1870
3374,1886
3375,1883
3376,1867
3377,1851
3378,1840
3379,1836
3380,1838
3381,1840
3382,1849
3383,1856
3384,1858
3385,1869
3386,1872
3387,1868
3388,1860
3389,1870
3390,1882
3391,1890
3392,1875
3393,1861
3394,1853
3395,1841
3396,1839
3397,1840
3398,1849
3399,1850
3400,1851
3401,1858
3402,1866
3403,1872
3404,1869
3405,1869
3406,1872
3407,1889
3408,1893
3409,1872
3410,1859
3411,1841
3412,1833
3413,1834
3414,1837
3415,1843
3416,1845
3417,1849
3418,1857
3419,1873
3420,1879
3421,1872
3422,1871
3423,1876
3424,1886
3425,1889
3426,1872
3427,1865
3428,1858
3429,1850
3430,1867
3431,1840
3432,1818
3433,1827
3434,1840
3435,1846
3436,1860
3437,1856
3438,1863
3439,1860
3440,1877
3441,1895
3442,1877
3443,1869
3444,1855
3445,1835
3446,1825
3447,1808
3448,1839
3449,1836
3450,1842
3451,1857
3452,1872
3453,1879
3454,1867
3455,1856
3456,1861
3457,1887
3458,1890
3459,1868
3460,1854
3461,1843
3462,1838
3463,1838
3464,1845
3465,1856
3466,1858
3467,1862
3468,1858
3469,1871
3470,1873
3471,1871
3472,1871
3473,1878
3474,1891
3475,1885
3476,1862
3477,1842
3478,1835
3479,1836
3480,1835
3481,1846
3482,1850
3483,1853
3484,1861
3485,1871
3486,1875
3487,1870
3488,1870
3489,1869
3490,1885
3491,1895
3492,1877
3493,1859
3494,1846
3495,1837
3496,1834
3497,1840
3498,1844
3499,1851
3500,1856
3501,1868
3502,1872
3503,1876
3504,1861
3505,1863
3506,1871
3507,1889
3508,1877
3509,1872
3510,1854
3511,1840
3512,1831
3513,1834
3514,1841
3515,1843
3516,1847
3517,1854
3518,1862
3519,1873
3520,1872
3521,1866
3522,1868
3523,1872
3524,1893
3525,1889
3526,1872
3527,1851
3528,1834
3529,1825
3530,1824
3531,1837
3532,1844
3533,1851
3534,1855
3535,1856
3536,1863
3537,1868
3538,1870
3539,1861
3540,1875
3541,1887
3542,1876
3543,1862
3544,1846
3545,1836
3546,1834
3547,1839
3548,1846
3549,1850
3550,1855
3551,1867
3552,1872
3553,1877
3554,1870
3555,1868
3556,1866
3557,1888
3558,1894
3559,1872
3560,1856
3561,1842
3562,1829
3563,1836
3564,1840
3565,1840
3566,1837
3567,1847
3568,1859
3569,1867
3570,1872
3571,1867
3572,1867
3573,1877
3574,1898
3575,1886
3576,1857
3577,1845
3578,1835
3579,1828
3580,1834
3581,1840
3582,1846
3583,1852
3584,1858
3585,1872
3586,1873
3587,1872
3588,1872
3589,1872
3590,1887
3591,1901
3592,1884
3593,1865
3594,1843
3595,1819
3596,1819
3597,1830
3598,1840
3599,1853
3600,1855
3601,1862
3602,1870
3603,1874
3604,1872
3605,1871
3606,1872
3607,1895
3608,1895
3609,1872
3610,1856
3611,1841
3612,1837
3613,1836
3614,1841
3615,1851
3616,1855
3617,1858
3618,1854
3619,1858
3620,1865
3621,1863
3622,1871
3623,1876
3624,1887
3625,1883
3626,1866
3627,1851
3628,1835
3629,1824
3630,1822
3631,1839
3632,1845
3633,1847
3634,1858
3635,1867
3636,1874
3637,1869
3638,1869
3639,1867
3640,1883
3641,1898
3642,1875
3643,1858
3644,1841
3645,1831
3646,1829
3647,1838
3648,1842
3649,1845
3650,1846
3651,1857
3652,1866
3653,1872
3654,1872
3655,1860
3656,1865
3657,1887
3658,1892
3659,1866
3660,1846
3661,1843
3662,1835
3663,1830
3664,1835
3665,1841
3666,1846
3667,1850
3668,1866
3669,1867
3670,1872
3671,1872
3672,1872
3673,1881
3674,1901
3675,1890
3676,1871
3677,1854
3678,1833
3679,1828
3680,1839
3681,1842
3682,1853
3683,1853
3684,1850
3685,1857
3686,1867
3687,1863
3688,1867
3689,1868
3690,1885
3691,1895
3692,1882
3693,1859
3694,1842
3695,1834
3696,1831
3697,1839
3698,1847
3699,1851
3700,1853
3701,1858
3702,1871
3703,1873
3704,1866
3705,1868
3706,1869
3707,1889
3708,1898
3709,1875
3710,1860
3711,1840
3712,1831
3713,1831
3714,1831
3715,1840
3716,1841
3717,1847
3718,1857
3719,1874
3720,1872
3721,1872
3722,1870
3723,1876
3724,1899
3725,1894
3726,1872
3727,1855
3728,1840
3729,1831
3730,1833
3731,1840
3732,1850
3733,1854
3734,1858
3735,1866
3736,1872
3737,1872
3738,1869
3739,1869
3740,1883
3741,1899
3742,1883
3743,1865
3744,1840
3745,1830
3746,1827
3747,1834
3748,1841
3749,1846
3750,1853
3751,1862
3752,1866
3753,1873
3754,1870
3755,1871
3756,1867
3757,1888
3758,1898
3759,1873
3760,1856
3761,1843
3762,1833
3763,1839
3764,1840
3765,1852
3766,1853
3767,1853
3768,1863
3769,1872
3770,1874
3771,1872
3772,1869
3773,1876
3774,1890
3775,1887
3776,1866
3777,1846
3778,1825
3779,1835
3780,1840
3781,1844
3782,1851
3783,1855
3784,1862
3785,1871
3786,1872
3787,1870
3788,1870
3789,1869
3790,1886
3791,1898
3792,1880
3793,1865
3794,1846
3795,1838
3796,1839
3797,1840
3798,1845
3799,1850
3800,1851
3801,1862
3802,1870
3803,1874
3804,1862
3805,1861
3806,1871
3807,1887
3808,1885
3809,1872
3810,1856
3811,1843
3812,1829
3813,1829
3814,1837
3815,1845
3816,1853
3817,1857
3818,1859
3819,1871
3820,1872
3821,1871
3822,1872
3823,1882
3824,1902
3825,1891
3826,1867
3827,1850
3828,1838
3829,1820
3830,1825
3831,1835
3832,1838
3833,1843
3834,1855
3835,1858
3836,1868
3837,1866
3838,1863
3839,1862
3840,1882
3841,1895
3842,1883
3843,1866
3844,1841
3845,1834
3846,1835
3847,1841
3848,1849
3849,1852
3850,1854
3851,1859
3852,1867
3853,1873
3854,1871
3855,1871
3856,1872
3857,1893
3858,1901
3859,1875
3860,1857
3861,1840
3862,1829
3863,1830
3864,1832
3865,1840
3866,1845
3867,1851
3868,1862
3869,1873
3870,1875
3871,1869
3872,1871
3873,1879
3874,1903
3875,1891
3876,1870
3877,1855
3878,1840
3879,1831
3880,1839
3881,1842
3882,1849
3883,1850
3884,1857
3885,1868
3886,1873
3887,1872
3888,1872
3889,1870
3890,1889
3891,1901
3892,1881
3893,1861
3894,1840
3895,1827
3896,1829
3897,1834
3898,1840
3899,1849
3900,1853
3901,1862
3902,1871
3903,1877
3904,1871
3905,1871
3906,1872
3907,1891
3908,1897
3909,1873
3910,1856
3911,1842
3912,1834
3913,1835
3914,1840
3915,1846
3916,1849
3917,1856
3918,1858
3919,1873
3920,1872
3921,1871
3922,1871
3923,1875
3924,1890
3925,1889
3926,1862
3927,1846
3928,1834
3929,1823
3930,1825
3931,1840
3932,1850
3933,1852
3934,1858
3935,1870
3936,1881
3937,1872
3938,1872
3939,1870
3940,1888
3941,1895
3942,1883
3943,1867
3944,1847
3945,1837
3946,1834
3947,1840
3948,1844
3949,1850
3950,1856
3951,1862
3952,1869
3953,1873
3954,1867
3955,1865
3956,1868
3957,1887
3958,1892
3959,1871
3960,1856
3961,1845
3962,1833
3963,1834
3964,1837
3965,1843
3966,1851
3967,1856
3968,1870
3969,1872
3970,1872
3971,1870
3972,1867
3973,1878
3974,1903
3975,1891
3976,1872
3977,1855
3978,1841
3979,1838
3980,1840
3981,1843
3982,1851
3983,1855
3984,1856
3985,1862
3986,1871
3987,1865
3988,1863
3989,1870
3990,1891
3991,1903
3992,1883
3993,1866
3994,1852
3995,1838
3996,1834
3997,1839
3998,1842
3999,1847
4000,1852
4001,1859
4002,1867
4003,1875
4004,1872
4005,1872
4006,1883
4007,1904
4008,1904
4009,1881
4010,1867
4011,1855
4012,1838
4013,1836
4014,1838
4015,1838
4016,1825
4017,1839
4018,1854
4019,1874
4020,1875
4021,1870
4022,1870
4023,1881
4024,1899
4025,1887
4026,1872
4027,1857
4028,1841
4029,1839
4030,1841
4031,1840
4032,1845
4033,1841
4034,1855
4035,1863
4036,1874
4037,1872
4038,1874
4039,1872
4040,1889
4041,1902
4042,1884
4043,1863
4044,1840
4045,1830
4046,1827
4047,1831
4048,1839
4049,1841
4050,1836
4051,1856
4052,1870
4053,1875
4054,1871
4055,1872
4056,1872
4057,1899
4058,1904
4059,1882
4060,1861
4061,1843
4062,1831
4063,1827
4064,1833
4065,1843
4066,1851
4067,1855
4068,1869
4069,1873
4070,1874
4071,1871
4072,1872
4073,1882
4074,1898
4075,1886
4076,1863
4077,1843
4078,1831
4079,1831
4080,1835
4081,1842
4082,1847
4083,1853
4084,1860
4085,1871
4086,1875
4087,1874
4088,1874
4089,1872
4090,1893
4091,1903
4092,1867
4093,1850
4094,1841
4095,1835
4096,1835
4097,1840
4098,1845
4099,1850
4100,1854
4101,1866
4102,1872
4103,1877
4104,1867
4105,1863
4106,1863
4107,1889
4108,1895
4109,1876
4110,1860
4111,1850
4112,1840
4113,1839
4114,1838
4115,1838
4116,1846
4117,1857
4118,1865
4119,1871
4120,1868
4121,1866
4122,1861
4123,1871
4124,1897
4125,1893
4126,1872
4127,1857
4128,1847
4129,1837
4130,1836
4131,1839
4132,1840
4133,1840
4134,1846
4135,1856
4136,1863
4137,1859
4138,1867
4139,1865
4140,1891
4141,1892
4142,1881
4143,1862
4144,1849
4145,1838
4146,1837
4147,1846
4148,1852
4149,1849
4150,1850
4151,1862
4152,1871
4153,1866
4154,1863
4155,1871
4156,1872
4157,1899
4158,1899
4159,1879
4160,1862
4161,1841
4162,1831
4163,1840
4164,1846
4165,1856
4166,1858
4167,1859
4168,1861
4169,1858
4170,1856
4171,1858
4172,1869
4173,1875
4174,1898
4175,1891
4176,1871
4177,1855
4178,1841
4179,1839
4180,1841
4181,1845
4182,1852
4183,1856
4184,1861
4185,1866
4186,1872
4187,1871
4188,1872
4189,1872
4190,1886
4191,1902
4192,1883
4193,1863
4194,1843
4195,1831
4196,1826
4197,1830
4198,1840
4199,1850
4200,1857
4201,1871
4202,1874
4203,1877
4204,1872
4205,1869
4206,1866
4207,1889
4208,1894
4209,1872
4210,1855
4211,1840
4212,1832
4213,1834
4214,1840
4215,1842
4216,1851
4217,1856
4218,1859
4219,1874
4220,1873
4221,1872
4222,1870
4223,1878
4224,1891
4225,1886
4226,1867
4227,1843
4228,1835
4229,1827
4230,1826
4231,1843
4232,1847
4233,1854
4234,1858
4235,1870
4236,1873
4237,1869
4238,1869
4239,1868
4240,1885
4241,1898
4242,1882
4243,1866
4244,1851
4245,1839
4246,1831
4247,1838
4248,1843
4249,1847
4250,1855
4251,1865
4252,1871
4253,1873
4254,1861
4255,1866
4256,1872
4257,1892
4258,1897
4259,1872
4260,1862
4261,1855
4262,1847
4263,1847
4264,1849
4265,1854
4266,1845
4267,1841
4268,1857
4269,1875
4270,1879
4271,1871
4272,1857
4273,1873
4274,1887
4275,1887
4276,1872
4277,1863
4278,1849
4279,1840
4280,1828
4281,1845
4282,1856
4283,1860
4284,1863
4285,1865
4286,1875
4287,1878
4288,1853
4289,1855
4290,1882
4291,1887
4292,1854
4293,1841
4294,1837
4295,1827
4296,1834
4297,1839
4298,1847
4299,1855
4300,1856
4301,1868
4302,1874
4303,1879
4304,1874
4305,1876
4306,1874
4307,1901
4308,1903
4309,1877
4310,1860
4311,1847
4312,1839
4313,1839
4314,1838
4315,1840
4316,1843
4317,1851
4318,1859
4319,1870
4320,1871
4321,1869
4322,1871
4323,1882
4324,1899
4325,1889
4326,1870
4327,1851
4328,1840
4329,1835
4330,1840
4331,1842
4332,1844
4333,1850
4334,1861
4335,1871
4336,1874
4337,1872
4338,1872
4339,1872
4340,1639
4341,1494
4342,1991
4343,2170
4344,2193
4345,2192
4346,2157
4347,2032
4348,1932
4349,1687
4350,1522
4351,1610
4352,1729
4353,1766
4354,1779
4355,1809
4356,1843
4357,1878
4358,1902
4359,1904
4360,1908
4361,1906
4362,1897
4363,1887
4364,1876
4365,1856
4366,1830
4367,1821
4368,1824
4369,1837
4370,1841
4371,2357
4372,1047
4373,1855
4374,2189
4375,2293
4376,2297
4377,2245
4378,2067
4379,1892
4380,1609
4381,1465
4382,1565
4383,1655
4384,1713
4385,1771
4386,1815
4387,1841
4388,1863
4389,1891
4390,1936
4391,1979
4392,1983
4393,1958
4394,1925
4395,1874
4396,1843
4397,1815
4398,1803
4399,1790
4400,1792
4401,1808
4402,1823
4403,733
4404,1728
4405,2080
4406,2226
4407,2281
4408,2245
4409,2039
4410,1889
4411,1647
4412,1535
4413,1662
4414,1699
4415,1751
4416,1791
4417,1825
4418,1858
4419,1904
4420,1931
4421,1948
4422,1969
4423,1993
4424,2003
4425,1968
4426,1909
4427,1840
4428,1792
4429,1759
4430,1757
4431,1773
4432,1794
4433,1811
4434,1049
4435,1506
4436,1991
4437,2224
4438,2293
4439,2288
4440,2168
4441,2000
4442,1611
4443,1562
4444,1663
4445,1685
4446,1737
4447,1767
4448,1806
4449,1845
4450,1879
4451,1919
4452,1949
4453,1977
4454,1983
4455,1969
4456,1939
4457,1909
4458,1870
4459,1817
4460,1795
4461,1782
4462,1785
4463,1802
4464,1811
4465,2400
4466,1217
4467,1906
4468,2224
4469,2320
4470,2325
4471,2183
4472,1950
4473,1495
4474,1618
4475,1727
4476,1741
4477,1775
4478,1776
4479,1783
4480,1823
4481,1871
4482,1910
4483,1936
4484,1974
4485,2006
4486,2001
4487,1961
4488,1902
4489,1812
4490,1818
4491,1828
4492,1802
4493,1797
4494,1797
4495,1801
4496,2089
4497,731
4498,1766
4499,2058
4500,2160
4501,2187
4502,2052
4503,1936
4504,1794
4505,1822
4506,1776
4507,1766
4508,1805
4509,1835
4510,1872
4511,1910
4512,1920
4513,1920
4514,1930
4515,1942
4516,1943
4517,1927
4518,1887
4519,1856
4520,1835
4521,1826
4522,1820
4523,1824
4524,1840
4525,1844
4526,1837
4527,1824
4528,448
4529,1514
4530,2004
4531,2218
4532,2273
4533,2143
4534,1959
4535,1727
4536,1776
4537,1807
4538,1778
4539,1795
4540,1836
4541,1867
4542,1879
4543,1893
4544,1900
4545,1898
4546,1908
4547,1921
4548,1918
4549,1891
4550,1859
4551,1843
4552,1842
4553,1851
4554,1819
4555,1808
4556,1830
4557,1866
4558,1882
4559,1501
4560,1249
4561,1945
4562,2202
4563,2280
4564,2166
4565,1965
4566,1783
4567,1825
4568,1828
4569,1757
4570,1755
4571,1776
4572,1817
4573,1872
4574,1923
4575,1938
4576,1933
4577,1926
4578,1923
4579,1919
4580,1904
4581,1872
4582,1856
4583,1838
4584,1823
4585,1809
4586,1804
4587,1814
4588,1831
4589,1845
4590,2845
4591,797
4592,1872
4593,2244
4594,2362
4595,2265
4596,1953
4597,1642
4598,1732
4599,1840
4600,1733
4601,1721
4602,1775
4603,1826
4604,1871
4605,1926
4606,1959
4607,1981
4608,1984
4609,1968
4610,1941
4611,1907
4612,1841
4613,1822
4614,1811
4615,1810
4616,1803
4617,1799
4618,1814
4619,1840
4620,1856
4621,1866
4622,386
4623,1712
4624,2202
4625,2370
4626,2342
4627,2003
4628,1731
4629,1695
4630,1840
4631,1774
4632,1745
4633,1775
4634,1811
4635,1847
4636,1878
4637,1903
4638,1920
4639,1923
4640,1954
4641,1968
4642,1934
4643,1891
4644,1857
4645,1830
4646,1810
4647,1801
4648,1794
4649,1805
4650,1815
4651,1840
4652,1854
4653,765
4654,1445
4655,2064
4656,2321
4657,2415
4658,2112
4659,1793
4660,1719
4661,1890
4662,1797
4663,1718
4664,1731
4665,1774
4666,1808
4667,1869
4668,1931
4669,1955
4670,1958
4671,1962
4672,1956
4673,1948
4674,1920
4675,1877
4676,1845
4677,1815
4678,1793
4679,1789
4680,1796
4681,1812
4682,1829
4683,1841
4684,2197
4685,1059
4686,1956
4687,2292
4688,2431
4689,2211
4690,1917
4691,1679
4692,1883
4693,1867
4694,1744
4695,1712
4696,1727
4697,1766
4698,1835
4699,1895
4700,1933
4701,1946
4702,1947
4703,1947
4704,1920
4705,1894
4706,1877
4707,1888
4708,1872
4709,1845
4710,1814
4711,1802
4712,1802
4713,1815
4714,1831
4715,2169
4716,566
4717,1786
4718,2240
4719,2435
4720,2336
4721,1950
4722,1620
4723,1830
4724,1913
4725,1803
4726,1741
4727,1751
4728,1775
4729,1806
4730,1859
4731,1905
4732,1920
4733,1927
4734,1931
4735,1929
4736,1917
4737,1887
4738,1868
4739,1848
4740,1859
4741,1856
4742,1840
4743,1833
4744,1827
4745,1819
4746,1824
4747,368
4748,1585
4749,2100
4750,2345
4751,2361
4752,1971
4753,1725
4754,1838
4755,1949
4756,1853
4757,1792
4758,1775
4759,1782
4760,1810
4761,1846
4762,1878
4763,1905
4764,1915
4765,1924
4766,1923
4767,1909
4768,1890
4769,1869
4770,1857
4771,1841
4772,1827
4773,1828
4774,1859
4775,1859
4776,1854
4777,1845
4778,1158
4779,1277
4780,1996
4781,2321
4782,2430
4783,2091
4784,1725
4785,1682
4786,1930
4787,1862
4788,1759
4789,1754
4790,1817
4791,1857
4792,1875
4793,1903
4794,1905
4795,1911
4796,1918
4797,1920
4798,1913
4799,1878
4800,1856
4801,1845
4802,1840
4803,1840
4804,1826
4805,1834
4806,1844
4807,1872
4808,1888
4809,2660
4810,950
4811,1898
4812,2270
4813,2446
4814,2199
4815,1866
4816,1610
4817,1839
4818,1858
4819,1776
4820,1753
4821,1792
4822,1819
4823,1857
4824,1914
4825,1936
4826,1931
4827,1923
4828,1914
4829,1893
4830,1862
4831,1843
4832,1841
4833,1833
4834,1829
4835,1827
4836,1838
4837,1843
4838,1855
4839,1858
4840,1903
4841,449
4842,1759
4843,2192
4844,2406
4845,2313
4846,1893
4847,1606
4848,1818
4849,1901
4850,1808
4851,1751
4852,1776
4853,1814
4854,1840
4855,1885
4856,1920
4857,1959
4858,1967
4859,1935
4860,1909
4861,1887
4862,1859
4863,1850
4864,1839
4865,1826
4866,1817
4867,1807
4868,1822
4869,1843
4870,1856
4871,1862
4872,586
4873,1521
4874,2114
4875,2366
4876,2374
4877,1953
4878,1662
4879,1810
4880,1947
4881,1836
4882,1738
4883,1738
4884,1776
4885,1834
4886,1881
4887,1913
4888,1936
4889,1953
4890,1970
4891,1974
4892,1933
4893,1878
4894,1844
4895,1823
4896,1806
4897,1805
4898,1797
4899,1808
4900,1829
4901,1853
4902,1868
4903,1782
4904,1149
4905,1971
4906,2346
4907,2485
4908,2178
4909,1786
4910,1616
4911,1890
4912,1857
4913,1749
4914,1717
4915,1766
4916,1801
4917,1841
4918,1891
4919,1936
4920,1951
4921,1954
4922,1951
4923,1942
4924,1929
4925,1899
4926,1866
4927,1834
4928,1809
4929,1790
4930,1792
4931,1806
4932,1824
4933,1840
4934,2480
4935,663
4936,1839
4937,2221
4938,2395
4939,2224
4940,1863
4941,1732
4942,1959
4943,1937
4944,1799
4945,1729
4946,1715
4947,1759
4948,1821
4949,1874
4950,1908
4951,1931
4952,1947
4953,1957
4954,1936
4955,1899
4956,1872
4957,1887
4958,1876
4959,1851
4960,1823
4961,1801
4962,1805
4963,1813
4964,1829
4965,1841
4966,1853
4967,1858
4968,1872
4969,1883
4970,1881
4971,1879
4972,1876
4973,1891
4974,1902
4975,1886
4976,1866
4977,1840
4978,1829
4979,1829
4980,1837
4981,1843
4982,1856
4983,1859
4984,1869
4985,1872
4986,1882
4987,1875
4988,1873
4989,1872
4990,1891
4991,1904
4992,1879
4993,1856
4994,1840
4995,1827
4996,1825
4997,1836
4998,1842
4999,1850
5000,1856
5001,1866
5002,1871
5003,1874
5004,1866
5005,1868
5006,1867
5007,1879
5008,1887
5009,1872
5010,1856
5011,1844
5012,1835
5013,1835
5014,1840
5015,1850
5016,1853
5017,1859
5018,1868
5019,1872
5020,1869
5021,1871
5022,1867
5023,1879
5024,1893
5025,1887
5026,1866
5027,1847
5028,1839
5029,1829
5030,1834
5031,1840
5032,1846
5033,1853
5034,1859
5035,1867
5036,1872
5037,1867
5038,1865
5039,1857
5040,1876
5041,1882
5042,1874
5043,1861
5044,1846
5045,1837
5046,1836
5047,1837
5048,1843
5049,1850
5050,1856
5051,1863
5052,1870
5053,1874
5054,1872
5055,1873
5056,1873
5057,1890
5058,1894
5059,1872
5060,1855
5061,1840
5062,1829
5063,1830
5064,1838
5065,1843
5066,1849
5067,1854
5068,1859
5069,1870
5070,1872
5071,1870
5072,1869
5073,1874
5074,1891
5075,1879
5076,1861
5077,1844
5078,1837
5079,1828
5080,1835
5081,1841
5082,1847
5083,1854
5084,1869
5085,1874
5086,1883
5087,1877
5088,1872
5089,1872
5090,1888
5091,1899
5092,1875
5093,1853
5094,1825
5095,1817
5096,1817
5097,1825
5098,1840
5099,1851
5100,1850
5101,1858
5102,1869
5103,1872
5104,1866
5105,1867
5106,1871
5107,1889
5108,1891
5109,1869
5110,1855
5111,1840
5112,1835
5113,1839
5114,1846
5115,1846
5116,1847
5117,1855
5118,1858
5119,1872
5120,1872
5121,1867
5122,1868
5123,1879
5124,1889
5125,1874
5126,1859
5127,1840
5128,1830
5129,1825
5130,1827
5131,1840
5132,1851
5133,1855
5134,1863
5135,1872
5136,1877
5137,1872
5138,1870
5139,1867
5140,1882
5141,1887
5142,1872
5143,1856
5144,1845
5145,1839
5146,1838
5147,1841
5148,1846
5149,1850
5150,1851
5151,1860
5152,1865
5153,1866
5154,1853
5155,1864
5156,1869
5157,1886
5158,1885
5159,1863
5160,1851
5161,1840
5162,1831
5163,1838
5164,1844
5165,1850
5166,1847
5167,1855
5168,1870
5169,1873
5170,1872
5171,1869
5172,1867
5173,1879
5174,1899
5175,1891
5176,1875
5177,1864
5178,1846
5179,1840
5180,1841
5181,1845
5182,1842
5183,1840
5184,1834
5185,1851
5186,1872
5187,1869
5188,1867
5189,1863
5190,1878
5191,1894
5192,1872
5193,1856
5194,1839
5195,1831
5196,1828
5197,1835
5198,1850
5199,1856
5200,1857
5201,1863
5202,1870
5203,1875
5204,1871
5205,1863
5206,1867
5207,1885
5208,1891
5209,1871
5210,1855
5211,1842
5212,1835
5213,1830
5214,1834
5215,1843
5216,1843
5217,1847
5218,1861
5219,1872
5220,1870
5221,1867
5222,1870
5223,1878
5224,1894
5225,1881
5226,1862
5227,1846
5228,1840
5229,1838
5230,1840
5231,1851
5232,1854
5233,1854
5234,1859
5235,1861
5236,1866
5237,1862
5238,1862
5239,1863
5240,1879
5241,1892
5242,1873
5243,1858
5244,1840
5245,1831
5246,1829
5247,1827
5248,1837
5249,1838
5250,1841
5251,1850
5252,1863
5253,1871
5254,1870
5255,1867
5256,1872
5257,1889
5258,1890
5259,1865
5260,1847
5261,1840
5262,1836
5263,1837
5264,1842
5265,1847
5266,1853
5267,1858
5268,1867
5269,1871
5270,1867
5271,1869
5272,1866
5273,1875
5274,1881
5275,1872
5276,1855
5277,1841
5278,1838
5279,1840
5280,1841
5281,1847
5282,1851
5283,1856
5284,1863
5285,1868
5286,1872
5287,1869
5288,1865
5289,1867
5290,1878
5291,1889
5292,1872
5293,1858
5294,1845
5295,1840
5296,1840
5297,1846
5298,1853
5299,1855
5300,1856
5301,1867
5302,1873
5303,1879
5304,1861
5305,1858
5306,1862
5307,1877
5308,1873
5309,1866
5310,1856
5311,1844
5312,1839
5313,1841
5314,1850
5315,1854
5316,1857
5317,1858
5318,1864
5319,1872
5320,1872
5321,1867
5322,1866
5323,1872
5324,1889
5325,1876
5326,1862
5327,1852
5328,1844
5329,1839
5330,1841
5331,1846
5332,1851
5333,1852
5334,1859
5335,1862
5336,1866
5337,1861
5338,1862
5339,1861
5340,1874
5341,1875
5342,1866
5343,1855
5344,1848
5345,1840
5346,1842
5347,1847
5348,1854
5349,1855
5350,1856
5351,1863
5352,1869
5353,1873
5354,1870
5355,1866
5356,1871
5357,1885
5358,1884
5359,1865
5360,1856
5361,1847
5362,1840
5363,1843
5364,1836
5365,1849
5366,1847
5367,1850
5368,1866
5369,1875
5370,1878
5371,1872
5372,1869
5373,1879
5374,1889
5375,1873
5376,1856
5377,1845
5378,1837
5379,1834
5380,1836
5381,1845
5382,1851
5383,1853
5384,1865
5385,1867
5386,1872
5387,1872
5388,1872
5389,1872
5390,1886
5391,1888
5392,1870
5393,1855
5394,1840
5395,1835
5396,1838
5397,1840
5398,1844
5399,1854
5400,1856
5401,1863
5402,1869
5403,1872
5404,1872
5405,1872
5406,1872
5407,1882
5408,1879
5409,1863
5410,1855
5411,1842
5412,1840
5413,1840
5414,1848
5415,1855
5416,1853
5417,1861
5418,1869
5419,1872
5420,1871
5421,1869
5422,1863
5423,1873
5424,1882
5425,1871
5426,1855
5427,1842
5428,1835
5429,1831
5430,1833
5431,1846
5432,1851
5433,1856
5434,1860
5435,1869
5436,1875
5437,1871
5438,1871
5439,1867
5440,1883
5441,1890
5442,1872
5443,1858
5444,1851
5445,1842
5446,1840
5447,1842
5448,1854
5449,1851
5450,1855
5451,1866
5452,1873
5453,1873
5454,1861
5455,1861
5456,1867
5457,1886
5458,1885
5459,1860
5460,1851
5461,1843
5462,1838
5463,1840
5464,1846
5465,1850
5466,1850
5467,1855
5468,1867
5469,1871
5470,1872
5471,1870
5472,1865
5473,1875
5474,1893
5475,1882
5476,1857
5477,1850
5478,1840
5479,1837
5480,1840
5481,1846
5482,1854
5483,1854
5484,1855
5485,1866
5486,1872
5487,1863
5488,1859
5489,1863
5490,1879
5491,1893
5492,1872
5493,1856
5494,1842
5495,1833
5496,1835
5497,1842
5498,1849
5499,1852
5500,1854
5501,1866
5502,1871
5503,1875
5504,1869
5505,1867
5506,1872
5507,1895
5508,1893
5509,1872
5510,1858
5511,1845
5512,1831
5513,1836
5514,1837
5515,1842
5516,1843
5517,1849
5518,1857
5519,1872
5520,1872
5521,1869
5522,1861
5523,1874
5524,1893
5525,1885
5526,1869
5527,1851
5528,1837
5529,1834
5530,1839
5531,1845
5532,1850
5533,1851
5534,1859
5535,1870
5536,1873
5537,1872
5538,1872
5539,1871
5540,1887
5541,1892
5542,1870
5543,1857
5544,1845
5545,1840
5546,1839
5547,1840
5548,1846
5549,1847
5550,1840
5551,1845
5552,1856
5553,1860
5554,1856
5555,1863
5556,1872
5557,1892
5558,1894
5559,1872
5560,1850
5561,1839
5562,1830
5563,1834
5564,1840
5565,1846
5566,1851
5567,1856
5568,1867
5569,1874
5570,1872
5571,1871
5572,1868
5573,1878
5574,1895
5575,1887
5576,1861
5577,1845
5578,1834
5579,1835
5580,1839
5581,1841
5582,1847
5583,1853
5584,1859
5585,1870
5586,1873
5587,1871
5588,1871
5589,1871
5590,1890
5591,1897
5592,1875
5593,1857
5594,1843
5595,1838
5596,1837
5597,1840
5598,1843
5599,1852
5600,1855
5601,1867
5602,1869
5603,1873
5604,1859
5605,1861
5606,1867
5607,1893
5608,1889
5609,1872
5610,1854
5611,1840
5612,1830
5613,1833
5614,1842
5615,1847
5616,1851
5617,1856
5618,1860
5619,1874
5620,1872
5621,1872
5622,1869
5623,1877
5624,1899
5625,1885
5626,1862
5627,1853
5628,1840
5629,1826
5630,1829
5631,1840
5632,1842
5633,1846
5634,1854
5635,1862
5636,1872
5637,1866
5638,1865
5639,1861
5640,1875
5641,1887
5642,1872
5643,1860
5644,1840
5645,1831
5646,1833
5647,1838
5648,1845
5649,1852
5650,1855
5651,1866
5652,1871
5653,1879
5654,1872
5655,1870
5656,1874
5657,1898
5658,1897
5659,1872
5660,1855
5661,1840
5662,1833
5663,1835
5664,1834
5665,1840
5666,1841
5667,1847
5668,1867
5669,1872
5670,1873
5671,1869
5672,1868
5673,1877
5674,1901
5675,1888
5676,1866
5677,1846
5678,1838
5679,1828
5680,1837
5681,1845
5682,1853
5683,1858
5684,1870
5685,1876
5686,1874
5687,1863
5688,1858
5689,1856
5690,1874
5691,1894
5692,1873
5693,1861
5694,1845
5695,1840
5696,1835
5697,1837
5698,1840
5699,1853
5700,1855
5701,1871
5702,1874
5703,1879
5704,1871
5705,1869
5706,1872
5707,1898
5708,1898
5709,1872
5710,1855
5711,1839
5712,1829
5713,1831
5714,1839
5715,1844
5716,1847
5717,1856
5718,1871
5719,1870
5720,1871
5721,1862
5722,1863
5723,1875
5724,1898
5725,1885
5726,1861
5727,1842
5728,1829
5729,1824
5730,1824
5731,1841
5732,1851
5733,1851
5734,1861
5735,1872
5736,1877
5737,1872
5738,1871
5739,1872
5740,1891
5741,1900
5742,1874
5743,1856
5744,1840
5745,1834
5746,1831
5747,1839
5748,1846
5749,1853
5750,1855
5751,1866
5752,1871
5753,1876
5754,1870
5755,1868
5756,1872
5757,1889
5758,1894
5759,1859
5760,1852
5761,1839
5762,1833
5763,1834
5764,1843
5765,1850
5766,1852
5767,1856
5768,1870
5769,1875
5770,1873
5771,1873
5772,1872
5773,1885
5774,1903
5775,1890
5776,1867
5777,1842
5778,1827
5779,1824
5780,1838
5781,1842
5782,1852
5783,1856
5784,1857
5785,1869
5786,1877
5787,1870
5788,1862
5789,1862
5790,1885
5791,1899
5792,1879
5793,1862
5794,1843
5795,1834
5796,1830
5797,1838
5798,1849
5799,1853
5800,1856
5801,1871
5802,1873
5803,1877
5804,1872
5805,1872
5806,1872
5807,1891
5808,1894
5809,1870
5810,1853
5811,1840
5812,1829
5813,1835
5814,1838
5815,1840
5816,1843
5817,1854
5818,1862
5819,1874
5820,1876
5821,1872
5822,1872
5823,1885
5824,1906
5825,1894
5826,1872
5827,1853
5828,1839
5829,1826
5830,1830
5831,1842
5832,1847
5833,1855
5834,1863
5835,1872
5836,1883
5837,1872
5838,1867
5839,1863
5840,1879
5841,1895
5842,1876
5843,1861
5844,1839
5845,1820
5846,1819
5847,1826
5848,1839
5849,1843
5850,1851
5851,1858
5852,1872
5853,1877
5854,1872
5855,1872
5856,1874
5857,1894
5858,1888
5859,1868
5860,1853
5861,1840
5862,1834
5863,1835
5864,1840
5865,1850
5866,1853
5867,1857
5868,1866
5869,1872
5870,1872
5871,1870
5872,1869
5873,1881
5874,1904
5875,1883
5876,1861
5877,1840
5878,1831
5879,1830
5880,1837
5881,1843
5882,1853
5883,1855
5884,1863
5885,1871
5886,1874
5887,1871
5888,1871
5889,1869
5890,1891
5891,1903
5892,1878
5893,1856
5894,1841
5895,1833
5896,1831
5897,1839
5898,1845
5899,1849
5900,1855
5901,1868
5902,1872
5903,1879
5904,1870
5905,1867
5906,1871
5907,1893
5908,1892
5909,1872
5910,1851
5911,1837
5912,1828
5913,1833
5914,1840
5915,1852
5916,1855
5917,1859
5918,1861
5919,1876
5920,1875
5921,1872
5922,1871
5923,1882
5924,1903
5925,1889
5926,1870
5927,1851
5928,1835
5929,1825
5930,1828
5931,1840
5932,1845
5933,1847
5934,1856
5935,1865
5936,1873
5937,1868
5938,1871
5939,1861
5940,1887
5941,1891
5942,1875
5943,1857
5944,1840
5945,1830
5946,1835
5947,1841
5948,1853
5949,1856
5950,1856
5951,1870
5952,1872
5953,1872
5954,1868
5955,1872
5956,1877
5957,1901
5958,1901
5959,1875
5960,1854
5961,1840
5962,1828
5963,1828
5964,1827
5965,1840
5966,2527
5967,1008
5968,1854
5969,2148
5970,2234
5971,2240
5972,2226
5973,2189
5974,2102
5975,1965
5976,1703
5977,1473
5978,1517
5979,1616
5980,1680
5981,1734
5982,1786
5983,1829
5984,1867
5985,1903
5986,1946
5987,1975
5988,1993
5989,1978
5990,1966
5991,1927
5992,1860
5993,1792
5994,1761
5995,1762
5996,1772
5997,1781
5998,639
5999,1682
6000,2063
6001,2222
6002,2257
6003,2261
6004,2211
6005,2085
6006,1947
6007,1757
6008,1535
6009,1515
6010,1621
6011,1688
6012,1729
6013,1761
6014,1805
6015,1846
6016,1887
6017,1938
6018,1975
6019,1997
6020,1984
6021,1940
6022,1889
6023,1853
6024,1835
6025,1819
6026,1808
6027,1793
6028,1792
6029,933
6030,1483
6031,1973
6032,2187
6033,2230
6034,2243
6035,2209
6036,2087
6037,1935
6038,1643
6039,1493
6040,1616
6041,1727
6042,1763
6043,1791
6044,1813
6045,1843
6046,1873
6047,1917
6048,1961
6049,1992
6050,1996
6051,1971
6052,1920
6053,1854
6054,1785
6055,1758
6056,1774
6057,1819
6058,1849
6059,1835
6060,2608
6061,1174
6062,1861
6063,2118
6064,2194
6065,2217
6066,2192
6067,2067
6068,1947
6069,1693
6070,1557
6071,1663
6072,1719
6073,1781
6074,1855
6075,1879
6076,1895
6077,1915
6078,1936
6079,1962
6080,1982
6081,1975
6082,1926
6083,1857
6084,1808
6085,1796
6086,1795
6087,1797
6088,1819
6089,1823
6090,1854
6091,2003
6092,819
6093,1795
6094,2047
6095,2143
6096,2175
6097,2178
6098,2085
6099,2000
6100,1720
6101,1567
6102,1687
6103,1745
6104,1785
6105,1837
6106,1874
6107,1936
6108,1963
6109,1973
6110,1991
6111,1989
6112,1946
6113,1889
6114,1813
6115,1776
6116,1763
6117,1771
6118,1791
6119,1817
6120,1838
6121,1847
6122,1856
6123,563
6124,1705
6125,2053
6126,2166
6127,2192
6128,2182
6129,2081
6130,2007
6131,1681
6132,1566
6133,1665
6134,1725
6135,1791
6136,1845
6137,1879
6138,1918
6139,1949
6140,1995
6141,2034
6142,2034
6143,1979
6144,1873
6145,1775
6146,1731
6147,1737
6148,1763
6149,1761
6150,1783
6151,1821
6152,1840
6153,1860
6154,1196
6155,1380
6156,1963
6157,2159
6158,2209
6159,2191
6160,2079
6161,2033
6162,1837
6163,1648
6164,1687
6165,1729
6166,1783
6167,1829
6168,1872
6169,1914
6170,1936
6171,1967
6172,1994
6173,2007
6174,1989
6175,1917
6176,1822
6177,1771
6178,1747
6179,1766
6180,1774
6181,1797
6182,1822
6183,1837
6184,1852
6185,2926
6186,875
6187,1872
6188,2174
6189,2274
6190,2302
6191,2193
6192,2064
6193,1801
6194,1574
6195,1623
6196,1674
6197,1746
6198,1808
6199,1846
6200,1883
6201,1917
6202,1956
6203,1998
6204,1999
6205,1981
6206,1920
6207,1872
6208,1838
6209,1807
6210,1792
6211,1775
6212,1767
6213,1791
6214,1815
6215,1838
6216,1866
6217,464
6218,1732
6219,2145
6220,2289
6221,2295
6222,2181
6223,2017
6224,1841
6225,1679
6226,1712
6227,1729
6228,1757
6229,1783
6230,1814
6231,1853
6232,1883
6233,1919
6234,1955
6235,1984
6236,1979
6237,1921
6238,1859
6239,1818
6240,1819
6241,1845
6242,1818
6243,1808
6244,1802
6245,1807
6246,1817
6247,1829
6248,581
6249,1485
6250,2042
6251,2256
6252,2313
6253,2233
6254,2005
6255,1902
6256,1712
6257,1739
6258,1757
6259,1775
6260,1792
6261,1808
6262,1849
6263,1887
6264,1907
6265,1935
6266,1947
6267,1950
6268,1927
6269,1886
6270,1861
6271,1841
6272,1834
6273,1832
6274,1840
6275,1853
6276,1840
6277,1824
6278,1824
6279,2122
6280,1035
6281,1920
6282,2213
6283,2319
6284,2303
6285,2030
6286,1941
6287,1729
6288,1726
6289,1726
6290,1770
6291,1822
6292,1822
6293,1843
6294,1862
6295,1875
6296,1898
6297,1915
6298,1922
6299,1918
6300,1887
6301,1885
6302,1876
6303,1870
6304,1834
6305,1805
6306,1815
6307,1858
6308,1872
6309,1858
6310,2192
6311,544
6312,1767
6313,2134
6314,2282
6315,2317
6316,2045
6317,1905
6318,1763
6319,1751
6320,1759
6321,1772
6322,1805
6323,1832
6324,1872
6325,1904
6326,1917
6327,1910
6328,1903
6329,1898
6330,1894
6331,1880
6332,1862
6333,1855
6334,1855
6335,1840
6336,1822
6337,1819
6338,1840
6339,1847
6340,1871
6341,1883
6342,335
6343,1643
6344,2101
6345,2277
6346,2343
6347,2118
6348,1925
6349,1709
6350,1690
6351,1751
6352,1781
6353,1820
6354,1818
6355,1838
6356,1886
6357,1938
6358,1959
6359,1936
6360,1936
6361,1916
6362,1867
6363,1840
6364,1837
6365,1835
6366,1835
6367,1830
6368,1840
6369,1843
6370,1853
6371,1853
6372,1859
6373,1168
6374,1330
6375,2022
6376,2246
6377,2341
6378,2198
6379,1904
6380,1818
6381,1722
6382,1765
6383,1761
6384,1783
6385,1825
6386,1847
6387,1863
6388,1883
6389,1917
6390,1948
6391,1975
6392,1953
6393,1910
6394,1853
6395,1826
6396,1821
6397,1819
6398,1818
6399,1808
6400,1819
6401,1835
6402,1851
6403,1871
6404,2701
6405,949
6406,1921
6407,2275
6408,2417
6409,2347
6410,1993
6411,1808
6412,1636
6413,1698
6414,1715
6415,1750
6416,1787
6417,1809
6418,1845
6419,1899
6420,1926
6421,1942
6422,1950
6423,1967
6424,1967
6425,1923
6426,1877
6427,1845
6428,1825
6429,1801
6430,1786
6431,1793
6432,1808
6433,1818
6434,1840
6435,1973
6436,490
6437,1770
6438,2190
6439,2384
6440,2435
6441,2121
6442,1924
6443,1606
6444,1664
6445,1712
6446,1744
6447,1785
6448,1808
6449,1829
6450,1856
6451,1898
6452,1931
6453,1953
6454,1953
6455,1951
6456,1920
6457,1903
6458,1881
6459,1842
6460,1813
6461,1791
6462,1782
6463,1801
6464,1823
6465,1841
6466,1852
6467,593
6468,1502
6469,2091
6470,2337
6471,2429
6472,2192
6473,1937
6474,1664
6475,1712
6476,1750
6477,1742
6478,1762
6479,1783
6480,1817
6481,1863
6482,1907
6483,1936
6484,1952
6485,1957
6486,1955
6487,1911
6488,1880
6489,1867
6490,1879
6491,1885
6492,1854
6493,1808
6494,1801
6495,1807
6496,1813
6497,1823
6498,1803
6499,1129
6500,1958
6501,2291
6502,2439
6503,2317
6504,1975
6505,1708
6506,1670
6507,1790
6508,1797
6509,1789
6510,1792
6511,1799
6512,1808
6513,1840
6514,1877
6515,1913
6516,1935
6517,1943
6518,1926
6519,1907
6520,1890
6521,1872
6522,1856
6523,1845
6524,1843
6525,1839
6526,1835
6527,1834
6528,1830
6529,2429
6530,624
6531,1801
6532,2188
6533,2368
6534,2349
6535,1991
6536,1786
6537,1691
6538,1806
6539,1776
6540,1793
6541,1818
6542,1808
6543,1840
6544,1863
6545,1890
6546,1910
6547,1926
6548,1933
6549,1919
6550,1886
6551,1883
6552,1878
6553,1868
6554,1836
6555,1808
6556,1819
6557,1858
6558,1872
6559,1857
6560,1847
6561,318
6562,1621
6563,2125
6564,2339
6565,2399
6566,2085
6567,1798
6568,1613
6569,1799
6570,1803
6571,1785
6572,1797
6573,1843
6574,1887
6575,1887
6576,1898
6577,1916
6578,1921
6579,1920
6580,1914
6581,1887
6582,1865
6583,1855
6584,1850
6585,1847
6586,1840
6587,1817
6588,1826
6589,1840
6590,1873
6591,1889
6592,1875
6593,1861
6594,1847
6595,1840
6596,1841
6597,1849
6598,1861
6599,1872
6600,1873
6601,1887
6602,1895
6603,1886
6604,1871
6605,1863
6606,1867
6607,1886
6608,1887
6609,1867
6610,1847
6611,1839
6612,1834
6613,1838
6614,1849
6615,1856
6616,1846
6617,1851
6618,1859
6619,1871
6620,1870
6621,1862
6622,1857
6623,1871
6624,1887
6625,1876
6626,1868
6627,1851
6628,1840
6629,1840
6630,1841
6631,1847
6632,1840
6633,1840
6634,1850
6635,1865
6636,1875
6637,1884
6638,1890
6639,1890
6640,1904
6641,1887
6642,1843
6643,1835
6644,1834
6645,1828
6646,1837
6647,1843
6648,1854
6649,1856
6650,1856
6651,1862
6652,1868
6653,1874
6654,1866
6655,1872
6656,1877
6657,1903
6658,1902
6659,1872
6660,1846
6661,1836
6662,1831
6663,1840
6664,1841
6665,1847
6666,1849
6667,1866
6668,1893
6669,1904
6670,1909
6671,1879
6672,1832
6673,1817
6674,1856
6675,1870
6676,1862
6677,1856
6678,1863
6679,1886
6680,1888
6681,1872
6682,1837
6683,1757
6684,1783
6685,1838
6686,1860
6687,1876
6688,1872
6689,1891
6690,1901
6691,1891
6692,1840
6693,1837
6694,1839
6695,1829
6696,1835
6697,1840
6698,1850
6699,1855
6700,1861
6701,1873
6702,1882
6703,1883
6704,1872
6705,1865
6706,1863
6707,1884
6708,1886
6709,1869
6710,1851
6711,1843
6712,1837
6713,1841
6714,1842
6715,1856
6716,1859
6717,1854
6718,1867
6719,1872
6720,1866
6721,1857
6722,1858
6723,1872
6724,1895
6725,1887
6726,1869
6727,1856
6728,1840
6729,1835
6730,1835
6731,1841
6732,1844
6733,1851
6734,1862
6735,1871
6736,1876
6737,1870
6738,1867
6739,1863
6740,1879
6741,1898
6742,1879
6743,1862
6744,1840
6745,1829
6746,1827
6747,1836
6748,1843
6749,1845
6750,1850
6751,1861
6752,1872
6753,1876
6754,1871
6755,1869
6756,1872
6757,1895
6758,1898
6759,1867
6760,1851
6761,1838
6762,1827
6763,1833
6764,1840
6765,1852
6766,1854
6767,1863
6768,1879
6769,1888
6770,1885
6771,1877
6772,1877
6773,1879
6774,1878
6775,1865
6776,1852
6777,1844
6778,1833
6779,1837
6780,1838
6781,1838
6782,1840
6783,1831
6784,1843
6785,1862
6786,1873
6787,1866
6788,1861
6789,1863
6790,1887
6791,1895
6792,1875
6793,1856
6794,1840
6795,1828
6796,1831
6797,1837
6798,1845
6799,1849
6800,1854
6801,1867
6802,1872
6803,1877
6804,1859
6805,1859
6806,1866
6807,1891
6808,1889
6809,1870
6810,1855
6811,1840
6812,1826
6813,1829
6814,1838
6815,1845
6816,1850
6817,1850
6818,1851
6819,1867
6820,1871
6821,1869
6822,1871
6823,1878
6824,1899
6825,1887
6826,1868
6827,1851
6828,1839
6829,1827
6830,1831
6831,1840
6832,1847
6833,1849
6834,1856
6835,1869
6836,1872
6837,1863
6838,1858
6839,1853
6840,1875
6841,1891
6842,1886
6843,1867
6844,1845
6845,1826
6846,1824
6847,1831
6848,1841
6849,1847
6850,1854
6851,1863
6852,1869
6853,1877
6854,1872
6855,1875
6856,1877
6857,1902
6858,1904
6859,1879
6860,1856
6861,1835
6862,1815
6863,1823
6864,1829
6865,1840
6866,1840
6867,1849
6868,1865
6869,1874
6870,1874
6871,1872
6872,1872
6873,1879
6874,1901
6875,1888
6876,1863
6877,1846
6878,1834
6879,1830
6880,1836
6881,1845
6882,1856
6883,1855
6884,1865
6885,1872
6886,1883
6887,1873
6888,1871
6889,1870
6890,1888
6891,1896
6892,1870
6893,1840
6894,1829
6895,1822
6896,1819
6897,1829
6898,1834
6899,1846
6900,1851
6901,1863
6902,1872
6903,1875
6904,1870
6905,1872
6906,1872
6907,1895
6908,1900
6909,1875
6910,1856
6911,1840
6912,1830
6913,1833
6914,1840
6915,1847
6916,1857
6917,1862
6918,1863
6919,1863
6920,1865
6921,1857
6922,1856
6923,1869
6924,1893
6925,1881
6926,1861
6927,1843
6928,1833
6929,1829
6930,1828
6931,1840
6932,1846
6933,1847
6934,1854
6935,1863
6936,1875
6937,1872
6938,1872
6939,1869
6940,1889
6941,1904
6942,1878
6943,1861
6944,1843
6945,1836
6946,1830
6947,1836
6948,1845
6949,1847
6950,1855
6951,1867
6952,1872
6953,1882
6954,1867
6955,1870
6956,1872
6957,1891
6958,1891
6959,1866
6960,1854
6961,1840
6962,1830
6963,1833
6964,1839
6965,1843
6966,1846
6967,1855
6968,1865
6969,1872
6970,1872
6971,1870
6972,1866
6973,1877
6974,1901
6975,1892
6976,1869
6977,1847
6978,1835
6979,1835
6980,1837
6981,1841
6982,1845
6983,1853
6984,1856
6985,1869
6986,1875
6987,1872
6988,1872
6989,1872
6990,1891
6991,1899
6992,1873
6993,1854
6994,1838
6995,1829
6996,1826
6997,1831
6998,1840
6999,1845
7000,1846
7001,1866
7002,1872
7003,1877
7004,1871
7005,1871
7006,1872
7007,1895
7008,1901
7009,1872
7010,1854
7011,1839
7012,1827
7013,1830
7014,1835
7015,1841
7016,1845
7017,1846
7018,1859
7019,1872
7020,1872
7021,1869
7022,1871
7023,1882
7024,1904
7025,1890
7026,1869
7027,1847
7028,1837
7029,1831
7030,1836
7031,1847
7032,1855
7033,1858
7034,1869
7035,1872
7036,1874
7037,1872
7038,1867
7039,1862
7040,1881
7041,1897
7042,1878
7043,1857
7044,1834
7045,1822
7046,1823
7047,1827
7048,1838
7049,1840
7050,1848
7051,1860
7052,1876
7053,1883
7054,1876
7055,1873
7056,1875
7057,1899
7058,1898
7059,1872
7060,1854
7061,1840
7062,1829
7063,1831
7064,1840
7065,1850
7066,1853
7067,1857
7068,1870
7069,1875
7070,1875
7071,1872
7072,1872
7073,1882
7074,1893
7075,1887
7076,1862
7077,1842
7078,1831
7079,1830
7080,1837
7081,1841
7082,1849
7083,1850
7084,1858
7085,1869
7086,1877
7087,1872
7088,1872
7089,1869
7090,1887
7091,1902
7092,1879
7093,1861
7094,1846
7095,1833
7096,1833
7097,1840
7098,1846
7099,1853
7100,1856
7101,1868
7102,1873
7103,1884
7104,1870
7105,1868
7106,1872
7107,1889
7108,1891
7109,1867
7110,1850
7111,1838
7112,1825
7113,1831
7114,1840
7115,1845
7116,1846
7117,1853
7118,1857
7119,1872
7120,1872
7121,1869
7122,1867
7123,1875
7124,1899
7125,1888
7126,1866
7127,1849
7128,1840
7129,1827
7130,1831
7131,1840
7132,1843
7133,1846
7134,1856
7135,1865
7136,1872
7137,1866
7138,1866
7139,1861
7140,1882
7141,1904
7142,1879
7143,1863
7144,1843
7145,1837
7146,1833
7147,1837
7148,1841
7149,1847
7150,1852
7151,1866
7152,1872
7153,1875
7154,1870
7155,1871
7156,1872
7157,1889
7158,1895
7159,1872
7160,1856
7161,1840
7162,1836
7163,1838
7164,1840
7165,1842
7166,1843
7167,1851
7168,1866
7169,1865
7170,1872
7171,1872
7172,1871
7173,1880
7174,1898
7175,1887
7176,1865
7177,1847
7178,1840
7179,1831
7180,1840
7181,1844
7182,1850
7183,1853
7184,1862
7185,1869
7186,1874
7187,1871
7188,1872
7189,1872
7190,1890
7191,1903
7192,1878
7193,1862
7194,1841
7195,1834
7196,1834
7197,1836
7198,1841
7199,1847
7200,1854
7201,1866
7202,1870
7203,1872
7204,1871
7205,1871
7206,1872
7207,1892
7208,1893
7209,1871
7210,1856
7211,1843
7212,1835
7213,1836
7214,1840
7215,1852
7216,1851
7217,1856
7218,1859
7219,1866
7220,1869
7221,1861
7222,1861
7223,1872
7224,1894
7225,1883
7226,1861
7227,1845
7228,1835
7229,1828
7230,1830
7231,1841
7232,1851
7233,1851
7234,1858
7235,1867
7236,1877
7237,1872
7238,1872
7239,1869
7240,1890
7241,1901
7242,1878
7243,1862
7244,1842
7245,1837
7246,1835
7247,1840
7248,1846
7249,1850
7250,1856
7251,1867
7252,1872
7253,1875
7254,1863
7255,1863
7256,1870
7257,1890
7258,1893
7259,1871
7260,1859
7261,1843
7262,1831
7263,1831
7264,1841
7265,1846
7266,1852
7267,1855
7268,1866
7269,1872
7270,1872
7271,1870
7272,1869
7273,1878
7274,1903
7275,1894
7276,1871
7277,1851
7278,1838
7279,1831
7280,1835
7281,1841
7282,1846
7283,1853
7284,1853
7285,1862
7286,1872
7287,1869
7288,1867
7289,1871
7290,1891
7291,1904
7292,1881
7293,1862
7294,1845
7295,1833
7296,1827
7297,1835
7298,1842
7299,1849
7300,1851
7301,1863
7302,1872
7303,1877
7304,1872
7305,1872
7306,1872
7307,1900
7308,1904
7309,1882
7310,1856
7311,1840
7312,1826
7313,1833
7314,1835
7315,1839
7316,1841
7317,1847
7318,1859
7319,1874
7320,1873
7321,1872
7322,1872
7323,1879
7324,1903
7325,1889
7326,1863
7327,1845
7328,1837
7329,1827
7330,1839
7331,1846
7332,1856
7333,1856
7334,1862
7335,1873
7336,1874
7337,1872
7338,1871
7339,1867
7340,1889
7341,1904
7342,1883
7343,1861
7344,1838
7345,1827
7346,1823
7347,1829
7348,1838
7349,1838
7350,1840
7351,1853
7352,1869
7353,1877
7354,1872
7355,1873
7356,1883
7357,1905
7358,1904
7359,1877
7360,1858
7361,1842
7362,1831
7363,1831
7364,1840
7365,1850
7366,1855
7367,1857
7368,1869
7369,1872
7370,1875
7371,1872
7372,1869
7373,1875
7374,1894
7375,1887
7376,1863
7377,1843
7378,1837
7379,1830
7380,1831
7381,1840
7382,1849
7383,1850
7384,1857
7385,1871
7386,1875
7387,1872
7388,1871
7389,1867
7390,1885
7391,1904
7392,1878
7393,1858
7394,1842
7395,1834
7396,1830
7397,1839
7398,1846
7399,1851
7400,1855
7401,1869
7402,1872
7403,1882
7404,1870
7405,1872
7406,1878
7407,1899
7408,1899
7409,1879
7410,1858
7411,1839
7412,1815
7413,1813
7414,1827
7415,1841
7416,1847
7417,1855
7418,1858
7419,1868
7420,1872
7421,1872
7422,1870
7423,1874
7424,1895
7425,1889
7426,1871
7427,1852
7428,1839
7429,1822
7430,1831
7431,1837
7432,1846
7433,1847
7434,1854
7435,1863
7436,1869
7437,1870
7438,1870
7439,1862
7440,1887
7441,1897
7442,1879
7443,1860
7444,1842
7445,1835
7446,1833
7447,1838
7448,1849
7449,1856
7450,1862
7451,1877
7452,1888
7453,1894
7454,1882
7455,1873
7456,1862
7457,1872
7458,1891
7459,1878
7460,1872
7461,1865
7462,1861
7463,1856
7464,1840
7465,1829
7466,1808
7467,1794
7468,1821
7469,1863
7470,1878
7471,1882
7472,1885
7473,1902
7474,1925
7475,1914
7476,1888
7477,1859
7478,1829
7479,1808
7480,1803
7481,1814
7482,1826
7483,1844
7484,1855
7485,1856
7486,1872
7487,1870
7488,1871
7489,1871
7490,1887
7491,1904
7492,1875
7493,1865
7494,1846
7495,1838
7496,1834
7497,1837
7498,1841
7499,1846
7500,1847
7501,1861
7502,1871
7503,1882
7504,1872
7505,1873
7506,1874
7507,1901
7508,1899
7509,1872
7510,1861
7511,1841
7512,1835
7513,1838
7514,1840
7515,1846
7516,1849
7517,1855
7518,1861
7519,1868
7520,1869
7521,1866
7522,1867
7523,1874
7524,1893
7525,1878
7526,1861
7527,1843
7528,1839
7529,1827
7530,1833
7531,1850
7532,1858
7533,1857
7534,1859
7535,1872
7536,1877
7537,1875
7538,1874
7539,1872
7540,1889
7541,1903
7542,1883
7543,1863
7544,1847
7545,1831
7546,1823
7547,1831
7548,1840
7549,1847
7550,1857
7551,1867
7552,1872
7553,1884
7554,1872
7555,1872
7556,1862
7557,1886
7558,1889
7559,1865
7560,1858
7561,1841
7562,1835
7563,1834
7564,1840
7565,1847
7566,1849
7567,1853
7568,1866
7569,1875
7570,1877
7571,1872
7572,1862
7573,1867
7574,1886
7575,1885
7576,1867
7577,1854
7578,1847
7579,1842
7580,1849
7581,1856
7582,1863
7583,1865
7584,1863
7585,1872
7586,1878
7587,1858
7588,1849
7589,1855
7590,1879
7591,1898
7592,1883
7593,723
7594,1765
7595,2077
7596,2188
7597,2195
7598,2194
7599,2153
7600,2032
7601,1911
7602,1687
7603,1535
7604,1599
7605,1693
7606,1744
7607,1809
7608,1847
7609,1856
7610,1861
7611,1885
7612,1923
7613,1957
7614,1969
7615,1963
7616,1914
7617,1862
7618,1783
7619,1747
7620,1773
7621,1791
7622,1810
7623,1831
7624,741
7625,1610
7626,2018
7627,2181
7628,2209
7629,2203
7630,2149
7631,2023
7632,1884
7633,1646
7634,1521
7635,1602
7636,1696
7637,1759
7638,1801
7639,1829
7640,1886
7641,1933
7642,1951
7643,1957
7644,1957
7645,1943
7646,1921
7647,1877
7648,1840
7649,1797
7650,1777
7651,1792
7652,1808
7653,1831
7654,1840
7655,2067
7656,1323
7657,1965
7658,2221
7659,2263
7660,2263
7661,2214
7662,2070
7663,1934
7664,1661
7665,1483
7666,1535
7667,1649
7668,1731
7669,1793
7670,1840
7671,1877
7672,1916
7673,1969
7674,2005
7675,2006
7676,1990
7677,1939
7678,1867
7679,1802
7680,1753
7681,1745
7682,1769
7683,1786
7684,1809
7685,1837
7686,2658
7687,1008
7688,1850
7689,2123
7690,2233
7691,2287
7692,2240
7693,2099
7694,1989
7695,1670
7696,1511
7697,1616
7698,1682
7699,1745
7700,1808
7701,1872
7702,1906
7703,1947
7704,1973
7705,2000
7706,2021
7707,2029
7708,1981
7709,1885
7710,1789
7711,1749
7712,1735
7713,1744
7714,1765
7715,1796
7716,1811
7717,1835
7718,641
7719,1715
7720,2032
7721,2149
7722,2183
7723,2192
7724,2123
7725,2065
7726,1793
7727,1637
7728,1669
7729,1691
7730,1744
7731,1798
7732,1853
7733,1885
7734,1922
7735,1971
7736,2011
7737,2019
7738,1991
7739,1923
7740,1857
7741,1813
7742,1781
7743,1775
7744,1766
7745,1771
7746,1789
7747,1807
7748,1825
7749,883
7750,1500
7751,1963
7752,2135
7753,2186
7754,2183
7755,2082
7756,2007
7757,1842
7758,1730
7759,1744
7760,1745
7761,1766
7762,1797
7763,1838
7764,1872
7765,1909
7766,1939
7767,1978
7768,1999
7769,1985
7770,1915
7771,1835
7772,1794
7773,1794
7774,1813
7775,1806
7776,1791
7777,1794
7778,1802
7779,1810
7780,2833
7781,1040
7782,1873
7783,2112
7784,2192
7785,2214
7786,2145
7787,2077
7788,1903
7789,1680
7790,1719
7791,1776
7792,1803
7793,1823
7794,1837
7795,1862
7796,1893
7797,1927
7798,1968
7799,1991
7800,1970
7801,1915
7802,1840
7803,1811
7804,1791
7805,1793
7806,1791
7807,1822
7808,1843
7809,1841
7810,1835
7811,1895
7812,558
7813,1730
7814,2060
7815,2183
7816,2208
7817,2133
7818,2021
7819,1891
7820,1715
7821,1738
7822,1754
7823,1797
7824,1858
7825,1879
7826,1888
7827,1903
7828,1910
7829,1927
7830,1951
7831,1951
7832,1905
7833,1840
7834,1817
7835,1808
7836,1822
7837,1804
7838,1791
7839,1817
7840,1855
7841,1874
7842,1873
7843,490
7844,1568
7845,1999
7846,2160
7847,2201
7848,2158
7849,2000
7850,1919
7851,1759
7852,1744
7853,1770
7854,1776
7855,1806
7856,1837
7857,1902
7858,1935
7859,1938
7860,1955
7861,1959
7862,1938
7863,1902
7864,1837
7865,1809
7866,1799
7867,1803
7868,1808
7869,1813
7870,1830
7871,1839
7872,1847
7873,1869
7874,1606
7875,1303
7876,1984
7877,2235
7878,2271
7879,2197
7880,2000
7881,1871
7882,1701
7883,1719
7884,1732
7885,1767
7886,1808
7887,1833
7888,1861
7889,1903
7890,1953
7891,1995
7892,1998
7893,1979
7894,1920
7895,1840
7896,1799
7897,1792
7898,1792
7899,1793
7900,1792
7901,1813
7902,1838
7903,1859
7904,1858
7905,2797
7906,802
7907,1887
7908,2215
7909,2288
7910,2260
7911,2022
7912,1885
7913,1727
7914,1713
7915,1745
7916,1775
7917,1802
7918,1827
7919,1867
7920,1904
7921,1923
7922,1941
7923,1966
7924,1986
7925,1965
7926,1886
7927,1831
7928,1808
7929,1798
7930,1794
7931,1795
7932,1807
7933,1819
7934,1838
7935,1856
7936,1875
7937,445
7938,1739
7939,2140
7940,2318
7941,2367
7942,2141
7943,1910
7944,1739
7945,1697
7946,1712
7947,1737
7948,1775
7949,1798
7950,1828
7951,1867
7952,1894
7953,1937
7954,1948
7955,1953
7956,1942
7957,1933
7958,1909
7959,1872
7960,1839
7961,1813
7962,1778
7963,1775
7964,1806
7965,1828
7966,1840
7967,1855
7968,764
7969,1455
7970,2057
7971,2266
7972,2350
7973,2224
7974,1974
7975,1853
7976,1741
7977,1744
7978,1735
7979,1753
7980,1781
7981,1813
7982,1856
7983,1889
7984,1918
7985,1949
7986,1967
7987,1961
7988,1932
7989,1893
7990,1890
7991,1883
7992,1847
7993,1811
7994,1782
7995,1781
7996,1797
7997,1815
7998,1833
7999,2286
8000,1035
8001,1933
8002,2243
8003,2363
8004,2301
8005,1984
8006,1851
8007,1728
8008,1799
8009,1798
8010,1795
8011,1786
8012,1792
8013,1820
8014,1846
8015,1885
8016,1906
8017,1920
8018,1927
8019,1931
8020,1903
8021,1876
8022,1869
8023,1863
8024,1863
8025,1840
8026,1817
8027,1815
8028,1810
8029,1815
8030,2373
8031,636
8032,1807
8033,2203
8034,2384
8035,2400
8036,2079
8037,1840
8038,1664
8039,1691
8040,1737
8041,1791
8042,1806
8043,1805
8044,1815
8045,1859
8046,1898
8047,1920
8048,1936
8049,1936
8050,1926
8051,1898
8052,1879
8053,1877
8054,1859
8055,1846
8056,1810
8057,1830
8058,1863
8059,1850
8060,1842
8061,1840
8062,346
8063,1585
8064,2093
8065,2329
8066,2413
8067,2159
8068,1919
8069,1661
8070,1691
8071,1754
8072,1770
8073,1808
8074,1853
8075,1867
8076,1872
8077,1886
8078,1902
8079,1913
8080,1923
8081,1925
8082,1904
8083,1871
8084,1857
8085,1849
8086,1844
8087,1825
8088,1810
8089,1823
8090,1858
8091,1882
8092,1873
8093,1182
8094,1315
8095,1983
8096,2271
8097,2389
8098,2250
8099,1930
8100,1666
8101,1643
8102,1776
8103,1796
8104,1808
8105,1834
8106,1845
8107,1886
8108,1921
8109,1927
8110,1934
8111,1923
8112,1919
8113,1897
8114,1867
8115,1854
8116,1838
8117,1826
8118,1813
8119,1792
8120,1799
8121,1825
8122,1845
8123,1858
8124,2977
8125,957
8126,1901
8127,2237
8128,2373
8129,2314
8130,1958
8131,1678
8132,1618
8133,1779
8134,1786
8135,1806
8136,1829
8137,1839
8138,1858
8139,1886
8140,1936
8141,1973
8142,1966
8143,1946
8144,1904
8145,1849
8146,1827
8147,1825
8148,1821
8149,1809
8150,1793
8151,1808
8152,1842
8153,1872
8154,1866
8155,1982
8156,563
8157,1804
8158,2223
8159,2386
8160,2399
8161,2037
8162,1771
8163,1596
8164,1747
8165,1767
8166,1755
8167,1786
8168,1826
8169,1849
8170,1875
8171,1899
8172,1928
8173,1953
8174,1977
8175,1959
8176,1904
8177,1858
8178,1839
8179,1825
8180,1814
8181,1794
8182,1792
8183,1809
8184,1824
8185,1851
8186,1863
8187,575
8188,1531
8189,2097
8190,2411
8191,2525
8192,2256
8193,1922
8194,1455
8195,1614
8196,1744
8197,1750
8198,1778
8199,1809
8200,1834
8201,1861
8202,1890
8203,1927
8204,1941
8205,1955
8206,1954
8207,1951
8208,1922
8209,1878
8210,1845
8211,1815
8212,1782
8213,1771
8214,1786
8215,1814
8216,1826
8217,1839
8218,1854
8219,1871
8220,1881
8221,1879
8222,1879
8223,1890
8224,1907
8225,1904
8226,1878
8227,1862
8228,1852
8229,1841
8230,1842
8231,1851
8232,1856
8233,1855
8234,1860
8235,1873
8236,1877
8237,1873
8238,1872
8239,1872
8240,1880
8241,1898
8242,1883
8243,1861
8244,1842
8245,1833
8246,1829
8247,1834
8248,1840
8249,1840
8250,1843
8251,1855
8252,1863
8253,1878
8254,1873
8255,1875
8256,1872
8257,1893
8258,1904
8259,1886
8260,1869
8261,1854
8262,1845
8263,1840
8264,1819
8265,1811
8266,1821
8267,1843
8268,1865
8269,1872
8270,1881
8271,1873
8272,1872
8273,1877
8274,1882
8275,1883
8276,1863
8277,1842
8278,1834
8279,1834
8280,1840
8281,1845
8282,1850
8283,1847
8284,1856
8285,1869
8286,1875
8287,1872
8288,1867
8289,1866
8290,1884
8291,1904
8292,1885
8293,1862
8294,1850
8295,1838
8296,1831
8297,1837
8298,1843
8299,1850
8300,1853
8301,1862
8302,1870
8303,1874
8304,1861
8305,1859
8306,1862
8307,1887
8308,1894
8309,1872
8310,1854
8311,1840
8312,1829
8313,1831
8314,1838
8315,1842
8316,1850
8317,1852
8318,1860
8319,1870
8320,1871
8321,1865
8322,1867
8323,1872
8324,1894
8325,1889
8326,1865
8327,1848
8328,1833
8329,1819
8330,1824
8331,1838
8332,1843
8333,1842
8334,1853
8335,1861
8336,1870
8337,1866
8338,1863
8339,1859
8340,1876
8341,1890
8342,1881
8343,1861
8344,1843
8345,1836
8346,1830
8347,1837
8348,1845
8349,1845
8350,1849
8351,1859
8352,1869
8353,1876
8354,1872
8355,1871
8356,1869
8357,1889
8358,1899
8359,1871
8360,1852
8361,1838
8362,1829
8363,1835
8364,1837
8365,1843
8366,1850
8367,1850
8368,1853
8369,1859
8370,1868
8371,1865
8372,1863
8373,1875
8374,1895
8375,1890
8376,1866
8377,1851
8378,1840
8379,1831
8380,1839
8381,1850
8382,1856
8383,1857
8384,1867
8385,1872
8386,1872
8387,1871
8388,1858
8389,1859
8390,1875
8391,1894
8392,1877
8393,1856
8394,1840
8395,1826
8396,1825
8397,1831
8398,1838
8399,1853
8400,1859
8401,1871
8402,1874
8403,1888
8404,1881
8405,1874
8406,1862
8407,1878
8408,1890
8409,1870
8410,1846
8411,1835
8412,1824
8413,1822
8414,1834
8415,1842
8416,1845
8417,1853
8418,1859
8419,1869
8420,1873
8421,1863
8422,1856
8423,1871
8424,1901
8425,1891
8426,1862
8427,1840
8428,1830
8429,1822
8430,1824
8431,1841
8432,1846
8433,1850
8434,1853
8435,1863
8436,1879
8437,1877
8438,1874
8439,1867
8440,1889
8441,1906
8442,1889
8443,1859
8444,1840
8445,1828
8446,1831
8447,1839
8448,1847
8449,1855
8450,1859
8451,1865
8452,1877
8453,1897
8454,1888
8455,1882
8456,1874
8457,1882
8458,1900
8459,1856
8460,1825
8461,1813
8462,1808
8463,1815
8464,1821
8465,1835
8466,1841
8467,1850
8468,1857
8469,1874
8470,1879
8471,1881
8472,1882
8473,1884
8474,1904
8475,1897
8476,1869
8477,1846
8478,1835
8479,1829
8480,1839
8481,1840
8482,1847
8483,1850
8484,1849
8485,1859
8486,1874
8487,1872
8488,1878
8489,1871
8490,1888
8491,1911
8492,1889
8493,1857
8494,1840
8495,1825
8496,1827
8497,1833
8498,1841
8499,1847
8500,1850
8501,1854
8502,1869
8503,1879
8504,1874
8505,1871
8506,1863
8507,1895
8508,1904
8509,1873
8510,1856
8511,1838
8512,1828
8513,1833
8514,1829
8515,1836
8516,1840
8517,1842
8518,1855
8519,1872
8520,1877
8521,1870
8522,1871
8523,1878
8524,1908
8525,1902
8526,1870
8527,1845
8528,1833
8529,1821
8530,1831
8531,1835
8532,1843
8533,1847
8534,1853
8535,1861
8536,1879
8537,1874
8538,1872
8539,1870
8540,1887
8541,1904
8542,1886
8543,1861
8544,1837
8545,1822
8546,1822
8547,1825
8548,1839
8549,1839
8550,1842
8551,1846
8552,1871
8553,1881
8554,1872
8555,1869
8556,1872
8557,1892
8558,1904
8559,1879
8560,1855
8561,1840
8562,1830
8563,1828
8564,1840
8565,1844
8566,1850
8567,1853
8568,1861
8569,1872
8570,1875
8571,1872
8572,1871
8573,1875
8574,1892
8575,1894
8576,1870
8577,1847
8578,1836
8579,1834
8580,1835
8581,1840
8582,1846
8583,1853
8584,1856
8585,1870
8586,1874
8587,1872
8588,1870
8589,1865
8590,1882
8591,1903
8592,1886
8593,1865
8594,1849
8595,1837
8596,1831
8597,1839
8598,1847
8599,1855
8600,1858
8601,1871
8602,1878
8603,1884
8604,1870
8605,1863
8606,1856
8607,1883
8608,1895
8609,1870
8610,1855
8611,1846
8612,1835
8613,1826
8614,1829
8615,1832
8616,1838
8617,1846
8618,1858
8619,1872
8620,1874
8621,1871
8622,1871
8623,1875
8624,1904
8625,1904
8626,1872
8627,1855
8628,1840
8629,1827
8630,1814
8631,1827
8632,1842
8633,1843
8634,1852
8635,1863
8636,1872
8637,1871
8638,1869
8639,1865
8640,1877
8641,1893
8642,1879
8643,1865
8644,1851
8645,1838
8646,1834
8647,1839
8648,1843
8649,1851
8650,1853
8651,1865
8652,1872
8653,1879
8654,1872
8655,1872
8656,1872
8657,1891
8658,1902
8659,1875
8660,1857
8661,1840
8662,1830
8663,1834
8664,1834
8665,1840
8666,1842
8667,1851
8668,1861
8669,1877
8670,1876
8671,1871
8672,1871
8673,1878
8674,1895
8675,1895
8676,1872
8677,1853
8678,1840
8679,1829
8680,1835
8681,1840
8682,1850
8683,1851
8684,1857
8685,1872
8686,1873
8687,1874
8688,1871
8689,1866
8690,1886
8691,1902
8692,1887
8693,1867
8694,1841
8695,1833
8696,1827
8697,1830
8698,1838
8699,1852
8700,1857
8701,1865
8702,1872
8703,1877
8704,1871
8705,1869
8706,1872
8707,1892
8708,1900
8709,1874
8710,1860
8711,1840
8712,1829
8713,1827
8714,1840
8715,1850
8716,1849
8717,1856
8718,1871
8719,1870
8720,1870
8721,1866
8722,1865
8723,1865
8724,1887
8725,1885
8726,1862
8727,1843
8728,1834
8729,1822
8730,1825
8731,1840
8732,1849
8733,1851
8734,1857
8735,1872
8736,1872
8737,1874
8738,1872
8739,1872
8740,1891
8741,1904
8742,1894
8743,1863
8744,1846
8745,1837
8746,1831
8747,1835
8748,1840
8749,1840
8750,1846
8751,1858
8752,1870
8753,1878
8754,1869
8755,1866
8756,1865
8757,1885
8758,1896
8759,1870
8760,1859
8761,1845
8762,1835
8763,1840
8764,1846
8765,1853
8766,1853
8767,1855
8768,1856
8769,1856
8770,1870
8771,1861
8772,1865
8773,1872
8774,1903
8775,1903
8776,1879
8777,1862
8778,1840
8779,1825
8780,1825
8781,1830
8782,1840
8783,1842
8784,1847
8785,1861
8786,1869
8787,1869
8788,1867
8789,1872
8790,1884
8791,1904
8792,1889
8793,1869
8794,1852
8795,1839
8796,1835
8797,1837
8798,1846
8799,1855
8800,1853
8801,1856
8802,1863
8803,1874
8804,1872
8805,1872
8806,1871
8807,1893
8808,1902
8809,1882
8810,1858
8811,1840
8812,1830
8813,1833
8814,1833
8815,1840
8816,1837
8817,1840
8818,1856
8819,1867
8820,1876
8821,1872
8822,1872
8823,1877
8824,1899
8825,1900
8826,1874
8827,1850
8828,1838
8829,1827
8830,1835
8831,1840
8832,1846
8833,1851
8834,1856
8835,1870
8836,1875
8837,1872
8838,1872
8839,1872
8840,1887
8841,1904
8842,1891
8843,1866
8844,1841
8845,1829
8846,1827
8847,1834
8848,1843
8849,1847
8850,1850
8851,1861
8852,1872
8853,1872
8854,1861
8855,1869
8856,1869
8857,1890
8858,1888
8859,1871
8860,1846
8861,1834
8862,1823
8863,1827
8864,1840
8865,1856
8866,1859
8867,1866
8868,1878
8869,1883
8870,1889
8871,1874
8872,1867
8873,1872
8874,1897
8875,1890
8876,1859
8877,1835
8878,1814
8879,1823
8880,1838
8881,1840
8882,1850
8883,1852
8884,1862
8885,1866
8886,1866
8887,1869
8888,1871
8889,1871
8890,1879
8891,1902
8892,1890
8893,1869
8894,1851
8895,1840
8896,1836
8897,1838
8898,1845
8899,1854
8900,1856
8901,1863
8902,1869
8903,1877
8904,1867
8905,1868
8906,1866
8907,1880
8908,1893
8909,1877
8910,1857
8911,1843
8912,1834
8913,1831
8914,1840
8915,1846
8916,1851
8917,1857
8918,1863
8919,1872
8920,1878
8921,1869
8922,1869
8923,1863
8924,1882
8925,1887
8926,1863
8927,1852
8928,1839
8929,1819
8930,1830
8931,1837
8932,1845
8933,1843
8934,1851
8935,1860
8936,1867
8937,1866
8938,1863
8939,1859
8940,1872
8941,1888
8942,1885
8943,1868
8944,1853
8945,1840
8946,1837
8947,1840
8948,1846
8949,1854
8950,1855
8951,1866
8952,1868
8953,1874
8954,1872
8955,1866
8956,1867
8957,1887
8958,1895
8959,1879
8960,1866
8961,1851
8962,1840
8963,1840
8964,1835
8965,1840
8966,1854
8967,1858
8968,1876
8969,1883
8970,1888
8971,1877
8972,1871
8973,1853
8974,1863
8975,1877
8976,1869
8977,1853
8978,1842
8979,1840
8980,1840
8981,1849
8982,1851
8983,1855
8984,1856
8985,1871
8986,1872
8987,1875
8988,1872
8989,1875
8990,1888
8991,1903
8992,1891
8993,1869
8994,1845
8995,1833
8996,1823
8997,1830
8998,1840
8999,1853
9000,1853
9001,1863
9002,1871
9003,1877
9004,1872
9005,1874
9006,1872
9007,1890
9008,1898
9009,1877
9010,1851
9011,1840
9012,1829
9013,1833
9014,1840
9015,1846
9016,1847
9017,1851
9018,1858
9019,1862
9020,1863
9021,1858
9022,1858
9023,1862
9024,1882
9025,1885
9026,1867
9027,1850
9028,1838
9029,1825
9030,1826
9031,1840
9032,1850
9033,1851
9034,1855
9035,1868
9036,1872
9037,1872
9038,1868
9039,1869
9040,1876
9041,1894
9042,1889
9043,1870
9044,1854
9045,1840
9046,1839
9047,1839
9048,1842
9049,1843
9050,1846
9051,1856
9052,1869
9053,1872
9054,1863
9055,1862
9056,1862
9057,1878
9058,1889
9059,1868
9060,1863
9061,1846
9062,1836
9063,1836
9064,1839
9065,1846
9066,1851
9067,1856
9068,1867
9069,1872
9070,1874
9071,1872
9072,1870
9073,1868
9074,1884
9075,1892
9076,1872
9077,1856
9078,1840
9079,1837
9080,1837
9081,1840
9082,1847
9083,1850
9084,1854
9085,1862
9086,1869
9087,1871
9088,1868
9089,1873
9090,1889
9091,1904
9092,1895
9093,1873
9094,1853
9095,1837
9096,1821
9097,1822
9098,1838
9099,1840
9100,1840
9101,1854
9102,1864
9103,1872
9104,1872
9105,1871
9106,1872
9107,1887
9108,1901
9109,1878
9110,1863
9111,1850
9112,1840
9113,1840
9114,1839
9115,1843
9116,1845
9117,1846
9118,1855
9119,1870
9120,1872
9121,1866
9122,1863
9123,1872
9124,1888
9125,1893
9126,1872
9127,1858
9128,1842
9129,1834
9130,1840
9131,1845
9132,1853
9133,1851
9134,1856
9135,1867
9136,1872
9137,1870
9138,1869
9139,1869
9140,1882
9141,1901
9142,1887
9143,1870
9144,1847
9145,1839
9146,1827
9147,1834
9148,1840
9149,1840
9150,1840
9151,1850
9152,1863
9153,1874
9154,1868
9155,1868
9156,1870
9157,1886
9158,1898
9159,1878
9160,1866
9161,1851
9162,1840
9163,1847
9164,1861
9165,1870
9166,1867
9167,1865
9168,1866
9169,1863
9170,1850
9171,1842
9172,1855
9173,1870
9174,1883
9175,1881
9176,1861
9177,1847
9178,1839
9179,1840
9180,1838
9181,1840
9182,1846
9183,1847
9184,1859
9185,1873
9186,1881
9187,1887
9188,1888
9189,1882
9190,1883
9191,1902
9192,1885
9193,1861
9194,1838
9195,1824
9196,1835
9197,1841
9198,1851
9199,1857
9200,1858
9201,1862
9202,1877
9203,1876
9204,1865
9205,1870
9206,1871
9207,1879
9208,1887
9209,1862
9210,1855
9211,1853
9212,1840
9213,1840
9214,1845
9215,1857
9216,1856
9217,1851
9218,1856
9219,855
9220,1744
9221,2112
9222,2266
9223,2309
9224,2333
9225,2284
9226,2112
9227,1930
9228,1680
9229,1411
9230,1456
9231,1593
9232,1651
9233,1681
9234,1728
9235,1772
9236,1810
9237,1840
9238,1874
9239,1900
9240,1927
9241,1951
9242,1937
9243,1906
9244,1867
9245,1813
9246,1803
9247,1808
9248,1811
9249,1821
9250,1201
9251,1557
9252,1995
9253,2162
9254,2192
9255,2192
9256,2151
9257,2030
9258,1910
9259,1698
9260,1535
9261,1641
9262,1712
9263,1742
9264,1763
9265,1792
9266,1821
9267,1856
9268,1894
9269,1921
9270,1938
9271,1936
9272,1932
9273,1920
9274,1921
9275,1903
9276,1863
9277,1835
9278,1809
9279,1797
9280,1805
9281,2801
9282,1255
9283,1899
9284,2190
9285,2261
9286,2257
9287,2191
9288,2012
9289,1839
9290,1626
9291,1566
9292,1695
9293,1761
9294,1750
9295,1758
9296,1777
9297,1811
9298,1853
9299,1893
9300,1915
9301,1936
9302,1946
9303,1942
9304,1924
9305,1895
9306,1866
9307,1867
9308,1863
9309,1842
9310,1827
9311,1818
9312,1812
9313,809
9314,1743
9315,2083
9316,2204
9317,2215
9318,2181
9319,2025
9320,1884
9321,1665
9322,1614
9323,1753
9324,1811
9325,1805
9326,1806
9327,1821
9328,1838
9329,1839
9330,1858
9331,1898
9332,1929
9333,1937
9334,1934
9335,1927
9336,1893
9337,1859
9338,1834
9339,1817
9340,1827
9341,1854
9342,1854
9343,1841
9344,784
9345,1584
9346,1969
9347,2160
9348,2210
9349,2212
9350,2069
9351,1948
9352,1755
9353,1659
9354,1738
9355,1762
9356,1755
9357,1811
9358,1843
9359,1851
9360,1859
9361,1872
9362,1897
9363,1917
9364,1933
9365,1927
9366,1902
9367,1853
9368,1829
9369,1821
9370,1829
9371,1822
9372,1830
9373,1840
9374,1872
9375,1824
9376,1394
9377,1934
9378,2155
9379,2222
9380,2240
9381,2117
9382,1972
9383,1723
9384,1633
9385,1758
9386,1753
9387,1759
9388,1770
9389,1806
9390,1856
9391,1910
9392,1933
9393,1937
9394,1937
9395,1925
9396,1898
9397,1854
9398,1817
9399,1805
9400,1808
9401,1819
9402,1834
9403,1841
9404,1841
9405,1855
9406,2512
9407,1072
9408,1885
9409,2117
9410,2185
9411,2191
9412,2069
9413,1931
9414,1776
9415,1710
9416,1777
9417,1759
9418,1774
9419,1810
9420,1845
9421,1863
9422,1895
9423,1936
9424,1989
9425,2007
9426,1984
9427,1936
9428,1867
9429,1802
9430,1780
9431,1773
9432,1778
9433,1794
9434,1813
9435,1840
9436,1855
9437,1862
9438,633
9439,1703
9440,2013
9441,2146
9442,2174
9443,2064
9444,1919
9445,1915
9446,1808
9447,1825
9448,1770
9449,1759
9450,1783
9451,1815
9452,1860
9453,1905
9454,1936
9455,1967
9456,1978
9457,1994
9458,1971
9459,1895
9460,1835
9461,1791
9462,1766
9463,1763
9464,1776
9465,1798
9466,1814
9467,1833
9468,1854
9469,910
9470,1531
9471,1970
9472,2150
9473,2205
9474,2157
9475,1994
9476,1856
9477,1787
9478,1834
9479,1776
9480,1765
9481,1782
9482,1808
9483,1838
9484,1871
9485,1920
9486,1968
9487,1986
9488,1985
9489,1951
9490,1903
9491,1870
9492,1832
9493,1797
9494,1782
9495,1778
9496,1787
9497,1797
9498,1817
9499,1835
9500,2639
9501,1165
9502,1893
9503,2110
9504,2173
9505,2139
9506,1962
9507,1946
9508,1872
9509,1925
9510,1823
9511,1765
9512,1762
9513,1790
9514,1815
9515,1853
9516,1892
9517,1936
9518,1967
9519,1974
9520,1954
9521,1901
9522,1847
9523,1828
9524,1833
9525,1831
9526,1821
9527,1813
9528,1813
9529,1808
9530,1822
9531,1872
9532,561
9533,1744
9534,2078
9535,2211
9536,2224
9537,2021
9538,1894
9539,1801
9540,1936
9541,1879
9542,1805
9543,1792
9544,1801
9545,1808
9546,1826
9547,1859
9548,1900
9549,1920
9550,1925
9551,1927
9552,1907
9553,1881
9554,1866
9555,1858
9556,1847
9557,1856
9558,1857
9559,1842
9560,1834
9561,1829
9562,1825
9563,482
9564,1531
9565,1989
9566,2145
9567,2189
9568,2031
9569,1918
9570,1892
9571,1985
9572,1923
9573,1808
9574,1811
9575,1830
9576,1827
9577,1840
9578,1859
9579,1876
9580,1901
9581,1914
9582,1914
9583,1891
9584,1862
9585,1869
9586,1862
9587,1851
9588,1838
9589,1824
9590,1842
9591,1872
9592,1872
9593,1857
9594,1642
9595,1211
9596,1904
9597,2150
9598,2240
9599,2127
9600,1952
9601,1795
9602,1943
9603,1961
9604,1803
9605,1754
9606,1776
9607,1830
9608,1870
9609,1886
9610,1904
9611,1915
9612,1913
9613,1904
9614,1882
9615,1844
9616,1829
9617,1826
9618,1830
9619,1839
9620,1847
9621,1843
9622,1850
9623,1855
9624,1881
9625,2962
9626,896
9627,1851
9628,2097
9629,2181
9630,2121
9631,1920
9632,1904
9633,1963
9634,1941
9635,1821
9636,1776
9637,1793
9638,1818
9639,1840
9640,1875
9641,1932
9642,1949
9643,1942
9644,1931
9645,1902
9646,1859
9647,1842
9648,1840
9649,1825
9650,1808
9651,1808
9652,1825
9653,1834
9654,1840
9655,1852
9656,1857
9657,463
9658,1749
9659,2097
9660,2238
9661,2214
9662,1955
9663,1872
9664,1900
9665,1963
9666,1818
9667,1727
9668,1743
9669,1798
9670,1843
9671,1865
9672,1898
9673,1929
9674,1968
9675,1971
9676,1936
9677,1879
9678,1840
9679,1815
9680,1807
9681,1807
9682,1808
9683,1813
9684,1828
9685,1845
9686,1859
9687,1871
9688,641
9689,1503
9690,2034
9691,2267
9692,2304
9693,2044
9694,1904
9695,1840
9696,1977
9697,1857
9698,1731
9699,1721
9700,1759
9701,1808
9702,1851
9703,1889
9704,1918
9705,1941
9706,1947
9707,1954
9708,1933
9709,1879
9710,1847
9711,1823
9712,1807
9713,1797
9714,1794
9715,1821
9716,1831
9717,1840
9718,1856
9719,2451
9720,1088
9721,1919
9722,2190
9723,2283
9724,2128
9725,1929
9726,1874
9727,1987
9728,1913
9729,1734
9730,1690
9731,1740
9732,1808
9733,1845
9734,1882
9735,1926
9736,1955
9737,1968
9738,1958
9739,1925
9740,1889
9741,1883
9742,1868
9743,1840
9744,1808
9745,1787
9746,1789
9747,1805
9748,1822
9749,1838
9750,2047
9751,575
9752,1780
9753,2155
9754,2297
9755,2218
9756,1937
9757,1877
9758,1994
9759,1985
9760,1804
9761,1709
9762,1709
9763,1755
9764,1799
9765,1858
9766,1909
9767,1936
9768,1955
9769,1959
9770,1947
9771,1900
9772,1868
9773,1857
9774,1867
9775,1858
9776,1824
9777,1803
9778,1802
9779,1808
9780,1822
9781,1838
9782,335
9783,1630
9784,2101
9785,2333
9786,2332
9787,2031
9788,1847
9789,1831
9790,1985
9791,1875
9792,1735
9793,1712
9794,1753
9795,1795
9796,1840
9797,1878
9798,1907
9799,1931
9800,1942
9801,1937
9802,1911
9803,1882
9804,1866
9805,1854
9806,1837
9807,1843
9808,1843
9809,1841
9810,1835
9811,1831
9812,1829
9813,1002
9814,1344
9815,1994
9816,2267
9817,2335
9818,2065
9819,1840
9820,1783
9821,2000
9822,1899
9823,1733
9824,1719
9825,1781
9826,1813
9827,1856
9828,1895
9829,1910
9830,1926
9831,1934
9832,1927
9833,1898
9834,1868
9835,1862
9836,1858
9837,1842
9838,1824
9839,1815
9840,1833
9841,1866
9842,1872
9843,1859
9844,1849
9845,1840
9846,1839
9847,1841
9848,1850
9849,1858
9850,1862
9851,1869
9852,1878
9853,1883
9854,1878
9855,1876
9856,1874
9857,1897
9858,1904
9859,1881
9860,1859
9861,1845
9862,1840
9863,1838
9864,1837
9865,1841
9866,1846
9867,1849
9868,1859
9869,1870
9870,1878
9871,1869
9872,1871
9873,1871
9874,1892
9875,1899
9876,1873
9877,1856
9878,1842
9879,1831
9880,1835
9881,1840
9882,1848
9883,1856
9884,1856
9885,1871
9886,1875
9887,1877
9888,1866
9889,1869
9890,1877
9891,1895
9892,1886
9893,1863
9894,1840
9895,1834
9896,1826
9897,1831
9898,1840
9899,1849
9900,1853
9901,1862
9902,1871
9903,1877
9904,1873
9905,1873
9906,1871
9907,1884
9908,1899
9909,1880
9910,1857
9911,1840
9912,1825
9913,1831
9914,1839
9915,1847
9916,1854
9917,1855
9918,1856
9919,1862
9920,1865
9921,1859
9922,1859
9923,1866
9924,1886
9925,1887
9926,1867
9927,1847
9928,1837
9929,1823
9930,1830
9931,1840
9932,1849
9933,1850
9934,1854
9935,1863
9936,1871
9937,1874
9938,1870
9939,1870
9940,1874
9941,1895
9942,1892
9943,1867
9944,1840
9945,1833
9946,1835
9947,1841
9948,1844
9949,1842
9950,1843
9951,1856
9952,1865
9953,1869
9954,1857
9955,1861
9956,1860
9957,1879
9958,1893
9959,1873
9960,1858
9961,1845
9962,1843
9963,1834
9964,1837
9965,1853
9966,1851
9967,1830
9968,1849
9969,1862
9970,1872
9971,1866
9972,1869
9973,1869
9974,1887
9975,1891
9976,1870
9977,1854
9978,1839
9979,1829
9980,1834
9981,1840
9982,1849
9983,1853
9984,1854
9985,1867
9986,1869
9987,1871
9988,1862
9989,1870
9990,1877
9991,1901
9992,1898
9993,1872
9994,1854
9995,1839
9996,1828
9997,1840
9998,1840
9999,1843
10000,1851
10001,1859
10002,1872
10003,1874
10004,1866
10005,1865
10006,1863
10007,1886
10008,1899
10009,1881
10010,1857
10011,1840
10012,1829
10013,1829
10014,1829
10015,1840
10016,1842
10017,1845
10018,1859
10019,1871
10020,1875
10021,1870
10022,1868
10023,1869
10024,1891
10025,1898
10026,1875
10027,1855
10028,1841
10029,1829
10030,1827
10031,1835
10032,1845
10033,1850
10034,1856
10035,1871
10036,1872
10037,1877
10038,1871
10039,1870
10040,1878
10041,1898
10042,1894
10043,1872
10044,1843
10045,1826
10046,1819
10047,1822
10048,1831
10049,1839
10050,1841
10051,1852
10052,1869
10053,1876
10054,1872
10055,1870
10056,1869
10057,1885
10058,1901
10059,1882
10060,1862
10061,1844
10062,1837
10063,1828
10064,1840
10065,1844
10066,1851
10067,1853
10068,1863
10069,1869
10070,1872
10071,1867
10072,1867
10073,1871
10074,1887
10075,1893
10076,1873
10077,1855
10078,1837
10079,1825
10080,1826
10081,1840
10082,1846
10083,1853
10084,1855
10085,1866
10086,1857
10087,1861
10088,1861
10089,1867
10090,1876
10091,1895
10092,1893
10093,1871
10094,1850
10095,1839
10096,1834
10097,1838
10098,1840
10099,1847
10100,1851
10101,1859
10102,1871
10103,1872
10104,1858
10105,1859
10106,1856
10107,1876
10108,1895
10109,1885
10110,1858
10111,1841
10112,1831
10113,1827
10114,1835
10115,1841
10116,1850
10117,1855
10118,1858
10119,1872
10120,1879
10121,1872
10122,1870
10123,1871
10124,1894
10125,1898
10126,1872
10127,1855
10128,1839
10129,1820
10130,1823
10131,1825
10132,1837
10133,1842
10134,1849
10135,1858
10136,1863
10137,1870
10138,1861
10139,1861
10140,1872
10141,1891
10142,1893
10143,1869
10144,1847
10145,1835
10146,1828
10147,1833
10148,1841
10149,1852
10150,1854
10151,1857
10152,1870
10153,1877
10154,1873
10155,1871
10156,1867
10157,1886
10158,1904
10159,1884
10160,1858
10161,1841
10162,1833
10163,1833
10164,1830
10165,1840
10166,1840
10167,1842
10168,1859
10169,1871
10170,1872
10171,1868
10172,1868
10173,1866
10174,1887
10175,1899
10176,1873
10177,1857
10178,1841
10179,1839
10180,1840
10181,1840
10182,1842
10183,1842
10184,1843
10185,1861
10186,1867
10187,1873
10188,1869
10189,1869
10190,1878
10191,1897
10192,1895
10193,1869
10194,1845
10195,1831
10196,1826
10197,1831
10198,1840
10199,1851
10200,1853
10201,1854
10202,1863
10203,1872
10204,1872
10205,1873
10206,1872
10207,1897
10208,1913
10209,1892
10210,1858
10211,1826
10212,1809
10213,1821
10214,1833
10215,1840
10216,1849
10217,1853
10218,1858
10219,1865
10220,1868
10221,1861
10222,1862
10223,1866
10224,1886
10225,1893
10226,1871
10227,1851
10228,1834
10229,1825
10230,1839
10231,1846
10232,1851
10233,1860
10234,1865
10235,1870
10236,1866
10237,1863
10238,1856
10239,1866
10240,1863
10241,1872
10242,1879
10243,1866
10244,1843
10245,1840
10246,1834
10247,1838
10248,1843
10249,1850
10250,1853
10251,1861
10252,1872
10253,1878
10254,1868
10255,1866
10256,1863
10257,1882
10258,1899
10259,1875
10260,1863
10261,1846
10262,1834
10263,1833
10264,1837
10265,1843
10266,1853
10267,1854
10268,1861
10269,1869
10270,1878
10271,1872
10272,1872
10273,1870
10274,1891
10275,1900
10276,1874
10277,1857
10278,1840
10279,1829
10280,1835
10281,1840
10282,1845
10283,1845
10284,1843
10285,1858
10286,1868
10287,1872
10288,1867
10289,1869
10290,1879
10291,1903
10292,1895
10293,1869
10294,1849
10295,1835
10296,1832
10297,1833
10298,1840
10299,1847
10300,1852
10301,1857
10302,1871
10303,1875
10304,1872
10305,1872
10306,1870
10307,1886
10308,1901
10309,1888
10310,1862
10311,1849
10312,1833
10313,1827
10314,1830
10315,1839
10316,1841
10317,1843
10318,1857
10319,1870
10320,1877
10321,1872
10322,1872
10323,1872
10324,1891
10325,1903
10326,1877
10327,1857
10328,1843
10329,1826
10330,1834
10331,1840
10332,1848
10333,1853
10334,1855
10335,1862
10336,1867
10337,1872
10338,1871
10339,1867
10340,1872
10341,1898
10342,1895
10343,1872
10344,1845
10345,1826
10346,1823
10347,1826
10348,1839
10349,1840
10350,1843
10351,1850
10352,1871
10353,1877
10354,1872
10355,1872
10356,1871
10357,1885
10358,1904
10359,1885
10360,1863
10361,1847
10362,1835
10363,1830
10364,1835
10365,1840
10366,1850
10367,1854
10368,1865
10369,1871
10370,1877
10371,1869
10372,1872
10373,1872
10374,1885
10375,1890
10376,1872
10377,1851
10378,1840
10379,1831
10380,1835
10381,1839
10382,1847
10383,1849
10384,1857
10385,1869
10386,1872
10387,1875
10388,1870
10389,1871
10390,1879
10391,1904
10392,1907
10393,1873
10394,1845
10395,1835
10396,1824
10397,1830
10398,1841
10399,1849
10400,1852
10401,1856
10402,1862
10403,1871
10404,1865
10405,1863
10406,1862
10407,1878
10408,1898
10409,1887
10410,1863
10411,1849
10412,1833
10413,1827
10414,1839
10415,1846
10416,1855
10417,1855
10418,1858
10419,1872
10420,1879
10421,1863
10422,1867
10423,1868
10424,1891
10425,1902
10426,1876
10427,1857
10428,1841
10429,1825
10430,1829
10431,1831
10432,1840
10433,1845
10434,1851
10435,1869
10436,1875
10437,1873
10438,1866
10439,1862
10440,1869
10441,1895
10442,1895
10443,1872
10444,1857
10445,1843
10446,1835
10447,1835
10448,1842
10449,1843
10450,1838
10451,1848
10452,1863
10453,1878
10454,1873
10455,1872
10456,1871
10457,1883
10458,1904
10459,1889
10460,1866
10461,1851
10462,1833
10463,1827
10464,1830
10465,1840
10466,1847
10467,1850
10468,1856
10469,1861
10470,1872
10471,1861
10472,1872
10473,1872
10474,1893
10475,1904
10476,1879
10477,1860
10478,1843
10479,1830
10480,1830
10481,1834
10482,1843
10483,1849
10484,1856
10485,1870
10486,1872
10487,1875
10488,1871
10489,1869
10490,1875
10491,1901
10492,1898
10493,1873
10494,1843
10495,1834
10496,1821
10497,1826
10498,1834
10499,1847
10500,1853
10501,1859
10502,1872
10503,1873
10504,1873
10505,1870
10506,1868
10507,1885
10508,1904
10509,1887
10510,1867
10511,1846
10512,1835
10513,1830
10514,1833
10515,1842
10516,1847
10517,1854
10518,1855
10519,1862
10520,1874
10521,1868
10522,1865
10523,1863
10524,1887
10525,1898
10526,1872
10527,1853
10528,1839
10529,1820
10530,1829
10531,1840
10532,1844
10533,1845
10534,1856
10535,1871
10536,1873
10537,1877
10538,1872
10539,1871
10540,1876
10541,1898
10542,1899
10543,1875
10544,1857
10545,1842
10546,1826
10547,1824
10548,1835
10549,1844
10550,1845
10551,1857
10552,1870
10553,1873
10554,1865
10555,1865
10556,1865
10557,1879
10558,1901
10559,1882
10560,1860
10561,1839
10562,1834
10563,1831
10564,1838
10565,1840
10566,1846
10567,1855
10568,1862
10569,1872
10570,1879
10571,1872
10572,1872
10573,1871
10574,1890
10575,1903
10576,1875
10577,1857
10578,1840
10579,1834
10580,1831
10581,1840
10582,1847
10583,1849
10584,1846
10585,1858
10586,1867
10587,1872
10588,1865
10589,1871
10590,1873
10591,1900
10592,1895
10593,1872
10594,1856
10595,1840
10596,1827
10597,1830
10598,1840
10599,1847
10600,1851
10601,1861
10602,1874
10603,1882
10604,1878
10605,1872
10606,1869
10607,1881
10608,1898
10609,1885
10610,1862
10611,1844
10612,1833
10613,1827
10614,1826
10615,1838
10616,1843
10617,1847
10618,1857
10619,1869
10620,1874
10621,1872
10622,1870
10623,1872
10624,1892
10625,1903
10626,1879
10627,1858
10628,1843
10629,1832
10630,1831
10631,1840
10632,1847
10633,1850
10634,1859
10635,1871
10636,1872
10637,1878
10638,1870
10639,1872
10640,1881
10641,1900
10642,1903
10643,1873
10644,1843
10645,1824
10646,1815
10647,1817
10648,1823
10649,1840
10650,1854
10651,1865
10652,1872
10653,1883
10654,1872
10655,1873
10656,1861
10657,1855
10658,1877
10659,1875
10660,1862
10661,1843
10662,1834
10663,1832
10664,1840
10665,1850
10666,1854
10667,1856
10668,1867
10669,1869
10670,1874
10671,1871
10672,1871
10673,1872
10674,1888
10675,1900
10676,1877
10677,1855
10678,1837
10679,1833
10680,1831
10681,1839
10682,1846
10683,1852
10684,1855
10685,1869
10686,1872
10687,1878
10688,1873
10689,1871
10690,1874
10691,1900
10692,1894
10693,1872
10694,1855
10695,1840
10696,1831
10697,1834
10698,1840
10699,1850
10700,1851
10701,1858
10702,1870
10703,1876
10704,1872
10705,1870
10706,1867
10707,1881
10708,1899
10709,1892
10710,1858
10711,1840
10712,1835
10713,1831
10714,1838
10715,1846
10716,1850
10717,1849
10718,1856
10719,1863
10720,1874
10721,1871
10722,1871
10723,1870
10724,1887
10725,1899
10726,1875
10727,1856
10728,1840
10729,1831
10730,1840
10731,1851
10732,1861
10733,1860
10734,1856
10735,1855
10736,1856
10737,1856
10738,1858
10739,1858
10740,1868
10741,1886
10742,1891
10743,1869
10744,1843
10745,1838
10746,1827
10747,1829
10748,1843
10749,1850
10750,1851
10751,1855
10752,1869
10753,1875
10754,1878
10755,1875
10756,1874
10757,1898
10758,1919
10759,1904
10760,1872
10761,1840
10762,1814
10763,1819
10764,1825
10765,1834
10766,1840
10767,1844
10768,1854
10769,1866
10770,1874
10771,1867
10772,1861
10773,1866
10774,1893
10775,1906
10776,1887
10777,1866
10778,1846
10779,1836
10780,1837
10781,1846
10782,1854
10783,1855
10784,1859
10785,1869
10786,1871
10787,1879
10788,1871
10789,1871
10790,1875
10791,1901
10792,1899
10793,1873
10794,1851
10795,1834
10796,1819
10797,1821
10798,1835
10799,1850
10800,1851
10801,1856
10802,1869
10803,1874
10804,1872
10805,1872
10806,1869
10807,1886
10808,1905
10809,1894
10810,1872
10811,1855
10812,1838
10813,1827
10814,1833
10815,1840
10816,1842
10817,1847
10818,1856
10819,1869
10820,1873
10821,1870
10822,1867
10823,1868
10824,1887
10825,1898
10826,1877
10827,1856
10828,1839
10829,1821
10830,1831
10831,1840
10832,1845
10833,1849
10834,1856
10835,1872
10836,1877
10837,1889
10838,1883
10839,1877
10840,1872
10841,1891
10842,1895
10843,1869
10844,1849
10845,874
10846,1562
10847,1972
10848,2134
10849,2187
10850,2215
10851,2221
10852,2145
10853,2033
10854,1809
10855,1535
10856,1558
10857,1674
10858,1762
10859,1770
10860,1770
10861,1777
10862,1796
10863,1808
10864,1845
10865,1881
10866,1903
10867,1904
10868,1904
10869,1893
10870,1902
10871,1866
10872,1855
10873,1862
10874,1887
10875,1881
10876,2139
10877,1360
10878,1914
10879,2122
10880,2182
10881,2214
10882,2208
10883,2097
10884,1936
10885,1699
10886,1535
10887,1600
10888,1694
10889,1747
10890,1782
10891,1828
10892,1858
10893,1860
10894,1869
10895,1873
10896,1891
10897,1920
10898,1929
10899,1933
10900,1911
10901,1887
10902,1863
10903,1834
10904,1817
10905,1822
10906,1829
10907,2234
10908,1009
10909,1856
10910,2126
10911,2209
10912,2224
10913,2195
10914,2058
10915,1911
10916,1666
10917,1535
10918,1673
10919,1759
10920,1781
10921,1795
10922,1801
10923,1824
10924,1875
10925,1920
10926,1931
10927,1938
10928,1936
10929,1916
10930,1901
10931,1865
10932,1839
10933,1803
10934,1797
10935,1816
10936,1834
10937,1856
10938,1856
10939,610
10940,1678
10941,2071
10942,2240
10943,2261
10944,2239
10945,2101
10946,1932
10947,1617
10948,1530
10949,1689
10950,1730
10951,1755
10952,1804
10953,1839
10954,1861
10955,1887
10956,1921
10957,1975
10958,2034
10959,2041
10960,2005
10961,1939
10962,1861
10963,1785
10964,1754
10965,1758
10966,1766
10967,1783
10968,1810
10969,1836
10970,1361
10971,1440
10972,1945
10973,2128
10974,2200
10975,2227
10976,2098
10977,1967
10978,1753
10979,1662
10980,1728
10981,1712
10982,1762
10983,1794
10984,1835
10985,1872
10986,1909
10987,1949
10988,1975
10989,2007
10990,2030
10991,2022
10992,1958
10993,1850
10994,1773
10995,1746
10996,1731
10997,1749
10998,1785
10999,1808
11000,1825
11001,2934
11002,1065
11003,1863
11004,2078
11005,2154
11006,2176
11007,2099
11008,2023
11009,1876
11010,1770
11011,1776
11012,1739
11013,1751
11014,1783
11015,1811
11016,1845
11017,1877
11018,1918
11019,1968
11020,2001
11021,2004
11022,1971
11023,1904
11024,1849
11025,1826
11026,1798
11027,1776
11028,1776
11029,1781
11030,1794
11031,1808
11032,1875
11033,609
11034,1743
11035,2042
11036,2162
11037,2204
11038,2107
11039,1984
11040,1873
11041,1826
11042,1849
11043,1791
11044,1783
11045,1785
11046,1801
11047,1829
11048,1867
11049,1907
11050,1949
11051,1984
11052,2000
11053,1975
11054,1907
11055,1827
11056,1803
11057,1821
11058,1840
11059,1814
11060,1797
11061,1802
11062,1809
11063,1813
11064,592
11065,1495
11066,1971
11067,2156
11068,2224
11069,2177
11070,2032
11071,1863
11072,1799
11073,1826
11074,1798
11075,1827
11076,1827
11077,1826
11078,1833
11079,1849
11080,1874
11081,1917
11082,1958
11083,1973
11084,1949
11085,1899
11086,1830
11087,1813
11088,1803
11089,1803
11090,1816
11091,1855
11092,1870
11093,1854
11094,1835
11095,1981
11096,1134
11097,1883
11098,2130
11099,2226
11100,2192
11101,2003
11102,1913
11103,1811
11104,1827
11105,1785
11106,1788
11107,1827
11108,1872
11109,1885
11110,1883
11111,1894
11112,1906
11113,1929
11114,1943
11115,1932
11116,1895
11117,1842
11118,1827
11119,1823
11120,1821
11121,1803
11122,1799
11123,1815
11124,1856
11125,1876
11126,2397
11127,722
11128,1816
11129,2117
11130,2241
11131,2236
11132,2021
11133,1919
11134,1813
11135,1856
11136,1786
11137,1760
11138,1777
11139,1814
11140,1842
11141,1883
11142,1915
11143,1916
11144,1926
11145,1923
11146,1904
11147,1872
11148,1840
11149,1834
11150,1831
11151,1823
11152,1826
11153,1840
11154,1845
11155,1849
11156,1856
11157,1872
11158,379
11159,1711
11160,2128
11161,2288
11162,2288
11163,2065
11164,1872
11165,1745
11166,1856
11167,1801
11168,1749
11169,1767
11170,1805
11171,1831
11172,1857
11173,1879
11174,1927
11175,1959
11176,1956
11177,1934
11178,1900
11179,1851
11180,1836
11181,1832
11182,1829
11183,1822
11184,1797
11185,1814
11186,1840
11187,1855
11188,1856
11189,737
11190,1446
11191,2067
11192,2306
11193,2335
11194,2131
11195,1894
11196,1744
11197,1854
11198,1829
11199,1721
11200,1723
11201,1767
11202,1810
11203,1870
11204,1922
11205,1951
11206,1956
11207,1977
11208,1989
11209,1953
11210,1887
11211,1850
11212,1821
11213,1808
11214,1793
11215,1794
11216,1805
11217,1812
11218,1833
11219,1858
11220,2369
11221,1040
11222,1941
11223,2274
11224,2401
11225,2303
11226,1987
11227,1712
11228,1791
11229,1824
11230,1723
11231,1723
11232,1758
11233,1795
11234,1829
11235,1872
11236,1904
11237,1933
11238,1945
11239,1958
11240,1948
11241,1930
11242,1902
11243,1871
11244,1835
11245,1808
11246,1776
11247,1781
11248,1802
11249,1820
11250,1835
11251,1925
11252,463
11253,1774
11254,2155
11255,2304
11256,2286
11257,1994
11258,1872
11259,1851
11260,1935
11261,1789
11262,1723
11263,1744
11264,1783
11265,1811
11266,1862
11267,1904
11268,1936
11269,1959
11270,1968
11271,1957
11272,1919
11273,1872
11274,1872
11275,1874
11276,1850
11277,1813
11278,1792
11279,1801
11280,1808
11281,1820
11282,1838
11283,416
11284,1535
11285,2087
11286,2338
11287,2401
11288,2134
11289,1873
11290,1727
11291,1939
11292,1863
11293,1730
11294,1726
11295,1764
11296,1788
11297,1822
11298,1853
11299,1886
11300,1913
11301,1936
11302,1951
11303,1934
11304,1883
11305,1859
11306,1847
11307,1856
11308,1864
11309,1851
11310,1829
11311,1826
11312,1819
11313,1818
11314,1226
11315,1271
11316,1978
11317,2288
11318,2384
11319,2192
11320,1881
11321,1680
11322,1919
11323,1870
11324,1744
11325,1759
11326,1800
11327,1815
11328,1827
11329,1852
11330,1890
11331,1925
11332,1939
11333,1938
11334,1914
11335,1877
11336,1862
11337,1861
11338,1843
11339,1831
11340,1827
11341,1852
11342,1863
11343,1856
11344,1843
11345,2731
11346,731
11347,1827
11348,2223
11349,2397
11350,2322
11351,1997
11352,1659
11353,1787
11354,1898
11355,1767
11356,1733
11357,1785
11358,1846
11359,1866
11360,1867
11361,1872
11362,1882
11363,1900
11364,1910
11365,1911
11366,1875
11367,1850
11368,1855
11369,1856
11370,1850
11371,1827
11372,1827
11373,1840
11374,1870
11375,1893
11376,1879
11377,406
11378,1722
11379,2123
11380,2312
11381,2305
11382,1971
11383,1724
11384,1826
11385,1957
11386,1802
11387,1716
11388,1751
11389,1810
11390,1841
11391,1902
11392,1936
11393,1938
11394,1929
11395,1925
11396,1904
11397,1871
11398,1839
11399,1843
11400,1840
11401,1835
11402,1838
11403,1835
11404,1842
11405,1851
11406,1856
11407,1872
11408,752
11409,1474
11410,2065
11411,2320
11412,2375
11413,2118
11414,1780
11415,1616
11416,1899
11417,1850
11418,1744
11419,1746
11420,1803
11421,1830
11422,1851
11423,1872
11424,1918
11425,1962
11426,1957
11427,1936
11428,1903
11429,1846
11430,1831
11431,1827
11432,1830
11433,1824
11434,1807
11435,1809
11436,1833
11437,1856
11438,1861
11439,2352
11440,1070
11441,1964
11442,2320
11443,2432
11444,2251
11445,1876
11446,1605
11447,1865
11448,1865
11449,1712
11450,1693
11451,1759
11452,1813
11453,1854
11454,1885
11455,1913
11456,1937
11457,1957
11458,1980
11459,1957
11460,1907
11461,1869
11462,1844
11463,1807
11464,1775
11465,1797
11466,1813
11467,1833
11468,1846
11469,1861
11470,1874
11471,1877
11472,1878
11473,1873
11474,1901
11475,1909
11476,1894
11477,1870
11478,1850
11479,1837
11480,1839
11481,1841
11482,1846
11483,1851
11484,1846
11485,1860
11486,1869
11487,1877
11488,1875
11489,1873
11490,1874
11491,1901
11492,1901
11493,1872
11494,1855
11495,1840
11496,1826
11497,1829
11498,1839
11499,1845
11500,1851
11501,1855
11502,1869
11503,1877
11504,1877
11505,1872
11506,1870
11507,1879
11508,1904
11509,1899
11510,1871
11511,1851
11512,1834
11513,1825
11514,1824
11515,1839
11516,1847
11517,1846
11518,1854
11519,1874
11520,1885
11521,1877
11522,1872
11523,1861
11524,1873
11525,1885
11526,1873
11527,1856
11528,1842
11529,1826
11530,1831
11531,1835
11532,1843
11533,1847
11534,1855
11535,1867
11536,1877
11537,1885
11538,1875
11539,1873
11540,1872
11541,1892
11542,1891
11543,1865
11544,1840
11545,1834
11546,1824
11547,1826
11548,1833
11549,1839
11550,1842
11551,1856
11552,1871
11553,1874
11554,1875
11555,1873
11556,1873
11557,1893
11558,1917
11559,1905
11560,1872
11561,1844
11562,1828
11563,1819
11564,1819
11565,1837
11566,1851
11567,1856
11568,1859
11569,1855
11570,1866
11571,1856
11572,1866
11573,1873
11574,1893
11575,1904
11576,1872
11577,1846
11578,1833
11579,1808
11580,1814
11581,1827
11582,1843
11583,1843
11584,1840
11585,1859
11586,1872
11587,1879
11588,1875
11589,1872
11590,1872
11591,1894
11592,1897
11593,1873
11594,1857
11595,1841
11596,1831
11597,1831
11598,1838
11599,1842
11600,1841
11601,1846
11602,1867
11603,1872
11604,1870
11605,1866
11606,1857
11607,1863
11608,1885
11609,1891
11610,1867
11611,1847
11612,1838
11613,1829
11614,1837
11615,1843
11616,1847
11617,1843
11618,1850
11619,1869
11620,1872
11621,1870
11622,1872
11623,1871
11624,1887
11625,1903
11626,1884
11627,1862
11628,1842
11629,1835
11630,1826
11631,1829
11632,1838
11633,1841
11634,1843
11635,1855
11636,1862
11637,1872
11638,1870
11639,1862
11640,1871
11641,1883
11642,1879
11643,1870
11644,1858
11645,1841
11646,1836
11647,1835
11648,1840
11649,1846
11650,1852
11651,1854
11652,1860
11653,1869
11654,1872
11655,1869
11656,1863
11657,1875
11658,1901
11659,1891
11660,1870
11661,1847
11662,1837
11663,1827
11664,1827
11665,1835
11666,1842
11667,1847
11668,1853
11669,1867
11670,1877
11671,1872
11672,1870
11673,1869
11674,1886
11675,1899
11676,1878
11677,1857
11678,1842
11679,1828
11680,1829
11681,1835
11682,1842
11683,1851
11684,1854
11685,1870
11686,1878
11687,1883
11688,1872
11689,1870
11690,1859
11691,1883
11692,1895
11693,1873
11694,1845
11695,1840
11696,1829
11697,1831
11698,1835
11699,1841
11700,1849
11701,1854
11702,1866
11703,1875
11704,1873
11705,1872
11706,1871
11707,1875
11708,1898
11709,1879
11710,1854
11711,1840
11712,1839
11713,1835
11714,1841
11715,1848
11716,1846
11717,1839
11718,1845
11719,1855
11720,1862
11721,1859
11722,1863
11723,1866
11724,1882
11725,1898
11726,1879
11727,1863
11728,1844
11729,1829
11730,1831
11731,1829
11732,1840
11733,1851
11734,1853
11735,1867
11736,1872
11737,1878
11738,1870
11739,1871
11740,1872
11741,1900
11742,1903
11743,1876
11744,1856
11745,1833
11746,1831
11747,1835
11748,1833
11749,1840
11750,1851
11751,1856
11752,1866
11753,1872
11754,1869
11755,1863
11756,1861
11757,1873
11758,1894
11759,1887
11760,1867
11761,1850
11762,1840
11763,1830
11764,1830
11765,1840
11766,1852
11767,1854
11768,1862
11769,1871
11770,1874
11771,1870
11772,1867
11773,1858
11774,1883
11775,1904
11776,1885
11777,1860
11778,1845
11779,1835
11780,1829
11781,1826
11782,1838
11783,1845
11784,1845
11785,1859
11786,1869
11787,1873
11788,1868
11789,1871
11790,1863
11791,1887
11792,1901
11793,1872
11794,1856
11795,1840
11796,1827
11797,1830
11798,1840
11799,1851
11800,1854
11801,1856
11802,1872
11803,1874
11804,1874
11805,1867
11806,1868
11807,1876
11808,1897
11809,1888
11810,1859
11811,1847
11812,1836
11813,1830
11814,1829
11815,1835
11816,1839
11817,1840
11818,1839
11819,1861
11820,1872
11821,1872
11822,1872
11823,1872
11824,1895
11825,1910
11826,1888
11827,1867
11828,1843
11829,1815
11830,1822
11831,1821
11832,1840
11833,1851
11834,1844
11835,1855
11836,1868
11837,1875
11838,1872
11839,1872
11840,1869
11841,1890
11842,1900
11843,1875
11844,1853
11845,1831
11846,1822
11847,1825
11848,1833
11849,1839
11850,1838
11851,1843
11852,1866
11853,1871
11854,1873
11855,1872
11856,1869
11857,1875
11858,1899
11859,1893
11860,1872
11861,1854
11862,1838
11863,1826
11864,1835
11865,1839
11866,1847
11867,1849
11868,1857
11869,1871
11870,1875
11871,1872
11872,1871
11873,1870
11874,1877
11875,1895
11876,1877
11877,1861
11878,1840
11879,1835
11880,1827
11881,1835
11882,1843
11883,1851
11884,1854
11885,1862
11886,1870
11887,1874
11888,1872
11889,1872
11890,1872
11891,1894
11892,1901
11893,1877
11894,1856
11895,1840
11896,1829
11897,1830
11898,1839
11899,1846
11900,1851
11901,1855
11902,1868
11903,1873
11904,1871
11905,1861
11906,1863
11907,1872
11908,1893
11909,1897
11910,1871
11911,1853
11912,1837
11913,1829
11914,1833
11915,1840
11916,1847
11917,1849
11918,1853
11919,1871
11920,1876
11921,1872
11922,1872
11923,1870
11924,1886
11925,1903
11926,1882
11927,1862
11928,1842
11929,1825
11930,1824
11931,1828
11932,1839
11933,1840
11934,1841
11935,1855
11936,1867
11937,1872
11938,1867
11939,1866
11940,1872
11941,1886
11942,1903
11943,1876
11944,1857
11945,1840
11946,1831
11947,1830
11948,1838
11949,1843
11950,1850
11951,1855
11952,1865
11953,1872
11954,1875
11955,1872
11956,1871
11957,1876
11958,1903
11959,1901
11960,1872
11961,1856
11962,1840
11963,1830
11964,1829
11965,1840
11966,1853
11967,1851
11968,1845
11969,1861
11970,1864
11971,1862
11972,1863
11973,1869
11974,1887
11975,1907
11976,1889
11977,1865
11978,1847
11979,1830
11980,1827
11981,1834
11982,1842
11983,1846
11984,1847
11985,1859
11986,1870
11987,1881
11988,1875
11989,1872
11990,1871
11991,1899
11992,1904
11993,1879
11994,1856
11995,1838
11996,1822
11997,1823
11998,1831
11999,1845
12000,1847
12001,1854
12002,1870
12003,1872
12004,1874
12005,1872
12006,1872
12007,1878
12008,1901
12009,1898
12010,1872
12011,1853
12012,1840
12013,1834
12014,1840
12015,1845
12016,1842
12017,1841
12018,1851
12019,1856
12020,1866
12021,1867
12022,1869
12023,1866
12024,1879
12025,1899
12026,1879
12027,1855
12028,1831
12029,1823
12030,1828
12031,1838
12032,1844
12033,1853
12034,1856
12035,1869
12036,1875
12037,1879
12038,1873
12039,1872
12040,1869
12041,1876
12042,1881
12043,1866
12044,1851
12045,1840
12046,1829
12047,1829
12048,1839
12049,1847
12050,1851
12051,1856
12052,1869
12053,1871
12054,1869
12055,1865
12056,1867
12057,1872
12058,1901
12059,1893
12060,1872
12061,1854
12062,1840
12063,1829
12064,1835
12065,1841
12066,1847
12067,1851
12068,1857
12069,1872
12070,1878
12071,1874
12072,1877
12073,1875
12074,1898
12075,1909
12076,1892
12077,1862
12078,1839
12079,1826
12080,1831
12081,1837
12082,1840
12083,1839
12084,1840
12085,1849
12086,1854
12087,1867
12088,1863
12089,1858
12090,1871
12091,1897
12092,1904
12093,1876
12094,1857
12095,1840
12096,1834
12097,1830
12098,1838
12099,1842
12100,1845
12101,1849
12102,1862
12103,1872
12104,1877
12105,1870
12106,1871
12107,1875
12108,1904
12109,1901
12110,1877
12111,1858
12112,1840
12113,1830
12114,1827
12115,1827
12116,1831
12117,1840
12118,1850
12119,1866
12120,1874
12121,1872
12122,1872
12123,1869
12124,1883
12125,1905
12126,1886
12127,1865
12128,1845
12129,1828
12130,1831
12131,1837
12132,1846
12133,1850
12134,1854
12135,1865
12136,1869
12137,1872
12138,1866
12139,1871
12140,1871
12141,1891
12142,1903
12143,1874
12144,1855
12145,1840
12146,1830
12147,1839
12148,1846
12149,1843
12150,1844
12151,1843
12152,1857
12153,1857
12154,1871
12155,1870
12156,1873
12157,1882
12158,1904
12159,1902
12160,1872
12161,1846
12162,1829
12163,1817
12164,1823
12165,1839
12166,1845
12167,1851
12168,1857
12169,1873
12170,1875
12171,1877
12172,1874
12173,1871
12174,1885
12175,1904
12176,1888
12177,1862
12178,1840
12179,1830
12180,1823
12181,1835
12182,1840
12183,1847
12184,1850
12185,1863
12186,1871
12187,1875
12188,1871
12189,1872
12190,1872
12191,1897
12192,1904
12193,1877
12194,1857
12195,1842
12196,1831
12197,1828
12198,1831
12199,1843
12200,1849
12201,1856
12202,1867
12203,1871
12204,1872
12205,1866
12206,1866
12207,1872
12208,1891
12209,1899
12210,1872
12211,1852
12212,1838
12213,1826
12214,1830
12215,1839
12216,1847
12217,1851
12218,1842
12219,1869
12220,1877
12221,1872
12222,1873
12223,1872
12224,1888
12225,1905
12226,1890
12227,1865
12228,1843
12229,1824
12230,1822
12231,1827
12232,1838
12233,1840
12234,1844
12235,1859
12236,1863
12237,1872
12238,1866
12239,1867
12240,1863
12241,1883
12242,1904
12243,1875
12244,1862
12245,1841
12246,1831
12247,1833
12248,1839
12249,1846
12250,1850
12251,1855
12252,1868
12253,1872
12254,1878
12255,1871
12256,1870
12257,1879
12258,1902
12259,1899
12260,1872
12261,1851
12262,1839
12263,1831
12264,1826
12265,1834
12266,1841
12267,1845
12268,1851
12269,1872
12270,1874
12271,1872
12272,1871
12273,1872
12274,1890
12275,1909
12276,1890
12277,1866
12278,1846
12279,1831
12280,1824
12281,1824
12282,1839
12283,1845
12284,1854
12285,1858
12286,1867
12287,1874
12288,1872
12289,1872
12290,1871
12291,1895
12292,1902
12293,1875
12294,1852
12295,1834
12296,1824
12297,1824
12298,1834
12299,1843
12300,1850
12301,1855
12302,1866
12303,1872
12304,1875
12305,1871
12306,1870
12307,1875
12308,1901
12309,1898
12310,1872
12311,1851
12312,1840
12313,1825
12314,1826
12315,1835
12316,1841
12317,1846
12318,1845
12319,1861
12320,1872
12321,1871
12322,1865
12323,1862
12324,1874
12325,1898
12326,1881
12327,1858
12328,1844
12329,1831
12330,1834
12331,1840
12332,1846
12333,1850
12334,1850
12335,1856
12336,1861
12337,1872
12338,1869
12339,1871
12340,1872
12341,1899
12342,1904
12343,1883
12344,1858
12345,1840
12346,1822
12347,1819
12348,1835
12349,1843
12350,1851
12351,1854
12352,1869
12353,1873
12354,1872
12355,1863
12356,1866
12357,1872
12358,1895
12359,1898
12360,1887
12361,1872
12362,1858
12363,1842
12364,1840
12365,1838
12366,1838
12367,1824
12368,1825
12369,1853
12370,1871
12371,1871
12372,1870
12373,1867
12374,1887
12375,1904
12376,1890
12377,1871
12378,1849
12379,1837
12380,1834
12381,1836
12382,1840
12383,1851
12384,1845
12385,1856
12386,1865
12387,1872
12388,1865
12389,1872
12390,1872
12391,1895
12392,1904
12393,1874
12394,1860
12395,1842
12396,1831
12397,1833
12398,1840
12399,1849
12400,1851
12401,1852
12402,1867
12403,1873
12404,1881
12405,1872
12406,1872
12407,1875
12408,1902
12409,1893
12410,1867
12411,1850
12412,1839
12413,1826
12414,1825
12415,1835
12416,1840
12417,1844
12418,1849
12419,1865
12420,1875
12421,1872
12422,1869
12423,1872
12424,1883
12425,1903
12426,1888
12427,1865
12428,1847
12429,1827
12430,1829
12431,1835
12432,1843
12433,1847
12434,1854
12435,1861
12436,1871
12437,1875
12438,1872
12439,1872
12440,1872
12441,1891
12442,1903
12443,1877
12444,1852
12445,1837
12446,1823
12447,1823
12448,1830
12449,1840
12450,1841
12451,1857
12452,1869
12453,1874
12454,1885
12455,1875
12456,1873
12457,1881
12458,1907
12459,1904
12460,1872
12461,1840
12462,1814
12463,1808
12464,1814
12465,1830
12466,1846
12467,1854
12468,1859
12469,1871
12470,1876
12471,1783
12472,1427
12473,1967
12474,2181
12475,2258
12476,2257
12477,2237
12478,2146
12479,2005
12480,1818
12481,1521
12482,1468
12483,1568
12484,1667
12485,1730
12486,1775
12487,1811
12488,1840
12489,1882
12490,1920
12491,1978
12492,2003
12493,1988
12494,1951
12495,1904
12496,1849
12497,1800
12498,1777
12499,1766
12500,1774
12501,1791
12502,2498
12503,1047
12504,1851
12505,2169
12506,2285
12507,2304
12508,2313
12509,2210
12510,2015
12511,1754
12512,1439
12513,1435
12514,1563
12515,1669
12516,1724
12517,1762
12518,1797
12519,1851
12520,1890
12521,1931
12522,1959
12523,1979
12524,1997
12525,1997
12526,1939
12527,1869
12528,1802
12529,1762
12530,1762
12531,1776
12532,1793
12533,1808
12534,702
12535,1733
12536,2086
12537,2239
12538,2255
12539,2254
12540,2155
12541,2021
12542,1774
12543,1521
12544,1582
12545,1676
12546,1711
12547,1744
12548,1782
12549,1825
12550,1872
12551,1919
12552,1968
12553,2010
12554,2032
12555,2015
12556,1968
12557,1900
12558,1846
12559,1804
12560,1776
12561,1776
12562,1781
12563,1791
12564,1803
12565,924
12566,1488
12567,1968
12568,2185
12569,2260
12570,2283
12571,2197
12572,2063
12573,1773
12574,1524
12575,1645
12576,1760
12577,1761
12578,1787
12579,1787
12580,1817
12581,1866
12582,1921
12583,1968
12584,2001
12585,2025
12586,2000
12587,1939
12588,1855
12589,1802
12590,1785
12591,1808
12592,1829
12593,1829
12594,1817
12595,1810
12596,2277
12597,1230
12598,1870
12599,2085
12600,2150
12601,2189
12602,2145
12603,2047
12604,1899
12605,1653
12606,1701
12607,1755
12608,1798
12609,1844
12610,1856
12611,1881
12612,1900
12613,1921
12614,1960
12615,1989
12616,1994
12617,1947
12618,1873
12619,1809
12620,1783
12621,1788
12622,1788
12623,1794
12624,1831
12625,1862
12626,1861
12627,1979
12628,797
12629,1747
12630,2015
12631,2128
12632,2173
12633,2144
12634,2029
12635,1907
12636,1686
12637,1729
12638,1761
12639,1790
12640,1835
12641,1875
12642,1917
12643,1923
12644,1938
12645,1961
12646,1968
12647,1970
12648,1938
12649,1871
12650,1802
12651,1776
12652,1783
12653,1787
12654,1790
12655,1807
12656,1829
12657,1849
12658,1873
12659,500
12660,1626
12661,1997
12662,2130
12663,2167
12664,2142
12665,2032
12666,1979
12667,1725
12668,1705
12669,1743
12670,1785
12671,1827
12672,1851
12673,1881
12674,1927
12675,1977
12676,1994
12677,2000
12678,1984
12679,1940
12680,1858
12681,1793
12682,1775
12683,1776
12684,1773
12685,1779
12686,1807
12687,1833
12688,1845
12689,1847
12690,1426
12691,1328
12692,1975
12693,2161
12694,2206
12695,2173
12696,2013
12697,1911
12698,1727
12699,1770
12700,1782
12701,1790
12702,1817
12703,1844
12704,1874
12705,1902
12706,1935
12707,1968
12708,2013
12709,2017
12710,1968
12711,1882
12712,1795
12713,1774
12714,1765
12715,1777
12716,1772
12717,1782
12718,1818
12719,1840
12720,1857
12721,2867
12722,848
12723,1857
12724,2141
12725,2251
12726,2240
12727,2064
12728,1942
12729,1818
12730,1785
12731,1751
12732,1744
12733,1786
12734,1813
12735,1842
12736,1882
12737,1918
12738,1946
12739,1977
12740,1987
12741,1991
12742,1945
12743,1857
12744,1811
12745,1789
12746,1776
12747,1762
12748,1776
12749,1806
12750,1816
12751,1827
12752,1851
12753,368
12754,1712
12755,2108
12756,2254
12757,2286
12758,2163
12759,2010
12760,1806
12761,1782
12762,1754
12763,1738
12764,1771
12765,1799
12766,1826
12767,1853
12768,1886
12769,1930
12770,1963
12771,1974
12772,1967
12773,1924
12774,1881
12775,1872
12776,1840
12777,1818
12778,1794
12779,1795
12780,1796
12781,1810
12782,1828
12783,1840
12784,659
12785,1447
12786,2038
12787,2265
12788,2300
12789,2191
12790,1964
12791,1842
12792,1844
12793,1814
12794,1772
12795,1777
12796,1787
12797,1804
12798,1831
12799,1862
12800,1894
12801,1923
12802,1947
12803,1959
12804,1936
12805,1885
12806,1862
12807,1857
12808,1869
12809,1847
12810,1806
12811,1802
12812,1808
12813,1810
12814,1819
12815,1690
12816,1137
12817,1937
12818,2205
12819,2304
12820,2247
12821,1991
12822,1840
12823,1810
12824,1858
12825,1820
12826,1809
12827,1814
12828,1816
12829,1815
12830,1828
12831,1860
12832,1898
12833,1923
12834,1933
12835,1920
12836,1887
12837,1866
12838,1846
12839,1837
12840,1828
12841,1843
12842,1860
12843,1852
12844,1840
12845,1825
12846,2475
12847,643
12848,1802
12849,2139
12850,2273
12851,2267
12852,2000
12853,1871
12854,1842
12855,1890
12856,1801
12857,1776
12858,1827
12859,1856
12860,1856
12861,1856
12862,1871
12863,1883
12864,1903
12865,1923
12866,1920
12867,1889
12868,1859
12869,1859
12870,1855
12871,1845
12872,1824
12873,1819
12874,1843
12875,1874
12876,1871
12877,1857
12878,304
12879,1604
12880,2085
12881,2283
12882,2338
12883,2127
12884,1865
12885,1680
12886,1831
12887,1830
12888,1793
12889,1799
12890,1812
12891,1856
12892,1889
12893,1900
12894,1898
12895,1904
12896,1909
12897,1907
12898,1890
12899,1861
12900,1851
12901,1840
12902,1842
12903,1836
12904,1822
12905,1824
12906,1837
12907,1856
12908,1888
12909,1066
12910,1362
12911,2016
12912,2282
12913,2355
12914,2208
12915,1927
12916,1655
12917,1774
12918,1799
12919,1744
12920,1770
12921,1797
12922,1828
12923,1853
12924,1895
12925,1936
12926,1951
12927,1942
12928,1936
12929,1915
12930,1880
12931,1865
12932,1838
12933,1813
12934,1798
12935,1796
12936,1817
12937,1843
12938,1849
12939,1857
12940,2539
12941,1039
12942,1965
12943,2298
12944,2407
12945,2317
12946,1982
12947,1677
12948,1679
12949,1772
12950,1731
12951,1743
12952,1792
12953,1824
12954,1851
12955,1872
12956,1904
12957,1937
12958,1979
12959,1984
12960,1947
12961,1887
12962,1843
12963,1821
12964,1810
12965,1811
12966,1810
12967,1809
12968,1824
12969,1846
12970,1863
12971,1906
12972,454
12973,1757
12974,2176
12975,2363
12976,2364
12977,2033
12978,1770
12979,1745
12980,1845
12981,1750
12982,1719
12983,1762
12984,1794
12985,1829
12986,1873
12987,1931
12988,1953
12989,1961
12990,1957
12991,1971
12992,1943
12993,1889
12994,1860
12995,1837
12996,1808
12997,1781
12998,1776
12999,1803
13000,1825
13001,1840
13002,1858
13003,468
13004,1535
13005,2114
13006,2398
13007,2480
13008,2256
13009,1898
13010,1518
13011,1771
13012,1757
13013,1695
13014,1715
13015,1764
13016,1809
13017,1840
13018,1876
13019,1919
13020,1951
13021,1966
13022,1954
13023,1922
13024,1899
13025,1904
13026,1885
13027,1849
13028,1815
13029,1787
13030,1796
13031,1808
13032,1824
13033,1838
13034,1648
13035,1178
13036,1978
13037,2318
13038,2430
13039,2288
13040,1937
13041,1680
13042,1811
13043,1815
13044,1729
13045,1718
13046,1767
13047,1806
13048,1822
13049,1865
13050,1883
13051,1920
13052,1955
13053,1966
13054,1939
13055,1887
13056,1862
13057,1856
13058,1858
13059,1853
13060,1827
13061,1814
13062,1823
13063,1825
13064,1827
13065,2608
13066,704
13067,1838
13068,2235
13069,2414
13070,2373
13071,2020
13072,1635
13073,1748
13074,1899
13075,1808
13076,1765
13077,1776
13078,1795
13079,1815
13080,1839
13081,1877
13082,1911
13083,1936
13084,1944
13085,1940
13086,1909
13087,1877
13088,1856
13089,1846
13090,1840
13091,1844
13092,1855
13093,1846
13094,1838
13095,1826
13096,1824
13097,1829
13098,1840
13099,1851
13100,1856
13101,1863
13102,1875
13103,1883
13104,1883
13105,1872
13106,1873
13107,1872
13108,1895
13109,1904
13110,1875
13111,1857
13112,1840
13113,1834
13114,1840
13115,1846
13116,1849
13117,1852
13118,1858
13119,1872
13120,1877
13121,1879
13122,1875
13123,1874
13124,1879
13125,1893
13126,1880
13127,1857
13128,1845
13129,1826
13130,1824
13131,1828
13132,1840
13133,1843
13134,1849
13135,1855
13136,1868
13137,1874
13138,1870
13139,1869
13140,1870
13141,1898
13142,1907
13143,1890
13144,1871
13145,1841
13146,1811
13147,1816
13148,1831
13149,1842
13150,1856
13151,1858
13152,1866
13153,1871
13154,1869
13155,1856
13156,1858
13157,1867
13158,1895
13159,1903
13160,1874
13161,1856
13162,1840
13163,1828
13164,1823
13165,1837
13166,1841
13167,1848
13168,1854
13169,1865
13170,1879
13171,1878
13172,1866
13173,1858
13174,1873
13175,1904
13176,1893
13177,1870
13178,1850
13179,1837
13180,1829
13181,1834
13182,1843
13183,1849
13184,1851
13185,1862
13186,1870
13187,1875
13188,1872
13189,1872
13190,1872
13191,1904
13192,1924
13193,1914
13194,1882
13195,1858
13196,1839
13197,1779
13198,1791
13199,1808
13200,1836
13201,1840
13202,1850
13203,1863
13204,1872
13205,1860
13206,1867
13207,1872
13208,1894
13209,1895
13210,1873
13211,1855
13212,1839
13213,1829
13214,1829
13215,1839
13216,1843
13217,1849
13218,1856
13219,1869
13220,1872
13221,1872
13222,1868
13223,1865
13224,1872
13225,1899
13226,1889
13227,1863
13228,1845
13229,1830
13230,1833
13231,1831
13232,1840
13233,1846
13234,1847
13235,1858
13236,1869
13237,1875
13238,1871
13239,1872
13240,1869
13241,1888
13242,1900
13243,1878
13244,1858
13245,1843
13246,1831
13247,1829
13248,1835
13249,1842
13250,1849
13251,1855
13252,1866
13253,1868
13254,1872
13255,1863
13256,1870
13257,1868
13258,1886
13259,1890
13260,1873
13261,1853
13262,1838
13263,1828
13264,1831
13265,1839
13266,1843
13267,1849
13268,1855
13269,1866
13270,1875
13271,1875
13272,1871
13273,1869
13274,1880
13275,1903
13276,1889
13277,1862
13278,1844
13279,1830
13280,1825
13281,1830
13282,1840
13283,1846
13284,1842
13285,1852
13286,1862
13287,1872
13288,1868
13289,1872
13290,1867
13291,1882
13292,1894
13293,1872
13294,1856
13295,1840
13296,1831
13297,1830
13298,1836
13299,1843
13300,1847
13301,1852
13302,1863
13303,1872
13304,1875
13305,1873
13306,1873
13307,1872
13308,1898
13309,1901
13310,1873
13311,1844
13312,1827
13313,1824
13314,1827
13315,1840
13316,1851
13317,1856
13318,1856
13319,1870
13320,1867
13321,1871
13322,1865
13323,1841
13324,1863
13325,1895
13326,1890
13327,1867
13328,1843
13329,1831
13330,1835
13331,1837
13332,1841
13333,1850
13334,1849
13335,1857
13336,1872
13337,1879
13338,1871
13339,1872
13340,1866
13341,1895
13342,1912
13343,1898
13344,1862
13345,1840
13346,1825
13347,1814
13348,1824
13349,1833
13350,1843
13351,1851
13352,1869
13353,1883
13354,1888
13355,1872
13356,1866
13357,1870
13358,1872
13359,1872
13360,1857
13361,1842
13362,1838
13363,1827
13364,1835
13365,1842
13366,1846
13367,1853
13368,1851
13369,1869
13370,1873
13371,1872
13372,1866
13373,1867
13374,1873
13375,1897
13376,1887
13377,1859
13378,1840
13379,1834
13380,1825
13381,1829
13382,1840
13383,1847
13384,1854
13385,1861
13386,1869
13387,1872
13388,1872
13389,1872
13390,1868
13391,1889
13392,1901
13393,1879
13394,1856
13395,1841
13396,1829
13397,1827
13398,1830
13399,1841
13400,1847
13401,1851
13402,1864
13403,1872
13404,1872
13405,1859
13406,1857
13407,1861
13408,1885
13409,1898
13410,1872
13411,1853
13412,1840
13413,1826
13414,1828
13415,1837
13416,1843
13417,1844
13418,1855
13419,1870
13420,1874
13421,1873
13422,1872
13423,1872
13424,1883
13425,1904
13426,1894
13427,1871
13428,1853
13429,1831
13430,1818
13431,1826
13432,1837
13433,1843
13434,1846
13435,1856
13436,1865
13437,1868
13438,1862
13439,1860
13440,1856
13441,1884
13442,1904
13443,1883
13444,1862
13445,1843
13446,1830
13447,1830
13448,1839
13449,1845
13450,1853
13451,1856
13452,1863
13453,1870
13454,1880
13455,1872
13456,1871
13457,1872
13458,1895
13459,1902
13460,1872
13461,1855
13462,1841
13463,1833
13464,1824
13465,1834
13466,1842
13467,1845
13468,1853
13469,1867
13470,1874
13471,1878
13472,1875
13473,1876
13474,1890
13475,1911
13476,1900
13477,1866
13478,1840
13479,1831
13480,1825
13481,1833
13482,1839
13483,1840
13484,1845
13485,1855
13486,1873
13487,1884
13488,1872
13489,1870
13490,1870
13491,1890
13492,1899
13493,1878
13494,1854
13495,1835
13496,1823
13497,1823
13498,1829
13499,1843
13500,1850
13501,1854
13502,1867
13503,1872
13504,1879
13505,1873
13506,1872
13507,1872
13508,1898
13509,1902
13510,1875
13511,1857
13512,1841
13513,1830
13514,1830
13515,1839
13516,1843
13517,1846
13518,1843
13519,1863
13520,1871
13521,1871
13522,1865
13523,1863
13524,1873
13525,1898
13526,1889
13527,1862
13528,1844
13529,1827
13530,1827
13531,1833
13532,1842
13533,1850
13534,1849
13535,1859
13536,1872
13537,1879
13538,1877
13539,1873
13540,1871
13541,1886
13542,1893
13543,1874
13544,1860
13545,1845
13546,1835
13547,1836
13548,1838
13549,1845
13550,1852
13551,1855
13552,1870
13553,1875
13554,1867
13555,1867
13556,1863
13557,1869
13558,1891
13559,1891
13560,1870
13561,1854
13562,1840
13563,1829
13564,1824
13565,1833
13566,1846
13567,1856
13568,1862
13569,1872
13570,1872
13571,1867
13572,1863
13573,1865
13574,1877
13575,1901
13576,1894
13577,1871
13578,1849
13579,1837
13580,1829
13581,1835
13582,1841
13583,1846
13584,1842
13585,1851
13586,1865
13587,1869
13588,1869
13589,1861
13590,1872
13591,1889
13592,1905
13593,1885
13594,1862
13595,1847
13596,1833
13597,1831
13598,1838
13599,1846
13600,1847
13601,1855
13602,1867
13603,1872
13604,1881
13605,1872
13606,1872
13607,1871
13608,1886
13609,1895
13610,1872
13611,1855
13612,1841
13613,1833
13614,1829
13615,1835
13616,1840
13617,1843
13618,1850
13619,1870
13620,1872
13621,1872
13622,1870
13623,1867
13624,1881
13625,1903
13626,1893
13627,1868
13628,1849
13629,1839
13630,1833
13631,1833
13632,1840
13633,1847
13634,1850
13635,1858
13636,1871
13637,1877
13638,1873
13639,1872
13640,1871
13641,1893
13642,1904
13643,1885
13644,1857
13645,1840
13646,1825
13647,1826
13648,1830
13649,1840
13650,1841
13651,1852
13652,1865
13653,1865
13654,1872
13655,1871
13656,1871
13657,1873
13658,1899
13659,1904
13660,1875
13661,1857
13662,1841
13663,1831
13664,1834
13665,1840
13666,1845
13667,1845
13668,1851
13669,1863
13670,1872
13671,1874
13672,1869
13673,1871
13674,1872
13675,1901
13676,1889
13677,1867
13678,1844
13679,1826
13680,1827
13681,1824
13682,1835
13683,1847
13684,1851
13685,1857
13686,1866
13687,1877
13688,1873
13689,1872
13690,1871
13691,1890
13692,1906
13693,1887
13694,1863
13695,1843
13696,1834
13697,1830
13698,1836
13699,1844
13700,1847
13701,1850
13702,1863
13703,1872
13704,1872
13705,1863
13706,1861
13707,1865
13708,1888
13709,1901
13710,1875
13711,1855
13712,1840
13713,1828
13714,1833
13715,1838
13716,1846
13717,1850
13718,1854
13719,1861
13720,1872
13721,1875
13722,1873
13723,1872
13724,1879
13725,1904
13726,1895
13727,1871
13728,1853
13729,1830
13730,1815
13731,1821
13732,1833
13733,1840
13734,1843
13735,1849
13736,1863
13737,1872
13738,1869
13739,1860
13740,1851
13741,1881
13742,1904
13743,1883
13744,1861
13745,1841
13746,1831
13747,1830
13748,1839
13749,1846
13750,1853
13751,1854
13752,1866
13753,1868
13754,1874
13755,1870
13756,1866
13757,1867
13758,1889
13759,1898
13760,1872
13761,1855
13762,1840
13763,1831
13764,1824
13765,1830
13766,1839
13767,1843
13768,1849
13769,1872
13770,1875
13771,1875
13772,1872
13773,1872
13774,1879
13775,1904
13776,1902
13777,1874
13778,1862
13779,1850
13780,1839
13781,1839
13782,1843
13783,1851
13784,1854
13785,1855
13786,1850
13787,1847
13788,1854
13789,1861
13790,1861
13791,1888
13792,1903
13793,1887
13794,1856
13795,1840
13796,1823
13797,1821
13798,1829
13799,1852
13800,1856
13801,1859
13802,1869
13803,1872
13804,1877
13805,1867
13806,1859
13807,1867
13808,1895
13809,1902
13810,1874
13811,1858
13812,1841
13813,1831
13814,1830
13815,1840
13816,1840
13817,1843
13818,1850
13819,1866
13820,1871
13821,1863
13822,1861
13823,1862
13824,1873
13825,1897
13826,1889
13827,1866
13828,1845
13829,1827
13830,1823
13831,1835
13832,1842
13833,1850
13834,1849
13835,1861
13836,1872
13837,1883
13838,1872
13839,1872
13840,1867
13841,1881
13842,1898
13843,1889
13844,1866
13845,1843
13846,1834
13847,1834
13848,1840
13849,1847
13850,1851
13851,1849
13852,1856
13853,1866
13854,1870
13855,1867
13856,1868
13857,1870
13858,1898
13859,1899
13860,1883
13861,1874
13862,1870
13863,1850
13864,1849
13865,1838
13866,1823
13867,1840
13868,1827
13869,1841
13870,1874
13871,1898
13872,1898
13873,1887
13874,1872
13875,1876
13876,1867
13877,1840
13878,1841
13879,1838
13880,1827
13881,1838
13882,1836
13883,1829
13884,1829
13885,1841
13886,1856
13887,1870
13888,1875
13889,1879
13890,1878
13891,1898
13892,1905
13893,1878
13894,1862
13895,1849
13896,1840
13897,1838
13898,1839
13899,1840
13900,1846
13901,1851
13902,1857
13903,1866
13904,1874
13905,1871
13906,1870
13907,1872
13908,1895
13909,1903
13910,1873
13911,1857
13912,1840
13913,1827
13914,1826
13915,1837
13916,1845
13917,1847
13918,1853
13919,1870
13920,1872
13921,1876
13922,1874
13923,1873
13924,1881
13925,1898
13926,1890
13927,1867
13928,1852
13929,1835
13930,1829
13931,1831
13932,1840
13933,1845
13934,1849
13935,1855
13936,1869
13937,1873
13938,1873
13939,1870
13940,1870
13941,1888
13942,1904
13943,1888
13944,1855
13945,1839
13946,1825
13947,1819
13948,1825
13949,1837
13950,1840
13951,1840
13952,1861
13953,1872
13954,1878
13955,1872
13956,1873
13957,1874
13958,1902
13959,1904
13960,1877
13961,1858
13962,1840
13963,1826
13964,1830
13965,1840
13966,1846
13967,1854
13968,1854
13969,1862
13970,1872
13971,1875
13972,1871
13973,1863
13974,1870
13975,1895
13976,1894
13977,1871
13978,1851
13979,1845
13980,1847
13981,1850
13982,1859
13983,1872
13984,1866
13985,1849
13986,1837
13987,1840
13988,1857
13989,1865
13990,1858
13991,1872
13992,1902
13993,1899
13994,1872
13995,1849
13996,1825
13997,1815
13998,1826
13999,1845
14000,1850
14001,1857
14002,1883
14003,1903
14004,1887
14005,1878
14006,1889
14007,1888
14008,1869
14009,1870
14010,1856
14011,1843
14012,1835
14013,1827
14014,1822
14015,1827
14016,1840
14017,1840
14018,1843
14019,1863
14020,1869
14021,1875
14022,1871
14023,1870
14024,1875
14025,1895
14026,1895
14027,1871
14028,1853
14029,1835
14030,1824
14031,1832
14032,1838
14033,1844
14034,1846
14035,1856
14036,1867
14037,1872
14038,1872
14039,1862
14040,1858
14041,1879
14042,1903
14043,1889
14044,1867
14045,1846
14046,1837
14047,1833
14048,1836
14049,1843
14050,1847
14051,1852
14052,1863
14053,1872
14054,1877
14055,1872
14056,1872
14057,1871
14058,1895
14059,1901
14060,1877
14061,1857
14062,1842
14063,1834
14064,1825
14065,1831
14066,1840
14067,1844
14068,1849
14069,1870
14070,1872
14071,1875
14072,1872
14073,1867
14074,1875
14075,1904
14076,1901
14077,1872
14078,1852
14079,1839
14080,1831
14081,1833
14082,1840
14083,1847
14084,1852
14085,1857
14086,1872
14087,1873
14088,1871
14089,1869
14090,1868
14091,1887
14092,1904
14093,1884
14094,1857
14095,1842
14096,1827
14097,2782
14098,1210
14099,1887
14100,2131
14101,2219
14102,2257
14103,2259
14104,2175
14105,2013
14106,1783
14107,1585
14108,1611
14109,1707
14110,1721
14111,1726
14112,1736
14113,1757
14114,1794
14115,1825
14116,1862
14117,1898
14118,1934
14119,1959
14120,1958
14121,1933
14122,1899
14123,1866
14124,1851
14125,1866
14126,1856
14127,1821
14128,1883
14129,769
14130,1729
14131,2063
14132,2196
14133,2241
14134,2239
14135,2106
14136,1921
14137,1731
14138,1587
14139,1648
14140,1715
14141,1744
14142,1791
14143,1809
14144,1822
14145,1840
14146,1866
14147,1893
14148,1930
14149,1962
14150,1975
14151,1955
14152,1925
14153,1878
14154,1825
14155,1786
14156,1792
14157,1804
14158,1838
14159,1853
14160,645
14161,1627
14162,1985
14163,2151
14164,2199
14165,2207
14166,2061
14167,1862
14168,1657
14169,1645
14170,1786
14171,1799
14172,1780
14173,1808
14174,1830
14175,1882
14176,1915
14177,1926
14178,1937
14179,1955
14180,1967
14181,1959
14182,1925
14183,1873
14184,1802
14185,1769
14186,1776
14187,1801
14188,1809
14189,1830
14190,1842
14191,2030
14192,1360
14193,1946
14194,2202
14195,2286
14196,2288
14197,2166
14198,1954
14199,1535
14200,1511
14201,1723
14202,1749
14203,1774
14204,1808
14205,1835
14206,1867
14207,1905
14208,1967
14209,2010
14210,2016
14211,2019
14212,1983
14213,1915
14214,1828
14215,1776
14216,1767
14217,1763
14218,1765
14219,1799
14220,1826
14221,1847
14222,2317
14223,942
14224,1826
14225,2096
14226,2192
14227,2202
14228,2102
14229,1915
14230,1757
14231,1710
14232,1806
14233,1776
14234,1779
14235,1813
14236,1853
14237,1893
14238,1927
14239,1954
14240,1984
14241,2028
14242,2061
14243,2013
14244,1919
14245,1815
14246,1753
14247,1739
14248,1744
14249,1750
14250,1774
14251,1803
14252,1833
14253,1850
14254,578
14255,1695
14256,2000
14257,2128
14258,2185
14259,2120
14260,1942
14261,1814
14262,1813
14263,1839
14264,1755
14265,1746
14266,1795
14267,1849
14268,1895
14269,1949
14270,1985
14271,2005
14272,2015
14273,2017
14274,1982
14275,1936
14276,1841
14277,1787
14278,1753
14279,1735
14280,1730
14281,1762
14282,1793
14283,1811
14284,1827
14285,755
14286,1483
14287,1976
14288,2130
14289,2185
14290,2117
14291,1968
14292,1937
14293,1898
14294,1887
14295,1792
14296,1770
14297,1787
14298,1815
14299,1855
14300,1893
14301,1921
14302,1962
14303,2000
14304,2018
14305,1982
14306,1908
14307,1821
14308,1817
14309,1819
14310,1797
14311,1775
14312,1769
14313,1776
14314,1791
14315,1809
14316,2386
14317,1099
14318,1893
14319,2176
14320,2286
14321,2256
14322,2032
14323,1815
14324,1793
14325,1904
14326,1828
14327,1776
14328,1776
14329,1783
14330,1810
14331,1842
14332,1875
14333,1914
14334,1955
14335,1984
14336,1983
14337,1936
14338,1850
14339,1809
14340,1803
14341,1811
14342,1827
14343,1819
14344,1815
14345,1811
14346,1811
14347,1905
14348,459
14349,1742
14350,2098
14351,2234
14352,2238
14353,2010
14354,1919
14355,1863
14356,1954
14357,1856
14358,1808
14359,1817
14360,1814
14361,1818
14362,1830
14363,1847
14364,1882
14365,1913
14366,1941
14367,1946
14368,1921
14369,1879
14370,1858
14371,1851
14372,1834
14373,1823
14374,1819
14375,1843
14376,1856
14377,1840
14378,1828
14379,291
14380,1560
14381,2062
14382,2279
14383,2311
14384,2082
14385,1872
14386,1771
14387,1918
14388,1856
14389,1779
14390,1779
14391,1812
14392,1861
14393,1873
14394,1872
14395,1888
14396,1902
14397,1911
14398,1919
14399,1907
14400,1872
14401,1849
14402,1841
14403,1839
14404,1837
14405,1821
14406,1831
14407,1840
14408,1872
14409,1890
14410,1193
14411,1280
14412,1970
14413,2238
14414,2320
14415,2134
14416,1872
14417,1755
14418,1895
14419,1882
14420,1786
14421,1779
14422,1791
14423,1810
14424,1845
14425,1898
14426,1931
14427,1933
14428,1927
14429,1925
14430,1908
14431,1873
14432,1853
14433,1842
14434,1831
14435,1820
14436,1815
14437,1824
14438,1830
14439,1840
14440,1850
14441,2756
14442,768
14443,1877
14444,2224
14445,2357
14446,2250
14447,1890
14448,1650
14449,1801
14450,1903
14451,1794
14452,1776
14453,1799
14454,1813
14455,1840
14456,1890
14457,1937
14458,1973
14459,1984
14460,1973
14461,1936
14462,1887
14463,1846
14464,1838
14465,1831
14466,1822
14467,1803
14468,1801
14469,1822
14470,1840
14471,1859
14472,1860
14473,317
14474,1703
14475,2192
14476,2431
14477,2416
14478,2030
14479,1719
14480,1710
14481,1865
14482,1793
14483,1744
14484,1747
14485,1783
14486,1813
14487,1847
14488,1886
14489,1920
14490,1936
14491,1967
14492,1984
14493,1943
14494,1887
14495,1851
14496,1825
14497,1807
14498,1795
14499,1797
14500,1806
14501,1812
14502,1837
14503,1857
14504,558
14505,1498
14506,2078
14507,2352
14508,2448
14509,2117
14510,1795
14511,1695
14512,1907
14513,1807
14514,1712
14515,1739
14516,1774
14517,1799
14518,1840
14519,1905
14520,1951
14521,1970
14522,1972
14523,1971
14524,1955
14525,1935
14526,1910
14527,1862
14528,1819
14529,1781
14530,1766
14531,1777
14532,1802
14533,1821
14534,1829
14535,1849
14536,1113
14537,1968
14538,2320
14539,2453
14540,2224
14541,1881
14542,1683
14543,1894
14544,1872
14545,1755
14546,1727
14547,1753
14548,1782
14549,1811
14550,1842
14551,1878
14552,1926
14553,1963
14554,1989
14555,1978
14556,1941
14557,1879
14558,1867
14559,1850
14560,1822
14561,1805
14562,1792
14563,1795
14564,1795
14565,1810
14566,2085
14567,511
14568,1782
14569,2199
14570,2415
14571,2339
14572,1946
14573,1697
14574,1879
14575,1967
14576,1813
14577,1730
14578,1748
14579,1776
14580,1795
14581,1827
14582,1875
14583,1920
14584,1938
14585,1951
14586,1952
14587,1921
14588,1882
14589,1871
14590,1853
14591,1854
14592,1858
14593,1838
14594,1831
14595,1830
14596,1827
14597,1823
14598,289
14599,1584
14600,2123
14601,2383
14602,2414
14603,2034
14604,1695
14605,1771
14606,1967
14607,1840
14608,1747
14609,1777
14610,1802
14611,1817
14612,1835
14613,1858
14614,1892
14615,1913
14616,1931
14617,1931
14618,1903
14619,1872
14620,1865
14621,1872
14622,1862
14623,1842
14624,1837
14625,1863
14626,1873
14627,1857
14628,1843
14629,1136
14630,1246
14631,1967
14632,2283
14633,2386
14634,2107
14635,1776
14636,1745
14637,1971
14638,1904
14639,1763
14640,1746
14641,1806
14642,1851
14643,1863
14644,1872
14645,1887
14646,1903
14647,1917
14648,1924
14649,1910
14650,1871
14651,1854
14652,1856
14653,1853
14654,1843
14655,1828
14656,1834
14657,1841
14658,1873
14659,1888
14660,2745
14661,907
14662,1890
14663,2216
14664,2331
14665,2137
14666,1798
14667,1728
14668,1985
14669,1959
14670,1806
14671,1767
14672,1798
14673,1831
14674,1855
14675,1893
14676,1921
14677,1924
14678,1927
14679,1920
14680,1903
14681,1869
14682,1853
14683,1854
14684,1846
14685,1840
14686,1836
14687,1829
14688,1839
14689,1845
14690,1855
14691,1874
14692,377
14693,1750
14694,2176
14695,2371
14696,2311
14697,1903
14698,1595
14699,1840
14700,1964
14701,1813
14702,1745
14703,1787
14704,1835
14705,1850
14706,1871
14707,1897
14708,1940
14709,1968
14710,1955
14711,1931
14712,1886
14713,1842
14714,1835
14715,1828
14716,1826
14717,1819
14718,1809
14719,1824
14720,1843
14721,1858
14722,1858
14723,1862
14724,1872
14725,1895
14726,1891
14727,1869
14728,1855
14729,1841
14730,1839
14731,1845
14732,1852
14733,1858
14734,1858
14735,1865
14736,1874
14737,1889
14738,1882
14739,1872
14740,1871
14741,1881
14742,1902
14743,1889
14744,1865
14745,1851
14746,1840
14747,1831
14748,1838
14749,1842
14750,1851
14751,1851
14752,1861
14753,1872
14754,1872
14755,1863
14756,1865
14757,1859
14758,1879
14759,1889
14760,1870
14761,1857
14762,1845
14763,1835
14764,1833
14765,1838
14766,1847
14767,1849
14768,1855
14769,1871
14770,1872
14771,1884
14772,1877
14773,1877
14774,1882
14775,1899
14776,1902
14777,1872
14778,1855
14779,1843
14780,1826
14781,1822
14782,1834
14783,1842
14784,1835
14785,1837
14786,1857
14787,1869
14788,1872
14789,1871
14790,1867
14791,1882
14792,1900
14793,1872
14794,1853
14795,1840
14796,1830
14797,1826
14798,1833
14799,1847
14800,1852
14801,1850
14802,1858
14803,1872
14804,1878
14805,1873
14806,1871
14807,1871
14808,1887
14809,1899
14810,1878
14811,1858
14812,1841
14813,1830
14814,1829
14815,1834
14816,1840
14817,1842
14818,1845
14819,1866
14820,1872
14821,1875
14822,1867
14823,1869
14824,1872
14825,1897
14826,1895
14827,1871
14828,1851
14829,1835
14830,1827
14831,1830
14832,1838
14833,1843
14834,1849
14835,1855
14836,1868
14837,1872
14838,1872
14839,1866
14840,1863
14841,1878
14842,1897
14843,1879
14844,1855
14845,1840
14846,1825
14847,1824
14848,1824
14849,1836
14850,1850
14851,1845
14852,1862
14853,1872
14854,1874
14855,1867
14856,1870
14857,1869
14858,1883
14859,1897
14860,1877
14861,1863
14862,1841
14863,1825
14864,1830
14865,1832
14866,1834
14867,1834
14868,1846
14869,1860
14870,1868
14871,1872
14872,1870
14873,1869
14874,1866
14875,1887
14876,1887
14877,1863
14878,1845
14879,1839
14880,1831
14881,1835
14882,1840
14883,1845
14884,1847
14885,1856
14886,1867
14887,1876
14888,1873
14889,1872
14890,1869
14891,1883
14892,1899
14893,1885
14894,1859
14895,1845
14896,1837
14897,1830
14898,1834
14899,1843
14900,1848
14901,1851
14902,1859
14903,1869
14904,1870
14905,1860
14906,1863
14907,1861
14908,1882
14909,1900
14910,1875
14911,1856
14912,1840
14913,1831
14914,1828
14915,1834
14916,1843
14917,1849
14918,1847
14919,1865
14920,1872
14921,1873
14922,1865
14923,1863
14924,1868
14925,1889
14926,1891
14927,1869
14928,1853
14929,1836
14930,1824
14931,1827
14932,1836
14933,1840
14934,1840
14935,1851
14936,1858
14937,1867
14938,1867
14939,1858
14940,1863
14941,1884
14942,1911
14943,1902
14944,1874
14945,1843
14946,1819
14947,1808
14948,1823
14949,1828
14950,1840
14951,1844
14952,1858
14953,1869
14954,1878
14955,1870
14956,1871
14957,1871
14958,1889
14959,1899
14960,1877
14961,1855
14962,1840
14963,1831
14964,1824
14965,1829
14966,1840
14967,1844
14968,1850
14969,1867
14970,1872
14971,1872
14972,1871
14973,1870
14974,1872
14975,1895
14976,1899
14977,1871
14978,1855
14979,1846
14980,1838
14981,1840
14982,1842
14983,1843
14984,1842
14985,1849
14986,1862
14987,1872
14988,1869
14989,1867
14990,1866
14991,1879
14992,1901
14993,1883
14994,1854
14995,1841
14996,1827
14997,1823
14998,1825
14999,1842
15000,1846
15001,1843
15002,1856
15003,1863
15004,1877
15005,1873
15006,1878
15007,1872
15008,1891
15009,1901
15010,1873
15011,1851
15012,1839
15013,1825
15014,1827
15015,1831
15016,1843
15017,1847
15018,1844
15019,1863
15020,1870
15021,1875
15022,1870
15023,1869
15024,1869
15025,1891
15026,1891
15027,1865
15028,1840
15029,1825
15030,1819
15031,1823
15032,1829
15033,1846
15034,1850
15035,1854
15036,1871
15037,1872
15038,1872
15039,1868
15040,1872
15041,1887
15042,1904
15043,1894
15044,1866
15045,1843
15046,1828
15047,1814
15048,1823
15049,1839
15050,1845
15051,1847
15052,1856
15053,1869
15054,1867
15055,1863
15056,1863
15057,1863
15058,1883
15059,1902
15060,1874
15061,1856
15062,1839
15063,1830
15064,1830
15065,1836
15066,1844
15067,1849
15068,1855
15069,1866
15070,1872
15071,1878
15072,1872
15073,1870
15074,1869
15075,1891
15076,1899
15077,1872
15078,1854
15079,1834
15080,1824
15081,1828
15082,1838
15083,1845
15084,1841
15085,1846
15086,1856
15087,1869
15088,1870
15089,1870
15090,1871
15091,1879
15092,1900
15093,1891
15094,1867
15095,1847
15096,1835
15097,1827
15098,1829
15099,1842
15100,1849
15101,1850
15102,1858
15103,1868
15104,1875
15105,1872
15106,1872
15107,1871
15108,1891
15109,1903
15110,1881
15111,1860
15112,1840
15113,1826
15114,1818
15115,1829
15116,1840
15117,1841
15118,1847
15119,1866
15120,1872
15121,1877
15122,1871
15123,1870
15124,1872
15125,1900
15126,1901
15127,1872
15128,1853
15129,1833
15130,1826
15131,1830
15132,1840
15133,1847
15134,1853
15135,1861
15136,1872
15137,1879
15138,1872
15139,1867
15140,1859
15141,1881
15142,1899
15143,1887
15144,1857
15145,1841
15146,1831
15147,1825
15148,1833
15149,1837
15150,1841
15151,1843
15152,1862
15153,1872
15154,1878
15155,1872
15156,1872
15157,1872
15158,1889
15159,1903
15160,1881
15161,1858
15162,1840
15163,1830
15164,1831
15165,1837
15166,1843
15167,1849
15168,1855
15169,1866
15170,1870
15171,1875
15172,1871
15173,1872
15174,1868
15175,1891
15176,1894
15177,1866
15178,1847
15179,1840
15180,1829
15181,1830
15182,1840
15183,1846
15184,1851
15185,1855
15186,1869
15187,1873
15188,1873
15189,1868
15190,1869
15191,1879
15192,1902
15193,1886
15194,1864
15195,1849
15196,1835
15197,1830
15198,1834
15199,1843
15200,1847
15201,1853
15202,1862
15203,1870
15204,1872
15205,1867
15206,1867
15207,1863
15208,1881
15209,1898
15210,1875
15211,1859
15212,1840
15213,1834
15214,1831
15215,1835
15216,1847
15217,1851
15218,1849
15219,1872
15220,1872
15221,1879
15222,1872
15223,1870
15224,1874
15225,1898
15226,1895
15227,1861
15228,1846
15229,1827
15230,1814
15231,1822
15232,1829
15233,1840
15234,1841
15235,1848
15236,1861
15237,1870
15238,1871
15239,1863
15240,1863
15241,1876
15242,1902
15243,1892
15244,1865
15245,1845
15246,1837
15247,1835
15248,1835
15249,1843
15250,1853
15251,1853
15252,1860
15253,1871
15254,1878
15255,1871
15256,1871
15257,1871
15258,1890
15259,1899
15260,1878
15261,1866
15262,1847
15263,1839
15264,1829
15265,1827
15266,1834
15267,1838
15268,1843
15269,1859
15270,1869
15271,1872
15272,1869
15273,1870
15274,1873
15275,1895
15276,1900
15277,1872
15278,1856
15279,1840
15280,1833
15281,1835
15282,1840
15283,1846
15284,1853
15285,1856
15286,1871
15287,1874
15288,1873
15289,1872
15290,1869
15291,1879
15292,1903
15293,1889
15294,1862
15295,1843
15296,1829
15297,1823
15298,1829
15299,1841
15300,1849
15301,1851
15302,1857
15303,1869
15304,1878
15305,1873
15306,1871
15307,1869
15308,1888
15309,1904
15310,1884
15311,1866
15312,1840
15313,1825
15314,1826
15315,1837
15316,1849
15317,1855
15318,1856
15319,1861
15320,1860
15321,1863
15322,1859
15323,1858
15324,1866
15325,1891
15326,1892
15327,1867
15328,1851
15329,1839
15330,1834
15331,1831
15332,1840
15333,1847
15334,1847
15335,1854
15336,1869
15337,1877
15338,1874
15339,1872
15340,1871
15341,1882
15342,1903
15343,1892
15344,1869
15345,1850
15346,1840
15347,1833
15348,1837
15349,1842
15350,1849
15351,1847
15352,1861
15353,1872
15354,1872
15355,1869
15356,1870
15357,1868
15358,1887
15359,1903
15360,1885
15361,1858
15362,1840
15363,1829
15364,1824
15365,1838
15366,1849
15367,1849
15368,1849
15369,1859
15370,1870
15371,1874
15372,1865
15373,1866
15374,1867
15375,1894
15376,1899
15377,1872
15378,1854
15379,1841
15380,1830
15381,1831
15382,1840
15383,1845
15384,1845
15385,1851
15386,1866
15387,1872
15388,1873
15389,1865
15390,1872
15391,1885
15392,1899
15393,1890
15394,1871
15395,1855
15396,1841
15397,1833
15398,1829
15399,1835
15400,1844
15401,1845
15402,1858
15403,1872
15404,1885
15405,1874
15406,1872
15407,1862
15408,1881
15409,1899
15410,1883
15411,1858
15412,1840
15413,1830
15414,1823
15415,1827
15416,1831
15417,1837
15418,1841
15419,1855
15420,1872
15421,1877
15422,1872
15423,1871
15424,1865
15425,1895
15426,1900
15427,1871
15428,1855
15429,1839
15430,1838
15431,1840
15432,1842
15433,1854
15434,1853
15435,1856
15436,1866
15437,1867
15438,1863
15439,1866
15440,1862
15441,1872
15442,1900
15443,1890
15444,1859
15445,1842
15446,1832
15447,1827
15448,1835
15449,1841
15450,1845
15451,1843
15452,1861
15453,1872
15454,1872
15455,1869
15456,1870
15457,1869
15458,1882
15459,1896
15460,1879
15461,1861
15462,1851
15463,1840
15464,1840
15465,1843
15466,1843
15467,1850
15468,1851
15469,1863
15470,1867
15471,1866
15472,1855
15473,1860
15474,1861
15475,1888
15476,1889
15477,1869
15478,1849
15479,1840
15480,1833
15481,1835
15482,1842
15483,1847
15484,1851
15485,1856
15486,1871
15487,1873
15488,1875
15489,1872
15490,1871
15491,1881
15492,1902
15493,1892
15494,1869
15495,1850
15496,1838
15497,1830
15498,1835
15499,1845
15500,1849
15501,1852
15502,1858
15503,1868
15504,1867
15505,1867
15506,1867
15507,1863
15508,1879
15509,1903
15510,1879
15511,1863
15512,1846
15513,1835
15514,1831
15515,1840
15516,1843
15517,1845
15518,1847
15519,1861
15520,1872
15521,1874
15522,1869
15523,1871
15524,1872
15525,1893
15526,1898
15527,1873
15528,1855
15529,1839
15530,1827
15531,1827
15532,1831
15533,1840
15534,1843
15535,1843
15536,1861
15537,1875
15538,1885
15539,1877
15540,1879
15541,1887
15542,1904
15543,1887
15544,1855
15545,1827
15546,1815
15547,1815
15548,1829
15549,1841
15550,1850
15551,1843
15552,1855
15553,1870
15554,1882
15555,1875
15556,1875
15557,1873
15558,1891
15559,1895
15560,1874
15561,1856
15562,1843
15563,1838
15564,1829
15565,1834
15566,1827
15567,1830
15568,1839
15569,1865
15570,1872
15571,1876
15572,1869
15573,1873
15574,1874
15575,1899
15576,1904
15577,1875
15578,1857
15579,1841
15580,1830
15581,1834
15582,1838
15583,1844
15584,1850
15585,1856
15586,1872
15587,1875
15588,1876
15589,1872
15590,1872
15591,1877
15592,1901
15593,1887
15594,1858
15595,1844
15596,1833
15597,1826
15598,1830
15599,1839
15600,1847
15601,1853
15602,1858
15603,1871
15604,1875
15605,1872
15606,1872
15607,1868
15608,1888
15609,1899
15610,1881
15611,1860
15612,1842
15613,1834
15614,1831
15615,1839
15616,1846
15617,1849
15618,1853
15619,1862
15620,1868
15621,1872
15622,1867
15623,1867
15624,1867
15625,1890
15626,1894
15627,1867
15628,1845
15629,1835
15630,1829
15631,1834
15632,1840
15633,1847
15634,1854
15635,1856
15636,1869
15637,1877
15638,1883
15639,1874
15640,1869
15641,1873
15642,1902
15643,1888
15644,1865
15645,1841
15646,1831
15647,1826
15648,1828
15649,1840
15650,1850
15651,1854
15652,1861
15653,1870
15654,1872
15655,1871
15656,1864
15657,1858
15658,1877
15659,1887
15660,1871
15661,1863
15662,1845
15663,1835
15664,1846
15665,1862
15666,1872
15667,1863
15668,1855
15669,1851
15670,1856
15671,1852
15672,1849
15673,1866
15674,1872
15675,1895
15676,1904
15677,1875
15678,1856
15679,1840
15680,1830
15681,1839
15682,1845
15683,1851
15684,1843
15685,1844
15686,1857
15687,1867
15688,1871
15689,1871
15690,1869
15691,1876
15692,1901
15693,1893
15694,1870
15695,1847
15696,1835
15697,1827
15698,1834
15699,1841
15700,1851
15701,1852
15702,1856
15703,1868
15704,1873
15705,1872
15706,1871
15707,1872
15708,1890
15709,1904
15710,1889
15711,1869
15712,1846
15713,1836
15714,1826
15715,1825
15716,1834
15717,1840
15718,1840
15719,1861
15720,1871
15721,1874
15722,1871
15723,2416
15724,1006
15725,1886
15726,2157
15727,2224
15728,2224
15729,2215
15730,2170
15731,2064
15732,1906
15733,1643
15734,1479
15735,1559
15736,1678
15737,1745
15738,1774
15739,1795
15740,1819
15741,1856
15742,1904
15743,1931
15744,1929
15745,1931
15746,1919
15747,1904
15748,1878
15749,1839
15750,1815
15751,1805
15752,1813
15753,1826
15754,1837
15755,636
15756,1677
15757,2047
15758,2231
15759,2283
15760,2274
15761,2221
15762,2062
15763,1842
15764,1571
15765,1469
15766,1560
15767,1666
15768,1716
15769,1769
15770,1803
15771,1847
15772,1873
15773,1915
15774,1945
15775,1994
15776,2013
15777,1979
15778,1927
15779,1862
15780,1794
15781,1763
15782,1767
15783,1787
15784,1801
15785,1822
15786,1238
15787,1466
15788,1983
15789,2204
15790,2263
15791,2283
15792,2255
15793,2096
15794,1871
15795,1585
15796,1510
15797,1619
15798,1689
15799,1725
15800,1773
15801,1808
15802,1858
15803,1906
15804,1949
15805,1974
15806,2000
15807,2000
15808,1984
15809,1947
15810,1859
15811,1799
15812,1773
15813,1760
15814,1773
15815,1791
15816,1814
15817,2675
15818,1168
15819,1904
15820,2176
15821,2274
15822,2295
15823,2257
15824,2121
15825,1893
15826,1575
15827,1535
15828,1686
15829,1713
15830,1749
15831,1771
15832,1791
15833,1839
15834,1892
15835,1943
15836,1999
15837,2034
15838,2019
15839,1965
15840,1883
15841,1840
15842,1824
15843,1801
15844,1783
15845,1785
15846,1794
15847,1806
15848,1918
15849,754
15850,1772
15851,2037
15852,2157
15853,2201
15854,2197
15855,2091
15856,1966
15857,1679
15858,1686
15859,1784
15860,1778
15861,1791
15862,1807
15863,1831
15864,1855
15865,1895
15866,1939
15867,1982
15868,2001
15869,1987
15870,1936
15871,1871
15872,1814
15873,1793
15874,1786
15875,1815
15876,1842
15877,1833
15878,1826
15879,1824
15880,565
15881,1535
15882,1962
15883,2128
15884,2174
15885,2183
15886,2085
15887,1984
15888,1749
15889,1703
15890,1744
15891,1770
15892,1838
15893,1863
15894,1865
15895,1888
15896,1906
15897,1935
15898,1970
15899,1989
15900,1968
15901,1904
15902,1832
15903,1802
15904,1792
15905,1786
15906,1785
15907,1802
15908,1840
15909,1870
15910,1859
15911,1482
15912,1287
15913,1897
15914,2079
15915,2141
15916,2160
15917,2055
15918,2000
15919,1831
15920,1745
15921,1776
15922,1781
15923,1822
15924,1843
15925,1889
15926,1920
15927,1926
15928,1942
15929,1959
15930,1968
15931,1950
15932,1904
15933,1839
15934,1805
15935,1790
15936,1797
15937,1791
15938,1792
15939,1815
15940,1837
15941,1854
15942,2832
15943,886
15944,1849
15945,2080
15946,2157
15947,2163
15948,2047
15949,1963
15950,1841
15951,1797
15952,1805
15953,1799
15954,1809
15955,1821
15956,1840
15957,1872
15958,1922
15959,1967
15960,1986
15961,1986
15962,1965
15963,1894
15964,1817
15965,1788
15966,1790
15967,1792
15968,1781
15969,1795
15970,1824
15971,1849
15972,1851
15973,1857
15974,342
15975,1696
15976,2096
15977,2224
15978,2241
15979,2124
15980,1939
15981,1813
15982,1781
15983,1794
15984,1762
15985,1775
15986,1809
15987,1837
15988,1862
15989,1886
15990,1919
15991,1959
15992,2000
15993,1997
15994,1945
15995,1865
15996,1811
15997,1794
15998,1795
15999,1787
16000,1785
16001,1805
16002,1831
16003,1851
16004,1859
16005,662
16006,1447
16007,2016
16008,2240
16009,2307
16010,2210
16011,2000
16012,1857
16013,1791
16014,1782
16015,1727
16016,1735
16017,1774
16018,1808
16019,1856
16020,1891
16021,1927
16022,1949
16023,1968
16024,1968
16025,1970
16026,1922
16027,1862
16028,1830
16029,1803
16030,1792
16031,1778
16032,1781
16033,1808
16034,1825
16035,1841
16036,2189
16037,1054
16038,1936
16039,2222
16040,2303
16041,2266
16042,2064
16043,1847
16044,1745
16045,1807
16046,1757
16047,1760
16048,1790
16049,1808
16050,1835
16051,1855
16052,1893
16053,1930
16054,1957
16055,1959
16056,1943
16057,1904
16058,1885
16059,1897
16060,1869
16061,1831
16062,1793
16063,1777
16064,1795
16065,1811
16066,1830
16067,2174
16068,537
16069,1797
16070,2150
16071,2286
16072,2284
16073,2032
16074,1898
16075,1872
16076,1914
16077,1808
16078,1759
16079,1776
16080,1790
16081,1808
16082,1837
16083,1871
16084,1902
16085,1923
16086,1943
16087,1950
16088,1925
16089,1886
16090,1872
16091,1868
16092,1872
16093,1845
16094,1811
16095,1810
16096,1811
16097,1811
16098,1821
16099,349
16100,1535
16101,2061
16102,2265
16103,2336
16104,2155
16105,1901
16106,1776
16107,1862
16108,1851
16109,1826
16110,1819
16111,1809
16112,1808
16113,1814
16114,1840
16115,1872
16116,1905
16117,1926
16118,1926
16119,1921
16120,1890
16121,1885
16122,1867
16123,1859
16124,1839
16125,1839
16126,1847
16127,1840
16128,1833
16129,1823
16130,1092
16131,1264
16132,1959
16133,2226
16134,2320
16135,2209
16136,1922
16137,1748
16138,1856
16139,1850
16140,1776
16141,1783
16142,1842
16143,1855
16144,1854
16145,1867
16146,1879
16147,1901
16148,1919
16149,1932
16150,1919
16151,1878
16152,1860
16153,1857
16154,1856
16155,1841
16156,1827
16157,1818
16158,1850
16159,1878
16160,1871
16161,2839
16162,752
16163,1833
16164,2173
16165,2305
16166,2288
16167,1973
16168,1787
16169,1761
16170,1871
16171,1814
16172,1797
16173,1809
16174,1816
16175,1861
16176,1895
16177,1901
16178,1908
16179,1917
16180,1918
16181,1905
16182,1872
16183,1852
16184,1851
16185,1846
16186,1846
16187,1831
16188,1827
16189,1837
16190,1842
16191,1859
16192,1886
16193,363
16194,1711
16195,2141
16196,2340
16197,2373
16198,2090
16199,1815
16200,1703
16201,1814
16202,1777
16203,1757
16204,1786
16205,1804
16206,1820
16207,1841
16208,1888
16209,1937
16210,1946
16211,1941
16212,1923
16213,1884
16214,1847
16215,1840
16216,1841
16217,1840
16218,1814
16219,1823
16220,1837
16221,1856
16222,1857
16223,1864
16224,645
16225,1483
16226,2111
16227,2387
16228,2459
16229,2235
16230,1887
16231,1520
16232,1712
16233,1746
16234,1709
16235,1751
16236,1811
16237,1841
16238,1866
16239,1890
16240,1918
16241,1951
16242,1984
16243,1982
16244,1927
16245,1872
16246,1847
16247,1829
16248,1809
16249,1810
16250,1808
16251,1809
16252,1835
16253,1852
16254,1863
16255,2153
16256,1078
16257,1947
16258,2297
16259,2433
16260,2323
16261,1957
16262,1642
16263,1770
16264,1818
16265,1731
16266,1738
16267,1773
16268,1804
16269,1839
16270,1874
16271,1916
16272,1937
16273,1956
16274,1967
16275,1973
16276,1938
16277,1887
16278,1853
16279,1826
16280,1805
16281,1790
16282,1787
16283,1808
16284,1815
16285,1834
16286,2500
16287,681
16288,1845
16289,2265
16290,2452
16291,2427
16292,2092
16293,1648
16294,1697
16295,1846
16296,1739
16297,1702
16298,1744
16299,1789
16300,1820
16301,1847
16302,1883
16303,1921
16304,1953
16305,1959
16306,1949
16307,1915
16308,1901
16309,1905
16310,1878
16311,1852
16312,1813
16313,1791
16314,1791
16315,1807
16316,1824
16317,1839
16318,290
16319,1620
16320,2127
16321,2369
16322,2415
16323,2114
16324,1776
16325,1712
16326,1934
16327,1833
16328,1745
16329,1741
16330,1777
16331,1812
16332,1831
16333,1870
16334,1904
16335,1930
16336,1947
16337,1953
16338,1934
16339,1890
16340,1877
16341,1872
16342,1885
16343,1861
16344,1816
16345,1802
16346,1805
16347,1808
16348,1816
16349,1829
16350,1841
16351,1851
16352,1868
16353,1875
16354,1885
16355,1882
16356,1882
16357,1878
16358,1897
16359,1909
16360,1890
16361,1872
16362,1855
16363,1840
16364,1840
16365,1840
16366,1851
16367,1857
16368,1859
16369,1872
16370,1878
16371,1886
16372,1883
16373,1876
16374,1865
16375,1878
16376,1886
16377,1856
16378,1840
16379,1840
16380,1839
16381,1846
16382,1856
16383,1862
16384,1857
16385,1854
16386,1855
16387,1859
16388,1870
16389,1856
16390,1850
16391,1861
16392,1886
16393,1886
16394,1867
16395,1855
16396,1843
16397,1838
16398,1840
16399,1853
16400,1856
16401,1862
16402,1866
16403,1872
16404,1878
16405,1871
16406,1857
16407,1856
16408,1874
16409,1895
16410,1878
16411,1856
16412,1843
16413,1837
16414,1835
16415,1831
16416,1837
16417,1845
16418,1847
16419,1870
16420,1875
16421,1883
16422,1872
16423,1863
16424,1859
16425,1879
16426,1891
16427,1872
16428,1855
16429,1839
16430,1826
16431,1830
16432,1835
16433,1842
16434,1843
16435,1850
16436,1863
16437,1866
16438,1872
16439,1862
16440,1862
16441,1875
16442,1897
16443,1894
16444,1870
16445,1851
16446,1840
16447,1828
16448,1831
16449,1841
16450,1853
16451,1859
16452,1863
16453,1877
16454,1884
16455,1863
16456,1870
16457,1856
16458,1872
16459,1898
16460,1890
16461,1876
16462,1857
16463,1821
16464,1805
16465,1803
16466,1818
16467,1838
16468,1844
16469,1853
16470,1869
16471,1874
16472,1872
16473,1869
16474,1871
16475,1890
16476,1898
16477,1871
16478,1856
16479,1840
16480,1835
16481,1834
16482,1840
16483,1846
16484,1849
16485,1853
16486,1867
16487,1872
16488,1872
16489,1871
16490,1868
16491,1875
16492,1898
16493,1893
16494,1862
16495,1840
16496,1835
16497,1830
16498,1834
16499,1838
16500,1850
16501,1850
16502,1854
16503,1863
16504,1870
16505,1868
16506,1871
16507,1866
16508,1883
16509,1903
16510,1886
16511,1860
16512,1840
16513,1835
16514,1831
16515,1834
16516,1840
16517,1849
16518,1855
16519,1862
16520,1867
16521,1872
16522,1869
16523,1869
16524,1857
16525,1876
16526,1888
16527,1870
16528,1856
16529,1836
16530,1818
16531,1820
16532,1829
16533,1840
16534,1851
16535,1856
16536,1870
16537,1872
16538,1874
16539,1869
16540,1867
16541,1872
16542,1895
16543,1891
16544,1869
16545,1850
16546,1840
16547,1831
16548,1831
16549,1839
16550,1846
16551,1851
16552,1856
16553,1869
16554,1870
16555,1866
16556,1862
16557,1858
16558,1874
16559,1899
16560,1883
16561,1861
16562,1847
16563,1834
16564,1829
16565,1834
16566,1840
16567,1847
16568,1852
16569,1861
16570,1870
16571,1876
16572,1872
16573,1871
16574,1869
16575,1888
16576,1898
16577,1875
16578,1856
16579,1840
16580,1827
16581,1830
16582,1840
16583,1846
16584,1846
16585,1851
16586,1871
16587,1879
16588,1888
16589,1888
16590,1882
16591,1878
16592,1891
16593,1889
16594,1870
16595,1838
16596,1823
16597,1828
16598,1813
16599,1818
16600,1838
16601,1839
16602,1853
16603,1869
16604,1872
16605,1872
16606,1871
16607,1872
16608,1889
16609,1903
16610,1884
16611,1856
16612,1837
16613,1827
16614,1815
16615,1824
16616,1837
16617,1843
16618,1845
16619,1861
16620,1872
16621,1877
16622,1872
16623,1870
16624,1871
16625,1894
16626,1904
16627,1884
16628,1859
16629,1837
16630,1829
16631,1829
16632,1836
16633,1842
16634,1847
16635,1850
16636,1867
16637,1871
16638,1875
16639,1869
16640,1870
16641,1879
16642,1903
16643,1902
16644,1867
16645,1845
16646,1829
16647,1815
16648,1820
16649,1827
16650,1835
16651,1846
16652,1856
16653,1871
16654,1875
16655,1872
16656,1869
16657,1868
16658,1886
16659,1905
16660,1890
16661,1862
16662,1840
16663,1830
16664,1826
16665,1830
16666,1841
16667,1847
16668,1843
16669,1858
16670,1871
16671,1877
16672,1866
16673,1868
16674,1862
16675,1890
16676,1903
16677,1874
16678,1852
16679,1831
16680,1814
16681,1822
16682,1834
16683,1841
16684,1845
16685,1854
16686,1872
16687,1874
16688,1879
16689,1872
16690,1872
16691,1873
16692,1900
16693,1899
16694,1870
16695,1850
16696,1835
16697,1821
16698,1825
16699,1839
16700,1846
16701,1845
16702,1855
16703,1868
16704,1872
16705,1871
16706,1866
16707,1861
16708,1884
16709,1910
16710,1893
16711,1868
16712,1844
16713,1825
16714,1821
16715,1829
16716,1840
16717,1846
16718,1846
16719,1856
16720,1871
16721,1883
16722,1873
16723,1872
16724,1871
16725,1904
16726,1917
16727,1886
16728,1863
16729,1839
16730,1823
16731,1819
16732,1812
16733,1823
16734,1828
16735,1837
16736,1857
16737,1867
16738,1872
16739,1859
16740,1866
16741,1873
16742,1906
16743,1906
16744,1875
16745,1851
16746,1837
16747,1823
16748,1825
16749,1838
16750,1843
16751,1844
16752,1856
16753,1867
16754,1875
16755,1875
16756,1872
16757,1869
16758,1888
16759,1914
16760,1893
16761,1868
16762,1844
16763,1828
16764,1819
16765,1825
16766,1837
16767,1842
16768,1843
16769,1862
16770,1872
16771,1882
16772,1872
16773,1871
16774,1865
16775,1899
16776,1907
16777,1879
16778,1856
16779,1839
16780,1823
16781,1824
16782,1834
16783,1840
16784,1847
16785,1851
16786,1867
16787,1873
16788,1882
16789,1872
16790,1874
16791,1881
16792,1909
16793,1909
16794,1867
16795,1847
16796,1829
16797,1817
16798,1819
16799,1835
16800,1843
16801,1845
16802,1856
16803,1872
16804,1886
16805,1875
16806,1872
16807,1871
16808,1891
16809,1913
16810,1898
16811,1870
16812,1843
16813,1827
16814,1822
16815,1825
16816,1835
16817,1840
16818,1840
16819,1861
16820,1871
16821,1879
16822,1872
16823,1872
16824,1864
16825,1895
16826,1909
16827,1873
16828,1852
16829,1833
16830,1822
16831,1819
16832,1833
16833,1840
16834,1845
16835,1851
16836,1869
16837,1872
16838,1879
16839,1872
16840,1872
16841,1884
16842,1909
16843,1905
16844,1873
16845,1852
16846,1836
16847,1821
16848,1826
16849,1839
16850,1847
16851,1849
16852,1857
16853,1872
16854,1877
16855,1872
16856,1871
16857,1863
16858,1886
16859,1905
16860,1895
16861,1870
16862,1847
16863,1831
16864,1823
16865,1831
16866,1840
16867,1843
16868,1846
16869,1861
16870,1872
16871,1882
16872,1870
16873,1871
16874,1871
16875,1903
16876,1913
16877,1881
16878,1857
16879,1840
16880,1826
16881,1827
16882,1831
16883,1841
16884,1840
16885,1843
16886,1862
16887,1872
16888,1872
16889,1867
16890,1871
16891,1881
16892,1906
16893,1907
16894,1873
16895,1853
16896,1836
16897,1822
16898,1827
16899,1840
16900,1845
16901,1847
16902,1856
16903,1869
16904,1878
16905,1876
16906,1872
16907,1872
16908,1890
16909,1914
16910,1896
16911,1866
16912,1843
16913,1828
16914,1814
16915,1815
16916,1827
16917,1839
16918,1840
16919,1859
16920,1872
16921,1883
16922,1874
16923,1873
16924,1872
16925,1904
16926,1915
16927,1887
16928,1860
16929,1834
16930,1822
16931,1814
16932,1821
16933,1837
16934,1840
16935,1852
16936,1868
16937,1875
16938,1878
16939,1872
16940,1872
16941,1881
16942,1905
16943,1905
16944,1866
16945,1845
16946,1827
16947,1815
16948,1818
16949,1827
16950,1839
16951,1845
16952,1855
16953,1872
16954,1884
16955,1874
16956,1872
16957,1871
16958,1889
16959,1917
16960,1898
16961,1869
16962,1842
16963,1824
16964,1819
16965,1827
16966,1840
16967,1843
16968,1845
16969,1860
16970,1870
16971,1878
16972,1872
16973,1872
16974,1867
16975,1898
16976,1905
16977,1875
16978,1851
16979,1827
16980,1815
16981,1822
16982,1831
16983,1840
16984,1846
16985,1853
16986,1869
16987,1873
16988,1879
16989,1871
16990,1872
16991,1879
16992,1908
16993,1906
16994,1872
16995,1856
16996,1839
16997,1827
16998,1829
16999,1840
17000,1843
17001,1842
17002,1853
17003,1866
17004,1872
17005,1872
17006,1868
17007,1859
17008,1886
17009,1904
17010,1893
17011,1857
17012,1843
17013,1830
17014,1822
17015,1829
17016,1840
17017,1847
17018,1842
17019,1858
17020,1869
17021,1877
17022,1872
17023,1874
17024,1872
17025,1901
17026,1910
17027,1885
17028,1858
17029,1831
17030,1817
17031,1815
17032,1827
17033,1837
17034,1838
17035,1843
17036,1863
17037,1872
17038,1878
17039,1869
17040,1867
17041,1872
17042,1914
17043,1910
17044,1870
17045,1845
17046,1831
17047,1823
17048,1824
17049,1834
17050,1844
17051,1850
17052,1859
17053,1872
17054,1877
17055,1873
17056,1870
17057,1870
17058,1890
17059,1911
17060,1899
17061,1871
17062,1844
17063,1828
17064,1815
17065,1825
17066,1839
17067,1834
17068,1831
17069,1857
17070,1870
17071,1881
17072,1872
17073,1872
17074,1872
17075,1904
17076,1914
17077,1887
17078,1862
17079,1841
17080,1823
17081,1819
17082,1827
17083,1839
17084,1842
17085,1851
17086,1865
17087,1873
17088,1883
17089,1871
17090,1872
17091,1879
17092,1907
17093,1907
17094,1871
17095,1850
17096,1829
17097,1815
17098,1818
17099,1835
17100,1843
17101,1851
17102,1856
17103,1870
17104,1874
17105,1874
17106,1872
17107,1870
17108,1895
17109,1919
17110,1897
17111,1867
17112,1843
17113,1827
17114,1822
17115,1827
17116,1837
17117,1842
17118,1842
17119,1850
17120,1866
17121,1872
17122,1866
17123,1869
17124,1867
17125,1899
17126,1905
17127,1872
17128,1850
17129,1827
17130,1819
17131,1820
17132,1831
17133,1840
17134,1842
17135,1850
17136,1867
17137,1874
17138,1883
17139,1871
17140,1873
17141,1878
17142,1907
17143,1909
17144,1872
17145,1843
17146,1831
17147,1821
17148,1823
17149,1833
17150,1840
17151,1847
17152,1856
17153,1867
17154,1871
17155,1872
17156,1869
17157,1866
17158,1882
17159,1904
17160,1894
17161,1872
17162,1846
17163,1834
17164,1826
17165,1830
17166,1840
17167,1845
17168,1844
17169,1857
17170,1869
17171,1877
17172,1870
17173,1872
17174,1871
17175,1901
17176,1907
17177,1887
17178,1858
17179,1840
17180,1826
17181,1823
17182,1834
17183,1843
17184,1836
17185,1842
17186,1862
17187,1871
17188,1875
17189,1881
17190,1872
17191,1872
17192,1902
17193,1900
17194,1863
17195,1851
17196,1840
17197,1831
17198,1839
17199,1842
17200,1852
17201,1853
17202,1847
17203,1857
17204,1869
17205,1871
17206,1866
17207,1866
17208,1889
17209,1914
17210,1897
17211,1870
17212,1840
17213,1827
17214,1814
17215,1824
17216,1834
17217,1840
17218,1841
17219,1863
17220,1872
17221,1886
17222,1872
17223,1872
17224,1869
17225,1893
17226,1904
17227,1873
17228,1860
17229,1834
17230,1825
17231,1822
17232,1829
17233,1841
17234,1842
17235,1846
17236,1862
17237,1871
17238,1879
17239,1872
17240,1872
17241,1879
17242,1911
17243,1908
17244,1872
17245,1847
17246,1829
17247,1814
17248,1822
17249,1829
17250,1840
17251,1840
17252,1855
17253,1867
17254,1876
17255,1872
17256,1872
17257,1870
17258,1892
17259,1913
17260,1901
17261,1872
17262,1841
17263,1829
17264,1823
17265,1826
17266,1839
17267,1841
17268,1846
17269,1856
17270,1871
17271,1883
17272,1872
17273,1872
17274,1864
17275,1895
17276,1905
17277,1874
17278,1851
17279,1840
17280,1823
17281,1823
17282,1831
17283,1842
17284,1846
17285,1850
17286,1868
17287,1872
17288,1883
17289,1869
17290,1871
17291,1875
17292,1906
17293,1905
17294,1875
17295,1849
17296,1828
17297,1810
17298,1823
17299,1834
17300,1840
17301,1842
17302,1852
17303,1866
17304,1869
17305,1870
17306,1870
17307,1871
17308,1888
17309,1917
17310,1905
17311,1875
17312,1847
17313,1814
17314,1806
17315,1815
17316,1829
17317,1839
17318,1845
17319,1858
17320,1872
17321,1883
17322,1872
17323,1876
17324,1870
17325,1901
17326,1916
17327,1888
17328,1855
17329,1825
17330,1811
17331,1811
17332,1821
17333,1829
17334,1839
17335,1845
17336,1859
17337,1861
17338,1872
17339,1858
17340,1867
17341,1873
17342,1908
17343,1913
17344,1878
17345,1856
17346,1840
17347,1826
17348,1827
17349,1840
17350,661
17351,1733
17352,2080
17353,2224
17354,2256
17355,2256
17356,2224
17357,2130
17358,2005
17359,1869
17360,1619
17361,1520
17362,1535
17363,1616
17364,1665
17365,1712
17366,1763
17367,1808
17368,1850
17369,1901
17370,1950
17371,1987
17372,1985
17373,1975
17374,1941
17375,1917
17376,1877
17377,1825
17378,1798
17379,1777
17380,1767
17381,841
17382,1479
17383,1968
17384,2192
17385,2246
17386,2269
17387,2253
17388,2165
17389,1988
17390,1808
17391,1607
17392,1577
17393,1611
17394,1631
17395,1671
17396,1711
17397,1742
17398,1789
17399,1847
17400,1898
17401,1936
17402,1968
17403,1971
17404,1955
17405,1904
17406,1844
17407,1810
17408,1824
17409,1860
17410,1854
17411,1839
17412,2583
17413,1216
17414,1866
17415,2112
17416,2202
17417,2221
17418,2217
17419,2141
17420,1991
17421,1825
17422,1601
17423,1523
17424,1623
17425,1738
17426,1792
17427,1808
17428,1830
17429,1847
17430,1876
17431,1925
17432,1963
17433,1979
17434,1968
17435,1914
17436,1849
17437,1808
17438,1805
17439,1799
17440,1814
17441,1838
17442,1883
17443,2041
17444,846
17445,1801
17446,2083
17447,2190
17448,2217
17449,2233
17450,2160
17451,1996
17452,1808
17453,1570
17454,1535
17455,1651
17456,1714
17457,1761
17458,1826
17459,1893
17460,1920
17461,1945
17462,1956
17463,1977
17464,1974
17465,1939
17466,1879
17467,1809
17468,1779
17469,1770
17470,1785
17471,1823
17472,1835
17473,1847
17474,1855
17475,628
17476,1745
17477,2033
17478,2141
17479,2145
17480,2159
17481,2109
17482,2009
17483,1902
17484,1623
17485,1580
17486,1677
17487,1741
17488,1804
17489,1849
17490,1890
17491,1933
17492,2001
17493,2039
17494,2032
17495,1995
17496,1920
17497,1823
17498,1771
17499,1758
17500,1757
17501,1774
17502,1799
17503,1827
17504,1851
17505,1858
17506,1415
17507,1425
17508,1951
17509,2145
17510,2180
17511,2191
17512,2146
17513,2042
17514,1945
17515,1635
17516,1585
17517,1674
17518,1709
17519,1778
17520,1840
17521,1889
17522,1917
17523,1952
17524,1987
17525,2036
17526,2035
17527,1954
17528,1847
17529,1779
17530,1751
17531,1746
17532,1755
17533,1778
17534,1807
17535,1827
17536,1851
17537,2953
17538,976
17539,1870
17540,2106
17541,2187
17542,2239
17543,2221
17544,2091
17545,1998
17546,1659
17547,1583
17548,1653
17549,1712
17550,1776
17551,1813
17552,1862
17553,1905
17554,1957
17555,1997
17556,2016
17557,2007
17558,1982
17559,1926
17560,1862
17561,1806
17562,1775
17563,1750
17564,1745
17565,1781
17566,1809
17567,1823
17568,1840
17569,477
17570,1735
17571,2055
17572,2160
17573,2186
17574,2146
17575,2078
17576,2075
17577,1827
17578,1680
17579,1727
17580,1741
17581,1774
17582,1807
17583,1842
17584,1875
17585,1914
17586,1967
17587,2000
17588,2007
17589,1963
17590,1887
17591,1840
17592,1856
17593,1850
17594,1807
17595,1776
17596,1778
17597,1785
17598,1801
17599,1815
17600,436
17601,1527
17602,1994
17603,2170
17604,2213
17605,2195
17606,2078
17607,2037
17608,1829
17609,1747
17610,1763
17611,1756
17612,1776
17613,1793
17614,1811
17615,1847
17616,1893
17617,1936
17618,1966
17619,1975
17620,1953
17621,1898
17622,1838
17623,1824
17624,1815
17625,1839
17626,1842
17627,1838
17628,1829
17629,1814
17630,1803
17631,1564
17632,1142
17633,1913
17634,2136
17635,2205
17636,2211
17637,2095
17638,2046
17639,1874
17640,1689
17641,1732
17642,1806
17643,1852
17644,1840
17645,1839
17646,1846
17647,1856
17648,1891
17649,1927
17650,1951
17651,1941
17652,1903
17653,1865
17654,1856
17655,1845
17656,1825
17657,1808
17658,1827
17659,1872
17660,1872
17661,1854
17662,2621
17663,655
17664,1797
17665,2128
17666,2239
17667,2230
17668,2112
17669,1998
17670,1927
17671,1729
17672,1714
17673,1749
17674,1788
17675,1851
17676,1887
17677,1878
17678,1877
17679,1898
17680,1916
17681,1933
17682,1935
17683,1904
17684,1859
17685,1840
17686,1837
17687,1838
17688,1824
17689,1809
17690,1829
17691,1844
17692,1886
17693,1895
17694,290
17695,1664
17696,2065
17697,2202
17698,2241
17699,2160
17700,1982
17701,1947
17702,1755
17703,1730
17704,1754
17705,1782
17706,1817
17707,1840
17708,1877
17709,1922
17710,1933
17711,1931
17712,1921
17713,1905
17714,1875
17715,1850
17716,1840
17717,1833
17718,1820
17719,1803
17720,1805
17721,1833
17722,1840
17723,1850
17724,1853
17725,953
17726,1390
17727,2031
17728,2219
17729,2272
17730,2228
17731,1971
17732,1953
17733,1771
17734,1674
17735,1712
17736,1769
17737,1808
17738,1839
17739,1857
17740,1881
17741,1915
17742,1973
17743,1999
17744,1975
17745,1937
17746,1872
17747,1831
17748,1818
17749,1815
17750,1798
17751,1777
17752,1792
17753,1829
17754,1846
17755,1857
17756,2784
17757,883
17758,1919
17759,2245
17760,2351
17761,2329
17762,2047
17763,1943
17764,1783
17765,1680
17766,1691
17767,1729
17768,1781
17769,1813
17770,1846
17771,1879
17772,1891
17773,1915
17774,1933
17775,1977
17776,1987
17777,1934
17778,1873
17779,1847
17780,1826
17781,1800
17782,1770
17783,1782
17784,1798
17785,1811
17786,1845
17787,2064
17788,496
17789,1797
17790,2168
17791,2318
17792,2384
17793,2151
17794,1963
17795,1811
17796,1685
17797,1712
17798,1744
17799,1776
17800,1793
17801,1813
17802,1849
17803,1885
17804,1920
17805,1945
17806,1953
17807,1945
17808,1936
17809,1928
17810,1902
17811,1855
17812,1823
17813,1793
17814,1773
17815,1790
17816,1811
17817,1827
17818,1837
17819,412
17820,1531
17821,2102
17822,2311
17823,2386
17824,2240
17825,2001
17826,1879
17827,1726
17828,1718
17829,1712
17830,1743
17831,1775
17832,1794
17833,1833
17834,1862
17835,1894
17836,1937
17837,1966
17838,1973
17839,1936
17840,1889
17841,1869
17842,1885
17843,1884
17844,1831
17845,1799
17846,1783
17847,1783
17848,1795
17849,1814
17850,1531
17851,1153
17852,1968
17853,2270
17854,2391
17855,2326
17856,2015
17857,1907
17858,1687
17859,1779
17860,1776
17861,1774
17862,1785
17863,1791
17864,1806
17865,1831
17866,1867
17867,1899
17868,1918
17869,1945
17870,1949
17871,1919
17872,1886
17873,1879
17874,1859
17875,1865
17876,1856
17877,1825
17878,1824
17879,1819
17880,1809
17881,2875
17882,752
17883,1847
17884,2167
17885,2288
17886,2299
17887,2006
17888,1891
17889,1808
17890,1828
17891,1807
17892,1827
17893,1847
17894,1840
17895,1840
17896,1840
17897,1847
17898,1873
17899,1899
17900,1923
17901,1929
17902,1909
17903,1894
17904,1881
17905,1871
17906,1840
17907,1803
17908,1808
17909,1856
17910,1867
17911,1851
17912,1839
17913,255
17914,1638
17915,2125
17916,2359
17917,2433
17918,2187
17919,1968
17920,1651
17921,1679
17922,1729
17923,1751
17924,1783
17925,1831
17926,1871
17927,1863
17928,1871
17929,1873
17930,1885
17931,1901
17932,1910
17933,1895
17934,1857
17935,1846
17936,1860
17937,1855
17938,1846
17939,1814
17940,1820
17941,1840
17942,1883
17943,1899
17944,722
17945,1408
17946,2033
17947,2309
17948,2416
17949,2276
17950,1985
17951,1694
17952,1614
17953,1729
17954,1775
17955,1793
17956,1823
17957,1831
17958,1858
17959,1904
17960,1923
17961,1926
17962,1923
17963,1912
17964,1887
17965,1858
17966,1843
17967,1843
17968,1840
17969,1835
17970,1823
17971,1835
17972,1843
17973,1857
17974,1860
17975,1894
17976,1918
17977,1891
17978,1869
17979,1845
17980,1838
17981,1836
17982,1839
17983,1855
17984,1860
17985,1863
17986,1873
17987,1879
17988,1895
17989,1875
17990,1870
17991,1872
17992,1910
17993,1915
17994,1872
17995,1851
17996,1835
17997,1821
17998,1819
17999,1835
18000,1846
18001,1850
18002,1859
18003,1873
18004,1878
18005,1875
18006,1870
18007,1865
18008,1881
18009,1904
18010,1897
18011,1872
18012,1852
18013,1840
18014,1829
18015,1836
18016,1840
18017,1843
18018,1830
18019,1841
18020,1860
18021,1873
18022,1876
18023,1874
18024,1857
18025,1888
18026,1907
18027,1878
18028,1847
18029,1822
18030,1811
18031,1824
18032,1833
18033,1840
18034,1847
18035,1851
18036,1871
18037,1876
18038,1885
18039,1875
18040,1873
18041,1871
18042,1898
18043,1902
18044,1872
18045,1847
18046,1831
18047,1819
18048,1825
18049,1837
18050,1842
18051,1850
18052,1856
18053,1870
18054,1866
18055,1871
18056,1869
18057,1866
18058,1882
18059,1900
18060,1890
18061,1872
18062,1853
18063,1824
18064,1815
18065,1827
18066,1840
18067,1849
18068,1852
18069,1861
18070,1872
18071,1882
18072,1874
18073,1872
18074,1871
18075,1888
18076,1904
18077,1885
18078,1856
18079,1833
18080,1826
18081,1825
18082,1836
18083,1851
18084,1849
18085,1856
18086,1862
18087,1873
18088,1886
18089,1868
18090,1865
18091,1858
18092,1882
18093,1874
18094,1853
18095,1846
18096,1835
18097,1834
18098,1825
18099,1827
18100,1840
18101,1842
18102,1855
18103,1868
18104,1875
18105,1878
18106,1870
18107,1868
18108,1884
18109,1904
18110,1890
18111,1863
18112,1843
18113,1830
18114,1817
18115,1822
18116,1835
18117,1835
18118,1838
18119,1843
18120,1865
18121,1885
18122,1877
18123,1877
18124,1875
18125,1903
18126,1918
18127,1884
18128,1859
18129,1836
18130,1825
18131,1824
18132,1829
18133,1835
18134,1840
18135,1845
18136,1862
18137,1872
18138,1883
18139,1872
18140,1872
18141,1872
18142,1903
18143,1906
18144,1873
18145,1849
18146,1835
18147,1819
18148,1821
18149,1824
18150,1837
18151,1837
18152,1853
18153,1867
18154,1871
18155,1872
18156,1871
18157,1870
18158,1883
18159,1907
18160,1899
18161,1871
18162,1847
18163,1834
18164,1824
18165,1827
18166,1835
18167,1840
18168,1845
18169,1853
18170,1870
18171,1879
18172,1872
18173,1873
18174,1859
18175,1889
18176,1905
18177,1884
18178,1859
18179,1843
18180,1829
18181,1823
18182,1833
18183,1840
18184,1840
18185,1847
18186,1867
18187,1872
18188,1881
18189,1867
18190,1860
18191,1856
18192,1890
18193,1904
18194,1872
18195,1854
18196,1840
18197,1821
18198,1825
18199,1834
18200,1842
18201,1845
18202,1851
18203,1869
18204,1868
18205,1872
18206,1866
18207,1862
18208,1875
18209,1905
18210,1895
18211,1869
18212,1845
18213,1832
18214,1822
18215,1829
18216,1838
18217,1840
18218,1839
18219,1857
18220,1871
18221,1875
18222,1872
18223,1872
18224,1875
18225,1902
18226,1918
18227,1892
18228,1863
18229,1831
18230,1814
18231,1820
18232,1820
18233,1835
18234,1839
18235,1843
18236,1863
18237,1857
18238,1859
18239,1845
18240,1850
18241,1856
18242,1901
18243,1906
18244,1877
18245,1856
18246,1838
18247,1823
18248,1825
18249,1832
18250,1840
18251,1847
18252,1856
18253,1872
18254,1876
18255,1874
18256,1872
18257,1872
18258,1887
18259,1909
18260,1904
18261,1871
18262,1846
18263,1831
18264,1820
18265,1825
18266,1834
18267,1840
18268,1840
18269,1856
18270,1866
18271,1872
18272,1870
18273,1871
18274,1866
18275,1894
18276,1914
18277,1888
18278,1866
18279,1843
18280,1829
18281,1822
18282,1830
18283,1840
18284,1843
18285,1850
18286,1862
18287,1872
18288,1888
18289,1878
18290,1875
18291,1871
18292,1906
18293,1915
18294,1872
18295,1836
18296,1810
18297,1808
18298,1819
18299,1840
18300,1845
18301,1842
18302,1838
18303,1854
18304,1866
18305,1872
18306,1871
18307,1863
18308,1887
18309,1917
18310,1904
18311,1869
18312,1850
18313,1833
18314,1824
18315,1827
18316,1840
18317,1845
18318,1840
18319,1855
18320,1865
18321,1875
18322,1872
18323,1872
18324,1863
18325,1887
18326,1906
18327,1882
18328,1855
18329,1835
18330,1819
18331,1827
18332,1837
18333,1840
18334,1841
18335,1847
18336,1861
18337,1861
18338,1874
18339,1869
18340,1872
18341,1872
18342,1904
18343,1910
18344,1879
18345,1856
18346,1840
18347,1830
18348,1821
18349,1829
18350,1839
18351,1842
18352,1852
18353,1869
18354,1870
18355,1878
18356,1872
18357,1870
18358,1885
18359,1903
18360,1905
18361,1872
18362,1845
18363,1826
18364,1818
18365,1833
18366,1840
18367,1841
18368,1843
18369,1855
18370,1866
18371,1872
18372,1872
18373,1873
18374,1872
18375,1897
18376,1915
18377,1891
18378,1863
18379,1840
18380,1819
18381,1815
18382,1825
18383,1840
18384,1841
18385,1842
18386,1857
18387,1862
18388,1872
18389,1872
18390,1872
18391,1879
18392,1911
18393,1919
18394,1885
18395,1860
18396,1826
18397,1805
18398,1810
18399,1825
18400,1841
18401,1845
18402,1854
18403,1874
18404,1881
18405,1877
18406,1862
18407,1867
18408,1878
18409,1906
18410,1903
18411,1875
18412,1855
18413,1840
18414,1822
18415,1812
18416,1823
18417,1826
18418,1839
18419,1854
18420,1863
18421,1872
18422,1872
18423,1872
18424,1872
18425,1895
18426,1914
18427,1888
18428,1862
18429,1840
18430,1830
18431,1823
18432,1827
18433,1837
18434,1840
18435,1844
18436,1863
18437,1872
18438,1885
18439,1872
18440,1872
18441,1874
18442,1904
18443,1915
18444,1873
18445,1849
18446,1829
18447,1817
18448,1818
18449,1822
18450,1837
18451,1837
18452,1850
18453,1867
18454,1877
18455,1883
18456,1872
18457,1872
18458,1885
18459,1910
18460,1905
18461,1873
18462,1847
18463,1830
18464,1818
18465,1823
18466,1837
18467,1845
18468,1850
18469,1856
18470,1875
18471,1885
18472,1882
18473,1881
18474,1872
18475,1890
18476,1906
18477,1875
18478,1843
18479,1835
18480,1822
18481,1819
18482,1825
18483,1834
18484,1835
18485,1835
18486,1855
18487,1865
18488,1871
18489,1863
18490,1867
18491,1869
18492,1904
18493,1919
18494,1888
18495,1863
18496,1840
18497,1822
18498,1823
18499,1834
18500,1843
18501,1850
18502,1855
18503,1872
18504,1872
18505,1875
18506,1869
18507,1867
18508,1878
18509,1915
18510,1904
18511,1872
18512,1842
18513,1823
18514,1815
18515,1822
18516,1837
18517,1839
18518,1835
18519,1856
18520,1874
18521,1889
18522,1882
18523,1881
18524,1875
18525,1893
18526,1903
18527,1875
18528,1856
18529,1829
18530,1811
18531,1809
18532,1821
18533,1838
18534,1844
18535,1842
18536,1853
18537,1857
18538,1872
18539,1863
18540,1871
18541,1867
18542,1904
18543,1914
18544,1879
18545,1856
18546,1837
18547,1820
18548,1822
18549,1831
18550,1842
18551,1849
18552,1854
18553,1867
18554,1879
18555,1881
18556,1872
18557,1871
18558,1882
18559,1909
18560,1905
18561,1872
18562,1846
18563,1830
18564,1815
18565,1819
18566,1834
18567,1842
18568,1855
18569,1870
18570,1881
18571,1889
18572,1884
18573,1872
18574,1870
18575,1879
18576,1892
18577,1879
18578,1856
18579,1835
18580,1827
18581,1825
18582,1833
18583,1840
18584,1844
18585,1841
18586,1855
18587,1866
18588,1874
18589,1869
18590,1872
18591,1873
18592,1908
18593,1920
18594,1881
18595,1855
18596,1837
18597,1820
18598,1802
18599,1823
18600,1840
18601,1843
18602,1855
18603,1870
18604,1878
18605,1880
18606,1873
18607,1873
18608,1885
18609,1915
18610,1898
18611,1872
18612,1854
18613,1833
18614,1821
18615,1828
18616,1836
18617,1843
18618,1840
18619,1856
18620,1871
18621,1882
18622,1872
18623,1872
18624,1863
18625,1886
18626,1904
18627,1879
18628,1854
18629,1830
18630,1814
18631,1821
18632,1827
18633,1838
18634,1843
18635,1847
18636,1861
18637,1872
18638,1882
18639,1872
18640,1873
18641,1874
18642,1904
18643,1911
18644,1882
18645,1856
18646,1830
18647,1819
18648,1821
18649,1834
18650,1842
18651,1847
18652,1854
18653,1871
18654,1874
18655,1878
18656,1870
18657,1870
18658,1877
18659,1904
18660,1904
18661,1882
18662,1859
18663,1840
18664,1818
18665,1821
18666,1834
18667,1837
18668,1835
18669,1842
18670,1855
18671,1874
18672,1872
18673,1870
18674,1869
18675,1893
18676,1917
18677,1888
18678,1865
18679,1850
18680,1834
18681,1827
18682,1835
18683,1853
18684,1851
18685,1852
18686,1856
18687,1861
18688,1871
18689,1869
18690,1870
18691,1865
18692,1893
18693,1910
18694,1885
18695,1859
18696,1840
18697,1820
18698,1821
18699,1829
18700,1840
18701,1841
18702,1854
18703,1871
18704,1875
18705,1879
18706,1871
18707,1872
18708,1884
18709,1910
18710,1906
18711,1875
18712,1853
18713,1836
18714,1819
18715,1822
18716,1839
18717,1847
18718,1847
18719,1862
18720,1863
18721,1865
18722,1862
18723,1866
18724,1870
18725,1892
18726,1909
18727,1889
18728,1866
18729,1840
18730,1829
18731,1824
18732,1829
18733,1841
18734,1854
18735,1856
18736,1870
18737,1877
18738,1887
18739,1870
18740,1870
18741,1872
18742,1903
18743,1909
18744,1872
18745,1843
18746,1819
18747,1809
18748,1815
18749,1823
18750,1840
18751,1835
18752,1853
18753,1870
18754,1873
18755,1877
18756,1872
18757,1872
18758,1885
18759,1914
18760,1909
18761,1874
18762,1854
18763,1840
18764,1826
18765,1827
18766,1837
18767,1843
18768,1851
18769,1857
18770,1872
18771,1879
18772,1875
18773,1882
18774,1866
18775,1886
18776,1906
18777,1888
18778,1873
18779,1847
18780,1822
18781,1814
18782,1822
18783,1833
18784,1834
18785,1840
18786,1855
18787,1872
18788,1883
18789,1874
18790,1872
18791,1872
18792,1904
18793,1913
18794,1883
18795,1861
18796,1840
18797,1825
18798,1826
18799,1835
18800,1843
18801,1845
18802,1850
18803,1868
18804,1872
18805,1882
18806,1875
18807,1873
18808,1884
18809,1911
18810,1901
18811,1867
18812,1840
18813,1829
18814,1822
18815,1827
18816,1823
18817,1828
18818,1827
18819,1846
18820,1865
18821,1884
18822,1883
18823,1879
18824,1878
18825,1893
18826,1904
18827,1885
18828,1865
18829,1838
18830,1820
18831,1821
18832,1835
18833,1840
18834,1840
18835,1839
18836,1859
18837,1872
18838,1883
18839,1865
18840,1865
18841,1862
18842,1899
18843,1911
18844,1882
18845,1851
18846,1831
18847,1813
18848,1819
18849,1826
18850,1845
18851,1853
18852,1862
18853,1872
18854,1877
18855,1883
18856,1873
18857,1878
18858,1891
18859,1918
18860,1911
18861,1872
18862,1847
18863,1830
18864,1807
18865,1814
18866,1827
18867,1832
18868,1838
18869,1850
18870,1855
18871,1870
18872,1872
18873,1872
18874,1870
18875,1894
18876,1914
18877,1898
18878,1869
18879,1846
18880,1827
18881,1821
18882,1829
18883,1840
18884,1842
18885,1850
18886,1865
18887,1872
18888,1881
18889,1872
18890,1872
18891,1872
18892,1904
18893,1914
18894,1875
18895,1856
18896,1835
18897,1820
18898,1823
18899,1838
18900,1841
18901,1840
18902,1849
18903,1863
18904,1870
18905,1877
18906,1869
18907,1862
18908,1878
18909,1910
18910,1905
18911,1872
18912,1846
18913,1834
18914,1825
18915,1825
18916,1835
18917,1840
18918,1840
18919,1857
18920,1872
18921,1885
18922,1877
18923,1873
18924,1863
18925,1881
18926,1904
18927,1886
18928,1861
18929,1836
18930,1818
18931,1824
18932,1829
18933,1840
18934,1846
18935,1853
18936,1872
18937,1879
18938,1895
18939,1884
18940,1878
18941,1871
18942,1893
18943,1889
18944,1863
18945,1849
18946,1840
18947,1827
18948,1831
18949,1840
18950,1851
18951,1857
18952,1856
18953,1872
18954,1876
18955,1886
18956,1872
18957,1856
18958,1856
18959,1883
18960,1887
18961,1872
18962,1849
18963,1829
18964,1815
18965,1822
18966,1831
18967,1841
18968,1843
18969,1858
18970,1874
18971,1882
18972,1879
18973,1877
18974,1874
18975,1895
18976,657
18977,1615
18978,2053
18979,2219
18980,2246
18981,2253
18982,2238
18983,2163
18984,2006
18985,1810
18986,1535
18987,1481
18988,1569
18989,1661
18990,1719
18991,1757
18992,1822
18993,1860
18994,1863
18995,1875
18996,1885
18997,1883
18998,1885
18999,1880
19000,1870
19001,1852
19002,1840
19003,1846
19004,1861
19005,1872
19006,1856
19007,2035
19008,1296
19009,1983
19010,2224
19011,2259
19012,2251
19013,2219
19014,2115
19015,1958
19016,1770
19017,1567
19018,1524
19019,1599
19020,1678
19021,1744
19022,1787
19023,1813
19024,1849
19025,1906
19026,1962
19027,1978
19028,1973
19029,1953
19030,1921
19031,1882
19032,1834
19033,1794
19034,1771
19035,1778
19036,1807
19037,1836
19038,2640
19039,983
19040,1856
19041,2138
19042,2271
19043,2303
19044,2262
19045,2163
19046,1961
19047,1712
19048,1511
19049,1511
19050,1631
19051,1703
19052,1758
19053,1795
19054,1840
19055,1890
19056,1921
19057,1953
19058,2000
19059,2058
19060,2033
19061,1962
19062,1871
19063,1789
19064,1744
19065,1750
19066,1766
19067,1781
19068,1802
19069,1822
19070,583
19071,1728
19072,2062
19073,2191
19074,2218
19075,2254
19076,2227
19077,2088
19078,1870
19079,1615
19080,1535
19081,1616
19082,1680
19083,1729
19084,1777
19085,1825
19086,1877
19087,1931
19088,1983
19089,2013
19090,2031
19091,2002
19092,1969
19093,1902
19094,1821
19095,1770
19096,1750
19097,1754
19098,1778
19099,1801
19100,1819
19101,1034
19102,1425
19103,1943
19104,2142
19105,2213
19106,2233
19107,2213
19108,2138
19109,2037
19110,1712
19111,1581
19112,1647
19113,1673
19114,1719
19115,1777
19116,1826
19117,1872
19118,1904
19119,1957
19120,1998
19121,2025
19122,1996
19123,1927
19124,1853
19125,1843
19126,1844
19127,1819
19128,1795
19129,1790
19130,1789
19131,1792
19132,2831
19133,999
19134,1846
19135,2075
19136,2170
19137,2215
19138,2223
19139,2149
19140,2079
19141,1712
19142,1626
19143,1707
19144,1738
19145,1769
19146,1792
19147,1813
19148,1850
19149,1900
19150,1955
19151,1994
19152,2000
19153,1964
19154,1897
19155,1840
19156,1808
19157,1795
19158,1805
19159,1840
19160,1856
19161,1840
19162,1829
19163,1872
19164,398
19165,1699
19166,2017
19167,2147
19168,2177
19169,2174
19170,2096
19171,2084
19172,1815
19173,1664
19174,1727
19175,1803
19176,1862
19177,1871
19178,1869
19179,1872
19180,1885
19181,1911
19182,1942
19183,1962
19184,1935
19185,1867
19186,1825
19187,1821
19188,1829
19189,1822
19190,1829
19191,1839
19192,1877
19193,1892
19194,1863
19195,327
19196,1535
19197,1982
19198,2138
19199,2193
19200,2182
19201,2081
19202,2001
19203,1790
19204,1686
19205,1745
19206,1785
19207,1823
19208,1859
19209,1903
19210,1920
19211,1919
19212,1929
19213,1936
19214,1933
19215,1909
19216,1864
19217,1830
19218,1812
19219,1815
19220,1822
19221,1826
19222,1831
19223,1840
19224,1838
19225,1869
19226,1243
19227,1313
19228,1957
19229,2155
19230,2190
19231,2181
19232,2074
19233,2027
19234,1882
19235,1684
19236,1711
19237,1747
19238,1806
19239,1836
19240,1855
19241,1873
19242,1918
19243,1947
19244,1947
19245,1940
19246,1911
19247,1866
19248,1830
19249,1825
19250,1825
19251,1815
19252,1808
19253,1826
19254,1841
19255,1856
19256,1850
19257,2640
19258,681
19259,1873
19260,2176
19261,2256
19262,2256
19263,2119
19264,1984
19265,1926
19266,1718
19267,1700
19268,1712
19269,1765
19270,1824
19271,1851
19272,1861
19273,1875
19274,1898
19275,1942
19276,1982
19277,1968
19278,1921
19279,1867
19280,1840
19281,1821
19282,1813
19283,1811
19284,1802
19285,1814
19286,1831
19287,1846
19288,1861
19289,267
19290,1680
19291,2112
19292,2302
19293,2363
19294,2242
19295,2041
19296,1951
19297,1680
19298,1662
19299,1695
19300,1735
19301,1777
19302,1807
19303,1840
19304,1863
19305,1887
19306,1909
19307,1936
19308,1957
19309,1968
19310,1933
19311,1887
19312,1851
19313,1819
19314,1785
19315,1781
19316,1798
19317,1819
19318,1829
19319,1846
19320,568
19321,1469
19322,2034
19323,2219
19324,2293
19325,2262
19326,2087
19327,2079
19328,1840
19329,1680
19330,1680
19331,1719
19332,1776
19333,1803
19334,1817
19335,1842
19336,1874
19337,1915
19338,1950
19339,1951
19340,1936
19341,1902
19342,1904
19343,1904
19344,1861
19345,1820
19346,1792
19347,1785
19348,1798
19349,1808
19350,1819
19351,1888
19352,1066
19353,1936
19354,2185
19355,2288
19356,2275
19357,2063
19358,2032
19359,1938
19360,1791
19361,1738
19362,1747
19363,1773
19364,1782
19365,1805
19366,1831
19367,1857
19368,1876
19369,1904
19370,1939
19371,1942
19372,1917
19373,1884
19374,1872
19375,1878
19376,1890
19377,1845
19378,1808
19379,1808
19380,1808
19381,1809
19382,2235
19383,541
19384,1795
19385,2128
19386,2266
19387,2313
19388,2128
19389,1999
19390,1914
19391,1749
19392,1758
19393,1806
19394,1822
19395,1827
19396,1811
19397,1808
19398,1823
19399,1852
19400,1892
19401,1916
19402,1922
19403,1911
19404,1889
19405,1881
19406,1856
19407,1844
19408,1845
19409,1875
19410,1873
19411,1852
19412,1838
19413,1827
19414,285
19415,1535
19416,2023
19417,2205
19418,2274
19419,2171
19420,1968
19421,1994
19422,1807
19423,1767
19424,1769
19425,1830
19426,1871
19427,1841
19428,1831
19429,1829
19430,1838
19431,1861
19432,1891
19433,1917
19434,1911
19435,1881
19436,1878
19437,1874
19438,1870
19439,1827
19440,1805
19441,1814
19442,1866
19443,1890
19444,1870
19445,1227
19446,1218
19447,1956
19448,2198
19449,2307
19450,2251
19451,1971
19452,1957
19453,1792
19454,1731
19455,1744
19456,1786
19457,1814
19458,1839
19459,1875
19460,1898
19461,1887
19462,1895
19463,1907
19464,1905
19465,1900
19466,1872
19467,1852
19468,1841
19469,1846
19470,1842
19471,1839
19472,1835
19473,1845
19474,1851
19475,1877
19476,2862
19477,863
19478,1899
19479,2162
19480,2256
19481,2245
19482,1973
19483,1923
19484,1840
19485,1776
19486,1767
19487,1797
19488,1840
19489,1840
19490,1851
19491,1857
19492,1904
19493,1940
19494,1941
19495,1926
19496,1904
19497,1869
19498,1843
19499,1841
19500,1842
19501,1840
19502,1825
19503,1822
19504,1837
19505,1852
19506,1853
19507,1857
19508,294
19509,1735
19510,2149
19511,2291
19512,2336
19513,2119
19514,1920
19515,1827
19516,1744
19517,1727
19518,1719
19519,1779
19520,1824
19521,1847
19522,1863
19523,1881
19524,1895
19525,1941
19526,1984
19527,1968
19528,1918
19529,1859
19530,1827
19531,1821
19532,1819
19533,1807
19534,1796
19535,1810
19536,1833
19537,1851
19538,1872
19539,586
19540,1456
19541,2071
19542,2353
19543,2457
19544,2298
19545,1995
19546,1796
19547,1605
19548,1658
19549,1685
19550,1747
19551,1794
19552,1840
19553,1870
19554,1882
19555,1909
19556,1923
19557,1942
19558,1953
19559,1955
19560,1919
19561,1879
19562,1851
19563,1825
19564,1808
19565,1796
19566,1795
19567,1815
19568,1827
19569,1844
19570,1974
19571,1067
19572,1959
19573,2256
19574,2372
19575,2343
19576,2064
19577,1907
19578,1718
19579,1728
19580,1692
19581,1718
19582,1783
19583,1835
19584,1841
19585,1847
19586,1872
19587,1905
19588,1936
19589,1946
19590,1941
19591,1913
19592,1914
19593,1911
19594,1873
19595,1837
19596,1794
19597,1774
19598,1789
19599,1809
19600,1839
19601,1849
19602,1860
19603,1875
19604,1882
19605,1888
19606,1881
19607,1879
19608,1886
19609,1917
19610,1914
19611,1879
19612,1854
19613,1841
19614,1823
19615,1822
19616,1831
19617,1845
19618,1849
19619,1863
19620,1878
19621,1890
19622,1888
19623,1875
19624,1862
19625,1881
19626,1903
19627,1890
19628,1863
19629,1846
19630,1823
19631,1828
19632,1834
19633,1840
19634,1842
19635,1854
19636,1873
19637,1879
19638,1887
19639,1876
19640,1862
19641,1841
19642,1872
19643,1895
19644,1872
19645,1853
19646,1834
19647,1823
19648,1825
19649,1834
19650,1847
19651,1851
19652,1852
19653,1867
19654,1863
19655,1857
19656,1849
19657,1865
19658,1872
19659,1902
19660,1904
19661,1876
19662,1855
19663,1840
19664,1830
19665,1829
19666,1835
19667,1840
19668,1845
19669,1854
19670,1872
19671,1877
19672,1883
19673,1877
19674,1865
19675,1877
19676,1903
19677,1884
19678,1855
19679,1841
19680,1827
19681,1823
19682,1831
19683,1841
19684,1846
19685,1850
19686,1861
19687,1872
19688,1883
19689,1871
19690,1872
19691,1869
19692,1899
19693,1909
19694,1874
19695,1857
19696,1839
19697,1822
19698,1822
19699,1834
19700,1850
19701,1851
19702,1856
19703,1877
19704,1874
19705,1883
19706,1872
19707,1879
19708,1879
19709,1916
19710,1919
19711,1878
19712,1811
19713,1782
19714,1792
19715,1807
19716,1825
19717,1840
19718,1845
19719,1851
19720,1867
19721,1872
19722,1872
19723,1882
19724,1878
19725,1883
19726,1905
19727,1891
19728,1864
19729,1847
19730,1823
19731,1819
19732,1817
19733,1833
19734,1841
19735,1842
19736,1855
19737,1865
19738,1871
19739,1865
19740,1855
19741,1866
19742,1903
19743,1915
19744,1881
19745,1858
19746,1840
19747,1823
19748,1823
19749,1831
19750,1839
19751,1840
19752,1841
19753,1861
19754,1871
19755,1879
19756,1871
19757,1872
19758,1883
19759,1904
19760,1899
19761,1868
19762,1848
19763,1835
19764,1817
19765,1819
19766,1831
19767,1841
19768,1842
19769,1857
19770,1870
19771,1883
19772,1879
19773,1874
19774,1872
19775,1885
19776,1906
19777,1886
19778,1870
19779,1854
19780,1841
19781,1838
19782,1842
19783,1851
19784,1840
19785,1823
19786,1843
19787,1859
19788,1871
19789,1870
19790,1871
19791,1867
19792,1901
19793,1907
19794,1872
19795,1840
19796,1833
19797,1823
19798,1823
19799,1836
19800,1841
19801,1845
19802,1850
19803,1869
19804,1872
19805,1879
19806,1872
19807,1870
19808,1875
19809,1902
19810,1904
19811,1871
19812,1850
19813,1837
19814,1826
19815,1829
19816,1840
19817,1846
19818,1845
19819,1856
19820,1867
19821,1873
19822,1877
19823,1875
19824,1867
19825,1883
19826,1910
19827,1901
19828,1872
19829,1846
19830,1803
19831,1797
19832,1808
19833,1822
19834,1838
19835,1840
19836,1855
19837,1867
19838,1876
19839,1870
19840,1869
19841,1871
19842,1900
19843,1910
19844,1886
19845,1867
19846,1851
19847,1840
19848,1826
19849,1826
19850,1838
19851,1838
19852,1837
19853,1855
19854,1863
19855,1872
19856,1861
19857,1866
19858,1872
19859,1894
19860,1903
19861,1872
19862,1851
19863,1836
19864,1824
19865,1831
19866,1838
19867,1841
19868,1847
19869,1856
19870,1866
19871,1874
19872,1877
19873,1872
19874,1865
19875,1890
19876,1907
19877,1895
19878,1865
19879,1840
19880,1829
19881,1821
19882,1829
19883,1844
19884,1844
19885,1843
19886,1851
19887,1867
19888,1882
19889,1872
19890,1864
19891,1862
19892,1904
19893,1913
19894,1886
19895,1856
19896,1836
19897,1820
19898,1821
19899,1834
19900,1845
19901,1851
19902,1851
19903,1863
19904,1872
19905,1879
19906,1873
19907,1872
19908,1875
19909,1904
19910,1904
19911,1872
19912,1851
19913,1836
19914,1817
19915,1820
19916,1835
19917,1843
19918,1856
19919,1867
19920,1886
19921,1883
19922,1872
19923,1864
19924,1842
19925,1859
19926,1892
19927,1890
19928,1871
19929,1851
19930,1824
19931,1815
19932,1822
19933,1830
19934,1847
19935,1858
19936,1872
19937,1875
19938,1872
19939,1859
19940,1857
19941,1854
19942,1889
19943,1906
19944,1875
19945,1857
19946,1834
19947,1819
19948,1814
19949,1819
19950,1840
19951,1839
19952,1851
19953,1867
19954,1872
19955,1888
19956,1876
19957,1873
19958,1872
19959,1903
19960,1904
19961,1875
19962,1851
19963,1835
19964,1823
19965,1831
19966,1840
19967,1844
19968,1843
19969,1852
19970,1859
19971,1869
19972,1870
19973,1866
19974,1861
19975,1877
19976,1905
19977,1895
19978,1870
19979,1858
19980,1839
19981,1831
19982,1819
19983,1823
19984,1840
19985,1846
19986,1858
19987,1869
19988,1877
19989,1872
19990,1872
19991,1871
19992,1895
19993,1911
19994,1880
19995,1859
19996,1840
19997,1826
19998,1826
19999,1834
20000,1846
20001,1850
20002,1855
20003,1868
20004,1867
20005,1869
20006,1857
20007,1861
20008,1867
20009,1903
20010,1904
20011,1874
20012,1851
20013,1833
20014,1821
20015,1829
20016,1840
20017,1851
20018,1844
20019,1863
20020,1872
20021,1875
20022,1882
20023,1879
20024,1877
20025,1893
20026,1900
20027,1884
20028,1865
20029,1829
20030,1799
20031,1807
20032,1822
20033,1834
20034,1831
20035,1834
20036,1854
20037,1870
20038,1869
20039,1856
20040,1862
20041,1863
20042,1901
20043,1911
20044,1889
20045,1863
20046,1845
20047,1838
20048,1834
20049,1828
20050,1835
20051,1837
20052,1840
20053,1860
20054,1872
20055,1878
20056,1873
20057,1875
20058,1877
20059,1907
20060,1909
20061,1873
20062,1850
20063,1829
20064,1810
20065,1815
20066,1828
20067,1838
20068,1840
20069,1855
20070,1872
20071,1878
20072,1878
20073,1873
20074,1873
20075,1890
20076,1907
20077,1895
20078,1869
20079,1843
20080,1827
20081,1823
20082,1829
20083,1837
20084,1843
20085,1851
20086,1859
20087,1871
20088,1878
20089,1872
20090,1870
20091,1870
20092,1897
20093,1911
20094,1879
20095,1853
20096,1836
20097,1819
20098,1813
20099,1827
20100,1840
20101,1843
20102,1851
20103,1869
20104,1876
20105,1883
20106,1873
20107,1875
20108,1878
20109,1909
20110,1910
20111,1874
20112,1854
20113,1835
20114,1817
20115,1819
20116,1819
20117,1821
20118,1825
20119,1841
20120,1857
20121,1879
20122,1879
20123,1879
20124,1872
20125,1890
20126,1915
20127,1902
20128,1872
20129,1840
20130,1801
20131,1796
20132,1809
20133,1831
20134,1843
20135,1850
20136,1867
20137,1877
20138,1887
20139,1876
20140,1872
20141,1867
20142,1897
20143,1907
20144,1887
20145,1862
20146,1839
20147,1827
20148,1825
20149,1834
20150,1843
20151,1847
20152,1849
20153,1867
20154,1861
20155,1870
20156,1866
20157,1866
20158,1872
20159,1901
20160,1911
20161,1875
20162,1856
20163,1838
20164,1815
20165,1824
20166,1836
20167,1840
20168,1842
20169,1855
20170,1871
20171,1874
20172,1874
20173,1872
20174,1870
20175,1889
20176,1913
20177,1903
20178,1872
20179,1852
20180,1830
20181,1821
20182,1821
20183,1838
20184,1840
20185,1843
20186,1854
20187,1861
20188,1872
20189,1872
20190,1872
20191,1869
20192,1904
20193,1920
20194,1893
20195,1870
20196,1843
20197,1836
20198,1838
20199,1854
20200,1859
20201,1872
20202,1878
20203,1861
20204,1855
20205,1862
20206,1845
20207,1845
20208,1845
20209,1878
20210,1889
20211,1867
20212,1847
20213,1838
20214,1819
20215,1825
20216,1839
20217,1849
20218,1851
20219,1861
20220,1861
20221,1872
20222,1869
20223,1862
20224,1865
20225,1897
20226,1920
20227,1904
20228,1870
20229,1846
20230,1834
20231,1826
20232,1833
20233,1840
20234,1840
20235,1840
20236,1850
20237,1863
20238,1878
20239,1872
20240,1874
20241,1870
20242,1903
20243,1920
20244,1887
20245,1861
20246,1838
20247,1822
20248,1819
20249,1821
20250,1836
20251,1838
20252,1853
20253,1868
20254,1879
20255,1891
20256,1878
20257,1873
20258,1874
20259,1900
20260,1903
20261,1871
20262,1853
20263,1827
20264,1814
20265,1819
20266,1834
20267,1843
20268,1847
20269,1855
20270,1870
20271,1878
20272,1877
20273,1867
20274,1859
20275,1879
20276,1910
20277,1895
20278,1864
20279,1850
20280,1827
20281,1819
20282,1823
20283,1839
20284,1845
20285,1851
20286,1862
20287,1873
20288,1882
20289,1872
20290,1873
20291,1872
20292,1901
20293,1915
20294,1890
20295,1869
20296,1844
20297,1828
20298,1827
20299,1838
20300,1850
20301,1847
20302,1842
20303,1856
20304,1854
20305,1871
20306,1859
20307,1867
20308,1872
20309,1899
20310,1901
20311,1872
20312,1856
20313,1841
20314,1825
20315,1830
20316,1847
20317,1857
20318,1823
20319,1840
20320,1840
20321,1859
20322,1867
20323,1863
20324,1863
20325,1882
20326,1910
20327,1898
20328,1856
20329,1831
20330,1819
20331,1813
20332,1822
20333,1834
20334,1842
20335,1842
20336,1856
20337,1872
20338,1879
20339,1872
20340,1871
20341,1871
20342,1906
20343,1920
20344,1881
20345,1856
20346,1842
20347,1826
20348,1812
20349,1818
20350,1832
20351,1840
20352,1847
20353,1858
20354,1867
20355,1876
20356,1872
20357,1875
20358,1878
20359,1911
20360,1913
20361,1878
20362,1851
20363,1831
20364,1809
20365,1814
20366,1822
20367,1839
20368,1845
20369,1859
20370,1872
20371,1879
20372,1879
20373,1872
20374,1872
20375,1893
20376,1919
20377,1904
20378,1873
20379,1850
20380,1823
20381,1814
20382,1819
20383,1835
20384,1846
20385,1855
20386,1867
20387,1878
20388,1890
20389,1879
20390,1858
20391,1842
20392,1882
20393,1905
20394,1879
20395,1856
20396,1835
20397,1821
20398,1815
20399,1828
20400,1840
20401,1843
20402,1846
20403,1863
20404,1874
20405,1879
20406,1872
20407,1872
20408,1878
20409,1904
20410,1907
20411,1881
20412,1855
20413,1835
20414,1823
20415,1821
20416,1835
20417,1843
20418,1840
20419,1852
20420,1867
20421,1872
20422,1873
20423,1869
20424,1859
20425,1873
20426,1902
20427,1891
20428,1867
20429,1842
20430,1829
20431,1822
20432,1826
20433,1839
20434,1844
20435,1846
20436,1857
20437,1867
20438,1876
20439,1869
20440,1872
20441,1869
20442,1893
20443,1910
20444,1887
20445,1866
20446,1846
20447,1831
20448,1826
20449,1829
20450,1840
20451,1840
20452,1846
20453,1866
20454,1869
20455,1872
20456,1872
20457,1873
20458,1873
20459,1901
20460,1903
20461,1869
20462,1858
20463,1840
20464,1814
20465,1819
20466,1831
20467,1840
20468,1840
20469,1847
20470,1862
20471,1874
20472,1887
20473,1878
20474,1871
20475,1874
20476,1900
20477,1894
20478,1869
20479,1845
20480,1831
20481,1829
20482,1840
20483,1847
20484,1850
20485,1850
20486,1853
20487,1850
20488,1856
20489,1863
20490,1872
20491,1872
20492,1888
20493,1904
20494,1887
20495,1863
20496,1842
20497,1822
20498,1818
20499,1833
20500,1849
20501,1861
20502,1862
20503,1872
20504,1872
20505,1877
20506,1872
20507,1872
20508,1872
20509,1897
20510,1904
20511,1872
20512,1849
20513,1837
20514,1817
20515,1824
20516,1834
20517,1841
20518,1843
20519,1855
20520,1866
20521,1872
20522,1873
20523,1869
20524,1869
20525,1879
20526,1898
20527,1888
20528,1868
20529,1847
20530,1835
20531,1825
20532,1829
20533,1838
20534,1846
20535,1849
20536,1856
20537,1872
20538,1879
20539,1872
20540,1872
20541,1872
20542,1895
20543,1906
20544,1874
20545,1855
20546,1837
20547,1825
20548,1824
20549,1826
20550,1843
20551,1839
20552,1845
20553,1857
20554,1870
20555,1876
20556,1872
20557,1871
20558,1874
20559,1901
20560,1904
20561,1875
20562,1855
20563,1835
20564,1823
20565,1826
20566,1833
20567,1842
20568,1845
20569,1853
20570,1870
20571,1873
20572,1877
20573,1873
20574,1865
20575,1881
20576,1904
20577,1893
20578,1859
20579,1840
20580,1840
20581,1840
20582,1846
20583,1855
20584,1855
20585,1840
20586,1845
20587,1853
20588,1856
20589,1862
20590,1868
20591,1870
20592,1904
20593,1919
20594,1888
20595,1865
20596,1847
20597,1831
20598,1826
20599,1822
20600,1823
20601,1835
20602,1750
20603,1298
20604,1961
20605,2187
20606,2240
20607,2260
20608,2268
20609,2244
20610,2119
20611,1899
20612,1611
20613,1484
20614,1560
20615,1647
20616,1695
20617,1738
20618,1765
20619,1800
20620,1838
20621,1869
20622,1904
20623,1918
20624,1929
20625,1946
20626,1968
20627,1933
20628,1889
20629,1835
20630,1793
20631,1776
20632,1785
20633,2483
20634,880
20635,1810
20636,2133
20637,2256
20638,2288
20639,2288
20640,2224
20641,2064
20642,1861
20643,1636
20644,1520
20645,1577
20646,1643
20647,1670
20648,1718
20649,1749
20650,1797
20651,1836
20652,1869
20653,1916
20654,1950
20655,1973
20656,1967
20657,1946
20658,1909
20659,1893
20660,1870
20661,1831
20662,1809
20663,1807
20664,1787
20665,555
20666,1691
20667,2034
20668,2164
20669,2201
20670,2234
20671,2199
20672,2068
20673,1866
20674,1667
20675,1631
20676,1743
20677,1776
20678,1769
20679,1769
20680,1785
20681,1814
20682,1853
20683,1895
20684,1936
20685,1967
20686,1984
20687,1971
20688,1936
20689,1870
20690,1814
20691,1792
20692,1828
20693,1856
20694,1840
20695,1825
20696,869
20697,1424
20698,1920
20699,2138
20700,2223
20701,2257
20702,2236
20703,2128
20704,1950
20705,1637
20706,1554
20707,1659
20708,1714
20709,1785
20710,1833
20711,1836
20712,1842
20713,1861
20714,1882
20715,1920
20716,1963
20717,1973
20718,1937
20719,1875
20720,1826
20721,1809
20722,1808
20723,1810
20724,1825
20725,1856
20726,1889
20727,2607
20728,1117
20729,1864
20730,2054
20731,2139
20732,2181
20733,2178
20734,2106
20735,2032
20736,1753
20737,1627
20738,1712
20739,1745
20740,1795
20741,1825
20742,1875
20743,1920
20744,1922
20745,1933
20746,1942
20747,1950
20748,1933
20749,1887
20750,1823
20751,1792
20752,1786
20753,1807
20754,1823
20755,1842
20756,1844
20757,1852
20758,2179
20759,682
20760,1840
20761,2093
20762,2186
20763,2203
20764,2176
20765,2095
20766,2039
20767,1744
20768,1595
20769,1662
20770,1729
20771,1798
20772,1837
20773,1853
20774,1874
20775,1915
20776,1979
20777,2000
20778,1984
20779,1942
20780,1879
20781,1809
20782,1792
20783,1793
20784,1792
20785,1789
20786,1808
20787,1835
20788,1855
20789,1865
20790,304
20791,1615
20792,2042
20793,2205
20794,2230
20795,2186
20796,2058
20797,2028
20798,1815
20799,1665
20800,1712
20801,1758
20802,1799
20803,1840
20804,1863
20805,1891
20806,1901
20807,1934
20808,1962
20809,2010
20810,2007
20811,1938
20812,1862
20813,1820
20814,1789
20815,1776
20816,1774
20817,1783
20818,1801
20819,1825
20820,1849
20821,1347
20822,1226
20823,1937
20824,2158
20825,2251
20826,2274
20827,2142
20828,2038
20829,1850
20830,1697
20831,1710
20832,1744
20833,1785
20834,1810
20835,1823
20836,1842
20837,1872
20838,1906
20839,1927
20840,1951
20841,1950
20842,1948
20843,1933
20844,1886
20845,1843
20846,1808
20847,1777
20848,1773
20849,1792
20850,1818
20851,1830
20852,2849
20853,815
20854,1874
20855,2160
20856,2245
20857,2249
20858,2133
20859,2075
20860,1975
20861,1770
20862,1743
20863,1749
20864,1759
20865,1777
20866,1802
20867,1827
20868,1841
20869,1871
20870,1914
20871,1946
20872,1958
20873,1934
20874,1885
20875,1877
20876,1902
20877,1873
20878,1831
20879,1806
20880,1799
20881,1801
20882,1814
20883,1840
20884,311
20885,1712
20886,2112
20887,2262
20888,2303
20889,2195
20890,2014
20891,1954
20892,1818
20893,1797
20894,1751
20895,1759
20896,1779
20897,1779
20898,1791
20899,1814
20900,1851
20901,1888
20902,1918
20903,1943
20904,1932
20905,1904
20906,1869
20907,1859
20908,1854
20909,1875
20910,1872
20911,1841
20912,1835
20913,1822
20914,1810
20915,442
20916,1456
20917,2006
20918,2179
20919,2258
20920,2211
20921,1999
20922,2000
20923,1872
20924,1795
20925,1790
20926,1829
20927,1845
20928,1814
20929,1808
20930,1808
20931,1821
20932,1852
20933,1890
20934,1918
20935,1917
20936,1888
20937,1875
20938,1878
20939,1857
20940,1844
20941,1815
20942,1840
20943,1879
20944,1861
20945,1842
20946,2045
20947,985
20948,1887
20949,2151
20950,2265
20951,2267
20952,2032
20953,1984
20954,1845
20955,1779
20956,1759
20957,1780
20958,1820
20959,1869
20960,1881
20961,1866
20962,1861
20963,1869
20964,1869
20965,1888
20966,1905
20967,1889
20968,1865
20969,1863
20970,1870
20971,1862
20972,1851
20973,1826
20974,1831
20975,1857
20976,1895
20977,2515
20978,608
20979,1803
20980,2071
20981,2177
20982,2229
20983,2043
20984,1958
20985,1950
20986,1839
20987,1783
20988,1779
20989,1808
20990,1835
20991,1845
20992,1885
20993,1918
20994,1903
20995,1904
20996,1903
20997,1890
20998,1872
20999,1851
21000,1846
21001,1843
21002,1833
21003,1827
21004,1825
21005,1840
21006,1846
21007,1857
21008,1865
21009,261
21010,1659
21011,2086
21012,2228
21013,2288
21014,2141
21015,1936
21016,1920
21017,1798
21018,1744
21019,1738
21020,1787
21021,1823
21022,1845
21023,1855
21024,1865
21025,1891
21026,1939
21027,1951
21028,1936
21029,1897
21030,1847
21031,1826
21032,1817
21033,1822
21034,1809
21035,1802
21036,1812
21037,1841
21038,1870
21039,1875
21040,827
21041,1375
21042,2054
21043,2271
21044,2335
21045,2222
21046,1923
21047,1897
21048,1795
21049,1754
21050,1744
21051,1775
21052,1808
21053,1837
21054,1845
21055,1871
21056,1875
21057,1901
21058,1920
21059,1970
21060,1970
21061,1915
21062,1866
21063,1840
21064,1815
21065,1803
21066,1790
21067,1790
21068,1807
21069,1834
21070,1856
21071,2559
21072,929
21073,1919
21074,2205
21075,2323
21076,2331
21077,2046
21078,1938
21079,1825
21080,1777
21081,1723
21082,1737
21083,1782
21084,1801
21085,1818
21086,1842
21087,1872
21088,1904
21089,1926
21090,1945
21091,1951
21092,1950
21093,1945
21094,1905
21095,1866
21096,1825
21097,1787
21098,1767
21099,1790
21100,1813
21101,1831
21102,1860
21103,335
21104,1735
21105,2144
21106,2292
21107,2347
21108,2125
21109,1982
21110,1875
21111,1818
21112,1771
21113,1741
21114,1750
21115,1775
21116,1790
21117,1818
21118,1841
21119,1872
21120,1906
21121,1936
21122,1947
21123,1922
21124,1891
21125,1895
21126,1906
21127,1891
21128,1839
21129,1801
21130,1792
21131,1798
21132,1809
21133,1827
21134,335
21135,1526
21136,2062
21137,2275
21138,2362
21139,2191
21140,1918
21141,1839
21142,1856
21143,1851
21144,1802
21145,1803
21146,1799
21147,1791
21148,1803
21149,1821
21150,1855
21151,1878
21152,1903
21153,1936
21154,1933
21155,1906
21156,1885
21157,1874
21158,1872
21159,1879
21160,1862
21161,1831
21162,1823
21163,1815
21164,1805
21165,1360
21166,1161
21167,1951
21168,2226
21169,2342
21170,2282
21171,1995
21172,1872
21173,1718
21174,1759
21175,1785
21176,1840
21177,1862
21178,1850
21179,1845
21180,1840
21181,1846
21182,1868
21183,1903
21184,1925
21185,1925
21186,1902
21187,1885
21188,1877
21189,1857
21190,1843
21191,1810
21192,1826
21193,1872
21194,1872
21195,1856
21196,2443
21197,574
21198,1792
21199,2160
21200,2323
21201,2351
21202,2057
21203,1866
21204,1750
21205,1806
21206,1744
21207,1749
21208,1802
21209,1884
21210,1899
21211,1873
21212,1869
21213,1867
21214,1872
21215,1891
21216,1902
21217,1887
21218,1858
21219,1859
21220,1869
21221,1871
21222,1850
21223,1829
21224,1834
21225,1856
21226,1899
21227,1894
21228,1868
21229,1841
21230,1823
21231,1814
21232,1823
21233,1839
21234,1845
21235,1850
21236,1862
21237,1872
21238,1883
21239,1876
21240,1872
21241,1871
21242,1895
21243,1919
21244,1897
21245,1862
21246,1841
21247,1825
21248,1824
21249,1827
21250,1838
21251,1843
21252,1844
21253,1863
21254,1872
21255,1886
21256,1875
21257,1875
21258,1879
21259,1914
21260,1915
21261,1878
21262,1861
21263,1851
21264,1829
21265,1817
21266,1820
21267,1837
21268,1831
21269,1837
21270,1853
21271,1872
21272,1878
21273,1872
21274,1863
21275,1875
21276,1915
21277,1904
21278,1870
21279,1847
21280,1835
21281,1819
21282,1827
21283,1845
21284,1853
21285,1846
21286,1855
21287,1871
21288,1877
21289,1873
21290,1874
21291,1872
21292,1886
21293,1904
21294,1874
21295,1846
21296,1827
21297,1811
21298,1813
21299,1830
21300,1842
21301,1850
21302,1852
21303,1866
21304,1871
21305,1885
21306,1872
21307,1872
21308,1872
21309,1906
21310,1911
21311,1879
21312,1854
21313,1835
21314,1822
21315,1821
21316,1826
21317,1840
21318,1840
21319,1853
21320,1869
21321,1872
21322,1880
21323,1872
21324,1867
21325,1874
21326,1904
21327,1901
21328,1863
21329,1840
21330,1829
21331,1829
21332,1835
21333,1841
21334,1843
21335,1845
21336,1862
21337,1881
21338,1893
21339,1887
21340,1873
21341,1839
21342,1855
21343,1890
21344,1877
21345,1859
21346,1840
21347,1829
21348,1826
21349,1840
21350,1863
21351,1870
21352,1839
21353,1834
21354,1843
21355,1857
21356,1856
21357,1860
21358,1861
21359,1889
21360,1905
21361,1871
21362,1855
21363,1840
21364,1827
21365,1827
21366,1837
21367,1843
21368,1847
21369,1854
21370,1867
21371,1874
21372,1875
21373,1870
21374,1871
21375,1882
21376,1907
21377,1904
21378,1872
21379,1846
21380,1832
21381,1823
21382,1830
21383,1840
21384,1845
21385,1846
21386,1856
21387,1866
21388,1872
21389,1871
21390,1871
21391,1870
21392,1894
21393,1906
21394,1882
21395,1855
21396,1839
21397,1824
21398,1822
21399,1829
21400,1841
21401,1843
21402,1852
21403,1871
21404,1874
21405,1878
21406,1871
21407,1869
21408,1872
21409,1903
21410,1905
21411,1877
21412,1857
21413,1838
21414,1814
21415,1815
21416,1825
21417,1838
21418,1840
21419,1854
21420,1870
21421,1872
21422,1876
21423,1872
21424,1871
21425,1882
21426,1913
21427,1905
21428,1872
21429,1851
21430,1831
21431,1817
21432,1819
21433,1834
21434,1841
21435,1847
21436,1854
21437,1872
21438,1875
21439,1872
21440,1872
21441,1869
21442,1894
21443,1913
21444,1883
21445,1856
21446,1834
21447,1813
21448,1815
21449,1818
21450,1835
21451,1838
21452,1840
21453,1854
21454,1870
21455,1881
21456,1872
21457,1872
21458,1872
21459,1903
21460,1909
21461,1881
21462,1857
21463,1839
21464,1826
21465,1829
21466,1837
21467,1841
21468,1840
21469,1843
21470,1866
21471,1874
21472,1889
21473,1882
21474,1883
21475,1887
21476,1904
21477,1887
21478,1855
21479,1840
21480,1828
21481,1817
21482,1810
21483,1825
21484,1839
21485,1835
21486,1850
21487,1867
21488,1883
21489,1872
21490,1871
21491,1872
21492,1898
21493,1911
21494,1891
21495,1861
21496,1839
21497,1826
21498,1829
21499,1837
21500,1846
21501,1847
21502,1847
21503,1856
21504,1856
21505,1865
21506,1860
21507,1872
21508,1872
21509,1904
21510,1907
21511,1875
21512,1847
21513,1833
21514,1819
21515,1819
21516,1829
21517,1841
21518,1839
21519,1853
21520,1868
21521,1873
21522,1879
21523,1872
21524,1871
21525,1879
21526,1913
21527,1904
21528,1874
21529,1841
21530,1825
21531,1814
21532,1821
21533,1831
21534,1842
21535,1840
21536,1845
21537,1863
21538,1872
21539,1869
21540,1865
21541,1870
21542,1895
21543,1915
21544,1893
21545,1867
21546,1842
21547,1826
21548,1821
21549,1827
21550,1840
21551,1841
21552,1841
21553,1856
21554,1872
21555,1885
21556,1872
21557,1874
21558,1879
21559,1906
21560,1909
21561,1886
21562,1861
21563,1839
21564,1818
21565,1810
21566,1818
21567,1835
21568,1843
21569,1851
21570,1859
21571,1859
21572,1868
21573,1872
21574,1867
21575,1872
21576,1905
21577,1904
21578,1873
21579,1850
21580,1834
21581,1819
21582,1825
21583,1839
21584,1841
21585,1847
21586,1857
21587,1872
21588,1879
21589,1872
21590,1872
21591,1872
21592,1902
21593,1921
21594,1893
21595,1860
21596,1834
21597,1818
21598,1814
21599,1826
21600,1837
21601,1840
21602,1845
21603,1867
21604,1872
21605,1874
21606,1866
21607,1872
21608,1872
21609,1904
21610,1919
21611,1888
21612,1863
21613,1840
21614,1821
21615,1821
21616,1828
21617,1837
21618,1833
21619,1846
21620,1866
21621,1874
21622,1878
21623,1871
21624,1867
21625,1876
21626,1904
21627,1903
21628,1872
21629,1845
21630,1824
21631,1819
21632,1823
21633,1831
21634,1842
21635,1845
21636,1856
21637,1872
21638,1885
21639,1884
21640,1879
21641,1872
21642,1899
21643,1915
21644,1891
21645,1858
21646,1835
21647,1815
21648,1814
21649,1822
21650,1839
21651,1841
21652,1845
21653,1865
21654,1867
21655,1871
21656,1869
21657,1870
21658,1870
21659,1903
21660,1904
21661,1881
21662,1857
21663,1840
21664,1819
21665,1818
21666,1830
21667,1840
21668,1847
21669,1852
21670,1867
21671,1869
21672,1873
21673,1866
21674,1862
21675,1883
21676,1914
21677,1910
21678,1872
21679,1846
21680,1830
21681,1821
21682,1822
21683,1835
21684,1839
21685,1840
21686,1849
21687,1866
21688,1875
21689,1877
21690,1881
21691,1875
21692,1904
21693,1922
21694,1890
21695,1861
21696,1842
21697,1816
21698,1813
21699,1825
21700,1838
21701,1840
21702,1842
21703,1854
21704,1866
21705,1878
21706,1873
21707,1875
21708,1875
21709,1905
21710,1917
21711,1882
21712,1856
21713,1835
21714,1810
21715,1811
21716,1823
21717,1835
21718,1840
21719,1850
21720,1870
21721,1875
21722,1882
21723,1874
21724,1872
21725,1885
21726,1910
21727,1906
21728,1872
21729,1844
21730,1826
21731,1815
21732,1822
21733,1835
21734,1843
21735,1845
21736,1856
21737,1872
21738,1877
21739,1873
21740,1872
21741,1870
21742,1895
21743,1914
21744,1884
21745,1861
21746,1840
21747,1821
21748,1814
21749,1819
21750,1830
21751,1840
21752,1850
21753,1863
21754,1872
21755,1879
21756,1870
21757,1872
21758,1872
21759,1904
21760,1918
21761,1883
21762,1855
21763,1835
21764,1818
21765,1822
21766,1835
21767,1840
21768,1842
21769,1851
21770,1873
21771,1883
21772,1887
21773,1880
21774,1872
21775,1882
21776,1911
21777,1895
21778,1862
21779,1840
21780,1822
21781,1812
21782,1818
21783,1830
21784,1842
21785,1843
21786,1856
21787,1873
21788,1883
21789,1882
21790,1876
21791,1872
21792,1901
21793,1920
21794,1903
21795,1872
21796,1851
21797,1825
21798,1810
21799,1819
21800,1835
21801,1843
21802,1847
21803,1863
21804,1869
21805,1879
21806,1866
21807,1865
21808,1863
21809,1906
21810,1919
21811,1887
21812,1856
21813,1834
21814,1824
21815,1827
21816,1836
21817,1844
21818,1840
21819,1844
21820,1859
21821,1870
21822,1871
21823,1860
21824,1868
21825,1889
21826,1920
21827,1914
21828,1875
21829,1843
21830,1823
21831,1808
21832,1818
21833,1825
21834,1840
21835,1841
21836,1850
21837,1863
21838,1876
21839,1870
21840,1872
21841,1865
21842,1897
21843,1920
21844,1898
21845,1870
21846,1845
21847,1831
21848,1823
21849,1829
21850,1838
21851,1840
21852,1842
21853,1858
21854,1872
21855,1883
21856,1877
21857,1874
21858,1875
21859,1910
21860,1919
21861,1877
21862,1854
21863,1828
21864,1809
21865,1810
21866,1823
21867,1839
21868,1841
21869,1851
21870,1871
21871,1875
21872,1885
21873,1871
21874,1870
21875,1888
21876,1914
21877,1917
21878,1883
21879,1854
21880,1831
21881,1815
21882,1809
21883,1823
21884,1840
21885,1843
21886,1855
21887,1871
21888,1887
21889,1883
21890,1878
21891,1872
21892,1898
21893,1915
21894,1894
21895,1854
21896,1822
21897,1813
21898,1814
21899,1823
21900,1839
21901,1841
21902,1842
21903,1856
21904,1871
21905,1883
21906,1875
21907,1877
21908,1873
21909,1904
21910,1917
21911,1884
21912,1856
21913,1837
21914,1819
21915,1818
21916,1820
21917,1834
21918,1835
21919,1847
21920,1870
21921,1872
21922,1883
21923,1878
21924,1872
21925,1884
21926,1920
21927,1909
21928,1870
21929,1838
21930,1817
21931,1814
21932,1821
21933,1829
21934,1840
21935,1845
21936,1856
21937,1871
21938,1882
21939,1872
21940,1867
21941,1871
21942,1894
21943,1921
21944,1901
21945,1871
21946,1844
21947,1827
21948,1822
21949,1830
21950,1839
21951,1844
21952,1844
21953,1860
21954,1870
21955,1875
21956,1868
21957,1870
21958,1866
21959,1901
21960,1915
21961,1886
21962,1857
21963,1835
21964,1819
21965,1819
21966,1827
21967,1840
21968,1843
21969,1850
21970,1867
21971,1872
21972,1881
21973,1875
21974,1872
21975,1884
21976,1915
21977,1910
21978,1875
21979,1849
21980,1834
21981,1821
21982,1824
21983,1838
21984,1840
21985,1840
21986,1852
21987,1871
21988,1879
21989,1885
21990,1873
21991,1872
21992,1899
21993,1918
21994,1891
21995,1858
21996,1843
21997,1817
21998,1813
21999,1813
22000,1822
22001,1835
22002,1836
22003,1851
22004,1863
22005,1875
22006,1872
22007,1877
22008,1881
22009,1921
22010,1920
22011,1878
22012,1856
22013,1833
22014,1808
22015,1808
22016,1812
22017,1826
22018,1840
22019,1857
22020,1877
22021,1887
22022,1893
22023,1886
22024,1878
22025,1881
22026,1907
22027,1893
22028,1858
22029,1840
22030,1827
22031,1817
22032,1823
22033,1834
22034,1842
22035,1847
22036,1855
22037,1871
22038,1877
22039,1878
22040,1878
22041,1875
22042,1898
22043,1920
22044,1891
22045,1865
22046,1840
22047,1821
22048,1818
22049,1817
22050,1825
22051,1833
22052,1840
22053,1857
22054,1869
22055,1881
22056,1871
22057,1873
22058,1872
22059,1904
22060,1918
22061,1886
22062,1857
22063,1835
22064,1817
22065,1821
22066,1830
22067,1841
22068,1851
22069,1856
22070,1872
22071,1888
22072,1885
22073,1870
22074,1871
22075,1883
22076,1915
22077,1904
22078,1872
22079,1841
22080,1809
22081,1806
22082,1811
22083,1827
22084,1830
22085,1837
22086,1850
22087,1871
22088,1878
22089,1875
22090,1875
22091,1872
22092,1899
22093,1921
22094,1895
22095,1868
22096,1840
22097,1829
22098,1827
22099,1830
22100,1839
22101,1845
22102,1846
22103,1858
22104,1860
22105,1871
22106,1865
22107,1869
22108,1867
22109,1908
22110,1914
22111,1888
22112,1857
22113,1835
22114,1823
22115,1822
22116,1827
22117,1837
22118,1841
22119,1856
22120,1866
22121,1872
22122,1878
22123,1872
22124,1869
22125,1872
22126,1906
22127,1905
22128,1872
22129,1842
22130,1827
22131,1811
22132,1821
22133,1829
22134,1840
22135,1842
22136,1850
22137,1866
22138,1875
22139,1872
22140,1871
22141,1862
22142,1896
22143,1920
22144,1902
22145,1862
22146,1840
22147,1827
22148,1825
22149,1834
22150,1840
22151,1847
22152,1847
22153,1865
22154,1872
22155,1875
22156,1867
22157,1867
22158,1865
22159,1895
22160,1911
22161,1882
22162,1856
22163,1838
22164,1815
22165,1813
22166,1822
22167,1834
22168,1839
22169,1851
22170,1867
22171,1873
22172,1884
22173,1872
22174,1872
22175,1885
22176,1907
22177,1910
22178,1874
22179,1854
22180,1834
22181,1820
22182,1825
22183,1835
22184,1840
22185,1845
22186,1856
22187,1869
22188,1881
22189,1873
22190,1872
22191,1872
22192,1898
22193,1920
22194,1892
22195,1866
22196,1843
22197,1826
22198,1811
22199,1821
22200,1837
22201,1840
22202,1845
22203,1856
22204,1866
22205,1886
22206,1876
22207,1879
22208,1872
22209,1905
22210,1920
22211,1887
22212,1858
22213,1839
22214,1813
22215,1813
22216,1822
22217,1826
22218,1834
22219,1847
22220,1858
22221,1856
22222,1866
22223,1857
22224,1862
22225,1874
22226,1905
22227,1904
22228,2934
22229,1075
22230,1855
22231,2091
22232,2170
22233,2197
22234,2219
22235,2189
22236,2090
22237,1955
22238,1737
22239,1533
22240,1588
22241,1674
22242,1747
22243,1798
22244,1805
22245,1805
22246,1819
22247,1841
22248,1887
22249,1926
22250,1954
22251,1959
22252,1909
22253,1875
22254,1839
22255,1802
22256,1790
22257,1801
22258,1807
22259,1840
22260,723
22261,1745
22262,2010
22263,2107
22264,2114
22265,2134
22266,2115
22267,2019
22268,1890
22269,1701
22270,1609
22271,1664
22272,1751
22273,1770
22274,1805
22275,1833
22276,1895
22277,1921
22278,1920
22279,1935
22280,1948
22281,1947
22282,1935
22283,1907
22284,1865
22285,1808
22286,1787
22287,1791
22288,1813
22289,1822
22290,1827
22291,902
22292,1535
22293,2027
22294,2197
22295,2216
22296,2193
22297,2157
22298,2031
22299,1857
22300,1663
22301,1600
22302,1650
22303,1716
22304,1747
22305,1786
22306,1803
22307,1845
22308,1884
22309,1955
22310,2013
22311,2009
22312,1991
22313,1941
22314,1872
22315,1808
22316,1763
22317,1744
22318,1760
22319,1791
22320,1822
22321,1843
22322,2350
22323,1281
22324,1915
22325,2137
22326,2242
22327,2262
22328,2224
22329,2099
22330,1931
22331,1731
22332,1575
22333,1621
22334,1686
22335,1718
22336,1762
22337,1817
22338,1871
22339,1909
22340,1955
22341,1998
22342,2059
22343,2074
22344,2000
22345,1899
22346,1808
22347,1749
22348,1720
22349,1730
22350,1750
22351,1777
22352,1805
22353,1941
22354,770
22355,1798
22356,2028
22357,2130
22358,2159
22359,2218
22360,2160
22361,2061
22362,1869
22363,1649
22364,1671
22365,1694
22366,1722
22367,1786
22368,1826
22369,1871
22370,1914
22371,1966
22372,2007
22373,2022
22374,2006
22375,1969
22376,1919
22377,1871
22378,1808
22379,1766
22380,1744
22381,1733
22382,1759
22383,1791
22384,1813
22385,505
22386,1648
22387,1978
22388,2106
22389,2143
22390,2162
22391,2105
22392,2103
22393,1969
22394,1713
22395,1701
22396,1714
22397,1739
22398,1776
22399,1809
22400,1855
22401,1895
22402,1936
22403,1984
22404,2003
22405,1993
22406,1922
22407,1845
22408,1810
22409,1833
22410,1850
22411,1814
22412,1792
22413,1780
22414,1780
22415,1792
22416,1358
22417,1258
22418,1897
22419,2078
22420,2146
22421,2176
22422,2128
22423,2073
22424,1987
22425,1751
22426,1773
22427,1811
22428,1806
22429,1807
22430,1811
22431,1831
22432,1869
22433,1911
22434,1958
22435,1983
22436,1975
22437,1935
22438,1869
22439,1815
22440,1786
22441,1791
22442,1815
22443,1856
22444,1853
22445,1836
22446,1819
22447,2777
22448,765
22449,1808
22450,2055
22451,2151
22452,2161
22453,2099
22454,2015
22455,2002
22456,1810
22457,1770
22458,1777
22459,1835
22460,1875
22461,1870
22462,1863
22463,1871
22464,1879
22465,1919
22466,1950
22467,1950
22468,1908
22469,1840
22470,1818
22471,1814
22472,1813
22473,1805
22474,1811
22475,1840
22476,1879
22477,1886
22478,1856
22479,325
22480,1674
22481,2005
22482,2141
22483,2175
22484,2128
22485,2012
22486,2026
22487,1858
22488,1762
22489,1751
22490,1773
22491,1806
22492,1854
22493,1904
22494,1904
22495,1903
22496,1915
22497,1930
22498,1927
22499,1904
22500,1845
22501,1811
22502,1802
22503,1809
22504,1819
22505,1823
22506,1830
22507,1849
22508,1856
22509,1890
22510,631
22511,1474
22512,2022
22513,2209
22514,2225
22515,2175
22516,2015
22517,1987
22518,1808
22519,1681
22520,1705
22521,1745
22522,1807
22523,1822
22524,1843
22525,1876
22526,1936
22527,1978
22528,1973
22529,1955
22530,1910
22531,1849
22532,1806
22533,1806
22534,1808
22535,1803
22536,1802
22537,1819
22538,1851
22539,1855
22540,1858
22541,2173
22542,1060
22543,1981
22544,2208
22545,2256
22546,2231
22547,2042
22548,1984
22549,1874
22550,1731
22551,1715
22552,1735
22553,1779
22554,1825
22555,1855
22556,1871
22557,1891
22558,1921
22559,1985
22560,2015
22561,1981
22562,1907
22563,1837
22564,1797
22565,1778
22566,1777
22567,1781
22568,1792
22569,1809
22570,1840
22571,1856
22572,2188
22573,509
22574,1809
22575,2134
22576,2288
22577,2322
22578,2146
22579,1980
22580,1936
22581,1743
22582,1669
22583,1699
22584,1761
22585,1801
22586,1823
22587,1860
22588,1898
22589,1929
22590,1958
22591,1971
22592,1990
22593,1977
22594,1904
22595,1854
22596,1818
22597,1791
22598,1762
22599,1766
22600,1797
22601,1817
22602,1828
22603,1852
22604,232
22605,1670
22606,2086
22607,2234
22608,2288
22609,2198
22610,2016
22611,2000
22612,1811
22613,1715
22614,1687
22615,1746
22616,1787
22617,1808
22618,1827
22619,1863
22620,1904
22621,1943
22622,1968
22623,1951
22624,1925
22625,1894
22626,1918
22627,1904
22628,1858
22629,1813
22630,1776
22631,1777
22632,1792
22633,1810
22634,1828
22635,1043
22636,1264
22637,1996
22638,2221
22639,2303
22640,2253
22641,2000
22642,1995
22643,1867
22644,1799
22645,1778
22646,1775
22647,1773
22648,1778
22649,1802
22650,1838
22651,1869
22652,1899
22653,1935
22654,1953
22655,1950
22656,1905
22657,1883
22658,1866
22659,1884
22660,1882
22661,1840
22662,1810
22663,1798
22664,1792
22665,1808
22666,2834
22667,784
22668,1865
22669,2157
22670,2287
22671,2303
22672,2054
22673,1971
22674,1872
22675,1795
22676,1785
22677,1809
22678,1817
22679,1809
22680,1814
22681,1809
22682,1842
22683,1884
22684,1919
22685,1930
22686,1926
22687,1911
22688,1887
22689,1873
22690,1859
22691,1850
22692,1853
22693,1870
22694,1857
22695,1840
22696,1827
22697,1921
22698,353
22699,1728
22700,2118
22701,2286
22702,2323
22703,2111
22704,1953
22705,1872
22706,1777
22707,1744
22708,1735
22709,1815
22710,1872
22711,1856
22712,1855
22713,1853
22714,1859
22715,1879
22716,1904
22717,1918
22718,1899
22719,1867
22720,1871
22721,1872
22722,1870
22723,1832
22724,1819
22725,1840
22726,1879
22727,1894
22728,1861
22729,301
22730,1507
22731,2021
22732,2234
22733,2329
22734,2193
22735,1947
22736,1834
22737,1727
22738,1761
22739,1776
22740,1799
22741,1815
22742,1853
22743,1906
22744,1908
22745,1902
22746,1897
22747,1899
22748,1898
22749,1881
22750,1857
22751,1852
22752,1843
22753,1844
22754,1847
22755,1846
22756,1839
22757,1846
22758,1856
22759,1889
22760,1776
22761,1146
22762,1951
22763,2188
22764,2271
22765,2225
22766,1936
22767,1861
22768,1791
22769,1782
22770,1743
22771,1759
22772,1839
22773,1862
22774,1873
22775,1895
22776,1951
22777,1978
22778,1957
22779,1936
22780,1902
22781,1853
22782,1828
22783,1825
22784,1834
22785,1825
22786,1808
22787,1813
22788,1840
22789,1855
22790,1857
22791,2441
22792,634
22793,1884
22794,2214
22795,2343
22796,2333
22797,2042
22798,1877
22799,1680
22800,1718
22801,1732
22802,1759
22803,1805
22804,1837
22805,1859
22806,1873
22807,1899
22808,1923
22809,1979
22810,2005
22811,1965
22812,1902
22813,1839
22814,1811
22815,1807
22816,1799
22817,1797
22818,1789
22819,1808
22820,1831
22821,1854
22822,1871
22823,246
22824,1653
22825,2111
22826,2318
22827,2382
22828,2128
22829,1886
22830,1730
22831,1761
22832,1755
22833,1753
22834,1793
22835,1840
22836,1856
22837,1872
22838,1898
22839,1920
22840,1936
22841,1947
22842,1972
22843,1983
22844,1923
22845,1875
22846,1849
22847,1815
22848,1774
22849,1749
22850,1776
22851,1807
22852,1825
22853,1849
22854,1863
22855,1881
22856,1871
22857,1875
22858,1873
22859,1904
22860,1920
22861,1891
22862,1857
22863,1842
22864,1828
22865,1825
22866,1838
22867,1846
22868,1851
22869,1854
22870,1871
22871,1879
22872,1887
22873,1877
22874,1879
22875,1886
22876,1918
22877,1919
22878,1882
22879,1856
22880,1831
22881,1814
22882,1818
22883,1832
22884,1840
22885,1839
22886,1840
22887,1856
22888,1872
22889,1879
22890,1883
22891,1885
22892,1905
22893,1935
22894,1908
22895,1870
22896,1838
22897,1811
22898,1808
22899,1819
22900,1831
22901,1835
22902,1840
22903,1858
22904,1870
22905,1888
22906,1887
22907,1873
22908,1872
22909,1905
22910,1919
22911,1882
22912,1861
22913,1838
22914,1813
22915,1816
22916,1811
22917,1815
22918,1824
22919,1840
22920,1867
22921,1885
22922,1888
22923,1875
22924,1872
22925,1867
22926,1901
22927,1903
22928,1870
22929,1840
22930,1829
22931,1815
22932,1826
22933,1840
22934,1845
22935,1846
22936,1853
22937,1872
22938,1879
22939,1878
22940,1873
22941,1872
22942,1893
22943,1918
22944,1898
22945,1867
22946,1839
22947,1822
22948,1814
22949,1820
22950,1838
22951,1839
22952,1841
22953,1863
22954,1872
22955,1885
22956,1877
22957,1878
22958,1875
22959,1905
22960,1919
22961,1890
22962,1858
22963,1826
22964,1815
22965,1826
22966,1822
22967,1837
22968,1851
22969,1862
22970,1873
22971,1856
22972,1870
22973,1869
22974,1865
22975,1861
22976,1883
22977,1895
22978,1861
22979,1840
22980,1825
22981,1817
22982,1826
22983,1837
22984,1850
22985,1850
22986,1858
22987,1872
22988,1877
22989,1877
22990,1872
22991,1867
22992,1890
22993,1922
22994,1904
22995,1872
22996,1853
22997,1828
22998,1822
22999,1826
23000,1829
23001,1839
23002,1845
23003,1858
23004,1866
23005,1877
23006,1872
23007,1872
23008,1872
23009,1905
23010,1917
23011,1877
23012,1853
23013,1835
23014,1819
23015,1821
23016,1832
23017,1840
23018,1838
23019,1851
23020,1865
23021,1874
23022,1877
23023,1861
23024,1862
23025,1872
23026,1907
23027,1909
23028,1877
23029,1843
23030,1829
23031,1809
23032,1813
23033,1826
23034,1834
23035,1834
23036,1841
23037,1857
23038,1872
23039,1870
23040,1867
23041,1862
23042,1890
23043,1914
23044,1900
23045,1867
23046,1842
23047,1826
23048,1818
23049,1826
23050,1842
23051,1854
23052,1856
23053,1865
23054,1869
23055,1879
23056,1872
23057,1863
23058,1870
23059,1904
23060,1926
23061,1887
23062,1838
23063,1808
23064,1794
23065,1803
23066,1818
23067,1837
23068,1840
23069,1851
23070,1867
23071,1875
23072,1891
23073,1881
23074,1893
23075,1899
23076,1931
23077,1925
23078,1855
23079,1814
23080,1811
23081,1791
23082,1797
23083,1822
23084,1840
23085,1841
23086,1850
23087,1869
23088,1882
23089,1881
23090,1876
23091,1872
23092,1895
23093,1916
23094,1895
23095,1863
23096,1840
23097,1821
23098,1810
23099,1825
23100,1837
23101,1845
23102,1850
23103,1858
23104,1876
23105,1887
23106,1887
23107,1886
23108,1879
23109,1904
23110,1921
23111,1894
23112,1856
23113,1818
23114,1806
23115,1806
23116,1819
23117,1839
23118,1840
23119,1840
23120,1842
23121,1856
23122,1870
23123,1867
23124,1871
23125,1874
23126,1910
23127,1909
23128,1873
23129,1842
23130,1821
23131,1821
23132,1825
23133,1831
23134,1840
23135,1840
23136,1852
23137,1871
23138,1883
23139,1884
23140,1875
23141,1874
23142,1890
23143,1920
23144,1904
23145,1872
23146,1843
23147,1826
23148,1822
23149,1825
23150,1840
23151,1853
23152,1852
23153,1854
23154,1865
23155,1881
23156,1878
23157,1871
23158,1856
23159,1872
23160,1905
23161,1888
23162,1862
23163,1838
23164,1817
23165,1818
23166,1835
23167,1842
23168,1853
23169,1863
23170,1877
23171,1884
23172,1889
23173,1871
23174,1871
23175,1877
23176,1915
23177,1904
23178,1872
23179,1851
23180,1829
23181,1824
23182,1823
23183,1809
23184,1819
23185,1831
23186,1843
23187,1857
23188,1867
23189,1876
23190,1877
23191,1874
23192,1894
23193,1919
23194,1905
23195,1874
23196,1842
23197,1823
23198,1810
23199,1819
23200,1835
23201,1844
23202,1847
23203,1859
23204,1874
23205,1887
23206,1877
23207,1875
23208,1874
23209,1908
23210,1922
23211,1894
23212,1858
23213,1837
23214,1814
23215,1813
23216,1819
23217,1831
23218,1840
23219,1851
23220,1856
23221,1863
23222,1877
23223,1872
23224,1870
23225,1874
23226,1914
23227,1920
23228,1882
23229,1856
23230,1834
23231,1814
23232,1815
23233,1826
23234,1840
23235,1842
23236,1856
23237,1866
23238,1882
23239,1882
23240,1877
23241,1877
23242,1889
23243,1913
23244,1897
23245,1863
23246,1841
23247,1821
23248,1813
23249,1815
23250,1829
23251,1838
23252,1845
23253,1856
23254,1872
23255,1884
23256,1876
23257,1881
23258,1872
23259,1907
23260,1924
23261,1888
23262,1868
23263,1845
23264,1832
23265,1830
23266,1831
23267,1827
23268,1835
23269,1840
23270,1854
23271,1858
23272,1874
23273,1872
23274,1867
23275,1872
23276,1904
23277,1905
23278,1876
23279,1856
23280,1837
23281,1823
23282,1823
23283,1834
23284,1841
23285,1841
23286,1852
23287,1871
23288,1882
23289,1886
23290,1872
23291,1867
23292,1886
23293,1917
23294,1906
23295,1869
23296,1845
23297,1827
23298,1818
23299,1824
23300,1840
23301,1851
23302,1853
23303,1859
23304,1866
23305,1878
23306,1869
23307,1869
23308,1861
23309,1904
23310,1922
23311,1887
23312,1856
23313,1829
23314,1815
23315,1819
23316,1827
23317,1840
23318,1840
23319,1850
23320,1869
23321,1872
23322,1883
23323,1876
23324,1878
23325,1879
23326,1904
23327,1908
23328,1872
23329,1844
23330,1820
23331,1808
23332,1811
23333,1822
23334,1838
23335,1838
23336,1846
23337,1865
23338,1875
23339,1872
23340,1863
23341,1872
23342,1894
23343,1919
23344,1906
23345,1873
23346,1845
23347,1825
23348,1813
23349,1822
23350,1835
23351,1840
23352,1842
23353,1857
23354,1872
23355,1879
23356,1872
23357,1873
23358,1872
23359,1903
23360,1920
23361,1889
23362,1858
23363,1837
23364,1810
23365,1813
23366,1826
23367,1838
23368,1840
23369,1842
23370,1867
23371,1875
23372,1882
23373,1873
23374,1873
23375,1878
23376,1916
23377,1912
23378,1865
23379,1840
23380,1822
23381,1809
23382,1821
23383,1834
23384,1840
23385,1843
23386,1852
23387,1866
23388,1873
23389,1878
23390,1872
23391,1870
23392,1891
23393,1919
23394,1903
23395,1867
23396,1840
23397,1825
23398,1814
23399,1819
23400,1840
23401,1846
23402,1850
23403,1857
23404,1873
23405,1885
23406,1873
23407,1872
23408,1868
23409,1903
23410,1920
23411,1879
23412,1842
23413,1827
23414,1819
23415,1817
23416,1828
23417,1839
23418,1831
23419,1839
23420,1856
23421,1871
23422,1879
23423,1872
23424,1867
23425,1872
23426,1904
23427,1910
23428,1872
23429,1842
23430,1826
23431,1823
23432,1828
23433,1838
23434,1846
23435,1843
23436,1853
23437,1856
23438,1871
23439,1874
23440,1872
23441,1869
23442,1885
23443,1919
23444,1909
23445,1878
23446,1855
23447,1835
23448,1823
23449,1824
23450,1822
23451,1830
23452,1843
23453,1862
23454,1872
23455,1881
23456,1874
23457,1879
23458,1876
23459,1899
23460,1922
23461,1890
23462,1859
23463,1830
23464,1809
23465,1813
23466,1824
23467,1840
23468,1842
23469,1850
23470,1867
23471,1872
23472,1887
23473,1874
23474,1872
23475,1874
23476,1902
23477,1910
23478,1875
23479,1855
23480,1827
23481,1814
23482,1821
23483,1830
23484,1837
23485,1840
23486,1849
23487,1864
23488,1872
23489,1879
23490,1875
23491,1874
23492,1893
23493,1922
23494,1904
23495,1874
23496,1851
23497,1833
23498,1817
23499,1819
23500,1829
23501,1834
23502,1839
23503,1855
23504,1869
23505,1878
23506,1873
23507,1873
23508,1873
23509,1905
23510,1921
23511,1891
23512,1865
23513,1839
23514,1817
23515,1814
23516,1818
23517,1831
23518,1840
23519,1849
23520,1867
23521,1875
23522,1884
23523,1872
23524,1872
23525,1872
23526,1909
23527,1915
23528,1879
23529,1845
23530,1834
23531,1819
23532,1819
23533,1833
23534,1840
23535,1846
23536,1853
23537,1872
23538,1878
23539,1879
23540,1872
23541,1872
23542,1891
23543,1920
23544,1903
23545,1867
23546,1841
23547,1823
23548,1821
23549,1815
23550,1829
23551,1839
23552,1851
23553,1871
23554,1892
23555,1899
23556,1890
23557,1873
23558,1870
23559,1899
23560,1904
23561,1867
23562,1845
23563,1843
23564,1838
23565,1839
23566,1837
23567,1847
23568,1841
23569,1814
23570,1831
23571,1850
23572,1871
23573,1866
23574,1863
23575,1871
23576,1906
23577,1914
23578,1889
23579,1871
23580,1847
23581,1834
23582,1831
23583,1831
23584,1827
23585,1825
23586,1840
23587,1864
23588,1876
23589,1881
23590,1876
23591,1874
23592,1893
23593,1915
23594,1903
23595,1871
23596,1846
23597,1830
23598,1821
23599,1829
23600,1841
23601,1847
23602,1850
23603,1857
23604,1867
23605,1877
23606,1872
23607,1872
23608,1866
23609,1900
23610,1919
23611,1894
23612,1869
23613,1840
23614,1823
23615,1822
23616,1827
23617,1840
23618,1846
23619,1840
23620,1859
23621,1873
23622,1889
23623,1873
23624,1872
23625,1872
23626,1907
23627,1914
23628,1869
23629,1851
23630,1823
23631,1811
23632,1818
23633,1827
23634,1839
23635,1840
23636,1851
23637,1860
23638,1877
23639,1872
23640,1856
23641,1866
23642,1883
23643,1919
23644,1905
23645,1872
23646,1845
23647,1830
23648,1818
23649,1825
23650,1838
23651,1844
23652,1847
23653,1857
23654,1872
23655,1887
23656,1882
23657,1876
23658,1877
23659,1902
23660,1920
23661,1886
23662,1861
23663,1839
23664,1813
23665,1819
23666,1823
23667,1838
23668,1840
23669,1844
23670,1858
23671,1871
23672,1886
23673,1872
23674,1875
23675,1874
23676,1908
23677,1915
23678,1883
23679,1853
23680,1835
23681,1822
23682,1828
23683,1841
23684,1853
23685,1859
23686,1872
23687,1874
23688,1890
23689,1893
23690,1877
23691,1865
23692,1872
23693,1904
23694,1875
23695,1856
23696,1847
23697,1840
23698,1825
23699,1809
23700,1821
23701,1838
23702,1822
23703,1822
23704,1849
23705,1883
23706,1883
23707,1883
23708,1879
23709,1908
23710,1929
23711,1904
23712,1873
23713,1840
23714,1817
23715,1814
23716,1820
23717,1840
23718,1845
23719,1851
23720,1855
23721,1870
23722,1876
23723,1869
23724,1868
23725,1872
23726,1908
23727,1910
23728,1877
23729,1842
23730,1823
23731,1817
23732,1826
23733,1837
23734,1845
23735,1850
23736,1858
23737,1872
23738,1881
23739,1881
23740,1875
23741,1871
23742,1887
23743,1917
23744,1907
23745,1871
23746,1849
23747,1831
23748,1822
23749,1831
23750,1839
23751,1843
23752,1842
23753,1853
23754,1861
23755,1879
23756,1872
23757,1871
23758,1869
23759,1894
23760,1923
23761,1895
23762,1862
23763,1839
23764,1825
23765,1822
23766,1831
23767,1844
23768,1854
23769,1853
23770,1865
23771,1879
23772,1882
23773,1869
23774,1871
23775,1873
23776,1907
23777,1917
23778,1879
23779,1856
23780,1835
23781,1819
23782,1827
23783,1837
23784,1841
23785,1844
23786,1850
23787,1856
23788,1872
23789,1886
23790,1877
23791,1873
23792,1890
23793,1920
23794,1907
23795,1872
23796,1845
23797,1833
23798,1818
23799,1826
23800,1840
23801,1845
23802,1845
23803,1856
23804,1872
23805,1889
23806,1883
23807,1879
23808,1875
23809,1909
23810,1933
23811,1905
23812,1871
23813,1842
23814,1821
23815,1823
23816,1825
23817,1830
23818,1838
23819,1843
23820,1851
23821,1856
23822,1858
23823,1850
23824,1860
23825,1866
23826,1904
23827,1911
23828,1879
23829,1856
23830,1841
23831,1830
23832,1835
23833,1841
23834,1845
23835,1841
23836,1850
23837,1857
23838,1872
23839,1879
23840,1872
23841,1872
23842,1890
23843,1917
23844,1904
23845,1869
23846,1842
23847,1823
23848,1814
23849,1815
23850,1831
23851,1840
23852,1851
23853,1858
23854,1872
23855,602
23856,1743
23857,2081
23858,2209
23859,2270
23860,2298
23861,2256
23862,2141
23863,1975
23864,1776
23865,1555
23866,1520
23867,1611
23868,1677
23869,1713
23870,1746
23871,1793
23872,1840
23873,1871
23874,1904
23875,1953
23876,2018
23877,2034
23878,1980
23879,1918
23880,1840
23881,1746
23882,1739
23883,1757
23884,1778
23885,1792
23886,880
23887,1463
23888,1984
23889,2183
23890,2225
23891,2238
23892,2241
23893,2183
23894,2016
23895,1802
23896,1603
23897,1581
23898,1611
23899,1661
23900,1705
23901,1746
23902,1789
23903,1840
23904,1881
23905,1938
23906,1969
23907,1989
23908,1982
23909,1986
23910,1951
23911,1870
23912,1808
23913,1773
23914,1763
23915,1769
23916,1786
23917,2681
23918,1134
23919,1873
23920,2126
23921,2207
23922,2235
23923,2230
23924,2171
23925,2030
23926,1872
23927,1712
23928,1629
23929,1635
23930,1661
23931,1683
23932,1735
23933,1789
23934,1840
23935,1886
23936,1936
23937,1994
23938,2019
23939,2000
23940,1952
23941,1871
23942,1823
23943,1825
23944,1811
23945,1792
23946,1788
23947,1787
23948,1873
23949,663
23950,1744
23951,2032
23952,2149
23953,2181
23954,2230
23955,2199
23956,2096
23957,1954
23958,1635
23959,1586
23960,1696
23961,1734
23962,1763
23963,1779
23964,1807
23965,1840
23966,1888
23967,1941
23968,1984
23969,2002
23970,1991
23971,1933
23972,1872
23973,1819
23974,1790
23975,1792
23976,1838
23977,1855
23978,1837
23979,1826
23980,400
23981,1561
23982,1949
23983,2098
23984,2157
23985,2182
23986,2171
23987,2121
23988,2028
23989,1699
23990,1605
23991,1686
23992,1763
23993,1840
23994,1859
23995,1857
23996,1872
23997,1901
23998,1936
23999,1984
24000,1998
24001,1962
24002,1878
24003,1819
24004,1801
24005,1798
24006,1795
24007,1808
24008,1825
24009,1869
24010,1888
24011,1175
24012,1362
24013,1918
24014,2085
24015,2151
24016,2173
24017,2160
24018,2096
24019,1979
24020,1712
24021,1590
24022,1680
24023,1744
24024,1799
24025,1839
24026,1903
24027,1940
24028,1942
24029,1961
24030,1973
24031,1962
24032,1920
24033,1844
24034,1803
24035,1776
24036,1781
24037,1808
24038,1824
24039,1840
24040,1841
24041,1850
24042,2747
24043,805
24044,1881
24045,2099
24046,2176
24047,2173
24048,2128
24049,2057
24050,2000
24051,1743
24052,1625
24053,1717
24054,1775
24055,1819
24056,1843
24057,1872
24058,1902
24059,1955
24060,2014
24061,2027
24062,1999
24063,1936
24064,1846
24065,1795
24066,1776
24067,1778
24068,1779
24069,1783
24070,1818
24071,1840
24072,1856
24073,1855
24074,351
24075,1744
24076,2128
24077,2268
24078,2238
24079,2171
24080,2037
24081,1983
24082,1745
24083,1594
24084,1705
24085,1770
24086,1802
24087,1839
24088,1872
24089,1902
24090,1919
24091,1954
24092,2000
24093,2033
24094,1986
24095,1888
24096,1815
24097,1782
24098,1775
24099,1775
24100,1783
24101,1803
24102,1817
24103,1837
24104,1856
24105,432
24106,1490
24107,2066
24108,2241
24109,2305
24110,2294
24111,2112
24112,2030
24113,1813
24114,1594
24115,1649
24116,1718
24117,1770
24118,1805
24119,1829
24120,1865
24121,1893
24122,1936
24123,1961
24124,1973
24125,1967
24126,1959
24127,1914
24128,1861
24129,1811
24130,1792
24131,1770
24132,1777
24133,1799
24134,1819
24135,1829
24136,2198
24137,986
24138,1954
24139,2214
24140,2311
24141,2331
24142,2192
24143,2112
24144,1999
24145,1631
24146,1600
24147,1667
24148,1719
24149,1765
24150,1795
24151,1831
24152,1850
24153,1885
24154,1927
24155,1958
24156,1955
24157,1930
24158,1895
24159,1904
24160,1915
24161,1872
24162,1826
24163,1795
24164,1791
24165,1794
24166,1808
24167,2085
24168,425
24169,1787
24170,2145
24171,2291
24172,2355
24173,2219
24174,2064
24175,2011
24176,1721
24177,1680
24178,1721
24179,1755
24180,1774
24181,1779
24182,1808
24183,1840
24184,1874
24185,1904
24186,1935
24187,1955
24188,1942
24189,1907
24190,1884
24191,1869
24192,1868
24193,1872
24194,1856
24195,1839
24196,1821
24197,1811
24198,1811
24199,164
24200,1563
24201,2047
24202,2235
24203,2323
24204,2252
24205,2093
24206,2065
24207,1787
24208,1616
24209,1710
24210,1801
24211,1825
24212,1829
24213,1824
24214,1827
24215,1843
24216,1878
24217,1913
24218,1927
24219,1923
24220,1903
24221,1895
24222,1890
24223,1863
24224,1840
24225,1819
24226,1857
24227,1879
24228,1858
24229,1837
24230,1045
24231,1205
24232,1940
24233,2176
24234,2290
24235,2273
24236,2096
24237,2066
24238,1870
24239,1640
24240,1673
24241,1730
24242,1790
24243,1863
24244,1877
24245,1869
24246,1870
24247,1882
24248,1894
24249,1910
24250,1911
24251,1888
24252,1868
24253,1856
24254,1858
24255,1857
24256,1841
24257,1837
24258,1841
24259,1872
24260,1901
24261,2736
24262,854
24263,1882
24264,2130
24265,2255
24266,2287
24267,2107
24268,2018
24269,1889
24270,1647
24271,1680
24272,1756
24273,1799
24274,1834
24275,1851
24276,1904
24277,1934
24278,1925
24279,1924
24280,1918
24281,1901
24282,1874
24283,1853
24284,1853
24285,1840
24286,1833
24287,1827
24288,1827
24289,1840
24290,1846
24291,1858
24292,1886
24293,285
24294,1770
24295,2131
24296,2277
24297,2327
24298,2177
24299,2001
24300,1970
24301,1641
24302,1618
24303,1712
24304,1792
24305,1844
24306,1827
24307,1840
24308,1865
24309,1925
24310,1970
24311,1968
24312,1945
24313,1903
24314,1851
24315,1827
24316,1821
24317,1821
24318,1802
24319,1795
24320,1818
24321,1844
24322,1860
24323,1859
24324,429
24325,1468
24326,2085
24327,2288
24328,2339
24329,2231
24330,1975
24331,1967
24332,1743
24333,1622
24334,1695
24335,1769
24336,1811
24337,1835
24338,1865
24339,1888
24340,1903
24341,1927
24342,1965
24343,2000
24344,1980
24345,1905
24346,1858
24347,1830
24348,1809
24349,1797
24350,1789
24351,1803
24352,1817
24353,1837
24354,1851
24355,1838
24356,1072
24357,1954
24358,2209
24359,2363
24360,2379
24361,2118
24362,2017
24363,1815
24364,1630
24365,1642
24366,1696
24367,1758
24368,1799
24369,1825
24370,1861
24371,1901
24372,1931
24373,1945
24374,1959
24375,1947
24376,1943
24377,1930
24378,1879
24379,1846
24380,1810
24381,1781
24382,1778
24383,1799
24384,1811
24385,1825
24386,2309
24387,528
24388,1830
24389,2170
24390,2309
24391,2345
24392,2155
24393,2045
24394,1939
24395,1700
24396,1675
24397,1714
24398,1759
24399,1792
24400,1817
24401,1843
24402,1867
24403,1900
24404,1926
24405,1967
24406,1955
24407,1927
24408,1890
24409,1905
24410,1922
24411,1882
24412,1833
24413,1793
24414,1776
24415,1789
24416,1804
24417,1823
24418,151
24419,1611
24420,2083
24421,2291
24422,2386
24423,2237
24424,2002
24425,1968
24426,1740
24427,1707
24428,1748
24429,1770
24430,1783
24431,1793
24432,1819
24433,1844
24434,1875
24435,1901
24436,1921
24437,1936
24438,1936
24439,1911
24440,1895
24441,1888
24442,1881
24443,1872
24444,1845
24445,1821
24446,1811
24447,1802
24448,1803
24449,814
24450,1289
24451,1982
24452,2245
24453,2378
24454,2315
24455,2059
24456,2003
24457,1727
24458,1665
24459,1739
24460,1808
24461,1827
24462,1826
24463,1822
24464,1826
24465,1849
24466,1883
24467,1917
24468,1933
24469,1916
24470,1885
24471,1872
24472,1883
24473,1868
24474,1847
24475,1838
24476,1862
24477,1881
24478,1855
24479,1841
24480,1829
24481,1822
24482,1830
24483,1840
24484,1850
24485,1855
24486,1861
24487,1869
24488,1881
24489,1887
24490,1879
24491,1878
24492,1890
24493,1923
24494,1917
24495,1878
24496,1851
24497,1830
24498,1821
24499,1827
24500,1840
24501,1847
24502,1846
24503,1859
24504,1857
24505,1882
24506,1876
24507,1872
24508,1870
24509,1902
24510,1920
24511,1898
24512,1858
24513,1834
24514,1812
24515,1813
24516,1822
24517,1840
24518,1839
24519,1846
24520,1856
24521,1870
24522,1883
24523,1873
24524,1875
24525,1875
24526,1909
24527,1915
24528,1873
24529,1849
24530,1823
24531,1811
24532,1822
24533,1837
24534,1843
24535,1844
24536,1843
24537,1856
24538,1873
24539,1862
24540,1861
24541,1861
24542,1881
24543,1924
24544,1915
24545,1873
24546,1849
24547,1838
24548,1825
24549,1833
24550,1835
24551,1831
24552,1822
24553,1835
24554,1856
24555,1871
24556,1872
24557,1877
24558,1875
24559,1904
24560,1922
24561,1903
24562,1865
24563,1833
24564,1811
24565,1815
24566,1825
24567,1837
24568,1840
24569,1855
24570,1861
24571,1872
24572,1887
24573,1873
24574,1874
24575,1874
24576,1904
24577,1911
24578,1878
24579,1855
24580,1832
24581,1818
24582,1822
24583,1827
24584,1843
24585,1850
24586,1856
24587,1870
24588,1881
24589,1887
24590,1881
24591,1882
24592,1895
24593,1918
24594,1891
24595,1856
24596,1835
24597,1820
24598,1799
24599,1817
24600,1836
24601,1847
24602,1853
24603,1866
24604,1871
24605,1873
24606,1867
24607,1867
24608,1863
24609,1895
24610,1919
24611,1901
24612,1863
24613,1826
24614,1815
24615,1811
24616,1820
24617,1840
24618,1847
24619,1857
24620,1853
24621,1856
24622,1867
24623,1856
24624,1866
24625,1859
24626,1893
24627,1905
24628,1874
24629,1849
24630,1825
24631,1822
24632,1825
24633,1833
24634,1842
24635,1849
24636,1853
24637,1862
24638,1872
24639,1880
24640,1872
24641,1872
24642,1885
24643,1913
24644,1907
24645,1874
24646,1847
24647,1827
24648,1818
24649,1824
24650,1838
24651,1840
24652,1844
24653,1853
24654,1856
24655,1875
24656,1873
24657,1870
24658,1867
24659,1889
24660,1910
24661,1893
24662,1863
24663,1840
24664,1823
24665,1823
24666,1833
24667,1840
24668,1847
24669,1846
24670,1856
24671,1866
24672,1878
24673,1872
24674,1875
24675,1872
24676,1905
24677,1915
24678,1875
24679,1857
24680,1838
24681,1820
24682,1824
24683,1831
24684,1838
24685,1840
24686,1848
24687,1864
24688,1876
24689,1889
24690,1867
24691,1858
24692,1878
24693,1906
24694,1903
24695,1871
24696,1851
24697,1834
24698,1820
24699,1822
24700,1830
24701,1839
24702,1841
24703,1855
24704,1871
24705,1886
24706,1877
24707,1873
24708,1872
24709,1898
24710,1920
24711,1895
24712,1858
24713,1841
24714,1820
24715,1820
24716,1826
24717,1824
24718,1829
24719,1847
24720,1859
24721,1872
24722,1874
24723,1872
24724,1877
24725,1873
24726,1905
24727,1920
24728,1890
24729,1855
24730,1833
24731,1820
24732,1822
24733,1824
24734,1810
24735,1821
24736,1840
24737,1858
24738,1876
24739,1879
24740,1871
24741,1872
24742,1886
24743,1920
24744,1906
24745,1871
24746,1843
24747,1827
24748,1820
24749,1824
24750,1838
24751,1843
24752,1851
24753,1855
24754,1865
24755,1873
24756,1872
24757,1872
24758,1871
24759,1903
24760,1928
24761,1904
24762,1869
24763,1837
24764,1813
24765,1817
24766,1824
24767,1837
24768,1842
24769,1845
24770,1855
24771,1871
24772,1887
24773,1875
24774,1873
24775,1871
24776,1906
24777,1913
24778,1873
24779,1856
24780,1831
24781,1814
24782,1823
24783,1829
24784,1840
24785,1843
24786,1850
24787,1857
24788,1874
24789,1887
24790,1877
24791,1875
24792,1887
24793,1919
24794,1913
24795,1874
24796,1845
24797,1826
24798,1811
24799,1818
24800,1830
24801,1840
24802,1840
24803,1853
24804,1856
24805,1873
24806,1872
24807,1870
24808,1871
24809,1895
24810,1921
24811,1897
24812,1866
24813,1840
24814,1823
24815,1815
24816,1824
24817,1831
24818,1832
24819,1842
24820,1849
24821,1870
24822,1885
24823,1872
24824,1872
24825,1872
24826,1909
24827,1917
24828,1879
24829,1851
24830,1829
24831,1808
24832,1811
24833,1823
24834,1837
24835,1840
24836,1843
24837,1849
24838,1867
24839,1874
24840,1869
24841,1866
24842,1887
24843,1917
24844,1914
24845,1873
24846,1843
24847,1827
24848,1815
24849,1821
24850,1833
24851,1841
24852,1847
24853,1855
24854,1863
24855,1885
24856,1885
24857,1881
24858,1874
24859,1900
24860,1920
24861,1898
24862,1863
24863,1839
24864,1813
24865,1809
24866,1815
24867,1831
24868,1840
24869,1842
24870,1854
24871,1869
24872,1885
24873,1872
24874,1874
24875,1872
24876,1913
24877,1920
24878,1883
24879,1855
24880,1831
24881,1813
24882,1819
24883,1827
24884,1840
24885,1841
24886,1845
24887,1859
24888,1882
24889,1882
24890,1876
24891,1872
24892,1887
24893,1917
24894,1906
24895,1870
24896,1845
24897,1825
24898,1812
24899,1824
24900,1838
24901,1841
24902,1843
24903,1852
24904,1860
24905,1882
24906,1879
24907,1875
24908,1872
24909,1898
24910,1915
24911,1892
24912,1868
24913,1840
24914,1819
24915,1815
24916,1823
24917,1838
24918,1840
24919,1839
24920,1851
24921,1865
24922,1879
24923,1869
24924,1871
24925,1871
24926,1904
24927,1913
24928,1879
24929,1847
24930,1825
24931,1815
24932,1820
24933,1828
24934,1843
24935,1847
24936,1857
24937,1866
24938,1886
24939,1893
24940,1885
24941,1887
24942,1894
24943,1927
24944,1918
24945,1873
24946,1840
24947,1825
24948,1808
24949,1808
24950,1820
24951,1825
24952,1820
24953,1839
24954,1854
24955,1872
24956,1872
24957,1869
24958,1864
24959,1892
24960,1924
24961,1904
24962,1871
24963,1841
24964,1823
24965,1823
24966,1825
24967,1839
24968,1845
24969,1847
24970,1856
24971,1872
24972,1888
24973,1876
24974,1874
24975,1875
24976,1909
24977,1920
24978,1883
24979,1856
24980,1834
24981,1815
24982,1821
24983,1829
24984,1840
24985,1840
24986,1841
24987,1850
24988,1871
24989,1887
24990,1877
24991,1873
24992,1886
24993,1919
24994,1915
24995,1872
24996,1848
24997,1827
24998,1814
24999,1823
25000,1834
25001,1840
25002,1843
25003,1854
25004,1865
25005,1883
25006,1876
25007,1875
25008,1872
25009,1899
25010,1927
25011,1904
25012,1869
25013,1841
25014,1815
25015,1810
25016,1812
25017,1827
25018,1840
25019,1845
25020,1855
25021,1871
25022,1883
25023,1873
25024,1873
25025,1872
25026,1909
25027,1919
25028,1886
25029,1858
25030,1839
25031,1821
25032,1821
25033,1826
25034,1839
25035,1840
25036,1850
25037,1859
25038,1872
25039,1881
25040,1874
25041,1872
25042,1888
25043,1916
25044,1907
25045,1872
25046,1846
25047,1823
25048,1814
25049,1813
25050,1826
25051,1839
25052,1841
25053,1854
25054,1871
25055,1882
25056,1873
25057,1873
25058,1872
25059,1897
25060,1923
25061,1902
25062,1870
25063,1841
25064,1826
25065,1822
25066,1826
25067,1839
25068,1840
25069,1841
25070,1858
25071,1870
25072,1882
25073,1872
25074,1872
25075,1867
25076,1903
25077,1910
25078,1881
25079,1857
25080,1834
25081,1817
25082,1818
25083,1827
25084,1838
25085,1844
25086,1849
25087,1866
25088,1874
25089,1881
25090,1872
25091,1872
25092,1881
25093,1915
25094,1909
25095,1875
25096,1846
25097,1834
25098,1815
25099,1820
25100,1831
25101,1841
25102,1845
25103,1852
25104,1861
25105,1874
25106,1872
25107,1868
25108,1865
25109,1901
25110,1920
25111,1898
25112,1861
25113,1837
25114,1823
25115,1819
25116,1823
25117,1840
25118,1835
25119,1845
25120,1859
25121,1872
25122,1882
25123,1872
25124,1872
25125,1872
25126,1905
25127,1919
25128,1881
25129,1849
25130,1829
25131,1811
25132,1809
25133,1821
25134,1834
25135,1839
25136,1847
25137,1859
25138,1873
25139,1875
25140,1870
25141,1866
25142,1885
25143,1919
25144,1915
25145,1875
25146,1842
25147,1833
25148,1817
25149,1822
25150,1831
25151,1840
25152,1846
25153,1853
25154,1869
25155,1879
25156,1881
25157,1877
25158,1872
25159,1899
25160,1924
25161,1901
25162,1871
25163,1841
25164,1812
25165,1810
25166,1818
25167,1827
25168,1838
25169,1845
25170,1856
25171,1871
25172,1883
25173,1875
25174,1872
25175,1871
25176,1907
25177,1918
25178,1884
25179,1862
25180,1839
25181,1818
25182,1817
25183,1826
25184,1838
25185,1843
25186,1853
25187,1867
25188,1873
25189,1875
25190,1872
25191,1872
25192,1884
25193,1910
25194,1903
25195,1870
25196,1843
25197,1825
25198,1808
25199,1819
25200,1835
25201,1847
25202,1849
25203,1856
25204,1872
25205,1874
25206,1872
25207,1872
25208,1872
25209,1894
25210,1920
25211,1899
25212,1873
25213,1839
25214,1824
25215,1812
25216,1823
25217,1836
25218,1839
25219,1840
25220,1854
25221,1863
25222,1875
25223,1867
25224,1868
25225,1868
25226,1901
25227,1906
25228,1873
25229,1850
25230,1823
25231,1820
25232,1821
25233,1829
25234,1841
25235,1843
25236,1851
25237,1863
25238,1872
25239,1882
25240,1872
25241,1872
25242,1884
25243,1915
25244,1910
25245,1875
25246,1850
25247,1831
25248,1822
25249,1824
25250,1836
25251,1843
25252,1843
25253,1856
25254,1862
25255,1874
25256,1872
25257,1870
25258,1870
25259,1888
25260,1918
25261,1896
25262,1867
25263,1841
25264,1823
25265,1821
25266,1827
25267,1839
25268,1843
25269,1848
25270,1863
25271,1868
25272,1872
25273,1870
25274,1872
25275,1872
25276,1906
25277,1919
25278,1888
25279,1863
25280,1840
25281,1826
25282,1823
25283,1825
25284,1834
25285,1843
25286,1846
25287,1862
25288,1871
25289,1883
25290,1876
25291,1875
25292,1889
25293,1913
25294,1907
25295,1875
25296,1852
25297,1840
25298,1830
25299,1835
25300,1841
25301,1840
25302,1830
25303,1841
25304,1856
25305,1872
25306,1871
25307,1871
25308,1870
25309,1893
25310,1917
25311,1893
25312,1861
25313,1843
25314,1823
25315,1813
25316,1823
25317,1832
25318,1838
25319,1843
25320,1859
25321,1876
25322,1887
25323,1874
25324,1872
25325,1872
25326,1904
25327,1915
25328,1884
25329,1853
25330,1837
25331,1825
25332,1827
25333,1839
25334,1845
25335,1843
25336,1843
25337,1863
25338,1872
25339,1878
25340,1872
25341,1874
25342,1884
25343,1911
25344,1904
25345,1872
25346,1850
25347,1824
25348,1808
25349,1811
25350,1825
25351,1841
25352,1841
25353,1853
25354,1869
25355,1882
25356,1875
25357,1874
25358,1872
25359,1902
25360,1923
25361,1899
25362,1868
25363,1840
25364,1822
25365,1820
25366,1824
25367,1832
25368,1840
25369,1840
25370,1856
25371,1872
25372,1885
25373,1875
25374,1872
25375,1871
25376,1901
25377,1911
25378,1879
25379,1856
25380,1831
25381,1815
25382,1823
25383,1837
25384,1843
25385,1843
25386,1851
25387,1869
25388,1879
25389,1879
25390,1875
25391,1872
25392,1886
25393,1917
25394,1914
25395,1877
25396,1847
25397,1830
25398,1819
25399,1821
25400,1827
25401,1840
25402,1843
25403,1858
25404,1863
25405,1870
25406,1863
25407,1866
25408,1862
25409,1895
25410,1919
25411,1899
25412,1872
25413,1840
25414,1827
25415,1821
25416,1824
25417,1839
25418,1844
25419,1847
25420,1862
25421,1872
25422,1886
25423,1874
25424,1872
25425,1874
25426,1910
25427,1919
25428,1881
25429,1845
25430,1834
25431,1817
25432,1819
25433,1827
25434,1839
25435,1840
25436,1842
25437,1856
25438,1863
25439,1870
25440,1862
25441,1861
25442,1883
25443,1913
25444,1913
25445,1873
25446,1851
25447,1838
25448,1823
25449,1826
25450,1834
25451,1843
25452,1849
25453,1854
25454,1868
25455,1875
25456,1872
25457,1872
25458,1872
25459,1898
25460,1920
25461,1893
25462,1869
25463,1841
25464,1818
25465,1815
25466,1821
25467,1838
25468,1839
25469,1851
25470,1863
25471,1875
25472,1886
25473,1877
25474,1874
25475,1871
25476,1901
25477,1915
25478,1887
25479,1858
25480,1838
25481,755
25482,1620
25483,1981
25484,2128
25485,2173
25486,2203
25487,2230
25488,2192
25489,2089
25490,1919
25491,1671
25492,1535
25493,1631
25494,1709
25495,1719
25496,1726
25497,1735
25498,1743
25499,1775
25500,1806
25501,1840
25502,1866
25503,1894
25504,1919
25505,1926
25506,1914
25507,1894
25508,1875
25509,1879
25510,1895
25511,1871
25512,2547
25513,1333
25514,1864
25515,2053
25516,2123
25517,2160
25518,2167
25519,2106
25520,1981
25521,1837
25522,1648
25523,1567
25524,1656
25525,1738
25526,1807
25527,1833
25528,1813
25529,1813
25530,1810
25531,1830
25532,1853
25533,1888
25534,1920
25535,1931
25536,1925
25537,1920
25538,1895
25539,1865
25540,1827
25541,1817
25542,1835
25543,1990
25544,1051
25545,1830
25546,2046
25547,2119
25548,2119
25549,2127
25550,2047
25551,1921
25552,1761
25553,1627
25554,1654
25555,1759
25556,1809
25557,1818
25558,1822
25559,1855
25560,1910
25561,1913
25562,1904
25563,1909
25564,1915
25565,1919
25566,1918
25567,1906
25568,1873
25569,1829
25570,1812
25571,1808
25572,1824
25573,1819
25574,1838
25575,701
25576,1719
25577,2066
25578,2160
25579,2149
25580,2131
25581,2031
25582,1895
25583,1788
25584,1671
25585,1674
25586,1743
25587,1802
25588,1820
25589,1843
25590,1854
25591,1872
25592,1903
25593,1957
25594,1990
25595,1985
25596,1967
25597,1921
25598,1866
25599,1811
25600,1777
25601,1774
25602,1774
25603,1792
25604,1822
25605,1846
25606,1360
25607,1493
25608,1951
25609,2182
25610,2263
25611,2259
25612,2173
25613,2004
25614,1840
25615,1636
25616,1616
25617,1693
25618,1723
25619,1744
25620,1779
25621,1811
25622,1856
25623,1885
25624,1935
25625,1985
25626,2057
25627,2065
25628,1981
25629,1886
25630,1781
25631,1722
25632,1712
25633,1735
25634,1767
25635,1791
25636,1813
25637,2882
25638,1221
25639,1891
25640,2101
25641,2182
25642,2225
25643,2227
25644,2096
25645,1947
25646,1776
25647,1641
25648,1694
25649,1699
25650,1724
25651,1765
25652,1795
25653,1837
25654,1884
25655,1938
25656,1985
25657,2014
25658,2003
25659,1975
25660,1918
25661,1837
25662,1789
25663,1755
25664,1728
25665,1742
25666,1777
25667,1802
25668,1840
25669,713
25670,1766
25671,2021
25672,2129
25673,2151
25674,2148
25675,2036
25676,2069
25677,1909
25678,1735
25679,1762
25680,1741
25681,1744
25682,1776
25683,1811
25684,1851
25685,1879
25686,1931
25687,1995
25688,2029
25689,2013
25690,1947
25691,1871
25692,1825
25693,1827
25694,1810
25695,1781
25696,1776
25697,1782
25698,1786
25699,1803
25700,410
25701,1584
25702,1950
25703,2093
25704,2141
25705,2163
25706,2062
25707,2034
25708,1911
25709,1804
25710,1834
25711,1806
25712,1807
25713,1810
25714,1817
25715,1835
25716,1870
25717,1917
25718,1970
25719,1999
25720,2002
25721,1952
25722,1874
25723,1811
25724,1791
25725,1773
25726,1803
25727,1835
25728,1827
25729,1819
25730,1808
25731,1616
25732,1154
25733,1879
25734,2063
25735,2124
25736,2131
25737,2042
25738,2003
25739,1950
25740,1824
25741,1835
25742,1830
25743,1872
25744,1889
25745,1867
25746,1861
25747,1867
25748,1879
25749,1926
25750,1983
25751,1984
25752,1920
25753,1840
25754,1808
25755,1808
25756,1793
25757,1786
25758,1808
25759,1849
25760,1881
25761,1874
25762,2221
25763,557
25764,1776
25765,2062
25766,2179
25767,2203
25768,2106
25769,2000
25770,1983
25771,1835
25772,1781
25773,1762
25774,1782
25775,1810
25776,1859
25777,1889
25778,1879
25779,1887
25780,1907
25781,1927
25782,1933
25783,1906
25784,1859
25785,1819
25786,1808
25787,1821
25788,1820
25789,1825
25790,1835
25791,1842
25792,1857
25793,1901
25794,208
25795,1640
25796,2047
25797,2181
25798,2195
25799,2133
25800,1968
25801,1968
25802,1806
25803,1781
25804,1807
25805,1819
25806,1831
25807,1837
25808,1854
25809,1890
25810,1929
25811,1937
25812,1942
25813,1936
25814,1899
25815,1851
25816,1829
25817,1823
25818,1817
25819,1806
25820,1808
25821,1825
25822,1847
25823,1849
25824,1858
25825,674
25826,1409
25827,2068
25828,2235
25829,2269
25830,2218
25831,1966
25832,1971
25833,1823
25834,1781
25835,1751
25836,1755
25837,1808
25838,1833
25839,1854
25840,1859
25841,1875
25842,1913
25843,1969
25844,1986
25845,1948
25846,1892
25847,1854
25848,1831
25849,1818
25850,1810
25851,1801
25852,1799
25853,1818
25854,1840
25855,1858
25856,2795
25857,807
25858,1888
25859,2179
25860,2318
25861,2320
25862,2046
25863,1936
25864,1874
25865,1797
25866,1767
25867,1759
25868,1788
25869,1807
25870,1833
25871,1862
25872,1885
25873,1898
25874,1923
25875,1943
25876,1973
25877,1958
25878,1903
25879,1856
25880,1831
25881,1793
25882,1776
25883,1781
25884,1799
25885,1815
25886,1830
25887,1973
25888,367
25889,1787
25890,2140
25891,2272
25892,2325
25893,2145
25894,1985
25895,1885
25896,1843
25897,1798
25898,1754
25899,1775
25900,1795
25901,1808
25902,1829
25903,1854
25904,1888
25905,1926
25906,1943
25907,1946
25908,1920
25909,1911
25910,1926
25911,1893
25912,1840
25913,1799
25914,1766
25915,1767
25916,1789
25917,1818
25918,1839
25919,320
25920,1488
25921,2066
25922,2256
25923,2327
25924,2192
25925,1939
25926,1968
25927,1895
25928,1872
25929,1808
25930,1791
25931,1786
25932,1792
25933,1807
25934,1830
25935,1847
25936,1875
25937,1915
25938,1931
25939,1936
25940,1917
25941,1904
25942,1903
25943,1906
25944,1866
25945,1806
25946,1793
25947,1797
25948,1794
25949,1808
25950,1210
25951,1173
25952,1968
25953,2217
25954,2338
25955,2265
25956,1949
25957,1920
25958,1846
25959,1899
25960,1859
25961,1815
25962,1819
25963,1811
25964,1808
25965,1810
25966,1830
25967,1861
25968,1892
25969,1911
25970,1927
25971,1925
25972,1918
25973,1893
25974,1872
25975,1838
25976,1835
25977,1840
25978,1835
25979,1837
25980,1824
25981,2743
25982,640
25983,1839
25984,2181
25985,2321
25986,2329
25987,2019
25988,1933
25989,1799
25990,1856
25991,1839
25992,1825
25993,1872
25994,1872
25995,1844
25996,1831
25997,1823
25998,1825
25999,1851
26000,1876
26001,1901
26002,1890
26003,1881
26004,1886
26005,1882
26006,1858
26007,1836
26008,1822
26009,1857
26010,1892
26011,1885
26012,1861
26013,121
26014,1623
26015,2079
26016,2258
26017,2331
26018,2081
26019,1877
26020,1781
26021,1874
26022,1877
26023,1809
26024,1819
26025,1856
26026,1893
26027,1907
26028,1888
26029,1867
26030,1862
26031,1861
26032,1869
26033,1867
26034,1865
26035,1866
26036,1856
26037,1856
26038,1827
26039,1819
26040,1823
26041,1840
26042,1856
26043,1902
26044,473
26045,1433
26046,2064
26047,2309
26048,2401
26049,2238
26050,1951
26051,1722
26052,1723
26053,1819
26054,1791
26055,1796
26056,1818
26057,1831
26058,1840
26059,1872
26060,1915
26061,1919
26062,1911
26063,1904
26064,1875
26065,1856
26066,1843
26067,1843
26068,1846
26069,1840
26070,1829
26071,1830
26072,1845
26073,1853
26074,1866
26075,2538
26076,932
26077,1971
26078,2229
26079,2323
26080,2255
26081,1905
26082,1771
26083,1810
26084,1901
26085,1823
26086,1791
26087,1831
26088,1865
26089,1875
26090,1872
26091,1879
26092,1902
26093,1939
26094,1953
26095,1923
26096,1889
26097,1861
26098,1838
26099,1827
26100,1814
26101,1793
26102,1781
26103,1806
26104,1840
26105,1870
26106,1877
26107,1879
26108,1878
26109,1902
26110,1924
26111,1904
26112,1877
26113,1853
26114,1838
26115,1830
26116,1837
26117,1842
26118,1842
26119,1850
26120,1861
26121,1872
26122,1882
26123,1872
26124,1873
26125,1870
26126,1897
26127,1905
26128,1871
26129,1845
26130,1835
26131,1818
26132,1818
26133,1827
26134,1840
26135,1842
26136,1853
26137,1871
26138,1878
26139,1889
26140,1882
26141,1877
26142,1875
26143,1896
26144,1905
26145,1874
26146,1854
26147,1840
26148,1821
26149,1821
26150,1839
26151,1855
26152,1846
26153,1850
26154,1863
26155,1873
26156,1862
26157,1863
26158,1871
26159,1879
26160,1899
26161,1888
26162,1863
26163,1840
26164,1821
26165,1823
26166,1835
26167,1840
26168,1846
26169,1849
26170,1862
26171,1872
26172,1877
26173,1872
26174,1873
26175,1875
26176,1909
26177,1923
26178,1887
26179,1858
26180,1839
26181,1815
26182,1808
26183,1819
26184,1828
26185,1834
26186,1842
26187,1863
26188,1873
26189,1885
26190,1872
26191,1873
26192,1881
26193,1913
26194,1910
26195,1872
26196,1853
26197,1836
26198,1821
26199,1826
26200,1842
26201,1856
26202,1854
26203,1859
26204,1872
26205,1867
26206,1865
26207,1873
26208,1879
26209,1905
26210,1931
26211,1899
26212,1865
26213,1835
26214,1819
26215,1820
26216,1803
26217,1808
26218,1826
26219,1831
26220,1849
26221,1866
26222,1869
26223,1866
26224,1870
26225,1871
26226,1899
26227,1910
26228,1887
26229,1856
26230,1843
26231,1831
26232,1829
26233,1840
26234,1840
26235,1843
26236,1852
26237,1865
26238,1872
26239,1877
26240,1871
26241,1870
26242,1875
26243,1904
26244,1897
26245,1868
26246,1846
26247,1828
26248,1817
26249,1818
26250,1831
26251,1840
26252,1847
26253,1855
26254,1868
26255,1874
26256,1872
26257,1871
26258,1871
26259,1891
26260,1913
26261,1899
26262,1872
26263,1853
26264,1835
26265,1827
26266,1826
26267,1838
26268,1842
26269,1847
26270,1857
26271,1867
26272,1877
26273,1872
26274,1867
26275,1864
26276,1893
26277,1904
26278,1875
26279,1862
26280,1845
26281,1829
26282,1824
26283,1831
26284,1840
26285,1849
26286,1852
26287,1862
26288,1872
26289,1877
26290,1872
26291,1872
26292,1877
26293,1904
26294,1904
26295,1872
26296,1847
26297,1829
26298,1819
26299,1824
26300,1835
26301,1845
26302,1845
26303,1856
26304,1862
26305,1869
26306,1863
26307,1859
26308,1861
26309,1887
26310,1904
26311,1889
26312,1865
26313,1842
26314,1831
26315,1827
26316,1834
26317,1840
26318,1840
26319,1851
26320,1857
26321,1870
26322,1876
26323,1870
26324,1867
26325,1862
26326,1892
26327,1904
26328,1880
26329,1855
26330,1840
26331,1830
26332,1827
26333,1823
26334,1832
26335,1835
26336,1843
26337,1865
26338,1872
26339,1872
26340,1862
26341,1856
26342,1855
26343,1879
26344,1890
26345,1871
26346,1855
26347,1840
26348,1832
26349,1829
26350,1831
26351,1840
26352,1847
26353,1855
26354,1866
26355,1881
26356,1882
26357,1879
26358,1872
26359,1885
26360,1893
26361,1874
26362,1854
26363,1840
26364,1827
26365,1825
26366,1830
26367,1835
26368,1840
26369,1854
26370,1863
26371,1871
26372,1877
26373,1872
26374,1877
26375,1870
26376,1885
26377,1891
26378,1883
26379,1865
26380,1845
26381,1836
26382,1839
26383,1844
26384,1846
26385,1852
26386,1856
26387,1862
26388,1865
26389,1872
26390,1866
26391,1865
26392,1872
26393,1888
26394,1882
26395,1869
26396,1847
26397,1837
26398,1825
26399,1829
26400,1840
26401,1854
26402,1854
26403,1857
26404,1867
26405,1873
26406,1872
26407,1869
26408,1866
26409,1882
26410,1899
26411,1888
26412,1872
26413,1855
26414,1840
26415,1840
26416,1837
26417,1840
26418,1840
26419,1842
26420,1856
26421,1857
26422,1863
26423,1859
26424,1862
26425,1862
26426,1878
26427,1888
26428,1876
26429,1859
26430,1855
26431,1843
26432,1841
26433,1846
26434,1850
26435,1854
26436,1861
26437,1872
26438,1872
26439,1872
26440,1858
26441,1850
26442,1850
26443,1874
26444,1890
26445,1872
26446,1844
26447,1840
26448,1831
26449,1838
26450,1844
26451,1850
26452,1854
26453,1857
26454,1867
26455,1871
26456,1861
26457,1861
26458,1858
26459,1872
26460,1895
26461,1894
26462,1883
26463,1872
26464,1856
26465,1837
26466,1827
26467,1831
26468,1839
26469,1841
26470,1856
26471,1867
26472,1871
26473,1868
26474,1861
26475,1861
26476,1885
26477,1893
26478,1876
26479,1859
26480,1851
26481,1835
26482,1834
26483,1840
26484,1840
26485,1841
26486,1852
26487,1866
26488,1861
26489,1872
26490,1869
26491,1861
26492,1868
26493,1887
26494,1887
26495,1870
26496,1859
26497,1850
26498,1840
26499,1840
26500,1845
26501,1853
26502,1853
26503,1859
26504,1869
26505,1871
26506,1867
26507,1862
26508,1868
26509,1882
26510,1896
26511,1879
26512,1866
26513,1847
26514,1833
26515,1832
26516,1835
26517,1840
26518,1846
26519,1856
26520,1861
26521,1870
26522,1882
26523,1890
26524,1898
26525,1888
26526,1900
26527,1894
26528,1863
26529,1829
26530,1799
26531,1807
26532,1826
26533,1840
26534,1843
26535,1847
26536,1854
26537,1863
26538,1872
26539,1873
26540,1872
26541,1877
26542,1872
26543,1875
26544,1872
26545,1866
26546,1856
26547,1845
26548,1840
26549,1840
26550,1845
26551,1846
26552,1856
26553,1858
26554,1871
26555,1884
26556,1891
26557,1895
26558,1903
26559,1906
26560,1913
26561,1883
26562,1841
26563,1824
26564,1829
26565,1828
26566,1821
26567,1840
26568,1856
26569,1855
26570,1834
26571,1850
26572,1857
26573,1854
26574,1859
26575,1872
26576,1900
26577,1911
26578,1898
26579,1879
26580,1877
26581,1865
26582,1845
26583,1821
26584,1838
26585,1846
26586,1842
26587,1850
26588,1864
26589,1872
26590,1858
26591,1830
26592,1831
26593,1863
26594,1872
26595,1872
26596,1865
26597,1856
26598,1840
26599,1841
26600,1851
26601,1852
26602,1846
26603,1847
26604,1849
26605,1859
26606,1857
26607,1862
26608,1865
26609,1897
26610,1920
26611,1915
26612,1898
26613,1876
26614,1856
26615,1829
26616,1808
26617,1813
26618,1837
26619,1858
26620,1872
26621,1878
26622,1886
26623,1872
26624,1882
26625,1893
26626,1877
26627,1876
26628,1873
26629,1839
26630,1820
26631,1824
26632,1844
26633,1861
26634,1861
26635,1846
26636,1840
26637,1854
26638,1863
26639,1863
26640,1856
26641,1871
26642,1869
26643,1883
26644,1856
26645,1834
26646,1843
26647,1849
26648,1843
26649,1848
26650,1851
26651,1851
26652,1851
26653,1857
26654,1868
26655,1869
26656,1869
26657,1867
26658,1865
26659,1875
26660,1889
26661,1878
26662,1871
26663,1864
26664,1849
26665,1843
26666,1840
26667,1850
26668,1851
26669,1844
26670,1845
26671,1865
26672,1871
26673,1865
26674,1868
26675,1863
26676,1877
26677,1883
26678,1872
26679,1863
26680,1856
26681,1845
26682,1844
26683,1847
26684,1850
26685,1853
26686,1855
26687,1861
26688,1862
26689,1869
26690,1862
26691,1863
26692,1871
26693,1878
26694,1872
26695,1861
26696,1856
26697,1847
26698,1840
26699,1846
26700,1851
26701,1851
26702,1853
26703,1856
26704,1862
26705,1867
26706,1872
26707,1865
26708,1861
26709,1871
26710,1881
26711,1872
26712,1871
26713,1858
26714,1853
26715,1846
26716,1846
26717,1853
26718,1853
26719,1847
26720,1855
26721,1859
26722,1860
26723,1859
26724,1862
26725,1861
26726,1874
26727,1879
26728,1873
26729,1861
26730,1856
26731,1851
26732,1847
26733,1849
26734,1855
26735,1853
26736,1855
26737,1861
26738,1869
26739,1871
26740,1868
26741,1867
26742,1869
26743,1878
26744,1886
26745,1875
26746,1867
26747,1853
26748,1843
26749,1850
26750,1851
26751,1850
26752,1846
26753,1850
26754,1854
26755,1860
26756,1855
26757,1854
26758,1860
26759,1867
26760,1886
26761,1881
26762,1872
26763,1867
26764,1845
26765,1851
26766,1850
26767,1841
26768,1840
26769,1847
26770,1856
26771,1861
26772,1870
26773,1868
26774,1872
26775,1869
26776,1879
26777,1887
26778,1872
26779,1865
26780,1855
26781,1845
26782,1845
26783,1847
26784,1844
26785,1847
26786,1855
26787,1858
26788,1858
26789,1862
26790,1870
26791,1863
26792,1867
26793,1878
26794,1879
26795,1869
26796,1857
26797,1861
26798,1861
26799,1869
26800,1869
26801,1859
26802,1845
26803,1831
26804,1821
26805,1846
26806,1861
26807,1871
26808,1871
26809,1882
26810,1901
26811,1904
26812,1899
26813,1875
26814,1850
26815,1840
26816,1835
26817,1806
26818,1808
26819,1837
26820,1853
26821,1857
26822,1863
26823,1865
26824,1861
26825,1859
26826,1879
26827,1892
26828,1886
26829,1870
26830,1863
26831,1855
26832,1855
26833,1847
26834,1841
26835,1841
26836,1845
26837,1855
26838,1860
26839,1871
26840,1869
26841,1869
26842,1875
26843,1891
26844,1888
26845,1871
26846,1857
26847,1849
26848,1840
26849,1835
26850,1835
26851,1840
26852,1850
26853,1856
26854,1860
26855,1870
26856,1872
26857,1869
26858,1871
26859,1879
26860,1899
26861,1893
26862,1875
26863,1859
26864,1851
26865,1838
26866,1838
26867,1840
26868,1841
26869,1845
26870,1853
26871,1857
26872,1872
26873,1871
26874,1863
26875,1861
26876,1875
26877,1892
26878,1872
26879,1867
26880,1855
26881,1840
26882,1839
26883,1840
26884,1849
26885,1850
26886,1847
26887,1853
26888,1863
26889,1872
26890,1867
26891,1869
26892,1872
26893,1893
26894,1899
26895,1878
26896,1863
26897,1856
26898,1840
26899,1840
26900,1840
26901,1846
26902,1846
26903,1852
26904,1853
26905,1862
26906,1867
26907,1866
26908,1866
26909,1879
26910,1901
26911,1891
26912,1872
26913,1856
26914,1840
26915,1837
26916,1838
26917,1842
26918,1842
26919,1851
26920,1857
26921,1869
26922,1885
26923,1877
26924,1872
26925,1870
26926,1881
26927,1889
26928,1874
26929,1864
26930,1851
26931,1837
26932,1833
26933,1824
26934,1825
26935,1835
26936,1842
26937,1851
26938,1859
26939,1866
26940,1857
26941,1863
26942,1874
26943,1892
26944,1897
26945,1879
26946,1867
26947,1853
26948,1842
26949,1845
26950,1846
26951,1851
26952,1846
26953,1842
26954,1847
26955,1863
26956,1867
26957,1867
26958,1872
26959,1885
26960,1904
26961,1895
26962,1875
26963,1860
26964,1840
26965,1834
26966,1834
26967,1840
26968,1840
26969,1847
26970,1854
26971,1859
26972,1872
26973,1872
26974,1872
26975,1872
26976,1889
26977,1905
26978,1887
26979,1870
26980,1855
26981,1840
26982,1840
26983,1847
26984,1862
26985,1871
26986,1871
26987,1871
26988,1870
26989,1866
26990,1847
26991,1834
26992,1842
26993,1885
26994,1893
26995,1874
26996,1856
26997,1837
26998,1827
26999,1837
27000,1840
27001,1845
27002,1846
27003,1845
27004,1851
27005,1873
27006,1875
27007,1871
27008,1871
27009,1886
27010,1905
27011,1899
27012,1874
27013,1855
27014,1840
27015,1830
27016,1829
27017,1840
27018,1837
27019,1840
27020,1844
27021,1853
27022,1866
27023,1863
27024,1869
27025,1866
27026,1883
27027,1901
27028,1879
27029,1858
27030,1844
27031,1838
27032,1833
27033,1838
27034,1844
27035,1849
27036,1856
27037,1866
27038,1875
27039,1883
27040,1882
27041,1874
27042,1869
27043,1891
27044,1898
27045,1862
27046,1840
27047,1823
27048,1825
27049,1838
27050,1828
27051,1830
27052,1840
27053,1852
27054,1850
27055,1856
27056,1867
27057,1867
27058,1866
27059,1885
27060,1909
27061,1903
27062,1878
27063,1857
27064,1841
27065,1836
27066,1834
27067,1839
27068,1843
27069,1845
27070,1854
27071,1863
27072,1875
27073,1872
27074,1872
27075,1871
27076,1891
27077,1907
27078,1888
27079,1870
27080,1847
27081,1834
27082,1831
27083,1839
27084,1838
27085,1829
27086,1837
27087,1847
27088,1858
27089,1872
27090,1871
27091,1872
27092,1872
27093,1902
27094,1904
27095,1883
27096,1861
27097,1839
27098,1830
27099,1829
27100,1834
27101,1844
27102,1842
27103,1852
27104,1860
27105,1872
27106,1878
27107,2390
27108,1425
27109,1959
27110,2183
27111,2234
27112,2245
27113,2236
27114,2151
27115,2015
27116,1829
27117,1575
27118,1486
27119,1590
27120,1671
27121,1719
27122,1758
27123,1784
27124,1813
27125,1835
27126,1877
27127,1925
27128,1918
27129,1905
27130,1897
27131,1879
27132,1872
27133,1861
27134,1856
27135,1845
27136,1830
27137,1823
27138,2059
27139,1066
27140,1811
27141,2031
27142,2129
27143,2193
27144,2208
27145,2118
27146,1941
27147,1743
27148,1571
27149,1601
27150,1696
27151,1751
27152,1776
27153,1805
27154,1827
27155,1861
27156,1887
27157,1903
27158,1920
27159,1951
27160,1982
27161,1971
27162,1936
27163,1897
27164,1840
27165,1805
27166,1792
27167,1793
27168,1801
27169,1805
27170,705
27171,1662
27172,1987
27173,2130
27174,2175
27175,2181
27176,2127
27177,1970
27178,1805
27179,1681
27180,1693
27181,1745
27182,1754
27183,1762
27184,1789
27185,1811
27186,1832
27187,1858
27188,1891
27189,1931
27190,1949
27191,1967
27192,1973
27193,1984
27194,1952
27195,1877
27196,1810
27197,1776
27198,1763
27199,1774
27200,1790
27201,1461
27202,1425
27203,1904
27204,2101
27205,2185
27206,2213
27207,2153
27208,1996
27209,1865
27210,1767
27211,1757
27212,1792
27213,1759
27214,1746
27215,1755
27216,1778
27217,1811
27218,1840
27219,1877
27220,1923
27221,1966
27222,1991
27223,1975
27224,1946
27225,1891
27226,1863
27227,1846
27228,1806
27229,1777
27230,1775
27231,1776
27232,2849
27233,1123
27234,1827
27235,2058
27236,2141
27237,2183
27238,2156
27239,2006
27240,1825
27241,1664
27242,1796
27243,1874
27244,1837
27245,1807
27246,1808
27247,1808
27248,1820
27249,1851
27250,1895
27251,1939
27252,1970
27253,1987
27254,1968
27255,1921
27256,1853
27257,1805
27258,1779
27259,1803
27260,1845
27261,1855
27262,1840
27263,1834
27264,742
27265,1726
27266,1963
27267,2065
27268,2105
27269,2112
27270,1989
27271,1889
27272,1833
27273,1870
27274,1857
27275,1805
27276,1841
27277,1871
27278,1858
27279,1855
27280,1858
27281,1887
27282,1919
27283,1953
27284,1969
27285,1951
27286,1885
27287,1815
27288,1798
27289,1801
27290,1776
27291,1782
27292,1817
27293,1874
27294,1886
27295,686
27296,1535
27297,1885
27298,1971
27299,2021
27300,2061
27301,1967
27302,1968
27303,1922
27304,1902
27305,1877
27306,1808
27307,1814
27308,1834
27309,1875
27310,1922
27311,1932
27312,1936
27313,1939
27314,1957
27315,1949
27316,1921
27317,1863
27318,1808
27319,1773
27320,1770
27321,1768
27322,1791
27323,1805
27324,1819
27325,1829
27326,1933
27327,1360
27328,1913
27329,2010
27330,2047
27331,2063
27332,1968
27333,1929
27334,1898
27335,1873
27336,1853
27337,1812
27338,1837
27339,1867
27340,1867
27341,1882
27342,1907
27343,1984
27344,2023
27345,2013
27346,1983
27347,1927
27348,1849
27349,1787
27350,1767
27351,1759
27352,1746
27353,1759
27354,1787
27355,1817
27356,1839
27357,2132
27358,703
27359,1817
27360,2085
27361,2154
27362,2141
27363,2033
27364,1919
27365,1867
27366,1856
27367,1856
27368,1806
27369,1806
27370,1821
27371,1847
27372,1885
27373,1898
27374,1933
27375,1968
27376,2032
27377,2064
27378,1999
27379,1901
27380,1809
27381,1767
27382,1756
27383,1747
27384,1742
27385,1756
27386,1786
27387,1809
27388,1849
27389,336
27390,1680
27391,2015
27392,2127
27393,2202
27394,2141
27395,1982
27396,1959
27397,1902
27398,1835
27399,1751
27400,1774
27401,1808
27402,1825
27403,1849
27404,1878
27405,1931
27406,1969
27407,1995
27408,2000
27409,1994
27410,1961
27411,1877
27412,1808
27413,1773
27414,1747
27415,1741
27416,1759
27417,1791
27418,1806
27419,1825
27420,791
27421,1380
27422,1984
27423,2138
27424,2187
27425,2140
27426,2026
27427,2021
27428,1950
27429,1904
27430,1779
27431,1742
27432,1775
27433,1807
27434,1839
27435,1861
27436,1888
27437,1932
27438,1985
27439,2014
27440,1981
27441,1919
27442,1861
27443,1866
27444,1847
27445,1799
27446,1775
27447,1767
27448,1769
27449,1776
27450,1801
27451,2858
27452,816
27453,1857
27454,2105
27455,2195
27456,2185
27457,2022
27458,1968
27459,1971
27460,1997
27461,1882
27462,1808
27463,1799
27464,1805
27465,1809
27466,1829
27467,1862
27468,1898
27469,1930
27470,1954
27471,1955
27472,1936
27473,1881
27474,1847
27475,1826
27476,1850
27477,1858
27478,1824
27479,1807
27480,1794
27481,1793
27482,1810
27483,274
27484,1710
27485,2066
27486,2178
27487,2190
27488,2077
27489,1968
27490,1991
27491,1987
27492,1855
27493,1815
27494,1850
27495,1840
27496,1827
27497,1819
27498,1826
27499,1861
27500,1907
27501,1943
27502,1949
27503,1917
27504,1866
27505,1861
27506,1843
27507,1826
27508,1808
27509,1835
27510,1881
27511,1872
27512,1845
27513,1826
27514,357
27515,1446
27516,1984
27517,2162
27518,2223
27519,2144
27520,1931
27521,1947
27522,1970
27523,1873
27524,1791
27525,1808
27526,1871
27527,1892
27528,1865
27529,1844
27530,1840
27531,1859
27532,1889
27533,1905
27534,1901
27535,1861
27536,1845
27537,1840
27538,1841
27539,1835
27540,1811
27541,1812
27542,1834
27543,1890
27544,1907
27545,1386
27546,1179
27547,1925
27548,2112
27549,2189
27550,2160
27551,1895
27552,1885
27553,1904
27554,1934
27555,1869
27556,1850
27557,1856
27558,1851
27559,1876
27560,1920
27561,1921
27562,1912
27563,1904
27564,1897
27565,1879
27566,1856
27567,1840
27568,1837
27569,1830
27570,1813
27571,1814
27572,1827
27573,1839
27574,1847
27575,1853
27576,2730
27577,738
27578,1878
27579,2117
27580,2191
27581,2191
27582,1927
27583,1872
27584,1915
27585,1946
27586,1840
27587,1810
27588,1841
27589,1858
27590,1854
27591,1870
27592,1884
27593,1945
27594,1968
27595,1950
27596,1927
27597,1873
27598,1825
27599,1812
27600,1811
27601,1810
27602,1791
27603,1782
27604,1808
27605,1849
27606,1865
27607,1867
27608,185
27609,1679
27610,2145
27611,2288
27612,2304
27613,2065
27614,1839
27615,1801
27616,1901
27617,1840
27618,1785
27619,1797
27620,1808
27621,1834
27622,1871
27623,1873
27624,1901
27625,1920
27626,1977
27627,2000
27628,1941
27629,1869
27630,1837
27631,1802
27632,1791
27633,1779
27634,1778
27635,1789
27636,1808
27637,1837
27638,1872
27639,576
27640,1439
27641,2047
27642,2256
27643,2370
27644,2221
27645,1903
27646,1796
27647,1872
27648,1840
27649,1758
27650,1787
27651,1842
27652,1840
27653,1840
27654,1855
27655,1893
27656,1921
27657,1936
27658,1942
27659,1949
27660,1955
27661,1920
27662,1866
27663,1824
27664,1785
27665,1759
27666,1759
27667,1793
27668,1818
27669,1831
27670,2272
27671,971
27672,1954
27673,2202
27674,2309
27675,2256
27676,1971
27677,1931
27678,1943
27679,1935
27680,1799
27681,1756
27682,1771
27683,1790
27684,1808
27685,1833
27686,1852
27687,1881
27688,1933
27689,1975
27690,1950
27691,1915
27692,1887
27693,1913
27694,1904
27695,1844
27696,1791
27697,1762
27698,1767
27699,1791
27700,1813
27701,1988
27702,335
27703,1755
27704,2149
27705,2334
27706,2358
27707,2054
27708,1859
27709,1840
27710,1979
27711,1872
27712,1794
27713,1793
27714,1794
27715,1797
27716,1821
27717,1845
27718,1872
27719,1903
27720,1926
27721,1938
27722,1935
27723,1893
27724,1877
27725,1863
27726,1886
27727,1878
27728,1822
27729,1797
27730,1799
27731,1794
27732,1806
27733,1818
27734,1842
27735,1846
27736,1856
27737,1866
27738,1885
27739,1904
27740,1889
27741,1887
27742,1893
27743,1931
27744,1921
27745,1875
27746,1845
27747,1826
27748,1812
27749,1819
27750,1827
27751,1841
27752,1850
27753,1853
27754,1857
27755,1883
27756,1885
27757,1878
27758,1875
27759,1895
27760,1922
27761,1904
27762,1865
27763,1840
27764,1819
27765,1815
27766,1826
27767,1838
27768,1847
27769,1849
27770,1857
27771,1872
27772,1894
27773,1883
27774,1873
27775,1867
27776,1894
27777,1907
27778,1875
27779,1856
27780,1834
27781,1821
27782,1827
27783,1841
27784,1859
27785,1868
27786,1859
27787,1846
27788,1866
27789,1886
27790,1856
27791,1849
27792,1859
27793,1904
27794,1919
27795,1877
27796,1852
27797,1835
27798,1824
27799,1829
27800,1840
27801,1852
27802,1845
27803,1840
27804,1843
27805,1871
27806,1877
27807,1872
27808,1873
27809,1909
27810,1937
27811,1917
27812,1858
27813,1814
27814,1793
27815,1799
27816,1823
27817,1839
27818,1845
27819,1846
27820,1849
27821,1867
27822,1882
27823,1879
27824,1876
27825,1872
27826,1909
27827,1936
27828,1895
27829,1853
27830,1826
27831,1813
27832,1814
27833,1824
27834,1837
27835,1842
27836,1840
27837,1851
27838,1871
27839,1884
27840,1869
27841,1869
27842,1875
27843,1916
27844,1920
27845,1872
27846,1841
27847,1822
27848,1809
27849,1815
27850,1830
27851,1840
27852,1841
27853,1847
27854,1858
27855,1883
27856,1887
27857,1879
27858,1878
27859,1898
27860,1927
27861,1907
27862,1862
27863,1830
27864,1809
27865,1807
27866,1815
27867,1830
27868,1841
27869,1846
27870,1850
27871,1870
27872,1887
27873,1874
27874,1872
27875,1872
27876,1907
27877,1926
27878,1892
27879,1857
27880,1827
27881,1811
27882,1813
27883,1824
27884,1839
27885,1843
27886,1847
27887,1849
27888,1872
27889,1890
27890,1873
27891,1872
27892,1873
27893,1913
27894,1910
27895,1871
27896,1839
27897,1818
27898,1808
27899,1820
27900,1834
27901,1842
27902,1844
27903,1843
27904,1855
27905,1878
27906,1885
27907,1872
27908,1872
27909,1891
27910,1921
27911,1905
27912,1862
27913,1840
27914,1819
27915,1810
27916,1821
27917,1831
27918,1840
27919,1845
27920,1847
27921,1870
27922,1889
27923,1881
27924,1870
27925,1863
27926,1903
27927,1919
27928,1885
27929,1849
27930,1831
27931,1813
27932,1821
27933,1830
27934,1840
27935,1847
27936,1845
27937,1855
27938,1872
27939,1889
27940,1872
27941,1874
27942,1879
27943,1918
27944,1923
27945,1877
27946,1849
27947,1826
27948,1811
27949,1819
27950,1836
27951,1841
27952,1843
27953,1846
27954,1852
27955,1874
27956,1877
27957,1871
27958,1869
27959,1882
27960,1922
27961,1904
27962,1871
27963,1839
27964,1820
27965,1815
27966,1825
27967,1838
27968,1845
27969,1846
27970,1851
27971,1870
27972,1887
27973,1873
27974,1872
27975,1867
27976,1907
27977,1927
27978,1890
27979,1856
27980,1830
27981,1810
27982,1809
27983,1823
27984,1833
27985,1837
27986,1838
27987,1845
27988,1866
27989,1890
27990,1874
27991,1875
27992,1877
27993,1922
27994,1927
27995,1879
27996,1853
27997,1827
27998,1814
27999,1811
28000,1818
28001,1829
28002,1838
28003,1840
28004,1855
28005,1882
28006,1887
28007,1882
28008,1887
28009,1904
28010,1939
28011,1920
28012,1865
28013,1823
28014,1802
28015,1786
28016,1797
28017,1819
28018,1833
28019,1840
28020,1845
28021,1863
28022,1884
28023,1876
28024,1873
28025,1872
28026,1907
28027,1928
28028,1892
28029,1852
28030,1831
28031,1815
28032,1819
28033,1825
28034,1840
28035,1842
28036,1843
28037,1851
28038,1872
28039,1888
28040,1875
28041,1873
28042,1874
28043,1922
28044,1920
28045,1872
28046,1840
28047,1819
28048,1806
28049,1810
28050,1824
28051,1835
28052,1844
28053,1853
28054,1856
28055,1882
28056,1890
28057,1873
28058,1872
28059,1890
28060,1925
28061,1913
28062,1869
28063,1838
28064,1819
28065,1815
28066,1822
28067,1835
28068,1842
28069,1842
28070,1847
28071,1860
28072,1886
28073,1883
28074,1871
28075,1867
28076,1904
28077,1923
28078,1893
28079,1854
28080,1829
28081,1813
28082,1817
28083,1826
28084,1840
28085,1846
28086,1843
28087,1854
28088,1873
28089,1888
28090,1872
28091,1875
28092,1875
28093,1916
28094,1922
28095,1877
28096,1845
28097,1823
28098,1813
28099,1820
28100,1831
28101,1840
28102,1841
28103,1845
28104,1847
28105,1875
28106,1879
28107,1869
28108,1871
28109,1893
28110,1926
28111,1910
28112,1870
28113,1840
28114,1818
28115,1809
28116,1819
28117,1831
28118,1842
28119,1845
28120,1848
28121,1862
28122,1885
28123,1877
28124,1873
28125,1871
28126,1904
28127,1930
28128,1886
28129,1851
28130,1826
28131,1808
28132,1808
28133,1819
28134,1834
28135,1836
28136,1840
28137,1842
28138,1867
28139,1879
28140,1867
28141,1869
28142,1874
28143,1920
28144,1924
28145,1875
28146,1846
28147,1822
28148,1811
28149,1821
28150,1832
28151,1840
28152,1845
28153,1851
28154,1856
28155,1881
28156,1887
28157,1874
28158,1872
28159,1888
28160,1924
28161,1915
28162,1873
28163,1839
28164,1811
28165,1808
28166,1815
28167,1829
28168,1840
28169,1842
28170,1846
28171,1863
28172,1884
28173,1882
28174,1881
28175,1872
28176,1906
28177,1930
28178,1894
28179,1859
28180,1828
28181,1817
28182,1819
28183,1825
28184,1840
28185,1845
28186,1847
28187,1854
28188,1876
28189,1891
28190,1875
28191,1877
28192,1874
28193,1918
28194,1915
28195,1870
28196,1841
28197,1815
28198,1811
28199,1825
28200,1831
28201,1840
28202,1843
28203,1847
28204,1856
28205,1879
28206,1886
28207,1875
28208,1874
28209,1894
28210,1927
28211,1911
28212,1871
28213,1841
28214,1823
28215,1814
28216,1826
28217,1837
28218,1840
28219,1839
28220,1843
28221,1856
28222,1881
28223,1873
28224,1873
28225,1865
28226,1903
28227,1923
28228,1888
28229,1853
28230,1830
28231,1815
28232,1817
28233,1829
28234,1840
28235,1842
28236,1846
28237,1856
28238,1872
28239,1893
28240,1875
28241,1879
28242,1874
28243,1915
28244,1923
28245,1881
28246,1851
28247,1828
28248,1813
28249,1820
28250,1833
28251,1842
28252,1846
28253,1850
28254,1856
28255,1875
28256,1878
28257,1870
28258,1866
28259,1878
28260,1923
28261,1915
28262,1872
28263,1840
28264,1821
28265,1815
28266,1822
28267,1836
28268,1843
28269,1847
28270,1854
28271,1863
28272,1885
28273,1881
28274,1875
28275,1872
28276,1904
28277,1926
28278,1893
28279,1859
28280,1836
28281,1820
28282,1819
28283,1825
28284,1831
28285,1839
28286,1840
28287,1843
28288,1867
28289,1887
28290,1874
28291,1874
28292,1872
28293,1918
28294,1920
28295,1885
28296,1851
28297,1827
28298,1813
28299,1819
28300,1829
28301,1840
28302,1841
28303,1851
28304,1855
28305,1879
28306,1884
28307,1873
28308,1872
28309,1887
28310,1919
28311,1913
28312,1872
28313,1843
28314,1818
28315,1808
28316,1811
28317,1825
28318,1839
28319,1844
28320,1855
28321,1870
28322,1883
28323,1878
28324,1875
28325,1871
28326,1901
28327,1922
28328,1895
28329,1855
28330,1837
28331,1814
28332,1813
28333,1823
28334,1837
28335,1841
28336,1844
28337,1850
28338,1872
28339,1885
28340,1877
28341,1875
28342,1872
28343,1918
28344,1915
28345,1875
28346,1845
28347,1825
28348,1810
28349,1809
28350,1823
28351,1833
28352,1843
28353,1847
28354,1856
28355,1875
28356,1883
28357,1873
28358,1873
28359,1887
28360,1921
28361,1915
28362,1872
28363,1841
28364,1825
28365,1813
28366,1822
28367,1832
28368,1840
28369,1841
28370,1849
28371,1867
28372,1881
28373,1877
28374,1867
28375,1866
28376,1901
28377,1919
28378,1894
28379,1859
28380,1838
28381,1821
28382,1815
28383,1825
28384,1838
28385,1842
28386,1841
28387,1853
28388,1867
28389,1887
28390,1872
28391,1873
28392,1875
28393,1911
28394,1922
28395,1886
28396,1852
28397,1830
28398,1811
28399,1818
28400,1827
28401,1840
28402,1840
28403,1848
28404,1853
28405,1872
28406,1876
28407,1869
28408,1872
28409,1887
28410,1923
28411,1916
28412,1872
28413,1844
28414,1825
28415,1812
28416,1818
28417,1829
28418,1835
28419,1843
28420,1852
28421,1862
28422,1882
28423,1877
28424,1874
28425,1872
28426,1903
28427,1928
28428,1898
28429,1858
28430,1830
28431,1811
28432,1809
28433,1821
28434,1830
28435,1839
28436,1841
28437,1849
28438,1865
28439,1879
28440,1867
28441,1869
28442,1872
28443,1911
28444,1922
28445,1888
28446,1856
28447,1833
28448,1815
28449,1817
28450,1829
28451,1840
28452,1845
28453,1847
28454,1856
28455,1875
28456,1888
28457,1875
28458,1873
28459,1889
28460,1924
28461,1918
28462,1873
28463,1847
28464,1821
28465,1810
28466,1815
28467,1827
28468,1840
28469,1844
28470,1853
28471,1865
28472,1885
28473,1879
28474,1880
28475,1874
28476,1904
28477,1931
28478,1902
28479,1867
28480,1837
28481,1817
28482,1814
28483,1824
28484,1839
28485,1840
28486,1843
28487,1853
28488,1872
28489,1887
28490,1877
28491,1877
28492,1874
28493,1916
28494,1915
28495,1882
28496,1851
28497,1828
28498,1815
28499,1819
28500,1828
28501,1840
28502,1843
28503,1850
28504,1856
28505,1879
28506,1889
28507,1875
28508,1872
28509,1887
28510,1920
28511,1920
28512,1876
28513,1843
28514,1826
28515,1815
28516,1818
28517,1835
28518,1839
28519,1839
28520,1846
28521,1858
28522,1876
28523,1872
28524,1871
28525,1867
28526,1895
28527,1921
28528,1895
28529,1857
28530,1837
28531,1817
28532,1814
28533,1823
28534,1838
28535,1842
28536,1847
28537,1849
28538,1872
28539,1887
28540,1877
28541,1878
28542,1877
28543,1915
28544,1926
28545,1889
28546,1856
28547,1835
28548,1815
28549,1817
28550,1827
28551,1840
28552,1841
28553,1849
28554,1850
28555,1872
28556,1880
28557,1872
28558,1872
28559,1879
28560,1924
28561,1919
28562,1875
28563,1847
28564,1827
28565,1815
28566,1822
28567,1835
28568,1843
28569,1843
28570,1855
28571,1859
28572,1883
28573,1882
28574,1878
28575,1874
28576,1904
28577,1932
28578,1904
28579,1868
28580,1840
28581,1818
28582,1817
28583,1825
28584,1831
28585,1837
28586,1840
28587,1845
28588,1872
28589,1889
28590,1879
28591,1878
28592,1876
28593,1915
28594,1925
28595,1889
28596,1855
28597,1833
28598,1814
28599,1818
28600,1829
28601,1840
28602,1843
28603,1849
28604,1855
28605,1875
28606,1885
28607,1873
28608,1873
28609,1888
28610,1920
28611,1918
28612,1875
28613,1841
28614,1818
28615,1808
28616,1811
28617,1825
28618,1841
28619,1845
28620,1855
28621,1863
28622,1886
28623,1873
28624,1872
28625,1872
28626,1904
28627,1932
28628,1898
28629,1868
28630,1840
28631,1823
28632,1815
28633,1823
28634,1836
28635,1840
28636,1846
28637,1851
28638,1871
28639,1890
28640,1874
28641,1875
28642,1877
28643,1916
28644,1921
28645,1877
28646,1846
28647,1823
28648,1808
28649,1808
28650,1821
28651,1835
28652,1836
28653,1845
28654,1857
28655,1879
28656,1888
28657,1876
28658,1874
28659,1889
28660,1923
28661,1918
28662,1874
28663,1845
28664,1827
28665,1819
28666,1825
28667,1838
28668,1844
28669,1847
28670,1857
28671,1866
28672,1891
28673,1891
28674,1878
28675,1871
28676,1899
28677,1911
28678,1874
28679,1846
28680,1822
28681,1808
28682,1810
28683,1821
28684,1842
28685,1853
28686,1853
28687,1858
28688,1872
28689,1881
28690,1863
28691,1863
28692,1868
28693,1915
28694,1925
28695,1891
28696,1858
28697,1827
28698,1810
28699,1818
28700,1829
28701,1840
28702,1847
28703,1851
28704,1845
28705,1870
28706,1874
28707,1863
28708,1871
28709,1884
28710,1923
28711,1920
28712,1877
28713,1850
28714,1824
28715,1812
28716,1823
28717,1834
28718,1841
28719,1843
28720,1843
28721,1859
28722,1883
28723,1880
28724,1877
28725,1871
28726,1904
28727,1927
28728,1898
28729,1856
28730,1835
28731,1811
28732,1807
28733,1954
28734,883
28735,1806
28736,2028
28737,2115
28738,2148
28739,2163
28740,2138
28741,2070
28742,1963
28743,1873
28744,1751
28745,1671
28746,1679
28747,1723
28748,1728
28749,1739
28750,1773
28751,1809
28752,1843
28753,1892
28754,1938
28755,1988
28756,2013
28757,1994
28758,1961
28759,1919
28760,1903
28761,1856
28762,1791
28763,1747
28764,1733
28765,511
28766,1584
28767,1941
28768,2099
28769,2130
28770,2145
28771,2144
28772,2095
28773,1968
28774,1825
28775,1697
28776,1685
28777,1734
28778,1749
28779,1746
28780,1764
28781,1770
28782,1807
28783,1855
28784,1906
28785,1955
28786,1981
28787,1984
28788,1968
28789,1920
28790,1849
28791,1808
28792,1778
28793,1829
28794,1845
28795,1825
28796,1375
28797,1399
28798,1890
28799,2092
28800,2149
28801,2169
28802,2176
28803,2118
28804,1978
28805,1855
28806,1728
28807,1611
28808,1667
28809,1725
28810,1797
28811,1836
28812,1836
28813,1857
28814,1887
28815,1922
28816,1968
28817,1986
28818,1959
28819,1898
28820,1817
28821,1781
28822,1779
28823,1782
28824,1801
28825,1809
28826,1856
28827,2911
28828,1232
28829,1872
28830,2066
28831,2133
28832,2155
28833,2175
28834,2122
28835,2002
28836,1892
28837,1707
28838,1614
28839,1665
28840,1701
28841,1747
28842,1800
28843,1891
28844,1950
28845,1962
28846,1975
28847,1984
28848,1967
28849,1920
28850,1851
28851,1792
28852,1759
28853,1740
28854,1757
28855,1805
28856,1838
28857,1840
28858,1846
28859,730
28860,1818
28861,2075
28862,2135
28863,2128
28864,2144
28865,2112
28866,2018
28867,1975
28868,1735
28869,1589
28870,1647
28871,1714
28872,1782
28873,1827
28874,1870
28875,1907
28876,1984
28877,2057
28878,2058
28879,2011
28880,1931
28881,1831
28882,1765
28883,1735
28884,1723
28885,1738
28886,1762
28887,1792
28888,1829
28889,1865
28890,717
28891,1594
28892,1977
28893,2155
28894,2203
28895,2193
28896,2166
28897,2057
28898,1971
28899,1737
28900,1570
28901,1627
28902,1693
28903,1746
28904,1807
28905,1876
28906,1925
28907,1955
28908,1999
28909,2031
28910,2060
28911,1997
28912,1870
28913,1787
28914,1735
28915,1712
28916,1727
28917,1756
28918,1791
28919,1808
28920,1827
28921,1872
28922,1349
28923,1942
28924,2109
28925,2158
28926,2205
28927,2224
28928,2123
28929,2015
28930,1739
28931,1569
28932,1621
28933,1695
28934,1762
28935,1814
28936,1846
28937,1887
28938,1951
28939,2013
28940,2026
28941,2019
28942,1969
28943,1920
28944,1872
28945,1795
28946,1743
28947,1719
28948,1728
28949,1756
28950,1775
28951,1808
28952,2115
28953,758
28954,1805
28955,2052
28956,2139
28957,2137
28958,2133
28959,2095
28960,2057
28961,1894
28962,1721
28963,1728
28964,1758
28965,1766
28966,1798
28967,1840
28968,1883
28969,1924
28970,1971
28971,2011
28972,2030
28973,1963
28974,1866
28975,1810
28976,1810
28977,1837
28978,1806
28979,1785
28980,1776
28981,1779
28982,1791
28983,1807
28984,393
28985,1670
28986,1984
28987,2096
28988,2131
28989,2144
28990,2082
28991,2010
28992,1886
28993,1776
28994,1825
28995,1832
28996,1813
28997,1805
28998,1817
28999,1852
29000,1898
29001,1951
29002,1984
29003,1986
29004,1939
29005,1890
29006,1844
29007,1797
29008,1782
29009,1794
29010,1833
29011,1850
29012,1834
29013,1818
29014,1806
29015,1072
29016,1321
29017,1920
29018,2075
29019,2113
29020,2106
29021,2064
29022,2007
29023,1911
29024,1773
29025,1782
29026,1884
29027,1921
29028,1890
29029,1866
29030,1859
29031,1872
29032,1906
29033,1942
29034,1968
29035,1939
29036,1873
29037,1814
29038,1800
29039,1801
29040,1783
29041,1787
29042,1807
29043,1872
29044,1894
29045,1861
29046,2882
29047,879
29048,1831
29049,2063
29050,2142
29051,2153
29052,2110
29053,2019
29054,1962
29055,1791
29056,1715
29057,1786
29058,1823
29059,1856
29060,1918
29061,1935
29062,1919
29063,1931
29064,1936
29065,1941
29066,1926
29067,1871
29068,1813
29069,1791
29070,1773
29071,1791
29072,1821
29073,1828
29074,1838
29075,1841
29076,1884
29077,1928
29078,454
29079,1762
29080,2077
29081,2170
29082,2161
29083,2128
29084,2027
29085,1968
29086,1798
29087,1675
29088,1744
29089,1806
29090,1823
29091,1858
29092,1874
29093,1943
29094,1974
29095,1971
29096,1961
29097,1927
29098,1869
29099,1808
29100,1791
29101,1790
29102,1786
29103,1788
29104,1803
29105,1839
29106,1857
29107,1856
29108,1862
29109,395
29110,1585
29111,2086
29112,2199
29113,2210
29114,2185
29115,2055
29116,1996
29117,1854
29118,1655
29119,1665
29120,1738
29121,1791
29122,1851
29123,1874
29124,1888
29125,1914
29126,1979
29127,2032
29128,2002
29129,1930
29130,1839
29131,1785
29132,1771
29133,1769
29134,1777
29135,1783
29136,1797
29137,1813
29138,1855
29139,1879
29140,1729
29141,1175
29142,1968
29143,2220
29144,2310
29145,2283
29146,2155
29147,2032
29148,1891
29149,1610
29150,1597
29151,1700
29152,1758
29153,1806
29154,1841
29155,1882
29156,1922
29157,1947
29158,1981
29159,1999
29160,2014
29161,1939
29162,1846
29163,1798
29164,1766
29165,1756
29166,1762
29167,1783
29168,1810
29169,1823
29170,1839
29171,2433
29172,661
29173,1867
29174,2141
29175,2224
29176,2287
29177,2250
29178,2112
29179,2003
29180,1670
29181,1585
29182,1683
29183,1747
29184,1798
29185,1830
29186,1854
29187,1887
29188,1939
29189,2000
29190,2005
29191,1984
29192,1917
29193,1890
29194,1882
29195,1829
29196,1793
29197,1766
29198,1759
29199,1782
29200,1808
29201,1831
29202,1840
29203,224
29204,1655
29205,2080
29206,2227
29207,2256
29208,2224
29209,2106
29210,2099
29211,1818
29212,1623
29213,1691
29214,1738
29215,1764
29216,1796
29217,1829
29218,1866
29219,1904
29220,1951
29221,1982
29222,2000
29223,1943
29224,1872
29225,1840
29226,1855
29227,1872
29228,1826
29229,1789
29230,1786
29231,1778
29232,1791
29233,1808
29234,751
29235,1357
29236,1985
29237,2175
29238,2258
29239,2275
29240,2128
29241,2066
29242,1853
29243,1655
29244,1734
29245,1785
29246,1791
29247,1791
29248,1798
29249,1827
29250,1866
29251,1910
29252,1949
29253,1957
29254,1920
29255,1875
29256,1858
29257,1836
29258,1827
29259,1833
29260,1865
29261,1873
29262,1850
29263,1829
29264,1815
29265,2559
29266,884
29267,1881
29268,2122
29269,2206
29270,2240
29271,2143
29272,2083
29273,1955
29274,1675
29275,1705
29276,1808
29277,1855
29278,1866
29279,1845
29280,1843
29281,1856
29282,1894
29283,1931
29284,1952
29285,1931
29286,1863
29287,1820
29288,1818
29289,1835
29290,1822
29291,1827
29292,1829
29293,1877
29294,1903
29295,1865
29296,1959
29297,368
29298,1733
29299,2064
29300,2192
29301,2247
29302,2178
29303,2053
29304,1978
29305,1712
29306,1664
29307,1746
29308,1804
29309,1847
29310,1903
29311,1913
29312,1898
29313,1904
29314,1921
29315,1933
29316,1920
29317,1877
29318,1829
29319,1808
29320,1806
29321,1809
29322,1831
29323,1823
29324,1839
29325,1845
29326,1879
29327,1919
29328,259
29329,1574
29330,2021
29331,2163
29332,2223
29333,2189
29334,2053
29335,1993
29336,1731
29337,1597
29338,1727
29339,1813
29340,1829
29341,1851
29342,1870
29343,1934
29344,1979
29345,1980
29346,1968
29347,1939
29348,1879
29349,1823
29350,1807
29351,1803
29352,1801
29353,1790
29354,1793
29355,1833
29356,1861
29357,1859
29358,1863
29359,1883
29360,1927
29361,1923
29362,1879
29363,1853
29364,1830
29365,1821
29366,1825
29367,1838
29368,1847
29369,1856
29370,1858
29371,1872
29372,1897
29373,1888
29374,1885
29375,1876
29376,1904
29377,1936
29378,1904
29379,1867
29380,1838
29381,1818
29382,1817
29383,1829
29384,1839
29385,1841
29386,1846
29387,1851
29388,1866
29389,1890
29390,1875
29391,1876
29392,1872
29393,1911
29394,1917
29395,1878
29396,1849
29397,1824
29398,1811
29399,1821
29400,1827
29401,1838
29402,1842
29403,1842
29404,1855
29405,1874
29406,1892
29407,1878
29408,1875
29409,1889
29410,1926
29411,1919
29412,1873
29413,1847
29414,1826
29415,1808
29416,1815
29417,1829
29418,1839
29419,1851
29420,1856
29421,1870
29422,1889
29423,1884
29424,1872
29425,1870
29426,1895
29427,1925
29428,1905
29429,1871
29430,1836
29431,1808
29432,1816
29433,1822
29434,1815
29435,1829
29436,1840
29437,1856
29438,1877
29439,1892
29440,1875
29441,1875
29442,1875
29443,1915
29444,1917
29445,1885
29446,1861
29447,1839
29448,1813
29449,1803
29450,1815
29451,1840
29452,1847
29453,1851
29454,1847
29455,1876
29456,1883
29457,1867
29458,1867
29459,1876
29460,1927
29461,1921
29462,1884
29463,1850
29464,1830
29465,1815
29466,1819
29467,1835
29468,1838
29469,1840
29470,1845
29471,1861
29472,1889
29473,1892
29474,1889
29475,1884
29476,1914
29477,1938
29478,1909
29479,1872
29480,1847
29481,1827
29482,1799
29483,1799
29484,1808
29485,1812
29486,1819
29487,1831
29488,1854
29489,1883
29490,1875
29491,1878
29492,1872
29493,1911
29494,1927
29495,1887
29496,1857
29497,1834
29498,1817
29499,1819
29500,1832
29501,1840
29502,1845
29503,1853
29504,1859
29505,1882
29506,1917
29507,1866
29508,1865
29509,1883
29510,1925
29511,1919
29512,1873
29513,1844
29514,1820
29515,1808
29516,1811
29517,1827
29518,1838
29519,1844
29520,1851
29521,1859
29522,1885
29523,1880
29524,1881
29525,1873
29526,1903
29527,1927
29528,1901
29529,1857
29530,1838
29531,1818
29532,1813
29533,1822
29534,1838
29535,1841
29536,1845
29537,1850
29538,1871
29539,1892
29540,1879
29541,1876
29542,1873
29543,1905
29544,1921
29545,1878
29546,1844
29547,1817
29548,1808
29549,1808
29550,1824
29551,1835
29552,1845
29553,1845
29554,1854
29555,1872
29556,1886
29557,1874
29558,1874
29559,1883
29560,1921
29561,1919
29562,1872
29563,1842
29564,1823
29565,1810
29566,1823
29567,1834
29568,1841
29569,1840
29570,1847
29571,1858
29572,1881
29573,1879
29574,1872
29575,1869
29576,1895
29577,1923
29578,1895
29579,1863
29580,1836
29581,1818
29582,1818
29583,1829
29584,1840
29585,1850
29586,1844
29587,1847
29588,1869
29589,1881
29590,1871
29591,1871
29592,1872
29593,1911
29594,1927
29595,1894
29596,1853
29597,1823
29598,1808
29599,1815
29600,1826
29601,1840
29602,1845
29603,1850
29604,1851
29605,1875
29606,1890
29607,1873
29608,1857
29609,1874
29610,1915
29611,1915
29612,1872
29613,1840
29614,1822
29615,1811
29616,1818
29617,1835
29618,1846
29619,1849
29620,1851
29621,1861
29622,1879
29623,1877
29624,1877
29625,1875
29626,1907
29627,1938
29628,1918
29629,1877
29630,1842
29631,1813
29632,1797
29633,1793
29634,1811
29635,1826
29636,1839
29637,1845
29638,1863
29639,1875
29640,1859
29641,1867
29642,1857
29643,1906
29644,1923
29645,1885
29646,1855
29647,1829
29648,1814
29649,1822
29650,1835
29651,1850
29652,1851
29653,1847
29654,1855
29655,1882
29656,1891
29657,1872
29658,1869
29659,1877
29660,1918
29661,1918
29662,1872
29663,1842
29664,1825
29665,1813
29666,1815
29667,1830
29668,1842
29669,1852
29670,1855
29671,1866
29672,1886
29673,1882
29674,1873
29675,1871
29676,1899
29677,1926
29678,1905
29679,1871
29680,1845
29681,1833
29682,1829
29683,1839
29684,1845
29685,1849
29686,1840
29687,1841
29688,1857
29689,1879
29690,1872
29691,1874
29692,1872
29693,1913
29694,1915
29695,1872
29696,1840
29697,1819
29698,1808
29699,1813
29700,1829
29701,1841
29702,1845
29703,1846
29704,1855
29705,1876
29706,1894
29707,1875
29708,1877
29709,1885
29710,1922
29711,1923
29712,1879
29713,1846
29714,1830
29715,1812
29716,1824
29717,1838
29718,1844
29719,1840
29720,1842
29721,1855
29722,1879
29723,1879
29724,1879
29725,1875
29726,1903
29727,1929
29728,1901
29729,1856
29730,1827
29731,1812
29732,1808
29733,1820
29734,1837
29735,1838
29736,1837
29737,1846
29738,1866
29739,1888
29740,1877
29741,1879
29742,1877
29743,1917
29744,1931
29745,1888
29746,1860
29747,1831
29748,1813
29749,1817
29750,1828
29751,1840
29752,1845
29753,1846
29754,1840
29755,1867
29756,1885
29757,1872
29758,1872
29759,1872
29760,1920
29761,1920
29762,1872
29763,1846
29764,1826
29765,1813
29766,1823
29767,1834
29768,1840
29769,1840
29770,1841
29771,1858
29772,1881
29773,1883
29774,1875
29775,1872
29776,1903
29777,1925
29778,1906
29779,1869
29780,1842
29781,1822
29782,1819
29783,1826
29784,1831
29785,1840
29786,1838
29787,1839
29788,1856
29789,1883
29790,1878
29791,1877
29792,1872
29793,1908
29794,1929
29795,1888
29796,1855
29797,1827
29798,1813
29799,1815
29800,1826
29801,1840
29802,1843
29803,1847
29804,1858
29805,1873
29806,1889
29807,1875
29808,1872
29809,1883
29810,1925
29811,1923
29812,1882
29813,1847
29814,1819
29815,1805
29816,1808
29817,1822
29818,1837
29819,1841
29820,1846
29821,1857
29822,1881
29823,1882
29824,1875
29825,1875
29826,1902
29827,1932
29828,1905
29829,1866
29830,1838
29831,1819
29832,1811
29833,1819
29834,1838
29835,1843
29836,1845
29837,1851
29838,1872
29839,1890
29840,1883
29841,1881
29842,1873
29843,1914
29844,1923
29845,1882
29846,1847
29847,1818
29848,1808
29849,1808
29850,1821
29851,1831
29852,1846
29853,1847
29854,1856
29855,1874
29856,1890
29857,1873
29858,1872
29859,1882
29860,1921
29861,1920
29862,1879
29863,1845
29864,1824
29865,1813
29866,1818
29867,1830
29868,1840
29869,1841
29870,1849
29871,1862
29872,1887
29873,1883
29874,1873
29875,1871
29876,1895
29877,1929
29878,1904
29879,1871
29880,1839
29881,1819
29882,1810
29883,1821
29884,1835
29885,1840
29886,1846
29887,1849
29888,1866
29889,1887
29890,1877
29891,1877
29892,1875
29893,1915
29894,1934
29895,1887
29896,1859
29897,1825
29898,1808
29899,1809
29900,1823
29901,1838
29902,1842
29903,1843
29904,1845
29905,1871
29906,1887
29907,1872
29908,1872
29909,1889
29910,1927
29911,1925
29912,1873
29913,1837
29914,1817
29915,1808
29916,1814
29917,1830
29918,1839
29919,1844
29920,1847
29921,1860
29922,1883
29923,1884
29924,1874
29925,1873
29926,1904
29927,1932
29928,1906
29929,1863
29930,1836
29931,1813
29932,1808
29933,1814
29934,1831
29935,1839
29936,1840
29937,1842
29938,1863
29939,1887
29940,1872
29941,1872
29942,1872
29943,1914
29944,1929
29945,1890
29946,1856
29947,1831
29948,1811
29949,1815
29950,1827
29951,1839
29952,1840
29953,1845
29954,1855
29955,1877
29956,1890
29957,1876
29958,1874
29959,1888
29960,1922
29961,1921
29962,1878
29963,1842
29964,1818
29965,1808
29966,1812
29967,1826
29968,1839
29969,1845
29970,1849
29971,1857
29972,1877
29973,1883
29974,1875
29975,1872
29976,1902
29977,1940
29978,1916
29979,1872
29980,1843
29981,1823
29982,1815
29983,1819
29984,1838
29985,1843
29986,1839
29987,1840
29988,1862
29989,1885
29990,1877
29991,1875
29992,1872
29993,1909
29994,1919
29995,1883
29996,1853
29997,1825
29998,1809
29999,1822
30000,1831
30001,1842
30002,1845
30003,1842
30004,1847
30005,1873
30006,1888
30007,1872
30008,1870
30009,1873
30010,1917
30011,1920
30012,1877
30013,1846
30014,1824
30015,1811
30016,1822
30017,1835
30018,1846
30019,1842
30020,1843
30021,1852
30022,1878
30023,1879
30024,1872
30025,1862
30026,1891
30027,1927
30028,1903
30029,1867
30030,1841
30031,1818
30032,1808
30033,1821
30034,1829
30035,1838
30036,1840
30037,1846
30038,1869
30039,1890
30040,1875
30041,1879
30042,1875
30043,1913
30044,1931
30045,1892
30046,1856
30047,1834
30048,1813
30049,1817
30050,1829
30051,1840
30052,1842
30053,1842
30054,1847
30055,1870
30056,1887
30057,1871
30058,1869
30059,1872
30060,1925
30061,1921
30062,1873
30063,1855
30064,1825
30065,1811
30066,1819
30067,1834
30068,1841
30069,1842
30070,1847
30071,1856
30072,1886
30073,1885
30074,1878
30075,1873
30076,1901
30077,1931
30078,1904
30079,1869
30080,1840
30081,1818
30082,1811
30083,1824
30084,1829
30085,1840
30086,1840
30087,1843
30088,1866
30089,1892
30090,1877
30091,1877
30092,1872
30093,1913
30094,1931
30095,1891
30096,1858
30097,1825
30098,1811
30099,1814
30100,1825
30101,1839
30102,1845
30103,1844
30104,1853
30105,1878
30106,1894
30107,1885
30108,1882
30109,1889
30110,1926
30111,1927
30112,1872
30113,1848
30114,1822
30115,1808
30116,1819
30117,1824
30118,1816
30119,1841
30120,1846
30121,1855
30122,1884
30123,1890
30124,1878
30125,1874
30126,1899
30127,1929
30128,1902
30129,1850
30130,1816
30131,1803
30132,1805
30133,1818
30134,1834
30135,1841
30136,1843
30137,1854
30138,1872
30139,1895
30140,1878
30141,1878
30142,1874
30143,1915
30144,1922
30145,1886
30146,1851
30147,1820
30148,1808
30149,1808
30150,1823
30151,1832
30152,1843
30153,1845
30154,1854
30155,1875
30156,1894
30157,1879
30158,1875
30159,1883
30160,1924
30161,1923
30162,1879
30163,1847
30164,1829
30165,1811
30166,1821
30167,1831
30168,1842
30169,1842
30170,1843
30171,1861
30172,1885
30173,1887
30174,1872
30175,1871
30176,1898
30177,1929
30178,1905
30179,1870
30180,1840
30181,1823
30182,1818
30183,1824
30184,1839
30185,1843
30186,1843
30187,1850
30188,1866
30189,1887
30190,1879
30191,1878
30192,1872
30193,1914
30194,1933
30195,1890
30196,1863
30197,1831
30198,1812
30199,1817
30200,1823
30201,1840
30202,1843
30203,1847
30204,1845
30205,1871
30206,1888
30207,1872
30208,1874
30209,1879
30210,1919
30211,1919
30212,1873
30213,1845
30214,1823
30215,1813
30216,1819
30217,1830
30218,1841
30219,1845
30220,1850
30221,1863
30222,1889
30223,1886
30224,1875
30225,1863
30226,1889
30227,1923
30228,1907
30229,1865
30230,1840
30231,1815
30232,1807
30233,1810
30234,1822
30235,1835
30236,1842
30237,1847
30238,1869
30239,1887
30240,1872
30241,1871
30242,1867
30243,1909
30244,1929
30245,1890
30246,1856
30247,1831
30248,1813
30249,1819
30250,1828
30251,1840
30252,1841
30253,1845
30254,1847
30255,1871
30256,1889
30257,1879
30258,1878
30259,1882
30260,1922
30261,1925
30262,1874
30263,1846
30264,1819
30265,1803
30266,1808
30267,1820
30268,1837
30269,1842
30270,1842
30271,1856
30272,1883
30273,1887
30274,1875
30275,1874
30276,1902
30277,1934
30278,1911
30279,1871
30280,1840
30281,1821
30282,1813
30283,1821
30284,1838
30285,1843
30286,1842
30287,1851
30288,1865
30289,1885
30290,1875
30291,1877
30292,1872
30293,1910
30294,1921
30295,1888
30296,1855
30297,1822
30298,1810
30299,1817
30300,1827
30301,1840
30302,1846
30303,1847
30304,1851
30305,1874
30306,1893
30307,1878
30308,1876
30309,1876
30310,1918
30311,1923
30312,1878
30313,1847
30314,1825
30315,1813
30316,1818
30317,1828
30318,1840
30319,1839
30320,1841
30321,1857
30322,1878
30323,1882
30324,1872
30325,1871
30326,1894
30327,1927
30328,1904
30329,1857
30330,1834
30331,1819
30332,1821
30333,1826
30334,1838
30335,1846
30336,1853
30337,1858
30338,1887
30339,1904
30340,1894
30341,1882
30342,1872
30343,1898
30344,1910
30345,1872
30346,1854
30347,1826
30348,1811
30349,1817
30350,1822
30351,1837
30352,1840
30353,1842
30354,1846
30355,1872
30356,1889
30357,1872
30358,1875
30359,1879
30360,701
30361,1802
30362,2062
30363,2127
30364,2105
30365,2091
30366,2090
30367,2039
30368,1940
30369,1833
30370,1713
30371,1667
30372,1700
30373,1762
30374,1792
30375,1799
30376,1847
30377,1907
30378,1918
30379,1910
30380,1916
30381,1919
30382,1921
30383,1920
30384,1890
30385,1859
30386,1808
30387,1778
30388,1783
30389,1813
30390,1812
30391,1133
30392,1456
30393,1980
30394,2159
30395,2157
30396,2129
30397,2113
30398,2032
30399,1920
30400,1809
30401,1700
30402,1655
30403,1661
30404,1724
30405,1776
30406,1819
30407,1839
30408,1869
30409,1908
30410,1995
30411,2032
30412,2008
30413,1975
30414,1911
30415,1840
30416,1790
30417,1761
30418,1758
30419,1763
30420,1778
30421,1805
30422,2917
30423,1153
30424,1878
30425,2069
30426,2146
30427,2179
30428,2165
30429,2087
30430,1952
30431,1823
30432,1741
30433,1691
30434,1683
30435,1742
30436,1765
30437,1805
30438,1850
30439,1909
30440,1945
30441,1994
30442,2028
30443,2081
30444,2066
30445,1959
30446,1840
30447,1757
30448,1696
30449,1710
30450,1738
30451,1766
30452,1789
30453,1807
30454,670
30455,1772
30456,2064
30457,2149
30458,2170
30459,2192
30460,2218
30461,2128
30462,1999
30463,1872
30464,1659
30465,1595
30466,1639
30467,1694
30468,1745
30469,1798
30470,1854
30471,1909
30472,1982
30473,2021
30474,2009
30475,1979
30476,1930
30477,1893
30478,1836
30479,1758
30480,1734
30481,1738
30482,1754
30483,1783
30484,1809
30485,509
30486,1621
30487,1986
30488,2136
30489,2189
30490,2209
30491,2214
30492,2137
30493,2112
30494,1920
30495,1625
30496,1591
30497,1641
30498,1679
30499,1744
30500,1803
30501,1861
30502,1911
30503,1963
30504,1991
30505,2014
30506,1979
30507,1878
30508,1817
30509,1792
30510,1824
30511,1840
30512,1805
30513,1791
30514,1789
30515,1790
30516,1870
30517,1261
30518,1894
30519,2073
30520,2132
30521,2158
30522,2195
30523,2146
30524,2061
30525,1872
30526,1664
30527,1711
30528,1756
30529,1763
30530,1781
30531,1807
30532,1837
30533,1888
30534,1939
30535,1979
30536,1977
30537,1938
30538,1871
30539,1837
30540,1791
30541,1776
30542,1775
30543,1826
30544,1872
30545,1853
30546,1834
30547,2682
30548,801
30549,1808
30550,2042
30551,2131
30552,2151
30553,2143
30554,2098
30555,2021
30556,1860
30557,1680
30558,1709
30559,1781
30560,1855
30561,1890
30562,1882
30563,1885
30564,1893
30565,1922
30566,1963
30567,1967
30568,1929
30569,1855
30570,1793
30571,1776
30572,1793
30573,1807
30574,1807
30575,1823
30576,1856
30577,1903
30578,1890
30579,402
30580,1695
30581,1989
30582,2094
30583,2111
30584,2103
30585,2066
30586,1987
30587,1850
30588,1722
30589,1761
30590,1812
30591,1835
30592,1850
30593,1909
30594,1952
30595,1946
30596,1947
30597,1951
30598,1947
30599,1920
30600,1847
30601,1801
30602,1776
30603,1759
30604,1776
30605,1802
30606,1837
30607,1838
30608,1843
30609,1861
30610,846
30611,1464
30612,2000
30613,2147
30614,2159
30615,2125
30616,2085
30617,2007
30618,1880
30619,1653
30620,1647
30621,1774
30622,1836
30623,1856
30624,1868
30625,1890
30626,1942
30627,2011
30628,2030
30629,2000
30630,1952
30631,1862
30632,1788
30633,1762
30634,1758
30635,1766
30636,1775
30637,1792
30638,1830
30639,1859
30640,1863
30641,2289
30642,1076
30643,1989
30644,2250
30645,2276
30646,2224
30647,2126
30648,2019
30649,1909
30650,1665
30651,1604
30652,1683
30653,1735
30654,1783
30655,1845
30656,1894
30657,1905
30658,1943
30659,1983
30660,2044
30661,2042
30662,1936
30663,1833
30664,1778
30665,1743
30666,1744
30667,1757
30668,1781
30669,1808
30670,1823
30671,1843
30672,1961
30673,450
30674,1789
30675,2119
30676,2247
30677,2307
30678,2243
30679,2106
30680,1989
30681,1715
30682,1584
30683,1677
30684,1731
30685,1778
30686,1809
30687,1846
30688,1882
30689,1945
30690,1971
30691,1998
30692,1984
30693,1973
30694,1920
30695,1859
30696,1812
30697,1777
30698,1762
30699,1771
30700,1792
30701,1811
30702,1819
30703,1827
30704,302
30705,1570
30706,2075
30707,2208
30708,2257
30709,2251
30710,2201
30711,2140
30712,1850
30713,1571
30714,1617
30715,1691
30716,1744
30717,1786
30718,1833
30719,1867
30720,1900
30721,1947
30722,2003
30723,2006
30724,1958
30725,1886
30726,1867
30727,1885
30728,1859
30729,1808
30730,1782
30731,1776
30732,1783
30733,1798
30734,1817
30735,1090
30736,1250
30737,1974
30738,2197
30739,2298
30740,2304
30741,2212
30742,2145
30743,1969
30744,1645
30745,1622
30746,1703
30747,1727
30748,1758
30749,1782
30750,1823
30751,1862
30752,1914
30753,1949
30754,1972
30755,1963
30756,1910
30757,1856
30758,1843
30759,1846
30760,1872
30761,1874
30762,1838
30763,1825
30764,1808
30765,1803
30766,2838
30767,759
30768,1872
30769,2144
30770,2256
30771,2301
30772,2231
30773,2147
30774,1984
30775,1587
30776,1613
30777,1778
30778,1819
30779,1818
30780,1814
30781,1824
30782,1841
30783,1886
30784,1932
30785,1962
30786,1941
30787,1895
30788,1855
30789,1859
30790,1840
30791,1836
30792,1825
30793,1863
30794,1896
30795,1870
30796,1843
30797,1826
30798,191
30799,1648
30800,2047
30801,2205
30802,2273
30803,2219
30804,2123
30805,2054
30806,1723
30807,1582
30808,1712
30809,1788
30810,1857
30811,1888
30812,1873
30813,1867
30814,1877
30815,1904
30816,1937
30817,1946
30818,1905
30819,1853
30820,1827
30821,1821
30822,1840
30823,1839
30824,1825
30825,1830
30826,1857
30827,1904
30828,1903
30829,434
30830,1458
30831,1980
30832,2149
30833,2230
30834,2215
30835,2117
30836,2054
30837,1761
30838,1561
30839,1700
30840,1783
30841,1818
30842,1846
30843,1911
30844,1953
30845,1942
30846,1949
30847,1953
30848,1945
30849,1905
30850,1838
30851,1807
30852,1796
30853,1793
30854,1798
30855,1821
30856,1853
30857,1850
30858,1857
30859,1865
30860,1872
30861,1166
30862,1974
30863,2182
30864,2253
30865,2251
30866,2145
30867,2086
30868,1843
30869,1498
30870,1594
30871,1741
30872,1809
30873,1844
30874,1858
30875,1882
30876,1935
30877,2001
30878,2021
30879,1993
30880,1937
30881,1856
30882,1798
30883,1790
30884,1793
30885,1794
30886,1792
30887,1802
30888,1830
30889,1861
30890,1865
30891,2115
30892,480
30893,1856
30894,2208
30895,2288
30896,2303
30897,2188
30898,2083
30899,1950
30900,1535
30901,1535
30902,1721
30903,1765
30904,1799
30905,1850
30906,1889
30907,1904
30908,1936
30909,1970
30910,2033
30911,2027
30912,1935
30913,1850
30914,1807
30915,1777
30916,1777
30917,1785
30918,1790
30919,1811
30920,1822
30921,1839
30922,1872
30923,225
30924,1613
30925,2064
30926,2247
30927,2357
30928,2288
30929,2154
30930,2046
30931,1663
30932,1515
30933,1674
30934,1735
30935,1774
30936,1805
30937,1836
30938,1878
30939,1936
30940,1968
30941,1994
30942,1982
30943,1980
30944,1947
30945,1875
30946,1833
30947,1805
30948,1775
30949,1771
30950,1782
30951,1808
30952,1823
30953,1833
30954,1102
30955,1262
30956,2007
30957,2224
30958,2319
30959,2305
30960,2229
30961,2160
30962,1824
30963,1505
30964,1612
30965,1692
30966,1734
30967,1789
30968,1826
30969,1855
30970,1886
30971,1935
30972,1991
30973,2004
30974,1972
30975,1907
30976,1883
30977,1904
30978,1873
30979,1826
30980,1794
30981,1776
30982,1785
30983,1799
30984,1808
30985,1826
30986,1835
30987,1850
30988,1869
30989,1899
30990,1894
30991,1897
30992,1886
30993,1919
30994,1936
30995,1903
30996,1865
30997,1837
30998,1819
30999,1821
31000,1829
31001,1840
31002,1849
31003,1845
31004,1855
31005,1879
31006,1895
31007,1883
31008,1879
31009,1879
31010,1920
31011,1923
31012,1881
31013,1854
31014,1817
31015,1808
31016,1813
31017,1821
31018,1837
31019,1842
31020,1846
31021,1857
31022,1881
31023,1888
31024,1875
31025,1875
31026,1892
31027,1924
31028,1910
31029,1865
31030,1840
31031,1817
31032,1810
31033,1820
31034,1833
31035,1840
31036,1842
31037,1849
31038,1862
31039,1891
31040,1879
31041,1883
31042,1879
31043,1913
31044,1931
31045,1897
31046,1858
31047,1829
31048,1809
31049,1801
31050,1808
31051,1826
31052,1845
31053,1856
31054,1859
31055,1869
31056,1887
31057,1870
31058,1866
31059,1875
31060,1917
31061,1925
31062,1887
31063,1854
31064,1818
31065,1815
31066,1819
31067,1821
31068,1841
31069,1850
31070,1849
31071,1856
31072,1871
31073,1879
31074,1869
31075,1866
31076,1888
31077,1921
31078,1907
31079,1871
31080,1841
31081,1819
31082,1809
31083,1814
31084,1831
31085,1840
31086,1841
31087,1849
31088,1866
31089,1887
31090,1882
31091,1876
31092,1872
31093,1905
31094,1925
31095,1894
31096,1857
31097,1834
31098,1818
31099,1815
31100,1823
31101,1840
31102,1844
31103,1845
31104,1842
31105,1863
31106,1879
31107,1870
31108,1871
31109,1872
31110,1915
31111,1919
31112,1874
31113,1847
31114,1826
31115,1814
31116,1815
31117,1827
31118,1833
31119,1843
31120,1846
31121,1854
31122,1875
31123,1886
31124,1872
31125,1872
31126,1889
31127,1919
31128,1904
31129,1861
31130,1838
31131,1813
31132,1808
31133,1813
31134,1827
31135,1836
31136,1840
31137,1846
31138,1857
31139,1873
31140,1872
31141,1869
31142,1872
31143,1905
31144,1927
31145,1893
31146,1856
31147,1830
31148,1811
31149,1817
31150,1827
31151,1839
31152,1840
31153,1845
31154,1851
31155,1870
31156,1885
31157,1873
31158,1873
31159,1877
31160,1915
31161,1923
31162,1875
31163,1847
31164,1822
31165,1808
31166,1813
31167,1824
31168,1835
31169,1845
31170,1847
31171,1856
31172,1876
31173,1882
31174,1877
31175,1872
31176,1890
31177,1920
31178,1906
31179,1869
31180,1840
31181,1821
31182,1818
31183,1821
31184,1838
31185,1841
31186,1845
31187,1849
31188,1863
31189,1893
31190,1878
31191,1878
31192,1872
31193,1904
31194,1923
31195,1885
31196,1855
31197,1827
31198,1808
31199,1814
31200,1823
31201,1840
31202,1842
31203,1847
31204,1851
31205,1873
31206,1890
31207,1872
31208,1874
31209,1872
31210,1915
31211,1919
31212,1874
31213,1846
31214,1829
31215,1813
31216,1819
31217,1834
31218,1839
31219,1844
31220,1846
31221,1857
31222,1879
31223,1891
31224,1872
31225,1872
31226,1886
31227,1913
31228,1902
31229,1857
31230,1840
31231,1830
31232,1823
31233,1833
31234,1841
31235,1851
31236,1846
31237,1845
31238,1856
31239,1875
31240,1870
31241,1867
31242,1867
31243,1903
31244,1931
31245,1902
31246,1863
31247,1833
31248,1813
31249,1815
31250,1823
31251,1829
31252,1829
31253,1838
31254,1841
31255,1863
31256,1883
31257,1871
31258,1871
31259,1872
31260,1917
31261,1922
31262,1875
31263,1850
31264,1827
31265,1813
31266,1819
31267,1829
31268,1841
31269,1845
31270,1851
31271,1855
31272,1882
31273,1887
31274,1876
31275,1876
31276,1895
31277,1925
31278,1914
31279,1869
31280,1840
31281,1819
31282,1812
31283,1823
31284,1831
31285,1840
31286,1840
31287,1854
31288,1866
31289,1895
31290,1878
31291,1867
31292,1866
31293,1903
31294,1929
31295,1900
31296,1861
31297,1837
31298,1821
31299,1821
31300,1822
31301,1820
31302,1832
31303,1840
31304,1851
31305,1873
31306,1890
31307,1868
31308,1871
31309,1872
31310,1906
31311,1919
31312,1877
31313,1851
31314,1820
31315,1808
31316,1813
31317,1825
31318,1833
31319,1841
31320,1851
31321,1860
31322,1875
31323,1886
31324,1876
31325,1873
31326,1886
31327,1929
31328,1915
31329,1873
31330,1844
31331,1823
31332,1810
31333,1815
31334,1830
31335,1840
31336,1843
31337,1849
31338,1867
31339,1891
31340,1883
31341,1878
31342,1871
31343,1902
31344,1922
31345,1890
31346,1853
31347,1830
31348,1810
31349,1808
31350,1821
31351,1827
31352,1841
31353,1841
31354,1850
31355,1871
31356,1889
31357,1872
31358,1874
31359,1875
31360,1915
31361,1922
31362,1877
31363,1852
31364,1830
31365,1810
31366,1818
31367,1827
31368,1840
31369,1842
31370,1846
31371,1856
31372,1885
31373,1888
31374,1870
31375,1871
31376,1883
31377,1920
31378,1908
31379,1871
31380,1840
31381,1819
31382,1811
31383,1822
31384,1835
31385,1841
31386,1843
31387,1850
31388,1863
31389,1885
31390,1877
31391,1874
31392,1872
31393,1905
31394,1929
31395,1895
31396,1859
31397,1836
31398,1816
31399,1817
31400,1827
31401,1839
31402,1840
31403,1845
31404,1843
31405,1869
31406,1887
31407,1872
31408,1871
31409,1872
31410,1911
31411,1926
31412,1881
31413,1851
31414,1827
31415,1810
31416,1813
31417,1828
31418,1837
31419,1841
31420,1847
31421,1856
31422,1879
31423,1888
31424,1877
31425,1872
31426,1891
31427,1927
31428,1911
31429,1871
31430,1840
31431,1819
31432,1810
31433,1815
31434,1825
31435,1839
31436,1840
31437,1843
31438,1855
31439,1875
31440,1874
31441,1872
31442,1872
31443,1903
31444,1930
31445,1897
31446,1863
31447,1831
31448,1814
31449,1818
31450,1823
31451,1838
31452,1841
31453,1845
31454,1850
31455,1872
31456,1891
31457,1875
31458,1881
31459,1872
31460,1919
31461,1927
31462,1885
31463,1855
31464,1823
31465,1808
31466,1815
31467,1823
31468,1835
31469,1843
31470,1850
31471,1856
31472,1878
31473,1887
31474,1874
31475,1873
31476,1894
31477,1927
31478,1919
31479,1872
31480,1841
31481,1825
31482,1811
31483,1821
31484,1835
31485,1840
31486,1845
31487,1851
31488,1860
31489,1886
31490,1882
31491,1879
31492,1873
31493,1907
31494,1921
31495,1893
31496,1859
31497,1830
31498,1809
31499,1814
31500,1823
31501,1839
31502,1842
31503,1843
31504,1849
31505,1873
31506,1890
31507,1882
31508,1881
31509,1878
31510,1921
31511,1934
31512,1886
31513,1847
31514,1824
31515,1814
31516,1822
31517,1838
31518,1845
31519,1840
31520,1840
31521,1845
31522,1869
31523,1874
31524,1871
31525,1867
31526,1877
31527,1915
31528,1917
31529,1867
31530,1838
31531,1822
31532,1813
31533,1819
31534,1831
31535,1840
31536,1842
31537,1848
31538,1863
31539,1888
31540,1883
31541,1878
31542,1875
31543,1907
31544,1931
31545,1899
31546,1862
31547,1835
31548,1814
31549,1812
31550,1824
31551,1837
31552,1842
31553,1843
31554,1845
31555,1867
31556,1886
31557,1871
31558,1874
31559,1869
31560,1916
31561,1927
31562,1879
31563,1853
31564,1830
31565,1811
31566,1814
31567,1829
31568,1840
31569,1843
31570,1843
31571,1855
31572,1879
31573,1887
31574,1878
31575,1873
31576,1898
31577,1929
31578,1919
31579,1872
31580,1842
31581,1819
31582,1810
31583,1817
31584,1823
31585,1836
31586,1840
31587,1840
31588,1858
31589,1889
31590,1881
31591,1877
31592,1874
31593,1904
31594,1934
31595,1897
31596,1863
31597,1838
31598,1814
31599,1813
31600,1823
31601,1839
31602,1842
31603,1843
31604,1853
31605,1872
31606,1891
31607,1881
31608,1878
31609,1876
31610,1920
31611,1927
31612,1885
31613,1855
31614,1815
31615,1799
31616,1808
31617,1817
31618,1833
31619,1842
31620,1842
31621,1854
31622,1879
31623,1889
31624,1877
31625,1875
31626,1893
31627,1934
31628,1921
31629,1863
31630,1837
31631,1813
31632,1808
31633,1818
31634,1830
31635,1840
31636,1846
31637,1850
31638,1861
31639,1889
31640,1885
31641,1875
31642,1872
31643,1907
31644,1930
31645,1897
31646,1857
31647,1830
31648,1808
31649,1808
31650,1815
31651,1831
31652,1837
31653,1846
31654,1855
31655,1871
31656,1887
31657,1875
31658,1873
31659,1872
31660,1917
31661,1927
31662,1883
31663,1855
31664,1827
31665,1814
31666,1822
31667,1833
31668,1841
31669,1846
31670,1851
31671,1852
31672,1871
31673,1883
31674,1870
31675,1867
31676,1883
31677,1920
31678,1908
31679,1876
31680,1843
31681,1825
31682,1813
31683,1821
31684,1831
31685,1840
31686,1840
31687,1849
31688,1862
31689,1887
31690,1883
31691,1877
31692,1873
31693,1911
31694,1936
31695,1904
31696,1868
31697,1842
31698,1823
31699,1820
31700,1825
31701,1831
31702,1840
31703,1841
31704,1838
31705,1853
31706,1872
31707,1861
31708,1863
31709,1873
31710,1915
31711,1927
31712,1887
31713,1854
31714,1829
31715,1811
31716,1815
31717,1826
31718,1840
31719,1840
31720,1846
31721,1855
31722,1877
31723,1888
31724,1878
31725,1873
31726,1894
31727,1931
31728,1922
31729,1868
31730,1840
31731,1819
31732,1809
31733,1815
31734,1828
31735,1839
31736,1840
31737,1845
31738,1857
31739,1874
31740,1867
31741,1864
31742,1870
31743,1905
31744,1934
31745,1904
31746,1865
31747,1833
31748,1815
31749,1810
31750,1822
31751,1839
31752,1843
31753,1840
31754,1852
31755,1872
31756,1892
31757,1875
31758,1877
31759,1874
31760,1918
31761,1929
31762,1889
31763,1857
31764,1821
31765,1808
31766,1808
31767,1822
31768,1835
31769,1846
31770,1849
31771,1856
31772,1875
31773,1888
31774,1877
31775,1875
31776,1888
31777,1923
31778,1921
31779,1875
31780,1840
31781,1822
31782,1809
31783,1815
31784,1828
31785,1843
31786,1846
31787,1853
31788,1866
31789,1889
31790,1883
31791,1877
31792,1868
31793,1899
31794,1922
31795,1897
31796,1861
31797,1830
31798,1811
31799,1813
31800,1823
31801,1839
31802,1843
31803,1850
31804,1856
31805,1872
31806,1891
31807,1877
31808,1869
31809,1868
31810,1904
31811,1920
31812,1890
31813,1862
31814,1836
31815,1821
31816,1816
31817,1826
31818,1840
31819,1823
31820,1834
31821,1844
31822,1871
31823,1879
31824,1870
31825,1871
31826,1881
31827,1919
31828,1917
31829,1874
31830,1850
31831,1828
31832,1813
31833,1815
31834,1829
31835,1840
31836,1840
31837,1843
31838,1858
31839,1883
31840,1877
31841,1879
31842,1875
31843,1906
31844,1933
31845,1906
31846,1869
31847,1837
31848,1809
31849,1810
31850,1822
31851,1840
31852,1844
31853,1849
31854,1851
31855,1866
31856,1885
31857,1875
31858,1863
31859,1853
31860,1901
31861,1917
31862,1883
31863,1853
31864,1826
31865,1813
31866,1818
31867,1829
31868,1840
31869,1842
31870,1850
31871,1856
31872,1875
31873,1889
31874,1875
31875,1872
31876,1887
31877,1927
31878,1923
31879,1879
31880,1847
31881,1826
31882,1814
31883,1818
31884,1827
31885,1837
31886,1840
31887,1846
31888,1855
31889,1879
31890,1878
31891,1878
31892,1872
31893,1904
31894,1932
31895,1904
31896,1866
31897,1839
31898,1818
31899,1810
31900,1824
31901,1840
31902,1844
31903,1845
31904,1852
31905,1871
31906,1894
31907,1881
31908,1879
31909,1876
31910,1915
31911,1927
31912,1875
31913,1846
31914,1820
31915,1807
31916,1813
31917,1823
31918,1835
31919,1840
31920,1843
31921,1855
31922,1872
31923,1887
31924,1874
31925,1877
31926,1889
31927,1926
31928,1922
31929,1875
31930,1851
31931,1823
31932,1814
31933,1823
31934,1839
31935,1841
31936,1840
31937,1842
31938,1857
31939,1883
31940,1878
31941,1873
31942,1871
31943,1903
31944,1923
31945,1903
31946,1867
31947,1837
31948,1818
31949,1810
31950,1819
31951,1821
31952,1839
31953,1843
31954,1859
31955,1873
31956,1891
31957,1875
31958,1872
31959,1872
31960,1908
31961,1919
31962,1879
31963,1857
31964,1834
31965,1815
31966,1818
31967,1834
31968,1841
31969,1846
31970,1851
31971,1858
31972,1883
31973,1888
31974,1871
31975,1870
31976,1883
31977,1910
31978,1904
31979,1872
31980,1840
31981,1826
31982,1812
31983,1818
31984,1830
31985,1842
31986,779
31987,1575
31988,1973
31989,2118
31990,2141
31991,2159
31992,2164
31993,2160
31994,2092
31995,1954
31996,1779
31997,1646
31998,1629
31999,1675
32000,1718
32001,1744
32002,1777
32003,1808
32004,1841
32005,1895
32006,1951
32007,1983
32008,2010
32009,2004
32010,2007
32011,1969
32012,1869
32013,1780
32014,1729
32015,1705
32016,1712
32017,2694
32018,1118
32019,1814
32020,2032
32021,2119
32022,2143
32023,2171
32024,2126
32025,2023
32026,1931
32027,1832
32028,1742
32029,1671
32030,1686
32031,1701
32032,1722
32033,1763
32034,1808
32035,1858
32036,1905
32037,1959
32038,2006
32039,2018
32040,1993
32041,1920
32042,1853
32043,1825
32044,1821
32045,1795
32046,1779
32047,1773
32048,1808
32049,725
32050,1735
32051,2013
32052,2119
32053,2136
32054,2170
32055,2166
32056,2096
32057,1993
32058,1873
32059,1698
32060,1703
32061,1739
32062,1727
32063,1744
32064,1758
32065,1791
32066,1839
32067,1894
32068,1950
32069,1984
32070,1980
32071,1951
32072,1886
32073,1833
32074,1787
32075,1776
32076,1802
32077,1851
32078,1870
32079,1842
32080,527
32081,1593
32082,1937
32083,2059
32084,2096
32085,2127
32086,2129
32087,2067
32088,2027
32089,1903
32090,1681
32091,1683
32092,1730
32093,1790
32094,1857
32095,1872
32096,1884
32097,1904
32098,1931
32099,1967
32100,1987
32101,1971
32102,1914
32103,1829
32104,1787
32105,1758
32106,1767
32107,1776
32108,1806
32109,1822
32110,1872
32111,1345
32112,1442
32113,1921
32114,2033
32115,2070
32116,2092
32117,2110
32118,2046
32119,2000
32120,1824
32121,1659
32122,1701
32123,1765
32124,1792
32125,1830
32126,1875
32127,1942
32128,1981
32129,1984
32130,2001
32131,1990
32132,1936
32133,1862
32134,1791
32135,1757
32136,1744
32137,1756
32138,1781
32139,1814
32140,1833
32141,1840
32142,2637
32143,976
32144,1897
32145,2073
32146,2109
32147,2098
32148,2088
32149,2025
32150,1978
32151,1867
32152,1693
32153,1695
32154,1753
32155,1799
32156,1841
32157,1870
32158,1899
32159,1931
32160,2007
32161,2069
32162,2043
32163,1984
32164,1878
32165,1787
32166,1744
32167,1722
32168,1729
32169,1745
32170,1779
32171,1817
32172,1840
32173,1856
32174,414
32175,1711
32176,2021
32177,2131
32178,2145
32179,2100
32180,2023
32181,1957
32182,1859
32183,1744
32184,1770
32185,1814
32186,1826
32187,1840
32188,1873
32189,1917
32190,1942
32191,1983
32192,2011
32193,2035
32194,2032
32195,1937
32196,1835
32197,1771
32198,1735
32199,1728
32200,1739
32201,1776
32202,1802
32203,1811
32204,1837
32205,545
32206,1535
32207,1999
32208,2128
32209,2145
32210,2170
32211,2127
32212,2031
32213,1910
32214,1698
32215,1709
32216,1763
32217,1785
32218,1809
32219,1842
32220,1872
32221,1920
32222,1967
32223,2014
32224,2018
32225,1999
32226,1936
32227,1893
32228,1849
32229,1785
32230,1760
32231,1744
32232,1746
32233,1776
32234,1794
32235,1813
32236,1989
32237,1104
32238,1934
32239,2159
32240,2199
32241,2176
32242,2115
32243,2054
32244,1985
32245,1767
32246,1731
32247,1759
32248,1766
32249,1776
32250,1808
32251,1845
32252,1893
32253,1934
32254,1982
32255,2015
32256,2011
32257,1935
32258,1861
32259,1815
32260,1825
32261,1840
32262,1808
32263,1787
32264,1787
32265,1785
32266,1795
32267,2213
32268,566
32269,1803
32270,2099
32271,2194
32272,2211
32273,2166
32274,2032
32275,1994
32276,1808
32277,1753
32278,1801
32279,1814
32280,1813
32281,1817
32282,1821
32283,1853
32284,1898
32285,1942
32286,1970
32287,1969
32288,1936
32289,1887
32290,1842
32291,1823
32292,1814
32293,1834
32294,1854
32295,1852
32296,1837
32297,1817
32298,1809
32299,192
32300,1600
32301,2032
32302,2160
32303,2205
32304,2182
32305,2061
32306,2032
32307,1842
32308,1722
32309,1754
32310,1823
32311,1872
32312,1866
32313,1851
32314,1853
32315,1863
32316,1903
32317,1941
32318,1952
32319,1933
32320,1863
32321,1834
32322,1828
32323,1827
32324,1808
32325,1802
32326,1826
32327,1872
32328,1887
32329,1856
32330,922
32331,1295
32332,1949
32333,2127
32334,2198
32335,2221
32336,2080
32337,2015
32338,1883
32339,1695
32340,1728
32341,1781
32342,1827
32343,1873
32344,1910
32345,1905
32346,1901
32347,1904
32348,1920
32349,1927
32350,1908
32351,1869
32352,1830
32353,1821
32354,1818
32355,1815
32356,1823
32357,1826
32358,1840
32359,1846
32360,1888
32361,2915
32362,775
32363,1879
32364,2098
32365,2192
32366,2240
32367,2129
32368,2032
32369,1965
32370,1711
32371,1679
32372,1761
32373,1817
32374,1834
32375,1842
32376,1870
32377,1925
32378,1959
32379,1950
32380,1949
32381,1920
32382,1868
32383,1827
32384,1817
32385,1811
32386,1808
32387,1799
32388,1809
32389,1833
32390,1842
32391,1854
32392,1861
32393,279
32394,1775
32395,2128
32396,2224
32397,2260
32398,2159
32399,2005
32400,1966
32401,1712
32402,1655
32403,1729
32404,1792
32405,1840
32406,1869
32407,1872
32408,1890
32409,1916
32410,1982
32411,2015
32412,1982
32413,1920
32414,1847
32415,1808
32416,1793
32417,1791
32418,1782
32419,1790
32420,1809
32421,1837
32422,1850
32423,1872
32424,482
32425,1457
32426,2045
32427,2255
32428,2333
32429,2262
32430,2085
32431,2005
32432,1757
32433,1590
32434,1666
32435,1744
32436,1803
32437,1840
32438,1866
32439,1897
32440,1916
32441,1940
32442,1965
32443,1990
32444,1996
32445,1923
32446,1859
32447,1825
32448,1799
32449,1776
32450,1771
32451,1787
32452,1811
32453,1823
32454,1839
32455,1531
32456,1168
32457,1980
32458,2195
32459,2284
32460,2303
32461,2147
32462,2026
32463,1836
32464,1629
32465,1658
32466,1743
32467,1790
32468,1819
32469,1836
32470,1859
32471,1902
32472,1939
32473,1981
32474,1985
32475,1959
32476,1919
32477,1918
32478,1903
32479,1856
32480,1817
32481,1778
32482,1759
32483,1780
32484,1792
32485,1810
32486,2181
32487,492
32488,1808
32489,2145
32490,2281
32491,2325
32492,2190
32493,2065
32494,2000
32495,1712
32496,1658
32497,1741
32498,1770
32499,1786
32500,1803
32501,1830
32502,1860
32503,1895
32504,1940
32505,1974
32506,1983
32507,1939
32508,1899
32509,1866
32510,1883
32511,1885
32512,1831
32513,1793
32514,1778
32515,1773
32516,1787
32517,1808
32518,183
32519,1600
32520,2059
32521,2237
32522,2323
32523,2256
32524,2063
32525,2000
32526,1727
32527,1703
32528,1799
32529,1808
32530,1814
32531,1810
32532,1808
32533,1835
32534,1872
32535,1919
32536,1942
32537,1952
32538,1937
32539,1903
32540,1874
32541,1857
32542,1842
32543,1843
32544,1846
32545,1839
32546,1830
32547,1819
32548,1815
32549,998
32550,1239
32551,1955
32552,2176
32553,2275
32554,2260
32555,2086
32556,2032
32557,1805
32558,1651
32559,1733
32560,1840
32561,1887
32562,1869
32563,1855
32564,1851
32565,1859
32566,1890
32567,1927
32568,1946
32569,1930
32570,1883
32571,1858
32572,1850
32573,1849
32574,1822
32575,1815
32576,1818
32577,1865
32578,1874
32579,1856
32580,2666
32581,863
32582,1861
32583,2113
32584,2240
32585,2278
32586,2112
32587,2017
32588,1879
32589,1677
32590,1728
32591,1777
32592,1811
32593,1856
32594,1904
32595,1909
32596,1901
32597,1904
32598,1917
32599,1920
32600,1909
32601,1874
32602,1843
32603,1823
32604,1835
32605,1843
32606,1836
32607,1811
32608,1821
32609,1839
32610,1872
32611,1901
32612,1881
32613,1856
32614,1838
32615,1824
32616,1823
32617,1834
32618,1840
32619,1855
32620,1859
32621,1875
32622,1885
32623,1891
32624,1882
32625,1878
32626,1885
32627,1922
32628,1913
32629,1883
32630,1858
32631,1830
32632,1811
32633,1811
32634,1821
32635,1834
32636,1838
32637,1847
32638,1867
32639,1872
32640,1872
32641,1869
32642,1866
32643,1890
32644,1919
32645,1904
32646,1872
32647,1847
32648,1831
32649,1814
32650,1822
32651,1837
32652,1840
32653,1845
32654,1857
32655,1872
32656,1883
32657,1879
32658,1883
32659,1882
32660,1919
32661,1935
32662,1893
32663,1856
32664,1811
32665,1799
32666,1808
32667,1826
32668,1843
32669,1857
32670,1859
32671,1877
32672,1879
32673,1875
32674,1858
32675,1859
32676,1872
32677,1895
32678,1898
32679,1871
32680,1849
32681,1835
32682,1823
32683,1827
32684,1839
32685,1844
32686,1840
32687,1847
32688,1870
32689,1875
32690,1872
32691,1869
32692,1872
32693,1895
32694,1914
32695,1899
32696,1866
32697,1837
32698,1813
32699,1818
32700,1823
32701,1840
32702,1847
32703,1851
32704,1861
32705,1875
32706,1887
32707,1871
32708,1872
32709,1868
32710,1902
32711,1917
32712,1885
32713,1856
32714,1837
32715,1817
32716,1824
32717,1846
32718,1872
32719,1869
32720,1883
32721,1891
32722,1862
32723,1835
32724,1820
32725,1833
32726,1855
32727,1888
32728,1900
32729,1863
32730,1840
32731,1840
32732,1821
32733,1808
32734,1825
32735,1855
32736,1850
32737,1851
32738,1862
32739,1873
32740,1878
32741,1872
32742,1872
32743,1889
32744,1918
32745,1904
32746,1872
32747,1849
32748,1834
32749,1826
32750,1829
32751,1839
32752,1843
32753,1842
32754,1842
32755,1858
32756,1872
32757,1867
32758,1867
32759,1863
32760,1903
32761,1915
32762,1887
32763,1861
32764,1836
32765,1820
32766,1813
32767,1823
32768,1839
32769,1845
32770,1847
32771,1861
32772,1873
32773,1889
32774,1876
32775,1882
32776,1885
32777,1915
32778,1917
32779,1875
32780,1845
32781,1829
32782,1810
32783,1817
32784,1822
32785,1838
32786,1840
32787,1849
32788,1866
32789,1871
32790,1872
32791,1875
32792,1872
32793,1892
32794,1916
32795,1904
32796,1872
32797,1851
32798,1830
32799,1815
32800,1813
32801,1827
32802,1840
32803,1846
32804,1863
32805,1874
32806,1891
32807,1875
32808,1877
32809,1872
32810,1895
32811,1910
32812,1889
32813,1863
32814,1825
32815,1804
32816,1808
32817,1809
32818,1825
32819,1839
32820,1840
32821,1858
32822,1872
32823,1881
32824,1872
32825,1873
32826,1875
32827,1911
32828,1914
32829,1877
32830,1851
32831,1831
32832,1817
32833,1824
32834,1834
32835,1840
32836,1846
32837,1857
32838,1875
32839,1890
32840,1891
32841,1888
32842,1898
32843,1910
32844,1920
32845,1902
32846,1863
32847,1830
32848,1798
32849,1790
32850,1818
32851,1840
32852,1859
32853,1855
32854,1855
32855,1846
32856,1855
32857,1858
32858,1871
32859,1855
32860,1891
32861,1914
32862,1889
32863,1858
32864,1838
32865,1821
32866,1819
32867,1827
32868,1840
32869,1845
32870,1850
32871,1867
32872,1874
32873,1886
32874,1869
32875,1872
32876,1873
32877,1906
32878,1910
32879,1881
32880,1854
32881,1835
32882,1817
32883,1823
32884,1835
32885,1843
32886,1846
32887,1856
32888,1871
32889,1874
32890,1881
32891,1872
32892,1873
32893,1892
32894,1919
32895,1904
32896,1872
32897,1846
32898,1825
32899,1821
32900,1827
32901,1840
32902,1849
32903,1851
32904,1856
32905,1871
32906,1874
32907,1869
32908,1859
32909,1862
32910,1901
32911,1920
32912,1890
32913,1857
32914,1831
32915,1809
32916,1811
32917,1824
32918,1834
32919,1849
32920,1854
32921,1869
32922,1873
32923,1879
32924,1871
32925,1873
32926,1879
32927,1911
32928,1918
32929,1881
32930,1853
32931,1814
32932,1804
32933,1808
32934,1824
32935,1838
32936,1839
32937,1846
32938,1870
32939,1872
32940,1858
32941,1856
32942,1867
32943,1893
32944,1925
32945,1909
32946,1873
32947,1847
32948,1827
32949,1818
32950,1825
32951,1837
32952,1843
32953,1846
32954,1856
32955,1869
32956,1881
32957,1874
32958,1872
32959,1872
32960,1905
32961,1930
32962,1905
32963,1877
32964,1847
32965,1811
32966,1808
32967,1826
32968,1825
32969,1828
32970,1839
32971,1859
32972,1872
32973,1879
32974,1871
32975,1871
32976,1873
32977,1908
32978,1913
32979,1872
32980,1851
32981,1835
32982,1823
32983,1825
32984,1834
32985,1843
32986,1848
32987,1857
32988,1872
32989,1877
32990,1882
32991,1875
32992,1872
32993,1887
32994,1905
32995,1894
32996,1867
32997,1840
32998,1822
32999,1817
33000,1824
33001,1839
33002,1843
33003,1846
33004,1859
33005,1872
33006,1881
33007,1872
33008,1873
33009,1869
33010,1901
33011,1919
33012,1889
33013,1859
33014,1840
33015,1821
33016,1821
33017,1827
33018,1829
33019,1843
33020,1854
33021,1871
33022,1873
33023,1887
33024,1872
33025,1872
33026,1872
33027,1915
33028,1920
33029,1873
33030,1841
33031,1831
33032,1818
33033,1821
33034,1821
33035,1825
33036,1840
33037,1855
33038,1876
33039,1886
33040,1877
33041,1867
33042,1863
33043,1882
33044,1904
33045,1892
33046,1867
33047,1841
33048,1824
33049,1812
33050,1813
33051,1834
33052,1845
33053,1845
33054,1851
33055,1870
33056,1876
33057,1859
33058,1862
33059,1863
33060,1901
33061,1916
33062,1887
33063,1856
33064,1839
33065,1821
33066,1817
33067,1826
33068,1838
33069,1849
33070,1854
33071,1869
33072,1869
33073,1877
33074,1871
33075,1872
33076,1876
33077,1910
33078,1920
33079,1879
33080,1854
33081,1831
33082,1815
33083,1822
33084,1822
33085,1835
33086,1840
33087,1849
33088,1866
33089,1877
33090,1885
33091,1876
33092,1875
33093,1892
33094,1919
33095,1907
33096,1874
33097,1847
33098,1827
33099,1817
33100,1823
33101,1838
33102,1844
33103,1845
33104,1857
33105,1869
33106,1882
33107,1873
33108,1873
33109,1867
33110,1897
33111,1914
33112,1890
33113,1866
33114,1838
33115,1814
33116,1814
33117,1825
33118,1835
33119,1840
33120,1840
33121,1856
33122,1869
33123,1877
33124,1867
33125,1866
33126,1867
33127,1904
33128,1919
33129,1886
33130,1862
33131,1840
33132,1820
33133,1821
33134,1831
33135,1839
33136,1841
33137,1854
33138,1871
33139,1887
33140,1882
33141,1873
33142,1873
33143,1892
33144,1911
33145,1904
33146,1870
33147,1840
33148,1821
33149,1808
33150,1814
33151,1827
33152,1842
33153,1845
33154,1854
33155,1866
33156,1879
33157,1872
33158,1869
33159,1863
33160,1889
33161,1910
33162,1886
33163,1858
33164,1841
33165,1829
33166,1827
33167,1831
33168,1839
33169,1841
33170,1849
33171,1867
33172,1875
33173,1883
33174,1870
33175,1869
33176,1870
33177,1906
33178,1909
33179,1882
33180,1858
33181,1837
33182,1816
33183,1819
33184,1828
33185,1840
33186,1843
33187,1854
33188,1871
33189,1878
33190,1874
33191,1872
33192,1872
33193,1889
33194,1920
33195,1915
33196,1874
33197,1845
33198,1824
33199,1815
33200,1819
33201,1831
33202,1840
33203,1843
33204,1850
33205,1870
33206,1877
33207,1871
33208,1870
33209,1871
33210,1901
33211,1923
33212,1892
33213,1860
33214,1835
33215,1817
33216,1817
33217,1821
33218,1827
33219,1840
33220,1842
33221,1863
33222,1870
33223,1881
33224,1873
33225,1874
33226,1878
33227,1911
33228,1920
33229,1874
33230,1847
33231,1827
33232,1808
33233,1810
33234,1821
33235,1838
33236,1839
33237,1846
33238,1865
33239,1869
33240,1871
33241,1867
33242,1872
33243,1889
33244,1915
33245,1908
33246,1874
33247,1850
33248,1827
33249,1816
33250,1823
33251,1834
33252,1841
33253,1840
33254,1859
33255,1870
33256,1882
33257,1875
33258,1873
33259,1870
33260,1901
33261,1919
33262,1891
33263,1861
33264,1833
33265,1814
33266,1808
33267,1817
33268,1833
33269,1845
33270,1849
33271,1865
33272,1873
33273,1887
33274,1873
33275,1873
33276,1877
33277,1915
33278,1919
33279,1881
33280,1847
33281,1825
33282,1813
33283,1823
33284,1826
33285,1840
33286,1846
33287,1854
33288,1870
33289,1883
33290,1882
33291,1874
33292,1872
33293,1886
33294,1905
33295,1903
33296,1871
33297,1844
33298,1825
33299,1815
33300,1821
33301,1834
33302,1839
33303,1840
33304,1853
33305,1874
33306,1888
33307,1883
33308,1878
33309,1877
33310,1904
33311,1926
33312,1896
33313,1862
33314,1830
33315,1809
33316,1808
33317,1817
33318,1825
33319,1840
33320,1843
33321,1858
33322,1872
33323,1881
33324,1865
33325,1867
33326,1872
33327,1909
33328,1919
33329,1877
33330,1845
33331,1834
33332,1817
33333,1817
33334,1829
33335,1840
33336,1843
33337,1854
33338,1866
33339,1876
33340,1882
33341,1872
33342,1870
33343,1890
33344,1920
33345,1913
33346,1880
33347,1854
33348,1837
33349,1818
33350,1826
33351,1840
33352,1846
33353,1851
33354,1846
33355,1853
33356,1866
33357,1865
33358,1863
33359,1861
33360,1902
33361,1922
33362,1898
33363,1866
33364,1840
33365,1818
33366,1809
33367,1817
33368,1836
33369,1842
33370,1846
33371,1861
33372,1877
33373,1886
33374,1872
33375,1872
33376,1872
33377,1906
33378,1919
33379,1882
33380,1856
33381,1833
33382,1813
33383,1817
33384,1823
33385,1835
33386,1840
33387,1842
33388,1863
33389,1880
33390,1887
33391,1877
33392,1874
33393,1890
33394,1919
33395,1905
33396,1871
33397,1845
33398,1827
33399,1811
33400,1821
33401,1835
33402,1841
33403,1841
33404,1857
33405,1871
33406,1879
33407,1877
33408,1878
33409,1872
33410,1903
33411,1925
33412,1899
33413,1868
33414,1837
33415,1812
33416,1807
33417,1810
33418,1826
33419,1840
33420,1843
33421,1856
33422,1872
33423,1879
33424,1872
33425,1872
33426,1875
33427,1909
33428,1918
33429,1883
33430,1856
33431,1834
33432,1815
33433,1817
33434,1827
33435,1840
33436,1841
33437,1853
33438,1872
33439,1881
33440,1886
33441,1875
33442,1876
33443,1895
33444,1914
33445,1903
33446,1866
33447,1840
33448,1822
33449,1809
33450,1810
33451,1824
33452,1840
33453,1842
33454,1850
33455,1868
33456,1882
33457,1878
33458,1878
33459,1872
33460,1903
33461,1922
33462,1895
33463,1862
33464,1838
33465,1818
33466,1815
33467,1823
33468,1839
33469,1845
33470,1850
33471,1868
33472,1877
33473,1891
33474,1868
33475,1872
33476,1870
33477,1903
33478,1907
33479,1875
33480,1855
33481,1836
33482,1814
33483,1815
33484,1830
33485,1840
33486,1843
33487,1850
33488,1869
33489,1877
33490,1882
33491,1874
33492,1875
33493,1887
33494,1920
33495,1914
33496,1877
33497,1855
33498,1835
33499,1817
33500,1819
33501,1829
33502,1839
33503,1840
33504,1841
33505,1860
33506,1878
33507,1871
33508,1872
33509,1872
33510,1903
33511,1921
33512,1898
33513,1869
33514,1845
33515,1835
33516,1833
33517,1837
33518,1840
33519,1840
33520,1839
33521,1857
33522,1859
33523,1873
33524,1871
33525,1877
33526,1878
33527,1909
33528,1921
33529,1877
33530,1847
33531,1828
33532,1808
33533,1813
33534,1824
33535,1829
33536,1834
33537,1841
33538,1863
33539,1862
33540,1872
33541,1872
33542,1871
33543,1882
33544,1915
33545,1904
33546,1874
33547,1847
33548,1826
33549,1818
33550,1822
33551,1835
33552,1842
33553,1845
33554,1853
33555,1869
33556,1879
33557,1878
33558,1876
33559,1873
33560,1898
33561,1924
33562,1899
33563,1867
33564,1835
33565,1818
33566,1812
33567,1823
33568,1839
33569,1840
33570,1840
33571,1854
33572,1869
33573,1876
33574,1870
33575,1872
33576,1872
33577,1906
33578,1917
33579,1883
33580,1856
33581,1835
33582,1817
33583,1820
33584,1831
33585,1841
33586,1846
33587,1851
33588,1865
33589,1870
33590,1877
33591,1872
33592,1872
33593,1888
33594,1911
33595,1908
33596,1870
33597,1840
33598,1825
33599,1810
33600,1822
33601,1833
33602,1840
33603,1846
33604,1856
33605,1875
33606,1883
33607,1878
33608,1873
33609,1872
33610,1901
33611,1921
33612,2480
33613,1327
33614,1894
33615,2023
33616,2075
33617,2097
33618,2112
33619,2102
33620,2027
33621,1937
33622,1813
33623,1692
33624,1676
33625,1743
33626,1775
33627,1808
33628,1835
33629,1825
33630,1829
33631,1843
33632,1871
33633,1909
33634,1952
33635,1974
33636,1957
33637,1923
33638,1883
33639,1821
33640,1789
33641,1773
33642,1777
33643,1971
33644,943
33645,1823
33646,2016
33647,2074
33648,2067
33649,2065
33650,2047
33651,1971
33652,1875
33653,1792
33654,1724
33655,1712
33656,1748
33657,1764
33658,1789
33659,1808
33660,1866
33661,1929
33662,1939
33663,1955
33664,1968
33665,1961
33666,1938
33667,1900
33668,1843
33669,1792
33670,1767
33671,1770
33672,1798
33673,1809
33674,1817
33675,630
33676,1648
33677,2022
33678,2147
33679,2128
33680,2111
33681,2087
33682,1995
33683,1887
33684,1827
33685,1734
33686,1707
33687,1735
33688,1759
33689,1792
33690,1819
33691,1854
33692,1894
33693,1952
33694,2030
33695,2061
33696,2017
33697,1957
33698,1875
33699,1789
33700,1744
33701,1729
33702,1749
33703,1766
33704,1788
33705,1817
33706,1264
33707,1447
33708,1941
33709,2084
33710,2142
33711,2190
33712,2172
33713,2074
33714,1967
33715,1825
33716,1635
33717,1678
33718,1731
33719,1753
33720,1789
33721,1836
33722,1881
33723,1931
33724,1958
33725,2000
33726,2029
33727,2053
33728,2013
33729,1882
33730,1799
33731,1743
33732,1710
33733,1717
33734,1747
33735,1785
33736,1803
33737,2873
33738,1134
33739,1872
33740,2039
33741,2097
33742,2115
33743,2155
33744,2122
33745,2064
33746,1936
33747,1730
33748,1693
33749,1693
33750,1718
33751,1771
33752,1808
33753,1857
33754,1905
33755,1967
33756,2023
33757,2045
33758,2014
33759,1943
33760,1877
33761,1851
33762,1798
33763,1760
33764,1743
33765,1737
33766,1755
33767,1778
33768,1805
33769,670
33770,1738
33771,1984
33772,2077
33773,2107
33774,2114
33775,2075
33776,2032
33777,1981
33778,1809
33779,1755
33780,1762
33781,1776
33782,1785
33783,1808
33784,1850
33785,1890
33786,1937
33787,1983
33788,2021
33789,2011
33790,1947
33791,1851
33792,1806
33793,1793
33794,1808
33795,1807
33796,1791
33797,1794
33798,1791
33799,1789
33800,680
33801,1475
33802,1936
33803,2046
33804,2082
33805,2116
33806,2102
33807,2043
33808,1975
33809,1807
33810,1778
33811,1833
33812,1838
33813,1830
33814,1826
33815,1839
33816,1863
33817,1908
33818,1952
33819,1985
33820,1975
33821,1933
33822,1863
33823,1830
33824,1790
33825,1792
33826,1791
33827,1838
33828,1867
33829,1840
33830,1820
33831,2410
33832,1088
33833,1840
33834,2000
33835,2044
33836,2053
33837,2027
33838,1982
33839,1968
33840,1865
33841,1831
33842,1857
33843,1873
33844,1908
33845,1919
33846,1899
33847,1901
33848,1910
33849,1939
33850,1973
33851,1983
33852,1936
33853,1853
33854,1808
33855,1791
33856,1787
33857,1770
33858,1782
33859,1808
33860,1842
33861,1878
33862,2107
33863,624
33864,1773
33865,1991
33866,2055
33867,2063
33868,2032
33869,1963
33870,1939
33871,1856
33872,1847
33873,1870
33874,1856
33875,1862
33876,1872
33877,1920
33878,1953
33879,1947
33880,1961
33881,1967
33882,1950
33883,1907
33884,1840
33885,1798
33886,1773
33887,1764
33888,1778
33889,1786
33890,1814
33891,1826
33892,1839
33893,1858
33894,307
33895,1651
33896,2035
33897,2138
33898,2127
33899,2081
33900,1979
33901,1951
33902,1855
33903,1759
33904,1795
33905,1839
33906,1856
33907,1866
33908,1878
33909,1896
33910,1939
33911,2000
33912,2002
33913,1979
33914,1921
33915,1837
33916,1781
33917,1771
33918,1765
33919,1778
33920,1786
33921,1808
33922,1838
33923,1855
33924,1851
33925,1153
33926,1293
33927,2015
33928,2192
33929,2194
33930,2165
33931,2027
33932,1947
33933,1874
33934,1775
33935,1762
33936,1775
33937,1798
33938,1840
33939,1869
33940,1899
33941,1913
33942,1941
33943,1987
33944,2032
33945,2012
33946,1918
33947,1828
33948,1785
33949,1766
33950,1767
33951,1761
33952,1775
33953,1798
33954,1806
33955,1840
33956,2898
33957,818
33958,1901
33959,2150
33960,2259
33961,2309
33962,2160
33963,2001
33964,1943
33965,1725
33966,1664
33967,1708
33968,1758
33969,1805
33970,1834
33971,1865
33972,1904
33973,1939
33974,1957
33975,1978
33976,1968
33977,1958
33978,1916
33979,1861
33980,1821
33981,1790
33982,1765
33983,1760
33984,1775
33985,1797
33986,1814
33987,1831
33988,304
33989,1740
33990,2107
33991,2221
33992,2277
33993,2198
33994,2059
33995,2039
33996,1827
33997,1712
33998,1729
33999,1749
34000,1782
34001,1811
34002,1840
34003,1863
34004,1897
34005,1943
34006,1984
34007,1973
34008,1942
34009,1885
34010,1883
34011,1887
34012,1853
34013,1808
34014,1776
34015,1770
34016,1776
34017,1789
34018,1809
34019,452
34020,1456
34021,2004
34022,2186
34023,2286
34024,2245
34025,2081
34026,2054
34027,1922
34028,1775
34029,1750
34030,1767
34031,1773
34032,1776
34033,1798
34034,1830
34035,1869
34036,1905
34037,1937
34038,1967
34039,1951
34040,1909
34041,1870
34042,1851
34043,1850
34044,1867
34045,1852
34046,1819
34047,1799
34048,1792
34049,1788
34050,1479
34051,1137
34052,1936
34053,2151
34054,2259
34055,2283
34056,2125
34057,2062
34058,1903
34059,1702
34060,1759
34061,1818
34062,1834
34063,1818
34064,1813
34065,1819
34066,1840
34067,1878
34068,1920
34069,1939
34070,1930
34071,1898
34072,1869
34073,1869
34074,1840
34075,1827
34076,1817
34077,1844
34078,1864
34079,1853
34080,1833
34081,2288
34082,509
34083,1787
34084,2088
34085,2210
34086,2258
34087,2111
34088,1995
34089,1950
34090,1783
34091,1771
34092,1792
34093,1833
34094,1883
34095,1898
34096,1875
34097,1871
34098,1873
34099,1891
34100,1911
34101,1915
34102,1894
34103,1854
34104,1838
34105,1841
34106,1843
34107,1833
34108,1819
34109,1825
34110,1856
34111,1888
34112,1873
34113,202
34114,1616
34115,2032
34116,2187
34117,2268
34118,2171
34119,1989
34120,1952
34121,1763
34122,1714
34123,1785
34124,1808
34125,1839
34126,1843
34127,1894
34128,1930
34129,1905
34130,1920
34131,1924
34132,1911
34133,1879
34134,1838
34135,1821
34136,1809
34137,1814
34138,1822
34139,1815
34140,1811
34141,1837
34142,1847
34143,1862
34144,912
34145,1381
34146,2011
34147,2186
34148,2251
34149,2198
34150,1987
34151,1943
34152,1795
34153,1714
34154,1759
34155,1808
34156,1840
34157,1849
34158,1862
34159,1882
34160,1922
34161,1975
34162,1982
34163,1968
34164,1911
34165,1846
34166,1809
34167,1802
34168,1806
34169,1799
34170,1791
34171,1808
34172,1835
34173,1854
34174,1853
34175,2800
34176,880
34177,1941
34178,2206
34179,2288
34180,2279
34181,2059
34182,1927
34183,1840
34184,1719
34185,1742
34186,1766
34187,1792
34188,1837
34189,1861
34190,1888
34191,1901
34192,1925
34193,1966
34194,2011
34195,1999
34196,1914
34197,1840
34198,1804
34199,1791
34200,1792
34201,1790
34202,1787
34203,1793
34204,1812
34205,1840
34206,1909
34207,367
34208,1775
34209,2128
34210,2293
34211,2379
34212,2209
34213,1987
34214,1907
34215,1695
34216,1680
34217,1724
34218,1759
34219,1792
34220,1809
34221,1854
34222,1893
34223,1923
34224,1936
34225,1966
34226,1961
34227,1955
34228,1929
34229,1875
34230,1830
34231,1811
34232,1785
34233,1773
34234,1774
34235,1792
34236,1809
34237,1832
34238,1856
34239,1872
34240,1885
34241,1877
34242,1886
34243,1896
34244,1926
34245,1924
34246,1886
34247,1858
34248,1841
34249,1827
34250,1837
34251,1841
34252,1852
34253,1855
34254,1860
34255,1872
34256,1884
34257,1874
34258,1873
34259,1870
34260,1890
34261,1920
34262,1901
34263,1872
34264,1841
34265,1825
34266,1815
34267,1829
34268,1840
34269,1845
34270,1847
34271,1863
34272,1877
34273,1885
34274,1872
34275,1872
34276,1872
34277,1904
34278,1914
34279,1887
34280,1867
34281,1842
34282,1825
34283,1821
34284,1817
34285,1826
34286,1834
34287,1843
34288,1857
34289,1866
34290,1872
34291,1873
34292,1876
34293,1881
34294,1919
34295,1915
34296,1883
34297,1857
34298,1840
34299,1825
34300,1823
34301,1826
34302,1840
34303,1847
34304,1859
34305,1873
34306,1891
34307,1887
34308,1877
34309,1871
34310,1894
34311,1931
34312,1904
34313,1861
34314,1830
34315,1806
34316,1795
34317,1813
34318,1828
34319,1842
34320,1850
34321,1861
34322,1874
34323,1885
34324,1876
34325,1877
34326,1872
34327,1903
34328,1911
34329,1874
34330,1856
34331,1838
34332,1814
34333,1817
34334,1828
34335,1843
34336,1847
34337,1852
34338,1867
34339,1872
34340,1882
34341,1872
34342,1872
34343,1878
34344,1905
34345,1906
34346,1873
34347,1851
34348,1833
34349,1812
34350,1814
34351,1826
34352,1846
34353,1855
34354,1855
34355,1872
34356,1875
34357,1872
34358,1871
34359,1869
34360,1889
34361,1919
34362,1901
34363,1866
34364,1840
34365,1823
34366,1818
34367,1827
34368,1840
34369,1849
34370,1846
34371,1858
34372,1874
34373,1889
34374,1869
34375,1878
34376,1879
34377,1913
34378,1919
34379,1872
34380,1840
34381,1808
34382,1791
34383,1809
34384,1825
34385,1833
34386,1839
34387,1844
34388,1867
34389,1877
34390,1884
34391,1873
34392,1874
34393,1883
34394,1914
34395,1911
34396,1879
34397,1861
34398,1845
34399,1808
34400,1811
34401,1827
34402,1840
34403,1849
34404,1844
34405,1857
34406,1873
34407,1871
34408,1869
34409,1869
34410,1891
34411,1914
34412,1899
34413,1865
34414,1841
34415,1822
34416,1814
34417,1822
34418,1827
34419,1842
34420,1846
34421,1855
34422,1872
34423,1887
34424,1874
34425,1873
34426,1872
34427,1905
34428,1920
34429,1881
34430,1853
34431,1830
34432,1812
34433,1811
34434,1824
34435,1838
34436,1840
34437,1842
34438,1861
34439,1869
34440,1874
34441,1866
34442,1872
34443,1872
34444,1909
34445,1907
34446,1871
34447,1847
34448,1829
34449,1817
34450,1821
34451,1830
34452,1843
34453,1853
34454,1855
34455,1867
34456,1878
34457,1873
34458,1869
34459,1867
34460,1891
34461,1917
34462,1902
34463,1869
34464,1840
34465,1813
34466,1808
34467,1809
34468,1822
34469,1841
34470,1843
34471,1860
34472,1877
34473,1893
34474,1882
34475,1882
34476,1873
34477,1903
34478,1905
34479,1885
34480,1861
34481,1847
34482,1829
34483,1826
34484,1830
34485,1836
34486,1825
34487,1824
34488,1839
34489,1855
34490,1879
34491,1874
34492,1872
34493,1876
34494,1904
34495,1907
34496,1874
34497,1844
34498,1826
34499,1819
34500,1825
34501,1837
34502,1841
34503,1843
34504,1851
34505,1872
34506,1886
34507,1877
34508,1873
34509,1870
34510,1893
34511,1920
34512,1904
34513,1870
34514,1842
34515,1824
34516,1814
34517,1822
34518,1829
34519,1840
34520,1846
34521,1859
34522,1872
34523,1883
34524,1872
34525,1872
34526,1863
34527,1895
34528,1914
34529,1881
34530,1849
34531,1830
34532,1815
34533,1816
34534,1823
34535,1839
34536,1841
34537,1852
34538,1872
34539,1877
34540,1886
34541,1875
34542,1875
34543,1882
34544,1909
34545,1911
34546,1876
34547,1851
34548,1827
34549,1815
34550,1821
34551,1830
34552,1842
34553,1843
34554,1839
34555,1863
34556,1874
34557,1875
34558,1872
34559,1863
34560,1872
34561,1915
34562,1901
34563,1866
34564,1841
34565,1826
34566,1814
34567,1819
34568,1835
34569,1841
34570,1847
34571,1867
34572,1873
34573,1889
34574,1877
34575,1872
34576,1866
34577,1902
34578,1920
34579,1894
34580,1870
34581,1844
34582,1829
34583,1824
34584,1821
34585,1831
34586,1840
34587,1827
34588,1842
34589,1853
34590,1874
34591,1871
34592,1872
34593,1881
34594,1915
34595,1919
34596,1887
34597,1858
34598,1834
34599,1802
34600,1808
34601,1827
34602,1840
34603,1850
34604,1855
34605,1872
34606,1885
34607,1881
34608,1873
34609,1873
34610,1888
34611,1915
34612,1902
34613,1865
34614,1838
34615,1814
34616,1810
34617,1818
34618,1831
34619,1841
34620,1849
34621,1861
34622,1871
34623,1878
34624,1872
34625,1872
34626,1868
34627,1904
34628,1923
34629,1889
34630,1870
34631,1844
34632,1826
34633,1820
34634,1823
34635,1840
34636,1843
34637,1840
34638,1855
34639,1870
34640,1877
34641,1868
34642,1871
34643,1874
34644,1905
34645,1908
34646,1869
34647,1840
34648,1829
34649,1812
34650,1814
34651,1830
34652,1840
34653,1843
34654,1856
34655,1870
34656,1878
34657,1881
34658,1879
34659,1878
34660,1899
34661,1919
34662,1904
34663,1872
34664,1841
34665,1821
34666,1811
34667,1818
34668,1835
34669,1841
34670,1843
34671,1856
34672,1869
34673,1879
34674,1867
34675,1870
34676,1867
34677,1901
34678,1915
34679,1883
34680,1855
34681,1831
34682,1808
34683,1811
34684,1821
34685,1834
34686,1841
34687,1845
34688,1860
34689,1873
34690,1886
34691,1873
34692,1875
34693,1879
34694,1920
34695,1922
34696,1877
34697,1851
34698,1825
34699,1808
34700,1810
34701,1826
34702,1840
34703,1840
34704,1840
34705,1857
34706,1872
34707,1872
34708,1872
34709,1872
34710,1893
34711,1923
34712,1909
34713,1873
34714,1846
34715,1818
34716,1812
34717,1814
34718,1829
34719,1835
34720,1841
34721,1856
34722,1871
34723,1879
34724,1872
34725,1873
34726,1872
34727,1904
34728,1920
34729,1887
34730,1855
34731,1827
34732,1809
34733,1809
34734,1819
34735,1837
34736,1840
34737,1842
34738,1857
34739,1863
34740,1874
34741,1876
34742,1874
34743,1874
34744,1906
34745,1918
34746,1875
34747,1851
34748,1827
34749,1814
34750,1821
34751,1831
34752,1841
34753,1845
34754,1850
34755,1867
34756,1876
34757,1883
34758,1872
34759,1872
34760,1895
34761,1927
34762,1912
34763,1879
34764,1844
34765,1819
34766,1806
34767,1809
34768,1825
34769,1828
34770,1831
34771,1847
34772,1869
34773,1878
34774,1872
34775,1872
34776,1872
34777,1911
34778,1921
34779,1891
34780,1863
34781,1840
34782,1817
34783,1815
34784,1823
34785,1833
34786,1840
34787,1845
34788,1868
34789,1877
34790,1887
34791,1883
34792,1881
34793,1885
34794,1911
34795,1905
34796,1866
34797,1837
34798,1818
34799,1808
34800,1809
34801,1823
34802,1840
34803,1846
34804,1854
34805,1869
34806,1883
34807,1885
34808,1878
34809,1875
34810,1893
34811,1920
34812,1904
34813,1872
34814,1853
34815,1827
34816,1817
34817,1822
34818,1824
34819,1843
34820,1847
34821,1856
34822,1871
34823,1886
34824,1871
34825,1871
34826,1867
34827,1891
34828,1911
34829,1884
34830,1851
34831,1837
34832,1820
34833,1815
34834,1823
34835,1840
34836,1841
34837,1850
34838,1863
34839,1873
34840,1885
34841,1872
34842,1875
34843,1877
34844,1914
34845,1914
34846,1878
34847,1853
34848,1831
34849,1815
34850,1823
34851,1829
34852,1840
34853,1842
34854,1845
34855,1865
34856,1875
34857,1877
34858,1869
34859,1867
34860,1891
34861,1921
34862,1909
34863,1872
34864,1850
34865,1826
34866,1817
34867,1822
34868,1838
34869,1845
34870,1846
34871,1855
34872,1872
34873,1883
34874,1874
34875,1872
34876,1871
34877,1904
34878,1920
34879,1890
34880,1859
34881,1836
34882,1821
34883,1818
34884,1823
34885,1834
34886,1840
34887,1844
34888,1858
34889,1871
34890,1887
34891,1872
34892,1872
34893,1874
34894,1914
34895,1919
34896,1883
34897,1857
34898,1837
34899,1822
34900,1823
34901,1830
34902,1840
34903,1840
34904,1851
34905,1863
34906,1872
34907,1872
34908,1870
34909,1870
34910,1889
34911,1923
34912,1908
34913,1872
34914,1840
34915,1819
34916,1811
34917,1819
34918,1833
34919,1845
34920,1849
34921,1858
34922,1872
34923,1885
34924,1872
34925,1875
34926,1870
34927,1898
34928,1920
34929,1884
34930,1856
34931,1838
34932,1820
34933,1821
34934,1826
34935,1840
34936,1846
34937,1849
34938,1870
34939,1877
34940,1891
34941,1875
34942,1875
34943,1878
34944,1904
34945,1905
34946,1866
34947,1840
34948,1819
34949,1801
34950,1808
34951,1821
34952,1840
34953,1846
34954,1855
34955,1871
34956,1883
34957,1881
34958,1874
34959,1873
34960,1889
34961,1920
34962,1907
34963,1872
34964,1846
34965,1829
34966,1815
34967,1819
34968,1833
34969,1842
34970,1843
34971,1856
34972,1870
34973,1880
34974,1872
34975,1871
34976,1868
34977,1901
34978,1920
34979,1893
34980,1865
34981,1840
34982,1824
34983,1820
34984,1830
34985,1840
34986,1843
34987,1849
34988,1861
34989,1872
34990,1873
34991,1863
34992,1871
34993,1878
34994,1918
34995,1915
34996,1882
34997,1861
34998,1840
34999,1823
35000,1821
35001,1829
35002,1841
35003,1846
35004,1847
35005,1862
35006,1873
35007,1874
35008,1867
35009,1872
35010,1886
35011,1918
35012,1906
35013,1873
35014,1850
35015,1827
35016,1818
35017,1821
35018,1827
35019,1845
35020,1850
35021,1859
35022,1869
35023,1881
35024,1874
35025,1872
35026,1872
35027,1903
35028,1921
35029,1889
35030,1857
35031,1835
35032,1818
35033,1811
35034,1813
35035,1834
35036,1839
35037,1842
35038,1856
35039,1862
35040,1877
35041,1869
35042,1873
35043,1875
35044,1912
35045,1920
35046,1882
35047,1858
35048,1835
35049,1818
35050,1819
35051,1829
35052,1840
35053,1843
35054,1853
35055,1872
35056,1875
35057,1882
35058,1874
35059,1873
35060,1887
35061,1918
35062,1910
35063,1872
35064,1843
35065,1819
35066,1808
35067,1814
35068,1828
35069,1843
35070,1845
35071,1856
35072,1870
35073,1881
35074,1875
35075,1876
35076,1872
35077,1904
35078,1923
35079,1894
35080,1870
35081,1840
35082,1822
35083,1819
35084,1827
35085,1842
35086,1843
35087,1845
35088,1862
35089,1872
35090,1882
35091,1872
35092,1872
35093,1874
35094,1906
35095,1910
35096,1877
35097,1851
35098,1831
35099,1818
35100,1824
35101,1838
35102,1843
35103,1846
35104,1853
35105,1865
35106,1872
35107,1875
35108,1870
35109,1869
35110,1884
35111,1919
35112,1906
35113,1872
35114,1844
35115,1827
35116,1815
35117,1819
35118,1827
35119,1842
35120,1846
35121,1855
35122,1870
35123,1881
35124,1872
35125,1872
35126,1867
35127,1899
35128,1918
35129,1885
35130,1856
35131,1837
35132,1820
35133,1811
35134,1819
35135,1834
35136,1841
35137,1850
35138,1862
35139,1873
35140,1890
35141,1877
35142,1874
35143,1876
35144,1913
35145,1921
35146,1883
35147,1856
35148,1837
35149,1815
35150,1817
35151,1830
35152,1840
35153,1843
35154,1847
35155,1865
35156,1873
35157,1875
35158,1872
35159,1868
35160,1883
35161,1913
35162,1907
35163,1872
35164,1850
35165,1827
35166,1814
35167,1821
35168,1830
35169,1842
35170,1841
35171,1851
35172,1869
35173,1878
35174,1874
35175,1874
35176,1871
35177,1904
35178,1921
35179,1892
35180,1860
35181,1839
35182,1821
35183,1817
35184,1818
35185,1831
35186,1839
35187,1840
35188,1856
35189,1872
35190,1887
35191,1879
35192,1877
35193,1875
35194,1907
35195,1917
35196,1875
35197,1850
35198,1833
35199,1815
35200,1819
35201,1829
35202,1840
35203,1843
35204,1853
35205,1870
35206,1876
35207,1878
35208,1873
35209,1871
35210,1886
35211,1917
35212,1909
35213,1872
35214,1840
35215,1825
35216,1809
35217,1815
35218,1826
35219,1841
35220,1845
35221,1856
35222,1870
35223,1883
35224,1874
35225,1875
35226,1872
35227,1906
35228,1927
35229,1895
35230,1862
35231,1840
35232,1823
35233,1815
35234,1825
35235,1840
35236,1845
35237,1842
35238,2142
35239,896
35240,1857
35241,2074
35242,2160
35243,2179
35244,2214
35245,2214
35246,2111
35247,1979
35248,1814
35249,1632
35250,1569
35251,1616
35252,1709
35253,1743
35254,1767
35255,1808
35256,1845
35257,1890
35258,1921
35259,1961
35260,2000
35261,2041
35262,2014
35263,1927
35264,1860
35265,1776
35266,1730
35267,1731
35268,1743
35269,1766
35270,527
35271,1634
35272,2004
35273,2173
35274,2183
35275,2206
35276,2193
35277,2145
35278,2039
35279,1840
35280,1643
35281,1535
35282,1599
35283,1648
35284,1700
35285,1763
35286,1806
35287,1847
35288,1911
35289,1968
35290,2023
35291,2032
35292,2018
35293,1978
35294,1934
35295,1870
35296,1787
35297,1735
35298,1727
35299,1739
35300,1755
35301,1412
35302,1360
35303,1910
35304,2094
35305,2160
35306,2177
35307,2192
35308,2114
35309,1977
35310,1845
35311,1745
35312,1727
35313,1728
35314,1741
35315,1751
35316,1775
35317,1809
35318,1856
35319,1914
35320,1947
35321,1999
35322,2019
35323,2000
35324,1934
35325,1856
35326,1803
35327,1792
35328,1815
35329,1807
35330,1802
35331,1791
35332,2701
35333,925
35334,1795
35335,2001
35336,2096
35337,2128
35338,2179
35339,2145
35340,2074
35341,1937
35342,1693
35343,1678
35344,1761
35345,1791
35346,1796
35347,1810
35348,1831
35349,1854
35350,1904
35351,1967
35352,2014
35353,2010
35354,1968
35355,1899
35356,1834
35357,1795
35358,1754
35359,1743
35360,1776
35361,1840
35362,1858
35363,1840
35364,619
35365,1719
35366,1961
35367,2066
35368,2111
35369,2161
35370,2124
35371,2095
35372,1973
35373,1696
35374,1654
35375,1715
35376,1760
35377,1840
35378,1899
35379,1909
35380,1921
35381,1937
35382,1963
35383,1985
35384,1978
35385,1930
35386,1840
35387,1776
35388,1757
35389,1767
35390,1791
35391,1795
35392,1820
35393,1838
35394,1873
35395,534
35396,1592
35397,1955
35398,2043
35399,2064
35400,2087
35401,2059
35402,2017
35403,1939
35404,1761
35405,1737
35406,1789
35407,1818
35408,1843
35409,1868
35410,1907
35411,1966
35412,1993
35413,1997
35414,1999
35415,1975
35416,1911
35417,1821
35418,1778
35419,1765
35420,1742
35421,1742
35422,1769
35423,1811
35424,1815
35425,1831
35426,2282
35427,1190
35428,1954
35429,2092
35430,2101
35431,2091
35432,2030
35433,1954
35434,1905
35435,1790
35436,1779
35437,1825
35438,1840
35439,1862
35440,1888
35441,1894
35442,1920
35443,1950
35444,2016
35445,2063
35446,2030
35447,1961
35448,1856
35449,1789
35450,1755
35451,1737
35452,1716
35453,1730
35454,1776
35455,1815
35456,1839
35457,2143
35458,631
35459,1796
35460,2064
35461,2179
35462,2163
35463,2078
35464,1949
35465,1903
35466,1779
35467,1776
35468,1840
35469,1850
35470,1856
35471,1869
35472,1895
35473,1917
35474,1935
35475,1969
35476,1993
35477,2022
35478,2010
35479,1907
35480,1825
35481,1771
35482,1739
35483,1733
35484,1741
35485,1774
35486,1796
35487,1808
35488,1829
35489,258
35490,1669
35491,2064
35492,2184
35493,2195
35494,2190
35495,2045
35496,1993
35497,1847
35498,1726
35499,1744
35500,1785
35501,1821
35502,1837
35503,1847
35504,1872
35505,1913
35506,1959
35507,1994
35508,1995
35509,1963
35510,1902
35511,1877
35512,1856
35513,1811
35514,1779
35515,1762
35516,1762
35517,1779
35518,1799
35519,1826
35520,1067
35521,1282
35522,1983
35523,2182
35524,2238
35525,2240
35526,2079
35527,2033
35528,1955
35529,1761
35530,1759
35531,1759
35532,1767
35533,1786
35534,1808
35535,1840
35536,1872
35537,1909
35538,1960
35539,1986
35540,1983
35541,1911
35542,1857
35543,1840
35544,1854
35545,1856
35546,1807
35547,1787
35548,1787
35549,1780
35550,1792
35551,2660
35552,871
35553,1885
35554,2138
35555,2247
35556,2292
35557,2160
35558,2038
35559,1962
35560,1763
35561,1780
35562,1790
35563,1793
35564,1805
35565,1799
35566,1807
35567,1839
35568,1882
35569,1925
35570,1942
35571,1942
35572,1922
35573,1885
35574,1853
35575,1837
35576,1822
35577,1837
35578,1866
35579,1843
35580,1830
35581,1821
35582,1813
35583,259
35584,1696
35585,2077
35586,2225
35587,2297
35588,2226
35589,2059
35590,2021
35591,1768
35592,1709
35593,1733
35594,1795
35595,1849
35596,1840
35597,1840
35598,1841
35599,1857
35600,1891
35601,1927
35602,1939
35603,1915
35604,1865
35605,1857
35606,1845
35607,1833
35608,1811
35609,1813
35610,1837
35611,1878
35612,1886
35613,1860
35614,406
35615,1458
35616,1991
35617,2176
35618,2257
35619,2229
35620,2023
35621,2001
35622,1821
35623,1755
35624,1758
35625,1773
35626,1805
35627,1855
35628,1902
35629,1902
35630,1888
35631,1893
35632,1907
35633,1911
35634,1898
35635,1858
35636,1831
35637,1818
35638,1825
35639,1823
35640,1813
35641,1808
35642,1823
35643,1841
35644,1888
35645,1818
35646,1134
35647,1953
35648,2158
35649,2236
35650,2240
35651,2022
35652,1954
35653,1856
35654,1731
35655,1749
35656,1797
35657,1835
35658,1844
35659,1856
35660,1889
35661,1936
35662,1954
35663,1939
35664,1915
35665,1892
35666,1842
35667,1823
35668,1827
35669,1830
35670,1815
35671,1808
35672,1824
35673,1839
35674,1843
35675,1851
35676,2702
35677,705
35678,1911
35679,2176
35680,2267
35681,2285
35682,2066
35683,1934
35684,1860
35685,1735
35686,1744
35687,1757
35688,1803
35689,1842
35690,1872
35691,1872
35692,1891
35693,1918
35694,1968
35695,1993
35696,1959
35697,1904
35698,1842
35699,1821
35700,1808
35701,1799
35702,1782
35703,1783
35704,1802
35705,1837
35706,1855
35707,1868
35708,234
35709,1696
35710,2113
35711,2304
35712,2368
35713,2187
35714,1957
35715,1904
35716,1727
35717,1718
35718,1741
35719,1771
35720,1802
35721,1834
35722,1865
35723,1889
35724,1904
35725,1926
35726,1939
35727,1968
35728,1970
35729,1907
35730,1859
35731,1838
35732,1808
35733,1777
35734,1766
35735,1777
35736,1808
35737,1818
35738,1841
35739,601
35740,1435
35741,2035
35742,2253
35743,2345
35744,2301
35745,2044
35746,1962
35747,1764
35748,1723
35749,1715
35750,1744
35751,1791
35752,1817
35753,1838
35754,1861
35755,1897
35756,1931
35757,1956
35758,1957
35759,1934
35760,1905
35761,1919
35762,1907
35763,1863
35764,1808
35765,1769
35766,1755
35767,1777
35768,1797
35769,1819
35770,2635
35771,884
35772,1920
35773,2218
35774,2322
35775,2325
35776,2064
35777,1978
35778,1829
35779,1796
35780,1791
35781,1774
35782,1780
35783,1792
35784,1807
35785,1835
35786,1858
35787,1885
35788,1922
35789,1959
35790,1958
35791,1914
35792,1887
35793,1871
35794,1897
35795,1891
35796,1840
35797,1808
35798,1788
35799,1785
35800,1794
35801,1905
35802,355
35803,1751
35804,2116
35805,2277
35806,2347
35807,2149
35808,1962
35809,1805
35810,1782
35811,1853
35812,1856
35813,1837
35814,1824
35815,1821
35816,1818
35817,1827
35818,1855
35819,1895
35820,1918
35821,1927
35822,1922
35823,1904
35824,1886
35825,1871
35826,1858
35827,1859
35828,1865
35829,1825
35830,1822
35831,1812
35832,1807
35833,240
35834,1505
35835,2030
35836,2224
35837,2311
35838,2205
35839,1968
35840,1899
35841,1805
35842,1808
35843,1807
35844,1839
35845,1870
35846,1856
35847,1849
35848,1841
35849,1838
35850,1862
35851,1883
35852,1904
35853,1900
35854,1871
35855,1871
35856,1874
35857,1883
35858,1849
35859,1835
35860,1840
35861,1872
35862,1878
35863,1856
35864,1837
35865,1826
35866,1814
35867,1826
35868,1840
35869,1853
35870,1857
35871,1870
35872,1886
35873,1898
35874,1887
35875,1872
35876,1872
35877,1895
35878,1918
35879,1902
35880,1871
35881,1847
35882,1829
35883,1824
35884,1830
35885,1841
35886,1851
35887,1846
35888,1858
35889,1870
35890,1881
35891,1872
35892,1869
35893,1862
35894,1901
35895,1917
35896,1885
35897,1859
35898,1840
35899,1827
35900,1830
35901,1840
35902,1843
35903,1849
35904,1854
35905,1858
35906,1863
35907,1865
35908,1859
35909,1871
35910,1873
35911,1907
35912,1909
35913,1878
35914,1853
35915,1834
35916,1823
35917,1834
35918,1838
35919,1846
35920,1849
35921,1856
35922,1857
35923,1873
35924,1884
35925,1879
35926,1872
35927,1895
35928,1917
35929,1894
35930,1861
35931,1834
35932,1804
35933,1793
35934,1810
35935,1829
35936,1840
35937,1844
35938,1856
35939,1863
35940,1875
35941,1871
35942,1871
35943,1874
35944,1907
35945,1919
35946,1883
35947,1856
35948,1837
35949,1815
35950,1820
35951,1827
35952,1840
35953,1846
35954,1853
35955,1867
35956,1875
35957,1883
35958,1872
35959,1871
35960,1876
35961,1911
35962,1908
35963,1875
35964,1844
35965,1831
35966,1817
35967,1823
35968,1831
35969,1842
35970,1840
35971,1843
35972,1865
35973,1878
35974,1876
35975,1874
35976,1870
35977,1895
35978,1926
35979,1910
35980,1879
35981,1854
35982,1839
35983,1819
35984,1824
35985,1826
35986,1830
35987,1839
35988,1862
35989,1868
35990,1873
35991,1859
35992,1868
35993,1871
35994,1898
35995,1910
35996,1874
35997,1847
35998,1828
35999,1821
36000,1830
36001,1841
36002,1856
36003,1865
36004,1861
36005,1861
36006,1847
36007,1851
36008,1857
36009,1865
36010,1875
36011,1905
36012,1913
36013,1881
36014,1854
36015,1835
36016,1819
36017,1821
36018,1821
36019,1835
36020,1839
36021,1847
36022,1871
36023,1882
36024,1872
36025,1871
36026,1870
36027,1887
36028,1918
36029,1888
36030,1855
36031,1840
36032,1817
36033,1811
36034,1821
36035,1839
36036,1843
36037,1845
36038,1859
36039,1872
36040,1886
36041,1879
36042,1877
36043,1873
36044,1902
36045,1905
36046,1875
36047,1851
36048,1832
36049,1815
36050,1819
36051,1827
36052,1840
36053,1840
36054,1843
36055,1856
36056,1868
36057,1876
36058,1872
36059,1867
36060,1881
36061,1916
36062,1916
36063,1872
36064,1854
36065,1831
36066,1813
36067,1814
36068,1827
36069,1840
36070,1843
36071,1853
36072,1868
36073,1877
36074,1872
36075,1870
36076,1870
36077,1892
36078,1918
36079,1904
36080,1866
36081,1840
36082,1822
36083,1815
36084,1813
36085,1827
36086,1837
36087,1840
36088,1855
36089,1869
36090,1882
36091,1872
36092,1874
36093,1871
36094,1904
36095,1918
36096,1885
36097,1856
36098,1834
36099,1813
36100,1815
36101,1825
36102,1840
36103,1845
36104,1851
36105,1869
36106,1872
36107,1879
36108,1872
36109,1872
36110,1872
36111,1904
36112,1910
36113,1872
36114,1842
36115,1824
36116,1811
36117,1817
36118,1830
36119,1843
36120,1847
36121,1856
36122,1871
36123,1875
36124,1874
36125,1872
36126,1870
36127,1885
36128,1895
36129,1882
36130,1865
36131,1850
36132,1838
36133,1829
36134,1833
36135,1841
36136,1847
36137,1851
36138,1859
36139,1867
36140,1875
36141,1872
36142,1872
36143,1871
36144,1887
36145,1898
36146,1872
36147,1852
36148,1838
36149,1821
36150,1818
36151,1825
36152,1840
36153,1851
36154,1856
36155,1872
36156,1878
36157,1892
36158,1878
36159,1875
36160,1874
36161,1899
36162,1891
36163,1857
36164,1837
36165,1827
36166,1827
36167,1834
36168,1845
36169,1858
36170,1868
36171,1872
36172,1874
36173,1878
36174,1867
36175,1842
36176,1838
36177,1854
36178,1889
36179,1887
36180,1869
36181,1847
36182,1839
36183,1829
36184,1833
36185,1844
36186,1843
36187,1846
36188,1856
36189,1869
36190,1879
36191,1873
36192,1872
36193,1872
36194,1891
36195,1904
36196,1882
36197,1860
36198,1845
36199,1835
36200,1833
36201,1839
36202,1843
36203,1851
36204,1847
36205,1861
36206,1870
36207,1873
36208,1870
36209,1872
36210,1871
36211,1893
36212,1899
36213,1872
36214,1856
36215,1841
36216,1829
36217,1835
36218,1834
36219,1844
36220,1850
36221,1856
36222,1869
36223,1872
36224,1873
36225,1872
36226,1870
36227,1882
36228,1904
36229,1886
36230,1866
36231,1846
36232,1830
36233,1822
36234,1826
36235,1836
36236,1843
36237,1846
36238,1854
36239,1858
36240,1867
36241,1869
36242,1872
36243,1872
36244,1891
36245,1903
36246,1877
36247,1857
36248,1842
36249,1829
36250,1830
36251,1838
36252,1845
36253,1847
36254,1853
36255,1865
36256,1872
36257,1878
36258,1874
36259,1877
36260,1878
36261,1905
36262,1908
36263,1878
36264,1842
36265,1814
36266,1805
36267,1813
36268,1829
36269,1846
36270,1846
36271,1853
36272,1867
36273,1872
36274,1872
36275,1870
36276,1869
36277,1879
36278,1902
36279,1894
36280,1872
36281,1853
36282,1840
36283,1832
36284,1835
36285,1843
36286,1850
36287,1855
36288,1861
36289,1872
36290,1881
36291,1872
36292,1872
36293,1870
36294,1885
36295,1900
36296,1875
36297,1856
36298,1838
36299,1830
36300,1828
36301,1837
36302,1846
36303,1851
36304,1851
36305,1862
36306,1869
36307,1875
36308,1872
36309,1871
36310,1872
36311,1897
36312,1899
36313,1873
36314,1856
36315,1840
36316,1828
36317,1829
36318,1833
36319,1843
36320,1842
36321,1855
36322,1867
36323,1873
36324,1867
36325,1861
36326,1862
36327,1873
36328,1894
36329,1886
36330,1861
36331,1853
36332,1839
36333,1835
36334,1831
36335,1840
36336,1847
36337,1851
36338,1857
36339,1870
36340,1873
36341,1872
36342,1871
36343,1868
36344,1889
36345,1904
36346,1881
36347,1859
36348,1840
36349,1830
36350,1830
36351,1839
36352,1843
36353,1845
36354,1847
36355,1858
36356,1866
36357,1872
36358,1872
36359,1866
36360,1871
36361,1896
36362,1902
36363,1874
36364,1856
36365,1841
36366,1829
36367,1831
36368,1838
36369,1845
36370,1851
36371,1856
36372,1867
36373,1875
36374,1872
36375,1872
36376,1870
36377,1879
36378,1901
36379,1891
36380,1870
36381,1849
36382,1839
36383,1830
36384,1827
36385,1835
36386,1841
36387,1843
36388,1855
36389,1872
36390,1879
36391,1872
36392,1872
36393,1871
36394,1887
36395,1901
36396,1883
36397,1857
36398,1844
36399,1831
36400,1831
36401,1837
36402,1843
36403,1850
36404,1855
36405,1867
36406,1872
36407,1877
36408,1872
36409,1872
36410,1875
36411,1895
36412,1902
36413,1875
36414,1855
36415,1835
36416,1822
36417,1825
36418,1835
36419,1847
36420,1845
36421,1856
36422,1868
36423,1874
36424,1875
36425,1871
36426,1872
36427,1883
36428,1904
36429,1904
36430,1872
36431,1855
36432,1839
36433,1835
36434,1838
36435,1841
36436,1853
36437,1851
36438,1857
36439,1863
36440,1872
36441,1873
36442,1871
36443,1863
36444,1875
36445,1897
36446,1880
36447,1858
36448,1840
36449,1822
36450,1819
36451,1825
36452,1843
36453,1851
36454,1855
36455,1869
36456,1872
36457,1876
36458,1872
36459,1872
36460,1872
36461,1892
36462,1902
36463,1876
36464,1856
36465,1843
36466,1829
36467,1834
36468,1840
36469,1846
36470,1851
36471,1856
36472,1872
36473,1875
36474,1872
36475,1871
36476,1867
36477,1877
36478,1893
36479,1891
36480,1863
36481,1851
36482,1837
36483,1827
36484,1831
36485,1840
36486,1850
36487,1853
36488,1859
36489,1872
36490,1877
36491,1873
36492,1876
36493,1873
36494,1893
36495,1904
36496,1883
36497,1854
36498,1837
36499,1829
36500,1826
36501,1835
36502,1843
36503,1847
36504,1847
36505,1856
36506,1867
36507,1872
36508,1865
36509,1869
36510,1869
36511,1893
36512,1898
36513,1872
36514,1855
36515,1843
36516,1833
36517,1834
36518,1835
36519,1853
36520,1856
36521,1859
36522,1872
36523,1876
36524,1873
36525,1867
36526,1869
36527,1876
36528,1899
36529,1881
36530,1863
36531,1841
36532,1831
36533,1821
36534,1829
36535,1838
36536,1842
36537,1844
36538,1850
36539,1857
36540,1867
36541,1872
36542,1872
36543,1871
36544,1889
36545,1898
36546,1875
36547,1859
36548,1842
36549,1837
36550,1836
36551,1840
36552,1846
36553,1853
36554,1854
36555,1863
36556,1871
36557,1875
36558,1869
36559,1871
36560,1874
36561,1895
36562,1902
36563,1872
36564,1850
36565,1836
36566,1824
36567,1823
36568,1836
36569,1842
36570,1842
36571,1847
36572,1867
36573,1873
36574,1876
36575,1872
36576,1872
36577,1885
36578,1908
36579,1904
36580,1873
36581,1856
36582,1834
36583,1821
36584,1817
36585,1835
36586,1847
36587,1851
36588,1857
36589,1867
36590,1871
36591,1867
36592,1872
36593,1867
36594,1886
36595,1897
36596,1879
36597,1863
36598,1850
36599,1842
36600,1838
36601,1840
36602,1843
36603,1847
36604,1853
36605,1855
36606,1857
36607,1871
36608,1865
36609,1866
36610,1870
36611,1894
36612,1904
36613,1873
36614,1854
36615,1837
36616,1824
36617,1827
36618,1837
36619,1842
36620,1846
36621,1854
36622,1867
36623,1872
36624,1872
36625,1866
36626,1867
36627,1875
36628,1901
36629,1888
36630,1862
36631,1847
36632,1836
36633,1826
36634,1835
36635,1842
36636,1848
36637,1853
36638,1859
36639,1871
36640,1875
36641,1873
36642,1872
36643,1869
36644,1885
36645,1905
36646,1888
36647,1865
36648,1840
36649,1827
36650,1826
36651,1835
36652,1840
36653,1851
36654,1846
36655,1856
36656,1862
36657,1872
36658,1869
36659,1862
36660,1867
36661,1901
36662,1903
36663,1871
36664,1853
36665,1837
36666,1825
36667,1830
36668,1840
36669,1847
36670,1851
36671,1855
36672,1869
36673,1872
36674,1877
36675,1873
36676,1869
36677,1881
36678,1903
36679,1897
36680,1870
36681,1854
36682,1838
36683,1827
36684,1829
36685,1837
36686,1841
36687,1845
36688,1855
36689,1872
36690,1879
36691,1873
36692,1872
36693,1868
36694,1890
36695,1903
36696,1885
36697,1862
36698,1843
36699,1832
36700,1829
36701,1836
36702,1843
36703,1847
36704,1853
36705,1869
36706,1872
36707,1879
36708,1872
36709,1871
36710,1872
36711,1895
36712,1901
36713,1872
36714,1849
36715,1834
36716,1821
36717,1821
36718,1830
36719,1841
36720,1850
36721,1857
36722,1867
36723,1872
36724,1872
36725,1871
36726,1871
36727,1878
36728,1902
36729,1895
36730,1872
36731,1847
36732,1831
36733,1822
36734,1829
36735,1839
36736,1848
36737,1854
36738,1862
36739,1875
36740,1881
36741,1874
36742,1872
36743,1871
36744,1881
36745,1895
36746,1872
36747,1855
36748,1840
36749,1826
36750,1823
36751,1827
36752,1847
36753,1856
36754,1866
36755,1876
36756,1885
36757,1885
36758,1872
36759,1863
36760,1858
36761,1883
36762,1890
36763,1867
36764,1846
36765,1834
36766,1828
36767,1835
36768,1839
36769,1849
36770,1847
36771,1849
36772,1866
36773,1872
36774,1872
36775,1868
36776,1861
36777,1872
36778,1896
36779,1895
36780,1871
36781,1855
36782,1841
36783,1836
36784,1839
36785,1845
36786,1853
36787,1857
36788,1865
36789,1873
36790,1877
36791,1872
36792,1872
36793,1866
36794,1882
36795,1900
36796,1878
36797,1858
36798,1840
36799,1833
36800,1827
36801,1837
36802,1845
36803,1854
36804,1848
36805,1862
36806,1867
36807,1872
36808,1865
36809,1871
36810,1870
36811,1895
36812,1901
36813,1874
36814,1857
36815,1839
36816,1826
36817,1830
36818,1836
36819,1850
36820,1850
36821,1856
36822,1867
36823,1872
36824,1875
36825,1871
36826,1872
36827,1881
36828,1904
36829,1891
36830,1867
36831,1840
36832,1830
36833,1826
36834,1830
36835,1837
36836,1841
36837,1845
36838,1857
36839,1863
36840,1870
36841,1867
36842,1872
36843,1870
36844,1886
36845,1902
36846,1883
36847,1861
36848,1846
36849,1836
36850,1834
36851,1840
36852,1846
36853,1851
36854,1855
36855,1867
36856,1872
36857,1877
36858,1871
36859,1872
36860,1872
36861,1895
36862,1902
36863,1877
36864,1856
36865,555
36866,1696
36867,1984
36868,2069
36869,2071
36870,2064
36871,2073
36872,2047
36873,1967
36874,1905
36875,1863
36876,1833
36877,1781
36878,1802
36879,1819
36880,1795
36881,1791
36882,1798
36883,1819
36884,1852
36885,1894
36886,1936
36887,1955
36888,1963
36889,1948
36890,1903
36891,1843
36892,1815
36893,1797
36894,1793
36895,1808
36896,890
36897,1467
36898,1903
36899,2032
36900,2037
36901,2039
36902,2051
36903,2013
36904,1922
36905,1871
36906,1856
36907,1841
36908,1777
36909,1779
36910,1786
36911,1825
36912,1855
36913,1857
36914,1872
36915,1896
36916,1924
36917,1951
36918,1943
36919,1933
36920,1875
36921,1826
36922,1798
36923,1781
36924,1781
36925,1792
36926,1806
36927,2879
36928,1168
36929,1877
36930,2021
36931,2054
36932,2031
36933,2031
36934,2016
36935,1936
36936,1863
36937,1871
36938,1859
36939,1791
36940,1806
36941,1814
36942,1831
36943,1847
36944,1891
36945,1943
36946,1968
36947,1983
36948,1983
36949,1953
36950,1904
36951,1833
36952,1783
36953,1749
36954,1745
36955,1776
36956,1794
36957,1817
36958,1823
36959,688
36960,1750
36961,2029
36962,2123
36963,2110
36964,2123
36965,2121
36966,2029
36967,1939
36968,1921
36969,1799
36970,1655
36971,1681
36972,1742
36973,1791
36974,1831
36975,1872
36976,1914
36977,1968
36978,2023
36979,2037
36980,1987
36981,1895
36982,1810
36983,1751
36984,1715
36985,1735
36986,1755
36987,1777
36988,1807
36989,1833
36990,570
36991,1600
36992,1974
36993,2091
36994,2135
36995,2178
36996,2192
36997,2107
36998,2003
36999,1931
37000,1698
37001,1594
37002,1667
37003,1734
37004,1787
37005,1842
37006,1893
37007,1939
37008,1978
37009,2010
37010,2010
37011,1987
37012,1920
37013,1829
37014,1765
37015,1728
37016,1727
37017,1744
37018,1776
37019,1807
37020,1815
37021,1499
37022,1354
37023,1940
37024,2099
37025,2143
37026,2160
37027,2191
37028,2160
37029,2063
37030,1949
37031,1699
37032,1595
37033,1648
37034,1712
37035,1776
37036,1834
37037,1872
37038,1923
37039,1977
37040,2017
37041,2013
37042,1969
37043,1885
37044,1833
37045,1813
37046,1779
37047,1763
37048,1760
37049,1766
37050,1777
37051,1797
37052,2384
37053,807
37054,1826
37055,2047
37056,2137
37057,2160
37058,2159
37059,2143
37060,2032
37061,1936
37062,1769
37063,1666
37064,1727
37065,1760
37066,1792
37067,1826
37068,1869
37069,1915
37070,1959
37071,2000
37072,2019
37073,1974
37074,1887
37075,1811
37076,1777
37077,1775
37078,1803
37079,1813
37080,1809
37081,1808
37082,1809
37083,1811
37084,397
37085,1695
37086,2003
37087,2113
37088,2135
37089,2145
37090,2138
37091,2027
37092,1881
37093,1737
37094,1730
37095,1833
37096,1843
37097,1840
37098,1846
37099,1859
37100,1887
37101,1933
37102,1970
37103,1982
37104,1946
37105,1886
37106,1827
37107,1806
37108,1781
37109,1790
37110,1794
37111,1835
37112,1856
37113,1841
37114,1839
37115,603
37116,1442
37117,1942
37118,2081
37119,2128
37120,2123
37121,2109
37122,2035
37123,1891
37124,1766
37125,1744
37126,1827
37127,1851
37128,1879
37129,1891
37130,1890
37131,1901
37132,1919
37133,1941
37134,1959
37135,1941
37136,1882
37137,1815
37138,1792
37139,1786
37140,1789
37141,1790
37142,1801
37143,1826
37144,1853
37145,1878
37146,2320
37147,1085
37148,1906
37149,2099
37150,2159
37151,2151
37152,2131
37153,2074
37154,1946
37155,1775
37156,1685
37157,1762
37158,1793
37159,1824
37160,1849
37161,1903
37162,1941
37163,1951
37164,1967
37165,1971
37166,1945
37167,1883
37168,1817
37169,1797
37170,1776
37171,1774
37172,1781
37173,1799
37174,1824
37175,1835
37176,1843
37177,2115
37178,576
37179,1847
37180,2128
37181,2213
37182,2201
37183,2172
37184,2111
37185,1995
37186,1779
37187,1648
37188,1687
37189,1750
37190,1804
37191,1837
37192,1863
37193,1891
37194,1934
37195,1984
37196,1994
37197,1963
37198,1901
37199,1826
37200,1791
37201,1785
37202,1791
37203,1792
37204,1797
37205,1821
37206,1840
37207,1857
37208,1858
37209,298
37210,1578
37211,2082
37212,2244
37213,2270
37214,2240
37215,2149
37216,2038
37217,1819
37218,1575
37219,1615
37220,1728
37221,1781
37222,1823
37223,1859
37224,1890
37225,1911
37226,1942
37227,1977
37228,1999
37229,1959
37230,1871
37231,1819
37232,1792
37233,1781
37234,1779
37235,1790
37236,1808
37237,1821
37238,1837
37239,1856
37240,1382
37241,1232
37242,1979
37243,2179
37244,2269
37245,2299
37246,2203
37247,2096
37248,1903
37249,1606
37250,1616
37251,1714
37252,1764
37253,1802
37254,1831
37255,1868
37256,1904
37257,1942
37258,1973
37259,1982
37260,1951
37261,1920
37262,1878
37263,1840
37264,1809
37265,1789
37266,1773
37267,1779
37268,1802
37269,1815
37270,1835
37271,2873
37272,816
37273,1895
37274,2151
37275,2244
37276,2288
37277,2235
37278,2174
37279,2018
37280,1683
37281,1606
37282,1687
37283,1727
37284,1758
37285,1807
37286,1847
37287,1877
37288,1921
37289,1971
37290,1998
37291,1978
37292,1913
37293,1847
37294,1843
37295,1850
37296,1833
37297,1808
37298,1794
37299,1795
37300,1806
37301,1820
37302,1838
37303,231
37304,1686
37305,2077
37306,2208
37307,2272
37308,2224
37309,2133
37310,2025
37311,1755
37312,1662
37313,1744
37314,1781
37315,1792
37316,1809
37317,1830
37318,1859
37319,1904
37320,1936
37321,1964
37322,1967
37323,1932
37324,1879
37325,1846
37326,1833
37327,1829
37328,1845
37329,1846
37330,1827
37331,1819
37332,1817
37333,1815
37334,570
37335,1409
37336,2021
37337,2213
37338,2291
37339,2288
37340,2194
37341,2110
37342,1839
37343,1535
37344,1654
37345,1766
37346,1788
37347,1808
37348,1824
37349,1840
37350,1859
37351,1895
37352,1932
37353,1952
37354,1930
37355,1893
37356,1869
37357,1860
37358,1834
37359,1824
37360,1817
37361,1840
37362,1862
37363,1855
37364,1840
37365,2195
37366,963
37367,1904
37368,2149
37369,2256
37370,2288
37371,2195
37372,2131
37373,1942
37374,1567
37375,1611
37376,1743
37377,1787
37378,1845
37379,1873
37380,1875
37381,1886
37382,1904
37383,1920
37384,1934
37385,1926
37386,1889
37387,1856
37388,1844
37389,1842
37390,1840
37391,1824
37392,1819
37393,1827
37394,1855
37395,1879
37396,2122
37397,464
37398,1794
37399,2095
37400,2211
37401,2271
37402,2201
37403,2116
37404,1975
37405,1610
37406,1584
37407,1750
37408,1797
37409,1827
37410,1852
37411,1899
37412,1935
37413,1939
37414,1948
37415,1952
37416,1933
37417,1885
37418,1837
37419,1837
37420,1822
37421,1813
37422,1815
37423,1817
37424,1829
37425,1831
37426,1840
37427,1856
37428,211
37429,1675
37430,2067
37431,2197
37432,2256
37433,2203
37434,2109
37435,2027
37436,1682
37437,1573
37438,1719
37439,1783
37440,1811
37441,1841
37442,1866
37443,1899
37444,1937
37445,1986
37446,1994
37447,1968
37448,1913
37449,1850
37450,1821
37451,1810
37452,1808
37453,1803
37454,1794
37455,1808
37456,1835
37457,1854
37458,1856
37459,1094
37460,1271
37461,2014
37462,2233
37463,2301
37464,2278
37465,2154
37466,2064
37467,1773
37468,1497
37469,1638
37470,1745
37471,1792
37472,1840
37473,1872
37474,1904
37475,1919
37476,1942
37477,1970
37478,2000
37479,1973
37480,1902
37481,1852
37482,1821
37483,1793
37484,1783
37485,1786
37486,1793
37487,1810
37488,1836
37489,1856
37490,1871
37491,1873
37492,1872
37493,1872
37494,1888
37495,1910
37496,1899
37497,1875
37498,1858
37499,1855
37500,1843
37501,1841
37502,1841
37503,1843
37504,1845
37505,1859
37506,1870
37507,1878
37508,1873
37509,1872
37510,1872
37511,1891
37512,1904
37513,1881
37514,1861
37515,1841
37516,1831
37517,1830
37518,1831
37519,1847
37520,1851
37521,1854
37522,1866
37523,1872
37524,1873
37525,1866
37526,1862
37527,1870
37528,1891
37529,1888
37530,1863
37531,1854
37532,1839
37533,1830
37534,1834
37535,1840
37536,1847
37537,1852
37538,1858
37539,1872
37540,1875
37541,1872
37542,1871
37543,1874
37544,1894
37545,1908
37546,1904
37547,1882
37548,1847
37549,1808
37550,1808
37551,1824
37552,1845
37553,1852
37554,1855
37555,1869
37556,1872
37557,1879
37558,1865
37559,1855
37560,1859
37561,1890
37562,1897
37563,1870
37564,1847
37565,1837
37566,1829
37567,1835
37568,1840
37569,1842
37570,1842
37571,1840
37572,1858
37573,1869
37574,1875
37575,1873
37576,1872
37577,1876
37578,1903
37579,1902
37580,1877
37581,1858
37582,1844
37583,1831
37584,1831
37585,1837
37586,1840
37587,1845
37588,1853
37589,1867
37590,1872
37591,1874
37592,1872
37593,1871
37594,1883
37595,1901
37596,1889
37597,1870
37598,1849
37599,1839
37600,1830
37601,1834
37602,1843
37603,1845
37604,1851
37605,1862
37606,1874
37607,1888
37608,1878
37609,1872
37610,1871
37611,1889
37612,1901
37613,1874
37614,1840
37615,1823
37616,1813
37617,1818
37618,1829
37619,1845
37620,1849
37621,1854
37622,1865
37623,1872
37624,1875
37625,1870
37626,1871
37627,1873
37628,1896
37629,1892
37630,1873
37631,1853
37632,1839
37633,1829
37634,1830
37635,1840
37636,1849
37637,1851
37638,1855
37639,1868
37640,1872
37641,1872
37642,1870
37643,1870
37644,1874
37645,1893
37646,1879
37647,1856
37648,1840
37649,1825
37650,1820
37651,1837
37652,1843
37653,1851
37654,1855
37655,1863
37656,1872
37657,1872
37658,1869
37659,1871
37660,1867
37661,1888
37662,1903
37663,1876
37664,1856
37665,1840
37666,1831
37667,1829
37668,1831
37669,1839
37670,1849
37671,1854
37672,1866
37673,1872
37674,1873
37675,1865
37676,1861
37677,1862
37678,1883
37679,1887
37680,1865
37681,1846
37682,1840
37683,1825
37684,1835
37685,1844
37686,1854
37687,1853
37688,1858
37689,1868
37690,1873
37691,1872
37692,1870
37693,1867
37694,1871
37695,1891
37696,1885
37697,1861
37698,1844
37699,1830
37700,1825
37701,1833
37702,1840
37703,1847
37704,1844
37705,1854
37706,1863
37707,1869
37708,1865
37709,1871
37710,1869
37711,1892
37712,1902
37713,1880
37714,1857
37715,1840
37716,1829
37717,1834
37718,1840
37719,1841
37720,1850
37721,1851
37722,1865
37723,1868
37724,1871
37725,1865
37726,1867
37727,1872
37728,1902
37729,1894
37730,1874
37731,1854
37732,1840
37733,1830
37734,1835
37735,1835
37736,1832
37737,1830
37738,1840
37739,1853
37740,1865
37741,1868
37742,1872
37743,1872
37744,1886
37745,1903
37746,1889
37747,1870
37748,1846
37749,1835
37750,1824
37751,1822
37752,1840
37753,1849
37754,1852
37755,1859
37756,1871
37757,1880
37758,1872
37759,1872
37760,1871
37761,1889
37762,1904
37763,1884
37764,1861
37765,1841
37766,1829
37767,1823
37768,1831
37769,1846
37770,1843
37771,1842
37772,1863
37773,1874
37774,1886
37775,1878
37776,1872
37777,1872
37778,1895
37779,1897
37780,1870
37781,1853
37782,1840
37783,1835
37784,1834
37785,1830
37786,1835
37787,1841
37788,1853
37789,1867
37790,1878
37791,1886
37792,1888
37793,1897
37794,1909
37795,1927
37796,1910
37797,1877
37798,1846
37799,1824
37800,1792
37801,1786
37802,1801
37803,1823
37804,1834
37805,1845
37806,1865
37807,1873
37808,1872
37809,1872
37810,1870
37811,1894
37812,1905
37813,1881
37814,1863
37815,1843
37816,1833
37817,1835
37818,1825
37819,1840
37820,1847
37821,1851
37822,1869
37823,1872
37824,1872
37825,1870
37826,1866
37827,1871
37828,1893
37829,1894
37830,1869
37831,1853
37832,1840
37833,1831
37834,1831
37835,1840
37836,1853
37837,1862
37838,1865
37839,1872
37840,1877
37841,1869
37842,1863
37843,1866
37844,1882
37845,1904
37846,1901
37847,1870
37848,1855
37849,1838
37850,1825
37851,1825
37852,1835
37853,1843
37854,1851
37855,1855
37856,1863
37857,1872
37858,1870
37859,1866
37860,1872
37861,1892
37862,1904
37863,1878
37864,1860
37865,1841
37866,1829
37867,1831
37868,1839
37869,1843
37870,1847
37871,1855
37872,1869
37873,1873
37874,1883
37875,1874
37876,1870
37877,1874
37878,1898
37879,1899
37880,1870
37881,1851
37882,1841
37883,1834
37884,1833
37885,1840
37886,1847
37887,1853
37888,1856
37889,1872
37890,1875
37891,1872
37892,1866
37893,1871
37894,1872
37895,1891
37896,1887
37897,1866
37898,1843
37899,1836
37900,1830
37901,1831
37902,1843
37903,1847
37904,1852
37905,1859
37906,1871
37907,1879
37908,1873
37909,1872
37910,1871
37911,1891
37912,1903
37913,1882
37914,1857
37915,1839
37916,1824
37917,1822
37918,1833
37919,1846
37920,1846
37921,1850
37922,1863
37923,1872
37924,1877
37925,1872
37926,1872
37927,1874
37928,1898
37929,1903
37930,1877
37931,1855
37932,1838
37933,1825
37934,1828
37935,1838
37936,1845
37937,1851
37938,1859
37939,1869
37940,1873
37941,1875
37942,1871
37943,1867
37944,1877
37945,1902
37946,1891
37947,1866
37948,1846
37949,1829
37950,1818
37951,1822
37952,1838
37953,1845
37954,1854
37955,1859
37956,1871
37957,1877
37958,1872
37959,1872
37960,1867
37961,1891
37962,1905
37963,1882
37964,1861
37965,1844
37966,1837
37967,1836
37968,1840
37969,1842
37970,1851
37971,1859
37972,1867
37973,1872
37974,1878
37975,1865
37976,1857
37977,1858
37978,1887
37979,1898
37980,1872
37981,1855
37982,1841
37983,1827
37984,1827
37985,1839
37986,1845
37987,1847
37988,1856
37989,1870
37990,1877
37991,1877
37992,1875
37993,1872
37994,1885
37995,1906
37996,1897
37997,1871
37998,1853
37999,1837
38000,1833
38001,1838
38002,1846
38003,1850
38004,1853
38005,1856
38006,1863
38007,1870
38008,1862
38009,1869
38010,1866
38011,1887
38012,1902
38013,1883
38014,1865
38015,1846
38016,1833
38017,1830
38018,1829
38019,1845
38020,1851
38021,1856
38022,1870
38023,1875
38024,1882
38025,1872
38026,1871
38027,1872
38028,1901
38029,1898
38030,1869
38031,1849
38032,1835
38033,1822
38034,1825
38035,1836
38036,1841
38037,1846
38038,1856
38039,1865
38040,1867
38041,1868
38042,1871
38043,1872
38044,1882
38045,1904
38046,1901
38047,1872
38048,1852
38049,1837
38050,1829
38051,1837
38052,1841
38053,1853
38054,1854
38055,1863
38056,1872
38057,1879
38058,1875
38059,1873
38060,1870
38061,1886
38062,1902
38063,1882
38064,1859
38065,1835
38066,1825
38067,1822
38068,1829
38069,1842
38070,1842
38071,1855
38072,1865
38073,1872
38074,1877
38075,1872
38076,1871
38077,1869
38078,1897
38079,1903
38080,1875
38081,1857
38082,1842
38083,1835
38084,1835
38085,1840
38086,1847
38087,1851
38088,1856
38089,1871
38090,1870
38091,1872
38092,1872
38093,1875
38094,1886
38095,1904
38096,1900
38097,1873
38098,1851
38099,1826
38100,1811
38101,1820
38102,1831
38103,1843
38104,1845
38105,1851
38106,1865
38107,1874
38108,1872
38109,1871
38110,1869
38111,1890
38112,1905
38113,1885
38114,1861
38115,1842
38116,1831
38117,1826
38118,1826
38119,1840
38120,1842
38121,1851
38122,1861
38123,1871
38124,1875
38125,1865
38126,1866
38127,1867
38128,1887
38129,1894
38130,1871
38131,1854
38132,1840
38133,1833
38134,1831
38135,1838
38136,1843
38137,1849
38138,1856
38139,1871
38140,1872
38141,1875
38142,1872
38143,1871
38144,1881
38145,1904
38146,1897
38147,1871
38148,1849
38149,1838
38150,1828
38151,1831
38152,1838
38153,1843
38154,1850
38155,1850
38156,1863
38157,1872
38158,1870
38159,1861
38160,1870
38161,1891
38162,1904
38163,1883
38164,1862
38165,1842
38166,1833
38167,1831
38168,1834
38169,1845
38170,1851
38171,1855
38172,1866
38173,1871
38174,1874
38175,1872
38176,1872
38177,1871
38178,1897
38179,1903
38180,1872
38181,1851
38182,1836
38183,1827
38184,1830
38185,1835
38186,1840
38187,1845
38188,1849
38189,1871
38190,1872
38191,1873
38192,1869
38193,1869
38194,1878
38195,1902
38196,1891
38197,1871
38198,1853
38199,1838
38200,1830
38201,1831
38202,1840
38203,1847
38204,1850
38205,1858
38206,1869
38207,1875
38208,1872
38209,1872
38210,1870
38211,1891
38212,1904
38213,1887
38214,1867
38215,1838
38216,1824
38217,1821
38218,1826
38219,1845
38220,1852
38221,1856
38222,1867
38223,1872
38224,1888
38225,1873
38226,1869
38227,1870
38228,1893
38229,1903
38230,1877
38231,1849
38232,1824
38233,1814
38234,1823
38235,1835
38236,1842
38237,1846
38238,1855
38239,1868
38240,1874
38241,1876
38242,1872
38243,1872
38244,1882
38245,1897
38246,1891
38247,1867
38248,1845
38249,1828
38250,1818
38251,1831
38252,1840
38253,1846
38254,1847
38255,1857
38256,1872
38257,1881
38258,1878
38259,1874
38260,1872
38261,1889
38262,1898
38263,1881
38264,1857
38265,1840
38266,1830
38267,1827
38268,1833
38269,1841
38270,1850
38271,1849
38272,1863
38273,1870
38274,1885
38275,1868
38276,1867
38277,1869
38278,1886
38279,1898
38280,1872
38281,1845
38282,1839
38283,1829
38284,1830
38285,1838
38286,1845
38287,1852
38288,1854
38289,1870
38290,1873
38291,1874
38292,1872
38293,1871
38294,1877
38295,1902
38296,1895
38297,1871
38298,1848
38299,1839
38300,1829
38301,1831
38302,1840
38303,1848
38304,1849
38305,1854
38306,1859
38307,1871
38308,1867
38309,1872
38310,1871
38311,1885
38312,1904
38313,1883
38314,1861
38315,1845
38316,1833
38317,1831
38318,1828
38319,1845
38320,1850
38321,1854
38322,1862
38323,1872
38324,1877
38325,1872
38326,1872
38327,1872
38328,1897
38329,1893
38330,1872
38331,1854
38332,1835
38333,1823
38334,1824
38335,1831
38336,1840
38337,1842
38338,1851
38339,1862
38340,1867
38341,1871
38342,1871
38343,1871
38344,1878
38345,1904
38346,1899
38347,1872
38348,1851
38349,1840
38350,1830
38351,1831
38352,1840
38353,1847
38354,1849
38355,1858
38356,1870
38357,1877
38358,1873
38359,1872
38360,1872
38361,1889
38362,1904
38363,1887
38364,1870
38365,1838
38366,1826
38367,1822
38368,1829
38369,1841
38370,1849
38371,1851
38372,1861
38373,1869
38374,1877
38375,1871
38376,1869
38377,1872
38378,1895
38379,1904
38380,1874
38381,1856
38382,1843
38383,1830
38384,1831
38385,1840
38386,1849
38387,1853
38388,1857
38389,1870
38390,1873
38391,1874
38392,1869
38393,1861
38394,1874
38395,1890
38396,1887
38397,1863
38398,1856
38399,1840
38400,1834
38401,1834
38402,1840
38403,1845
38404,1852
38405,1857
38406,1871
38407,1875
38408,1873
38409,1872
38410,1872
38411,1889
38412,1904
38413,1886
38414,1863
38415,1846
38416,1835
38417,1829
38418,1829
38419,1843
38420,1851
38421,1850
38422,1859
38423,1872
38424,1877
38425,1866
38426,1866
38427,1865
38428,1893
38429,1895
38430,1869
38431,1856
38432,1839
38433,1823
38434,1826
38435,1836
38436,1841
38437,1851
38438,1855
38439,1872
38440,1877
38441,1879
38442,1872
38443,1872
38444,1883
38445,1904
38446,1899
38447,1871
38448,1852
38449,1837
38450,1826
38451,1830
38452,1840
38453,1844
38454,1845
38455,1849
38456,1859
38457,1871
38458,1869
38459,1863
38460,1857
38461,1878
38462,1902
38463,1885
38464,1861
38465,1842
38466,1834
38467,1831
38468,1838
38469,1851
38470,1855
38471,1855
38472,1865
38473,1872
38474,1879
38475,1871
38476,1873
38477,1872
38478,1892
38479,1901
38480,1874
38481,1854
38482,1843
38483,1833
38484,1835
38485,1834
38486,1841
38487,1845
38488,1850
38489,1869
38490,1872
38491,866
38492,1570
38493,1988
38494,2114
38495,2140
38496,2123
38497,2094
38498,2053
38499,1957
38500,1863
38501,1807
38502,1775
38503,1744
38504,1734
38505,1775
38506,1793
38507,1811
38508,1829
38509,1855
38510,1887
38511,1940
38512,1985
38513,1991
38514,1963
38515,1917
38516,1856
38517,1794
38518,1764
38519,1766
38520,1766
38521,1776
38522,2842
38523,1130
38524,1866
38525,2065
38526,2109
38527,2097
38528,2114
38529,2097
38530,1995
38531,1899
38532,1826
38533,1770
38534,1709
38535,1710
38536,1744
38537,1769
38538,1804
38539,1840
38540,1877
38541,1922
38542,1959
38543,1984
38544,1997
38545,1988
38546,1935
38547,1846
38548,1781
38549,1734
38550,1727
38551,1759
38552,1781
38553,1817
38554,735
38555,1756
38556,2013
38557,2096
38558,2097
38559,2111
38560,2110
38561,2059
38562,1969
38563,1882
38564,1822
38565,1715
38566,1712
38567,1741
38568,1772
38569,1808
38570,1845
38571,1889
38572,1943
38573,1983
38574,2018
38575,2000
38576,1953
38577,1872
38578,1824
38579,1798
38580,1763
38581,1751
38582,1758
38583,1771
38584,1791
38585,551
38586,1593
38587,1958
38588,2090
38589,2133
38590,2170
38591,2197
38592,2127
38593,2007
38594,1943
38595,1840
38596,1709
38597,1686
38598,1704
38599,1728
38600,1763
38601,1815
38602,1872
38603,1929
38604,1969
38605,1987
38606,1981
38607,1929
38608,1847
38609,1799
38610,1769
38611,1786
38612,1815
38613,1819
38614,1814
38615,1813
38616,1371
38617,1369
38618,1903
38619,2075
38620,2130
38621,2160
38622,2198
38623,2160
38624,2092
38625,2003
38626,1744
38627,1607
38628,1667
38629,1727
38630,1761
38631,1802
38632,1834
38633,1872
38634,1921
38635,1967
38636,1985
38637,1963
38638,1891
38639,1822
38640,1788
38641,1773
38642,1755
38643,1771
38644,1805
38645,1846
38646,1862
38647,2532
38648,916
38649,1833
38650,2037
38651,2124
38652,2145
38653,2162
38654,2128
38655,2035
38656,1959
38657,1728
38658,1616
38659,1684
38660,1753
38661,1822
38662,1883
38663,1906
38664,1923
38665,1937
38666,1961
38667,1967
38668,1938
38669,1878
38670,1815
38671,1786
38672,1767
38673,1781
38674,1797
38675,1809
38676,1834
38677,1840
38678,1871
38679,486
38680,1728
38681,2015
38682,2101
38683,2109
38684,2115
38685,2103
38686,2024
38687,1921
38688,1744
38689,1671
38690,1759
38691,1806
38692,1830
38693,1868
38694,1903
38695,1954
38696,1991
38697,1998
38698,1994
38699,1957
38700,1875
38701,1808
38702,1783
38703,1755
38704,1744
38705,1759
38706,1794
38707,1827
38708,1837
38709,1843
38710,572
38711,1535
38712,2006
38713,2117
38714,2129
38715,2112
38716,2077
38717,2000
38718,1886
38719,1727
38720,1699
38721,1792
38722,1829
38723,1849
38724,1876
38725,1901
38726,1932
38727,1968
38728,2028
38729,2038
38730,1984
38731,1897
38732,1805
38733,1757
38734,1738
38735,1744
38736,1761
38737,1776
38738,1802
38739,1826
38740,1841
38741,2559
38742,1059
38743,1903
38744,2112
38745,2192
38746,2190
38747,2139
38748,2058
38749,1923
38750,1712
38751,1650
38752,1767
38753,1824
38754,1833
38755,1852
38756,1879
38757,1916
38758,1943
38759,1979
38760,1998
38761,2003
38762,1963
38763,1871
38764,1810
38765,1769
38766,1745
38767,1751
38768,1770
38769,1797
38770,1815
38771,1830
38772,1993
38773,525
38774,1801
38775,2103
38776,2199
38777,2185
38778,2167
38779,2111
38780,1994
38781,1767
38782,1671
38783,1761
38784,1802
38785,1806
38786,1821
38787,1843
38788,1878
38789,1927
38790,1969
38791,2000
38792,1995
38793,1953
38794,1883
38795,1863
38796,1838
38797,1795
38798,1777
38799,1765
38800,1771
38801,1783
38802,1806
38803,1825
38804,224
38805,1623
38806,2074
38807,2227
38808,2241
38809,2224
38810,2136
38811,2071
38812,1895
38813,1706
38814,1712
38815,1742
38816,1744
38817,1775
38818,1808
38819,1856
38820,1890
38821,1935
38822,1975
38823,1984
38824,1952
38825,1877
38826,1836
38827,1811
38828,1831
38829,1833
38830,1813
38831,1804
38832,1806
38833,1808
38834,1818
38835,1250
38836,1212
38837,1966
38838,2181
38839,2259
38840,2284
38841,2200
38842,2100
38843,1930
38844,1664
38845,1663
38846,1762
38847,1783
38848,1799
38849,1812
38850,1825
38851,1855
38852,1893
38853,1941
38854,1958
38855,1939
38856,1902
38857,1861
38858,1850
38859,1833
38860,1819
38861,1833
38862,1854
38863,1852
38864,1840
38865,1827
38866,2818
38867,709
38868,1845
38869,2123
38870,2238
38871,2283
38872,2230
38873,2141
38874,2027
38875,1674
38876,1606
38877,1715
38878,1779
38879,1830
38880,1847
38881,1856
38882,1862
38883,1878
38884,1911
38885,1936
38886,1932
38887,1893
38888,1851
38889,1846
38890,1840
38891,1838
38892,1825
38893,1821
38894,1839
38895,1871
38896,1877
38897,1856
38898,240
38899,1687
38900,2046
38901,2181
38902,2249
38903,2224
38904,2117
38905,2035
38906,1741
38907,1615
38908,1729
38909,1792
38910,1811
38911,1855
38912,1895
38913,1907
38914,1918
38915,1934
38916,1937
38917,1931
38918,1885
38919,1844
38920,1820
38921,1815
38922,1818
38923,1818
38924,1821
38925,1824
38926,1836
38927,1842
38928,1872
38929,533
38930,1468
38931,2019
38932,2186
38933,2254
38934,2247
38935,2128
38936,2056
38937,1798
38938,1579
38939,1693
38940,1770
38941,1797
38942,1818
38943,1845
38944,1876
38945,1922
38946,1954
38947,1951
38948,1939
38949,1906
38950,1851
38951,1821
38952,1817
38953,1818
38954,1812
38955,1808
38956,1824
38957,1840
38958,1846
38959,1856
38960,1645
38961,1142
38962,2000
38963,2217
38964,2287
38965,2283
38966,2144
38967,2046
38968,1854
38969,1533
38970,1633
38971,1754
38972,1797
38973,1842
38974,1869
38975,1878
38976,1903
38977,1925
38978,1978
38979,2001
38980,1968
38981,1906
38982,1854
38983,1821
38984,1802
38985,1789
38986,1783
38987,1786
38988,1798
38989,1829
38990,1849
38991,2491
38992,610
38993,1854
38994,2170
38995,2309
38996,2362
38997,2238
38998,2093
38999,1936
39000,1519
39001,1535
39002,1711
39003,1775
39004,1811
39005,1843
39006,1874
39007,1904
39008,1927
39009,1955
39010,1973
39011,1978
39012,1953
39013,1897
39014,1850
39015,1816
39016,1796
39017,1777
39018,1771
39019,1790
39020,1808
39021,1825
39022,1843
39023,202
39024,1680
39025,2091
39026,2249
39027,2320
39028,2271
39029,2154
39030,2046
39031,1685
39032,1575
39033,1695
39034,1749
39035,1788
39036,1824
39037,1846
39038,1871
39039,1904
39040,1936
39041,1968
39042,1967
39043,1935
39044,1891
39045,1894
39046,1879
39047,1845
39048,1818
39049,1792
39050,1775
39051,1790
39052,1809
39053,1828
39054,965
39055,1275
39056,1989
39057,2224
39058,2323
39059,2320
39060,2166
39061,2096
39062,1836
39063,1535
39064,1654
39065,1747
39066,1777
39067,1808
39068,1838
39069,1867
39070,1889
39071,1919
39072,1957
39073,1976
39074,1955
39075,1899
39076,1857
39077,1841
39078,1860
39079,1867
39080,1832
39081,1806
39082,1795
39083,1798
39084,1807
39085,2829
39086,770
39087,1871
39088,2145
39089,2290
39090,2339
39091,2226
39092,2106
39093,1927
39094,1581
39095,1678
39096,1789
39097,1792
39098,1810
39099,1825
39100,1837
39101,1857
39102,1888
39103,1926
39104,1949
39105,1941
39106,1911
39107,1881
39108,1864
39109,1850
39110,1837
39111,1837
39112,1851
39113,1842
39114,1827
39115,1813
39116,1812
39117,1819
39118,1829
39119,1849
39120,1858
39121,1861
39122,1872
39123,1882
39124,1891
39125,1887
39126,1886
39127,1882
39128,1904
39129,1904
39130,1888
39131,1862
39132,1846
39133,1834
39134,1831
39135,1838
39136,1845
39137,1853
39138,1859
39139,1871
39140,1876
39141,1882
39142,1875
39143,1872
39144,1872
39145,1895
39146,1900
39147,1867
39148,1846
39149,1834
39150,1819
39151,1824
39152,1830
39153,1846
39154,1849
39155,1857
39156,1868
39157,1875
39158,1876
39159,1872
39160,1872
39161,1886
39162,1904
39163,1888
39164,1861
39165,1840
39166,1835
39167,1836
39168,1841
39169,1854
39170,1854
39171,1853
39172,1862
39173,1868
39174,1870
39175,1858
39176,1856
39177,1858
39178,1888
39179,1911
39180,1890
39181,1868
39182,1851
39183,1842
39184,1840
39185,1843
39186,1843
39187,1840
39188,1838
39189,1842
39190,1856
39191,1877
39192,1874
39193,1869
39194,1872
39195,1890
39196,1884
39197,1867
39198,1853
39199,1842
39200,1835
39201,1840
39202,1842
39203,1847
39204,1850
39205,1848
39206,1863
39207,1874
39208,1874
39209,1875
39210,1872
39211,1877
39212,1897
39213,1888
39214,1867
39215,1847
39216,1837
39217,1826
39218,1827
39219,1843
39220,1849
39221,1854
39222,1859
39223,1871
39224,1881
39225,1873
39226,1873
39227,1871
39228,1893
39229,1897
39230,1874
39231,1853
39232,1838
39233,1825
39234,1824
39235,1830
39236,1838
39237,1845
39238,1853
39239,1856
39240,1863
39241,1875
39242,1872
39243,1872
39244,1874
39245,1900
39246,1903
39247,1872
39248,1854
39249,1840
39250,1819
39251,1823
39252,1834
39253,1843
39254,1851
39255,1856
39256,1869
39257,1879
39258,1886
39259,1879
39260,1874
39261,1887
39262,1900
39263,1875
39264,1844
39265,1829
39266,1823
39267,1821
39268,1825
39269,1833
39270,1840
39271,1843
39272,1859
39273,1872
39274,1877
39275,1872
39276,1869
39277,1869
39278,1887
39279,1903
39280,1878
39281,1858
39282,1842
39283,1830
39284,1829
39285,1837
39286,1845
39287,1853
39288,1854
39289,1863
39290,1872
39291,1877
39292,1869
39293,1867
39294,1871
39295,1886
39296,1890
39297,1867
39298,1847
39299,1840
39300,1827
39301,1835
39302,1840
39303,1846
39304,1853
39305,1858
39306,1870
39307,1879
39308,1873
39309,1856
39310,1855
39311,1872
39312,1897
39313,1886
39314,1865
39315,1847
39316,1837
39317,1829
39318,1826
39319,1837
39320,1842
39321,1844
39322,1854
39323,1865
39324,1872
39325,1871
39326,1866
39327,1858
39328,1883
39329,1895
39330,1872
39331,1859
39332,1842
39333,1825
39334,1826
39335,1835
39336,1842
39337,1847
39338,1852
39339,1865
39340,1870
39341,1874
39342,1872
39343,1871
39344,1871
39345,1890
39346,1896
39347,1872
39348,1855
39349,1840
39350,1827
39351,1829
39352,1837
39353,1846
39354,1841
39355,1850
39356,1869
39357,1874
39358,1875
39359,1872
39360,1869
39361,1874
39362,1903
39363,1883
39364,1847
39365,1833
39366,1826
39367,1823
39368,1828
39369,1840
39370,1844
39371,1846
39372,1855
39373,1867
39374,1877
39375,1871
39376,1869
39377,1872
39378,1891
39379,1903
39380,1884
39381,1862
39382,1840
39383,1831
39384,1823
39385,1829
39386,1840
39387,1842
39388,1843
39389,1867
39390,1872
39391,1878
39392,1872
39393,1872
39394,1873
39395,1903
39396,1906
39397,1882
39398,1861
39399,1843
39400,1831
39401,1834
39402,1839
39403,1847
39404,1846
39405,1849
39406,1869
39407,1875
39408,1871
39409,1854
39410,1854
39411,1870
39412,1895
39413,1890
39414,1863
39415,1843
39416,1829
39417,1821
39418,1822
39419,1839
39420,1845
39421,1855
39422,1867
39423,1875
39424,1889
39425,1879
39426,1876
39427,1865
39428,1875
39429,1887
39430,1879
39431,1863
39432,1849
39433,1836
39434,1834
39435,1840
39436,1853
39437,1856
39438,1854
39439,1854
39440,1868
39441,1881
39442,1873
39443,1872
39444,1857
39445,1877
39446,1885
39447,1867
39448,1849
39449,1833
39450,1821
39451,1823
39452,1839
39453,1845
39454,1853
39455,1863
39456,1878
39457,1886
39458,1887
39459,1886
39460,1887
39461,1888
39462,1893
39463,1883
39464,1869
39465,1858
39466,1851
39467,1839
39468,1839
39469,1843
39470,1844
39471,1835
39472,1840
39473,1841
39474,1845
39475,1857
39476,1859
39477,1857
39478,1887
39479,1899
39480,1887
39481,1861
39482,1840
39483,1831
39484,1831
39485,1835
39486,1843
39487,1848
39488,1856
39489,1863
39490,1872
39491,1881
39492,1873
39493,1873
39494,1872
39495,1898
39496,1902
39497,1873
39498,1859
39499,1841
39500,1835
39501,1835
39502,1841
39503,1841
39504,1840
39505,1842
39506,1856
39507,1862
39508,1871
39509,1870
39510,1866
39511,1876
39512,1901
39513,1894
39514,1871
39515,1853
39516,1839
39517,1830
39518,1823
39519,1840
39520,1848
39521,1850
39522,1858
39523,1873
39524,1878
39525,1872
39526,1865
39527,1861
39528,1879
39529,1893
39530,1876
39531,1857
39532,1841
39533,1830
39534,1825
39535,1830
39536,1834
39537,1839
39538,1841
39539,1850
39540,1858
39541,1867
39542,1871
39543,1870
39544,1872
39545,1894
39546,1903
39547,1874
39548,1855
39549,1840
39550,1829
39551,1833
39552,1837
39553,1842
39554,1851
39555,1856
39556,1867
39557,1872
39558,1874
39559,1871
39560,1871
39561,1881
39562,1901
39563,1894
39564,1861
39565,1843
39566,1833
39567,1821
39568,1828
39569,1841
39570,1849
39571,1850
39572,1856
39573,1872
39574,1879
39575,1873
39576,1871
39577,1870
39578,1888
39579,1903
39580,1885
39581,1862
39582,1842
39583,1835
39584,1829
39585,1837
39586,1843
39587,1851
39588,1853
39589,1867
39590,1872
39591,1879
39592,1872
39593,1874
39594,1868
39595,1892
39596,1898
39597,1872
39598,1851
39599,1840
39600,1833
39601,1833
39602,1838
39603,1840
39604,1846
39605,1854
39606,1867
39607,1873
39608,1879
39609,1872
39610,1871
39611,1878
39612,1903
39613,1899
39614,1871
39615,1853
39616,1838
39617,1827
39618,1832
39619,1837
39620,1841
39621,1846
39622,1854
39623,1867
39624,1872
39625,1871
39626,1869
39627,1867
39628,1884
39629,1897
39630,1876
39631,1862
39632,1845
39633,1831
39634,1829
39635,1837
39636,1843
39637,1850
39638,1856
39639,1865
39640,1872
39641,1880
39642,1872
39643,1872
39644,1872
39645,1899
39646,1905
39647,1879
39648,1858
39649,1845
39650,1833
39651,1829
39652,1839
39653,1847
39654,1845
39655,1851
39656,1866
39657,1873
39658,1876
39659,1869
39660,1863
39661,1876
39662,1902
39663,1896
39664,1872
39665,1853
39666,1839
39667,1830
39668,1834
39669,1841
39670,1850
39671,1854
39672,1858
39673,1871
39674,1877
39675,1878
39676,1873
39677,1872
39678,1889
39679,1907
39680,1892
39681,1872
39682,1851
39683,1837
39684,1823
39685,1833
39686,1840
39687,1843
39688,1841
39689,1861
39690,1872
39691,1876
39692,1873
39693,1875
39694,1872
39695,1895
39696,1903
39697,1873
39698,1853
39699,1833
39700,1827
39701,1830
39702,1840
39703,1847
39704,1853
39705,1858
39706,1872
39707,1873
39708,1875
39709,1872
39710,1870
39711,1874
39712,1902
39713,1898
39714,1865
39715,1846
39716,1835
39717,1823
39718,1830
39719,1840
39720,1851
39721,1855
39722,1865
39723,1872
39724,1886
39725,1878
39726,1872
39727,1867
39728,1887
39729,1887
39730,1884
39731,1861
39732,1844
39733,1835
39734,1828
39735,1835
39736,1843
39737,1850
39738,1850
39739,1865
39740,1873
39741,1882
39742,1877
39743,1882
39744,1873
39745,1898
39746,1904
39747,1879
39748,1861
39749,1841
39750,1827
39751,1822
39752,1840
39753,1845
39754,1855
39755,1861
39756,1869
39757,1867
39758,1859
39759,1855
39760,1856
39761,1869
39762,1895
39763,1890
39764,1863
39765,1849
39766,1838
39767,1829
39768,1837
39769,1846
39770,1857
39771,1858
39772,1867
39773,1875
39774,1874
39775,1869
39776,1859
39777,1855
39778,1879
39779,1904
39780,1888
39781,1866
39782,1849
39783,1837
39784,1830
39785,1833
39786,1840
39787,1849
39788,1854
39789,1863
39790,1872
39791,1882
39792,1877
39793,1872
39794,1871
39795,1897
39796,1904
39797,1875
39798,1857
39799,1840
39800,1829
39801,1829
39802,1840
39803,1847
39804,1843
39805,1850
39806,1861
39807,1866
39808,1871
39809,1872
39810,1872
39811,1878
39812,1904
39813,1904
39814,1872
39815,1855
39816,1835
39817,1822
39818,1821
39819,1838
39820,1845
39821,1853
39822,1857
39823,1870
39824,1878
39825,1875
39826,1873
39827,1874
39828,1894
39829,1909
39830,1900
39831,1876
39832,1856
39833,1826
39834,1824
39835,1835
39836,1840
39837,1841
39838,1849
39839,1862
39840,1871
39841,1882
39842,1862
39843,1858
39844,1872
39845,1888
39846,1883
39847,1864
39848,1840
39849,1828
39850,1823
39851,1825
39852,1840
39853,1861
39854,1872
39855,1891
39856,1915
39857,1920
39858,1917
39859,1896
39860,1863
39861,1855
39862,1898
39863,1915
39864,1876
39865,1836
39866,1805
39867,1775
39868,1766
39869,1790
39870,1806
39871,1829
39872,1840
39873,1863
39874,1867
39875,1863
39876,1869
39877,1872
39878,1886
39879,1895
39880,1872
39881,1857
39882,1846
39883,1839
39884,1837
39885,1842
39886,1854
39887,1859
39888,1858
39889,1872
39890,1881
39891,1886
39892,1875
39893,1875
39894,1871
39895,1893
39896,1904
39897,1873
39898,1858
39899,1843
39900,1837
39901,1840
39902,1842
39903,1850
39904,1849
39905,1851
39906,1860
39907,1866
39908,1874
39909,1870
39910,1872
39911,1875
39912,1902
39913,1904
39914,1872
39915,1851
39916,1837
39917,1827
39918,1822
39919,1831
39920,1840
39921,1845
39922,1856
39923,1867
39924,1872
39925,1872
39926,1871
39927,1870
39928,1886
39929,1899
39930,1879
39931,1862
39932,1846
39933,1838
39934,1833
39935,1838
39936,1841
39937,1847
39938,1845
39939,1863
39940,1872
39941,1877
39942,1872
39943,1874
39944,1870
39945,1888
39946,1902
39947,1878
39948,1858
39949,1845
39950,1834
39951,1831
39952,1840
39953,1850
39954,1849
39955,1853
39956,1863
39957,1872
39958,1879
39959,1872
39960,1877
39961,1886
39962,1907
39963,1906
39964,1872
39965,1843
39966,1835
39967,1823
39968,1815
39969,1825
39970,1840
39971,1854
39972,1867
39973,1882
39974,1889
39975,1886
39976,1872
39977,1873
39978,1888
39979,1907
39980,1878
39981,1849
39982,1827
39983,1818
39984,1821
39985,1825
39986,1834
39987,1842
39988,1856
39989,1873
39990,1888
39991,1902
39992,1879
39993,1870
39994,1859
39995,1877
39996,1891
39997,1879
39998,1866
39999,1845
40000,1825
40001,1821
40002,1827
40003,1834
40004,1841
40005,1850
40006,1871
40007,1873
40008,1874
40009,1872
40010,1872
40011,1876
40012,1904
40013,1904
40014,1870
40015,1849
40016,1830
40017,1824
40018,1827
40019,1841
40020,1849
40021,1855
40022,1860
40023,1872
40024,1879
40025,1877
40026,1872
40027,1871
40028,1883
40029,1904
40030,1899
40031,1872
40032,1840
40033,1827
40034,1824
40035,1834
40036,1843
40037,1853
40038,1857
40039,1872
40040,1872
40041,1878
40042,1872
40043,1873
40044,1870
40045,1888
40046,1895
40047,1865
40048,1850
40049,1830
40050,1815
40051,1821
40052,1840
40053,1846
40054,1854
40055,1858
40056,1872
40057,1877
40058,1874
40059,1872
40060,1872
40061,1883
40062,1904
40063,1904
40064,1870
40065,1840
40066,1819
40067,1819
40068,1827
40069,1842
40070,1850
40071,1855
40072,1866
40073,1883
40074,1883
40075,1877
40076,1874
40077,1872
40078,1886
40079,1904
40080,1881
40081,1860
40082,1840
40083,1829
40084,1823
40085,1824
40086,1837
40087,1846
40088,1852
40089,1859
40090,1872
40091,1882
40092,1877
40093,1874
40094,1871
40095,1892
40096,1904
40097,1887
40098,1872
40099,1853
40100,1838
40101,1823
40102,1830
40103,1840
40104,1840
40105,1841
40106,1856
40107,1868
40108,1872
40109,1872
40110,1870
40111,1872
40112,1901
40113,1903
40114,1873
40115,1856
40116,1840
40117,2811
40118,991
40119,1857
40120,2079
40121,2137
40122,2143
40123,2160
40124,2159
40125,2083
40126,1953
40127,1821
40128,1728
40129,1725
40130,1747
40131,1750
40132,1744
40133,1750
40134,1767
40135,1789
40136,1829
40137,1872
40138,1915
40139,1954
40140,1978
40141,1979
40142,1942
40143,1886
40144,1825
40145,1829
40146,1835
40147,1805
40148,1795
40149,627
40150,1706
40151,1984
40152,2096
40153,2125
40154,2145
40155,2149
40156,2083
40157,1983
40158,1857
40159,1718
40160,1641
40161,1679
40162,1751
40163,1795
40164,1802
40165,1811
40166,1839
40167,1861
40168,1905
40169,1953
40170,1974
40171,1962
40172,1921
40173,1869
40174,1829
40175,1793
40176,1778
40177,1798
40178,1826
40179,1856
40180,592
40181,1597
40182,1959
40183,2064
40184,2082
40185,2101
40186,2126
40187,2070
40188,1968
40189,1881
40190,1727
40191,1703
40192,1744
40193,1778
40194,1791
40195,1839
40196,1877
40197,1898
40198,1919
40199,1951
40200,1969
40201,1973
40202,1945
40203,1887
40204,1819
40205,1770
40206,1754
40207,1769
40208,1795
40209,1805
40210,1820
40211,2289
40212,1280
40213,1933
40214,2067
40215,2095
40216,2099
40217,2126
40218,2096
40219,2026
40220,1936
40221,1712
40222,1648
40223,1697
40224,1742
40225,1783
40226,1825
40227,1862
40228,1917
40229,1974
40230,2001
40231,2019
40232,2000
40233,1945
40234,1856
40235,1795
40236,1760
40237,1733
40238,1732
40239,1763
40240,1803
40241,1834
40242,2123
40243,797
40244,1811
40245,2047
40246,2137
40247,2135
40248,2147
40249,2115
40250,2032
40251,1935
40252,1697
40253,1628
40254,1698
40255,1755
40256,1809
40257,1856
40258,1894
40259,1918
40260,1958
40261,2006
40262,2058
40263,2041
40264,1958
40265,1851
40266,1782
40267,1739
40268,1725
40269,1743
40270,1765
40271,1790
40272,1811
40273,1838
40274,421
40275,1662
40276,1989
40277,2093
40278,2127
40279,2160
40280,2133
40281,2046
40282,1934
40283,1731
40284,1670
40285,1744
40286,1783
40287,1813
40288,1846
40289,1890
40290,1931
40291,1969
40292,2000
40293,2017
40294,2001
40295,1966
40296,1895
40297,1830
40298,1775
40299,1744
40300,1732
40301,1744
40302,1777
40303,1797
40304,1811
40305,1086
40306,1348
40307,1939
40308,2075
40309,2109
40310,2111
40311,2101
40312,2073
40313,1979
40314,1825
40315,1762
40316,1802
40317,1795
40318,1805
40319,1838
40320,1867
40321,1899
40322,1936
40323,1985
40324,2018
40325,2013
40326,1956
40327,1868
40328,1829
40329,1810
40330,1791
40331,1772
40332,1763
40333,1776
40334,1783
40335,1797
40336,2879
40337,896
40338,1855
40339,2047
40340,2117
40341,2114
40342,2083
40343,2016
40344,1935
40345,1847
40346,1814
40347,1870
40348,1863
40349,1846
40350,1840
40351,1851
40352,1874
40353,1919
40354,1956
40355,1984
40356,1994
40357,1962
40358,1893
40359,1835
40360,1803
40361,1787
40362,1804
40363,1812
40364,1807
40365,1802
40366,1801
40367,1808
40368,345
40369,1711
40370,2053
40371,2165
40372,2171
40373,2148
40374,2075
40375,2000
40376,1845
40377,1718
40378,1777
40379,1846
40380,1854
40381,1853
40382,1859
40383,1872
40384,1889
40385,1927
40386,1967
40387,1983
40388,1948
40389,1878
40390,1840
40391,1814
40392,1794
40393,1789
40394,1782
40395,1821
40396,1858
40397,1846
40398,1837
40399,391
40400,1478
40401,1993
40402,2160
40403,2194
40404,2179
40405,2102
40406,2035
40407,1881
40408,1680
40409,1712
40410,1787
40411,1818
40412,1872
40413,1903
40414,1899
40415,1902
40416,1916
40417,1936
40418,1943
40419,1935
40420,1876
40421,1826
40422,1813
40423,1815
40424,1817
40425,1811
40426,1812
40427,1830
40428,1847
40429,1872
40430,1735
40431,1135
40432,1929
40433,2114
40434,2176
40435,2213
40436,2145
40437,2065
40438,1955
40439,1683
40440,1676
40441,1757
40442,1783
40443,1831
40444,1858
40445,1902
40446,1934
40447,1942
40448,1954
40449,1957
40450,1931
40451,1877
40452,1823
40453,1808
40454,1798
40455,1790
40456,1803
40457,1811
40458,1836
40459,1840
40460,1846
40461,2706
40462,731
40463,1901
40464,2128
40465,2211
40466,2240
40467,2163
40468,2058
40469,1978
40470,1675
40471,1607
40472,1723
40473,1798
40474,1851
40475,1877
40476,1890
40477,1906
40478,1940
40479,1991
40480,2002
40481,1970
40482,1905
40483,1834
40484,1799
40485,1787
40486,1789
40487,1788
40488,1790
40489,1811
40490,1840
40491,1853
40492,1858
40493,206
40494,1655
40495,2093
40496,2247
40497,2298
40498,2261
40499,2126
40500,2045
40501,1735
40502,1532
40503,1679
40504,1771
40505,1807
40506,1845
40507,1870
40508,1895
40509,1914
40510,1941
40511,1967
40512,1987
40513,1960
40514,1883
40515,1840
40516,1808
40517,1789
40518,1775
40519,1766
40520,1790
40521,1815
40522,1837
40523,1855
40524,597
40525,1435
40526,2017
40527,2190
40528,2279
40529,2303
40530,2161
40531,2079
40532,1833
40533,1583
40534,1649
40535,1749
40536,1797
40537,1831
40538,1847
40539,1871
40540,1904
40541,1939
40542,1966
40543,1974
40544,1952
40545,1919
40546,1898
40547,1847
40548,1797
40549,1790
40550,1786
40551,1783
40552,1807
40553,1821
40554,1824
40555,2608
40556,901
40557,1911
40558,2163
40559,2253
40560,2302
40561,2183
40562,2105
40563,1958
40564,1616
40565,1635
40566,1749
40567,1787
40568,1824
40569,1846
40570,1872
40571,1888
40572,1919
40573,1964
40574,1987
40575,1982
40576,1936
40577,1888
40578,1873
40579,1874
40580,1850
40581,1807
40582,1763
40583,1757
40584,1766
40585,1791
40586,1903
40587,343
40588,1747
40589,2117
40590,2286
40591,2365
40592,2273
40593,2129
40594,2022
40595,1645
40596,1569
40597,1725
40598,1792
40599,1814
40600,1826
40601,1837
40602,1859
40603,1895
40604,1924
40605,1950
40606,1961
40607,1929
40608,1891
40609,1858
40610,1850
40611,1844
40612,1854
40613,1839
40614,1810
40615,1808
40616,1808
40617,1808
40618,240
40619,1518
40620,2029
40621,2201
40622,2289
40623,2269
40624,2125
40625,2053
40626,1744
40627,1616
40628,1753
40629,1831
40630,1857
40631,1856
40632,1855
40633,1857
40634,1874
40635,1909
40636,1931
40637,1939
40638,1911
40639,1871
40640,1855
40641,1838
40642,1824
40643,1811
40644,1813
40645,1857
40646,1881
40647,1871
40648,1851
40649,1081
40650,1225
40651,1938
40652,2165
40653,2288
40654,2302
40655,2155
40656,2062
40657,1812
40658,1535
40659,1651
40660,1791
40661,1840
40662,1882
40663,1902
40664,1897
40665,1899
40666,1904
40667,1919
40668,1933
40669,1915
40670,1873
40671,1843
40672,1830
40673,1837
40674,1826
40675,1815
40676,1808
40677,1815
40678,1840
40679,1875
40680,2702
40681,682
40682,1850
40683,2126
40684,2257
40685,2320
40686,2215
40687,2092
40688,1919
40689,1513
40690,1581
40691,1775
40692,1838
40693,1856
40694,1872
40695,1907
40696,1933
40697,1931
40698,1930
40699,1924
40700,1904
40701,1871
40702,1847
40703,1845
40704,1839
40705,1827
40706,1815
40707,1808
40708,1819
40709,1832
40710,1845
40711,1853
40712,234
40713,1726
40714,2099
40715,2242
40716,2307
40717,2227
40718,2066
40719,1971
40720,1605
40721,1563
40722,1731
40723,1810
40724,1850
40725,1876
40726,1889
40727,1899
40728,1925
40729,1957
40730,1981
40731,1955
40732,1909
40733,1850
40734,1821
40735,1808
40736,1807
40737,1799
40738,1787
40739,1794
40740,1822
40741,1839
40742,1845
40743,1859
40744,1862
40745,1878
40746,1899
40747,1879
40748,1867
40749,1854
40750,1843
40751,1840
40752,1846
40753,1854
40754,1859
40755,1860
40756,1872
40757,1878
40758,1887
40759,1877
40760,1878
40761,1877
40762,1900
40763,1904
40764,1872
40765,1855
40766,1840
40767,1827
40768,1829
40769,1845
40770,1852
40771,1850
40772,1851
40773,1865
40774,1872
40775,1873
40776,1872
40777,1870
40778,1879
40779,1903
40780,1893
40781,1866
40782,1852
40783,1839
40784,1831
40785,1833
40786,1840
40787,1846
40788,1851
40789,1859
40790,1871
40791,1879
40792,1872
40793,1872
40794,1867
40795,1891
40796,1909
40797,1892
40798,1872
40799,1861
40800,1836
40801,1818
40802,1810
40803,1827
40804,1842
40805,1854
40806,1867
40807,1870
40808,1872
40809,1859
40810,1871
40811,1879
40812,1908
40813,1904
40814,1865
40815,1846
40816,1840
40817,1821
40818,1815
40819,1831
40820,1840
40821,1843
40822,1847
40823,1856
40824,1863
40825,1861
40826,1861
40827,1863
40828,1882
40829,1901
40830,1883
40831,1869
40832,1854
40833,1842
40834,1835
40835,1831
40836,1839
40837,1847
40838,1851
40839,1858
40840,1866
40841,1874
40842,1871
40843,1869
40844,1869
40845,1886
40846,1904
40847,1887
40848,1863
40849,1846
40850,1838
40851,1837
40852,1839
40853,1847
40854,1845
40855,1853
40856,1859
40857,1869
40858,1883
40859,1882
40860,1894
40861,1886
40862,1904
40863,1895
40864,1845
40865,1833
40866,1829
40867,1826
40868,1831
40869,1840
40870,1849
40871,1849
40872,1862
40873,1857
40874,1862
40875,1862
40876,1858
40877,1867
40878,1879
40879,1902
40880,1893
40881,1870
40882,1850
40883,1839
40884,1823
40885,1826
40886,1836
40887,1841
40888,1844
40889,1859
40890,1872
40891,1881
40892,1875
40893,1873
40894,1872
40895,1879
40896,1893
40897,1882
40898,1871
40899,1852
40900,1840
40901,1835
40902,1835
40903,1841
40904,1840
40905,1840
40906,1858
40907,1869
40908,1875
40909,1873
40910,1871
40911,1876
40912,1899
40913,1897
40914,1863
40915,1840
40916,1833
40917,1826
40918,1826
40919,1839
40920,1848
40921,1851
40922,1855
40923,1859
40924,1866
40925,1872
40926,1871
40927,1870
40928,1877
40929,1891
40930,1891
40931,1867
40932,1846
40933,1839
40934,1826
40935,1829
40936,1840
40937,1850
40938,1855
40939,1861
40940,1872
40941,1874
40942,1869
40943,1867
40944,1856
40945,1874
40946,1894
40947,1873
40948,1859
40949,1840
40950,1831
40951,1826
40952,1837
40953,1843
40954,1846
40955,1840
40956,1854
40957,1869
40958,1876
40959,1872
40960,1873
40961,1871
40962,1891
40963,1903
40964,1875
40965,1854
40966,1839
40967,1827
40968,1830
40969,1838
40970,1846
40971,1847
40972,1855
40973,1864
40974,1867
40975,1869
40976,1862
40977,1863
40978,1872
40979,1901
40980,1894
40981,1872
40982,1854
40983,1837
40984,1828
40985,1835
40986,1842
40987,1845
40988,1846
40989,1862
40990,1873
40991,1883
40992,1887
40993,1885
40994,1881
40995,1893
40996,1904
40997,1887
40998,1859
40999,1833
41000,1824
41001,1839
41002,1849
41003,1843
41004,1819
41005,1839
41006,1837
41007,1840
41008,1863
41009,1869
41010,1872
41011,1872
41012,1898
41013,1904
41014,1874
41015,1855
41016,1827
41017,1815
41018,1821
41019,1839
41020,1847
41021,1851
41022,1857
41023,1872
41024,1875
41025,1883
41026,1874
41027,1871
41028,1877
41029,1895
41030,1890
41031,1863
41032,1843
41033,1837
41034,1825
41035,1827
41036,1831
41037,1843
41038,1841
41039,1844
41040,1858
41041,1877
41042,1872
41043,1872
41044,1872
41045,1884
41046,1901
41047,1887
41048,1865
41049,1847
41050,1840
41051,1834
41052,1838
41053,1843
41054,1842
41055,1853
41056,1871
41057,1877
41058,1887
41059,1881
41060,1874
41061,1854
41062,1878
41063,1889
41064,1860
41065,1842
41066,1842
41067,1839
41068,1834
41069,1830
41070,1849
41071,1857
41072,1855
41073,1854
41074,1851
41075,1863
41076,1869
41077,1872
41078,1883
41079,1904
41080,1905
41081,1872
41082,1853
41083,1840
41084,1823
41085,1827
41086,1840
41087,1853
41088,1854
41089,1863
41090,1877
41091,1887
41092,1886
41093,1879
41094,1869
41095,1879
41096,1903
41097,1885
41098,1859
41099,1838
41100,1822
41101,1821
41102,1815
41103,1826
41104,1842
41105,1847
41106,1861
41107,1871
41108,1878
41109,1871
41110,1872
41111,1871
41112,1892
41113,1903
41114,1875
41115,1858
41116,1840
41117,1833
41118,1830
41119,1831
41120,1840
41121,1847
41122,1855
41123,1859
41124,1870
41125,1875
41126,1871
41127,1867
41128,1872
41129,1889
41130,1893
41131,1872
41132,1854
41133,1840
41134,1826
41135,1831
41136,1840
41137,1843
41138,1846
41139,1857
41140,1872
41141,1875
41142,1875
41143,1872
41144,1869
41145,1883
41146,1903
41147,1888
41148,1867
41149,1850
41150,1840
41151,1838
41152,1840
41153,1844
41154,1846
41155,1849
41156,1851
41157,1855
41158,1866
41159,1857
41160,1869
41161,1869
41162,1894
41163,1904
41164,1883
41165,1866
41166,1844
41167,1835
41168,1836
41169,1837
41170,1838
41171,1842
41172,1849
41173,1861
41174,1875
41175,1879
41176,1872
41177,1866
41178,1867
41179,1887
41180,1889
41181,1867
41182,1853
41183,1839
41184,1822
41185,1824
41186,1834
41187,1841
41188,1846
41189,1859
41190,1871
41191,1878
41192,1878
41193,1876
41194,1872
41195,1887
41196,1904
41197,1886
41198,1862
41199,1842
41200,1834
41201,1827
41202,1833
41203,1842
41204,1849
41205,1851
41206,1857
41207,1870
41208,1877
41209,1872
41210,1872
41211,1871
41212,1895
41213,1901
41214,1871
41215,1855
41216,1838
41217,1823
41218,1822
41219,1838
41220,1849
41221,1846
41222,1855
41223,1877
41224,1887
41225,1893
41226,1886
41227,1874
41228,1874
41229,1872
41230,1872
41231,1846
41232,1842
41233,1838
41234,1820
41235,1827
41236,1840
41237,1847
41238,1849
41239,1857
41240,1872
41241,1881
41242,1878
41243,1876
41244,1857
41245,1872
41246,1891
41247,1883
41248,1863
41249,1844
41250,1831
41251,1825
41252,1838
41253,1838
41254,1841
41255,1844
41256,1857
41257,1872
41258,1879
41259,1872
41260,1873
41261,1872
41262,1897
41263,1904
41264,1879
41265,1859
41266,1840
41267,1830
41268,1830
41269,1840
41270,1846
41271,1848
41272,1855
41273,1866
41274,1868
41275,1873
41276,1868
41277,1871
41278,1873
41279,1903
41280,1904
41281,1872
41282,1853
41283,1840
41284,1835
41285,1840
41286,1850
41287,1843
41288,1847
41289,1854
41290,1867
41291,1861
41292,1867
41293,1861
41294,1865
41295,1881
41296,1899
41297,1886
41298,1868
41299,1849
41300,1839
41301,1835
41302,1838
41303,1840
41304,1847
41305,1849
41306,1856
41307,1861
41308,1863
41309,1867
41310,1867
41311,1870
41312,1891
41313,1906
41314,1881
41315,1857
41316,1842
41317,1830
41318,1825
41319,1838
41320,1843
41321,1845
41322,1856
41323,1870
41324,1873
41325,1884
41326,1879
41327,1883
41328,1887
41329,1901
41330,1889
41331,1857
41332,1839
41333,1826
41334,1817
41335,1819
41336,1837
41337,1845
41338,1851
41339,1845
41340,1856
41341,1863
41342,1870
41343,1872
41344,1871
41345,1894
41346,1910
41347,1899
41348,1872
41349,1856
41350,1841
41351,1839
41352,1822
41353,1817
41354,1833
41355,1845
41356,1858
41357,1871
41358,1879
41359,1872
41360,1872
41361,1873
41362,1895
41363,1904
41364,1872
41365,1853
41366,1840
41367,1829
41368,1827
41369,1840
41370,1850
41371,1854
41372,1855
41373,1863
41374,1861
41375,1872
41376,1872
41377,1874
41378,1881
41379,1904
41380,1904
41381,1877
41382,1855
41383,1837
41384,1821
41385,1821
41386,1837
41387,1844
41388,1847
41389,1855
41390,1872
41391,1878
41392,1872
41393,1872
41394,1865
41395,1875
41396,1895
41397,1881
41398,1856
41399,1843
41400,1837
41401,1831
41402,1839
41403,1847
41404,1854
41405,1856
41406,1858
41407,1868
41408,1875
41409,1871
41410,1871
41411,1871
41412,1895
41413,1905
41414,1885
41415,1864
41416,1842
41417,1835
41418,1826
41419,1835
41420,1839
41421,1841
41422,1846
41423,1856
41424,1867
41425,1882
41426,1874
41427,1873
41428,1888
41429,1892
41430,1883
41431,1857
41432,1831
41433,1813
41434,1809
41435,1824
41436,1831
41437,1840
41438,1855
41439,1858
41440,1872
41441,1877
41442,1875
41443,1872
41444,1873
41445,1891
41446,1909
41447,1901
41448,1873
41449,1850
41450,1835
41451,1829
41452,1833
41453,1840
41454,1843
41455,1841
41456,1857
41457,1876
41458,1890
41459,1879
41460,1882
41461,1875
41462,1888
41463,1872
41464,1856
41465,1843
41466,1840
41467,1830
41468,1826
41469,1834
41470,1841
41471,1847
41472,1853
41473,1859
41474,1869
41475,1878
41476,1872
41477,1875
41478,1878
41479,1904
41480,1903
41481,1879
41482,1856
41483,1841
41484,1818
41485,1818
41486,1827
41487,1840
41488,1845
41489,1856
41490,1870
41491,1877
41492,1875
41493,1872
41494,1870
41495,1881
41496,1904
41497,1897
41498,1872
41499,1852
41500,1839
41501,1830
41502,1833
41503,1842
41504,1845
41505,1851
41506,1859
41507,1872
41508,1875
41509,1872
41510,1872
41511,1870
41512,1890
41513,1904
41514,1873
41515,1854
41516,1837
41517,1823
41518,1822
41519,1836
41520,1842
41521,1846
41522,1855
41523,1869
41524,1872
41525,1881
41526,1872
41527,1872
41528,1875
41529,1893
41530,1895
41531,1872
41532,1853
41533,1839
41534,1827
41535,1827
41536,1837
41537,1849
41538,1850
41539,1858
41540,1871
41541,1876
41542,1873
41543,1872
41544,1866
41545,1879
41546,1901
41547,1890
41548,1869
41549,1846
41550,1839
41551,1829
41552,1836
41553,1840
41554,1846
41555,1842
41556,1851
41557,1861
41558,1872
41559,1870
41560,1869
41561,1870
41562,1889
41563,1905
41564,1884
41565,1859
41566,1840
41567,1833
41568,1831
41569,1836
41570,1840
41571,1845
41572,1855
41573,1868
41574,1866
41575,1875
41576,1870
41577,1867
41578,1867
41579,1895
41580,1902
41581,1872
41582,1853
41583,1839
41584,1829
41585,1831
41586,1840
41587,1849
41588,1853
41589,1859
41590,1872
41591,1876
41592,1874
41593,1875
41594,1872
41595,1883
41596,1905
41597,1893
41598,1863
41599,1845
41600,1835
41601,1827
41602,1830
41603,1839
41604,1841
41605,1842
41606,1850
41607,1865
41608,1873
41609,1872
41610,1869
41611,1871
41612,1888
41613,1904
41614,1881
41615,1861
41616,1851
41617,1835
41618,1826
41619,1840
41620,1847
41621,1851
41622,1853
41623,1863
41624,1869
41625,1872
41626,1868
41627,1871
41628,1875
41629,1899
41630,1899
41631,1870
41632,1853
41633,1838
41634,1823
41635,1823
41636,1829
41637,1834
41638,1839
41639,1846
41640,1859
41641,1872
41642,1872
41643,1872
41644,1872
41645,1887
41646,1902
41647,1889
41648,1866
41649,1847
41650,1833
41651,1828
41652,1834
41653,1840
41654,1847
41655,1852
41656,1859
41657,1871
41658,1881
41659,1872
41660,1871
41661,1870
41662,1891
41663,1904
41664,1873
41665,1856
41666,1839
41667,1827
41668,1826
41669,1840
41670,1846
41671,1851
41672,1855
41673,1863
41674,1872
41675,1874
41676,1872
41677,1872
41678,1874
41679,1900
41680,1904
41681,1875
41682,1855
41683,1840
41684,1829
41685,1828
41686,1840
41687,1847
41688,1850
41689,1855
41690,1869
41691,1877
41692,1874
41693,1872
41694,1870
41695,1882
41696,1903
41697,1890
41698,1867
41699,1845
41700,1827
41701,1823
41702,1831
41703,1840
41704,1854
41705,1856
41706,1863
41707,1872
41708,1877
41709,1873
41710,1870
41711,1871
41712,1895
41713,1904
41714,1883
41715,1860
41716,1842
41717,1834
41718,1831
41719,1837
41720,1841
41721,1842
41722,1846
41723,1858
41724,1865
41725,1872
41726,1867
41727,1869
41728,1871
41729,1899
41730,1902
41731,1874
41732,1856
41733,1840
41734,1831
41735,1834
41736,1839
41737,1844
41738,1851
41739,1858
41740,1872
41741,1875
41742,1875
41743,1920
41744,742
41745,1824
41746,2090
41747,2145
41748,2115
41749,2106
41750,2095
41751,2031
41752,1934
41753,1853
41754,1765
41755,1715
41756,1726
41757,1776
41758,1803
41759,1794
41760,1808
41761,1824
41762,1880
41763,1932
41764,1951
41765,1966
41766,1968
41767,1939
41768,1900
41769,1847
41770,1791
41771,1771
41772,1771
41773,1777
41774,1794
41775,481
41776,1589
41777,1965
41778,2085
41779,2112
41780,2125
41781,2111
41782,2032
41783,1925
41784,1855
41785,1790
41786,1728
41787,1726
41788,1745
41789,1774
41790,1808
41791,1842
41792,1872
41793,1904
41794,1936
41795,1986
41796,2029
41797,2010
41798,1950
41799,1872
41800,1799
41801,1762
41802,1743
41803,1758
41804,1777
41805,1794
41806,2034
41807,1275
41808,1906
41809,2043
41810,2080
41811,2086
41812,2135
41813,2128
41814,2026
41815,1969
41816,1889
41817,1761
41818,1705
41819,1721
41820,1743
41821,1776
41822,1813
41823,1863
41824,1913
41825,1963
41826,1994
41827,2003
41828,1984
41829,1949
41830,1882
41831,1805
41832,1749
41833,1741
41834,1742
41835,1755
41836,1779
41837,2554
41838,931
41839,1820
41840,2012
41841,2079
41842,2096
41843,2133
41844,2117
41845,2064
41846,2055
41847,1899
41848,1721
41849,1685
41850,1714
41851,1746
41852,1781
41853,1824
41854,1863
41855,1909
41856,1965
41857,2008
41858,2013
41859,1971
41860,1900
41861,1828
41862,1808
41863,1799
41864,1782
41865,1777
41866,1782
41867,1792
41868,1802
41869,432
41870,1664
41871,1968
41872,2064
41873,2096
41874,2126
41875,2135
41876,2064
41877,1999
41878,1882
41879,1765
41880,1758
41881,1776
41882,1790
41883,1809
41884,1829
41885,1867
41886,1909
41887,1953
41888,1988
41889,1996
41890,1969
41891,1897
41892,1835
41893,1791
41894,1767
41895,1779
41896,1811
41897,1829
41898,1822
41899,1814
41900,923
41901,1392
41902,1908
41903,2032
41904,2075
41905,2096
41906,2102
41907,2064
41908,1995
41909,1839
41910,1759
41911,1782
41912,1835
41913,1866
41914,1871
41915,1872
41916,1883
41917,1904
41918,1936
41919,1973
41920,1984
41921,1940
41922,1859
41923,1814
41924,1792
41925,1773
41926,1761
41927,1785
41928,1814
41929,1853
41930,1862
41931,2838
41932,976
41933,1850
41934,2013
41935,2083
41936,2106
41937,2110
41938,2076
41939,1992
41940,1863
41941,1727
41942,1751
41943,1817
41944,1836
41945,1861
41946,1906
41947,1930
41948,1936
41949,1961
41950,1983
41951,1978
41952,1934
41953,1856
41954,1801
41955,1774
41956,1761
41957,1766
41958,1778
41959,1808
41960,1829
41961,1840
41962,1907
41963,525
41964,1785
41965,2023
41966,2096
41967,2091
41968,2079
41969,2043
41970,1971
41971,1851
41972,1750
41973,1803
41974,1851
41975,1861
41976,1867
41977,1875
41978,1899
41979,1947
41980,1985
41981,1998
41982,1984
41983,1937
41984,1858
41985,1797
41986,1774
41987,1760
41988,1762
41989,1776
41990,1807
41991,1835
41992,1846
41993,1851
41994,343
41995,1535
41996,2043
41997,2184
41998,2176
41999,2146
42000,2080
42001,1986
42002,1888
42003,1734
42004,1733
42005,1791
42006,1806
42007,1838
42008,1872
42009,1888
42010,1913
42011,1936
42012,1990
42013,2026
42014,1987
42015,1905
42016,1821
42017,1776
42018,1750
42019,1751
42020,1762
42021,1779
42022,1805
42023,1835
42024,1843
42025,1253
42026,1260
42027,1975
42028,2155
42029,2224
42030,2228
42031,2131
42032,2032
42033,1907
42034,1721
42035,1714
42036,1760
42037,1782
42038,1811
42039,1847
42040,1877
42041,1905
42042,1936
42043,1968
42044,1982
42045,1974
42046,1941
42047,1872
42048,1821
42049,1793
42050,1776
42051,1771
42052,1776
42053,1800
42054,1810
42055,1824
42056,2550
42057,658
42058,1856
42059,2114
42060,2219
42061,2263
42062,2224
42063,2130
42064,2032
42065,1751
42066,1628
42067,1702
42068,1745
42069,1783
42070,1827
42071,1853
42072,1874
42073,1911
42074,1955
42075,1991
42076,1983
42077,1934
42078,1872
42079,1858
42080,1855
42081,1822
42082,1791
42083,1777
42084,1776
42085,1797
42086,1813
42087,1829
42088,240
42089,1709
42090,2083
42091,2199
42092,2257
42093,2221
42094,2106
42095,2043
42096,1818
42097,1691
42098,1756
42099,1789
42100,1801
42101,1821
42102,1839
42103,1863
42104,1893
42105,1926
42106,1963
42107,1971
42108,1946
42109,1885
42110,1847
42111,1822
42112,1831
42113,1840
42114,1816
42115,1808
42116,1808
42117,1807
42118,1811
42119,658
42120,1363
42121,1993
42122,2171
42123,2263
42124,2278
42125,2166
42126,2085
42127,1882
42128,1628
42129,1691
42130,1803
42131,1827
42132,1843
42133,1842
42134,1845
42135,1866
42136,1902
42137,1935
42138,1951
42139,1935
42140,1893
42141,1862
42142,1845
42143,1831
42144,1809
42145,1810
42146,1840
42147,1851
42148,1841
42149,1830
42150,1933
42151,1004
42152,1904
42153,2126
42154,2235
42155,2274
42156,2170
42157,2097
42158,1939
42159,1649
42160,1679
42161,1773
42162,1825
42163,1871
42164,1873
42165,1872
42166,1878
42167,1890
42168,1916
42169,1936
42170,1932
42171,1891
42172,1855
42173,1845
42174,1832
42175,1830
42176,1810
42177,1815
42178,1825
42179,1863
42180,1877
42181,2007
42182,383
42183,1766
42184,2079
42185,2222
42186,2295
42187,2225
42188,2109
42189,2007
42190,1705
42191,1593
42192,1714
42193,1792
42194,1834
42195,1866
42196,1904
42197,1920
42198,1915
42199,1923
42200,1930
42201,1915
42202,1886
42203,1851
42204,1835
42205,1824
42206,1820
42207,1819
42208,1819
42209,1826
42210,1835
42211,1840
42212,1866
42213,178
42214,1648
42215,2075
42216,2224
42217,2295
42218,2230
42219,2107
42220,2039
42221,1714
42222,1565
42223,1697
42224,1797
42225,1835
42226,1847
42227,1861
42228,1885
42229,1929
42230,1954
42231,1957
42232,1939
42233,1897
42234,1842
42235,1821
42236,1817
42237,1821
42238,1813
42239,1808
42240,1819
42241,1830
42242,1840
42243,1850
42244,1190
42245,1231
42246,2011
42247,2209
42248,2282
42249,2271
42250,2128
42251,2036
42252,1819
42253,1589
42254,1689
42255,1785
42256,1818
42257,1854
42258,1872
42259,1883
42260,1904
42261,1917
42262,1949
42263,1979
42264,1941
42265,1885
42266,1845
42267,1824
42268,1810
42269,1810
42270,1805
42271,1799
42272,1808
42273,1827
42274,1847
42275,2816
42276,821
42277,1904
42278,2179
42279,2329
42280,2379
42281,2234
42282,2110
42283,1901
42284,1522
42285,1535
42286,1702
42287,1786
42288,1830
42289,1851
42290,1876
42291,1903
42292,1925
42293,1936
42294,1938
42295,1936
42296,1927
42297,1894
42298,1871
42299,1842
42300,1819
42301,1793
42302,1789
42303,1796
42304,1813
42305,1825
42306,1841
42307,234
42308,1719
42309,2106
42310,2261
42311,2338
42312,2275
42313,2159
42314,2053
42315,1635
42316,1535
42317,1701
42318,1761
42319,1798
42320,1829
42321,1854
42322,1872
42323,1904
42324,1925
42325,1946
42326,1938
42327,1911
42328,1877
42329,1886
42330,1888
42331,1859
42332,1819
42333,1791
42334,1779
42335,1792
42336,1809
42337,1829
42338,459
42339,1438
42340,2019
42341,2238
42342,2350
42343,2326
42344,2174
42345,2102
42346,1775
42347,1519
42348,1677
42349,1776
42350,1799
42351,1819
42352,1840
42353,1869
42354,1887
42355,1904
42356,1926
42357,1937
42358,1923
42359,1879
42360,1865
42361,1856
42362,1871
42363,1872
42364,1844
42365,1814
42366,1805
42367,1803
42368,1809
42369,1826
42370,1845
42371,1856
42372,1865
42373,1875
42374,1875
42375,1878
42376,1872
42377,1873
42378,1873
42379,1900
42380,1906
42381,1881
42382,1862
42383,1847
42384,1829
42385,1831
42386,1839
42387,1844
42388,1846
42389,1859
42390,1871
42391,1876
42392,1881
42393,1877
42394,1872
42395,1876
42396,1904
42397,1899
42398,1872
42399,1852
42400,1840
42401,1830
42402,1833
42403,1841
42404,1845
42405,1847
42406,1853
42407,1867
42408,1872
42409,1873
42410,1872
42411,1867
42412,1879
42413,1901
42414,1877
42415,1857
42416,1840
42417,1829
42418,1823
42419,1831
42420,1840
42421,1847
42422,1854
42423,1866
42424,1879
42425,1891
42426,1883
42427,1872
42428,1861
42429,1875
42430,1888
42431,1875
42432,1855
42433,1840
42434,1831
42435,1834
42436,1837
42437,1843
42438,1856
42439,1866
42440,1872
42441,1879
42442,1894
42443,1893
42444,1872
42445,1855
42446,1866
42447,1869
42448,1843
42449,1835
42450,1826
42451,1821
42452,1832
42453,1845
42454,1852
42455,1851
42456,1859
42457,1869
42458,1874
42459,1869
42460,1867
42461,1870
42462,1883
42463,1903
42464,1887
42465,1867
42466,1849
42467,1837
42468,1831
42469,1837
42470,1848
42471,1851
42472,1853
42473,1863
42474,1865
42475,1872
42476,1868
42477,1869
42478,1862
42479,1891
42480,1901
42481,1875
42482,1856
42483,1841
42484,1830
42485,1831
42486,1835
42487,1845
42488,1851
42489,1855
42490,1867
42491,1871
42492,1873
42493,1866
42494,1870
42495,1873
42496,1899
42497,1898
42498,1873
42499,1853
42500,1839
42501,1830
42502,1834
42503,1839
42504,1840
42505,1847
42506,1855
42507,1861
42508,1862
42509,1869
42510,1865
42511,1859
42512,1875
42513,1898
42514,1883
42515,1861
42516,1841
42517,1831
42518,1829
42519,1834
42520,1842
42521,1847
42522,1851
42523,1862
42524,1870
42525,1874
42526,1868
42527,1869
42528,1869
42529,1882
42530,1894
42531,1871
42532,1853
42533,1840
42534,1830
42535,1827
42536,1833
42537,1840
42538,1833
42539,1834
42540,1855
42541,1861
42542,1872
42543,1872
42544,1872
42545,1872
42546,1897
42547,1895
42548,1870
42549,1850
42550,1838
42551,1829
42552,1831
42553,1840
42554,1849
42555,1853
42556,1858
42557,1871
42558,1878
42559,1879
42560,1872
42561,1867
42562,1886
42563,1903
42564,1877
42565,1854
42566,1834
42567,1818
42568,1813
42569,1835
42570,1843
42571,1847
42572,1847
42573,1856
42574,1865
42575,1875
42576,1872
42577,1870
42578,1867
42579,1893
42580,1902
42581,1875
42582,1858
42583,1843
42584,1834
42585,1830
42586,1840
42587,1847
42588,1847
42589,1851
42590,1870
42591,1872
42592,1873
42593,1867
42594,1856
42595,1862
42596,1888
42597,1887
42598,1866
42599,1855
42600,1839
42601,1830
42602,1834
42603,1840
42604,1844
42605,1847
42606,1857
42607,1869
42608,1873
42609,1872
42610,1867
42611,1867
42612,1885
42613,1904
42614,1889
42615,1865
42616,1850
42617,1839
42618,1825
42619,1829
42620,1839
42621,1846
42622,1855
42623,1865
42624,1866
42625,1867
42626,1861
42627,1853
42628,1845
42629,1873
42630,1886
42631,1882
42632,1866
42633,1845
42634,1829
42635,1830
42636,1837
42637,1842
42638,1846
42639,1849
42640,1865
42641,1874
42642,1885
42643,1873
42644,1859
42645,1862
42646,1889
42647,1899
42648,1872
42649,1856
42650,1842
42651,1832
42652,1833
42653,1838
42654,1834
42655,1834
42656,1841
42657,1858
42658,1869
42659,1872
42660,1872
42661,1885
42662,1904
42663,1921
42664,1903
42665,1872
42666,1841
42667,1815
42668,1818
42669,1810
42670,1824
42671,1838
42672,1845
42673,1857
42674,1871
42675,1875
42676,1872
42677,1875
42678,1872
42679,1899
42680,1910
42681,1885
42682,1861
42683,1852
42684,1835
42685,1835
42686,1825
42687,1834
42688,1833
42689,1851
42690,1862
42691,1872
42692,1874
42693,1872
42694,1875
42695,1898
42696,1921
42697,1921
42698,1883
42699,1845
42700,1826
42701,1793
42702,1797
42703,1809
42704,1830
42705,1841
42706,1858
42707,1872
42708,1879
42709,1875
42710,1872
42711,1872
42712,1885
42713,1904
42714,1890
42715,1861
42716,1842
42717,1833
42718,1825
42719,1837
42720,1844
42721,1849
42722,1851
42723,1863
42724,1872
42725,1882
42726,1882
42727,1875
42728,1866
42729,1881
42730,1901
42731,1877
42732,1856
42733,1835
42734,1824
42735,1829
42736,1838
42737,1843
42738,1850
42739,1856
42740,1870
42741,1876
42742,1879
42743,1872
42744,1869
42745,1872
42746,1895
42747,1902
42748,1869
42749,1847
42750,1830
42751,1809
42752,1810
42753,1827
42754,1842
42755,1846
42756,1856
42757,1867
42758,1873
42759,1875
42760,1873
42761,1872
42762,1888
42763,1905
42764,1894
42765,1872
42766,1855
42767,1840
42768,1827
42769,1831
42770,1842
42771,1852
42772,1852
42773,1844
42774,1854
42775,1868
42776,1860
42777,1867
42778,1863
42779,1897
42780,1906
42781,1885
42782,1866
42783,1847
42784,1825
42785,1820
42786,1829
42787,1843
42788,1847
42789,1853
42790,1867
42791,1872
42792,1882
42793,1874
42794,1873
42795,1879
42796,1904
42797,1904
42798,1872
42799,1847
42800,1835
42801,1824
42802,1831
42803,1840
42804,1840
42805,1845
42806,1851
42807,1863
42808,1870
42809,1875
42810,1873
42811,1869
42812,1881
42813,1903
42814,1889
42815,1866
42816,1844
42817,1831
42818,1815
42819,1827
42820,1838
42821,1847
42822,1853
42823,1859
42824,1872
42825,1882
42826,1875
42827,1874
42828,1869
42829,1883
42830,1898
42831,1873
42832,1852
42833,1840
42834,1825
42835,1822
42836,1832
42837,1840
42838,1841
42839,1845
42840,1857
42841,1872
42842,1877
42843,1872
42844,1872
42845,1875
42846,1903
42847,1903
42848,1873
42849,1855
42850,1840
42851,1827
42852,1829
42853,1840
42854,1846
42855,1851
42856,1856
42857,1872
42858,1881
42859,1877
42860,1869
42861,1867
42862,1881
42863,1902
42864,1883
42865,1860
42866,1842
42867,1833
42868,1826
42869,1826
42870,1837
42871,1840
42872,1851
42873,1857
42874,1866
42875,1875
42876,1873
42877,1875
42878,1875
42879,1901
42880,1906
42881,1888
42882,1863
42883,1840
42884,1821
42885,1821
42886,1830
42887,1841
42888,1849
42889,1854
42890,1869
42891,1872
42892,1877
42893,1871
42894,1865
42895,1872
42896,1895
42897,1894
42898,1869
42899,1857
42900,1840
42901,1829
42902,1830
42903,1839
42904,1842
42905,1846
42906,1859
42907,1870
42908,1872
42909,1872
42910,1869
42911,1869
42912,1883
42913,1904
42914,1894
42915,1871
42916,1851
42917,1840
42918,1830
42919,1831
42920,1840
42921,1847
42922,1848
42923,1854
42924,1859
42925,1871
42926,1866
42927,1866
42928,1866
42929,1883
42930,1899
42931,1885
42932,1865
42933,1847
42934,1836
42935,1827
42936,1827
42937,1843
42938,1852
42939,1861
42940,1872
42941,1877
42942,1877
42943,1872
42944,1870
42945,1868
42946,1884
42947,1892
42948,1871
42949,1851
42950,1837
42951,1830
42952,1838
42953,1841
42954,1849
42955,1856
42956,1862
42957,1872
42958,1872
42959,1858
42960,1860
42961,1863
42962,1877
42963,1904
42964,1887
42965,1856
42966,1839
42967,1830
42968,1830
42969,1839
42970,1848
42971,1851
42972,1853
42973,1865
42974,1873
42975,1875
42976,1872
42977,1872
42978,1869
42979,1886
42980,1900
42981,1879
42982,1858
42983,1839
42984,1819
42985,1822
42986,1830
42987,1840
42988,1841
42989,1854
42990,1868
42991,1875
42992,1879
42993,1874
42994,1872
42995,1874
42996,1899
42997,1901
42998,1873
42999,1856
43000,1843
43001,1830
43002,1827
43003,1837
43004,1841
43005,1845
43006,1854
43007,1863
43008,1872
43009,1876
43010,1872
43011,1871
43012,1881
43013,1902
43014,1881
43015,1858
43016,1840
43017,1830
43018,1817
43019,1831
43020,1847
43021,1856
43022,1857
43023,1859
43024,1861
43025,1877
43026,1875
43027,1879
43028,1875
43029,1891
43030,1905
43031,1875
43032,1850
43033,1831
43034,1823
43035,1828
43036,1839
43037,1847
43038,1854
43039,1858
43040,1871
43041,1872
43042,1873
43043,1872
43044,1863
43045,1867
43046,1891
43047,1899
43048,1872
43049,1847
43050,1828
43051,1810
43052,1825
43053,1840
43054,1847
43055,1855
43056,1863
43057,1872
43058,1882
43059,1886
43060,1870
43061,1857
43062,1865
43063,1882
43064,1873
43065,1857
43066,1841
43067,1830
43068,1822
43069,1837
43070,1846
43071,1847
43072,1853
43073,1864
43074,1869
43075,1875
43076,1872
43077,1869
43078,1863
43079,1894
43080,1904
43081,1882
43082,1860
43083,1841
43084,1831
43085,1829
43086,1838
43087,1847
43088,1851
43089,1854
43090,1865
43091,1870
43092,1879
43093,1872
43094,1874
43095,1874
43096,1898
43097,1899
43098,1875
43099,1856
43100,1835
43101,1823
43102,1827
43103,1837
43104,1839
43105,1840
43106,1851
43107,1861
43108,1868
43109,1876
43110,1873
43111,1872
43112,1878
43113,1904
43114,1895
43115,1869
43116,1850
43117,1838
43118,1823
43119,1834
43120,1841
43121,1846
43122,1851
43123,1857
43124,1871
43125,1877
43126,1872
43127,1872
43128,1872
43129,1887
43130,1904
43131,1883
43132,1867
43133,1858
43134,1853
43135,1853
43136,1855
43137,1861
43138,1866
43139,1859
43140,1841
43141,1839
43142,1855
43143,1854
43144,1872
43145,1885
43146,1903
43147,1904
43148,1856
43149,1822
43150,1822
43151,1817
43152,1824
43153,1830
43154,1838
43155,1833
43156,1846
43157,1863
43158,1859
43159,1862
43160,1872
43161,1883
43162,1898
43163,1922
43164,1901
43165,1862
43166,1835
43167,1818
43168,1819
43169,1841
43170,1856
43171,1858
43172,1843
43173,1829
43174,1840
43175,1865
43176,1872
43177,1872
43178,1870
43179,1894
43180,1904
43181,1885
43182,1865
43183,1846
43184,1831
43185,1831
43186,1840
43187,1849
43188,1847
43189,1851
43190,1860
43191,1872
43192,1881
43193,1875
43194,1870
43195,1871
43196,1894
43197,1894
43198,1867
43199,1857
43200,1840
43201,1826
43202,1830
43203,1840
43204,1845
43205,1849
43206,1856
43207,1866
43208,1872
43209,1874
43210,1872
43211,1871
43212,1881
43213,1904
43214,1895
43215,1871
43216,1851
43217,1838
43218,1824
43219,1832
43220,1840
43221,1843
43222,1848
43223,1855
43224,1869
43225,1873
43226,1869
43227,1869
43228,1863
43229,1879
43230,1894
43231,1878
43232,1861
43233,1845
43234,1835
43235,1835
43236,1839
43237,1848
43238,1851
43239,1852
43240,1863
43241,1871
43242,1875
43243,1872
43244,1872
43245,1873
43246,1901
43247,1904
43248,1875
43249,1857
43250,1841
43251,1827
43252,1830
43253,1840
43254,1840
43255,1845
43256,1851
43257,1861
43258,1872
43259,1871
43260,1872
43261,1872
43262,1879
43263,1903
43264,1898
43265,1873
43266,1856
43267,1846
43268,1840
43269,1840
43270,1843
43271,1845
43272,1846
43273,1852
43274,1861
43275,1872
43276,1871
43277,1872
43278,1872
43279,1889
43280,1906
43281,1885
43282,1870
43283,1856
43284,1837
43285,1823
43286,1831
43287,1839
43288,1830
43289,1843
43290,1866
43291,1872
43292,1872
43293,1870
43294,1857
43295,1862
43296,1891
43297,1895
43298,1875
43299,1859
43300,1843
43301,1837
43302,1838
43303,1843
43304,1851
43305,1856
43306,1861
43307,1871
43308,1879
43309,1882
43310,1875
43311,1875
43312,1888
43313,1904
43314,1883
43315,1862
43316,1840
43317,1822
43318,1817
43319,1827
43320,1840
43321,1847
43322,1853
43323,1858
43324,1873
43325,1878
43326,1874
43327,1874
43328,1872
43329,1879
43330,1903
43331,1887
43332,1870
43333,1850
43334,1839
43335,1834
43336,1835
43337,1840
43338,1853
43339,1856
43340,1867
43341,1871
43342,1877
43343,1872
43344,1867
43345,1867
43346,1889
43347,1895
43348,1871
43349,1845
43350,1836
43351,1835
43352,1834
43353,1840
43354,1852
43355,1854
43356,1856
43357,1870
43358,1874
43359,1878
43360,1873
43361,1873
43362,1887
43363,1904
43364,1895
43365,1875
43366,1852
43367,1840
43368,1830
43369,1837
43370,473
43371,1554
43372,1995
43373,2123
43374,2151
43375,2175
43376,2181
43377,2149
43378,2045
43379,1955
43380,1841
43381,1712
43382,1674
43383,1695
43384,1711
43385,1733
43386,1766
43387,1802
43388,1849
43389,1908
43390,1961
43391,2000
43392,2023
43393,1997
43394,1947
43395,1889
43396,1821
43397,1783
43398,1766
43399,1757
43400,1759
43401,1520
43402,1222
43403,1878
43404,2047
43405,2102
43406,2119
43407,2154
43408,2128
43409,2057
43410,1975
43411,1842
43412,1733
43413,1725
43414,1745
43415,1744
43416,1758
43417,1781
43418,1808
43419,1847
43420,1893
43421,1939
43422,1968
43423,1975
43424,1963
43425,1920
43426,1862
43427,1823
43428,1792
43429,1796
43430,1823
43431,1814
43432,2295
43433,757
43434,1779
43435,1995
43436,2062
43437,2079
43438,2107
43439,2094
43440,2028
43441,2003
43442,1890
43443,1749
43444,1726
43445,1751
43446,1803
43447,1838
43448,1843
43449,1857
43450,1874
43451,1909
43452,1949
43453,1982
43454,1975
43455,1936
43456,1874
43457,1825
43458,1785
43459,1765
43460,1770
43461,1783
43462,1813
43463,1853
43464,398
43465,1665
43466,1973
43467,2053
43468,2069
43469,2112
43470,2112
43471,2075
43472,2031
43473,1831
43474,1664
43475,1710
43476,1771
43477,1805
43478,1833
43479,1870
43480,1918
43481,1931
43482,1950
43483,1971
43484,1982
43485,1958
43486,1905
43487,1837
43488,1790
43489,1751
43490,1753
43491,1776
43492,1805
43493,1819
43494,1827
43495,911
43496,1424
43497,1968
43498,2063
43499,2082
43500,2078
43501,2068
43502,2030
43503,1984
43504,1883
43505,1753
43506,1757
43507,1801
43508,1840
43509,1861
43510,1876
43511,1904
43512,1941
43513,2001
43514,2035
43515,2021
43516,1968
43517,1881
43518,1796
43519,1766
43520,1734
43521,1743
43522,1759
43523,1783
43524,1814
43525,1837
43526,2768
43527,1001
43528,1892
43529,2078
43530,2157
43531,2151
43532,2127
43533,2074
43534,1984
43535,1808
43536,1743
43537,1766
43538,1776
43539,1797
43540,1835
43541,1871
43542,1904
43543,1921
43544,1953
43545,1984
43546,2017
43547,2000
43548,1920
43549,1839
43550,1783
43551,1744
43552,1742
43553,1762
43554,1778
43555,1805
43556,1817
43557,2032
43558,496
43559,1793
43560,2081
43561,2176
43562,2192
43563,2202
43564,2135
43565,2032
43566,1850
43567,1681
43568,1680
43569,1743
43570,1785
43571,1819
43572,1847
43573,1875
43574,1919
43575,1955
43576,1984
43577,1997
43578,1969
43579,1936
43580,1894
43581,1841
43582,1790
43583,1771
43584,1750
43585,1762
43586,1786
43587,1808
43588,1823
43589,291
43590,1533
43591,2027
43592,2162
43593,2188
43594,2186
43595,2103
43596,2066
43597,1942
43598,1752
43599,1737
43600,1786
43601,1792
43602,1809
43603,1834
43604,1856
43605,1878
43606,1908
43607,1955
43608,1982
43609,1971
43610,1925
43611,1870
43612,1842
43613,1845
43614,1827
43615,1803
43616,1790
43617,1794
43618,1800
43619,1812
43620,1433
43621,1151
43622,1950
43623,2145
43624,2224
43625,2269
43626,2177
43627,2083
43628,1936
43629,1744
43630,1737
43631,1767
43632,1782
43633,1803
43634,1811
43635,1831
43636,1854
43637,1887
43638,1922
43639,1952
43640,1962
43641,1936
43642,1893
43643,1844
43644,1817
43645,1808
43646,1833
43647,1840
43648,1830
43649,1819
43650,1809
43651,2601
43652,608
43653,1830
43654,2112
43655,2210
43656,2256
43657,2192
43658,2094
43659,1999
43660,1717
43661,1687
43662,1773
43663,1829
43664,1854
43665,1847
43666,1845
43667,1854
43668,1867
43669,1904
43670,1936
43671,1951
43672,1932
43673,1889
43674,1854
43675,1838
43676,1814
43677,1808
43678,1807
43679,1842
43680,1872
43681,1856
43682,1843
43683,175
43684,1658
43685,2036
43686,2174
43687,2256
43688,2224
43689,2110
43690,2044
43691,1779
43692,1662
43693,1711
43694,1778
43695,1821
43696,1872
43697,1895
43698,1887
43699,1890
43700,1905
43701,1927
43702,1937
43703,1924
43704,1875
43705,1835
43706,1814
43707,1810
43708,1814
43709,1821
43710,1823
43711,1839
43712,1852
43713,1879
43714,610
43715,1411
43716,1991
43717,2150
43718,2225
43719,2222
43720,2107
43721,2037
43722,1813
43723,1657
43724,1712
43725,1805
43726,1841
43727,1861
43728,1870
43729,1889
43730,1921
43731,1927
43732,1938
43733,1936
43734,1918
43735,1872
43736,1828
43737,1808
43738,1799
43739,1795
43740,1800
43741,1807
43742,1823
43743,1838
43744,1850
43745,1845
43746,1094
43747,2000
43748,2206
43749,2288
43750,2290
43751,2143
43752,2038
43753,1835
43754,1578
43755,1627
43756,1761
43757,1823
43758,1854
43759,1868
43760,1873
43761,1891
43762,1922
43763,1969
43764,1983
43765,1958
43766,1904
43767,1851
43768,1808
43769,1795
43770,1793
43771,1793
43772,1794
43773,1815
43774,1843
43775,1856
43776,2089
43777,437
43778,1803
43779,2139
43780,2288
43781,2334
43782,2233
43783,2087
43784,1961
43785,1639
43786,1574
43787,1724
43788,1795
43789,1825
43790,1852
43791,1872
43792,1891
43793,1904
43794,1922
43795,1949
43796,1975
43797,1961
43798,1895
43799,1850
43800,1815
43801,1790
43802,1777
43803,1779
43804,1797
43805,1818
43806,1835
43807,1863
43808,178
43809,1654
43810,2095
43811,2263
43812,2363
43813,2319
43814,2147
43815,2029
43816,1681
43817,1520
43818,1669
43819,1767
43820,1808
43821,1836
43822,1847
43823,1870
43824,1898
43825,1933
43826,1959
43827,1969
43828,1943
43829,1910
43830,1891
43831,1851
43832,1819
43833,1789
43834,1776
43835,1778
43836,1798
43837,1815
43838,1833
43839,847
43840,1317
43841,2006
43842,2223
43843,2315
43844,2304
43845,2144
43846,2079
43847,1802
43848,1570
43849,1692
43850,1789
43851,1810
43852,1831
43853,1840
43854,1851
43855,1871
43856,1902
43857,1938
43858,1963
43859,1950
43860,1911
43861,1877
43862,1861
43863,1868
43864,1851
43865,1814
43866,1802
43867,1802
43868,1802
43869,1814
43870,2845
43871,736
43872,1869
43873,2156
43874,2291
43875,2350
43876,2210
43877,2082
43878,1904
43879,1606
43880,1692
43881,1812
43882,1827
43883,1822
43884,1814
43885,1826
43886,1849
43887,1883
43888,1920
43889,1954
43890,1966
43891,1932
43892,1893
43893,1850
43894,1838
43895,1831
43896,1843
43897,1841
43898,1825
43899,1815
43900,1808
43901,1811
43902,224
43903,1700
43904,2082
43905,2255
43906,2338
43907,2258
43908,2102
43909,1999
43910,1652
43911,1600
43912,1749
43913,1842
43914,1856
43915,1846
43916,1841
43917,1843
43918,1856
43919,1897
43920,1933
43921,1949
43922,1927
43923,1887
43924,1866
43925,1850
43926,1839
43927,1823
43928,1808
43929,1829
43930,1861
43931,1855
43932,1840
43933,410
43934,1438
43935,1989
43936,2192
43937,2303
43938,2279
43939,2113
43940,2032
43941,1728
43942,1581
43943,1710
43944,1802
43945,1839
43946,1883
43947,1903
43948,1894
43949,1890
43950,1902
43951,1917
43952,1934
43953,1920
43954,1879
43955,1847
43956,1827
43957,1826
43958,1822
43959,1823
43960,1820
43961,1827
43962,1843
43963,1873
43964,1840
43965,1082
43966,1931
43967,2128
43968,2231
43969,2265
43970,2126
43971,2034
43972,1783
43973,1587
43974,1727
43975,1835
43976,1854
43977,1866
43978,1874
43979,1909
43980,1942
43981,1951
43982,1959
43983,1958
43984,1933
43985,1877
43986,1839
43987,1808
43988,1794
43989,1795
43990,1806
43991,1810
43992,1833
43993,1836
43994,1846
43995,1855
43996,1885
43997,1898
43998,1877
43999,1860
44000,1845
44001,1839
44002,1839
44003,1850
44004,1850
44005,1855
44006,1857
44007,1872
44008,1876
44009,1883
44010,1877
44011,1876
44012,1886
44013,1904
44014,1903
44015,1872
44016,1854
44017,1840
44018,1831
44019,1837
44020,1842
44021,1851
44022,1852
44023,1859
44024,1870
44025,1875
44026,1872
44027,1873
44028,1870
44029,1878
44030,1899
44031,1883
44032,1855
44033,1837
44034,1827
44035,1826
44036,1830
44037,1840
44038,1845
44039,1843
44040,1850
44041,1871
44042,1877
44043,1872
44044,1873
44045,1873
44046,1899
44047,1905
44048,1882
44049,1861
44050,1851
44051,1840
44052,1839
44053,1835
44054,1840
44055,1840
44056,1847
44057,1857
44058,1869
44059,1877
44060,1880
44061,1883
44062,1893
44063,1911
44064,1898
44065,1866
44066,1840
44067,1819
44068,1818
44069,1821
44070,1825
44071,1847
44072,1850
44073,1856
44074,1862
44075,1862
44076,1861
44077,1866
44078,1868
44079,1882
44080,1904
44081,1890
44082,1869
44083,1849
44084,1840
44085,1836
44086,1838
44087,1840
44088,1840
44089,1850
44090,1866
44091,1879
44092,1885
44093,1875
44094,1867
44095,1860
44096,1883
44097,1887
44098,1867
44099,1850
44100,1840
44101,1834
44102,1834
44103,1840
44104,1845
44105,1852
44106,1856
44107,1867
44108,1872
44109,1877
44110,1872
44111,1871
44112,1873
44113,1897
44114,1893
44115,1870
44116,1850
44117,1840
44118,1830
44119,1836
44120,1840
44121,1847
44122,1852
44123,1856
44124,1857
44125,1867
44126,1869
44127,1867
44128,1859
44129,1872
44130,1892
44131,1885
44132,1865
44133,1845
44134,1834
44135,1830
44136,1835
44137,1840
44138,1847
44139,1850
44140,1863
44141,1869
44142,1877
44143,1871
44144,1872
44145,1870
44146,1891
44147,1901
44148,1877
44149,1856
44150,1840
44151,1830
44152,1828
44153,1835
44154,1840
44155,1841
44156,1847
44157,1857
44158,1870
44159,1869
44160,1870
44161,1870
44162,1875
44163,1901
44164,1898
44165,1872
44166,1852
44167,1840
44168,1826
44169,1833
44170,1840
44171,1841
44172,1845
44173,1855
44174,1863
44175,1872
44176,1870
44177,1867
44178,1866
44179,1886
44180,1903
44181,1887
44182,1863
44183,1845
44184,1829
44185,1821
44186,1826
44187,1839
44188,1843
44189,1850
44190,1861
44191,1872
44192,1881
44193,1871
44194,1869
44195,1868
44196,1891
44197,1901
44198,1874
44199,1855
44200,1840
44201,1831
44202,1835
44203,1839
44204,1847
44205,1848
44206,1849
44207,1865
44208,1869
44209,1871
44210,1868
44211,1866
44212,1878
44213,1898
44214,1890
44215,1871
44216,1847
44217,1833
44218,1823
44219,1827
44220,1830
44221,1840
44222,1844
44223,1855
44224,1863
44225,1873
44226,1872
44227,1869
44228,1866
44229,1876
44230,1902
44231,1885
44232,1864
44233,1849
44234,1833
44235,1828
44236,1836
44237,1841
44238,1849
44239,1851
44240,1862
44241,1870
44242,1874
44243,1871
44244,1863
44245,1863
44246,1884
44247,1891
44248,1872
44249,1847
44250,1839
44251,1820
44252,1830
44253,1837
44254,1843
44255,1847
44256,1854
44257,1866
44258,1872
44259,1875
44260,1871
44261,1872
44262,1884
44263,1904
44264,1907
44265,1879
44266,1860
44267,1842
44268,1833
44269,1831
44270,1829
44271,1837
44272,1836
44273,1849
44274,1855
44275,1859
44276,1856
44277,1861
44278,1861
44279,1885
44280,1904
44281,1889
44282,1866
44283,1846
44284,1837
44285,1829
44286,1835
44287,1843
44288,1851
44289,1854
44290,1865
44291,1875
44292,1886
44293,1876
44294,1875
44295,1873
44296,1897
44297,1902
44298,1874
44299,1856
44300,1840
44301,1827
44302,1830
44303,1835
44304,1835
44305,1841
44306,1846
44307,1861
44308,1863
44309,1873
44310,1859
44311,1859
44312,1872
44313,1901
44314,1899
44315,1869
44316,1844
44317,1837
44318,1829
44319,1830
44320,1835
44321,1845
44322,1853
44323,1858
44324,1871
44325,1880
44326,1879
44327,1866
44328,1865
44329,1879
44330,1904
44331,1884
44332,1862
44333,1843
44334,1825
44335,1815
44336,1835
44337,1854
44338,1862
44339,1863
44340,1870
44341,1871
44342,1870
44343,1833
44344,1831
44345,1854
44346,1883
44347,1893
44348,1874
44349,1856
44350,1840
44351,1825
44352,1829
44353,1838
44354,1849
44355,1853
44356,1854
44357,1862
44358,1872
44359,1872
44360,1870
44361,1871
44362,1875
44363,1903
44364,1898
44365,1872
44366,1850
44367,1840
44368,1829
44369,1834
44370,1837
44371,1845
44372,1853
44373,1859
44374,1867
44375,1874
44376,1872
44377,1872
44378,1881
44379,1900
44380,1915
44381,1902
44382,1877
44383,1855
44384,1840
44385,1819
44386,1810
44387,1822
44388,1835
44389,1842
44390,1856
44391,1863
44392,1872
44393,1870
44394,1866
44395,1863
44396,1887
44397,1893
44398,1872
44399,1857
44400,1842
44401,1833
44402,1830
44403,1840
44404,1844
44405,1850
44406,1851
44407,1862
44408,1872
44409,1879
44410,1872
44411,1872
44412,1875
44413,1899
44414,1898
44415,1870
44416,1854
44417,1840
44418,1823
44419,1829
44420,1837
44421,1843
44422,1851
44423,1856
44424,1862
44425,1869
44426,1872
44427,1866
44428,1865
44429,1874
44430,1904
44431,1885
44432,1863
44433,1846
44434,1834
44435,1827
44436,1834
44437,1841
44438,1845
44439,1851
44440,1862
44441,1870
44442,1873
44443,1872
44444,1872
44445,1867
44446,1893
44447,1903
44448,1875
44449,1859
44450,1842
44451,1833
44452,1835
44453,1838
44454,1840
44455,1845
44456,1850
44457,1861
44458,1865
44459,1859
44460,1856
44461,1856
44462,1873
44463,1901
44464,1898
44465,1874
44466,1853
44467,1839
44468,1828
44469,1830
44470,1838
44471,1845
44472,1851
44473,1856
44474,1870
44475,1873
44476,1872
44477,1872
44478,1871
44479,1886
44480,1904
44481,1889
44482,1867
44483,1850
44484,1827
44485,1822
44486,1829
44487,1837
44488,1842
44489,1840
44490,1855
44491,1866
44492,1874
44493,1872
44494,1871
44495,1867
44496,1893
44497,1903
44498,1875
44499,1859
44500,1843
44501,1831
44502,1829
44503,1835
44504,1846
44505,1845
44506,1854
44507,1863
44508,1872
44509,1877
44510,1872
44511,1872
44512,1873
44513,1900
44514,1894
44515,1869
44516,1847
44517,1831
44518,1823
44519,1834
44520,1840
44521,1850
44522,1851
44523,1859
44524,1872
44525,1881
44526,1878
44527,1872
44528,1861
44529,1871
44530,1892
44531,1878
44532,1863
44533,1844
44534,1837
44535,1829
44536,1833
44537,1842
44538,1847
44539,1852
44540,1861
44541,1871
44542,1875
44543,1871
44544,1866
44545,1864
44546,1886
44547,1899
44548,1875
44549,1855
44550,1836
44551,1825
44552,1830
44553,1840
44554,1847
44555,1850
44556,1856
44557,1868
44558,1871
44559,1873
44560,1870
44561,1869
44562,1875
44563,1899
44564,1900
44565,1872
44566,1856
44567,1840
44568,1830
44569,1835
44570,1840
44571,1847
44572,1851
44573,1856
44574,1861
44575,1871
44576,1872
44577,1867
44578,1864
44579,1883
44580,1904
44581,1891
44582,1870
44583,1847
44584,1838
44585,1830
44586,1835
44587,1841
44588,1848
44589,1850
44590,1861
44591,1872
44592,1878
44593,1875
44594,1872
44595,1872
44596,1895
44597,1904
44598,1879
44599,1856
44600,1839
44601,1827
44602,1826
44603,1839
44604,1840
44605,1841
44606,1850
44607,1859
44608,1867
44609,1873
44610,1870
44611,1871
44612,1877
44613,1899
44614,1901
44615,1872
44616,1857
44617,1843
44618,1830
44619,1837
44620,1841
44621,1849
44622,1856
44623,1857
44624,1869
44625,1874
44626,1874
44627,1865
44628,1861
44629,1876
44630,1898
44631,1884
44632,1857
44633,1840
44634,1823
44635,1821
44636,1831
44637,1840
44638,1843
44639,1842
44640,1851
44641,1871
44642,1875
44643,1873
44644,1872
44645,1872
44646,1892
44647,1905
44648,1881
44649,1861
44650,1842
44651,1827
44652,1831
44653,1840
44654,1847
44655,1853
44656,1854
44657,1867
44658,1872
44659,1878
44660,1871
44661,1870
44662,1873
44663,1901
44664,1897
44665,1868
44666,1847
44667,1835
44668,1824
44669,1828
44670,1839
44671,1844
44672,1845
44673,1859
44674,1872
44675,1867
44676,1865
44677,1870
44678,1871
44679,1881
44680,1904
44681,1888
44682,1865
44683,1844
44684,1835
44685,1830
44686,1834
44687,1841
44688,1850
44689,1853
44690,1859
44691,1872
44692,1877
44693,1872
44694,1869
44695,1866
44696,1890
44697,1901
44698,1876
44699,1860
44700,1844
44701,1831
44702,1827
44703,1837
44704,1842
44705,1850
44706,1855
44707,1870
44708,1874
44709,1883
44710,1876
44711,1873
44712,1875
44713,1901
44714,1902
44715,1872
44716,1849
44717,1827
44718,1813
44719,1812
44720,1827
44721,1840
44722,1842
44723,1853
44724,1862
44725,1871
44726,1871
44727,1869
44728,1863
44729,1875
44730,1899
44731,1894
44732,1871
44733,1855
44734,1838
44735,1835
44736,1839
44737,1843
44738,1847
44739,1844
44740,1854
44741,1865
44742,1872
44743,1863
44744,1870
44745,1872
44746,1898
44747,1904
44748,1882
44749,1869
44750,1845
44751,1831
44752,1826
44753,1826
44754,1829
44755,1839
44756,1843
44757,1863
44758,1871
44759,1872
44760,1872
44761,1875
44762,1879
44763,1904
44764,1903
44765,1875
44766,1855
44767,1839
44768,1826
44769,1824
44770,1827
44771,1840
44772,1846
44773,1854
44774,1868
44775,1875
44776,1875
44777,1872
44778,1872
44779,1885
44780,1906
44781,1898
44782,1874
44783,1846
44784,1829
44785,1823
44786,1826
44787,1835
44788,1840
44789,1846
44790,1856
44791,1871
44792,1879
44793,1873
44794,1873
44795,1872
44796,1888
44797,1892
44798,1872
44799,1854
44800,1840
44801,1828
44802,1827
44803,1837
44804,1847
44805,1851
44806,1855
44807,1869
44808,1872
44809,1875
44810,1872
44811,1872
44812,1875
44813,1900
44814,1891
44815,1870
44816,1845
44817,1835
44818,1819
44819,1829
44820,1839
44821,1846
44822,1847
44823,1850
44824,1865
44825,1872
44826,1878
44827,1873
44828,1872
44829,1875
44830,1904
44831,1891
44832,1869
44833,1846
44834,1834
44835,1828
44836,1833
44837,1842
44838,1847
44839,1847
44840,1859
44841,1871
44842,1872
44843,1871
44844,1862
44845,1862
44846,1887
44847,1895
44848,1872
44849,1851
44850,1831
44851,1823
44852,1830
44853,1840
44854,1847
44855,1851
44856,1855
44857,1865
44858,1871
44859,1875
44860,1870
44861,1868
44862,1873
44863,1901
44864,1904
44865,1879
44866,1866
44867,1853
44868,1842
44869,1843
44870,1849
44871,1847
44872,1842
44873,1840
44874,1845
44875,1861
44876,1870
44877,1862
44878,1860
44879,1889
44880,1909
44881,1893
44882,1862
44883,1842
44884,1829
44885,1824
44886,1832
44887,1843
44888,1840
44889,1835
44890,1844
44891,1860
44892,1874
44893,1879
44894,1882
44895,1875
44896,1898
44897,1904
44898,1881
44899,1857
44900,1842
44901,1825
44902,1823
44903,1825
44904,1832
44905,1834
44906,1843
44907,1857
44908,1861
44909,1874
44910,1872
44911,1872
44912,1874
44913,1898
44914,1901
44915,1873
44916,1856
44917,1841
44918,1835
44919,1838
44920,1845
44921,1853
44922,1855
44923,1861
44924,1872
44925,1883
44926,1881
44927,1877
44928,1872
44929,1874
44930,1895
44931,1875
44932,1855
44933,1838
44934,1829
44935,1824
44936,1828
44937,1837
44938,1845
44939,1849
44940,1856
44941,1866
44942,1881
44943,1872
44944,1872
44945,1870
44946,1890
44947,1903
44948,1884
44949,1862
44950,1847
44951,1833
44952,1829
44953,1840
44954,1847
44955,1840
44956,1841
44957,1858
44958,1869
44959,1879
44960,1872
44961,1867
44962,1871
44963,1898
44964,1891
44965,1865
44966,1840
44967,1832
44968,1825
44969,1835
44970,1845
44971,1856
44972,1853
44973,1858
44974,1871
44975,1875
44976,1873
44977,1876
44978,1877
44979,1897
44980,1916
44981,1904
44982,1872
44983,1849
44984,1819
44985,1815
44986,1814
44987,1835
44988,1851
44989,1860
44990,1874
44991,1886
44992,1901
44993,1888
44994,1872
44995,1856
44996,1618
44997,1424
44998,1942
44999,2061
45000,2063
45001,2041
45002,2032
45003,2023
45004,1968
45005,1878
45006,1803
45007,1777
45008,1781
45009,1799
45010,1821
45011,1813
45012,1825
45013,1863
45014,1893
45015,1902
45016,1922
45017,1947
45018,1963
45019,1956
45020,1936
45021,1895
45022,1840
45023,1778
45024,1762
45025,1749
45026,1761
45027,2849
45028,1057
45029,1840
45030,2045
45031,2078
45032,2041
45033,2029
45034,2010
45035,1936
45036,1874
45037,1853
45038,1840
45039,1793
45040,1785
45041,1795
45042,1822
45043,1840
45044,1866
45045,1891
45046,1955
45047,2003
45048,2013
45049,1996
45050,1949
45051,1879
45052,1806
45053,1756
45054,1733
45055,1741
45056,1765
45057,1792
45058,1813
45059,597
45060,1725
45061,2000
45062,2083
45063,2106
45064,2110
45065,2096
45066,2026
45067,1936
45068,1899
45069,1867
45070,1759
45071,1734
45072,1754
45073,1780
45074,1823
45075,1859
45076,1899
45077,1941
45078,1981
45079,2020
45080,2032
45081,1971
45082,1873
45083,1801
45084,1745
45085,1715
45086,1731
45087,1761
45088,1780
45089,1801
45090,726
45091,1523
45092,1966
45093,2075
45094,2094
45095,2097
45096,2146
45097,2123
45098,2032
45099,1986
45100,1810
45101,1671
45102,1670
45103,1716
45104,1771
45105,1813
45106,1856
45107,1905
45108,1956
45109,2000
45110,2025
45111,2017
45112,1954
45113,1901
45114,1835
45115,1751
45116,1725
45117,1734
45118,1744
45119,1767
45120,1789
45121,2000
45122,1251
45123,1890
45124,2042
45125,2098
45126,2113
45127,2143
45128,2119
45129,2038
45130,2015
45131,1871
45132,1699
45133,1678
45134,1718
45135,1766
45136,1815
45137,1861
45138,1907
45139,1953
45140,2000
45141,2026
45142,2007
45143,1935
45144,1840
45145,1788
45146,1781
45147,1793
45148,1783
45149,1775
45150,1774
45151,1779
45152,2000
45153,698
45154,1779
45155,1993
45156,2055
45157,2071
45158,2092
45159,2095
45160,2011
45161,1965
45162,1889
45163,1808
45164,1819
45165,1825
45166,1833
45167,1841
45168,1857
45169,1889
45170,1934
45171,1970
45172,1989
45173,1974
45174,1922
45175,1853
45176,1807
45177,1766
45178,1758
45179,1786
45180,1824
45181,1834
45182,1827
45183,1815
45184,340
45185,1600
45186,1943
45187,2032
45188,2057
45189,2062
45190,2064
45191,2000
45192,1931
45193,1872
45194,1839
45195,1851
45196,1882
45197,1889
45198,1886
45199,1882
45200,1898
45201,1923
45202,1949
45203,1970
45204,1955
45205,1900
45206,1827
45207,1792
45208,1775
45209,1778
45210,1781
45211,1794
45212,1813
45213,1854
45214,1867
45215,909
45216,1403
45217,1923
45218,2039
45219,2085
45220,2093
45221,2095
45222,2032
45223,1909
45224,1813
45225,1776
45226,1821
45227,1843
45228,1847
45229,1871
45230,1915
45231,1934
45232,1938
45233,1955
45234,1962
45235,1941
45236,1895
45237,1823
45238,1789
45239,1757
45240,1757
45241,1773
45242,1793
45243,1810
45244,1828
45245,1839
45246,2913
45247,915
45248,1899
45249,2126
45250,2192
45251,2161
45252,2141
45253,2096
45254,1954
45255,1778
45256,1629
45257,1695
45258,1782
45259,1818
45260,1847
45261,1877
45262,1907
45263,1964
45264,1995
45265,1993
45266,1975
45267,1914
45268,1837
45269,1793
45270,1773
45271,1768
45272,1777
45273,1796
45274,1818
45275,1840
45276,1845
45277,1853
45278,368
45279,1754
45280,2125
45281,2237
45282,2224
45283,2195
45284,2131
45285,1978
45286,1785
45287,1623
45288,1663
45289,1749
45290,1795
45291,1841
45292,1875
45293,1901
45294,1925
45295,1954
45296,2003
45297,2027
45298,1969
45299,1878
45300,1809
45301,1774
45302,1751
45303,1758
45304,1773
45305,1793
45306,1817
45307,1839
45308,1852
45309,469
45310,1490
45311,2032
45312,2193
45313,2265
45314,2273
45315,2195
45316,2074
45317,1856
45318,1580
45319,1597
45320,1723
45321,1783
45322,1815
45323,1854
45324,1885
45325,1919
45326,1957
45327,1979
45328,1985
45329,1968
45330,1931
45331,1865
45332,1821
45333,1791
45334,1770
45335,1763
45336,1776
45337,1801
45338,1819
45339,1831
45340,1529
45341,1173
45342,1979
45343,2173
45344,2235
45345,2258
45346,2215
45347,2128
45348,1927
45349,1626
45350,1609
45351,1733
45352,1789
45353,1815
45354,1842
45355,1871
45356,1893
45357,1934
45358,1968
45359,1988
45360,1963
45361,1904
45362,1855
45363,1859
45364,1847
45365,1811
45366,1797
45367,1788
45368,1788
45369,1798
45370,1814
45371,2274
45372,553
45373,1822
45374,2128
45375,2250
45376,2290
45377,2240
45378,2153
45379,1993
45380,1727
45381,1636
45382,1733
45383,1776
45384,1778
45385,1805
45386,1829
45387,1862
45388,1903
45389,1942
45390,1969
45391,1975
45392,1936
45393,1872
45394,1840
45395,1824
45396,1838
45397,1840
45398,1823
45399,1810
45400,1808
45401,1805
45402,1814
45403,176
45404,1615
45405,2059
45406,2199
45407,2268
45408,2255
45409,2187
45410,2064
45411,1765
45412,1565
45413,1732
45414,1822
45415,1822
45416,1825
45417,1835
45418,1846
45419,1879
45420,1925
45421,1963
45422,1968
45423,1937
45424,1887
45425,1855
45426,1840
45427,1817
45428,1809
45429,1809
45430,1843
45431,1845
45432,1837
45433,1825
45434,869
45435,1285
45436,1970
45437,2169
45438,2256
45439,2277
45440,2202
45441,2110
45442,1865
45443,1587
45444,1665
45445,1764
45446,1809
45447,1849
45448,1861
45449,1867
45450,1877
45451,1896
45452,1929
45453,1947
45454,1933
45455,1879
45456,1840
45457,1836
45458,1826
45459,1821
45460,1808
45461,1809
45462,1834
45463,1868
45464,1875
45465,2803
45466,838
45467,1879
45468,2106
45469,2209
45470,2263
45471,2206
45472,2138
45473,1951
45474,1614
45475,1634
45476,1746
45477,1790
45478,1815
45479,1863
45480,1911
45481,1929
45482,1935
45483,1951
45484,1957
45485,1936
45486,1879
45487,1834
45488,1814
45489,1807
45490,1808
45491,1812
45492,1820
45493,1824
45494,1840
45495,1842
45496,1906
45497,367
45498,1781
45499,2093
45500,2192
45501,2237
45502,2192
45503,2125
45504,1977
45505,1623
45506,1572
45507,1747
45508,1831
45509,1857
45510,1869
45511,1887
45512,1909
45513,1953
45514,1989
45515,1982
45516,1959
45517,1899
45518,1826
45519,1809
45520,1796
45521,1796
45522,1797
45523,1805
45524,1819
45525,1840
45526,1849
45527,1853
45528,254
45529,1535
45530,2067
45531,2226
45532,2288
45533,2256
45534,2169
45535,2043
45536,1703
45537,1472
45538,1639
45539,1766
45540,1809
45541,1841
45542,1885
45543,1904
45544,1934
45545,1967
45546,2012
45547,2026
45548,1968
45549,1881
45550,1811
45551,1777
45552,1773
45553,1774
45554,1778
45555,1785
45556,1811
45557,1839
45558,1856
45559,1511
45560,1168
45561,1972
45562,2176
45563,2291
45564,2321
45565,2223
45566,2111
45567,1834
45568,1517
45569,1604
45570,1730
45571,1798
45572,1827
45573,1860
45574,1893
45575,1923
45576,1957
45577,1983
45578,1987
45579,1975
45580,1934
45581,1878
45582,1833
45583,1803
45584,1786
45585,1776
45586,1776
45587,1789
45588,1809
45589,1824
45590,2609
45591,644
45592,1867
45593,2135
45594,2241
45595,2295
45596,2249
45597,2189
45598,1974
45599,1574
45600,1581
45601,1726
45602,1783
45603,1807
45604,1842
45605,1869
45606,1893
45607,1933
45608,1968
45609,1987
45610,1968
45611,1918
45612,1872
45613,1872
45614,1858
45615,1825
45616,1808
45617,1781
45618,1775
45619,1795
45620,1808
45621,1829
45622,1840
45623,1855
45624,1866
45625,1872
45626,1878
45627,1872
45628,1872
45629,1882
45630,1905
45631,1904
45632,1876
45633,1859
45634,1845
45635,1837
45636,1840
45637,1846
45638,1855
45639,1856
45640,1863
45641,1872
45642,1883
45643,1876
45644,1872
45645,1872
45646,1890
45647,1904
45648,1887
45649,1863
45650,1845
45651,1835
45652,1834
45653,1839
45654,1840
45655,1842
45656,1850
45657,1859
45658,1866
45659,1869
45660,1862
45661,1871
45662,1870
45663,1895
45664,1901
45665,1872
45666,1854
45667,1840
45668,1830
45669,1835
45670,1840
45671,1850
45672,1851
45673,1859
45674,1869
45675,1872
45676,1873
45677,1870
45678,1872
45679,1884
45680,1904
45681,1892
45682,1868
45683,1852
45684,1835
45685,1829
45686,1836
45687,1840
45688,1840
45689,1853
45690,1856
45691,1869
45692,1872
45693,1872
45694,1875
45695,1874
45696,1898
45697,1910
45698,1882
45699,1867
45700,1837
45701,1815
45702,1815
45703,1823
45704,1839
45705,1843
45706,1846
45707,1859
45708,1872
45709,1878
45710,1873
45711,1870
45712,1872
45713,1900
45714,1889
45715,1861
45716,1847
45717,1838
45718,1825
45719,1835
45720,1840
45721,1847
45722,1851
45723,1853
45724,1868
45725,1872
45726,1877
45727,1872
45728,1870
45729,1871
45730,1898
45731,1890
45732,1869
45733,1850
45734,1839
45735,1828
45736,1835
45737,1840
45738,1850
45739,1850
45740,1857
45741,1871
45742,1878
45743,1872
45744,1865
45745,1860
45746,1882
45747,1893
45748,1876
45749,1855
45750,1838
45751,1831
45752,1829
45753,1836
45754,1842
45755,1850
45756,1853
45757,1863
45758,1869
45759,1875
45760,1872
45761,1869
45762,1871
45763,1893
45764,1899
45765,1872
45766,1855
45767,1840
45768,1827
45769,1830
45770,1840
45771,1845
45772,1850
45773,1856
45774,1861
45775,1865
45776,1869
45777,1863
45778,1862
45779,1871
45780,1888
45781,1886
45782,1869
45783,1853
45784,1840
45785,1833
45786,1837
45787,1843
45788,1847
45789,1844
45790,1845
45791,1858
45792,1872
45793,1870
45794,1872
45795,1866
45796,1883
45797,1899
45798,1875
45799,1859
45800,1840
45801,1829
45802,1830
45803,1840
45804,1840
45805,1849
45806,1853
45807,1856
45808,1858
45809,1872
45810,1869
45811,1867
45812,1871
45813,1893
45814,1895
45815,1872
45816,1854
45817,1838
45818,1821
45819,1829
45820,1838
45821,1845
45822,1848
45823,1855
45824,1868
45825,1872
45826,1872
45827,1871
45828,1868
45829,1872
45830,1894
45831,1883
45832,1860
45833,1840
45834,1829
45835,1819
45836,1825
45837,1834
45838,1840
45839,1843
45840,1850
45841,1865
45842,1873
45843,1873
45844,1871
45845,1870
45846,1885
45847,1900
45848,1879
45849,1859
45850,1841
45851,1828
45852,1826
45853,1836
45854,1844
45855,1851
45856,1847
45857,1861
45858,1872
45859,1873
45860,1870
45861,1870
45862,1871
45863,1895
45864,1894
45865,1872
45866,1851
45867,1840
45868,1826
45869,1828
45870,1831
45871,1840
45872,1854
45873,1862
45874,1873
45875,1879
45876,1886
45877,1874
45878,1869
45879,1859
45880,1882
45881,1875
45882,1857
45883,1842
45884,1829
45885,1822
45886,1829
45887,1840
45888,1854
45889,1856
45890,1862
45891,1875
45892,1884
45893,1875
45894,1871
45895,1862
45896,1872
45897,1886
45898,1872
45899,1858
45900,1840
45901,1830
45902,1825
45903,1834
45904,1845
45905,1851
45906,1856
45907,1868
45908,1873
45909,1878
45910,1872
45911,1877
45912,1873
45913,1901
45914,1904
45915,1871
45916,1854
45917,1839
45918,1820
45919,1827
45920,1838
45921,1854
45922,1861
45923,1870
45924,1873
45925,1891
45926,1889
45927,1872
45928,1850
45929,1853
45930,1875
45931,1870
45932,1858
45933,1840
45934,1831
45935,1818
45936,1813
45937,1831
45938,1850
45939,1855
45940,1865
45941,1874
45942,1887
45943,1882
45944,1879
45945,1866
45946,1885
45947,1901
45948,1872
45949,1854
45950,1840
45951,1826
45952,1822
45953,1834
45954,1840
45955,1843
45956,1847
45957,1858
45958,1869
45959,1872
45960,1872
45961,1879
45962,1877
45963,1904
45964,1904
45965,1875
45966,1857
45967,1845
45968,1839
45969,1840
45970,1845
45971,1847
45972,1839
45973,1840
45974,1859
45975,1868
45976,1871
45977,1870
45978,1871
45979,1880
45980,1904
45981,1901
45982,1875
45983,1856
45984,1831
45985,1825
45986,1826
45987,1840
45988,1846
45989,1853
45990,1863
45991,1871
45992,1872
45993,1867
45994,1867
45995,1866
45996,1885
45997,1903
45998,1883
45999,1862
46000,1848
46001,1840
46002,1833
46003,1839
46004,1846
46005,1855
46006,1856
46007,1865
46008,1863
46009,1867
46010,1870
46011,1871
46012,1871
46013,1897
46014,1898
46015,1872
46016,1852
46017,1840
46018,1814
46019,1823
46020,1840
46021,1851
46022,1854
46023,1856
46024,1865
46025,1871
46026,1872
46027,1869
46028,1872
46029,1872
46030,1904
46031,1902
46032,1871
46033,1851
46034,1835
46035,1826
46036,1831
46037,1840
46038,1847
46039,1851
46040,1856
46041,1869
46042,1866
46043,1866
46044,1865
46045,1866
46046,1883
46047,1898
46048,1881
46049,1858
46050,1835
46051,1824
46052,1831
46053,1839
46054,1847
46055,1855
46056,1856
46057,1863
46058,1872
46059,1877
46060,1871
46061,1869
46062,1869
46063,1895
46064,1901
46065,1874
46066,1858
46067,1840
46068,1828
46069,1826
46070,1836
46071,1846
46072,1854
46073,1857
46074,1865
46075,1872
46076,1872
46077,1865
46078,1861
46079,1874
46080,1901
46081,1897
46082,1873
46083,1851
46084,1836
46085,1830
46086,1835
46087,1840
46088,1847
46089,1854
46090,1859
46091,1870
46092,1875
46093,1872
46094,1872
46095,1870
46096,1889
46097,1904
46098,1883
46099,1866
46100,1849
46101,1833
46102,1828
46103,1832
46104,1834
46105,1841
46106,1842
46107,1856
46108,1865
46109,1875
46110,1872
46111,1872
46112,1871
46113,1894
46114,1902
46115,1876
46116,1858
46117,1840
46118,1825
46119,1834
46120,1840
46121,1841
46122,1846
46123,1854
46124,1866
46125,1872
46126,1877
46127,1871
46128,1871
46129,1872
46130,1894
46131,1891
46132,1867
46133,1845
46134,1836
46135,1825
46136,1824
46137,1840
46138,1843
46139,1842
46140,1846
46141,1862
46142,1874
46143,1871
46144,1871
46145,1871
46146,1891
46147,1904
46148,1887
46149,1863
46150,1842
46151,1830
46152,1827
46153,1838
46154,1842
46155,1847
46156,1851
46157,1865
46158,1869
46159,1879
46160,1872
46161,1872
46162,1872
46163,1895
46164,1903
46165,1875
46166,1856
46167,1839
46168,1829
46169,1835
46170,1840
46171,1842
46172,1846
46173,1855
46174,1868
46175,1877
46176,1878
46177,1872
46178,1872
46179,1879
46180,1898
46181,1895
46182,1865
46183,1852
46184,1838
46185,1830
46186,1834
46187,1840
46188,1846
46189,1852
46190,1859
46191,1869
46192,1876
46193,1874
46194,1870
46195,1869
46196,1885
46197,1902
46198,1886
46199,1871
46200,1852
46201,1839
46202,1837
46203,1840
46204,1844
46205,1842
46206,1841
46207,1855
46208,1863
46209,1874
46210,1872
46211,1872
46212,1872
46213,1900
46214,1904
46215,1876
46216,1855
46217,1840
46218,1824
46219,1833
46220,1840
46221,1853
46222,1853
46223,1856
46224,1867
46225,1868
46226,1872
46227,1865
46228,1869
46229,1872
46230,1898
46231,1893
46232,1869
46233,1850
46234,1840
46235,1830
46236,1839
46237,1840
46238,1846
46239,1846
46240,1859
46241,1868
46242,1877
46243,1876
46244,1874
46245,1872
46246,1889
46247,1904
46248,1888
46249,1870
46250,1850
46251,1837
46252,1835
46253,1837
46254,1838
46255,1840
46256,1843
46257,1853
46258,1861
46259,1871
46260,1872
46261,1873
46262,1872
46263,1898
46264,1904
46265,1879
46266,1861
46267,1840
46268,1829
46269,1830
46270,1838
46271,1847
46272,1855
46273,1857
46274,1872
46275,1872
46276,1875
46277,1869
46278,1863
46279,1874
46280,1904
46281,1898
46282,1869
46283,1850
46284,1831
46285,1822
46286,1829
46287,1840
46288,1846
46289,1856
46290,1863
46291,1877
46292,1883
46293,1877
46294,1868
46295,1867
46296,1887
46297,1896
46298,1879
46299,1855
46300,1840
46301,1829
46302,1827
46303,1835
46304,1842
46305,1853
46306,1854
46307,1863
46308,1873
46309,1879
46310,1874
46311,1873
46312,1874
46313,1902
46314,1901
46315,1870
46316,1843
46317,1828
46318,1822
46319,1825
46320,1830
46321,1843
46322,1849
46323,1856
46324,1868
46325,1872
46326,1875
46327,1872
46328,1872
46329,1872
46330,1902
46331,1899
46332,1872
46333,1851
46334,1840
46335,1828
46336,1834
46337,1842
46338,1847
46339,1851
46340,1859
46341,1868
46342,1877
46343,1873
46344,1869
46345,1867
46346,1880
46347,1898
46348,1882
46349,1856
46350,1840
46351,1826
46352,1827
46353,1831
46354,1841
46355,1849
46356,1854
46357,1862
46358,1872
46359,1879
46360,1873
46361,1872
46362,1872
46363,1895
46364,1901
46365,1876
46366,1857
46367,1840
46368,1830
46369,1831
46370,1839
46371,1845
46372,1847
46373,1855
46374,1861
46375,1871
46376,1872
46377,1866
46378,1867
46379,1875
46380,1899
46381,1897
46382,1870
46383,1850
46384,1837
46385,1828
46386,1831
46387,1840
46388,1845
46389,1849
46390,1856
46391,1869
46392,1875
46393,1873
46394,1872
46395,1872
46396,1886
46397,1903
46398,1887
46399,1863
46400,1842
46401,1831
46402,1830
46403,1835
46404,1839
46405,1840
46406,1850
46407,1857
46408,1867
46409,1878
46410,1870
46411,1871
46412,1869
46413,1895
46414,1903
46415,1873
46416,1856
46417,1840
46418,1827
46419,1829
46420,1839
46421,1843
46422,1847
46423,1853
46424,1866
46425,1872
46426,1877
46427,1872
46428,1871
46429,1869
46430,1893
46431,1891
46432,1865
46433,1844
46434,1833
46435,1819
46436,1822
46437,1837
46438,1842
46439,1840
46440,1847
46441,1871
46442,1878
46443,1874
46444,1875
46445,1872
46446,1889
46447,1904
46448,1888
46449,1862
46450,1840
46451,1829
46452,1827
46453,1839
46454,1847
46455,1852
46456,1852
46457,1862
46458,1872
46459,1875
46460,1869
46461,1872
46462,1872
46463,1893
46464,1893
46465,1867
46466,1853
46467,1835
46468,1824
46469,1819
46470,1827
46471,1840
46472,1849
46473,1852
46474,1868
46475,1875
46476,1877
46477,1872
46478,1869
46479,1872
46480,1901
46481,1895
46482,1872
46483,1846
46484,1839
46485,1831
46486,1835
46487,1841
46488,1850
46489,1853
46490,1857
46491,1871
46492,1877
46493,1873
46494,1867
46495,1867
46496,1882
46497,1901
46498,1879
46499,1861
46500,1842
46501,1831
46502,1829
46503,1837
46504,1843
46505,1845
46506,1849
46507,1856
46508,1869
46509,1877
46510,1872
46511,1873
46512,1875
46513,1900
46514,1906
46515,1884
46516,1867
46517,1849
46518,1842
46519,1840
46520,1841
46521,1845
46522,1843
46523,1829
46524,1841
46525,1853
46526,1856
46527,1843
46528,1849
46529,1861
46530,1895
46531,1892
46532,1869
46533,1854
46534,1839
46535,1833
46536,1837
46537,1844
46538,1845
46539,1853
46540,1857
46541,1872
46542,1883
46543,1881
46544,1878
46545,1875
46546,1900
46547,1910
46548,1883
46549,1855
46550,1840
46551,1833
46552,1825
46553,1829
46554,1827
46555,1838
46556,1840
46557,1857
46558,1867
46559,1874
46560,1872
46561,1872
46562,1872
46563,1897
46564,1904
46565,1879
46566,1857
46567,1841
46568,1830
46569,1832
46570,1837
46571,1844
46572,1851
46573,1855
46574,1866
46575,1872
46576,1881
46577,1872
46578,1872
46579,1879
46580,1903
46581,1894
46582,1872
46583,1852
46584,1831
46585,1823
46586,1827
46587,1837
46588,1845
46589,1854
46590,1858
46591,1869
46592,1877
46593,1875
46594,1873
46595,1867
46596,1885
46597,1902
46598,1889
46599,1866
46600,1845
46601,1835
46602,1834
46603,1839
46604,1847
46605,1852
46606,1847
46607,1854
46608,1869
46609,1874
46610,1869
46611,1870
46612,1870
46613,1894
46614,1894
46615,1872
46616,1853
46617,1838
46618,1826
46619,1835
46620,1840
46621,1847
46622,2913
46623,1129
46624,1898
46625,2042
46626,2064
46627,2019
46628,2015
46629,2032
46630,2010
46631,1943
46632,1895
46633,1894
46634,1871
46635,1801
46636,1807
46637,1808
46638,1804
46639,1813
46640,1838
46641,1875
46642,1921
46643,1958
46644,1977
46645,1984
46646,1988
46647,1967
46648,1892
46649,1806
46650,1743
46651,1711
46652,1710
46653,1750
46654,612
46655,1712
46656,1940
46657,2003
46658,2000
46659,2015
46660,2026
46661,1984
46662,1925
46663,1931
46664,1967
46665,1908
46666,1812
46667,1790
46668,1778
46669,1794
46670,1820
46671,1855
46672,1892
46673,1940
46674,1986
46675,2005
46676,1991
46677,1938
46678,1861
46679,1807
46680,1783
46681,1774
46682,1770
46683,1774
46684,1776
46685,511
46686,1555
46687,1921
46688,2021
46689,2027
46690,2032
46691,2070
46692,2046
46693,1978
46694,1939
46695,1937
46696,1872
46697,1792
46698,1779
46699,1788
46700,1808
46701,1826
46702,1856
46703,1901
46704,1946
46705,1984
46706,1987
46707,1963
46708,1898
46709,1840
46710,1781
46711,1759
46712,1773
46713,1807
46714,1825
46715,1821
46716,2192
46717,1234
46718,1861
46719,1985
46720,2023
46721,2036
46722,2071
46723,2064
46724,2000
46725,1979
46726,1970
46727,1817
46728,1739
46729,1763
46730,1824
46731,1850
46732,1855
46733,1872
46734,1903
46735,1935
46736,1959
46737,1966
46738,1926
46739,1845
46740,1790
46741,1762
46742,1754
46743,1773
46744,1798
46745,1810
46746,1840
46747,2200
46748,883
46749,1818
46750,1996
46751,2029
46752,2030
46753,2064
46754,2081
46755,2004
46756,1973
46757,1947
46758,1793
46759,1723
46760,1763
46761,1808
46762,1845
46763,1903
46764,1936
46765,1953
46766,1971
46767,1974
46768,1951
46769,1905
46770,1835
46771,1790
46772,1759
46773,1747
46774,1773
46775,1791
46776,1811
46777,1823
46778,1837
46779,557
46780,1750
46781,2017
46782,2063
46783,2043
46784,2057
46785,2062
46786,1991
46787,1949
46788,1937
46789,1823
46790,1742
46791,1773
46792,1813
46793,1851
46794,1878
46795,1911
46796,1965
46797,2015
46798,2019
46799,1987
46800,1909
46801,1819
46802,1765
46803,1732
46804,1727
46805,1744
46806,1770
46807,1807
46808,1830
46809,1845
46810,1023
46811,1435
46812,1947
46813,2080
46814,2111
46815,2097
46816,2096
46817,2023
46818,1918
46819,1890
46820,1794
46821,1743
46822,1776
46823,1811
46824,1847
46825,1883
46826,1915
46827,1947
46828,1983
46829,2000
46830,2021
46831,1968
46832,1866
46833,1799
46834,1758
46835,1733
46836,1741
46837,1758
46838,1786
46839,1803
46840,1820
46841,2887
46842,1051
46843,1888
46844,2047
46845,2098
46846,2123
46847,2150
46848,2111
46849,1984
46850,1893
46851,1754
46852,1712
46853,1770
46854,1802
46855,1831
46856,1859
46857,1901
46858,1937
46859,1986
46860,2002
46861,2000
46862,1951
46863,1897
46864,1856
46865,1803
46866,1764
46867,1747
46868,1744
46869,1761
46870,1787
46871,1807
46872,1851
46873,503
46874,1765
46875,2039
46876,2127
46877,2131
46878,2134
46879,2126
46880,2041
46881,1935
46882,1792
46883,1730
46884,1751
46885,1776
46886,1798
46887,1839
46888,1873
46889,1905
46890,1957
46891,1997
46892,2005
46893,1968
46894,1893
46895,1839
46896,1826
46897,1823
46898,1802
46899,1784
46900,1780
46901,1787
46902,1793
46903,1808
46904,295
46905,1577
46906,2000
46907,2133
46908,2174
46909,2169
46910,2147
46911,2041
46912,1907
46913,1782
46914,1734
46915,1770
46916,1796
46917,1806
46918,1825
46919,1858
46920,1898
46921,1941
46922,1981
46923,1995
46924,1974
46925,1903
46926,1842
46927,1808
46928,1782
46929,1780
46930,1811
46931,1830
46932,1821
46933,1813
46934,1811
46935,1599
46936,1162
46937,1935
46938,2155
46939,2222
46940,2215
46941,2210
46942,2132
46943,1955
46944,1728
46945,1611
46946,1681
46947,1787
46948,1818
46949,1840
46950,1858
46951,1873
46952,1907
46953,1952
46954,1977
46955,1957
46956,1899
46957,1840
46958,1818
46959,1807
46960,1786
46961,1791
46962,1799
46963,1845
46964,1870
46965,1863
46966,2535
46967,667
46968,1833
46969,2103
46970,2195
46971,2220
46972,2205
46973,2128
46974,1958
46975,1736
46976,1634
46977,1690
46978,1775
46979,1821
46980,1872
46981,1911
46982,1915
46983,1930
46984,1950
46985,1955
46986,1948
46987,1903
46988,1841
46989,1808
46990,1801
46991,1802
46992,1806
46993,1808
46994,1824
46995,1834
46996,1859
46997,1883
46998,256
46999,1687
47000,2064
47001,2171
47002,2206
47003,2206
47004,2137
47005,1990
47006,1774
47007,1625
47008,1685
47009,1795
47010,1823
47011,1843
47012,1873
47013,1920
47014,1951
47015,1963
47016,1970
47017,1954
47018,1898
47019,1833
47020,1801
47021,1799
47022,1806
47023,1808
47024,1813
47025,1821
47026,1836
47027,1840
47028,1846
47029,503
47030,1485
47031,2055
47032,2192
47033,2237
47034,2234
47035,2166
47036,2058
47037,1832
47038,1585
47039,1634
47040,1746
47041,1783
47042,1824
47043,1863
47044,1891
47045,1918
47046,1968
47047,2014
47048,2003
47049,1953
47050,1871
47051,1809
47052,1786
47053,1779
47054,1776
47055,1773
47056,1782
47057,1814
47058,1839
47059,1856
47060,2009
47061,1072
47062,1959
47063,2202
47064,2289
47065,2293
47066,2213
47067,2097
47068,1881
47069,1568
47070,1590
47071,1729
47072,1776
47073,1808
47074,1855
47075,1889
47076,1919
47077,1939
47078,1970
47079,1986
47080,1987
47081,1931
47082,1855
47083,1810
47084,1791
47085,1774
47086,1775
47087,1780
47088,1806
47089,1823
47090,1840
47091,2223
47092,534
47093,1838
47094,2122
47095,2224
47096,2287
47097,2273
47098,2181
47099,1989
47100,1651
47101,1593
47102,1689
47103,1759
47104,1805
47105,1839
47106,1867
47107,1901
47108,1930
47109,1966
47110,1979
47111,1967
47112,1920
47113,1899
47114,1877
47115,1841
47116,1808
47117,1775
47118,1761
47119,1776
47120,1796
47121,1817
47122,1835
47123,220
47124,1573
47125,2054
47126,2195
47127,2245
47128,2254
47129,2188
47130,2094
47131,1791
47132,1598
47133,1698
47134,1764
47135,1790
47136,1819
47137,1856
47138,1888
47139,1910
47140,1945
47141,1982
47142,1990
47143,1950
47144,1886
47145,1846
47146,1838
47147,1847
47148,1825
47149,1797
47150,1781
47151,1781
47152,1792
47153,1810
47154,1198
47155,1206
47156,1965
47157,2163
47158,2250
47159,2288
47160,2224
47161,2114
47162,1855
47163,1592
47164,1678
47165,1785
47166,1813
47167,1826
47168,1840
47169,1859
47170,1891
47171,1926
47172,1959
47173,1971
47174,1954
47175,1902
47176,1861
47177,1831
47178,1822
47179,1821
47180,1840
47181,1834
47182,1823
47183,1817
47184,1808
47185,2780
47186,786
47187,1865
47188,2115
47189,2224
47190,2285
47191,2237
47192,2160
47193,1939
47194,1563
47195,1623
47196,1785
47197,1860
47198,1867
47199,1872
47200,1874
47201,1881
47202,1904
47203,1936
47204,1962
47205,1945
47206,1890
47207,1849
47208,1839
47209,1837
47210,1819
47211,1814
47212,1812
47213,1840
47214,1858
47215,1840
47216,1833
47217,240
47218,1678
47219,2037
47220,2183
47221,2263
47222,2254
47223,2166
47224,2022
47225,1687
47226,1578
47227,1712
47228,1806
47229,1842
47230,1895
47231,1919
47232,1911
47233,1917
47234,1936
47235,1947
47236,1945
47237,1904
47238,1845
47239,1813
47240,1808
47241,1810
47242,1814
47243,1811
47244,1807
47245,1825
47246,1856
47247,1881
47248,1872
47249,1856
47250,1843
47251,1838
47252,1837
47253,1841
47254,1854
47255,1859
47256,1865
47257,1872
47258,1879
47259,1888
47260,1885
47261,1882
47262,1877
47263,1901
47264,1906
47265,1881
47266,1866
47267,1846
47268,1838
47269,1836
47270,1841
47271,1851
47272,1852
47273,1856
47274,1862
47275,1872
47276,1872
47277,1862
47278,1865
47279,1874
47280,1895
47281,1895
47282,1872
47283,1854
47284,1840
47285,1826
47286,1831
47287,1842
47288,1847
47289,1847
47290,1856
47291,1867
47292,1873
47293,1874
47294,1872
47295,1868
47296,1883
47297,1902
47298,1888
47299,1866
47300,1845
47301,1837
47302,1831
47303,1840
47304,1841
47305,1846
47306,1851
47307,1859
47308,1867
47309,1875
47310,1872
47311,1867
47312,1869
47313,1894
47314,1899
47315,1872
47316,1858
47317,1846
47318,1827
47319,1827
47320,1834
47321,1846
47322,1855
47323,1862
47324,1876
47325,1872
47326,1874
47327,1852
47328,1850
47329,1860
47330,1885
47331,1887
47332,1861
47333,1844
47334,1834
47335,1824
47336,1824
47337,1835
47338,1843
47339,1843
47340,1846
47341,1856
47342,1872
47343,1874
47344,1872
47345,1872
47346,1885
47347,1904
47348,1890
47349,1871
47350,1851
47351,1837
47352,1830
47353,1837
47354,1843
47355,1846
47356,1851
47357,1859
47358,1870
47359,1874
47360,1872
47361,1871
47362,1870
47363,1891
47364,1894
47365,1872
47366,1852
47367,1837
47368,1825
47369,1830
47370,1838
47371,1846
47372,1846
47373,1855
47374,1869
47375,1872
47376,1878
47377,1871
47378,1870
47379,1872
47380,1895
47381,1895
47382,1870
47383,1852
47384,1836
47385,1827
47386,1834
47387,1840
47388,1847
47389,1850
47390,1857
47391,1869
47392,1874
47393,1872
47394,1862
47395,1863
47396,1875
47397,1894
47398,1881
47399,1862
47400,1847
47401,1835
47402,1830
47403,1837
47404,1841
47405,1847
47406,1853
47407,1857
47408,1865
47409,1875
47410,1872
47411,1871
47412,1869
47413,1889
47414,1899
47415,1874
47416,1856
47417,1841
47418,1823
47419,1831
47420,1837
47421,1842
47422,1845
47423,1851
47424,1856
47425,1863
47426,1868
47427,1861
47428,1861
47429,1866
47430,1893
47431,1892
47432,1869
47433,1854
47434,1840
47435,1831
47436,1835
47437,1840
47438,1846
47439,1849
47440,1856
47441,1868
47442,1878
47443,1879
47444,1881
47445,1869
47446,1872
47447,1885
47448,1875
47449,1857
47450,1841
47451,1833
47452,1829
47453,1831
47454,1835
47455,1839
47456,1840
47457,1851
47458,1861
47459,1866
47460,1872
47461,1872
47462,1865
47463,1887
47464,1899
47465,1875
47466,1860
47467,1840
47468,1832
47469,1829
47470,1838
47471,1843
47472,1847
47473,1856
47474,1867
47475,1873
47476,1879
47477,1871
47478,1871
47479,1872
47480,1891
47481,1893
47482,1870
47483,1850
47484,1833
47485,1824
47486,1827
47487,1838
47488,1843
47489,1853
47490,1856
47491,1859
47492,1867
47493,1869
47494,1867
47495,1871
47496,1882
47497,1902
47498,1888
47499,1867
47500,1844
47501,1835
47502,1828
47503,1833
47504,1840
47505,1846
47506,1850
47507,1859
47508,1872
47509,1878
47510,1872
47511,1872
47512,1872
47513,1891
47514,1892
47515,1877
47516,1852
47517,1834
47518,1819
47519,1827
47520,1838
47521,1845
47522,1851
47523,1861
47524,1878
47525,1890
47526,1901
47527,1895
47528,1891
47529,1888
47530,1904
47531,1883
47532,1840
47533,1818
47534,1810
47535,1808
47536,1818
47537,1840
47538,1845
47539,1841
47540,1853
47541,1868
47542,1872
47543,1875
47544,1867
47545,1859
47546,1872
47547,1891
47548,1878
47549,1858
47550,1840
47551,1834
47552,1827
47553,1834
47554,1840
47555,1847
47556,1850
47557,1860
47558,1872
47559,1875
47560,1872
47561,1872
47562,1872
47563,1894
47564,1904
47565,1882
47566,1859
47567,1843
47568,1835
47569,1835
47570,1840
47571,1844
47572,1850
47573,1857
47574,1859
47575,1867
47576,1872
47577,1862
47578,1859
47579,1865
47580,1886
47581,1891
47582,1873
47583,1856
47584,1840
47585,1829
47586,1833
47587,1835
47588,1845
47589,1851
47590,1856
47591,1872
47592,1879
47593,1877
47594,1867
47595,1865
47596,1882
47597,1904
47598,1895
47599,1872
47600,1859
47601,1844
47602,1836
47603,1840
47604,1831
47605,1825
47606,1830
47607,1845
47608,1861
47609,1877
47610,1862
47611,1866
47612,1869
47613,1892
47614,1904
47615,1879
47616,1857
47617,1841
47618,1827
47619,1829
47620,1837
47621,1843
47622,1847
47623,1854
47624,1870
47625,1875
47626,1882
47627,1875
47628,1872
47629,1872
47630,1891
47631,1893
47632,1861
47633,1838
47634,1828
47635,1821
47636,1822
47637,1835
47638,1843
47639,1843
47640,1851
47641,1861
47642,1871
47643,1876
47644,1873
47645,1872
47646,1887
47647,1904
47648,1890
47649,1862
47650,1840
47651,1829
47652,1822
47653,1833
47654,1840
47655,1850
47656,1853
47657,1859
47658,1871
47659,1875
47660,1872
47661,1872
47662,1871
47663,1895
47664,1895
47665,1872
47666,1856
47667,1839
47668,1825
47669,1830
47670,1838
47671,1840
47672,1849
47673,1854
47674,1863
47675,1872
47676,1877
47677,1871
47678,1870
47679,1874
47680,1903
47681,1903
47682,1874
47683,1856
47684,1839
47685,1827
47686,1833
47687,1837
47688,1846
47689,1850
47690,1855
47691,1866
47692,1872
47693,1875
47694,1861
47695,1861
47696,1877
47697,1901
47698,1888
47699,1867
47700,1849
47701,1837
47702,1833
47703,1837
47704,1843
47705,1846
47706,1850
47707,1855
47708,1862
47709,1873
47710,1867
47711,1870
47712,1868
47713,1888
47714,1902
47715,1877
47716,1858
47717,1841
47718,1829
47719,1823
47720,1829
47721,1840
47722,1845
47723,1847
47724,1861
47725,1867
47726,1872
47727,1862
47728,1862
47729,1870
47730,1891
47731,1902
47732,1872
47733,1854
47734,1840
47735,1829
47736,1831
47737,1840
47738,1845
47739,1851
47740,1856
47741,1867
47742,1872
47743,1874
47744,1873
47745,1870
47746,1886
47747,1904
47748,1895
47749,1869
47750,1850
47751,1844
47752,1829
47753,1831
47754,1835
47755,1840
47756,1845
47757,1854
47758,1868
47759,1872
47760,1864
47761,1869
47762,1871
47763,1891
47764,1904
47765,1884
47766,1862
47767,1843
47768,1833
47769,1830
47770,1838
47771,1847
47772,1850
47773,1855
47774,1869
47775,1872
47776,1875
47777,1875
47778,1876
47779,1877
47780,1899
47781,1900
47782,1872
47783,1850
47784,1834
47785,1822
47786,1825
47787,1831
47788,1840
47789,1847
47790,1855
47791,1868
47792,1872
47793,1875
47794,1872
47795,1872
47796,1883
47797,1905
47798,1894
47799,1869
47800,1854
47801,1838
47802,1830
47803,1837
47804,1841
47805,1850
47806,1851
47807,1856
47808,1867
47809,1875
47810,1872
47811,1872
47812,1872
47813,1891
47814,1895
47815,1875
47816,1858
47817,1839
47818,1825
47819,1829
47820,1839
47821,1843
47822,1850
47823,1855
47824,1863
47825,1871
47826,1878
47827,1872
47828,1872
47829,1871
47830,1901
47831,1904
47832,1875
47833,1850
47834,1835
47835,1824
47836,1827
47837,1839
47838,1843
47839,1846
47840,1856
47841,1865
47842,1872
47843,1873
47844,1868
47845,1865
47846,1875
47847,1902
47848,1891
47849,1861
47850,1840
47851,1829
47852,1825
47853,1833
47854,1840
47855,1847
47856,1851
47857,1859
47858,1869
47859,1879
47860,1872
47861,1872
47862,1871
47863,1891
47864,1904
47865,1884
47866,1861
47867,1842
47868,1831
47869,1829
47870,1839
47871,1847
47872,1850
47873,1855
47874,1858
47875,1869
47876,1872
47877,1861
47878,1865
47879,1874
47880,1901
47881,1904
47882,1874
47883,1856
47884,1838
47885,1827
47886,1829
47887,1840
47888,1843
47889,1841
47890,1846
47891,1862
47892,1872
47893,1874
47894,1872
47895,1872
47896,1885
47897,1907
47898,1901
47899,1874
47900,1856
47901,1840
47902,1827
47903,1830
47904,1829
47905,1837
47906,1841
47907,1855
47908,1866
47909,1872
47910,1872
47911,1869
47912,1867
47913,1887
47914,1904
47915,1878
47916,1862
47917,1843
47918,1825
47919,1831
47920,1836
47921,1843
47922,1847
47923,1853
47924,1860
47925,1866
47926,1875
47927,1872
47928,1872
47929,1867
47930,1891
47931,1893
47932,1869
47933,1847
47934,1839
47935,1823
47936,1823
47937,1831
47938,1840
47939,1840
47940,1847
47941,1867
47942,1872
47943,1872
47944,1872
47945,1872
47946,1886
47947,1904
47948,1891
47949,1869
47950,1850
47951,1839
47952,1827
47953,1829
47954,1840
47955,1847
47956,1849
47957,1858
47958,1870
47959,1876
47960,1872
47961,1872
47962,1872
47963,1895
47964,1899
47965,1879
47966,1856
47967,1840
47968,1827
47969,1823
47970,1835
47971,1840
47972,1842
47973,1854
47974,1866
47975,1872
47976,1879
47977,1870
47978,1872
47979,1872
47980,1895
47981,1901
47982,1872
47983,1854
47984,1838
47985,1826
47986,1831
47987,1840
47988,1849
47989,1853
47990,1858
47991,1869
47992,1875
47993,1872
47994,1867
47995,1866
47996,1878
47997,1897
47998,1886
47999,1860
48000,1851
48001,1839
48002,1836
48003,1838
48004,1847
48005,1854
48006,1849
48007,1857
48008,1863
48009,1863
48010,1859
48011,1865
48012,1865
48013,1889
48014,1900
48015,1878
48016,1857
48017,1840
48018,1822
48019,1830
48020,1836
48021,1843
48022,1847
48023,1854
48024,1855
48025,1867
48026,1874
48027,1871
48028,1867
48029,1870
48030,1891
48031,1904
48032,1874
48033,1849
48034,1834
48035,1829
48036,1829
48037,1839
48038,1844
48039,1848
48040,1855
48041,1869
48042,1875
48043,1878
48044,1875
48045,1870
48046,1878
48047,1903
48048,1891
48049,1862
48050,1851
48051,1839
48052,1827
48053,1834
48054,1837
48055,1844
48056,1843
48057,1855
48058,1863
48059,1871
48060,1873
48061,1872
48062,1870
48063,1887
48064,1903
48065,1882
48066,1866
48067,1844
48068,1833
48069,1831
48070,1838
48071,1843
48072,1845
48073,1851
48074,1863
48075,1872
48076,1878
48077,1871
48078,1872
48079,1872
48080,1897
48081,1902
48082,1872
48083,1856
48084,1835
48085,1822
48086,1829
48087,1837
48088,1846
48089,1852
48090,1859
48091,1871
48092,1875
48093,1877
48094,1874
48095,1872
48096,1887
48097,1909
48098,1883
48099,1856
48100,1840
48101,1833
48102,1831
48103,1835
48104,1841
48105,1845
48106,1847
48107,1855
48108,1867
48109,1875
48110,1872
48111,1872
48112,1867
48113,1889
48114,1891
48115,1879
48116,1856
48117,1841
48118,1832
48119,1830
48120,1837
48121,1841
48122,1850
48123,1855
48124,1860
48125,1872
48126,1879
48127,1873
48128,1873
48129,1875
48130,1887
48131,1890
48132,1872
48133,1855
48134,1842
48135,1833
48136,1835
48137,1840
48138,1846
48139,1847
48140,1853
48141,1865
48142,1874
48143,1873
48144,1868
48145,1863
48146,1878
48147,1904
48148,1895
48149,1865
48150,1844
48151,1830
48152,1828
48153,1831
48154,1839
48155,1841
48156,1843
48157,1854
48158,1867
48159,1873
48160,1874
48161,1871
48162,1871
48163,1890
48164,1904
48165,1883
48166,1862
48167,1843
48168,1830
48169,1830
48170,1838
48171,1842
48172,1849
48173,1853
48174,1856
48175,1865
48176,1872
48177,1870
48178,1867
48179,1873
48180,1900
48181,1904
48182,1874
48183,1858
48184,1841
48185,1828
48186,1827
48187,1839
48188,1847
48189,1849
48190,1859
48191,1872
48192,1883
48193,1890
48194,1882
48195,1881
48196,1892
48197,1907
48198,1901
48199,1881
48200,1872
48201,1857
48202,1856
48203,1863
48204,1866
48205,1870
48206,1851
48207,1810
48208,1808
48209,1823
48210,1833
48211,1850
48212,1869
48213,1919
48214,1946
48215,1927
48216,1909
48217,1902
48218,1879
48219,1873
48220,1873
48221,1840
48222,1811
48223,1814
48224,1819
48225,1812
48226,1797
48227,1767
48228,1809
48229,1833
48230,1869
48231,1883
48232,1865
48233,1847
48234,1835
48235,1829
48236,1837
48237,1840
48238,1842
48239,1835
48240,1840
48241,1859
48242,1874
48243,1877
48244,1867
48245,1867
48246,1879
48247,1907
48248,1930
48249,789
48250,1811
48251,1994
48252,2013
48253,1999
48254,2006
48255,2025
48256,1994
48257,1926
48258,1897
48259,1873
48260,1857
48261,1842
48262,1840
48263,1857
48264,1853
48265,1837
48266,1822
48267,1825
48268,1851
48269,1901
48270,1936
48271,1965
48272,1963
48273,1931
48274,1881
48275,1827
48276,1825
48277,1802
48278,1786
48279,1789
48280,621
48281,1582
48282,1948
48283,2043
48284,2043
48285,2038
48286,2055
48287,2012
48288,1920
48289,1856
48290,1803
48291,1787
48292,1774
48293,1795
48294,1805
48295,1812
48296,1843
48297,1889
48298,1911
48299,1933
48300,1950
48301,1957
48302,1946
48303,1921
48304,1874
48305,1819
48306,1783
48307,1762
48308,1775
48309,1802
48310,1810
48311,2224
48312,1274
48313,1907
48314,2066
48315,2079
48316,2062
48317,2062
48318,2018
48319,1951
48320,1904
48321,1857
48322,1808
48323,1776
48324,1777
48325,1791
48326,1821
48327,1841
48328,1874
48329,1917
48330,1987
48331,2042
48332,2030
48333,1989
48334,1914
48335,1808
48336,1746
48337,1727
48338,1726
48339,1741
48340,1765
48341,1801
48342,2149
48343,845
48344,1813
48345,2031
48346,2105
48347,2129
48348,2142
48349,2123
48350,2039
48351,1985
48352,1878
48353,1729
48354,1680
48355,1706
48356,1736
48357,1792
48358,1843
48359,1891
48360,1930
48361,1987
48362,2032
48363,2068
48364,2046
48365,1953
48366,1846
48367,1776
48368,1716
48369,1714
48370,1735
48371,1746
48372,1775
48373,1786
48374,491
48375,1681
48376,1985
48377,2078
48378,2098
48379,2130
48380,2169
48381,2111
48382,2021
48383,1877
48384,1679
48385,1647
48386,1714
48387,1775
48388,1822
48389,1857
48390,1894
48391,1938
48392,1984
48393,2016
48394,2012
48395,1972
48396,1904
48397,1861
48398,1821
48399,1770
48400,1749
48401,1749
48402,1762
48403,1788
48404,1802
48405,820
48406,1450
48407,1935
48408,2062
48409,2097
48410,2106
48411,2112
48412,2060
48413,2000
48414,1911
48415,1769
48416,1730
48417,1775
48418,1791
48419,1821
48420,1855
48421,1891
48422,1930
48423,1972
48424,2019
48425,2032
48426,1997
48427,1904
48428,1840
48429,1792
48430,1779
48431,1771
48432,1749
48433,1758
48434,1773
48435,1779
48436,2654
48437,1018
48438,1862
48439,2021
48440,2070
48441,2085
48442,2089
48443,2043
48444,1939
48445,1847
48446,1823
48447,1879
48448,1907
48449,1872
48450,1850
48451,1849
48452,1871
48453,1904
48454,1941
48455,1982
48456,1988
48457,1955
48458,1890
48459,1841
48460,1806
48461,1778
48462,1776
48463,1806
48464,1837
48465,1830
48466,1818
48467,1823
48468,423
48469,1709
48470,1983
48471,2068
48472,2093
48473,2096
48474,2078
48475,2001
48476,1911
48477,1819
48478,1814
48479,1857
48480,1875
48481,1884
48482,1876
48483,1879
48484,1893
48485,1915
48486,1946
48487,1965
48488,1939
48489,1875
48490,1823
48491,1808
48492,1794
48493,1791
48494,1790
48495,1802
48496,1830
48497,1863
48498,1866
48499,410
48500,1506
48501,1968
48502,2096
48503,2128
48504,2126
48505,2105
48506,2017
48507,1894
48508,1734
48509,1751
48510,1818
48511,1840
48512,1851
48513,1893
48514,1925
48515,1931
48516,1936
48517,1948
48518,1945
48519,1936
48520,1881
48521,1830
48522,1799
48523,1778
48524,1785
48525,1792
48526,1806
48527,1814
48528,1829
48529,1837
48530,1744
48531,1175
48532,1957
48533,2158
48534,2203
48535,2186
48536,2154
48537,2066
48538,1936
48539,1690
48540,1621
48541,1728
48542,1787
48543,1825
48544,1856
48545,1877
48546,1913
48547,1966
48548,1993
48549,1985
48550,1966
48551,1901
48552,1827
48553,1792
48554,1777
48555,1776
48556,1777
48557,1792
48558,1814
48559,1840
48560,1845
48561,2723
48562,709
48563,1891
48564,2162
48565,2221
48566,2222
48567,2165
48568,2058
48569,1935
48570,1683
48571,1618
48572,1731
48573,1811
48574,1845
48575,1872
48576,1897
48577,1906
48578,1934
48579,1968
48580,2009
48581,2003
48582,1936
48583,1855
48584,1801
48585,1776
48586,1767
48587,1771
48588,1781
48589,1796
48590,1821
48591,1843
48592,1869
48593,217
48594,1667
48595,2066
48596,2194
48597,2271
48598,2257
48599,2149
48600,2027
48601,1774
48602,1615
48603,1693
48604,1754
48605,1796
48606,1837
48607,1867
48608,1899
48609,1927
48610,1956
48611,1981
48612,1979
48613,1965
48614,1911
48615,1854
48616,1818
48617,1789
48618,1763
48619,1770
48620,1779
48621,1802
48622,1820
48623,1831
48624,784
48625,1344
48626,2001
48627,2170
48628,2245
48629,2267
48630,2197
48631,2125
48632,1894
48633,1605
48634,1638
48635,1730
48636,1776
48637,1814
48638,1851
48639,1874
48640,1903
48641,1937
48642,1971
48643,1984
48644,1961
48645,1903
48646,1870
48647,1871
48648,1849
48649,1808
48650,1791
48651,1776
48652,1782
48653,1798
48654,1810
48655,2258
48656,959
48657,1926
48658,2160
48659,2245
48660,2278
48661,2192
48662,2098
48663,1937
48664,1632
48665,1667
48666,1776
48667,1805
48668,1815
48669,1837
48670,1859
48671,1886
48672,1912
48673,1947
48674,1971
48675,1966
48676,1921
48677,1870
48678,1840
48679,1821
48680,1830
48681,1829
48682,1808
48683,1814
48684,1810
48685,1808
48686,2035
48687,416
48688,1778
48689,2096
48690,2214
48691,2291
48692,2252
48693,2158
48694,2018
48695,1659
48696,1600
48697,1754
48698,1839
48699,1841
48700,1846
48701,1855
48702,1861
48703,1887
48704,1927
48705,1957
48706,1954
48707,1921
48708,1873
48709,1848
48710,1831
48711,1820
48712,1807
48713,1820
48714,1835
48715,1829
48716,1824
48717,1818
48718,165
48719,1557
48720,2030
48721,2192
48722,2269
48723,2265
48724,2169
48725,2073
48726,1717
48727,1535
48728,1702
48729,1803
48730,1867
48731,1898
48732,1889
48733,1889
48734,1895
48735,1907
48736,1934
48737,1942
48738,1922
48739,1868
48740,1836
48741,1825
48742,1825
48743,1819
48744,1803
48745,1808
48746,1829
48747,1861
48748,1863
48749,1403
48750,1159
48751,1945
48752,2150
48753,2240
48754,2267
48755,2166
48756,2082
48757,1826
48758,1534
48759,1658
48760,1808
48761,1851
48762,1867
48763,1904
48764,1935
48765,1929
48766,1930
48767,1938
48768,1939
48769,1920
48770,1872
48771,1839
48772,1813
48773,1803
48774,1807
48775,1810
48776,1818
48777,1822
48778,1833
48779,1843
48780,2702
48781,689
48782,1872
48783,2122
48784,2223
48785,2273
48786,2197
48787,2100
48788,1942
48789,1562
48790,1557
48791,1766
48792,1847
48793,1872
48794,1887
48795,1901
48796,1920
48797,1967
48798,1990
48799,1985
48800,1963
48801,1894
48802,1829
48803,1802
48804,1789
48805,1777
48806,1770
48807,1778
48808,1804
48809,1835
48810,1845
48811,1856
48812,267
48813,1748
48814,2117
48815,2219
48816,2266
48817,2199
48818,2070
48819,1957
48820,1626
48821,1600
48822,1744
48823,1830
48824,1859
48825,1888
48826,1914
48827,1920
48828,1936
48829,1954
48830,1998
48831,2001
48832,1936
48833,1867
48834,1822
48835,1788
48836,1776
48837,1773
48838,1774
48839,1774
48840,1797
48841,1829
48842,1847
48843,626
48844,1406
48845,2011
48846,2201
48847,2309
48848,2301
48849,2169
48850,2059
48851,1718
48852,1489
48853,1663
48854,1795
48855,1843
48856,1861
48857,1887
48858,1909
48859,1930
48860,1949
48861,1971
48862,1979
48863,1970
48864,1927
48865,1872
48866,1825
48867,1794
48868,1776
48869,1760
48870,1758
48871,1776
48872,1803
48873,1821
48874,1845
48875,1861
48876,1876
48877,1873
48878,1876
48879,1883
48880,1906
48881,1918
48882,1894
48883,1877
48884,1863
48885,1847
48886,1840
48887,1840
48888,1840
48889,1846
48890,1856
48891,1869
48892,1875
48893,1882
48894,1872
48895,1866
48896,1873
48897,1898
48898,1893
48899,1873
48900,1854
48901,1840
48902,1833
48903,1835
48904,1843
48905,1851
48906,1852
48907,1858
48908,1871
48909,1877
48910,1872
48911,1871
48912,1867
48913,1887
48914,1900
48915,1884
48916,1862
48917,1843
48918,1823
48919,1825
48920,1833
48921,1842
48922,1850
48923,1853
48924,1858
48925,1867
48926,1874
48927,1865
48928,1867
48929,1862
48930,1888
48931,1906
48932,1879
48933,1858
48934,1842
48935,1838
48936,1834
48937,1831
48938,1836
48939,1839
48940,1851
48941,1867
48942,1874
48943,1872
48944,1872
48945,1876
48946,1887
48947,1905
48948,1899
48949,1870
48950,1851
48951,1837
48952,1828
48953,1824
48954,1823
48955,1829
48956,1840
48957,1844
48958,1857
48959,1862
48960,1866
48961,1874
48962,1874
48963,1888
48964,1899
48965,1877
48966,1858
48967,1843
48968,1838
48969,1835
48970,1840
48971,1845
48972,1855
48973,1856
48974,1865
48975,1866
48976,1872
48977,1870
48978,1870
48979,1870
48980,1894
48981,1899
48982,1875
48983,1856
48984,1837
48985,1823
48986,1823
48987,1832
48988,1841
48989,1849
48990,1855
48991,1870
48992,1872
48993,1875
48994,1870
48995,1870
48996,1877
48997,1901
48998,1894
48999,1870
49000,1853
49001,1835
49002,1827
49003,1835
49004,1841
49005,1846
49006,1847
49007,1856
49008,1867
49009,1874
49010,1872
49011,1872
49012,1870
49013,1883
49014,1893
49015,1875
49016,1857
49017,1839
49018,1830
49019,1829
49020,1835
49021,1843
49022,1854
49023,1850
49024,1856
49025,1866
49026,1872
49027,1863
49028,1869
49029,1870
49030,1891
49031,1899
49032,1874
49033,1855
49034,1834
49035,1822
49036,1827
49037,1836
49038,1843
49039,1847
49040,1854
49041,1866
49042,1872
49043,1878
49044,1863
49045,1862
49046,1872
49047,1889
49048,1887
49049,1858
49050,1841
49051,1829
49052,1827
49053,1831
49054,1840
49055,1843
49056,1850
49057,1858
49058,1872
49059,1876
49060,1872
49061,1872
49062,1872
49063,1890
49064,1902
49065,1875
49066,1855
49067,1840
49068,1834
49069,1827
49070,1829
49071,1840
49072,1846
49073,1850
49074,1857
49075,1866
49076,1872
49077,1863
49078,1863
49079,1869
49080,1891
49081,1899
49082,1877
49083,1858
49084,1845
49085,1837
49086,1835
49087,1841
49088,1843
49089,1840
49090,1838
49091,1854
49092,1872
49093,1878
49094,1872
49095,1871
49096,1871
49097,1887
49098,1882
49099,1867
49100,1847
49101,1836
49102,1831
49103,1837
49104,1839
49105,1842
49106,1847
49107,1854
49108,1863
49109,1871
49110,1866
49111,1863
49112,1867
49113,1887
49114,1905
49115,1887
49116,1865
49117,1849
49118,1838
49119,1822
49120,1820
49121,1837
49122,1843
49123,1845
49124,1859
49125,1859
49126,1871
49127,1872
49128,1872
49129,1862
49130,1887
49131,1893
49132,1871
49133,1850
49134,1833
49135,1823
49136,1822
49137,1833
49138,1840
49139,1841
49140,1846
49141,1858
49142,1871
49143,1872
49144,1872
49145,1869
49146,1879
49147,1903
49148,1899
49149,1872
49150,1851
49151,1840
49152,1834
49153,1833
49154,1846
49155,1856
49156,1857
49157,1863
49158,1872
49159,1863
49160,1862
49161,1861
49162,1858
49163,1872
49164,1887
49165,1874
49166,1855
49167,1843
49168,1840
49169,1853
49170,1856
49171,1865
49172,1857
49173,1855
49174,1866
49175,1847
49176,1840
49177,1840
49178,1856
49179,1863
49180,1893
49181,1899
49182,1875
49183,1861
49184,1841
49185,1836
49186,1835
49187,1840
49188,1845
49189,1850
49190,1845
49191,1865
49192,1873
49193,1876
49194,1870
49195,1871
49196,1875
49197,1897
49198,1890
49199,1870
49200,1853
49201,1840
49202,1833
49203,1838
49204,1847
49205,1858
49206,1859
49207,1871
49208,1879
49209,1883
49210,1879
49211,1869
49212,1850
49213,1879
49214,1893
49215,1866
49216,1843
49217,1839
49218,1823
49219,1831
49220,1839
49221,1847
49222,1858
49223,1867
49224,1872
49225,1888
49226,1897
49227,1881
49228,1875
49229,1856
49230,1865
49231,1875
49232,1856
49233,1835
49234,1827
49235,1820
49236,1827
49237,1836
49238,1842
49239,1841
49240,1840
49241,1857
49242,1870
49243,1875
49244,1872
49245,1872
49246,1885
49247,1905
49248,1904
49249,1875
49250,1856
49251,1840
49252,1831
49253,1835
49254,1838
49255,1843
49256,1849
49257,1850
49258,1860
49259,1866
49260,1863
49261,1865
49262,1872
49263,1889
49264,1904
49265,1889
49266,1865
49267,1846
49268,1834
49269,1829
49270,1837
49271,1843
49272,1849
49273,1851
49274,1863
49275,1868
49276,1875
49277,1872
49278,1872
49279,1873
49280,1899
49281,1905
49282,1879
49283,1858
49284,1831
49285,1812
49286,1818
49287,1826
49288,1840
49289,1844
49290,1852
49291,1861
49292,1872
49293,1877
49294,1872
49295,1873
49296,1879
49297,1904
49298,1901
49299,1873
49300,1857
49301,1843
49302,1835
49303,1835
49304,1841
49305,1849
49306,1856
49307,1859
49308,1871
49309,1876
49310,1873
49311,1872
49312,1867
49313,1869
49314,1869
49315,1859
49316,1846
49317,1835
49318,1825
49319,1831
49320,1838
49321,1847
49322,1853
49323,1856
49324,1871
49325,1871
49326,1872
49327,1863
49328,1868
49329,1867
49330,1888
49331,1897
49332,1875
49333,1859
49334,1841
49335,1829
49336,1833
49337,1840
49338,1847
49339,1846
49340,1849
49341,1863
49342,1872
49343,1875
49344,1870
49345,1866
49346,1872
49347,1897
49348,1891
49349,1865
49350,1843
49351,1833
49352,1829
49353,1834
49354,1840
49355,1847
49356,1851
49357,1861
49358,1867
49359,1875
49360,1874
49361,1875
49362,1872
49363,1888
49364,1906
49365,1891
49366,1869
49367,1847
49368,1837
49369,1825
49370,1826
49371,1839
49372,1841
49373,1845
49374,1855
49375,1861
49376,1872
49377,1870
49378,1868
49379,1870
49380,1895
49381,1904
49382,1879
49383,1867
49384,1845
49385,1837
49386,1836
49387,1840
49388,1842
49389,1842
49390,1850
49391,1859
49392,1867
49393,1875
49394,1872
49395,1872
49396,1879
49397,1903
49398,1895
49399,1873
49400,1854
49401,1839
49402,1831
49403,1839
49404,1839
49405,1838
49406,1846
49407,1856
49408,1871
49409,1874
49410,1866
49411,1861
49412,1856
49413,1883
49414,1904
49415,1890
49416,1862
49417,1847
49418,1834
49419,1833
49420,1835
49421,1843
49422,1846
49423,1846
49424,1856
49425,1869
49426,1876
49427,1870
49428,1867
49429,1868
49430,1889
49431,1902
49432,1877
49433,1854
49434,1837
49435,1825
49436,1824
49437,1823
49438,1836
49439,1840
49440,1842
49441,1856
49442,1873
49443,1878
49444,1872
49445,1873
49446,1877
49447,1903
49448,1895
49449,1872
49450,1853
49451,1840
49452,1833
49453,1833
49454,1837
49455,1844
49456,1853
49457,1859
49458,1870
49459,1875
49460,1877
49461,1874
49462,1872
49463,1889
49464,1895
49465,1882
49466,1861
49467,1840
49468,1828
49469,1831
49470,1837
49471,1840
49472,1846
49473,1851
49474,1866
49475,1872
49476,1877
49477,1872
49478,1868
49479,1871
49480,1893
49481,1903
49482,1879
49483,1859
49484,1840
49485,1830
49486,1837
49487,1841
49488,1853
49489,1853
49490,1856
49491,1865
49492,1870
49493,1874
49494,1861
49495,1866
49496,1872
49497,1899
49498,1894
49499,1872
49500,1854
49501,1839
49502,1833
49503,1834
49504,1840
49505,1849
49506,1853
49507,1857
49508,1872
49509,1878
49510,1874
49511,1874
49512,1872
49513,1889
49514,1901
49515,1884
49516,1859
49517,1843
49518,1826
49519,1829
49520,1838
49521,1846
49522,1851
49523,1854
49524,1855
49525,1860
49526,1872
49527,1871
49528,1863
49529,1851
49530,1873
49531,1902
49532,1879
49533,1859
49534,1841
49535,1823
49536,1828
49537,1840
49538,1847
49539,1856
49540,1859
49541,1871
49542,1874
49543,1877
49544,1863
49545,1867
49546,1874
49547,1901
49548,1899
49549,1873
49550,1856
49551,1839
49552,1826
49553,1831
49554,1840
49555,1842
49556,1848
49557,1856
49558,1872
49559,1877
49560,1883
49561,1879
49562,1872
49563,1885
49564,1895
49565,1886
49566,1859
49567,1841
49568,1831
49569,1831
49570,1840
49571,1845
49572,1854
49573,1851
49574,1856
49575,1859
49576,1871
49577,1872
49578,1877
49579,1875
49580,1904
49581,1903
49582,1862
49583,1842
49584,1827
49585,1819
49586,1822
49587,1831
49588,1840
49589,1849
49590,1859
49591,1872
49592,1882
49593,1887
49594,1873
49595,1865
49596,1877
49597,1904
49598,1903
49599,1871
49600,1843
49601,1827
49602,1815
49603,1828
49604,1839
49605,1849
49606,1850
49607,1857
49608,1872
49609,1876
49610,1875
49611,1872
49612,1872
49613,1887
49614,1904
49615,1889
49616,1861
49617,1845
49618,1833
49619,1829
49620,1828
49621,1834
49622,1843
49623,1847
49624,1862
49625,1874
49626,1881
49627,1871
49628,1872
49629,1867
49630,1888
49631,1900
49632,1875
49633,1856
49634,1840
49635,1830
49636,1830
49637,1840
49638,1849
49639,1851
49640,1859
49641,1869
49642,1872
49643,1872
49644,1861
49645,1862
49646,1872
49647,1895
49648,1898
49649,1862
49650,1840
49651,1825
49652,1820
49653,1829
49654,1840
49655,1850
49656,1853
49657,1858
49658,1872
49659,1876
49660,1873
49661,1872
49662,1871
49663,1890
49664,1905
49665,1893
49666,1867
49667,1846
49668,1841
49669,1837
49670,1840
49671,1847
49672,1856
49673,1872
49674,1882
49675,1888
49676,1876
49677,1862
49678,1865
49679,1856
49680,1859
49681,1860
49682,1839
49683,1836
49684,1831
49685,1827
49686,1831
49687,1840
49688,1844
49689,1849
49690,1856
49691,1866
49692,1872
49693,1875
49694,1863
49695,1872
49696,1885
49697,1905
49698,1902
49699,1875
49700,1864
49701,1841
49702,1831
49703,1839
49704,1845
49705,1856
49706,1858
49707,1857
49708,1867
49709,1872
49710,1862
49711,1865
49712,1858
49713,1872
49714,1894
49715,1883
49716,1863
49717,1846
49718,1835
49719,1820
49720,1835
49721,1841
49722,1850
49723,1852
49724,1862
49725,1870
49726,1875
49727,1872
49728,1871
49729,1863
49730,1887
49731,1899
49732,1872
49733,1855
49734,1840
49735,1822
49736,1819
49737,1825
49738,1839
49739,1839
49740,1843
49741,1860
49742,1871
49743,1879
49744,1873
49745,1872
49746,1882
49747,1903
49748,1903
49749,1875
49750,1856
49751,1842
49752,1831
49753,1834
49754,1835
49755,1840
49756,1850
49757,1857
49758,1867
49759,1873
49760,1874
49761,1874
49762,1872
49763,1886
49764,1891
49765,1878
49766,1861
49767,1843
49768,1835
49769,1830
49770,1838
49771,1844
49772,1855
49773,1856
49774,1866
49775,1872
49776,1882
49777,1871
49778,1861
49779,1862
49780,1882
49781,1894
49782,1876
49783,1863
49784,1846
49785,1830
49786,1826
49787,1835
49788,1846
49789,1855
49790,1850
49791,1851
49792,1863
49793,1873
49794,1867
49795,1869
49796,1876
49797,1898
49798,1899
49799,1875
49800,1853
49801,1837
49802,1827
49803,1837
49804,1843
49805,1851
49806,1858
49807,1862
49808,1875
49809,1878
49810,1872
49811,1867
49812,1865
49813,1880
49814,1897
49815,1886
49816,1867
49817,1850
49818,1829
49819,1827
49820,1829
49821,1841
49822,1849
49823,1854
49824,1855
49825,1866
49826,1872
49827,1866
49828,1869
49829,1863
49830,1890
49831,1899
49832,1875
49833,1856
49834,1840
49835,1829
49836,1833
49837,1839
49838,1846
49839,1850
49840,1852
49841,1872
49842,1873
49843,1878
49844,1869
49845,1861
49846,1872
49847,1902
49848,1901
49849,1873
49850,1855
49851,1837
49852,1830
49853,1831
49854,1837
49855,1841
49856,1845
49857,1853
49858,1863
49859,1872
49860,1874
49861,1872
49862,1872
49863,1890
49864,1904
49865,1891
49866,1866
49867,1846
49868,1835
49869,1829
49870,1831
49871,1841
49872,1849
49873,1856
49874,1870
49875,608
49876,1626
49877,1999
49878,2078
49879,2065
49880,2084
49881,2097
49882,2065
49883,1975
49884,1890
49885,1830
49886,1804
49887,1757
49888,1758
49889,1787
49890,1795
49891,1815
49892,1837
49893,1861
49894,1884
49895,1920
49896,1961
49897,2001
49898,2006
49899,1961
49900,1895
49901,1815
49902,1778
49903,1761
49904,1751
49905,1759
49906,1953
49907,1229
49908,1873
49909,2014
49910,2030
49911,2027
49912,2035
49913,2038
49914,1981
49915,1923
49916,1881
49917,1837
49918,1787
49919,1797
49920,1805
49921,1811
49922,1830
49923,1846
49924,1883
49925,1925
49926,1971
49927,1995
49928,1997
49929,1966
49930,1937
49931,1883
49932,1818
49933,1757
49934,1734
49935,1744
49936,1755
49937,2222
49938,827
49939,1786
49940,1999
49941,2064
49942,2077
49943,2110
49944,2107
49945,2058
49946,2011
49947,2000
49948,1861
49949,1745
49950,1715
49951,1723
49952,1743
49953,1779
49954,1819
49955,1871
49956,1920
49957,1968
49958,2000
49959,1997
49960,1942
49961,1867
49962,1813
49963,1792
49964,1796
49965,1795
49966,1791
49967,1789
49968,1792
49969,446
49970,1651
49971,1965
49972,2042
49973,2054
49974,2087
49975,2114
49976,2083
49977,2028
49978,1966
49979,1791
49980,1730
49981,1774
49982,1795
49983,1814
49984,1827
49985,1843
49986,1882
49987,1931
49988,1982
49989,1998
49990,1977
49991,1927
49992,1852
49993,1796
49994,1758
49995,1757
49996,1786
49997,1823
49998,1843
49999,1835
50000,951
50001,1415
50002,1895
50003,1995
50004,2009
50005,2031
50006,2055
50007,2022
50008,1968
50009,1949
50010,1872
50011,1813
50012,1822
50013,1850
50014,1882
50015,1894
50016,1899
50017,1907
50018,1926
50019,1955
50020,1968
50021,1951
50022,1889
50023,1817
50024,1782
50025,1771
50026,1773
50027,1781
50028,1799
50029,1808
50030,1843
50031,2833
50032,1078
50033,1867
50034,1999
50035,2025
50036,2029
50037,2037
50038,2022
50039,1962
50040,1910
50041,1831
50042,1785
50043,1830
50044,1840
50045,1856
50046,1888
50047,1935
50048,1958
50049,1970
50050,1984
50051,1978
50052,1936
50053,1865
50054,1798
50055,1770
50056,1745
50057,1754
50058,1776
50059,1799
50060,1820
50061,1830
50062,1888
50063,522
50064,1795
50065,2054
50066,2109
50067,2103
50068,2095
50069,2086
50070,2011
50071,1905
50072,1766
50073,1744
50074,1779
50075,1803
50076,1840
50077,1864
50078,1891
50079,1920
50080,1982
50081,2019
50082,2009
50083,1968
50084,1877
50085,1797
50086,1767
50087,1750
50088,1750
50089,1763
50090,1786
50091,1819
50092,1840
50093,1856
50094,477
50095,1523
50096,2013
50097,2155
50098,2174
50099,2132
50100,2087
50101,1999
50102,1863
50103,1732
50104,1712
50105,1792
50106,1833
50107,1842
50108,1874
50109,1903
50110,1927
50111,1958
50112,1985
50113,2015
50114,2014
50115,1941
50116,1846
50117,1790
50118,1744
50119,1735
50120,1749
50121,1769
50122,1795
50123,1814
50124,1833
50125,1917
50126,1135
50127,1943
50128,2151
50129,2201
50130,2203
50131,2192
50132,2106
50133,1951
50134,1728
50135,1618
50136,1712
50137,1783
50138,1810
50139,1840
50140,1869
50141,1902
50142,1938
50143,1981
50144,1994
50145,1986
50146,1941
50147,1895
50148,1854
50149,1804
50150,1774
50151,1765
50152,1761
50153,1777
50154,1797
50155,1813
50156,2271
50157,589
50158,1840
50159,2135
50160,2235
50161,2235
50162,2194
50163,2127
50164,2017
50165,1762
50166,1597
50167,1705
50168,1780
50169,1793
50170,1826
50171,1856
50172,1883
50173,1912
50174,1952
50175,1984
50176,1994
50177,1946
50178,1875
50179,1839
50180,1840
50181,1835
50182,1807
50183,1789
50184,1779
50185,1787
50186,1798
50187,1811
50188,193
50189,1624
50190,2065
50191,2206
50192,2240
50193,2228
50194,2128
50195,2015
50196,1802
50197,1677
50198,1762
50199,1811
50200,1811
50201,1826
50202,1839
50203,1858
50204,1893
50205,1934
50206,1962
50207,1974
50208,1954
50209,1898
50210,1846
50211,1827
50212,1808
50213,1810
50214,1824
50215,1823
50216,1813
50217,1808
50218,1808
50219,647
50220,1362
50221,1994
50222,2163
50223,2217
50224,2235
50225,2160
50226,2079
50227,1870
50228,1604
50229,1692
50230,1825
50231,1863
50232,1862
50233,1862
50234,1867
50235,1873
50236,1905
50237,1935
50238,1953
50239,1936
50240,1885
50241,1856
50242,1833
50243,1823
50244,1803
50245,1800
50246,1808
50247,1838
50248,1856
50249,1847
50250,2750
50251,843
50252,1876
50253,2109
50254,2192
50255,2236
50256,2187
50257,2097
50258,1963
50259,1616
50260,1647
50261,1795
50262,1843
50263,1872
50264,1910
50265,1909
50266,1904
50267,1911
50268,1929
50269,1941
50270,1935
50271,1889
50272,1840
50273,1813
50274,1808
50275,1808
50276,1809
50277,1807
50278,1814
50279,1833
50280,1867
50281,1933
50282,350
50283,1763
50284,2075
50285,2171
50286,2222
50287,2192
50288,2112
50289,2009
50290,1679
50291,1631
50292,1776
50293,1839
50294,1841
50295,1861
50296,1887
50297,1925
50298,1950
50299,1961
50300,1968
50301,1947
50302,1898
50303,1839
50304,1803
50305,1799
50306,1797
50307,1792
50308,1796
50309,1815
50310,1829
50311,1837
50312,1844
50313,214
50314,1614
50315,2073
50316,2190
50317,2239
50318,2208
50319,2112
50320,2027
50321,1731
50322,1603
50323,1728
50324,1795
50325,1830
50326,1861
50327,1881
50328,1903
50329,1922
50330,1968
50331,2002
50332,1987
50333,1933
50334,1858
50335,1808
50336,1782
50337,1776
50338,1776
50339,1777
50340,1786
50341,1814
50342,1838
50343,1858
50344,1153
50345,1238
50346,1994
50347,2198
50348,2275
50349,2270
50350,2151
50351,2055
50352,1789
50353,1535
50354,1675
50355,1791
50356,1838
50357,1862
50358,1885
50359,1903
50360,1920
50361,1939
50362,1962
50363,1983
50364,1970
50365,1915
50366,1859
50367,1822
50368,1793
50369,1780
50370,1779
50371,1786
50372,1795
50373,1810
50374,1830
50375,2614
50376,643
50377,1870
50378,2147
50379,2256
50380,2330
50381,2259
50382,2154
50383,1968
50384,1535
50385,1565
50386,1710
50387,1790
50388,1824
50389,1850
50390,1864
50391,1902
50392,1933
50393,1968
50394,1970
50395,1966
50396,1923
50397,1899
50398,1872
50399,1829
50400,1808
50401,1782
50402,1771
50403,1777
50404,1799
50405,1818
50406,1831
50407,240
50408,1718
50409,2095
50410,2224
50411,2288
50412,2243
50413,2162
50414,2067
50415,1687
50416,1609
50417,1703
50418,1767
50419,1807
50420,1840
50421,1866
50422,1886
50423,1911
50424,1943
50425,1973
50426,1983
50427,1936
50428,1884
50429,1848
50430,1845
50431,1846
50432,1819
50433,1791
50434,1773
50435,1776
50436,1791
50437,1808
50438,649
50439,1366
50440,1989
50441,2179
50442,2263
50443,2271
50444,2161
50445,2079
50446,1746
50447,1600
50448,1749
50449,1827
50450,1840
50451,1847
50452,1853
50453,1872
50454,1892
50455,1919
50456,1941
50457,1950
50458,1935
50459,1892
50460,1862
50461,1849
50462,1838
50463,1840
50464,1846
50465,1830
50466,1810
50467,1807
50468,1804
50469,2323
50470,916
50471,1893
50472,2129
50473,2241
50474,2301
50475,2222
50476,2133
50477,1902
50478,1574
50479,1623
50480,1793
50481,1866
50482,1870
50483,1863
50484,1859
50485,1869
50486,1894
50487,1927
50488,1951
50489,1942
50490,1895
50491,1860
50492,1841
50493,1835
50494,1824
50495,1815
50496,1817
50497,1841
50498,1853
50499,1833
50500,1825
50501,1823
50502,1823
50503,1837
50504,1845
50505,1856
50506,1860
50507,1871
50508,1879
50509,1887
50510,1887
50511,1883
50512,1878
50513,1892
50514,1903
50515,1886
50516,1862
50517,1849
50518,1837
50519,1834
50520,1838
50521,1844
50522,1855
50523,1856
50524,1865
50525,1872
50526,1876
50527,1872
50528,1872
50529,1867
50530,1891
50531,1903
50532,1877
50533,1856
50534,1840
50535,1830
50536,1832
50537,1840
50538,1845
50539,1847
50540,1853
50541,1863
50542,1870
50543,1875
50544,1862
50545,1865
50546,1870
50547,1890
50548,1893
50549,1869
50550,1847
50551,1837
50552,1829
50553,1832
50554,1840
50555,1847
50556,1847
50557,1857
50558,1869
50559,1873
50560,1873
50561,1872
50562,1866
50563,1879
50564,1902
50565,1893
50566,1872
50567,1851
50568,1835
50569,1821
50570,1830
50571,1844
50572,1850
50573,1849
50574,1856
50575,1867
50576,1872
50577,1862
50578,1857
50579,1872
50580,1903
50581,1904
50582,1871
50583,1852
50584,1840
50585,1832
50586,1824
50587,1837
50588,1846
50589,1843
50590,1840
50591,1855
50592,1871
50593,1873
50594,1872
50595,1870
50596,1874
50597,1901
50598,1902
50599,1875
50600,1854
50601,1838
50602,1831
50603,1831
50604,1834
50605,1840
50606,1843
50607,1851
50608,1861
50609,1872
50610,1872
50611,1870
50612,1869
50613,1882
50614,1903
50615,1887
50616,1863
50617,1843
50618,1833
50619,1830
50620,1831
50621,1841
50622,1846
50623,1847
50624,1858
50625,1871
50626,1875
50627,1872
50628,1871
50629,1861
50630,1879
50631,1892
50632,1872
50633,1854
50634,1836
50635,1822
50636,1822
50637,1829
50638,1840
50639,1842
50640,1843
50641,1856
50642,1865
50643,1872
50644,1871
50645,1867
50646,1872
50647,1894
50648,1895
50649,1872
50650,1847
50651,1837
50652,1828
50653,1830
50654,1839
50655,1844
50656,1846
50657,1855
50658,1868
50659,1872
50660,1872
50661,1871
50662,1871
50663,1881
50664,1896
50665,1881
50666,1857
50667,1838
50668,1830
50669,1828
50670,1835
50671,1842
50672,1850
50673,1853
50674,1862
50675,1870
50676,1872
50677,1870
50678,1871
50679,1868
50680,1888
50681,1901
50682,1877
50683,1858
50684,1841
50685,1830
50686,1827
50687,1835
50688,1845
50689,1850
50690,1853
50691,1863
50692,1870
50693,1875
50694,1869
50695,1859
50696,1867
50697,1890
50698,1889
50699,1871
50700,1853
50701,1836
50702,1819
50703,1826
50704,1835
50705,1845
50706,1852
50707,1856
50708,1869
50709,1874
50710,1869
50711,1857
50712,1863
50713,1879
50714,1899
50715,1882
50716,1857
50717,1840
50718,1829
50719,1822
50720,1826
50721,1834
50722,1840
50723,1840
50724,1851
50725,1858
50726,1870
50727,1861
50728,1867
50729,1861
50730,1878
50731,1899
50732,1877
50733,1853
50734,1841
50735,1828
50736,1829
50737,1836
50738,1842
50739,1846
50740,1849
50741,1863
50742,1872
50743,1874
50744,1871
50745,1867
50746,1872
50747,1893
50748,1890
50749,1863
50750,1853
50751,1840
50752,1827
50753,1827
50754,1825
50755,1840
50756,1845
50757,1849
50758,1860
50759,1867
50760,1874
50761,1870
50762,1867
50763,1883
50764,1899
50765,1891
50766,1863
50767,1845
50768,1838
50769,1830
50770,1835
50771,1840
50772,1845
50773,1843
50774,1858
50775,1867
50776,1874
50777,1872
50778,1871
50779,1869
50780,1890
50781,1902
50782,1875
50783,1858
50784,1838
50785,1821
50786,1829
50787,1829
50788,1840
50789,1840
50790,1851
50791,1865
50792,1872
50793,1877
50794,1872
50795,1872
50796,1872
50797,1897
50798,1899
50799,1872
50800,1858
50801,1840
50802,1833
50803,1835
50804,1842
50805,1849
50806,1851
50807,1855
50808,1861
50809,1869
50810,1868
50811,1869
50812,1870
50813,1879
50814,1897
50815,1885
50816,1858
50817,1842
50818,1830
50819,1827
50820,1831
50821,1840
50822,1847
50823,1850
50824,1859
50825,1871
50826,1874
50827,1872
50828,1871
50829,1870
50830,1889
50831,1898
50832,1872
50833,1860
50834,1840
50835,1828
50836,1829
50837,1839
50838,1841
50839,1847
50840,1854
50841,1867
50842,1875
50843,1879
50844,1868
50845,1865
50846,1871
50847,1889
50848,1891
50849,1865
50850,1846
50851,1835
50852,1828
50853,1833
50854,1840
50855,1850
50856,1854
50857,1856
50858,1870
50859,1872
50860,1872
50861,1872
50862,1870
50863,1881
50864,1904
50865,1892
50866,1868
50867,1846
50868,1834
50869,1829
50870,1834
50871,1840
50872,1847
50873,1849
50874,1855
50875,1863
50876,1874
50877,1866
50878,1869
50879,1862
50880,1890
50881,1902
50882,1879
50883,1858
50884,1841
50885,1834
50886,1829
50887,1838
50888,1844
50889,1847
50890,1851
50891,1863
50892,1872
50893,1874
50894,1871
50895,1871
50896,1873
50897,1901
50898,1899
50899,1872
50900,1854
50901,1840
50902,1827
50903,1830
50904,1831
50905,1840
50906,1841
50907,1850
50908,1861
50909,1869
50910,1872
50911,1872
50912,1870
50913,1879
50914,1902
50915,1890
50916,1866
50917,1849
50918,1825
50919,1827
50920,1835
50921,1842
50922,1851
50923,1854
50924,1858
50925,1871
50926,1877
50927,1872
50928,1872
50929,1859
50930,1878
50931,1893
50932,1870
50933,1855
50934,1837
50935,1822
50936,1822
50937,1827
50938,1840
50939,1840
50940,1844
50941,1857
50942,1872
50943,1875
50944,1872
50945,1871
50946,1872
50947,1899
50948,1898
50949,1872
50950,1855
50951,1839
50952,1831
50953,1837
50954,1841
50955,1849
50956,1854
50957,1856
50958,1872
50959,1872
50960,1872
50961,1872
50962,1867
50963,1879
50964,1892
50965,1879
50966,1858
50967,1845
50968,1831
50969,1833
50970,1838
50971,1843
50972,1851
50973,1852
50974,1867
50975,1872
50976,1878
50977,1870
50978,1871
50979,1870
50980,1890
50981,1895
50982,1875
50983,1858
50984,1842
50985,1833
50986,1835
50987,1839
50988,1843
50989,1854
50990,1856
50991,1872
50992,1872
50993,1877
50994,1859
50995,1862
50996,1870
50997,1889
50998,1888
50999,1872
51000,1854
51001,1840
51002,1831
51003,1836
51004,1840
51005,1849
51006,1853
51007,1861
51008,1872
51009,1873
51010,1872
51011,1870
51012,1866
51013,1878
51014,1898
51015,1884
51016,1863
51017,1850
51018,1829
51019,1835
51020,1838
51021,1843
51022,1849
51023,1854
51024,1856
51025,1869
51026,1872
51027,1867
51028,1869
51029,1862
51030,1883
51031,1898
51032,1875
51033,1856
51034,1842
51035,1835
51036,1835
51037,1841
51038,1851
51039,1856
51040,1856
51041,1872
51042,1872
51043,1874
51044,1870
51045,1867
51046,1871
51047,1891
51048,1890
51049,1867
51050,1847
51051,1838
51052,1831
51053,1834
51054,1835
51055,1843
51056,1846
51057,1857
51058,1867
51059,1867
51060,1873
51061,1872
51062,1870
51063,1879
51064,1897
51065,1883
51066,1866
51067,1845
51068,1840
51069,1835
51070,1839
51071,1845
51072,1849
51073,1854
51074,1870
51075,1872
51076,1879
51077,1874
51078,1875
51079,1872
51080,1891
51081,1901
51082,1875
51083,1856
51084,1831
51085,1819
51086,1825
51087,1834
51088,1840
51089,1841
51090,1852
51091,1872
51092,1872
51093,1877
51094,1872
51095,1869
51096,1872
51097,1892
51098,1891
51099,1867
51100,1855
51101,1840
51102,1833
51103,1835
51104,1840
51105,1849
51106,1852
51107,1859
51108,1872
51109,1874
51110,1873
51111,1870
51112,1870
51113,1879
51114,1892
51115,1881
51116,1859
51117,1842
51118,1827
51119,1834
51120,1837
51121,1845
51122,1851
51123,1854
51124,1866
51125,1871
51126,1874
51127,1872
51128,1871
51129,1871
51130,1891
51131,1898
51132,1875
51133,1856
51134,1840
51135,1834
51136,1834
51137,1840
51138,1847
51139,1851
51140,1855
51141,1869
51142,1872
51143,1876
51144,1865
51145,1862
51146,1871
51147,1889
51148,1891
51149,1865
51150,1843
51151,1830
51152,1830
51153,1830
51154,1841
51155,1846
51156,1853
51157,1857
51158,1872
51159,1873
51160,1872
51161,1872
51162,1866
51163,1879
51164,1896
51165,1883
51166,1863
51167,1849
51168,1838
51169,1832
51170,1835
51171,1842
51172,1849
51173,1853
51174,1859
51175,1866
51176,1871
51177,1866
51178,1866
51179,1868
51180,1886
51181,1898
51182,1878
51183,1857
51184,1846
51185,1835
51186,1829
51187,1835
51188,1847
51189,1855
51190,1857
51191,1871
51192,1872
51193,1875
51194,1872
51195,1868
51196,1869
51197,1890
51198,1894
51199,1870
51200,1853
51201,1839
51202,1834
51203,1837
51204,1835
51205,1840
51206,1841
51207,1855
51208,1866
51209,1872
51210,1873
51211,1870
51212,1868
51213,1882
51214,1899
51215,1888
51216,1863
51217,1847
51218,1829
51219,1833
51220,1838
51221,1846
51222,1854
51223,1856
51224,1865
51225,1868
51226,1872
51227,1865
51228,1866
51229,1859
51230,1875
51231,1889
51232,1870
51233,1851
51234,1840
51235,1829
51236,1827
51237,1838
51238,1843
51239,1841
51240,1846
51241,1862
51242,1870
51243,1872
51244,1861
51245,1859
51246,1872
51247,1891
51248,1893
51249,1872
51250,1852
51251,1840
51252,1831
51253,1835
51254,1840
51255,1847
51256,1851
51257,1858
51258,1871
51259,1874
51260,1873
51261,1872
51262,1869
51263,1879
51264,1891
51265,1878
51266,1857
51267,1842
51268,1830
51269,1835
51270,1837
51271,1842
51272,1850
51273,1854
51274,1863
51275,1871
51276,1873
51277,1872
51278,1872
51279,1870
51280,1890
51281,1899
51282,1874
51283,1861
51284,1841
51285,1833
51286,1834
51287,1838
51288,1845
51289,1850
51290,1855
51291,1867
51292,1871
51293,1876
51294,1868
51295,1862
51296,1868
51297,1888
51298,1891
51299,1872
51300,1855
51301,1840
51302,1830
51303,1834
51304,1840
51305,1845
51306,1849
51307,1856
51308,1871
51309,1872
51310,1872
51311,1867
51312,1867
51313,1881
51314,1895
51315,1884
51316,1862
51317,1845
51318,1828
51319,1833
51320,1837
51321,1843
51322,1850
51323,1852
51324,1859
51325,1862
51326,1871
51327,1866
51328,1866
51329,1859
51330,1877
51331,1893
51332,1872
51333,1856
51334,1840
51335,1834
51336,1834
51337,1840
51338,1845
51339,1852
51340,1855
51341,1869
51342,1872
51343,1873
51344,1870
51345,1867
51346,1871
51347,1891
51348,1892
51349,1871
51350,1853
51351,1841
51352,1833
51353,1835
51354,1839
51355,1841
51356,1843
51357,1853
51358,1863
51359,1867
51360,1872
51361,1872
51362,1871
51363,1885
51364,1904
51365,1890
51366,1866
51367,1847
51368,1830
51369,1825
51370,1833
51371,1840
51372,1845
51373,1853
51374,1869
51375,1872
51376,1875
51377,1872
51378,1872
51379,1870
51380,1889
51381,1899
51382,1872
51383,1854
51384,1835
51385,1826
51386,1826
51387,1832
51388,1841
51389,1853
51390,1856
51391,1872
51392,1872
51393,1877
51394,1870
51395,1870
51396,1870
51397,1888
51398,1887
51399,1870
51400,1851
51401,1840
51402,1831
51403,1835
51404,1840
51405,1852
51406,1855
51407,1864
51408,1879
51409,1883
51410,1883
51411,1877
51412,1872
51413,1875
51414,1879
51415,1866
51416,1842
51417,1840
51418,1826
51419,1829
51420,1835
51421,1842
51422,1851
51423,1853
51424,1865
51425,1872
51426,1882
51427,1872
51428,1874
51429,1871
51430,1892
51431,1904
51432,1877
51433,1855
51434,1840
51435,1829
51436,1829
51437,1835
51438,1844
51439,1854
51440,1856
51441,1869
51442,1871
51443,1873
51444,1863
51445,1861
51446,1862
51447,1888
51448,1887
51449,1858
51450,1844
51451,1831
51452,1830
51453,1834
51454,1840
51455,1846
51456,1847
51457,1857
51458,1871
51459,1872
51460,1871
51461,1872
51462,1867
51463,1880
51464,1902
51465,1889
51466,1867
51467,1849
51468,1840
51469,1831
51470,1835
51471,1847
51472,1854
51473,1858
51474,1861
51475,1866
51476,1872
51477,1863
51478,1862
51479,1863
51480,1887
51481,1895
51482,1874
51483,1859
51484,1840
51485,1830
51486,1834
51487,1838
51488,1846
51489,1847
51490,1850
51491,1869
51492,1872
51493,1876
51494,1874
51495,1872
51496,1875
51497,1903
51498,1904
51499,1877
51500,1857
51501,1850
51502,1319
51503,1901
51504,1994
51505,1991
51506,1968
51507,1968
51508,1990
51509,1968
51510,1918
51511,1886
51512,1904
51513,1911
51514,1891
51515,1878
51516,1850
51517,1814
51518,1806
51519,1823
51520,1858
51521,1904
51522,1941
51523,1970
51524,1991
51525,1974
51526,1931
51527,1862
51528,1815
51529,1774
51530,1773
51531,1783
51532,2334
51533,851
51534,1762
51535,1923
51536,1954
51537,1951
51538,1969
51539,1984
51540,1950
51541,1914
51542,1926
51543,1933
51544,1875
51545,1834
51546,1840
51547,1866
51548,1878
51549,1870
51550,1871
51551,1887
51552,1918
51553,1951
51554,1968
51555,1962
51556,1914
51557,1855
51558,1819
51559,1779
51560,1749
51561,1760
51562,1783
51563,1811
51564,536
51565,1677
51566,1950
51567,2000
51568,1990
51569,2000
51570,2026
51571,2005
51572,1953
51573,1937
51574,1945
51575,1879
51576,1802
51577,1791
51578,1805
51579,1824
51580,1871
51581,1913
51582,1933
51583,1963
51584,1979
51585,1968
51586,1934
51587,1870
51588,1809
51589,1762
51590,1731
51591,1758
51592,1782
51593,1809
51594,1814
51595,1107
51596,1424
51597,1965
51598,2084
51599,2079
51600,2073
51601,2087
51602,2059
51603,1989
51604,1979
51605,1904
51606,1726
51607,1680
51608,1745
51609,1792
51610,1840
51611,1870
51612,1903
51613,1962
51614,2019
51615,2032
51616,2000
51617,1936
51618,1839
51619,1776
51620,1740
51621,1729
51622,1746
51623,1773
51624,1792
51625,1814
51626,2721
51627,1152
51628,1892
51629,2032
51630,2099
51631,2139
51632,2160
51633,2135
51634,2043
51635,1997
51636,1859
51637,1679
51638,1643
51639,1709
51640,1766
51641,1839
51642,1878
51643,1925
51644,1963
51645,2000
51646,2027
51647,2030
51648,1974
51649,1859
51650,1782
51651,1729
51652,1706
51653,1726
51654,1751
51655,1779
51656,1805
51657,1830
51658,587
51659,1762
51660,2006
51661,2086
51662,2099
51663,2134
51664,2154
51665,2069
51666,1982
51667,1866
51668,1718
51669,1697
51670,1757
51671,1801
51672,1842
51673,1875
51674,1911
51675,1955
51676,1992
51677,2004
51678,1996
51679,1936
51680,1872
51681,1840
51682,1792
51683,1755
51684,1735
51685,1739
51686,1763
51687,1789
51688,1811
51689,350
51690,1582
51691,1984
51692,2078
51693,2096
51694,2094
51695,2091
51696,2026
51697,1985
51698,1907
51699,1808
51700,1807
51701,1833
51702,1823
51703,1840
51704,1860
51705,1894
51706,1936
51707,1974
51708,2006
51709,2002
51710,1949
51711,1866
51712,1814
51713,1795
51714,1782
51715,1779
51716,1775
51717,1783
51718,1789
51719,1795
51720,1728
51721,1175
51722,1899
51723,2032
51724,2083
51725,2101
51726,2112
51727,2064
51728,1970
51729,1880
51730,1845
51731,1856
51732,1861
51733,1840
51734,1842
51735,1853
51736,1872
51737,1910
51738,1953
51739,1978
51740,1977
51741,1943
51742,1870
51743,1824
51744,1786
51745,1762
51746,1770
51747,1808
51748,1833
51749,1822
51750,1814
51751,2448
51752,659
51753,1801
51754,2035
51755,2109
51756,2115
51757,2122
51758,2091
51759,1993
51760,1889
51761,1763
51762,1776
51763,1846
51764,1881
51765,1876
51766,1880
51767,1879
51768,1892
51769,1920
51770,1954
51771,1968
51772,1940
51773,1871
51774,1817
51775,1804
51776,1792
51777,1776
51778,1780
51779,1801
51780,1840
51781,1867
51782,1855
51783,256
51784,1653
51785,2032
51786,2164
51787,2186
51788,2181
51789,2146
51790,2027
51791,1898
51792,1694
51793,1669
51794,1759
51795,1808
51796,1839
51797,1895
51798,1922
51799,1921
51800,1938
51801,1957
51802,1955
51803,1927
51804,1858
51805,1808
51806,1782
51807,1771
51808,1778
51809,1797
51810,1810
51811,1826
51812,1840
51813,1858
51814,576
51815,1477
51816,2017
51817,2166
51818,2190
51819,2198
51820,2159
51821,2055
51822,1904
51823,1648
51824,1642
51825,1755
51826,1817
51827,1838
51828,1868
51829,1878
51830,1926
51831,1967
51832,1974
51833,1965
51834,1929
51835,1857
51836,1803
51837,1791
51838,1787
51839,1783
51840,1791
51841,1807
51842,1813
51843,1840
51844,1846
51845,2506
51846,959
51847,1947
51848,2170
51849,2223
51850,2236
51851,2175
51852,2064
51853,1906
51854,1671
51855,1617
51856,1744
51857,1810
51858,1845
51859,1873
51860,1894
51861,1909
51862,1936
51863,1979
51864,2007
51865,1986
51866,1917
51867,1837
51868,1791
51869,1776
51870,1771
51871,1774
51872,1781
51873,1796
51874,1826
51875,1843
51876,2206
51877,511
51878,1818
51879,2107
51880,2225
51881,2283
51882,2234
51883,2128
51884,1979
51885,1686
51886,1574
51887,1712
51888,1797
51889,1821
51890,1849
51891,1886
51892,1913
51893,1942
51894,1958
51895,1978
51896,1972
51897,1951
51898,1889
51899,1839
51900,1806
51901,1782
51902,1770
51903,1776
51904,1789
51905,1810
51906,1821
51907,1840
51908,206
51909,1630
51910,2065
51911,2187
51912,2239
51913,2247
51914,2173
51915,2062
51916,1778
51917,1573
51918,1691
51919,1790
51920,1822
51921,1845
51922,1872
51923,1891
51924,1915
51925,1949
51926,1980
51927,1973
51928,1941
51929,1872
51930,1851
51931,1854
51932,1826
51933,1797
51934,1778
51935,1776
51936,1790
51937,1806
51938,1824
51939,946
51940,1290
51941,1995
51942,2170
51943,2239
51944,2251
51945,2169
51946,2081
51947,1881
51948,1616
51949,1690
51950,1809
51951,1837
51952,1831
51953,1846
51954,1863
51955,1889
51956,1919
51957,1952
51958,1979
51959,1957
51960,1893
51961,1850
51962,1826
51963,1834
51964,1843
51965,1833
51966,1811
51967,1805
51968,1806
51969,1808
51970,2774
51971,803
51972,1885
51973,2138
51974,2255
51975,2305
51976,2244
51977,2145
51978,1963
51979,1600
51980,1624
51981,1790
51982,1821
51983,1821
51984,1827
51985,1831
51986,1853
51987,1882
51988,1922
51989,1953
51990,1949
51991,1918
51992,1871
51993,1848
51994,1825
51995,1815
51996,1814
51997,1838
51998,1850
51999,1839
52000,1829
52001,1855
52002,298
52003,1725
52004,2078
52005,2221
52006,2294
52007,2259
52008,2176
52009,2041
52010,1664
52011,1566
52012,1714
52013,1808
52014,1854
52015,1863
52016,1861
52017,1864
52018,1874
52019,1904
52020,1935
52021,1942
52022,1914
52023,1863
52024,1849
52025,1833
52026,1825
52027,1818
52028,1815
52029,1809
52030,1849
52031,1868
52032,1858
52033,491
52034,1433
52035,1986
52036,2147
52037,2227
52038,2234
52039,2157
52040,2054
52041,1763
52042,1579
52043,1728
52044,1839
52045,1863
52046,1872
52047,1906
52048,1922
52049,1907
52050,1917
52051,1931
52052,1934
52053,1919
52054,1869
52055,1831
52056,1810
52057,1808
52058,1815
52059,1813
52060,1817
52061,1823
52062,1836
52063,1856
52064,1937
52065,1072
52066,1939
52067,2137
52068,2219
52069,2242
52070,2166
52071,2080
52072,1861
52073,1572
52074,1638
52075,1779
52076,1843
52077,1868
52078,1887
52079,1905
52080,1938
52081,1968
52082,1974
52083,1972
52084,1936
52085,1869
52086,1815
52087,1798
52088,1797
52089,1797
52090,1794
52091,1808
52092,1814
52093,1835
52094,1840
52095,2263
52096,531
52097,1853
52098,2148
52099,2240
52100,2288
52101,2210
52102,2100
52103,1925
52104,1568
52105,1565
52106,1729
52107,1819
52108,1859
52109,1889
52110,1904
52111,1913
52112,1929
52113,1969
52114,2001
52115,1989
52116,1920
52117,1854
52118,1809
52119,1791
52120,1786
52121,1783
52122,1789
52123,1792
52124,1817
52125,1840
52126,1857
52127,1857
52128,1865
52129,1862
52130,1888
52131,1901
52132,1879
52133,1860
52134,1847
52135,1839
52136,1840
52137,1841
52138,1850
52139,1853
52140,1856
52141,1872
52142,1872
52143,1882
52144,1873
52145,1872
52146,1877
52147,1897
52148,1899
52149,1872
52150,1856
52151,1842
52152,1839
52153,1839
52154,1841
52155,1850
52156,1853
52157,1856
52158,1871
52159,1874
52160,1873
52161,1872
52162,1867
52163,1877
52164,1890
52165,1878
52166,1863
52167,1841
52168,1830
52169,1831
52170,1837
52171,1844
52172,1853
52173,1854
52174,1857
52175,1867
52176,1875
52177,1872
52178,1872
52179,1871
52180,1889
52181,1903
52182,1878
52183,1859
52184,1843
52185,1835
52186,1831
52187,1831
52188,1846
52189,1856
52190,1857
52191,1868
52192,1872
52193,1882
52194,1872
52195,1870
52196,1871
52197,1879
52198,1879
52199,1866
52200,1854
52201,1845
52202,1840
52203,1839
52204,1840
52205,1846
52206,1838
52207,1847
52208,1855
52209,1863
52210,1872
52211,1865
52212,1870
52213,1882
52214,1899
52215,1885
52216,1863
52217,1844
52218,1833
52219,1837
52220,1840
52221,1846
52222,1849
52223,1854
52224,1853
52225,1863
52226,1872
52227,1865
52228,1866
52229,1861
52230,1876
52231,1899
52232,1879
52233,1858
52234,1845
52235,1835
52236,1835
52237,1839
52238,1846
52239,1854
52240,1855
52241,1870
52242,1872
52243,1873
52244,1871
52245,1866
52246,1872
52247,1891
52248,1894
52249,1871
52250,1855
52251,1840
52252,1833
52253,1833
52254,1834
52255,1842
52256,1847
52257,1854
52258,1867
52259,1867
52260,1872
52261,1871
52262,1869
52263,1875
52264,1897
52265,1886
52266,1866
52267,1846
52268,1837
52269,1833
52270,1834
52271,1841
52272,1851
52273,1853
52274,1862
52275,1870
52276,1874
52277,1872
52278,1871
52279,1866
52280,1886
52281,1898
52282,1878
52283,1859
52284,1837
52285,1823
52286,1823
52287,1834
52288,1841
52289,1851
52290,1850
52291,1863
52292,1869
52293,1875
52294,1872
52295,1872
52296,1876
52297,1901
52298,1892
52299,1863
52300,1851
52301,1837
52302,1825
52303,1829
52304,1835
52305,1840
52306,1845
52307,1853
52308,1863
52309,1869
52310,1870
52311,1871
52312,1866
52313,1877
52314,1891
52315,1879
52316,1856
52317,1839
52318,1826
52319,1830
52320,1831
52321,1840
52322,1846
52323,1849
52324,1864
52325,1869
52326,1873
52327,1871
52328,1870
52329,1870
52330,1885
52331,1899
52332,1875
52333,1856
52334,1841
52335,1831
52336,1834
52337,1838
52338,1843
52339,1849
52340,1853
52341,1866
52342,1869
52343,1872
52344,1866
52345,1861
52346,1861
52347,1886
52348,1885
52349,1861
52350,1840
52351,1829
52352,1824
52353,1834
52354,1839
52355,1845
52356,1846
52357,1856
52358,1870
52359,1872
52360,1872
52361,1867
52362,1866
52363,1875
52364,1894
52365,1884
52366,1865
52367,1844
52368,1839
52369,1827
52370,1835
52371,1842
52372,1851
52373,1852
52374,1861
52375,1871
52376,1882
52377,1884
52378,1885
52379,1879
52380,1893
52381,1899
52382,1862
52383,1837
52384,1815
52385,1810
52386,1814
52387,1827
52388,1840
52389,1849
52390,1852
52391,1871
52392,1872
52393,1877
52394,1869
52395,1869
52396,1872
52397,1898
52398,1899
52399,1869
52400,1855
52401,1840
52402,1830
52403,1834
52404,1837
52405,1842
52406,1850
52407,1856
52408,1872
52409,1878
52410,1879
52411,1872
52412,1867
52413,1876
52414,1901
52415,1894
52416,1863
52417,1841
52418,1821
52419,1823
52420,1835
52421,1843
52422,1853
52423,1856
52424,1867
52425,1874
52426,1883
52427,1877
52428,1872
52429,1854
52430,1874
52431,1892
52432,1877
52433,1856
52434,1826
52435,1815
52436,1824
52437,1833
52438,1840
52439,1842
52440,1849
52441,1866
52442,1872
52443,1883
52444,1877
52445,1875
52446,1874
52447,1890
52448,1889
52449,1875
52450,1872
52451,1869
52452,1863
52453,1863
52454,1866
52455,1858
52456,1843
52457,1823
52458,1808
52459,1817
52460,1847
52461,1855
52462,1858
52463,1873
52464,1885
52465,1873
52466,1857
52467,1841
52468,1837
52469,1837
52470,1839
52471,1845
52472,1854
52473,1856
52474,1866
52475,1872
52476,1876
52477,1872
52478,1872
52479,1872
52480,1892
52481,1904
52482,1885
52483,1864
52484,1849
52485,1837
52486,1834
52487,1840
52488,1847
52489,1854
52490,1856
52491,1872
52492,1872
52493,1877
52494,1862
52495,1866
52496,1869
52497,1886
52498,1890
52499,1872
52500,1855
52501,1847
52502,1838
52503,1841
52504,1850
52505,1855
52506,1850
52507,1844
52508,1856
52509,1865
52510,1868
52511,1866
52512,1869
52513,1879
52514,1899
52515,1889
52516,1863
52517,1846
52518,1830
52519,1831
52520,1838
52521,1842
52522,1847
52523,1853
52524,1856
52525,1863
52526,1871
52527,1864
52528,1867
52529,1858
52530,1873
52531,1902
52532,1879
52533,1859
52534,1845
52535,1835
52536,1835
52537,1837
52538,1844
52539,1847
52540,1855
52541,1870
52542,1872
52543,1873
52544,1871
52545,1872
52546,1872
52547,1893
52548,1894
52549,1872
52550,1853
52551,1841
52552,1831
52553,1840
52554,1837
52555,1840
52556,1843
52557,1850
52558,1867
52559,1867
52560,1870
52561,1869
52562,1865
52563,1878
52564,1898
52565,1891
52566,1872
52567,1853
52568,1841
52569,1834
52570,1837
52571,1842
52572,1849
52573,1853
52574,1861
52575,1869
52576,1876
52577,1872
52578,1872
52579,1867
52580,1885
52581,1898
52582,1877
52583,1857
52584,1840
52585,1829
52586,1824
52587,1831
52588,1841
52589,1851
52590,1855
52591,1869
52592,1872
52593,1873
52594,1870
52595,1870
52596,1872
52597,1896
52598,1897
52599,1872
52600,1857
52601,1840
52602,1835
52603,1829
52604,1840
52605,1845
52606,1851
52607,1856
52608,1872
52609,1872
52610,1872
52611,1871
52612,1867
52613,1878
52614,1895
52615,1887
52616,1857
52617,1841
52618,1825
52619,1823
52620,1830
52621,1840
52622,1847
52623,1850
52624,1862
52625,1869
52626,1874
52627,1872
52628,1870
52629,1862
52630,1888
52631,1903
52632,1878
52633,1861
52634,1846
52635,1835
52636,1836
52637,1840
52638,1851
52639,1847
52640,1854
52641,1867
52642,1872
52643,1874
52644,1866
52645,1865
52646,1869
52647,1888
52648,1889
52649,1865
52650,1843
52651,1835
52652,1821
52653,1836
52654,1841
52655,1850
52656,1853
52657,1858
52658,1872
52659,1874
52660,1873
52661,1872
52662,1870
52663,1881
52664,1899
52665,1889
52666,1869
52667,1850
52668,1839
52669,1833
52670,1835
52671,1842
52672,1850
52673,1853
52674,1861
52675,1870
52676,1870
52677,1867
52678,1869
52679,1871
52680,1890
52681,1902
52682,1879
52683,1861
52684,1845
52685,1831
52686,1830
52687,1839
52688,1847
52689,1855
52690,1855
52691,1872
52692,1872
52693,1878
52694,1872
52695,1872
52696,1872
52697,1897
52698,1901
52699,1875
52700,1857
52701,1841
52702,1831
52703,1831
52704,1831
52705,1839
52706,1840
52707,1847
52708,1864
52709,1872
52710,1874
52711,1869
52712,1869
52713,1877
52714,1901
52715,1890
52716,1867
52717,1850
52718,1840
52719,1831
52720,1840
52721,1846
52722,1848
52723,1851
52724,1863
52725,1872
52726,1879
52727,1873
52728,1872
52729,1862
52730,1877
52731,1891
52732,1871
52733,1851
52734,1840
52735,1825
52736,1828
52737,1836
52738,1842
52739,1844
52740,1847
52741,1867
52742,1873
52743,1877
52744,1871
52745,1872
52746,1872
52747,1891
52748,1894
52749,1871
52750,1854
52751,1842
52752,1834
52753,1840
52754,1843
52755,1853
52756,1854
52757,1862
52758,1872
52759,1872
52760,1867
52761,1862
52762,1863
52763,1877
52764,1895
52765,1883
52766,1861
52767,1847
52768,1840
52769,1840
52770,1840
52771,1846
52772,1857
52773,1861
52774,1871
52775,1872
52776,1877
52777,1873
52778,1872
52779,1867
52780,1878
52781,1889
52782,1873
52783,1857
52784,1841
52785,1835
52786,1836
52787,1837
52788,1841
52789,1851
52790,1856
52791,1872
52792,1876
52793,1879
52794,1869
52795,1865
52796,1863
52797,1885
52798,1887
52799,1872
52800,1854
52801,1841
52802,1833
52803,1834
52804,1843
52805,1855
52806,1859
52807,1866
52808,1883
52809,1884
52810,1881
52811,1872
52812,1865
52813,1865
52814,1883
52815,1877
52816,1854
52817,1840
52818,1827
52819,1829
52820,1833
52821,1840
52822,1850
52823,1852
52824,1861
52825,1866
52826,1872
52827,1868
52828,1871
52829,1866
52830,1884
52831,1901
52832,1882
52833,1859
52834,1844
52835,1834
52836,1833
52837,1839
52838,1843
52839,1850
52840,1855
52841,1869
52842,1869
52843,1872
52844,1872
52845,1872
52846,1872
52847,1893
52848,1898
52849,1872
52850,1855
52851,1840
52852,1831
52853,1831
52854,1837
52855,1840
52856,1843
52857,1853
52858,1868
52859,1869
52860,1874
52861,1876
52862,1875
52863,1882
52864,1901
52865,1887
52866,1867
52867,1849
52868,1837
52869,1829
52870,1835
52871,1840
52872,1849
52873,1855
52874,1865
52875,1872
52876,1873
52877,1872
52878,1872
52879,1870
52880,1887
52881,1901
52882,1879
52883,1862
52884,1850
52885,1837
52886,1837
52887,1840
52888,1849
52889,1857
52890,1856
52891,1867
52892,1870
52893,1868
52894,1856
52895,1858
52896,1862
52897,1891
52898,1900
52899,1878
52900,1855
52901,1839
52902,1837
52903,1837
52904,1840
52905,1843
52906,1847
52907,1852
52908,1869
52909,1874
52910,1875
52911,1868
52912,1860
52913,1872
52914,1896
52915,1885
52916,1859
52917,1842
52918,1834
52919,1828
52920,1835
52921,1843
52922,1855
52923,1855
52924,1867
52925,1872
52926,1877
52927,1872
52928,1872
52929,1873
52930,1890
52931,1902
52932,1877
52933,1856
52934,1845
52935,1840
52936,1840
52937,1840
52938,1846
52939,1847
52940,1848
52941,1856
52942,1867
52943,1877
52944,1862
52945,1862
52946,1863
52947,1886
52948,1889
52949,1867
52950,1849
52951,1839
52952,1835
52953,1839
52954,1843
52955,1847
52956,1850
52957,1858
52958,1872
52959,1872
52960,1874
52961,1868
52962,1869
52963,1874
52964,1898
52965,1887
52966,1869
52967,1854
52968,1840
52969,1833
52970,1840
52971,1844
52972,1851
52973,1854
52974,1865
52975,1867
52976,1872
52977,1867
52978,1864
52979,1869
52980,1886
52981,1901
52982,1877
52983,1857
52984,1846
52985,1839
52986,1839
52987,1840
52988,1854
52989,1856
52990,1857
52991,1870
52992,1868
52993,1867
52994,1859
52995,1859
52996,1868
52997,1890
52998,1894
52999,1872
53000,1855
53001,1843
53002,1834
53003,1837
53004,1843
53005,1842
53006,1850
53007,1853
53008,1871
53009,1882
53010,1882
53011,1872
53012,1869
53013,1875
53014,1895
53015,1883
53016,1857
53017,1843
53018,1822
53019,1828
53020,1835
53021,1844
53022,1852
53023,1856
53024,1870
53025,1879
53026,1888
53027,1884
53028,1882
53029,1872
53030,1890
53031,1894
53032,1862
53033,1838
53034,1821
53035,1819
53036,1815
53037,1829
53038,1847
53039,1854
53040,1855
53041,1866
53042,1871
53043,1868
53044,1856
53045,1856
53046,1855
53047,1879
53048,1899
53049,1872
53050,1856
53051,1840
53052,1835
53053,1830
53054,1837
53055,1846
53056,1849
53057,1855
53058,1871
53059,1877
53060,1878
53061,1872
53062,1872
53063,1883
53064,1899
53065,1878
53066,1855
53067,1844
53068,1840
53069,1840
53070,1844
53071,1851
53072,1859
53073,1854
53074,1863
53075,1876
53076,1879
53077,1871
53078,1872
53079,1859
53080,1871
53081,1891
53082,1873
53083,1861
53084,1846
53085,1840
53086,1837
53087,1837
53088,1841
53089,1851
53090,1855
53091,1870
53092,1871
53093,1872
53094,1867
53095,1863
53096,1867
53097,1889
53098,1890
53099,1874
53100,1856
53101,1840
53102,1830
53103,1834
53104,1842
53105,1847
53106,1850
53107,1860
53108,1872
53109,1872
53110,1872
53111,1871
53112,1870
53113,1878
53114,1894
53115,1888
53116,1864
53117,1849
53118,1830
53119,1834
53120,1834
53121,1840
53122,1853
53123,1855
53124,1865
53125,1866
53126,1872
53127,2944
53128,1109
53129,1879
53130,2047
53131,2099
53132,2069
53133,2054
53134,2046
53135,2000
53136,1925
53137,1872
53138,1840
53139,1805
53140,1765
53141,1798
53142,1818
53143,1822
53144,1829
53145,1843
53146,1873
53147,1936
53148,1983
53149,1994
53150,1984
53151,1949
53152,1903
53153,1838
53154,1773
53155,1745
53156,1744
53157,1751
53158,1783
53159,578
53160,1721
53161,1966
53162,2017
53163,2023
53164,2046
53165,2061
53166,1984
53167,1907
53168,1885
53169,1847
53170,1810
53171,1815
53172,1829
53173,1827
53174,1844
53175,1860
53176,1889
53177,1910
53178,1949
53179,1981
53180,2011
53181,2007
53182,1950
53183,1872
53184,1805
53185,1744
53186,1719
53187,1730
53188,1755
53189,1783
53190,560
53191,1535
53192,1941
53193,2030
53194,2032
53195,2063
53196,2096
53197,2111
53198,2068
53199,2023
53200,1936
53201,1779
53202,1698
53203,1716
53204,1746
53205,1794
53206,1830
53207,1875
53208,1935
53209,1979
53210,2014
53211,2014
53212,1971
53213,1918
53214,1859
53215,1797
53216,1741
53217,1730
53218,1742
53219,1757
53220,1781
53221,1923
53222,1242
53223,1886
53224,2030
53225,2069
53226,2094
53227,2118
53228,2107
53229,2038
53230,2029
53231,1906
53232,1754
53233,1715
53234,1746
53235,1776
53236,1808
53237,1845
53238,1887
53239,1926
53240,1968
53241,2010
53242,2009
53243,1972
53244,1888
53245,1820
53246,1776
53247,1763
53248,1771
53249,1769
53250,1775
53251,1782
53252,2031
53253,676
53254,1766
53255,1984
53256,2042
53257,2067
53258,2105
53259,2106
53260,2032
53261,1972
53262,1894
53263,1801
53264,1798
53265,1827
53266,1830
53267,1842
53268,1857
53269,1877
53270,1920
53271,1966
53272,1994
53273,1987
53274,1950
53275,1867
53276,1811
53277,1776
53278,1757
53279,1770
53280,1802
53281,1827
53282,1823
53283,1814
53284,358
53285,1598
53286,1939
53287,2024
53288,2054
53289,2069
53290,2079
53291,2039
53292,1983
53293,1904
53294,1817
53295,1809
53296,1829
53297,1855
53298,1883
53299,1889
53300,1902
53301,1920
53302,1951
53303,1975
53304,1973
53305,1927
53306,1854
53307,1805
53308,1779
53309,1753
53310,1760
53311,1777
53312,1797
53313,1827
53314,1857
53315,1162
53316,1331
53317,1916
53318,2001
53319,2031
53320,2044
53321,2055
53322,2016
53323,1927
53324,1867
53325,1840
53326,1859
53327,1878
53328,1872
53329,1871
53330,1905
53331,1939
53332,1955
53333,1968
53334,1979
53335,1967
53336,1911
53337,1840
53338,1788
53339,1755
53340,1740
53341,1760
53342,1776
53343,1807
53344,1817
53345,1834
53346,2906
53347,900
53348,1894
53349,2063
53350,2105
53351,2101
53352,2095
53353,2062
53354,1964
53355,1843
53356,1751
53357,1776
53358,1844
53359,1855
53360,1870
53361,1885
53362,1905
53363,1942
53364,1998
53365,2006
53366,1991
53367,1945
53368,1859
53369,1803
53370,1771
53371,1754
53372,1755
53373,1760
53374,1789
53375,1813
53376,1837
53377,1849
53378,375
53379,1738
53380,2084
53381,2198
53382,2199
53383,2177
53384,2130
53385,2007
53386,1845
53387,1680
53388,1695
53389,1775
53390,1795
53391,1830
53392,1861
53393,1897
53394,1919
53395,1943
53396,1977
53397,2005
53398,1984
53399,1905
53400,1835
53401,1792
53402,1764
53403,1755
53404,1765
53405,1785
53406,1805
53407,1817
53408,1844
53409,459
53410,1504
53411,2055
53412,2220
53413,2256
53414,2256
53415,2215
53416,2093
53417,1904
53418,1638
53419,1607
53420,1694
53421,1744
53422,1787
53423,1834
53424,1872
53425,1904
53426,1941
53427,1969
53428,1983
53429,1959
53430,1914
53431,1874
53432,1836
53433,1798
53434,1776
53435,1766
53436,1774
53437,1795
53438,1819
53439,1831
53440,1750
53441,1119
53442,1967
53443,2177
53444,2231
53445,2253
53446,2215
53447,2152
53448,1990
53449,1664
53450,1595
53451,1697
53452,1753
53453,1791
53454,1836
53455,1863
53456,1889
53457,1924
53458,1973
53459,1992
53460,1979
53461,1923
53462,1859
53463,1839
53464,1839
53465,1822
53466,1798
53467,1786
53468,1787
53469,1797
53470,1809
53471,2399
53472,578
53473,1829
53474,2123
53475,2228
53476,2271
53477,2229
53478,2135
53479,1984
53480,1722
53481,1649
53482,1756
53483,1808
53484,1812
53485,1824
53486,1842
53487,1865
53488,1900
53489,1945
53490,1968
53491,1979
53492,1938
53493,1884
53494,1839
53495,1823
53496,1813
53497,1829
53498,1830
53499,1813
53500,1809
53501,1808
53502,1808
53503,192
53504,1627
53505,2046
53506,2181
53507,2240
53508,2239
53509,2155
53510,2045
53511,1765
53512,1610
53513,1744
53514,1850
53515,1858
53516,1849
53517,1853
53518,1857
53519,1881
53520,1919
53521,1953
53522,1963
53523,1934
53524,1878
53525,1845
53526,1831
53527,1812
53528,1806
53529,1788
53530,1819
53531,1849
53532,1842
53533,1838
53534,593
53535,1398
53536,2000
53537,2176
53538,2255
53539,2255
53540,2158
53541,2064
53542,1811
53543,1558
53544,1673
53545,1778
53546,1827
53547,1872
53548,1904
53549,1891
53550,1893
53551,1907
53552,1932
53553,1950
53554,1934
53555,1878
53556,1837
53557,1819
53558,1827
53559,1821
53560,1819
53561,1815
53562,1826
53563,1846
53564,1875
53565,2621
53566,912
53567,1910
53568,2130
53569,2220
53570,2260
53571,2209
53572,2130
53573,1958
53574,1598
53575,1617
53576,1744
53577,1791
53578,1823
53579,1858
53580,1905
53581,1936
53582,1941
53583,1955
53584,1962
53585,1939
53586,1890
53587,1838
53588,1811
53589,1803
53590,1794
53591,1801
53592,1798
53593,1817
53594,1829
53595,1840
53596,2136
53597,496
53598,1841
53599,2120
53600,2206
53601,2242
53602,2191
53603,2103
53604,1975
53605,1606
53606,1612
53607,1763
53608,1829
53609,1851
53610,1873
53611,1889
53612,1906
53613,1936
53614,1981
53615,1999
53616,1970
53617,1910
53618,1835
53619,1802
53620,1789
53621,1791
53622,1794
53623,1794
53624,1808
53625,1834
53626,1845
53627,1852
53628,227
53629,1566
53630,2064
53631,2212
53632,2257
53633,2231
53634,2119
53635,1999
53636,1664
53637,1535
53638,1714
53639,1818
53640,1851
53641,1873
53642,1889
53643,1918
53644,1923
53645,1953
53646,1977
53647,2000
53648,1981
53649,1899
53650,1840
53651,1808
53652,1790
53653,1781
53654,1777
53655,1779
53656,1797
53657,1817
53658,1844
53659,1305
53660,1209
53661,1970
53662,2162
53663,2261
53664,2320
53665,2223
53666,2105
53667,1829
53668,1512
53669,1628
53670,1769
53671,1819
53672,1840
53673,1856
53674,1881
53675,1907
53676,1936
53677,1964
53678,1977
53679,1955
53680,1920
53681,1894
53682,1850
53683,1817
53684,1801
53685,1792
53686,1782
53687,1789
53688,1808
53689,1815
53690,2799
53691,709
53692,1869
53693,2119
53694,2223
53695,2272
53696,2207
53697,2149
53698,1982
53699,1591
53700,1605
53701,1763
53702,1816
53703,1840
53704,1856
53705,1882
53706,1904
53707,1923
53708,1968
53709,2000
53710,1989
53711,1938
53712,1893
53713,1872
53714,1859
53715,1801
53716,1753
53717,1756
53718,1774
53719,1781
53720,1794
53721,1813
53722,240
53723,1685
53724,2064
53725,2192
53726,2264
53727,2223
53728,2127
53729,2000
53730,1629
53731,1614
53732,1776
53733,1844
53734,1854
53735,1862
53736,1876
53737,1899
53738,1922
53739,1949
53740,1979
53741,2002
53742,1977
53743,1919
53744,1872
53745,1834
53746,1808
53747,1806
53748,1794
53749,1778
53750,1787
53751,1798
53752,1805
53753,1813
53754,1831
53755,1838
53756,1846
53757,1858
53758,1872
53759,1874
53760,1878
53761,1882
53762,1882
53763,1891
53764,1907
53765,1903
53766,1875
53767,1859
53768,1847
53769,1840
53770,1842
53771,1853
53772,1857
53773,1858
53774,1867
53775,1873
53776,1877
53777,1872
53778,1872
53779,1870
53780,1885
53781,1898
53782,1883
53783,1859
53784,1844
53785,1831
53786,1825
53787,1831
53788,1840
53789,1847
53790,1855
53791,1867
53792,1871
53793,1875
53794,1869
53795,1869
53796,1870
53797,1889
53798,1896
53799,1873
53800,1857
53801,1840
53802,1831
53803,1834
53804,1840
53805,1853
53806,1855
53807,1853
53808,1867
53809,1870
53810,1872
53811,1872
53812,1872
53813,1883
53814,1902
53815,1885
53816,1857
53817,1839
53818,1834
53819,1838
53820,1834
53821,1839
53822,1845
53823,1853
53824,1867
53825,1872
53826,1878
53827,1883
53828,1882
53829,1872
53830,1883
53831,1893
53832,1872
53833,1844
53834,1831
53835,1831
53836,1837
53837,1839
53838,1847
53839,1857
53840,1857
53841,1856
53842,1856
53843,1870
53844,1863
53845,1859
53846,1863
53847,1885
53848,1887
53849,1862
53850,1845
53851,1840
53852,1830
53853,1837
53854,1840
53855,1847
53856,1851
53857,1856
53858,1867
53859,1873
53860,1873
53861,1872
53862,1871
53863,1877
53864,1900
53865,1890
53866,1869
53867,1854
53868,1847
53869,1844
53870,1851
53871,1855
53872,1851
53873,1845
53874,1845
53875,1850
53876,1865
53877,1868
53878,1865
53879,1869
53880,1886
53881,1885
53882,1873
53883,1861
53884,1843
53885,1838
53886,1829
53887,1823
53888,1835
53889,1844
53890,1855
53891,1870
53892,1872
53893,1878
53894,1869
53895,1869
53896,1869
53897,1888
53898,1892
53899,1871
53900,1851
53901,1838
53902,1824
53903,1829
53904,1840
53905,1841
53906,1846
53907,1853
53908,1866
53909,1872
53910,1872
53911,1871
53912,1869
53913,1872
53914,1894
53915,1888
53916,1871
53917,1855
53918,1834
53919,1835
53920,1834
53921,1838
53922,1840
53923,1845
53924,1859
53925,1869
53926,1875
53927,1871
53928,1869
53929,1863
53930,1883
53931,1895
53932,1873
53933,1849
53934,1830
53935,1825
53936,1823
53937,1830
53938,1841
53939,1842
53940,1850
53941,1865
53942,1872
53943,1875
53944,1863
53945,1865
53946,1863
53947,1885
53948,1885
53949,1861
53950,1850
53951,1842
53952,1833
53953,1835
53954,1840
53955,1846
53956,1851
53957,1862
53958,1875
53959,1872
53960,1872
53961,1869
53962,1867
53963,1872
53964,1889
53965,1877
53966,1857
53967,1840
53968,1830
53969,1834
53970,1833
53971,1840
53972,1850
53973,1851
53974,1859
53975,1872
53976,1875
53977,1871
53978,1868
53979,1867
53980,1885
53981,1898
53982,1875
53983,1856
53984,1840
53985,1831
53986,1826
53987,1837
53988,1844
53989,1850
53990,1853
53991,1866
53992,1871
53993,1872
53994,1870
53995,1863
53996,1862
53997,1886
53998,1888
53999,1871
54000,1856
54001,1840
54002,1834
54003,1831
54004,1840
54005,1847
54006,1852
54007,1856
54008,1872
54009,1873
54010,1877
54011,1872
54012,1872
54013,1877
54014,1902
54015,1887
54016,1867
54017,1853
54018,1840
54019,1841
54020,1842
54021,1846
54022,1851
54023,1851
54024,1855
54025,1856
54026,1872
54027,1872
54028,1870
54029,1857
54030,1869
54031,1891
54032,1873
54033,1863
54034,1847
54035,1840
54036,1834
54037,1843
54038,1863
54039,1873
54040,1872
54041,1894
54042,1889
54043,1889
54044,1876
54045,1859
54046,1808
54047,1826
54048,1862
54049,1852
54050,1843
54051,1840
54052,1834
54053,1840
54054,1842
54055,1851
54056,1851
54057,1855
54058,1866
54059,1866
54060,1873
54061,1870
54062,1867
54063,1876
54064,1899
54065,1895
54066,1872
54067,1856
54068,1843
54069,1835
54070,1838
54071,1841
54072,1848
54073,1853
54074,1863
54075,1869
54076,1878
54077,1872
54078,1873
54079,1874
54080,1890
54081,1905
54082,1885
54083,1867
54084,1849
54085,1831
54086,1815
54087,1819
54088,1836
54089,1855
54090,1859
54091,1869
54092,1872
54093,1878
54094,1874
54095,1878
54096,1877
54097,1904
54098,1905
54099,1883
54100,1861
54101,1845
54102,1838
54103,1838
54104,1839
54105,1828
54106,1830
54107,1842
54108,1865
54109,1867
54110,1869
54111,1863
54112,1862
54113,1875
54114,1900
54115,1883
54116,1863
54117,1844
54118,1834
54119,1831
54120,1840
54121,1846
54122,1853
54123,1843
54124,1856
54125,1871
54126,1874
54127,1873
54128,1878
54129,1871
54130,1890
54131,1907
54132,1886
54133,1858
54134,1838
54135,1829
54136,1823
54137,1831
54138,1840
54139,1846
54140,1853
54141,1866
54142,1870
54143,1875
54144,1871
54145,1865
54146,1866
54147,1891
54148,1899
54149,1867
54150,1847
54151,1829
54152,1825
54153,1829
54154,1838
54155,1845
54156,1851
54157,1856
54158,1872
54159,1872
54160,1878
54161,1871
54162,1871
54163,1879
54164,1902
54165,1897
54166,1867
54167,1849
54168,1835
54169,1827
54170,1831
54171,1840
54172,1846
54173,1850
54174,1862
54175,1867
54176,1872
54177,1866
54178,1869
54179,1867
54180,1893
54181,1907
54182,1887
54183,1861
54184,1841
54185,1827
54186,1826
54187,1831
54188,1842
54189,1852
54190,1851
54191,1870
54192,1872
54193,1878
54194,1872
54195,1872
54196,1872
54197,1902
54198,1904
54199,1873
54200,1855
54201,1837
54202,1825
54203,1826
54204,1836
54205,1840
54206,1843
54207,1846
54208,1866
54209,1872
54210,1877
54211,1872
54212,1870
54213,1879
54214,1903
54215,1893
54216,1867
54217,1844
54218,1829
54219,1824
54220,1829
54221,1841
54222,1850
54223,1854
54224,1866
54225,1872
54226,1875
54227,1872
54228,1872
54229,1858
54230,1875
54231,1893
54232,1873
54233,1855
54234,1840
54235,1826
54236,1825
54237,1834
54238,1840
54239,1843
54240,1845
54241,1862
54242,1872
54243,1874
54244,1871
54245,1871
54246,1871
54247,1892
54248,1898
54249,1873
54250,1856
54251,1842
54252,1833
54253,1834
54254,1842
54255,1852
54256,1851
54257,1856
54258,1872
54259,1872
54260,1873
54261,1872
54262,1872
54263,1875
54264,1903
54265,1883
54266,1862
54267,1840
54268,1831
54269,1829
54270,1839
54271,1843
54272,1853
54273,1854
54274,1866
54275,1874
54276,1882
54277,1878
54278,1879
54279,1872
54280,1889
54281,1904
54282,1879
54283,1855
54284,1838
54285,1834
54286,1833
54287,1840
54288,1847
54289,1850
54290,1855
54291,1869
54292,1871
54293,1873
54294,1870
54295,1861
54296,1865
54297,1884
54298,1893
54299,1873
54300,1858
54301,1840
54302,1833
54303,1835
54304,1840
54305,1847
54306,1853
54307,1856
54308,1872
54309,1872
54310,1877
54311,1872
54312,1871
54313,1875
54314,1894
54315,1893
54316,1869
54317,1851
54318,1833
54319,1836
54320,1839
54321,1845
54322,1851
54323,1855
54324,1863
54325,1865
54326,1871
54327,1861
54328,1859
54329,1859
54330,1877
54331,1901
54332,1883
54333,1859
54334,1842
54335,1837
54336,1833
54337,1839
54338,1847
54339,1851
54340,1854
54341,1871
54342,1872
54343,1879
54344,1874
54345,1873
54346,1875
54347,1894
54348,1897
54349,1878
54350,1859
54351,1841
54352,1831
54353,1838
54354,1843
54355,1845
54356,1849
54357,1853
54358,1855
54359,1854
54360,1872
54361,1872
54362,1872
54363,1882
54364,1902
54365,1895
54366,1873
54367,1856
54368,1840
54369,1831
54370,1829
54371,1839
54372,1846
54373,1850
54374,1847
54375,1859
54376,1866
54377,1863
54378,1871
54379,1868
54380,1885
54381,1899
54382,1879
54383,1863
54384,1851
54385,1837
54386,1835
54387,1837
54388,1843
54389,1856
54390,1855
54391,1861
54392,1865
54393,1872
54394,1867
54395,1872
54396,1868
54397,1887
54398,1893
54399,1872
54400,1856
54401,1840
54402,1836
54403,1837
54404,1840
54405,1849
54406,1854
54407,1859
54408,1872
54409,1873
54410,1874
54411,1870
54412,1868
54413,1873
54414,1895
54415,1882
54416,1858
54417,1842
54418,1836
54419,1831
54420,1831
54421,1840
54422,1847
54423,1851
54424,1861
54425,1872
54426,1874
54427,1872
54428,1872
54429,1858
54430,1879
54431,1901
54432,1880
54433,1863
54434,1849
54435,1840
54436,1839
54437,1845
54438,1851
54439,1855
54440,1857
54441,1859
54442,1864
54443,1872
54444,1869
54445,1863
54446,1870
54447,1884
54448,1893
54449,1865
54450,1843
54451,1835
54452,1835
54453,1839
54454,1843
54455,1853
54456,1857
54457,1862
54458,1869
54459,1872
54460,1879
54461,1871
54462,1863
54463,1863
54464,1887
54465,1881
54466,1864
54467,1852
54468,1840
54469,1839
54470,1840
54471,1851
54472,1850
54473,1854
54474,1865
54475,1871
54476,1872
54477,1865
54478,1862
54479,1862
54480,1883
54481,1903
54482,1881
54483,1862
54484,1846
54485,1835
54486,1834
54487,1832
54488,1840
54489,1841
54490,1845
54491,1863
54492,1871
54493,1875
54494,1872
54495,1872
54496,1872
54497,1893
54498,1897
54499,1875
54500,1863
54501,1845
54502,1833
54503,1834
54504,1839
54505,1838
54506,1841
54507,1847
54508,1867
54509,1872
54510,1877
54511,1873
54512,1872
54513,1879
54514,1898
54515,1892
54516,1866
54517,1847
54518,1835
54519,1833
54520,1835
54521,1842
54522,1849
54523,1847
54524,1856
54525,1869
54526,1873
54527,1872
54528,1871
54529,1863
54530,1886
54531,1902
54532,1879
54533,1859
54534,1840
54535,1824
54536,1821
54537,1822
54538,1838
54539,1841
54540,1846
54541,1863
54542,1871
54543,1879
54544,1863
54545,1854
54546,1858
54547,1886
54548,1893
54549,1872
54550,1856
54551,1843
54552,1834
54553,1839
54554,1842
54555,1850
54556,1853
54557,1856
54558,1872
54559,1880
54560,1887
54561,1878
54562,1882
54563,1903
54564,1919
54565,1903
54566,1876
54567,1850
54568,1808
54569,1796
54570,1823
54571,1839
54572,1839
54573,1842
54574,1855
54575,1858
54576,1869
54577,1859
54578,1859
54579,1858
54580,1882
54581,1902
54582,1872
54583,1861
54584,1849
54585,1843
54586,1847
54587,1840
54588,1838
54589,1850
54590,1862
54591,1877
54592,1875
54593,1872
54594,1857
54595,1839
54596,1841
54597,1872
54598,1885
54599,1867
54600,1856
54601,1849
54602,1840
54603,1840
54604,1849
54605,1854
54606,1857
54607,1854
54608,1869
54609,1872
54610,1875
54611,1869
54612,1872
54613,1884
54614,1899
54615,1889
54616,1863
54617,1843
54618,1829
54619,1833
54620,1838
54621,1845
54622,1853
54623,1851
54624,1863
54625,1869
54626,1873
54627,1872
54628,1870
54629,1871
54630,1881
54631,1902
54632,1873
54633,1852
54634,1838
54635,1829
54636,1827
54637,1835
54638,1843
54639,1849
54640,1853
54641,1871
54642,1872
54643,1875
54644,1872
54645,1872
54646,1870
54647,1891
54648,1899
54649,1877
54650,1858
54651,1844
54652,1838
54653,1840
54654,1847
54655,1854
54656,1858
54657,1862
54658,1876
54659,1872
54660,1866
54661,1858
54662,1856
54663,1870
54664,1882
54665,1879
54666,1867
54667,1841
54668,1828
54669,1825
54670,1838
54671,1847
54672,1851
54673,1855
54674,1861
54675,1858
54676,1867
54677,1872
54678,1875
54679,1877
54680,1901
54681,1907
54682,1890
54683,1872
54684,1830
54685,1803
54686,1808
54687,1823
54688,1838
54689,1849
54690,1850
54691,1869
54692,1883
54693,1896
54694,1888
54695,1888
54696,1887
54697,1904
54698,1906
54699,1862
54700,1823
54701,1815
54702,1820
54703,1830
54704,1840
54705,1849
54706,1851
54707,1854
54708,1870
54709,1867
54710,1872
54711,1869
54712,1867
54713,1872
54714,1893
54715,1883
54716,1861
54717,1846
54718,1833
54719,1834
54720,1839
54721,1847
54722,1853
54723,1856
54724,1863
54725,1871
54726,1875
54727,1870
54728,1863
54729,1859
54730,1885
54731,1902
54732,1886
54733,1865
54734,1847
54735,1833
54736,1828
54737,1834
54738,1840
54739,1846
54740,1852
54741,1869
54742,1869
54743,1875
54744,1869
54745,1865
54746,1863
54747,1888
54748,1894
54749,1869
54750,1852
54751,1839
54752,1834
54753,1862
54754,592
54755,1773
54756,2029
54757,2096
54758,2106
54759,2112
54760,2112
54761,2065
54762,1981
54763,1918
54764,1866
54765,1805
54766,1751
54767,1771
54768,1777
54769,1774
54770,1792
54771,1812
54772,1854
54773,1899
54774,1952
54775,1988
54776,2013
54777,2002
54778,1967
54779,1904
54780,1839
54781,1800
54782,1765
54783,1745
54784,1741
54785,357
54786,1522
54787,1904
54788,2000
54789,2013
54790,2033
54791,2081
54792,2064
54793,2000
54794,1942
54795,1871
54796,1787
54797,1777
54798,1813
54799,1819
54800,1834
54801,1835
54802,1847
54803,1874
54804,1917
54805,1953
54806,1978
54807,1970
54808,1951
54809,1897
54810,1841
54811,1793
54812,1760
54813,1776
54814,1812
54815,1827
54816,1696
54817,1264
54818,1871
54819,2000
54820,2032
54821,2058
54822,2101
54823,2103
54824,2064
54825,2046
54826,1943
54827,1795
54828,1728
54829,1728
54830,1765
54831,1825
54832,1842
54833,1859
54834,1879
54835,1910
54836,1949
54837,1968
54838,1959
54839,1918
54840,1842
54841,1796
54842,1751
54843,1759
54844,1776
54845,1792
54846,1808
54847,2875
54848,973
54849,1858
54850,2017
54851,2059
54852,2062
54853,2086
54854,2091
54855,2032
54856,2000
54857,1877
54858,1744
54859,1728
54860,1769
54861,1806
54862,1841
54863,1881
54864,1934
54865,1958
54866,1971
54867,1987
54868,1979
54869,1938
54870,1861
54871,1800
54872,1759
54873,1731
54874,1750
54875,1778
54876,1803
54877,1824
54878,1837
54879,418
54880,1718
54881,2045
54882,2112
54883,2107
54884,2099
54885,2082
54886,2031
54887,1970
54888,1837
54889,1713
54890,1724
54891,1786
54892,1824
54893,1861
54894,1881
54895,1904
54896,1936
54897,1999
54898,2035
54899,2023
54900,1963
54901,1871
54902,1789
54903,1743
54904,1722
54905,1737
54906,1763
54907,1785
54908,1825
54909,1840
54910,597
54911,1502
54912,1966
54913,2074
54914,2123
54915,2128
54916,2112
54917,2055
54918,1983
54919,1860
54920,1745
54921,1734
54922,1773
54923,1808
54924,1854
54925,1877
54926,1911
54927,1941
54928,1977
54929,2000
54930,2013
54931,1987
54932,1890
54933,1807
54934,1758
54935,1728
54936,1731
54937,1750
54938,1777
54939,1803
54940,1818
54941,2445
54942,1041
54943,1906
54944,2055
54945,2090
54946,2091
54947,2103
54948,2065
54949,1981
54950,1878
54951,1806
54952,1813
54953,1831
54954,1833
54955,1846
54956,1871
54957,1899
54958,1936
54959,1971
54960,2007
54961,2018
54962,1975
54963,1906
54964,1858
54965,1810
54966,1757
54967,1736
54968,1743
54969,1759
54970,1779
54971,1804
54972,2005
54973,493
54974,1777
54975,2057
54976,2128
54977,2127
54978,2110
54979,2061
54980,1998
54981,1910
54982,1819
54983,1812
54984,1840
54985,1822
54986,1823
54987,1847
54988,1872
54989,1910
54990,1947
54991,1985
54992,2000
54993,1978
54994,1909
54995,1843
54996,1809
54997,1805
54998,1799
54999,1777
55000,1776
55001,1791
55002,1797
55003,1808
55004,272
55005,1575
55006,2032
55007,2171
55008,2210
55009,2206
55010,2146
55011,2053
55012,1904
55013,1706
55014,1707
55015,1779
55016,1807
55017,1818
55018,1831
55019,1853
55020,1882
55021,1923
55022,1962
55023,1978
55024,1968
55025,1917
55026,1862
55027,1829
55028,1803
55029,1785
55030,1809
55031,1837
55032,1839
55033,1831
55034,1819
55035,928
55036,1284
55037,1969
55038,2144
55039,2198
55040,2216
55041,2158
55042,2074
55043,1947
55044,1666
55045,1658
55046,1774
55047,1842
55048,1872
55049,1870
55050,1869
55051,1872
55052,1890
55053,1929
55054,1954
55055,1950
55056,1901
55057,1843
55058,1830
55059,1823
55060,1811
55061,1803
55062,1805
55063,1825
55064,1863
55065,1871
55066,2795
55067,834
55068,1872
55069,2093
55070,2164
55071,2207
55072,2149
55073,2059
55074,1962
55075,1713
55076,1678
55077,1765
55078,1829
55079,1856
55080,1898
55081,1925
55082,1926
55083,1926
55084,1937
55085,1948
55086,1936
55087,1894
55088,1843
55089,1818
55090,1806
55091,1808
55092,1808
55093,1808
55094,1813
55095,1834
55096,1843
55097,1905
55098,367
55099,1761
55100,2060
55101,2134
55102,2164
55103,2131
55104,2039
55105,1978
55106,1760
55107,1670
55108,1776
55109,1857
55110,1878
55111,1889
55112,1901
55113,1920
55114,1959
55115,1981
55116,1984
55117,1959
55118,1905
55119,1837
55120,1795
55121,1789
55122,1791
55123,1785
55124,1789
55125,1803
55126,1827
55127,1840
55128,1849
55129,481
55130,1488
55131,2057
55132,2187
55133,2229
55134,2211
55135,2097
55136,2021
55137,1824
55138,1578
55139,1666
55140,1782
55141,1824
55142,1851
55143,1890
55144,1904
55145,1921
55146,1945
55147,1990
55148,2004
55149,1954
55150,1879
55151,1829
55152,1795
55153,1781
55154,1776
55155,1787
55156,1792
55157,1806
55158,1830
55159,1845
55160,1879
55161,1068
55162,1943
55163,2151
55164,2257
55165,2289
55166,2176
55167,2069
55168,1920
55169,1582
55170,1623
55171,1744
55172,1811
55173,1841
55174,1872
55175,1903
55176,1922
55177,1937
55178,1963
55179,1968
55180,1968
55181,1936
55182,1881
55183,1841
55184,1808
55185,1781
55186,1773
55187,1776
55188,1791
55189,1808
55190,1822
55191,2608
55192,640
55193,1856
55194,2102
55195,2192
55196,2246
55197,2197
55198,2118
55199,1998
55200,1683
55201,1655
55202,1743
55203,1803
55204,1829
55205,1857
55206,1882
55207,1901
55208,1927
55209,1956
55210,1978
55211,1962
55212,1915
55213,1872
55214,1869
55215,1847
55216,1814
55217,1791
55218,1767
55219,1767
55220,1789
55221,1814
55222,1837
55223,230
55224,1681
55225,2065
55226,2193
55227,2260
55228,2224
55229,2125
55230,2070
55231,1793
55232,1645
55233,1731
55234,1808
55235,1813
55236,1827
55237,1845
55238,1872
55239,1895
55240,1924
55241,1959
55242,1968
55243,1945
55244,1885
55245,1856
55246,1840
55247,1851
55248,1849
55249,1815
55250,1793
55251,1790
55252,1794
55253,1808
55254,656
55255,1376
55256,1981
55257,2153
55258,2249
55259,2259
55260,2154
55261,2081
55262,1805
55263,1595
55264,1725
55265,1833
55266,1855
55267,1854
55268,1856
55269,1867
55270,1883
55271,1907
55272,1938
55273,1949
55274,1931
55275,1893
55276,1872
55277,1854
55278,1831
55279,1823
55280,1839
55281,1849
55282,1840
55283,1825
55284,1819
55285,2201
55286,942
55287,1882
55288,2099
55289,2207
55290,2253
55291,2164
55292,2083
55293,1921
55294,1613
55295,1648
55296,1787
55297,1878
55298,1911
55299,1904
55300,1904
55301,1903
55302,1903
55303,1920
55304,1936
55305,1925
55306,1883
55307,1854
55308,1850
55309,1839
55310,1834
55311,1813
55312,1808
55313,1822
55314,1856
55315,1857
55316,2079
55317,451
55318,1763
55319,2047
55320,2160
55321,2225
55322,2167
55323,2077
55324,1979
55325,1641
55326,1638
55327,1794
55328,1865
55329,1874
55330,1911
55331,1939
55332,1939
55333,1926
55334,1931
55335,1929
55336,1911
55337,1876
55338,1843
55339,1833
55340,1821
55341,1821
55342,1819
55343,1825
55344,1827
55345,1830
55346,1839
55347,1867
55348,326
55349,1535
55350,2008
55351,2151
55352,2219
55353,2210
55354,2111
55355,2032
55356,1727
55357,1558
55358,1705
55359,1835
55360,1874
55361,1881
55362,1901
55363,1923
55364,1958
55365,1969
55366,1965
55367,1946
55368,1904
55369,1845
55370,1819
55371,1814
55372,1811
55373,1799
55374,1797
55375,1808
55376,1823
55377,1835
55378,1842
55379,1856
55380,1877
55381,1901
55382,1888
55383,1870
55384,1856
55385,1840
55386,1840
55387,1840
55388,1855
55389,1857
55390,1858
55391,1871
55392,1878
55393,1885
55394,1878
55395,1879
55396,1874
55397,1897
55398,1904
55399,1881
55400,1859
55401,1844
55402,1837
55403,1833
55404,1840
55405,1840
55406,1841
55407,1844
55408,1857
55409,1872
55410,1873
55411,1872
55412,1872
55413,1875
55414,1894
55415,1894
55416,1869
55417,1851
55418,1838
55419,1833
55420,1835
55421,1842
55422,1849
55423,1851
55424,1857
55425,1867
55426,1873
55427,1871
55428,1863
55429,1857
55430,1879
55431,1894
55432,1878
55433,1858
55434,1840
55435,1827
55436,1824
55437,1837
55438,1840
55439,1845
55440,1852
55441,1869
55442,1873
55443,1889
55444,1879
55445,1872
55446,1856
55447,1872
55448,1883
55449,1869
55450,1850
55451,1839
55452,1835
55453,1839
55454,1847
55455,1857
55456,1860
55457,1854
55458,1853
55459,1867
55460,1872
55461,1873
55462,1875
55463,1877
55464,1899
55465,1886
55466,1867
55467,1843
55468,1827
55469,1819
55470,1829
55471,1845
55472,1854
55473,1856
55474,1864
55475,1872
55476,1872
55477,1862
55478,1863
55479,1867
55480,1887
55481,1904
55482,1887
55483,1863
55484,1845
55485,1834
55486,1826
55487,1833
55488,1843
55489,1850
55490,1852
55491,1863
55492,1867
55493,1876
55494,1872
55495,1866
55496,1866
55497,1887
55498,1893
55499,1874
55500,1856
55501,1839
55502,1829
55503,1831
55504,1835
55505,1841
55506,1847
55507,1855
55508,1866
55509,1872
55510,1873
55511,1870
55512,1868
55513,1875
55514,1902
55515,1893
55516,1869
55517,1849
55518,1837
55519,1837
55520,1829
55521,1836
55522,1843
55523,1847
55524,1856
55525,1862
55526,1870
55527,1861
55528,1868
55529,1861
55530,1873
55531,1901
55532,1886
55533,1862
55534,1843
55535,1834
55536,1827
55537,1833
55538,1842
55539,1853
55540,1855
55541,1866
55542,1875
55543,1879
55544,1866
55545,1861
55546,1866
55547,1883
55548,1897
55549,1873
55550,1856
55551,1843
55552,1827
55553,1826
55554,1831
55555,1837
55556,1842
55557,1847
55558,1862
55559,1861
55560,1872
55561,1872
55562,1867
55563,1874
55564,1897
55565,1897
55566,1872
55567,1851
55568,1839
55569,1826
55570,1827
55571,1831
55572,1840
55573,1844
55574,1856
55575,1866
55576,1873
55577,1872
55578,1871
55579,1872
55580,1887
55581,1901
55582,1885
55583,1859
55584,1841
55585,1824
55586,1822
55587,1827
55588,1840
55589,1852
55590,1853
55591,1860
55592,1870
55593,1877
55594,1872
55595,1866
55596,1869
55597,1893
55598,1910
55599,1878
55600,1854
55601,1838
55602,1823
55603,1827
55604,1838
55605,1842
55606,1847
55607,1855
55608,1869
55609,1872
55610,1872
55611,1870
55612,1871
55613,1878
55614,1898
55615,1886
55616,1866
55617,1846
55618,1836
55619,1831
55620,1831
55621,1840
55622,1846
55623,1854
55624,1856
55625,1867
55626,1877
55627,1873
55628,1871
55629,1866
55630,1886
55631,1904
55632,1885
55633,1865
55634,1852
55635,1834
55636,1827
55637,1830
55638,1840
55639,1844
55640,1853
55641,1863
55642,1872
55643,1888
55644,1877
55645,1870
55646,1861
55647,1878
55648,1889
55649,1865
55650,1852
55651,1838
55652,1825
55653,1835
55654,1841
55655,1847
55656,1851
55657,1856
55658,1872
55659,1876
55660,1878
55661,1865
55662,1866
55663,1866
55664,1887
55665,1891
55666,1871
55667,1851
55668,1837
55669,1826
55670,1834
55671,1841
55672,1850
55673,1856
55674,1860
55675,1868
55676,1874
55677,1872
55678,1872
55679,1859
55680,1873
55681,1899
55682,1886
55683,1861
55684,1852
55685,1835
55686,1829
55687,1837
55688,1841
55689,1843
55690,1851
55691,1861
55692,1869
55693,1872
55694,1866
55695,1869
55696,1869
55697,1895
55698,1904
55699,1876
55700,1855
55701,1837
55702,1825
55703,1826
55704,1840
55705,1841
55706,1843
55707,1847
55708,1861
55709,1872
55710,1872
55711,1865
55712,1863
55713,1872
55714,1899
55715,1891
55716,1869
55717,1851
55718,1840
55719,1819
55720,1829
55721,1839
55722,1847
55723,1850
55724,1856
55725,1867
55726,1872
55727,1872
55728,1871
55729,1866
55730,1879
55731,1895
55732,1877
55733,1859
55734,1840
55735,1829
55736,1822
55737,1829
55738,1839
55739,1839
55740,1840
55741,1855
55742,1870
55743,1878
55744,1873
55745,1872
55746,1871
55747,1887
55748,1898
55749,1873
55750,1855
55751,1838
55752,1825
55753,1828
55754,1838
55755,1843
55756,1851
55757,1858
55758,1870
55759,1872
55760,1874
55761,1872
55762,1872
55763,1872
55764,1881
55765,1879
55766,1859
55767,1845
55768,1831
55769,1827
55770,1827
55771,1834
55772,1840
55773,1846
55774,1853
55775,1866
55776,1872
55777,1872
55778,1870
55779,1869
55780,1885
55781,1902
55782,1887
55783,1866
55784,1842
55785,1835
55786,1830
55787,1837
55788,1844
55789,1850
55790,1847
55791,1858
55792,1871
55793,1875
55794,1870
55795,1863
55796,1867
55797,1886
55798,1898
55799,1873
55800,1857
55801,1840
55802,1827
55803,1831
55804,1840
55805,1856
55806,1867
55807,1872
55808,1886
55809,1890
55810,1886
55811,1872
55812,1861
55813,1859
55814,1883
55815,1882
55816,1867
55817,1854
55818,1835
55819,1830
55820,1823
55821,1839
55822,1847
55823,1842
55824,1854
55825,1867
55826,1877
55827,1873
55828,1861
55829,1859
55830,1883
55831,1904
55832,1887
55833,1862
55834,1842
55835,1832
55836,1829
55837,1836
55838,1840
55839,1849
55840,1853
55841,1865
55842,1872
55843,1878
55844,1872
55845,1872
55846,1871
55847,1898
55848,1904
55849,1876
55850,1857
55851,1841
55852,1830
55853,1828
55854,1839
55855,1840
55856,1845
55857,1851
55858,1862
55859,1865
55860,1869
55861,1860
55862,1871
55863,1878
55864,1904
55865,1899
55866,1873
55867,1855
55868,1840
55869,1835
55870,1835
55871,1840
55872,1844
55873,1845
55874,1857
55875,1867
55876,1877
55877,1874
55878,1872
55879,1872
55880,1887
55881,1904
55882,1888
55883,1871
55884,1847
55885,1823
55886,1822
55887,1826
55888,1837
55889,1849
55890,1850
55891,1860
55892,1872
55893,1878
55894,1872
55895,1873
55896,1872
55897,1900
55898,1905
55899,1881
55900,1859
55901,1836
55902,1826
55903,1827
55904,1837
55905,1841
55906,1847
55907,1854
55908,1865
55909,1872
55910,1881
55911,1874
55912,1872
55913,1879
55914,1904
55915,1897
55916,1870
55917,1843
55918,1831
55919,1826
55920,1830
55921,1839
55922,1842
55923,1842
55924,1854
55925,1866
55926,1872
55927,1872
55928,1872
55929,1866
55930,1887
55931,1905
55932,1892
55933,1870
55934,1853
55935,1840
55936,1831
55937,1831
55938,1838
55939,1843
55940,1849
55941,1860
55942,1872
55943,1875
55944,1872
55945,1872
55946,1872
55947,1901
55948,1904
55949,1881
55950,1866
55951,1849
55952,1839
55953,1825
55954,1823
55955,1833
55956,1840
55957,1851
55958,1859
55959,1858
55960,1871
55961,1868
55962,1869
55963,1874
55964,1892
55965,1895
55966,1872
55967,1856
55968,1840
55969,1827
55970,1831
55971,1840
55972,1849
55973,1851
55974,1856
55975,1858
55976,1869
55977,1867
55978,1870
55979,1871
55980,1888
55981,1906
55982,1889
55983,1869
55984,1845
55985,1838
55986,1828
55987,1834
55988,1840
55989,1846
55990,1850
55991,1859
55992,1870
55993,1877
55994,1872
55995,1871
55996,1871
55997,1894
55998,1904
55999,1878
56000,1858
56001,1843
56002,1834
56003,1830
56004,1835
56005,1838
56006,1840
56007,1843
56008,1861
56009,1872
56010,1878
56011,1872
56012,1870
56013,1874
56014,1902
56015,1900
56016,1872
56017,1854
56018,1830
56019,1829
56020,1831
56021,1839
56022,1845
56023,1850
56024,1855
56025,1869
56026,1876
56027,1872
56028,1872
56029,1860
56030,1877
56031,1895
56032,1883
56033,1858
56034,1840
56035,1828
56036,1822
56037,1836
56038,1840
56039,1841
56040,1846
56041,1858
56042,1869
56043,1878
56044,1872
56045,1870
56046,1869
56047,1894
56048,1897
56049,1870
56050,1854
56051,1840
56052,1828
56053,1827
56054,1839
56055,1845
56056,1851
56057,1856
56058,1867
56059,1872
56060,1878
56061,1872
56062,1871
56063,1874
56064,1904
56065,1893
56066,1868
56067,1850
56068,1835
56069,1829
56070,1833
56071,1840
56072,1849
56073,1850
56074,1855
56075,1872
56076,1877
56077,1872
56078,1872
56079,1867
56080,1886
56081,1904
56082,1889
56083,1865
56084,1844
56085,1833
56086,1829
56087,1834
56088,1843
56089,1846
56090,1849
56091,1864
56092,1871
56093,1879
56094,1872
56095,1872
56096,1869
56097,1890
56098,1898
56099,1875
56100,1859
56101,1845
56102,1829
56103,1828
56104,1839
56105,1845
56106,1847
56107,1854
56108,1862
56109,1869
56110,1874
56111,1871
56112,1871
56113,1878
56114,1903
56115,1901
56116,1876
56117,1853
56118,1833
56119,1826
56120,1829
56121,1839
56122,1841
56123,1838
56124,1851
56125,1858
56126,1869
56127,1869
56128,1870
56129,1862
56130,1879
56131,1908
56132,1890
56133,1868
56134,1845
56135,1829
56136,1829
56137,1838
56138,1841
56139,1847
56140,1851
56141,1860
56142,1871
56143,1873
56144,1871
56145,1873
56146,1873
56147,1898
56148,1903
56149,1879
56150,1858
56151,1840
56152,1827
56153,1829
56154,1839
56155,1840
56156,1841
56157,1846
56158,1861
56159,1866
56160,1878
56161,1873
56162,1872
56163,1876
56164,1901
56165,1900
56166,1873
56167,1856
56168,1840
56169,1834
56170,1837
56171,1847
56172,1857
56173,1859
56174,1856
56175,1856
56176,1866
56177,1863
56178,1863
56179,1857
56180,1876
56181,1904
56182,1887
56183,1870
56184,1853
56185,1839
56186,1824
56187,1830
56188,1840
56189,1851
56190,1847
56191,1855
56192,1860
56193,1872
56194,1867
56195,1871
56196,1872
56197,1898
56198,1906
56199,1879
56200,1862
56201,1847
56202,1839
56203,1837
56204,1840
56205,1846
56206,1843
56207,1843
56208,1867
56209,1872
56210,1874
56211,1872
56212,1874
56213,1882
56214,1901
56215,1893
56216,1869
56217,1850
56218,1834
56219,1825
56220,1829
56221,1838
56222,1849
56223,1854
56224,1855
56225,1864
56226,1876
56227,1872
56228,1872
56229,1857
56230,1883
56231,1903
56232,1883
56233,1865
56234,1852
56235,1840
56236,1838
56237,1840
56238,1847
56239,1858
56240,1856
56241,1863
56242,1870
56243,1879
56244,1870
56245,1862
56246,1865
56247,1890
56248,1895
56249,1861
56250,1840
56251,1830
56252,1829
56253,1834
56254,1841
56255,1851
56256,1847
56257,1850
56258,1866
56259,1872
56260,1879
56261,1872
56262,1872
56263,1882
56264,1903
56265,1899
56266,1872
56267,1855
56268,1839
56269,1829
56270,1834
56271,1840
56272,1850
56273,1851
56274,1859
56275,1865
56276,1872
56277,1872
56278,1874
56279,1876
56280,1897
56281,1906
56282,1891
56283,1867
56284,1842
56285,1835
56286,1829
56287,1831
56288,1834
56289,1837
56290,1843
56291,1861
56292,1869
56293,1879
56294,1878
56295,1878
56296,1874
56297,1893
56298,1895
56299,1872
56300,1857
56301,1835
56302,1820
56303,1823
56304,1835
56305,1840
56306,1834
56307,1838
56308,1856
56309,1878
56310,1886
56311,1882
56312,1876
56313,1885
56314,1904
56315,1902
56316,1874
56317,1856
56318,1840
56319,1837
56320,1830
56321,1830
56322,1840
56323,1842
56324,1856
56325,1872
56326,1882
56327,1874
56328,1872
56329,1857
56330,1874
56331,1887
56332,1874
56333,1853
56334,1840
56335,1833
56336,1831
56337,1834
56338,1840
56339,1841
56340,1843
56341,1849
56342,1869
56343,1878
56344,1874
56345,1875
56346,1875
56347,1902
56348,1904
56349,1877
56350,1852
56351,1839
56352,1827
56353,1831
56354,1840
56355,1850
56356,1851
56357,1856
56358,1871
56359,1875
56360,1877
56361,1872
56362,1870
56363,1873
56364,1901
56365,1890
56366,1867
56367,1850
56368,1840
56369,1835
56370,1838
56371,1841
56372,1849
56373,1851
56374,1855
56375,1870
56376,1875
56377,1873
56378,1870
56379,1866
56380,638
56381,1766
56382,2026
56383,2065
56384,2054
56385,2042
56386,2041
56387,2021
56388,1955
56389,1889
56390,1819
56391,1741
56392,1738
56393,1805
56394,1840
56395,1835
56396,1837
56397,1861
56398,1883
56399,1903
56400,1930
56401,1945
56402,1965
56403,1963
56404,1933
56405,1890
56406,1825
56407,1773
56408,1766
56409,1764
56410,1776
56411,1264
56412,1393
56413,1901
56414,2029
56415,2041
56416,2027
56417,2027
56418,1989
56419,1927
56420,1884
56421,1827
56422,1791
56423,1798
56424,1826
56425,1833
56426,1840
56427,1842
56428,1858
56429,1875
56430,1928
56431,2000
56432,2022
56433,2011
56434,1970
56435,1904
56436,1837
56437,1799
56438,1756
56439,1728
56440,1737
56441,1775
56442,2868
56443,1072
56444,1841
56445,2002
56446,2029
56447,2054
56448,2086
56449,2062
56450,1999
56451,1943
56452,1879
56453,1791
56454,1775
56455,1777
56456,1777
56457,1797
56458,1839
56459,1877
56460,1916
56461,1962
56462,1995
56463,2023
56464,2023
56465,1972
56466,1869
56467,1776
56468,1723
56469,1709
56470,1726
56471,1755
56472,1790
56473,1808
56474,634
56475,1755
56476,2004
56477,2065
56478,2075
56479,2103
56480,2124
56481,2093
56482,2033
56483,1900
56484,1729
56485,1729
56486,1750
56487,1763
56488,1799
56489,1847
56490,1887
56491,1934
56492,1974
56493,2015
56494,2021
56495,1993
56496,1935
56497,1872
56498,1825
56499,1772
56500,1739
56501,1735
56502,1745
56503,1771
56504,1793
56505,599
56506,1535
56507,1936
56508,2042
56509,2076
56510,2107
56511,2124
56512,2083
56513,2039
56514,1905
56515,1765
56516,1737
56517,1761
56518,1786
56519,1811
56520,1845
56521,1885
56522,1924
56523,1962
56524,2001
56525,2019
56526,1992
56527,1910
56528,1836
56529,1783
56530,1777
56531,1781
56532,1776
56533,1779
56534,1792
56535,1792
56536,1527
56537,1283
56538,1885
56539,2001
56540,2032
56541,2058
56542,2064
56543,2027
56544,1974
56545,1887
56546,1810
56547,1859
56548,1896
56549,1870
56550,1859
56551,1862
56552,1874
56553,1907
56554,1943
56555,1984
56556,1987
56557,1957
56558,1889
56559,1825
56560,1790
56561,1760
56562,1755
56563,1775
56564,1809
56565,1830
56566,1824
56567,2337
56568,679
56569,1775
56570,1973
56571,2021
56572,2034
56573,2035
56574,2006
56575,1965
56576,1889
56577,1851
56578,1889
56579,1911
56580,1910
56581,1920
56582,1909
56583,1906
56584,1917
56585,1935
56586,1968
56587,1985
56588,1962
56589,1886
56590,1819
56591,1787
56592,1766
56593,1767
56594,1773
56595,1790
56596,1811
56597,1849
56598,1870
56599,371
56600,1685
56601,1972
56602,2027
56603,2032
56604,2034
56605,1994
56606,1945
56607,1871
56608,1831
56609,1884
56610,1917
56611,1892
56612,1889
56613,1903
56614,1934
56615,1954
56616,1963
56617,1970
56618,1970
56619,1942
56620,1881
56621,1815
56622,1779
56623,1757
56624,1751
56625,1770
56626,1792
56627,1812
56628,1830
56629,1838
56630,703
56631,1449
56632,1968
56633,2053
56634,2059
56635,2046
56636,2006
56637,1959
56638,1899
56639,1799
56640,1838
56641,1883
56642,1886
56643,1893
56644,1901
56645,1907
56646,1923
56647,1976
56648,2015
56649,2017
56650,1983
56651,1905
56652,1824
56653,1776
56654,1751
56655,1747
56656,1745
56657,1762
56658,1798
56659,1824
56660,1840
56661,2708
56662,895
56663,1899
56664,2126
56665,2160
56666,2142
56667,2096
56668,2003
56669,1942
56670,1762
56671,1754
56672,1808
56673,1841
56674,1862
56675,1887
56676,1907
56677,1922
56678,1938
56679,1968
56680,2002
56681,2015
56682,1953
56683,1866
56684,1808
56685,1776
56686,1761
56687,1754
56688,1768
56689,1777
56690,1799
56691,1825
56692,1923
56693,400
56694,1763
56695,2082
56696,2164
56697,2208
56698,2192
56699,2064
56700,1991
56701,1771
56702,1699
56703,1753
56704,1799
56705,1838
56706,1856
56707,1879
56708,1909
56709,1936
56710,1968
56711,1987
56712,1986
56713,1955
56714,1904
56715,1856
56716,1814
56717,1779
56718,1761
56719,1754
56720,1763
56721,1788
56722,1808
56723,1819
56724,368
56725,1527
56726,2015
56727,2128
56728,2176
56729,2176
56730,2080
56731,2032
56732,1873
56733,1773
56734,1779
56735,1799
56736,1821
56737,1841
56738,1872
56739,1892
56740,1909
56741,1945
56742,1981
56743,1990
56744,1958
56745,1897
56746,1842
56747,1840
56748,1829
56749,1795
56750,1781
56751,1777
56752,1786
56753,1802
56754,1808
56755,1141
56756,1232
56757,1943
56758,2113
56759,2176
56760,2203
56761,2095
56762,2010
56763,1903
56764,1779
56765,1829
56766,1851
56767,1847
56768,1846
56769,1855
56770,1868
56771,1886
56772,1910
56773,1936
56774,1954
56775,1953
56776,1917
56777,1871
56778,1846
56779,1824
56780,1818
56781,1823
56782,1808
56783,1798
56784,1802
56785,1797
56786,2677
56787,656
56788,1825
56789,2073
56790,2156
56791,2215
56792,2140
56793,2043
56794,1982
56795,1754
56796,1767
56797,1856
56798,1894
56799,1874
56800,1863
56801,1860
56802,1862
56803,1882
56804,1911
56805,1937
56806,1938
56807,1906
56808,1868
56809,1841
56810,1827
56811,1812
56812,1808
56813,1813
56814,1839
56815,1838
56816,1827
56817,1830
56818,241
56819,1658
56820,2019
56821,2128
56822,2198
56823,2161
56824,2033
56825,1998
56826,1807
56827,1749
56828,1803
56829,1837
56830,1882
56831,1914
56832,1911
56833,1903
56834,1895
56835,1905
56836,1922
56837,1925
56838,1904
56839,1862
56840,1838
56841,1829
56842,1824
56843,1831
56844,1820
56845,1808
56846,1814
56847,1843
56848,1866
56849,656
56850,1399
56851,1968
56852,2102
56853,2190
56854,2193
56855,2070
56856,2002
56857,1806
56858,1712
56859,1793
56860,1863
56861,1879
56862,1885
56863,1891
56864,1914
56865,1920
56866,1914
56867,1917
56868,1911
56869,1890
56870,1856
56871,1840
56872,1838
56873,1824
56874,1823
56875,1823
56876,1824
56877,1818
56878,1821
56879,1829
56880,2221
56881,1011
56882,1932
56883,2100
56884,2160
56885,2187
56886,2069
56887,1985
56888,1857
56889,1712
56890,1762
56891,1852
56892,1881
56893,1899
56894,1902
56895,1909
56896,1915
56897,1947
56898,1968
56899,1949
56900,1917
56901,1872
56902,1831
56903,1822
56904,1820
56905,1814
56906,1802
56907,1794
56908,1808
56909,1829
56910,1842
56911,2092
56912,465
56913,1801
56914,2106
56915,2206
56916,2247
56917,2146
56918,2001
56919,1918
56920,1714
56921,1700
56922,1776
56923,1836
56924,1867
56925,1893
56926,1907
56927,1917
56928,1920
56929,1925
56930,1950
56931,1957
56932,1911
56933,1853
56934,1822
56935,1798
56936,1789
56937,1790
56938,1789
56939,1782
56940,1791
56941,1821
56942,1847
56943,273
56944,1607
56945,2061
56946,2179
56947,2270
56948,2237
56949,2069
56950,1968
56951,1703
56952,1664
56953,1766
56954,1840
56955,1856
56956,1866
56957,1882
56958,1908
56959,1921
56960,1940
56961,1946
56962,1945
56963,1933
56964,1904
56965,1882
56966,1849
56967,1817
56968,1799
56969,1779
56970,1776
56971,1786
56972,1803
56973,1815
56974,1125
56975,1251
56976,1968
56977,2140
56978,2222
56979,2230
56980,2102
56981,2031
56982,1823
56983,1698
56984,1751
56985,1822
56986,1847
56987,1867
56988,1887
56989,1900
56990,1904
56991,1921
56992,1938
56993,1953
56994,1922
56995,1885
56996,1862
56997,1875
56998,1874
56999,1851
57000,1819
57001,1791
57002,1775
57003,1782
57004,1802
57005,1820
57006,1833
57007,1845
57008,1863
57009,1872
57010,1882
57011,1875
57012,1878
57013,1889
57014,1907
57015,1909
57016,1878
57017,1856
57018,1840
57019,1833
57020,1835
57021,1841
57022,1849
57023,1851
57024,1858
57025,1871
57026,1872
57027,1870
57028,1871
57029,1863
57030,1886
57031,1903
57032,1887
57033,1861
57034,1842
57035,1837
57036,1833
57037,1837
57038,1845
57039,1850
57040,1851
57041,1863
57042,1870
57043,1874
57044,1872
57045,1872
57046,1872
57047,1895
57048,1899
57049,1875
57050,1856
57051,1841
57052,1833
57053,1833
57054,1835
57055,1844
57056,1846
57057,1853
57058,1871
57059,1872
57060,1879
57061,1875
57062,1872
57063,1879
57064,1902
57065,1894
57066,1862
57067,1840
57068,1835
57069,1837
57070,1841
57071,1847
57072,1840
57073,1840
57074,1845
57075,1854
57076,1867
57077,1872
57078,1877
57079,1884
57080,1903
57081,1921
57082,1905
57083,1872
57084,1842
57085,1823
57086,1808
57087,1813
57088,1838
57089,1852
57090,1851
57091,1856
57092,1861
57093,1869
57094,1865
57095,1871
57096,1870
57097,1889
57098,1901
57099,1873
57100,1856
57101,1840
57102,1835
57103,1836
57104,1839
57105,1842
57106,1850
57107,1856
57108,1867
57109,1871
57110,1875
57111,1872
57112,1872
57113,1875
57114,1888
57115,1885
57116,1866
57117,1847
57118,1834
57119,1835
57120,1837
57121,1842
57122,1846
57123,1852
57124,1858
57125,1869
57126,1872
57127,1871
57128,1867
57129,1858
57130,1882
57131,1900
57132,1882
57133,1865
57134,1845
57135,1839
57136,1835
57137,1840
57138,1853
57139,1857
57140,1853
57141,1860
57142,1863
57143,1869
57144,1853
57145,1858
57146,1859
57147,1886
57148,1899
57149,1872
57150,1855
57151,1841
57152,1839
57153,1829
57154,1825
57155,1838
57156,1846
57157,1851
57158,1856
57159,1871
57160,1879
57161,1874
57162,1873
57163,1888
57164,1904
57165,1889
57166,1867
57167,1847
57168,1830
57169,1817
57170,1811
57171,1829
57172,1841
57173,1846
57174,1849
57175,1859
57176,1869
57177,1867
57178,1863
57179,1871
57180,1883
57181,1898
57182,1882
57183,1861
57184,1843
57185,1833
57186,1831
57187,1836
57188,1843
57189,1847
57190,1852
57191,1862
57192,1868
57193,1872
57194,1863
57195,1867
57196,1867
57197,1888
57198,1898
57199,1875
57200,1857
57201,1841
57202,1831
57203,1830
57204,1831
57205,1839
57206,1840
57207,1843
57208,1856
57209,1869
57210,1873
57211,1872
57212,1868
57213,1874
57214,1895
57215,1893
57216,1872
57217,1853
57218,1840
57219,1827
57220,1823
57221,1835
57222,1845
57223,1852
57224,1858
57225,1867
57226,1872
57227,1872
57228,1872
57229,1866
57230,1877
57231,1893
57232,1879
57233,1854
57234,1825
57235,1819
57236,1817
57237,1822
57238,1835
57239,1840
57240,1838
57241,1854
57242,1866
57243,1872
57244,1872
57245,1871
57246,1872
57247,1895
57248,1904
57249,1876
57250,1861
57251,1846
57252,1839
57253,1840
57254,1842
57255,1846
57256,1846
57257,1840
57258,1853
57259,1869
57260,1873
57261,1871
57262,1863
57263,1874
57264,1890
57265,1887
57266,1867
57267,1844
57268,1838
57269,1828
57270,1834
57271,1842
57272,1856
57273,1855
57274,1855
57275,1872
57276,1874
57277,1872
57278,1872
57279,1871
57280,1883
57281,1898
57282,1885
57283,1863
57284,1855
57285,1841
57286,1841
57287,1847
57288,1855
57289,1858
57290,1853
57291,1856
57292,1872
57293,1874
57294,1862
57295,1863
57296,1855
57297,1873
57298,1873
57299,1859
57300,1850
57301,1840
57302,1833
57303,1836
57304,1844
57305,1850
57306,1849
57307,1853
57308,1867
57309,1872
57310,1874
57311,1872
57312,1870
57313,1877
57314,1898
57315,1894
57316,1871
57317,1854
57318,1839
57319,1831
57320,1834
57321,1840
57322,1847
57323,1856
57324,1859
57325,1872
57326,1882
57327,1874
57328,1872
57329,1859
57330,1876
57331,1899
57332,1882
57333,1855
57334,1841
57335,1839
57336,1826
57337,1817
57338,1836
57339,1843
57340,1845
57341,1857
57342,1867
57343,1876
57344,1871
57345,1872
57346,1872
57347,1897
57348,1902
57349,1872
57350,1856
57351,1840
57352,1833
57353,1836
57354,1833
57355,1840
57356,1843
57357,1847
57358,1867
57359,1859
57360,1873
57361,1871
57362,1871
57363,1877
57364,1897
57365,1894
57366,1872
57367,1853
57368,1839
57369,1830
57370,1834
57371,1841
57372,1847
57373,1849
57374,1855
57375,1868
57376,1872
57377,1871
57378,1872
57379,1871
57380,1886
57381,1903
57382,1885
57383,1866
57384,1840
57385,1829
57386,1815
57387,1824
57388,1835
57389,1846
57390,1850
57391,1863
57392,1872
57393,1879
57394,1873
57395,1872
57396,1871
57397,1894
57398,1895
57399,1877
57400,1861
57401,1844
57402,1831
57403,1818
57404,1821
57405,1829
57406,1840
57407,1847
57408,1859
57409,1866
57410,1872
57411,1871
57412,1872
57413,1875
57414,1892
57415,1889
57416,1867
57417,1846
57418,1835
57419,1827
57420,1830
57421,1840
57422,1846
57423,1853
57424,1856
57425,1869
57426,1874
57427,1870
57428,1867
57429,1857
57430,1879
57431,1900
57432,1883
57433,1860
57434,1845
57435,1837
57436,1831
57437,1835
57438,1842
57439,1849
57440,1847
57441,1858
57442,1867
57443,1875
57444,1863
57445,1862
57446,1865
57447,1890
57448,1900
57449,1870
57450,1845
57451,1835
57452,1828
57453,1835
57454,1840
57455,1843
57456,1847
57457,1855
57458,1869
57459,1872
57460,1873
57461,1871
57462,1871
57463,1875
57464,1899
57465,1894
57466,1872
57467,1853
57468,1840
57469,1834
57470,1835
57471,1840
57472,1845
57473,1854
57474,1852
57475,1865
57476,1872
57477,1871
57478,1869
57479,1872
57480,1886
57481,1904
57482,1887
57483,1868
57484,1845
57485,1834
57486,1827
57487,1836
57488,1843
57489,1853
57490,1854
57491,1862
57492,1872
57493,1874
57494,1872
57495,1872
57496,1872
57497,1900
57498,1904
57499,1879
57500,1862
57501,1843
57502,1834
57503,1833
57504,1831
57505,1841
57506,1843
57507,1847
57508,1865
57509,1872
57510,1877
57511,1872
57512,1870
57513,1881
57514,1900
57515,1895
57516,1871
57517,1853
57518,1837
57519,1830
57520,1835
57521,1840
57522,1850
57523,1851
57524,1856
57525,1872
57526,1875
57527,1872
57528,1872
57529,1863
57530,1883
57531,1900
57532,1882
57533,1861
57534,1840
57535,1824
57536,1821
57537,1830
57538,1841
57539,1841
57540,1837
57541,1851
57542,1872
57543,1874
57544,1872
57545,1872
57546,1872
57547,1891
57548,1901
57549,1874
57550,1856
57551,1842
57552,1831
57553,1830
57554,1839
57555,1846
57556,1851
57557,1856
57558,1866
57559,1873
57560,1874
57561,1870
57562,1871
57563,1877
57564,1892
57565,1888
57566,1863
57567,1848
57568,1840
57569,1837
57570,1840
57571,1847
57572,1855
57573,1852
57574,1855
57575,1859
57576,1866
57577,1868
57578,1873
57579,1872
57580,1890
57581,1906
57582,1893
57583,1866
57584,1849
57585,1838
57586,1823
57587,1823
57588,1837
57589,1840
57590,1850
57591,1863
57592,1870
57593,1878
57594,1870
57595,1868
57596,1865
57597,1885
57598,1891
57599,1882
57600,1869
57601,1854
57602,1842
57603,1839
57604,1840
57605,1840
57606,1840
57607,1841
57608,1855
57609,1870
57610,1875
57611,1871
57612,1870
57613,1874
57614,1890
57615,1887
57616,1870
57617,1851
57618,1836
57619,1821
57620,1827
57621,1837
57622,1843
57623,1845
57624,1851
57625,1862
57626,1871
57627,1870
57628,1866
57629,1857
57630,1881
57631,1902
57632,1887
57633,1866
57634,1846
57635,1838
57636,1833
57637,1838
57638,1843
57639,1846
57640,1851
57641,1864
57642,1872
57643,1877
57644,1875
57645,1875
57646,1872
57647,1896
57648,1901
57649,1879
57650,1856
57651,1840
57652,1828
57653,1827
57654,1831
57655,1840
57656,1842
57657,1847
57658,1859
57659,1869
57660,1870
57661,1870
57662,1872
57663,1879
57664,1903
57665,1900
57666,1872
57667,1856
57668,1840
57669,1827
57670,1821
57671,1834
57672,1842
57673,1847
57674,1856
57675,1869
57676,1874
57677,1875
57678,1872
57679,1872
57680,1890
57681,1907
57682,1886
57683,1855
57684,1830
57685,1821
57686,1823
57687,1826
57688,1838
57689,1850
57690,1852
57691,1863
57692,1870
57693,1882
57694,1872
57695,1872
57696,1874
57697,1895
57698,1904
57699,1877
57700,1859
57701,1840
57702,1821
57703,1828
57704,1839
57705,1846
57706,1850
57707,1853
57708,1865
57709,1874
57710,1874
57711,1872
57712,1870
57713,1874
57714,1881
57715,1886
57716,1863
57717,1845
57718,1842
57719,1830
57720,1830
57721,1840
57722,1847
57723,1849
57724,1858
57725,1869
57726,1873
57727,1873
57728,1872
57729,1865
57730,1889
57731,1902
57732,1888
57733,1866
57734,1850
57735,1840
57736,1839
57737,1843
57738,1856
57739,1857
57740,1856
57741,1863
57742,1865
57743,1863
57744,1852
57745,1851
57746,1856
57747,1882
57748,1893
57749,1871
57750,1846
57751,1835
57752,1830
57753,1835
57754,1840
57755,1846
57756,1850
57757,1855
57758,1871
57759,1872
57760,1875
57761,1872
57762,1871
57763,1875
57764,1895
57765,1895
57766,1871
57767,1856
57768,1841
57769,1837
57770,1835
57771,1840
57772,1851
57773,1854
57774,1854
57775,1862
57776,1866
57777,1861
57778,1862
57779,1863
57780,1885
57781,1903
57782,1888
57783,1867
57784,1851
57785,1835
57786,1827
57787,1837
57788,1845
57789,1854
57790,1856
57791,1862
57792,1873
57793,1879
57794,1874
57795,1872
57796,1871
57797,1892
57798,1902
57799,1881
57800,1865
57801,1853
57802,1839
57803,1837
57804,1840
57805,1840
57806,1839
57807,1830
57808,1850
57809,1872
57810,1877
57811,1877
57812,1874
57813,1885
57814,1901
57815,1887
57816,1859
57817,1841
57818,1828
57819,1831
57820,1837
57821,1840
57822,1847
57823,1852
57824,1862
57825,1873
57826,1882
57827,1872
57828,1867
57829,1856
57830,1874
57831,1894
57832,1872
57833,1854
57834,1839
57835,1828
57836,1821
57837,1830
57838,1840
57839,1845
57840,1846
57841,1856
57842,1869
57843,1879
57844,1872
57845,1868
57846,1866
57847,1886
57848,1899
57849,1872
57850,1858
57851,1843
57852,1835
57853,1835
57854,1840
57855,1851
57856,1859
57857,1862
57858,1871
57859,1881
57860,1889
57861,1888
57862,1889
57863,1900
57864,1909
57865,1904
57866,1863
57867,1845
57868,1839
57869,1826
57870,1833
57871,1835
57872,1831
57873,1823
57874,1838
57875,1847
57876,1867
57877,1871
57878,1867
57879,1856
57880,1876
57881,1913
57882,1904
57883,1887
57884,1873
57885,1861
57886,1845
57887,1831
57888,1822
57889,1830
57890,1840
57891,1861
57892,1868
57893,1861
57894,1840
57895,1846
57896,1843
57897,1867
57898,1872
57899,1869
57900,1851
57901,1840
57902,1831
57903,1826
57904,1837
57905,1854
57906,1859
57907,1871
57908,1884
57909,1887
57910,1882
57911,1873
57912,1867
57913,1872
57914,1904
57915,1904
57916,1878
57917,1862
57918,1840
57919,1826
57920,1826
57921,1829
57922,1844
57923,1856
57924,1867
57925,1877
57926,1878
57927,1872
57928,1859
57929,1845
57930,1872
57931,1891
57932,1879
57933,1865
57934,1847
57935,1835
57936,1834
57937,1838
57938,1843
57939,1847
57940,1853
57941,1863
57942,1871
57943,1878
57944,1871
57945,1869
57946,1872
57947,1899
57948,1905
57949,1878
57950,1865
57951,1845
57952,1835
57953,1837
57954,1833
57955,1840
57956,1845
57957,1851
57958,1866
57959,1872
57960,1879
57961,1877
57962,1871
57963,1875
57964,1898
57965,1890
57966,1868
57967,1849
57968,1838
57969,1826
57970,1833
57971,1840
57972,1851
57973,1850
57974,1855
57975,1869
57976,1877
57977,1875
57978,1872
57979,1870
57980,1885
57981,1902
57982,1885
57983,1868
57984,1843
57985,1831
57986,1829
57987,1834
57988,1840
57989,1841
57990,1846
57991,1859
57992,1871
57993,1879
57994,1872
57995,1872
57996,1871
57997,1894
57998,1902
57999,1876
58000,1859
58001,1845
58002,1831
58003,1831
58004,1837
58005,1841
58006,758
58007,1531
58008,1985
58009,2097
58010,2115
58011,2126
58012,2139
58013,2112
58014,2023
58015,1933
58016,1799
58017,1686
58018,1699
58019,1744
58020,1767
58021,1782
58022,1799
58023,1823
58024,1860
58025,1899
58026,1942
58027,1981
58028,2006
58029,1997
58030,1984
58031,1941
58032,1865
58033,1799
58034,1775
58035,1745
58036,1741
58037,2672
58038,1035
58039,1820
58040,2001
58041,2073
58042,2099
58043,2135
58044,2106
58045,2019
58046,1953
58047,1854
58048,1771
58049,1766
58050,1759
58051,1744
58052,1763
58053,1783
58054,1815
58055,1856
58056,1899
58057,1941
58058,1986
58059,2000
58060,1984
58061,1935
58062,1863
58063,1825
58064,1810
58065,1792
58066,1778
58067,1776
58068,1871
58069,613
58070,1728
58071,1984
58072,2058
58073,2069
58074,2096
58075,2103
58076,2059
58077,2000
58078,1818
58079,1762
58080,1805
58081,1829
58082,1813
58083,1814
58084,1826
58085,1839
58086,1859
58087,1902
58088,1948
58089,1982
58090,1979
58091,1955
58092,1901
58093,1845
58094,1796
58095,1769
58096,1769
58097,1808
58098,1832
58099,1827
58100,433
58101,1570
58102,1933
58103,2017
58104,2032
58105,2071
58106,2080
58107,2032
58108,2004
58109,1840
58110,1783
58111,1797
58112,1813
58113,1839
58114,1876
58115,1899
58116,1898
58117,1910
58118,1933
58119,1968
58120,2000
58121,1989
58122,1938
58123,1861
58124,1798
58125,1759
58126,1744
58127,1755
58128,1776
58129,1797
58130,1831
58131,1484
58132,1300
58133,1907
58134,2010
58135,2030
58136,2039
58137,2043
58138,2007
58139,1966
58140,1837
58141,1793
58142,1830
58143,1863
58144,1861
58145,1872
58146,1889
58147,1932
58148,1953
58149,1966
58150,1979
58151,1985
58152,1959
58153,1904
58154,1826
58155,1782
58156,1760
58157,1751
58158,1775
58159,1793
58160,1815
58161,1825
58162,2928
58163,905
58164,1871
58165,2022
58166,2032
58167,2018
58168,1990
58169,1936
58170,1914
58171,1856
58172,1874
58173,1923
58174,1922
58175,1903
58176,1903
58177,1904
58178,1908
58179,1920
58180,1973
58181,2032
58182,2034
58183,1991
58184,1907
58185,1811
58186,1763
58187,1733
58188,1715
58189,1731
58190,1763
58191,1803
58192,1830
58193,1846
58194,327
58195,1682
58196,1984
58197,2066
58198,2080
58199,2057
58200,1983
58201,1932
58202,1872
58203,1874
58204,1906
58205,1910
58206,1887
58207,1883
58208,1898
58209,1911
58210,1934
58211,1955
58212,2007
58213,2043
58214,2033
58215,1967
58216,1839
58217,1771
58218,1744
58219,1717
58220,1723
58221,1744
58222,1779
58223,1804
58224,1818
58225,678
58226,1413
58227,1966
58228,2064
58229,2071
58230,2082
58231,2058
58232,1974
58233,1906
58234,1863
58235,1895
58236,1901
58237,1872
58238,1867
58239,1872
58240,1888
58241,1917
58242,1943
58243,1983
58244,2004
58245,1998
58246,1945
58247,1883
58248,1838
58249,1794
58250,1759
58251,1734
58252,1730
58253,1754
58254,1778
58255,1806
58256,2165
58257,985
58258,1904
58259,2089
58260,2135
58261,2160
58262,2111
58263,2029
58264,2007
58265,1889
58266,1857
58267,1827
58268,1803
58269,1799
58270,1814
58271,1841
58272,1873
58273,1904
58274,1944
58275,1990
58276,2006
58277,1978
58278,1888
58279,1836
58280,1823
58281,1824
58282,1807
58283,1776
58284,1761
58285,1766
58286,1778
58287,2096
58288,477
58289,1774
58290,2039
58291,2118
58292,2162
58293,2142
58294,2010
58295,1984
58296,1855
58297,1870
58298,1883
58299,1861
58300,1855
58301,1850
58302,1840
58303,1857
58304,1888
58305,1922
58306,1958
58307,1969
58308,1953
58309,1889
58310,1840
58311,1811
58312,1798
58313,1805
58314,1821
58315,1825
58316,1819
58317,1813
58318,1810
58319,226
58320,1614
58321,2005
58322,2105
58323,2158
58324,2155
58325,2005
58326,1969
58327,1842
58328,1831
58329,1850
58330,1890
58331,1913
58332,1899
58333,1881
58334,1878
58335,1882
58336,1904
58337,1933
58338,1951
58339,1936
58340,1876
58341,1837
58342,1824
58343,1826
58344,1807
58345,1802
58346,1799
58347,1834
58348,1854
58349,1840
58350,1035
58351,1243
58352,1910
58353,2053
58354,2112
58355,2151
58356,2019
58357,1962
58358,1872
58359,1826
58360,1858
58361,1883
58362,1899
58363,1907
58364,1929
58365,1923
58366,1910
58367,1906
58368,1915
58369,1920
58370,1915
58371,1883
58372,1846
58373,1824
58374,1808
58375,1808
58376,1794
58377,1777
58378,1791
58379,1822
58380,1858
58381,2902
58382,831
58383,1877
58384,2074
58385,2128
58386,2171
58387,2071
58388,1957
58389,1886
58390,1799
58391,1819
58392,1867
58393,1881
58394,1886
58395,1890
58396,1898
58397,1931
58398,1951
58399,1953
58400,1947
58401,1929
58402,1877
58403,1835
58404,1812
58405,1808
58406,1802
58407,1790
58408,1790
58409,1808
58410,1829
58411,1835
58412,1951
58413,411
58414,1791
58415,2089
58416,2160
58417,2198
58418,2099
58419,1935
58420,1900
58421,1783
58422,1803
58423,1847
58424,1867
58425,1881
58426,1893
58427,1894
58428,1904
58429,1907
58430,1945
58431,1983
58432,1967
58433,1911
58434,1847
58435,1811
58436,1791
58437,1791
58438,1785
58439,1779
58440,1782
58441,1808
58442,1821
58443,1849
58444,470
58445,1489
58446,2013
58447,2164
58448,2240
58449,2175
58450,1968
58451,1893
58452,1777
58453,1787
58454,1849
58455,1876
58456,1875
58457,1885
58458,1901
58459,1907
58460,1921
58461,1934
58462,1954
58463,1975
58464,1977
58465,1913
58466,1852
58467,1812
58468,1790
58469,1765
58470,1744
58471,1751
58472,1779
58473,1808
58474,1839
58475,1721
58476,1119
58477,1954
58478,2134
58479,2207
58480,2235
58481,2075
58482,1957
58483,1822
58484,1774
58485,1824
58486,1856
58487,1865
58488,1874
58489,1875
58490,1880
58491,1895
58492,1909
58493,1936
58494,1931
58495,1922
58496,1891
58497,1890
58498,1894
58499,1862
58500,1827
58501,1782
58502,1759
58503,1765
58504,1787
58505,1809
58506,2419
58507,591
58508,1825
58509,2107
58510,2202
58511,2240
58512,2104
58513,1941
58514,1887
58515,1815
58516,1839
58517,1872
58518,1863
58519,1853
58520,1856
58521,1863
58522,1872
58523,1883
58524,1899
58525,1926
58526,1932
58527,1903
58528,1873
58529,1867
58530,1872
58531,1882
58532,1847
58533,1806
58534,1785
58535,1786
58536,1793
58537,1808
58538,225
58539,1635
58540,2038
58541,2177
58542,2245
58543,2163
58544,1966
58545,1895
58546,1776
58547,1839
58548,1902
58549,1901
58550,1885
58551,1872
58552,1854
58553,1857
58554,1866
58555,1886
58556,1906
58557,1909
58558,1906
58559,1875
58560,1872
58561,1862
58562,1856
58563,1842
58564,1842
58565,1835
58566,1814
58567,1808
58568,1808
58569,785
58570,1328
58571,1967
58572,2129
58573,2206
58574,2187
58575,1984
58576,1905
58577,1790
58578,1815
58579,1887
58580,1926
58581,1936
58582,1918
58583,1891
58584,1871
58585,1858
58586,1870
58587,1892
58588,1907
58589,1904
58590,1875
58591,1871
58592,1862
58593,1853
58594,1835
58595,1809
58596,1802
58597,1833
58598,1855
58599,1842
58600,2602
58601,880
58602,1869
58603,2083
58604,2165
58605,2193
58606,1996
58607,1882
58608,1794
58609,1793
58610,1892
58611,1933
58612,1925
58613,1927
58614,1931
58615,1918
58616,1897
58617,1883
58618,1887
58619,1891
58620,1887
58621,1866
58622,1850
58623,1845
58624,1843
58625,1851
58626,1836
58627,1809
58628,1814
58629,1829
58630,1856
58631,1879
58632,1872
58633,1857
58634,1843
58635,1836
58636,1836
58637,1839
58638,1851
58639,1856
58640,1862
58641,1872
58642,1886
58643,1892
58644,1873
58645,1875
58646,1876
58647,1898
58648,1902
58649,1873
58650,1844
58651,1828
58652,1817
58653,1829
58654,1839
58655,1847
58656,1851
58657,1855
58658,1872
58659,1875
58660,1875
58661,1871
58662,1871
58663,1881
58664,1903
58665,1901
58666,1873
58667,1852
58668,1840
58669,1831
58670,1839
58671,1847
58672,1852
58673,1853
58674,1856
58675,1868
58676,1873
58677,1872
58678,1863
58679,1863
58680,1878
58681,1903
58682,1885
58683,1867
58684,1851
58685,1840
58686,1840
58687,1842
58688,1855
58689,1867
58690,1874
58691,1881
58692,1877
58693,1878
58694,1862
58695,1846
58696,1853
58697,1877
58698,1883
58699,1866
58700,1861
58701,1855
58702,1842
58703,1843
58704,1840
58705,1843
58706,1840
58707,1838
58708,1854
58709,1873
58710,1887
58711,1877
58712,1870
58713,1877
58714,1897
58715,1894
58716,1863
58717,1842
58718,1835
58719,1829
58720,1840
58721,1845
58722,1850
58723,1852
58724,1855
58725,1857
58726,1857
58727,1861
58728,1869
58729,1862
58730,1883
58731,1899
58732,1882
58733,1859
58734,1840
58735,1826
58736,1827
58737,1831
58738,1841
58739,1842
58740,1843
58741,1856
58742,1865
58743,1877
58744,1872
58745,1872
58746,1872
58747,1891
58748,1899
58749,1874
58750,1856
58751,1840
58752,1829
58753,1834
58754,1840
58755,1847
58756,1850
58757,1856
58758,1865
58759,1871
58760,1872
58761,1871
58762,1871
58763,1877
58764,1893
58765,1887
58766,1861
58767,1843
58768,1835
58769,1831
58770,1835
58771,1840
58772,1852
58773,1854
58774,1858
58775,1867
58776,1875
58777,1871
58778,1866
58779,1861
58780,1877
58781,1899
58782,1879
58783,1861
58784,1845
58785,1835
58786,1830
58787,1837
58788,1842
58789,1849
58790,1853
58791,1861
58792,1869
58793,1877
58794,1862
58795,1862
58796,1863
58797,1882
58798,1890
58799,1871
58800,1855
58801,1841
58802,1839
58803,1840
58804,1850
58805,1867
58806,1870
58807,1867
58808,1867
58809,1863
58810,1857
58811,1838
58812,1829
58813,1851
58814,1879
58815,1883
58816,1871
58817,1856
58818,1840
58819,1831
58820,1830
58821,1845
58822,1854
58823,1859
58824,1858
58825,1870
58826,1872
58827,1862
58828,1858
58829,1857
58830,1875
58831,1898
58832,1862
58833,1855
58834,1841
58835,1833
58836,1827
58837,1838
58838,1842
58839,1846
58840,1846
58841,1858
58842,1867
58843,1872
58844,1872
58845,1872
58846,1872
58847,1895
58848,1900
58849,1875
58850,1856
58851,1836
58852,1823
58853,1834
58854,1838
58855,1843
58856,1846
58857,1851
58858,1861
58859,1861
58860,1868
58861,1869
58862,1870
58863,1872
58864,1895
58865,1895
58866,1873
58867,1856
58868,1840
58869,1827
58870,1830
58871,1841
58872,1850
58873,1855
58874,1866
58875,1873
58876,1887
58877,1874
58878,1875
58879,1869
58880,1878
58881,1904
58882,1890
58883,1873
58884,1840
58885,1831
58886,1829
58887,1819
58888,1821
58889,1839
58890,1851
58891,1868
58892,1871
58893,1875
58894,1874
58895,1872
58896,1870
58897,1895
58898,1903
58899,1887
58900,1867
58901,1853
58902,1826
58903,1822
58904,1819
58905,1830
58906,1839
58907,1840
58908,1861
58909,1872
58910,1876
58911,1874
58912,1874
58913,1887
58914,1899
58915,1889
58916,1841
58917,1823
58918,1824
58919,1831
58920,1835
58921,1840
58922,1843
58923,1849
58924,1856
58925,1866
58926,1872
58927,1872
58928,1871
58929,1865
58930,1883
58931,1897
58932,1885
58933,1868
58934,1852
58935,1840
58936,1839
58937,1839
58938,1845
58939,1850
58940,1851
58941,1861
58942,1869
58943,1875
58944,1870
58945,1868
58946,1866
58947,1883
58948,1891
58949,1872
58950,1854
58951,1838
58952,1838
58953,1833
58954,1834
58955,1841
58956,1850
58957,1854
58958,1869
58959,1872
58960,1873
58961,1872
58962,1872
58963,1872
58964,1891
58965,1890
58966,1873
58967,1856
58968,1840
58969,1831
58970,1838
58971,1841
58972,1845
58973,1851
58974,1851
58975,1864
58976,1871
58977,1865
58978,1867
58979,1867
58980,1887
58981,1899
58982,1887
58983,1872
58984,1855
58985,1841
58986,1840
58987,1840
58988,1846
58989,1849
58990,1855
58991,1866
58992,1870
58993,1872
58994,1870
58995,1871
58996,1871
58997,1885
58998,1893
58999,1873
59000,1866
59001,1855
59002,1839
59003,1840
59004,1838
59005,1845
59006,1851
59007,1847
59008,1850
59009,1860
59010,1872
59011,1871
59012,1872
59013,1872
59014,1895
59015,1891
59016,1873
59017,1858
59018,1846
59019,1840
59020,1835
59021,1839
59022,1849
59023,1851
59024,1857
59025,1865
59026,1872
59027,1869
59028,1869
59029,1862
59030,1879
59031,1890
59032,1878
59033,1858
59034,1842
59035,1833
59036,1825
59037,1829
59038,1841
59039,1845
59040,1843
59041,1853
59042,1866
59043,1872
59044,1869
59045,1868
59046,1871
59047,1889
59048,1898
59049,1879
59050,1868
59051,1855
59052,1840
59053,1840
59054,1840
59055,1847
59056,1840
59057,1840
59058,1859
59059,1871
59060,1875
59061,1865
59062,1856
59063,1872
59064,1888
59065,1884
59066,1861
59067,1843
59068,1834
59069,1827
59070,1831
59071,1840
59072,1843
59073,1849
59074,1857
59075,1867
59076,1873
59077,1872
59078,1867
59079,1865
59080,1878
59081,1899
59082,1884
59083,1866
59084,1844
59085,1838
59086,1839
59087,1841
59088,1847
59089,1851
59090,1849
59091,1855
59092,1860
59093,1870
59094,1858
59095,1857
59096,1861
59097,1883
59098,1891
59099,1876
59100,1859
59101,1843
59102,1835
59103,1836
59104,1838
59105,1846
59106,1846
59107,1851
59108,1867
59109,1871
59110,1874
59111,1871
59112,1869
59113,1876
59114,1897
59115,1889
59116,1872
59117,1855
59118,1841
59119,1828
59120,1828
59121,1838
59122,1840
59123,1842
59124,1852
59125,1859
59126,1867
59127,1864
59128,1867
59129,1862
59130,1873
59131,1904
59132,1890
59133,1870
59134,1853
59135,1840
59136,1837
59137,1839
59138,1840
59139,1842
59140,1850
59141,1865
59142,1871
59143,1874
59144,1872
59145,1871
59146,1871
59147,1894
59148,1895
59149,1872
59150,1859
59151,1843
59152,1836
59153,1836
59154,1830
59155,1840
59156,1841
59157,1849
59158,1863
59159,1871
59160,1879
59161,1873
59162,1872
59163,1877
59164,1898
59165,1895
59166,1874
59167,1857
59168,1840
59169,1826
59170,1834
59171,1839
59172,1843
59173,1847
59174,1859
59175,1872
59176,1886
59177,1882
59178,1881
59179,1879
59180,1890
59181,1903
59182,1879
59183,1855
59184,1839
59185,1833
59186,1827
59187,1831
59188,1846
59189,1859
59190,1862
59191,1854
59192,1841
59193,1849
59194,1847
59195,1861
59196,1873
59197,1889
59198,1894
59199,1875
59200,1861
59201,1843
59202,1836
59203,1835
59204,1839
59205,1846
59206,1851
59207,1856
59208,1869
59209,1878
59210,1884
59211,1877
59212,1873
59213,1881
59214,1892
59215,1887
59216,1862
59217,1843
59218,1827
59219,1823
59220,1837
59221,1842
59222,1845
59223,1847
59224,1846
59225,1864
59226,1883
59227,1881
59228,1885
59229,1875
59230,1899
59231,1906
59232,1877
59233,1842
59234,1822
59235,1823
59236,1830
59237,1836
59238,1852
59239,1857
59240,1856
59241,1862
59242,1863
59243,1872
59244,1861
59245,1856
59246,1867
59247,1900
59248,1914
59249,1887
59250,1863
59251,1836
59252,1815
59253,1815
59254,1825
59255,1835
59256,1842
59257,1847
59258,1857
59259,1866
59260,1873
59261,1872
59262,1872
59263,1881
59264,1901
59265,1890
59266,1870
59267,1853
59268,1840
59269,1833
59270,1837
59271,1842
59272,1851
59273,1857
59274,1858
59275,1866
59276,1872
59277,1873
59278,1867
59279,1883
59280,1917
59281,1931
59282,1910
59283,1887
59284,1850
59285,1815
59286,1806
59287,1794
59288,1813
59289,1834
59290,1840
59291,1853
59292,1865
59293,1875
59294,1874
59295,1872
59296,1873
59297,1901
59298,1904
59299,1883
59300,1859
59301,1842
59302,1833
59303,1834
59304,1836
59305,1846
59306,1847
59307,1856
59308,1870
59309,1875
59310,1878
59311,1879
59312,1874
59313,1882
59314,1896
59315,1885
59316,1866
59317,1853
59318,1840
59319,1834
59320,1831
59321,1840
59322,1843
59323,1841
59324,1851
59325,1863
59326,1872
59327,1872
59328,1875
59329,1869
59330,1887
59331,1903
59332,1885
59333,1866
59334,1850
59335,1829
59336,1817
59337,1825
59338,1838
59339,1842
59340,1845
59341,1857
59342,1871
59343,1878
59344,1872
59345,1872
59346,1872
59347,1894
59348,1903
59349,1879
59350,1859
59351,1846
59352,1834
59353,1836
59354,1840
59355,1853
59356,1857
59357,1861
59358,1878
59359,1886
59360,1887
59361,1877
59362,1874
59363,1883
59364,1888
59365,1879
59366,1855
59367,1825
59368,1806
59369,1819
59370,1829
59371,1839
59372,1847
59373,1849
59374,1860
59375,1870
59376,1878
59377,1879
59378,1873
59379,1867
59380,1887
59381,1904
59382,1885
59383,1865
59384,1847
59385,1837
59386,1830
59387,1837
59388,1844
59389,1850
59390,1855
59391,1862
59392,1872
59393,1874
59394,1867
59395,1869
59396,1870
59397,1889
59398,1894
59399,1875
59400,1862
59401,1845
59402,1834
59403,1835
59404,1840
59405,1847
59406,1852
59407,1856
59408,1866
59409,1872
59410,1873
59411,1870
59412,1867
59413,1873
59414,1903
59415,1901
59416,1877
59417,1856
59418,1839
59419,1826
59420,1824
59421,1833
59422,1840
59423,1845
59424,1856
59425,1872
59426,1883
59427,1883
59428,1875
59429,1858
59430,1872
59431,1895
59432,1875
59433,1859
59434,1846
59435,1841
59436,1840
59437,1840
59438,1846
59439,1851
59440,1850
59441,1857
59442,1863
59443,1859
59444,1858
59445,1868
59446,1872
59447,1893
59448,1901
59449,1874
59450,1858
59451,1846
59452,1837
59453,1837
59454,1837
59455,1843
59456,1847
59457,1850
59458,1867
59459,1871
59460,1875
59461,1873
59462,1872
59463,1879
59464,1898
59465,1892
59466,1872
59467,1856
59468,1843
59469,1837
59470,1838
59471,1845
59472,1851
59473,1854
59474,1858
59475,1871
59476,1877
59477,1874
59478,1877
59479,1872
59480,1887
59481,1903
59482,1878
59483,1859
59484,1840
59485,1829
59486,1827
59487,1827
59488,1839
59489,1852
59490,1855
59491,1869
59492,1872
59493,1876
59494,1872
59495,1872
59496,1872
59497,1894
59498,1901
59499,1874
59500,1859
59501,1843
59502,1834
59503,1837
59504,1840
59505,1849
59506,1856
59507,1857
59508,1869
59509,1869
59510,1873
59511,1872
59512,1871
59513,1878
59514,1895
59515,1887
59516,1863
59517,1843
59518,1835
59519,1831
59520,1834
59521,1840
59522,1853
59523,1856
59524,1872
59525,1883
59526,1891
59527,1873
59528,1863
59529,1853
59530,1873
59531,1895
59532,1878
59533,1856
59534,1842
59535,1836
59536,1834
59537,1835
59538,1842
59539,1842
59540,1843
59541,1859
59542,1869
59543,1874
59544,1866
59545,1867
59546,1867
59547,1889
59548,1893
59549,1871
59550,1851
59551,1838
59552,1827
59553,1830
59554,1840
59555,1846
59556,1851
59557,1853
59558,1865
59559,1871
59560,1870
59561,1869
59562,1872
59563,1882
59564,1903
59565,1895
59566,1871
59567,1854
59568,1840
59569,1837
59570,1839
59571,1843
59572,1853
59573,1853
59574,1854
59575,1864
59576,1871
59577,1865
59578,1867
59579,1870
59580,1888
59581,1900
59582,1878
59583,1862
59584,1846
59585,1837
59586,1833
59587,1836
59588,1841
59589,1849
59590,1850
59591,1862
59592,1869
59593,1875
59594,1870
59595,1872
59596,1872
59597,1899
59598,1904
59599,1878
59600,1861
59601,1852
59602,1840
59603,1837
59604,1835
59605,1839
59606,1837
59607,1836
59608,1842
59609,1859
59610,1870
59611,1870
59612,1871
59613,1879
59614,1901
59615,1890
59616,1870
59617,1851
59618,1841
59619,1831
59620,1833
59621,1837
59622,1843
59623,1850
59624,1860
59625,1868
59626,1874
59627,1872
59628,1872
59629,1869
59630,1880
59631,1893
59632,2426
59633,1340
59634,1887
59635,1981
59636,2005
59637,2043
59638,2091
59639,2096
59640,2021
59641,1963
59642,1858
59643,1725
59644,1712
59645,1776
59646,1798
59647,1830
59648,1849
59649,1824
59650,1819
59651,1841
59652,1872
59653,1911
59654,1962
59655,1984
59656,1968
59657,1936
59658,1903
59659,1839
59660,1791
59661,1775
59662,1763
59663,2257
59664,997
59665,1804
59666,1967
59667,2007
59668,2031
59669,2064
59670,2029
59671,1936
59672,1877
59673,1783
59674,1721
59675,1776
59676,1824
59677,1818
59678,1829
59679,1842
59680,1882
59681,1913
59682,1923
59683,1950
59684,1974
59685,1974
59686,1951
59687,1914
59688,1856
59689,1801
59690,1766
59691,1749
59692,1765
59693,1778
59694,1785
59695,607
59696,1656
59697,1973
59698,2083
59699,2101
59700,2107
59701,2075
59702,1970
59703,1907
59704,1820
59705,1712
59706,1776
59707,1793
59708,1804
59709,1827
59710,1850
59711,1873
59712,1905
59713,1957
59714,2014
59715,2043
59716,2019
59717,1968
59718,1898
59719,1802
59720,1742
59721,1715
59722,1715
59723,1735
59724,1761
59725,1790
59726,1237
59727,1449
59728,1908
59729,2013
59730,2072
59731,2124
59732,2111
59733,2010
59734,1967
59735,1840
59736,1733
59737,1804
59738,1819
59739,1821
59740,1832
59741,1840
59742,1876
59743,1921
59744,1963
59745,2003
59746,2037
59747,2047
59748,2000
59749,1899
59750,1798
59751,1738
59752,1703
59753,1706
59754,1722
59755,1749
59756,1777
59757,2763
59758,1199
59759,1856
59760,1996
59761,2038
59762,2064
59763,2086
59764,2031
59765,1993
59766,1906
59767,1815
59768,1813
59769,1794
59770,1802
59771,1835
59772,1867
59773,1904
59774,1938
59775,1985
59776,2031
59777,2045
59778,2013
59779,1943
59780,1868
59781,1813
59782,1762
59783,1734
59784,1713
59785,1722
59786,1744
59787,1772
59788,1831
59789,797
59790,1762
59791,1953
59792,2001
59793,2023
59794,2030
59795,1962
59796,1935
59797,1921
59798,1904
59799,1922
59800,1902
59801,1870
59802,1859
59803,1870
59804,1898
59805,1927
59806,1967
59807,2000
59808,2022
59809,2000
59810,1933
59811,1836
59812,1776
59813,1760
59814,1776
59815,1775
59816,1767
59817,1771
59818,1777
59819,1797
59820,641
59821,1590
59822,1919
59823,1993
59824,2018
59825,2057
59826,2002
59827,1954
59828,1907
59829,1859
59830,1933
59831,1939
59832,1909
59833,1894
59834,1883
59835,1872
59836,1892
59837,1938
59838,1989
59839,2013
59840,1993
59841,1930
59842,1839
59843,1787
59844,1744
59845,1744
59846,1774
59847,1797
59848,1811
59849,1809
59850,1808
59851,1969
59852,1275
59853,1860
59854,1975
59855,2000
59856,2021
59857,1999
59858,1958
59859,1923
59860,1840
59861,1887
59862,1895
59863,1903
59864,1936
59865,1938
59866,1935
59867,1937
59868,1958
59869,1980
59870,1991
59871,1968
59872,1904
59873,1817
59874,1762
59875,1744
59876,1744
59877,1748
59878,1765
59879,1793
59880,1831
59881,1862
59882,2335
59883,866
59884,1811
59885,1979
59886,2032
59887,2055
59888,2034
59889,1967
59890,1927
59891,1809
59892,1854
59893,1886
59894,1877
59895,1884
59896,1902
59897,1938
59898,1969
59899,1974
59900,1991
59901,1995
59902,1964
59903,1904
59904,1827
59905,1776
59906,1745
59907,1740
59908,1753
59909,1770
59910,1779
59911,1800
59912,1814
59913,1843
59914,469
59915,1709
59916,1990
59917,2047
59918,2059
59919,2039
59920,1953
59921,1919
59922,1782
59923,1825
59924,1889
59925,1902
59926,1910
59927,1909
59928,1923
59929,1933
59930,1974
59931,2016
59932,2027
59933,2000
59934,1936
59935,1840
59936,1776
59937,1739
59938,1728
59939,1728
59940,1727
59941,1753
59942,1789
59943,1838
59944,1840
59945,720
59946,1482
59947,1987
59948,2094
59949,2098
59950,2078
59951,1967
59952,1906
59953,1770
59954,1827
59955,1898
59956,1903
59957,1901
59958,1908
59959,1921
59960,1936
59961,1954
59962,1979
59963,2026
59964,2054
59965,2000
59966,1889
59967,1794
59968,1734
59969,1723
59970,1723
59971,1734
59972,1751
59973,1782
59974,1811
59975,1840
59976,2756
59977,1005
59978,1890
59979,2043
59980,2102
59981,2115
59982,2013
59983,1917
59984,1841
59985,1855
59986,1918
59987,1908
59988,1893
59989,1894
59990,1903
59991,1919
59992,1940
59993,1968
59994,1984
59995,1994
59996,1968
59997,1922
59998,1863
59999,1808
60000,1773
60001,1749
60002,1739
60003,1739
60004,1763
60005,1794
60006,1815
60007,2074
60008,565
60009,1799
60010,2039
60011,2099
60012,2096
60013,2029
60014,1930
60015,1876
60016,1872
60017,1951
60018,1930
60019,1900
60020,1893
60021,1897
60022,1902
60023,1911
60024,1925
60025,1957
60026,1978
60027,1955
60028,1906
60029,1847
60030,1831
60031,1840
60032,1812
60033,1776
60034,1744
60035,1743
60036,1764
60037,1791
60038,1819
60039,368
60040,1535
60041,2000
60042,2106
60043,2132
60044,2096
60045,1915
60046,1855
60047,1857
60048,1975
60049,1989
60050,1937
60051,1901
60052,1878
60053,1872
60054,1875
60055,1892
60056,1907
60057,1923
60058,1930
60059,1917
60060,1883
60061,1856
60062,1840
60063,1840
60064,1849
60065,1820
60066,1787
60067,1786
60068,1792
60069,1801
60070,1458
60071,1179
60072,1918
60073,2062
60074,2115
60075,2133
60076,1949
60077,1875
60078,1853
60079,1936
60080,1987
60081,1981
60082,1941
60083,1919
60084,1893
60085,1875
60086,1875
60087,1891
60088,1909
60089,1916
60090,1904
60091,1884
60092,1863
60093,1854
60094,1835
60095,1826
60096,1815
60097,1818
60098,1821
60099,1817
60100,1816
60101,2660
60102,676
60103,1809
60104,2038
60105,2124
60106,2162
60107,1990
60108,1872
60109,1824
60110,1897
60111,1970
60112,1946
60113,1931
60114,1933
60115,1929
60116,1904
60117,1887
60118,1887
60119,1899
60120,1906
60121,1904
60122,1883
60123,1856
60124,1846
60125,1841
60126,1840
60127,1807
60128,1771
60129,1766
60130,1819
60131,1856
60132,1856
60133,271
60134,1670
60135,2011
60136,2107
60137,2165
60138,2047
60139,1870
60140,1807
60141,1865
60142,1970
60143,1966
60144,1905
60145,1895
60146,1899
60147,1923
60148,1934
60149,1917
60150,1907
60151,1903
60152,1889
60153,1875
60154,1846
60155,1835
60156,1827
60157,1827
60158,1821
60159,1795
60160,1789
60161,1803
60162,1820
60163,1853
60164,511
60165,1502
60166,2005
60167,2119
60168,2175
60169,2099
60170,1895
60171,1834
60172,1810
60173,1926
60174,1938
60175,1907
60176,1905
60177,1903
60178,1899
60179,1901
60180,1922
60181,1946
60182,1943
60183,1930
60184,1903
60185,1854
60186,1837
60187,1829
60188,1825
60189,1808
60190,1774
60191,1762
60192,1786
60193,1823
60194,1840
60195,2341
60196,992
60197,1936
60198,2135
60199,2193
60200,2187
60201,1942
60202,1847
60203,1778
60204,1890
60205,1921
60206,1889
60207,1883
60208,1902
60209,1914
60210,1911
60211,1905
60212,1915
60213,1937
60214,1955
60215,1941
60216,1904
60217,1859
60218,1834
60219,1815
60220,1792
60221,1765
60222,1754
60223,1770
60224,1801
60225,1829
60226,2079
60227,511
60228,1806
60229,2064
60230,2166
60231,2226
60232,2026
60233,1874
60234,1785
60235,1870
60236,1936
60237,1915
60238,1885
60239,1888
60240,1887
60241,1893
60242,1894
60243,1910
60244,1915
60245,1919
60246,1918
60247,1923
60248,1909
60249,1885
60250,1853
60251,1827
60252,1785
60253,1750
60254,1746
60255,1776
60256,1807
60257,1827
60258,1850
60259,1866
60260,1873
60261,1872
60262,1872
60263,1891
60264,1904
60265,1890
60266,1872
60267,1857
60268,1843
60269,1842
60270,1845
60271,1856
60272,1858
60273,1857
60274,1863
60275,1877
60276,1882
60277,1875
60278,1874
60279,1872
60280,1887
60281,1898
60282,1878
60283,1867
60284,1853
60285,1840
60286,1837
60287,1840
60288,1846
60289,1851
60290,1853
60291,1866
60292,1869
60293,1872
60294,1863
60295,1866
60296,1869
60297,1887
60298,1893
60299,1875
60300,1856
60301,1847
60302,1838
60303,1838
60304,1846
60305,1850
60306,1849
60307,1854
60308,1866
60309,1872
60310,1872
60311,1863
60312,1868
60313,1886
60314,1904
60315,1898
60316,1866
60317,1847
60318,1833
60319,1834
60320,1840
60321,1840
60322,1840
60323,1842
60324,1849
60325,1861
60326,1866
60327,1861
60328,1863
60329,1856
60330,1872
60331,1902
60332,1882
60333,1868
60334,1847
60335,1839
60336,1833
60337,1835
60338,1838
60339,1845
60340,1857
60341,1871
60342,1870
60343,1872
60344,1861
60345,1863
60346,1869
60347,1887
60348,1893
60349,1871
60350,1851
60351,1842
60352,1837
60353,1834
60354,1829
60355,1840
60356,1842
60357,1851
60358,1863
60359,1871
60360,1874
60361,1874
60362,1870
60363,1878
60364,1898
60365,1884
60366,1863
60367,1851
60368,1840
60369,1829
60370,1835
60371,1841
60372,1845
60373,1851
60374,1862
60375,1871
60376,1882
60377,1875
60378,1871
60379,1864
60380,1886
60381,1885
60382,1870
60383,1854
60384,1840
60385,1834
60386,1837
60387,1840
60388,1840
60389,1840
60390,1830
60391,1845
60392,1861
60393,1872
60394,1871
60395,1868
60396,1872
60397,1885
60398,1886
60399,1870
60400,1851
60401,1840
60402,1827
60403,1831
60404,1840
60405,1843
60406,1848
60407,1851
60408,1859
60409,1870
60410,1872
60411,1872
60412,1870
60413,1875
60414,1885
60415,1874
60416,1855
60417,1840
60418,1830
60419,1833
60420,1838
60421,1842
60422,1845
60423,1846
60424,1853
60425,1861
60426,1872
60427,1869
60428,1867
60429,1858
60430,1885
60431,1903
60432,1885
60433,1866
60434,1845
60435,1830
60436,1815
60437,1827
60438,1839
60439,1842
60440,1847
60441,1861
60442,1872
60443,1877
60444,1866
60445,1861
60446,1866
60447,1887
60448,1890
60449,1872
60450,1857
60451,1842
60452,1832
60453,1834
60454,1843
60455,1850
60456,1847
60457,1855
60458,1865
60459,1871
60460,1862
60461,1861
60462,1867
60463,1887
60464,1904
60465,1899
60466,1871
60467,1841
60468,1830
60469,1827
60470,1829
60471,1838
60472,1845
60473,1850
60474,1855
60475,1869
60476,1885
60477,1879
60478,1871
60479,1861
60480,1872
60481,1879
60482,1862
60483,1857
60484,1842
60485,1830
60486,1826
60487,1827
60488,1837
60489,1841
60490,1847
60491,1866
60492,1871
60493,1874
60494,1870
60495,1869
60496,1869
60497,1890
60498,1898
60499,1872
60500,1856
60501,1840
60502,1838
60503,1840
60504,1838
60505,1843
60506,1840
60507,1841
60508,1856
60509,1867
60510,1872
60511,1875
60512,1883
60513,1901
60514,1907
60515,1901
60516,1872
60517,1840
60518,1814
60519,1811
60520,1815
60521,1824
60522,1837
60523,1851
60524,1857
60525,1866
60526,1874
60527,1872
60528,1872
60529,1866
60530,1886
60531,1898
60532,1875
60533,1850
60534,1837
60535,1823
60536,1825
60537,1833
60538,1841
60539,1843
60540,1846
60541,1859
60542,1871
60543,1877
60544,1872
60545,1871
60546,1872
60547,1895
60548,1901
60549,1873
60550,1856
60551,1843
60552,1838
60553,1835
60554,1835
60555,1843
60556,1849
60557,1855
60558,1869
60559,1875
60560,1876
60561,1872
60562,1872
60563,1882
60564,1893
60565,1885
60566,1867
60567,1843
60568,1833
60569,1827
60570,1831
60571,1840
60572,1842
60573,1846
60574,1866
60575,1872
60576,1873
60577,1867
60578,1858
60579,1865
60580,1879
60581,1893
60582,1878
60583,1856
60584,1839
60585,1827
60586,1826
60587,1833
60588,1841
60589,1843
60590,1846
60591,1861
60592,1872
60593,1877
60594,1862
60595,1863
60596,1866
60597,1885
60598,1893
60599,1872
60600,1858
60601,1842
60602,1826
60603,1823
60604,1834
60605,1846
60606,1851
60607,1852
60608,1869
60609,1873
60610,1872
60611,1870
60612,1867
60613,1877
60614,1894
60615,1888
60616,1867
60617,1853
60618,1827
60619,1827
60620,1830
60621,1840
60622,1847
60623,1851
60624,1852
60625,1856
60626,1871
60627,1862
60628,1865
60629,1860
60630,1878
60631,1899
60632,1879
60633,1862
60634,1844
60635,1833
60636,1835
60637,1839
60638,1843
60639,1851
60640,1848
60641,1860
60642,1868
60643,1872
60644,1871
60645,1871
60646,1873
60647,1897
60648,1895
60649,1871
60650,1857
60651,1845
60652,1830
60653,1833
60654,1829
60655,1835
60656,1840
60657,1845
60658,1861
60659,1866
60660,1863
60661,1872
60662,1870
60663,1883
60664,1904
60665,1894
60666,1867
60667,1850
60668,1840
60669,1829
60670,1835
60671,1841
60672,1843
60673,1847
60674,1855
60675,1867
60676,1873
60677,1871
60678,1869
60679,1870
60680,1888
60681,1901
60682,1879
60683,1859
60684,1840
60685,1826
60686,1822
60687,1827
60688,1839
60689,1850
60690,1854
60691,1862
60692,1871
60693,1879
60694,1872
60695,1873
60696,1881
60697,1903
60698,1898
60699,1872
60700,1854
60701,1844
60702,1833
60703,1833
60704,1836
60705,1840
60706,1847
60707,1856
60708,1867
60709,1872
60710,1872
60711,1870
60712,1870
60713,1881
60714,1891
60715,1883
60716,1861
60717,1845
60718,1836
60719,1829
60720,1831
60721,1840
60722,1851
60723,1851
60724,1866
60725,1872
60726,1875
60727,1872
60728,1867
60729,1859
60730,1889
60731,1904
60732,1883
60733,1859
60734,1846
60735,1839
60736,1831
60737,1840
60738,1843
60739,1847
60740,1853
60741,1861
60742,1869
60743,1874
60744,1861
60745,1865
60746,1872
60747,1897
60748,1900
60749,1872
60750,1845
60751,1831
60752,1827
60753,1835
60754,1840
60755,1849
60756,1853
60757,1861
60758,1872
60759,1875
60760,1872
60761,1863
60762,1863
60763,1878
60764,1899
60765,1890
60766,1869
60767,1849
60768,1841
60769,1830
60770,1830
60771,1840
60772,1851
60773,1847
60774,1855
60775,1863
60776,1869
60777,1866
60778,1865
60779,1870
60780,1889
60781,1903
60782,1886
60783,1862
60784,1842
60785,1833
60786,1834
60787,1835
60788,1843
60789,1846
60790,1851
60791,1862
60792,1873
60793,1875
60794,1870
60795,1872
60796,1872
60797,1893
60798,1895
60799,1872
60800,1856
60801,1839
60802,1830
60803,1829
60804,1834
60805,1840
60806,1841
60807,1845
60808,1857
60809,1874
60810,1874
60811,1872
60812,1869
60813,1879
60814,1899
60815,1892
60816,1872
60817,1855
60818,1833
60819,1834
60820,1831
60821,1831
60822,1842
60823,1846
60824,1857
60825,1872
60826,1875
60827,1872
60828,1870
60829,1859
60830,1885
60831,1897
60832,1872
60833,1853
60834,1840
60835,1831
60836,1827
60837,1830
60838,1840
60839,1843
60840,1837
60841,1856
60842,1869
60843,1875
60844,1871
60845,1872
60846,1872
60847,1897
60848,1897
60849,1872
60850,1856
60851,1841
60852,1830
60853,1833
60854,1840
60855,1847
60856,1850
60857,1857
60858,1871
60859,1872
60860,1872
60861,1873
60862,1872
60863,1882
60864,1888
60865,1882
60866,1865
60867,1843
60868,1831
60869,1833
60870,1837
60871,1844
60872,1850
60873,1846
60874,1856
60875,1865
60876,1874
60877,1873
60878,1874
60879,1874
60880,1893
60881,1903
60882,1879
60883,1858
60884,1843
60885,1829
60886,1830
60887,1835
60888,1843
60889,1850
60890,1855
60891,1866
60892,1869
60893,1875
60894,1867
60895,1869
60896,1872
60897,1893
60898,1893
60899,1872
60900,1850
60901,1840
60902,1830
60903,1834
60904,1840
60905,1849
60906,1850
60907,1850
60908,1862
60909,1872
60910,1872
60911,1870
60912,1872
60913,1883
60914,1901
60915,1888
60916,1870
60917,1853
60918,1840
60919,1826
60920,1828
60921,1831
60922,1837
60923,1840
60924,1855
60925,1863
60926,1869
60927,1870
60928,1867
60929,1863
60930,1879
60931,1903
60932,1879
60933,1859
60934,1842
60935,1834
60936,1833
60937,1837
60938,1842
60939,1847
60940,1847
60941,1863
60942,1870
60943,1874
60944,1878
60945,1872
60946,1872
60947,1898
60948,1904
60949,1873
60950,1854
60951,1840
60952,1831
60953,1834
60954,1831
60955,1839
60956,1842
60957,1851
60958,1863
60959,1869
60960,1878
60961,1872
60962,1867
60963,1879
60964,1903
60965,1887
60966,1866
60967,1849
60968,1840
60969,1829
60970,1835
60971,1843
60972,1851
60973,1850
60974,1858
60975,1869
60976,1879
60977,1875
60978,1875
60979,1878
60980,1898
60981,1903
60982,1875
60983,1862
60984,1838
60985,1824
60986,1822
60987,1827
60988,1833
60989,1843
60990,1851
60991,1865
60992,1872
60993,1876
60994,1874
60995,1872
60996,1875
60997,1899
60998,1899
60999,1870
61000,1849
61001,1834
61002,1827
61003,1831
61004,1840
61005,1846
61006,1853
61007,1856
61008,1870
61009,1875
61010,1872
61011,1872
61012,1872
61013,1885
61014,1890
61015,1883
61016,1861
61017,1843
61018,1831
61019,1831
61020,1833
61021,1840
61022,1847
61023,1851
61024,1861
61025,1870
61026,1876
61027,1873
61028,1872
61029,1866
61030,1892
61031,1904
61032,1881
61033,1860
61034,1841
61035,1829
61036,1829
61037,1838
61038,1846
61039,1849
61040,1854
61041,1863
61042,1872
61043,1877
61044,1866
61045,1866
61046,1869
61047,1892
61048,1893
61049,1870
61050,1853
61051,1840
61052,1827
61053,1831
61054,1840
61055,1843
61056,1846
61057,1855
61058,1865
61059,1871
61060,1873
61061,1872
61062,1869
61063,1878
61064,1903
61065,1892
61066,1872
61067,1850
61068,1837
61069,1827
61070,1837
61071,1841
61072,1847
61073,1850
61074,1854
61075,1866
61076,1873
61077,1872
61078,1869
61079,1863
61080,1873
61081,1884
61082,1877
61083,1862
61084,1846
61085,1838
61086,1834
61087,1835
61088,1843
61089,1845
61090,1844
61091,1862
61092,1868
61093,1872
61094,1872
61095,1871
61096,1874
61097,1899
61098,1904
61099,1882
61100,1865
61101,1843
61102,1831
61103,1833
61104,1835
61105,1836
61106,1838
61107,1845
61108,1861
61109,1882
61110,1875
61111,1875
61112,1872
61113,1885
61114,1895
61115,1879
61116,1862
61117,1852
61118,1838
61119,1830
61120,1833
61121,1837
61122,1844
61123,1851
61124,1861
61125,1870
61126,1875
61127,1871
61128,1871
61129,1867
61130,1891
61131,1903
61132,1875
61133,1858
61134,1838
61135,1822
61136,1824
61137,1829
61138,1839
61139,1840
61140,1843
61141,1854
61142,1870
61143,1882
61144,1872
61145,1871
61146,1877
61147,1898
61148,1897
61149,1875
61150,1855
61151,1840
61152,1828
61153,1830
61154,1837
61155,1845
61156,1847
61157,1856
61158,1867
61159,1877
61160,1873
61161,1872
61162,1871
61163,1883
61164,1897
61165,1887
61166,1862
61167,1845
61168,1831
61169,1834
61170,1837
61171,1843
61172,1847
61173,1852
61174,1860
61175,1871
61176,1876
61177,1875
61178,1872
61179,1867
61180,1887
61181,1902
61182,1883
61183,1866
61184,1850
61185,1834
61186,1834
61187,1838
61188,1846
61189,1846
61190,1843
61191,1861
61192,1869
61193,1875
61194,1862
61195,1866
61196,1870
61197,1894
61198,1895
61199,1877
61200,1862
61201,1847
61202,1834
61203,1833
61204,1834
61205,1843
61206,1851
61207,1858
61208,1874
61209,1879
61210,1877
61211,1874
61212,1871
61213,1881
61214,1887
61215,1865
61216,1851
61217,1850
61218,1835
61219,1817
61220,1825
61221,1831
61222,1840
61223,1842
61224,1853
61225,1862
61226,1872
61227,1867
61228,1871
61229,1865
61230,1887
61231,1904
61232,1886
61233,1863
61234,1849
61235,1839
61236,1839
61237,1845
61238,1847
61239,1849
61240,1845
61241,1862
61242,1867
61243,1873
61244,1867
61245,1869
61246,1877
61247,1899
61248,1899
61249,1873
61250,1859
61251,1840
61252,1830
61253,1837
61254,1834
61255,1842
61256,1843
61257,1847
61258,2597
61259,1137
61260,1881
61261,2023
61262,2069
61263,2122
61264,2172
61265,2152
61266,2066
61267,1967
61268,1846
61269,1680
61270,1659
61271,1732
61272,1750
61273,1761
61274,1789
61275,1815
61276,1843
61277,1869
61278,1905
61279,1952
61280,2018
61281,2054
61282,2002
61283,1933
61284,1858
61285,1746
61286,1719
61287,1729
61288,1744
61289,1765
61290,624
61291,1670
61292,1939
61293,2032
61294,2064
61295,2096
61296,2087
61297,2018
61298,1951
61299,1830
61300,1703
61301,1759
61302,1783
61303,1788
61304,1795
61305,1810
61306,1833
61307,1857
61308,1889
61309,1932
61310,1972
61311,1995
61312,1990
61313,1977
61314,1937
61315,1872
61316,1809
61317,1765
61318,1743
61319,1744
61320,1765
61321,1037
61322,1474
61323,1903
61324,2023
61325,2068
61326,2112
61327,2108
61328,2022
61329,1956
61330,1911
61331,1814
61332,1808
61333,1808
61334,1782
61335,1776
61336,1787
61337,1823
61338,1859
61339,1894
61340,1939
61341,1991
61342,2015
61343,2000
61344,1945
61345,1872
61346,1811
61347,1803
61348,1791
61349,1767
61350,1759
61351,1762
61352,2787
61353,1119
61354,1830
61355,2000
61356,2064
61357,2099
61358,2128
61359,2060
61360,1991
61361,1875
61362,1713
61363,1807
61364,1867
61365,1862
61366,1851
61367,1847
61368,1852
61369,1862
61370,1898
61371,1951
61372,2000
61373,2013
61374,1984
61375,1920
61376,1845
61377,1795
61378,1763
61379,1743
61380,1763
61381,1801
61382,1808
61383,1826
61384,752
61385,1740
61386,1939
61387,2002
61388,2033
61389,2067
61390,2011
61391,1983
61392,1932
61393,1786
61394,1840
61395,1845
61396,1854
61397,1900
61398,1918
61399,1915
61400,1919
61401,1934
61402,1959
61403,1989
61404,1981
61405,1938
61406,1862
61407,1795
61408,1770
61409,1766
61410,1762
61411,1775
61412,1783
61413,1823
61414,1862
61415,608
61416,1664
61417,1923
61418,1966
61419,1982
61420,2018
61421,1984
61422,1946
61423,1904
61424,1810
61425,1862
61426,1891
61427,1887
61428,1897
61429,1899
61430,1936
61431,1970
61432,1977
61433,1989
61434,1999
61435,1971
61436,1919
61437,1837
61438,1776
61439,1745
61440,1735
61441,1744
61442,1751
61443,1776
61444,1799
61445,1823
61446,1695
61447,1346
61448,1947
61449,2041
61450,2063
61451,2066
61452,2022
61453,1960
61454,1899
61455,1744
61456,1807
61457,1847
61458,1858
61459,1882
61460,1903
61461,1920
61462,1937
61463,1983
61464,2026
61465,2038
61466,2017
61467,1957
61468,1861
61469,1776
61470,1747
61471,1741
61472,1726
61473,1725
61474,1755
61475,1799
61476,1835
61477,2901
61478,944
61479,1856
61480,2056
61481,2110
61482,2101
61483,2058
61484,1967
61485,1902
61486,1757
61487,1815
61488,1862
61489,1871
61490,1877
61491,1903
61492,1920
61493,1939
61494,1953
61495,1983
61496,2016
61497,2035
61498,1998
61499,1897
61500,1815
61501,1766
61502,1733
61503,1726
61504,1734
61505,1751
61506,1780
61507,1808
61508,1835
61509,381
61510,1692
61511,2000
61512,2069
61513,2105
61514,2112
61515,2007
61516,1953
61517,1794
61518,1813
61519,1867
61520,1871
61521,1875
61522,1883
61523,1888
61524,1904
61525,1936
61526,1968
61527,1997
61528,2005
61529,1978
61530,1923
61531,1875
61532,1813
61533,1767
61534,1732
61535,1713
61536,1727
61537,1763
61538,1793
61539,1807
61540,592
61541,1458
61542,1968
61543,2066
61544,2071
61545,2059
61546,1966
61547,1954
61548,1887
61549,1920
61550,1963
61551,1937
61552,1904
61553,1882
61554,1872
61555,1886
61556,1899
61557,1935
61558,1977
61559,2000
61560,1987
61561,1923
61562,1857
61563,1835
61564,1835
61565,1799
61566,1744
61567,1724
61568,1744
61569,1773
61570,1797
61571,2413
61572,973
61573,1887
61574,2062
61575,2087
61576,2076
61577,1968
61578,1879
61579,1853
61580,1942
61581,2026
61582,1989
61583,1937
61584,1898
61585,1872
61586,1872
61587,1883
61588,1911
61589,1938
61590,1957
61591,1959
61592,1922
61593,1872
61594,1838
61595,1819
61596,1811
61597,1821
61598,1817
61599,1801
61600,1800
61601,1801
61602,1983
61603,433
61604,1744
61605,2018
61606,2071
61607,2097
61608,2029
61609,1904
61610,1889
61611,1907
61612,1963
61613,1977
61614,1963
61615,1936
61616,1904
61617,1876
61618,1870
61619,1873
61620,1890
61621,1903
61622,1907
61623,1891
61624,1871
61625,1869
61626,1867
61627,1847
61628,1817
61629,1789
61630,1809
61631,1840
61632,1839
61633,1827
61634,238
61635,1591
61636,1982
61637,2080
61638,2129
61639,2085
61640,1904
61641,1881
61642,1869
61643,1939
61644,1937
61645,1924
61646,1917
61647,1926
61648,1925
61649,1901
61650,1888
61651,1884
61652,1882
61653,1898
61654,1895
61655,1871
61656,1849
61657,1842
61658,1846
61659,1833
61660,1800
61661,1791
61662,1806
61663,1840
61664,1872
61665,1237
61666,1246
61667,1937
61668,2067
61669,2118
61670,2119
61671,1936
61672,1885
61673,1823
61674,1890
61675,1942
61676,1936
61677,1905
61678,1897
61679,1892
61680,1914
61681,1936
61682,1929
61683,1921
61684,1913
61685,1897
61686,1867
61687,1838
61688,1829
61689,1825
61690,1823
61691,1808
61692,1785
61693,1796
61694,1813
61695,1839
61696,2797
61697,894
61698,1921
61699,2099
61700,2143
61701,2155
61702,1971
61703,1872
61704,1803
61705,1839
61706,1904
61707,1919
61708,1911
61709,1919
61710,1907
61711,1906
61712,1904
61713,1925
61714,1953
61715,1947
61716,1919
61717,1879
61718,1840
61719,1815
61720,1813
61721,1808
61722,1795
61723,1781
61724,1791
61725,1814
61726,1840
61727,1851
61728,341
61729,1714
61730,2067
61731,2158
61732,2187
61733,2046
61734,1871
61735,1814
61736,1812
61737,1887
61738,1917
61739,1904
61740,1895
61741,1902
61742,1911
61743,1918
61744,1911
61745,1918
61746,1936
61747,1963
61748,1943
61749,1884
61750,1849
61751,1823
61752,1802
61753,1774
61754,1744
61755,1757
61756,1782
61757,1819
61758,1851
61759,542
61760,1483
61761,2010
61762,2135
61763,2209
61764,2160
61765,1936
61766,1863
61767,1792
61768,1858
61769,1892
61770,1897
61771,1898
61772,1903
61773,1892
61774,1895
61775,1902
61776,1914
61777,1922
61778,1931
61779,1920
61780,1915
61781,1911
61782,1883
61783,1843
61784,1806
61785,1763
61786,1745
61787,1760
61788,1790
61789,1812
61790,1838
61791,1074
61792,1935
61793,2119
61794,2167
61795,2171
61796,1968
61797,1898
61798,1846
61799,1902
61800,1925
61801,1904
61802,1872
61803,1871
61804,1872
61805,1872
61806,1875
61807,1895
61808,1923
61809,1945
61810,1935
61811,1902
61812,1870
61813,1875
61814,1885
61815,1859
61816,1808
61817,1775
61818,1748
61819,1774
61820,1792
61821,2279
61822,556
61823,1796
61824,2064
61825,2133
61826,2179
61827,2015
61828,1893
61829,1814
61830,1901
61831,1984
61832,1968
61833,1920
61834,1893
61835,1869
61836,1854
61837,1856
61838,1874
61839,1898
61840,1910
61841,1918
61842,1901
61843,1878
61844,1867
61845,1855
61846,1850
61847,1856
61848,1841
61849,1809
61850,1797
61851,1795
61852,1799
61853,224
61854,1600
61855,2000
61856,2111
61857,2175
61858,2093
61859,1906
61860,1840
61861,1834
61862,1911
61863,1967
61864,1973
61865,1937
61866,1910
61867,1877
61868,1857
61869,1858
61870,1874
61871,1895
61872,1907
61873,1901
61874,1872
61875,1865
61876,1870
61877,1854
61878,1837
61879,1808
61880,1821
61881,1839
61882,1831
61883,1825
61884,1813
61885,1811
61886,1815
61887,1827
61888,1842
61889,1854
61890,1859
61891,1874
61892,1884
61893,1887
61894,1879
61895,1878
61896,1886
61897,1909
61898,1905
61899,1876
61900,1862
61901,1840
61902,1829
61903,1835
61904,1845
61905,1847
61906,1849
61907,1856
61908,1872
61909,1878
61910,1873
61911,1871
61912,1872
61913,1888
61914,1895
61915,1881
61916,1858
61917,1840
61918,1827
61919,1836
61920,1844
61921,1855
61922,1856
61923,1853
61924,1863
61925,1866
61926,1868
61927,1869
61928,1871
61929,1869
61930,1891
61931,1899
61932,1873
61933,1856
61934,1845
61935,1837
61936,1834
61937,1840
61938,1843
61939,1853
61940,1857
61941,1868
61942,1874
61943,1878
61944,1866
61945,1856
61946,1871
61947,1904
61948,1909
61949,1885
61950,1856
61951,1840
61952,1815
61953,1795
61954,1813
61955,1842
61956,1856
61957,1871
61958,1877
61959,1888
61960,1877
61961,1857
61962,1846
61963,1872
61964,1894
61965,1886
61966,1863
61967,1840
61968,1824
61969,1825
61970,1838
61971,1853
61972,1856
61973,1856
61974,1855
61975,1861
61976,1861
61977,1855
61978,1858
61979,1872
61980,1893
61981,1904
61982,1879
61983,1863
61984,1842
61985,1829
61986,1830
61987,1838
61988,1846
61989,1850
61990,1856
61991,1867
61992,1872
61993,1877
61994,1873
61995,1872
61996,1877
61997,1904
61998,1901
61999,1872
62000,1849
62001,1837
62002,1827
62003,1829
62004,1830
62005,1842
62006,1843
62007,1851
62008,1859
62009,1872
62010,1873
62011,1872
62012,1866
62013,1881
62014,1903
62015,1890
62016,1867
62017,1846
62018,1821
62019,1824
62020,1829
62021,1840
62022,1845
62023,1849
62024,1862
62025,1872
62026,1874
62027,1872
62028,1871
62029,1860
62030,1882
62031,1894
62032,1872
62033,1854
62034,1834
62035,1823
62036,1823
62037,1829
62038,1840
62039,1842
62040,1845
62041,1855
62042,1870
62043,1875
62044,1869
62045,1869
62046,1872
62047,1895
62048,1891
62049,1872
62050,1856
62051,1845
62052,1829
62053,1829
62054,1840
62055,1842
62056,1847
62057,1855
62058,1865
62059,1874
62060,1872
62061,1873
62062,1872
62063,1884
62064,1891
62065,1872
62066,1856
62067,1841
62068,1831
62069,1826
62070,1827
62071,1839
62072,1844
62073,1850
62074,1858
62075,1862
62076,1872
62077,1869
62078,1872
62079,1870
62080,1885
62081,1895
62082,1874
62083,1855
62084,1840
62085,1829
62086,1828
62087,1834
62088,1845
62089,1851
62090,1853
62091,1861
62092,1863
62093,1863
62094,1861
62095,1859
62096,1867
62097,1889
62098,1889
62099,1870
62100,1850
62101,1835
62102,1825
62103,1829
62104,1835
62105,1843
62106,1846
62107,1854
62108,1863
62109,1872
62110,1872
62111,1870
62112,1870
62113,1883
62114,1902
62115,1887
62116,1861
62117,1842
62118,1824
62119,1825
62120,1829
62121,1839
62122,1845
62123,1849
62124,1853
62125,1862
62126,1872
62127,1863
62128,1867
62129,1861
62130,1873
62131,1904
62132,1878
62133,1858
62134,1841
62135,1827
62136,1827
62137,1835
62138,1842
62139,1847
62140,1854
62141,1863
62142,1872
62143,1878
62144,1872
62145,1872
62146,1879
62147,1903
62148,1900
62149,1873
62150,1856
62151,1840
62152,1827
62153,1825
62154,1824
62155,1838
62156,1840
62157,1849
62158,1862
62159,1869
62160,1867
62161,1872
62162,1867
62163,1882
62164,1904
62165,1890
62166,1871
62167,1850
62168,1837
62169,1830
62170,1835
62171,1840
62172,1843
62173,1842
62174,1853
62175,1863
62176,1874
62177,1872
62178,1871
62179,1872
62180,1892
62181,1902
62182,1874
62183,1854
62184,1838
62185,1823
62186,1823
62187,1828
62188,1840
62189,1844
62190,1853
62191,1868
62192,1872
62193,1872
62194,1870
62195,1871
62196,1872
62197,1899
62198,1897
62199,1872
62200,1853
62201,1840
62202,1830
62203,1829
62204,1840
62205,1854
62206,1856
62207,1863
62208,1868
62209,1872
62210,1872
62211,1872
62212,1869
62213,1881
62214,1890
62215,1875
62216,1855
62217,1840
62218,1823
62219,1823
62220,1827
62221,1839
62222,1843
62223,1845
62224,1856
62225,1870
62226,1872
62227,1869
62228,1872
62229,1867
62230,1901
62231,1904
62232,1883
62233,1861
62234,1840
62235,1826
62236,1823
62237,1825
62238,1834
62239,1845
62240,1851
62241,1869
62242,1871
62243,1872
62244,1861
62245,1866
62246,1869
62247,1891
62248,1894
62249,1867
62250,1843
62251,1824
62252,1813
62253,1823
62254,1835
62255,1841
62256,1842
62257,1853
62258,1863
62259,1872
62260,1872
62261,1869
62262,1869
62263,1883
62264,1903
62265,1885
62266,1861
62267,1843
62268,1827
62269,1825
62270,1831
62271,1841
62272,1850
62273,1847
62274,1854
62275,1861
62276,1869
62277,1859
62278,1860
62279,1866
62280,1889
62281,1899
62282,1878
62283,1858
62284,1847
62285,1833
62286,1831
62287,1836
62288,1843
62289,1843
62290,1853
62291,1859
62292,1867
62293,1867
62294,1862
62295,1862
62296,1872
62297,1904
62298,1901
62299,1873
62300,1850
62301,1840
62302,1831
62303,1831
62304,1831
62305,1840
62306,1844
62307,1853
62308,1862
62309,1873
62310,1876
62311,1876
62312,1872
62313,1885
62314,1902
62315,1882
62316,1863
62317,1845
62318,1819
62319,1818
62320,1825
62321,1840
62322,1842
62323,1851
62324,1863
62325,1872
62326,1875
62327,1872
62328,1872
62329,1869
62330,1887
62331,1899
62332,1874
62333,1854
62334,1835
62335,1818
62336,1815
62337,1824
62338,1839
62339,1840
62340,1842
62341,1856
62342,1872
62343,1879
62344,1872
62345,1872
62346,1879
62347,1904
62348,1903
62349,1877
62350,1858
62351,1842
62352,1830
62353,1832
62354,1840
62355,1847
62356,1854
62357,1856
62358,1863
62359,1873
62360,1874
62361,1874
62362,1872
62363,1887
62364,1899
62365,1882
62366,1862
62367,1841
62368,1828
62369,1830
62370,1834
62371,1843
62372,1851
62373,1851
62374,1863
62375,1871
62376,1878
62377,1872
62378,1872
62379,1873
62380,1901
62381,1904
62382,1878
62383,1858
62384,1843
62385,1833
62386,1830
62387,1837
62388,1843
62389,1850
62390,1856
62391,1869
62392,1872
62393,1877
62394,1868
62395,1867
62396,1874
62397,1899
62398,1894
62399,1873
62400,1853
62401,1840
62402,1830
62403,1835
62404,1840
62405,1846
62406,1850
62407,1862
62408,1872
62409,1883
62410,1883
62411,1878
62412,1872
62413,1890
62414,1904
62415,1890
62416,1865
62417,1847
62418,1830
62419,1825
62420,1833
62421,1833
62422,1829
62423,1839
62424,1847
62425,1855
62426,1867
62427,1865
62428,1865
62429,1868
62430,1891
62431,1907
62432,1882
62433,1863
62434,1847
62435,1840
62436,1837
62437,1840
62438,1846
62439,1841
62440,1850
62441,1863
62442,1872
62443,1875
62444,1874
62445,1872
62446,1878
62447,1904
62448,1902
62449,1872
62450,1847
62451,1838
62452,1825
62453,1833
62454,1838
62455,1840
62456,1843
62457,1851
62458,1867
62459,1870
62460,1869
62461,1874
62462,1873
62463,1890
62464,1908
62465,1893
62466,1872
62467,1852
62468,1835
62469,1835
62470,1840
62471,1846
62472,1854
62473,1851
62474,1859
62475,1872
62476,1880
62477,1878
62478,1879
62479,1872
62480,1894
62481,1891
62482,1872
62483,1858
62484,1840
62485,1827
62486,1830
62487,1838
62488,1843
62489,1850
62490,1847
62491,1856
62492,1863
62493,1871
62494,1866
62495,1872
62496,1877
62497,1907
62498,1904
62499,1888
62500,1866
62501,1850
62502,1843
62503,1840
62504,1842
62505,1840
62506,1840
62507,1847
62508,1854
62509,1860
62510,1863
62511,1866
62512,1859
62513,1877
62514,1894
62515,1874
62516,1857
62517,1843
62518,1831
62519,1831
62520,1831
62521,1841
62522,1849
62523,1851
62524,1862
62525,1872
62526,1883
62527,1874
62528,1876
62529,1873
62530,1907
62531,1930
62532,1906
62533,1879
62534,1846
62535,1827
62536,1821
62537,1815
62538,1809
62539,1815
62540,1834
62541,1857
62542,1866
62543,1872
62544,1861
62545,1855
62546,1866
62547,1893
62548,1895
62549,1869
62550,1854
62551,1837
62552,1830
62553,1835
62554,1842
62555,1848
62556,1845
62557,1853
62558,1868
62559,1873
62560,1873
62561,1871
62562,1870
62563,1890
62564,1906
62565,1892
62566,1871
62567,1855
62568,1841
62569,1836
62570,1840
62571,1853
62572,1850
62573,1843
62574,1842
62575,1853
62576,1863
62577,1858
62578,1869
62579,1878
62580,1903
62581,1904
62582,1879
62583,1860
62584,1842
62585,1832
62586,1831
62587,1837
62588,1845
62589,1847
62590,1854
62591,1870
62592,1872
62593,1876
62594,1873
62595,1873
62596,1884
62597,1904
62598,1898
62599,1872
62600,1851
62601,1840
62602,1824
62603,1829
62604,1831
62605,1841
62606,1843
62607,1850
62608,1865
62609,1877
62610,1872
62611,1871
62612,1869
62613,1889
62614,1904
62615,1887
62616,1867
62617,1850
62618,1825
62619,1825
62620,1833
62621,1841
62622,1850
62623,1854
62624,1865
62625,1870
62626,1872
62627,1872
62628,1870
62629,1871
62630,1894
62631,1905
62632,1882
62633,1866
62634,1847
62635,1834
62636,1825
62637,1831
62638,1835
62639,1831
62640,1841
62641,1862
62642,1861
62643,1867
62644,1862
62645,1861
62646,1875
62647,1895
62648,1889
62649,1869
62650,1853
62651,1835
62652,1830
62653,1832
62654,1840
62655,1853
62656,1857
62657,1861
62658,1872
62659,1883
62660,1874
62661,1869
62662,1861
62663,1882
62664,1901
62665,1886
62666,1863
62667,1840
62668,1831
62669,1830
62670,1837
62671,1843
62672,1850
62673,1853
62674,1865
62675,1872
62676,1882
62677,1874
62678,1873
62679,1872
62680,1900
62681,1904
62682,1879
62683,1858
62684,1843
62685,1831
62686,1834
62687,1835
62688,1841
62689,1847
62690,1853
62691,1865
62692,1872
62693,1878
62694,1868
62695,1866
62696,1873
62697,1899
62698,1893
62699,1872
62700,1853
62701,1840
62702,1827
62703,1827
62704,1839
62705,1845
62706,1847
62707,1854
62708,1866
62709,1875
62710,1873
62711,1872
62712,1872
62713,1890
62714,1903
62715,1884
62716,1863
62717,1845
62718,1829
62719,1823
62720,1824
62721,1835
62722,1841
62723,1845
62724,1862
62725,1872
62726,1883
62727,1873
62728,1867
62729,1863
62730,1885
62731,1895
62732,1875
62733,1858
62734,1842
62735,1830
62736,1834
62737,1836
62738,1842
62739,1847
62740,1857
62741,1870
62742,1875
62743,1876
62744,1872
62745,1869
62746,1878
62747,1905
62748,1902
62749,1874
62750,1856
62751,1839
62752,1830
62753,1833
62754,1835
62755,1840
62756,1846
62757,1851
62758,1869
62759,1872
62760,1855
62761,1871
62762,1872
62763,1887
62764,1904
62765,1887
62766,1865
62767,1843
62768,1835
62769,1827
62770,1831
62771,1839
62772,1841
62773,1850
62774,1862
62775,1870
62776,1877
62777,1871
62778,1872
62779,1878
62780,1902
62781,1905
62782,1877
62783,1854
62784,1829
62785,1818
62786,1820
62787,1827
62788,1839
62789,1845
62790,1855
62791,1869
62792,1874
62793,1882
62794,1875
62795,1872
62796,1881
62797,1904
62798,1897
62799,1871
62800,1851
62801,1838
62802,1825
62803,1826
62804,1834
62805,1841
62806,1841
62807,1851
62808,1867
62809,1866
62810,1863
62811,1863
62812,1857
62813,1883
62814,1899
62815,1885
62816,1872
62817,1858
62818,1854
62819,1845
62820,1844
62821,1859
62822,1856
62823,1843
62824,1853
62825,1856
62826,1857
62827,1855
62828,1867
62829,1866
62830,1893
62831,1904
62832,1878
62833,1856
62834,1839
62835,1822
62836,1819
62837,1831
62838,1840
62839,1844
62840,1853
62841,1856
62842,1858
62843,1868
62844,1865
62845,1869
62846,1877
62847,1900
62848,1899
62849,1859
62850,1840
62851,1824
62852,1826
62853,1828
62854,1840
62855,1847
62856,1854
62857,1856
62858,1869
62859,1876
62860,1873
62861,1873
62862,1872
62863,1888
62864,1904
62865,1888
62866,1867
62867,1845
62868,1831
62869,1829
62870,1837
62871,1842
62872,1850
62873,1852
62874,1856
62875,1865
62876,1873
62877,1867
62878,1867
62879,1872
62880,1899
62881,1905
62882,1879
62883,1858
62884,1840
62885,621
62886,1719
62887,1947
62888,2007
62889,2034
62890,2075
62891,2099
62892,2077
62893,1998
62894,1893
62895,1747
62896,1714
62897,1820
62898,1856
62899,1840
62900,1825
62901,1809
62902,1812
62903,1837
62904,1863
62905,1904
62906,1943
62907,1973
62908,1975
62909,1966
62910,1923
62911,1856
62912,1803
62913,1794
62914,1807
62915,1795
62916,640
62917,1535
62918,1874
62919,1968
62920,2003
62921,2033
62922,2062
62923,2011
62924,1949
62925,1893
62926,1779
62927,1744
62928,1799
62929,1833
62930,1863
62931,1878
62932,1867
62933,1859
62934,1863
62935,1878
62936,1914
62937,1947
62938,1955
62939,1936
62940,1891
62941,1854
62942,1814
62943,1795
62944,1785
62945,1790
62946,1803
62947,2057
62948,1325
62949,1884
62950,1999
62951,2023
62952,2032
62953,2061
62954,2026
62955,1975
62956,1939
62957,1771
62958,1776
62959,1808
62960,1807
62961,1815
62962,1838
62963,1883
62964,1918
62965,1922
62966,1936
62967,1957
62968,1961
62969,1950
62970,1913
62971,1853
62972,1806
62973,1774
62974,1759
62975,1767
62976,1791
62977,1803
62978,2000
62979,804
62980,1827
62981,2035
62982,2074
62983,2065
62984,2074
62985,2029
62986,1968
62987,1915
62988,1747
62989,1776
62990,1829
62991,1840
62992,1855
62993,1871
62994,1877
62995,1896
62996,1930
62997,1984
62998,2023
62999,2026
63000,1984
63001,1911
63002,1819
63003,1770
63004,1742
63005,1719
63006,1728
63007,1762
63008,1802
63009,1835
63010,560
63011,1695
63012,1962
63013,2046
63014,2083
63015,2096
63016,2064
63017,1994
63018,1929
63019,1773
63020,1801
63021,1840
63022,1839
63023,1841
63024,1861
63025,1885
63026,1911
63027,1929
63028,1967
63029,2001
63030,2032
63031,2012
63032,1919
63033,1819
63034,1762
63035,1728
63036,1721
63037,1739
63038,1764
63039,1793
63040,1815
63041,1333
63042,1422
63043,1917
63044,2009
63045,2030
63046,2062
63047,2074
63048,2005
63049,1938
63050,1817
63051,1839
63052,1872
63053,1859
63054,1852
63055,1860
63056,1872
63057,1898
63058,1933
63059,1974
63060,2006
63061,2019
63062,1979
63063,1922
63064,1869
63065,1807
63066,1755
63067,1728
63068,1726
63069,1739
63070,1770
63071,1792
63072,2844
63073,999
63074,1849
63075,2011
63076,2067
63077,2071
63078,2063
63079,1995
63080,1977
63081,1875
63082,1859
63083,1875
63084,1853
63085,1837
63086,1840
63087,1862
63088,1882
63089,1913
63090,1951
63091,1997
63092,2011
63093,1979
63094,1898
63095,1830
63096,1807
63097,1805
63098,1785
63099,1775
63100,1775
63101,1776
63102,1782
63103,1849
63104,496
63105,1732
63106,1982
63107,2053
63108,2071
63109,2066
63110,1986
63111,1943
63112,1852
63113,1902
63114,1952
63115,1927
63116,1890
63117,1870
63118,1860
63119,1873
63120,1897
63121,1936
63122,1978
63123,1989
63124,1969
63125,1909
63126,1855
63127,1805
63128,1782
63129,1769
63130,1803
63131,1817
63132,1812
63133,1808
63134,1804
63135,403
63136,1508
63137,1936
63138,2026
63139,2042
63140,2039
63141,1985
63142,1955
63143,1878
63144,1872
63145,1935
63146,1949
63147,1937
63148,1915
63149,1895
63150,1885
63151,1885
63152,1905
63153,1947
63154,1975
63155,1959
63156,1901
63157,1844
63158,1821
63159,1803
63160,1776
63161,1763
63162,1759
63163,1804
63164,1840
63165,1834
63166,1936
63167,1088
63168,1883
63169,2032
63170,2073
63171,2080
63172,2018
63173,1943
63174,1883
63175,1814
63176,1889
63177,1920
63178,1905
63179,1904
63180,1922
63181,1935
63182,1923
63183,1919
63184,1927
63185,1938
63186,1936
63187,1893
63188,1839
63189,1803
63190,1791
63191,1795
63192,1793
63193,1794
63194,1805
63195,1831
63196,1851
63197,2335
63198,643
63199,1821
63200,2042
63201,2083
63202,2064
63203,2018
63204,1914
63205,1879
63206,1835
63207,1895
63208,1920
63209,1918
63210,1903
63211,1903
63212,1905
63213,1931
63214,1953
63215,1949
63216,1947
63217,1933
63218,1883
63219,1843
63220,1823
63221,1808
63222,1801
63223,1790
63224,1788
63225,1790
63226,1808
63227,1831
63228,1840
63229,302
63230,1703
63231,2032
63232,2067
63233,2069
63234,2018
63235,1872
63236,1877
63237,1878
63238,1904
63239,1923
63240,1922
63241,1918
63242,1917
63243,1920
63244,1918
63245,1917
63246,1942
63247,1981
63248,1984
63249,1936
63250,1869
63251,1824
63252,1801
63253,1787
63254,1776
63255,1765
63256,1773
63257,1795
63258,1821
63259,1845
63260,720
63261,1410
63262,1970
63263,2112
63264,2162
63265,2144
63266,1953
63267,1883
63268,1808
63269,1844
63270,1901
63271,1919
63272,1904
63273,1901
63274,1904
63275,1907
63276,1915
63277,1919
63278,1933
63279,1942
63280,1959
63281,1929
63282,1878
63283,1845
63284,1811
63285,1789
63286,1759
63287,1751
63288,1775
63289,1794
63290,1817
63291,2351
63292,993
63293,1913
63294,2099
63295,2160
63296,2204
63297,2065
63298,1947
63299,1874
63300,1814
63301,1846
63302,1872
63303,1871
63304,1872
63305,1875
63306,1877
63307,1888
63308,1905
63309,1925
63310,1933
63311,1931
63312,1906
63313,1900
63314,1894
63315,1865
63316,1825
63317,1779
63318,1759
63319,1769
63320,1781
63321,1804
63322,1887
63323,381
63324,1744
63325,2041
63326,2148
63327,2203
63328,2098
63329,1942
63330,1923
63331,1875
63332,1897
63333,1914
63334,1893
63335,1862
63336,1854
63337,1855
63338,1859
63339,1866
63340,1886
63341,1915
63342,1936
63343,1920
63344,1886
63345,1872
63346,1877
63347,1877
63348,1833
63349,1780
63350,1776
63351,1783
63352,1791
63353,1799
63354,271
63355,1535
63356,1984
63357,2100
63358,2182
63359,2129
63360,1942
63361,1905
63362,1841
63363,1890
63364,1964
63365,1948
63366,1915
63367,1886
63368,1869
63369,1867
63370,1872
63371,1891
63372,1906
63373,1916
63374,1914
63375,1891
63376,1877
63377,1863
63378,1850
63379,1834
63380,1840
63381,1837
63382,1810
63383,1807
63384,1796
63385,1141
63386,1214
63387,1914
63388,2071
63389,2139
63390,2134
63391,1958
63392,1899
63393,1829
63394,1869
63395,1936
63396,1965
63397,1961
63398,1936
63399,1904
63400,1878
63401,1869
63402,1873
63403,1885
63404,1899
63405,1902
63406,1876
63407,1870
63408,1872
63409,1863
63410,1840
63411,1808
63412,1798
63413,1825
63414,1840
63415,1834
63416,2866
63417,757
63418,1814
63419,2032
63420,2106
63421,2147
63422,1982
63423,1877
63424,1813
63425,1863
63426,1959
63427,1968
63428,1936
63429,1917
63430,1934
63431,1936
63432,1913
63433,1899
63434,1897
63435,1895
63436,1899
63437,1886
63438,1863
63439,1852
63440,1843
63441,1840
63442,1803
63443,1786
63444,1791
63445,1808
63446,1837
63447,1866
63448,258
63449,1669
63450,2002
63451,2080
63452,2122
63453,2030
63454,1881
63455,1825
63456,1813
63457,1907
63458,1962
63459,1952
63460,1922
63461,1918
63462,1916
63463,1935
63464,1951
63465,1941
63466,1927
63467,1904
63468,1885
63469,1850
63470,1841
63471,1840
63472,1833
63473,1806
63474,1781
63475,1789
63476,1805
63477,1813
63478,1826
63479,685
63480,1424
63481,2002
63482,2108
63483,2149
63484,2096
63485,1893
63486,1824
63487,1779
63488,1893
63489,1946
63490,1942
63491,1927
63492,1930
63493,1929
63494,1919
63495,1915
63496,1933
63497,1953
63498,1939
63499,1907
63500,1858
63501,1830
63502,1813
63503,1809
63504,1808
63505,1789
63506,1779
63507,1795
63508,1818
63509,1840
63510,1846
63511,1856
63512,1861
63513,1889
63514,1904
63515,1889
63516,1869
63517,1847
63518,1829
63519,1838
63520,1842
63521,1856
63522,1858
63523,1861
63524,1870
63525,1874
63526,1883
63527,1872
63528,1872
63529,1869
63530,1891
63531,1895
63532,1872
63533,1853
63534,1837
63535,1823
63536,1822
63537,1827
63538,1840
63539,1840
63540,1850
63541,1860
63542,1867
63543,1873
63544,1872
63545,1869
63546,1887
63547,1911
63548,1904
63549,1876
63550,1856
63551,1835
63552,1819
63553,1827
63554,1840
63555,1851
63556,1856
63557,1856
63558,1856
63559,1872
63560,1876
63561,1874
63562,1867
63563,1891
63564,1904
63565,1874
63566,1851
63567,1840
63568,1825
63569,1825
63570,1828
63571,1840
63572,1847
63573,1855
63574,1863
63575,1875
63576,1887
63577,1887
63578,1891
63579,1897
63580,1911
63581,1902
63582,1866
63583,1823
63584,1799
63585,1807
63586,1822
63587,1840
63588,1851
63589,1856
63590,1860
63591,1869
63592,1873
63593,1872
63594,1862
63595,1861
63596,1879
63597,1901
63598,1879
63599,1866
63600,1840
63601,1828
63602,1824
63603,1835
63604,1840
63605,1849
63606,1853
63607,1859
63608,1870
63609,1875
63610,1872
63611,1872
63612,1871
63613,1889
63614,1904
63615,1878
63616,1858
63617,1839
63618,1822
63619,1829
63620,1836
63621,1843
63622,1846
63623,1850
63624,1855
63625,1861
63626,1872
63627,1861
63628,1866
63629,1866
63630,1882
63631,1899
63632,1873
63633,1851
63634,1840
63635,1829
63636,1833
63637,1840
63638,1851
63639,1851
63640,1857
63641,1866
63642,1872
63643,1870
63644,1861
63645,1862
63646,1879
63647,1904
63648,1889
63649,1863
63650,1842
63651,1833
63652,1826
63653,1832
63654,1839
63655,1843
63656,1843
63657,1852
63658,1862
63659,1867
63660,1859
63661,1866
63662,1871
63663,1885
63664,1901
63665,1875
63666,1860
63667,1840
63668,1831
63669,1829
63670,1838
63671,1847
63672,1851
63673,1853
63674,1867
63675,1872
63676,1884
63677,1885
63678,1881
63679,1878
63680,1885
63681,1891
63682,1872
63683,1828
63684,1809
63685,1808
63686,1815
63687,1827
63688,1837
63689,1845
63690,1855
63691,1865
63692,1874
63693,1879
63694,1878
63695,1873
63696,1886
63697,1893
63698,1875
63699,1859
63700,1844
63701,1836
63702,1829
63703,1833
63704,1840
63705,1843
63706,1844
63707,1855
63708,1866
63709,1873
63710,1869
63711,1869
63712,1869
63713,1894
63714,1898
63715,1875
63716,1855
63717,1839
63718,1814
63719,1822
63720,1834
63721,1839
63722,1840
63723,1840
63724,1855
63725,1870
63726,1876
63727,1871
63728,1871
63729,1869
63730,1899
63731,1896
63732,1862
63733,1849
63734,1840
63735,1828
63736,1829
63737,1837
63738,1842
63739,1844
63740,1855
63741,1866
63742,1873
63743,1872
63744,1863
63745,1861
63746,1877
63747,1897
63748,1886
63749,1858
63750,1839
63751,1817
63752,1815
63753,1830
63754,1840
63755,1851
63756,1856
63757,1863
63758,1871
63759,1873
63760,1869
63761,1871
63762,1872
63763,1891
63764,1891
63765,1872
63766,1849
63767,1837
63768,1823
63769,1829
63770,1835
63771,1841
63772,1850
63773,1854
63774,1855
63775,1858
63776,1869
63777,1865
63778,1867
63779,1879
63780,1901
63781,1904
63782,1875
63783,1847
63784,1833
63785,1827
63786,1829
63787,1835
63788,1841
63789,1845
63790,1856
63791,1865
63792,1872
63793,1872
63794,1870
63795,1866
63796,1883
63797,1902
63798,1886
63799,1861
63800,1845
63801,1834
63802,1825
63803,1827
63804,1834
63805,1840
63806,1845
63807,1856
63808,1862
63809,1875
63810,1872
63811,1870
63812,1869
63813,1887
63814,1901
63815,1877
63816,1859
63817,1840
63818,1820
63819,1824
63820,1831
63821,1840
63822,1843
63823,1854
63824,1868
63825,1872
63826,1874
63827,1871
63828,1872
63829,1872
63830,1896
63831,1900
63832,1864
63833,1841
63834,1830
63835,1821
63836,1822
63837,1831
63838,1840
63839,1840
63840,1843
63841,1857
63842,1873
63843,1875
63844,1872
63845,1871
63846,1884
63847,1901
63848,1879
63849,1858
63850,1846
63851,1837
63852,1835
63853,1835
63854,1842
63855,1846
63856,1845
63857,1857
63858,1870
63859,1872
63860,1872
63861,1870
63862,1868
63863,1887
63864,1894
63865,1872
63866,1851
63867,1835
63868,1819
63869,1829
63870,1835
63871,1843
63872,1851
63873,1854
63874,1862
63875,1872
63876,1876
63877,1872
63878,1872
63879,1873
63880,1895
63881,1901
63882,1872
63883,1853
63884,1837
63885,1825
63886,1827
63887,1839
63888,1845
63889,1846
63890,1857
63891,1871
63892,1875
63893,1873
63894,1867
63895,1863
63896,1879
63897,1897
63898,1883
63899,1867
63900,1846
63901,1831
63902,1819
63903,1822
63904,1833
63905,1840
63906,1844
63907,1860
63908,1872
63909,1877
63910,1872
63911,1871
63912,1869
63913,1888
63914,1893
63915,1872
63916,1855
63917,1840
63918,1823
63919,1831
63920,1840
63921,1849
63922,1851
63923,1853
63924,1858
63925,1869
63926,1872
63927,1862
63928,1861
63929,1863
63930,1889
63931,1901
63932,1872
63933,1859
63934,1844
63935,1831
63936,1834
63937,1840
63938,1841
63939,1842
63940,1841
63941,1856
63942,1869
63943,1868
63944,1865
63945,1859
63946,1879
63947,1901
63948,1887
63949,1867
63950,1851
63951,1834
63952,1824
63953,1823
63954,1829
63955,1835
63956,1839
63957,1853
63958,1866
63959,1873
63960,1878
63961,1880
63962,1886
63963,1904
63964,1906
63965,1882
63966,1862
63967,1841
63968,1830
63969,1825
63970,1831
63971,1842
63972,1846
63973,1855
63974,1866
63975,1872
63976,1878
63977,1874
63978,1873
63979,1881
63980,1902
63981,1902
63982,1873
63983,1851
63984,1828
63985,1822
63986,1823
63987,1834
63988,1840
63989,1849
63990,1856
63991,1866
63992,1874
63993,1873
63994,1872
63995,1872
63996,1886
63997,1904
63998,1887
63999,1865
64000,1846
64001,1834
64002,1826
64003,1829
64004,1840
64005,1847
64006,1850
64007,1859
64008,1871
64009,1873
64010,1870
64011,1869
64012,1868
64013,1894
64014,1894
64015,1872
64016,1850
64017,1835
64018,1823
64019,1829
64020,1835
64021,1843
64022,1846
64023,1855
64024,1865
64025,1869
64026,1870
64027,1863
64028,1862
64029,1872
64030,1895
64031,1902
64032,1879
64033,1871
64034,1849
64035,1829
64036,1830
64037,1839
64038,1845
64039,1849
64040,1856
64041,1865
64042,1872
64043,1872
64044,1866
64045,1862
64046,1877
64047,1898
64048,1882
64049,1861
64050,1840
64051,1829
64052,1830
64053,1835
64054,1840
64055,1841
64056,1845
64057,1856
64058,1862
64059,1873
64060,1870
64061,1871
64062,1872
64063,1894
64064,1903
64065,1879
64066,1860
64067,1841
64068,1825
64069,1823
64070,1831
64071,1841
64072,1844
64073,1851
64074,1858
64075,1868
64076,1872
64077,1871
64078,1865
64079,1867
64080,1899
64081,1899
64082,1872
64083,1855
64084,1840
64085,1829
64086,1834
64087,1841
64088,1843
64089,1846
64090,1856
64091,1870
64092,1874
64093,1875
64094,1873
64095,1870
64096,1886
64097,1906
64098,1891
64099,1872
64100,1849
64101,1839
64102,1835
64103,1840
64104,1840
64105,1837
64106,1839
64107,1845
64108,1856
64109,1872
64110,1867
64111,1865
64112,1862
64113,1890
64114,1899
64115,1877
64116,1857
64117,1840
64118,1824
64119,1825
64120,1828
64121,1840
64122,1845
64123,1854
64124,1867
64125,1872
64126,1879
64127,1873
64128,1871
64129,1869
64130,1895
64131,1897
64132,1871
64133,1844
64134,1833
64135,1820
64136,1824
64137,1832
64138,1840
64139,1839
64140,1846
64141,1859
64142,1871
64143,1870
64144,1869
64145,1866
64146,1886
64147,1908
64148,1894
64149,1875
64150,1855
64151,1835
64152,1825
64153,1829
64154,1838
64155,1841
64156,1853
64157,1861
64158,1871
64159,1878
64160,1872
64161,1872
64162,1875
64163,1901
64164,1905
64165,1873
64166,1855
64167,1836
64168,1822
64169,1826
64170,1835
64171,1840
64172,1846
64173,1855
64174,1867
64175,1873
64176,1878
64177,1870
64178,1870
64179,1878
64180,1902
64181,1901
64182,1872
64183,1854
64184,1840
64185,1829
64186,1837
64187,1839
64188,1845
64189,1842
64190,1855
64191,1865
64192,1874
64193,1872
64194,1866
64195,1863
64196,1885
64197,1899
64198,1886
64199,1870
64200,1847
64201,1835
64202,1830
64203,1837
64204,1845
64205,1854
64206,1855
64207,1861
64208,1871
64209,1873
64210,1872
64211,1872
64212,1871
64213,1890
64214,1900
64215,1872
64216,1851
64217,1838
64218,1820
64219,1831
64220,1838
64221,1845
64222,1854
64223,1859
64224,1862
64225,1872
64226,1871
64227,1867
64228,1863
64229,1872
64230,1899
64231,1904
64232,1876
64233,1856
64234,1841
64235,1829
64236,1831
64237,1837
64238,1846
64239,1847
64240,1856
64241,1866
64242,1875
64243,1872
64244,1871
64245,1871
64246,1887
64247,1904
64248,1891
64249,1868
64250,1844
64251,1835
64252,1833
64253,1834
64254,1839
64255,1840
64256,1843
64257,1853
64258,1858
64259,1867
64260,1869
64261,1872
64262,1872
64263,1898
64264,1905
64265,1879
64266,1859
64267,1842
64268,1832
64269,1826
64270,1837
64271,1845
64272,1843
64273,1850
64274,1865
64275,1873
64276,1881
64277,1874
64278,1874
64279,1883
64280,1909
64281,1904
64282,1873
64283,1856
64284,1831
64285,1819
64286,1821
64287,1826
64288,1838
64289,1845
64290,1850
64291,1860
64292,1865
64293,1862
64294,1862
64295,1863
64296,1888
64297,1906
64298,1901
64299,1883
64300,1861
64301,1840
64302,1833
64303,1830
64304,1838
64305,1844
64306,1847
64307,1857
64308,1872
64309,1879
64310,1872
64311,1873
64312,1874
64313,1903
64314,1902
64315,1872
64316,1849
64317,1829
64318,1822
64319,1833
64320,1838
64321,1850
64322,1851
64323,1857
64324,1870
64325,1878
64326,1882
64327,1872
64328,1872
64329,1879
64330,1904
64331,1897
64332,1872
64333,1852
64334,1835
64335,1822
64336,1827
64337,1837
64338,1845
64339,1845
64340,1856
64341,1867
64342,1873
64343,1873
64344,1870
64345,1869
64346,1889
64347,1903
64348,1887
64349,1861
64350,1841
64351,1827
64352,1829
64353,1837
64354,1840
64355,1845
64356,1851
64357,1856
64358,1869
64359,1875
64360,1875
64361,1875
64362,1876
64363,1903
64364,1907
64365,1879
64366,1859
64367,1841
64368,1827
64369,1825
64370,1839
64371,1852
64372,1856
64373,1856
64374,1856
64375,1859
64376,1866
64377,1859
64378,1860
64379,1876
64380,1899
64381,1895
64382,1872
64383,1854
64384,1841
64385,1830
64386,1830
64387,1840
64388,1846
64389,1851
64390,1860
64391,1872
64392,1878
64393,1875
64394,1872
64395,1871
64396,1891
64397,1907
64398,1893
64399,1871
64400,1850
64401,1837
64402,1833
64403,1835
64404,1835
64405,1837
64406,1840
64407,1855
64408,1861
64409,1870
64410,1871
64411,1872
64412,1872
64413,1895
64414,1904
64415,1882
64416,1863
64417,1843
64418,1826
64419,1837
64420,1840
64421,1841
64422,1846
64423,1853
64424,1866
64425,1873
64426,1882
64427,1873
64428,1872
64429,1874
64430,1889
64431,1882
64432,1859
64433,1840
64434,1826
64435,1821
64436,1826
64437,1836
64438,1842
64439,1841
64440,1855
64441,1869
64442,1879
64443,1879
64444,1877
64445,1872
64446,1889
64447,1907
64448,1889
64449,1870
64450,1847
64451,1833
64452,1827
64453,1830
64454,1840
64455,1845
64456,1854
64457,1865
64458,1872
64459,1879
64460,1872
64461,1872
64462,1876
64463,1904
64464,1899
64465,1869
64466,1855
64467,1836
64468,1821
64469,1830
64470,1840
64471,1849
64472,1851
64473,1855
64474,1867
64475,1873
64476,1875
64477,1869
64478,1867
64479,1879
64480,1904
64481,1901
64482,1875
64483,1855
64484,1840
64485,1834
64486,1834
64487,1840
64488,1845
64489,1846
64490,1854
64491,1866
64492,1872
64493,1871
64494,1867
64495,1869
64496,1888
64497,1904
64498,1883
64499,1871
64500,1845
64501,1827
64502,1823
64503,1830
64504,1842
64505,1849
64506,1853
64507,1863
64508,1872
64509,1881
64510,1873
64511,614
64512,1622
64513,2007
64514,2093
64515,2065
64516,2045
64517,2041
64518,2006
64519,1939
64520,1841
64521,1765
64522,1738
64523,1765
64524,1829
64525,1870
64526,1872
64527,1862
64528,1865
64529,1875
64530,1916
64531,1942
64532,1945
64533,1947
64534,1933
64535,1904
64536,1873
64537,1837
64538,1807
64539,1786
64540,1781
64541,1794
64542,1862
64543,1296
64544,1895
64545,2023
64546,2073
64547,2097
64548,2103
64549,2064
64550,1958
64551,1850
64552,1777
64553,1712
64554,1710
64555,1769
64556,1808
64557,1842
64558,1861
64559,1872
64560,1889
64561,1919
64562,1951
64563,1998
64564,2007
64565,1968
64566,1914
64567,1847
64568,1794
64569,1763
64570,1755
64571,1762
64572,1772
64573,2085
64574,816
64575,1789
64576,2000
64577,2063
64578,2073
64579,2109
64580,2126
64581,2054
64582,1939
64583,1868
64584,1769
64585,1714
64586,1743
64587,1776
64588,1798
64589,1838
64590,1875
64591,1904
64592,1950
64593,1984
64594,2002
64595,1995
64596,1975
64597,1920
64598,1839
64599,1776
64600,1734
64601,1726
64602,1741
64603,1765
64604,1791
64605,496
64606,1650
64607,1968
64608,2042
64609,2073
64610,2101
64611,2130
64612,2087
64613,2014
64614,1942
64615,1771
64616,1716
64617,1746
64618,1763
64619,1801
64620,1849
64621,1883
64622,1918
64623,1967
64624,1998
64625,2016
64626,1999
64627,1933
64628,1857
64629,1814
64630,1787
64631,1773
64632,1761
64633,1771
64634,1776
64635,1790
64636,1168
64637,1390
64638,1904
64639,2016
64640,2065
64641,2096
64642,2130
64643,2096
64644,2018
64645,1951
64646,1792
64647,1758
64648,1776
64649,1790
64650,1809
64651,1840
64652,1863
64653,1904
64654,1949
64655,1986
64656,2016
64657,2000
64658,1936
64659,1864
64660,1813
64661,1783
64662,1750
64663,1773
64664,1801
64665,1801
64666,1808
64667,2909
64668,990
64669,1819
64670,1975
64671,2027
64672,2059
64673,2096
64674,2071
64675,2006
64676,1915
64677,1764
64678,1771
64679,1840
64680,1883
64681,1885
64682,1887
64683,1899
64684,1911
64685,1936
64686,1968
64687,1984
64688,1963
64689,1903
64690,1842
64691,1805
64692,1783
64693,1758
64694,1758
64695,1779
64696,1824
64697,1850
64698,1847
64699,478
64700,1729
64701,1958
64702,2007
64703,2023
64704,2037
64705,2015
64706,1979
64707,1919
64708,1817
64709,1840
64710,1879
64711,1890
64712,1891
64713,1920
64714,1936
64715,1935
64716,1945
64717,1970
64718,1983
64719,1959
64720,1909
64721,1838
64722,1802
64723,1790
64724,1767
64725,1766
64726,1783
64727,1798
64728,1814
64729,1830
64730,528
64731,1535
64732,1943
64733,2005
64734,2023
64735,2032
64736,2015
64737,1979
64738,1927
64739,1795
64740,1836
64741,1893
64742,1911
64743,1899
64744,1904
64745,1911
64746,1939
64747,1971
64748,1995
64749,2000
64750,1979
64751,1914
64752,1837
64753,1798
64754,1776
64755,1745
64756,1745
64757,1767
64758,1789
64759,1813
64760,1825
64761,1445
64762,1236
64763,1939
64764,2067
64765,2090
64766,2087
64767,2061
64768,2000
64769,1934
64770,1753
64771,1771
64772,1841
64773,1877
64774,1885
64775,1898
64776,1909
64777,1919
64778,1941
64779,1982
64780,2016
64781,2000
64782,1927
64783,1845
64784,1795
64785,1762
64786,1747
64787,1755
64788,1769
64789,1790
64790,1819
64791,1831
64792,2451
64793,641
64794,1810
64795,2026
64796,2107
64797,2129
64798,2101
64799,2034
64800,1979
64801,1808
64802,1772
64803,1820
64804,1863
64805,1870
64806,1891
64807,1906
64808,1913
64809,1931
64810,1951
64811,1974
64812,1986
64813,1966
64814,1889
64815,1827
64816,1797
64817,1777
64818,1748
64819,1760
64820,1776
64821,1799
64822,1821
64823,1840
64824,272
64825,1652
64826,2034
64827,2135
64828,2134
64829,2130
64830,2078
64831,2001
64832,1838
64833,1726
64834,1807
64835,1849
64836,1863
64837,1871
64838,1883
64839,1903
64840,1925
64841,1946
64842,1968
64843,1972
64844,1942
64845,1891
64846,1859
64847,1847
64848,1826
64849,1803
64850,1780
64851,1770
64852,1776
64853,1795
64854,1808
64855,643
64856,1415
64857,1987
64858,2107
64859,2141
64860,2157
64861,2081
64862,2017
64863,1918
64864,1777
64865,1836
64866,1870
64867,1856
64868,1841
64869,1847
64870,1862
64871,1881
64872,1907
64873,1942
64874,1955
64875,1936
64876,1893
64877,1862
64878,1844
64879,1843
64880,1848
64881,1829
64882,1815
64883,1813
64884,1803
64885,1797
64886,2530
64887,905
64888,1872
64889,2070
64890,2151
64891,2192
64892,2125
64893,2021
64894,1950
64895,1769
64896,1807
64897,1861
64898,1867
64899,1861
64900,1865
64901,1867
64902,1872
64903,1895
64904,1924
64905,1941
64906,1945
64907,1922
64908,1877
64909,1861
64910,1839
64911,1823
64912,1814
64913,1831
64914,1829
64915,1806
64916,1801
64917,1975
64918,400
64919,1742
64920,2022
64921,2107
64922,2161
64923,2129
64924,2016
64925,1975
64926,1799
64927,1818
64928,1872
64929,1897
64930,1916
64931,1907
64932,1893
64933,1874
64934,1879
64935,1888
64936,1904
64937,1916
64938,1892
64939,1865
64940,1859
64941,1853
64942,1846
64943,1828
64944,1817
64945,1817
64946,1840
64947,1842
64948,1831
64949,249
64950,1584
64951,1987
64952,2097
64953,2172
64954,2176
64955,2047
64956,1993
64957,1823
64958,1749
64959,1813
64960,1854
64961,1872
64962,1889
64963,1918
64964,1919
64965,1902
64966,1899
64967,1901
64968,1894
64969,1884
64970,1858
64971,1851
64972,1854
64973,1860
64974,1840
64975,1808
64976,1805
64977,1811
64978,1820
64979,1846
64980,1286
64981,1239
64982,1958
64983,2097
64984,2149
64985,2169
64986,2055
64987,1980
64988,1855
64989,1711
64990,1802
64991,1870
64992,1905
64993,1903
64994,1904
64995,1904
64996,1925
64997,1937
64998,1931
64999,1923
65000,1901
65001,1857
65002,1838
65003,1838
65004,1836
65005,1826
65006,1823
65007,1819
65008,1809
65009,1822
65010,1827
65011,2813
65012,720
65013,1871
65014,2112
65015,2163
65016,2202
65017,2109
65018,1968
65019,1899
65020,1707
65021,1744
65022,1837
65023,1888
65024,1901
65025,1904
65026,1905
65027,1906
65028,1914
65029,1929
65030,1950
65031,1937
65032,1893
65033,1853
65034,1840
65035,1825
65036,1809
65037,1792
65038,1776
65039,1789
65040,1808
65041,1813
65042,1851
65043,331
65044,1738
65045,2064
65046,2176
65047,2245
65048,2175
65049,2007
65050,1926
65051,1715
65052,1725
65053,1815
65054,1869
65055,1872
65056,1894
65057,1904
65058,1908
65059,1919
65060,1925
65061,1935
65062,1939
65063,1941
65064,1900
65065,1861
65066,1840
65067,1813
65068,1785
65069,1776
65070,1776
65071,1788
65072,1808
65073,1837
65074,432
65075,1502
65076,2005
65077,2126
65078,2183
65079,2182
65080,2042
65081,1974
65082,1774
65083,1723
65084,1830
65085,1879
65086,1887
65087,1890
65088,1894
65089,1904
65090,1923
65091,1924
65092,1934
65093,1935
65094,1915
65095,1882
65096,1883
65097,1882
65098,1855
65099,1824
65100,1783
65101,1767
65102,1775
65103,1788
65104,1808
65105,1983
65106,1040
65107,1926
65108,2111
65109,2182
65110,2210
65111,2087
65112,1990
65113,1867
65114,1706
65115,1806
65116,1876
65117,1889
65118,1867
65119,1872
65120,1881
65121,1893
65122,1904
65123,1927
65124,1931
65125,1923
65126,1890
65127,1858
65128,1856
65129,1855
65130,1844
65131,1828
65132,1808
65133,1799
65134,1795
65135,1799
65136,1811
65137,1827
65138,1840
65139,1856
65140,1872
65141,1873
65142,1873
65143,1872
65144,1875
65145,1873
65146,1893
65147,1894
65148,1883
65149,1866
65150,1856
65151,1850
65152,1846
65153,1851
65154,1851
65155,1856
65156,1869
65157,1871
65158,1863
65159,1859
65160,1857
65161,1870
65162,1872
65163,1887
65164,1884
65165,1859
65166,1850
65167,1841
65168,1840
65169,1841
65170,1844
65171,1847
65172,1854
65173,1869
65174,1871
65175,1875
65176,1877
65177,1875
65178,1871
65179,1878
65180,1890
65181,1872
65182,1849
65183,1842
65184,1831
65185,1830
65186,1837
65187,1840
65188,1840
65189,1857
65190,1868
65191,1865
65192,1873
65193,1872
65194,1872
65195,1871
65196,1887
65197,1889
65198,1870
65199,1858
65200,1851
65201,1840
65202,1834
65203,1840
65204,1853
65205,1855
65206,1855
65207,1869
65208,1872
65209,1872
65210,1865
65211,1869
65212,1875
65213,1895
65214,1882
65215,1853
65216,1839
65217,1834
65218,1834
65219,1850
65220,1858
65221,1870
65222,1866
65223,1862
65224,1840
65225,1840
65226,1854
65227,1865
65228,1860
65229,1872
65230,1887
65231,1881
65232,1868
65233,1853
65234,1845
65235,1837
65236,1838
65237,1845
65238,1847
65239,1856
65240,1866
65241,1870
65242,1875
65243,1870
65244,1863
65245,1859
65246,1876
65247,1882
65248,1867
65249,1849
65250,1838
65251,1826
65252,1825
65253,1838
65254,1847
65255,1855
65256,1869
65257,1873
65258,1872
65259,1872
65260,1868
65261,1869
65262,1871
65263,1887
65264,1883
65265,1865
65266,1851
65267,1840
65268,1834
65269,1836
65270,1842
65271,1847
65272,1855
65273,1870
65274,1861
65275,1859
65276,1860
65277,1858
65278,1863
65279,1883
65280,1893
65281,1878
65282,1860
65283,1850
65284,1839
65285,1839
65286,1837
65287,1841
65288,1849
65289,1861
65290,1872
65291,1869
65292,1871
65293,1862
65294,1863
65295,1870
65296,1886
65297,1891
65298,1872
65299,1863
65300,1851
65301,1831
65302,1813
65303,1825
65304,1833
65305,1840
65306,1855
65307,1862
65308,1860
65309,1872
65310,1863
65311,1859
65312,1870
65313,1887
65314,1886
65315,1871
65316,1852
65317,1842
65318,1825
65319,1835
65320,1840
65321,1846
65322,1853
65323,1867
65324,1870
65325,1867
65326,1863
65327,1866
65328,1862
65329,1867
65330,1879
65331,1867
65332,1853
65333,1840
65334,1835
65335,1829
65336,1836
65337,1840
65338,1844
65339,1851
65340,1861
65341,1859
65342,1867
65343,1865
65344,1861
65345,1866
65346,1878
65347,1885
65348,1867
65349,1856
65350,1843
65351,1834
65352,1833
65353,1837
65354,1843
65355,1851
65356,1859
65357,1870
65358,1872
65359,1871
65360,1865
65361,1866
65362,1866
65363,1874
65364,1872
65365,1857
65366,1843
65367,1837
65368,1830
65369,1837
65370,1840
65371,1847
65372,1856
65373,1871
65374,1872
65375,1869
65376,1865
65377,1865
65378,1863
65379,1872
65380,1885
65381,1873
65382,1857
65383,1849
65384,1837
65385,1835
65386,1839
65387,1848
65388,1856
65389,1863
65390,1872
65391,1868
65392,1869
65393,1870
65394,1865
65395,1860
65396,1874
65397,1882
65398,1866
65399,1856
65400,1841
65401,1830
65402,1829
65403,1839
65404,1850
65405,1851
65406,1862
65407,1872
65408,1871
65409,1872
65410,1867
65411,1862
65412,1871
65413,1884
65414,1885
65415,1867
65416,1856
65417,1840
65418,1825
65419,1835
65420,1840
65421,1847
65422,1853
65423,1868
65424,1865
65425,1867
65426,1867
65427,1862
65428,1861
65429,1872
65430,1875
65431,1874
65432,1858
65433,1841
65434,1836
65435,1828
65436,1830
65437,1840
65438,1847
65439,1861
65440,1875
65441,1874
65442,1877
65443,1872
65444,1872
65445,1872
65446,1890
65447,1894
65448,1872
65449,1850
65450,1840
65451,1833
65452,1835
65453,1839
65454,1842
65455,1845
65456,1856
65457,1863
65458,1861
65459,1867
65460,1867
65461,1869
65462,1872
65463,1891
65464,1887
65465,1869
65466,1855
65467,1845
65468,1841
65469,1843
65470,1842
65471,1839
65472,1844
65473,1860
65474,1872
65475,1872
65476,1872
65477,1871
65478,1869
65479,1885
65480,1897
65481,1879
65482,1861
65483,1844
65484,1824
65485,1821
65486,1831
65487,1839
65488,1846
65489,1862
65490,1872
65491,1869
65492,1872
65493,1865
65494,1861
65495,1859
65496,1875
65497,1886
65498,1872
65499,1856
65500,1842
65501,1835
65502,1838
65503,1840
65504,1846
65505,1844
65506,1865
65507,1871
65508,1869
65509,1869
65510,1865
65511,1866
65512,1872
65513,1891
65514,1885
65515,1866
65516,1849
65517,1839
65518,1829
65519,1837
65520,1842
65521,1845
65522,1853
65523,1863
65524,1867
65525,1872
65526,1867
65527,1865
65528,1863
65529,1878
65530,1889
65531,1872
65532,1856
65533,1843
65534,1833
65535,1827
65536,1838
65537,1847
65538,1853
65539,1860
65540,1872
65541,1870
65542,1870
65543,1866
65544,1861
65545,1859
65546,1873
65547,1883
65548,1862
65549,1843
65550,1833
65551,1825
65552,1826
65553,1842
65554,1852
65555,1859
65556,1872
65557,1872
65558,1872
65559,1872
65560,1871
65561,1866
65562,1866
65563,1879
65564,1879
65565,1862
65566,1850
65567,1838
65568,1833
65569,1837
65570,1843
65571,1852
65572,1858
65573,1871
65574,1867
65575,1866
65576,1859
65577,1859
65578,1856
65579,1875
65580,1887
65581,1872
65582,1858
65583,1847
65584,1840
65585,1835
65586,1838
65587,1846
65588,1851
65589,1861
65590,1870
65591,1872
65592,1872
65593,1866
65594,1869
65595,1869
65596,1883
65597,1887
65598,1869
65599,1857
65600,1847
65601,1840
65602,1840
65603,1844
65604,1842
65605,1843
65606,1861
65607,1866
65608,1865
65609,1872
65610,1863
65611,1862
65612,1867
65613,1883
65614,1882
65615,1867
65616,1855
65617,1842
65618,1825
65619,1835
65620,1840
65621,1853
65622,1856
65623,1867
65624,1871
65625,1873
65626,1872
65627,1872
65628,1869
65629,1875
65630,1887
65631,1872
65632,1856
65633,1840
65634,1831
65635,1833
65636,1838
65637,1845
65638,1852
65639,1859
65640,1867
65641,1872
65642,1873
65643,1872
65644,1872
65645,1872
65646,1894
65647,1898
65648,1872
65649,1853
65650,1842
65651,1834
65652,1838
65653,1839
65654,1844
65655,1852
65656,1867
65657,1873
65658,1872
65659,1874
65660,1870
65661,1869
65662,1873
65663,1889
65664,1878
65665,1858
65666,1850
65667,1840
65668,1831
65669,1835
65670,1838
65671,1852
65672,1859
65673,1871
65674,1872
65675,1874
65676,1872
65677,1871
65678,1871
65679,1885
65680,1893
65681,1875
65682,1857
65683,1846
65684,1837
65685,1839
65686,1845
65687,1850
65688,1855
65689,1867
65690,1873
65691,1872
65692,1878
65693,1872
65694,1869
65695,1866
65696,1881
65697,1886
65698,1866
65699,1856
65700,1846
65701,1834
65702,1834
65703,1836
65704,1844
65705,1856
65706,1870
65707,1872
65708,1870
65709,1872
65710,1871
65711,1870
65712,1877
65713,1891
65714,1886
65715,1869
65716,1850
65717,1840
65718,1834
65719,1831
65720,1839
65721,1845
65722,1856
65723,1867
65724,1869
65725,1871
65726,1863
65727,1866
65728,1866
65729,1874
65730,1884
65731,1883
65732,1865
65733,1850
65734,1840
65735,1839
65736,1840
65737,1846
65738,1855
65739,1863
65740,1872
65741,1872
65742,1873
65743,1872
65744,1872
65745,1872
65746,1894
65747,1893
65748,1869
65749,1845
65750,1840
65751,1840
65752,1840
65753,1841
65754,1847
65755,1846
65756,1858
65757,1866
65758,1861
65759,1860
65760,1865
65761,1871
65762,1874
65763,1892
65764,1885
65765,1865
65766,1855
65767,1844
65768,1838
65769,1840
65770,1844
65771,1859
65772,1867
65773,1875
65774,1872
65775,1872
65776,1871
65777,1863
65778,1863
65779,1879
65780,1893
65781,1877
65782,1861
65783,1850
65784,1840
65785,1831
65786,1834
65787,1840
65788,1843
65789,1867
65790,1872
65791,1869
65792,1872
65793,1870
65794,1862
65795,1867
65796,1886
65797,1888
65798,1870
65799,1856
65800,1842
65801,1831
65802,1838
65803,1840
65804,1849
65805,1855
65806,1870
65807,1872
65808,1872
65809,1872
65810,1871
65811,1869
65812,1872
65813,1888
65814,1877
65815,1859
65816,1849
65817,1840
65818,1831
65819,1840
65820,1847
65821,1855
65822,1858
65823,1871
65824,1866
65825,1867
65826,1867
65827,1863
65828,1858
65829,1875
65830,1890
65831,1872
65832,1861
65833,1846
65834,1835
65835,1829
65836,1838
65837,1846
65838,1850
65839,1860
65840,1872
65841,1872
65842,1875
65843,1872
65844,1866
65845,1858
65846,1874
65847,1878
65848,1861
65849,1849
65850,1840
65851,1829
65852,1824
65853,1842
65854,1852
65855,1855
65856,1866
65857,1872
65858,1872
65859,1871
65860,1865
65861,1869
65862,1881
65863,1897
65864,1887
65865,1867
65866,1851
65867,1835
65868,1829
65869,1839
65870,1850
65871,1851
65872,1859
65873,1872
65874,1866
65875,1867
65876,1863
65877,1867
65878,1862
65879,1883
65880,1891
65881,1876
65882,1857
65883,1845
65884,1840
65885,1836
65886,1840
65887,1850
65888,1856
65889,1872
65890,1875
65891,1872
65892,1872
65893,1867
65894,1863
65895,1866
65896,1881
65897,1886
65898,1869
65899,1853
65900,1840
65901,1835
65902,1834
65903,1840
65904,1843
65905,1849
65906,1858
65907,1869
65908,1868
65909,1873
65910,1869
65911,1872
65912,1876
65913,1894
65914,1884
65915,1867
65916,1854
65917,1843
65918,1829
65919,1839
65920,1843
65921,1856
65922,1862
65923,1870
65924,1863
65925,1869
65926,1869
65927,1870
65928,1863
65929,1874
65930,1883
65931,1867
65932,1855
65933,1844
65934,1836
65935,1834
65936,1837
65937,1840
65938,1841
65939,1853
65940,1865
65941,1866
65942,1868
65943,1872
65944,1871
65945,1871
65946,1887
65947,1890
65948,1870
65949,1856
65950,1844
65951,1837
65952,1840
65953,1841
65954,1851
65955,1855
65956,1870
65957,1871
65958,1870
65959,1870
65960,1869
65961,1863
65962,1872
65963,1890
65964,1879
65965,1867
65966,1851
65967,1840
65968,1836
65969,1840
65970,1846
65971,1853
65972,1858
65973,1872
65974,1869
65975,1872
65976,1870
65977,1871
65978,1869
65979,1882
65980,1890
65981,1872
65982,1858
65983,1849
65984,1840
65985,1837
65986,1840
65987,1843
65988,1851
65989,1862
65990,1872
65991,1872
65992,1875
65993,1872
65994,1866
65995,1865
65996,1886
65997,1883
65998,1865
65999,1857
66000,1848
66001,1840
66002,1840
66003,1845
66004,1854
66005,1858
66006,1871
66007,1870
66008,1868
66009,1867
66010,1862
66011,1863
66012,1872
66013,1887
66014,1882
66015,1863
66016,1851
66017,1841
66018,1827
66019,1836
66020,1842
66021,1852
66022,1859
66023,1872
66024,1866
66025,1865
66026,1859
66027,1861
66028,1861
66029,1872
66030,1877
66031,1873
66032,1859
66033,1850
66034,1839
66035,1838
66036,1840
66037,1851
66038,1856
66039,1863
66040,1873
66041,1872
66042,1872
66043,1869
66044,1870
66045,1872
66046,1888
66047,1889
66048,1871
66049,1857
66050,1846
66051,1839
66052,1839
66053,1840
66054,1844
66055,1847
66056,1869
66057,1869
66058,1869
66059,1866
66060,1866
66061,1863
66062,1872
66063,1888
66064,1882
66065,1865
66066,1851
66067,1841
66068,1839
66069,1841
66070,1845
66071,1850
66072,1859
66073,1872
66074,1872
66075,1873
66076,1872
66077,1872
66078,1870
66079,1884
66080,1894
66081,1875
66082,1861
66083,1847
66084,1833
66085,1830
66086,1835
66087,1840
66088,1845
66089,1867
66090,1872
66091,1871
66092,1872
66093,1861
66094,1864
66095,1868
66096,1887
66097,1890
66098,1872
66099,1857
66100,1846
66101,1840
66102,1839
66103,1842
66104,1855
66105,1861
66106,1872
66107,1873
66108,1871
66109,1862
66110,1862
66111,1866
66112,1873
66113,1891
66114,1877
66115,1857
66116,1843
66117,1835
66118,1830
66119,1840
66120,1850
66121,1857
66122,1859
66123,1871
66124,1870
66125,1872
66126,1870
66127,1869
66128,1861
66129,1878
66130,1890
66131,1873
66132,1859
66133,1849
66134,1840
66135,1839
66136,1843
66137,1872
66138,1296
66139,1929
66140,2030
66141,2016
66142,2000
66143,2000
66144,2006
66145,1977
66146,1941
66147,1904
66148,1909
66149,1901
66150,1840
66151,1818
66152,1812
66153,1815
66154,1833
66155,1842
66156,1889
66157,1927
66158,1963
66159,1986
66160,1986
66161,1969
66162,1933
66163,1893
66164,1840
66165,1767
66166,1735
66167,1723
66168,2308
66169,783
66170,1767
66171,1959
66172,2003
66173,2010
66174,2012
66175,2019
66176,1968
66177,1907
66178,1890
66179,1907
66180,1874
66181,1839
66182,1829
66183,1821
66184,1823
66185,1831
66186,1844
66187,1874
66188,1919
66189,1956
66190,1975
66191,1964
66192,1936
66193,1873
66194,1840
66195,1808
66196,1792
66197,1795
66198,1791
66199,1791
66200,477
66201,1648
66202,1926
66203,1998
66204,2005
66205,2022
66206,2054
66207,2019
66208,1957
66209,1922
66210,1895
66211,1850
66212,1805
66213,1823
66214,1835
66215,1852
66216,1861
66217,1872
66218,1889
66219,1937
66220,1978
66221,1985
66222,1965
66223,1915
66224,1841
66225,1787
66226,1750
66227,1753
66228,1774
66229,1807
66230,1830
66231,750
66232,1494
66233,1919
66234,2016
66235,2032
66236,2063
66237,2101
66238,2093
66239,2032
66240,2003
66241,1917
66242,1770
66243,1713
66244,1737
66245,1782
66246,1840
66247,1878
66248,1891
66249,1917
66250,1950
66251,1968
66252,1963
66253,1922
66254,1861
66255,1808
66256,1782
66257,1756
66258,1773
66259,1792
66260,1803
66261,1818
66262,2765
66263,1109
66264,1895
66265,2032
66266,2068
66267,2078
66268,2110
66269,2125
66270,2064
66271,2020
66272,1878
66273,1711
66274,1680
66275,1742
66276,1792
66277,1840
66278,1874
66279,1927
66280,1968
66281,1990
66282,2000
66283,1975
66284,1919
66285,1840
66286,1797
66287,1770
66288,1741
66289,1759
66290,1787
66291,1803
66292,1822
66293,1920
66294,630
66295,1776
66296,2027
66297,2096
66298,2096
66299,2113
66300,2113
66301,2046
66302,1970
66303,1835
66304,1707
66305,1714
66306,1777
66307,1815
66308,1852
66309,1889
66310,1920
66311,1951
66312,1999
66313,2033
66314,2007
66315,1931
66316,1838
66317,1778
66318,1731
66319,1726
66320,1746
66321,1780
66322,1808
66323,1826
66324,1826
66325,414
66326,1571
66327,1968
66328,2043
66329,2079
66330,2097
66331,2101
66332,2043
66333,1946
66334,1838
66335,1782
66336,1795
66337,1815
66338,1831
66339,1867
66340,1901
66341,1921
66342,1950
66343,1979
66344,2000
66345,1997
66346,1958
66347,1881
66348,1817
66349,1776
66350,1745
66351,1739
66352,1749
66353,1776
66354,1795
66355,1815
66356,1466
66357,1225
66358,1925
66359,2065
66360,2110
66361,2125
66362,2133
66363,2112
66364,1994
66365,1831
66366,1727
66367,1762
66368,1809
66369,1829
66370,1853
66371,1882
66372,1904
66373,1938
66374,1974
66375,2009
66376,2000
66377,1957
66378,1879
66379,1855
66380,1834
66381,1786
66382,1763
66383,1760
66384,1761
66385,1776
66386,1797
66387,2725
66388,720
66389,1843
66390,2064
66391,2125
66392,2138
66393,2135
66394,2112
66395,2027
66396,1889
66397,1762
66398,1781
66399,1804
66400,1814
66401,1824
66402,1853
66403,1877
66404,1909
66405,1943
66406,1983
66407,1986
66408,1955
66409,1886
66410,1839
66411,1819
66412,1808
66413,1807
66414,1795
66415,1791
66416,1795
66417,1798
66418,1808
66419,316
66420,1703
66421,2022
66422,2118
66423,2143
66424,2139
66425,2126
66426,2039
66427,1875
66428,1728
66429,1783
66430,1856
66431,1870
66432,1859
66433,1871
66434,1875
66435,1895
66436,1922
66437,1955
66438,1966
66439,1943
66440,1883
66441,1837
66442,1819
66443,1805
66444,1791
66445,1798
66446,1823
66447,1841
66448,1837
66449,1829
66450,511
66451,1445
66452,1967
66453,2106
66454,2133
66455,2128
66456,2118
66457,2039
66458,1910
66459,1719
66460,1745
66461,1843
66462,1891
66463,1901
66464,1902
66465,1902
66466,1904
66467,1910
66468,1925
66469,1936
66470,1925
66471,1881
66472,1850
66473,1843
66474,1823
66475,1813
66476,1806
66477,1802
66478,1808
66479,1840
66480,1859
66481,1873
66482,1073
66483,1929
66484,2116
66485,2161
66486,2160
66487,2128
66488,2047
66489,1950
66490,1718
66491,1694
66492,1792
66493,1841
66494,1853
66495,1875
66496,1911
66497,1927
66498,1926
66499,1935
66500,1936
66501,1920
66502,1884
66503,1854
66504,1837
66505,1821
66506,1822
66507,1815
66508,1805
66509,1809
66510,1817
66511,1833
66512,2086
66513,486
66514,1802
66515,2086
66516,2163
66517,2189
66518,2155
66519,2082
66520,1989
66521,1746
66522,1648
66523,1770
66524,1842
66525,1875
66526,1878
66527,1899
66528,1903
66529,1922
66530,1939
66531,1933
66532,1907
66533,1872
66534,1839
66535,1818
66536,1817
66537,1815
66538,1809
66539,1818
66540,1811
66541,1821
66542,1840
66543,1857
66544,270
66545,1609
66546,2069
66547,2176
66548,2203
66549,2191
66550,2111
66551,2011
66552,1808
66553,1619
66554,1722
66555,1824
66556,1863
66557,1879
66558,1891
66559,1901
66560,1904
66561,1919
66562,1941
66563,1955
66564,1915
66565,1863
66566,1839
66567,1825
66568,1812
66569,1811
66570,1809
66571,1807
66572,1815
66573,1838
66574,1844
66575,1160
66576,1254
66577,1975
66578,2147
66579,2230
66580,2273
66581,2181
66582,2080
66583,1899
66584,1597
66585,1662
66586,1765
66587,1814
66588,1841
66589,1871
66590,1891
66591,1905
66592,1920
66593,1930
66594,1933
66595,1923
66596,1904
66597,1879
66598,1857
66599,1840
66600,1820
66601,1798
66602,1788
66603,1791
66604,1807
66605,1823
66606,2878
66607,785
66608,1883
66609,2111
66610,2192
66611,2242
66612,2208
66613,2137
66614,2010
66615,1682
66616,1664
66617,1761
66618,1808
66619,1834
66620,1843
66621,1859
66622,1872
66623,1903
66624,1910
66625,1920
66626,1918
66627,1895
66628,1858
66629,1875
66630,1871
66631,1850
66632,1829
66633,1814
66634,1808
66635,1808
66636,1809
66637,1819
66638,283
66639,1712
66640,2064
66641,2173
66642,2238
66643,2229
66644,2149
66645,2070
66646,1732
66647,1621
66648,1734
66649,1814
66650,1838
66651,1838
66652,1855
66653,1872
66654,1888
66655,1902
66656,1927
66657,1931
66658,1910
66659,1874
66660,1858
66661,1856
66662,1859
66663,1859
66664,1841
66665,1815
66666,1805
66667,1798
66668,1808
66669,349
66670,1519
66671,2015
66672,2173
66673,2255
66674,2262
66675,2183
66676,2095
66677,1814
66678,1599
66679,1691
66680,1815
66681,1852
66682,1841
66683,1841
66684,1843
66685,1859
66686,1882
66687,1906
66688,1919
66689,1922
66690,1898
66691,1877
66692,1873
66693,1857
66694,1847
66695,1843
66696,1853
66697,1842
66698,1823
66699,1820
66700,1643
66701,1104
66702,1893
66703,2074
66704,2160
66705,2209
66706,2159
66707,2071
66708,1901
66709,1625
66710,1719
66711,1840
66712,1903
66713,1920
66714,1904
66715,1892
66716,1883
66717,1885
66718,1890
66719,1905
66720,1905
66721,1879
66722,1867
66723,1873
66724,1859
66725,1847
66726,1834
66727,1822
66728,1818
66729,1839
66730,1850
66731,2336
66732,557
66733,1797
66734,2035
66735,2128
66736,2192
66737,2162
66738,2074
66739,1975
66740,1667
66741,1687
66742,1829
66743,1885
66744,1888
66745,1890
66746,1918
66747,1922
66748,1907
66749,1904
66750,1901
66751,1887
66752,1856
66753,1842
66754,1840
66755,1839
66756,1841
66757,1839
66758,1834
66759,1834
66760,1829
66761,1835
66762,1850
66763,1872
66764,1867
66765,1857
66766,1849
66767,1842
66768,1845
66769,1845
66770,1857
66771,1865
66772,1873
66773,1887
66774,1879
66775,1886
66776,1874
66777,1870
66778,1859
66779,1878
66780,1882
66781,1871
66782,1855
66783,1840
66784,1831
66785,1834
66786,1841
66787,1850
66788,1854
66789,1869
66790,1874
66791,1872
66792,1874
66793,1871
66794,1869
66795,1872
66796,1885
66797,1884
66798,1867
66799,1853
66800,1841
66801,1838
66802,1837
66803,1845
66804,1847
66805,1855
66806,1866
66807,1867
66808,1869
66809,1872
66810,1872
66811,1867
66812,1873
66813,1889
66814,1879
66815,1863
66816,1843
66817,1840
66818,1829
66819,1840
66820,1855
66821,1863
66822,1872
66823,1881
66824,1871
66825,1862
66826,1855
66827,1856
66828,1863
66829,1883
66830,1887
66831,1862
66832,1849
66833,1845
66834,1840
66835,1835
66836,1830
66837,1840
66838,1841
66839,1863
66840,1869
66841,1859
66842,1861
66843,1869
66844,1859
66845,1856
66846,1871
66847,1873
66848,1866
66849,1853
66850,1848
66851,1839
66852,1839
66853,1841
66854,1846
66855,1856
66856,1869
66857,1872
66858,1876
66859,1872
66860,1869
66861,1863
66862,1875
66863,1889
66864,1872
66865,1853
66866,1840
66867,1830
66868,1829
66869,1840
66870,1847
66871,1854
66872,1865
66873,1872
66874,1870
66875,1872
66876,1866
66877,1866
66878,1869
66879,1882
66880,1888
66881,1867
66882,1855
66883,1842
66884,1837
66885,1838
66886,1840
66887,1850
66888,1855
66889,1865
66890,1869
66891,1868
66892,1872
66893,1865
66894,1858
66895,1868
66896,1878
66897,1878
66898,1858
66899,1849
66900,1840
66901,1835
66902,1835
66903,1843
66904,1855
66905,1856
66906,1872
66907,1871
66908,1872
66909,1869
66910,1867
66911,1864
66912,1874
66913,1889
66914,1877
66915,1862
66916,1845
66917,1836
66918,1827
66919,1840
66920,1851
66921,1855
66922,1857
66923,1868
66924,1849
66925,1862
66926,1856
66927,1860
66928,1860
66929,1873
66930,1874
66931,1871
66932,1852
66933,1840
66934,1837
66935,1838
66936,1840
66937,1847
66938,1855
66939,1870
66940,1871
66941,1866
66942,1870
66943,1863
66944,1866
66945,1869
66946,1885
66947,1883
66948,1862
66949,1850
66950,1840
66951,1831
66952,1837
66953,1842
66954,1843
66955,1846
66956,1857
66957,1856
66958,1857
66959,1858
66960,1861
66961,1866
66962,1873
66963,1890
66964,1872
66965,1858
66966,1839
66967,1824
66968,1824
66969,1836
66970,1846
66971,1853
66972,1857
66973,1866
66974,1861
66975,1865
66976,1859
66977,1862
66978,1862
66979,1877
66980,1883
66981,1867
66982,1854
66983,1840
66984,1827
66985,1831
66986,1837
66987,1843
66988,1844
66989,1863
66990,1865
66991,1867
66992,1868
66993,1861
66994,1862
66995,1871
66996,1885
66997,1879
66998,1859
66999,1849
67000,1840
67001,1831
67002,1835
67003,1840
67004,1847
67005,1856
67006,1869
67007,1867
67008,1868
67009,1867
67010,1867
67011,1865
67012,1878
67013,1888
67014,1867
67015,1850
67016,1840
67017,1833
67018,1828
67019,1838
67020,1845
67021,1849
67022,1859
67023,1871
67024,1869
67025,1872
67026,1868
67027,1867
67028,1868
67029,1879
67030,1885
67031,1868
67032,1853
67033,1843
67034,1837
67035,1837
67036,1840
67037,1849
67038,1853
67039,1870
67040,1872
67041,1872
67042,1872
67043,1870
67044,1863
67045,1868
67046,1881
67047,1875
67048,1857
67049,1845
67050,1836
67051,1824
67052,1831
67053,1843
67054,1856
67055,1860
67056,1874
67057,1878
67058,1882
67059,1880
67060,1875
67061,1869
67062,1875
67063,1887
67064,1872
67065,1849
67066,1835
67067,1829
67068,1821
67069,1824
67070,1839
67071,1847
67072,1862
67073,1872
67074,1868
67075,1872
67076,1861
67077,1858
67078,1858
67079,1884
67080,1889
67081,1872
67082,1856
67083,1846
67084,1840
67085,1842
67086,1845
67087,1853
67088,1851
67089,1862
67090,1869
67091,1872
67092,1872
67093,1863
67094,1861
67095,1872
67096,1889
67097,1886
67098,1864
67099,1850
67100,1840
67101,1835
67102,1838
67103,1842
67104,1842
67105,1847
67106,1864
67107,1863
67108,1866
67109,1870
67110,1866
67111,1866
67112,1877
67113,1892
67114,1879
67115,1862
67116,1850
67117,1837
67118,1825
67119,1833
67120,1842
67121,1844
67122,1857
67123,1872
67124,1870
67125,1872
67126,1868
67127,1869
67128,1871
67129,1877
67130,1885
67131,1867
67132,1853
67133,1840
67134,1829
67135,1829
67136,1837
67137,1842
67138,1845
67139,1856
67140,1858
67141,1859
67142,1866
67143,1867
67144,1869
67145,1873
67146,1892
67147,1886
67148,1867
67149,1847
67150,1842
67151,1839
67152,1840
67153,1844
67154,1850
67155,1855
67156,1866
67157,1866
67158,1872
67159,1872
67160,1872
67161,1863
67162,1875
67163,1886
67164,1869
67165,1853
67166,1840
67167,1831
67168,1830
67169,1839
67170,1844
67171,1851
67172,1860
67173,1872
67174,1871
67175,1877
67176,1872
67177,1865
67178,1867
67179,1884
67180,1886
67181,1861
67182,1847
67183,1840
67184,1834
67185,1839
67186,1840
67187,1851
67188,1854
67189,1867
67190,1869
67191,1871
67192,1871
67193,1867
67194,1859
67195,1869
67196,1879
67197,1872
67198,1850
67199,1845
67200,1840
67201,1834
67202,1838
67203,1841
67204,1847
67205,1857
67206,1869
67207,1867
67208,1871
67209,1867
67210,1863
67211,1863
67212,1878
67213,1890
67214,1873
67215,1861
67216,1846
67217,1837
67218,1823
67219,1834
67220,1843
67221,1850
67222,1857
67223,1871
67224,1865
67225,1868
67226,1858
67227,1859
67228,1858
67229,1872
67230,1875
67231,1869
67232,1855
67233,1840
67234,1835
67235,1838
67236,1841
67237,1850
67238,1856
67239,1870
67240,1874
67241,1872
67242,1871
67243,1869
67244,1869
67245,1873
67246,1890
67247,1886
67248,1863
67249,1845
67250,1838
67251,1834
67252,1838
67253,1847
67254,1851
67255,1856
67256,1870
67257,1869
67258,1870
67259,1865
67260,1868
67261,1868
67262,1883
67263,1895
67264,1878
67265,1867
67266,1856
67267,1843
67268,1840
67269,1841
67270,1849
67271,1847
67272,1856
67273,1872
67274,1871
67275,1874
67276,1872
67277,1870
67278,1872
67279,1887
67280,1891
67281,1871
67282,1858
67283,1846
67284,1829
67285,1831
67286,1839
67287,1844
67288,1850
67289,1872
67290,1875
67291,1874
67292,1875
67293,1872
67294,1873
67295,1879
67296,1891
67297,1886
67298,1866
67299,1853
67300,1841
67301,1839
67302,1838
67303,1842
67304,1851
67305,1861
67306,1872
67307,1873
67308,1875
67309,1872
67310,1872
67311,1870
67312,1883
67313,1890
67314,1871
67315,1856
67316,1843
67317,1839
67318,1834
67319,1839
67320,1845
67321,1855
67322,1868
67323,1872
67324,1867
67325,1867
67326,1861
67327,1865
67328,1870
67329,1879
67330,1890
67331,1872
67332,1861
67333,1849
67334,1840
67335,1840
67336,1845
67337,1853
67338,1855
67339,1872
67340,1874
67341,1874
67342,1873
67343,1872
67344,1862
67345,1872
67346,1885
67347,1873
67348,1856
67349,1840
67350,1835
67351,1827
67352,1829
67353,1843
67354,1853
67355,1859
67356,1872
67357,1872
67358,1875
67359,1871
67360,1869
67361,1863
67362,1878
67363,1890
67364,1873
67365,1857
67366,1849
67367,1839
67368,1838
67369,1838
67370,1849
67371,1853
67372,1869
67373,1875
67374,1869
67375,1867
67376,1859
67377,1859
67378,1865
67379,1887
67380,1890
67381,1872
67382,1855
67383,1842
67384,1835
67385,1838
67386,1843
67387,1850
67388,1855
67389,1871
67390,1872
67391,1870
67392,1872
67393,1871
67394,1867
67395,1872
67396,1891
67397,1885
67398,1866
67399,1851
67400,1841
67401,1834
67402,1838
67403,1846
67404,1846
67405,1855
67406,1866
67407,1867
67408,1870
67409,1869
67410,1870
67411,1868
67412,1881
67413,1891
67414,1873
67415,1858
67416,1843
67417,1835
67418,1827
67419,1840
67420,1845
67421,1851
67422,1858
67423,1869
67424,1867
67425,1867
67426,1863
67427,1869
67428,1869
67429,1870
67430,1878
67431,1858
67432,1849
67433,1840
67434,1831
67435,1835
67436,1840
67437,1845
67438,1853
67439,1862
67440,1866
67441,1863
67442,1862
67443,1865
67444,1867
67445,1873
67446,1891
67447,1888
67448,1871
67449,1850
67450,1840
67451,1830
67452,1839
67453,1842
67454,1852
67455,1856
67456,1872
67457,1869
67458,1873
67459,1869
67460,1870
67461,1866
67462,1882
67463,1891
67464,1875
67465,1857
67466,1841
67467,1835
67468,1829
67469,1839
67470,1845
67471,1851
67472,1862
67473,1872
67474,1872
67475,1874
67476,1866
67477,1866
67478,1870
67479,1885
67480,1889
67481,1870
67482,1856
67483,1846
67484,1839
67485,1839
67486,1840
67487,1846
67488,1856
67489,1871
67490,1873
67491,1872
67492,1867
67493,1861
67494,1861
67495,1868
67496,1884
67497,1876
67498,1857
67499,1842
67500,1838
67501,1835
67502,1839
67503,1845
67504,1854
67505,1865
67506,1872
67507,1871
67508,1872
67509,1868
67510,1867
67511,1863
67512,1879
67513,1891
67514,1872
67515,1860
67516,1846
67517,1840
67518,1833
67519,1838
67520,1844
67521,1849
67522,1863
67523,1872
67524,1861
67525,1863
67526,1860
67527,1862
67528,1864
67529,1877
67530,1874
67531,1871
67532,1856
67533,1843
67534,1837
67535,1837
67536,1840
67537,1847
67538,1856
67539,1869
67540,1872
67541,1868
67542,1871
67543,1862
67544,1863
67545,1872
67546,1889
67547,1879
67548,1866
67549,1854
67550,1843
67551,1841
67552,1848
67553,1854
67554,1856
67555,1859
67556,1869
67557,1865
67558,1868
67559,1861
67560,1863
67561,1866
67562,1879
67563,1888
67564,1872
67565,1858
67566,1841
67567,1838
67568,1839
67569,1841
67570,1851
67571,1856
67572,1867
67573,1869
67574,1868
67575,1871
67576,1864
67577,1870
67578,1872
67579,1886
67580,1883
67581,1861
67582,1849
67583,1841
67584,1834
67585,1830
67586,1840
67587,1846
67588,1850
67589,1869
67590,1872
67591,1872
67592,1872
67593,1871
67594,1868
67595,1872
67596,1888
67597,1879
67598,1862
67599,1847
67600,1840
67601,1835
67602,1840
67603,1847
67604,1853
67605,1859
67606,1873
67607,1872
67608,1872
67609,1870
67610,1871
67611,1871
67612,1881
67613,1891
67614,1873
67615,1850
67616,1840
67617,1830
67618,1829
67619,1840
67620,1848
67621,1853
67622,1867
67623,1872
67624,1872
67625,1871
67626,1871
67627,1869
67628,1872
67629,1887
67630,1887
67631,1868
67632,1853
67633,1841
67634,1837
67635,1836
67636,1841
67637,1853
67638,1857
67639,1868
67640,1872
67641,1872
67642,1872
67643,1869
67644,1861
67645,1872
67646,1885
67647,1874
67648,1856
67649,1840
67650,1830
67651,1827
67652,1829
67653,1843
67654,1850
67655,1860
67656,1872
67657,1872
67658,1874
67659,1870
67660,1872
67661,1869
67662,1883
67663,1893
67664,1874
67665,1859
67666,1847
67667,1840
67668,1837
67669,1840
67670,1849
67671,1853
67672,1867
67673,1873
67674,1867
67675,1867
67676,1857
67677,1859
67678,1863
67679,1887
67680,1889
67681,1869
67682,1852
67683,1841
67684,1835
67685,1837
67686,1843
67687,1851
67688,1855
67689,1866
67690,1868
67691,1872
67692,1872
67693,1871
67694,1870
67695,1875
67696,1893
67697,1881
67698,1865
67699,1851
67700,1840
67701,1835
67702,1835
67703,1842
67704,1851
67705,1856
67706,1868
67707,1870
67708,1874
67709,1877
67710,1874
67711,1870
67712,1881
67713,1887
67714,1866
67715,1851
67716,1841
67717,1837
67718,1838
67719,1840
67720,1842
67721,1846
67722,1857
67723,1866
67724,1867
67725,1872
67726,1871
67727,1872
67728,1873
67729,1893
67730,1888
67731,1865
67732,1845
67733,1837
67734,1829
67735,1831
67736,1839
67737,1845
67738,1854
67739,1855
67740,1856
67741,1858
67742,1863
67743,1869
67744,1869
67745,1883
67746,1901
67747,1881
67748,1859
67749,1850
67750,1840
67751,1838
67752,1837
67753,1843
67754,1851
67755,1859
67756,1873
67757,1872
67758,1875
67759,1867
67760,1869
67761,1866
67762,1885
67763,2424
67764,938
67765,1845
67766,1993
67767,1999
67768,1968
67769,1971
67770,1995
67771,1979
67772,1933
67773,1899
67774,1900
67775,1929
67776,1878
67777,1849
67778,1857
67779,1861
67780,1863
67781,1847
67782,1854
67783,1873
67784,1903
67785,1936
67786,1959
67787,1962
67788,1929
67789,1883
67790,1840
67791,1783
67792,1751
67793,1762
67794,1760
67795,546
67796,1712
67797,1966
67798,2001
67799,1984
67800,1979
67801,1985
67802,1955
67803,1891
67804,1856
67805,1879
67806,1887
67807,1851
67808,1833
67809,1829
67810,1836
67811,1855
67812,1881
67813,1905
67814,1921
67815,1942
67816,1957
67817,1939
67818,1907
67819,1866
67820,1821
67821,1788
67822,1776
67823,1779
67824,1785
67825,1803
67826,964
67827,1489
67828,1933
67829,2033
67830,2039
67831,2019
67832,2016
67833,1985
67834,1909
67835,1865
67836,1871
67837,1849
67838,1807
67839,1827
67840,1849
67841,1866
67842,1881
67843,1889
67844,1909
67845,1957
67846,2001
67847,2007
67848,1973
67849,1919
67850,1843
67851,1788
67852,1753
67853,1744
67854,1759
67855,1777
67856,1808
67857,2759
67858,1142
67859,1859
67860,1999
67861,2030
67862,2043
67863,2075
67864,2058
67865,1983
67866,1924
67867,1903
67868,1845
67869,1754
67870,1756
67871,1802
67872,1850
67873,1886
67874,1905
67875,1938
67876,1968
67877,2000
67878,2010
67879,1997
67880,1935
67881,1846
67882,1782
67883,1738
67884,1717
67885,1730
67886,1759
67887,1783
67888,1872
67889,667
67890,1776
67891,2006
67892,2075
67893,2083
67894,2112
67895,2160
67896,2126
67897,2064
67898,2006
67899,1825
67900,1680
67901,1651
67902,1712
67903,1773
67904,1833
67905,1877
67906,1926
67907,1966
67908,2001
67909,2000
67910,1961
67911,1886
67912,1840
67913,1807
67914,1769
67915,1750
67916,1753
67917,1762
67918,1776
67919,1802
67920,496
67921,1598
67922,1968
67923,2080
67924,2096
67925,2123
67926,2143
67927,2098
67928,2031
67929,1985
67930,1803
67931,1687
67932,1697
67933,1753
67934,1798
67935,1845
67936,1879
67937,1923
67938,1963
67939,2000
67940,2003
67941,1968
67942,1891
67943,1824
67944,1785
67945,1770
67946,1776
67947,1776
67948,1781
67949,1789
67950,1793
67951,1518
67952,1253
67953,1897
67954,2021
67955,2063
67956,2082
67957,2101
67958,2080
67959,1989
67960,1920
67961,1823
67962,1808
67963,1837
67964,1853
67965,1856
67966,1867
67967,1885
67968,1904
67969,1941
67970,1979
67971,1984
67972,1966
67973,1893
67974,1831
67975,1797
67976,1776
67977,1761
67978,1779
67979,1814
67980,1833
67981,1825
67982,2707
67983,815
67984,1808
67985,1973
67986,2023
67987,2033
67988,2060
67989,2069
67990,2001
67991,1936
67992,1852
67993,1839
67994,1851
67995,1888
67996,1907
67997,1904
67998,1904
67999,1911
68000,1936
68001,1964
68002,1968
68003,1943
68004,1879
68005,1815
68006,1798
68007,1776
68008,1774
68009,1783
68010,1792
68011,1808
68012,1840
68013,1856
68014,379
68015,1691
68016,1966
68017,2023
68018,2031
68019,2047
68020,2043
68021,1982
68022,1921
68023,1849
68024,1831
68025,1870
68026,1882
68027,1881
68028,1899
68029,1923
68030,1937
68031,1948
68032,1966
68033,1968
68034,1936
68035,1872
68036,1814
68037,1793
68038,1776
68039,1770
68040,1766
68041,1789
68042,1808
68043,1821
68044,1828
68045,534
68046,1517
68047,1982
68048,2064
68049,2075
68050,2069
68051,2059
68052,1993
68053,1909
68054,1809
68055,1795
68056,1840
68057,1872
68058,1882
68059,1891
68060,1914
68061,1932
68062,1973
68063,2004
68064,2000
68065,1967
68066,1893
68067,1821
68068,1782
68069,1761
68070,1746
68071,1757
68072,1782
68073,1805
68074,1821
68075,1838
68076,1854
68077,1109
68078,1919
68079,2097
68080,2141
68081,2127
68082,2109
68083,2039
68084,1927
68085,1790
68086,1726
68087,1791
68088,1850
68089,1877
68090,1887
68091,1911
68092,1928
68093,1942
68094,1953
68095,1985
68096,1984
68097,1919
68098,1839
68099,1792
68100,1776
68101,1773
68102,1773
68103,1789
68104,1802
68105,1823
68106,1843
68107,2343
68108,605
68109,1821
68110,2069
68111,2147
68112,2173
68113,2176
68114,2123
68115,2005
68116,1837
68117,1669
68118,1706
68119,1793
68120,1837
68121,1851
68122,1888
68123,1919
68124,1934
68125,1955
68126,1971
68127,1967
68128,1931
68129,1875
68130,1833
68131,1808
68132,1791
68133,1787
68134,1779
68135,1789
68136,1808
68137,1821
68138,1840
68139,272
68140,1601
68141,2039
68142,2160
68143,2189
68144,2206
68145,2176
68146,2096
68147,1922
68148,1654
68149,1655
68150,1757
68151,1803
68152,1830
68153,1858
68154,1887
68155,1910
68156,1938
68157,1954
68158,1968
68159,1936
68160,1879
68161,1858
68162,1860
68163,1850
68164,1822
68165,1805
68166,1790
68167,1787
68168,1799
68169,1811
68170,1135
68171,1245
68172,1966
68173,2129
68174,2185
68175,2211
68176,2161
68177,2073
68178,1935
68179,1734
68180,1707
68181,1789
68182,1834
68183,1841
68184,1855
68185,1865
68186,1887
68187,1911
68188,1936
68189,1968
68190,1951
68191,1908
68192,1865
68193,1843
68194,1827
68195,1835
68196,1841
68197,1826
68198,1808
68199,1803
68200,1804
68201,2843
68202,754
68203,1855
68204,2091
68205,2183
68206,2234
68207,2193
68208,2123
68209,1995
68210,1717
68211,1635
68212,1797
68213,1879
68214,1875
68215,1855
68216,1854
68217,1854
68218,1872
68219,1907
68220,1935
68221,1928
68222,1902
68223,1863
68224,1841
68225,1834
68226,1823
68227,1825
68228,1840
68229,1856
68230,1857
68231,1839
68232,1828
68233,279
68234,1699
68235,2041
68236,2160
68237,2211
68238,2205
68239,2141
68240,2032
68241,1776
68242,1608
68243,1750
68244,1840
68245,1867
68246,1878
68247,1877
68248,1879
68249,1882
68250,1898
68251,1915
68252,1920
68253,1913
68254,1874
68255,1851
68256,1847
68257,1834
68258,1833
68259,1826
68260,1824
68261,1827
68262,1846
68263,1863
68264,348
68265,1520
68266,2000
68267,2128
68268,2180
68269,2194
68270,2128
68271,2037
68272,1826
68273,1609
68274,1729
68275,1833
68276,1861
68277,1871
68278,1886
68279,1925
68280,1934
68281,1925
68282,1922
68283,1910
68284,1876
68285,1841
68286,1839
68287,1840
68288,1843
68289,1849
68290,1841
68291,1843
68292,1839
68293,1837
68294,1838
68295,1459
68296,1190
68297,1966
68298,2128
68299,2194
68300,2224
68301,2161
68302,2079
68303,1903
68304,1581
68305,1648
68306,1782
68307,1835
68308,1862
68309,1872
68310,1891
68311,1911
68312,1937
68313,1947
68314,1936
68315,1906
68316,1863
68317,1829
68318,1821
68319,1828
68320,1833
68321,1835
68322,1842
68323,1844
68324,1840
68325,1844
68326,2688
68327,707
68328,1869
68329,2106
68330,2180
68331,2224
68332,2176
68333,2099
68334,1965
68335,1622
68336,1620
68337,1759
68338,1825
68339,1857
68340,1867
68341,1889
68342,1904
68343,1924
68344,1936
68345,1951
68346,1953
68347,1907
68348,1863
68349,1843
68350,1830
68351,1813
68352,1805
68353,1814
68354,1821
68355,1823
68356,1840
68357,1844
68358,219
68359,1643
68360,2043
68361,2165
68362,2242
68363,2233
68364,2138
68365,2019
68366,1696
68367,1535
68368,1712
68369,1823
68370,1863
68371,1872
68372,1891
68373,1913
68374,1920
68375,1930
68376,1931
68377,1929
68378,1919
68379,1899
68380,1883
68381,1855
68382,1834
68383,1815
68384,1805
68385,1805
68386,1806
68387,1811
68388,1823
68389,1845
68390,1855
68391,1862
68392,1863
68393,1869
68394,1871
68395,1877
68396,1893
68397,1873
68398,1865
68399,1856
68400,1849
68401,1841
68402,1849
68403,1856
68404,1859
68405,1872
68406,1879
68407,1876
68408,1877
68409,1872
68410,1872
68411,1873
68412,1885
68413,1887
68414,1869
68415,1853
68416,1840
68417,1835
68418,1825
68419,1840
68420,1845
68421,1851
68422,1867
68423,1871
68424,1869
68425,1863
68426,1859
68427,1861
68428,1867
68429,1877
68430,1872
68431,1867
68432,1851
68433,1840
68434,1838
68435,1840
68436,1846
68437,1857
68438,1862
68439,1871
68440,1867
68441,1872
68442,1872
68443,1870
68444,1861
68445,1875
68446,1891
68447,1875
68448,1863
68449,1856
68450,1845
68451,1833
68452,1827
68453,1842
68454,1854
68455,1858
68456,1866
68457,1868
68458,1877
68459,1870
68460,1866
68461,1872
68462,1888
68463,1877
68464,1860
68465,1854
68466,1840
68467,1823
68468,1814
68469,1837
68470,1846
68471,1855
68472,1863
68473,1867
68474,1871
68475,1874
68476,1872
68477,1867
68478,1871
68479,1886
68480,1875
68481,1856
68482,1852
68483,1841
68484,1837
68485,1835
68486,1840
68487,1845
68488,1854
68489,1872
68490,1872
68491,1872
68492,1867
68493,1863
68494,1862
68495,1877
68496,1889
68497,1872
68498,1856
68499,1845
68500,1839
68501,1836
68502,1838
68503,1846
68504,1851
68505,1861
68506,1872
68507,1871
68508,1872
68509,1867
68510,1862
68511,1866
68512,1886
68513,1887
68514,1871
68515,1845
68516,1837
68517,1827
68518,1826
68519,1840
68520,1851
68521,1855
68522,1867
68523,1872
68524,1872
68525,1870
68526,1865
68527,1862
68528,1872
68529,1879
68530,1879
68531,1862
68532,1850
68533,1840
68534,1831
68535,1833
68536,1842
68537,1854
68538,1861
68539,1871
68540,1868
68541,1871
68542,1866
68543,1862
68544,1866
68545,1872
68546,1879
68547,1866
68548,1851
68549,1840
68550,1829
68551,1829
68552,1840
68553,1843
68554,1851
68555,1860
68556,1871
68557,1869
68558,1871
68559,1866
68560,1867
68561,1863
68562,1875
68563,1884
68564,1869
68565,1853
68566,1838
68567,1827
68568,1834
68569,1850
68570,1856
68571,1860
68572,1866
68573,1862
68574,1862
68575,1858
68576,1851
68577,1852
68578,1862
68579,1889
68580,1881
68581,1862
68582,1845
68583,1831
68584,1827
68585,1831
68586,1840
68587,1848
68588,1859
68589,1871
68590,1869
68591,1872
68592,1863
68593,1861
68594,1861
68595,1872
68596,1882
68597,1870
68598,1856
68599,1841
68600,1834
68601,1830
68602,1834
68603,1841
68604,1847
68605,1855
68606,1863
68607,1861
68608,1863
68609,1862
68610,1863
68611,1866
68612,1881
68613,1879
68614,1858
68615,1850
68616,1840
68617,1829
68618,1821
68619,1840
68620,1847
68621,1850
68622,1861
68623,1867
68624,1869
68625,1863
68626,1861
68627,1861
68628,1873
68629,1882
68630,1872
68631,1854
68632,1840
68633,1833
68634,1825
68635,1830
68636,1839
68637,1841
68638,1851
68639,1859
68640,1859
68641,1863
68642,1861
68643,1869
68644,1866
68645,1883
68646,1887
68647,1874
68648,1857
68649,1843
68650,1836
68651,1838
68652,1840
68653,1846
68654,1851
68655,1863
68656,1872
68657,1869
68658,1872
68659,1868
68660,1867
68661,1867
68662,1883
68663,1889
68664,1871
68665,1849
68666,1840
68667,1831
68668,1834
68669,1847
68670,1856
68671,1855
68672,1867
68673,1872
68674,1869
68675,1870
68676,1866
68677,1863
68678,1872
68679,1883
68680,1881
68681,1858
68682,1850
68683,1838
68684,1834
68685,1839
68686,1842
68687,1854
68688,1859
68689,1871
68690,1872
68691,1873
68692,1867
68693,1866
68694,1866
68695,1875
68696,1881
68697,1866
68698,1851
68699,1846
68700,1837
68701,1837
68702,1839
68703,1843
68704,1854
68705,1866
68706,1872
68707,1870
68708,1872
68709,1869
68710,1862
68711,1863
68712,1881
68713,1883
68714,1865
68715,1853
68716,1844
68717,1839
68718,1841
68719,1842
68720,1849
68721,1856
68722,1868
68723,1872
68724,1858
68725,1851
68726,1850
68727,1857
68728,1872
68729,1886
68730,1874
68731,1869
68732,1850
68733,1837
68734,1830
68735,1827
68736,1840
68737,1843
68738,1856
68739,1869
68740,1871
68741,1872
68742,1869
68743,1869
68744,1867
68745,1883
68746,1893
68747,1874
68748,1863
68749,1850
68750,1838
68751,1835
68752,1838
68753,1845
68754,1853
68755,1854
68756,1861
68757,1861
68758,1867
68759,1862
68760,1870
68761,1873
68762,1888
68763,1891
68764,1871
68765,1855
68766,1840
68767,1831
68768,1835
68769,1840
68770,1845
68771,1854
68772,1866
68773,1870
68774,1872
68775,1872
68776,1871
68777,1867
68778,1872
68779,1887
68780,1872
68781,1856
68782,1844
68783,1838
68784,1834
68785,1830
68786,1837
68787,1841
68788,1850
68789,1866
68790,1867
68791,1872
68792,1868
68793,1865
68794,1861
68795,1878
68796,1887
68797,1872
68798,1857
68799,1846
68800,1840
68801,1835
68802,1836
68803,1840
68804,1850
68805,1862
68806,1871
68807,1870
68808,1872
68809,1866
68810,1865
68811,1869
68812,1887
68813,1883
68814,1856
68815,1840
68816,1831
68817,1826
68818,1826
68819,1840
68820,1847
68821,1856
68822,1866
68823,1870
68824,1869
68825,1869
68826,1866
68827,1866
68828,1873
68829,1876
68830,1877
68831,1863
68832,1846
68833,1841
68834,1831
68835,1835
68836,1841
68837,1849
68838,1856
68839,1870
68840,1871
68841,1873
68842,1871
68843,1870
68844,1867
68845,1874
68846,1883
68847,1865
68848,1853
68849,1840
68850,1827
68851,1831
68852,1840
68853,1843
68854,1853
68855,1869
68856,1877
68857,1873
68858,1877
68859,1870
68860,1870
68861,1872
68862,1893
68863,1893
68864,1874
68865,1861
68866,1849
68867,1838
68868,1835
68869,1834
68870,1843
68871,1851
68872,1867
68873,1872
68874,1872
68875,1869
68876,1866
68877,1861
68878,1874
68879,1894
68880,1885
68881,1869
68882,1855
68883,1842
68884,1835
68885,1840
68886,1847
68887,1854
68888,1863
68889,1874
68890,1874
68891,1875
68892,1872
68893,1874
68894,1871
68895,1886
68896,1894
68897,1879
68898,1859
68899,1851
68900,1840
68901,1840
68902,1842
68903,1853
68904,1858
68905,1862
68906,1872
68907,1867
68908,1870
68909,1871
68910,1870
68911,1872
68912,1885
68913,1886
68914,1866
68915,1853
68916,1842
68917,1837
68918,1840
68919,1849
68920,1853
68921,1858
68922,1872
68923,1874
68924,1874
68925,1872
68926,1870
68927,1872
68928,1878
68929,1886
68930,1879
68931,1858
68932,1843
68933,1840
68934,1831
68935,1837
68936,1842
68937,1849
68938,1856
68939,1862
68940,1859
68941,1862
68942,1867
68943,1871
68944,1867
68945,1885
68946,1891
68947,1873
68948,1861
68949,1849
68950,1840
68951,1840
68952,1842
68953,1855
68954,1858
68955,1872
68956,1875
68957,1869
68958,1871
68959,1861
68960,1866
68961,1872
68962,1887
68963,1885
68964,1870
68965,1849
68966,1837
68967,1825
68968,1829
68969,1844
68970,1854
68971,1856
68972,1872
68973,1872
68974,1872
68975,1872
68976,1865
68977,1867
68978,1876
68979,1890
68980,1882
68981,1867
68982,1851
68983,1841
68984,1840
68985,1840
68986,1845
68987,1850
68988,1859
68989,1872
68990,1867
68991,1870
68992,1867
68993,1870
68994,1867
68995,1877
68996,1878
68997,1858
68998,1842
68999,1840
69000,1831
69001,1834
69002,1842
69003,1855
69004,1857
69005,1872
69006,1877
69007,1872
69008,1875
69009,1872
69010,1872
69011,1872
69012,1890
69013,1888
69014,1866
69015,1855
69016,1841
69017,1834
69018,1830
69019,1843
69020,1851
69021,1855
69022,1872
69023,1872
69024,1872
69025,1869
69026,1863
69027,1861
69028,1871
69029,1878
69030,1869
69031,1864
69032,1853
69033,1841
69034,1839
69035,1835
69036,1839
69037,1846
69038,1861
69039,1872
69040,1871
69041,1873
69042,1871
69043,1869
69044,1862
69045,1879
69046,1888
69047,1872
69048,1858
69049,1847
69050,1837
69051,1835
69052,1842
69053,1849
69054,1851
69055,1859
69056,1868
69057,1863
69058,1867
69059,1856
69060,1862
69061,1871
69062,1886
69063,1888
69064,1872
69065,1858
69066,1847
69067,1835
69068,1833
69069,1840
69070,1843
69071,1853
69072,1867
69073,1871
69074,1870
69075,1871
69076,1869
69077,1869
69078,1873
69079,1889
69080,1883
69081,1865
69082,1852
69083,1840
69084,1834
69085,1829
69086,1840
69087,1843
69088,1855
69089,1872
69090,1871
69091,1872
69092,1870
69093,1869
69094,1866
69095,1881
69096,1889
69097,1872
69098,1856
69099,1842
69100,1831
69101,1832
69102,1835
69103,1843
69104,1849
69105,1865
69106,1874
69107,1872
69108,1875
69109,1872
69110,1872
69111,1872
69112,1889
69113,1891
69114,1870
69115,1845
69116,1837
69117,1825
69118,1828
69119,1841
69120,1851
69121,1859
69122,1872
69123,1875
69124,1874
69125,1872
69126,1869
69127,1866
69128,1873
69129,1888
69130,1885
69131,1861
69132,1850
69133,1838
69134,1830
69135,1834
69136,1840
69137,1850
69138,1863
69139,1875
69140,1872
69141,1872
69142,1869
69143,1866
69144,1867
69145,1874
69146,1883
69147,1869
69148,1854
69149,1834
69150,1823
69151,1833
69152,1839
69153,1843
69154,1853
69155,1867
69156,1874
69157,1872
69158,1872
69159,1867
69160,1872
69161,1872
69162,1885
69163,1885
69164,1863
69165,1852
69166,1842
69167,1834
69168,1838
69169,1842
69170,1853
69171,1856
69172,1872
69173,1872
69174,1872
69175,1866
69176,1863
69177,1861
69178,1872
69179,1883
69180,1879
69181,1862
69182,1851
69183,1840
69184,1837
69185,1840
69186,1847
69187,1856
69188,1861
69189,1872
69190,1870
69191,1872
69192,1870
69193,1871
69194,1867
69195,1882
69196,1889
69197,1872
69198,1856
69199,1842
69200,1838
69201,1837
69202,1840
69203,1846
69204,1853
69205,1857
69206,1869
69207,1861
69208,1868
69209,1871
69210,1870
69211,1872
69212,1893
69213,1887
69214,1869
69215,1856
69216,1841
69217,1835
69218,1831
69219,1841
69220,1851
69221,1856
69222,1869
69223,1871
69224,1873
69225,1872
69226,1868
69227,1866
69228,1874
69229,1881
69230,1872
69231,1858
69232,1845
69233,1839
69234,1827
69235,1829
69236,1839
69237,1847
69238,1856
69239,1866
69240,1857
69241,1863
69242,1863
69243,1871
69244,1869
69245,1886
69246,1893
69247,1872
69248,1857
69249,1846
69250,1838
69251,1833
69252,1839
69253,1846
69254,1854
69255,1867
69256,1873
69257,1872
69258,1872
69259,1869
69260,1870
69261,1871
69262,1886
69263,1885
69264,1866
69265,1846
69266,1838
69267,1826
69268,1828
69269,1842
69270,1851
69271,1860
69272,1872
69273,1872
69274,1872
69275,1872
69276,1871
69277,1867
69278,1880
69279,1893
69280,1882
69281,1861
69282,1847
69283,1840
69284,1839
69285,1840
69286,1846
69287,1853
69288,1861
69289,1872
69290,1870
69291,1873
69292,1871
69293,1872
69294,1871
69295,1876
69296,1885
69297,1865
69298,1852
69299,1843
69300,1835
69301,1834
69302,1840
69303,1846
69304,1853
69305,1869
69306,1872
69307,1872
69308,1872
69309,1870
69310,1867
69311,1870
69312,1887
69313,1887
69314,1862
69315,1855
69316,1840
69317,1834
69318,1830
69319,1840
69320,1853
69321,1855
69322,1872
69323,1872
69324,1872
69325,1866
69326,1860
69327,1859
69328,1872
69329,1878
69330,1869
69331,1862
69332,1847
69333,1840
69334,1837
69335,1838
69336,1847
69337,1849
69338,1859
69339,1873
69340,1871
69341,1872
69342,1869
69343,1869
69344,1871
69345,1885
69346,1890
69347,1872
69348,1854
69349,1841
69350,1837
69351,1837
69352,1839
69353,1845
69354,1851
69355,1858
69356,1866
69357,1866
69358,1870
69359,1867
69360,1870
69361,1872
69362,1887
69363,1887
69364,1870
69365,1855
69366,1840
69367,1833
69368,1833
69369,1840
69370,1851
69371,1856
69372,1872
69373,1875
69374,1873
69375,1872
69376,1872
69377,1870
69378,1872
69379,1889
69380,1874
69381,1862
69382,1850
69383,1840
69384,1836
69385,1837
69386,1841
69387,1849
69388,1856
69389,1876
69390,701
69391,1799
69392,2017
69393,2057
69394,2023
69395,2032
69396,2044
69397,2004
69398,1933
69399,1872
69400,1865
69401,1895
69402,1855
69403,1808
69404,1808
69405,1822
69406,1839
69407,1843
69408,1866
69409,1895
69410,1934
69411,1971
69412,2005
69413,2000
69414,1942
69415,1874
69416,1821
69417,1766
69418,1729
69419,1737
69420,1746
69421,656
69422,1503
69423,1919
69424,2009
69425,2002
69426,1998
69427,2007
69428,2005
69429,1951
69430,1904
69431,1887
69432,1868
69433,1823
69434,1798
69435,1808
69436,1823
69437,1841
69438,1862
69439,1888
69440,1917
69441,1954
69442,1971
69443,1969
69444,1946
69445,1911
69446,1867
69447,1809
69448,1760
69449,1730
69450,1737
69451,1755
69452,1766
69453,1274
69454,1873
69455,2000
69456,2011
69457,2009
69458,2025
69459,2015
69460,1950
69461,1918
69462,1954
69463,1936
69464,1842
69465,1808
69466,1817
69467,1828
69468,1845
69469,1867
69470,1899
69471,1936
69472,1989
69473,2005
69474,1991
69475,1930
69476,1863
69477,1805
69478,1778
69479,1787
69480,1781
69481,1779
69482,1782
69483,2362
69484,848
69485,1789
69486,1977
69487,2018
69488,2031
69489,2064
69490,2068
69491,2013
69492,1962
69493,1968
69494,1931
69495,1856
69496,1815
69497,1806
69498,1806
69499,1825
69500,1841
69501,1872
69502,1920
69503,1964
69504,1970
69505,1959
69506,1907
69507,1840
69508,1795
69509,1773
69510,1765
69511,1781
69512,1818
69513,1830
69514,1823
69515,497
69516,1680
69517,1959
69518,2031
69519,2061
69520,2093
69521,2128
69522,2098
69523,2035
69524,2010
69525,1855
69526,1710
69527,1685
69528,1749
69529,1814
69530,1855
69531,1874
69532,1899
69533,1927
69534,1954
69535,1957
69536,1934
69537,1872
69538,1817
69539,1792
69540,1767
69541,1761
69542,1776
69543,1804
69544,1818
69545,1850
69546,1139
69547,1424
69548,1920
69549,2019
69550,2040
69551,2064
69552,2103
69553,2090
69554,2015
69555,1991
69556,1853
69557,1744
69558,1734
69559,1776
69560,1821
69561,1868
69562,1920
69563,1945
69564,1957
69565,1968
69566,1968
69567,1922
69568,1857
69569,1809
69570,1782
69571,1759
69572,1766
69573,1781
69574,1797
69575,1813
69576,1831
69577,2589
69578,1090
69579,1909
69580,2058
69581,2079
69582,2076
69583,2087
69584,2064
69585,1984
69586,1933
69587,1827
69588,1766
69589,1781
69590,1822
69591,1857
69592,1880
69593,1907
69594,1930
69595,1968
69596,2010
69597,1997
69598,1950
69599,1875
69600,1806
69601,1773
69602,1758
69603,1751
69604,1759
69605,1783
69606,1812
69607,1831
69608,2000
69609,602
69610,1787
69611,2019
69612,2096
69613,2098
69614,2086
69615,2064
69616,1984
69617,1904
69618,1795
69619,1769
69620,1808
69621,1854
69622,1877
69623,1895
69624,1919
69625,1928
69626,1952
69627,1981
69628,2009
69629,1993
69630,1911
69631,1839
69632,1787
69633,1745
69634,1728
69635,1743
69636,1766
69637,1789
69638,1819
69639,1843
69640,432
69641,1535
69642,1971
69643,2064
69644,2086
69645,2109
69646,2112
69647,2030
69648,1915
69649,1813
69650,1774
69651,1805
69652,1840
69653,1858
69654,1872
69655,1903
69656,1925
69657,1952
69658,1982
69659,1986
69660,1968
69661,1920
69662,1872
69663,1840
69664,1791
69665,1762
69666,1758
69667,1756
69668,1775
69669,1794
69670,1811
69671,1619
69672,1168
69673,1927
69674,2080
69675,2121
69676,2126
69677,2118
69678,2083
69679,1982
69680,1849
69681,1749
69682,1785
69683,1829
69684,1840
69685,1842
69686,1872
69687,1900
69688,1934
69689,1973
69690,1989
69691,1983
69692,1930
69693,1862
69694,1819
69695,1823
69696,1823
69697,1807
69698,1790
69699,1780
69700,1787
69701,1801
69702,2524
69703,647
69704,1822
69705,2086
69706,2167
69707,2178
69708,2174
69709,2125
69710,2005
69711,1841
69712,1686
69713,1740
69714,1812
69715,1836
69716,1839
69717,1856
69718,1879
69719,1909
69720,1942
69721,1968
69722,1982
69723,1936
69724,1872
69725,1831
69726,1817
69727,1808
69728,1813
69729,1821
69730,1824
69731,1821
69732,1821
69733,1819
69734,272
69735,1684
69736,2038
69737,2151
69738,2178
69739,2192
69740,2142
69741,2035
69742,1859
69743,1674
69744,1713
69745,1811
69746,1862
69747,1865
69748,1870
69749,1879
69750,1888
69751,1906
69752,1936
69753,1955
69754,1932
69755,1882
69756,1854
69757,1829
69758,1812
69759,1806
69760,1808
69761,1815
69762,1839
69763,1847
69764,1840
69765,710
69766,1374
69767,1961
69768,2103
69769,2154
69770,2176
69771,2142
69772,2064
69773,1898
69774,1681
69775,1703
69776,1812
69777,1856
69778,1881
69779,1909
69780,1917
69781,1915
69782,1920
69783,1931
69784,1935
69785,1916
69786,1874
69787,1842
69788,1840
69789,1837
69790,1826
69791,1827
69792,1817
69793,1819
69794,1825
69795,1852
69796,1948
69797,1066
69798,1921
69799,2095
69800,2155
69801,2192
69802,2160
69803,2095
69804,1953
69805,1699
69806,1648
69807,1778
69808,1849
69809,1872
69810,1876
69811,1897
69812,1920
69813,1931
69814,1926
69815,1919
69816,1894
69817,1856
69818,1826
69819,1831
69820,1829
69821,1826
69822,1838
69823,1835
69824,1839
69825,1838
69826,1840
69827,2090
69828,493
69829,1811
69830,2096
69831,2179
69832,2210
69833,2185
69834,2111
69835,1991
69836,1736
69837,1588
69838,1712
69839,1808
69840,1840
69841,1861
69842,1871
69843,1897
69844,1915
69845,1950
69846,1966
69847,1943
69848,1904
69849,1858
69850,1835
69851,1825
69852,1821
69853,1819
69854,1813
69855,1819
69856,1825
69857,1827
69858,1843
69859,257
69860,1579
69861,2042
69862,2183
69863,2234
69864,2222
69865,2126
69866,2017
69867,1773
69868,1534
69869,1696
69870,1824
69871,1871
69872,1897
69873,1901
69874,1909
69875,1917
69876,1927
69877,1936
69878,1948
69879,1938
69880,1894
69881,1860
69882,1840
69883,1820
69884,1808
69885,1807
69886,1808
69887,1809
69888,1827
69889,1842
69890,1186
69891,1245
69892,1968
69893,2129
69894,2192
69895,2241
69896,2199
69897,2109
69898,1893
69899,1584
69900,1657
69901,1770
69902,1818
69903,1847
69904,1869
69905,1898
69906,1911
69907,1932
69908,1936
69909,1936
69910,1923
69911,1895
69912,1887
69913,1876
69914,1852
69915,1828
69916,1808
69917,1798
69918,1791
69919,1802
69920,1813
69921,2848
69922,752
69923,1872
69924,2111
69925,2182
69926,2233
69927,2207
69928,2147
69929,2006
69930,1630
69931,1616
69932,1729
69933,1794
69934,1826
69935,1846
69936,1873
69937,1899
69938,1926
69939,1947
69940,1950
69941,1943
69942,1910
69943,1876
69944,1865
69945,1870
69946,1865
69947,1837
69948,1814
69949,1798
69950,1786
69951,1792
69952,1809
69953,264
69954,1699
69955,2055
69956,2178
69957,2237
69958,2224
69959,2131
69960,2005
69961,1712
69962,1623
69963,1762
69964,1847
69965,1865
69966,1860
69967,1860
69968,1874
69969,1894
69970,1907
69971,1923
69972,1936
69973,1917
69974,1886
69975,1872
69976,1867
69977,1846
69978,1853
69979,1855
69980,1835
69981,1810
69982,1806
69983,1805
69984,495
69985,1423
69986,1979
69987,2133
69988,2211
69989,2244
69990,2167
69991,2081
69992,1780
69993,1558
69994,1711
69995,1842
69996,1894
69997,1882
69998,1879
69999,1890
70000,1891
70001,1903
70002,1914
70003,1920
70004,1907
70005,1885
70006,1869
70007,1865
70008,1859
70009,1841
70010,1835
70011,1839
70012,1849
70013,1842
70014,1829
70015,1813
70016,1819
70017,1821
70018,1830
70019,1846
70020,1854
70021,1862
70022,1872
70023,1879
70024,1885
70025,1878
70026,1872
70027,1872
70028,1893
70029,1889
70030,1880
70031,1865
70032,1851
70033,1843
70034,1840
70035,1842
70036,1852
70037,1856
70038,1867
70039,1874
70040,1871
70041,1872
70042,1866
70043,1867
70044,1868
70045,1878
70046,1885
70047,1863
70048,1845
70049,1837
70050,1826
70051,1827
70052,1834
70053,1849
70054,1857
70055,1872
70056,1874
70057,1872
70058,1870
70059,1869
70060,1865
70061,1872
70062,1885
70063,1879
70064,1863
70065,1851
70066,1840
70067,1830
70068,1834
70069,1840
70070,1850
70071,1863
70072,1874
70073,1872
70074,1877
70075,1865
70076,1862
70077,1857
70078,1873
70079,1899
70080,1877
70081,1857
70082,1837
70083,1834
70084,1833
70085,1834
70086,1846
70087,1856
70088,1872
70089,1883
70090,1876
70091,1873
70092,1861
70093,1856
70094,1854
70095,1872
70096,1887
70097,1872
70098,1859
70099,1855
70100,1841
70101,1817
70102,1819
70103,1839
70104,1856
70105,1863
70106,1865
70107,1862
70108,1863
70109,1869
70110,1861
70111,1869
70112,1881
70113,1884
70114,1865
70115,1850
70116,1839
70117,1829
70118,1829
70119,1840
70120,1850
70121,1858
70122,1872
70123,1870
70124,1872
70125,1869
70126,1869
70127,1867
70128,1873
70129,1877
70130,1866
70131,1850
70132,1838
70133,1828
70134,1828
70135,1830
70136,1840
70137,1843
70138,1855
70139,1861
70140,1858
70141,1865
70142,1860
70143,1867
70144,1869
70145,1885
70146,1887
70147,1868
70148,1853
70149,1840
70150,1836
70151,1838
70152,1840
70153,1846
70154,1851
70155,1867
70156,1872
70157,1872
70158,1871
70159,1861
70160,1857
70161,1871
70162,1887
70163,1879
70164,1857
70165,1842
70166,1837
70167,1834
70168,1830
70169,1842
70170,1847
70171,1856
70172,1870
70173,1866
70174,1870
70175,1866
70176,1866
70177,1863
70178,1875
70179,1886
70180,1871
70181,1856
70182,1843
70183,1831
70184,1830
70185,1836
70186,1844
70187,1851
70188,1862
70189,1872
70190,1869
70191,1872
70192,1863
70193,1866
70194,1867
70195,1873
70196,1873
70197,1857
70198,1845
70199,1842
70200,1837
70201,1834
70202,1835
70203,1841
70204,1845
70205,1858
70206,1865
70207,1867
70208,1866
70209,1862
70210,1859
70211,1872
70212,1882
70213,1874
70214,1861
70215,1845
70216,1839
70217,1831
70218,1827
70219,1840
70220,1849
70221,1856
70222,1867
70223,1869
70224,1872
70225,1858
70226,1856
70227,1855
70228,1872
70229,1879
70230,1863
70231,1856
70232,1842
70233,1833
70234,1833
70235,1838
70236,1843
70237,1851
70238,1862
70239,1872
70240,1870
70241,1872
70242,1866
70243,1865
70244,1867
70245,1883
70246,1885
70247,1866
70248,1855
70249,1846
70250,1840
70251,1838
70252,1840
70253,1850
70254,1857
70255,1861
70256,1863
70257,1863
70258,1859
70259,1854
70260,1850
70261,1870
70262,1886
70263,1878
70264,1859
70265,1847
70266,1840
70267,1834
70268,1838
70269,1843
70270,1847
70271,1858
70272,1872
70273,1872
70274,1872
70275,1867
70276,1871
70277,1863
70278,1875
70279,1891
70280,1872
70281,1857
70282,1842
70283,1835
70284,1837
70285,1840
70286,1849
70287,1851
70288,1857
70289,1871
70290,1863
70291,1861
70292,1859
70293,1867
70294,1871
70295,1887
70296,1888
70297,1872
70298,1859
70299,1841
70300,1831
70301,1834
70302,1840
70303,1851
70304,1856
70305,1871
70306,1875
70307,1875
70308,1879
70309,1872
70310,1866
70311,1872
70312,1886
70313,1874
70314,1856
70315,1838
70316,1829
70317,1823
70318,1830
70319,1834
70320,1839
70321,1854
70322,1871
70323,1871
70324,1872
70325,1867
70326,1865
70327,1863
70328,1878
70329,1879
70330,1873
70331,1856
70332,1845
70333,1839
70334,1835
70335,1840
70336,1845
70337,1852
70338,1861
70339,1871
70340,1869
70341,1872
70342,1867
70343,1869
70344,1871
70345,1879
70346,1878
70347,1858
70348,1847
70349,1835
70350,1836
70351,1837
70352,1841
70353,1853
70354,1859
70355,1869
70356,1871
70357,1871
70358,1870
70359,1871
70360,1866
70361,1872
70362,1888
70363,1881
70364,1858
70365,1840
70366,1839
70367,1837
70368,1840
70369,1851
70370,1856
70371,1858
70372,1870
70373,1864
70374,1868
70375,1855
70376,1856
70377,1856
70378,1872
70379,1887
70380,1872
70381,1858
70382,1847
70383,1840
70384,1840
70385,1840
70386,1842
70387,1849
70388,1859
70389,1872
70390,1872
70391,1872
70392,1867
70393,1871
70394,1871
70395,1882
70396,1879
70397,1865
70398,1853
70399,1845
70400,1837
70401,1838
70402,1844
70403,1851
70404,1853
70405,1858
70406,1858
70407,1861
70408,1862
70409,1870
70410,1865
70411,1875
70412,1887
70413,1879
70414,1860
70415,1844
70416,1840
70417,1835
70418,1831
70419,1843
70420,1850
70421,1855
70422,1871
70423,1865
70424,1871
70425,1867
70426,1867
70427,1866
70428,1878
70429,1890
70430,1865
70431,1851
70432,1839
70433,1831
70434,1826
70435,1830
70436,1839
70437,1846
70438,1856
70439,1865
70440,1859
70441,1866
70442,1865
70443,1865
70444,1872
70445,1886
70446,1883
70447,1865
70448,1851
70449,1840
70450,1835
70451,1833
70452,1840
70453,1847
70454,1855
70455,1869
70456,1869
70457,1871
70458,1871
70459,1863
70460,1863
70461,1872
70462,1891
70463,1878
70464,1863
70465,1842
70466,1834
70467,1829
70468,1833
70469,1843
70470,1849
70471,1858
70472,1870
70473,1868
70474,1872
70475,1871
70476,1870
70477,1870
70478,1885
70479,1888
70480,1869
70481,1852
70482,1840
70483,1837
70484,1835
70485,1840
70486,1850
70487,1853
70488,1863
70489,1872
70490,1870
70491,1873
70492,1866
70493,1868
70494,1872
70495,1883
70496,1883
70497,1866
70498,1851
70499,1840
70500,1834
70501,1838
70502,1843
70503,1855
70504,1858
70505,1872
70506,1873
70507,1874
70508,1872
70509,1871
70510,1868
70511,1873
70512,1889
70513,1882
70514,1863
70515,1853
70516,1840
70517,1837
70518,1835
70519,1843
70520,1850
70521,1857
70522,1872
70523,1872
70524,1875
70525,1863
70526,1867
70527,1865
70528,1875
70529,1883
70530,1865
70531,1856
70532,1845
70533,1839
70534,1840
70535,1841
70536,1851
70537,1854
70538,1867
70539,1875
70540,1872
70541,1874
70542,1871
70543,1872
70544,1873
70545,1889
70546,1893
70547,1871
70548,1854
70549,1841
70550,1835
70551,1837
70552,1845
70553,1853
70554,1860
70555,1866
70556,1866
70557,1867
70558,1859
70559,1857
70560,1869
70561,1883
70562,1895
70563,1886
70564,1867
70565,1850
70566,1840
70567,1834
70568,1838
70569,1845
70570,1854
70571,1861
70572,1872
70573,1872
70574,1872
70575,1872
70576,1872
70577,1869
70578,1883
70579,1892
70580,1874
70581,1858
70582,1843
70583,1835
70584,1837
70585,1837
70586,1840
70587,1850
70588,1863
70589,1872
70590,1872
70591,1874
70592,1869
70593,1867
70594,1871
70595,1888
70596,1890
70597,1871
70598,1855
70599,1845
70600,1838
70601,1835
70602,1841
70603,1850
70604,1856
70605,1871
70606,1874
70607,1872
70608,1870
70609,1869
70610,1866
70611,1875
70612,1888
70613,1878
70614,1860
70615,1840
70616,1835
70617,1830
70618,1835
70619,1850
70620,1854
70621,1861
70622,1872
70623,1871
70624,1872
70625,1866
70626,1865
70627,1866
70628,1883
70629,1891
70630,1872
70631,1856
70632,1843
70633,1838
70634,1837
70635,1839
70636,1847
70637,1854
70638,1866
70639,1873
70640,1872
70641,1872
70642,1871
70643,1870
70644,1867
70645,1876
70646,1878
70647,1858
70648,1843
70649,1834
70650,1823
70651,1826
70652,1836
70653,1850
70654,1856
70655,1872
70656,1872
70657,1873
70658,1872
70659,1872
70660,1872
70661,1883
70662,1893
70663,1883
70664,1866
70665,1849
70666,1834
70667,1828
70668,1837
70669,1847
70670,1854
70671,1859
70672,1872
70673,1871
70674,1875
70675,1860
70676,1855
70677,1857
70678,1875
70679,1881
70680,1857
70681,1850
70682,1841
70683,1838
70684,1837
70685,1840
70686,1847
70687,1855
70688,1867
70689,1873
70690,1872
70691,1875
70692,1870
70693,1872
70694,1873
70695,1889
70696,1889
70697,1870
70698,1854
70699,1841
70700,1835
70701,1839
70702,1841
70703,1847
70704,1856
70705,1862
70706,1865
70707,1866
70708,1863
70709,1867
70710,1866
70711,1874
70712,1888
70713,1873
70714,1858
70715,1847
70716,1840
70717,1836
70718,1837
70719,1841
70720,1851
70721,1862
70722,1871
70723,1871
70724,1872
70725,1869
70726,1869
70727,1869
70728,1883
70729,1883
70730,1870
70731,1850
70732,1839
70733,1825
70734,1824
70735,1830
70736,1840
70737,1845
70738,1855
70739,1866
70740,1859
70741,1866
70742,1869
70743,1869
70744,1872
70745,1889
70746,1885
70747,1866
70748,1853
70749,1841
70750,1834
70751,1836
70752,1843
70753,1853
70754,1859
70755,1871
70756,1871
70757,1872
70758,1872
70759,1870
70760,1867
70761,1882
70762,1892
70763,1872
70764,1858
70765,1840
70766,1833
70767,1831
70768,1831
70769,1845
70770,1852
70771,1862
70772,1872
70773,1869
70774,1872
70775,1863
70776,1864
70777,1867
70778,1883
70779,1891
70780,1872
70781,1857
70782,1846
70783,1838
70784,1835
70785,1840
70786,1851
70787,1853
70788,1869
70789,1872
70790,1872
70791,1872
70792,1867
70793,1871
70794,1872
70795,1879
70796,1880
70797,1860
70798,1846
70799,1842
70800,1834
70801,1838
70802,1843
70803,1851
70804,1856
70805,1872
70806,1872
70807,1872
70808,1869
70809,1871
70810,1865
70811,1877
70812,1890
70813,1878
70814,1862
70815,1847
70816,1839
70817,1834
70818,1828
70819,1844
70820,1851
70821,1862
70822,1875
70823,1876
70824,1881
70825,1872
70826,1870
70827,1865
70828,1881
70829,1878
70830,1858
70831,1853
70832,1840
70833,1830
70834,1831
70835,1840
70836,1844
70837,1852
70838,1865
70839,1871
70840,1870
70841,1872
70842,1867
70843,1868
70844,1876
70845,1891
70846,1886
70847,1867
70848,1856
70849,1842
70850,1835
70851,1835
70852,1842
70853,1852
70854,1856
70855,1863
70856,1865
70857,1872
70858,1869
70859,1865
70860,1870
70861,1881
70862,1891
70863,1873
70864,1856
70865,1845
70866,1840
70867,1837
70868,1838
70869,1846
70870,1851
70871,1859
70872,1872
70873,1870
70874,1872
70875,1868
70876,1872
70877,1871
70878,1885
70879,1890
70880,1869
70881,1854
70882,1841
70883,1836
70884,1836
70885,1834
70886,1842
70887,1850
70888,1861
70889,1873
70890,1872
70891,1873
70892,1866
70893,1861
70894,1872
70895,1887
70896,1885
70897,1868
70898,1853
70899,1841
70900,1835
70901,1837
70902,1841
70903,1851
70904,1856
70905,1871
70906,1872
70907,1872
70908,1872
70909,1870
70910,1866
70911,1876
70912,1889
70913,1875
70914,1861
70915,1840
70916,1835
70917,1828
70918,1830
70919,1845
70920,1853
70921,1869
70922,1872
70923,1871
70924,1872
70925,1871
70926,1871
70927,1869
70928,1886
70929,1882
70930,1872
70931,1855
70932,1841
70933,1837
70934,1838
70935,1840
70936,1850
70937,1855
70938,1869
70939,1872
70940,1872
70941,1874
70942,1872
70943,1869
70944,1872
70945,1884
70946,1878
70947,1859
70948,1842
70949,1835
70950,1826
70951,1829
70952,1841
70953,1849
70954,1856
70955,1872
70956,1869
70957,1872
70958,1871
70959,1870
70960,1867
70961,1875
70962,1891
70963,1874
70964,1858
70965,1847
70966,1840
70967,1840
70968,1840
70969,1847
70970,1855
70971,1861
70972,1872
70973,1868
70974,1872
70975,1859
70976,1859
70977,1860
70978,1874
70979,1890
70980,1871
70981,1856
70982,1845
70983,1835
70984,1839
70985,1842
70986,1853
70987,1855
70988,1869
70989,1874
70990,1873
70991,1872
70992,1872
70993,1870
70994,1872
70995,1888
70996,1886
70997,1866
70998,1852
70999,1843
71000,1835
71001,1837
71002,1840
71003,1847
71004,1857
71005,1865
71006,1867
71007,1872
71008,1865
71009,1865
71010,1865
71011,1879
71012,1893
71013,1875
71014,1861
71015,1846
71016,526
71017,1648
71018,1953
71019,2023
71020,2000
71021,2000
71022,2017
71023,2006
71024,1962
71025,1901
71026,1879
71027,1920
71028,1925
71029,1873
71030,1843
71031,1826
71032,1814
71033,1808
71034,1808
71035,1838
71036,1873
71037,1904
71038,1941
71039,1956
71040,1937
71041,1911
71042,1861
71043,1837
71044,1817
71045,1818
71046,1808
71047,1397
71048,1343
71049,1872
71050,1969
71051,1975
71052,1979
71053,2000
71054,2006
71055,1956
71056,1895
71057,1904
71058,1890
71059,1826
71060,1804
71061,1831
71062,1858
71063,1870
71064,1862
71065,1856
71066,1872
71067,1903
71068,1936
71069,1942
71070,1931
71071,1893
71072,1854
71073,1813
71074,1783
71075,1769
71076,1782
71077,1802
71078,2774
71079,1051
71080,1850
71081,2003
71082,2029
71083,2013
71084,2015
71085,2011
71086,1955
71087,1886
71088,1873
71089,1857
71090,1817
71091,1809
71092,1831
71093,1844
71094,1877
71095,1903
71096,1913
71097,1926
71098,1953
71099,1968
71100,1956
71101,1921
71102,1864
71103,1809
71104,1769
71105,1762
71106,1769
71107,1792
71108,1808
71109,1823
71110,569
71111,1716
71112,1986
71113,2019
71114,2000
71115,2001
71116,2011
71117,1970
71118,1903
71119,1932
71120,1906
71121,1810
71122,1799
71123,1839
71124,1875
71125,1890
71126,1904
71127,1922
71128,1967
71129,2000
71130,1998
71131,1979
71132,1907
71133,1822
71134,1770
71135,1741
71136,1738
71137,1753
71138,1790
71139,1810
71140,1822
71141,695
71142,1535
71143,1936
71144,2035
71145,2067
71146,2096
71147,2121
71148,2091
71149,2014
71150,1995
71151,1893
71152,1758
71153,1709
71154,1744
71155,1792
71156,1835
71157,1877
71158,1906
71159,1946
71160,1983
71161,2014
71162,1999
71163,1920
71164,1836
71165,1778
71166,1739
71167,1719
71168,1740
71169,1767
71170,1791
71171,1819
71172,2687
71173,1162
71174,1888
71175,2034
71176,2087
71177,2103
71178,2160
71179,2163
71180,2065
71181,1997
71182,1840
71183,1651
71184,1635
71185,1712
71186,1781
71187,1837
71188,1894
71189,1934
71190,1965
71191,2002
71192,2010
71193,1981
71194,1919
71195,1865
71196,1822
71197,1773
71198,1743
71199,1744
71200,1759
71201,1780
71202,1808
71203,2143
71204,723
71205,1806
71206,2003
71207,2062
71208,2065
71209,2079
71210,2079
71211,2019
71212,1969
71213,1863
71214,1769
71215,1781
71216,1822
71217,1833
71218,1851
71219,1884
71220,1909
71221,1961
71222,1996
71223,2005
71224,1980
71225,1905
71226,1840
71227,1802
71228,1797
71229,1775
71230,1777
71231,1779
71232,1783
71233,1789
71234,1799
71235,385
71236,1583
71237,1950
71238,2032
71239,2047
71240,2061
71241,2071
71242,2019
71243,1952
71244,1877
71245,1842
71246,1867
71247,1872
71248,1865
71249,1862
71250,1875
71251,1906
71252,1935
71253,1969
71254,1990
71255,1991
71256,1927
71257,1860
71258,1819
71259,1788
71260,1761
71261,1778
71262,1809
71263,1808
71264,1815
71265,1813
71266,1065
71267,1323
71268,1905
71269,2025
71270,2062
71271,2070
71272,2084
71273,2042
71274,1957
71275,1845
71276,1785
71277,1834
71278,1884
71279,1904
71280,1890
71281,1902
71282,1909
71283,1921
71284,1949
71285,1970
71286,1968
71287,1925
71288,1871
71289,1825
71290,1793
71291,1777
71292,1765
71293,1774
71294,1794
71295,1836
71296,1840
71297,2814
71298,783
71299,1836
71300,2015
71301,2077
71302,2087
71303,2085
71304,2064
71305,1973
71306,1859
71307,1750
71308,1795
71309,1856
71310,1872
71311,1894
71312,1923
71313,1931
71314,1936
71315,1950
71316,1965
71317,1955
71318,1915
71319,1857
71320,1819
71321,1797
71322,1791
71323,1779
71324,1791
71325,1802
71326,1813
71327,1833
71328,1855
71329,329
71330,1702
71331,2005
71332,2089
71333,2097
71334,2102
71335,2093
71336,2013
71337,1886
71338,1730
71339,1755
71340,1814
71341,1841
71342,1850
71343,1885
71344,1929
71345,1966
71346,1981
71347,1978
71348,1967
71349,1921
71350,1851
71351,1805
71352,1792
71353,1792
71354,1794
71355,1807
71356,1809
71357,1823
71358,1834
71359,1840
71360,607
71361,1455
71362,2023
71363,2157
71364,2174
71365,2154
71366,2125
71367,2033
71368,1883
71369,1680
71370,1653
71371,1777
71372,1847
71373,1868
71374,1889
71375,1907
71376,1930
71377,1951
71378,1990
71379,2001
71380,1962
71381,1883
71382,1815
71383,1782
71384,1776
71385,1781
71386,1792
71387,1799
71388,1823
71389,1839
71390,1845
71391,2105
71392,1039
71393,1930
71394,2131
71395,2202
71396,2209
71397,2178
71398,2086
71399,1936
71400,1676
71401,1584
71402,1733
71403,1828
71404,1859
71405,1884
71406,1907
71407,1933
71408,1942
71409,1962
71410,1968
71411,1973
71412,1936
71413,1869
71414,1829
71415,1808
71416,1792
71417,1783
71418,1778
71419,1795
71420,1809
71421,1830
71422,2432
71423,605
71424,1834
71425,2064
71426,2129
71427,2160
71428,2166
71429,2105
71430,1959
71431,1741
71432,1648
71433,1775
71434,1854
71435,1873
71436,1883
71437,1901
71438,1926
71439,1941
71440,1955
71441,1966
71442,1956
71443,1920
71444,1873
71445,1861
71446,1840
71447,1814
71448,1797
71449,1793
71450,1790
71451,1795
71452,1810
71453,1834
71454,233
71455,1616
71456,2031
71457,2141
71458,2184
71459,2201
71460,2134
71461,2064
71462,1862
71463,1648
71464,1715
71465,1805
71466,1830
71467,1846
71468,1863
71469,1888
71470,1906
71471,1927
71472,1940
71473,1937
71474,1917
71475,1875
71476,1859
71477,1857
71478,1863
71479,1859
71480,1834
71481,1811
71482,1806
71483,1801
71484,1808
71485,762
71486,1343
71487,1969
71488,2134
71489,2205
71490,2227
71491,2171
71492,2081
71493,1878
71494,1610
71495,1690
71496,1818
71497,1856
71498,1867
71499,1868
71500,1873
71501,1892
71502,1909
71503,1922
71504,1931
71505,1926
71506,1883
71507,1867
71508,1855
71509,1843
71510,1835
71511,1849
71512,1855
71513,1839
71514,1825
71515,1809
71516,2789
71517,822
71518,1855
71519,2075
71520,2166
71521,2235
71522,2197
71523,2113
71524,1964
71525,1678
71526,1658
71527,1779
71528,1854
71529,1874
71530,1872
71531,1873
71532,1882
71533,1892
71534,1904
71535,1917
71536,1913
71537,1885
71538,1866
71539,1863
71540,1856
71541,1846
71542,1839
71543,1837
71544,1843
71545,1848
71546,1840
71547,1973
71548,400
71549,1745
71550,2030
71551,2140
71552,2197
71553,2178
71554,2119
71555,2002
71556,1690
71557,1621
71558,1775
71559,1843
71560,1868
71561,1899
71562,1924
71563,1923
71564,1922
71565,1920
71566,1914
71567,1904
71568,1881
71569,1857
71570,1846
71571,1851
71572,1853
71573,1844
71574,1840
71575,1824
71576,1822
71577,1827
71578,1849
71579,263
71580,1567
71581,2007
71582,2125
71583,2181
71584,2192
71585,2129
71586,2032
71587,1769
71588,1579
71589,1727
71590,1826
71591,1872
71592,1879
71593,1895
71594,1920
71595,1950
71596,1952
71597,1938
71598,1919
71599,1890
71600,1845
71601,1826
71602,1831
71603,1827
71604,1834
71605,1830
71606,1824
71607,1825
71608,1829
71609,1841
71610,1601
71611,1152
71612,1974
71613,2143
71614,2209
71615,2235
71616,2172
71617,2090
71618,1854
71619,1508
71620,1598
71621,1767
71622,1867
71623,1890
71624,1901
71625,1905
71626,1922
71627,1938
71628,1963
71629,1961
71630,1918
71631,1872
71632,1838
71633,1822
71634,1818
71635,1820
71636,1820
71637,1823
71638,1834
71639,1832
71640,1834
71641,1844
71642,1854
71643,1854
71644,1870
71645,1886
71646,1882
71647,1865
71648,1855
71649,1846
71650,1842
71651,1845
71652,1852
71653,1856
71654,1867
71655,1875
71656,1876
71657,1877
71658,1874
71659,1874
71660,1873
71661,1886
71662,1895
71663,1874
71664,1862
71665,1841
71666,1831
71667,1829
71668,1834
71669,1840
71670,1841
71671,1856
71672,1872
71673,1872
71674,1872
71675,1871
71676,1871
71677,1872
71678,1893
71679,1890
71680,1871
71681,1849
71682,1840
71683,1831
71684,1835
71685,1840
71686,1845
71687,1854
71688,1870
71689,1872
71690,1872
71691,1871
71692,1871
71693,1869
71694,1874
71695,1879
71696,1872
71697,1857
71698,1846
71699,1845
71700,1839
71701,1843
71702,1854
71703,1856
71704,1856
71705,1863
71706,1863
71707,1870
71708,1863
71709,1869
71710,1872
71711,1887
71712,1889
71713,1872
71714,1861
71715,1847
71716,1843
71717,1840
71718,1839
71719,1831
71720,1837
71721,1854
71722,1861
71723,1850
71724,1842
71725,1854
71726,1863
71727,1871
71728,1887
71729,1890
71730,1861
71731,1856
71732,1842
71733,1835
71734,1829
71735,1835
71736,1842
71737,1852
71738,1871
71739,1875
71740,1875
71741,1874
71742,1872
71743,1863
71744,1872
71745,1882
71746,1872
71747,1859
71748,1849
71749,1840
71750,1833
71751,1837
71752,1845
71753,1851
71754,1858
71755,1867
71756,1863
71757,1868
71758,1862
71759,1858
71760,1855
71761,1877
71762,1887
71763,1872
71764,1857
71765,1842
71766,1837
71767,1831
71768,1840
71769,1846
71770,1850
71771,1866
71772,1872
71773,1872
71774,1873
71775,1867
71776,1867
71777,1872
71778,1884
71779,1882
71780,1862
71781,1851
71782,1840
71783,1835
71784,1834
71785,1834
71786,1843
71787,1847
71788,1863
71789,1870
71790,1872
71791,1871
71792,1867
71793,1867
71794,1877
71795,1887
71796,1875
71797,1858
71798,1844
71799,1840
71800,1835
71801,1838
71802,1843
71803,1853
71804,1859
71805,1870
71806,1865
71807,1871
71808,1861
71809,1857
71810,1860
71811,1879
71812,1887
71813,1872
71814,1855
71815,1829
71816,1820
71817,1823
71818,1820
71819,1831
71820,1840
71821,1862
71822,1872
71823,1868
71824,1867
71825,1861
71826,1865
71827,1869
71828,1882
71829,1872
71830,1858
71831,1843
71832,1841
71833,1833
71834,1835
71835,1840
71836,1847
71837,1856
71838,1869
71839,1869
71840,1867
71841,1865
71842,1865
71843,1863
71844,1873
71845,1878
71846,1872
71847,1855
71848,1840
71849,1827
71850,1829
71851,1837
71852,1845
71853,1851
71854,1859
71855,1871
71856,1870
71857,1872
71858,1867
71859,1869
71860,1863
71861,1878
71862,1886
71863,1866
71864,1855
71865,1840
71866,1834
71867,1833
71868,1839
71869,1843
71870,1851
71871,1863
71872,1872
71873,1872
71874,1869
71875,1857
71876,1856
71877,1863
71878,1877
71879,1883
71880,1865
71881,1849
71882,1840
71883,1835
71884,1836
71885,1840
71886,1849
71887,1857
71888,1872
71889,1873
71890,1872
71891,1870
71892,1871
71893,1869
71894,1881
71895,1892
71896,1878
71897,1861
71898,1843
71899,1835
71900,1830
71901,1838
71902,1843
71903,1845
71904,1861
71905,1870
71906,1871
71907,1875
71908,1869
71909,1872
71910,1869
71911,1875
71912,1874
71913,1861
71914,1847
71915,1834
71916,1826
71917,1834
71918,1842
71919,1847
71920,1855
71921,1867
71922,1873
71923,1872
71924,1872
71925,1870
71926,1867
71927,1872
71928,1881
71929,1872
71930,1851
71931,1846
71932,1840
71933,1833
71934,1834
71935,1842
71936,1854
71937,1853
71938,1859
71939,1861
71940,1866
71941,1859
71942,1863
71943,1865
71944,1875
71945,1893
71946,1879
71947,1863
71948,1847
71949,1838
71950,1838
71951,1840
71952,1849
71953,1855
71954,1863
71955,1873
71956,1873
71957,1878
71958,1874
71959,1873
71960,1872
71961,1893
71962,1899
71963,1872
71964,1851
71965,1834
71966,1819
71967,1811
71968,1821
71969,1835
71970,1840
71971,1855
71972,1865
71973,1866
71974,1870
71975,1866
71976,1867
71977,1872
71978,1888
71979,1887
71980,1871
71981,1853
71982,1840
71983,1835
71984,1839
71985,1843
71986,1853
71987,1855
71988,1871
71989,1872
71990,1872
71991,1872
71992,1870
71993,1866
71994,1879
71995,1888
71996,1872
71997,1856
71998,1844
71999,1840
72000,1833
72001,1838
72002,1841
72003,1852
72004,1867
72005,1872
72006,1871
72007,1872
72008,1867
72009,1863
72010,1859
72011,1874
72012,1884
72013,1870
72014,1855
72015,1843
72016,1834
72017,1834
72018,1839
72019,1844
72020,1852
72021,1863
72022,1872
72023,1869
72024,1872
72025,1861
72026,1862
72027,1862
72028,1875
72029,1873
72030,1856
72031,1852
72032,1842
72033,1835
72034,1837
72035,1840
72036,1844
72037,1853
72038,1867
72039,1871
72040,1872
72041,1871
72042,1869
72043,1869
72044,1873
72045,1890
72046,1875
72047,1858
72048,1843
72049,1838
72050,1835
72051,1838
72052,1843
72053,1848
72054,1859
72055,1862
72056,1858
72057,1867
72058,1857
72059,1861
72060,1863
72061,1881
72062,1885
72063,1869
72064,1854
72065,1842
72066,1835
72067,1834
72068,1842
72069,1851
72070,1851
72071,1859
72072,1866
72073,1867
72074,1871
72075,1867
72076,1869
72077,1872
72078,1891
72079,1885
72080,1868
72081,1850
72082,1840
72083,1831
72084,1835
72085,1839
72086,1843
72087,1851
72088,1863
72089,1872
72090,1875
72091,1872
72092,1868
72093,1866
72094,1877
72095,1889
72096,1877
72097,1859
72098,1847
72099,1840
72100,1838
72101,1840
72102,1842
72103,1851
72104,1857
72105,1872
72106,1869
72107,1872
72108,1869
72109,1871
72110,1871
72111,1886
72112,1887
72113,1872
72114,1855
72115,1838
72116,1829
72117,1828
72118,1834
72119,1840
72120,1846
72121,1870
72122,1872
72123,1872
72124,1877
72125,1871
72126,1865
72127,1872
72128,1887
72129,1880
72130,1872
72131,1856
72132,1846
72133,1840
72134,1839
72135,1842
72136,1852
72137,1859
72138,1876
72139,1878
72140,1879
72141,1872
72142,1871
72143,1871
72144,1882
72145,1883
72146,1871
72147,1855
72148,1845
72149,1838
72150,1840
72151,1845
72152,1851
72153,1855
72154,1869
72155,1878
72156,1872
72157,1878
72158,1872
72159,1872
72160,1870
72161,1889
72162,1890
72163,1867
72164,1855
72165,1842
72166,1840
72167,1841
72168,1845
72169,1853
72170,1858
72171,1872
72172,1874
72173,1872
72174,1873
72175,1863
72176,1866
72177,1872
72178,1884
72179,1886
72180,1871
72181,1855
72182,1842
72183,1838
72184,1840
72185,1850
72186,1854
72187,1857
72188,1871
72189,1872
72190,1875
72191,1873
72192,1872
72193,1869
72194,1884
72195,1893
72196,1881
72197,1865
72198,1852
72199,1841
72200,1840
72201,1840
72202,1847
72203,1851
72204,1863
72205,1869
72206,1866
72207,1868
72208,1859
72209,1867
72210,1872
72211,1890
72212,1893
72213,1873
72214,1858
72215,1845
72216,1837
72217,1835
72218,1839
72219,1845
72220,1854
72221,1867
72222,1872
72223,1872
72224,1873
72225,1870
72226,1869
72227,1872
72228,1885
72229,1874
72230,1855
72231,1839
72232,1834
72233,1831
72234,1833
72235,1838
72236,1843
72237,1853
72238,1867
72239,1861
72240,1863
72241,1864
72242,1867
72243,1867
72244,1879
72245,1890
72246,1877
72247,1862
72248,1849
72249,1840
72250,1836
72251,1840
72252,1846
72253,1855
72254,1863
72255,1872
72256,1872
72257,1872
72258,1869
72259,1870
72260,1869
72261,1885
72262,1891
72263,1872
72264,1858
72265,1840
72266,1827
72267,1830
72268,1839
72269,1853
72270,1856
72271,1866
72272,1870
72273,1869
72274,1872
72275,1870
72276,1869
72277,1875
72278,1891
72279,1885
72280,1869
72281,1855
72282,1845
72283,1837
72284,1839
72285,1841
72286,1847
72287,1855
72288,1871
72289,1870
72290,1873
72291,1871
72292,1870
72293,1869
72294,1881
72295,1886
72296,1870
72297,1854
72298,1840
72299,1835
72300,1837
72301,1840
72302,1843
72303,1850
72304,1859
72305,1871
72306,1872
72307,1873
72308,1870
72309,1871
72310,1869
72311,1886
72312,1887
72313,1871
72314,1854
72315,1841
72316,1834
72317,1834
72318,1838
72319,1853
72320,1856
72321,1866
72322,1871
72323,1871
72324,1872
72325,1859
72326,1862
72327,1872
72328,1886
72329,1874
72330,1857
72331,1847
72332,1840
72333,1835
72334,1837
72335,1843
72336,1850
72337,1858
72338,1872
72339,1870
72340,1872
72341,1871
72342,1872
72343,1869
72344,1881
72345,1894
72346,1872
72347,1856
72348,1846
72349,1840
72350,1839
72351,1842
72352,1851
72353,1856
72354,1865
72355,1869
72356,1867
72357,1867
72358,1858
72359,1858
72360,1868
72361,1887
72362,1891
72363,1872
72364,1856
72365,1840
72366,1834
72367,1838
72368,1839
72369,1845
72370,1849
72371,1870
72372,1872
72373,1872
72374,1872
72375,1870
72376,1871
72377,1873
72378,1890
72379,1885
72380,1866
72381,1853
72382,1842
72383,1837
72384,1840
72385,1842
72386,1846
72387,1851
72388,1862
72389,1870
72390,1872
72391,1867
72392,1872
72393,1866
72394,1880
72395,1893
72396,1876
72397,1861
72398,1845
72399,1838
72400,1838
72401,1839
72402,1847
72403,1855
72404,1863
72405,1873
72406,1871
72407,1872
72408,1871
72409,1867
72410,1872
72411,1886
72412,1887
72413,1870
72414,1856
72415,1838
72416,1828
72417,1827
72418,1833
72419,1844
72420,1851
72421,1867
72422,1870
72423,1871
72424,1872
72425,1872
72426,1871
72427,1875
72428,1890
72429,1878
72430,1867
72431,1851
72432,1840
72433,1835
72434,1835
72435,1841
72436,1845
72437,1856
72438,1871
72439,1871
72440,1873
72441,1870
72442,1867
72443,1866
72444,1879
72445,1885
72446,1871
72447,1855
72448,1840
72449,1833
72450,1829
72451,1829
72452,1842
72453,1849
72454,1861
72455,1872
72456,1869
72457,1872
72458,1872
72459,1872
72460,1872
72461,1887
72462,1886
72463,1870
72464,1856
72465,1843
72466,1835
72467,1838
72468,1841
72469,1849
72470,1857
72471,1872
72472,1872
72473,1871
72474,1870
72475,1861
72476,1861
72477,1867
72478,1888
72479,1886
72480,1871
72481,1853
72482,1841
72483,1834
72484,1836
72485,1843
72486,1851
72487,1861
72488,1872
72489,1872
72490,1877
72491,1872
72492,1872
72493,1870
72494,1883
72495,1894
72496,1872
72497,1857
72498,1842
72499,1835
72500,1837
72501,1842
72502,1850
72503,1854
72504,1862
72505,1868
72506,1859
72507,1862
72508,1860
72509,1867
72510,1872
72511,1885
72512,1889
72513,1869
72514,1852
72515,1840
72516,1836
72517,1840
72518,1840
72519,1856
72520,1859
72521,1871
72522,1872
72523,1869
72524,1863
72525,1861
72526,1862
72527,1872
72528,1887
72529,1871
72530,1851
72531,1843
72532,1838
72533,1831
72534,1839
72535,1842
72536,1849
72537,1859
72538,1871
72539,1867
72540,1859
72541,1853
72542,1859
72543,1860
72544,1873
72545,1888
72546,1876
72547,1863
72548,1850
72549,1837
72550,1835
72551,1840
72552,1846
72553,1854
72554,1867
72555,1874
72556,1872
72557,1872
72558,1868
72559,1869
72560,1867
72561,1882
72562,1887
72563,1870
72564,1856
72565,1840
72566,1830
72567,1831
72568,1839
72569,1851
72570,1855
72571,1867
72572,1872
72573,1872
72574,1872
72575,1871
72576,1866
72577,1879
72578,1894
72579,1884
72580,1863
72581,1852
72582,1839
72583,1831
72584,1839
72585,1846
72586,1855
72587,1857
72588,1872
72589,1870
72590,1873
72591,1870
72592,1869
72593,1863
72594,1881
72595,1887
72596,1869
72597,1853
72598,1840
72599,1839
72600,1838
72601,1841
72602,1846
72603,1851
72604,1861
72605,1871
72606,1871
72607,1872
72608,1868
72609,1869
72610,1868
72611,1889
72612,1888
72613,1869
72614,1855
72615,1841
72616,1835
72617,1833
72618,1838
72619,1849
72620,1854
72621,1871
72622,1872
72623,1872
72624,1873
72625,1863
72626,1863
72627,1876
72628,1891
72629,1873
72630,1851
72631,1842
72632,1834
72633,1830
72634,1835
72635,1845
72636,1855
72637,1867
72638,1878
72639,1875
72640,1873
72641,1871
72642,1360
72643,1431
72644,1965
72645,2069
72646,2039
72647,2001
72648,1994
72649,1983
72650,1927
72651,1871
72652,1859
72653,1892
72654,1923
72655,1897
72656,1850
72657,1831
72658,1811
72659,1819
72660,1837
72661,1879
72662,1919
72663,1922
72664,1935
72665,1936
72666,1914
72667,1877
72668,1841
72669,1827
72670,1792
72671,1785
72672,1778
72673,2827
72674,997
72675,1842
72676,2014
72677,2055
72678,2045
72679,2037
72680,2018
72681,1942
72682,1865
72683,1856
72684,1867
72685,1833
72686,1792
72687,1789
72688,1815
72689,1841
72690,1858
72691,1870
72692,1891
72693,1925
72694,1981
72695,2000
72696,1970
72697,1915
72698,1845
72699,1795
72700,1759
72701,1744
72702,1754
72703,1777
72704,1834
72705,709
72706,1763
72707,1986
72708,2028
72709,2019
72710,2023
72711,2045
72712,2000
72713,1914
72714,1872
72715,1853
72716,1821
72717,1798
72718,1813
72719,1839
72720,1861
72721,1893
72722,1907
72723,1936
72724,1975
72725,2001
72726,2000
72727,1981
72728,1925
72729,1845
72730,1785
72731,1745
72732,1734
72733,1744
72734,1761
72735,1790
72736,558
72737,1584
72738,1941
72739,2013
72740,2026
72741,2025
72742,2059
72743,2032
72744,1989
72745,1983
72746,1967
72747,1891
72748,1779
72749,1753
72750,1777
72751,1810
72752,1845
72753,1885
72754,1935
72755,1979
72756,1995
72757,1989
72758,1935
72759,1858
72760,1808
72761,1787
72762,1775
72763,1763
72764,1771
72765,1776
72766,1785
72767,2112
72768,1219
72769,1883
72770,2011
72771,2055
72772,2067
72773,2101
72774,2100
72775,2018
72776,1987
72777,1982
72778,1851
72779,1723
72780,1728
72781,1782
72782,1817
72783,1847
72784,1879
72785,1922
72786,1969
72787,2000
72788,1988
72789,1935
72790,1862
72791,1808
72792,1770
72793,1754
72794,1781
72795,1807
72796,1808
72797,1814
72798,2511
72799,881
72800,1813
72801,1997
72802,2058
72803,2072
72804,2121
72805,2128
72806,2053
72807,2001
72808,1922
72809,1751
72810,1695
72811,1744
72812,1799
72813,1840
72814,1871
72815,1898
72816,1925
72817,1973
72818,1991
72819,1978
72820,1917
72821,1856
72822,1805
72823,1775
72824,1758
72825,1763
72826,1781
72827,1811
72828,1844
72829,1842
72830,402
72831,1645
72832,1940
72833,2001
72834,2020
72835,2055
72836,2085
72837,2037
72838,1983
72839,1925
72840,1829
72841,1781
72842,1788
72843,1825
72844,1875
72845,1919
72846,1931
72847,1948
72848,1969
72849,1983
72850,1970
72851,1923
72852,1855
72853,1811
72854,1792
72855,1778
72856,1771
72857,1764
72858,1771
72859,1792
72860,1823
72861,1040
72862,1403
72863,1935
72864,2016
72865,2022
72866,2025
72867,2047
72868,2026
72869,1959
72870,1910
72871,1850
72872,1838
72873,1840
72874,1856
72875,1869
72876,1894
72877,1933
72878,1973
72879,1989
72880,1990
72881,1971
72882,1917
72883,1834
72884,1784
72885,1763
72886,1761
72887,1776
72888,1797
72889,1806
72890,1817
72891,1825
72892,2849
72893,935
72894,1887
72895,2064
72896,2093
72897,2090
72898,2087
72899,2063
72900,1955
72901,1872
72902,1786
72903,1775
72904,1808
72905,1847
72906,1872
72907,1904
72908,1923
72909,1950
72910,1981
72911,2019
72912,2019
72913,1955
72914,1871
72915,1808
72916,1770
72917,1744
72918,1746
72919,1765
72920,1779
72921,1808
72922,1827
72923,1995
72924,523
72925,1776
72926,2019
72927,2112
72928,2137
72929,2130
72930,2099
72931,1987
72932,1878
72933,1735
72934,1719
72935,1778
72936,1825
72937,1863
72938,1902
72939,1923
72940,1953
72941,1979
72942,1998
72943,1995
72944,1979
72945,1906
72946,1840
72947,1798
72948,1769
72949,1749
72950,1747
72951,1763
72952,1793
72953,1810
72954,1839
72955,306
72956,1581
72957,2011
72958,2131
72959,2157
72960,2166
72961,2177
72962,2083
72963,1904
72964,1679
72965,1676
72966,1744
72967,1808
72968,1840
72969,1867
72970,1904
72971,1942
72972,1970
72973,1993
72974,1991
72975,1958
72976,1893
72977,1855
72978,1841
72979,1823
72980,1804
72981,1786
72982,1776
72983,1779
72984,1795
72985,1809
72986,1599
72987,1138
72988,1943
72989,2128
72990,2190
72991,2193
72992,2192
72993,2107
72994,1949
72995,1731
72996,1658
72997,1744
72998,1808
72999,1835
73000,1844
73001,1872
73002,1911
73003,1942
73004,1979
73005,1993
73006,1977
73007,1919
73008,1856
73009,1825
73010,1813
73011,1830
73012,1825
73013,1808
73014,1798
73015,1796
73016,1798
73017,2559
73018,624
73019,1819
73020,2073
73021,2171
73022,2194
73023,2195
73024,2129
73025,1971
73026,1758
73027,1669
73028,1776
73029,1842
73030,1859
73031,1854
73032,1867
73033,1885
73034,1910
73035,1941
73036,1964
73037,1966
73038,1935
73039,1872
73040,1847
73041,1822
73042,1812
73043,1811
73044,1835
73045,1834
73046,1823
73047,1822
73048,1815
73049,211
73050,1632
73051,2022
73052,2142
73053,2185
73054,2213
73055,2169
73056,2036
73057,1826
73058,1625
73059,1697
73060,1819
73061,1871
73062,1879
73063,1875
73064,1897
73065,1907
73066,1925
73067,1937
73068,1943
73069,1921
73070,1874
73071,1857
73072,1840
73073,1826
73074,1815
73075,1807
73076,1805
73077,1824
73078,1850
73079,1854
73080,553
73081,1437
73082,1982
73083,2109
73084,2160
73085,2190
73086,2139
73087,2047
73088,1851
73089,1642
73090,1727
73091,1834
73092,1869
73093,1872
73094,1904
73095,1931
73096,1931
73097,1936
73098,1937
73099,1934
73100,1905
73101,1859
73102,1838
73103,1824
73104,1825
73105,1818
73106,1819
73107,1821
73108,1821
73109,1828
73110,1840
73111,2032
73112,1057
73113,1933
73114,2112
73115,2176
73116,2205
73117,2162
73118,2090
73119,1905
73120,1642
73121,1651
73122,1779
73123,1839
73124,1855
73125,1873
73126,1897
73127,1931
73128,1957
73129,1945
73130,1929
73131,1902
73132,1861
73133,1834
73134,1828
73135,1829
73136,1829
73137,1830
73138,1839
73139,1831
73140,1841
73141,1838
73142,1987
73143,403
73144,1797
73145,2111
73146,2194
73147,2227
73148,2206
73149,2137
73150,1983
73151,1683
73152,1600
73153,1727
73154,1790
73155,1827
73156,1853
73157,1884
73158,1911
73159,1930
73160,1949
73161,1967
73162,1958
73163,1913
73164,1867
73165,1840
73166,1826
73167,1817
73168,1813
73169,1821
73170,1817
73171,1833
73172,1834
73173,1840
73174,207
73175,1618
73176,2047
73177,2183
73178,2250
73179,2252
73180,2163
73181,2023
73182,1731
73183,1535
73184,1687
73185,1786
73186,1830
73187,1857
73188,1886
73189,1904
73190,1926
73191,1936
73192,1941
73193,1938
73194,1935
73195,1899
73196,1870
73197,1851
73198,1822
73199,1808
73200,1799
73201,1803
73202,1811
73203,1819
73204,1837
73205,1210
73206,1233
73207,1975
73208,2143
73209,2212
73210,2254
73211,2212
73212,2109
73213,1860
73214,1563
73215,1634
73216,1770
73217,1833
73218,1854
73219,1871
73220,1893
73221,1921
73222,1933
73223,1939
73224,1936
73225,1916
73226,1883
73227,1874
73228,1877
73229,1853
73230,1834
73231,1823
73232,1808
73233,1797
73234,1806
73235,1811
73236,2835
73237,739
73238,1872
73239,2112
73240,2208
73241,2253
73242,2226
73243,2143
73244,1973
73245,1669
73246,1635
73247,1728
73248,1790
73249,1814
73250,1839
73251,1867
73252,1898
73253,1914
73254,1936
73255,1936
73256,1928
73257,1900
73258,1860
73259,1853
73260,1854
73261,1872
73262,1858
73263,1835
73264,1818
73265,1808
73266,1805
73267,1808
73268,1827
73269,1842
73270,1854
73271,1871
73272,1872
73273,1872
73274,1873
73275,1872
73276,1872
73277,1887
73278,1899
73279,1883
73280,1869
73281,1855
73282,1846
73283,1842
73284,1846
73285,1850
73286,1856
73287,1866
73288,1872
73289,1874
73290,1876
73291,1871
73292,1871
73293,1872
73294,1886
73295,1886
73296,1871
73297,1854
73298,1842
73299,1836
73300,1837
73301,1842
73302,1852
73303,1856
73304,1865
73305,1866
73306,1868
73307,1872
73308,1872
73309,1867
73310,1875
73311,1887
73312,1877
73313,1859
73314,1854
73315,1839
73316,1830
73317,1835
73318,1838
73319,1843
73320,1850
73321,1868
73322,1872
73323,1878
73324,1879
73325,1872
73326,1859
73327,1874
73328,1885
73329,1866
73330,1856
73331,1842
73332,1842
73333,1850
73334,1859
73335,1866
73336,1867
73337,1859
73338,1853
73339,1846
73340,1858
73341,1861
73342,1858
73343,1847
73344,1872
73345,1877
73346,1861
73347,1856
73348,1843
73349,1835
73350,1836
73351,1839
73352,1839
73353,1849
73354,1870
73355,1874
73356,1874
73357,1874
73358,1871
73359,1862
73360,1869
73361,1888
73362,1881
73363,1862
73364,1850
73365,1838
73366,1838
73367,1840
73368,1845
73369,1854
73370,1859
73371,1870
73372,1868
73373,1872
73374,1871
73375,1864
73376,1858
73377,1872
73378,1883
73379,1875
73380,1859
73381,1842
73382,1831
73383,1835
73384,1835
73385,1843
73386,1850
73387,1856
73388,1871
73389,1871
73390,1872
73391,1870
73392,1866
73393,1867
73394,1882
73395,1887
73396,1871
73397,1856
73398,1842
73399,1837
73400,1836
73401,1839
73402,1845
73403,1854
73404,1867
73405,1862
73406,1862
73407,1868
73408,1857
73409,1865
73410,1872
73411,1882
73412,1875
73413,1863
73414,1850
73415,1841
73416,1837
73417,1835
73418,1840
73419,1845
73420,1853
73421,1868
73422,1864
73423,1871
73424,1867
73425,1865
73426,1863
73427,1876
73428,1887
73429,1863
73430,1849
73431,1840
73432,1831
73433,1827
73434,1833
73435,1840
73436,1847
73437,1858
73438,1863
73439,1853
73440,1861
73441,1855
73442,1858
73443,1863
73444,1875
73445,1884
73446,1866
73447,1855
73448,1841
73449,1831
73450,1835
73451,1840
73452,1840
73453,1843
73454,1862
73455,1867
73456,1866
73457,1871
73458,1867
73459,1866
73460,1872
73461,1885
73462,1874
73463,1856
73464,1849
73465,1833
73466,1819
73467,1821
73468,1835
73469,1849
73470,1858
73471,1872
73472,1869
73473,1872
73474,1870
73475,1866
73476,1862
73477,1877
73478,1884
73479,1871
73480,1856
73481,1840
73482,1834
73483,1833
73484,1838
73485,1842
73486,1852
73487,1858
73488,1869
73489,1866
73490,1871
73491,1862
73492,1865
73493,1868
73494,1884
73495,1877
73496,1858
73497,1843
73498,1833
73499,1830
73500,1835
73501,1840
73502,1847
73503,1851
73504,1862
73505,1870
73506,1871
73507,1866
73508,1863
73509,1861
73510,1872
73511,1887
73512,1877
73513,1859
73514,1846
73515,1840
73516,1836
73517,1840
73518,1843
73519,1850
73520,1859
73521,1872
73522,1867
73523,1871
73524,1868
73525,1856
73526,1855
73527,1872
73528,1881
73529,1870
73530,1852
73531,1843
73532,1838
73533,1837
73534,1840
73535,1849
73536,1851
73537,1865
73538,1872
73539,1872
73540,1875
73541,1871
73542,1874
73543,1872
73544,1881
73545,1886
73546,1870
73547,1854
73548,1842
73549,1839
73550,1839
73551,1843
73552,1849
73553,1854
73554,1870
73555,1870
73556,1867
73557,1869
73558,1858
73559,1853
73560,1853
73561,1875
73562,1875
73563,1857
73564,1842
73565,1837
73566,1834
73567,1840
73568,1851
73569,1860
73570,1865
73571,1872
73572,1869
73573,1869
73574,1859
73575,1861
73576,1856
73577,1873
73578,1887
73579,1870
73580,1854
73581,1844
73582,1839
73583,1836
73584,1840
73585,1841
73586,1847
73587,1859
73588,1867
73589,1872
73590,1872
73591,1870
73592,1867
73593,1867
73594,1886
73595,1885
73596,1869
73597,1856
73598,1841
73599,1837
73600,1834
73601,1840
73602,1847
73603,1853
73604,1870
73605,1872
73606,1872
73607,1871
73608,1869
73609,1868
73610,1877
73611,1891
73612,1886
73613,1862
73614,1845
73615,1835
73616,1828
73617,1826
73618,1835
73619,1850
73620,1861
73621,1872
73622,1866
73623,1866
73624,1859
73625,1858
73626,1856
73627,1877
73628,1891
73629,1872
73630,1857
73631,1843
73632,1840
73633,1839
73634,1840
73635,1845
73636,1851
73637,1861
73638,1872
73639,1869
73640,1872
73641,1866
73642,1862
73643,1863
73644,1881
73645,1877
73646,1856
73647,1842
73648,1837
73649,1826
73650,1824
73651,1835
73652,1840
73653,1849
73654,1869
73655,1872
73656,1870
73657,1872
73658,1872
73659,1869
73660,1872
73661,1888
73662,1879
73663,1863
73664,1855
73665,1846
73666,1838
73667,1835
73668,1835
73669,1840
73670,1849
73671,1869
73672,1866
73673,1871
73674,1861
73675,1856
73676,1858
73677,1872
73678,1884
73679,1874
73680,1856
73681,1845
73682,1835
73683,1838
73684,1840
73685,1850
73686,1853
73687,1862
73688,1872
73689,1869
73690,1872
73691,1867
73692,1865
73693,1870
73694,1886
73695,1887
73696,1870
73697,1853
73698,1840
73699,1830
73700,1829
73701,1834
73702,1842
73703,1850
73704,1869
73705,1872
73706,1873
73707,1872
73708,1862
73709,1867
73710,1873
73711,1893
73712,1878
73713,1863
73714,1845
73715,1835
73716,1827
73717,1829
73718,1840
73719,1823
73720,1856
73721,1868
73722,1867
73723,1872
73724,1863
73725,1863
73726,1866
73727,1885
73728,1894
73729,1871
73730,1854
73731,1840
73732,1831
73733,1834
73734,1837
73735,1842
73736,1848
73737,1856
73738,1867
73739,1862
73740,1860
73741,1863
73742,1865
73743,1872
73744,1885
73745,1888
73746,1862
73747,1851
73748,1842
73749,1840
73750,1837
73751,1842
73752,1850
73753,1856
73754,1870
73755,1872
73756,1873
73757,1874
73758,1872
73759,1867
73760,1873
73761,1890
73762,1886
73763,1871
73764,1852
73765,1839
73766,1834
73767,1834
73768,1842
73769,1851
73770,1859
73771,1875
73772,1872
73773,1872
73774,1872
73775,1870
73776,1865
73777,1879
73778,1891
73779,1874
73780,1863
73781,1853
73782,1843
73783,1840
73784,1841
73785,1850
73786,1852
73787,1867
73788,1872
73789,1870
73790,1878
73791,1872
73792,1872
73793,1872
73794,1888
73795,1883
73796,1863
73797,1851
73798,1842
73799,1838
73800,1839
73801,1841
73802,1850
73803,1857
73804,1870
73805,1872
73806,1873
73807,1876
73808,1870
73809,1867
73810,1875
73811,1894
73812,1883
73813,1867
73814,1853
73815,1840
73816,1837
73817,1840
73818,1847
73819,1853
73820,1861
73821,1870
73822,1872
73823,1875
73824,1871
73825,1863
73826,1866
73827,1879
73828,1889
73829,1871
73830,1850
73831,1845
73832,1837
73833,1839
73834,1841
73835,1851
73836,1854
73837,1869
73838,1873
73839,1872
73840,1874
73841,1869
73842,1867
73843,1867
73844,1885
73845,1883
73846,1866
73847,1855
73848,1847
73849,1841
73850,1842
73851,1843
73852,1854
73853,1858
73854,1866
73855,1862
73856,1858
73857,1857
73858,1858
73859,1857
73860,1875
73861,1892
73862,1881
73863,1862
73864,1847
73865,1840
73866,1835
73867,1840
73868,1847
73869,1854
73870,1862
73871,1874
73872,1872
73873,1873
73874,1870
73875,1869
73876,1869
73877,1879
73878,1887
73879,1872
73880,1857
73881,1849
73882,1840
73883,1839
73884,1846
73885,1847
73886,1850
73887,1862
73888,1869
73889,1871
73890,1872
73891,1870
73892,1869
73893,1872
73894,1887
73895,1890
73896,1865
73897,1853
73898,1840
73899,1835
73900,1838
73901,1841
73902,1851
73903,1855
73904,1869
73905,1872
73906,1872
73907,1872
73908,1871
73909,1868
73910,1873
73911,1889
73912,1875
73913,1858
73914,1851
73915,1831
73916,1826
73917,1833
73918,1839
73919,1846
73920,1856
73921,1874
73922,1872
73923,1876
73924,1871
73925,1872
73926,1868
73927,1881
73928,1883
73929,1861
73930,1855
73931,1841
73932,1837
73933,1833
73934,1839
73935,1850
73936,1854
73937,1870
73938,1874
73939,1872
73940,1873
73941,1866
73942,1866
73943,1869
73944,1886
73945,1879
73946,1858
73947,1846
73948,1838
73949,1830
73950,1838
73951,1840
73952,1851
73953,1856
73954,1869
73955,1871
73956,1870
73957,1870
73958,1867
73959,1867
73960,1875
73961,1891
73962,1879
73963,1860
73964,1849
73965,1839
73966,1835
73967,1840
73968,1847
73969,1855
73970,1862
73971,1872
73972,1871
73973,1872
73974,1861
73975,1859
73976,1858
73977,1875
73978,1884
73979,1872
73980,1856
73981,1842
73982,1835
73983,1835
73984,1840
73985,1846
73986,1850
73987,1859
73988,1870
73989,1867
73990,1872
73991,1871
73992,1871
73993,1871
73994,1888
73995,1889
73996,1870
73997,1856
73998,1842
73999,1839
74000,1836
74001,1840
74002,1849
74003,1856
74004,1867
74005,1865
74006,1867
74007,1862
74008,1859
74009,1864
74010,1872
74011,1887
74012,1878
74013,1859
74014,1850
74015,1840
74016,1837
74017,1837
74018,1849
74019,1850
74020,1859
74021,1872
74022,1872
74023,1873
74024,1866
74025,1862
74026,1865
74027,1883
74028,1888
74029,1865
74030,1850
74031,1840
74032,1830
74033,1826
74034,1833
74035,1840
74036,1851
74037,1863
74038,1872
74039,1867
74040,1865
74041,1863
74042,1866
74043,1870
74044,1887
74045,1885
74046,1869
74047,1854
74048,1840
74049,1834
74050,1836
74051,1843
74052,1853
74053,1855
74054,1870
74055,1872
74056,1872
74057,1870
74058,1868
74059,1868
74060,1876
74061,1894
74062,1878
74063,1861
74064,1853
74065,1837
74066,1832
74067,1839
74068,1842
74069,1849
74070,1856
74071,1872
74072,1872
74073,1872
74074,1867
74075,1869
74076,1868
74077,1883
74078,1888
74079,1873
74080,1856
74081,1845
74082,1839
74083,1838
74084,1840
74085,1851
74086,1853
74087,1866
74088,1870
74089,1867
74090,1872
74091,1866
74092,1867
74093,1872
74094,1890
74095,1888
74096,1867
74097,1845
74098,1837
74099,1839
74100,1838
74101,1840
74102,1847
74103,1857
74104,1871
74105,1869
74106,1871
74107,1871
74108,1868
74109,1866
74110,1875
74111,1887
74112,1883
74113,1859
74114,1847
74115,1834
74116,1829
74117,1835
74118,1843
74119,1851
74120,1858
74121,1872
74122,1872
74123,1872
74124,1866
74125,1861
74126,1861
74127,1878
74128,1883
74129,1867
74130,1851
74131,1846
74132,1839
74133,1839
74134,1837
74135,1840
74136,1849
74137,1866
74138,1872
74139,1872
74140,1873
74141,1869
74142,1871
74143,1872
74144,1886
74145,1883
74146,1863
74147,1851
74148,1840
74149,1834
74150,1839
74151,1843
74152,1853
74153,1859
74154,1872
74155,1869
74156,1866
74157,1863
74158,1865
74159,1860
74160,1877
74161,1890
74162,1878
74163,1863
74164,1854
74165,1841
74166,1839
74167,1840
74168,1847
74169,1854
74170,1862
74171,1871
74172,1863
74173,1871
74174,1865
74175,1869
74176,1866
74177,1883
74178,1888
74179,1871
74180,1856
74181,1843
74182,1838
74183,1838
74184,1840
74185,1843
74186,1847
74187,1861
74188,1867
74189,1867
74190,1872
74191,1869
74192,1869
74193,1874
74194,1898
74195,1891
74196,1872
74197,1858
74198,1846
74199,1837
74200,1840
74201,1840
74202,1843
74203,1849
74204,1866
74205,1870
74206,1872
74207,1872
74208,1867
74209,1865
74210,1872
74211,1883
74212,1869
74213,1852
74214,1840
74215,1830
74216,1826
74217,1833
74218,1843
74219,1853
74220,1861
74221,1872
74222,1869
74223,1872
74224,1865
74225,1865
74226,1865
74227,1883
74228,1893
74229,1872
74230,1858
74231,1843
74232,1838
74233,1837
74234,1840
74235,1847
74236,1853
74237,1865
74238,1872
74239,1871
74240,1872
74241,1869
74242,1870
74243,1872
74244,1891
74245,1879
74246,1861
74247,1847
74248,1840
74249,1826
74250,1831
74251,1833
74252,1846
74253,1853
74254,1868
74255,1872
74256,1875
74257,1872
74258,1872
74259,1869
74260,1879
74261,1893
74262,1877
74263,1859
74264,1845
74265,1840
74266,1838
74267,1840
74268,2928
74269,1070
74270,1895
74271,2059
74272,2065
74273,2041
74274,2032
74275,2032
74276,1997
74277,1945
74278,1909
74279,1891
74280,1873
74281,1822
74282,1798
74283,1803
74284,1803
74285,1812
74286,1825
74287,1851
74288,1890
74289,1925
74290,1958
74291,1968
74292,1964
74293,1930
74294,1892
74295,1856
74296,1807
74297,1766
74298,1756
74299,1837
74300,637
74301,1730
74302,1958
74303,2006
74304,2011
74305,2015
74306,2032
74307,1982
74308,1904
74309,1883
74310,1903
74311,1897
74312,1844
74313,1813
74314,1811
74315,1810
74316,1828
74317,1839
74318,1863
74319,1905
74320,1946
74321,1977
74322,1965
74323,1939
74324,1885
74325,1846
74326,1813
74327,1808
74328,1804
74329,1786
74330,1783
74331,546
74332,1523
74333,1899
74334,1977
74335,1987
74336,1989
74337,2017
74338,2000
74339,1939
74340,1905
74341,1905
74342,1879
74343,1840
74344,1854
74345,1861
74346,1861
74347,1869
74348,1872
74349,1887
74350,1926
74351,1966
74352,1977
74353,1965
74354,1931
74355,1865
74356,1815
74357,1779
74358,1769
74359,1776
74360,1806
74361,1833
74362,1868
74363,1286
74364,1874
74365,1978
74366,1999
74367,2007
74368,2058
74369,2068
74370,2017
74371,1987
74372,1970
74373,1890
74374,1762
74375,1750
74376,1793
74377,1845
74378,1875
74379,1884
74380,1905
74381,1941
74382,1963
74383,1963
74384,1930
74385,1862
74386,1811
74387,1781
74388,1760
74389,1768
74390,1786
74391,1802
74392,1813
74393,2727
74394,966
74395,1861
74396,2011
74397,2039
74398,2042
74399,2080
74400,2096
74401,2033
74402,2000
74403,1970
74404,1821
74405,1717
74406,1721
74407,1775
74408,1819
74409,1867
74410,1918
74411,1978
74412,2016
74413,2022
74414,1990
74415,1935
74416,1840
74417,1765
74418,1732
74419,1738
74420,1758
74421,1787
74422,1799
74423,1823
74424,1834
74425,525
74426,1720
74427,2001
74428,2080
74429,2080
74430,2096
74431,2117
74432,2057
74433,1982
74434,1914
74435,1755
74436,1674
74437,1717
74438,1792
74439,1843
74440,1888
74441,1920
74442,1948
74443,1984
74444,2026
74445,2016
74446,1953
74447,1862
74448,1797
74449,1759
74450,1731
74451,1730
74452,1747
74453,1778
74454,1809
74455,1829
74456,886
74457,1433
74458,1939
74459,2037
74460,2070
74461,2107
74462,2110
74463,2063
74464,1963
74465,1887
74466,1781
74467,1751
74468,1785
74469,1837
74470,1872
74471,1904
74472,1929
74473,1957
74474,1981
74475,2002
74476,2001
74477,1977
74478,1904
74479,1824
74480,1779
74481,1744
74482,1732
74483,1744
74484,1755
74485,1787
74486,1808
74487,2246
74488,1130
74489,1904
74490,2039
74491,2083
74492,2084
74493,2107
74494,2099
74495,2007
74496,1911
74497,1790
74498,1750
74499,1782
74500,1825
74501,1856
74502,1885
74503,1915
74504,1952
74505,1979
74506,2003
74507,2000
74508,1957
74509,1886
74510,1847
74511,1822
74512,1789
74513,1761
74514,1745
74515,1753
74516,1771
74517,1790
74518,1910
74519,479
74520,1761
74521,2015
74522,2083
74523,2096
74524,2097
74525,2093
74526,2000
74527,1926
74528,1829
74529,1781
74530,1810
74531,1840
74532,1846
74533,1861
74534,1893
74535,1926
74536,1958
74537,1995
74538,2004
74539,1975
74540,1904
74541,1835
74542,1804
74543,1792
74544,1789
74545,1791
74546,1781
74547,1785
74548,1793
74549,1792
74550,320
74551,1522
74552,1967
74553,2087
74554,2130
74555,2140
74556,2134
74557,2063
74558,1952
74559,1791
74560,1742
74561,1808
74562,1840
74563,1854
74564,1869
74565,1886
74566,1902
74567,1929
74568,1963
74569,1978
74570,1963
74571,1908
74572,1846
74573,1827
74574,1801
74575,1782
74576,1781
74577,1808
74578,1825
74579,1829
74580,1824
74581,1355
74582,1189
74583,1917
74584,2088
74585,2147
74586,2159
74587,2167
74588,2096
74589,1952
74590,1762
74591,1666
74592,1750
74593,1840
74594,1887
74595,1898
74596,1905
74597,1913
74598,1925
74599,1943
74600,1955
74601,1942
74602,1891
74603,1837
74604,1814
74605,1798
74606,1802
74607,1803
74608,1809
74609,1827
74610,1857
74611,1875
74612,2768
74613,722
74614,1845
74615,2065
74616,2140
74617,2164
74618,2161
74619,2106
74620,1975
74621,1787
74622,1655
74623,1738
74624,1823
74625,1858
74626,1877
74627,1917
74628,1937
74629,1941
74630,1947
74631,1958
74632,1938
74633,1897
74634,1834
74635,1799
74636,1794
74637,1808
74638,1809
74639,1805
74640,1811
74641,1819
74642,1827
74643,1844
74644,269
74645,1719
74646,2055
74647,2147
74648,2174
74649,2178
74650,2131
74651,2022
74652,1824
74653,1622
74654,1698
74655,1808
74656,1855
74657,1872
74658,1894
74659,1917
74660,1947
74661,1974
74662,1975
74663,1958
74664,1906
74665,1844
74666,1815
74667,1808
74668,1803
74669,1808
74670,1808
74671,1813
74672,1818
74673,1835
74674,1840
74675,587
74676,1435
74677,2021
74678,2167
74679,2201
74680,2209
74681,2150
74682,2039
74683,1852
74684,1599
74685,1647
74686,1782
74687,1856
74688,1878
74689,1891
74690,1910
74691,1926
74692,1942
74693,1968
74694,1979
74695,1952
74696,1891
74697,1840
74698,1813
74699,1802
74700,1798
74701,1801
74702,1802
74703,1808
74704,1829
74705,1835
74706,1712
74707,1108
74708,1943
74709,2126
74710,2210
74711,2259
74712,2201
74713,2105
74714,1917
74715,1602
74716,1584
74717,1744
74718,1828
74719,1847
74720,1872
74721,1903
74722,1919
74723,1937
74724,1954
74725,1959
74726,1943
74727,1923
74728,1878
74729,1839
74730,1811
74731,1802
74732,1791
74733,1793
74734,1801
74735,1808
74736,1820
74737,2135
74738,490
74739,1814
74740,2113
74741,2213
74742,2259
74743,2240
74744,2179
74745,2020
74746,1692
74747,1556
74748,1701
74749,1783
74750,1830
74751,1853
74752,1872
74753,1898
74754,1915
74755,1930
74756,1936
74757,1924
74758,1898
74759,1863
74760,1869
74761,1877
74762,1855
74763,1833
74764,1815
74765,1802
74766,1802
74767,1808
74768,1823
74769,201
74770,1603
74771,2044
74772,2162
74773,2225
74774,2225
74775,2160
74776,2043
74777,1787
74778,1602
74779,1727
74780,1826
74781,1853
74782,1855
74783,1859
74784,1874
74785,1899
74786,1913
74787,1931
74788,1935
74789,1921
74790,1892
74791,1873
74792,1866
74793,1862
74794,1865
74795,1847
74796,1826
74797,1807
74798,1797
74799,1799
74800,944
74801,1273
74802,1967
74803,2138
74804,2224
74805,2253
74806,2194
74807,2103
74808,1873
74809,1559
74810,1681
74811,1817
74812,1847
74813,1858
74814,1854
74815,1867
74816,1878
74817,1897
74818,1911
74819,1924
74820,1925
74821,1901
74822,1874
74823,1872
74824,1859
74825,1847
74826,1839
74827,1846
74828,1840
74829,1818
74830,1817
74831,2501
74832,889
74833,1881
74834,2096
74835,2191
74836,2244
74837,2211
74838,2135
74839,1949
74840,1605
74841,1621
74842,1753
74843,1844
74844,1885
74845,1891
74846,1889
74847,1892
74848,1895
74849,1895
74850,1905
74851,1904
74852,1877
74853,1864
74854,1870
74855,1862
74856,1851
74857,1839
74858,1836
74859,1833
74860,1843
74861,1856
74862,1859
74863,301
74864,1726
74865,2042
74866,2160
74867,2225
74868,2209
74869,2139
74870,2000
74871,1654
74872,1579
74873,1744
74874,1843
74875,1875
74876,1883
74877,1904
74878,1921
74879,1919
74880,1916
74881,1914
74882,1899
74883,1872
74884,1846
74885,1841
74886,1839
74887,1844
74888,1845
74889,1847
74890,1843
74891,1840
74892,1836
74893,1845
74894,1872
74895,1869
74896,1856
74897,1849
74898,1843
74899,1843
74900,1847
74901,1856
74902,1861
74903,1872
74904,1872
74905,1872
74906,1874
74907,1872
74908,1871
74909,1873
74910,1887
74911,1891
74912,1873
74913,1858
74914,1847
74915,1837
74916,1835
74917,1840
74918,1839
74919,1849
74920,1862
74921,1871
74922,1872
74923,1871
74924,1868
74925,1867
74926,1869
74927,1882
74928,1885
74929,1856
74930,1843
74931,1839
74932,1831
74933,1830
74934,1840
74935,1845
74936,1852
74937,1861
74938,1867
74939,1866
74940,1863
74941,1858
74942,1854
74943,1874
74944,1891
74945,1885
74946,1870
74947,1856
74948,1846
74949,1844
74950,1840
74951,1840
74952,1840
74953,1850
74954,1869
74955,1869
74956,1872
74957,1866
74958,1867
74959,1867
74960,1883
74961,1894
74962,1875
74963,1861
74964,1847
74965,1840
74966,1829
74967,1823
74968,1836
74969,1849
74970,1861
74971,1872
74972,1871
74973,1865
74974,1856
74975,1863
74976,1863
74977,1875
74978,1877
74979,1863
74980,1847
74981,1831
74982,1827
74983,1838
74984,1847
74985,1856
74986,1857
74987,1871
74988,1871
74989,1872
74990,1870
74991,1867
74992,1869
74993,1873
74994,1879
74995,1872
74996,1857
74997,1841
74998,1826
74999,1829
75000,1838
75001,1844
75002,1851
75003,1859
75004,1871
75005,1869
75006,1872
75007,1870
75008,1866
75009,1865
75010,1878
75011,1886
75012,1871
75013,1856
75014,1840
75015,1836
75016,1835
75017,1838
75018,1840
75019,1854
75020,1863
75021,1869
75022,1865
75023,1872
75024,1863
75025,1860
75026,1860
75027,1872
75028,1872
75029,1854
75030,1842
75031,1840
75032,1834
75033,1835
75034,1841
75035,1847
75036,1853
75037,1863
75038,1870
75039,1872
75040,1872
75041,1868
75042,1861
75043,1872
75044,1886
75045,1877
75046,1859
75047,1850
75048,1839
75049,1827
75050,1831
75051,1841
75052,1850
75053,1856
75054,1862
75055,1859
75056,1862
75057,1858
75058,1858
75059,1859
75060,1877
75061,1883
75062,1867
75063,1852
75064,1841
75065,1835
75066,1833
75067,1837
75068,1847
75069,1854
75070,1865
75071,1869
75072,1865
75073,1871
75074,1865
75075,1866
75076,1871
75077,1885
75078,1883
75079,1861
75080,1852
75081,1842
75082,1831
75083,1829
75084,1836
75085,1838
75086,1841
75087,1856
75088,1861
75089,1871
75090,1869
75091,1869
75092,1866
75093,1872
75094,1883
75095,1872
75096,1855
75097,1841
75098,1833
75099,1831
75100,1834
75101,1842
75102,1850
75103,1861
75104,1867
75105,1870
75106,1877
75107,1873
75108,1875
75109,1872
75110,1876
75111,1872
75112,1853
75113,1842
75114,1824
75115,1821
75116,1818
75117,1827
75118,1840
75119,1846
75120,1859
75121,1867
75122,1866
75123,1870
75124,1863
75125,1865
75126,1869
75127,1886
75128,1886
75129,1856
75130,1845
75131,1840
75132,1835
75133,1830
75134,1840
75135,1849
75136,1855
75137,1866
75138,1871
75139,1871
75140,1871
75141,1869
75142,1865
75143,1875
75144,1882
75145,1873
75146,1856
75147,1840
75148,1830
75149,1823
75150,1827
75151,1839
75152,1851
75153,1862
75154,1872
75155,1872
75156,1873
75157,1872
75158,1871
75159,1870
75160,1875
75161,1895
75162,1874
75163,1861
75164,1847
75165,1837
75166,1831
75167,1836
75168,1841
75169,1847
75170,1862
75171,1872
75172,1863
75173,1866
75174,1860
75175,1867
75176,1871
75177,1889
75178,1890
75179,1881
75180,1865
75181,1843
75182,1815
75183,1814
75184,1823
75185,1841
75186,1850
75187,1861
75188,1867
75189,1869
75190,1871
75191,1871
75192,1868
75193,1874
75194,1884
75195,1876
75196,1862
75197,1845
75198,1840
75199,1834
75200,1839
75201,1840
75202,1849
75203,1859
75204,1869
75205,1868
75206,1870
75207,1871
75208,1872
75209,1872
75210,1887
75211,1889
75212,1872
75213,1856
75214,1840
75215,1829
75216,1831
75217,1839
75218,1840
75219,1841
75220,1851
75221,1866
75222,1866
75223,1872
75224,1869
75225,1870
75226,1872
75227,1889
75228,1887
75229,1860
75230,1845
75231,1838
75232,1830
75233,1833
75234,1837
75235,1843
75236,1850
75237,1866
75238,1867
75239,1865
75240,1861
75241,1858
75242,1863
75243,1878
75244,1893
75245,1876
75246,1861
75247,1844
75248,1837
75249,1833
75250,1838
75251,1843
75252,1852
75253,1858
75254,1872
75255,1869
75256,1872
75257,1872
75258,1870
75259,1863
75260,1881
75261,1883
75262,1871
75263,1855
75264,1836
75265,1827
75266,1827
75267,1831
75268,1840
75269,1852
75270,1867
75271,1871
75272,1871
75273,1872
75274,1863
75275,1862
75276,1871
75277,1887
75278,1885
75279,1866
75280,1849
75281,1837
75282,1828
75283,1834
75284,1840
75285,1850
75286,1857
75287,1869
75288,1870
75289,1873
75290,1870
75291,1869
75292,1861
75293,1871
75294,1879
75295,1865
75296,1847
75297,1836
75298,1825
75299,1829
75300,1833
75301,1840
75302,1849
75303,1857
75304,1871
75305,1867
75306,1872
75307,1865
75308,1863
75309,1862
75310,1882
75311,1885
75312,1867
75313,1851
75314,1841
75315,1833
75316,1830
75317,1840
75318,1840
75319,1850
75320,1862
75321,1867
75322,1867
75323,1870
75324,1862
75325,1859
75326,1865
75327,1879
75328,1875
75329,1858
75330,1841
75331,1841
75332,1835
75333,1838
75334,1840
75335,1849
75336,1856
75337,1871
75338,1871
75339,1869
75340,1870
75341,1868
75342,1869
75343,1877
75344,1891
75345,1877
75346,1859
75347,1846
75348,1840
75349,1834
75350,1838
75351,1843
75352,1856
75353,1861
75354,1868
75355,1866
75356,1869
75357,1862
75358,1862
75359,1860
75360,1873
75361,1893
75362,1872
75363,1861
75364,1841
75365,1834
75366,1839
75367,1842
75368,1850
75369,1855
75370,1870
75371,1874
75372,1872
75373,1872
75374,1867
75375,1865
75376,1872
75377,1888
75378,1887
75379,1870
75380,1857
75381,1843
75382,1840
75383,1840
75384,1840
75385,1840
75386,1847
75387,1863
75388,1866
75389,1870
75390,1867
75391,1867
75392,1870
75393,1883
75394,1894
75395,1875
75396,1860
75397,1851
75398,1840
75399,1839
75400,1840
75401,1849
75402,1858
75403,1869
75404,1873
75405,1874
75406,1875
75407,1871
75408,1872
75409,1872
75410,1889
75411,1889
75412,1872
75413,1853
75414,1840
75415,1835
75416,1833
75417,1839
75418,1841
75419,1851
75420,1867
75421,1872
75422,1872
75423,1872
75424,1871
75425,1867
75426,1876
75427,1891
75428,1890
75429,1861
75430,1853
75431,1841
75432,1837
75433,1839
75434,1843
75435,1856
75436,1859
75437,1872
75438,1871
75439,1875
75440,1872
75441,1869
75442,1867
75443,1882
75444,1888
75445,1872
75446,1856
75447,1845
75448,1838
75449,1830
75450,1828
75451,1840
75452,1854
75453,1862
75454,1871
75455,1872
75456,1874
75457,1872
75458,1873
75459,1874
75460,1892
75461,1899
75462,1875
75463,1861
75464,1847
75465,1834
75466,1831
75467,1839
75468,1851
75469,1853
75470,1867
75471,1870
75472,1869
75473,1872
75474,1861
75475,1860
75476,1872
75477,1886
75478,1879
75479,1863
75480,1850
75481,1842
75482,1840
75483,1840
75484,1843
75485,1854
75486,1863
75487,1875
75488,1874
75489,1875
75490,1872
75491,1872
75492,1872
75493,1874
75494,1887
75495,1873
75496,1854
75497,1840
75498,1834
75499,1835
75500,1840
75501,1846
75502,1853
75503,1862
75504,1867
75505,1866
75506,1869
75507,1863
75508,1859
75509,1868
75510,1886
75511,1888
75512,1872
75513,1857
75514,1845
75515,1839
75516,1838
75517,1840
75518,1840
75519,1856
75520,1869
75521,1872
75522,1869
75523,1872
75524,1869
75525,1869
75526,1872
75527,1885
75528,1883
75529,1859
75530,1842
75531,1838
75532,1830
75533,1834
75534,1839
75535,1843
75536,1853
75537,1862
75538,1867
75539,1869
75540,1857
75541,1858
75542,1866
75543,1879
75544,1894
75545,1877
75546,1859
75547,1851
75548,1840
75549,1839
75550,1840
75551,1847
75552,1854
75553,1863
75554,1871
75555,1869
75556,1872
75557,1869
75558,1868
75559,1871
75560,1884
75561,1893
75562,1872
75563,1856
75564,1840
75565,1829
75566,1831
75567,1835
75568,1840
75569,1851
75570,1866
75571,1873
75572,1872
75573,1872
75574,1867
75575,1868
75576,1874
75577,1887
75578,1884
75579,1866
75580,1851
75581,1840
75582,1837
75583,1840
75584,1843
75585,1847
75586,1856
75587,1869
75588,1871
75589,1872
75590,1870
75591,1870
75592,1867
75593,1879
75594,1886
75595,1872
75596,1856
75597,1843
75598,1833
75599,1834
75600,1840
75601,1847
75602,1853
75603,1858
75604,1871
75605,1867
75606,1872
75607,1867
75608,1871
75609,1872
75610,1892
75611,1895
75612,1873
75613,1858
75614,1845
75615,1837
75616,1829
75617,1837
75618,1840
75619,1842
75620,1858
75621,1867
75622,1867
75623,1866
75624,1859
75625,1861
75626,1867
75627,1881
75628,1875
75629,1857
75630,1841
75631,1840
75632,1835
75633,1835
75634,1842
75635,1850
75636,1860
75637,1868
75638,1868
75639,1873
75640,1872
75641,1870
75642,1867
75643,1883
75644,1891
75645,1873
75646,1857
75647,1847
75648,1839
75649,1834
75650,1839
75651,1847
75652,1854
75653,1861
75654,1871
75655,1869
75656,1869
75657,1863
75658,1865
75659,1859
75660,1874
75661,1886
75662,1871
75663,1854
75664,1843
75665,1834
75666,1836
75667,1841
75668,1851
75669,1855
75670,1872
75671,1875
75672,1875
75673,1874
75674,1872
75675,1870
75676,1873
75677,1887
75678,1885
75679,1863
75680,1852
75681,1841
75682,1838
75683,1839
75684,1834
75685,1837
75686,1846
75687,1866
75688,1867
75689,1873
75690,1870
75691,1869
75692,1865
75693,1879
75694,1890
75695,1873
75696,1858
75697,1847
75698,1839
75699,1837
75700,1840
75701,1850
75702,1853
75703,1862
75704,1872
75705,1872
75706,1874
75707,1867
75708,1867
75709,1869
75710,1887
75711,1893
75712,1872
75713,1856
75714,1840
75715,1827
75716,1831
75717,1835
75718,1839
75719,1850
75720,1867
75721,1872
75722,1872
75723,1872
75724,1869
75725,1869
75726,1871
75727,1888
75728,1881
75729,1857
75730,1852
75731,1842
75732,1835
75733,1835
75734,1842
75735,1850
75736,1856
75737,1866
75738,1868
75739,1872
75740,1869
75741,1869
75742,1871
75743,1879
75744,1887
75745,1870
75746,1856
75747,1840
75748,1833
75749,1826
75750,1830
75751,1840
75752,1854
75753,1869
75754,1879
75755,1873
75756,1877
75757,1869
75758,1868
75759,1865
75760,1879
75761,1886
75762,1869
75763,1855
75764,1846
75765,1839
75766,1836
75767,1841
75768,1850
75769,1853
75770,1865
75771,1872
75772,1872
75773,1872
75774,1865
75775,1861
75776,1870
75777,1882
75778,1874
75779,1863
75780,1851
75781,1842
75782,1838
75783,1839
75784,1843
75785,1851
75786,1857
75787,1869
75788,1871
75789,1873
75790,1872
75791,1872
75792,1872
75793,1883
75794,1898
75795,1878
75796,1860
75797,1840
75798,1827
75799,1830
75800,1839
75801,1843
75802,1849
75803,1861
75804,1865
75805,1865
75806,1867
75807,1863
75808,1863
75809,1872
75810,1889
75811,1888
75812,1871
75813,1856
75814,1843
75815,1837
75816,1839
75817,1840
75818,1849
75819,1855
75820,1871
75821,1872
75822,1873
75823,1875
75824,1872
75825,1870
75826,1875
75827,1891
75828,1884
75829,1854
75830,1845
75831,1837
75832,1834
75833,1837
75834,1842
75835,1847
75836,1850
75837,1859
75838,1862
75839,1867
75840,1855
75841,1855
75842,1862
75843,1878
75844,1886
75845,1872
75846,1857
75847,1846
75848,1840
75849,1839
75850,1842
75851,1853
75852,1856
75853,1865
75854,1873
75855,1870
75856,1872
75857,1868
75858,1870
75859,1870
75860,1886
75861,1888
75862,1871
75863,1853
75864,1840
75865,1834
75866,1833
75867,1839
75868,1845
75869,1856
75870,1869
75871,1872
75872,1870
75873,1871
75874,1862
75875,1858
75876,1871
75877,1887
75878,1878
75879,1859
75880,1850
75881,1840
75882,1838
75883,1840
75884,1847
75885,1851
75886,1860
75887,1872
75888,1872
75889,1872
75890,1872
75891,1872
75892,1863
75893,1883
75894,2018
75895,835
75896,1822
75897,2005
75898,2032
75899,2025
75900,2031
75901,2054
75902,2019
75903,1947
75904,1883
75905,1824
75906,1794
75907,1791
75908,1805
75909,1825
75910,1857
75911,1872
75912,1859
75913,1856
75914,1872
75915,1897
75916,1925
75917,1953
75918,1953
75919,1938
75920,1916
75921,1866
75922,1806
75923,1776
75924,1762
75925,1769
75926,496
75927,1679
75928,1954
75929,1991
75930,1972
75931,1985
75932,2007
75933,1984
75934,1915
75935,1877
75936,1834
75937,1815
75938,1824
75939,1839
75940,1852
75941,1853
75942,1866
75943,1889
75944,1913
75945,1931
75946,1949
75947,1962
75948,1947
75949,1916
75950,1869
75951,1827
75952,1792
75953,1774
75954,1769
75955,1782
75956,1799
75957,1392
75958,1398
75959,1904
75960,2019
75961,2039
75962,2021
75963,2022
75964,2000
75965,1931
75966,1903
75967,1882
75968,1857
75969,1808
75970,1815
75971,1840
75972,1859
75973,1876
75974,1885
75975,1907
75976,1951
75977,1997
75978,2001
75979,1969
75980,1915
75981,1840
75982,1787
75983,1745
75984,1731
75985,1746
75986,1775
75987,1802
75988,2838
75989,1023
75990,1850
75991,2014
75992,2047
75993,2075
75994,2112
75995,2102
75996,2032
75997,1973
75998,1916
75999,1782
76000,1715
76001,1724
76002,1771
76003,1826
76004,1872
76005,1903
76006,1936
76007,1963
76008,1995
76009,2002
76010,1995
76011,1935
76012,1841
76013,1776
76014,1728
76015,1705
76016,1718
76017,1758
76018,1786
76019,1835
76020,676
76021,1779
76022,2002
76023,2064
76024,2076
76025,2117
76026,2147
76027,2108
76028,2039
76029,1917
76030,1713
76031,1665
76032,1705
76033,1766
76034,1818
76035,1866
76036,1905
76037,1955
76038,1985
76039,2017
76040,2014
76041,1977
76042,1905
76043,1862
76044,1826
76045,1793
76046,1776
76047,1767
76048,1755
76049,1747
76050,1770
76051,491
76052,1535
76053,1935
76054,2035
76055,2065
76056,2084
76057,2079
76058,2030
76059,1964
76060,1874
76061,1781
76062,1776
76063,1807
76064,1845
76065,1867
76066,1887
76067,1907
76068,1936
76069,1973
76070,2016
76071,2011
76072,1963
76073,1881
76074,1812
76075,1777
76076,1772
76077,1767
76078,1776
76079,1782
76080,1795
76081,1797
76082,2071
76083,1146
76084,1875
76085,2015
76086,2063
76087,2083
76088,2090
76089,2064
76090,1978
76091,1872
76092,1773
76093,1814
76094,1872
76095,1889
76096,1878
76097,1886
76098,1897
76099,1911
76100,1941
76101,1973
76102,1982
76103,1951
76104,1890
76105,1831
76106,1805
76107,1776
76108,1758
76109,1765
76110,1798
76111,1827
76112,1829
76113,2523
76114,752
76115,1807
76116,1993
76117,2043
76118,2047
76119,2067
76120,2054
76121,1985
76122,1887
76123,1769
76124,1808
76125,1871
76126,1901
76127,1914
76128,1919
76129,1914
76130,1920
76131,1941
76132,1967
76133,1973
76134,1942
76135,1879
76136,1826
76137,1803
76138,1777
76139,1763
76140,1762
76141,1776
76142,1797
76143,1836
76144,1853
76145,301
76146,1638
76147,1959
76148,2022
76149,2032
76150,2043
76151,2027
76152,1969
76153,1914
76154,1808
76155,1838
76156,1892
76157,1903
76158,1899
76159,1907
76160,1943
76161,1961
76162,1962
76163,1974
76164,1968
76165,1936
76166,1872
76167,1817
76168,1789
76169,1778
76170,1773
76171,1777
76172,1795
76173,1811
76174,1822
76175,1835
76176,711
76177,1445
76178,1984
76179,2087
76180,2103
76181,2103
76182,2084
76183,2029
76184,1949
76185,1755
76186,1732
76187,1808
76188,1846
76189,1873
76190,1893
76191,1918
76192,1931
76193,1968
76194,1996
76195,1987
76196,1953
76197,1879
76198,1808
76199,1790
76200,1779
76201,1776
76202,1776
76203,1794
76204,1812
76205,1827
76206,1840
76207,2448
76208,989
76209,1904
76210,2090
76211,2128
76212,2117
76213,2095
76214,2023
76215,1935
76216,1763
76217,1747
76218,1832
76219,1874
76220,1890
76221,1900
76222,1919
76223,1934
76224,1939
76225,1964
76226,1990
76227,1993
76228,1934
76229,1854
76230,1799
76231,1788
76232,1776
76233,1764
76234,1771
76235,1785
76236,1808
76237,1831
76238,1995
76239,448
76240,1783
76241,2058
76242,2126
76243,2149
76244,2157
76245,2071
76246,1968
76247,1807
76248,1713
76249,1785
76250,1856
76251,1872
76252,1878
76253,1905
76254,1923
76255,1936
76256,1951
76257,1957
76258,1949
76259,1921
76260,1883
76261,1862
76262,1835
76263,1808
76264,1786
76265,1777
76266,1785
76267,1803
76268,1820
76269,1835
76270,385
76271,1511
76272,2021
76273,2135
76274,2171
76275,2187
76276,2128
76277,2058
76278,1904
76279,1682
76280,1712
76281,1793
76282,1835
76283,1853
76284,1869
76285,1895
76286,1917
76287,1938
76288,1955
76289,1968
76290,1945
76291,1902
76292,1863
76293,1860
76294,1853
76295,1826
76296,1807
76297,1791
76298,1783
76299,1790
76300,1806
76301,1651
76302,1099
76303,1936
76304,2112
76305,2176
76306,2227
76307,2176
76308,2096
76309,1974
76310,1732
76311,1700
76312,1765
76313,1815
76314,1835
76315,1847
76316,1869
76317,1889
76318,1899
76319,1913
76320,1933
76321,1925
76322,1895
76323,1869
76324,1860
76325,1851
76326,1856
76327,1857
76328,1841
76329,1818
76330,1808
76331,1808
76332,2370
76333,559
76334,1808
76335,2067
76336,2160
76337,2224
76338,2192
76339,2110
76340,2001
76341,1742
76342,1682
76343,1795
76344,1862
76345,1868
76346,1871
76347,1869
76348,1872
76349,1875
76350,1886
76351,1899
76352,1898
76353,1891
76354,1872
76355,1862
76356,1862
76357,1850
76358,1843
76359,1841
76360,1853
76361,1851
76362,1835
76363,1828
76364,170
76365,1617
76366,2014
76367,2154
76368,2233
76369,2228
76370,2138
76371,2045
76372,1795
76373,1607
76374,1690
76375,1807
76376,1871
76377,1901
76378,1899
76379,1895
76380,1898
76381,1895
76382,1898
76383,1902
76384,1894
76385,1868
76386,1858
76387,1862
76388,1849
76389,1840
76390,1825
76391,1822
76392,1830
76393,1856
76394,1872
76395,801
76396,1349
76397,1969
76398,2114
76399,2190
76400,2216
76401,2131
76402,2058
76403,1871
76404,1615
76405,1680
76406,1798
76407,1861
76408,1884
76409,1909
76410,1936
76411,1938
76412,1925
76413,1913
76414,1905
76415,1887
76416,1855
76417,1839
76418,1839
76419,1840
76420,1845
76421,1841
76422,1836
76423,1834
76424,1829
76425,1827
76426,2268
76427,1031
76428,1938
76429,2112
76430,2181
76431,2219
76432,2135
76433,2025
76434,1894
76435,1623
76436,1654
76437,1793
76438,1868
76439,1893
76440,1892
76441,1905
76442,1914
76443,1938
76444,1953
76445,1938
76446,1915
76447,1872
76448,1839
76449,1838
76450,1835
76451,1834
76452,1825
76453,1835
76454,1839
76455,1827
76456,1836
76457,1911
76458,354
76459,1771
76460,2096
76461,2201
76462,2249
76463,2192
76464,2064
76465,1958
76466,1621
76467,1574
76468,1760
76469,1863
76470,1904
76471,1909
76472,1915
76473,1919
76474,1920
76475,1921
76476,1939
76477,1957
76478,1922
76479,1872
76480,1851
76481,1840
76482,1824
76483,1809
76484,1806
76485,1811
76486,1821
76487,1834
76488,1839
76489,268
76490,1535
76491,2027
76492,2170
76493,2263
76494,2251
76495,2128
76496,2014
76497,1715
76498,1522
76499,1667
76500,1818
76501,1872
76502,1883
76503,1904
76504,1922
76505,1929
76506,1936
76507,1936
76508,1936
76509,1925
76510,1904
76511,1885
76512,1857
76513,1833
76514,1807
76515,1795
76516,1799
76517,1809
76518,1811
76519,1835
76520,1856
76521,1863
76522,1872
76523,1869
76524,1863
76525,1867
76526,1879
76527,1889
76528,1879
76529,1864
76530,1847
76531,1849
76532,1843
76533,1845
76534,1854
76535,1857
76536,1867
76537,1875
76538,1873
76539,1875
76540,1872
76541,1872
76542,1872
76543,1888
76544,1894
76545,1875
76546,1861
76547,1845
76548,1835
76549,1830
76550,1840
76551,1845
76552,1854
76553,1863
76554,1867
76555,1862
76556,1867
76557,1866
76558,1861
76559,1866
76560,1872
76561,1890
76562,1873
76563,1857
76564,1845
76565,1840
76566,1840
76567,1840
76568,1849
76569,1849
76570,1865
76571,1871
76572,1873
76573,1872
76574,1868
76575,1866
76576,1878
76577,1891
76578,1879
76579,1866
76580,1859
76581,1850
76582,1833
76583,1839
76584,1847
76585,1850
76586,1853
76587,1855
76588,1842
76589,1853
76590,1857
76591,1870
76592,1875
76593,1902
76594,1904
76595,1873
76596,1855
76597,1840
76598,1833
76599,1818
76600,1819
76601,1845
76602,1860
76603,1873
76604,1877
76605,1872
76606,1868
76607,1859
76608,1859
76609,1871
76610,1888
76611,1883
76612,1867
76613,1853
76614,1837
76615,1827
76616,1827
76617,1838
76618,1845
76619,1857
76620,1869
76621,1869
76622,1872
76623,1871
76624,1870
76625,1865
76626,1877
76627,1887
76628,1875
76629,1858
76630,1851
76631,1840
76632,1835
76633,1840
76634,1845
76635,1853
76636,1860
76637,1872
76638,1870
76639,1871
76640,1866
76641,1869
76642,1870
76643,1887
76644,1887
76645,1871
76646,1851
76647,1840
76648,1834
76649,1837
76650,1841
76651,1841
76652,1838
76653,1854
76654,1866
76655,1865
76656,1862
76657,1866
76658,1867
76659,1875
76660,1892
76661,1889
76662,1871
76663,1856
76664,1842
76665,1833
76666,1836
76667,1843
76668,1843
76669,1850
76670,1866
76671,1871
76672,1870
76673,1862
76674,1854
76675,1856
76676,1868
76677,1882
76678,1872
76679,1859
76680,1847
76681,1840
76682,1834
76683,1835
76684,1840
76685,1850
76686,1864
76687,1872
76688,1867
76689,1869
76690,1866
76691,1870
76692,1870
76693,1883
76694,1886
76695,1871
76696,1857
76697,1845
76698,1838
76699,1839
76700,1840
76701,1845
76702,1850
76703,1863
76704,1862
76705,1858
76706,1865
76707,1859
76708,1858
76709,1871
76710,1885
76711,1882
76712,1867
76713,1853
76714,1840
76715,1830
76716,1833
76717,1840
76718,1845
76719,1843
76720,1866
76721,1866
76722,1870
76723,1870
76724,1869
76725,1871
76726,1883
76727,1891
76728,1872
76729,1850
76730,1839
76731,1824
76732,1819
76733,1833
76734,1847
76735,1850
76736,1859
76737,1863
76738,1859
76739,1856
76740,1842
76741,1843
76742,1856
76743,1877
76744,1886
76745,1863
76746,1849
76747,1842
76748,1834
76749,1829
76750,1834
76751,1840
76752,1847
76753,1859
76754,1867
76755,1871
76756,1877
76757,1872
76758,1871
76759,1875
76760,1883
76761,1872
76762,1857
76763,1846
76764,1826
76765,1824
76766,1830
76767,1840
76768,1843
76769,1855
76770,1870
76771,1867
76772,1863
76773,1861
76774,1864
76775,1860
76776,1872
76777,1874
76778,1867
76779,1854
76780,1842
76781,1837
76782,1832
76783,1839
76784,1842
76785,1846
76786,1855
76787,1866
76788,1869
76789,1872
76790,1865
76791,1863
76792,1866
76793,1882
76794,1878
76795,1861
76796,1852
76797,1839
76798,1829
76799,1840
76800,1844
76801,1853
76802,1859
76803,1873
76804,1863
76805,1856
76806,1849
76807,1850
76808,1854
76809,1865
76810,1878
76811,1872
76812,1856
76813,1843
76814,1839
76815,1838
76816,1840
76817,1849
76818,1851
76819,1859
76820,1865
76821,1869
76822,1858
76823,1853
76824,1853
76825,1853
76826,1871
76827,1883
76828,1872
76829,1852
76830,1840
76831,1838
76832,1837
76833,1834
76834,1827
76835,1840
76836,1856
76837,1873
76838,1875
76839,1875
76840,1872
76841,1870
76842,1871
76843,1883
76844,1888
76845,1869
76846,1859
76847,1847
76848,1840
76849,1839
76850,1840
76851,1847
76852,1851
76853,1862
76854,1857
76855,1860
76856,1867
76857,1857
76858,1856
76859,1870
76860,1879
76861,1884
76862,1868
76863,1852
76864,1840
76865,1836
76866,1839
76867,1842
76868,1851
76869,1857
76870,1872
76871,1872
76872,1874
76873,1872
76874,1870
76875,1865
76876,1878
76877,1887
76878,1874
76879,1862
76880,1845
76881,1841
76882,1838
76883,1840
76884,1840
76885,1843
76886,1856
76887,1870
76888,1866
76889,1874
76890,1867
76891,1862
76892,1862
76893,1881
76894,1888
76895,1871
76896,1855
76897,1845
76898,1839
76899,1837
76900,1840
76901,1846
76902,1849
76903,1863
76904,1863
76905,1866
76906,1869
76907,1872
76908,1872
76909,1876
76910,1893
76911,1890
76912,1872
76913,1854
76914,1826
76915,1819
76916,1825
76917,1839
76918,1843
76919,1857
76920,1871
76921,1872
76922,1872
76923,1870
76924,1862
76925,1859
76926,1872
76927,1883
76928,1872
76929,1851
76930,1844
76931,1838
76932,1835
76933,1839
76934,1843
76935,1855
76936,1865
76937,1873
76938,1872
76939,1877
76940,1873
76941,1872
76942,1861
76943,1879
76944,1877
76945,1859
76946,1845
76947,1839
76948,1825
76949,1825
76950,1827
76951,1840
76952,1851
76953,1870
76954,1872
76955,1872
76956,1872
76957,1867
76958,1862
76959,1872
76960,1885
76961,1882
76962,1865
76963,1852
76964,1840
76965,1834
76966,1831
76967,1840
76968,1847
76969,1855
76970,1871
76971,1870
76972,1872
76973,1871
76974,1857
76975,1857
76976,1872
76977,1881
76978,1871
76979,1856
76980,1844
76981,1834
76982,1831
76983,1834
76984,1841
76985,1846
76986,1856
76987,1869
76988,1866
76989,1872
76990,1866
76991,1867
76992,1863
76993,1879
76994,1887
76995,1869
76996,1854
76997,1841
76998,1833
76999,1831
77000,1839
77001,1845
77002,1852
77003,1867
77004,1867
77005,1866
77006,1866
77007,1860
77008,1858
77009,1872
77010,1886
77011,1881
77012,1866
77013,1847
77014,1837
77015,1827
77016,1829
77017,1840
77018,1840
77019,1857
77020,1865
77021,1869
77022,1870
77023,1867
77024,1860
77025,1861
77026,1873
77027,1887
77028,1874
77029,1851
77030,1838
77031,1830
77032,1827
77033,1827
77034,1839
77035,1845
77036,1857
77037,1865
77038,1862
77039,1863
77040,1851
77041,1854
77042,1861
77043,1883
77044,1887
77045,1868
77046,1855
77047,1840
77048,1837
77049,1837
77050,1842
77051,1847
77052,1854
77053,1867
77054,1872
77055,1869
77056,1872
77057,1869
77058,1869
77059,1872
77060,1887
77061,1882
77062,1863
77063,1852
77064,1835
77065,1825
77066,1828
77067,1840
77068,1842
77069,1856
77070,1870
77071,1870
77072,1866
77073,1868
77074,1863
77075,1863
77076,1875
77077,1888
77078,1875
77079,1861
77080,1849
77081,1839
77082,1837
77083,1840
77084,1849
77085,1854
77086,1861
77087,1871
77088,1866
77089,1872
77090,1868
77091,1867
77092,1870
77093,1886
77094,1882
77095,1863
77096,1852
77097,1840
77098,1828
77099,1835
77100,1840
77101,1847
77102,1847
77103,1867
77104,1869
77105,1870
77106,1872
77107,1871
77108,1869
77109,1872
77110,1891
77111,1887
77112,1867
77113,1850
77114,1842
77115,1835
77116,1836
77117,1843
77118,1847
77119,1857
77120,1871
77121,1868
77122,1872
77123,1870
77124,1859
77125,1857
77126,1872
77127,1885
77128,1870
77129,1853
77130,1838
77131,1840
77132,1837
77133,1840
77134,1850
77135,1856
77136,1865
77137,1872
77138,1870
77139,1872
77140,1871
77141,1870
77142,1872
77143,1890
77144,1893
77145,1873
77146,1860
77147,1847
77148,1835
77149,1833
77150,1836
77151,1843
77152,1853
77153,1871
77154,1869
77155,1868
77156,1865
77157,1862
77158,1866
77159,1872
77160,1885
77161,1887
77162,1866
77163,1851
77164,1840
77165,1837
77166,1838
77167,1843
77168,1854
77169,1857
77170,1871
77171,1871
77172,1872
77173,1866
77174,1866
77175,1866
77176,1878
77177,1893
77178,1880
77179,1859
77180,1849
77181,1840
77182,1840
77183,1839
77184,1841
77185,1849
77186,1862
77187,1870
77188,1863
77189,1875
77190,1872
77191,1867
77192,1868
77193,1881
77194,1889
77195,1872
77196,1856
77197,1842
77198,1835
77199,1835
77200,1840
77201,1843
77202,1855
77203,1867
77204,1872
77205,1873
77206,1875
77207,1872
77208,1870
77209,1878
77210,1893
77211,1887
77212,1863
77213,1843
77214,1831
77215,1825
77216,1827
77217,1838
77218,1841
77219,1857
77220,1872
77221,1872
77222,1872
77223,1872
77224,1871
77225,1867
77226,1878
77227,1889
77228,1872
77229,1855
77230,1847
77231,1840
77232,1834
77233,1839
77234,1843
77235,1853
77236,1865
77237,1872
77238,1871
77239,1874
77240,1869
77241,1867
77242,1869
77243,1886
77244,1882
77245,1861
77246,1851
77247,1837
77248,1825
77249,1825
77250,1831
77251,1840
77252,1855
77253,1872
77254,1872
77255,1872
77256,1872
77257,1870
77258,1868
77259,1872
77260,1887
77261,1885
77262,1863
77263,1849
77264,1840
77265,1833
77266,1838
77267,1842
77268,1850
77269,1858
77270,1871
77271,1871
77272,1871
77273,1872
77274,1865
77275,1866
77276,1879
77277,1889
77278,1872
77279,1861
77280,1842
77281,1835
77282,1827
77283,1837
77284,1845
77285,1853
77286,1860
77287,1872
77288,1872
77289,1872
77290,1866
77291,1867
77292,1872
77293,1888
77294,1894
77295,1872
77296,1856
77297,1843
77298,1831
77299,1827
77300,1839
77301,1847
77302,1854
77303,1867
77304,1866
77305,1866
77306,1863
77307,1863
77308,1861
77309,1873
77310,1891
77311,1883
77312,1865
77313,1849
77314,1840
77315,1835
77316,1837
77317,1843
77318,1844
77319,1858
77320,1872
77321,1871
77322,1873
77323,1865
77324,1867
77325,1867
77326,1879
77327,1888
77328,1873
77329,1855
77330,1840
77331,1835
77332,1827
77333,1830
77334,1841
77335,1847
77336,1858
77337,1867
77338,1867
77339,1869
77340,1858
77341,1870
77342,1872
77343,1885
77344,1889
77345,1870
77346,1855
77347,1841
77348,1837
77349,1837
77350,1840
77351,1849
77352,1855
77353,1870
77354,1872
77355,1872
77356,1872
77357,1870
77358,1865
77359,1875
77360,1890
77361,1882
77362,1861
77363,1851
77364,1837
77365,1829
77366,1833
77367,1840
77368,1841
77369,1851
77370,1861
77371,1862
77372,1872
77373,1871
77374,1869
77375,1863
77376,1879
77377,1887
77378,1872
77379,1862
77380,1850
77381,1841
77382,1840
77383,1841
77384,1849
77385,1854
77386,1863
77387,1872
77388,1871
77389,1873
77390,1868
77391,1872
77392,1874
77393,1891
77394,1888
77395,1866
77396,1840
77397,1830
77398,1824
77399,1826
77400,1838
77401,1847
77402,1855
77403,1867
77404,1862
77405,1866
77406,1867
77407,1867
77408,1867
77409,1873
77410,1894
77411,1883
77412,1866
77413,1855
77414,1840
77415,1840
77416,1840
77417,1846
77418,1847
77419,1856
77420,1872
77421,1871
77422,1874
77423,1870
77424,1861
77425,1857
77426,1871
77427,1878
77428,1869
77429,1853
77430,1842
77431,1847
77432,1849
77433,1852
77434,1859
77435,1857
77436,1868
77437,1872
77438,1857
77439,1855
77440,1853
77441,1859
77442,1870
77443,1889
77444,1890
77445,1871
77446,1859
77447,1842
77448,1838
77449,1840
77450,1838
77451,1847
77452,1853
77453,1867
77454,1861
77455,1863
77456,1866
77457,1861
77458,1858
77459,1871
77460,1882
77461,1883
77462,1865
77463,1856
77464,1842
77465,1840
77466,1843
77467,1851
77468,1853
77469,1862
77470,1872
77471,1872
77472,1873
77473,1867
77474,1868
77475,1867
77476,1878
77477,1888
77478,1872
77479,1859
77480,1846
77481,1839
77482,1837
77483,1842
77484,1845
77485,1847
77486,1862
77487,1869
77488,1867
77489,1874
77490,1869
77491,1870
77492,1871
77493,1889
77494,1892
77495,1872
77496,1861
77497,1853
77498,1838
77499,1831
77500,1839
77501,1847
77502,1856
77503,1876
77504,1879
77505,1877
77506,1872
77507,1867
77508,1857
77509,1868
77510,1890
77511,1888
77512,1866
77513,1852
77514,1840
77515,1833
77516,1827
77517,1838
77518,1840
77519,1845
77520,1863
77521,573
77522,1699
77523,2000
77524,2064
77525,2064
77526,2081
77527,2099
77528,2064
77529,1968
77530,1883
77531,1792
77532,1722
77533,1739
77534,1771
77535,1807
77536,1840
77537,1862
77538,1869
77539,1878
77540,1891
77541,1923
77542,1961
77543,2001
77544,2007
77545,1967
77546,1911
77547,1843
77548,1773
77549,1734
77550,1738
77551,1745
77552,955
77553,1442
77554,1914
77555,2017
77556,2033
77557,2041
77558,2064
77559,2043
77560,1981
77561,1899
77562,1788
77563,1708
77564,1757
77565,1808
77566,1829
77567,1841
77568,1858
77569,1873
77570,1903
77571,1931
77572,1968
77573,2000
77574,1993
77575,1968
77576,1932
77577,1872
77578,1805
77579,1749
77580,1731
77581,1739
77582,1754
77583,2742
77584,1123
77585,1841
77586,1998
77587,2037
77588,2041
77589,2073
77590,2066
77591,2000
77592,1956
77593,1930
77594,1879
77595,1814
77596,1791
77597,1788
77598,1791
77599,1817
77600,1841
77601,1874
77602,1913
77603,1964
77604,1981
77605,1977
77606,1945
77607,1882
77608,1831
77609,1808
77610,1789
77611,1777
77612,1776
77613,1782
77614,1837
77615,670
77616,1744
77617,1985
77618,2038
77619,2065
77620,2103
77621,2115
77622,2075
77623,2010
77624,1949
77625,1759
77626,1734
77627,1763
77628,1789
77629,1810
77630,1834
77631,1855
77632,1885
77633,1930
77634,1974
77635,2004
77636,2000
77637,1959
77638,1881
77639,1825
77640,1763
77641,1730
77642,1742
77643,1791
77644,1812
77645,1812
77646,474
77647,1582
77648,1924
77649,2005
77650,2032
77651,2070
77652,2106
77653,2082
77654,2015
77655,1932
77656,1772
77657,1735
77658,1769
77659,1840
77660,1887
77661,1907
77662,1915
77663,1927
77664,1945
77665,1974
77666,1990
77667,1968
77668,1905
77669,1840
77670,1808
77671,1783
77672,1775
77673,1773
77674,1787
77675,1796
77676,1831
77677,1597
77678,1335
77679,1904
77680,2007
77681,2032
77682,2059
77683,2090
77684,2065
77685,1997
77686,1904
77687,1772
77688,1760
77689,1799
77690,1838
77691,1863
77692,1903
77693,1940
77694,1966
77695,1977
77696,1996
77697,1995
77698,1959
77699,1901
77700,1827
77701,1790
77702,1760
77703,1747
77704,1750
77705,1776
77706,1801
77707,1819
77708,2339
77709,784
77710,1841
77711,2031
77712,2067
77713,2066
77714,2065
77715,2028
77716,1956
77717,1859
77718,1731
77719,1773
77720,1845
77721,1876
77722,1890
77723,1904
77724,1921
77725,1936
77726,1982
77727,2018
77728,2010
77729,1968
77730,1885
77731,1815
77732,1774
77733,1749
77734,1742
77735,1748
77736,1777
77737,1808
77738,1824
77739,1840
77740,320
77741,1663
77742,2000
77743,2094
77744,2103
77745,2093
77746,2047
77747,1970
77748,1878
77749,1761
77750,1786
77751,1840
77752,1870
77753,1889
77754,1903
77755,1918
77756,1936
77757,1957
77758,1988
77759,2009
77760,2000
77761,1941
77762,1852
77763,1792
77764,1761
77765,1733
77766,1737
77767,1757
77768,1776
77769,1809
77770,1840
77771,631
77772,1462
77773,1977
77774,2080
77775,2101
77776,2122
77777,2111
77778,2023
77779,1915
77780,1757
77781,1754
77782,1819
77783,1853
77784,1861
77785,1872
77786,1906
77787,1935
77788,1955
77789,1993
77790,2002
77791,1997
77792,1946
77793,1885
77794,1840
77795,1793
77796,1755
77797,1741
77798,1742
77799,1760
77800,1786
77801,1808
77802,2651
77803,931
77804,1891
77805,2076
77806,2117
77807,2118
77808,2107
77809,2062
77810,1985
77811,1787
77812,1744
77813,1835
77814,1862
77815,1856
77816,1859
77817,1881
77818,1903
77819,1935
77820,1970
77821,1989
77822,1992
77823,1942
77824,1873
77825,1835
77826,1838
77827,1828
77828,1783
77829,1755
77830,1763
77831,1782
77832,1799
77833,2096
77834,487
77835,1784
77836,2075
77837,2158
77838,2159
77839,2150
77840,2090
77841,2000
77842,1815
77843,1730
77844,1790
77845,1834
77846,1849
77847,1850
77848,1865
77849,1882
77850,1905
77851,1936
77852,1959
77853,1983
77854,1950
77855,1887
77856,1840
77857,1818
77858,1806
77859,1811
77860,1830
77861,1822
77862,1812
77863,1809
77864,1811
77865,203
77866,1575
77867,2002
77868,2115
77869,2143
77870,2160
77871,2097
77872,2006
77873,1849
77874,1710
77875,1769
77876,1871
77877,1911
77878,1901
77879,1898
77880,1894
77881,1897
77882,1910
77883,1936
77884,1950
77885,1929
77886,1885
77887,1851
77888,1830
77889,1825
77890,1810
77891,1807
77892,1810
77893,1835
77894,1846
77895,1842
77896,1330
77897,1190
77898,1925
77899,2079
77900,2135
77901,2179
77902,2149
77903,2076
77904,1936
77905,1686
77906,1695
77907,1796
77908,1857
77909,1891
77910,1918
77911,1923
77912,1918
77913,1919
77914,1923
77915,1929
77916,1914
77917,1875
77918,1834
77919,1834
77920,1831
77921,1818
77922,1819
77923,1811
77924,1814
77925,1822
77926,1847
77927,2869
77928,763
77929,1857
77930,2075
77931,2144
77932,2181
77933,2146
77934,2055
77935,1964
77936,1711
77937,1675
77938,1785
77939,1855
77940,1870
77941,1877
77942,1897
77943,1935
77944,1943
77945,1936
77946,1934
77947,1914
77948,1875
77949,1845
77950,1839
77951,1831
77952,1830
77953,1838
77954,1829
77955,1823
77956,1825
77957,1831
77958,1845
77959,310
77960,1761
77961,2081
77962,2155
77963,2192
77964,2160
77965,2045
77966,1957
77967,1691
77968,1631
77969,1795
77970,1883
77971,1900
77972,1904
77973,1906
77974,1919
77975,1926
77976,1952
77977,1968
77978,1941
77979,1904
77980,1856
77981,1835
77982,1819
77983,1812
77984,1799
77985,1795
77986,1813
77987,1824
77988,1837
77989,1853
77990,544
77991,1442
77992,2001
77993,2135
77994,2191
77995,2197
77996,2096
77997,1993
77998,1787
77999,1635
78000,1744
78001,1847
78002,1879
78003,1899
78004,1904
78005,1919
78006,1922
78007,1927
78008,1935
78009,1949
78010,1951
78011,1907
78012,1863
78013,1840
78014,1820
78015,1808
78016,1798
78017,1803
78018,1801
78019,1815
78020,1834
78021,2015
78022,1037
78023,1923
78024,2096
78025,2160
78026,2219
78027,2155
78028,2034
78029,1888
78030,1639
78031,1687
78032,1801
78033,1858
78034,1882
78035,1889
78036,1918
78037,1935
78038,1933
78039,1936
78040,1936
78041,1925
78042,1903
78043,1889
78044,1878
78045,1855
78046,1825
78047,1797
78048,1787
78049,1791
78050,1803
78051,1813
78052,2493
78053,619
78054,1842
78055,2099
78056,2187
78057,2224
78058,2155
78059,2046
78060,1945
78061,1659
78062,1667
78063,1792
78064,1857
78065,1871
78066,1878
78067,1897
78068,1911
78069,1926
78070,1935
78071,1935
78072,1935
78073,1910
78074,1882
78075,1872
78076,1872
78077,1861
78078,1831
78079,1808
78080,1800
78081,1795
78082,1806
78083,1818
78084,176
78085,1601
78086,2032
78087,2160
78088,2229
78089,2226
78090,2103
78091,2001
78092,1701
78093,1617
78094,1776
78095,1856
78096,1874
78097,1872
78098,1873
78099,1887
78100,1904
78101,1913
78102,1925
78103,1936
78104,1922
78105,1889
78106,1872
78107,1862
78108,1847
78109,1849
78110,1854
78111,1842
78112,1818
78113,1808
78114,1798
78115,866
78116,1280
78117,1945
78118,2103
78119,2190
78120,2224
78121,2126
78122,2030
78123,1797
78124,1609
78125,1738
78126,1873
78127,1919
78128,1909
78129,1889
78130,1903
78131,1905
78132,1906
78133,1915
78134,1923
78135,1909
78136,1887
78137,1870
78138,1858
78139,1845
78140,1829
78141,1824
78142,1837
78143,1857
78144,1850
78145,1834
78146,1822
78147,1817
78148,1818
78149,1823
78150,1835
78151,1846
78152,1853
78153,1872
78154,1876
78155,1877
78156,1873
78157,1872
78158,1871
78159,1879
78160,1898
78161,1886
78162,1867
78163,1853
78164,1843
78165,1840
78166,1842
78167,1851
78168,1856
78169,1866
78170,1871
78171,1870
78172,1872
78173,1868
78174,1861
78175,1863
78176,1872
78177,1877
78178,1859
78179,1851
78180,1840
78181,1834
78182,1838
78183,1843
78184,1854
78185,1856
78186,1867
78187,1872
78188,1865
78189,1872
78190,1869
78191,1867
78192,1872
78193,1890
78194,1886
78195,1870
78196,1855
78197,1843
78198,1833
78199,1834
78200,1846
78201,1856
78202,1853
78203,1867
78204,1861
78205,1868
78206,1860
78207,1856
78208,1855
78209,1876
78210,1897
78211,1882
78212,1868
78213,1855
78214,1840
78215,1825
78216,1836
78217,1846
78218,1848
78219,1867
78220,1872
78221,1872
78222,1874
78223,1862
78224,1859
78225,1856
78226,1882
78227,1893
78228,1879
78229,1866
78230,1843
78231,1830
78232,1838
78233,1840
78234,1825
78235,1818
78236,1846
78237,1857
78238,1862
78239,1861
78240,1858
78241,1859
78242,1866
78243,1891
78244,1892
78245,1871
78246,1850
78247,1835
78248,1829
78249,1838
78250,1842
78251,1851
78252,1857
78253,1868
78254,1871
78255,1872
78256,1871
78257,1871
78258,1870
78259,1879
78260,1889
78261,1874
78262,1861
78263,1847
78264,1835
78265,1829
78266,1835
78267,1842
78268,1845
78269,1859
78270,1871
78271,1867
78272,1871
78273,1870
78274,1870
78275,1867
78276,1882
78277,1886
78278,1868
78279,1853
78280,1841
78281,1831
78282,1833
78283,1838
78284,1843
78285,1850
78286,1863
78287,1871
78288,1871
78289,1872
78290,1870
78291,1866
78292,1872
78293,1889
78294,1877
78295,1856
78296,1840
78297,1836
78298,1829
78299,1839
78300,1841
78301,1847
78302,1856
78303,1867
78304,1862
78305,1872
78306,1871
78307,1868
78308,1865
78309,1872
78310,1891
78311,1877
78312,1863
78313,1846
78314,1831
78315,1828
78316,1838
78317,1843
78318,1840
78319,1856
78320,1871
78321,1862
78322,1871
78323,1872
78324,1864
78325,1861
78326,1875
78327,1881
78328,1862
78329,1846
78330,1834
78331,1830
78332,1826
78333,1831
78334,1840
78335,1853
78336,1860
78337,1870
78338,1871
78339,1872
78340,1869
78341,1867
78342,1870
78343,1878
78344,1879
78345,1859
78346,1844
78347,1840
78348,1831
78349,1834
78350,1831
78351,1839
78352,1853
78353,1868
78354,1859
78355,1863
78356,1862
78357,1855
78358,1855
78359,1867
78360,1874
78361,1872
78362,1856
78363,1843
78364,1835
78365,1831
78366,1834
78367,1841
78368,1850
78369,1854
78370,1868
78371,1865
78372,1869
78373,1865
78374,1869
78375,1866
78376,1878
78377,1881
78378,1866
78379,1850
78380,1838
78381,1833
78382,1830
78383,1837
78384,1839
78385,1843
78386,1857
78387,1867
78388,1862
78389,1872
78390,1863
78391,1862
78392,1869
78393,1881
78394,1875
78395,1858
78396,1843
78397,1840
78398,1836
78399,1837
78400,1843
78401,1851
78402,1856
78403,1869
78404,1866
78405,1871
78406,1871
78407,1867
78408,1862
78409,1873
78410,1887
78411,1874
78412,1861
78413,1850
78414,1835
78415,1827
78416,1829
78417,1840
78418,1842
78419,1863
78420,1875
78421,1873
78422,1875
78423,1871
78424,1866
78425,1862
78426,1872
78427,1875
78428,1861
78429,1856
78430,1843
78431,1837
78432,1834
78433,1840
78434,1843
78435,1845
78436,1859
78437,1872
78438,1871
78439,1872
78440,1869
78441,1869
78442,1872
78443,1889
78444,1880
78445,1859
78446,1847
78447,1838
78448,1833
78449,1834
78450,1842
78451,1856
78452,1858
78453,1877
78454,1886
78455,1889
78456,1888
78457,1882
78458,1856
78459,1854
78460,1862
78461,1847
78462,1840
78463,1836
78464,1831
78465,1829
78466,1836
78467,1844
78468,1849
78469,1856
78470,1871
78471,1870
78472,1872
78473,1870
78474,1863
78475,1862
78476,1876
78477,1883
78478,1866
78479,1856
78480,1844
78481,1840
78482,1838
78483,1840
78484,1847
78485,1855
78486,1867
78487,1872
78488,1871
78489,1872
78490,1870
78491,1869
78492,1874
78493,1889
78494,1885
78495,1867
78496,1847
78497,1840
78498,1834
78499,1840
78500,1843
78501,1849
78502,1856
78503,1870
78504,1861
78505,1863
78506,1860
78507,1861
78508,1856
78509,1875
78510,1889
78511,1874
78512,1857
78513,1845
78514,1837
78515,1835
78516,1837
78517,1844
78518,1846
78519,1859
78520,1872
78521,1871
78522,1872
78523,1867
78524,1866
78525,1863
78526,1877
78527,1886
78528,1867
78529,1847
78530,1838
78531,1826
78532,1823
78533,1834
78534,1841
78535,1847
78536,1860
78537,1867
78538,1861
78539,1865
78540,1858
78541,1858
78542,1872
78543,1887
78544,1884
78545,1865
78546,1855
78547,1842
78548,1831
78549,1827
78550,1837
78551,1847
78552,1855
78553,1867
78554,1865
78555,1867
78556,1866
78557,1868
78558,1866
78559,1878
78560,1889
78561,1877
78562,1860
78563,1840
78564,1829
78565,1826
78566,1834
78567,1840
78568,1840
78569,1862
78570,1872
78571,1871
78572,1872
78573,1863
78574,1865
78575,1867
78576,1885
78577,1887
78578,1869
78579,1854
78580,1843
78581,1837
78582,1835
78583,1840
78584,1846
78585,1851
78586,1867
78587,1872
78588,1872
78589,1872
78590,1861
78591,1860
78592,1871
78593,1887
78594,1877
78595,1861
78596,1845
78597,1837
78598,1827
78599,1835
78600,1842
78601,1850
78602,1858
78603,1871
78604,1871
78605,1872
78606,1866
78607,1865
78608,1862
78609,1875
78610,1886
78611,1874
78612,1859
78613,1842
78614,1840
78615,1833
78616,1837
78617,1843
78618,1841
78619,1856
78620,1871
78621,1871
78622,1872
78623,1867
78624,1861
78625,1865
78626,1879
78627,1887
78628,1858
78629,1847
78630,1833
78631,1836
78632,1835
78633,1839
78634,1846
78635,1850
78636,1863
78637,1870
78638,1872
78639,1872
78640,1869
78641,1866
78642,1875
78643,1891
78644,1887
78645,1862
78646,1848
78647,1840
78648,1835
78649,1838
78650,1843
78651,1853
78652,1856
78653,1872
78654,1867
78655,1869
78656,1866
78657,1862
78658,1859
78659,1871
78660,1883
78661,1872
78662,1855
78663,1844
78664,1840
78665,1839
78666,1839
78667,1847
78668,1855
78669,1865
78670,1876
78671,1873
78672,1875
78673,1872
78674,1869
78675,1872
78676,1884
78677,1892
78678,1871
78679,1856
78680,1849
78681,1840
78682,1840
78683,1841
78684,1844
78685,1847
78686,1862
78687,1870
78688,1871
78689,1874
78690,1872
78691,1872
78692,1873
78693,1887
78694,1885
78695,1870
78696,1856
78697,1842
78698,1836
78699,1839
78700,1842
78701,1854
78702,1857
78703,1872
78704,1872
78705,1873
78706,1872
78707,1871
78708,1869
78709,1881
78710,1894
78711,1878
78712,1863
78713,1853
78714,1838
78715,1835
78716,1834
78717,1840
78718,1846
78719,1863
78720,1873
78721,1869
78722,1872
78723,1867
78724,1871
78725,1869
78726,1887
78727,1889
78728,1870
78729,1849
78730,1843
78731,1835
78732,1837
78733,1840
78734,1847
78735,1855
78736,1871
78737,1878
78738,1879
78739,1874
78740,1870
78741,1870
78742,1876
78743,1888
78744,1876
78745,1860
78746,1843
78747,1838
78748,1829
78749,1830
78750,1837
78751,1843
78752,1860
78753,1873
78754,1872
78755,1872
78756,1872
78757,1871
78758,1869
78759,1886
78760,1892
78761,1876
78762,1857
78763,1843
78764,1839
78765,1838
78766,1842
78767,1851
78768,1856
78769,1866
78770,1872
78771,1870
78772,1872
78773,1869
78774,1865
78775,1869
78776,1881
78777,1882
78778,1868
78779,1858
78780,1842
78781,1835
78782,1838
78783,1843
78784,1847
78785,1855
78786,1867
78787,1872
78788,1872
78789,1872
78790,1871
78791,1869
78792,1874
78793,1891
78794,1887
78795,1868
78796,1851
78797,1840
78798,1833
78799,1837
78800,1843
78801,1850
78802,1859
78803,1871
78804,1862
78805,1865
78806,1862
78807,1862
78808,1859
78809,1881
78810,1891
78811,1875
78812,1861
78813,1840
78814,1834
78815,1831
78816,1839
78817,1844
78818,1842
78819,1863
78820,1872
78821,1872
78822,1873
78823,1868
78824,1867
78825,1867
78826,1883
78827,1886
78828,1870
78829,1849
78830,1839
78831,1829
78832,1831
78833,1839
78834,1844
78835,1847
78836,1862
78837,1866
78838,1859
78839,1867
78840,1861
78841,1872
78842,1878
78843,1892
78844,1879
78845,1857
78846,1842
78847,1838
78848,1835
78849,1834
78850,1840
78851,1847
78852,1855
78853,1869
78854,1871
78855,1872
78856,1870
78857,1871
78858,1867
78859,1882
78860,1891
78861,1875
78862,1859
78863,1846
78864,1834
78865,1830
78866,1834
78867,1842
78868,1843
78869,1854
78870,1866
78871,1870
78872,1872
78873,1869
78874,1871
78875,1872
78876,1887
78877,1889
78878,1870
78879,1855
78880,1841
78881,1834
78882,1836
78883,1840
78884,1846
78885,1854
78886,1867
78887,1872
78888,1870
78889,1871
78890,1869
78891,1868
78892,1873
78893,1890
78894,1876
78895,1858
78896,1842
78897,1834
78898,1824
78899,1836
78900,1840
78901,1852
78902,1858
78903,1872
78904,1872
78905,1872
78906,1869
78907,1869
78908,1867
78909,1879
78910,1891
78911,1875
78912,1859
78913,1843
78914,1837
78915,1835
78916,1840
78917,1847
78918,1844
78919,1862
78920,1872
78921,1869
78922,1872
78923,1863
78924,1857
78925,1859
78926,1875
78927,1879
78928,1861
78929,1846
78930,1834
78931,1834
78932,1837
78933,1840
78934,1854
78935,1855
78936,1868
78937,1871
78938,1869
78939,1870
78940,1870
78941,1868
78942,1875
78943,1892
78944,1885
78945,1865
78946,1851
78947,1840
78948,1833
78949,1836
78950,1841
78951,1850
78952,1856
78953,1869
78954,1859
78955,1865
78956,1862
78957,1859
78958,1856
78959,1870
78960,1883
78961,1874
78962,1861
78963,1845
78964,1840
78965,1839
78966,1839
78967,1842
78968,1850
78969,1861
78970,1872
78971,1872
78972,1874
78973,1869
78974,1867
78975,1870
78976,1886
78977,1893
78978,1870
78979,1855
78980,1845
78981,1838
78982,1836
78983,1842
78984,1841
78985,1845
78986,1859
78987,1866
78988,1863
78989,1873
78990,1871
78991,1868
78992,1876
78993,1890
78994,1886
78995,1866
78996,1854
78997,1840
78998,1837
78999,1838
79000,1846
79001,1853
79002,1858
79003,1871
79004,1872
79005,1872
79006,1872
79007,1870
79008,1867
79009,1879
79010,1888
79011,1873
79012,1859
79013,1847
79014,1835
79015,1833
79016,1834
79017,1840
79018,1846
79019,1863
79020,1872
79021,1870
79022,1872
79023,1872
79024,1871
79025,1870
79026,1886
79027,1891
79028,1871
79029,1854
79030,1841
79031,1834
79032,1836
79033,1840
79034,1844
79035,1854
79036,1866
79037,1872
79038,1872
79039,1872
79040,1870
79041,1871
79042,1873
79043,1891
79044,1877
79045,1859
79046,1844
79047,1835
79048,1830
79049,1831
79050,1840
79051,1847
79052,1858
79053,1873
79054,1873
79055,1872
79056,1866
79057,1860
79058,1859
79059,1873
79060,1887
79061,1872
79062,1856
79063,1843
79064,1840
79065,1837
79066,1840
79067,1847
79068,1854
79069,1866
79070,1875
79071,1872
79072,1877
79073,1872
79074,1862
79075,1859
79076,1874
79077,1878
79078,1861
79079,1853
79080,1843
79081,1835
79082,1837
79083,1843
79084,1850
79085,1856
79086,1869
79087,1872
79088,1869
79089,1871
79090,1868
79091,1866
79092,1873
79093,1889
79094,1883
79095,1863
79096,1847
79097,1842
79098,1835
79099,1840
79100,1840
79101,1853
79102,1856
79103,1869
79104,1862
79105,1870
79106,1863
79107,1866
79108,1861
79109,1879
79110,1889
79111,1872
79112,1857
79113,1846
79114,1834
79115,1829
79116,1835
79117,1845
79118,1840
79119,1863
79120,1871
79121,1869
79122,1871
79123,1869
79124,1869
79125,1870
79126,1883
79127,1888
79128,1871
79129,1849
79130,1840
79131,1830
79132,1829
79133,1836
79134,1842
79135,1847
79136,1862
79137,1869
79138,1865
79139,1863
79140,1861
79141,1863
79142,1872
79143,1889
79144,1879
79145,1866
79146,1850
79147,724
79148,1524
79149,1953
79150,2032
79151,2023
79152,2015
79153,2032
79154,2032
79155,1984
79156,1920
79157,1889
79158,1888
79159,1894
79160,1872
79161,1841
79162,1814
79163,1805
79164,1799
79165,1811
79166,1850
79167,1897
79168,1936
79169,1987
79170,2004
79171,1979
79172,1923
79173,1856
79174,1803
79175,1760
79176,1771
79177,1783
79178,2707
79179,1079
79180,1825
79181,1962
79182,1975
79183,1973
79184,1991
79185,2000
79186,1958
79187,1899
79188,1893
79189,1889
79190,1863
79191,1850
79192,1856
79193,1861
79194,1856
79195,1854
79196,1852
79197,1866
79198,1895
79199,1936
79200,1953
79201,1947
79202,1913
79203,1872
79204,1835
79205,1802
79206,1776
79207,1779
79208,1790
79209,2038
79210,833
79211,1804
79212,1981
79213,2001
79214,1985
79215,1984
79216,1987
79217,1952
79218,1895
79219,1889
79220,1899
79221,1863
79222,1840
79223,1842
79224,1839
79225,1872
79226,1904
79227,1917
79228,1927
79229,1951
79230,1968
79231,1961
79232,1935
79233,1879
79234,1830
79235,1782
79236,1767
79237,1767
79238,1787
79239,1804
79240,1811
79241,508
79242,1617
79243,1968
79244,2032
79245,2019
79246,2016
79247,2032
79248,2007
79249,1963
79250,1966
79251,1943
79252,1840
79253,1790
79254,1794
79255,1825
79256,1842
79257,1871
79258,1893
79259,1941
79260,1994
79261,2016
79262,1990
79263,1934
79264,1846
79265,1785
79266,1742
79267,1729
79268,1738
79269,1771
79270,1801
79271,1812
79272,1521
79273,1343
79274,1917
79275,2027
79276,2064
79277,2078
79278,2089
79279,2064
79280,1993
79281,1953
79282,1890
79283,1761
79284,1733
79285,1771
79286,1829
79287,1872
79288,1899
79289,1935
79290,1968
79291,2013
79292,2034
79293,2018
79294,1948
79295,1855
79296,1776
79297,1732
79298,1714
79299,1732
79300,1765
79301,1787
79302,1812
79303,2695
79304,970
79305,1855
79306,2012
79307,2062
79308,2070
79309,2107
79310,2118
79311,2039
79312,1977
79313,1887
79314,1754
79315,1728
79316,1741
79317,1791
79318,1838
79319,1891
79320,1933
79321,1962
79322,1994
79323,2002
79324,1982
79325,1923
79326,1865
79327,1825
79328,1778
79329,1755
79330,1751
79331,1755
79332,1772
79333,1794
79334,1818
79335,446
79336,1719
79337,2004
79338,2082
79339,2098
79340,2113
79341,2121
79342,2070
79343,2001
79344,1893
79345,1757
79346,1717
79347,1733
79348,1783
79349,1826
79350,1872
79351,1904
79352,1941
79353,1991
79354,2003
79355,1993
79356,1933
79357,1864
79358,1814
79359,1801
79360,1791
79361,1778
79362,1776
79363,1777
79364,1790
79365,1803
79366,482
79367,1509
79368,1958
79369,2055
79370,2074
79371,2085
79372,2096
79373,2045
79374,1968
79375,1886
79376,1803
79377,1823
79378,1839
79379,1856
79380,1859
79381,1872
79382,1904
79383,1936
79384,1977
79385,1999
79386,1995
79387,1936
79388,1866
79389,1817
79390,1790
79391,1770
79392,1774
79393,1803
79394,1808
79395,1813
79396,1814
79397,1876
79398,1147
79399,1883
79400,2018
79401,2064
79402,2079
79403,2101
79404,2064
79405,1984
79406,1883
79407,1769
79408,1790
79409,1847
79410,1892
79411,1894
79412,1898
79413,1904
79414,1922
79415,1948
79416,1971
79417,1969
79418,1918
79419,1863
79420,1823
79421,1793
79422,1782
79423,1776
79424,1781
79425,1800
79426,1839
79427,1856
79428,2496
79429,657
79430,1797
79431,2003
79432,2064
79433,2082
79434,2089
79435,2074
79436,1999
79437,1893
79438,1764
79439,1762
79440,1808
79441,1851
79442,1877
79443,1921
79444,1939
79445,1945
79446,1965
79447,1973
79448,1969
79449,1930
79450,1859
79451,1815
79452,1792
79453,1778
79454,1776
79455,1789
79456,1796
79457,1814
79458,1831
79459,1857
79460,272
79461,1667
79462,2017
79463,2098
79464,2102
79465,2107
79466,2097
79467,2026
79468,1929
79469,1776
79470,1719
79471,1791
79472,1841
79473,1863
79474,1877
79475,1907
79476,1949
79477,1974
79478,1979
79479,1968
79480,1925
79481,1855
79482,1808
79483,1796
79484,1794
79485,1789
79486,1802
79487,1811
79488,1822
79489,1840
79490,1843
79491,827
79492,1383
79493,2003
79494,2130
79495,2149
79496,2128
79497,2098
79498,2002
79499,1877
79500,1706
79501,1712
79502,1823
79503,1879
79504,1886
79505,1889
79506,1906
79507,1927
79508,1947
79509,1989
79510,2002
79511,1968
79512,1889
79513,1819
79514,1787
79515,1776
79516,1776
79517,1787
79518,1796
79519,1815
79520,1839
79521,1843
79522,2662
79523,922
79524,1902
79525,2106
79526,2182
79527,2194
79528,2167
79529,2077
79530,1928
79531,1693
79532,1626
79533,1761
79534,1841
79535,1868
79536,1882
79537,1903
79538,1920
79539,1936
79540,1951
79541,1963
79542,1965
79543,1936
79544,1879
79545,1840
79546,1813
79547,1797
79548,1787
79549,1792
79550,1797
79551,1808
79552,1826
79553,1936
79554,394
79555,1771
79556,2066
79557,2160
79558,2190
79559,2203
79560,2144
79561,2007
79562,1786
79563,1657
79564,1728
79565,1793
79566,1826
79567,1847
79568,1872
79569,1906
79570,1934
79571,1947
79572,1965
79573,1958
79574,1923
79575,1877
79576,1872
79577,1863
79578,1829
79579,1811
79580,1805
79581,1790
79582,1794
79583,1808
79584,1818
79585,391
79586,1488
79587,2019
79588,2165
79589,2224
79590,2246
79591,2181
79592,2087
79593,1889
79594,1616
79595,1665
79596,1776
79597,1811
79598,1825
79599,1843
79600,1875
79601,1903
79602,1927
79603,1943
79604,1942
79605,1925
79606,1881
79607,1857
79608,1850
79609,1855
79610,1857
79611,1837
79612,1817
79613,1808
79614,1794
79615,1798
79616,1669
79617,1114
79618,1931
79619,2131
79620,2210
79621,2253
79622,2219
79623,2116
79624,1959
79625,1647
79626,1641
79627,1787
79628,1834
79629,1831
79630,1836
79631,1859
79632,1881
79633,1907
79634,1931
79635,1936
79636,1935
79637,1902
79638,1875
79639,1868
79640,1855
79641,1845
79642,1846
79643,1853
79644,1834
79645,1815
79646,1810
79647,2398
79648,561
79649,1807
79650,2074
79651,2176
79652,2241
79653,2239
79654,2158
79655,2015
79656,1671
79657,1600
79658,1732
79659,1833
79660,1872
79661,1879
79662,1883
79663,1886
79664,1889
79665,1899
79666,1904
79667,1912
79668,1895
79669,1872
79670,1872
79671,1857
79672,1850
79673,1831
79674,1823
79675,1830
79676,1841
79677,1851
79678,1845
79679,213
79680,1691
79681,2046
79682,2177
79683,2251
79684,2250
79685,2160
79686,2055
79687,1728
79688,1535
79689,1686
79690,1796
79691,1844
79692,1874
79693,1904
79694,1913
79695,1913
79696,1907
79697,1911
79698,1904
79699,1889
79700,1863
79701,1856
79702,1859
79703,1859
79704,1840
79705,1840
79706,1827
79707,1823
79708,1823
79709,1853
79710,556
79711,1437
79712,2009
79713,2167
79714,2238
79715,2260
79716,2181
79717,2069
79718,1778
79719,1520
79720,1646
79721,1767
79722,1830
79723,1857
79724,1879
79725,1904
79726,1935
79727,1938
79728,1931
79729,1917
79730,1891
79731,1851
79732,1831
79733,1835
79734,1835
79735,1833
79736,1838
79737,1841
79738,1840
79739,1840
79740,1837
79741,2559
79742,918
79743,1936
79744,2147
79745,2222
79746,2260
79747,2191
79748,2078
79749,1881
79750,1518
79751,1582
79752,1759
79753,1856
79754,1881
79755,1893
79756,1903
79757,1919
79758,1927
79759,1951
79760,1965
79761,1938
79762,1888
79763,1847
79764,1824
79765,1813
79766,1805
79767,1808
79768,1813
79769,1840
79770,1846
79771,1847
79772,1856
79773,1854
79774,1859
79775,1870
79776,1885
79777,1891
79778,1872
79779,1863
79780,1853
79781,1841
79782,1843
79783,1846
79784,1856
79785,1861
79786,1875
79787,1877
79788,1872
79789,1872
79790,1871
79791,1870
79792,1876
79793,1888
79794,1872
79795,1855
79796,1846
79797,1839
79798,1829
79799,1840
79800,1843
79801,1849
79802,1854
79803,1867
79804,1869
79805,1872
79806,1872
79807,1871
79808,1869
79809,1885
79810,1889
79811,1872
79812,1857
79813,1843
79814,1835
79815,1833
79816,1840
79817,1851
79818,1849
79819,1865
79820,1873
79821,1872
79822,1869
79823,1859
79824,1860
79825,1865
79826,1887
79827,1888
79828,1867
79829,1843
79830,1834
79831,1833
79832,1840
79833,1841
79834,1850
79835,1856
79836,1875
79837,1875
79838,1872
79839,1867
79840,1871
79841,1872
79842,1874
79843,1872
79844,1871
79845,1861
79846,1851
79847,1840
79848,1835
79849,1842
79850,1851
79851,1843
79852,1849
79853,1867
79854,1856
79855,1857
79856,1856
79857,1859
79858,1853
79859,1874
79860,1882
79861,1870
79862,1853
79863,1841
79864,1837
79865,1835
79866,1842
79867,1852
79868,1858
79869,1870
79870,1870
79871,1859
79872,1866
79873,1863
79874,1865
79875,1872
79876,1887
79877,1884
79878,1863
79879,1849
79880,1840
79881,1835
79882,1838
79883,1842
79884,1843
79885,1847
79886,1861
79887,1862
79888,1860
79889,1872
79890,1869
79891,1863
79892,1872
79893,1887
79894,1879
79895,1862
79896,1847
79897,1840
79898,1835
79899,1838
