Time(ms),ENV_Value,RMS,MDF,MW_Amp,MW_Area,MW_Latency,Marker
0,21.5,100.1,136.7,0.0,0.0,0.0,
100,12.2,100.1,136.7,0.0,0.0,0.0,
200,3.3,100.1,136.7,0.0,0.0,0.0,
300,4.0,100.1,136.7,0.0,0.0,0.0,
400,3.6,100.1,136.7,0.0,0.0,0.0,
500,4.2,100.1,136.7,0.0,0.0,0.0,
600,6.4,100.1,136.7,0.0,0.0,0.0,
700,4.8,100.1,136.7,0.0,0.0,0.0,
800,6.4,100.1,136.7,0.0,0.0,0.0,
900,12.0,36.2,281.3,0.0,0.0,0.0,
1000,9.0,36.2,281.3,0.0,0.0,0.0,
1100,27.0,36.2,281.3,0.0,0.0,0.0,
1200,35.7,36.2,281.3,0.0,0.0,0.0,
1300,42.2,36.2,281.3,0.0,0.0,0.0,
1400,49.2,36.2,281.3,76.0,550.0,9.0,
1500,68.5,36.2,281.3,79.0,492.0,8.0,
1600,37.7,36.2,281.3,79.0,492.0,8.0,
1700,14.9,36.2,281.3,79.0,492.0,8.0,
1800,6.5,36.2,281.3,79.0,492.0,8.0,
1900,6.0,109.8,156.3,79.0,492.0,8.0,
2000,9.2,109.8,156.3,79.0,492.0,8.0,
2100,4.6,109.8,156.3,79.0,492.0,8.0,
2200,3.1,109.8,156.3,79.0,492.0,8.0,
2300,9.1,109.8,156.3,79.0,492.0,8.0,
2400,9.8,109.8,156.3,79.0,492.0,8.0,
2500,120.2,109.8,156.3,464.0,3408.0,30.0,
2600,15.8,109.8,156.3,464.0,3408.0,30.0,
2700,21.6,109.8,156.3,464.0,3408.0,30.0,
2800,35.0,109.8,156.3,464.0,3408.0,30.0,
2900,65.1,121.7,144.5,464.0,3408.0,30.0,
3000,64.2,121.7,144.5,74.0,431.0,9.0,
3100,43.6,121.7,144.5,79.0,481.0,9.0,
3200,30.9,121.7,144.5,79.0,481.0,9.0,
3300,18.2,121.7,144.5,79.0,481.0,9.0,
3400,4.7,121.7,144.5,79.0,481.0,9.0,
3500,5.4,121.7,144.5,79.0,481.0,9.0,
3600,4.6,121.7,144.5,79.0,481.0,9.0,
3700,2.9,121.7,144.5,79.0,481.0,9.0,
3800,3.4,121.7,144.5,79.0,481.0,9.0,
3900,4.6,100.8,289.1,79.0,481.0,9.0,
4000,4.4,100.8,289.1,79.0,481.0,9.0,
4100,3.5,100.8,289.1,79.0,481.0,9.0,
4200,7.4,100.8,289.1,79.0,481.0,9.0,
4300,20.8,100.8,289.1,79.0,481.0,9.0,
4400,33.5,100.8,289.1,79.0,481.0,9.0,
4500,79.6,100.8,289.1,79.0,481.0,9.0,
4600,80.2,100.8,289.1,111.0,640.0,10.0,
4700,43.9,100.8,289.1,111.0,640.0,10.0,
4800,23.9,100.8,289.1,111.0,640.0,10.0,
4900,21.6,106.5,140.6,111.0,640.0,10.0,
5000,5.3,106.5,140.6,111.0,640.0,10.0,
5100,5.7,106.5,140.6,111.0,640.0,10.0,
5200,4.5,106.5,140.6,111.0,640.0,10.0,
5300,3.1,106.5,140.6,111.0,640.0,10.0,
5400,3.9,106.5,140.6,111.0,640.0,10.0,
5500,4.2,106.5,140.6,111.0,640.0,10.0,
5600,6.6,106.5,140.6,111.0,640.0,10.0,
5700,5.0,106.5,140.6,111.0,640.0,10.0,
5800,3.6,106.5,140.6,111.0,640.0,10.0,
5900,21.6,14.4,128.9,111.0,640.0,10.0,
6000,51.0,14.4,128.9,111.0,640.0,10.0,
6100,55.3,14.4,128.9,117.0,614.0,9.0,
6200,54.4,14.4,128.9,128.0,655.0,23.0,
6300,36.4,14.4,128.9,128.0,655.0,23.0,
6400,34.8,14.4,128.9,128.0,655.0,23.0,
6500,29.5,14.4,128.9,128.0,655.0,23.0,
6600,6.0,14.4,128.9,128.0,655.0,23.0,
6700,6.4,14.4,128.9,128.0,655.0,23.0,
6800,7.7,14.4,128.9,128.0,655.0,23.0,
6900,5.0,105.5,289.1,128.0,655.0,23.0,
7000,7.4,105.5,289.1,128.0,655.0,23.0,
7100,4.3,105.5,289.1,128.0,655.0,23.0,
7200,5.7,105.5,289.1,128.0,655.0,23.0,
7300,5.4,105.5,289.1,128.0,655.0,23.0,
7400,5.0,105.5,289.1,128.0,655.0,23.0,
7500,41.9,105.5,289.1,128.0,655.0,23.0,
7600,86.3,105.5,289.1,152.0,743.0,10.0,
7700,69.9,105.5,289.1,125.0,634.0,10.0,
7800,40.3,105.5,289.1,125.0,634.0,10.0,
7900,34.3,104.5,160.2,125.0,634.0,10.0,
8000,41.4,104.5,160.2,125.0,634.0,10.0,
8100,58.9,104.5,160.2,125.0,634.0,10.0,
8200,7.7,104.5,160.2,125.0,634.0,10.0,
8300,6.0,104.5,160.2,125.0,634.0,10.0,
8400,6.7,104.5,160.2,125.0,634.0,10.0,
8500,6.0,104.5,160.2,125.0,634.0,10.0,
8600,4.7,104.5,160.2,125.0,634.0,10.0,
8700,5.8,104.5,160.2,125.0,634.0,10.0,
8800,6.4,104.5,160.2,125.0,634.0,10.0,
8900,3.7,45.8,281.3,125.0,634.0,10.0,
9000,9.5,45.8,281.3,125.0,634.0,10.0,
9100,11.0,45.8,281.3,125.0,634.0,10.0,
9200,78.1,45.8,281.3,166.0,626.0,9.0,
9300,52.6,45.8,281.3,166.0,626.0,9.0,
9400,40.4,45.8,281.3,166.0,626.0,9.0,
9500,41.0,45.8,281.3,166.0,626.0,9.0,
9600,40.1,45.8,281.3,166.0,626.0,9.0,
9700,92.1,45.8,281.3,159.0,670.0,10.0,
9800,9.2,45.8,281.3,159.0,670.0,10.0,
9900,5.2,122.8,281.3,159.0,670.0,10.0,
10000,10.6,122.8,281.3,159.0,670.0,10.0,
10100,6.2,122.8,281.3,159.0,670.0,10.0,
10200,7.7,122.8,281.3,159.0,670.0,10.0,
10300,5.9,122.8,281.3,159.0,670.0,10.0,
10400,7.9,122.8,281.3,159.0,670.0,10.0,
10500,4.1,122.8,281.3,159.0,670.0,10.0,
10600,4.4,122.8,281.3,159.0,670.0,10.0,
10700,9.7,122.8,281.3,159.0,670.0,10.0,
10800,57.7,122.8,281.3,140.0,700.0,9.0,
10900,35.9,64.6,128.9,140.0,700.0,9.0,
11000,44.1,64.6,128.9,140.0,700.0,9.0,
11100,50.6,64.6,128.9,140.0,700.0,9.0,
11200,61.4,64.6,128.9,140.0,700.0,9.0,
11300,56.2,64.6,128.9,160.0,681.0,9.0,
11400,11.9,64.6,128.9,152.0,653.0,10.0,
11500,5.3,64.6,128.9,152.0,653.0,10.0,
11600,3.9,64.6,128.9,152.0,653.0,10.0,
11700,5.0,64.6,128.9,152.0,653.0,10.0,
11800,4.9,64.6,128.9,152.0,653.0,10.0,
11900,4.0,98.4,164.1,152.0,653.0,10.0,
12000,3.4,98.4,164.1,152.0,653.0,10.0,
12100,3.8,98.4,164.1,152.0,653.0,10.0,
12200,3.6,98.4,164.1,152.0,653.0,10.0,
12300,4.5,98.4,164.1,152.0,653.0,10.0,
12400,52.9,98.4,164.1,152.0,653.0,10.0,
12500,37.9,98.4,164.1,152.0,653.0,10.0,
12600,39.8,98.4,164.1,152.0,653.0,10.0,
12700,57.0,98.4,164.1,152.0,653.0,10.0,
12800,78.0,98.4,164.1,147.0,605.0,10.0,
13000,11.8,98.4,164.1,130.0,556.0,10.0,
13100,5.1,98.4,164.1,130.0,556.0,10.0,
13200,3.6,98.4,164.1,130.0,556.0,10.0,
13300,3.3,98.4,164.1,130.0,556.0,10.0,
13400,4.2,98.4,164.1,130.0,556.0,10.0,
13500,4.0,98.4,164.1,130.0,556.0,10.0,
13600,2.9,98.4,164.1,130.0,556.0,10.0,
13700,3.0,98.4,164.1,130.0,556.0,10.0,
13800,4.9,98.4,164.1,130.0,556.0,10.0,
13900,10.1,32.8,273.4,130.0,556.0,10.0,
14000,40.3,32.8,273.4,130.0,556.0,10.0,
14100,45.7,32.8,273.4,130.0,556.0,10.0,
14200,45.3,32.8,273.4,130.0,556.0,10.0,
14300,47.9,32.8,273.4,130.0,556.0,10.0,
14400,95.0,32.8,273.4,165.0,663.0,10.0,
14500,72.4,32.8,273.4,144.0,598.0,9.0,
14600,15.6,32.8,273.4,144.0,598.0,9.0,
14700,6.6,32.8,273.4,144.0,598.0,9.0,
14800,7.1,32.8,273.4,144.0,598.0,9.0,
15000,5.5,32.8,273.4,144.0,598.0,9.0,
15100,6.8,32.8,273.4,144.0,598.0,9.0,
15200,6.9,32.8,273.4,144.0,598.0,9.0,
15300,5.8,32.8,273.4,144.0,598.0,9.0,
15400,9.2,32.8,273.4,144.0,598.0,9.0,
15500,4.4,32.8,273.4,144.0,598.0,9.0,
15600,25.1,32.8,273.4,144.0,598.0,9.0,
15700,40.9,32.8,273.4,144.0,598.0,9.0,
15800,45.7,32.8,273.4,144.0,598.0,9.0,
15900,60.5,52.9,199.2,144.0,598.0,9.0,
16000,64.0,52.9,199.2,143.0,631.0,9.0,
16100,62.9,52.9,199.2,175.0,761.0,10.0,
16200,15.3,52.9,199.2,175.0,761.0,10.0,
16300,5.8,52.9,199.2,175.0,761.0,10.0,
16400,3.8,52.9,199.2,175.0,761.0,10.0,
16500,3.3,52.9,199.2,175.0,761.0,10.0,
16600,2.9,52.9,199.2,175.0,761.0,10.0,
16700,3.2,52.9,199.2,175.0,761.0,10.0,
16800,3.0,52.9,199.2,175.0,761.0,10.0,
16900,3.6,97.0,289.1,175.0,761.0,10.0,
17000,5.2,97.0,289.1,175.0,761.0,10.0,
17100,6.9,97.0,289.1,175.0,761.0,10.0,
17200,36.3,97.0,289.1,175.0,761.0,10.0,
17300,35.7,97.0,289.1,175.0,761.0,10.0,
17400,67.8,97.0,289.1,175.0,761.0,10.0,
17500,86.4,97.0,289.1,160.0,768.0,13.0,
17600,74.3,97.0,289.1,205.0,1041.0,10.0,
17700,40.6,97.0,289.1,205.0,1041.0,10.0,
17800,13.8,97.0,289.1,205.0,1041.0,10.0,
17900,4.6,105.1,113.3,205.0,1041.0,10.0,
18000,3.6,105.1,113.3,205.0,1041.0,10.0,
18100,4.0,105.1,113.3,205.0,1041.0,10.0,
18200,4.1,105.1,113.3,205.0,1041.0,10.0,
18300,3.8,105.1,113.3,205.0,1041.0,10.0,
18400,4.3,105.1,113.3,205.0,1041.0,10.0,
18500,4.7,105.1,113.3,205.0,1041.0,10.0,
18600,4.1,105.1,113.3,205.0,1041.0,10.0,
18700,3.8,105.1,113.3,205.0,1041.0,10.0,
18800,36.0,105.1,113.3,205.0,1041.0,10.0,
18900,52.0,34.4,148.4,205.0,1041.0,10.0,
19000,65.5,34.4,148.4,205.0,1041.0,10.0,
19100,81.4,34.4,148.4,162.0,700.0,9.0,
19200,46.3,34.4,148.4,162.0,700.0,9.0,
19300,49.0,34.4,148.4,162.0,700.0,9.0,
19400,20.9,34.4,148.4,162.0,700.0,9.0,
19500,5.8,34.4,148.4,162.0,700.0,9.0,
19600,3.3,34.4,148.4,162.0,700.0,9.0,
19700,3.1,34.4,148.4,162.0,700.0,9.0,
19800,3.2,34.4,148.4,162.0,700.0,9.0,
19900,3.5,104.3,285.2,162.0,700.0,9.0,
20000,3.4,104.3,285.2,162.0,700.0,9.0,
20100,2.9,104.3,285.2,162.0,700.0,9.0,
20200,3.3,104.3,285.2,162.0,700.0,9.0,
20300,4.2,104.3,285.2,162.0,700.0,9.0,
20400,57.3,104.3,285.2,162.0,700.0,9.0,
20500,85.5,104.3,285.2,133.0,544.0,9.0,
20600,74.3,104.3,285.2,135.0,835.0,13.0,
20700,39.7,104.3,285.2,135.0,835.0,13.0,
20800,36.8,104.3,285.2,135.0,835.0,13.0,
20900,52.4,103.5,164.1,135.0,835.0,13.0,
21000,31.6,103.5,164.1,135.0,835.0,13.0,
21100,7.1,103.5,164.1,135.0,835.0,13.0,
21200,3.9,103.5,164.1,135.0,835.0,13.0,
21300,3.6,103.5,164.1,135.0,835.0,13.0,
21400,3.3,103.5,164.1,135.0,835.0,13.0,
21500,2.8,103.5,164.1,135.0,835.0,13.0,
21600,3.6,103.5,164.1,135.0,835.0,13.0,
21700,3.5,103.5,164.1,135.0,835.0,13.0,
21800,3.3,103.5,164.1,135.0,835.0,13.0,
21900,7.9,37.3,289.1,135.0,835.0,13.0,
22000,43.7,37.3,289.1,135.0,835.0,13.0,
22100,50.7,37.3,289.1,194.0,794.0,11.0,
22200,43.1,37.3,289.1,194.0,794.0,11.0,
22300,50.7,37.3,289.1,194.0,794.0,11.0,
22400,44.6,37.3,289.1,194.0,794.0,11.0,
22500,45.9,37.3,289.1,194.0,794.0,11.0,
22600,48.7,37.3,289.1,182.0,702.0,10.0,
22700,6.2,37.3,289.1,182.0,702.0,10.0,
22800,4.6,37.3,289.1,182.0,702.0,10.0,
22900,2.9,115.9,289.1,182.0,702.0,10.0,
23000,3.5,115.9,289.1,182.0,702.0,10.0,
23100,4.3,115.9,289.1,182.0,702.0,10.0,
23200,2.9,115.9,289.1,182.0,702.0,10.0,
23300,2.9,115.9,289.1,182.0,702.0,10.0,
23400,3.2,115.9,289.1,182.0,702.0,10.0,
23500,3.8,115.9,289.1,182.0,702.0,10.0,
23600,48.8,115.9,289.1,182.0,702.0,10.0,
23700,49.6,115.9,289.1,133.0,630.0,11.0,
23800,36.9,115.9,289.1,133.0,630.0,11.0,
23900,51.0,67.4,175.8,133.0,630.0,11.0,
24000,55.2,67.4,175.8,133.0,630.0,11.0,
24100,65.7,67.4,175.8,133.0,630.0,11.0,
24200,61.5,67.4,175.8,199.0,855.0,10.0,
24300,7.2,67.4,175.8,167.0,708.0,10.0,
24400,4.0,67.4,175.8,167.0,708.0,10.0,
24500,3.0,67.4,175.8,167.0,708.0,10.0,
24600,3.8,67.4,175.8,167.0,708.0,10.0,
24700,3.0,67.4,175.8,167.0,708.0,10.0,
24800,3.8,67.4,175.8,167.0,708.0,10.0,
25000,3.8,67.4,175.8,167.0,708.0,10.0,
25100,4.4,67.4,175.8,167.0,708.0,10.0,
25200,45.4,67.4,175.8,167.0,708.0,10.0,
25300,56.3,67.4,175.8,160.0,768.0,15.0,
25400,48.5,67.4,175.8,160.0,768.0,15.0,
25500,43.5,67.4,175.8,160.0,768.0,15.0,
25600,70.6,67.4,175.8,160.0,768.0,15.0,
25700,90.8,67.4,175.8,187.0,786.0,12.0,
25800,70.3,67.4,175.8,147.0,704.0,10.0,
25900,8.1,115.6,187.5,147.0,704.0,10.0,
26000,12.1,115.6,187.5,147.0,704.0,10.0,
26100,3.9,115.6,187.5,147.0,704.0,10.0,
26200,219.0,115.6,187.5,147.0,704.0,10.0,
26300,61.8,115.6,187.5,600.0,4271.0,30.0,
26400,14.3,115.6,187.5,600.0,4271.0,30.0,
26500,6.4,115.6,187.5,600.0,4271.0,30.0,
26600,3.2,115.6,187.5,600.0,4271.0,30.0,
26700,7.8,115.6,187.5,600.0,4271.0,30.0,
26800,8.8,115.6,187.5,600.0,4271.0,30.0,
26900,50.6,128.3,105.5,600.0,4271.0,30.0,
27000,58.2,128.3,105.5,600.0,4271.0,30.0,
27100,67.8,128.3,105.5,600.0,4271.0,30.0,
27200,66.8,128.3,105.5,192.0,790.0,10.0,
27300,74.3,128.3,105.5,177.0,775.0,9.0,
27400,45.6,128.3,105.5,177.0,775.0,9.0,
27500,7.1,128.3,105.5,177.0,775.0,9.0,
27600,4.2,128.3,105.5,177.0,775.0,9.0,
27700,3.6,128.3,105.5,177.0,775.0,9.0,
27800,3.7,128.3,105.5,177.0,775.0,9.0,
27900,5.3,107.4,222.7,177.0,775.0,9.0,
28000,4.9,107.4,222.7,177.0,775.0,9.0,
28100,3.4,107.4,222.7,177.0,775.0,9.0,
28200,2.9,107.4,222.7,177.0,775.0,9.0,
28300,3.2,107.4,222.7,177.0,775.0,9.0,
28400,6.0,107.4,222.7,177.0,775.0,9.0,
28500,40.3,107.4,222.7,177.0,775.0,9.0,
28600,69.2,107.4,222.7,177.0,775.0,9.0,
28700,91.8,107.4,222.7,179.0,718.0,10.0,
28800,74.2,107.4,222.7,193.0,783.0,10.0,
28900,44.4,103.3,179.7,193.0,783.0,10.0,
29000,45.2,103.3,179.7,193.0,783.0,10.0,
29100,8.8,103.3,179.7,193.0,783.0,10.0,
29200,4.8,103.3,179.7,193.0,783.0,10.0,
29300,3.2,103.3,179.7,193.0,783.0,10.0,
29400,4.5,103.3,179.7,193.0,783.0,10.0,
29500,4.9,103.3,179.7,193.0,783.0,10.0,
29600,8.8,103.3,179.7,193.0,783.0,10.0,
29700,10.7,103.3,179.7,193.0,783.0,10.0,
29800,11.1,103.3,179.7,193.0,783.0,10.0,
29900,4.9,28.1,175.8,193.0,783.0,10.0,
30000,3.6,28.1,175.8,193.0,783.0,10.0,
30100,52.0,28.1,175.8,193.0,783.0,10.0,
30200,53.6,28.1,175.8,193.0,783.0,10.0,
30300,101.6,28.1,175.8,205.0,932.0,10.0,
30400,79.4,28.1,175.8,190.0,771.0,11.0,
30500,50.3,28.1,175.8,190.0,771.0,11.0,
30600,46.7,28.1,175.8,190.0,771.0,11.0,
30700,10.0,28.1,175.8,190.0,771.0,11.0,
30800,5.3,28.1,175.8,190.0,771.0,11.0,
31000,6.6,28.1,175.8,190.0,771.0,11.0,
31100,7.9,28.1,175.8,190.0,771.0,11.0,
31200,3.9,28.1,175.8,190.0,771.0,11.0,
31300,3.2,28.1,175.8,190.0,771.0,11.0,
31400,5.7,28.1,175.8,190.0,771.0,11.0,
31500,5.1,28.1,175.8,190.0,771.0,11.0,
31600,8.7,28.1,175.8,190.0,771.0,11.0,
31700,60.0,28.1,175.8,190.0,771.0,11.0,
31800,76.3,28.1,175.8,190.0,771.0,11.0,
32000,53.3,28.1,175.8,190.0,846.0,10.0,
32100,53.8,28.1,175.8,190.0,846.0,10.0,
32200,57.5,28.1,175.8,190.0,846.0,10.0,
32300,19.2,28.1,175.8,190.0,846.0,10.0,
32400,14.4,28.1,175.8,190.0,846.0,10.0,
32500,7.0,28.1,175.8,190.0,846.0,10.0,
32600,20.2,28.1,175.8,190.0,846.0,10.0,
32700,24.5,28.1,175.8,190.0,846.0,10.0,
32800,31.3,28.1,175.8,190.0,846.0,10.0,
33000,25.4,28.1,175.8,609.0,4590.0,29.0,
33100,18.2,28.1,175.8,609.0,4590.0,29.0,
33200,9.4,28.1,175.8,609.0,4590.0,29.0,
33300,45.9,28.1,175.8,609.0,4590.0,29.0,
33400,97.7,28.1,175.8,178.0,756.0,10.0,
33500,75.9,28.1,175.8,191.0,882.0,10.0,
33600,48.5,28.1,175.8,191.0,882.0,10.0,
33700,40.3,28.1,175.8,191.0,882.0,10.0,
33800,55.7,28.1,175.8,191.0,882.0,10.0,
34000,6.5,28.1,175.8,191.0,882.0,10.0,
34100,4.2,28.1,175.8,191.0,882.0,10.0,
34200,3.4,28.1,175.8,191.0,882.0,10.0,
34300,3.1,28.1,175.8,191.0,882.0,10.0,
34400,2.9,28.1,175.8,191.0,882.0,10.0,
34500,4.9,28.1,175.8,191.0,882.0,10.0,
34600,3.6,28.1,175.8,191.0,882.0,10.0,
34700,3.7,28.1,175.8,191.0,882.0,10.0,
34800,5.9,28.1,175.8,191.0,882.0,10.0,
35000,63.6,28.1,175.8,226.0,923.0,13.0,
35100,54.8,28.1,175.8,226.0,923.0,13.0,
35200,61.3,28.1,175.8,226.0,923.0,13.0,
35300,53.1,28.1,175.8,226.0,923.0,13.0,
35400,47.5,28.1,175.8,226.0,923.0,13.0,
35500,21.2,28.1,175.8,226.0,923.0,13.0,
35600,4.3,28.1,175.8,226.0,923.0,13.0,
35700,8.0,28.1,175.8,226.0,923.0,13.0,
35800,5.4,28.1,175.8,226.0,923.0,13.0,
35900,170.3,137.6,265.6,226.0,923.0,13.0,
36000,41.9,137.6,265.6,637.0,4485.0,29.0,
36100,4.9,137.6,265.6,637.0,4485.0,29.0,
36200,3.1,137.6,265.6,637.0,4485.0,29.0,
36300,4.2,137.6,265.6,637.0,4485.0,29.0,
36400,5.3,137.6,265.6,637.0,4485.0,29.0,
36500,76.9,137.6,265.6,178.0,778.0,11.0,
36600,61.6,137.6,265.6,178.0,778.0,11.0,
36700,46.3,137.6,265.6,178.0,778.0,11.0,
36800,59.0,137.6,265.6,178.0,778.0,11.0,
37000,74.4,137.6,265.6,178.0,778.0,11.0,
37100,29.1,137.6,265.6,196.0,727.0,11.0,
37200,5.9,137.6,265.6,196.0,727.0,11.0,
37300,4.8,137.6,265.6,196.0,727.0,11.0,
37400,4.5,137.6,265.6,196.0,727.0,11.0,
37500,4.2,137.6,265.6,196.0,727.0,11.0,
37600,3.6,137.6,265.6,196.0,727.0,11.0,
37700,3.1,137.6,265.6,196.0,727.0,11.0,
37800,2.7,137.6,265.6,196.0,727.0,11.0,
38000,5.4,137.6,265.6,196.0,727.0,11.0,
38100,46.0,137.6,265.6,196.0,727.0,11.0,
38200,62.1,137.6,265.6,196.0,727.0,11.0,
38300,57.1,137.6,265.6,196.0,727.0,11.0,
38400,52.0,137.6,265.6,196.0,727.0,11.0,
38500,92.5,137.6,265.6,196.0,727.0,11.0,
38600,89.3,137.6,265.6,201.0,827.0,11.0,
38700,31.1,137.6,265.6,201.0,827.0,11.0,
38800,5.3,137.6,265.6,201.0,827.0,11.0,
39000,17.6,137.6,265.6,201.0,827.0,11.0,
39100,9.1,137.6,265.6,201.0,827.0,11.0,
39200,6.7,137.6,265.6,201.0,827.0,11.0,
39300,6.2,137.6,265.6,201.0,827.0,11.0,
39400,6.5,137.6,265.6,201.0,827.0,11.0,
39500,3.7,137.6,265.6,201.0,827.0,11.0,
39600,5.4,137.6,265.6,201.0,827.0,11.0,
39700,28.3,137.6,265.6,201.0,827.0,11.0,
39800,74.3,137.6,265.6,201.0,827.0,11.0,
39900,69.1,50.6,128.9,201.0,827.0,11.0,
40000,73.4,50.6,128.9,201.0,827.0,11.0,
40100,71.1,50.6,128.9,201.0,827.0,11.0,
40200,53.4,50.6,128.9,199.0,750.0,12.0,
40300,32.3,50.6,128.9,199.0,750.0,12.0,
40400,8.7,50.6,128.9,199.0,750.0,12.0,
40500,8.2,50.6,128.9,199.0,750.0,12.0,
40600,6.7,50.6,128.9,199.0,750.0,12.0,
40700,3.2,50.6,128.9,199.0,750.0,12.0,
40800,6.2,50.6,128.9,199.0,750.0,12.0,
41000,9.4,50.6,128.9,199.0,750.0,12.0,
41100,3.9,50.6,128.9,199.0,750.0,12.0,
41200,2.8,50.6,128.9,199.0,750.0,12.0,
41300,33.0,50.6,128.9,199.0,750.0,12.0,
41400,49.7,50.6,128.9,199.0,750.0,12.0,
41500,55.2,50.6,128.9,199.0,750.0,12.0,
41600,92.7,50.6,128.9,199.0,750.0,12.0,
41700,77.9,50.6,128.9,189.0,788.0,11.0,
41800,58.0,50.6,128.9,189.0,788.0,11.0,
42000,25.5,50.6,128.9,189.0,788.0,11.0,
42100,32.9,50.6,128.9,189.0,788.0,11.0,
42200,18.0,50.6,128.9,189.0,788.0,11.0,
42300,6.4,50.6,128.9,189.0,788.0,11.0,
42400,3.1,50.6,128.9,189.0,788.0,11.0,
42500,3.2,50.6,128.9,189.0,788.0,11.0,
42600,3.8,50.6,128.9,189.0,788.0,11.0,
42700,5.5,50.6,128.9,189.0,788.0,11.0,
42800,4.5,50.6,128.9,189.0,788.0,11.0,
42900,37.1,16.8,15.6,189.0,788.0,11.0,
43000,62.2,16.8,15.6,189.0,788.0,11.0,
43100,66.5,16.8,15.6,189.0,788.0,11.0,
43200,58.8,16.8,15.6,186.0,712.0,11.0,
43300,63.7,16.8,15.6,186.0,712.0,11.0,
43400,60.3,16.8,15.6,186.0,712.0,11.0,
43500,55.3,16.8,15.6,186.0,712.0,11.0,
43600,7.4,16.8,15.6,186.0,712.0,11.0,
43700,4.9,16.8,15.6,186.0,712.0,11.0,
43800,2.9,16.8,15.6,186.0,712.0,11.0,
44000,3.5,16.8,15.6,186.0,712.0,11.0,
44100,3.6,16.8,15.6,186.0,712.0,11.0,
44200,2.7,16.8,15.6,186.0,712.0,11.0,
44300,2.9,16.8,15.6,186.0,712.0,11.0,
44400,4.4,16.8,15.6,186.0,712.0,11.0,
44500,7.3,16.8,15.6,186.0,712.0,11.0,
44600,94.9,16.8,15.6,186.0,712.0,11.0,
44700,87.6,16.8,15.6,207.0,878.0,11.0,
44800,57.5,16.8,15.6,207.0,878.0,11.0,
45000,66.2,16.8,15.6,207.0,878.0,11.0,
45100,66.1,16.8,15.6,207.0,878.0,11.0,
45200,6.7,16.8,15.6,207.0,878.0,11.0,
45300,4.6,16.8,15.6,207.0,878.0,11.0,
45400,3.0,16.8,15.6,207.0,878.0,11.0,
45500,2.8,16.8,15.6,207.0,878.0,11.0,
45600,2.6,16.8,15.6,207.0,878.0,11.0,
45700,2.4,16.8,15.6,207.0,878.0,11.0,
45800,229.7,16.8,15.6,207.0,878.0,11.0,
46000,5.8,16.8,15.6,207.0,878.0,11.0,
46100,6.4,16.8,15.6,207.0,878.0,11.0,
46200,57.5,16.8,15.6,211.0,984.0,14.0,
46300,59.0,16.8,15.6,211.0,984.0,14.0,
46400,65.8,16.8,15.6,211.0,984.0,14.0,
46500,58.1,16.8,15.6,211.0,984.0,14.0,
46600,56.6,16.8,15.6,211.0,984.0,14.0,
46700,91.7,16.8,15.6,219.0,790.0,11.0,
46800,11.6,16.8,15.6,219.0,790.0,11.0,
47000,2.6,16.8,15.6,219.0,790.0,11.0,
47100,3.5,16.8,15.6,219.0,790.0,11.0,
47200,2.7,16.8,15.6,219.0,790.0,11.0,
47300,2.7,16.8,15.6,219.0,790.0,11.0,
47400,3.1,16.8,15.6,219.0,790.0,11.0,
47500,2.3,16.8,15.6,219.0,790.0,11.0,
47600,2.6,16.8,15.6,219.0,790.0,11.0,
47700,3.4,16.8,15.6,219.0,790.0,11.0,
47800,49.1,16.8,15.6,219.0,790.0,11.0,
47900,55.7,41.9,168.0,219.0,790.0,11.0,
48000,71.4,41.9,168.0,219.0,790.0,11.0,
48100,81.4,41.9,168.0,219.0,790.0,11.0,
48200,80.8,41.9,168.0,195.0,784.0,10.0,
48300,50.7,41.9,168.0,195.0,784.0,10.0,
48400,9.9,41.9,168.0,195.0,784.0,10.0,
48500,5.1,41.9,168.0,195.0,784.0,10.0,
48600,3.6,41.9,168.0,195.0,784.0,10.0,
48700,4.0,41.9,168.0,195.0,784.0,10.0,
48800,2.5,41.9,168.0,195.0,784.0,10.0,
49000,3.5,41.9,168.0,195.0,784.0,10.0,
49100,3.7,41.9,168.0,195.0,784.0,10.0,
49200,3.1,41.9,168.0,195.0,784.0,10.0,
49300,4.6,41.9,168.0,195.0,784.0,10.0,
49400,62.4,41.9,168.0,195.0,784.0,10.0,
49500,345.7,41.9,168.0,753.0,5849.0,6.0,
49600,75.7,41.9,168.0,1170.0,5460.0,21.0,
49700,95.3,41.9,168.0,1170.0,5460.0,21.0,
49800,77.2,41.9,168.0,1170.0,5460.0,21.0,
49900,57.4,170.6,156.3,1170.0,5460.0,21.0,
50000,11.0,170.6,156.3,1170.0,5460.0,21.0,
50100,4.0,170.6,156.3,1170.0,5460.0,21.0,
50200,3.6,170.6,156.3,1170.0,5460.0,21.0,
50300,2.7,170.6,156.3,1170.0,5460.0,21.0,
50400,2.9,170.6,156.3,1170.0,5460.0,21.0,
50500,2.8,170.6,156.3,1170.0,5460.0,21.0,
50600,2.6,170.6,156.3,1170.0,5460.0,21.0,
50700,2.9,170.6,156.3,1170.0,5460.0,21.0,
50800,3.2,170.6,156.3,1170.0,5460.0,21.0,
50900,4.3,18.7,152.3,1170.0,5460.0,21.0,
51000,58.0,18.7,152.3,1170.0,5460.0,21.0,
51100,77.6,18.7,152.3,1170.0,5460.0,21.0,
51200,84.4,18.7,152.3,1170.0,5460.0,21.0,
51300,60.1,18.7,152.3,1170.0,5460.0,21.0,
51400,37.4,18.7,152.3,1170.0,5460.0,21.0,
51500,70.1,18.7,152.3,1170.0,5460.0,21.0,
51600,14.6,18.7,152.3,1170.0,5460.0,21.0,
51700,3.3,18.7,152.3,1170.0,5460.0,21.0,
51800,3.7,18.7,152.3,1170.0,5460.0,21.0,
52000,3.8,18.7,152.3,1170.0,5460.0,21.0,
52100,4.3,18.7,152.3,1170.0,5460.0,21.0,
52200,6.1,18.7,152.3,1170.0,5460.0,21.0,
52300,3.1,18.7,152.3,1170.0,5460.0,21.0,
52400,2.0,18.7,152.3,1170.0,5460.0,21.0,
52500,3.4,18.7,152.3,1170.0,5460.0,21.0,
52600,42.0,18.7,152.3,1170.0,5460.0,21.0,
52700,79.4,18.7,152.3,1170.0,5460.0,21.0,
52800,90.9,18.7,152.3,1170.0,5460.0,21.0,
53000,52.8,18.7,152.3,1170.0,5460.0,21.0,
53100,46.1,18.7,152.3,1170.0,5460.0,21.0,
53200,17.2,18.7,152.3,1170.0,5460.0,21.0,
53300,3.2,18.7,152.3,1170.0,5460.0,21.0,
53400,5.1,18.7,152.3,1170.0,5460.0,21.0,
53500,3.6,18.7,152.3,1170.0,5460.0,21.0,
53600,3.1,18.7,152.3,1170.0,5460.0,21.0,
53700,3.0,18.7,152.3,1170.0,5460.0,21.0,
53800,2.4,18.7,152.3,1170.0,5460.0,21.0,
53900,2.6,59.9,195.3,1170.0,5460.0,21.0,
54000,3.1,59.9,195.3,1170.0,5460.0,21.0,
54100,4.5,59.9,195.3,1170.0,5460.0,21.0,
54200,59.6,59.9,195.3,1170.0,5460.0,21.0,
54300,69.7,59.9,195.3,1170.0,5460.0,21.0,
54400,52.4,59.9,195.3,1170.0,5460.0,21.0,
54500,65.5,59.9,195.3,1170.0,5460.0,21.0,
54600,65.8,59.9,195.3,1170.0,5460.0,21.0,
54700,59.6,59.9,195.3,1170.0,5460.0,21.0,
54800,20.8,59.9,195.3,1170.0,5460.0,21.0,
55000,2.8,59.9,195.3,1170.0,5460.0,21.0,
55100,2.6,59.9,195.3,1170.0,5460.0,21.0,
55200,2.5,59.9,195.3,1170.0,5460.0,21.0,
55300,3.4,59.9,195.3,1170.0,5460.0,21.0,
55400,3.1,59.9,195.3,1170.0,5460.0,21.0,
55500,3.0,59.9,195.3,1170.0,5460.0,21.0,
55600,2.7,59.9,195.3,1170.0,5460.0,21.0,
55700,3.3,59.9,195.3,1170.0,5460.0,21.0,
55800,83.2,59.9,195.3,1170.0,5460.0,21.0,
56000,54.2,59.9,195.3,1170.0,5460.0,21.0,
56100,49.0,59.9,195.3,1170.0,5460.0,21.0,
56200,71.8,59.9,195.3,1170.0,5460.0,21.0,
56300,75.6,59.9,195.3,1170.0,5460.0,21.0,
56400,34.6,59.9,195.3,1170.0,5460.0,21.0,
56500,7.9,59.9,195.3,1170.0,5460.0,21.0,
56600,3.1,59.9,195.3,1170.0,5460.0,21.0,
56700,4.8,59.9,195.3,1170.0,5460.0,21.0,
56800,2.3,59.9,195.3,1170.0,5460.0,21.0,
57000,282.7,59.9,195.3,853.0,5437.0,6.0,
57100,17.9,59.9,195.3,664.0,4712.0,30.0,
57200,6.5,59.9,195.3,664.0,4712.0,30.0,
57300,3.9,59.9,195.3,664.0,4712.0,30.0,
57400,42.3,59.9,195.3,664.0,4712.0,30.0,
57500,83.5,59.9,195.3,664.0,4712.0,30.0,
57600,70.6,59.9,195.3,664.0,4712.0,30.0,
57700,68.5,59.9,195.3,664.0,4712.0,30.0,
57800,54.7,59.9,195.3,664.0,4712.0,30.0,
57900,72.2,170.7,62.5,664.0,4712.0,30.0,
58000,40.1,170.7,62.5,664.0,4712.0,30.0,
58100,6.5,170.7,62.5,664.0,4712.0,30.0,
58200,3.9,170.7,62.5,664.0,4712.0,30.0,
58300,5.3,170.7,62.5,664.0,4712.0,30.0,
58400,2.9,170.7,62.5,664.0,4712.0,30.0,
58500,3.2,170.7,62.5,664.0,4712.0,30.0,
58600,2.6,170.7,62.5,664.0,4712.0,30.0,
58700,2.4,170.7,62.5,664.0,4712.0,30.0,
58800,2.6,170.7,62.5,664.0,4712.0,30.0,
58900,2.8,49.2,293.0,664.0,4712.0,30.0,
59000,48.8,49.2,293.0,664.0,4712.0,30.0,
59100,48.7,49.2,293.0,664.0,4712.0,30.0,
59200,60.0,49.2,293.0,664.0,4712.0,30.0,
59300,68.8,49.2,293.0,664.0,4712.0,30.0,
59400,65.5,49.2,293.0,664.0,4712.0,30.0,
59500,61.8,49.2,293.0,664.0,4712.0,30.0,
59600,53.5,49.2,293.0,664.0,4712.0,30.0,
59700,6.5,49.2,293.0,664.0,4712.0,30.0,
59800,3.0,49.2,293.0,664.0,4712.0,30.0,
60000,5.3,49.2,293.0,664.0,4712.0,30.0,
60100,4.5,49.2,293.0,664.0,4712.0,30.0,
60200,6.9,49.2,293.0,664.0,4712.0,30.0,
60300,3.6,49.2,293.0,664.0,4712.0,30.0,
60400,2.6,49.2,293.0,664.0,4712.0,30.0,
60500,4.3,49.2,293.0,664.0,4712.0,30.0,
60600,45.3,49.2,293.0,664.0,4712.0,30.0,
60700,58.3,49.2,293.0,664.0,4712.0,30.0,
60800,57.5,49.2,293.0,664.0,4712.0,30.0,
61000,81.6,49.2,293.0,664.0,4712.0,30.0,
61100,82.7,49.2,293.0,664.0,4712.0,30.0,
61200,52.6,49.2,293.0,664.0,4712.0,30.0,
61300,5.7,49.2,293.0,664.0,4712.0,30.0,
61400,3.3,49.2,293.0,664.0,4712.0,30.0,
61500,2.5,49.2,293.0,664.0,4712.0,30.0,
61600,3.2,49.2,293.0,664.0,4712.0,30.0,
61700,2.4,49.2,293.0,664.0,4712.0,30.0,
61800,2.8,49.2,293.0,664.0,4712.0,30.0,
62000,4.0,49.2,293.0,664.0,4712.0,30.0,
62100,5.0,49.2,293.0,664.0,4712.0,30.0,
62200,29.2,49.2,293.0,664.0,4712.0,30.0,
62300,79.2,49.2,293.0,664.0,4712.0,30.0,
62400,76.4,49.2,293.0,664.0,4712.0,30.0,
62500,61.8,49.2,293.0,664.0,4712.0,30.0,
62600,58.1,49.2,293.0,664.0,4712.0,30.0,
62700,71.0,49.2,293.0,664.0,4712.0,30.0,
62800,65.6,49.2,293.0,664.0,4712.0,30.0,
63000,3.3,49.2,293.0,664.0,4712.0,30.0,
63100,3.8,49.2,293.0,664.0,4712.0,30.0,
63200,2.7,49.2,293.0,664.0,4712.0,30.0,
63300,2.3,49.2,293.0,664.0,4712.0,30.0,
63400,2.3,49.2,293.0,664.0,4712.0,30.0,
63500,2.8,49.2,293.0,664.0,4712.0,30.0,
63600,3.3,49.2,293.0,664.0,4712.0,30.0,
63700,4.6,49.2,293.0,664.0,4712.0,30.0,
63800,6.1,49.2,293.0,664.0,4712.0,30.0,
63900,48.6,46.9,109.4,664.0,4712.0,30.0,
64000,84.8,46.9,109.4,664.0,4712.0,30.0,
64100,86.9,46.9,109.4,664.0,4712.0,30.0,
64200,59.1,46.9,109.4,664.0,4712.0,30.0,
64300,44.7,46.9,109.4,664.0,4712.0,30.0,
64400,78.0,46.9,109.4,664.0,4712.0,30.0,
64500,7.6,46.9,109.4,664.0,4712.0,30.0,
64600,3.6,46.9,109.4,664.0,4712.0,30.0,
64700,3.2,46.9,109.4,664.0,4712.0,30.0,
64800,3.0,46.9,109.4,664.0,4712.0,30.0,
65000,2.5,46.9,109.4,664.0,4712.0,30.0,
65100,2.9,46.9,109.4,664.0,4712.0,30.0,
65200,2.7,46.9,109.4,664.0,4712.0,30.0,
65300,4.8,46.9,109.4,664.0,4712.0,30.0,
65400,8.0,46.9,109.4,664.0,4712.0,30.0,
65500,56.6,46.9,109.4,664.0,4712.0,30.0,
65600,57.7,46.9,109.4,664.0,4712.0,30.0,
65700,85.9,46.9,109.4,664.0,4712.0,30.0,
65800,63.4,46.9,109.4,664.0,4712.0,30.0,
65900,62.8,101.4,171.9,664.0,4712.0,30.0,
66000,49.5,101.4,171.9,664.0,4712.0,30.0,
66100,9.7,101.4,171.9,664.0,4712.0,30.0,
66200,3.6,101.4,171.9,664.0,4712.0,30.0,
66300,2.8,101.4,171.9,664.0,4712.0,30.0,
66400,3.0,101.4,171.9,664.0,4712.0,30.0,
66500,2.3,101.4,171.9,664.0,4712.0,30.0,
66600,3.6,101.4,171.9,664.0,4712.0,30.0,
66700,2.4,101.4,171.9,664.0,4712.0,30.0,
66800,3.8,101.4,171.9,664.0,4712.0,30.0,
66900,6.4,55.9,222.7,664.0,4712.0,30.0,
67000,10.1,55.9,222.7,664.0,4712.0,30.0,
67100,77.2,55.9,222.7,664.0,4712.0,30.0,
67200,72.4,55.9,222.7,664.0,4712.0,30.0,
67300,46.8,55.9,222.7,664.0,4712.0,30.0,
67400,74.7,55.9,222.7,664.0,4712.0,30.0,
67500,78.0,55.9,222.7,664.0,4712.0,30.0,
67600,66.8,55.9,222.7,664.0,4712.0,30.0,
67700,13.3,55.9,222.7,664.0,4712.0,30.0,
67800,4.4,55.9,222.7,664.0,4712.0,30.0,
68000,3.2,55.9,222.7,664.0,4712.0,30.0,
68100,3.1,55.9,222.7,664.0,4712.0,30.0,
68200,3.4,55.9,222.7,664.0,4712.0,30.0,
68300,3.3,55.9,222.7,664.0,4712.0,30.0,
68400,3.4,55.9,222.7,664.0,4712.0,30.0,
68500,5.0,55.9,222.7,664.0,4712.0,30.0,
68600,11.8,55.9,222.7,664.0,4712.0,30.0,
68700,79.7,55.9,222.7,664.0,4712.0,30.0,
68800,73.9,55.9,222.7,664.0,4712.0,30.0,
69000,55.8,55.9,222.7,664.0,4712.0,30.0,
69100,78.4,55.9,222.7,664.0,4712.0,30.0,
69200,88.2,55.9,222.7,664.0,4712.0,30.0,
69300,17.2,55.9,222.7,664.0,4712.0,30.0,
69400,5.5,55.9,222.7,664.0,4712.0,30.0,
69500,3.0,55.9,222.7,664.0,4712.0,30.0,
69600,10.1,55.9,222.7,664.0,4712.0,30.0,
69700,4.3,55.9,222.7,664.0,4712.0,30.0,
69800,4.2,55.9,222.7,664.0,4712.0,30.0,
70000,3.9,55.9,222.7,664.0,4712.0,30.0,
70100,6.0,55.9,222.7,664.0,4712.0,30.0,
70200,6.6,55.9,222.7,664.0,4712.0,30.0,
70300,46.6,55.9,222.7,664.0,4712.0,30.0,
70400,358.5,55.9,222.7,978.0,6045.0,6.0,
70500,98.9,55.9,222.7,1294.0,5783.0,11.0,
70600,82.9,55.9,222.7,1294.0,5783.0,11.0,
70700,68.5,55.9,222.7,1294.0,5783.0,11.0,
70800,48.0,55.9,222.7,1294.0,5783.0,11.0,
70900,18.3,186.6,109.4,1294.0,5783.0,11.0,
71000,7.1,186.6,109.4,1294.0,5783.0,11.0,
71100,5.0,186.6,109.4,1294.0,5783.0,11.0,
71200,4.1,186.6,109.4,1294.0,5783.0,11.0,
71300,2.8,186.6,109.4,1294.0,5783.0,11.0,
71400,3.9,186.6,109.4,1294.0,5783.0,11.0,
71500,4.0,186.6,109.4,1294.0,5783.0,11.0,
71600,3.9,186.6,109.4,1294.0,5783.0,11.0,
71700,4.3,186.6,109.4,1294.0,5783.0,11.0,
71800,6.8,186.6,109.4,1294.0,5783.0,11.0,
71900,60.7,42.7,105.5,1294.0,5783.0,11.0,
72000,58.4,42.7,105.5,1294.0,5783.0,11.0,
72100,91.1,42.7,105.5,1294.0,5783.0,11.0,
72200,77.7,42.7,105.5,1294.0,5783.0,11.0,
72300,68.4,42.7,105.5,1294.0,5783.0,11.0,
72400,66.1,42.7,105.5,1294.0,5783.0,11.0,
72500,23.3,42.7,105.5,1294.0,5783.0,11.0,
72600,5.5,42.7,105.5,1294.0,5783.0,11.0,
72700,3.3,42.7,105.5,1294.0,5783.0,11.0,
72800,3.1,42.7,105.5,1294.0,5783.0,11.0,
73000,2.6,42.7,105.5,1294.0,5783.0,11.0,
73100,3.1,42.7,105.5,1294.0,5783.0,11.0,
73200,5.6,42.7,105.5,1294.0,5783.0,11.0,
73300,4.9,42.7,105.5,1294.0,5783.0,11.0,
73400,7.2,42.7,105.5,1294.0,5783.0,11.0,
73500,75.4,42.7,105.5,1294.0,5783.0,11.0,
73600,81.4,42.7,105.5,1294.0,5783.0,11.0,
73700,57.0,42.7,105.5,1294.0,5783.0,11.0,
73800,48.5,42.7,105.5,1294.0,5783.0,11.0,
74000,74.3,42.7,105.5,1294.0,5783.0,11.0,
74100,28.4,42.7,105.5,1294.0,5783.0,11.0,
74200,5.3,42.7,105.5,1294.0,5783.0,11.0,
74300,3.8,42.7,105.5,1294.0,5783.0,11.0,
74400,3.3,42.7,105.5,1294.0,5783.0,11.0,
74500,3.1,42.7,105.5,1294.0,5783.0,11.0,
74600,4.2,42.7,105.5,1294.0,5783.0,11.0,
74700,3.1,42.7,105.5,1294.0,5783.0,11.0,
74800,3.5,42.7,105.5,1294.0,5783.0,11.0,
75000,7.9,42.7,105.5,1294.0,5783.0,11.0,
75100,48.9,42.7,105.5,1294.0,5783.0,11.0,
75200,98.1,42.7,105.5,1294.0,5783.0,11.0,
75300,66.7,42.7,105.5,1294.0,5783.0,11.0,
75400,65.4,42.7,105.5,1294.0,5783.0,11.0,
75500,54.6,42.7,105.5,1294.0,5783.0,11.0,
75600,86.8,42.7,105.5,1294.0,5783.0,11.0,
75700,36.4,42.7,105.5,1294.0,5783.0,11.0,
75800,6.5,42.7,105.5,1294.0,5783.0,11.0,
76000,3.9,42.7,105.5,1294.0,5783.0,11.0,
76100,3.4,42.7,105.5,1294.0,5783.0,11.0,
76200,5.3,42.7,105.5,1294.0,5783.0,11.0,
76300,4.3,42.7,105.5,1294.0,5783.0,11.0,
76400,4.8,42.7,105.5,1294.0,5783.0,11.0,
76500,3.7,42.7,105.5,1294.0,5783.0,11.0,
76600,6.2,42.7,105.5,1294.0,5783.0,11.0,
76700,44.4,42.7,105.5,1294.0,5783.0,11.0,
76800,50.7,42.7,105.5,1294.0,5783.0,11.0,
77000,87.2,42.7,105.5,1294.0,5783.0,11.0,
77100,67.9,42.7,105.5,1294.0,5783.0,11.0,
77200,55.5,42.7,105.5,1294.0,5783.0,11.0,
77300,52.8,42.7,105.5,1294.0,5783.0,11.0,
77400,5.4,42.7,105.5,1294.0,5783.0,11.0,
77500,4.0,42.7,105.5,1294.0,5783.0,11.0,
77600,2.4,42.7,105.5,1294.0,5783.0,11.0,
77700,3.2,42.7,105.5,1294.0,5783.0,11.0,
77800,3.4,42.7,105.5,1294.0,5783.0,11.0,
77900,2.9,110.4,222.7,1294.0,5783.0,11.0,
78000,3.1,110.4,222.7,1294.0,5783.0,11.0,
78100,7.6,110.4,222.7,1294.0,5783.0,11.0,
78200,6.7,110.4,222.7,1294.0,5783.0,11.0,
78300,42.0,110.4,222.7,1294.0,5783.0,11.0,
78400,64.9,110.4,222.7,1294.0,5783.0,11.0,
78500,58.1,110.4,222.7,1294.0,5783.0,11.0,
78600,84.6,110.4,222.7,1294.0,5783.0,11.0,
78700,84.5,110.4,222.7,1294.0,5783.0,11.0,
78800,76.3,110.4,222.7,1294.0,5783.0,11.0,
79000,12.1,110.4,222.7,1294.0,5783.0,11.0,
79100,8.3,110.4,222.7,1294.0,5783.0,11.0,
79200,3.5,110.4,222.7,1294.0,5783.0,11.0,
79300,3.2,110.4,222.7,1294.0,5783.0,11.0,
79400,3.0,110.4,222.7,1294.0,5783.0,11.0,
79500,3.0,110.4,222.7,1294.0,5783.0,11.0,
79600,3.9,110.4,222.7,1294.0,5783.0,11.0,
79700,3.7,110.4,222.7,1294.0,5783.0,11.0,
79800,5.7,110.4,222.7,1294.0,5783.0,11.0,
79900,46.2,8.2,207.0,1294.0,5783.0,11.0,
80000,84.5,8.2,207.0,1294.0,5783.0,11.0,
80100,70.8,8.2,207.0,1294.0,5783.0,11.0,
80200,59.8,8.2,207.0,1294.0,5783.0,11.0,
80300,89.2,8.2,207.0,1294.0,5783.0,11.0,
80400,84.1,8.2,207.0,1294.0,5783.0,11.0,
80500,71.0,8.2,207.0,1294.0,5783.0,11.0,
80600,7.3,8.2,207.0,1294.0,5783.0,11.0,
80700,5.3,8.2,207.0,1294.0,5783.0,11.0,
80800,7.9,8.2,207.0,1294.0,5783.0,11.0,
80900,4.3,129.7,218.8,1294.0,5783.0,11.0,
81000,5.6,129.7,218.8,1294.0,5783.0,11.0,
81100,4.3,129.7,218.8,1294.0,5783.0,11.0,
81200,3.4,129.7,218.8,1294.0,5783.0,11.0,
81300,3.1,129.7,218.8,1294.0,5783.0,11.0,
81400,4.3,129.7,218.8,1294.0,5783.0,11.0,
81500,5.5,129.7,218.8,1294.0,5783.0,11.0,
81600,86.6,129.7,218.8,1294.0,5783.0,11.0,
81700,87.1,129.7,218.8,193.0,595.0,12.0,
81800,82.0,129.7,218.8,193.0,595.0,12.0,
81900,63.0,114.1,140.6,193.0,595.0,12.0,
82000,60.1,114.1,140.6,193.0,595.0,12.0,
82100,89.7,114.1,140.6,193.0,595.0,12.0,
82200,8.4,114.1,140.6,193.0,595.0,12.0,
82300,4.1,114.1,140.6,193.0,595.0,12.0,
82400,2.7,114.1,140.6,193.0,595.0,12.0,
82500,3.7,114.1,140.6,193.0,595.0,12.0,
82600,3.7,114.1,140.6,193.0,595.0,12.0,
82700,4.3,114.1,140.6,193.0,595.0,12.0,
82800,3.1,114.1,140.6,193.0,595.0,12.0,
83000,3.4,114.1,140.6,193.0,595.0,12.0,
83100,5.1,114.1,140.6,193.0,595.0,12.0,
83200,62.4,114.1,140.6,219.0,915.0,17.0,
83300,84.7,114.1,140.6,207.0,848.0,15.0,
83400,99.6,114.1,140.6,207.0,848.0,15.0,
83500,67.4,114.1,140.6,207.0,848.0,15.0,
83600,60.2,114.1,140.6,207.0,848.0,15.0,
83700,53.7,114.1,140.6,207.0,848.0,15.0,
83800,10.2,114.1,140.6,217.0,651.0,14.0,
83900,4.4,134.2,218.8,217.0,651.0,14.0,
84000,2.7,134.2,218.8,217.0,651.0,14.0,
84100,4.5,134.2,218.8,217.0,651.0,14.0,
84200,3.2,134.2,218.8,217.0,651.0,14.0,
84300,3.5,134.2,218.8,217.0,651.0,14.0,
84400,3.7,134.2,218.8,217.0,651.0,14.0,
84500,5.9,134.2,218.8,217.0,651.0,14.0,
84600,6.2,134.2,218.8,217.0,651.0,14.0,
84700,9.8,134.2,218.8,217.0,651.0,14.0,
84800,68.9,134.2,218.8,217.0,651.0,14.0,
85000,61.0,134.2,218.8,217.0,651.0,14.0,
85100,84.8,134.2,218.8,217.0,651.0,14.0,
85200,82.9,134.2,218.8,217.0,651.0,14.0,
85300,70.7,134.2,218.8,212.0,661.0,12.0,
85400,12.8,134.2,218.8,212.0,661.0,12.0,
85500,5.1,134.2,218.8,212.0,661.0,12.0,
85600,3.4,134.2,218.8,212.0,661.0,12.0,
85700,3.0,134.2,218.8,212.0,661.0,12.0,
85800,2.5,134.2,218.8,212.0,661.0,12.0,
86000,3.0,134.2,218.8,212.0,661.0,12.0,
86100,4.3,134.2,218.8,212.0,661.0,12.0,
86200,4.7,134.2,218.8,212.0,661.0,12.0,
86300,6.0,134.2,218.8,212.0,661.0,12.0,
86400,94.3,134.2,218.8,212.0,661.0,12.0,
86500,80.6,134.2,218.8,212.0,661.0,12.0,
86600,61.8,134.2,218.8,212.0,661.0,12.0,
86700,57.5,134.2,218.8,212.0,661.0,12.0,
86800,91.3,134.2,218.8,192.0,597.0,11.0,
87000,16.4,134.2,218.8,192.0,597.0,11.0,
87100,4.9,134.2,218.8,192.0,597.0,11.0,
87200,4.7,134.2,218.8,192.0,597.0,11.0,
87300,3.8,134.2,218.8,192.0,597.0,11.0,
87400,3.7,134.2,218.8,192.0,597.0,11.0,
87500,3.4,134.2,218.8,192.0,597.0,11.0,
87600,3.7,134.2,218.8,192.0,597.0,11.0,
87700,4.2,134.2,218.8,192.0,597.0,11.0,
87800,4.2,134.2,218.8,192.0,597.0,11.0,
87900,3.6,32.6,246.1,192.0,597.0,11.0,
88000,48.9,32.6,246.1,192.0,597.0,11.0,
88100,72.5,32.6,246.1,192.0,597.0,11.0,
88200,83.3,32.6,246.1,192.0,597.0,11.0,
88300,73.3,32.6,246.1,192.0,597.0,11.0,
88400,55.6,32.6,246.1,211.0,651.0,14.0,
88500,85.7,32.6,246.1,211.0,651.0,14.0,
88600,17.5,32.6,246.1,211.0,651.0,14.0,
88700,5.8,32.6,246.1,211.0,651.0,14.0,
88800,4.5,32.6,246.1,211.0,651.0,14.0,
88900,4.1,130.3,261.7,211.0,651.0,14.0,
89000,4.5,130.3,261.7,211.0,651.0,14.0,
89100,3.0,130.3,261.7,211.0,651.0,14.0,
89200,2.6,130.3,261.7,211.0,651.0,14.0,
89300,3.2,130.3,261.7,211.0,651.0,14.0,
89400,5.1,130.3,261.7,211.0,651.0,14.0,
89500,17.5,130.3,261.7,211.0,651.0,14.0,
89600,54.9,130.3,261.7,211.0,651.0,14.0,
89700,54.8,130.3,261.7,211.0,651.0,14.0,
89800,89.0,130.3,261.7,211.0,651.0,14.0,
90000,67.7,130.3,261.7,211.0,651.0,14.0,
90100,58.3,130.3,261.7,211.0,651.0,14.0,
90200,153.4,130.3,261.7,211.0,651.0,14.0,
90300,87.2,130.3,261.7,643.0,4526.0,29.0,
90400,7.2,130.3,261.7,643.0,4526.0,29.0,
90500,4.7,130.3,261.7,643.0,4526.0,29.0,
90600,3.5,130.3,261.7,643.0,4526.0,29.0,
90700,3.8,130.3,261.7,643.0,4526.0,29.0,
90800,3.2,130.3,261.7,643.0,4526.0,29.0,
90900,3.1,161.6,289.1,643.0,4526.0,29.0,
91000,3.7,161.6,289.1,643.0,4526.0,29.0,
91100,8.1,161.6,289.1,643.0,4526.0,29.0,
91200,73.2,161.6,289.1,643.0,4526.0,29.0,
91300,71.4,161.6,289.1,643.0,4526.0,29.0,
91400,53.5,161.6,289.1,199.0,595.0,18.0,
91500,84.9,161.6,289.1,199.0,595.0,18.0,
91600,87.2,161.6,289.1,199.0,595.0,18.0,
91700,60.1,161.6,289.1,199.0,595.0,18.0,
91800,25.1,161.6,289.1,199.0,595.0,18.0,
91900,4.2,130.1,117.2,199.0,595.0,18.0,
92000,2.9,130.1,117.2,199.0,595.0,18.0,
92100,3.9,130.1,117.2,199.0,595.0,18.0,
92200,2.4,130.1,117.2,199.0,595.0,18.0,
92300,3.0,130.1,117.2,199.0,595.0,18.0,
92400,2.8,130.1,117.2,199.0,595.0,18.0,
92500,3.9,130.1,117.2,199.0,595.0,18.0,
92600,2.8,130.1,117.2,199.0,595.0,18.0,
92700,2.9,130.1,117.2,199.0,595.0,18.0,
92800,67.7,130.1,117.2,199.0,595.0,18.0,
93000,72.7,130.1,117.2,199.0,595.0,18.0,
93100,65.6,130.1,117.2,199.0,595.0,18.0,
93200,61.3,130.1,117.2,199.0,595.0,18.0,
93300,88.2,130.1,117.2,199.0,595.0,18.0,
93400,34.6,130.1,117.2,199.0,595.0,18.0,
93500,6.2,130.1,117.2,199.0,595.0,18.0,
93600,4.2,130.1,117.2,199.0,595.0,18.0,
93700,3.2,130.1,117.2,199.0,595.0,18.0,
93800,2.1,130.1,117.2,199.0,595.0,18.0,
94000,2.6,130.1,117.2,199.0,595.0,18.0,
94100,3.0,130.1,117.2,199.0,595.0,18.0,
94200,3.3,130.1,117.2,199.0,595.0,18.0,
94300,192.9,130.1,117.2,199.0,595.0,18.0,
94400,80.4,130.1,117.2,641.0,4587.0,30.0,
94500,84.4,130.1,117.2,641.0,4587.0,30.0,
94600,90.0,130.1,117.2,641.0,4587.0,30.0,
94700,59.3,130.1,117.2,641.0,4587.0,30.0,
94800,56.3,130.1,117.2,641.0,4587.0,30.0,
95000,41.5,130.1,117.2,641.0,4587.0,30.0,
95100,5.5,130.1,117.2,641.0,4587.0,30.0,
95200,3.9,130.1,117.2,641.0,4587.0,30.0,
95300,2.4,130.1,117.2,641.0,4587.0,30.0,
95400,3.7,130.1,117.2,641.0,4587.0,30.0,
95500,3.2,130.1,117.2,641.0,4587.0,30.0,
95600,3.2,130.1,117.2,641.0,4587.0,30.0,
95700,2.8,130.1,117.2,641.0,4587.0,30.0,
95800,2.9,130.1,117.2,641.0,4587.0,30.0,
95900,2.5,56.0,222.7,641.0,4587.0,30.0,
96000,43.9,56.0,222.7,641.0,4587.0,30.0,
96100,62.9,56.0,222.7,641.0,4587.0,30.0,
96200,45.8,56.0,222.7,641.0,4587.0,30.0,
96300,88.8,56.0,222.7,641.0,4587.0,30.0,
96400,76.6,56.0,222.7,641.0,4587.0,30.0,
96500,65.0,56.0,222.7,641.0,4587.0,30.0,
96600,51.7,56.0,222.7,641.0,4587.0,30.0,
96700,6.7,56.0,222.7,641.0,4587.0,30.0,
96800,4.3,56.0,222.7,641.0,4587.0,30.0,
97000,2.3,56.0,222.7,641.0,4587.0,30.0,
97100,3.7,56.0,222.7,641.0,4587.0,30.0,
97200,3.1,56.0,222.7,641.0,4587.0,30.0,
97300,3.1,56.0,222.7,641.0,4587.0,30.0,
97400,3.5,56.0,222.7,641.0,4587.0,30.0,
97500,4.4,56.0,222.7,641.0,4587.0,30.0,
97600,52.4,56.0,222.7,641.0,4587.0,30.0,
97700,60.8,56.0,222.7,641.0,4587.0,30.0,
97800,65.9,56.0,222.7,641.0,4587.0,30.0,
98000,84.8,56.0,222.7,641.0,4587.0,30.0,
98100,80.8,56.0,222.7,641.0,4587.0,30.0,
98200,56.1,56.0,222.7,641.0,4587.0,30.0,
98300,6.2,56.0,222.7,641.0,4587.0,30.0,
98400,4.2,56.0,222.7,641.0,4587.0,30.0,
98500,2.9,56.0,222.7,641.0,4587.0,30.0,
98600,3.1,56.0,222.7,641.0,4587.0,30.0,
98700,2.7,56.0,222.7,641.0,4587.0,30.0,
98800,3.8,56.0,222.7,641.0,4587.0,30.0,
98900,3.6,88.4,261.7,641.0,4587.0,30.0,
99000,3.9,88.4,261.7,641.0,4587.0,30.0,
99100,4.5,88.4,261.7,641.0,4587.0,30.0,
99200,7.9,88.4,261.7,641.0,4587.0,30.0,
99300,83.7,88.4,261.7,641.0,4587.0,30.0,
99400,73.0,88.4,261.7,641.0,4587.0,30.0,
99500,64.5,88.4,261.7,641.0,4587.0,30.0,
99600,55.9,88.4,261.7,641.0,4587.0,30.0,
99700,57.6,88.4,261.7,641.0,4587.0,30.0,
99800,70.8,88.4,261.7,641.0,4587.0,30.0,
100000,3.3,88.4,261.7,641.0,4587.0,30.0,
100100,4.9,88.4,261.7,641.0,4587.0,30.0,
100200,3.1,88.4,261.7,641.0,4587.0,30.0,
100300,4.3,88.4,261.7,641.0,4587.0,30.0,
100400,2.9,88.4,261.7,641.0,4587.0,30.0,
100500,4.1,88.4,261.7,641.0,4587.0,30.0,
100600,2.9,88.4,261.7,641.0,4587.0,30.0,
100700,4.0,88.4,261.7,641.0,4587.0,30.0,
100800,4.1,88.4,261.7,641.0,4587.0,30.0,
100900,49.5,55.1,144.5,641.0,4587.0,30.0,
101000,82.6,55.1,144.5,641.0,4587.0,30.0,
101100,88.6,55.1,144.5,641.0,4587.0,30.0,
101200,66.9,55.1,144.5,641.0,4587.0,30.0,
101300,51.2,55.1,144.5,641.0,4587.0,30.0,
101400,73.9,55.1,144.5,641.0,4587.0,30.0,
101500,10.4,55.1,144.5,641.0,4587.0,30.0,
101600,5.3,55.1,144.5,641.0,4587.0,30.0,
101700,4.6,55.1,144.5,641.0,4587.0,30.0,
101800,3.5,55.1,144.5,641.0,4587.0,30.0,
102000,3.4,55.1,144.5,641.0,4587.0,30.0,
102100,3.4,55.1,144.5,641.0,4587.0,30.0,
102200,4.1,55.1,144.5,641.0,4587.0,30.0,
102300,4.1,55.1,144.5,641.0,4587.0,30.0,
102400,5.7,55.1,144.5,641.0,4587.0,30.0,
102500,55.9,55.1,144.5,641.0,4587.0,30.0,
102600,53.5,55.1,144.5,641.0,4587.0,30.0,
102700,80.9,55.1,144.5,641.0,4587.0,30.0,
102800,67.2,55.1,144.5,641.0,4587.0,30.0,
103000,57.5,55.1,144.5,641.0,4587.0,30.0,
103100,10.5,55.1,144.5,641.0,4587.0,30.0,
103200,4.1,55.1,144.5,641.0,4587.0,30.0,
103300,2.7,55.1,144.5,641.0,4587.0,30.0,
103400,3.9,55.1,144.5,641.0,4587.0,30.0,
103500,3.3,55.1,144.5,641.0,4587.0,30.0,
103600,2.8,55.1,144.5,641.0,4587.0,30.0,
103700,3.4,55.1,144.5,641.0,4587.0,30.0,
103800,2.9,55.1,144.5,641.0,4587.0,30.0,
104000,5.3,55.1,144.5,641.0,4587.0,30.0,
104100,74.6,55.1,144.5,641.0,4587.0,30.0,
104200,71.2,55.1,144.5,641.0,4587.0,30.0,
104300,58.3,55.1,144.5,641.0,4587.0,30.0,
104400,55.5,55.1,144.5,641.0,4587.0,30.0,
104500,82.1,55.1,144.5,641.0,4587.0,30.0,
104600,68.2,55.1,144.5,641.0,4587.0,30.0,
104700,12.5,55.1,144.5,641.0,4587.0,30.0,
104800,4.1,55.1,144.5,641.0,4587.0,30.0,
105000,4.7,55.1,144.5,641.0,4587.0,30.0,
105100,4.2,55.1,144.5,641.0,4587.0,30.0,
105200,3.8,55.1,144.5,641.0,4587.0,30.0,
105300,3.1,55.1,144.5,641.0,4587.0,30.0,
105400,3.4,55.1,144.5,641.0,4587.0,30.0,
105500,3.4,55.1,144.5,641.0,4587.0,30.0,
105600,3.8,55.1,144.5,641.0,4587.0,30.0,
105700,72.1,55.1,144.5,641.0,4587.0,30.0,
105800,92.7,55.1,144.5,641.0,4587.0,30.0,
106000,57.1,55.1,144.5,641.0,4587.0,30.0,
106100,48.6,55.1,144.5,641.0,4587.0,30.0,
106200,77.2,55.1,144.5,641.0,4587.0,30.0,
106300,14.5,55.1,144.5,641.0,4587.0,30.0,
106400,4.2,55.1,144.5,641.0,4587.0,30.0,
106500,3.3,55.1,144.5,641.0,4587.0,30.0,
106600,4.2,55.1,144.5,641.0,4587.0,30.0,
106700,2.7,55.1,144.5,641.0,4587.0,30.0,
106800,2.6,55.1,144.5,641.0,4587.0,30.0,
107000,4.0,55.1,144.5,641.0,4587.0,30.0,
107100,3.5,55.1,144.5,641.0,4587.0,30.0,
107200,5.4,55.1,144.5,641.0,4587.0,30.0,
107300,52.1,55.1,144.5,641.0,4587.0,30.0,
107400,50.2,55.1,144.5,641.0,4587.0,30.0,
107500,79.0,55.1,144.5,641.0,4587.0,30.0,
107600,74.3,55.1,144.5,641.0,4587.0,30.0,
107700,57.5,55.1,144.5,641.0,4587.0,30.0,
107800,47.9,55.1,144.5,641.0,4587.0,30.0,
108000,4.1,55.1,144.5,641.0,4587.0,30.0,
108100,4.2,55.1,144.5,641.0,4587.0,30.0,
108200,2.1,55.1,144.5,641.0,4587.0,30.0,
108300,2.6,55.1,144.5,641.0,4587.0,30.0,
108400,2.7,55.1,144.5,641.0,4587.0,30.0,
108500,3.3,55.1,144.5,641.0,4587.0,30.0,
108600,3.9,55.1,144.5,641.0,4587.0,30.0,
108700,3.5,55.1,144.5,641.0,4587.0,30.0,
108800,4.1,55.1,144.5,641.0,4587.0,30.0,
108900,55.1,35.4,148.4,641.0,4587.0,30.0,
109000,54.6,35.4,148.4,641.0,4587.0,30.0,
109100,49.9,35.4,148.4,641.0,4587.0,30.0,
109200,85.2,35.4,148.4,641.0,4587.0,30.0,
109300,73.9,35.4,148.4,641.0,4587.0,30.0,
109400,61.4,35.4,148.4,641.0,4587.0,30.0,
109500,22.9,35.4,148.4,641.0,4587.0,30.0,
109600,3.9,35.4,148.4,641.0,4587.0,30.0,
109700,3.3,35.4,148.4,641.0,4587.0,30.0,
109800,3.6,35.4,148.4,641.0,4587.0,30.0,
109900,3.8,119.4,195.3,641.0,4587.0,30.0,
110000,3.4,119.4,195.3,641.0,4587.0,30.0,
110100,3.4,119.4,195.3,641.0,4587.0,30.0,
110200,2.8,119.4,195.3,641.0,4587.0,30.0,
110300,4.0,119.4,195.3,641.0,4587.0,30.0,
110400,4.2,119.4,195.3,641.0,4587.0,30.0,
110500,52.7,119.4,195.3,641.0,4587.0,30.0,
110600,73.4,119.4,195.3,641.0,4587.0,30.0,
110700,68.6,119.4,195.3,641.0,4587.0,30.0,
110800,51.9,119.4,195.3,641.0,4587.0,30.0,
111000,69.1,119.4,195.3,641.0,4587.0,30.0,
111100,23.6,119.4,195.3,641.0,4587.0,30.0,
111200,4.2,119.4,195.3,641.0,4587.0,30.0,
111300,4.5,119.4,195.3,641.0,4587.0,30.0,
111400,3.1,119.4,195.3,641.0,4587.0,30.0,
111500,3.4,119.4,195.3,641.0,4587.0,30.0,
111600,3.7,119.4,195.3,641.0,4587.0,30.0,
111700,4.1,119.4,195.3,641.0,4587.0,30.0,
111800,2.8,119.4,195.3,641.0,4587.0,30.0,
111900,3.8,58.1,226.6,641.0,4587.0,30.0,
112000,6.0,58.1,226.6,641.0,4587.0,30.0,
112100,34.6,58.1,226.6,641.0,4587.0,30.0,
112200,83.8,58.1,226.6,641.0,4587.0,30.0,
112300,81.5,58.1,226.6,641.0,4587.0,30.0,
112400,74.5,58.1,226.6,641.0,4587.0,30.0,
112500,52.9,58.1,226.6,641.0,4587.0,30.0,
112600,63.0,58.1,226.6,641.0,4587.0,30.0,
112700,37.4,58.1,226.6,641.0,4587.0,30.0,
112800,5.6,58.1,226.6,641.0,4587.0,30.0,
113000,3.1,58.1,226.6,641.0,4587.0,30.0,
113100,3.8,58.1,226.6,641.0,4587.0,30.0,
113200,2.9,58.1,226.6,641.0,4587.0,30.0,
113300,3.6,58.1,226.6,641.0,4587.0,30.0,
113400,3.5,58.1,226.6,641.0,4587.0,30.0,
113500,3.7,58.1,226.6,641.0,4587.0,30.0,
113600,4.7,58.1,226.6,641.0,4587.0,30.0,
113700,46.9,58.1,226.6,641.0,4587.0,30.0,
113800,53.5,58.1,226.6,175.0,681.0,23.0,
114000,85.3,58.1,226.6,175.0,681.0,23.0,
114100,58.7,58.1,226.6,175.0,681.0,23.0,
114200,61.0,58.1,226.6,175.0,681.0,23.0,
114300,49.6,58.1,226.6,171.0,558.0,20.0,
114400,6.4,58.1,226.6,171.0,558.0,20.0,
114500,4.3,58.1,226.6,171.0,558.0,20.0,
114600,3.6,58.1,226.6,171.0,558.0,20.0,
114700,3.8,58.1,226.6,171.0,558.0,20.0,
114800,4.3,58.1,226.6,171.0,558.0,20.0,
115000,3.5,58.1,226.6,171.0,558.0,20.0,
115100,3.0,58.1,226.6,171.0,558.0,20.0,
115200,4.2,58.1,226.6,171.0,558.0,20.0,
115300,53.4,58.1,226.6,171.0,558.0,20.0,
115400,64.8,58.1,226.6,155.0,646.0,16.0,
115500,64.7,58.1,226.6,155.0,646.0,16.0,
115600,49.7,58.1,226.6,155.0,646.0,16.0,
115700,84.5,58.1,226.6,155.0,646.0,16.0,
115800,83.0,58.1,226.6,155.0,646.0,16.0,
116000,5.7,58.1,226.6,155.0,646.0,16.0,
116100,5.1,58.1,226.6,155.0,646.0,16.0,
116200,3.2,58.1,226.6,155.0,646.0,16.0,
116300,4.5,58.1,226.6,155.0,646.0,16.0,
116400,3.2,58.1,226.6,155.0,646.0,16.0,
116500,3.4,58.1,226.6,155.0,646.0,16.0,
116600,2.9,58.1,226.6,155.0,646.0,16.0,
116700,4.5,58.1,226.6,155.0,646.0,16.0,
116800,4.6,58.1,226.6,155.0,646.0,16.0,
116900,32.4,4.5,144.5,155.0,646.0,16.0,
117000,82.6,4.5,144.5,155.0,646.0,16.0,
117100,77.5,4.5,144.5,155.0,646.0,16.0,
117200,55.5,4.5,144.5,155.0,646.0,16.0,
117300,53.1,4.5,144.5,155.0,646.0,16.0,
117400,87.9,4.5,144.5,174.0,484.0,18.0,
117500,72.7,4.5,144.5,161.0,456.0,15.0,
117600,8.5,4.5,144.5,161.0,456.0,15.0,
117700,4.4,4.5,144.5,161.0,456.0,15.0,
117800,3.1,4.5,144.5,161.0,456.0,15.0,
118000,2.5,4.5,144.5,161.0,456.0,15.0,
118100,2.9,4.5,144.5,161.0,456.0,15.0,
118200,2.9,4.5,144.5,161.0,456.0,15.0,
118300,3.5,4.5,144.5,161.0,456.0,15.0,
118400,4.2,4.5,144.5,161.0,456.0,15.0,
118500,7.7,4.5,144.5,161.0,456.0,15.0,
118600,50.6,4.5,144.5,161.0,456.0,15.0,
118700,309.6,4.5,144.5,161.0,456.0,15.0,
118800,119.1,4.5,144.5,748.0,5559.0,30.0,
119000,52.7,4.5,144.5,166.0,473.0,28.0,
119100,82.2,4.5,144.5,166.0,473.0,28.0,
119200,10.1,4.5,144.5,166.0,473.0,28.0,
119300,4.8,4.5,144.5,166.0,473.0,28.0,
119400,2.8,4.5,144.5,166.0,473.0,28.0,
119500,3.5,4.5,144.5,166.0,473.0,28.0,
119600,3.0,4.5,144.5,166.0,473.0,28.0,
119700,3.4,4.5,144.5,166.0,473.0,28.0,
119800,3.2,4.5,144.5,166.0,473.0,28.0,
120000,4.9,4.5,144.5,166.0,473.0,28.0,
120100,6.0,4.5,144.5,166.0,473.0,28.0,
120200,58.9,4.5,144.5,166.0,473.0,28.0,
120300,41.6,4.5,144.5,166.0,473.0,28.0,
120400,84.2,4.5,144.5,166.0,473.0,28.0,
120500,78.2,4.5,144.5,169.0,468.0,19.0,
120600,62.2,4.5,144.5,158.0,454.0,18.0,
120700,54.1,4.5,144.5,158.0,454.0,18.0,
120800,10.5,4.5,144.5,158.0,454.0,18.0,
121000,2.9,4.5,144.5,158.0,454.0,18.0,
121100,3.2,4.5,144.5,158.0,454.0,18.0,
121200,3.1,4.5,144.5,158.0,454.0,18.0,
121300,2.8,4.5,144.5,158.0,454.0,18.0,
121400,3.6,4.5,144.5,158.0,454.0,18.0,
121500,3.4,4.5,144.5,158.0,454.0,18.0,
121600,7.1,4.5,144.5,158.0,454.0,18.0,
121700,15.1,4.5,144.5,158.0,454.0,18.0,
121800,67.7,4.5,144.5,158.0,454.0,18.0,
121900,59.5,56.6,183.6,158.0,454.0,18.0,
122000,53.1,56.6,183.6,158.0,454.0,18.0,
122100,80.1,56.6,183.6,177.0,557.0,18.0,
122200,81.5,56.6,183.6,177.0,557.0,18.0,
122300,65.9,56.6,183.6,177.0,557.0,18.0,
122400,13.0,56.6,183.6,177.0,557.0,18.0,
122500,4.1,56.6,183.6,177.0,557.0,18.0,
122600,3.6,56.6,183.6,177.0,557.0,18.0,
122700,2.7,56.6,183.6,177.0,557.0,18.0,
122800,3.6,56.6,183.6,177.0,557.0,18.0,
123000,2.8,56.6,183.6,177.0,557.0,18.0,
123100,3.6,56.6,183.6,177.0,557.0,18.0,
123200,4.1,56.6,183.6,177.0,557.0,18.0,
123300,6.3,56.6,183.6,177.0,557.0,18.0,
123400,73.0,56.6,183.6,177.0,557.0,18.0,
123500,83.7,56.6,183.6,177.0,557.0,18.0,
123600,66.2,56.6,183.6,194.0,553.0,21.0,
123700,53.4,56.6,183.6,194.0,553.0,21.0,
123800,77.5,56.6,183.6,194.0,553.0,21.0,
124000,11.2,56.6,183.6,194.0,553.0,21.0,
124100,3.9,56.6,183.6,194.0,553.0,21.0,
124200,3.9,56.6,183.6,194.0,553.0,21.0,
124300,3.0,56.6,183.6,194.0,553.0,21.0,
124400,2.6,56.6,183.6,194.0,553.0,21.0,
124500,3.3,56.6,183.6,194.0,553.0,21.0,
124600,3.6,56.6,183.6,194.0,553.0,21.0,
124700,3.1,56.6,183.6,194.0,553.0,21.0,
124800,3.4,56.6,183.6,194.0,553.0,21.0,
125000,49.2,56.6,183.6,163.0,681.0,24.0,
125100,79.6,56.6,183.6,172.0,721.0,16.0,
125200,86.6,56.6,183.6,172.0,721.0,16.0,
125300,68.8,56.6,183.6,172.0,721.0,16.0,
125400,48.1,56.6,183.6,172.0,721.0,16.0,
125500,45.3,56.6,183.6,172.0,721.0,16.0,
125600,18.8,56.6,183.6,172.0,721.0,16.0,
125700,7.0,56.6,183.6,172.0,721.0,16.0,
125800,3.4,56.6,183.6,172.0,721.0,16.0,
126000,2.8,56.6,183.6,172.0,721.0,16.0,
126100,3.6,56.6,183.6,172.0,721.0,16.0,
126200,3.5,56.6,183.6,172.0,721.0,16.0,
126300,3.4,56.6,183.6,172.0,721.0,16.0,
126400,3.9,56.6,183.6,172.0,721.0,16.0,
126500,7.4,56.6,183.6,172.0,721.0,16.0,
126600,63.5,56.6,183.6,176.0,721.0,19.0,
126700,62.7,56.6,183.6,176.0,752.0,23.0,
126800,78.3,56.6,183.6,176.0,752.0,23.0,
127000,68.2,56.6,183.6,176.0,752.0,23.0,
127100,61.4,56.6,183.6,173.0,436.0,16.0,
127200,20.4,56.6,183.6,159.0,398.0,28.0,
127300,5.2,56.6,183.6,159.0,398.0,28.0,
127400,2.5,56.6,183.6,159.0,398.0,28.0,
127500,2.4,56.6,183.6,159.0,398.0,28.0,
127600,2.5,56.6,183.6,159.0,398.0,28.0,
127700,2.2,56.6,183.6,159.0,398.0,28.0,
127800,2.3,56.6,183.6,159.0,398.0,28.0,
128000,2.4,56.6,183.6,159.0,398.0,28.0,
128100,3.8,56.6,183.6,159.0,398.0,28.0,
128200,69.6,56.6,183.6,159.0,398.0,28.0,
128300,70.4,56.6,183.6,159.0,398.0,28.0,
128400,51.0,56.6,183.6,159.0,398.0,28.0,
128500,46.4,56.6,183.6,159.0,398.0,28.0,
128600,91.7,56.6,183.6,179.0,567.0,21.0,
128700,74.7,56.6,183.6,160.0,421.0,25.0,
128800,28.3,56.6,183.6,160.0,421.0,25.0,
129000,3.3,56.6,183.6,160.0,421.0,25.0,
129100,3.2,56.6,183.6,160.0,421.0,25.0,
129200,6.0,56.6,183.6,160.0,421.0,25.0,
129300,4.5,56.6,183.6,160.0,421.0,25.0,
129400,3.8,56.6,183.6,160.0,421.0,25.0,
129500,4.9,56.6,183.6,160.0,421.0,25.0,
129600,3.8,56.6,183.6,160.0,421.0,25.0,
129700,3.5,56.6,183.6,160.0,421.0,25.0,
129800,31.9,56.6,183.6,160.0,421.0,25.0,
129900,57.7,47.9,175.8,160.0,421.0,25.0,
130000,64.0,47.9,175.8,160.0,421.0,25.0,
130100,62.7,47.9,175.8,160.0,421.0,25.0,
130200,47.8,47.9,175.8,160.0,421.0,25.0,
130300,79.1,47.9,175.8,160.0,421.0,25.0,
130400,34.1,47.9,175.8,160.0,421.0,25.0,
130500,6.0,47.9,175.8,160.0,421.0,25.0,
130600,3.7,47.9,175.8,160.0,421.0,25.0,
130700,3.0,47.9,175.8,160.0,421.0,25.0,
130800,3.7,47.9,175.8,160.0,421.0,25.0,
131000,2.8,47.9,175.8,160.0,421.0,25.0,
131100,2.9,47.9,175.8,160.0,421.0,25.0,
131200,3.6,47.9,175.8,160.0,421.0,25.0,
131300,5.6,47.9,175.8,160.0,421.0,25.0,
131400,29.0,47.9,175.8,160.0,421.0,25.0,
131500,44.3,47.9,175.8,160.0,421.0,25.0,
131600,85.0,47.9,175.8,160.0,421.0,25.0,
131700,74.0,47.9,175.8,160.0,421.0,25.0,
131800,65.4,47.9,175.8,160.0,421.0,25.0,
132000,33.0,47.9,175.8,160.0,421.0,25.0,
132100,4.9,47.9,175.8,160.0,421.0,25.0,
132200,3.6,47.9,175.8,160.0,421.0,25.0,
132300,3.0,47.9,175.8,160.0,421.0,25.0,
132400,3.1,47.9,175.8,160.0,421.0,25.0,
132500,2.7,47.9,175.8,160.0,421.0,25.0,
132600,3.4,47.9,175.8,160.0,421.0,25.0,
132700,3.0,47.9,175.8,160.0,421.0,25.0,
132800,2.6,47.9,175.8,160.0,421.0,25.0,
132900,3.7,32.3,171.9,160.0,421.0,25.0,
133000,44.9,32.3,171.9,160.0,421.0,25.0,
133100,57.7,32.3,171.9,160.0,421.0,25.0,
133200,54.0,32.3,171.9,160.0,421.0,25.0,
133300,82.1,32.3,171.9,160.0,421.0,25.0,
133400,78.5,32.3,171.9,160.0,421.0,25.0,
133500,49.9,32.3,171.9,160.0,421.0,25.0,
133600,48.3,32.3,171.9,160.0,421.0,25.0,
133700,233.6,32.3,171.9,160.0,421.0,25.0,
133800,55.4,32.3,171.9,589.0,4115.0,30.0,
134000,4.0,32.3,171.9,589.0,4115.0,30.0,
134100,4.0,32.3,171.9,589.0,4115.0,30.0,
134200,3.2,32.3,171.9,589.0,4115.0,30.0,
134300,3.6,32.3,171.9,589.0,4115.0,30.0,
134400,3.3,32.3,171.9,589.0,4115.0,30.0,
134500,3.3,32.3,171.9,589.0,4115.0,30.0,
134600,43.0,32.3,171.9,589.0,4115.0,30.0,
134700,76.3,32.3,171.9,589.0,4115.0,30.0,
134800,60.9,32.3,171.9,589.0,4115.0,30.0,
135000,54.0,32.3,171.9,589.0,4115.0,30.0,
135100,74.0,32.3,171.9,589.0,4115.0,30.0,
135200,66.5,32.3,171.9,589.0,4115.0,30.0,
135300,7.0,32.3,171.9,589.0,4115.0,30.0,
135400,3.5,32.3,171.9,589.0,4115.0,30.0,
135500,2.9,32.3,171.9,589.0,4115.0,30.0,
135600,3.9,32.3,171.9,589.0,4115.0,30.0,
135700,4.0,32.3,171.9,589.0,4115.0,30.0,
135800,3.5,32.3,171.9,589.0,4115.0,30.0,
136000,3.2,32.3,171.9,589.0,4115.0,30.0,
136100,4.3,32.3,171.9,589.0,4115.0,30.0,
136200,9.3,32.3,171.9,589.0,4115.0,30.0,
136300,76.8,32.3,171.9,589.0,4115.0,30.0,
136400,84.9,32.3,171.9,589.0,4115.0,30.0,
136500,54.6,32.3,171.9,589.0,4115.0,30.0,
136600,46.0,32.3,171.9,589.0,4115.0,30.0,
136700,44.4,32.3,171.9,589.0,4115.0,30.0,
136800,80.6,32.3,171.9,161.0,434.0,23.0,
137000,3.8,32.3,171.9,161.0,434.0,23.0,
137100,4.1,32.3,171.9,161.0,434.0,23.0,
137200,3.3,32.3,171.9,161.0,434.0,23.0,
137300,3.2,32.3,171.9,161.0,434.0,23.0,
137400,3.2,32.3,171.9,161.0,434.0,23.0,
137500,2.5,32.3,171.9,161.0,434.0,23.0,
137600,2.6,32.3,171.9,161.0,434.0,23.0,
137700,3.2,32.3,171.9,161.0,434.0,23.0,
137800,3.0,32.3,171.9,161.0,434.0,23.0,
137900,49.4,50.1,171.9,161.0,434.0,23.0,
138000,77.4,50.1,171.9,161.0,434.0,23.0,
138100,67.1,50.1,171.9,161.0,434.0,23.0,
138200,67.6,50.1,171.9,161.0,434.0,23.0,
138300,57.1,50.1,171.9,161.0,434.0,23.0,
138400,43.0,50.1,171.9,147.0,412.0,17.0,
138500,8.8,50.1,171.9,147.0,412.0,17.0,
138600,4.1,50.1,171.9,147.0,412.0,17.0,
138700,3.1,50.1,171.9,147.0,412.0,17.0,
138800,3.5,50.1,171.9,147.0,412.0,17.0,
139000,3.1,50.1,171.9,147.0,412.0,17.0,
139100,3.5,50.1,171.9,147.0,412.0,17.0,
139200,3.2,50.1,171.9,147.0,412.0,17.0,
139300,2.5,50.1,171.9,147.0,412.0,17.0,
139400,2.5,50.1,171.9,147.0,412.0,17.0,
139500,67.1,50.1,171.9,147.0,412.0,17.0,
139600,58.6,50.1,171.9,147.0,412.0,17.0,
139700,47.5,50.1,171.9,147.0,412.0,17.0,
139800,88.5,50.1,171.9,147.0,412.0,17.0,
140000,57.2,50.1,171.9,147.0,412.0,17.0,
140100,10.5,50.1,171.9,147.0,412.0,17.0,
140200,3.3,50.1,171.9,147.0,412.0,17.0,
140300,2.9,50.1,171.9,147.0,412.0,17.0,
140400,2.5,50.1,171.9,147.0,412.0,17.0,
140500,2.4,50.1,171.9,147.0,412.0,17.0,
140600,2.8,50.1,171.9,147.0,412.0,17.0,
140700,3.1,50.1,171.9,147.0,412.0,17.0,
140800,3.2,50.1,171.9,147.0,412.0,17.0,
141000,6.4,50.1,171.9,147.0,412.0,17.0,
141100,78.7,50.1,171.9,147.0,412.0,17.0,
141200,54.2,50.1,171.9,147.0,412.0,17.0,
141300,60.9,50.1,171.9,147.0,412.0,17.0,
141400,51.0,50.1,171.9,147.0,412.0,17.0,
141500,74.6,50.1,171.9,138.0,436.0,24.0,
141600,81.4,50.1,171.9,138.0,436.0,24.0,
141700,15.1,50.1,171.9,138.0,436.0,24.0,
141800,4.2,50.1,171.9,138.0,436.0,24.0,
141900,3.1,127.8,312.5,138.0,436.0,24.0,
142000,2.4,127.8,312.5,138.0,436.0,24.0,
142100,1.9,127.8,312.5,138.0,436.0,24.0,
142200,3.1,127.8,312.5,138.0,436.0,24.0,
142300,2.9,127.8,312.5,138.0,436.0,24.0,
142400,3.1,127.8,312.5,138.0,436.0,24.0,
142500,2.6,127.8,312.5,138.0,436.0,24.0,
142600,3.5,127.8,312.5,138.0,436.0,24.0,
142700,40.9,127.8,312.5,138.0,436.0,24.0,
142800,62.7,127.8,312.5,138.0,436.0,24.0,
143000,61.4,127.8,312.5,138.0,436.0,24.0,
143100,47.8,127.8,312.5,138.0,436.0,24.0,
143200,77.9,127.8,312.5,138.0,436.0,24.0,
143300,16.4,127.8,312.5,138.0,436.0,24.0,
143400,6.0,127.8,312.5,138.0,436.0,24.0,
143500,3.5,127.8,312.5,138.0,436.0,24.0,
143600,5.3,127.8,312.5,138.0,436.0,24.0,
143700,2.9,127.8,312.5,138.0,436.0,24.0,
143800,2.4,127.8,312.5,138.0,436.0,24.0,
144000,2.6,127.8,312.5,138.0,436.0,24.0,
144100,2.8,127.8,312.5,138.0,436.0,24.0,
144200,5.4,127.8,312.5,138.0,436.0,24.0,
144300,39.7,127.8,312.5,138.0,436.0,24.0,
144400,49.8,127.8,312.5,138.0,436.0,24.0,
144500,88.4,127.8,312.5,138.0,436.0,24.0,
144600,76.4,127.8,312.5,200.0,818.0,21.0,
144700,61.4,127.8,312.5,200.0,818.0,21.0,
144800,51.9,127.8,312.5,200.0,818.0,21.0,
145000,4.6,127.8,312.5,200.0,818.0,21.0,
145100,3.2,127.8,312.5,200.0,818.0,21.0,
145200,2.6,127.8,312.5,200.0,818.0,21.0,
145300,3.8,127.8,312.5,200.0,818.0,21.0,
145400,2.9,127.8,312.5,200.0,818.0,21.0,
145500,2.9,127.8,312.5,200.0,818.0,21.0,
145600,2.3,127.8,312.5,200.0,818.0,21.0,
145700,4.8,127.8,312.5,200.0,818.0,21.0,
145800,5.7,127.8,312.5,200.0,818.0,21.0,
145900,66.1,41.1,187.5,200.0,818.0,21.0,
146000,64.9,41.1,187.5,200.0,818.0,21.0,
146100,54.7,41.1,187.5,200.0,818.0,21.0,
146200,83.5,41.1,187.5,200.0,818.0,21.0,
146300,64.3,41.1,187.5,200.0,818.0,21.0,
146400,61.9,41.1,187.5,200.0,818.0,21.0,
146500,23.9,41.1,187.5,200.0,818.0,21.0,
146600,4.1,41.1,187.5,200.0,818.0,21.0,
146700,3.7,41.1,187.5,200.0,818.0,21.0,
146800,4.6,41.1,187.5,200.0,818.0,21.0,
147000,2.8,41.1,187.5,200.0,818.0,21.0,
147100,3.8,41.1,187.5,200.0,818.0,21.0,
147200,2.7,41.1,187.5,200.0,818.0,21.0,
147300,3.3,41.1,187.5,200.0,818.0,21.0,
147400,3.7,41.1,187.5,200.0,818.0,21.0,
147500,61.3,41.1,187.5,135.0,542.0,23.0,
147600,85.9,41.1,187.5,135.0,542.0,23.0,
147700,71.4,41.1,187.5,135.0,542.0,23.0,
147800,53.1,41.1,187.5,135.0,542.0,23.0,
148000,86.4,41.1,187.5,135.0,542.0,23.0,
148100,30.8,41.1,187.5,127.0,370.0,30.0,
148200,4.9,41.1,187.5,127.0,370.0,30.0,
148300,2.9,41.1,187.5,127.0,370.0,30.0,
148400,2.3,41.1,187.5,127.0,370.0,30.0,
148500,3.2,41.1,187.5,127.0,370.0,30.0,
148600,2.6,41.1,187.5,127.0,370.0,30.0,
148700,2.7,41.1,187.5,127.0,370.0,30.0,
148800,2.8,41.1,187.5,127.0,370.0,30.0,
149000,2.6,41.1,187.5,127.0,370.0,30.0,
149100,33.0,41.1,187.5,127.0,370.0,30.0,
149200,64.4,41.1,187.5,127.0,370.0,30.0,
149300,74.8,41.1,187.5,127.0,370.0,30.0,
149400,73.1,41.1,187.5,127.0,370.0,30.0,
149500,62.2,41.1,187.5,201.0,712.0,14.0,
149600,46.5,41.1,187.5,148.0,406.0,22.0,
149700,39.4,41.1,187.5,149.0,367.0,27.0,
149800,6.4,41.1,187.5,149.0,367.0,27.0,
150000,3.3,41.1,187.5,149.0,367.0,27.0,
150100,3.2,41.1,187.5,149.0,367.0,27.0,
150200,4.4,41.1,187.5,149.0,367.0,27.0,
150300,2.5,41.1,187.5,149.0,367.0,27.0,
150400,2.6,41.1,187.5,149.0,367.0,27.0,
150500,2.4,41.1,187.5,149.0,367.0,27.0,
150600,2.7,41.1,187.5,149.0,367.0,27.0,
150700,42.4,41.1,187.5,149.0,367.0,27.0,
150800,54.6,41.1,187.5,149.0,367.0,27.0,
151000,282.1,41.1,187.5,149.0,367.0,27.0,
151100,146.8,41.1,187.5,1784.0,6954.0,22.0,
151200,66.1,41.1,187.5,162.0,469.0,16.0,
151300,55.5,41.1,187.5,162.0,469.0,16.0,
151400,6.6,41.1,187.5,162.0,469.0,16.0,
151500,3.1,41.1,187.5,162.0,469.0,16.0,
151600,2.9,41.1,187.5,162.0,469.0,16.0,
151700,2.2,41.1,187.5,162.0,469.0,16.0,
151800,2.4,41.1,187.5,162.0,469.0,16.0,
152000,3.0,41.1,187.5,162.0,469.0,16.0,
152100,3.8,41.1,187.5,162.0,469.0,16.0,
152200,4.7,41.1,187.5,162.0,469.0,16.0,
152300,50.9,41.1,187.5,162.0,469.0,16.0,
152400,62.2,41.1,187.5,162.0,469.0,16.0,
152500,68.5,41.1,187.5,162.0,469.0,16.0,
152600,58.9,41.1,187.5,221.0,910.0,10.0,
152700,85.3,41.1,187.5,159.0,665.0,17.0,
152800,77.5,41.1,187.5,159.0,665.0,17.0,
152900,62.8,134.8,171.9,159.0,665.0,17.0,
153000,7.2,134.8,171.9,159.0,665.0,17.0,
153100,3.7,134.8,171.9,159.0,665.0,17.0,
153200,2.4,134.8,171.9,159.0,665.0,17.0,
153300,2.1,134.8,171.9,159.0,665.0,17.0,
153400,2.2,134.8,171.9,159.0,665.0,17.0,
153500,2.1,134.8,171.9,159.0,665.0,17.0,
153600,2.9,134.8,171.9,159.0,665.0,17.0,
153700,3.1,134.8,171.9,159.0,665.0,17.0,
153800,3.7,134.8,171.9,159.0,665.0,17.0,
153900,6.1,4.0,121.1,159.0,665.0,17.0,
154000,85.5,4.0,121.1,159.0,665.0,17.0,
154100,82.9,4.0,121.1,163.0,543.0,24.0,
154200,72.4,4.0,121.1,158.0,573.0,21.0,
154300,53.6,4.0,121.1,158.0,710.0,23.0,
154400,84.5,4.0,121.1,158.0,710.0,23.0,
154500,69.5,4.0,121.1,158.0,710.0,23.0,
154600,7.5,4.0,121.1,158.0,710.0,23.0,
154700,3.6,4.0,121.1,158.0,710.0,23.0,
154800,5.7,4.0,121.1,158.0,710.0,23.0,
155000,6.2,4.0,121.1,158.0,710.0,23.0,
155100,4.3,4.0,121.1,158.0,710.0,23.0,
155200,3.3,4.0,121.1,158.0,710.0,23.0,
155300,3.1,4.0,121.1,158.0,710.0,23.0,
155400,4.3,4.0,121.1,158.0,710.0,23.0,
155500,4.7,4.0,121.1,158.0,710.0,23.0,
155600,60.1,4.0,121.1,150.0,703.0,22.0,
155700,100.6,4.0,121.1,214.0,892.0,19.0,
155800,87.9,4.0,121.1,176.0,715.0,29.0,
156000,53.0,4.0,121.1,176.0,715.0,29.0,
156100,74.2,4.0,121.1,176.0,715.0,29.0,
156200,9.2,4.0,121.1,176.0,715.0,29.0,
156300,5.5,4.0,121.1,176.0,715.0,29.0,
156400,2.4,4.0,121.1,176.0,715.0,29.0,
156500,2.1,4.0,121.1,176.0,715.0,29.0,
156600,3.2,4.0,121.1,176.0,715.0,29.0,
156700,2.1,4.0,121.1,176.0,715.0,29.0,
156800,2.0,4.0,121.1,176.0,715.0,29.0,
157000,2.7,4.0,121.1,176.0,715.0,29.0,
157100,5.4,4.0,121.1,176.0,715.0,29.0,
157200,81.4,4.0,121.1,156.0,695.0,30.0,
157300,145.5,4.0,121.1,211.0,875.0,10.0,
157400,165.2,4.0,121.1,1746.0,6232.0,29.0,
157500,81.7,4.0,121.1,1746.0,6232.0,29.0,
157600,76.3,4.0,121.1,1746.0,6232.0,29.0,
157700,70.2,4.0,121.1,172.0,624.0,30.0,
157800,11.9,4.0,121.1,181.0,612.0,18.0,
158000,2.2,4.0,121.1,181.0,612.0,18.0,
158100,2.3,4.0,121.1,181.0,612.0,18.0,
158200,2.1,4.0,121.1,181.0,612.0,18.0,
158300,2.5,4.0,121.1,181.0,612.0,18.0,
158400,2.2,4.0,121.1,181.0,612.0,18.0,
158500,3.2,4.0,121.1,181.0,612.0,18.0,
158600,4.4,4.0,121.1,181.0,612.0,18.0,
158700,6.8,4.0,121.1,181.0,612.0,18.0,
158800,86.5,4.0,121.1,159.0,792.0,20.0,
159000,57.6,4.0,121.1,159.0,792.0,20.0,
159100,52.5,4.0,121.1,159.0,792.0,20.0,
159200,106.7,4.0,121.1,177.0,671.0,24.0,
159300,91.5,4.0,121.1,179.0,667.0,24.0,
159400,15.2,4.0,121.1,192.0,690.0,25.0,
159500,4.3,4.0,121.1,192.0,690.0,25.0,
159600,5.2,4.0,121.1,192.0,690.0,25.0,
159700,5.3,4.0,121.1,192.0,690.0,25.0,
159800,3.9,4.0,121.1,192.0,690.0,25.0,
160000,4.5,4.0,121.1,192.0,690.0,25.0,
160100,2.9,4.0,121.1,192.0,690.0,25.0,
160200,3.6,4.0,121.1,192.0,690.0,25.0,
160300,3.9,4.0,121.1,192.0,690.0,25.0,
160400,73.4,4.0,121.1,192.0,690.0,25.0,
160500,91.6,4.0,121.1,192.0,690.0,25.0,
160600,82.8,4.0,121.1,192.0,690.0,25.0,
160700,180.5,4.0,121.1,1952.0,6489.0,27.0,
160800,66.3,4.0,121.1,175.0,592.0,18.0,
161000,18.1,4.0,121.1,189.0,717.0,22.0,
161100,4.8,4.0,121.1,189.0,717.0,22.0,
161200,3.4,4.0,121.1,189.0,717.0,22.0,
161300,2.7,4.0,121.1,189.0,717.0,22.0,
161400,2.6,4.0,121.1,189.0,717.0,22.0,
161500,4.1,4.0,121.1,189.0,717.0,22.0,
161600,3.9,4.0,121.1,189.0,717.0,22.0,
161700,2.6,4.0,121.1,189.0,717.0,22.0,
161800,2.5,4.0,121.1,189.0,717.0,22.0,
161900,5.5,47.5,250.0,189.0,717.0,22.0,
162000,50.3,47.5,250.0,189.0,717.0,22.0,
162100,60.9,47.5,250.0,189.0,717.0,22.0,
162200,119.9,47.5,250.0,192.0,992.0,16.0,
162300,94.4,47.5,250.0,219.0,730.0,18.0,
162400,68.8,47.5,250.0,175.0,569.0,20.0,
162500,57.5,47.5,250.0,175.0,569.0,20.0,
162600,20.1,47.5,250.0,175.0,569.0,20.0,
162700,4.4,47.5,250.0,175.0,569.0,20.0,
162800,2.1,47.5,250.0,175.0,569.0,20.0,
163000,2.3,47.5,250.0,175.0,569.0,20.0,
163100,2.8,47.5,250.0,175.0,569.0,20.0,
163200,3.0,47.5,250.0,175.0,569.0,20.0,
163300,3.2,47.5,250.0,175.0,569.0,20.0,
163400,2.7,47.5,250.0,175.0,569.0,20.0,
163500,3.9,47.5,250.0,175.0,569.0,20.0,
163600,65.5,47.5,250.0,175.0,569.0,20.0,
163700,81.7,47.5,250.0,212.0,928.0,20.0,
163800,66.5,47.5,250.0,182.0,842.0,19.0,
164000,81.7,47.5,250.0,199.0,697.0,21.0,
164100,61.5,47.5,250.0,199.0,697.0,21.0,
164200,203.2,47.5,250.0,920.0,4307.0,5.0,
164300,13.0,47.5,250.0,480.0,3356.0,30.0,
164400,2.7,47.5,250.0,480.0,3356.0,30.0,
164500,2.3,47.5,250.0,480.0,3356.0,30.0,
164600,3.1,47.5,250.0,480.0,3356.0,30.0,
164700,2.7,47.5,250.0,480.0,3356.0,30.0,
164800,5.0,47.5,250.0,480.0,3356.0,30.0,
165000,3.9,47.5,250.0,480.0,3356.0,30.0,
165100,3.3,47.5,250.0,480.0,3356.0,30.0,
165200,88.8,47.5,250.0,152.0,810.0,19.0,
165300,94.5,47.5,250.0,175.0,697.0,30.0,
165400,77.8,47.5,250.0,253.0,840.0,28.0,
165500,62.0,47.5,250.0,253.0,840.0,28.0,
165600,73.4,47.5,250.0,253.0,840.0,28.0,
165700,93.9,47.5,250.0,253.0,840.0,28.0,
165800,36.2,47.5,250.0,170.0,514.0,28.0,
166000,3.5,47.5,250.0,170.0,514.0,28.0,
166100,2.3,47.5,250.0,170.0,514.0,28.0,
166200,2.4,47.5,250.0,170.0,514.0,28.0,
166300,1.8,47.5,250.0,170.0,514.0,28.0,
166400,1.9,47.5,250.0,170.0,514.0,28.0,
166500,2.5,47.5,250.0,170.0,514.0,28.0,
166600,3.3,47.5,250.0,170.0,514.0,28.0,
166700,2.6,47.5,250.0,170.0,514.0,28.0,
166800,35.7,47.5,250.0,170.0,514.0,28.0,
167000,79.2,47.5,250.0,170.0,514.0,28.0,
167100,65.9,47.5,250.0,170.0,514.0,28.0,
167200,63.4,47.5,250.0,170.0,514.0,28.0,
167300,90.8,47.5,250.0,180.0,534.0,27.0,
167400,42.1,47.5,250.0,123.0,466.0,17.0,
167500,5.6,47.5,250.0,123.0,466.0,17.0,
167600,2.3,47.5,250.0,123.0,466.0,17.0,
167700,3.6,47.5,250.0,123.0,466.0,17.0,
167800,3.0,47.5,250.0,123.0,466.0,17.0,
168000,2.2,47.5,250.0,123.0,466.0,17.0,
168100,1.9,47.5,250.0,123.0,466.0,17.0,
168200,2.1,47.5,250.0,123.0,466.0,17.0,
168300,124.5,47.5,250.0,123.0,466.0,17.0,
168400,73.0,47.5,250.0,123.0,466.0,17.0,
168500,57.0,47.5,250.0,123.0,466.0,17.0,
168600,68.6,47.5,250.0,123.0,466.0,17.0,
168700,99.3,47.5,250.0,123.0,466.0,17.0,
168800,79.5,47.5,250.0,174.0,684.0,22.0,
169000,50.1,47.5,250.0,158.0,561.0,24.0,
169100,7.4,47.5,250.0,158.0,561.0,24.0,
169200,4.1,47.5,250.0,158.0,561.0,24.0,
169300,2.6,47.5,250.0,158.0,561.0,24.0,
169400,2.3,47.5,250.0,158.0,561.0,24.0,
169500,2.3,47.5,250.0,158.0,561.0,24.0,
169600,1.8,47.5,250.0,158.0,561.0,24.0,
169700,1.9,47.5,250.0,158.0,561.0,24.0,
169800,3.2,47.5,250.0,158.0,561.0,24.0,
170000,45.0,47.5,250.0,158.0,561.0,24.0,
170100,74.0,47.5,250.0,158.0,561.0,24.0,
170200,70.2,47.5,250.0,147.0,752.0,28.0,
170300,88.8,47.5,250.0,172.0,785.0,16.0,
170400,87.5,47.5,250.0,202.0,756.0,19.0,
170500,75.3,47.5,250.0,202.0,756.0,19.0,
170600,51.4,47.5,250.0,202.0,756.0,19.0,
170700,5.0,47.5,250.0,202.0,756.0,19.0,
170800,2.3,47.5,250.0,202.0,756.0,19.0,
171000,2.0,47.5,250.0,202.0,756.0,19.0,
171100,3.3,47.5,250.0,202.0,756.0,19.0,
171200,63.2,47.5,250.0,202.0,756.0,19.0,
171300,5.0,47.5,250.0,202.0,756.0,19.0,
171400,4.2,47.5,250.0,202.0,756.0,19.0,
171500,2.5,47.5,250.0,202.0,756.0,19.0,
171600,17.1,47.5,250.0,202.0,756.0,19.0,
171700,96.1,47.5,250.0,202.0,756.0,19.0,
171800,81.6,47.5,250.0,163.0,675.0,30.0,
172000,52.7,47.5,250.0,192.0,699.0,27.0,
172100,78.7,47.5,250.0,192.0,699.0,27.0,
172200,71.1,47.5,250.0,192.0,699.0,27.0,
172300,6.3,47.5,250.0,192.0,699.0,27.0,
172400,3.2,47.5,250.0,192.0,699.0,27.0,
172500,2.8,47.5,250.0,192.0,699.0,27.0,
172600,2.4,47.5,250.0,192.0,699.0,27.0,
172700,2.2,47.5,250.0,192.0,699.0,27.0,
172800,2.0,47.5,250.0,192.0,699.0,27.0,
173000,3.0,47.5,250.0,192.0,699.0,27.0,
173100,5.0,47.5,250.0,192.0,699.0,27.0,
173200,6.8,47.5,250.0,192.0,699.0,27.0,
173300,52.3,47.5,250.0,170.0,664.0,27.0,
173400,96.1,47.5,250.0,164.0,659.0,17.0,
173500,72.4,47.5,250.0,204.0,646.0,17.0,
173600,60.4,47.5,250.0,204.0,646.0,17.0,
173700,45.1,47.5,250.0,204.0,646.0,17.0,
173800,84.4,47.5,250.0,204.0,646.0,17.0,
174000,3.2,47.5,250.0,204.0,646.0,17.0,
174100,2.1,47.5,250.0,204.0,646.0,17.0,
174200,1.8,47.5,250.0,204.0,646.0,17.0,
174300,1.9,47.5,250.0,204.0,646.0,17.0,
174400,1.9,47.5,250.0,204.0,646.0,17.0,
174500,2.0,47.5,250.0,204.0,646.0,17.0,
174600,2.0,47.5,250.0,204.0,646.0,17.0,
174700,2.4,47.5,250.0,204.0,646.0,17.0,
174800,2.7,47.5,250.0,204.0,646.0,17.0,
175000,52.3,47.5,250.0,146.0,565.0,15.0,
175100,87.2,47.5,250.0,146.0,565.0,15.0,
175200,75.3,47.5,250.0,146.0,565.0,15.0,
175300,57.9,47.5,250.0,146.0,565.0,15.0,
175400,202.7,47.5,250.0,146.0,565.0,15.0,
175500,49.4,47.5,250.0,1071.0,7085.0,17.0,
175600,5.5,47.5,250.0,1071.0,7085.0,17.0,
175700,3.7,47.5,250.0,1071.0,7085.0,17.0,
175800,2.2,47.5,250.0,1071.0,7085.0,17.0,
176000,3.1,47.5,250.0,1071.0,7085.0,17.0,
176100,2.4,47.5,250.0,1071.0,7085.0,17.0,
176200,2.2,47.5,250.0,1071.0,7085.0,17.0,
176300,2.3,47.5,250.0,1071.0,7085.0,17.0,
176400,3.0,47.5,250.0,1071.0,7085.0,17.0,
176500,70.7,47.5,250.0,130.0,510.0,29.0,
176600,60.7,47.5,250.0,120.0,464.0,11.0,
176700,53.1,47.5,250.0,120.0,464.0,11.0,
176800,59.0,47.5,250.0,120.0,464.0,11.0,
177000,68.4,47.5,250.0,153.0,470.0,17.0,
177100,12.2,47.5,250.0,140.0,424.0,22.0,
177200,3.6,47.5,250.0,140.0,424.0,22.0,
177300,2.9,47.5,250.0,140.0,424.0,22.0,
177400,2.3,47.5,250.0,140.0,424.0,22.0,
177500,2.7,47.5,250.0,140.0,424.0,22.0,
177600,2.6,47.5,250.0,140.0,424.0,22.0,
177700,2.2,47.5,250.0,140.0,424.0,22.0,
177800,2.0,47.5,250.0,140.0,424.0,22.0,
178000,3.0,47.5,250.0,140.0,424.0,22.0,
178100,66.0,47.5,250.0,129.0,461.0,27.0,
178200,74.0,47.5,250.0,129.0,461.0,27.0,
178300,62.9,47.5,250.0,129.0,461.0,27.0,
178400,44.5,47.5,250.0,129.0,461.0,27.0,
178500,76.7,47.5,250.0,129.0,461.0,27.0,
178600,85.1,47.5,250.0,139.0,464.0,16.0,
178700,14.9,47.5,250.0,128.0,384.0,29.0,
178800,3.8,47.5,250.0,128.0,384.0,29.0,
179000,2.1,47.5,250.0,128.0,384.0,29.0,
179100,2.3,47.5,250.0,128.0,384.0,29.0,
179200,2.5,47.5,250.0,128.0,384.0,29.0,
179300,1.9,47.5,250.0,128.0,384.0,29.0,
179400,2.3,47.5,250.0,128.0,384.0,29.0,
179500,2.3,47.5,250.0,128.0,384.0,29.0,
179600,2.7,47.5,250.0,128.0,384.0,29.0,
179700,42.7,47.5,250.0,128.0,384.0,29.0,
179800,77.5,47.5,250.0,128.0,384.0,29.0,
180000,69.0,47.5,250.0,128.0,384.0,29.0,
180100,61.4,47.5,250.0,180.0,502.0,9.0,
180200,45.0,47.5,250.0,175.0,440.0,9.0,
180300,16.1,47.5,250.0,143.0,425.0,29.0,
180400,4.4,47.5,250.0,143.0,425.0,29.0,
180500,2.6,47.5,250.0,143.0,425.0,29.0,
180600,2.7,47.5,250.0,143.0,425.0,29.0,
180700,2.0,47.5,250.0,143.0,425.0,29.0,
180800,3.0,47.5,250.0,143.0,425.0,29.0,
181000,2.6,47.5,250.0,143.0,425.0,29.0,
181100,3.4,47.5,250.0,143.0,425.0,29.0,
181200,4.0,47.5,250.0,143.0,425.0,29.0,
181300,56.6,47.5,250.0,143.0,425.0,29.0,
181400,53.0,47.5,250.0,143.0,425.0,29.0,
181500,42.2,47.5,250.0,143.0,425.0,29.0,
181600,87.1,47.5,250.0,143.0,425.0,29.0,
181700,75.1,47.5,250.0,162.0,405.0,28.0,
181800,59.6,47.5,250.0,151.0,436.0,17.0,
182000,4.4,47.5,250.0,151.0,436.0,17.0,
182100,2.6,47.5,250.0,151.0,436.0,17.0,
182200,2.0,47.5,250.0,151.0,436.0,17.0,
182300,2.6,47.5,250.0,151.0,436.0,17.0,
182400,2.7,47.5,250.0,151.0,436.0,17.0,
182500,2.6,47.5,250.0,151.0,436.0,17.0,
182600,2.5,47.5,250.0,151.0,436.0,17.0,
182700,54.3,47.5,250.0,151.0,436.0,17.0,
182800,6.4,47.5,250.0,151.0,436.0,17.0,
182900,66.8,34.3,187.5,151.0,436.0,17.0,
183000,68.1,34.3,187.5,151.0,436.0,17.0,
183100,54.4,34.3,187.5,151.0,436.0,17.0,
183200,53.2,34.3,187.5,151.0,436.0,17.0,
183300,85.9,34.3,187.5,154.0,413.0,19.0,
183400,72.2,34.3,187.5,153.0,504.0,18.0,
183500,25.3,34.3,187.5,153.0,504.0,18.0,
183600,4.3,34.3,187.5,153.0,504.0,18.0,
183700,2.8,34.3,187.5,153.0,504.0,18.0,
183800,2.4,34.3,187.5,153.0,504.0,18.0,
184000,2.5,34.3,187.5,153.0,504.0,18.0,
184100,2.9,34.3,187.5,153.0,504.0,18.0,
184200,3.0,34.3,187.5,153.0,504.0,18.0,
184300,2.3,34.3,187.5,153.0,504.0,18.0,
184400,3.3,34.3,187.5,153.0,504.0,18.0,
184500,27.3,34.3,187.5,153.0,504.0,18.0,
184600,72.8,34.3,187.5,153.0,504.0,18.0,
184700,76.3,34.3,187.5,153.0,504.0,18.0,
184800,68.6,34.3,187.5,164.0,648.0,8.0,
185000,79.1,34.3,187.5,164.0,648.0,8.0,
185100,31.8,34.3,187.5,164.0,648.0,8.0,
185200,3.6,34.3,187.5,164.0,648.0,8.0,
185300,3.0,34.3,187.5,164.0,648.0,8.0,
185400,2.7,34.3,187.5,164.0,648.0,8.0,
185500,2.2,34.3,187.5,164.0,648.0,8.0,
185600,2.3,34.3,187.5,164.0,648.0,8.0,
185700,2.6,34.3,187.5,164.0,648.0,8.0,
185800,2.4,34.3,187.5,164.0,648.0,8.0,
186000,3.2,34.3,187.5,164.0,648.0,8.0,
186100,29.0,34.3,187.5,164.0,648.0,8.0,
186200,45.6,34.3,187.5,164.0,648.0,8.0,
186300,82.9,34.3,187.5,140.0,491.0,19.0,
186400,70.6,34.3,187.5,140.0,505.0,14.0,
186500,54.1,34.3,187.5,140.0,505.0,14.0,
186600,45.4,34.3,187.5,140.0,505.0,14.0,
186700,33.3,34.3,187.5,140.0,505.0,14.0,
186800,4.5,34.3,187.5,140.0,505.0,14.0,
187000,2.5,34.3,187.5,140.0,505.0,14.0,
187100,2.6,34.3,187.5,140.0,505.0,14.0,
187200,2.0,34.3,187.5,140.0,505.0,14.0,
187300,3.2,34.3,187.5,140.0,505.0,14.0,
187400,2.6,34.3,187.5,140.0,505.0,14.0,
187500,45.8,34.3,187.5,140.0,505.0,14.0,
187600,4.1,34.3,187.5,140.0,505.0,14.0,
187700,43.6,34.3,187.5,140.0,505.0,14.0,
187800,56.5,34.3,187.5,140.0,505.0,14.0,
188000,71.1,34.3,187.5,140.0,505.0,14.0,
188100,68.8,34.3,187.5,140.0,505.0,14.0,
188200,46.0,34.3,187.5,140.0,505.0,14.0,
188300,47.6,34.3,187.5,140.0,505.0,14.0,
188400,5.7,34.3,187.5,140.0,505.0,14.0,
188500,2.8,34.3,187.5,140.0,505.0,14.0,
188600,3.3,34.3,187.5,140.0,505.0,14.0,
188700,2.4,34.3,187.5,140.0,505.0,14.0,
188800,2.7,34.3,187.5,140.0,505.0,14.0,
189000,2.2,34.3,187.5,140.0,505.0,14.0,
189100,2.2,34.3,187.5,140.0,505.0,14.0,
189200,1.9,34.3,187.5,140.0,505.0,14.0,
189300,36.0,34.3,187.5,140.0,505.0,14.0,
189400,63.9,34.3,187.5,140.0,505.0,14.0,
189500,56.0,34.3,187.5,140.0,505.0,14.0,
189600,50.9,34.3,187.5,140.0,505.0,14.0,
189700,43.0,34.3,187.5,140.0,505.0,14.0,
189800,69.8,34.3,187.5,140.0,505.0,14.0,
190000,5.3,34.3,187.5,140.0,505.0,14.0,
190100,3.0,34.3,187.5,140.0,505.0,14.0,
190200,2.7,34.3,187.5,140.0,505.0,14.0,
190300,2.0,34.3,187.5,140.0,505.0,14.0,
190400,2.6,34.3,187.5,140.0,505.0,14.0,
190500,2.2,34.3,187.5,140.0,505.0,14.0,
190600,1.9,34.3,187.5,140.0,505.0,14.0,
190700,60.3,34.3,187.5,140.0,505.0,14.0,
190800,9.5,34.3,187.5,140.0,505.0,14.0,
191000,54.9,34.3,187.5,140.0,505.0,14.0,
191100,73.9,34.3,187.5,140.0,505.0,14.0,
191200,64.4,34.3,187.5,140.0,505.0,14.0,
191300,39.8,34.3,187.5,140.0,505.0,14.0,
191400,34.8,34.3,187.5,140.0,505.0,14.0,
191500,66.9,34.3,187.5,140.0,505.0,14.0,
191600,5.6,34.3,187.5,140.0,505.0,14.0,
191700,2.5,34.3,187.5,140.0,505.0,14.0,
191800,2.1,34.3,187.5,140.0,505.0,14.0,
192000,2.2,34.3,187.5,140.0,505.0,14.0,
192100,3.0,34.3,187.5,140.0,505.0,14.0,
192200,3.0,34.3,187.5,140.0,505.0,14.0,
192300,2.2,34.3,187.5,140.0,505.0,14.0,
192400,2.4,34.3,187.5,140.0,505.0,14.0,
192500,3.3,34.3,187.5,140.0,505.0,14.0,
192600,38.2,34.3,187.5,140.0,505.0,14.0,
192700,42.0,34.3,187.5,140.0,505.0,14.0,
192800,56.8,34.3,187.5,140.0,505.0,14.0,
193000,42.8,34.3,187.5,140.0,505.0,14.0,
193100,32.3,34.3,187.5,140.0,505.0,14.0,
193200,7.7,34.3,187.5,140.0,505.0,14.0,
193300,3.5,34.3,187.5,140.0,505.0,14.0,
193400,2.7,34.3,187.5,140.0,505.0,14.0,
193500,2.8,34.3,187.5,140.0,505.0,14.0,
193600,2.6,34.3,187.5,140.0,505.0,14.0,
193700,2.7,34.3,187.5,140.0,505.0,14.0,
193800,2.8,34.3,187.5,140.0,505.0,14.0,
194000,3.0,34.3,187.5,140.0,505.0,14.0,
194100,4.8,34.3,187.5,140.0,505.0,14.0,
194200,59.1,34.3,187.5,140.0,505.0,14.0,
194300,43.8,34.3,187.5,140.0,505.0,14.0,
194400,38.5,34.3,187.5,140.0,505.0,14.0,
194500,63.5,34.3,187.5,140.0,505.0,14.0,
194600,52.8,34.3,187.5,140.0,505.0,14.0,
194700,44.8,34.3,187.5,140.0,505.0,14.0,
194800,9.0,34.3,187.5,140.0,505.0,14.0,
195000,5.3,34.3,187.5,140.0,505.0,14.0,
195100,3.5,34.3,187.5,140.0,505.0,14.0,
195200,3.0,34.3,187.5,140.0,505.0,14.0,
195300,3.3,34.3,187.5,140.0,505.0,14.0,
195400,2.7,34.3,187.5,140.0,505.0,14.0,
195500,2.4,34.3,187.5,140.0,505.0,14.0,
195600,3.0,34.3,187.5,140.0,505.0,14.0,
195700,7.2,34.3,187.5,140.0,505.0,14.0,
195800,75.5,34.3,187.5,140.0,505.0,14.0,
195900,50.9,55.4,171.9,140.0,505.0,14.0,
196000,48.0,55.4,171.9,140.0,505.0,14.0,
196100,42.0,55.4,171.9,140.0,505.0,14.0,
196200,60.8,55.4,171.9,140.0,505.0,14.0,
196300,63.3,55.4,171.9,140.0,505.0,14.0,
196400,11.0,55.4,171.9,140.0,505.0,14.0,
196500,3.3,55.4,171.9,140.0,505.0,14.0,
196600,3.0,55.4,171.9,140.0,505.0,14.0,
196700,3.1,55.4,171.9,140.0,505.0,14.0,
196800,3.3,55.4,171.9,140.0,505.0,14.0,
197000,2.9,55.4,171.9,140.0,505.0,14.0,
197100,2.9,55.4,171.9,140.0,505.0,14.0,
197200,2.2,55.4,171.9,140.0,505.0,14.0,
197300,2.6,55.4,171.9,140.0,505.0,14.0,
197400,35.3,55.4,171.9,140.0,505.0,14.0,
197500,58.8,55.4,171.9,140.0,505.0,14.0,
197600,66.9,55.4,171.9,140.0,505.0,14.0,
197700,53.2,55.4,171.9,140.0,505.0,14.0,
197800,41.2,55.4,171.9,140.0,505.0,14.0,
198000,15.3,55.4,171.9,140.0,505.0,14.0,
198100,3.0,55.4,171.9,140.0,505.0,14.0,
198200,2.4,55.4,171.9,140.0,505.0,14.0,
198300,2.5,55.4,171.9,140.0,505.0,14.0,
198400,2.2,55.4,171.9,140.0,505.0,14.0,
198500,2.9,55.4,171.9,140.0,505.0,14.0,
198600,2.6,55.4,171.9,140.0,505.0,14.0,
198700,2.5,55.4,171.9,140.0,505.0,14.0,
198800,2.4,55.4,171.9,140.0,505.0,14.0,
199000,32.4,55.4,171.9,140.0,505.0,14.0,
199100,40.7,55.4,171.9,140.0,505.0,14.0,
199200,66.4,55.4,171.9,140.0,505.0,14.0,
199300,70.4,55.4,171.9,140.0,505.0,14.0,
199400,61.4,55.4,171.9,140.0,505.0,14.0,
199500,48.6,55.4,171.9,140.0,505.0,14.0,
199600,16.5,55.4,171.9,140.0,505.0,14.0,
199700,3.6,55.4,171.9,140.0,505.0,14.0,
199800,2.4,55.4,171.9,140.0,505.0,14.0,
200000,2.7,55.4,171.9,140.0,505.0,14.0,
200100,2.5,55.4,171.9,140.0,505.0,14.0,
200200,2.9,55.4,171.9,140.0,505.0,14.0,
200300,3.0,55.4,171.9,140.0,505.0,14.0,
200400,3.0,55.4,171.9,140.0,505.0,14.0,
200500,3.9,55.4,171.9,140.0,505.0,14.0,
200600,53.4,55.4,171.9,140.0,505.0,14.0,
200700,60.4,55.4,171.9,140.0,505.0,14.0,
200800,54.4,55.4,171.9,140.0,505.0,14.0,
201000,73.5,55.4,171.9,140.0,505.0,14.0,
201100,52.9,55.4,171.9,140.0,505.0,14.0,
201200,17.4,55.4,171.9,140.0,505.0,14.0,
201300,3.7,55.4,171.9,140.0,505.0,14.0,
201400,2.8,55.4,171.9,140.0,505.0,14.0,
201500,2.5,55.4,171.9,140.0,505.0,14.0,
201600,2.6,55.4,171.9,140.0,505.0,14.0,
201700,2.6,55.4,171.9,140.0,505.0,14.0,
201800,3.1,55.4,171.9,140.0,505.0,14.0,
202000,3.1,55.4,171.9,140.0,505.0,14.0,
202100,3.5,55.4,171.9,140.0,505.0,14.0,
202200,49.6,55.4,171.9,140.0,505.0,14.0,
202300,78.8,55.4,171.9,140.0,505.0,14.0,
202400,65.8,55.4,171.9,140.0,505.0,14.0,
202500,49.8,55.4,171.9,140.0,505.0,14.0,
202600,43.2,55.4,171.9,140.0,505.0,14.0,
202700,58.9,55.4,171.9,140.0,505.0,14.0,
202800,25.9,55.4,171.9,140.0,505.0,14.0,
203000,3.3,55.4,171.9,140.0,505.0,14.0,
203100,3.8,55.4,171.9,140.0,505.0,14.0,
203200,2.8,55.4,171.9,140.0,505.0,14.0,
203300,2.5,55.4,171.9,140.0,505.0,14.0,
203400,2.8,55.4,171.9,140.0,505.0,14.0,
203500,2.9,55.4,171.9,140.0,505.0,14.0,
203600,2.9,55.4,171.9,140.0,505.0,14.0,
203700,4.5,55.4,171.9,140.0,505.0,14.0,
203800,36.8,55.4,171.9,140.0,505.0,14.0,
204000,80.4,55.4,171.9,140.0,505.0,14.0,
204100,66.5,55.4,171.9,140.0,505.0,14.0,
204200,46.9,55.4,171.9,140.0,505.0,14.0,
204300,39.0,55.4,171.9,140.0,505.0,14.0,
204400,36.8,55.4,171.9,140.0,505.0,14.0,
204500,4.2,55.4,171.9,140.0,505.0,14.0,
204600,2.9,55.4,171.9,140.0,505.0,14.0,
204700,2.3,55.4,171.9,140.0,505.0,14.0,
204800,2.7,55.4,171.9,140.0,505.0,14.0,
205000,3.0,55.4,171.9,140.0,505.0,14.0,
205100,2.5,55.4,171.9,140.0,505.0,14.0,
205200,87.6,55.4,171.9,140.0,505.0,14.0,
205300,7.0,55.4,171.9,140.0,505.0,14.0,
205400,45.5,55.4,171.9,140.0,505.0,14.0,
205500,56.0,55.4,171.9,136.0,544.0,30.0,
205600,50.1,55.4,171.9,136.0,544.0,30.0,
205700,81.0,55.4,171.9,136.0,544.0,30.0,
205800,55.0,55.4,171.9,136.0,544.0,30.0,
206000,47.4,55.4,171.9,136.0,544.0,30.0,
206100,5.4,55.4,171.9,136.0,544.0,30.0,
206200,2.7,55.4,171.9,136.0,544.0,30.0,
206300,2.9,55.4,171.9,136.0,544.0,30.0,
206400,2.8,55.4,171.9,136.0,544.0,30.0,
206500,2.5,55.4,171.9,136.0,544.0,30.0,
206600,3.7,55.4,171.9,136.0,544.0,30.0,
206700,4.2,55.4,171.9,136.0,544.0,30.0,
206800,3.8,55.4,171.9,136.0,544.0,30.0,
206900,3.4,54.7,218.8,136.0,544.0,30.0,
207000,48.5,54.7,218.8,136.0,544.0,30.0,
207100,69.6,54.7,218.8,145.0,543.0,22.0,
207200,55.3,54.7,218.8,145.0,543.0,22.0,
207300,47.6,54.7,218.8,145.0,543.0,22.0,
207400,49.2,54.7,218.8,145.0,543.0,22.0,
207500,66.1,54.7,218.8,145.0,543.0,22.0,
207600,60.1,54.7,218.8,145.0,543.0,22.0,
207700,6.4,54.7,218.8,145.0,543.0,22.0,
207800,4.4,54.7,218.8,145.0,543.0,22.0,
208000,6.0,54.7,218.8,145.0,543.0,22.0,
208100,2.6,54.7,218.8,145.0,543.0,22.0,
208200,4.3,54.7,218.8,145.0,543.0,22.0,
208300,3.5,54.7,218.8,145.0,543.0,22.0,
208400,3.9,54.7,218.8,145.0,543.0,22.0,
208500,4.7,54.7,218.8,145.0,543.0,22.0,
208600,6.8,54.7,218.8,145.0,543.0,22.0,
208700,66.8,54.7,218.8,145.0,543.0,22.0,
208800,71.7,54.7,218.8,145.0,543.0,22.0,
209000,38.6,54.7,218.8,145.0,543.0,22.0,
209100,68.4,54.7,218.8,145.0,543.0,22.0,
209200,78.0,54.7,218.8,145.0,543.0,22.0,
209300,7.9,54.7,218.8,145.0,543.0,22.0,
209400,4.7,54.7,218.8,145.0,543.0,22.0,
209500,5.5,54.7,218.8,145.0,543.0,22.0,
209600,3.4,54.7,218.8,145.0,543.0,22.0,
209700,2.7,54.7,218.8,145.0,543.0,22.0,
209800,2.3,54.7,218.8,145.0,543.0,22.0,
210000,2.5,54.7,218.8,145.0,543.0,22.0,
210100,3.1,54.7,218.8,145.0,543.0,22.0,
210200,3.7,54.7,218.8,145.0,543.0,22.0,
210300,42.9,54.7,218.8,145.0,543.0,22.0,
210400,74.6,54.7,218.8,145.0,543.0,22.0,
210500,60.2,54.7,218.8,145.0,543.0,22.0,
210600,54.9,54.7,218.8,145.0,543.0,22.0,
210700,52.7,54.7,218.8,145.0,543.0,22.0,
210800,39.7,54.7,218.8,145.0,543.0,22.0,
211000,3.3,54.7,218.8,145.0,543.0,22.0,
211100,2.9,54.7,218.8,145.0,543.0,22.0,
211200,2.6,54.7,218.8,145.0,543.0,22.0,
211300,2.6,54.7,218.8,145.0,543.0,22.0,
211400,2.6,54.7,218.8,145.0,543.0,22.0,
211500,3.8,54.7,218.8,145.0,543.0,22.0,
211600,5.0,54.7,218.8,145.0,543.0,22.0,
211700,2.8,54.7,218.8,145.0,543.0,22.0,
211800,2.6,54.7,218.8,145.0,543.0,22.0,
211900,50.4,47.6,156.3,145.0,543.0,22.0,
212000,52.1,47.6,156.3,145.0,543.0,22.0,
212100,45.0,47.6,156.3,145.0,543.0,22.0,
212200,71.7,47.6,156.3,145.0,543.0,22.0,
212300,65.8,47.6,156.3,145.0,543.0,22.0,
212400,52.4,47.6,156.3,145.0,543.0,22.0,
212500,9.3,47.6,156.3,145.0,543.0,22.0,
212600,2.9,47.6,156.3,145.0,543.0,22.0,
212700,3.0,47.6,156.3,145.0,543.0,22.0,
212800,4.5,47.6,156.3,145.0,543.0,22.0,
213000,3.3,47.6,156.3,145.0,543.0,22.0,
213100,3.3,47.6,156.3,145.0,543.0,22.0,
213200,4.3,47.6,156.3,145.0,543.0,22.0,
213300,3.2,47.6,156.3,145.0,543.0,22.0,
213400,3.3,47.6,156.3,145.0,543.0,22.0,
213500,70.0,47.6,156.3,145.0,543.0,22.0,
213600,66.5,47.6,156.3,145.0,543.0,22.0,
213700,50.0,47.6,156.3,145.0,543.0,22.0,
213800,50.4,47.6,156.3,145.0,543.0,22.0,
214000,73.4,47.6,156.3,149.0,475.0,8.0,
214100,13.6,47.6,156.3,141.0,443.0,9.0,
214200,4.2,47.6,156.3,141.0,443.0,9.0,
214300,3.5,47.6,156.3,141.0,443.0,9.0,
214400,2.8,47.6,156.3,141.0,443.0,9.0,
214500,3.4,47.6,156.3,141.0,443.0,9.0,
214600,2.9,47.6,156.3,141.0,443.0,9.0,
214700,2.6,47.6,156.3,141.0,443.0,9.0,
214800,3.0,47.6,156.3,141.0,443.0,9.0,
215000,2.8,47.6,156.3,141.0,443.0,9.0,
215100,39.9,47.6,156.3,141.0,443.0,9.0,
215200,70.4,47.6,156.3,141.0,443.0,9.0,
215300,82.9,47.6,156.3,141.0,443.0,9.0,
215400,68.0,47.6,156.3,152.0,521.0,21.0,
215500,56.9,47.6,156.3,160.0,532.0,9.0,
215600,78.3,47.6,156.3,150.0,414.0,8.0,
215700,14.9,47.6,156.3,150.0,414.0,8.0,
215800,3.4,47.6,156.3,150.0,414.0,8.0,
216000,3.0,47.6,156.3,150.0,414.0,8.0,
216100,3.2,47.6,156.3,150.0,414.0,8.0,
216200,3.5,47.6,156.3,150.0,414.0,8.0,
216300,4.0,47.6,156.3,150.0,414.0,8.0,
216400,3.0,47.6,156.3,150.0,414.0,8.0,
216500,3.2,47.6,156.3,150.0,414.0,8.0,
216600,3.7,47.6,156.3,150.0,414.0,8.0,
216700,49.2,47.6,156.3,150.0,414.0,8.0,
216800,44.8,47.6,156.3,150.0,414.0,8.0,
217000,87.7,47.6,156.3,170.0,486.0,9.0,
217100,66.0,47.6,156.3,164.0,507.0,9.0,
217200,53.7,47.6,156.3,131.0,525.0,8.0,
217300,20.2,47.6,156.3,131.0,525.0,8.0,
217400,3.8,47.6,156.3,131.0,525.0,8.0,
217500,3.2,47.6,156.3,131.0,525.0,8.0,
217600,3.3,47.6,156.3,131.0,525.0,8.0,
217700,2.7,47.6,156.3,131.0,525.0,8.0,
217800,2.7,47.6,156.3,131.0,525.0,8.0,
218000,6.1,47.6,156.3,131.0,525.0,8.0,
218100,5.9,47.6,156.3,131.0,525.0,8.0,
218200,5.0,47.6,156.3,131.0,525.0,8.0,
218300,53.1,47.6,156.3,131.0,525.0,8.0,
218400,71.1,47.6,156.3,131.0,525.0,8.0,
218500,66.9,47.6,156.3,181.0,685.0,9.0,
218600,90.9,47.6,156.3,164.0,487.0,30.0,
218700,81.3,47.6,156.3,170.0,421.0,9.0,
218800,64.5,47.6,156.3,170.0,421.0,9.0,
219000,4.9,47.6,156.3,170.0,421.0,9.0,
219100,6.7,47.6,156.3,170.0,421.0,9.0,
219200,4.2,47.6,156.3,170.0,421.0,9.0,
219300,4.3,47.6,156.3,170.0,421.0,9.0,
219400,4.0,47.6,156.3,170.0,421.0,9.0,
219500,5.0,47.6,156.3,170.0,421.0,9.0,
219600,4.5,47.6,156.3,170.0,421.0,9.0,
219700,11.0,47.6,156.3,170.0,421.0,9.0,
219800,11.5,47.6,156.3,170.0,421.0,9.0,
220000,108.7,47.6,156.3,207.0,881.0,10.0,
220100,83.3,47.6,156.3,176.0,577.0,24.0,
220200,62.6,47.6,156.3,173.0,711.0,21.0,
220300,48.4,47.6,156.3,144.0,516.0,22.0,
220400,77.2,47.6,156.3,144.0,516.0,22.0,
220500,34.9,47.6,156.3,144.0,516.0,22.0,
220600,3.6,47.6,156.3,144.0,516.0,22.0,
220700,3.0,47.6,156.3,144.0,516.0,22.0,
220800,3.3,47.6,156.3,144.0,516.0,22.0,
221000,3.0,47.6,156.3,144.0,516.0,22.0,
221100,3.4,47.6,156.3,144.0,516.0,22.0,
221200,4.1,47.6,156.3,144.0,516.0,22.0,
221300,5.5,47.6,156.3,144.0,516.0,22.0,
221400,11.0,47.6,156.3,144.0,516.0,22.0,
221500,44.4,47.6,156.3,144.0,516.0,22.0,
221600,99.2,47.6,156.3,184.0,761.0,20.0,
221700,94.1,47.6,156.3,183.0,744.0,15.0,
221800,68.3,47.6,156.3,183.0,744.0,15.0,
222000,50.2,47.6,156.3,183.0,744.0,15.0,
222100,48.6,47.6,156.3,154.0,582.0,29.0,
222200,4.8,47.6,156.3,154.0,582.0,29.0,
222300,4.4,47.6,156.3,154.0,582.0,29.0,
222400,5.3,47.6,156.3,154.0,582.0,29.0,
222500,3.5,47.6,156.3,154.0,582.0,29.0,
222600,3.2,47.6,156.3,154.0,582.0,29.0,
222700,3.3,47.6,156.3,154.0,582.0,29.0,
222800,3.8,47.6,156.3,154.0,582.0,29.0,
223000,14.8,47.6,156.3,154.0,582.0,29.0,
223100,54.6,47.6,156.3,154.0,582.0,29.0,
223200,61.1,47.6,156.3,173.0,724.0,29.0,
223300,50.4,47.6,156.3,173.0,724.0,29.0,
223400,78.7,47.6,156.3,173.0,724.0,29.0,
223500,87.5,47.6,156.3,173.0,724.0,29.0,
223600,75.4,47.6,156.3,169.0,514.0,9.0,
223700,55.0,47.6,156.3,172.0,506.0,24.0,
223800,5.6,47.6,156.3,142.0,467.0,19.0,
224000,3.0,47.6,156.3,142.0,467.0,19.0,
224100,2.7,47.6,156.3,142.0,467.0,19.0,
224200,2.7,47.6,156.3,142.0,467.0,19.0,
224300,3.2,47.6,156.3,142.0,467.0,19.0,
224400,3.0,47.6,156.3,142.0,467.0,19.0,
224500,3.8,47.6,156.3,142.0,467.0,19.0,
224600,4.1,47.6,156.3,142.0,467.0,19.0,
224700,51.3,47.6,156.3,142.0,467.0,19.0,
224800,69.5,47.6,156.3,142.0,467.0,19.0,
225000,60.2,47.6,156.3,142.0,467.0,19.0,
225100,104.1,47.6,156.3,169.0,642.0,27.0,
225200,84.4,47.6,156.3,171.0,594.0,29.0,
225300,65.1,47.6,156.3,146.0,527.0,23.0,
225400,6.0,47.6,156.3,146.0,527.0,23.0,
225500,2.8,47.6,156.3,146.0,527.0,23.0,
225600,3.2,47.6,156.3,146.0,527.0,23.0,
225700,3.1,47.6,156.3,146.0,527.0,23.0,
225800,2.4,47.6,156.3,146.0,527.0,23.0,
226000,2.4,47.6,156.3,146.0,527.0,23.0,
226100,2.6,47.6,156.3,146.0,527.0,23.0,
226200,3.7,47.6,156.3,146.0,527.0,23.0,
226300,4.6,47.6,156.3,146.0,527.0,23.0,
226400,74.7,47.6,156.3,146.0,527.0,23.0,
226500,88.4,47.6,156.3,146.0,527.0,23.0,
226600,78.9,47.6,156.3,157.0,722.0,9.0,
226700,62.8,47.6,156.3,189.0,664.0,18.0,
226800,83.8,47.6,156.3,153.0,555.0,10.0,
227000,8.2,47.6,156.3,153.0,555.0,10.0,
227100,3.6,47.6,156.3,153.0,555.0,10.0,
227200,2.3,47.6,156.3,153.0,555.0,10.0,
227300,3.0,47.6,156.3,153.0,555.0,10.0,
227400,3.7,47.6,156.3,153.0,555.0,10.0,
227500,2.8,47.6,156.3,153.0,555.0,10.0,
227600,2.5,47.6,156.3,153.0,555.0,10.0,
227700,4.2,47.6,156.3,153.0,555.0,10.0,
227800,3.8,47.6,156.3,153.0,555.0,10.0,
228000,48.8,47.6,156.3,153.0,555.0,10.0,
228100,107.8,47.6,156.3,169.0,686.0,17.0,
228200,101.6,47.6,156.3,197.0,700.0,27.0,
228300,84.6,47.6,156.3,178.0,690.0,30.0,
228400,61.8,47.6,156.3,179.0,594.0,29.0,
228500,66.4,47.6,156.3,183.0,653.0,19.0,
228600,8.7,47.6,156.3,183.0,653.0,19.0,
228700,39.0,47.6,156.3,183.0,653.0,19.0,
228800,9.0,47.6,156.3,183.0,653.0,19.0,
229000,2.8,47.6,156.3,183.0,653.0,19.0,
229100,2.6,47.6,156.3,183.0,653.0,19.0,
229200,2.9,47.6,156.3,183.0,653.0,19.0,
229300,3.0,47.6,156.3,183.0,653.0,19.0,
229400,2.7,47.6,156.3,183.0,653.0,19.0,
229500,3.1,47.6,156.3,183.0,653.0,19.0,
229600,73.1,47.6,156.3,183.0,653.0,19.0,
229700,74.8,47.6,156.3,167.0,629.0,28.0,
229800,103.0,47.6,156.3,231.0,785.0,8.0,
230000,69.4,47.6,156.3,172.0,650.0,9.0,
230100,60.9,47.6,156.3,172.0,650.0,9.0,
230200,12.4,47.6,156.3,172.0,650.0,9.0,
230300,3.1,47.6,156.3,172.0,650.0,9.0,
230400,3.1,47.6,156.3,172.0,650.0,9.0,
230500,1.8,47.6,156.3,172.0,650.0,9.0,
230600,1.6,47.6,156.3,172.0,650.0,9.0,
230700,2.4,47.6,156.3,172.0,650.0,9.0,
230800,2.7,47.6,156.3,172.0,650.0,9.0,
231000,4.4,47.6,156.3,172.0,650.0,9.0,
231100,5.4,47.6,156.3,172.0,650.0,9.0,
231200,103.8,47.6,156.3,160.0,779.0,27.0,
231300,93.6,47.6,156.3,230.0,1055.0,9.0,
231400,66.4,47.6,156.3,193.0,809.0,20.0,
231500,71.0,47.6,156.3,206.0,781.0,21.0,
231600,82.5,47.6,156.3,206.0,781.0,21.0,
231700,88.3,47.6,156.3,206.0,781.0,21.0,
231800,15.1,47.6,156.3,177.0,675.0,11.0,
232000,2.6,47.6,156.3,177.0,675.0,11.0,
232100,2.2,47.6,156.3,177.0,675.0,11.0,
232200,2.4,47.6,156.3,177.0,675.0,11.0,
232300,2.4,47.6,156.3,177.0,675.0,11.0,
232400,3.4,47.6,156.3,177.0,675.0,11.0,
232500,3.5,47.6,156.3,177.0,675.0,11.0,
232600,3.7,47.6,156.3,177.0,675.0,11.0,
232700,4.3,47.6,156.3,177.0,675.0,11.0,
232800,97.5,47.6,156.3,157.0,682.0,28.0,
233000,74.3,47.6,156.3,156.0,665.0,22.0,
233100,60.9,47.6,156.3,156.0,665.0,22.0,
233200,56.2,47.6,156.3,156.0,665.0,22.0,
233300,119.7,47.6,156.3,172.0,698.0,29.0,
233400,21.3,47.6,156.3,174.0,753.0,30.0,
233500,3.6,47.6,156.3,174.0,753.0,30.0,
233600,2.2,47.6,156.3,174.0,753.0,30.0,
233700,2.7,47.6,156.3,174.0,753.0,30.0,
233800,2.6,47.6,156.3,174.0,753.0,30.0,
234000,3.3,47.6,156.3,174.0,753.0,30.0,
234100,3.2,47.6,156.3,174.0,753.0,30.0,
234200,4.0,47.6,156.3,174.0,753.0,30.0,
234300,4.5,47.6,156.3,174.0,753.0,30.0,
234400,68.4,47.6,156.3,158.0,762.0,30.0,
234500,61.1,47.6,156.3,162.0,797.0,30.0,
234600,86.3,47.6,156.3,170.0,806.0,10.0,
234700,80.6,47.6,156.3,170.0,806.0,10.0,
234800,73.8,47.6,156.3,170.0,806.0,10.0,
235000,25.0,47.6,156.3,143.0,824.0,19.0,
235100,3.4,47.6,156.3,143.0,824.0,19.0,
235200,3.1,47.6,156.3,143.0,824.0,19.0,
235300,2.6,47.6,156.3,143.0,824.0,19.0,
235400,2.7,47.6,156.3,143.0,824.0,19.0,
235500,3.1,47.6,156.3,143.0,824.0,19.0,
235600,2.3,47.6,156.3,143.0,824.0,19.0,
235700,3.7,47.6,156.3,143.0,824.0,19.0,
235800,4.6,47.6,156.3,143.0,824.0,19.0,
236000,76.1,47.6,156.3,150.0,664.0,30.0,
236100,65.7,47.6,156.3,163.0,791.0,22.0,
236200,54.4,47.6,156.3,138.0,660.0,13.0,
236300,96.3,47.6,156.3,138.0,660.0,13.0,
236400,110.2,47.6,156.3,159.0,756.0,28.0,
236500,91.0,47.6,156.3,143.0,759.0,17.0,
236600,30.0,47.6,156.3,147.0,787.0,19.0,
236700,124.2,47.6,156.3,147.0,787.0,19.0,
236800,9.9,47.6,156.3,147.0,787.0,19.0,
237000,3.3,47.6,156.3,147.0,787.0,19.0,
237100,2.6,47.6,156.3,147.0,787.0,19.0,
237200,2.6,47.6,156.3,147.0,787.0,19.0,
237300,3.1,47.6,156.3,147.0,787.0,19.0,
237400,2.6,47.6,156.3,147.0,787.0,19.0,
237500,3.8,47.6,156.3,147.0,787.0,19.0,
237600,70.8,47.6,156.3,147.0,787.0,19.0,
237700,76.5,47.6,156.3,147.0,787.0,19.0,
237800,74.8,47.6,156.3,147.0,787.0,19.0,
238000,111.1,47.6,156.3,147.0,769.0,12.0,
238100,93.6,47.6,156.3,135.0,785.0,17.0,
238200,32.9,47.6,156.3,134.0,715.0,26.0,
238300,7.0,47.6,156.3,134.0,715.0,26.0,
238400,41.1,47.6,156.3,134.0,715.0,26.0,
238500,11.7,47.6,156.3,134.0,715.0,26.0,
238600,2.5,47.6,156.3,134.0,715.0,26.0,
238700,2.2,47.6,156.3,134.0,715.0,26.0,
238800,2.4,47.6,156.3,134.0,715.0,26.0,
239000,3.2,47.6,156.3,134.0,715.0,26.0,
239100,3.6,47.6,156.3,134.0,715.0,26.0,
239200,32.9,47.6,156.3,134.0,715.0,26.0,
239300,97.7,47.6,156.3,134.0,715.0,26.0,
239400,108.8,47.6,156.3,198.0,767.0,30.0,
239500,88.3,47.6,156.3,181.0,814.0,9.0,
239600,66.9,47.6,156.3,181.0,593.0,8.0,
239700,76.4,47.6,156.3,169.0,579.0,20.0,
239800,39.0,47.6,156.3,169.0,579.0,20.0,
240000,3.3,47.6,156.3,169.0,579.0,20.0,
240100,3.1,47.6,156.3,169.0,579.0,20.0,
240200,3.3,47.6,156.3,169.0,579.0,20.0,
240300,2.8,47.6,156.3,169.0,579.0,20.0,
240400,2.5,47.6,156.3,169.0,579.0,20.0,
240500,4.1,47.6,156.3,169.0,579.0,20.0,
240600,5.5,47.6,156.3,169.0,579.0,20.0,
240700,2.3,47.6,156.3,169.0,579.0,20.0,
240800,45.8,47.6,156.3,169.0,579.0,20.0,
241000,110.3,47.6,156.3,137.0,841.0,20.0,
241100,97.5,47.6,156.3,138.0,720.0,23.0,
241200,74.3,47.6,156.3,131.0,745.0,19.0,
241300,57.9,47.6,156.3,131.0,745.0,19.0,
241400,56.8,47.6,156.3,131.0,745.0,19.0,
241500,5.5,47.6,156.3,131.0,745.0,19.0,
241600,2.5,47.6,156.3,131.0,745.0,19.0,
241700,2.7,47.6,156.3,131.0,745.0,19.0,
241800,2.2,47.6,156.3,131.0,745.0,19.0,
242000,2.6,47.6,156.3,131.0,745.0,19.0,
242100,2.8,47.6,156.3,131.0,745.0,19.0,
242200,2.4,47.6,156.3,131.0,745.0,19.0,
242300,2.7,47.6,156.3,131.0,745.0,19.0,
242400,67.9,47.6,156.3,131.0,745.0,19.0,
242500,93.0,47.6,156.3,118.0,845.0,28.0,
242600,65.8,47.6,156.3,116.0,810.0,28.0,
242700,52.1,47.6,156.3,116.0,768.0,20.0,
242800,89.2,47.6,156.3,116.0,768.0,20.0,
243000,90.7,47.6,156.3,145.0,841.0,22.0,
243100,6.9,47.6,156.3,146.0,902.0,23.0,
243200,2.6,47.6,156.3,146.0,902.0,23.0,
243300,2.3,47.6,156.3,146.0,902.0,23.0,
243400,2.4,47.6,156.3,146.0,902.0,23.0,
243500,2.1,47.6,156.3,146.0,902.0,23.0,
243600,2.5,47.6,156.3,146.0,902.0,23.0,
243700,2.0,47.6,156.3,146.0,902.0,23.0,
243800,1.7,47.6,156.3,146.0,902.0,23.0,
244000,45.0,47.6,156.3,146.0,902.0,23.0,
244100,88.7,47.6,156.3,105.0,765.0,25.0,
244200,72.9,47.6,156.3,100.0,705.0,30.0,
244300,58.8,47.6,156.3,100.0,705.0,30.0,
244400,56.3,47.6,156.3,100.0,705.0,30.0,
244500,108.7,47.6,156.3,107.0,737.0,30.0,
244600,92.8,47.6,156.3,101.0,734.0,25.0,
244700,6.7,47.6,156.3,101.0,734.0,25.0,
244800,2.4,47.6,156.3,101.0,734.0,25.0,
245000,2.2,47.6,156.3,101.0,734.0,25.0,
245100,3.2,47.6,156.3,101.0,734.0,25.0,
245200,2.5,47.6,156.3,101.0,734.0,25.0,
245300,2.1,47.6,156.3,101.0,734.0,25.0,
245400,2.4,47.6,156.3,101.0,734.0,25.0,
245500,2.1,47.6,156.3,101.0,734.0,25.0,
245600,1.9,47.6,156.3,101.0,734.0,25.0,
245700,52.0,47.6,156.3,100.0,739.0,26.0,
245800,75.1,47.6,156.3,100.0,714.0,30.0,
246000,76.8,47.6,156.3,110.0,774.0,27.0,
246100,66.7,47.6,156.3,106.0,744.0,29.0,
246200,96.9,47.6,156.3,104.0,737.0,27.0,
246300,7.8,47.6,156.3,96.0,714.0,26.0,
246400,2.4,47.6,156.3,96.0,714.0,26.0,
246500,2.5,47.6,156.3,96.0,714.0,26.0,
246600,2.2,47.6,156.3,96.0,714.0,26.0,
246700,1.9,47.6,156.3,96.0,714.0,26.0,
246800,2.3,47.6,156.3,96.0,714.0,26.0,
246900,2.3,140.1,230.5,96.0,714.0,26.0,
247000,2.0,140.1,230.5,96.0,714.0,26.0,
247100,2.0,140.1,230.5,96.0,714.0,26.0,
247200,2.3,140.1,230.5,96.0,714.0,26.0,
247300,57.7,140.1,230.5,96.0,679.0,24.0,
247400,43.8,140.1,230.5,96.0,679.0,24.0,
247500,94.4,140.1,230.5,96.0,679.0,24.0,
247600,99.8,140.1,230.5,101.0,753.0,23.0,
247700,79.4,140.1,230.5,102.0,697.0,30.0,
247800,61.0,140.1,230.5,101.0,724.0,28.0,
248000,2.4,140.1,230.5,101.0,724.0,28.0,
248100,2.0,140.1,230.5,101.0,724.0,28.0,
248200,1.9,140.1,230.5,101.0,724.0,28.0,
248300,2.6,140.1,230.5,101.0,724.0,28.0,
248400,2.6,140.1,230.5,101.0,724.0,28.0,
248500,2.1,140.1,230.5,101.0,724.0,28.0,
248600,3.3,140.1,230.5,101.0,724.0,28.0,
248700,2.3,140.1,230.5,101.0,724.0,28.0,
248800,1.7,140.1,230.5,101.0,724.0,28.0,
248900,69.8,47.8,199.2,101.0,724.0,28.0,
249000,65.6,47.8,199.2,101.0,724.0,28.0,
249100,68.6,47.8,199.2,117.0,785.0,29.0,
249200,115.2,47.8,199.2,115.0,838.0,29.0,
249300,97.0,47.8,199.2,115.0,813.0,30.0,
249400,75.9,47.8,199.2,114.0,705.0,30.0,
249500,11.3,47.8,199.2,114.0,705.0,30.0,
249600,2.3,47.8,199.2,114.0,705.0,30.0,
249700,2.2,47.8,199.2,114.0,705.0,30.0,
249800,65.1,47.8,199.2,114.0,705.0,30.0,
249900,6.4,167.0,195.3,114.0,705.0,30.0,
250000,2.0,167.0,195.3,114.0,705.0,30.0,
250100,2.3,167.0,195.3,114.0,705.0,30.0,
250200,2.1,167.0,195.3,114.0,705.0,30.0,
250300,2.3,167.0,195.3,114.0,705.0,30.0,
250400,2.4,167.0,195.3,114.0,705.0,30.0,
250500,70.7,167.0,195.3,114.0,705.0,30.0,
250600,99.7,167.0,195.3,114.0,705.0,30.0,
250700,94.1,167.0,195.3,114.0,810.0,29.0,
250800,74.4,167.0,195.3,114.0,839.0,30.0,
251000,81.1,167.0,195.3,111.0,796.0,28.0,
251100,13.9,167.0,195.3,111.0,796.0,28.0,
251200,2.5,167.0,195.3,111.0,796.0,28.0,
251300,1.5,167.0,195.3,111.0,796.0,28.0,
251400,1.9,167.0,195.3,111.0,796.0,28.0,
251500,2.0,167.0,195.3,111.0,796.0,28.0,
251600,2.0,167.0,195.3,111.0,796.0,28.0,
251700,2.3,167.0,195.3,111.0,796.0,28.0,
251800,2.3,167.0,195.3,111.0,796.0,28.0,
252000,2.3,167.0,195.3,111.0,796.0,28.0,
252100,55.8,167.0,195.3,111.0,796.0,28.0,
252200,115.2,167.0,195.3,117.0,837.0,29.0,
252300,108.0,167.0,195.3,115.0,800.0,30.0,
252400,83.3,167.0,195.3,116.0,782.0,29.0,
252500,61.1,167.0,195.3,110.0,767.0,25.0,
252600,50.5,167.0,195.3,110.0,767.0,25.0,
252700,19.7,167.0,195.3,110.0,767.0,25.0,
252800,3.3,167.0,195.3,110.0,767.0,25.0,
252900,2.5,172.9,187.5,110.0,767.0,25.0,
253000,2.5,172.9,187.5,110.0,767.0,25.0,
253100,2.8,172.9,187.5,110.0,767.0,25.0,
253200,2.4,172.9,187.5,110.0,767.0,25.0,
253300,2.5,172.9,187.5,110.0,767.0,25.0,
253400,2.1,172.9,187.5,110.0,767.0,25.0,
253500,2.2,172.9,187.5,110.0,767.0,25.0,
253600,2.3,172.9,187.5,110.0,767.0,25.0,
253700,82.2,172.9,187.5,117.0,812.0,29.0,
253800,78.6,172.9,187.5,114.0,820.0,30.0,
254000,84.3,172.9,187.5,113.0,832.0,28.0,
254100,72.9,172.9,187.5,113.0,832.0,28.0,
254200,75.2,172.9,187.5,113.0,832.0,28.0,
254300,27.4,172.9,187.5,114.0,856.0,27.0,
254400,3.6,172.9,187.5,114.0,856.0,27.0,
254500,2.3,172.9,187.5,114.0,856.0,27.0,
254600,2.0,172.9,187.5,114.0,856.0,27.0,
254700,2.2,172.9,187.5,114.0,856.0,27.0,
254800,2.4,172.9,187.5,114.0,856.0,27.0,
255000,2.4,172.9,187.5,114.0,856.0,27.0,
255100,2.0,172.9,187.5,114.0,856.0,27.0,
255200,1.9,172.9,187.5,114.0,856.0,27.0,
255300,94.1,172.9,187.5,116.0,752.0,28.0,
255400,90.4,172.9,187.5,110.0,751.0,27.0,
255500,65.6,172.9,187.5,108.0,785.0,23.0,
255600,50.3,172.9,187.5,108.0,785.0,23.0,
255700,99.1,172.9,187.5,108.0,785.0,23.0,
255800,104.8,172.9,187.5,114.0,820.0,30.0,
256000,3.5,172.9,187.5,114.0,820.0,30.0,
256100,1.8,172.9,187.5,114.0,820.0,30.0,
256200,1.9,172.9,187.5,114.0,820.0,30.0,
256300,1.9,172.9,187.5,114.0,820.0,30.0,
256400,1.5,172.9,187.5,114.0,820.0,30.0,
256500,47.4,172.9,187.5,114.0,820.0,30.0,
256600,12.0,172.9,187.5,114.0,820.0,30.0,
256700,2.3,172.9,187.5,114.0,820.0,30.0,
256800,1.8,172.9,187.5,114.0,820.0,30.0,
256900,34.4,51.8,222.7,114.0,820.0,30.0,
257000,78.7,51.8,222.7,104.0,729.0,29.0,
257100,72.4,51.8,222.7,104.0,729.0,29.0,
257200,79.8,51.8,222.7,115.0,804.0,30.0,
257300,66.2,51.8,222.7,103.0,761.0,30.0,
257400,96.3,51.8,222.7,110.0,760.0,27.0,
257500,38.2,51.8,222.7,100.0,722.0,23.0,
257600,4.1,51.8,222.7,100.0,722.0,23.0,
257700,1.9,51.8,222.7,100.0,722.0,23.0,
257800,2.4,51.8,222.7,100.0,722.0,23.0,
258000,2.4,51.8,222.7,100.0,722.0,23.0,
258100,2.0,51.8,222.7,100.0,722.0,23.0,
258200,1.7,51.8,222.7,100.0,722.0,23.0,
258300,2.7,51.8,222.7,100.0,722.0,23.0,
258400,2.1,51.8,222.7,100.0,722.0,23.0,
258500,28.5,51.8,222.7,100.0,722.0,23.0,
258600,50.1,51.8,222.7,100.0,722.0,23.0,
258700,98.9,51.8,222.7,91.0,669.0,28.0,
258800,82.5,51.8,222.7,89.0,607.0,29.0,
259000,44.6,51.8,222.7,89.0,607.0,29.0,
259100,35.6,51.8,222.7,89.0,607.0,29.0,
259200,4.3,51.8,222.7,89.0,607.0,29.0,
259300,2.2,51.8,222.7,89.0,607.0,29.0,
259400,2.0,51.8,222.7,89.0,607.0,29.0,
259500,2.7,51.8,222.7,89.0,607.0,29.0,
259600,2.4,51.8,222.7,89.0,607.0,29.0,
259700,2.5,51.8,222.7,89.0,607.0,29.0,
259800,2.8,51.8,222.7,89.0,607.0,29.0,
259900,2.0,52.3,226.6,89.0,607.0,29.0,
260000,2.1,52.3,226.6,89.0,607.0,29.0,
260100,51.3,52.3,226.6,89.0,607.0,29.0,
260200,74.8,52.3,226.6,92.0,679.0,25.0,
260300,57.7,52.3,226.6,95.0,670.0,30.0,
260400,76.8,52.3,226.6,90.0,651.0,26.0,
260500,66.0,52.3,226.6,90.0,651.0,26.0,
260600,56.3,52.3,226.6,90.0,651.0,26.0,
260700,63.3,52.3,226.6,95.0,691.0,29.0,
260800,4.6,52.3,226.6,95.0,691.0,29.0,
260900,2.5,160.0,226.6,95.0,691.0,29.0,
261000,2.5,160.0,226.6,95.0,691.0,29.0,
261100,2.1,160.0,226.6,95.0,691.0,29.0,
261200,2.1,160.0,226.6,95.0,691.0,29.0,
261300,2.4,160.0,226.6,95.0,691.0,29.0,
261400,2.7,160.0,226.6,95.0,691.0,29.0,
261500,2.1,160.0,226.6,95.0,691.0,29.0,
261600,2.3,160.0,226.6,95.0,691.0,29.0,
261700,49.7,160.0,226.6,95.0,691.0,29.0,
261800,80.4,160.0,226.6,85.0,609.0,29.0,
262000,46.5,160.0,226.6,85.0,609.0,29.0,
262100,63.5,160.0,226.6,85.0,609.0,29.0,
262200,92.0,160.0,226.6,88.0,645.0,25.0,
262300,82.3,160.0,226.6,90.0,635.0,28.0,
262400,6.0,160.0,226.6,90.0,635.0,28.0,
262500,2.7,160.0,226.6,90.0,635.0,28.0,
262600,2.8,160.0,226.6,90.0,635.0,28.0,
262700,2.3,160.0,226.6,90.0,635.0,28.0,
262800,2.7,160.0,226.6,90.0,635.0,28.0,
263000,2.9,160.0,226.6,90.0,635.0,28.0,
263100,2.2,160.0,226.6,90.0,635.0,28.0,
263200,1.8,160.0,226.6,90.0,635.0,28.0,
263300,1.9,160.0,226.6,90.0,635.0,28.0,
263400,63.5,160.0,226.6,88.0,580.0,26.0,
263500,60.1,160.0,226.6,88.0,580.0,26.0,
263600,64.1,160.0,226.6,88.0,580.0,26.0,
263700,66.2,160.0,226.6,93.0,659.0,29.0,
263800,54.5,160.0,226.6,88.0,656.0,30.0,
264000,6.3,160.0,226.6,88.0,656.0,30.0,
264100,2.0,160.0,226.6,88.0,656.0,30.0,
264200,2.2,160.0,226.6,88.0,656.0,30.0,
264300,1.7,160.0,226.6,88.0,656.0,30.0,
264400,2.3,160.0,226.6,88.0,656.0,30.0,
264500,2.5,160.0,226.6,88.0,656.0,30.0,
264600,2.6,160.0,226.6,88.0,656.0,30.0,
264700,2.2,160.0,226.6,88.0,656.0,30.0,
264800,2.7,160.0,226.6,88.0,656.0,30.0,
265000,42.0,160.0,226.6,88.0,656.0,30.0,
265100,66.1,160.0,226.6,88.0,656.0,30.0,
265200,91.9,160.0,226.6,98.0,658.0,30.0,
265300,82.5,160.0,226.6,84.0,597.0,26.0,
265400,61.3,160.0,226.6,89.0,605.0,24.0,
265500,45.0,160.0,226.6,80.0,623.0,22.0,
265600,6.8,160.0,226.6,80.0,623.0,22.0,
265700,2.0,160.0,226.6,80.0,623.0,22.0,
265800,2.0,160.0,226.6,80.0,623.0,22.0,
266000,1.6,160.0,226.6,80.0,623.0,22.0,
266100,1.9,160.0,226.6,80.0,623.0,22.0,
266200,15.1,160.0,226.6,80.0,623.0,22.0,
266300,2.6,160.0,226.6,80.0,623.0,22.0,
266400,2.7,160.0,226.6,80.0,623.0,22.0,
266500,1.9,160.0,226.6,80.0,623.0,22.0,
266600,64.0,160.0,226.6,80.0,623.0,22.0,
266700,65.6,160.0,226.6,87.0,569.0,29.0,
266800,54.2,160.0,226.6,84.0,657.0,29.0,
267000,59.2,160.0,226.6,84.0,657.0,29.0,
267100,52.8,160.0,226.6,84.0,657.0,29.0,
267200,8.7,160.0,226.6,84.0,657.0,29.0,
267300,2.4,160.0,226.6,84.0,657.0,29.0,
267400,2.0,160.0,226.6,84.0,657.0,29.0,
267500,1.9,160.0,226.6,84.0,657.0,29.0,
267600,2.5,160.0,226.6,84.0,657.0,29.0,
267700,2.2,160.0,226.6,84.0,657.0,29.0,
267800,1.9,160.0,226.6,84.0,657.0,29.0,
268000,2.6,160.0,226.6,84.0,657.0,29.0,
268100,2.0,160.0,226.6,84.0,657.0,29.0,
268200,89.8,160.0,226.6,87.0,624.0,29.0,
268300,80.0,160.0,226.6,82.0,610.0,24.0,
268400,57.9,160.0,226.6,111.0,631.0,30.0,
268500,48.5,160.0,226.6,111.0,631.0,30.0,
268600,83.9,160.0,226.6,111.0,631.0,30.0,
268700,85.5,160.0,226.6,88.0,662.0,29.0,
268800,13.7,160.0,226.6,85.0,618.0,26.0,
268900,2.7,164.2,234.4,85.0,618.0,26.0,
269000,2.0,164.2,234.4,85.0,618.0,26.0,
269100,2.1,164.2,234.4,85.0,618.0,26.0,
269200,2.3,164.2,234.4,85.0,618.0,26.0,
269300,1.7,164.2,234.4,85.0,618.0,26.0,
269400,2.8,164.2,234.4,85.0,618.0,26.0,
269500,2.0,164.2,234.4,85.0,618.0,26.0,
269600,1.9,164.2,234.4,85.0,618.0,26.0,
269700,1.8,164.2,234.4,85.0,618.0,26.0,
269800,46.9,164.2,234.4,85.0,645.0,27.0,
270000,59.8,164.2,234.4,85.0,645.0,27.0,
270100,62.8,164.2,234.4,85.0,645.0,27.0,
270200,60.6,164.2,234.4,100.0,688.0,29.0,
270300,95.5,164.2,234.4,95.0,667.0,25.0,
270400,16.8,164.2,234.4,83.0,635.0,23.0,
270500,2.6,164.2,234.4,83.0,635.0,23.0,
270600,2.3,164.2,234.4,83.0,635.0,23.0,
270700,2.2,164.2,234.4,83.0,635.0,23.0,
270800,1.7,164.2,234.4,83.0,635.0,23.0,
270900,2.2,140.7,218.8,83.0,635.0,23.0,
271000,2.4,140.7,218.8,83.0,635.0,23.0,
271100,2.1,140.7,218.8,83.0,635.0,23.0,
271200,3.1,140.7,218.8,83.0,635.0,23.0,
271300,2.2,140.7,218.8,83.0,635.0,23.0,
271400,52.8,140.7,218.8,88.0,606.0,21.0,
271500,46.2,140.7,218.8,88.0,606.0,21.0,
271600,66.7,140.7,218.8,88.0,606.0,21.0,
271700,87.7,140.7,218.8,95.0,699.0,30.0,
271800,82.2,140.7,218.8,93.0,689.0,28.0,
272000,19.8,140.7,218.8,88.0,659.0,29.0,
272100,2.7,140.7,218.8,88.0,659.0,29.0,
272200,1.8,140.7,218.8,88.0,659.0,29.0,
272300,1.6,140.7,218.8,88.0,659.0,29.0,
272400,1.9,140.7,218.8,88.0,659.0,29.0,
272500,2.2,140.7,218.8,88.0,659.0,29.0,
272600,2.2,140.7,218.8,88.0,659.0,29.0,
272700,1.9,140.7,218.8,88.0,659.0,29.0,
272800,6.4,140.7,218.8,88.0,659.0,29.0,
272900,1.7,53.4,250.0,88.0,659.0,29.0,
273000,59.4,53.4,250.0,88.0,659.0,29.0,
273100,54.7,53.4,250.0,88.0,659.0,29.0,
273200,51.2,53.4,250.0,88.0,659.0,29.0,
273300,96.6,53.4,250.0,92.0,655.0,26.0,
273400,94.9,53.4,250.0,90.0,662.0,29.0,
273500,72.1,53.4,250.0,88.0,659.0,29.0,
273600,23.9,53.4,250.0,88.0,614.0,29.0,
273700,3.6,53.4,250.0,88.0,614.0,29.0,
273800,1.9,53.4,250.0,88.0,614.0,29.0,
274000,2.0,53.4,250.0,88.0,614.0,29.0,
274100,1.9,53.4,250.0,88.0,614.0,29.0,
274200,2.9,53.4,250.0,88.0,614.0,29.0,
274300,2.4,53.4,250.0,88.0,614.0,29.0,
274400,2.3,53.4,250.0,88.0,614.0,29.0,
274500,2.9,53.4,250.0,88.0,614.0,29.0,
274600,45.4,53.4,250.0,88.0,614.0,29.0,
274700,75.6,53.4,250.0,88.0,614.0,29.0,
274800,83.3,53.4,250.0,98.0,719.0,30.0,
275000,85.1,53.4,250.0,93.0,687.0,26.0,
275100,78.1,53.4,250.0,97.0,667.0,27.0,
275200,29.2,53.4,250.0,97.0,667.0,27.0,
275300,3.6,53.4,250.0,97.0,667.0,27.0,
275400,2.3,53.4,250.0,97.0,667.0,27.0,
275500,2.1,53.4,250.0,97.0,667.0,27.0,
275600,1.8,53.4,250.0,97.0,667.0,27.0,
275700,2.4,53.4,250.0,97.0,667.0,27.0,
275800,1.8,53.4,250.0,97.0,667.0,27.0,
276000,3.0,53.4,250.0,97.0,667.0,27.0,
276100,2.1,53.4,250.0,97.0,667.0,27.0,
276200,35.9,53.4,250.0,97.0,667.0,27.0,
276300,98.4,53.4,250.0,90.0,689.0,29.0,
276400,97.8,53.4,250.0,94.0,704.0,29.0,
276500,77.1,53.4,250.0,92.0,689.0,30.0,
276600,58.1,53.4,250.0,92.0,689.0,30.0,
276700,43.7,53.4,250.0,92.0,689.0,30.0,
276800,41.8,53.4,250.0,102.0,674.0,27.0,
277000,2.8,53.4,250.0,102.0,674.0,27.0,
277100,2.5,53.4,250.0,102.0,674.0,27.0,
277200,2.8,53.4,250.0,102.0,674.0,27.0,
277300,1.8,53.4,250.0,102.0,674.0,27.0,
277400,1.8,53.4,250.0,102.0,674.0,27.0,
277500,2.7,53.4,250.0,102.0,674.0,27.0,
277600,2.0,53.4,250.0,102.0,674.0,27.0,
277700,2.5,53.4,250.0,102.0,674.0,27.0,
277800,53.8,53.4,250.0,102.0,674.0,27.0,
278000,50.5,53.4,250.0,98.0,675.0,30.0,
278100,72.1,53.4,250.0,95.0,639.0,24.0,
278200,67.1,53.4,250.0,95.0,639.0,24.0,
278300,72.4,53.4,250.0,97.0,716.0,23.0,
278400,63.4,53.4,250.0,94.0,684.0,29.0,
278500,5.0,53.4,250.0,96.0,687.0,29.0,
278600,2.3,53.4,250.0,96.0,687.0,29.0,
278700,2.7,53.4,250.0,96.0,687.0,29.0,
278800,2.0,53.4,250.0,96.0,687.0,29.0,
278900,2.3,141.6,257.8,96.0,687.0,29.0,
279000,2.3,141.6,257.8,96.0,687.0,29.0,
279100,2.6,141.6,257.8,96.0,687.0,29.0,
279200,2.0,141.6,257.8,96.0,687.0,29.0,
279300,2.3,141.6,257.8,96.0,687.0,29.0,
279400,49.5,141.6,257.8,96.0,687.0,29.0,
279500,70.2,141.6,257.8,89.0,663.0,27.0,
279600,52.4,141.6,257.8,89.0,663.0,27.0,
279700,47.8,141.6,257.8,89.0,663.0,27.0,
279800,99.2,141.6,257.8,93.0,693.0,27.0,
280000,70.6,141.6,257.8,93.0,667.0,30.0,
280100,5.2,141.6,257.8,93.0,667.0,30.0,
280200,2.5,141.6,257.8,93.0,667.0,30.0,
280300,2.0,141.6,257.8,93.0,667.0,30.0,
280400,2.4,141.6,257.8,93.0,667.0,30.0,
280500,2.3,141.6,257.8,93.0,667.0,30.0,
280600,2.3,141.6,257.8,93.0,667.0,30.0,
280700,2.2,141.6,257.8,93.0,667.0,30.0,
280800,2.4,141.6,257.8,93.0,667.0,30.0,
281000,2.0,141.6,257.8,93.0,667.0,30.0,
281100,62.3,141.6,257.8,93.0,667.0,30.0,
281200,78.7,141.6,257.8,93.0,667.0,30.0,
281300,76.2,141.6,257.8,95.0,715.0,22.0,
281400,62.3,141.6,257.8,100.0,642.0,29.0,
281500,82.0,141.6,257.8,89.0,649.0,29.0,
281600,68.4,141.6,257.8,89.0,649.0,29.0,
281700,6.0,141.6,257.8,89.0,649.0,29.0,
281800,2.2,141.6,257.8,89.0,649.0,29.0,
282000,2.4,141.6,257.8,89.0,649.0,29.0,
282100,2.1,141.6,257.8,89.0,649.0,29.0,
282200,1.7,141.6,257.8,89.0,649.0,29.0,
282300,2.7,141.6,257.8,89.0,649.0,29.0,
282400,2.6,141.6,257.8,89.0,649.0,29.0,
282500,2.3,141.6,257.8,89.0,649.0,29.0,
282600,3.3,141.6,257.8,89.0,649.0,29.0,
282700,51.0,141.6,257.8,89.0,649.0,29.0,
282800,101.6,141.6,257.8,89.0,700.0,30.0,
283000,70.0,141.6,257.8,90.0,646.0,29.0,
283100,48.2,141.6,257.8,90.0,646.0,29.0,
283200,61.1,141.6,257.8,90.0,646.0,29.0,
283300,7.5,141.6,257.8,90.0,646.0,29.0,
283400,2.9,141.6,257.8,90.0,646.0,29.0,
283500,3.7,141.6,257.8,90.0,646.0,29.0,
283600,2.2,141.6,257.8,90.0,646.0,29.0,
283700,1.8,141.6,257.8,90.0,646.0,29.0,
283800,2.6,141.6,257.8,90.0,646.0,29.0,
284000,1.9,141.6,257.8,90.0,646.0,29.0,
284100,2.3,141.6,257.8,90.0,646.0,29.0,
284200,2.4,141.6,257.8,90.0,646.0,29.0,
284300,71.6,141.6,257.8,89.0,691.0,29.0,
284400,62.8,141.6,257.8,86.0,669.0,29.0,
284500,76.6,141.6,257.8,86.0,628.0,27.0,
284600,67.2,141.6,257.8,86.0,628.0,27.0,
284700,59.4,141.6,257.8,86.0,628.0,27.0,
284800,65.2,141.6,257.8,96.0,680.0,29.0,
285000,3.3,141.6,257.8,96.0,680.0,29.0,
285100,2.7,141.6,257.8,96.0,680.0,29.0,
285200,2.9,141.6,257.8,96.0,680.0,29.0,
285300,2.1,141.6,257.8,96.0,680.0,29.0,
285400,2.2,141.6,257.8,96.0,680.0,29.0,
285500,2.1,141.6,257.8,96.0,680.0,29.0,
285600,2.5,141.6,257.8,96.0,680.0,29.0,
285700,2.1,141.6,257.8,96.0,680.0,29.0,
285800,2.4,141.6,257.8,96.0,680.0,29.0,
286000,69.4,141.6,257.8,88.0,622.0,25.0,
286100,49.1,141.6,257.8,88.0,622.0,25.0,
286200,58.9,141.6,257.8,88.0,622.0,25.0,
286300,95.0,141.6,257.8,86.0,695.0,21.0,
286400,87.0,141.6,257.8,86.0,692.0,29.0,
286500,12.9,141.6,257.8,89.0,662.0,28.0,
286600,2.9,141.6,257.8,89.0,662.0,28.0,
286700,2.0,141.6,257.8,89.0,662.0,28.0,
286800,3.3,141.6,257.8,89.0,662.0,28.0,
287000,2.8,141.6,257.8,89.0,662.0,28.0,
287100,2.4,141.6,257.8,89.0,662.0,28.0,
287200,2.7,141.6,257.8,89.0,662.0,28.0,
287300,1.6,141.6,257.8,89.0,662.0,28.0,
287400,2.4,141.6,257.8,89.0,662.0,28.0,
287500,64.6,141.6,257.8,89.0,662.0,28.0,
287600,63.0,141.6,257.8,89.0,662.0,28.0,
287700,59.6,141.6,257.8,89.0,662.0,28.0,
287800,65.3,141.6,257.8,89.0,669.0,28.0,
288000,85.9,141.6,257.8,88.0,640.0,27.0,
288100,14.3,141.6,257.8,90.0,607.0,25.0,
288200,2.8,141.6,257.8,90.0,607.0,25.0,
288300,15.1,141.6,257.8,90.0,607.0,25.0,
288400,3.8,141.6,257.8,90.0,607.0,25.0,
288500,1.8,141.6,257.8,90.0,607.0,25.0,
288600,3.2,141.6,257.8,90.0,607.0,25.0,
288700,2.8,141.6,257.8,90.0,607.0,25.0,
288800,2.9,141.6,257.8,90.0,607.0,25.0,
289000,2.0,141.6,257.8,90.0,607.0,25.0,
289100,38.3,141.6,257.8,90.0,607.0,25.0,
289200,45.5,141.6,257.8,90.0,607.0,25.0,
289300,97.5,141.6,257.8,91.0,659.0,30.0,
289400,84.1,141.6,257.8,91.0,670.0,27.0,
289500,65.9,141.6,257.8,85.0,646.0,29.0,
289600,47.6,141.6,257.8,85.0,646.0,29.0,
289700,14.2,141.6,257.8,85.0,646.0,29.0,
289800,3.2,141.6,257.8,85.0,646.0,29.0,
289900,2.4,154.0,253.9,85.0,646.0,29.0,
290000,1.9,154.0,253.9,85.0,646.0,29.0,
290100,2.6,154.0,253.9,85.0,646.0,29.0,
290200,2.2,154.0,253.9,85.0,646.0,29.0,
290300,3.6,154.0,253.9,85.0,646.0,29.0,
290400,2.9,154.0,253.9,85.0,646.0,29.0,
290500,3.1,154.0,253.9,85.0,646.0,29.0,
290600,2.7,154.0,253.9,85.0,646.0,29.0,
290700,71.8,154.0,253.9,85.0,646.0,29.0,
290800,74.7,154.0,253.9,100.0,692.0,30.0,
291000,79.1,154.0,253.9,90.0,640.0,29.0,
291100,66.3,154.0,253.9,90.0,640.0,29.0,
291200,82.4,154.0,253.9,90.0,640.0,29.0,
291300,26.1,154.0,253.9,100.0,736.0,29.0,
291400,3.9,154.0,253.9,100.0,736.0,29.0,
291500,3.3,154.0,253.9,100.0,736.0,29.0,
291600,2.4,154.0,253.9,100.0,736.0,29.0,
291700,2.2,154.0,253.9,100.0,736.0,29.0,
291800,2.4,154.0,253.9,100.0,736.0,29.0,
292000,2.1,154.0,253.9,100.0,736.0,29.0,
292100,1.9,154.0,253.9,100.0,736.0,29.0,
292200,2.1,154.0,253.9,100.0,736.0,29.0,
292300,84.9,154.0,253.9,96.0,703.0,29.0,
292400,86.6,154.0,253.9,98.0,700.0,29.0,
292500,66.7,154.0,253.9,92.0,689.0,29.0,
292600,49.6,154.0,253.9,92.0,689.0,29.0,
292700,76.8,154.0,253.9,92.0,689.0,29.0,
292800,97.2,154.0,253.9,104.0,737.0,30.0,
293000,3.4,154.0,253.9,104.0,737.0,30.0,
293100,2.4,154.0,253.9,104.0,737.0,30.0,
293200,2.5,154.0,253.9,104.0,737.0,30.0,
293300,2.7,154.0,253.9,104.0,737.0,30.0,
293400,2.8,154.0,253.9,104.0,737.0,30.0,
293500,2.2,154.0,253.9,104.0,737.0,30.0,
293600,2.2,154.0,253.9,104.0,737.0,30.0,
293700,2.9,154.0,253.9,104.0,737.0,30.0,
293800,2.8,154.0,253.9,104.0,737.0,30.0,
293900,39.4,47.5,207.0,104.0,737.0,30.0,
294000,91.3,47.5,207.0,104.0,716.0,27.0,
294100,79.1,47.5,207.0,104.0,720.0,29.0,
294200,64.3,47.5,207.0,104.0,720.0,29.0,
294300,66.7,47.5,207.0,104.0,720.0,29.0,
294400,109.8,47.5,207.0,113.0,797.0,30.0,
294500,48.0,47.5,207.0,110.0,769.0,28.0,
294600,4.6,47.5,207.0,110.0,769.0,28.0,
294700,2.2,47.5,207.0,110.0,769.0,28.0,
294800,2.0,47.5,207.0,110.0,769.0,28.0,
295000,2.2,47.5,207.0,110.0,769.0,28.0,
295100,2.1,47.5,207.0,110.0,769.0,28.0,
295200,2.7,47.5,207.0,110.0,769.0,28.0,
295300,2.3,47.5,207.0,110.0,769.0,28.0,
295400,2.2,47.5,207.0,110.0,769.0,28.0,
295500,46.3,47.5,207.0,110.0,769.0,28.0,
295600,54.0,47.5,207.0,94.0,722.0,29.0,
295700,66.5,47.5,207.0,94.0,722.0,29.0,
295800,97.3,47.5,207.0,94.0,722.0,29.0,
296000,70.6,47.5,207.0,107.0,696.0,25.0,
296100,54.2,47.5,207.0,98.0,754.0,30.0,
296200,4.5,47.5,207.0,98.0,754.0,30.0,
296300,2.2,47.5,207.0,98.0,754.0,30.0,
296400,2.8,47.5,207.0,98.0,754.0,30.0,
296500,2.0,47.5,207.0,98.0,754.0,30.0,
296600,21.2,47.5,207.0,98.0,754.0,30.0,
296700,4.0,47.5,207.0,98.0,754.0,30.0,
296800,2.5,47.5,207.0,98.0,754.0,30.0,
297000,2.8,47.5,207.0,98.0,754.0,30.0,
297100,41.4,47.5,207.0,98.0,754.0,30.0,
297200,67.6,47.5,207.0,98.0,754.0,30.0,
297300,70.9,47.5,207.0,112.0,770.0,30.0,
297400,100.1,47.5,207.0,103.0,714.0,30.0,
297500,94.0,47.5,207.0,101.0,721.0,30.0,
297600,73.0,47.5,207.0,102.0,711.0,29.0,
297700,55.9,47.5,207.0,102.0,711.0,29.0,
297800,5.0,47.5,207.0,102.0,711.0,29.0,
297900,2.9,163.9,250.0,102.0,711.0,29.0,
298000,2.1,163.9,250.0,102.0,711.0,29.0,
298100,1.8,163.9,250.0,102.0,711.0,29.0,
298200,2.5,163.9,250.0,102.0,711.0,29.0,
298300,2.3,163.9,250.0,102.0,711.0,29.0,
298400,2.0,163.9,250.0,102.0,711.0,29.0,
298500,2.3,163.9,250.0,102.0,711.0,29.0,
298600,3.2,163.9,250.0,102.0,711.0,29.0,
298700,45.9,163.9,250.0,102.0,711.0,29.0,
298800,99.8,163.9,250.0,104.0,713.0,29.0,
299000,63.0,163.9,250.0,96.0,673.0,24.0,
299100,46.7,163.9,250.0,96.0,673.0,24.0,
299200,77.8,163.9,250.0,96.0,673.0,24.0,
299300,87.6,163.9,250.0,102.0,726.0,30.0,
299400,6.8,163.9,250.0,95.0,728.0,26.0,
299500,3.0,163.9,250.0,95.0,728.0,26.0,
299600,1.7,163.9,250.0,95.0,728.0,26.0,
299700,2.8,163.9,250.0,95.0,728.0,26.0,
299800,3.0,163.9,250.0,95.0,728.0,26.0,
300000,2.3,163.9,250.0,95.0,728.0,26.0,
300100,1.9,163.9,250.0,95.0,728.0,26.0,
300200,1.8,163.9,250.0,95.0,728.0,26.0,
300300,2.0,163.9,250.0,95.0,728.0,26.0,
300400,51.4,163.9,250.0,93.0,678.0,28.0,
300500,76.9,163.9,250.0,92.0,658.0,28.0,
300600,62.7,163.9,250.0,92.0,658.0,28.0,
300700,61.2,163.9,250.0,92.0,658.0,28.0,
300800,57.9,163.9,250.0,102.0,697.0,28.0,
301000,8.0,163.9,250.0,95.0,693.0,30.0,
301100,1.9,163.9,250.0,95.0,693.0,30.0,
301200,1.8,163.9,250.0,95.0,693.0,30.0,
301300,2.0,163.9,250.0,95.0,693.0,30.0,
301400,1.8,163.9,250.0,95.0,693.0,30.0,
301500,2.5,163.9,250.0,95.0,693.0,30.0,
301600,2.3,163.9,250.0,95.0,693.0,30.0,
301700,2.3,163.9,250.0,95.0,693.0,30.0,
301800,2.2,163.9,250.0,95.0,693.0,30.0,
301900,2.4,44.4,246.1,95.0,693.0,30.0,
302000,50.6,44.4,246.1,95.0,693.0,30.0,
302100,43.4,44.4,246.1,95.0,693.0,30.0,
302200,97.2,44.4,246.1,99.0,709.0,29.0,
302300,90.1,44.4,246.1,99.0,676.0,26.0,
302400,73.1,44.4,246.1,93.0,687.0,30.0,
302500,55.4,44.4,246.1,92.0,696.0,26.0,
302600,8.2,44.4,246.1,92.0,696.0,26.0,
302700,3.4,44.4,246.1,92.0,696.0,26.0,
302800,1.9,44.4,246.1,92.0,696.0,26.0,
302900,2.3,161.3,257.8,92.0,696.0,26.0,
303000,2.4,161.3,257.8,92.0,696.0,26.0,
303100,2.4,161.3,257.8,92.0,696.0,26.0,
303200,2.2,161.3,257.8,92.0,696.0,26.0,
303300,2.6,161.3,257.8,92.0,696.0,26.0,
303400,2.2,161.3,257.8,92.0,696.0,26.0,
303500,2.1,161.3,257.8,92.0,696.0,26.0,
303600,60.0,161.3,257.8,92.0,696.0,26.0,
303700,68.4,161.3,257.8,92.0,696.0,26.0,
303800,59.8,161.3,257.8,97.0,671.0,25.0,
304000,76.2,161.3,257.8,89.0,647.0,24.0,
304100,55.9,161.3,257.8,89.0,647.0,24.0,
304200,8.8,161.3,257.8,89.0,647.0,24.0,
304300,2.5,161.3,257.8,89.0,647.0,24.0,
304400,1.9,161.3,257.8,89.0,647.0,24.0,
304500,2.2,161.3,257.8,89.0,647.0,24.0,
304600,1.9,161.3,257.8,89.0,647.0,24.0,
304700,2.1,161.3,257.8,89.0,647.0,24.0,
304800,2.0,161.3,257.8,89.0,647.0,24.0,
305000,2.0,161.3,257.8,89.0,647.0,24.0,
305100,3.2,161.3,257.8,89.0,647.0,24.0,
305200,81.8,161.3,257.8,89.0,647.0,24.0,
305300,90.4,161.3,257.8,92.0,740.0,28.0,
305400,77.4,161.3,257.8,94.0,659.0,25.0,
305500,58.9,161.3,257.8,90.0,644.0,30.0,
305600,77.9,161.3,257.8,91.0,657.0,28.0,
305700,72.8,161.3,257.8,327.0,1494.0,9.0,
305800,12.3,161.3,257.8,327.0,1494.0,9.0,
306000,2.5,161.3,257.8,327.0,1494.0,9.0,
306100,3.0,161.3,257.8,327.0,1494.0,9.0,
306200,2.4,161.3,257.8,327.0,1494.0,9.0,
306300,2.8,161.3,257.8,327.0,1494.0,9.0,
306400,1.8,161.3,257.8,327.0,1494.0,9.0,
306500,1.7,161.3,257.8,327.0,1494.0,9.0,
306600,2.0,161.3,257.8,327.0,1494.0,9.0,
306700,2.5,161.3,257.8,327.0,1494.0,9.0,
306800,48.6,161.3,257.8,97.0,642.0,30.0,
307000,88.5,161.3,257.8,87.0,629.0,24.0,
307100,63.9,161.3,257.8,83.0,586.0,27.0,
307200,49.6,161.3,257.8,83.0,586.0,27.0,
307300,59.0,161.3,257.8,83.0,586.0,27.0,
307400,15.3,161.3,257.8,83.0,586.0,27.0,
307500,2.7,161.3,257.8,83.0,586.0,27.0,
307600,2.0,161.3,257.8,83.0,586.0,27.0,
307700,2.4,161.3,257.8,83.0,586.0,27.0,
307800,2.8,161.3,257.8,83.0,586.0,27.0,
308000,2.5,161.3,257.8,83.0,586.0,27.0,
308100,3.5,161.3,257.8,83.0,586.0,27.0,
308200,2.1,161.3,257.8,83.0,586.0,27.0,
308300,1.8,161.3,257.8,83.0,586.0,27.0,
308400,69.5,161.3,257.8,98.0,684.0,30.0,
308500,66.5,161.3,257.8,92.0,660.0,30.0,
308600,81.7,161.3,257.8,91.0,631.0,28.0,
308700,74.8,161.3,257.8,91.0,626.0,27.0,
308800,58.1,161.3,257.8,91.0,626.0,27.0,
309000,24.2,161.3,257.8,94.0,664.0,27.0,
309100,3.0,161.3,257.8,94.0,664.0,27.0,
309200,1.9,161.3,257.8,94.0,664.0,27.0,
309300,1.9,161.3,257.8,94.0,664.0,27.0,
309400,2.0,161.3,257.8,94.0,664.0,27.0,
309500,2.7,161.3,257.8,94.0,664.0,27.0,
309600,2.5,161.3,257.8,94.0,664.0,27.0,
309700,2.3,161.3,257.8,94.0,664.0,27.0,
309800,3.2,161.3,257.8,94.0,664.0,27.0,
309900,2.8,56.4,230.5,94.0,664.0,27.0,
310000,81.9,56.4,230.5,92.0,647.0,29.0,
310100,80.1,56.4,230.5,95.0,664.0,29.0,
310200,59.6,56.4,230.5,86.0,644.0,30.0,
310300,43.0,56.4,230.5,86.0,644.0,30.0,
310400,73.4,56.4,230.5,86.0,644.0,30.0,
310500,86.3,56.4,230.5,97.0,684.0,26.0,
310600,31.9,56.4,230.5,100.0,717.0,30.0,
310700,4.2,56.4,230.5,100.0,717.0,30.0,
310800,2.5,56.4,230.5,100.0,717.0,30.0,
310900,2.0,165.0,253.9,100.0,717.0,30.0,
311000,1.8,165.0,253.9,100.0,717.0,30.0,
311100,2.0,165.0,253.9,100.0,717.0,30.0,
311200,1.9,165.0,253.9,100.0,717.0,30.0,
311300,2.6,165.0,253.9,100.0,717.0,30.0,
311400,2.8,165.0,253.9,100.0,717.0,30.0,
311500,2.2,165.0,253.9,100.0,717.0,30.0,
311600,33.5,165.0,253.9,100.0,717.0,30.0,
311700,71.6,165.0,253.9,89.0,608.0,29.0,
311800,58.9,165.0,253.9,89.0,608.0,29.0,
312000,56.1,165.0,253.9,91.0,669.0,27.0,
312100,98.1,165.0,253.9,89.0,640.0,30.0,
312200,37.7,165.0,253.9,88.0,646.0,29.0,
312300,4.0,165.0,253.9,88.0,646.0,29.0,
312400,2.1,165.0,253.9,88.0,646.0,29.0,
312500,3.4,165.0,253.9,88.0,646.0,29.0,
312600,1.9,165.0,253.9,88.0,646.0,29.0,
312700,16.8,165.0,253.9,88.0,646.0,29.0,
312800,2.6,165.0,253.9,88.0,646.0,29.0,
313000,2.2,165.0,253.9,88.0,646.0,29.0,
313100,2.1,165.0,253.9,88.0,646.0,29.0,
313200,38.4,165.0,253.9,88.0,646.0,29.0,
313300,41.6,165.0,253.9,87.0,641.0,24.0,
313400,64.4,165.0,253.9,87.0,641.0,24.0,
313500,79.6,165.0,253.9,87.0,641.0,24.0,
313600,77.6,165.0,253.9,95.0,681.0,30.0,
313700,62.8,165.0,253.9,99.0,676.0,26.0,
313800,47.6,165.0,253.9,90.0,630.0,26.0,
314000,1.6,165.0,253.9,90.0,630.0,26.0,
314100,1.6,165.0,253.9,90.0,630.0,26.0,
314200,1.6,165.0,253.9,90.0,630.0,26.0,
314300,1.5,165.0,253.9,90.0,630.0,26.0,
314400,1.7,165.0,253.9,90.0,630.0,26.0,
314500,1.7,165.0,253.9,90.0,630.0,26.0,
314600,1.4,165.0,253.9,90.0,630.0,26.0,
314700,1.9,165.0,253.9,90.0,630.0,26.0,
314800,41.2,165.0,253.9,90.0,630.0,26.0,
315000,41.0,165.0,253.9,90.0,630.0,26.0,
315100,91.9,165.0,253.9,93.0,667.0,30.0,
315200,93.2,165.0,253.9,91.0,661.0,30.0,
315300,75.5,165.0,253.9,87.0,631.0,28.0,
315400,56.1,165.0,253.9,83.0,627.0,26.0,
315500,4.2,165.0,253.9,83.0,627.0,26.0,
315600,2.2,165.0,253.9,83.0,627.0,26.0,
315700,2.2,165.0,253.9,83.0,627.0,26.0,
315800,1.7,165.0,253.9,83.0,627.0,26.0,
316000,2.1,165.0,253.9,83.0,627.0,26.0,
316100,1.5,165.0,253.9,83.0,627.0,26.0,
316200,1.9,165.0,253.9,83.0,627.0,26.0,
316300,1.9,165.0,253.9,83.0,627.0,26.0,
316400,32.2,165.0,253.9,83.0,627.0,26.0,
316500,58.9,165.0,253.9,83.0,627.0,26.0,
316600,64.8,165.0,253.9,83.0,627.0,26.0,
316700,63.1,165.0,253.9,95.0,672.0,27.0,
316800,169.2,165.0,253.9,498.0,2833.0,13.0,
317000,64.5,165.0,253.9,498.0,2833.0,13.0,
317100,5.3,165.0,253.9,498.0,2833.0,13.0,
317200,1.9,165.0,253.9,498.0,2833.0,13.0,
317300,1.5,165.0,253.9,498.0,2833.0,13.0,
317400,2.0,165.0,253.9,498.0,2833.0,13.0,
317500,1.9,165.0,253.9,498.0,2833.0,13.0,
317600,1.8,165.0,253.9,498.0,2833.0,13.0,
317700,2.0,165.0,253.9,498.0,2833.0,13.0,
317800,1.9,165.0,253.9,498.0,2833.0,13.0,
318000,1.7,165.0,253.9,498.0,2833.0,13.0,
318100,59.9,165.0,253.9,498.0,2833.0,13.0,
318200,86.2,165.0,253.9,498.0,2833.0,13.0,
318300,85.2,165.0,253.9,93.0,681.0,29.0,
318400,68.9,165.0,253.9,97.0,687.0,30.0,
318500,77.9,165.0,253.9,94.0,659.0,27.0,
318600,69.8,165.0,253.9,94.0,659.0,27.0,
318700,5.5,165.0,253.9,94.0,659.0,27.0,
318800,1.6,165.0,253.9,94.0,659.0,27.0,
318900,1.8,159.0,250.0,94.0,659.0,27.0,
319000,1.5,159.0,250.0,94.0,659.0,27.0,
319100,1.6,159.0,250.0,94.0,659.0,27.0,
319200,2.3,159.0,250.0,94.0,659.0,27.0,
319300,1.6,159.0,250.0,94.0,659.0,27.0,
319400,1.7,159.0,250.0,94.0,659.0,27.0,
319500,1.7,159.0,250.0,94.0,659.0,27.0,
319600,1.8,159.0,250.0,94.0,659.0,27.0,
319700,47.8,159.0,250.0,94.0,659.0,27.0,
319800,97.2,159.0,250.0,99.0,691.0,28.0,
320000,76.3,159.0,250.0,92.0,648.0,29.0,
320100,59.2,159.0,250.0,94.0,636.0,28.0,
320200,42.9,159.0,250.0,94.0,636.0,28.0,
320300,6.3,159.0,250.0,94.0,636.0,28.0,
320400,2.1,159.0,250.0,94.0,636.0,28.0,
320500,1.8,159.0,250.0,94.0,636.0,28.0,
320600,1.7,159.0,250.0,94.0,636.0,28.0,
320700,1.6,159.0,250.0,94.0,636.0,28.0,
320800,1.8,159.0,250.0,94.0,636.0,28.0,
321000,1.9,159.0,250.0,94.0,636.0,28.0,
321100,1.6,159.0,250.0,94.0,636.0,28.0,
321200,1.3,159.0,250.0,94.0,636.0,28.0,
321300,72.2,159.0,250.0,94.0,636.0,28.0,
321400,71.3,159.0,250.0,94.0,677.0,30.0,
321500,54.9,159.0,250.0,98.0,666.0,28.0,
321600,85.4,159.0,250.0,94.0,633.0,30.0,
321700,68.3,159.0,250.0,95.0,648.0,27.0,
321800,53.0,159.0,250.0,95.0,648.0,27.0,
321900,8.7,159.5,199.2,95.0,648.0,27.0,
322000,2.1,159.5,199.2,95.0,648.0,27.0,
322100,1.7,159.5,199.2,95.0,648.0,27.0,
322200,1.7,159.5,199.2,95.0,648.0,27.0,
322300,1.7,159.5,199.2,95.0,648.0,27.0,
322400,1.6,159.5,199.2,95.0,648.0,27.0,
322500,1.9,159.5,199.2,95.0,648.0,27.0,
322600,1.5,159.5,199.2,95.0,648.0,27.0,
322700,1.6,159.5,199.2,95.0,648.0,27.0,
322800,2.0,159.5,199.2,95.0,648.0,27.0,
323000,86.3,159.5,199.2,92.0,658.0,28.0,
323100,67.4,159.5,199.2,87.0,639.0,28.0,
323200,49.3,159.5,199.2,89.0,649.0,30.0,
323300,66.9,159.5,199.2,89.0,649.0,30.0,
323400,84.4,159.5,199.2,89.0,649.0,30.0,
323500,14.0,159.5,199.2,101.0,711.0,29.0,
323600,2.7,159.5,199.2,101.0,711.0,29.0,
323700,2.2,159.5,199.2,101.0,711.0,29.0,
323800,2.2,159.5,199.2,101.0,711.0,29.0,
323900,1.8,152.3,257.8,101.0,711.0,29.0,
324000,2.2,152.3,257.8,101.0,711.0,29.0,
324100,1.9,152.3,257.8,101.0,711.0,29.0,
324200,1.8,152.3,257.8,101.0,711.0,29.0,
324300,2.6,152.3,257.8,101.0,711.0,29.0,
324400,2.5,152.3,257.8,101.0,711.0,29.0,
324500,50.8,152.3,257.8,97.0,655.0,29.0,
324600,94.2,152.3,257.8,94.0,641.0,27.0,
324700,77.3,152.3,257.8,96.0,654.0,29.0,
324800,55.1,152.3,257.8,96.0,654.0,29.0,
325000,101.4,152.3,257.8,96.0,711.0,27.0,
325100,18.0,152.3,257.8,98.0,722.0,25.0,
325200,3.7,152.3,257.8,98.0,722.0,25.0,
325300,2.0,152.3,257.8,98.0,722.0,25.0,
325400,1.6,152.3,257.8,98.0,722.0,25.0,
325500,2.1,152.3,257.8,98.0,722.0,25.0,
325600,1.8,152.3,257.8,98.0,722.0,25.0,
325700,2.2,152.3,257.8,98.0,722.0,25.0,
325800,2.1,152.3,257.8,98.0,722.0,25.0,
326000,1.6,152.3,257.8,98.0,722.0,25.0,
326100,64.6,152.3,257.8,94.0,647.0,30.0,
326200,57.2,152.3,257.8,93.0,613.0,28.0,
326300,69.5,152.3,257.8,88.0,648.0,27.0,
326400,64.6,152.3,257.8,88.0,648.0,27.0,
326500,70.7,152.3,257.8,88.0,648.0,27.0,
326600,69.1,152.3,257.8,101.0,684.0,26.0,
326700,23.5,152.3,257.8,100.0,671.0,27.0,
326800,3.2,152.3,257.8,100.0,671.0,27.0,
326900,2.2,168.0,250.0,100.0,671.0,27.0,
327000,2.5,168.0,250.0,100.0,671.0,27.0,
327100,1.9,168.0,250.0,100.0,671.0,27.0,
327200,2.3,168.0,250.0,100.0,671.0,27.0,
327300,2.3,168.0,250.0,100.0,671.0,27.0,
327400,1.9,168.0,250.0,100.0,671.0,27.0,
327500,1.6,168.0,250.0,100.0,671.0,27.0,
327600,2.2,168.0,250.0,100.0,671.0,27.0,
327700,76.6,168.0,250.0,87.0,647.0,29.0,
327800,69.9,168.0,250.0,93.0,637.0,30.0,
328000,61.7,168.0,250.0,93.0,637.0,30.0,
328100,88.9,168.0,250.0,93.0,637.0,30.0,
328200,88.4,168.0,250.0,97.0,695.0,26.0,
328300,30.1,168.0,250.0,96.0,706.0,25.0,
328400,3.6,168.0,250.0,96.0,706.0,25.0,
328500,2.3,168.0,250.0,96.0,706.0,25.0,
328600,2.5,168.0,250.0,96.0,706.0,25.0,
328700,2.9,168.0,250.0,96.0,706.0,25.0,
328800,2.3,168.0,250.0,96.0,706.0,25.0,
329000,1.7,168.0,250.0,96.0,706.0,25.0,
329100,1.9,168.0,250.0,96.0,706.0,25.0,
329200,2.8,168.0,250.0,96.0,706.0,25.0,
329300,75.5,168.0,250.0,94.0,663.0,28.0,
329400,84.6,168.0,250.0,95.0,688.0,28.0,
329500,63.4,168.0,250.0,98.0,620.0,29.0,
329600,50.4,168.0,250.0,98.0,620.0,29.0,
329700,52.1,168.0,250.0,98.0,620.0,29.0,
329800,106.6,168.0,250.0,102.0,720.0,29.0,
330000,3.8,168.0,250.0,102.0,720.0,29.0,
330100,2.9,168.0,250.0,102.0,720.0,29.0,
330200,1.6,168.0,250.0,102.0,720.0,29.0,
330300,2.2,168.0,250.0,102.0,720.0,29.0,
330400,2.5,168.0,250.0,102.0,720.0,29.0,
330500,1.4,168.0,250.0,102.0,720.0,29.0,
330600,2.0,168.0,250.0,102.0,720.0,29.0,
330700,2.2,168.0,250.0,102.0,720.0,29.0,
330800,2.1,168.0,250.0,102.0,720.0,29.0,
331000,51.6,168.0,250.0,100.0,710.0,29.0,
331100,76.3,168.0,250.0,98.0,682.0,27.0,
331200,66.8,168.0,250.0,98.0,682.0,27.0,
331300,71.9,168.0,250.0,105.0,740.0,30.0,
331400,64.5,168.0,250.0,106.0,740.0,27.0,
331500,51.7,168.0,250.0,101.0,705.0,30.0,
331600,4.1,168.0,250.0,101.0,705.0,30.0,
331700,1.6,168.0,250.0,101.0,705.0,30.0,
331800,2.8,168.0,250.0,101.0,705.0,30.0,
332000,2.9,168.0,250.0,101.0,705.0,30.0,
332100,3.0,168.0,250.0,101.0,705.0,30.0,
332200,1.8,168.0,250.0,101.0,705.0,30.0,
332300,1.9,168.0,250.0,101.0,705.0,30.0,
332400,2.6,168.0,250.0,101.0,705.0,30.0,
332500,50.8,168.0,250.0,101.0,705.0,30.0,
332600,61.5,168.0,250.0,98.0,697.0,26.0,
332700,46.9,168.0,250.0,98.0,697.0,26.0,
332800,84.4,168.0,250.0,98.0,697.0,26.0,
333000,82.9,168.0,250.0,102.0,725.0,28.0,
333100,63.9,168.0,250.0,101.0,720.0,26.0,
333200,5.0,168.0,250.0,98.0,701.0,29.0,
333300,2.3,168.0,250.0,98.0,701.0,29.0,
333400,3.6,168.0,250.0,98.0,701.0,29.0,
333500,1.8,168.0,250.0,98.0,701.0,29.0,
333600,2.4,168.0,250.0,98.0,701.0,29.0,
333700,2.2,168.0,250.0,98.0,701.0,29.0,
333800,2.2,168.0,250.0,98.0,701.0,29.0,
334000,1.8,168.0,250.0,98.0,701.0,29.0,
334100,51.2,168.0,250.0,98.0,701.0,29.0,
334200,76.9,168.0,250.0,96.0,709.0,26.0,
334300,58.7,168.0,250.0,96.0,709.0,26.0,
334400,50.5,168.0,250.0,96.0,709.0,26.0,
334500,106.2,168.0,250.0,104.0,722.0,27.0,
334600,99.6,168.0,250.0,97.0,709.0,23.0,
334700,77.1,168.0,250.0,99.0,702.0,28.0,
334800,6.0,168.0,250.0,96.0,693.0,30.0,
335000,1.8,168.0,250.0,96.0,693.0,30.0,
335100,1.8,168.0,250.0,96.0,693.0,30.0,
335200,2.0,168.0,250.0,96.0,693.0,30.0,
335300,1.6,168.0,250.0,96.0,693.0,30.0,
335400,1.9,168.0,250.0,96.0,693.0,30.0,
335500,1.8,168.0,250.0,96.0,693.0,30.0,
335600,2.0,168.0,250.0,96.0,693.0,30.0,
335700,2.0,168.0,250.0,96.0,693.0,30.0,
335800,75.8,168.0,250.0,96.0,692.0,29.0,
336000,152.6,168.0,250.0,96.0,692.0,29.0,
336100,77.7,168.0,250.0,136.0,958.0,30.0,
336200,104.6,168.0,250.0,98.0,743.0,29.0,
336300,94.5,168.0,250.0,101.0,709.0,29.0,
336400,7.1,168.0,250.0,101.0,709.0,29.0,
336500,2.0,168.0,250.0,101.0,709.0,29.0,
336600,2.4,168.0,250.0,101.0,709.0,29.0,
336700,2.2,168.0,250.0,101.0,709.0,29.0,
336800,1.9,168.0,250.0,101.0,709.0,29.0,
336900,2.2,160.8,187.5,101.0,709.0,29.0,
337000,2.0,160.8,187.5,101.0,709.0,29.0,
337100,1.3,160.8,187.5,101.0,709.0,29.0,
337200,1.9,160.8,187.5,101.0,709.0,29.0,
337300,2.0,160.8,187.5,101.0,709.0,29.0,
337400,48.5,160.8,187.5,102.0,680.0,25.0,
337500,69.3,160.8,187.5,102.0,680.0,25.0,
337600,95.3,160.8,187.5,102.0,680.0,25.0,
337700,89.9,160.8,187.5,105.0,737.0,30.0,
337800,73.1,160.8,187.5,101.0,732.0,29.0,
338000,7.9,160.8,187.5,98.0,731.0,25.0,
338100,2.2,160.8,187.5,98.0,731.0,25.0,
338200,1.4,160.8,187.5,98.0,731.0,25.0,
338300,1.5,160.8,187.5,98.0,731.0,25.0,
338400,1.8,160.8,187.5,98.0,731.0,25.0,
338500,1.5,160.8,187.5,98.0,731.0,25.0,
338600,1.4,160.8,187.5,98.0,731.0,25.0,
338700,1.8,160.8,187.5,98.0,731.0,25.0,
338800,1.9,160.8,187.5,98.0,731.0,25.0,
339000,60.4,160.8,187.5,98.0,731.0,25.0,
339100,57.7,160.8,187.5,98.0,731.0,25.0,
339200,106.2,160.8,187.5,110.0,769.0,28.0,
339300,111.2,160.8,187.5,118.0,763.0,30.0,
339400,90.7,160.8,187.5,113.0,760.0,28.0,
339500,66.5,160.8,187.5,104.0,729.0,27.0,
339600,9.9,160.8,187.5,104.0,729.0,27.0,
339700,1.9,160.8,187.5,104.0,729.0,27.0,
339800,1.8,160.8,187.5,104.0,729.0,27.0,
339900,1.8,175.7,230.5,104.0,729.0,27.0,
340000,1.8,175.7,230.5,104.0,729.0,27.0,
340100,1.6,175.7,230.5,104.0,729.0,27.0,
340200,1.7,175.7,230.5,104.0,729.0,27.0,
340300,1.7,175.7,230.5,104.0,729.0,27.0,
340400,1.7,175.7,230.5,104.0,729.0,27.0,
340500,2.4,175.7,230.5,104.0,729.0,27.0,
340600,73.0,175.7,230.5,104.0,729.0,27.0,
340700,86.8,175.7,230.5,104.0,729.0,27.0,
340800,83.5,175.7,230.5,117.0,844.0,28.0,
341000,98.5,175.7,230.5,112.0,789.0,27.0,
341100,83.7,175.7,230.5,108.0,768.0,30.0,
341200,12.7,175.7,230.5,108.0,768.0,30.0,
341300,2.0,175.7,230.5,108.0,768.0,30.0,
341400,2.0,175.7,230.5,108.0,768.0,30.0,
341500,1.7,175.7,230.5,108.0,768.0,30.0,
341600,1.7,175.7,230.5,108.0,768.0,30.0,
341700,2.2,175.7,230.5,108.0,768.0,30.0,
341800,1.9,175.7,230.5,108.0,768.0,30.0,
342000,2.1,175.7,230.5,108.0,768.0,30.0,
342100,1.9,175.7,230.5,108.0,768.0,30.0,
342200,39.7,175.7,230.5,108.0,768.0,30.0,
342300,103.2,175.7,230.5,116.0,793.0,26.0,
342400,102.3,175.7,230.5,115.0,753.0,27.0,
342500,82.4,175.7,230.5,114.0,763.0,27.0,
342600,62.0,175.7,230.5,106.0,741.0,25.0,
342700,80.1,175.7,230.5,105.0,762.0,28.0,
342800,15.2,175.7,230.5,105.0,762.0,28.0,
342900,2.6,178.1,238.3,105.0,762.0,28.0,
343000,2.1,178.1,238.3,105.0,762.0,28.0,
343100,1.8,178.1,238.3,105.0,762.0,28.0,
343200,2.0,178.1,238.3,105.0,762.0,28.0,
343300,1.7,178.1,238.3,105.0,762.0,28.0,
343400,1.6,178.1,238.3,105.0,762.0,28.0,
343500,1.8,178.1,238.3,105.0,762.0,28.0,
343600,1.9,178.1,238.3,105.0,762.0,28.0,
343700,2.0,178.1,238.3,105.0,762.0,28.0,
343800,58.9,178.1,238.3,105.0,762.0,28.0,
344000,113.2,178.1,238.3,113.0,801.0,30.0,
344100,94.5,178.1,238.3,108.0,761.0,27.0,
344200,71.0,178.1,238.3,110.0,712.0,29.0,
344300,54.7,178.1,238.3,110.0,712.0,29.0,
344400,19.8,178.1,238.3,110.0,712.0,29.0,
344500,3.4,178.1,238.3,110.0,712.0,29.0,
344600,2.1,178.1,238.3,110.0,712.0,29.0,
344700,2.3,178.1,238.3,110.0,712.0,29.0,
344800,2.5,178.1,238.3,110.0,712.0,29.0,
345000,2.3,178.1,238.3,110.0,712.0,29.0,
345100,2.3,178.1,238.3,110.0,712.0,29.0,
345200,1.7,178.1,238.3,110.0,712.0,29.0,
345300,2.3,178.1,238.3,110.0,712.0,29.0,
345400,88.2,178.1,238.3,115.0,793.0,25.0,
345500,87.1,178.1,238.3,110.0,779.0,22.0,
345600,65.8,178.1,238.3,106.0,739.0,29.0,
345700,84.4,178.1,238.3,102.0,754.0,30.0,
345800,76.5,178.1,238.3,102.0,754.0,30.0,
346000,45.6,178.1,238.3,125.0,879.0,30.0,
346100,4.6,178.1,238.3,125.0,879.0,30.0,
346200,2.5,178.1,238.3,125.0,879.0,30.0,
346300,1.9,178.1,238.3,125.0,879.0,30.0,
346400,2.2,178.1,238.3,125.0,879.0,30.0,
346500,2.4,178.1,238.3,125.0,879.0,30.0,
346600,2.2,178.1,238.3,125.0,879.0,30.0,
346700,2.1,178.1,238.3,125.0,879.0,30.0,
346800,2.1,178.1,238.3,125.0,879.0,30.0,
347000,94.7,178.1,238.3,114.0,791.0,28.0,
347100,95.4,178.1,238.3,110.0,757.0,26.0,
347200,76.0,178.1,238.3,109.0,747.0,26.0,
347300,56.6,178.1,238.3,109.0,747.0,26.0,
347400,86.8,178.1,238.3,109.0,747.0,26.0,
347500,114.0,178.1,238.3,118.0,843.0,30.0,
347600,42.4,178.1,238.3,116.0,804.0,30.0,
347700,4.1,178.1,238.3,116.0,804.0,30.0,
347800,2.4,178.1,238.3,116.0,804.0,30.0,
347900,1.9,183.5,230.5,116.0,804.0,30.0,
348000,2.1,183.5,230.5,116.0,804.0,30.0,
348100,1.8,183.5,230.5,116.0,804.0,30.0,
348200,1.6,183.5,230.5,116.0,804.0,30.0,
348300,2.7,183.5,230.5,116.0,804.0,30.0,
348400,2.0,183.5,230.5,116.0,804.0,30.0,
348500,2.1,183.5,230.5,116.0,804.0,30.0,
348600,41.0,183.5,230.5,116.0,804.0,30.0,
348700,78.7,183.5,230.5,103.0,738.0,29.0,
348800,75.6,183.5,230.5,103.0,738.0,29.0,
349000,79.3,183.5,230.5,114.0,781.0,29.0,
349100,62.5,183.5,230.5,117.0,767.0,29.0,
349200,46.2,183.5,230.5,110.0,737.0,28.0,
349300,4.0,183.5,230.5,110.0,737.0,28.0,
349400,2.2,183.5,230.5,110.0,737.0,28.0,
349500,2.5,183.5,230.5,110.0,737.0,28.0,
349600,1.8,183.5,230.5,110.0,737.0,28.0,
349700,1.8,183.5,230.5,110.0,737.0,28.0,
349800,2.5,183.5,230.5,110.0,737.0,28.0,
350000,2.0,183.5,230.5,110.0,737.0,28.0,
350100,2.2,183.5,230.5,110.0,737.0,28.0,
350200,35.8,183.5,230.5,110.0,737.0,28.0,
350300,50.6,183.5,230.5,110.0,737.0,28.0,
350400,97.6,183.5,230.5,104.0,738.0,25.0,
350500,104.9,183.5,230.5,100.0,720.0,28.0,
350600,86.4,183.5,230.5,102.0,740.0,30.0,
350700,66.3,183.5,230.5,98.0,719.0,28.0,
350800,48.1,183.5,230.5,97.0,689.0,24.0,
351000,2.2,183.5,230.5,97.0,689.0,24.0,
351100,2.7,183.5,230.5,97.0,689.0,24.0,
351200,1.8,183.5,230.5,97.0,689.0,24.0,
351300,2.3,183.5,230.5,97.0,689.0,24.0,
351400,2.5,183.5,230.5,97.0,689.0,24.0,
351500,1.6,183.5,230.5,97.0,689.0,24.0,
351600,1.8,183.5,230.5,97.0,689.0,24.0,
351700,1.8,183.5,230.5,97.0,689.0,24.0,
351800,50.4,183.5,230.5,97.0,689.0,24.0,
352000,74.2,183.5,230.5,102.0,713.0,29.0,
352100,53.7,183.5,230.5,101.0,689.0,28.0,
352200,74.4,183.5,230.5,99.0,667.0,30.0,
352300,68.8,183.5,230.5,99.0,667.0,30.0,
352400,71.9,183.5,230.5,99.0,667.0,30.0,
352500,5.5,183.5,230.5,102.0,740.0,23.0,
352600,2.0,183.5,230.5,102.0,740.0,23.0,
352700,1.9,183.5,230.5,102.0,740.0,23.0,
352800,2.1,183.5,230.5,102.0,740.0,23.0,
353000,1.8,183.5,230.5,102.0,740.0,23.0,
353100,2.0,183.5,230.5,102.0,740.0,23.0,
353200,1.9,183.5,230.5,102.0,740.0,23.0,
353300,2.3,183.5,230.5,102.0,740.0,23.0,
353400,2.3,183.5,230.5,102.0,740.0,23.0,
353500,97.4,183.5,230.5,100.0,719.0,26.0,
353600,76.3,183.5,230.5,97.0,664.0,29.0,
353700,57.9,183.5,230.5,97.0,664.0,29.0,
353800,51.1,183.5,230.5,97.0,664.0,29.0,
354000,100.2,183.5,230.5,100.0,733.0,26.0,
354100,7.2,183.5,230.5,104.0,755.0,29.0,
354200,2.6,183.5,230.5,104.0,755.0,29.0,
354300,2.1,183.5,230.5,104.0,755.0,29.0,
354400,2.4,183.5,230.5,104.0,755.0,29.0,
354500,2.2,183.5,230.5,104.0,755.0,29.0,
354600,2.0,183.5,230.5,104.0,755.0,29.0,
354700,2.1,183.5,230.5,104.0,755.0,29.0,
354800,2.2,183.5,230.5,104.0,755.0,29.0,
355000,2.2,183.5,230.5,104.0,755.0,29.0,
355100,45.5,183.5,230.5,96.0,646.0,27.0,
355200,67.5,183.5,230.5,96.0,646.0,27.0,
355300,83.0,183.5,230.5,96.0,646.0,27.0,
355400,80.5,183.5,230.5,99.0,727.0,30.0,
355500,65.2,183.5,230.5,97.0,696.0,29.0,
355600,83.3,183.5,230.5,101.0,673.0,29.0,
355700,7.1,183.5,230.5,99.0,685.0,26.0,
355800,2.2,183.5,230.5,99.0,685.0,26.0,
356000,1.8,183.5,230.5,99.0,685.0,26.0,
356100,27.5,183.5,230.5,99.0,685.0,26.0,
356200,6.8,183.5,230.5,99.0,685.0,26.0,
356300,2.4,183.5,230.5,99.0,685.0,26.0,
356400,2.1,183.5,230.5,99.0,685.0,26.0,
356500,2.4,183.5,230.5,99.0,685.0,26.0,
356600,2.0,183.5,230.5,99.0,685.0,26.0,
356700,53.9,183.5,230.5,99.0,685.0,26.0,
356800,57.6,183.5,230.5,99.0,685.0,26.0,
357000,100.4,183.5,230.5,107.0,708.0,28.0,
357100,77.2,183.5,230.5,107.0,694.0,27.0,
357200,56.6,183.5,230.5,107.0,694.0,27.0,
357300,8.8,183.5,230.5,107.0,694.0,27.0,
357400,2.3,183.5,230.5,107.0,694.0,27.0,
357500,2.0,183.5,230.5,107.0,694.0,27.0,
357600,2.0,183.5,230.5,107.0,694.0,27.0,
357700,1.8,183.5,230.5,107.0,694.0,27.0,
357800,2.3,183.5,230.5,107.0,694.0,27.0,
358000,2.1,183.5,230.5,107.0,694.0,27.0,
358100,2.0,183.5,230.5,107.0,694.0,27.0,
358200,2.5,183.5,230.5,107.0,694.0,27.0,
358300,68.0,183.5,230.5,107.0,694.0,27.0,
358400,77.7,183.5,230.5,107.0,694.0,27.0,
358500,70.9,183.5,230.5,103.0,728.0,29.0,
358600,94.0,183.5,230.5,101.0,692.0,27.0,
358700,85.7,183.5,230.5,101.0,690.0,30.0,
358800,68.0,183.5,230.5,97.0,704.0,27.0,
359000,2.5,183.5,230.5,97.0,704.0,27.0,
359100,2.2,183.5,230.5,97.0,704.0,27.0,
359200,2.6,183.5,230.5,97.0,704.0,27.0,
359300,1.5,183.5,230.5,97.0,704.0,27.0,
359400,2.4,183.5,230.5,97.0,704.0,27.0,
359500,2.1,183.5,230.5,97.0,704.0,27.0,
359600,2.0,183.5,230.5,97.0,704.0,27.0,
359700,2.4,183.5,230.5,97.0,704.0,27.0,
359800,1.8,183.5,230.5,97.0,704.0,27.0,
360000,106.3,183.5,230.5,113.0,747.0,29.0,
360100,88.2,183.5,230.5,111.0,752.0,27.0,
360200,67.4,183.5,230.5,105.0,687.0,26.0,
360300,49.9,183.5,230.5,99.0,729.0,26.0,
360400,75.4,183.5,230.5,99.0,729.0,26.0,
360500,13.9,183.5,230.5,99.0,729.0,26.0,
360600,2.7,183.5,230.5,99.0,729.0,26.0,
360700,2.0,183.5,230.5,99.0,729.0,26.0,
360800,2.2,183.5,230.5,99.0,729.0,26.0,
361000,1.7,183.5,230.5,99.0,729.0,26.0,
361100,2.0,183.5,230.5,99.0,729.0,26.0,
361200,2.1,183.5,230.5,99.0,729.0,26.0,
361300,1.9,183.5,230.5,99.0,729.0,26.0,
361400,2.7,183.5,230.5,99.0,729.0,26.0,
361500,62.5,183.5,230.5,112.0,742.0,30.0,
361600,105.6,183.5,230.5,103.0,744.0,29.0,
361700,98.3,183.5,230.5,101.0,710.0,30.0,
361800,77.8,183.5,230.5,96.0,691.0,27.0,
362000,45.8,183.5,230.5,96.0,691.0,27.0,
362100,19.4,183.5,230.5,109.0,749.0,25.0,
362200,3.6,183.5,230.5,109.0,749.0,25.0,
362300,2.1,183.5,230.5,109.0,749.0,25.0,
362400,2.2,183.5,230.5,109.0,749.0,25.0,
362500,1.9,183.5,230.5,109.0,749.0,25.0,
362600,2.4,183.5,230.5,109.0,749.0,25.0,
362700,1.8,183.5,230.5,109.0,749.0,25.0,
362800,1.9,183.5,230.5,109.0,749.0,25.0,
363000,3.0,183.5,230.5,109.0,749.0,25.0,
363100,80.8,183.5,230.5,111.0,752.0,29.0,
363200,74.6,183.5,230.5,103.0,728.0,29.0,
363300,56.7,183.5,230.5,102.0,695.0,30.0,
363400,79.0,183.5,230.5,93.0,697.0,24.0,
363500,66.8,183.5,230.5,93.0,697.0,24.0,
363600,71.4,183.5,230.5,93.0,697.0,24.0,
363700,27.1,183.5,230.5,104.0,733.0,28.0,
363800,3.1,183.5,230.5,104.0,733.0,28.0,
364000,2.2,183.5,230.5,104.0,733.0,28.0,
364100,2.1,183.5,230.5,104.0,733.0,28.0,
364200,2.2,183.5,230.5,104.0,733.0,28.0,
364300,1.6,183.5,230.5,104.0,733.0,28.0,
364400,1.6,183.5,230.5,104.0,733.0,28.0,
364500,1.9,183.5,230.5,104.0,733.0,28.0,
364600,2.0,183.5,230.5,104.0,733.0,28.0,
364700,91.3,183.5,230.5,104.0,719.0,29.0,
364800,90.7,183.5,230.5,105.0,757.0,27.0,
365000,49.7,183.5,230.5,105.0,757.0,27.0,
365100,78.9,183.5,230.5,105.0,757.0,27.0,
365200,96.8,183.5,230.5,108.0,741.0,25.0,
365300,35.2,183.5,230.5,99.0,708.0,30.0,
365400,3.7,183.5,230.5,99.0,708.0,30.0,
365500,2.1,183.5,230.5,99.0,708.0,30.0,
365600,1.9,183.5,230.5,99.0,708.0,30.0,
365700,2.3,183.5,230.5,99.0,708.0,30.0,
365800,2.4,183.5,230.5,99.0,708.0,30.0,
366000,2.1,183.5,230.5,99.0,708.0,30.0,
366100,2.4,183.5,230.5,99.0,708.0,30.0,
366200,2.1,183.5,230.5,99.0,708.0,30.0,
366300,37.9,183.5,230.5,99.0,708.0,30.0,
366400,83.2,183.5,230.5,94.0,666.0,30.0,
366500,69.5,183.5,230.5,94.0,666.0,30.0,
366600,58.9,183.5,230.5,94.0,666.0,30.0,
366700,61.4,183.5,230.5,94.0,666.0,30.0,
366800,105.7,183.5,230.5,98.0,701.0,24.0,
367000,4.0,183.5,230.5,98.0,701.0,24.0,
367100,2.3,183.5,230.5,98.0,701.0,24.0,
367200,2.0,183.5,230.5,98.0,701.0,24.0,
367300,1.7,183.5,230.5,98.0,701.0,24.0,
367400,2.1,183.5,230.5,98.0,701.0,24.0,
367500,1.8,183.5,230.5,98.0,701.0,24.0,
367600,2.3,183.5,230.5,98.0,701.0,24.0,
367700,1.7,183.5,230.5,98.0,701.0,24.0,
367800,1.9,183.5,230.5,98.0,701.0,24.0,
367900,43.8,37.5,218.8,98.0,701.0,24.0,
368000,50.6,37.5,218.8,98.0,695.0,30.0,
368100,71.1,37.5,218.8,98.0,695.0,30.0,
368200,92.0,37.5,218.8,104.0,687.0,27.0,
368300,84.9,37.5,218.8,104.0,763.0,25.0,
368400,69.0,37.5,218.8,99.0,728.0,24.0,
368500,49.4,37.5,218.8,99.0,679.0,30.0,
368600,4.2,37.5,218.8,99.0,679.0,30.0,
368700,2.1,37.5,218.8,99.0,679.0,30.0,
368800,2.3,37.5,218.8,99.0,679.0,30.0,
369000,2.6,37.5,218.8,99.0,679.0,30.0,
369100,1.7,37.5,218.8,99.0,679.0,30.0,
369200,1.8,37.5,218.8,99.0,679.0,30.0,
369300,2.4,37.5,218.8,99.0,679.0,30.0,
369400,2.2,37.5,218.8,99.0,679.0,30.0,
369500,44.6,37.5,218.8,99.0,679.0,30.0,
369600,59.8,37.5,218.8,99.0,679.0,30.0,
369700,59.4,37.5,218.8,99.0,679.0,30.0,
369800,107.7,37.5,218.8,106.0,722.0,30.0,
370000,81.9,37.5,218.8,104.0,693.0,28.0,
370100,58.8,37.5,218.8,99.0,684.0,26.0,
370200,5.5,37.5,218.8,99.0,684.0,26.0,
370300,2.2,37.5,218.8,99.0,684.0,26.0,
370400,1.8,37.5,218.8,99.0,684.0,26.0,
370500,2.5,37.5,218.8,99.0,684.0,26.0,
370600,2.0,37.5,218.8,99.0,684.0,26.0,
370700,2.6,37.5,218.8,99.0,684.0,26.0,
370800,2.7,37.5,218.8,99.0,684.0,26.0,
371000,1.7,37.5,218.8,99.0,684.0,26.0,
371100,26.3,37.5,218.8,99.0,684.0,26.0,
371200,84.8,37.5,218.8,99.0,684.0,26.0,
371300,89.8,37.5,218.8,110.0,743.0,30.0,
371400,74.2,37.5,218.8,101.0,723.0,29.0,
371500,55.7,37.5,218.8,100.0,722.0,29.0,
371600,80.9,37.5,218.8,100.0,664.0,29.0,
371700,68.6,37.5,218.8,100.0,664.0,29.0,
371800,23.1,37.5,218.8,100.0,664.0,29.0,
372000,2.6,37.5,218.8,100.0,664.0,29.0,
372100,2.0,37.5,218.8,100.0,664.0,29.0,
372200,1.5,37.5,218.8,100.0,664.0,29.0,
372300,1.5,37.5,218.8,100.0,664.0,29.0,
372400,1.7,37.5,218.8,100.0,664.0,29.0,
372500,1.5,37.5,218.8,100.0,664.0,29.0,
372600,2.2,37.5,218.8,100.0,664.0,29.0,
372700,1.9,37.5,218.8,100.0,664.0,29.0,
372800,83.2,37.5,218.8,100.0,664.0,29.0,
373000,91.9,37.5,218.8,115.0,737.0,28.0,
373100,70.0,37.5,218.8,108.0,699.0,28.0,
373200,51.7,37.5,218.8,100.0,693.0,29.0,
373300,72.2,37.5,218.8,100.0,693.0,29.0,
373400,6.2,37.5,218.8,100.0,693.0,29.0,
373500,2.3,37.5,218.8,100.0,693.0,29.0,
373600,2.1,37.5,218.8,100.0,693.0,29.0,
373700,1.7,37.5,218.8,100.0,693.0,29.0,
373800,2.2,37.5,218.8,100.0,693.0,29.0,
374000,1.8,37.5,218.8,100.0,693.0,29.0,
374100,1.8,37.5,218.8,100.0,693.0,29.0,
374200,2.6,37.5,218.8,100.0,693.0,29.0,
374300,1.7,37.5,218.8,100.0,693.0,29.0,
374400,70.5,37.5,218.8,111.0,737.0,28.0,
374500,63.3,37.5,218.8,102.0,729.0,28.0,
374600,95.0,37.5,218.8,100.0,700.0,30.0,
374700,78.6,37.5,218.8,95.0,685.0,28.0,
374800,58.6,37.5,218.8,95.0,685.0,28.0,
375000,9.1,37.5,218.8,95.0,685.0,28.0,
375100,2.3,37.5,218.8,95.0,685.0,28.0,
375200,1.8,37.5,218.8,95.0,685.0,28.0,
375300,1.6,37.5,218.8,95.0,685.0,28.0,
375400,1.8,37.5,218.8,95.0,685.0,28.0,
375500,1.6,37.5,218.8,95.0,685.0,28.0,
375600,2.0,37.5,218.8,95.0,685.0,28.0,
375700,2.1,37.5,218.8,95.0,685.0,28.0,
375800,2.2,37.5,218.8,95.0,685.0,28.0,
376000,93.2,37.5,218.8,116.0,756.0,27.0,
376100,77.8,37.5,218.8,103.0,698.0,25.0,
376200,58.9,37.5,218.8,100.0,720.0,28.0,
376300,70.8,37.5,218.8,94.0,689.0,28.0,
376400,74.2,37.5,218.8,94.0,689.0,28.0,
376500,81.7,37.5,218.8,103.0,720.0,27.0,
376600,12.5,37.5,218.8,104.0,780.0,26.0,
376700,2.2,37.5,218.8,104.0,780.0,26.0,
376800,1.8,37.5,218.8,104.0,780.0,26.0,
377000,1.5,37.5,218.8,104.0,780.0,26.0,
377100,2.0,37.5,218.8,104.0,780.0,26.0,
377200,2.0,37.5,218.8,104.0,780.0,26.0,
377300,1.8,37.5,218.8,104.0,780.0,26.0,
377400,2.5,37.5,218.8,104.0,780.0,26.0,
377500,2.5,37.5,218.8,104.0,780.0,26.0,
377600,94.2,37.5,218.8,101.0,724.0,30.0,
377700,83.8,37.5,218.8,89.0,678.0,26.0,
377800,62.0,37.5,218.8,89.0,678.0,26.0,
378000,103.3,37.5,218.8,108.0,724.0,29.0,
378100,102.2,37.5,218.8,99.0,711.0,23.0,
378200,15.4,37.5,218.8,99.0,709.0,28.0,
378300,3.1,37.5,218.8,99.0,709.0,28.0,
378400,2.2,37.5,218.8,99.0,709.0,28.0,
378500,1.7,37.5,218.8,99.0,709.0,28.0,
378600,2.1,37.5,218.8,99.0,709.0,28.0,
378700,1.9,37.5,218.8,99.0,709.0,28.0,
378800,1.7,37.5,218.8,99.0,709.0,28.0,
378900,2.2,131.1,230.5,99.0,709.0,28.0,
379000,2.3,131.1,230.5,99.0,709.0,28.0,
379100,1.9,131.1,230.5,99.0,709.0,28.0,
379200,48.6,131.1,230.5,101.0,661.0,29.0,
379300,67.4,131.1,230.5,101.0,661.0,29.0,
379400,86.1,131.1,230.5,101.0,661.0,29.0,
379500,87.6,131.1,230.5,108.0,761.0,27.0,
379600,72.3,131.1,230.5,104.0,720.0,26.0,
379700,89.1,131.1,230.5,102.0,710.0,29.0,
379800,95.5,131.1,230.5,516.0,2806.0,29.0,
380000,2.1,131.1,230.5,516.0,2806.0,29.0,
380100,1.7,131.1,230.5,516.0,2806.0,29.0,
380200,2.5,131.1,230.5,516.0,2806.0,29.0,
380300,2.1,131.1,230.5,516.0,2806.0,29.0,
380400,2.0,131.1,230.5,516.0,2806.0,29.0,
380500,2.4,131.1,230.5,516.0,2806.0,29.0,
380600,1.7,131.1,230.5,516.0,2806.0,29.0,
380700,1.7,131.1,230.5,516.0,2806.0,29.0,
380800,50.9,131.1,230.5,516.0,2806.0,29.0,
380900,56.2,53.0,203.1,516.0,2806.0,29.0,
381000,101.2,53.0,203.1,101.0,704.0,26.0,
381100,100.4,53.0,203.1,100.0,687.0,30.0,
381200,80.1,53.0,203.1,100.0,670.0,25.0,
381300,59.0,53.0,203.1,93.0,676.0,24.0,
381400,19.5,53.0,203.1,93.0,676.0,24.0,
381500,2.3,53.0,203.1,93.0,676.0,24.0,
381600,1.9,53.0,203.1,93.0,676.0,24.0,
381700,2.5,53.0,203.1,93.0,676.0,24.0,
381800,2.8,53.0,203.1,93.0,676.0,24.0,
382000,1.8,53.0,203.1,93.0,676.0,24.0,
382100,1.9,53.0,203.1,93.0,676.0,24.0,
382200,2.1,53.0,203.1,93.0,676.0,24.0,
382300,2.0,53.0,203.1,93.0,676.0,24.0,
382400,59.2,53.0,203.1,93.0,676.0,24.0,
382500,80.5,53.0,203.1,93.0,676.0,24.0,
382600,73.8,53.0,203.1,105.0,701.0,27.0,
382700,95.9,53.0,203.1,100.0,685.0,30.0,
382800,86.6,53.0,203.1,106.0,668.0,28.0,
383000,22.9,53.0,203.1,106.0,668.0,28.0,
383100,3.0,53.0,203.1,106.0,668.0,28.0,
383200,2.4,53.0,203.1,106.0,668.0,28.0,
383300,2.1,53.0,203.1,106.0,668.0,28.0,
383400,2.6,53.0,203.1,106.0,668.0,28.0,
383500,2.5,53.0,203.1,106.0,668.0,28.0,
383600,2.1,53.0,203.1,106.0,668.0,28.0,
383700,2.2,53.0,203.1,106.0,668.0,28.0,
383800,2.0,53.0,203.1,106.0,668.0,28.0,
384000,58.1,53.0,203.1,106.0,668.0,28.0,
384100,100.8,53.0,203.1,99.0,699.0,30.0,
384200,87.1,53.0,203.1,100.0,688.0,30.0,
384300,70.6,53.0,203.1,92.0,660.0,29.0,
384400,52.1,53.0,203.1,87.0,622.0,28.0,
384500,68.0,53.0,203.1,87.0,622.0,28.0,
384600,29.5,53.0,203.1,87.0,622.0,28.0,
384700,3.5,53.0,203.1,87.0,622.0,28.0,
384800,2.3,53.0,203.1,87.0,622.0,28.0,
385000,2.0,53.0,203.1,87.0,622.0,28.0,
385100,1.8,53.0,203.1,87.0,622.0,28.0,
385200,2.2,53.0,203.1,87.0,622.0,28.0,
385300,2.1,53.0,203.1,87.0,622.0,28.0,
385400,1.7,53.0,203.1,87.0,622.0,28.0,
385500,2.3,53.0,203.1,87.0,622.0,28.0,
385600,37.9,53.0,203.1,87.0,622.0,28.0,
385700,56.8,53.0,203.1,109.0,724.0,30.0,
385800,102.7,53.0,203.1,100.0,689.0,27.0,
386000,63.4,53.0,203.1,98.0,667.0,30.0,
386100,47.9,53.0,203.1,98.0,667.0,30.0,
386200,41.4,53.0,203.1,98.0,667.0,30.0,
386300,4.0,53.0,203.1,98.0,667.0,30.0,
386400,2.1,53.0,203.1,98.0,667.0,30.0,
386500,2.0,53.0,203.1,98.0,667.0,30.0,
386600,1.9,53.0,203.1,98.0,667.0,30.0,
386700,2.3,53.0,203.1,98.0,667.0,30.0,
386800,2.1,53.0,203.1,98.0,667.0,30.0,
387000,2.1,53.0,203.1,98.0,667.0,30.0,
387100,2.8,53.0,203.1,98.0,667.0,30.0,
387200,54.8,53.0,203.1,98.0,667.0,30.0,
387300,76.5,53.0,203.1,100.0,703.0,30.0,
387400,59.8,53.0,203.1,92.0,680.0,25.0,
387500,79.1,53.0,203.1,94.0,671.0,29.0,
387600,65.1,53.0,203.1,94.0,671.0,29.0,
387700,71.2,53.0,203.1,94.0,671.0,29.0,
387800,68.3,53.0,203.1,104.0,711.0,28.0,
388000,2.5,53.0,203.1,104.0,711.0,28.0,
388100,2.0,53.0,203.1,104.0,711.0,28.0,
388200,2.6,53.0,203.1,104.0,711.0,28.0,
388300,2.3,53.0,203.1,104.0,711.0,28.0,
388400,2.3,53.0,203.1,104.0,711.0,28.0,
388500,2.8,53.0,203.1,104.0,711.0,28.0,
388600,2.8,53.0,203.1,104.0,711.0,28.0,
388700,2.7,53.0,203.1,104.0,711.0,28.0,
388800,56.4,53.0,203.1,104.0,711.0,28.0,
389000,67.8,53.0,203.1,96.0,666.0,26.0,
389100,49.5,53.0,203.1,96.0,666.0,26.0,
389200,81.4,53.0,203.1,96.0,666.0,26.0,
389300,102.2,53.0,203.1,111.0,773.0,29.0,
389400,89.6,53.0,203.1,99.0,730.0,27.0,
389500,6.3,53.0,203.1,99.0,730.0,27.0,
389600,3.2,53.0,203.1,99.0,730.0,27.0,
389700,2.3,53.0,203.1,99.0,730.0,27.0,
389800,1.9,53.0,203.1,99.0,730.0,27.0,
390000,1.9,53.0,203.1,99.0,730.0,27.0,
390100,2.0,53.0,203.1,99.0,730.0,27.0,
390200,1.9,53.0,203.1,99.0,730.0,27.0,
390300,1.8,53.0,203.1,99.0,730.0,27.0,
390400,1.9,53.0,203.1,99.0,730.0,27.0,
390500,80.9,53.0,203.1,95.0,665.0,26.0,
390600,77.1,53.0,203.1,95.0,682.0,26.0,
390700,61.4,53.0,203.1,95.0,682.0,26.0,
390800,63.8,53.0,203.1,95.0,682.0,26.0,
391000,101.2,53.0,203.1,99.0,713.0,30.0,
391100,7.1,53.0,203.1,99.0,713.0,30.0,
391200,2.1,53.0,203.1,99.0,713.0,30.0,
391300,3.3,53.0,203.1,99.0,713.0,30.0,
391400,1.7,53.0,203.1,99.0,713.0,30.0,
391500,2.0,53.0,203.1,99.0,713.0,30.0,
391600,2.4,53.0,203.1,99.0,713.0,30.0,
391700,1.9,53.0,203.1,99.0,713.0,30.0,
391800,1.5,53.0,203.1,99.0,713.0,30.0,
391900,1.9,98.2,250.0,99.0,713.0,30.0,
392000,1.7,98.2,250.0,99.0,713.0,30.0,
392100,55.4,98.2,250.0,97.0,688.0,30.0,
392200,61.3,98.2,250.0,97.0,688.0,30.0,
392300,85.9,98.2,250.0,97.0,688.0,30.0,
392400,90.8,98.2,250.0,107.0,744.0,29.0,
392500,76.5,98.2,250.0,101.0,744.0,27.0,
392600,58.1,98.2,250.0,100.0,718.0,29.0,
392700,8.5,98.2,250.0,103.0,703.0,29.0,
392800,2.2,98.2,250.0,103.0,703.0,29.0,
393000,1.6,98.2,250.0,103.0,703.0,29.0,
393100,1.4,98.2,250.0,103.0,703.0,29.0,
393200,1.5,98.2,250.0,103.0,703.0,29.0,
393300,2.4,98.2,250.0,103.0,703.0,29.0,
393400,1.6,98.2,250.0,103.0,703.0,29.0,
393500,1.5,98.2,250.0,103.0,703.0,29.0,
393600,2.4,98.2,250.0,103.0,703.0,29.0,
393700,64.2,98.2,250.0,94.0,639.0,27.0,
393800,50.1,98.2,250.0,94.0,639.0,27.0,
394000,99.9,98.2,250.0,98.0,688.0,29.0,
394100,90.5,98.2,250.0,94.0,656.0,28.0,
394200,71.1,98.2,250.0,98.0,662.0,29.0,
394300,10.4,98.2,250.0,91.0,661.0,29.0,
394400,2.5,98.2,250.0,91.0,661.0,29.0,
394500,2.3,98.2,250.0,91.0,661.0,29.0,
394600,1.8,98.2,250.0,91.0,661.0,29.0,
394700,2.0,98.2,250.0,91.0,661.0,29.0,
394800,2.1,98.2,250.0,91.0,661.0,29.0,
395000,1.9,98.2,250.0,91.0,661.0,29.0,
395100,2.1,98.2,250.0,91.0,661.0,29.0,
395200,1.7,98.2,250.0,91.0,661.0,29.0,
395300,60.3,98.2,250.0,91.0,661.0,29.0,
395400,66.9,98.2,250.0,91.0,661.0,29.0,
395500,72.7,98.2,250.0,97.0,700.0,28.0,
395600,61.0,98.2,250.0,97.0,694.0,27.0,
395700,91.2,98.2,250.0,89.0,628.0,26.0,
395800,73.7,98.2,250.0,95.0,626.0,30.0,
396000,2.5,98.2,250.0,95.0,626.0,30.0,
396100,2.6,98.2,250.0,95.0,626.0,30.0,
396200,1.8,98.2,250.0,95.0,626.0,30.0,
396300,2.4,98.2,250.0,95.0,626.0,30.0,
396400,2.4,98.2,250.0,95.0,626.0,30.0,
396500,1.7,98.2,250.0,95.0,626.0,30.0,
396600,2.0,98.2,250.0,95.0,626.0,30.0,
396700,1.9,98.2,250.0,95.0,626.0,30.0,
396800,1.8,98.2,250.0,95.0,626.0,30.0,
396900,39.0,29.7,218.8,95.0,626.0,30.0,
397000,96.5,29.7,218.8,98.0,690.0,28.0,
397100,92.7,29.7,218.8,98.0,661.0,30.0,
397200,72.7,29.7,218.8,91.0,632.0,28.0,
397300,55.6,29.7,218.8,89.0,665.0,30.0,
397400,62.6,29.7,218.8,96.0,651.0,29.0,
397500,12.8,29.7,218.8,96.0,651.0,29.0,
397600,2.7,29.7,218.8,96.0,651.0,29.0,
397700,2.4,29.7,218.8,96.0,651.0,29.0,
397800,2.5,29.7,218.8,96.0,651.0,29.0,
398000,2.3,29.7,218.8,96.0,651.0,29.0,
398100,2.5,29.7,218.8,96.0,651.0,29.0,
398200,2.2,29.7,218.8,96.0,651.0,29.0,
398300,1.9,29.7,218.8,96.0,651.0,29.0,
398400,2.4,29.7,218.8,96.0,651.0,29.0,
398500,61.6,29.7,218.8,101.0,658.0,26.0,
398600,61.9,29.7,218.8,90.0,679.0,29.0,
398700,90.1,29.7,218.8,91.0,629.0,27.0,
398800,115.3,29.7,218.8,588.0,3807.0,26.0,
399000,50.0,29.7,218.8,588.0,3807.0,26.0,
399100,21.1,29.7,218.8,103.0,648.0,30.0,
399200,2.7,29.7,218.8,103.0,648.0,30.0,
399300,2.2,29.7,218.8,103.0,648.0,30.0,
399400,1.8,29.7,218.8,103.0,648.0,30.0,
399500,1.6,29.7,218.8,103.0,648.0,30.0,
399600,2.5,29.7,218.8,103.0,648.0,30.0,
399700,2.3,29.7,218.8,103.0,648.0,30.0,
399800,2.0,29.7,218.8,103.0,648.0,30.0,
400000,2.2,29.7,218.8,103.0,648.0,30.0,
400100,78.4,29.7,218.8,98.0,704.0,28.0,
400200,76.8,29.7,218.8,93.0,692.0,27.0,
400300,55.6,29.7,218.8,93.0,680.0,30.0,
400400,64.7,29.7,218.8,93.0,680.0,30.0,
400500,81.7,29.7,218.8,93.0,680.0,30.0,
400600,83.8,29.7,218.8,105.0,686.0,27.0,
400700,29.4,29.7,218.8,103.0,687.0,28.0,
400800,4.6,29.7,218.8,103.0,687.0,28.0,
401000,2.0,29.7,218.8,103.0,687.0,28.0,
401100,2.2,29.7,218.8,103.0,687.0,28.0,
401200,2.0,29.7,218.8,103.0,687.0,28.0,
401300,2.3,29.7,218.8,103.0,687.0,28.0,
401400,2.3,29.7,218.8,103.0,687.0,28.0,
401500,2.0,29.7,218.8,103.0,687.0,28.0,
401600,1.8,29.7,218.8,103.0,687.0,28.0,
401700,76.5,29.7,218.8,97.0,656.0,25.0,
401800,81.8,29.7,218.8,94.0,663.0,24.0,
402000,48.8,29.7,218.8,94.0,663.0,24.0,
402100,96.4,29.7,218.8,106.0,720.0,29.0,
402200,104.7,29.7,218.8,98.0,724.0,29.0,
402300,38.1,29.7,218.8,99.0,704.0,28.0,
402400,4.2,29.7,218.8,99.0,704.0,28.0,
402500,2.5,29.7,218.8,99.0,704.0,28.0,
402600,1.9,29.7,218.8,99.0,704.0,28.0,
402700,2.2,29.7,218.8,99.0,704.0,28.0,
402800,2.1,29.7,218.8,99.0,704.0,28.0,
403000,4.0,29.7,218.8,99.0,704.0,28.0,
403100,2.0,29.7,218.8,99.0,704.0,28.0,
403200,2.6,29.7,218.8,99.0,704.0,28.0,
403300,39.5,29.7,218.8,99.0,704.0,28.0,
403400,64.6,29.7,218.8,104.0,706.0,25.0,
403500,70.7,29.7,218.8,104.0,706.0,25.0,
403600,84.9,29.7,218.8,106.0,720.0,29.0,
403700,75.8,29.7,218.8,108.0,728.0,30.0,
403800,59.0,29.7,218.8,99.0,692.0,26.0,
404000,4.1,29.7,218.8,99.0,692.0,26.0,
404100,2.7,29.7,218.8,99.0,692.0,26.0,
404200,2.3,29.7,218.8,99.0,692.0,26.0,
404300,1.4,29.7,218.8,99.0,692.0,26.0,
404400,2.4,29.7,218.8,99.0,692.0,26.0,
404500,2.1,29.7,218.8,99.0,692.0,26.0,
