Time(ms),Raw_ADC
0,1850
1,1817
2,1809
3,1869
4,1904
5,1857
6,1853
7,1882
8,1885
9,1855
10,1854
11,1875
12,1927
13,1872
14,1847
15,1872
16,1903
17,1838
18,1818
19,1809
20,1900
21,1879
22,1863
23,1863
24,1911
25,1875
26,1854
27,1845
28,1872
29,1921
30,1843
31,1842
32,1888
33,1869
34,1826
35,1813
36,1812
37,1886
38,1862
39,1857
40,1837
41,1879
42,1867
43,1854
44,1858
45,1917
46,1890
47,1840
48,1837
49,1886
50,1850
51,1819
52,1821
53,1835
54,1867
55,1859
56,1849
57,1883
58,1898
59,1860
60,1856
61,1868
62,1943
63,1872
64,1842
65,1854
66,1872
67,1838
68,1813
69,1837
70,1888
71,1883
72,1857
73,1887
74,1919
75,1875
76,1857
77,1859
78,1903
79,1938
80,1854
81,1840
82,1856
83,1867
84,1814
85,1809
86,1847
87,1905
88,1859
89,1856
90,1872
91,1893
92,1867
93,1855
94,1883
95,1911
96,1894
97,1843
98,1873
99,1894
100,1851
101,1818
102,1815
103,1853
104,1898
105,1857
106,1858
107,1910
108,1901
109,1856
110,1853
111,1856
112,1905
113,1863
114,1838
115,1887
116,1859
117,1827
118,1813
119,1808
120,1861
121,1872
122,1840
123,1818
124,1911
125,1878
126,1859
127,1856
128,1882
129,1909
130,1858
131,1831
132,1862
133,1875
134,1821
135,1815
136,1869
137,1865
138,1863
139,1858
140,1840
141,1922
142,1866
143,1859
144,1853
145,1915
146,1885
147,1841
148,1854
149,1867
150,1846
151,1817
152,1826
153,1881
154,1906
155,1854
156,1851
157,1883
158,1895
159,1858
160,1853
161,1878
162,1909
163,1866
164,1842
165,1872
166,1882
167,1829
168,1812
169,1820
170,1867
171,1872
172,1869
173,1871
174,1902
175,1873
176,1851
177,1851
178,1873
179,1933
180,1855
181,1850
182,1890
183,1870
184,1827
185,1820
186,1847
187,1850
188,1866
189,1863
190,1867
191,1919
192,1862
193,1851
194,1878
195,1895
196,1886
197,1843
198,1861
199,1877
200,1839
201,1810
202,1810
203,1854
204,1891
205,1853
206,1855
207,1903
208,1889
209,1853
210,1845
211,1874
212,1894
213,1866
214,1842
215,1866
216,1885
217,1828
218,1814
219,1818
220,1852
221,1878
222,1856
223,1866
224,1929
225,1875
226,1856
227,1863
228,1904
229,1923
230,1847
231,1839
232,1856
233,1867
234,1814
235,1824
236,1872
237,1883
238,1843
239,1855
240,1872
241,1924
242,1872
243,1856
244,1845
245,1898
246,1885
247,1843
248,1813
249,1872
250,1842
251,1814
252,1813
253,1843
254,1900
255,1859
256,1854
257,1882
258,1901
259,1856
260,1856
261,1888
262,1918
263,1866
264,1836
265,1866
266,1865
267,1829
268,1808
269,1840
270,1857
271,1879
272,1859
273,1892
274,1923
275,1881
276,1856
277,1854
278,1907
279,1917
280,1858
281,1840
282,1872
283,1868
284,1824
285,1820
286,1842
287,1875
288,1861
289,1856
290,1879
291,1885
292,1863
293,1858
294,1872
295,1874
296,1879
297,1838
298,1887
299,1891
300,1852
301,1814
302,1825
303,1839
304,1891
305,1862
306,1852
307,1920
308,1888
309,1859
310,1851
311,1875
312,1943
313,1862
314,1843
315,1840
316,1866
317,1830
318,1813
319,1839
320,1901
321,1877
322,1847
323,1857
324,1925
325,1871
326,1847
327,1853
328,1863
329,1898
330,1835
331,1834
332,1878
333,1863
334,1823
335,1822
336,1847
337,1894
338,1865
339,1854
340,1916
341,1935
342,1861
343,1853
344,1862
345,1917
346,1879
347,1837
348,1852
349,1872
350,1843
351,1819
352,1834
353,1866
354,1883
355,1851
356,1846
357,1926
358,1873
359,1858
360,1855
361,1880
362,1926
363,1855
364,1840
365,1889
366,1882
367,1830
368,1813
369,1810
370,1861
371,1873
372,1858
373,1907
374,1928
375,1872
376,1855
377,1859
378,1874
379,1905
380,1847
381,1840
382,1867
383,1863
384,1810
385,1819
386,1856
387,1883
388,1863
389,1854
390,1901
391,1920
392,1858
393,1855
394,1871
395,1894
396,1882
397,1845
398,1906
399,1893
400,1846
401,1809
402,1826
403,1827
404,1889
405,1856
406,1856
407,1965
408,1895
409,1861
410,1858
411,1870
412,1885
413,1867
414,1843
415,1872
416,1905
417,1825
418,1808
419,1819
420,1873
421,1869
422,1856
423,1911
424,1926
425,1872
426,1856
427,1853
428,1918
429,1901
430,1855
431,1846
432,1907
433,1856
434,1815
435,1819
436,1835
437,1876
438,1865
439,1853
440,1873
441,1921
442,1861
443,1858
444,1853
445,1936
446,1872
447,1838
448,1870
449,1841
450,1836
451,1816
452,1819
453,1823
454,1890
455,1856
456,1855
457,1919
458,1888
459,1856
460,1857
461,1910
462,1888
463,1857
464,1847
465,1855
466,1857
467,1825
468,1810
469,1835
470,1854
471,1872
472,1855
473,1843
474,1895
475,2774
476,1328
477,2128
478,2383
479,2421
480,2322
481,2235
482,2144
483,1898
484,1618
485,1387
486,1398
487,1653
488,1771
489,1818
490,1834
491,1851
492,1818
493,1805
494,1805
495,1866
496,1824
497,1789
498,1802
499,1806
500,1783
501,1766
502,1801
503,1819
504,1881
505,1856
506,2167
507,1018
508,2055
509,2363
510,2403
511,2384
512,2292
513,2071
514,1805
515,1606
516,1392
517,1456
518,1664
519,1776
520,1832
521,1845
522,1827
523,1867
524,1877
525,1837
526,1808
527,1794
528,1831
529,1875
530,1832
531,1840
532,1897
533,1869
534,1823
535,1830
536,1847
537,1897
538,609
539,1904
540,2338
541,2467
542,2403
543,2267
544,2093
545,1888
546,1584
547,1316
548,1466
549,1727
550,1776
551,1791
552,1798
553,1811
554,1859
555,1810
556,1809
557,1834
558,1843
559,1826
560,1840
561,1866
562,1908
563,1872
564,1847
565,1858
566,1883
567,1850
568,1840
569,579
570,1773
571,2356
572,2532
573,2526
574,2428
575,2227
576,1950
577,1603
578,1319
579,1447
580,1614
581,1619
582,1709
583,1781
584,1773
585,1777
586,1803
587,1863
588,1808
589,1827
590,1883
591,1904
592,1872
593,1872
594,1878
595,1945
596,1896
597,1870
598,1904
599,1898
600,1682
601,1501
602,2205
603,2448
604,2455
605,2342
606,2170
607,1941
608,1535
609,1291
610,1459
611,1701
612,1829
613,1827
614,1819
615,1861
616,1819
617,1756
618,1775
619,1804
620,1840
621,1844
622,1847
623,1910
624,1918
625,1874
626,1867
627,1849
628,1883
629,1910
630,1866
631,2794
632,1248
633,2110
634,2368
635,2405
636,2351
637,2267
638,1936
639,1467
640,1328
641,1558
642,1718
643,1797
644,1837
645,1842
646,1853
647,1802
648,1863
649,1836
650,1790
651,1783
652,1799
653,1862
654,1887
655,1865
656,1872
657,1897
658,1901
659,1879
660,1880
661,1920
662,2241
663,879
664,1952
665,2343
666,2410
667,2352
668,2202
669,1947
670,1458
671,1313
672,1503
673,1786
674,1843
675,1852
676,1840
677,1851
678,1856
679,1855
680,1797
681,1776
682,1847
683,1849
684,1823
685,1839
686,1886
687,1898
688,1887
689,1895
690,1921
691,1943
692,1894
693,1885
694,528
695,1939
696,2384
697,2496
698,2449
699,2341
700,2011
701,1427
702,1230
703,1525
704,1746
705,1797
706,1829
707,1895
708,1859
709,1813
710,1793
711,1818
712,1848
713,1820
714,1818
715,1840
716,1872
717,1840
718,1837
719,1854
720,1937
721,1886
722,1871
723,1904
724,1957
725,588
726,1806
727,2337
728,2531
729,2519
730,2326
731,2022
732,1446
733,1202
734,1452
735,1689
736,1755
737,1901
738,1830
739,1831
740,1885
741,1837
742,1790
743,1793
744,1812
745,1889
746,1872
747,1842
748,1856
749,1920
750,1856
751,1841
752,1837
753,1920
754,1906
755,1880
756,1616
757,1472
758,2286
759,2538
760,2553
761,2476
762,2161
763,1490
764,1130
765,1499
766,1712
767,1746
768,1779
769,1790
770,1854
771,1822
772,1792
773,1822
774,1854
775,1819
776,1830
777,1857
778,1916
779,1915
780,1865
781,1863
782,1931
783,1883
784,1847
785,1843
786,1856
787,3002
788,1217
789,2157
790,2523
791,2559
792,2437
793,2162
794,1570
795,1218
796,1472
797,1682
798,1773
799,1898
800,1810
801,1788
802,1763
803,1776
804,1817
805,1795
806,1833
807,1866
808,1872
809,1853
810,1878
811,1897
812,1936
813,1890
814,1850
815,1893
816,1906
817,1842
818,1965
819,795
820,2084
821,2480
822,2586
823,2533
824,2307
825,1647
826,1105
827,1439
828,1727
829,1827
830,1807
831,1808
832,1837
833,1808
834,1747
835,1750
836,1781
837,1850
838,1840
839,1849
840,1887
841,1907
842,1871
843,1872
844,1877
845,1957
846,1893
847,1858
848,1898
849,1872
850,525
851,1811
852,2335
853,2554
854,2503
855,2274
856,1766
857,1196
858,1390
859,1639
860,1760
861,1843
862,1879
863,1808
864,1795
865,1818
866,1792
867,1771
868,1777
869,1808
870,1854
871,1881
872,1875
873,1901
874,1981
875,1893
876,1879
877,1876
878,1958
879,1920
880,1872
881,741
882,1616
883,2302
884,2512
885,2499
886,2349
887,1870
888,1167
889,1313
890,1712
891,1811
892,1837
893,1840
894,1856
895,1898
896,1811
897,1776
898,1796
899,1821
900,1809
901,1815
902,1841
903,1854
904,1904
905,1882
906,1872
907,1963
908,1906
909,1876
910,1878
911,1915
912,1668
913,1390
914,2174
915,2464
916,2513
917,2327
918,1911
919,1200
920,1245
921,1624
922,1770
923,1851
924,1906
925,1845
926,1825
927,1807
928,1830
929,1840
930,1808
931,1862
932,1909
933,1872
934,1842
935,1850
936,1892
937,1947
938,1900
939,1892
940,1998
941,1933
942,1885
943,2733
944,1361
945,2278
946,2540
947,2559
948,2447
949,2105
950,1247
951,1179
952,1567
953,1738
954,1837
955,1808
956,1826
957,1892
958,1819
959,1794
960,1794
961,1865
962,1887
963,1841
964,1840
965,1875
966,1876
967,1845
968,1840
969,1858
970,1924
971,1888
972,1872
973,1903
974,2113
975,903
976,2082
977,2499
978,2637
979,2518
980,2151
981,1361
982,1188
983,1504
984,1680
985,1751
986,1815
987,1860
988,1808
989,1795
990,1874
991,1827
992,1802
993,1823
994,1843
995,1926
996,1873
997,1856
998,1883
999,1886
1000,1851
1001,1840
1002,1837
1003,1859
1004,1901
1005,1871
1006,542
1007,1937
1008,2455
1009,2595
1010,2514
1011,2286
1012,1613
1013,1134
1014,1461
1015,1747
1016,1808
1017,1786
1018,1788
1019,1783
1020,1840
1021,1793
1022,1787
1023,1799
1024,1876
1025,1843
1026,1847
1027,1857
1028,1899
1029,1904
1030,1865
1031,1884
1032,1904
1033,1872
1034,1845
1035,1846
1036,1855
1037,751
1038,1837
1039,2383
1040,2656
1041,2583
1042,2288
1043,1625
1044,1111
1045,1475
1046,1703
1047,1767
1048,1808
1049,1824
1050,1794
1051,1762
1052,1777
1053,1822
1054,1823
1055,1808
1056,1847
1057,1884
1058,1875
1059,1862
1060,1870
1061,1907
1062,1962
1063,1885
1064,1872
1065,1878
1066,1873
1067,1840
1068,1557
1069,1558
1070,2303
1071,2581
1072,2596
1073,2434
1074,1861
1075,1126
1076,1338
1077,1681
1078,1818
1079,1845
1080,1810
1081,1788
1082,1835
1083,1783
1084,1749
1085,1756
1086,1795
1087,1873
1088,1844
1089,1854
1090,1873
1091,1905
1092,1874
1093,1871
1094,1903
1095,1911
1096,1885
1097,1856
1098,1885
1099,1878
1100,1840
1101,1823
1102,1835
1103,1881
1104,1887
1105,1849
1106,1849
1107,1932
1108,1869
1109,1842
1110,1855
1111,1888
1112,1893
1113,1849
1114,1840
1115,1882
1116,1869
1117,1818
1118,1811
1119,1849
1120,1904
1121,1855
1122,1852
1123,1871
1124,1899
1125,1856
1126,1851
1127,1854
1128,1921
1129,1877
1130,1840
1131,1861
1132,1877
1133,1840
1134,1803
1135,1807
1136,1873
1137,1872
1138,1834
1139,1840
1140,1874
1141,1887
1142,1843
1143,1842
1144,1856
1145,1891
1146,1861
1147,1834
1148,1872
1149,1875
1150,1827
1151,1809
1152,1819
1153,1891
1154,1872
1155,1847
1156,1898
1157,1911
1158,1872
1159,1841
1160,1847
1161,1878
1162,1883
1163,1846
1164,1827
1165,1851
1166,1856
1167,1809
1168,1806
1169,1870
1170,1867
1171,1861
1172,1847
1173,1879
1174,1910
1175,1857
1176,1843
1177,1846
1178,1904
1179,1883
1180,1837
1181,1820
1182,1871
1183,1840
1184,1813
1185,1818
1186,1851
1187,1893
1188,1852
1189,1856
1190,1890
1191,1889
1192,1854
1193,1847
1194,1873
1195,1935
1196,1858
1197,1833
1198,1872
1199,1857
1200,1820
1201,1814
1202,1835
1203,1872
1204,1874
1205,1856
1206,1899
1207,1923
1208,1872
1209,1850
1210,1843
1211,1889
1212,1907
1213,1841
1214,1838
1215,1892
1216,1866
1217,1814
1218,1819
1219,1841
1220,1872
1221,1861
1222,1855
1223,1851
1224,1904
1225,1857
1226,1849
1227,1851
1228,1904
1229,1883
1230,1840
1231,1890
1232,1872
1233,1842
1234,1819
1235,1830
1236,1854
1237,1893
1238,1847
1239,1857
1240,1919
1241,1893
1242,1856
1243,1856
1244,1856
1245,1906
1246,1861
1247,1834
1248,1922
1249,1859
1250,1829
1251,1814
1252,1849
1253,1862
1254,1872
1255,1840
1256,1888
1257,1906
1258,1866
1259,1854
1260,1843
1261,1899
1262,1910
1263,1851
1264,1840
1265,1884
1266,1867
1267,1819
1268,1814
1269,1847
1270,1919
1271,1862
1272,1855
1273,1872
1274,1889
1275,1857
1276,1847
1277,1863
1278,1905
1279,1874
1280,1840
1281,1841
1282,1856
1283,1846
1284,1813
1285,1834
1286,1800
1287,1889
1288,1847
1289,1855
1290,1915
1291,1903
1292,1856
1293,1857
1294,1851
1295,1932
1296,1856
1297,1845
1298,1879
1299,1877
1300,1831
1301,1820
1302,1834
1303,1879
1304,1872
1305,1851
1306,1880
1307,1892
1308,1872
1309,1859
1310,1868
1311,1899
1312,1911
1313,1853
1314,1830
1315,1890
1316,1857
1317,1815
1318,1809
1319,1840
1320,1894
1321,1856
1322,1857
1323,1893
1324,1901
1325,1866
1326,1856
1327,1871
1328,1877
1329,1878
1330,1842
1331,1819
1332,1867
1333,1842
1334,1814
1335,1808
1336,1866
1337,1892
1338,1847
1339,1866
1340,1891
1341,1890
1342,1856
1343,1854
1344,1862
1345,1904
1346,1853
1347,1835
1348,1865
1349,1882
1350,1822
1351,1809
1352,1826
1353,1894
1354,1872
1355,1855
1356,1851
1357,1931
1358,1872
1359,1856
1360,1842
1361,1884
1362,1904
1363,1849
1364,1835
1365,1842
1366,1858
1367,1821
1368,1821
1369,1849
1370,1891
1371,1862
1372,1851
1373,1887
1374,1911
1375,1856
1376,1846
1377,1855
1378,1887
1379,1881
1380,1840
1381,1870
1382,1894
1383,1840
1384,1814
1385,1815
1386,1834
1387,1890
1388,1847
1389,1861
1390,1899
1391,1885
1392,1856
1393,1843
1394,1868
1395,1882
1396,1858
1397,1840
1398,1843
1399,1859
1400,1825
1401,1810
1402,1813
1403,1866
1404,1866
1405,1840
1406,1840
1407,1931
1408,1871
1409,1842
1410,1861
1411,1875
1412,1899
1413,1840
1414,1840
1415,1918
1416,1855
1417,1808
1418,1823
1419,1877
1420,1904
1421,1858
1422,1856
1423,1894
1424,1904
1425,1861
1426,1855
1427,1840
1428,1894
1429,1874
1430,1840
1431,1854
1432,1868
1433,1840
1434,1813
1435,1815
1436,1817
1437,1879
1438,1840
1439,1843
1440,1901
1441,1884
1442,1855
1443,1855
1444,1871
1445,1945
1446,1854
1447,1833
1448,1850
1449,1873
1450,1825
1451,1815
1452,1833
1453,1911
1454,1879
1455,1850
1456,1866
1457,1910
1458,1871
1459,1855
1460,1854
1461,1882
1462,1898
1463,1850
1464,1856
1465,1877
1466,1847
1467,1811
1468,1811
1469,1860
1470,1892
1471,1856
1472,1856
1473,1932
1474,1899
1475,1862
1476,1850
1477,1856
1478,1906
1479,1874
1480,1841
1481,1839
1482,1861
1483,1838
1484,1818
1485,1830
1486,1904
1487,1887
1488,1856
1489,1863
1490,1917
1491,1889
1492,1857
1493,1856
1494,1866
1495,1907
1496,1855
1497,1833
1498,1842
1499,1898
1500,1831
1501,1813
1502,1847
1503,1874
1504,1872
1505,1858
1506,1850
1507,1946
1508,1871
1509,1851
1510,1872
1511,1883
1512,1902
1513,1847
1514,1841
1515,1855
1516,1854
1517,1810
1518,1818
1519,1840
1520,1868
1521,1854
1522,1841
1523,1869
1524,1881
1525,1857
1526,1840
1527,1861
1528,1889
1529,1866
1530,1814
1531,1825
1532,1853
1533,1840
1534,1817
1535,1837
1536,1879
1537,1887
1538,1856
1539,1861
1540,1914
1541,1883
1542,1857
1543,1857
1544,1898
1545,1889
1546,1857
1547,1838
1548,1859
1549,1890
1550,1825
1551,1822
1552,1847
1553,1850
1554,1869
1555,1849
1556,1844
1557,1903
1558,1863
1559,1857
1560,1853
1561,1883
1562,1895
1563,1839
1564,1850
1565,1857
1566,1852
1567,1817
1568,1822
1569,1846
1570,1900
1571,1863
1572,1857
1573,1872
1574,1909
1575,1857
1576,1854
1577,1893
1578,1903
1579,1872
1580,1840
1581,1829
1582,1878
1583,1835
1584,1808
1585,1824
1586,1820
1587,1877
1588,1845
1589,1856
1590,1883
1591,1883
1592,1856
1593,1857
1594,1886
1595,1920
1596,1867
1597,1831
1598,1875
1599,1861
1600,1827
1601,1811
1602,1859
1603,1872
1604,1866
1605,1857
1606,1865
1607,1892
1608,1869
1609,1855
1610,1860
1611,1921
1612,1890
1613,1844
1614,1844
1615,1856
1616,1839
1617,1811
1618,1815
1619,1831
1620,1865
1621,1847
1622,1855
1623,1886
1624,1901
1625,1857
1626,1859
1627,1872
1628,1889
1629,1872
1630,1834
1631,1910
1632,1856
1633,1834
1634,1808
1635,1830
1636,1859
1637,1879
1638,1854
1639,1842
1640,1919
1641,1881
1642,1858
1643,1854
1644,1872
1645,1938
1646,1849
1647,1823
1648,1841
1649,1863
1650,1829
1651,1814
1652,1879
1653,1871
1654,1870
1655,1863
1656,1870
1657,1903
1658,1869
1659,1856
1660,1841
1661,1899
1662,1893
1663,1845
1664,1851
1665,1872
1666,1851
1667,1818
1668,1821
1669,1854
1670,1879
1671,1858
1672,1861
1673,1879
1674,1874
1675,1853
1676,1849
1677,1841
1678,1896
1679,1877
1680,1842
1681,1868
1682,1895
1683,1837
1684,1817
1685,1833
1686,1884
1687,1878
1688,1856
1689,1862
1690,1904
1691,1884
1692,1857
1693,1863
1694,1904
1695,1939
1696,1851
1697,1831
1698,1857
1699,1852
1700,1815
1701,1811
1702,1838
1703,1893
1704,1866
1705,1852
1706,1899
1707,1906
1708,1869
1709,1842
1710,1874
1711,1870
1712,1897
1713,1842
1714,1840
1715,1885
1716,1846
1717,1814
1718,1810
1719,1883
1720,1919
1721,1855
1722,1853
1723,1888
1724,1904
1725,1857
1726,1844
1727,1869
1728,1875
1729,1872
1730,1830
1731,1846
1732,1857
1733,1829
1734,1808
1735,1828
1736,1853
1737,1879
1738,1851
1739,1843
1740,1920
1741,1878
1742,1854
1743,1853
1744,1883
1745,1921
1746,1855
1747,1840
1748,1849
1749,1872
1750,1821
1751,1809
1752,1843
1753,1904
1754,1869
1755,1856
1756,1903
1757,1881
1758,1869
1759,1853
1760,1862
1761,1916
1762,1893
1763,1841
1764,1841
1765,1867
1766,1842
1767,1810
1768,1811
1769,1840
1770,1919
1771,1856
1772,1853
1773,1936
1774,1899
1775,1861
1776,1854
1777,1885
1778,1901
1779,1870
1780,1843
1781,1837
1782,1874
1783,1833
1784,1813
1785,1821
1786,1877
1787,1880
1788,1854
1789,1890
1790,1873
1791,1874
1792,1855
1793,1856
1794,1904
1795,1907
1796,1849
1797,1838
1798,1854
1799,1861
1800,1814
1801,1808
1802,1862
1803,1866
1804,1859
1805,1860
1806,1903
1807,1907
1808,1868
1809,1854
1810,1867
1811,1906
1812,1889
1813,1846
1814,1855
1815,1897
1816,1848
1817,1815
1818,1810
1819,1856
1820,1907
1821,1857
1822,1859
1823,1898
1824,1888
1825,1853
1826,1845
1827,1866
1828,1903
1829,1858
1830,1826
1831,1867
1832,1873
1833,1830
1834,1816
1835,1821
1836,1859
1837,1883
1838,1859
1839,1889
1840,1903
1841,1872
1842,1855
1843,1856
1844,1891
1845,1927
1846,1841
1847,1851
1848,1855
1849,1865
1850,1822
1851,1819
1852,1846
1853,1946
1854,1861
1855,1847
1856,1872
1857,1932
1858,1860
1859,1853
1860,1842
1861,1887
1862,1891
1863,1843
1864,1883
1865,1893
1866,1843
1867,1823
1868,1829
1869,1827
1870,1889
1871,1869
1872,1856
1873,1895
1874,1891
1875,1857
1876,1855
1877,1893
1878,1951
1879,1867
1880,1840
1881,1862
1882,1859
1883,1829
1884,1808
1885,1824
1886,1861
1887,1858
1888,1849
1889,1869
1890,1932
1891,1876
1892,1854
1893,1852
1894,1855
1895,1895
1896,1849
1897,1849
1898,1849
1899,1865
1900,1823
1901,1810
1902,1835
1903,1866
1904,1863
1905,1850
1906,1894
1907,1927
1908,1865
1909,1858
1910,1882
1911,1879
1912,1887
1913,1840
1914,1834
1915,1863
1916,1840
1917,1809
1918,1814
1919,1849
1920,1889
1921,1847
1922,1851
1923,1859
1924,1885
1925,1857
1926,1853
1927,1877
1928,1943
1929,1867
1930,1843
1931,1887
1932,1894
1933,1834
1934,1818
1935,1825
1936,1882
1937,1872
1938,1857
1939,1872
1940,1917
1941,1875
1942,1854
1943,1854
1944,1875
1945,1907
1946,1842
1947,1840
1948,1889
1949,1869
1950,1822
1951,1815
1952,1840
1953,1842
1954,1871
1955,1864
1956,1870
1957,1883
1958,1863
1959,1854
1960,1858
1961,1905
1962,1888
1963,1846
1964,1840
1965,1866
1966,1844
1967,1815
1968,1813
1969,1861
1970,1886
1971,1851
1972,1858
1973,1883
1974,1886
1975,1854
1976,1849
1977,1874
1978,1893
1979,1859
1980,1843
1981,1887
1982,1875
1983,1823
1984,1814
1985,1836
1986,1911
1987,1876
1988,1855
1989,1859
1990,1908
1991,1874
1992,1853
1993,1856
1994,1884
1995,1872
1996,1851
1997,1835
1998,1877
1999,1853
2000,1814
2001,1808
2002,1837
2003,1876
2004,1856
2005,1846
2006,1880
2007,1888
2008,1856
2009,1844
2010,1857
2011,1901
2012,1876
2013,1841
2014,1811
2015,1872
2016,1839
2017,1814
2018,1808
2019,1822
2020,1887
2021,1854
2022,1858
2023,1881
2024,1890
2025,1860
2026,1853
2027,1875
2028,1916
2029,1866
2030,1825
2031,1835
2032,1857
2033,1826
2034,1808
2035,1830
2036,1873
2037,1870
2038,1843
2039,1834
2040,1883
2041,1873
2042,1855
2043,1856
2044,1910
2045,1906
2046,1843
2047,1839
2048,1916
2049,1866
2050,1821
2051,1823
2052,1833
2053,1865
2054,1857
2055,1856
2056,1863
2057,1926
2058,1865
2059,1855
2060,1861
2061,1927
2062,1878
2063,1851
2064,1840
2065,1840
2066,1837
2067,1809
2068,1809
2069,1865
2070,1891
2071,1850
2072,1854
2073,1935
2074,1890
2075,1858
2076,1851
2077,1900
2078,1890
2079,1859
2080,1840
2081,1827
2082,1872
2083,1831
2084,1814
2085,1822
2086,1861
2087,1872
2088,1851
2089,1872
2090,1920
2091,1875
2092,1853
2093,1853
2094,1900
2095,1897
2096,1835
2097,2827
2098,1153
2099,1931
2100,2204
2101,2278
2102,2256
2103,2253
2104,2096
2105,1877
2106,1631
2107,1410
2108,1466
2109,1685
2110,1802
2111,1867
2112,1872
2113,1834
2114,1842
2115,1835
2116,1808
2117,1775
2118,1776
2119,1838
2120,1854
2121,1818
2122,1831
2123,1909
2124,1886
2125,1865
2126,1862
2127,1892
2128,2480
2129,862
2130,1826
2131,2194
2132,2338
2133,2258
2134,2161
2135,2015
2136,1787
2137,1522
2138,1374
2139,1584
2140,1827
2141,1866
2142,1861
2143,1872
2144,1936
2145,1911
2146,1853
2147,1833
2148,1901
2149,1851
2150,1811
2151,1821
2152,1866
2153,1923
2154,1878
2155,1886
2156,1933
2157,1933
2158,1891
2159,1890
2160,723
2161,2032
2162,2417
2163,2501
2164,2457
2165,2347
2166,2091
2167,1781
2168,1447
2169,1248
2170,1559
2171,1718
2172,1787
2173,1840
2174,1866
2175,1840
2176,1826
2177,1834
2178,1907
2179,1814
2180,1803
2181,1867
2182,1855
2183,1833
2184,1822
2185,1841
2186,1872
2187,1887
2188,1871
2189,1923
2190,1956
2191,656
2192,1808
2193,2341
2194,2547
2195,2519
2196,2367
2197,2162
2198,1951
2199,1488
2200,1223
2201,1456
2202,1633
2203,1715
2204,1753
2205,1806
2206,1843
2207,1891
2208,1809
2209,1798
2210,1850
2211,1894
2212,1855
2213,1838
2214,1859
2215,1904
2216,1864
2217,1840
2218,1859
2219,1877
2220,1901
2221,1878
2222,1110
2223,1647
2224,2263
2225,2433
2226,2433
2227,2346
2228,2195
2229,1802
2230,1397
2231,1460
2232,1618
2233,1744
2234,1792
2235,1825
2236,1856
2237,1856
2238,1819
2239,1826
2240,1867
2241,1823
2242,1814
2243,1837
2244,1853
2245,1904
2246,1847
2247,1854
2248,1873
2249,1879
2250,1840
2251,1840
2252,1853
2253,2875
2254,1254
2255,2122
2256,2430
2257,2488
2258,2375
2259,2192
2260,1871
2261,1393
2262,1357
2263,1589
2264,1813
2265,1834
2266,1824
2267,1808
2268,1808
2269,1845
2270,1831
2271,1787
2272,1793
2273,1854
2274,1859
2275,1840
2276,1847
2277,1872
2278,1922
2279,1875
2280,1867
2281,1861
2282,1924
2283,1851
2284,2114
2285,896
2286,2095
2287,2414
2288,2490
2289,2465
2290,2318
2291,1926
2292,1340
2293,1311
2294,1643
2295,1786
2296,1807
2297,1819
2298,1895
2299,1829
2300,1762
2301,1744
2302,1747
2303,1798
2304,1809
2305,1818
2306,1855
2307,1890
2308,1862
2309,1856
2310,1855
2311,1933
2312,1901
2313,1863
2314,1892
2315,1936
2316,655
2317,1926
2318,2365
2319,2512
2320,2506
2321,2331
2322,1929
2323,1361
2324,1295
2325,1535
2326,1717
2327,1808
2328,1858
2329,1833
2330,1804
2331,1831
2332,1810
2333,1760
2334,1753
2335,1773
2336,1903
2337,1863
2338,1865
2339,1872
2340,1954
2341,1891
2342,1875
2343,1865
2344,1923
2345,1924
2346,1872
2347,621
2348,1625
2349,2237
2350,2439
2351,2460
2352,2365
2353,2020
2354,1273
2355,1205
2356,1622
2357,1804
2358,1824
2359,1842
2360,1855
2361,1895
2362,1833
2363,1785
2364,1787
2365,1830
2366,1807
2367,1806
2368,1815
2369,1914
2370,1913
2371,1891
2372,1871
2373,1930
2374,1922
2375,1889
2376,1883
2377,1905
2378,1184
2379,1454
2380,2133
2381,2375
2382,2480
2383,2352
2384,1942
2385,1223
2386,1200
2387,1596
2388,1776
2389,1815
2390,1933
2391,1874
2392,1847
2393,1841
2394,1853
2395,1855
2396,1808
2397,1819
2398,1875
2399,1886
2400,1846
2401,1856
2402,1886
2403,1958
2404,1900
2405,1902
2406,1954
2407,1963
2408,1893
2409,2487
2410,1420
2411,2278
2412,2546
2413,2559
2414,2447
2415,2125
2416,1232
2417,1166
2418,1520
2419,1723
2420,1842
2421,1831
2422,1837
2423,1873
2424,1835
2425,1783
2426,1777
2427,1815
2428,1904
2429,1840
2430,1825
2431,1863
2432,1885
2433,1842
2434,1837
2435,1837
2436,1951
2437,1904
2438,1873
2439,1878
2440,2459
2441,1062
2442,2146
2443,2545
2444,2693
2445,2533
2446,2093
2447,1266
2448,1195
2449,1556
2450,1712
2451,1776
2452,1818
2453,1903
2454,1824
2455,1793
2456,1814
2457,1835
2458,1793
2459,1806
2460,1859
2461,1923
2462,1879
2463,1851
2464,1891
2465,1908
2466,1862
2467,1840
2468,1861
2469,1895
2470,1904
2471,1881
2472,623
2473,1976
2474,2496
2475,2619
2476,2557
2477,2258
2478,1520
2479,1153
2480,1499
2481,1783
2482,1825
2483,1786
2484,1792
2485,1797
2486,1831
2487,1796
2488,1782
2489,1833
2490,1837
2491,1840
2492,1841
2493,1870
2494,1894
2495,1902
2496,1847
2497,1856
2498,1899
2499,1877
2500,1840
2501,1840
2502,1851
2503,704
2504,1795
2505,2387
2506,2599
2507,2582
2508,2264
2509,1486
2510,1099
2511,1530
2512,1743
2513,1796
2514,1838
2515,1834
2516,1808
2517,1766
2518,1763
2519,1759
2520,1814
2521,1802
2522,1819
2523,1917
2524,1882
2525,1860
2526,1862
2527,1900
2528,1925
2529,1873
2530,1856
2531,1918
2532,1888
2533,1845
2534,1413
2535,1568
2536,2359
2537,2622
2538,2641
2539,2427
2540,1745
2541,1108
2542,1392
2543,1667
2544,1831
2545,1847
2546,1810
2547,1814
2548,1838
2549,1776
2550,1731
2551,1744
2552,1797
2553,1879
2554,1845
2555,1861
2556,1904
2557,1905
2558,1872
2559,1863
2560,1859
2561,1961
2562,1895
2563,1867
2564,1911
2565,2501
2566,1189
2567,2081
2568,2462
2569,2547
2570,2405
2571,1712
2572,1088
2573,1429
2574,1698
2575,1791
2576,1826
2577,1871
2578,1938
2579,1835
2580,1795
2581,1795
2582,1834
2583,1791
2584,1799
2585,1822
2586,1884
2587,1891
2588,1878
2589,1936
2590,1929
2591,1901
2592,1881
2593,1882
2594,1918
2595,1920
2596,2147
2597,914
2598,1978
2599,2386
2600,2491
2601,2387
2602,1893
2603,1269
2604,1343
2605,1671
2606,1802
2607,1872
2608,1855
2609,1845
2610,1867
2611,1887
2612,1808
2613,1779
2614,1860
2615,1856
2616,1845
2617,1845
2618,1843
2619,1859
2620,1890
2621,1871
2622,1888
2623,1967
2624,1913
2625,1883
2626,1880
2627,1910
2628,775
2629,1839
2630,2367
2631,2559
2632,2480
2633,1990
2634,1172
2635,1271
2636,1735
2637,1802
2638,1810
2639,1835
2640,1915
2641,1856
2642,1813
2643,1801
2644,1823
2645,1849
2646,1817
2647,1824
2648,1927
2649,1875
2650,1847
2651,1855
2652,1882
2653,1946
2654,1901
2655,1882
2656,1911
2657,1939
2658,1888
2659,726
2660,1831
2661,2411
2662,2621
2663,2559
2664,2176
2665,1414
2666,1195
2667,1530
2668,1695
2669,1872
2670,1845
2671,1840
2672,1786
2673,1840
2674,1809
2675,1776
2676,1779
2677,1852
2678,1919
2679,1872
2680,1870
2681,1887
2682,1866
2683,1809
2684,1814
2685,1814
2686,1872
2687,1886
2688,1872
2689,1886
2690,1488
2691,1486
2692,2239
2693,2583
2694,2633
2695,2281
2696,1438
2697,1210
2698,1575
2699,1760
2700,1775
2701,1765
2702,1789
2703,1907
2704,1823
2705,1808
2706,1824
2707,1844
2708,1818
2709,1836
2710,1852
2711,1913
2712,1879
2713,1863
2714,1899
2715,1922
2716,1867
2717,1843
2718,1878
2719,1882
2720,1904
2721,1869
2722,1888
2723,1943
2724,1887
2725,1866
2726,1859
2727,1879
2728,1909
2729,1866
2730,1841
2731,1894
2732,1883
2733,1830
2734,1819
2735,1813
2736,1868
2737,1867
2738,1856
2739,1905
2740,1887
2741,1866
2742,1852
2743,1849
2744,1920
2745,1891
2746,1842
2747,1830
2748,1854
2749,1849
2750,1813
2751,1812
2752,1883
2753,1933
2754,1852
2755,1844
2756,1890
2757,1890
2758,1846
2759,1843
2760,1877
2761,1904
2762,1862
2763,1840
2764,1870
2765,1850
2766,1829
2767,1808
2768,1840
2769,1859
2770,1875
2771,1844
2772,1851
2773,1903
2774,1878
2775,1845
2776,1845
2777,1883
2778,1949
2779,1839
2780,1840
2781,1872
2782,1869
2783,1817
2784,1809
2785,1847
2786,1898
2787,1856
2788,1833
2789,1906
2790,1907
2791,1855
2792,1850
2793,1850
2794,1923
2795,1883
2796,1831
2797,1907
2798,1878
2799,1843
2800,1806
2801,1814
2802,1868
2803,1887
2804,1853
2805,1854
2806,1872
2807,1895
2808,1849
2809,1842
2810,1872
2811,1901
2812,1853
2813,1831
2814,1828
2815,1867
2816,1822
2817,1805
2818,1834
2819,1849
2820,1878
2821,1845
2822,1895
2823,1897
2824,1877
2825,1853
2826,1857
2827,1904
2828,1919
2829,1850
2830,1833
2831,1875
2832,1873
2833,1815
2834,1814
2835,1834
2836,1887
2837,1856
2838,1847
2839,1894
2840,1899
2841,1856
2842,1850
2843,1856
2844,1927
2845,1879
2846,1831
2847,1821
2848,1856
2849,1840
2850,1805
2851,1811
2852,1870
2853,1906
2854,1855
2855,1853
2856,1878
2857,1894
2858,1850
2859,1852
2860,1879
2861,1895
2862,1869
2863,1839
2864,1843
2865,1884
2866,1833
2867,1815
2868,1828
2869,1865
2870,1881
2871,1855
2872,1894
2873,1949
2874,1872
2875,1847
2876,1853
2877,1861
2878,1907
2879,1846
2880,1840
2881,1851
2882,1861
2883,1826
2884,1822
2885,1820
2886,1864
2887,1859
2888,1855
2889,1919
2890,1906
2891,1872
2892,1857
2893,1847
2894,1904
2895,1882
2896,1841
2897,1840
2898,1889
2899,1831
2900,1808
2901,1822
2902,1845
2903,1890
2904,1856
2905,1863
2906,1927
2907,1887
2908,1851
2909,1843
2910,1866
2911,1882
2912,1863
2913,1839
2914,1886
2915,1858
2916,1834
2917,1813
2918,1814
2919,1847
2920,1877
2921,1843
2922,1856
2923,1931
2924,1873
2925,1855
2926,1852
2927,1894
2928,1894
2929,1854
2930,1840
2931,1870
2932,1869
2933,1822
2934,1808
2935,1871
2936,1859
2937,1858
2938,1851
2939,1875
2940,1885
2941,1869
2942,1855
2943,1839
2944,1965
2945,1885
2946,1851
2947,1883
2948,1863
2949,1843
2950,1820
2951,1812
2952,1828
2953,1907
2954,1856
2955,1861
2956,1902
2957,1901
2958,1858
2959,1853
2960,1877
2961,1883
2962,1868
2963,1830
2964,1873
2965,1856
2966,1823
2967,1809
2968,1811
2969,1849
2970,1872
2971,1853
2972,1885
2973,1927
2974,1878
2975,1854
2976,1852
2977,1906
2978,1913
2979,1852
2980,1840
2981,1911
2982,1871
2983,1825
2984,1822
2985,1830
2986,1883
2987,1863
2988,1859
2989,1895
2990,1899
2991,1862
2992,1854
2993,1867
2994,1885
2995,1879
2996,1845
2997,1825
2998,1877
2999,1841
3000,1808
3001,1827
3002,1847
3003,1904
3004,1857
3005,1855
3006,1898
3007,1889
3008,1861
3009,1849
3010,1869
3011,1951
3012,1860
3013,1828
3014,1847
3015,1899
3016,1827
3017,1823
3018,1827
3019,1895
3020,1879
3021,1856
3022,1872
3023,1904
3024,1874
3025,1856
3026,1855
3027,1869
3028,1906
3029,1843
3030,1835
3031,1931
3032,1869
3033,1825
3034,1814
3035,1829
3036,1918
3037,1872
3038,1857
3039,1888
3040,1898
3041,1871
3042,1857
3043,1859
3044,1958
3045,1883
3046,1847
3047,1830
3048,1877
3049,1847
3050,1818
3051,1818
3052,1879
3053,1904
3054,1853
3055,1840
3056,1901
3057,1886
3058,1851
3059,1853
3060,1906
3061,1935
3062,1866
3063,1840
3064,1861
3065,1871
3066,1829
3067,1814
3068,1860
3069,1861
3070,1875
3071,1852
3072,1873
3073,1891
3074,1872
3075,1854
3076,1844
3077,1895
3078,1909
3079,1851
3080,1846
3081,1886
3082,1865
3083,1821
3084,1815
3085,1853
3086,1886
3087,1851
3088,1846
3089,1907
3090,1938
3091,1862
3092,1847
3093,1859
3094,1904
3095,1885
3096,1825
3097,1832
3098,1858
3099,1836
3100,1818
3101,1813
3102,1867
3103,1893
3104,1856
3105,1861
3106,1947
3107,1889
3108,1854
3109,1856
3110,1872
3111,1909
3112,1863
3113,1842
3114,1831
3115,1854
3116,1818
3117,1809
3118,1830
3119,1881
3120,1876
3121,1851
3122,1858
3123,1878
3124,1869
3125,1854
3126,1854
3127,1906
3128,1903
3129,1843
3130,1839
3131,1842
3132,1858
3133,1820
3134,1821
3135,1821
3136,1872
3137,1858
3138,1854
3139,1856
3140,1927
3141,1861
3142,1851
3143,1856
3144,1904
3145,1872
3146,1826
3147,1872
3148,1872
3149,1834
3150,1808
3151,1817
3152,1851
3153,1893
3154,1853
3155,1850
3156,1895
3157,1885
3158,1853
3159,1847
3160,1856
3161,1881
3162,1857
3163,1839
3164,1837
3165,1863
3166,1826
3167,1814
3168,1867
3169,1876
3170,1871
3171,1845
3172,1886
3173,1920
3174,1867
3175,1846
3176,1855
3177,1840
3178,1900
3179,1845
3180,1837
3181,1878
3182,1863
3183,1819
3184,1822
3185,1841
3186,1905
3187,1871
3188,1842
3189,1878
3190,1925
3191,1860
3192,1854
3193,1856
3194,1935
3195,1874
3196,1834
3197,1808
3198,1870
3199,1836
3200,1813
3201,1829
3202,1861
3203,1883
3204,1849
3205,1871
3206,1921
3207,1890
3208,1859
3209,1847
3210,1863
3211,1883
3212,1865
3213,1845
3214,1904
3215,1873
3216,1837
3217,1823
3218,1824
3219,1844
3220,1843
3221,1854
3222,1877
3223,1927
3224,1878
3225,1865
3226,1856
3227,1907
3228,1905
3229,1840
3230,1838
3231,1843
3232,1838
3233,1787
3234,1808
3235,1832
3236,1905
3237,1843
3238,1859
3239,1867
3240,1889
3241,1855
3242,1849
3243,1873
3244,1874
3245,1881
3246,1856
3247,1856
3248,1885
3249,1859
3250,1827
3251,1817
3252,1836
3253,1878
3254,1834
3255,1857
3256,1965
3257,1953
3258,1927
3259,1921
3260,1935
3261,1956
3262,1846
3263,1751
3264,1796
3265,1843
3266,1817
3267,1804
3268,1841
3269,1885
3270,1835
3271,1808
3272,1853
3273,1909
3274,1862
3275,1835
3276,1827
3277,1904
3278,1891
3279,1845
3280,1838
3281,1859
3282,1859
3283,1811
3284,1815
3285,1879
3286,1943
3287,1862
3288,1859
3289,1904
3290,1918
3291,1876
3292,1872
3293,1845
3294,1936
3295,1875
3296,1825
3297,1791
3298,1872
3299,1847
3300,1813
3301,1803
3302,1854
3303,1895
3304,1845
3305,1831
3306,1905
3307,1893
3308,1851
3309,1837
3310,1877
3311,1872
3312,1853
3313,1840
3314,1841
3315,1874
3316,1811
3317,1794
3318,1827
3319,1829
3320,1855
3321,1839
3322,1869
3323,1891
3324,1861
3325,1848
3326,1855
3327,1881
3328,1888
3329,1838
3330,1837
3331,1869
3332,1861
3333,1823
3334,1821
3335,1822
3336,1897
3337,1858
3338,1855
3339,1917
3340,1907
3341,1854
3342,1845
3343,1846
3344,1937
3345,1872
3346,1838
3347,1860
3348,1865
3349,1849
3350,1823
3351,1841
3352,1895
3353,1919
3354,1863
3355,1861
3356,1915
3357,1870
3358,1825
3359,1846
3360,1924
3361,1942
3362,1870
3363,1831
3364,1872
3365,1838
3366,1809
3367,1808
3368,1839
3369,1889
3370,1868
3371,1847
3372,1899
3373,1938
3374,1869
3375,1841
3376,1840
3377,1856
3378,1891
3379,1829
3380,1829
3381,1885
3382,1867
3383,1816
3384,1808
3385,1857
3386,1901
3387,1854
3388,1840
3389,1904
3390,1917
3391,1853
3392,1845
3393,1893
3394,1898
3395,1871
3396,1840
3397,1853
3398,1907
3399,1840
3400,1809
3401,1811
3402,1899
3403,1893
3404,1857
3405,1859
3406,1936
3407,1868
3408,1838
3409,1838
3410,1855
3411,1895
3412,1853
3413,1838
3414,1875
3415,1861
3416,1823
3417,1818
3418,1875
3419,1871
3420,1870
3421,1829
3422,1887
3423,1869
3424,1842
3425,1829
3426,1834
3427,1902
3428,1894
3429,1839
3430,1840
3431,1904
3432,1859
3433,1813
3434,1813
3435,1860
3436,1904
3437,1858
3438,1859
3439,1931
3440,1901
3441,1851
3442,1840
3443,1840
3444,1875
3445,1871
3446,1828
3447,1842
3448,1870
3449,1837
3450,1807
3451,1854
3452,1856
3453,1898
3454,1859
3455,1850
3456,1904
3457,1890
3458,1851
3459,1843
3460,1891
3461,1919
3462,1847
3463,1831
3464,1893
3465,1901
3466,1835
3467,1814
3468,1839
3469,1933
3470,1871
3471,1859
3472,1875
3473,1913
3474,1867
3475,1840
3476,1821
3477,1958
3478,1895
3479,1841
3480,1845
3481,1878
3482,1866
3483,1815
3484,1810
3485,1856
3486,1946
3487,1851
3488,1841
3489,1899
3490,1898
3491,1850
3492,1839
3493,1856
3494,1945
3495,1863
3496,1830
3497,1849
3498,1909
3499,1830
3500,1803
3501,1799
3502,1855
3503,1892
3504,1847
3505,1840
3506,1919
3507,1874
3508,1837
3509,1830
3510,1867
3511,1937
3512,1844
3513,1836
3514,1882
3515,1887
3516,1808
3517,1808
3518,1827
3519,1926
3520,1867
3521,1850
3522,1889
3523,1907
3524,1859
3525,1838
3526,1855
3527,1885
3528,1897
3529,1831
3530,1855
3531,1874
3532,1856
3533,1807
3534,1806
3535,1840
3536,1904
3537,1843
3538,1827
3539,1915
3540,1891
3541,1845
3542,1839
3543,1856
3544,1926
3545,1858
3546,1828
3547,1879
3548,1871
3549,1827
3550,1803
3551,1829
3552,1869
3553,1890
3554,1847
3555,1874
3556,1907
3557,1877
3558,1841
3559,1840
3560,1893
3561,1927
3562,1845
3563,1849
3564,1914
3565,1872
3566,1808
3567,1795
3568,1809
3569,1872
3570,1871
3571,1857
3572,1877
3573,1926
3574,1866
3575,1843
3576,1857
3577,1893
3578,1904
3579,1840
3580,1843
3581,1853
3582,1858
3583,1815
3584,1822
3585,1839
3586,1870
3587,1850
3588,1845
3589,1945
3590,1901
3591,1847
3592,1840
3593,1849
3594,1936
3595,1856
3596,1815
3597,1842
3598,1856
3599,1819
3600,1786
3601,1794
3602,1840
3603,1879
3604,1836
3605,1863
3606,1933
3607,1872
3608,1829
3609,1835
3610,1855
3611,1858
3612,1827
3613,1830
3614,1856
3615,1872
3616,1808
3617,1789
3618,1797
3619,1855
3620,1870
3621,1847
3622,1872
3623,1916
3624,1856
3625,1830
3626,1829
3627,1861
3628,1887
3629,1818
3630,1871
3631,1856
3632,1842
3633,1802
3634,1808
3635,1811
3636,1887
3637,1845
3638,1837
3639,1895
3640,1902
3641,1849
3642,1840
3643,1863
3644,1903
3645,1857
3646,1814
3647,1853
3648,1885
3649,1822
3650,1796
3651,1803
3652,1910
3653,1879
3654,1837
3655,1840
3656,1917
3657,1871
3658,1835
3659,1840
3660,1858
3661,1910
3662,1840
3663,1825
3664,1886
3665,1872
3666,1809
3667,1805
3668,1797
3669,1869
3670,1866
3671,1855
3672,1856
3673,1913
3674,1863
3675,1846
3676,1844
3677,1919
3678,1893
3679,1830
3680,1835
3681,1888
3682,1850
3683,1805
3684,1802
3685,1850
3686,1904
3687,1866
3688,1856
3689,1938
3690,1904
3691,1849
3692,1849
3693,1856
3694,1904
3695,1872
3696,1837
3697,1822
3698,1868
3699,1823
3700,1798
3701,1792
3702,1890
3703,1890
3704,1847
3705,1842
3706,1923
3707,1877
3708,1843
3709,1846
3710,1917
3711,1947
3712,1834
3713,1831
3714,1856
3715,1872
3716,1802
3717,1794
3718,1840
3719,2587
3720,1333
3721,1930
3722,2330
3723,2512
3724,2587
3725,2549
3726,2304
3727,1716
3728,922
3729,915
3730,1328
3731,1491
3732,1588
3733,1659
3734,1742
3735,1809
3736,1904
3737,1865
3738,1870
3739,1911
3740,1925
3741,1865
3742,1859
3743,1891
3744,1947
3745,1883
3746,1845
3747,1905
3748,1912
3749,1861
3750,2253
3751,1149
3752,2075
3753,2605
3754,2762
3755,2799
3756,2587
3757,2002
3758,1058
3759,616
3760,1174
3761,1535
3762,1650
3763,1741
3764,1831
3765,1878
3766,1843
3767,1840
3768,1886
3769,1900
3770,1884
3771,1872
3772,1902
3773,1963
3774,1897
3775,1887
3776,1893
3777,1957
3778,1939
3779,1886
3780,1889
3781,1939
3782,591
3783,1413
3784,2193
3785,2544
3786,2608
3787,2309
3788,1751
3789,944
3790,907
3791,1388
3792,1632
3793,1796
3794,1886
3795,1878
3796,1889
3797,1950
3798,1994
3799,1904
3800,1886
3801,1906
3802,1963
3803,1973
3804,1931
3805,1935
3806,2005
3807,1957
3808,1921
3809,1916
3810,2002
3811,1987
3812,1919
3813,811
3814,1424
3815,2197
3816,2559
3817,2590
3818,2358
3819,1835
3820,960
3821,1036
3822,1380
3823,1722
3824,1699
3825,1770
3826,1872
3827,1952
3828,1959
3829,1889
3830,1904
3831,1986
3832,1910
3833,1875
3834,1876
3835,1917
3836,2010
3837,1935
3838,1936
3839,1978
3840,1979
3841,1922
3842,1919
3843,1939
3844,1477
3845,1349
3846,2109
3847,2629
3848,2651
3849,2352
3850,1677
3851,877
3852,1065
3853,1389
3854,1654
3855,1787
3856,1923
3857,1911
3858,1912
3859,1910
3860,1969
3861,1971
3862,1897
3863,1901
3864,1910
3865,1954
3866,1890
3867,1879
3868,1871
3869,1947
3870,1929
3871,1911
3872,1936
3873,2016
3874,1917
3875,2687
3876,1509
3877,2350
3878,2764
3879,2763
3880,2543
3881,1954
3882,1061
3883,1075
3884,1459
3885,1654
3886,1763
3887,1744
3888,1818
3889,1904
3890,1894
3891,1831
3892,1820
3893,1852
3894,1897
3895,1861
3896,1843
3897,1904
3898,1893
3899,1843
3900,1821
3901,1840
3902,1898
3903,1914
3904,1872
3905,1862
3906,2327
3907,1168
3908,2134
3909,2669
3910,2806
3911,2623
3912,1968
3913,1143
3914,1227
3915,1558
3916,1690
3917,1659
3918,1671
3919,1867
3920,1830
3921,1813
3922,1819
3923,1888
3924,1812
3925,1818
3926,1844
3927,1920
3928,1919
3929,1853
3930,1839
3931,1868
3932,1853
3933,1831
3934,1834
3935,1895
3936,1934
3937,1872
3938,905
3939,2059
3940,2591
3941,2718
3942,2559
3943,2079
3944,1383
3945,1204
3946,1565
3947,1770
3948,1766
3949,1664
3950,1721
3951,1767
3952,1879
3953,1847
3954,1795
3955,1838
3956,1857
3957,1844
3958,1843
3959,1856
3960,1873
3961,1937
3962,1866
3963,1858
3964,1935
3965,1904
3966,1847
3967,1840
3968,1849
3969,865
3970,1872
3971,2437
3972,2699
3973,2602
3974,2118
3975,1340
3976,1217
3977,1579
3978,1773
3979,1759
3980,1775
3981,1900
3982,1855
3983,1803
3984,1783
3985,1747
3986,1851
3987,1803
3988,1811
3989,1875
3990,1897
3991,1856
3992,1850
3993,1865
3994,1990
3995,1872
3996,1843
3997,1906
3998,1893
3999,1833
4000,1104
4001,1744
4002,2357
4003,2627
4004,2583
4005,2223
4006,1571
4007,1207
4008,1489
4009,1694
4010,1862
4011,1858
4012,1831
4013,1834
4014,1856
4015,1825
4016,1751
4017,1745
4018,1786
4019,1858
4020,1863
4021,1872
4022,1949
4023,1898
4024,1844
4025,1835
4026,1857
4027,1904
4028,1872
4029,1840
4030,1838
4031,2652
4032,1257
4033,1925
4034,2345
4035,2438
4036,2192
4037,1535
4038,1088
4039,1461
4040,1744
4041,1851
4042,1870
4043,1935
4044,1936
4045,1865
4046,1810
4047,1863
4048,1875
4049,1792
4050,1792
4051,1834
4052,1886
4053,1904
4054,1881
4055,1904
4056,1929
4057,1893
4058,1872
4059,1872
4060,1932
4061,1930
4062,2269
4063,1139
4064,2014
4065,2397
4066,2455
4067,2161
4068,1616
4069,1197
4070,1389
4071,1635
4072,1920
4073,1963
4074,1937
4075,1977
4076,1947
4077,1951
4078,1855
4079,1805
4080,1821
4081,1856
4082,1833
4083,1808
4084,1811
4085,1870
4086,1910
4087,1856
4088,1854
4089,1949
4090,1906
4091,1866
4092,1860
4093,1872
4094,881
4095,1810
4096,2307
4097,2551
4098,2284
4099,1719
4100,1104
4101,1351
4102,1726
4103,1905
4104,1856
4105,1907
4106,1999
4107,1936
4108,1844
4109,1808
4110,1858
4111,1872
4112,1809
4113,1825
4114,1906
4115,1877
4116,1840
4117,1838
4118,1851
4119,1917
4120,1883
4121,1878
4122,1910
4123,1936
4124,1872
4125,832
4126,1883
4127,2495
4128,2619
4129,2419
4130,1936
4131,1202
4132,1239
4133,1616
4134,1871
4135,1891
4136,1942
4137,1934
4138,1879
4139,1887
4140,1818
4141,1765
4142,1775
4143,1822
4144,1901
4145,1838
4146,1825
4147,1863
4148,1889
4149,1840
4150,1824
4151,1839
4152,1874
4153,1898
4154,1865
4155,1863
4156,1442
4157,1710
4158,2333
4159,2624
4160,2557
4161,2112
4162,1166
4163,1119
4164,1632
4165,1862
4166,1837
4167,1858
4168,1941
4169,1936
4170,1836
4171,1792
4172,1859
4173,1824
4174,1808
4175,1825
4176,1856
4177,1883
4178,1873
4179,1842
4180,1840
4181,1905
4182,1857
4183,1830
4184,1860
4185,1883
4186,1914
4187,2607
4188,1526
4189,2230
4190,2623
4191,2559
4192,2112
4193,1328
4194,1237
4195,1675
4196,1796
4197,1857
4198,1871
4199,1857
4200,1808
4201,1779
4202,1861
4203,1798
4204,1774
4205,1807
4206,1883
4207,1841
4208,1834
4209,1847
4210,1895
4211,1906
4212,1847
4213,1843
4214,1874
4215,1882
4216,1826
4217,1831
4218,2288
4219,1297
4220,2112
4221,2555
4222,2663
4223,2289
4224,1407
4225,1106
4226,1621
4227,1768
4228,1901
4229,1917
4230,1906
4231,1902
4232,1804
4233,1745
4234,1717
4235,1792
4236,1839
4237,1808
4238,1829
4239,1913
4240,1877
4241,1839
4242,1840
4243,1885
4244,1911
4245,1856
4246,1851
4247,1878
4248,1914
4249,1839
4250,956
4251,1986
4252,2526
4253,2667
4254,2310
4255,1605
4256,1200
4257,1478
4258,1644
4259,1806
4260,1983
4261,1981
4262,1849
4263,1810
4264,1840
4265,1794
4266,1739
4267,1751
4268,1804
4269,1875
4270,1847
4271,1855
4272,1902
4273,1925
4274,1855
4275,1840
4276,1878
4277,1931
4278,1882
4279,1840
4280,1855
4281,827
4282,1685
4283,2244
4284,2515
4285,2343
4286,1790
4287,1082
4288,1424
4289,1727
4290,1763
4291,1921
4292,1929
4293,1890
4294,1921
4295,1809
4296,1773
4297,1885
4298,1831
4299,1793
4300,1806
4301,1831
4302,1889
4303,1898
4304,1871
4305,1919
4306,1936
4307,1889
4308,1869
4309,1879
4310,1970
4311,1925
4312,1422
4313,1705
4314,2260
4315,2624
4316,2463
4317,1823
4318,1144
4319,1424
4320,1643
4321,1727
4322,1982
4323,1983
4324,1895
4325,1821
4326,1786
4327,1874
4328,1798
4329,1767
4330,1819
4331,1850
4332,1824
4333,1808
4334,1840
4335,1834
4336,1910
4337,1866
4338,1871
4339,1943
4340,1894
4341,1856
4342,1862
4343,1872
4344,1956
4345,1851
4346,1840
4347,1874
4348,1894
4349,1824
4350,1808
4351,1827
4352,1908
4353,1875
4354,1854
4355,1843
4356,1921
4357,1871
4358,1840
4359,1834
4360,1904
4361,1903
4362,1830
4363,1837
4364,1885
4365,1863
4366,1809
4367,1808
4368,1853
4369,1889
4370,1851
4371,1846
4372,1901
4373,1930
4374,1840
4375,1837
4376,1851
4377,1895
4378,1861
4379,1821
4380,1861
4381,1894
4382,1838
4383,1812
4384,1829
4385,1828
4386,1901
4387,1865
4388,1846
4389,1935
4390,1878
4391,1842
4392,1840
4393,1857
4394,1879
4395,1840
4396,1824
4397,1844
4398,1881
4399,1808
4400,1799
4401,1823
4402,1862
4403,1861
4404,1841
4405,1861
4406,1892
4407,1851
4408,1829
4409,1815
4410,1878
4411,1894
4412,1830
4413,1836
4414,1863
4415,1856
4416,1808
4417,1808
4418,1830
4419,1917
4420,1856
4421,1840
4422,1888
4423,1901
4424,1843
4425,1840
4426,1872
4427,1957
4428,1866
4429,1823
4430,1894
4431,1933
4432,1837
4433,1808
4434,1831
4435,1845
4436,1888
4437,1840
4438,1840
4439,1934
4440,1870
4441,1840
4442,1836
4443,1889
4444,1892
4445,1840
4446,1831
4447,1872
4448,1897
4449,1820
4450,1807
4451,1851
4452,1897
4453,1861
4454,1837
4455,1839
4456,1909
4457,1855
4458,1837
4459,1825
4460,1899
4461,1885
4462,1829
4463,1834
4464,1866
4465,1845
4466,1793
4467,1792
4468,1826
4469,1890
4470,1834
4471,1825
4472,1891
4473,1919
4474,1837
4475,1827
4476,1856
4477,1914
4478,1857
4479,1824
4480,1837
4481,1860
4482,1826
4483,1794
4484,1819
4485,1819
4486,1888
4487,1840
4488,1840
4489,1934
4490,1867
4491,1824
4492,1821
4493,1837
4494,1904
4495,1830
4496,1814
4497,1835
4498,1857
4499,1804
4500,1791
4501,1819
4502,1893
4503,1856
4504,1835
4505,1872
4506,1917
4507,1850
4508,1835
4509,1840
4510,1891
4511,1900
4512,1822
4513,1856
4514,1903
4515,1855
4516,1808
4517,1808
4518,1850
4519,1920
4520,1856
4521,1841
4522,1904
4523,1929
4524,1843
4525,1840
4526,1864
4527,1895
4528,1867
4529,1817
4530,1891
4531,1901
4532,1831
4533,1807
4534,1818
4535,1831
4536,1904
4537,1862
4538,1868
4539,1927
4540,1888
4541,1850
4542,1847
4543,1874
4544,1919
4545,1853
4546,1840
4547,1873
4548,1894
4549,1824
4550,1811
4551,1815
4552,1917
4553,1882
4554,1854
4555,1894
4556,1904
4557,1867
4558,1846
4559,1871
4560,1902
4561,1905
4562,1845
4563,1839
4564,1919
4565,1863
4566,1808
4567,1815
4568,1843
4569,1917
4570,1851
4571,1849
4572,1902
4573,1910
4574,1858
4575,1846
4576,1883
4577,1966
4578,1872
4579,1837
4580,1906
4581,1895
4582,1839
4583,1806
4584,1823
4585,1890
4586,1891
4587,1841
4588,1835
4589,1915
4590,1895
4591,1854
4592,1846
4593,1895
4594,1936
4595,1845
4596,1830
4597,1859
4598,1890
4599,1823
4600,1810
4601,1826
4602,1872
4603,1872
4604,1853
4605,1875
4606,1937
4607,1874
4608,1856
4609,1862
4610,1901
4611,1911
4612,1840
4613,1828
4614,1877
4615,1859
4616,1808
4617,1814
4618,1855
4619,1927
4620,1860
4621,1848
4622,1901
4623,1931
4624,1855
4625,1849
4626,1872
4627,1955
4628,1872
4629,1840
4630,1885
4631,1897
4632,1839
4633,1810
4634,1835
4635,1855
4636,1904
4637,1858
4638,1833
4639,1915
4640,1895
4641,1856
4642,1856
4643,1899
4644,1936
4645,1843
4646,1840
4647,1877
4648,1873
4649,1815
4650,1808
4651,1828
4652,1937
4653,1883
4654,1859
4655,1872
4656,1927
4657,1870
4658,1856
4659,1854
4660,1954
4661,1905
4662,1839
4663,1871
4664,1904
4665,1856
4666,1808
4667,1815
4668,1830
4669,1909
4670,1865
4671,1866
4672,1920
4673,1918
4674,1850
4675,1843
4676,1895
4677,1904
4678,1872
4679,1840
4680,1872
4681,1904
4682,1838
4683,1809
4684,1836
4685,1894
4686,1903
4687,1855
4688,1871
4689,1961
4690,1890
4691,1853
4692,1853
4693,1884
4694,1935
4695,1851
4696,1847
4697,1917
4698,1886
4699,1828
4700,1799
4701,1811
4702,1871
4703,1872
4704,1850
4705,1872
4706,1918
4707,1859
4708,1843
4709,1861
4710,1893
4711,1911
4712,1846
4713,1830
4714,1879
4715,1855
4716,1808
4717,1808
4718,1863
4719,1910
4720,1856
4721,1855
4722,1978
4723,1916
4724,1856
4725,1851
4726,1879
4727,1926
4728,1870
4729,1840
4730,1904
4731,1872
4732,1830
4733,1808
4734,1808
4735,1840
4736,1887
4737,1846
4738,1841
4739,1935
4740,1875
4741,1855
4742,1846
4743,1872
4744,1931
4745,1855
4746,1831
4747,1871
4748,1882
4749,1822
4750,1809
4751,1837
4752,1890
4753,1872
4754,1856
4755,1902
4756,1947
4757,1869
4758,1846
4759,1840
4760,1935
4761,1903
4762,1842
4763,1834
4764,1906
4765,1845
4766,1808
4767,1808
4768,1841
4769,1908
4770,1857
4771,1857
4772,1915
4773,1904
4774,1856
4775,1845
4776,1882
4777,1930
4778,1863
4779,1839
4780,1845
4781,1887
4782,1831
4783,1798
4784,1835
4785,1877
4786,1895
4787,1855
4788,1845
4789,1920
4790,1885
4791,1847
4792,1848
4793,1887
4794,1915
4795,1843
4796,1830
4797,1877
4798,1867
4799,1814
4800,1806
4801,1819
4802,1888
4803,1870
4804,1847
4805,1878
4806,1901
4807,1855
4808,1843
4809,1852
4810,1901
4811,1891
4812,1832
4813,1833
4814,1925
4815,1846
4816,1809
4817,1811
4818,1845
4819,1878
4820,1859
4821,1843
4822,1866
4823,1903
4824,1843
4825,1840
4826,1863
4827,1903
4828,1856
4829,1845
4830,1874
4831,1872
4832,1830
4833,1803
4834,1808
4835,1902
4836,1881
4837,1851
4838,1861
4839,1934
4840,1884
4841,1846
4842,1846
4843,1903
4844,1938
4845,1843
4846,1831
4847,1862
4848,1879
4849,1811
4850,1808
4851,1830
4852,1901
4853,1871
4854,1848
4855,1898
4856,1906
4857,1858
4858,1840
4859,1851
4860,1878
4861,1893
4862,1838
4863,1814
4864,1918
4865,1847
4866,1808
4867,1810
4868,1846
4869,1901
4870,1851
4871,1849
4872,1926
4873,1904
4874,1850
4875,1847
4876,1898
4877,1936
4878,1869
4879,1821
4880,1858
4881,1910
4882,1828
4883,1807
4884,1814
4885,1850
4886,1877
4887,1840
4888,1868
4889,1921
4890,1879
4891,1846
4892,1840
4893,1909
4894,1923
4895,1844
4896,1835
4897,1931
4898,1872
4899,1808
4900,1806
4901,1834
4902,1906
4903,1865
4904,1843
4905,1882
4906,1914
4907,1863
4908,1841
4909,1872
4910,1904
4911,1890
4912,1831
4913,1846
4914,1899
4915,1839
4916,1797
4917,1808
4918,1827
4919,1905
4920,1853
4921,1843
4922,1935
4923,1901
4924,1849
4925,1843
4926,1865
4927,1935
4928,1853
4929,1822
4930,1921
4931,1891
4932,1823
4933,1804
4934,1855
4935,1872
4936,1886
4937,1855
4938,1922
4939,1931
4940,1878
4941,1844
4942,1856
4943,1853
4944,1910
4945,1831
4946,1831
4947,1873
4948,1861
4949,1799
4950,1798
4951,1854
4952,1867
4953,1867
4954,1863
4955,1920
4956,1917
4957,1856
4958,1845
4959,1856
4960,1945
4961,1883
4962,1831
4963,1895
4964,1875
4965,1842
4966,1806
4967,1800
4968,1872
4969,1910
4970,1854
4971,1867
4972,1914
4973,1904
4974,1843
4975,1840
4976,1890
4977,1942
4978,1859
4979,1837
4980,1879
4981,1872
4982,1819
4983,1808
4984,1843
4985,1843
4986,1879
4987,1853
4988,1887
4989,1940
4990,1873
4991,1846
4992,1844
4993,1907
4994,1921
4995,1835
4996,1819
4997,1883
4998,1867
4999,1806
5000,1808
5001,1819
5002,1887
5003,1861
5004,1840
5005,1901
5006,1908
5007,1851
5008,1840
5009,1868
5010,1917
5011,1882
5012,1835
5013,1847
5014,1894
5015,1839
5016,1803
5017,1814
5018,1827
5019,1900
5020,1854
5021,1854
5022,1923
5023,1899
5024,1852
5025,1842
5026,1872
5027,1934
5028,1855
5029,1835
5030,1872
5031,1905
5032,1821
5033,1801
5034,1819
5035,1872
5036,1877
5037,1840
5038,1861
5039,1920
5040,1866
5041,1846
5042,1881
5043,1919
5044,1924
5045,1841
5046,1828
5047,1903
5048,1871
5049,1810
5050,1808
5051,1833
5052,1920
5053,1872
5054,1858
5055,1879
5056,1911
5057,1856
5058,1846
5059,1873
5060,1917
5061,1886
5062,1840
5063,1904
5064,1856
5065,1830
5066,1799
5067,1807
5068,1840
5069,1904
5070,1847
5071,1861
5072,1969
5073,1901
5074,1853
5075,1845
5076,1872
5077,1936
5078,1860
5079,1834
5080,1911
5081,1874
5082,1821
5083,1808
5084,1836
5085,1866
5086,1873
5087,1847
5088,1902
5089,1965
5090,1876
5091,1846
5092,1857
5093,1898
5094,1909
5095,1838
5096,1824
5097,1862
5098,1855
5099,1809
5100,1806
5101,1833
5102,1923
5103,1862
5104,1855
5105,1921
5106,1904
5107,1859
5108,1840
5109,1875
5110,1921
5111,1882
5112,1827
5113,1843
5114,1890
5115,1837
5116,1807
5117,1827
5118,1883
5119,1904
5120,1854
5121,1854
5122,1936
5123,1897
5124,1842
5125,1840
5126,1884
5127,1949
5128,1849
5129,1833
5130,1873
5131,1903
5132,1819
5133,1808
5134,1829
5135,1915
5136,1874
5137,1842
5138,1856
5139,1944
5140,1876
5141,1844
5142,1871
5143,1874
5144,1915
5145,1840
5146,1848
5147,1923
5148,1867
5149,1813
5150,1808
5151,1833
5152,1946
5153,1851
5154,1854
5155,1872
5156,1936
5157,1859
5158,1840
5159,1851
5160,1872
5161,1879
5162,1826
5163,1894
5164,1904
5165,1840
5166,1802
5167,1818
5168,1867
5169,1903
5170,1840
5171,1851
5172,1904
5173,1903
5174,1855
5175,1846
5176,1891
5177,1895
5178,1844
5179,1847
5180,1875
5181,1873
5182,1822
5183,1807
5184,1812
5185,1888
5186,1873
5187,1849
5188,1890
5189,1913
5190,1877
5191,1842
5192,1834
5193,1901
5194,1915
5195,1842
5196,1840
5197,1891
5198,1859
5199,1808
5200,1808
5201,1850
5202,1895
5203,1862
5204,1856
5205,1914
5206,1936
5207,1855
5208,1840
5209,1867
5210,1902
5211,1882
5212,1839
5213,1834
5214,1897
5215,1824
5216,1802
5217,1813
5218,1856
5219,1892
5220,1853
5221,1862
5222,1877
5223,1894
5224,1849
5225,1846
5226,1875
5227,1943
5228,1856
5229,1839
5230,1888
5231,1883
5232,1822
5233,1808
5234,1845
5235,1879
5236,1873
5237,1855
5238,1883
5239,1918
5240,1872
5241,1851
5242,1850
5243,1879
5244,1904
5245,1843
5246,1839
5247,1916
5248,1855
5249,1805
5250,1803
5251,1828
5252,1905
5253,1863
5254,1853
5255,1929
5256,1907
5257,1856
5258,1846
5259,1865
5260,1911
5261,1882
5262,1835
5263,1875
5264,1901
5265,1838
5266,1805
5267,1808
5268,1865
5269,1898
5270,1854
5271,1843
5272,1889
5273,1891
5274,1841
5275,1846
5276,1904
5277,1895
5278,1845
5279,1827
5280,1881
5281,1879
5282,1824
5283,1808
5284,1821
5285,1902
5286,1873
5287,1850
5288,1873
5289,1923
5290,1870
5291,1841
5292,1856
5293,1915
5294,1907
5295,1840
5296,1851
5297,1891
5298,1860
5299,1807
5300,1806
5301,1828
5302,1902
5303,1862
5304,1857
5305,1875
5306,1902
5307,1847
5308,1835
5309,1890
5310,1904
5311,1875
5312,1830
5313,1839
5314,1886
5315,1830
5316,1803
5317,1813
5318,1855
5319,1897
5320,1851
5321,1857
5322,1909
5323,1893
5324,1845
5325,1852
5326,1890
5327,1930
5328,1847
5329,1831
5330,1874
5331,1879
5332,1811
5333,1805
5334,1795
5335,1882
5336,1871
5337,1851
5338,1858
5339,1907
5340,1861
5341,1870
5342,1522
5343,2224
5344,2484
5345,2482
5346,2413
5347,2267
5348,2041
5349,1647
5350,1247
5351,1104
5352,1440
5353,1646
5354,1759
5355,1840
5356,1891
5357,1825
5358,1825
5359,1840
5360,1899
5361,1854
5362,1806
5363,1839
5364,1858
5365,1803
5366,1775
5367,1803
5368,1879
5369,1917
5370,1871
5371,1888
5372,3006
5373,1270
5374,2121
5375,2464
5376,2609
5377,2512
5378,2288
5379,1984
5380,1660
5381,1230
5382,1152
5383,1413
5384,1630
5385,1809
5386,1842
5387,1830
5388,1838
5389,1920
5390,1849
5391,1822
5392,1837
5393,1885
5394,1891
5395,1839
5396,1817
5397,1883
5398,1871
5399,1835
5400,1828
5401,1859
5402,1919
5403,1886
5404,886
5405,2004
5406,2511
5407,2621
5408,2525
5409,2349
5410,2171
5411,1670
5412,1150
5413,1174
5414,1520
5415,1675
5416,1731
5417,1792
5418,1840
5419,1889
5420,1833
5421,1821
5422,1888
5423,1863
5424,1821
5425,1829
5426,1895
5427,1936
5428,1870
5429,1851
5430,1949
5431,1920
5432,1840
5433,1834
5434,1845
5435,830
5436,1874
5437,2425
5438,2615
5439,2660
5440,2443
5441,2151
5442,1723
5443,1271
5444,1207
5445,1459
5446,1664
5447,1704
5448,1729
5449,1750
5450,1765
5451,1819
5452,1882
5453,1811
5454,1811
5455,1894
5456,1904
5457,1858
5458,1856
5459,1886
5460,1967
5461,1904
5462,1866
5463,1940
5464,1904
5465,1868
5466,844
5467,1747
5468,2384
5469,2629
5470,2586
5471,2429
5472,2240
5473,1611
5474,987
5475,1195
5476,1600
5477,1813
5478,1769
5479,1792
5480,1889
5481,1862
5482,1782
5483,1773
5484,1798
5485,1871
5486,1856
5487,1857
5488,1889
5489,1955
5490,1867
5491,1850
5492,1869
5493,1927
5494,1933
5495,1859
5496,1843
5497,2247
5498,1366
5499,2079
5500,2450
5501,2559
5502,2559
5503,2215
5504,1500
5505,1015
5506,1280
5507,1587
5508,1729
5509,1763
5510,1871
5511,1872
5512,1835
5513,1811
5514,1872
5515,1803
5516,1777
5517,1829
5518,1879
5519,1911
5520,1881
5521,1860
5522,1968
5523,1914
5524,1882
5525,1886
5526,1904
5527,1967
5528,2608
5529,1146
5530,2129
5531,2525
5532,2608
5533,2514
5534,2320
5535,1597
5536,973
5537,1252
5538,1605
5539,1798
5540,1765
5541,1796
5542,1808
5543,1867
5544,1856
5545,1789
5546,1799
5547,1889
5548,1841
5549,1812
5550,1818
5551,1867
5552,1930
5553,1883
5554,1878
5555,1954
5556,1946
5557,1889
5558,1876
5559,1984
5560,917
5561,1854
5562,2357
5563,2558
5564,2554
5565,2271
5566,1386
5567,879
5568,1346
5569,1669
5570,1754
5571,1847
5572,1925
5573,1902
5574,1840
5575,1821
5576,1886
5577,1905
5578,1834
5579,1853
5580,1923
5581,1908
5582,1858
5583,1850
5584,1866
5585,1925
5586,1915
5587,1897
5588,1956
5589,1984
5590,1901
5591,719
5592,1936
5593,2512
5594,2715
5595,2635
5596,2384
5597,1648
5598,981
5599,1276
5600,1603
5601,1755
5602,1812
5603,1807
5604,1817
5605,1893
5606,1850
5607,1777
5608,1773
5609,1825
5610,1874
5611,1863
5612,1840
5613,1887
5614,1893
5615,1855
5616,1835
5617,1843
5618,1893
5619,1921
5620,1876
5621,1885
5622,1058
5623,1586
5624,2256
5625,2589
5626,2640
5627,2494
5628,1575
5629,895
5630,1307
5631,1655
5632,1734
5633,1781
5634,1808
5635,1870
5636,1856
5637,1821
5638,1858
5639,1860
5640,1818
5641,1837
5642,1889
5643,1919
5644,1920
5645,1860
5646,1870
5647,1901
5648,1893
5649,1847
5650,1841
5651,1882
5652,1948
5653,2187
5654,1520
5655,2352
5656,2737
5657,2710
5658,2480
5659,1745
5660,995
5661,1310
5662,1619
5663,1791
5664,1890
5665,1813
5666,1792
5667,1774
5668,1792
5669,1836
5670,1791
5671,1829
5672,1881
5673,1871
5674,1841
5675,1856
5676,1941
5677,1939
5678,1872
5679,1870
5680,1887
5681,1919
5682,1846
5683,1834
5684,2640
5685,1227
5686,2171
5687,2649
5688,2771
5689,2585
5690,1754
5691,881
5692,1280
5693,1695
5694,1853
5695,1812
5696,1851
5697,1884
5698,1839
5699,1767
5700,1750
5701,1749
5702,1854
5703,1830
5704,1843
5705,1913
5706,1920
5707,1872
5708,1872
5709,1897
5710,1967
5711,1885
5712,1849
5713,1915
5714,1905
5715,1847
5716,896
5717,2010
5718,2596
5719,2718
5720,2533
5721,1873
5722,1036
5723,1282
5724,1680
5725,1825
5726,1852
5727,1860
5728,1818
5729,1815
5730,1824
5731,1811
5732,1741
5733,1745
5734,1787
5735,1843
5736,1867
5737,1847
5738,1867
5739,1957
5740,1886
5741,1861
5742,1870
5743,1923
5744,1909
5745,1849
5746,1872
5747,671
5748,1750
5749,2351
5750,2559
5751,2559
5752,2026
5753,946
5754,1199
5755,1738
5756,1899
5757,1865
5758,1855
5759,1921
5760,1906
5761,1809
5762,1766
5763,1831
5764,1823
5765,1795
5766,1798
5767,1814
5768,1883
5769,1910
5770,1873
5771,1904
5772,1959
5773,1904
5774,1873
5775,1872
5776,1915
5777,1943
5778,1040
5779,1717
5780,2448
5781,2669
5782,2599
5783,2066
5784,1037
5785,1182
5786,1687
5787,1811
5788,1860
5789,1904
5790,1882
5791,1845
5792,1855
5793,1872
5794,1825
5795,1769
5796,1807
5797,1903
5798,1830
5799,1823
5800,1829
5801,1907
5802,1961
5803,1861
5804,1867
5805,1943
5806,1925
5807,1867
5808,1860
5809,2076
5810,1535
5811,2299
5812,2646
5813,2713
5814,2256
5815,1117
5816,1041
5817,1618
5818,1795
5819,1872
5820,1898
5821,1908
5822,1922
5823,1845
5824,1791
5825,1776
5826,1813
5827,1891
5828,1808
5829,1835
5830,1889
5831,1887
5832,1826
5833,1823
5834,1856
5835,1915
5836,1883
5837,1871
5838,1902
5839,1921
5840,2646
5841,1270
5842,2179
5843,2634
5844,2704
5845,2329
5846,1354
5847,1103
5848,1561
5849,1682
5850,1746
5851,1906
5852,1943
5853,1870
5854,1839
5855,1877
5856,1837
5857,1776
5858,1780
5859,1838
5860,1893
5861,1871
5862,1863
5863,1886
5864,1885
5865,1838
5866,1819
5867,1858
5868,1876
5869,1915
5870,1875
5871,1857
5872,1035
5873,2071
5874,2555
5875,2680
5876,2538
5877,1623
5878,990
5879,1511
5880,1786
5881,1830
5882,1846
5883,1830
5884,1851
5885,1871
5886,1805
5887,1776
5888,1855
5889,1836
5890,1815
5891,1813
5892,1856
5893,1929
5894,1895
5895,1842
5896,1875
5897,1918
5898,1859
5899,1827
5900,1826
5901,1861
5902,1919
5903,674
5904,1926
5905,2584
5906,2740
5907,2526
5908,1693
5909,982
5910,1511
5911,1709
5912,1763
5913,1901
5914,1933
5915,1840
5916,1787
5917,1761
5918,1846
5919,1827
5920,1782
5921,1802
5922,1892
5923,1871
5924,1843
5925,1845
5926,1898
5927,1939
5928,1861
5929,1867
5930,1935
5931,1898
5932,1840
5933,1826
5934,902
5935,1754
5936,2410
5937,2674
5938,2671
5939,2017
5940,1004
5941,1355
5942,1706
5943,1808
5944,1904
5945,1872
5946,1872
5947,1871
5948,1798
5949,1740
5950,1739
5951,1799
5952,1862
5953,1846
5954,1842
5955,1950
5956,1904
5957,1857
5958,1859
5959,1938
5960,1968
5961,1879
5962,1843
5963,1919
5964,1894
5965,1840
5966,1817
5967,1843
5968,1875
5969,1887
5970,1846
5971,1877
5972,1918
5973,1870
5974,1841
5975,1841
5976,1882
5977,1914
5978,1843
5979,1830
5980,1927
5981,1876
5982,1820
5983,1808
5984,1872
5985,1886
5986,1864
5987,1856
5988,1907
5989,1884
5990,1851
5991,1841
5992,1859
5993,1903
5994,1872
5995,1815
5996,1872
5997,1900
5998,1833
5999,1805
6000,1795
6001,1866
6002,1914
6003,1857
6004,1841
6005,1925
6006,1890
6007,1844
6008,1835
6009,1872
6010,1904
6011,1856
6012,1840
6013,1866
6014,1885
6015,1821
6016,1808
6017,1853
6018,1894
6019,1883
6020,1849
6021,1886
6022,1921
6023,1869
6024,1831
6025,1834
6026,1920
6027,1906
6028,1833
6029,1831
6030,1867
6031,1861
6032,1803
6033,1813
6034,1831
6035,1904
6036,1856
6037,1846
6038,1931
6039,1934
6040,1854
6041,1836
6042,1843
6043,1948
6044,1873
6045,1831
6046,1845
6047,1903
6048,1843
6049,1807
6050,1803
6051,1867
6052,1903
6053,1843
6054,1835
6055,1907
6056,1886
6057,1838
6058,1833
6059,1877
6060,1926
6061,1852
6062,1841
6063,1863
6064,1875
6065,1821
6066,1808
6067,1808
6068,1899
6069,1879
6070,1850
6071,1891
6072,1918
6073,1862
6074,1839
6075,1842
6076,1888
6077,1909
6078,1837
6079,1834
6080,1846
6081,1855
6082,1809
6083,1805
6084,1856
6085,1897
6086,1840
6087,1842
6088,1872
6089,1909
6090,1854
6091,1840
6092,1847
6093,1899
6094,1877
6095,1829
6096,1840
6097,1881
6098,1837
6099,1806
6100,1822
6101,1853
6102,1899
6103,1851
6104,1859
6105,1932
6106,1892
6107,1842
6108,1845
6109,1903
6110,1953
6111,1857
6112,1840
6113,1916
6114,1879
6115,1809
6116,1803
6117,1815
6118,1853
6119,1870
6120,1845
6121,1882
6122,1936
6123,1874
6124,1846
6125,1868
6126,1852
6127,1918
6128,1839
6129,1836
6130,1859
6131,1869
6132,1808
6133,1808
6134,1824
6135,1905
6136,1861
6137,1849
6138,1897
6139,1901
6140,1856
6141,1840
6142,1857
6143,1904
6144,1877
6145,1831
6146,1841
6147,1898
6148,1833
6149,1789
6150,1799
6151,1872
6152,1901
6153,1848
6154,1840
6155,1939
6156,1897
6157,1843
6158,1840
6159,1905
6160,1937
6161,1847
6162,1829
6163,1889
6164,1889
6165,1813
6166,1798
6167,1815
6168,1937
6169,1874
6170,1841
6171,1889
6172,1936
6173,1868
6174,1843
6175,1859
6176,1921
6177,1909
6178,1840
6179,1841
6180,1917
6181,1869
6182,1808
6183,1808
6184,1855
6185,1918
6186,1861
6187,1865
6188,1890
6189,1893
6190,1856
6191,1843
6192,1853
6193,1951
6194,1891
6195,1839
6196,1842
6197,1911
6198,1840
6199,1805
6200,1802
6201,1890
6202,1900
6203,1852
6204,1865
6205,1921
6206,1888
6207,1841
6208,1840
6209,1866
6210,1876
6211,1858
6212,1839
6213,1881
6214,1888
6215,1827
6216,1808
6217,1822
6218,1855
6219,1875
6220,1861
6221,1862
6222,1919
6223,1870
6224,1842
6225,1863
6226,1891
6227,1907
6228,1847
6229,1835
6230,1921
6231,1872
6232,1809
6233,1806
6234,1845
6235,1904
6236,1853
6237,1845
6238,1915
6239,1889
6240,1846
6241,1837
6242,1863
6243,1917
6244,1873
6245,1832
6246,1921
6247,1874
6248,1838
6249,1803
6250,1791
6251,1851
6252,1898
6253,1853
6254,1856
6255,1904
6256,1887
6257,1844
6258,1842
6259,1866
6260,1943
6261,1851
6262,1835
6263,1857
6264,1879
6265,1811
6266,1795
6267,1815
6268,1879
6269,1877
6270,1838
6271,1937
6272,1936
6273,1868
6274,1844
6275,1862
6276,1910
6277,1911
6278,1840
6279,1882
6280,1893
6281,1863
6282,1808
6283,1808
6284,1872
6285,1872
6286,1857
6287,1858
6288,1872
6289,1913
6290,1854
6291,1840
6292,1861
6293,1942
6294,1872
6295,1826
6296,1843
6297,1877
6298,1821
6299,1798
6300,1811
6301,1823
6302,1901
6303,1852
6304,1872
6305,1936
6306,1897
6307,1847
6308,1842
6309,1883
6310,1936
6311,1845
6312,1831
6313,1879
6314,1889
6315,1813
6316,1803
6317,1827
6318,1875
6319,1863
6320,1841
6321,1876
6322,1910
6323,1859
6324,1840
6325,1858
6326,1923
6327,1905
6328,1830
6329,1841
6330,1863
6331,1856
6332,1808
6333,1808
6334,1840
6335,1955
6336,1857
6337,1854
6338,1875
6339,1897
6340,1855
6341,1840
6342,1871
6343,1908
6344,1872
6345,1835
6346,1863
6347,1881
6348,1831
6349,1800
6350,1799
6351,1872
6352,1891
6353,1849
6354,1855
6355,1913
6356,1881
6357,1839
6358,1835
6359,1902
6360,1936
6361,1851
6362,1836
6363,1872
6364,1894
6365,1809
6366,1800
6367,1808
6368,1919
6369,1872
6370,1849
6371,1891
6372,1967
6373,1867
6374,1840
6375,1861
6376,1879
6377,1904
6378,1841
6379,1849
6380,1894
6381,1856
6382,1802
6383,1808
6384,1837
6385,1897
6386,1857
6387,1839
6388,1933
6389,1935
6390,1854
6391,1840
6392,1859
6393,1914
6394,1873
6395,1819
6396,1904
6397,1871
6398,1837
6399,1795
6400,1801
6401,1869
6402,1894
6403,1844
6404,1868
6405,1952
6406,1886
6407,1842
6408,1838
6409,1882
6410,1957
6411,1840
6412,1825
6413,1872
6414,1873
6415,1805
6416,1795
6417,1831
6418,1874
6419,1862
6420,1845
6421,1847
6422,1947
6423,1863
6424,1834
6425,1835
6426,1915
6427,1907
6428,1840
6429,1815
6430,1923
6431,1856
6432,1799
6433,1807
6434,1860
6435,1939
6436,1854
6437,1856
6438,1955
6439,1920
6440,1851
6441,1843
6442,1879
6443,1923
6444,1861
6445,1827
6446,1834
6447,1876
6448,1827
6449,1797
6450,1807
6451,1855
6452,1894
6453,1850
6454,1867
6455,1911
6456,1885
6457,1847
6458,1838
6459,1887
6460,1968
6461,1847
6462,1840
6463,1885
6464,1896
6465,1813
6466,1799
6467,1827
6468,1887
6469,1867
6470,1852
6471,1872
6472,1936
6473,1862
6474,1837
6475,1835
6476,1911
6477,1895
6478,1833
6479,1827
6480,1870
6481,1850
6482,1806
6483,1804
6484,1845
6485,1920
6486,1855
6487,1858
6488,1898
6489,1892
6490,1850
6491,1841
6492,1898
6493,1915
6494,1866
6495,1823
6496,1889
6497,1901
6498,1826
6499,1799
6500,1815
6501,1869
6502,1882
6503,1850
6504,1872
6505,1922
6506,1879
6507,1840
6508,1836
6509,1859
6510,1968
6511,1849
6512,1837
6513,1871
6514,1885
6515,1811
6516,1803
6517,1851
6518,1905
6519,1869
6520,1852
6521,1892
6522,1950
6523,1862
6524,1841
6525,1828
6526,1936
6527,1899
6528,1839
6529,1840
6530,1872
6531,1850
6532,1807
6533,1807
6534,1856
6535,1909
6536,1850
6537,1831
6538,1928
6539,1899
6540,1841
6541,1841
6542,1855
6543,1893
6544,1872
6545,1826
6546,1842
6547,1905
6548,1827
6549,1799
6550,1831
6551,1865
6552,1891
6553,1837
6554,1869
6555,1924
6556,1876
6557,1839
6558,1842
6559,1904
6560,1904
6561,1846
6562,1831
6563,1906
6564,1887
6565,1807
6566,1795
6567,1827
6568,1870
6569,1870
6570,1847
6571,1889
6572,1954
6573,1859
6574,1840
6575,1865
6576,1875
6577,1904
6578,1826
6579,1852
6580,1894
6581,1850
6582,1808
6583,1808
6584,1863
6585,1949
6586,1850
6587,1842
6588,1952
6589,1919
6590,1853
6591,1840
6592,1869
6593,1898
6594,1856
6595,1838
6596,1872
6597,1874
6598,1828
6599,1802
6600,1841
6601,1872
6602,1887
6603,1849
6604,1874
6605,1951
6606,1882
6607,1849
6608,1839
6609,1883
6610,1951
6611,1853
6612,1830
6613,1904
6614,1879
6615,1807
6616,1805
6617,1853
6618,1955
6619,1863
6620,1855
6621,1877
6622,1905
6623,1862
6624,1837
6625,1840
6626,1936
6627,1901
6628,1830
6629,1815
6630,1855
6631,1841
6632,1799
6633,1808
6634,1831
6635,1899
6636,1856
6637,1845
6638,1899
6639,1901
6640,1853
6641,1841
6642,1897
6643,1943
6644,1868
6645,1840
6646,1860
6647,1889
6648,1823
6649,1806
6650,1841
6651,1894
6652,1883
6653,1841
6654,1852
6655,1926
6656,1882
6657,1840
6658,1840
6659,1898
6660,1922
6661,1840
6662,1835
6663,1859
6664,1883
6665,1811
6666,1808
6667,1810
6668,1891
6669,1868
6670,1861
6671,1914
6672,1935
6673,1861
6674,1840
6675,1832
6676,1915
6677,1903
6678,1845
6679,1871
6680,1914
6681,1870
6682,1818
6683,1808
6684,1839
6685,1895
6686,1813
6687,1818
6688,1874
6689,1895
6690,1843
6691,1840
6692,1904
6693,1894
6694,1878
6695,1846
6696,1855
6697,1883
6698,1812
6699,1791
6700,1831
6701,1872
6702,1890
6703,1837
6704,1903
6705,1920
6706,1877
6707,1847
6708,1841
6709,1902
6710,1940
6711,1845
6712,1835
6713,1867
6714,1875
6715,1807
6716,1803
6717,1840
6718,1918
6719,1857
6720,1844
6721,1906
6722,1904
6723,1857
6724,1843
6725,1862
6726,1904
6727,1893
6728,1840
6729,1829
6730,1897
6731,1844
6732,1807
6733,1803
6734,1846
6735,1914
6736,1854
6737,1856
6738,1933
6739,1904
6740,1844
6741,1840
6742,1889
6743,1903
6744,1851
6745,1822
6746,1869
6747,1875
6748,1822
6749,1791
6750,1838
6751,1858
6752,1889
6753,1845
6754,1913
6755,1889
6756,1874
6757,1845
6758,1844
6759,1887
6760,1919
6761,1840
6762,1841
6763,1845
6764,1874
6765,1808
6766,1808
6767,1822
6768,1889
6769,1869
6770,1854
6771,1862
6772,1926
6773,1855
6774,1840
6775,1854
6776,1886
6777,1891
6778,1813
6779,1818
6780,1872
6781,1842
6782,1803
6783,1801
6784,1840
6785,1921
6786,1844
6787,1856
6788,1917
6789,1904
6790,1850
6791,1840
6792,1851
6793,1920
6794,1863
6795,1830
6796,1893
6797,1899
6798,1817
6799,1791
6800,1814
6801,1899
6802,1881
6803,1840
6804,1864
6805,1936
6806,1872
6807,1833
6808,1827
6809,1879
6810,1913
6811,1845
6812,1839
6813,1888
6814,1879
6815,1807
6816,1806
6817,1817
6818,1879
6819,1858
6820,1853
6821,1907
6822,1933
6823,1861
6824,1843
6825,1856
6826,1932
6827,1893
6828,1831
6829,1850
6830,1911
6831,1849
6832,1805
6833,1811
6834,1884
6835,1895
6836,1845
6837,1842
6838,1918
6839,1895
6840,1843
6841,1843
6842,1879
6843,1950
6844,1865
6845,1827
6846,1877
6847,1869
6848,1818
6849,1799
6850,1814
6851,1865
6852,1893
6853,1852
6854,1891
6855,1926
6856,1877
6857,1845
6858,1837
6859,1903
6860,1919
6861,1831
6862,1844
6863,1885
6864,1871
6865,1802
6866,1793
6867,1798
6868,1899
6869,1845
6870,1839
6871,1904
6872,1954
6873,1862
6874,1840
6875,1855
6876,1953
6877,1882
6878,1833
6879,1842
6880,1895
6881,1847
6882,1806
6883,1817
6884,1837
6885,1910
6886,1856
6887,1857
6888,1877
6889,1903
6890,1843
6891,1841
6892,1857
6893,1913
6894,1857
6895,1834
6896,1837
6897,1917
6898,1814
6899,1798
6900,1803
6901,1846
6902,1882
6903,1844
6904,1905
6905,1915
6906,1874
6907,1845
6908,1854
6909,1873
6910,1907
6911,1853
6912,1838
6913,1872
6914,1866
6915,1809
6916,1801
6917,1840
6918,1913
6919,1863
6920,1851
6921,1897
6922,1919
6923,1856
6924,1833
6925,1870
6926,1894
6927,1878
6928,1825
6929,1857
6930,1856
6931,1831
6932,1802
6933,1817
6934,1893
6935,1905
6936,1842
6937,1875
6938,1923
6939,1899
6940,1849
6941,1845
6942,1893
6943,1965
6944,1861
6945,1827
6946,1891
6947,1875
6948,1817
6949,1799
6950,1825
6951,1843
6952,1877
6953,1850
6954,1871
6955,1917
6956,1869
6957,1837
6958,1821
6959,1918
6960,1919
6961,1838
6962,1829
6963,1723
6964,1168
6965,1818
6966,2177
6967,2353
6968,2429
6969,2257
6970,2022
6971,1619
6972,1223
6973,1211
6974,1469
6975,1695
6976,1856
6977,1878
6978,1850
6979,1859
6980,1962
6981,1872
6982,1811
6983,1809
6984,1863
6985,1907
6986,1845
6987,1871
6988,1926
6989,1936
6990,1886
6991,1887
6992,1920
6993,2001
6994,2860
6995,1130
6996,1931
6997,2351
6998,2419
6999,2373
7000,2215
7001,1958
7002,1455
7003,1125
7004,1360
7005,1651
7006,1777
7007,1834
7008,1856
7009,1899
7010,1963
7011,1867
7012,1866
7013,1905
7014,1871
7015,1808
7016,1806
7017,1870
7018,1983
7019,1904
7020,1895
7021,1971
7022,1966
7023,1904
7024,1887
7025,2206
7026,1084
7027,2078
7028,2482
7029,2601
7030,2618
7031,2382
7032,1966
7033,1413
7034,1088
7035,1271
7036,1535
7037,1713
7038,1882
7039,1875
7040,1841
7041,1840
7042,1866
7043,1923
7044,1833
7045,1808
7046,1872
7047,1904
7048,1831
7049,1824
7050,1807
7051,1936
7052,1899
7053,1869
7054,1918
7055,1973
7056,1904
7057,719
7058,1950
7059,2507
7060,2703
7061,2613
7062,2447
7063,2152
7064,1483
7065,958
7066,1215
7067,1562
7068,1694
7069,1712
7070,1778
7071,1921
7072,1902
7073,1814
7074,1789
7075,1794
7076,1871
7077,1853
7078,1818
7079,1872
7080,1902
7081,1854
7082,1815
7083,1818
7084,1879
7085,1922
7086,1873
7087,1858
7088,832
7089,1794
7090,2367
7091,2594
7092,2657
7093,2509
7094,1985
7095,1179
7096,1046
7097,1411
7098,1633
7099,1728
7100,1782
7101,1885
7102,1869
7103,1819
7104,1843
7105,1875
7106,1808
7107,1789
7108,1808
7109,1879
7110,1927
7111,1850
7112,1843
7113,1898
7114,1887
7115,1830
7116,1829
7117,1856
7118,1920
7119,1715
7120,1591
7121,2355
7122,2672
7123,2649
7124,2509
7125,2064
7126,1302
7127,1074
7128,1396
7129,1711
7130,1792
7131,1783
7132,1774
7133,1795
7134,1823
7135,1849
7136,1786
7137,1787
7138,1892
7139,1872
7140,1829
7141,1839
7142,1856
7143,1980
7144,1872
7145,1861
7146,1886
7147,1919
7148,1847
7149,1826
7150,2758
7151,1402
7152,2256
7153,2620
7154,2703
7155,2671
7156,2039
7157,1075
7158,989
7159,1535
7160,1777
7161,1789
7162,1838
7163,1879
7164,1851
7165,1771
7166,1750
7167,1777
7168,1808
7169,1819
7170,1819
7171,1901
7172,1927
7173,1870
7174,1856
7175,1880
7176,1935
7177,1913
7178,1857
7179,1875
7180,1935
7181,1977
7182,1005
7183,2086
7184,2559
7185,2667
7186,2544
7187,2099
7188,1265
7189,1088
7190,1477
7191,1741
7192,1845
7193,1907
7194,1841
7195,1822
7196,1845
7197,1846
7198,1751
7199,1739
7200,1776
7201,1854
7202,1866
7203,1850
7204,1874
7205,1929
7206,1875
7207,1854
7208,1868
7209,1930
7210,1938
7211,1853
7212,1855
7213,662
7214,1535
7215,2121
7216,2363
7217,2469
7218,2192
7219,1120
7220,976
7221,1567
7222,1857
7223,1856
7224,1861
7225,1907
7226,1991
7227,1891
7228,1825
7229,1830
7230,1872
7231,1831
7232,1817
7233,1855
7234,1927
7235,1954
7236,1903
7237,1903
7238,2009
7239,1944
7240,1895
7241,1890
7242,1939
7243,1965
7244,879
7245,1785
7246,2384
7247,2637
7248,2614
7249,2232
7250,1248
7251,1023
7252,1535
7253,1792
7254,1874
7255,1932
7256,1892
7257,1856
7258,1830
7259,1841
7260,1863
7261,1783
7262,1808
7263,1871
7264,1851
7265,1809
7266,1810
7267,1872
7268,1963
7269,1881
7270,1873
7271,1943
7272,1967
7273,1872
7274,1862
7275,1705
7276,1601
7277,2335
7278,2626
7279,2704
7280,2413
7281,1344
7282,895
7283,1455
7284,1712
7285,1871
7286,1883
7287,1914
7288,1914
7289,1884
7290,1797
7291,1776
7292,1833
7293,1862
7294,1816
7295,1829
7296,1916
7297,1889
7298,1826
7299,1820
7300,1853
7301,1898
7302,1901
7303,1872
7304,1877
7305,1936
7306,2947
7307,1367
7308,2215
7309,2618
7310,2723
7311,2419
7312,1535
7313,1102
7314,1459
7315,1662
7316,1744
7317,1838
7318,1924
7319,1846
7320,1827
7321,1863
7322,1840
7323,1774
7324,1776
7325,1856
7326,1889
7327,1872
7328,1853
7329,1868
7330,1915
7331,1847
7332,1827
7333,1825
7334,1843
7335,1932
7336,1875
7337,1991
7338,1148
7339,2112
7340,2544
7341,2658
7342,2546
7343,1770
7344,949
7345,1397
7346,1750
7347,1848
7348,1840
7349,1838
7350,1831
7351,1860
7352,1837
7353,1803
7354,1811
7355,1851
7356,1818
7357,1820
7358,1856
7359,1903
7360,1913
7361,1851
7362,1856
7363,1875
7364,1884
7365,1828
7366,1828
7367,1902
7368,1942
7369,725
7370,1954
7371,2529
7372,2755
7373,2559
7374,1803
7375,1005
7376,1395
7377,1683
7378,1738
7379,1868
7380,1943
7381,1855
7382,1794
7383,1790
7384,1808
7385,1829
7386,1783
7387,1824
7388,1911
7389,1876
7390,1843
7391,1851
7392,1904
7393,1981
7394,1861
7395,1854
7396,1886
7397,1906
7398,1831
7399,1822
7400,653
7401,1872
7402,2441
7403,2665
7404,2653
7405,2054
7406,1040
7407,1296
7408,1673
7409,1782
7410,1904
7411,1865
7412,1829
7413,1893
7414,1809
7415,1741
7416,1742
7417,1754
7418,1838
7419,1827
7420,1840
7421,1903
7422,1920
7423,1863
7424,1857
7425,1904
7426,1922
7427,1890
7428,1842
7429,1878
7430,1920
7431,1328
7432,1648
7433,2303
7434,2615
7435,2657
7436,2113
7437,1169
7438,1270
7439,1659
7440,1728
7441,1826
7442,1898
7443,1905
7444,1840
7445,1797
7446,1801
7447,1808
7448,1742
7449,1753
7450,1812
7451,1888
7452,1867
7453,1859
7454,1889
7455,1937
7456,1872
7457,1851
7458,1873
7459,1927
7460,1921
7461,1856
7462,2750
7463,1382
7464,2211
7465,2549
7466,2621
7467,2268
7468,1348
7469,1178
7470,1586
7471,1785
7472,1857
7473,1886
7474,1876
7475,1861
7476,1895
7477,1809
7478,1742
7479,1732
7480,1801
7481,1793
7482,1779
7483,1794
7484,1866
7485,1909
7486,1863
7487,1863
7488,1961
7489,1903
7490,1863
7491,1863
7492,1927
7493,2064
7494,995
7495,2034
7496,2538
7497,2699
7498,2354
7499,1437
7500,1086
7501,1526
7502,1698
7503,1793
7504,1929
7505,1954
7506,1867
7507,1808
7508,1794
7509,1886
7510,1823
7511,1769
7512,1832
7513,1883
7514,1860
7515,1812
7516,1829
7517,1898
7518,1939
7519,1872
7520,1879
7521,1969
7522,1936
7523,1863
7524,1851
7525,701
7526,2006
7527,2512
7528,2694
7529,2608
7530,1779
7531,1019
7532,1383
7533,1616
7534,1785
7535,1887
7536,1885
7537,1856
7538,1904
7539,1826
7540,1763
7541,1761
7542,1827
7543,1936
7544,1830
7545,1839
7546,1926
7547,1879
7548,1824
7549,1823
7550,1867
7551,1923
7552,1893
7553,1868
7554,1936
7555,1939
7556,749
7557,1818
7558,2441
7559,2703
7560,2636
7561,1854
7562,1036
7563,1406
7564,1680
7565,1719
7566,1797
7567,1863
7568,1942
7569,1837
7570,1805
7571,1853
7572,1834
7573,1771
7574,1788
7575,1821
7576,1956
7577,1870
7578,1842
7579,1850
7580,1890
7581,1847
7582,1824
7583,1825
7584,1851
7585,1905
7586,1857
7587,1855
7588,1945
7589,1889
7590,1855
7591,1853
7592,1915
7593,1975
7594,1853
7595,1854
7596,1961
7597,1891
7598,1824
7599,1804
7600,1810
7601,1910
7602,1863
7603,1841
7604,1917
7605,1933
7606,1856
7607,1838
7608,1859
7609,1903
7610,1895
7611,1831
7612,1827
7613,1883
7614,1839
7615,1798
7616,1803
7617,1853
7618,1911
7619,1846
7620,1853
7621,1905
7622,1905
7623,1845
7624,1837
7625,1861
7626,1902
7627,1857
7628,1831
7629,1915
7630,1907
7631,1831
7632,1795
7633,1823
7634,1856
7635,1886
7636,1842
7637,1849
7638,1930
7639,1872
7640,1829
7641,1840
7642,1904
7643,1930
7644,1831
7645,1828
7646,1867
7647,1872
7648,1803
7649,1794
7650,1835
7651,1901
7652,1858
7653,1840
7654,1904
7655,1883
7656,1852
7657,1825
7658,1872
7659,1890
7660,1883
7661,1835
7662,1866
7663,1879
7664,1851
7665,1807
7666,1808
7667,1817
7668,1906
7669,1842
7670,1853
7671,1910
7672,1904
7673,1843
7674,1831
7675,1883
7676,1978
7677,1856
7678,1830
7679,1881
7680,1894
7681,1828
7682,1799
7683,1825
7684,1853
7685,1888
7686,1846
7687,1889
7688,1952
7689,1872
7690,1840
7691,1836
7692,1894
7693,1935
7694,1845
7695,1835
7696,1845
7697,1873
7698,1810
7699,1790
7700,1839
7701,1866
7702,1859
7703,1840
7704,1869
7705,1884
7706,1855
7707,1829
7708,1840
7709,1882
7710,1886
7711,1825
7712,1840
7713,1873
7714,1846
7715,1795
7716,1803
7717,1863
7718,1904
7719,1850
7720,1835
7721,1903
7722,1905
7723,1840
7724,1835
7725,1874
7726,1950
7727,1852
7728,1825
7729,1863
7730,1879
7731,1824
7732,1803
7733,1829
7734,1862
7735,1886
7736,1847
7737,1911
7738,1910
7739,1872
7740,1840
7741,1837
7742,1872
7743,1923
7744,1845
7745,1840
7746,1871
7747,1877
7748,1811
7749,1804
7750,1844
7751,1914
7752,1866
7753,1851
7754,1907
7755,1887
7756,1857
7757,1840
7758,1856
7759,1968
7760,1898
7761,1836
7762,1873
7763,1871
7764,1840
7765,1793
7766,1808
7767,1872
7768,1915
7769,1853
7770,1840
7771,1937
7772,1900
7773,1849
7774,1840
7775,1875
7776,1968
7777,1856
7778,1826
7779,1899
7780,1923
7781,1822
7782,1797
7783,1815
7784,1901
7785,1887
7786,1834
7787,1869
7788,1899
7789,1874
7790,1838
7791,1837
7792,1879
7793,1922
7794,1835
7795,1827
7796,1885
7797,1872
7798,1805
7799,1805
7800,1840
7801,1936
7802,1856
7803,1845
7804,1872
7805,1933
7806,1857
7807,1839
7808,1861
7809,1949
7810,1897
7811,1841
7812,1878
7813,1882
7814,1840
7815,1796
7816,1800
7817,1874
7818,1917
7819,1850
7820,1873
7821,1907
7822,1904
7823,1847
7824,1833
7825,1865
7826,1915
7827,1846
7828,1834
7829,1898
7830,1866
7831,1813
7832,1803
7833,1827
7834,1857
7835,1883
7836,1853
7837,1872
7838,1950
7839,1875
7840,1846
7841,1840
7842,1923
7843,1922
7844,1843
7845,1823
7846,1885
7847,1872
7848,1808
7849,1803
7850,1828
7851,1902
7852,1862
7853,1851
7854,1877
7855,1949
7856,1849
7857,1835
7858,1870
7859,1935
7860,1898
7861,1842
7862,1893
7863,1897
7864,1845
7865,1803
7866,1813
7867,1889
7868,1911
7869,1855
7870,1870
7871,1926
7872,1905
7873,1849
7874,1843
7875,1863
7876,1987
7877,1866
7878,1843
7879,1893
7880,1893
7881,1819
7882,1798
7883,1809
7884,1875
7885,1884
7886,1840
7887,1854
7888,1904
7889,1874
7890,1847
7891,1838
7892,1894
7893,1929
7894,1845
7895,1841
7896,1946
7897,1873
7898,1808
7899,1799
7900,1820
7901,1918
7902,1866
7903,1856
7904,1868
7905,1905
7906,1851
7907,1843
7908,1847
7909,1931
7910,1895
7911,1840
7912,1851
7913,1872
7914,1837
7915,1797
7916,1808
7917,1844
7918,1900
7919,1847
7920,1859
7921,1948
7922,1904
7923,1850
7924,1842
7925,1863
7926,1990
7927,1869
7928,1842
7929,1882
7930,1907
7931,1823
7932,1799
7933,1822
7934,1872
7935,1879
7936,1850
7937,1866
7938,1938
7939,1872
7940,1845
7941,1841
7942,1933
7943,1929
7944,1835
7945,1809
7946,1899
7947,1867
7948,1804
7949,1794
7950,1840
7951,1932
7952,1861
7953,1856
7954,1886
7955,1937
7956,1859
7957,1841
7958,1851
7959,1978
7960,1886
7961,1837
7962,1847
7963,1897
7964,1840
7965,1801
7966,1785
7967,1834
7968,1904
7969,1846
7970,1851
7971,1887
7972,1899
7973,1846
7974,1833
7975,1878
7976,1931
7977,1857
7978,1838
7979,1885
7980,1882
7981,1819
7982,1798
7983,1817
7984,1907
7985,1881
7986,1842
7987,1850
7988,1919
7989,1878
7990,1839
7991,1858
7992,1949
7993,1929
7994,1846
7995,1851
7996,1891
7997,1871
7998,1806
7999,1803
8000,1815
8001,1890
8002,1855
8003,1845
8004,1872
8005,1909
8006,1847
8007,1829
8008,1851
8009,1909
8010,1885
8011,1840
8012,1857
8013,1904
8014,1835
8015,1797
8016,1808
8017,1846
8018,1904
8019,1864
8020,1858
8021,1928
8022,1895
8023,1849
8024,1840
8025,1856
8026,1947
8027,1858
8028,1824
8029,1872
8030,1867
8031,1819
8032,1799
8033,1829
8034,1855
8035,1868
8036,1842
8037,1926
8038,1909
8039,1867
8040,1837
8041,1855
8042,1904
8043,1919
8044,1840
8045,1839
8046,1883
8047,1871
8048,1805
8049,1801
8050,1832
8051,1939
8052,1862
8053,1849
8054,1879
8055,1915
8056,1855
8057,1840
8058,1863
8059,1943
8060,1882
8061,1840
8062,1907
8063,1872
8064,1828
8065,1791
8066,1781
8067,1865
8068,1897
8069,1853
8070,1846
8071,1908
8072,1897
8073,1846
8074,1851
8075,1903
8076,1931
8077,1856
8078,1831
8079,1894
8080,1906
8081,1811
8082,1795
8083,1800
8084,1878
8085,1882
8086,1852
8087,1886
8088,1904
8089,1869
8090,1841
8091,1842
8092,1898
8093,1919
8094,1834
8095,1821
8096,1877
8097,1859
8098,1793
8099,1799
8100,1825
8101,1891
8102,1858
8103,1845
8104,1893
8105,1936
8106,1856
8107,1841
8108,1877
8109,1921
8110,1874
8111,1840
8112,1841
8113,1904
8114,1831
8115,1793
8116,1795
8117,1862
8118,1901
8119,1840
8120,1854
8121,1898
8122,1900
8123,1844
8124,1835
8125,1868
8126,1936
8127,1841
8128,1806
8129,1882
8130,1882
8131,1807
8132,1794
8133,1826
8134,1918
8135,1872
8136,1854
8137,1878
8138,1935
8139,1871
8140,1840
8141,1850
8142,1909
8143,1916
8144,1837
8145,1840
8146,1905
8147,1870
8148,1798
8149,1795
8150,1859
8151,1931
8152,1854
8153,1843
8154,1909
8155,1907
8156,1850
8157,1837
8158,1871
8159,1949
8160,1872
8161,1839
8162,1876
8163,1903
8164,1831
8165,1803
8166,1792
8167,1872
8168,1902
8169,1847
8170,1875
8171,1958
8172,1898
8173,1846
8174,1841
8175,1878
8176,1936
8177,1863
8178,1829
8179,1900
8180,1895
8181,1814
8182,1801
8183,1847
8184,1882
8185,1867
8186,1846
8187,1878
8188,1921
8189,1871
8190,1840
8191,1851
8192,1909
8193,1914
8194,1840
8195,1842
8196,1857
8197,1856
8198,1807
8199,1803
8200,1840
8201,1914
8202,1863
8203,1855
8204,1881
8205,1915
8206,1851
8207,1842
8208,1878
8209,1924
8210,1875
8211,1836
8212,1838
8213,1886
8214,1827
8215,1791
8216,1801
8217,1837
8218,1895
8219,1846
8220,1878
8221,1894
8222,1895
8223,1847
8224,1840
8225,1885
8226,1937
8227,1855
8228,1838
8229,1935
8230,1897
8231,1814
8232,1801
8233,1808
8234,1874
8235,1870
8236,1840
8237,1887
8238,1935
8239,1872
8240,1840
8241,1846
8242,1943
8243,1909
8244,1834
8245,1868
8246,1886
8247,1856
8248,1792
8249,1795
8250,1839
8251,1936
8252,1858
8253,1860
8254,1944
8255,1908
8256,1850
8257,1841
8258,1862
8259,1915
8260,1877
8261,1846
8262,1853
8263,1861
8264,1836
8265,1796
8266,1808
8267,1867
8268,1899
8269,1861
8270,1856
8271,1967
8272,1895
8273,1847
8274,1839
8275,1904
8276,1970
8277,1838
8278,1826
8279,1915
8280,1878
8281,1808
8282,1796
8283,1808
8284,1878
8285,1870
8286,1838
8287,1901
8288,1904
8289,1868
8290,1843
8291,1822
8292,1930
8293,1914
8294,1841
8295,1828
8296,1890
8297,1862
8298,1805
8299,1806
8300,1840
8301,1933
8302,1845
8303,1847
8304,1872
8305,1892
8306,1846
8307,1836
8308,1857
8309,1964
8310,1872
8311,1830
8312,1859
8313,1877
8314,1826
8315,1794
8316,1805
8317,1873
8318,1898
8319,1846
8320,1867
8321,1951
8322,1895
8323,1847
8324,1841
8325,1876
8326,1938
8327,1853
8328,1835
8329,1823
8330,1876
8331,1813
8332,1805
8333,1876
8334,1872
8335,1859
8336,1840
8337,1878
8338,1911
8339,1865
8340,1833
8341,1853
8342,1938
8343,1906
8344,1834
8345,1823
8346,1858
8347,1857
8348,1807
8349,1809
8350,1817
8351,1903
8352,1847
8353,1850
8354,1893
8355,1953
8356,1856
8357,1843
8358,1887
8359,1956
8360,1872
8361,1825
8362,1829
8363,1888
8364,1822
8365,1791
8366,1818
8367,1854
8368,1892
8369,1855
8370,1839
8371,1911
8372,1895
8373,1846
8374,1845
8375,1901
8376,1922
8377,1842
8378,1840
8379,1889
8380,1874
8381,1814
8382,1795
8383,1840
8384,1880
8385,1869
8386,1855
8387,1884
8388,1951
8389,1867
8390,1842
8391,1838
8392,1922
8393,1910
8394,1835
8395,1808
8396,1904
8397,1850
8398,1792
8399,1808
8400,1811
8401,1900
8402,1852
8403,1855
8404,1914
8405,1911
8406,1851
8407,1841
8408,1916
8409,1898
8410,1872
8411,1829
8412,1871
8413,1904
8414,1823
8415,1796
8416,1824
8417,1867
8418,1890
8419,1859
8420,1857
8421,1928
8422,1883
8423,1846
8424,1837
8425,1881
8426,1904
8427,1844
8428,1831
8429,1895
8430,1872
8431,1801
8432,1793
8433,1841
8434,1899
8435,1872
8436,1851
8437,1878
8438,1906
8439,1863
8440,1843
8441,1862
8442,1919
8443,1904
8444,1839
8445,1813
8446,1920
8447,1853
8448,1800
8449,1805
8450,1861
8451,1881
8452,1855
8453,1847
8454,1903
8455,1907
8456,1846
8457,1835
8458,1872
8459,1920
8460,1872
8461,1834
8462,1875
8463,1862
8464,1818
8465,1799
8466,1810
8467,1904
8468,1890
8469,1842
8470,1895
8471,1956
8472,1883
8473,1842
8474,1846
8475,1893
8476,1911
8477,1847
8478,1840
8479,1918
8480,1877
8481,1810
8482,1803
8483,1866
8484,1901
8485,1855
8486,1841
8487,1904
8488,1895
8489,1863
8490,1840
8491,1841
8492,1899
8493,1907
8494,1839
8495,1823
8496,1898
8497,1850
8498,1797
8499,1805
8500,1853
8501,1933
8502,1850
8503,1854
8504,1883
8505,1919
8506,1851
8507,1843
8508,1890
8509,1922
8510,1868
8511,1834
8512,1893
8513,1893
8514,1814
8515,1790
8516,1803
8517,1918
8518,1888
8519,1838
8520,1870
8521,1907
8522,1885
8523,1846
8524,1840
8525,1915
8526,1926
8527,1842
8528,1840
8529,1874
8530,1872
8531,1810
8532,1803
8533,1841
8534,1874
8535,1865
8536,1855
8537,1878
8538,1939
8539,1866
8540,1841
8541,1864
8542,1886
8543,1903
8544,1831
8545,1867
8546,1926
8547,1850
8548,1792
8549,1802
8550,1806
8551,1915
8552,1847
8553,1853
8554,1903
8555,1904
8556,1850
8557,1842
8558,1875
8559,1903
8560,1865
8561,1838
8562,1855
8563,1858
8564,1822
8565,1795
8566,1814
8567,1903
8568,1890
8569,1851
8570,1890
8571,1907
8572,1883
8573,1843
8574,1829
8575,1913
8576,1930
8577,1851
8578,1833
8579,1865
8580,1872
8581,1805
8582,1791
8583,1840
8584,1897
8585,1277
8586,1649
8587,2254
8588,2519
8589,2479
8590,2374
8591,2271
8592,2086
8593,1759
8594,1275
8595,1188
8596,1502
8597,1648
8598,1715
8599,1759
8600,1815
8601,1874
8602,1818
8603,1809
8604,1904
8605,1857
8606,1791
8607,1792
8608,1857
8609,1923
8610,1852
8611,1826
8612,1899
8613,1915
8614,1838
8615,1813
8616,2530
8617,1330
8618,2190
8619,2477
8620,2547
8621,2474
8622,2288
8623,1956
8624,1584
8625,1275
8626,1386
8627,1535
8628,1712
8629,1827
8630,1858
8631,1801
8632,1787
8633,1855
8634,1883
8635,1824
8636,1809
8637,1886
8638,1893
8639,1849
8640,1840
8641,1861
8642,1919
8643,1918
8644,1854
8645,1903
8646,1933
8647,2227
8648,1023
8649,2054
8650,2438
8651,2605
8652,2493
8653,2323
8654,2096
8655,1676
8656,1188
8657,1173
8658,1511
8659,1782
8660,1791
8661,1791
8662,1849
8663,1873
8664,1777
8665,1746
8666,1769
8667,1802
8668,1856
8669,1837
8670,1878
8671,1949
8672,1898
8673,1867
8674,1866
8675,1963
8676,1957
8677,1872
8678,1871
8679,733
8680,1853
8681,2289
8682,2429
8683,2448
8684,2416
8685,2067
8686,1570
8687,1180
8688,1366
8689,1648
8690,1701
8691,1724
8692,1857
8693,1891
8694,1810
8695,1814
8696,1872
8697,1833
8698,1783
8699,1814
8700,1889
8701,1935
8702,1877
8703,1879
8704,1934
8705,1937
8706,1875
8707,1877
8708,1910
8709,1995
8710,555
8711,1723
8712,2306
8713,2495
8714,2454
8715,2330
8716,2062
8717,1515
8718,1168
8719,1362
8720,1668
8721,1871
8722,1841
8723,1837
8724,1827
8725,1872
8726,1895
8727,1806
8728,1789
8729,1853
8730,1869
8731,1808
8732,1809
8733,1835
8734,1921
8735,1893
8736,1891
8737,1949
8738,1939
8739,1889
8740,1872
8741,1260
8742,1637
8743,2306
8744,2531
8745,2558
8746,2497
8747,2178
8748,1453
8749,1044
8750,1408
8751,1712
8752,1753
8753,1805
8754,1879
8755,1883
8756,1808
8757,1784
8758,1794
8759,1901
8760,1813
8761,1808
8762,1871
8763,1909
8764,1838
8765,1817
8766,1843
8767,1879
8768,1905
8769,1887
8770,1937
8771,1948
8772,2688
8773,1406
8774,2222
8775,2622
8776,2687
8777,2544
8778,2198
8779,1535
8780,1086
8781,1333
8782,1616
8783,1761
8784,1841
8785,1819
8786,1822
8787,1865
8788,1858
8789,1783
8790,1762
8791,1810
8792,1866
8793,1863
8794,1827
8795,1855
8796,1899
8797,1871
8798,1827
8799,1823
8800,1862
8801,1937
8802,1874
8803,2542
8804,1157
8805,2171
8806,2544
8807,2639
8808,2604
8809,2262
8810,1323
8811,1045
8812,1440
8813,1712
8814,1737
8815,1763
8816,1826
8817,1851
8818,1846
8819,1776
8820,1804
8821,1883
8822,1822
8823,1808
8824,1837
8825,1895
8826,1925
8827,1846
8828,1858
8829,1928
8830,1900
8831,1834
8832,1831
8833,1859
8834,1940
8835,685
8836,1899
8837,2510
8838,2666
8839,2592
8840,2214
8841,1310
8842,1118
8843,1472
8844,1652
8845,1805
8846,1863
8847,1840
8848,1805
8849,1795
8850,1822
8851,1855
8852,1788
8853,1807
8854,1906
8855,1897
8856,1860
8857,1856
8858,1904
8859,1942
8860,1899
8861,1872
8862,1916
8863,1920
8864,1855
8865,1835
8866,549
8867,1858
8868,2462
8869,2675
8870,2713
8871,2407
8872,1410
8873,1009
8874,1451
8875,1749
8876,1870
8877,1828
8878,1826
8879,1913
8880,1844
8881,1755
8882,1738
8883,1769
8884,1842
8885,1827
8886,1845
8887,1889
8888,1915
8889,1868
8890,1849
8891,1870
8892,1906
8893,1907
8894,1852
8895,1920
8896,1898
8897,1206
8898,1675
8899,2304
8900,2691
8901,2698
8902,2330
8903,1426
8904,1103
8905,1472
8906,1727
8907,1807
8908,1827
8909,1905
8910,1840
8911,1804
8912,1818
8913,1807
8914,1744
8915,1732
8916,1775
8917,1883
8918,1883
8919,1854
8920,1879
8921,1958
8922,1899
8923,1863
8924,1872
8925,1935
8926,1934
8927,1858
8928,2157
8929,1440
8930,2230
8931,2559
8932,2606
8933,2384
8934,1585
8935,1036
8936,1456
8937,1799
8938,1872
8939,1824
8940,1829
8941,1846
8942,1899
8943,1834
8944,1760
8945,1739
8946,1826
8947,1815
8948,1790
8949,1823
8950,1867
8951,1920
8952,1869
8953,1866
8954,1947
8955,1920
8956,1869
8957,1865
8958,1907
8959,2736
8960,889
8961,1810
8962,2373
8963,2541
8964,2299
8965,1482
8966,940
8967,1488
8968,1797
8969,1840
8970,1901
8971,1964
8972,1911
8973,1863
8974,1819
8975,1856
8976,1883
8977,1811
8978,1835
8979,1919
8980,1903
8981,1856
8982,1856
8983,1888
8984,1958
8985,1930
8986,1904
8987,1897
8988,1941
8989,1893
8990,1860
8991,895
8992,2132
8993,2559
8994,2658
8995,2512
8996,1842
8997,1013
8998,1392
8999,1719
9000,1852
9001,1909
9002,1869
9003,1870
9004,1968
9005,1856
9006,1781
9007,1759
9008,1808
9009,1893
9010,1827
9011,1821
9012,1888
9013,1911
9014,1836
9015,1818
9016,1841
9017,1905
9018,1904
9019,1872
9020,1895
9021,1971
9022,608
9023,1872
9024,2471
9025,2701
9026,2639
9027,1951
9028,1072
9029,1345
9030,1723
9031,1750
9032,1765
9033,1825
9034,1874
9035,1822
9036,1798
9037,1820
9038,1870
9039,1783
9040,1781
9041,1841
9042,1918
9043,1873
9044,1834
9045,1911
9046,1915
9047,1869
9048,1819
9049,1819
9050,1894
9051,1923
9052,1863
9053,1110
9054,1706
9055,2385
9056,2631
9057,2608
9058,2160
9059,1254
9060,1258
9061,1648
9062,1808
9063,1854
9064,1858
9065,1840
9066,1814
9067,1839
9068,1808
9069,1765
9070,1801
9071,1878
9072,1837
9073,1824
9074,1859
9075,1918
9076,1920
9077,1855
9078,1847
9079,1904
9080,1891
9081,1817
9082,1829
9083,1843
9084,2378
9085,1488
9086,2241
9087,2595
9088,2701
9089,2211
9090,1243
9091,1200
9092,1705
9093,1774
9094,1812
9095,1921
9096,1910
9097,1851
9098,1767
9099,1760
9100,1781
9101,1825
9102,1779
9103,1810
9104,1907
9105,1884
9106,1843
9107,1845
9108,1919
9109,1922
9110,1871
9111,1862
9112,1941
9113,1919
9114,1834
9115,2682
9116,1296
9117,2211
9118,2556
9119,2615
9120,2336
9121,1523
9122,1205
9123,1593
9124,1726
9125,1834
9126,1924
9127,1854
9128,1847
9129,1878
9130,1793
9131,1719
9132,1719
9133,1752
9134,1872
9135,1840
9136,1827
9137,1922
9138,1911
9139,1863
9140,1856
9141,1903
9142,1936
9143,1904
9144,1846
9145,1854
9146,1933
9147,877
9148,1955
9149,2427
9150,2640
9151,2465
9152,1565
9153,1107
9154,1522
9155,1731
9156,1775
9157,1865
9158,1924
9159,1951
9160,1836
9161,1786
9162,1821
9163,1828
9164,1747
9165,1761
9166,1812
9167,1859
9168,1888
9169,1861
9170,1878
9171,1954
9172,1898
9173,1869
9174,1847
9175,1918
9176,1923
9177,1852
9178,669
9179,1900
9180,2422
9181,2604
9182,2495
9183,1799
9184,1169
9185,1458
9186,1696
9187,1808
9188,1921
9189,1886
9190,1855
9191,1860
9192,1878
9193,1805
9194,1750
9195,1812
9196,1839
9197,1809
9198,1792
9199,1827
9200,1850
9201,1912
9202,1856
9203,1872
9204,1968
9205,1904
9206,1858
9207,1847
9208,1899
9209,1981
9210,1870
9211,1850
9212,1888
9213,1905
9214,1833
9215,1803
9216,1819
9217,1906
9218,1875
9219,1856
9220,1930
9221,1936
9222,1865
9223,1838
9224,1835
9225,1884
9226,1910
9227,1840
9228,1843
9229,1904
9230,1867
9231,1802
9232,1798
9233,1841
9234,1883
9235,1851
9236,1843
9237,1934
9238,1893
9239,1842
9240,1833
9241,1872
9242,1891
9243,1870
9244,1825
9245,1895
9246,1879
9247,1831
9248,1794
9249,1801
9250,1887
9251,1894
9252,1831
9253,1845
9254,1953
9255,1882
9256,1838
9257,1835
9258,1885
9259,1930
9260,1834
9261,1821
9262,1891
9263,1903
9264,1808
9265,1795
9266,1819
9267,1861
9268,1861
9269,1844
9270,1868
9271,1928
9272,1856
9273,1837
9274,1830
9275,1885
9276,1904
9277,1835
9278,1841
9279,1862
9280,1857
9281,1800
9282,1807
9283,1851
9284,1904
9285,1854
9286,1840
9287,1873
9288,1926
9289,1843
9290,1831
9291,1856
9292,1921
9293,1869
9294,1812
9295,1882
9296,1878
9297,1822
9298,1795
9299,1836
9300,1843
9301,1898
9302,1835
9303,1874
9304,1936
9305,1875
9306,1840
9307,1831
9308,1869
9309,1935
9310,1843
9311,1833
9312,1894
9313,1873
9314,1808
9315,1796
9316,1807
9317,1895
9318,1861
9319,1850
9320,1877
9321,1893
9322,1854
9323,1831
9324,1841
9325,1899
9326,1893
9327,1827
9328,1818
9329,1895
9330,1849
9331,1795
9332,1803
9333,1847
9334,1945
9335,1841
9336,1849
9337,1891
9338,1923
9339,1846
9340,1839
9341,1846
9342,1872
9343,1871
9344,1826
9345,1863
9346,1888
9347,1831
9348,1798
9349,1803
9350,1847
9351,1904
9352,1840
9353,1849
9354,1902
9355,1884
9356,1838
9357,1836
9358,1904
9359,1963
9360,1840
9361,1827
9362,1905
9363,1889
9364,1808
9365,1793
9366,1827
9367,1899
9368,1866
9369,1847
9370,1887
9371,1916
9372,1866
9373,1836
9374,1872
9375,1971
9376,1910
9377,1842
9378,1839
9379,1896
9380,1850
9381,1802
9382,1806
9383,1833
9384,1893
9385,1853
9386,1842
9387,1905
9388,1936
9389,1841
9390,1836
9391,1882
9392,1921
9393,1880
9394,1831
9395,1918
9396,1927
9397,1825
9398,1785
9399,1811
9400,1879
9401,1892
9402,1849
9403,1840
9404,1892
9405,1882
9406,1840
9407,1840
9408,1887
9409,1963
9410,1840
9411,1840
9412,1872
9413,1876
9414,1797
9415,1793
9416,1835
9417,1923
9418,1869
9419,1840
9420,1911
9421,1920
9422,1857
9423,1841
9424,1841
9425,1918
9426,1905
9427,1840
9428,1847
9429,1913
9430,1855
9431,1801
9432,1808
9433,1834
9434,1925
9435,1850
9436,1843
9437,1947
9438,1911
9439,1852
9440,1843
9441,1857
9442,1927
9443,1872
9444,1827
9445,1839
9446,1872
9447,1825
9448,1792
9449,1808
9450,1826
9451,1893
9452,1851
9453,1851
9454,1949
9455,1882
9456,1846
9457,1840
9458,1893
9459,1929
9460,1847
9461,1829
9462,1946
9463,1890
9464,1815
9465,1805
9466,1838
9467,1903
9468,1870
9469,1843
9470,1893
9471,1917
9472,1866
9473,1837
9474,1839
9475,1936
9476,1905
9477,1827
9478,1877
9479,1893
9480,1851
9481,1803
9482,1802
9483,1834
9484,1920
9485,1843
9486,1851
9487,1904
9488,1905
9489,1855
9490,1834
9491,1899
9492,1958
9493,1867
9494,1834
9495,1872
9496,1902
9497,1823
9498,1794
9499,1832
9500,1856
9501,1879
9502,1843
9503,1846
9504,1923
9505,1887
9506,1838
9507,1831
9508,1889
9509,1936
9510,1840
9511,1839
9512,1897
9513,1891
9514,1808
9515,1801
9516,1837
9517,1884
9518,1859
9519,1841
9520,1936
9521,1906
9522,1859
9523,1837
9524,1855
9525,1927
9526,1904
9527,1831
9528,1877
9529,1881
9530,1855
9531,1799
9532,1798
9533,1869
9534,1909
9535,1847
9536,1840
9537,1919
9538,1903
9539,1842
9540,1840
9541,1873
9542,1955
9543,1869
9544,1830
9545,1846
9546,1875
9547,1825
9548,1794
9549,1841
9550,1920
9551,1892
9552,1845
9553,1870
9554,1972
9555,1877
9556,1845
9557,1844
9558,1878
9559,1922
9560,1840
9561,1833
9562,1889
9563,1877
9564,1803
9565,1787
9566,1825
9567,1914
9568,1862
9569,1849
9570,1921
9571,1936
9572,1863
9573,1838
9574,1851
9575,1945
9576,1903
9577,1839
9578,1817
9579,1891
9580,1854
9581,1791
9582,1795
9583,1878
9584,1909
9585,1850
9586,1847
9587,1902
9588,1904
9589,1843
9590,1840
9591,1873
9592,1932
9593,1866
9594,1812
9595,1857
9596,1869
9597,1818
9598,1778
9599,1823
9600,1905
9601,1888
9602,1835
9603,1855
9604,1949
9605,1882
9606,1840
9607,1841
9608,1902
9609,1939
9610,1842
9611,1838
9612,1893
9613,1881
9614,1804
9615,1793
9616,1814
9617,1903
9618,1863
9619,1838
9620,1898
9621,1947
9622,1859
9623,1833
9624,1853
9625,1913
9626,1889
9627,1827
9628,1845
9629,1891
9630,1840
9631,1793
9632,1799
9633,1842
9634,1878
9635,1847
9636,1859
9637,1907
9638,1904
9639,1840
9640,1835
9641,1904
9642,1909
9643,1856
9644,1825
9645,1855
9646,1881
9647,1824
9648,1795
9649,1807
9650,1903
9651,1883
9652,1849
9653,1868
9654,1920
9655,1877
9656,1840
9657,1835
9658,1916
9659,1909
9660,1851
9661,1840
9662,1917
9663,1879
9664,1805
9665,1795
9666,1834
9667,1870
9668,1861
9669,1846
9670,1909
9671,1913
9672,1866
9673,1840
9674,1855
9675,1906
9676,1903
9677,1835
9678,1862
9679,1886
9680,1846
9681,1797
9682,1798
9683,1840
9684,1908
9685,1840
9686,1845
9687,1939
9688,1902
9689,1843
9690,1838
9691,1871
9692,1899
9693,1869
9694,1821
9695,1870
9696,1896
9697,1819
9698,1795
9699,1801
9700,1906
9701,1889
9702,1850
9703,1852
9704,1967
9705,1879
9706,1842
9707,1840
9708,1904
9709,1936
9710,1841
9711,1840
9712,1883
9713,1872
9714,1794
9715,1789
9716,1819
9717,1910
9718,1859
9719,1839
9720,1868
9721,1921
9722,1854
9723,1840
9724,1856
9725,1874
9726,1897
9727,1839
9728,1813
9729,1885
9730,1840
9731,1797
9732,1803
9733,1826
9734,1906
9735,1834
9736,1857
9737,1929
9738,1905
9739,1851
9740,1840
9741,1909
9742,1983
9743,1871
9744,1827
9745,1841
9746,1877
9747,1814
9748,1782
9749,1787
9750,1868
9751,1883
9752,1847
9753,1847
9754,1923
9755,1879
9756,1841
9757,1836
9758,1873
9759,1935
9760,1846
9761,1822
9762,1867
9763,1875
9764,1806
9765,1799
9766,1840
9767,1923
9768,1857
9769,1863
9770,1904
9771,1918
9772,1856
9773,1834
9774,1840
9775,1926
9776,1889
9777,1831
9778,1854
9779,1904
9780,1847
9781,1799
9782,1805
9783,1869
9784,1912
9785,1846
9786,1843
9787,1957
9788,1905
9789,1851
9790,1839
9791,1869
9792,1961
9793,1871
9794,1818
9795,1882
9796,1887
9797,1809
9798,1793
9799,1797
9800,1856
9801,1886
9802,1842
9803,1844
9804,1895
9805,1872
9806,1837
9807,1825
9808,1911
9809,1919
9810,1843
9811,1840
9812,1931
9813,1872
9814,1807
9815,1805
9816,1841
9817,1935
9818,1856
9819,1839
9820,1862
9821,1924
9822,1862
9823,1840
9824,1861
9825,1895
9826,1902
9827,1840
9828,1877
9829,1907
9830,1840
9831,1798
9832,1808
9833,1843
9834,1907
9835,1839
9836,1846
9837,1878
9838,1895
9839,1839
9840,1835
9841,1878
9842,1898
9843,1861
9844,1835
9845,1867
9846,1871
9847,1812
9848,1792
9849,1819
9850,1872
9851,1881
9852,1837
9853,1837
9854,1930
9855,1874
9856,1839
9857,1851
9858,1890
9859,1926
9860,1835
9861,1835
9862,1862
9863,1871
9864,1793
9865,1790
9866,1835
9867,1884
9868,1840
9869,1840
9870,1892
9871,1901
9872,1854
9873,1838
9874,1844
9875,1920
9876,1889
9877,1835
9878,1847
9879,1877
9880,1842
9881,1788
9882,1806
9883,1867
9884,1906
9885,1845
9886,1853
9887,1904
9888,1901
9889,1846
9890,1840
9891,1903
9892,1934
9893,1861
9894,1825
9895,1843
9896,1854
9897,1809
9898,1791
9899,1823
9900,1871
9901,1879
9902,1838
9903,1911
9904,1946
9905,1872
9906,1840
9907,1829
9908,1921
9909,1921
9910,1831
9911,1833
9912,1858
9913,1872
9914,1799
9915,1794
9916,1830
9917,1904
9918,1859
9919,1854
9920,1885
9921,1931
9922,1856
9923,1839
9924,1845
9925,1904
9926,1882
9927,1837
9928,1881
9929,1902
9930,1825
9931,1786
9932,1807
9933,1891
9934,1904
9935,1840
9936,1856
9937,1920
9938,1895
9939,1842
9940,1835
9941,1893
9942,1890
9943,1858
9944,1840
9945,1879
9946,1891
9947,1811
9948,1799
9949,1842
9950,1897
9951,1887
9952,1846
9953,1856
9954,1911
9955,1872
9956,1835
9957,1823
9958,1886
9959,1925
9960,1838
9961,1838
9962,1922
9963,1871
9964,1797
9965,1798
9966,1819
9967,1899
9968,1859
9969,1854
9970,1918
9971,1925
9972,1855
9973,1839
9974,1872
9975,1909
9976,1891
9977,1837
9978,1825
9979,1875
9980,1834
9981,1797
9982,1810
9983,1850
9984,1901
9985,1840
9986,1849
9987,1879
9988,1897
9989,1844
9990,1840
9991,1867
9992,1952
9993,1860
9994,1838
9995,1936
9996,1883
9997,1813
9998,1795
9999,1797
10000,1887
10001,1879
10002,1840
10003,1885
10004,1913
10005,1872
10006,1840
10007,1840
10008,1914
10009,1919
10010,1841
10011,1833
10012,1874
10013,1870
10014,1790
10015,1790
10016,1827
10017,1926
10018,1862
10019,1835
10020,1872
10021,1895
10022,1855
10023,1840
10024,1855
10025,1891
10026,1881
10027,1829
10028,1894
10029,1911
10030,1836
10031,1792
10032,1792
10033,1882
10034,1906
10035,1847
10036,1862
10037,1931
10038,1895
10039,1840
10040,1840
10041,1871
10042,1941
10043,1851
10044,1827
10045,1847
10046,1856
10047,1808
10048,1789
10049,1819
10050,1867
10051,1874
10052,1837
10053,1859
10054,1944
10055,1872
10056,1839
10057,1840
10058,1965
10059,1923
10060,1839
10061,1841
10062,1904
10063,1868
10064,1802
10065,1793
10066,1833
10067,1888
10068,1840
10069,1840
10070,1856
10071,1929
10072,1856
10073,1840
10074,1871
10075,1921
10076,1875
10077,1825
10078,1840
10079,1888
10080,1830
10081,1797
10082,1799
10083,1877
10084,1908
10085,1847
10086,1872
10087,1957
10088,1899
10089,1840
10090,1842
10091,1866
10092,1936
10093,1857
10094,1825
10095,1898
10096,1890
10097,1810
10098,1791
10099,1826
10100,1902
10101,1872
10102,1847
10103,1847
10104,1918
10105,1860
10106,1837
10107,1844
10108,1909
10109,1919
10110,1841
10111,1841
10112,1904
10113,1863
10114,1803
10115,1798
10116,1843
10117,1904
10118,1856
10119,1847
10120,1886
10121,1903
10122,1854
10123,1839
10124,1872
10125,1912
10126,1890
10127,1839
10128,1856
10129,1899
10130,1831
10131,1795
10132,1792
10133,1885
10134,1899
10135,1843
10136,1859
10137,1909
10138,1894
10139,1838
10140,1840
10141,1887
10142,1911
10143,1853
10144,1831
10145,1871
10146,1858
10147,1811
10148,1803
10149,1837
10150,1882
10151,1872
10152,1845
10153,1894
10154,1938
10155,1867
10156,1842
10157,1840
10158,1902
10159,1914
10160,1843
10161,1855
10162,1905
10163,1861
10164,1794
10165,1794
10166,1844
10167,1904
10168,1866
10169,1844
10170,1906
10171,1910
10172,1855
10173,1831
10174,1881
10175,1939
10176,1873
10177,1830
10178,1861
10179,1872
10180,1839
10181,1794
10182,1790
10183,1861
10184,1898
10185,1841
10186,1856
10187,1959
10188,1897
10189,1840
10190,1835
10191,1872
10192,1914
10193,1845
10194,1811
10195,1863
10196,1866
10197,1804
10198,1789
10199,1818
10200,1864
10201,1872
10202,1851
10203,1892
10204,1921
10205,1863
10206,1837
10207,687
10208,1814
10209,2263
10210,2374
10211,2416
10212,2390
10213,2254
10214,1966
10215,1599
10216,1246
10217,1429
10218,1495
10219,1658
10220,1787
10221,1866
10222,1831
10223,1829
10224,1834
10225,1852
10226,1839
10227,1761
10228,1867
10229,1790
10230,1787
10231,1765
10232,1790
10233,1839
10234,1911
10235,1856
10236,1859
10237,1931
10238,1523
10239,1643
10240,2199
10241,2455
10242,2559
10243,2400
10244,2231
10245,1984
10246,1511
10247,1137
10248,1267
10249,1535
10250,1814
10251,1829
10252,1830
10253,1883
10254,1959
10255,1841
10256,1797
10257,1776
10258,1869
10259,1877
10260,1807
10261,1825
10262,1863
10263,1875
10264,1819
10265,1823
10266,1891
10267,1958
10268,1872
10269,2887
10270,1359
10271,2177
10272,2425
10273,2481
10274,2464
10275,2355
10276,1971
10277,1458
10278,1205
10279,1397
10280,1597
10281,1710
10282,1790
10283,1867
10284,1885
10285,1826
10286,1792
10287,1885
10288,1834
10289,1787
10290,1792
10291,1855
10292,1925
10293,1860
10294,1848
10295,1870
10296,1904
10297,1838
10298,1813
10299,1831
10300,2314
10301,1093
10302,1995
10303,2416
10304,2518
10305,2477
10306,2304
10307,1947
10308,1505
10309,1228
10310,1406
10311,1638
10312,1757
10313,1776
10314,1762
10315,1777
10316,1786
10317,1841
10318,1793
10319,1777
10320,1858
10321,1894
10322,1849
10323,1846
10324,1871
10325,1939
10326,1904
10327,1865
10328,1899
10329,1919
10330,1867
10331,1835
10332,810
10333,1946
10334,2384
10335,2493
10336,2526
10337,2442
10338,1998
10339,1293
10340,1162
10341,1529
10342,1741
10343,1777
10344,1791
10345,1887
10346,1872
10347,1761
10348,1728
10349,1740
10350,1851
10351,1809
10352,1810
10353,1872
10354,1914
10355,1865
10356,1841
10357,1873
10358,1950
10359,1927
10360,1849
10361,1857
10362,1930
10363,862
10364,1655
10365,2126
10366,2385
10367,2542
10368,2385
10369,1975
10370,1451
10371,1277
10372,1518
10373,1707
10374,1827
10375,1911
10376,1863
10377,1814
10378,1877
10379,1872
10380,1758
10381,1727
10382,1790
10383,1811
10384,1893
10385,1855
10386,1873
10387,1990
10388,1918
10389,1872
10390,1872
10391,1939
10392,1934
10393,1881
10394,1795
10395,1519
10396,2190
10397,2418
10398,2479
10399,2418
10400,2033
10401,1280
10402,1212
10403,1556
10404,1790
10405,1807
10406,1812
10407,1837
10408,1939
10409,1867
10410,1767
10411,1774
10412,1798
10413,1803
10414,1776
10415,1793
10416,1874
10417,1920
10418,1861
10419,1876
10420,1932
10421,1933
10422,1877
10423,1869
10424,1883
10425,3028
10426,1210
10427,1853
10428,2291
10429,2430
10430,2352
10431,1898
10432,1155
10433,1235
10434,1669
10435,1789
10436,1889
10437,1916
10438,1901
10439,1855
10440,1837
10441,1867
10442,1897
10443,1801
10444,1810
10445,1867
10446,1904
10447,1840
10448,1839
10449,1876
10450,1927
10451,1924
10452,1897
10453,1975
10454,1975
10455,1909
10456,2113
10457,1217
10458,2144
10459,2507
10460,2559
10461,2509
10462,2096
10463,1274
10464,1203
10465,1611
10466,1815
10467,1867
10468,1767
10469,1803
10470,1894
10471,1861
10472,1778
10473,1749
10474,1799
10475,1840
10476,1846
10477,1819
10478,1872
10479,1897
10480,1841
10481,1821
10482,1845
10483,1908
10484,1929
10485,1877
10486,1888
10487,1946
10488,787
10489,1951
10490,2387
10491,2549
10492,2559
10493,2087
10494,1258
10495,1263
10496,1698
10497,1792
10498,1787
10499,1771
10500,1840
10501,1834
10502,1805
10503,1809
10504,1812
10505,1776
10506,1775
10507,1798
10508,1872
10509,1899
10510,1837
10511,1874
10512,1885
10513,1874
10514,1824
10515,1827
10516,1852
10517,1941
10518,1875
10519,730
10520,1906
10521,2402
10522,2541
10523,2502
10524,2154
10525,1435
10526,1322
10527,1645
10528,1781
10529,1844
10530,1776
10531,1747
10532,1790
10533,1872
10534,1821
10535,1755
10536,1808
10537,1905
10538,1839
10539,1815
10540,1823
10541,1878
10542,1954
10543,1856
10544,1861
10545,1919
10546,1905
10547,1838
10548,1822
10549,1884
10550,1728
10551,1711
10552,2246
10553,2524
10554,2559
10555,2197
10556,1408
10557,1205
10558,1680
10559,1845
10560,1825
10561,1867
10562,1870
10563,1846
10564,1761
10565,1744
10566,1771
10567,1846
10568,1790
10569,1793
10570,1876
10571,1895
10572,1840
10573,1840
10574,1855
10575,1982
10576,1872
10577,1854
10578,1893
10579,1937
10580,1843
10581,2751
10582,1498
10583,2190
10584,2498
10585,2495
10586,2256
10587,1649
10588,1223
10589,1583
10590,1749
10591,1842
10592,1913
10593,1843
10594,1822
10595,1837
10596,1824
10597,1718
10598,1703
10599,1721
10600,1845
10601,1834
10602,1829
10603,1905
10604,1926
10605,1868
10606,1850
10607,1866
10608,1918
10609,1918
10610,1855
10611,1870
10612,2013
10613,1083
10614,1973
10615,2360
10616,2512
10617,2432
10618,1654
10619,1140
10620,1602
10621,1823
10622,1810
10623,1853
10624,1895
10625,1919
10626,1829
10627,1767
10628,1808
10629,1776
10630,1744
10631,1744
10632,1786
10633,1854
10634,1892
10635,1843
10636,1894
10637,1943
10638,1897
10639,1856
10640,1859
10641,1920
10642,1949
10643,1856
10644,838
10645,1905
10646,2368
10647,2481
10648,2368
10649,1813
10650,1235
10651,1514
10652,1723
10653,1830
10654,1911
10655,1869
10656,1842
10657,1834
10658,1859
10659,1805
10660,1731
10661,1740
10662,1828
10663,1816
10664,1787
10665,1805
10666,1862
10667,1922
10668,1867
10669,1870
10670,1922
10671,1931
10672,1868
10673,1858
10674,1887
10675,859
10676,1805
10677,2295
10678,2601
10679,2496
10680,1899
10681,1130
10682,1364
10683,1666
10684,1808
10685,1857
10686,1899
10687,1937
10688,1861
10689,1785
10690,1762
10691,1834
10692,1872
10693,1779
10694,1786
10695,1859
10696,1884
10697,1821
10698,1823
10699,1842
10700,1922
10701,1872
10702,1869
10703,1907
10704,1934
10705,1873
10706,1719
10707,1734
10708,2307
10709,2598
10710,2556
10711,2137
10712,1408
10713,1299
10714,1535
10715,1665
10716,1775
10717,1927
10718,1858
10719,1838
10720,1809
10721,1825
10722,1744
10723,1731
10724,1813
10725,1910
10726,1833
10727,1821
10728,1869
10729,1892
10730,1835
10731,1810
10732,1854
10733,1918
10734,1904
10735,1853
10736,1851
10737,2857
10738,1535
10739,2177
10740,2499
10741,2559
10742,2259
10743,1360
10744,1261
10745,1610
10746,1755
10747,1778
10748,1841
10749,1856
10750,1893
10751,1814
10752,1763
10753,1793
10754,1846
10755,1783
10756,1794
10757,1823
10758,1919
10759,1895
10760,1832
10761,1901
10762,1907
10763,1871
10764,1808
10765,1811
10766,1840
10767,1919
10768,1969
10769,1200
10770,2147
10771,2507
10772,2559
10773,2331
10774,1599
10775,1328
10776,1615
10777,1677
10778,1786
10779,1870
10780,1825
10781,1787
10782,1807
10783,1824
10784,1792
10785,1744
10786,1791
10787,1896
10788,1840
10789,1816
10790,1829
10791,1875
10792,1920
10793,1841
10794,1841
10795,1890
10796,1894
10797,1823
10798,1811
10799,1850
10800,999
10801,1985
10802,2421
10803,2621
10804,2482
10805,1685
10806,1202
10807,1562
10808,1751
10809,1808
10810,1846
10811,1920
10812,1922
10813,1823
10814,1731
10815,1724
10816,1785
10817,1824
10818,1781
10819,1808
10820,1882
10821,1891
10822,1840
10823,1842
10824,1881
10825,1934
10826,1872
10827,1849
10828,1872
10829,1901
10830,1834
10831,1806
10832,1831
10833,1905
10834,1902
10835,1844
10836,1856
10837,1959
10838,1872
10839,1840
10840,1838
10841,1882
10842,1931
10843,1840
10844,1827
10845,1887
10846,1877
10847,1808
10848,1807
10849,1828
10850,1910
10851,1855
10852,1844
10853,1886
10854,1902
10855,1842
10856,1826
10857,1841
10858,1897
10859,1887
10860,1840
10861,1827
10862,1886
10863,1840
10864,1802
10865,1790
10866,1854
10867,1904
10868,1845
10869,1842
10870,1932
10871,1891
10872,1840
10873,1830
10874,1855
10875,1910
10876,1850
10877,1835
10878,1852
10879,1863
10880,1816
10881,1791
10882,1812
10883,1887
10884,1874
10885,1843
10886,1803
10887,1909
10888,1872
10889,1831
10890,1833
10891,1861
10892,1921
10893,1841
10894,1824
10895,1872
10896,1874
10897,1802
10898,1795
10899,1824
10900,1893
10901,1871
10902,1843
10903,1863
10904,1919
10905,1851
10906,1834
10907,1847
10908,1906
10909,1885
10910,1830
10911,1878
10912,1904
10913,1851
10914,1790
10915,1790
10916,1818
10917,1904
10918,1847
10919,1842
10920,1923
10921,1890
10922,1840
10923,1830
10924,1886
10925,1902
10926,1858
10927,1826
10928,1901
10929,1854
10930,1817
10931,1797
10932,1810
10933,1916
10934,1881
10935,1840
10936,1858
10937,1958
10938,1866
10939,1839
10940,1833
10941,1867
10942,1914
10943,1840
10944,1801
10945,1885
10946,1872
10947,1802
10948,1793
10949,1822
10950,1898
10951,1856
10952,1841
10953,1904
10954,1903
10955,1853
10956,1837
10957,1855
10958,1878
10959,1886
10960,1825
10961,1851
10962,1877
10963,1831
10964,1794
10965,1803
10966,1866
10967,1907
10968,1850
10969,1840
10970,1959
10971,1899
10972,1841
10973,1839
10974,1872
10975,1942
10976,1859
10977,1829
10978,1870
10979,1877
10980,1822
10981,1801
10982,1829
10983,1891
10984,1885
10985,1855
10986,1867
10987,1899
10988,1873
10989,1842
10990,1841
10991,1938
10992,1921
10993,1840
10994,1843
10995,1917
10996,1883
10997,1807
10998,1806
10999,1838
11000,1917
11001,1854
11002,1845
11003,1887
11004,1940
11005,1850
11006,1829
11007,1869
11008,1954
11009,1878
11010,1828
11011,1863
11012,1898
11013,1840
11014,1792
11015,1797
11016,1889
11017,1920
11018,1835
11019,1845
11020,1953
11021,1901
11022,1840
11023,1840
11024,1885
11025,1937
11026,1853
11027,1830
11028,1892
11029,1904
11030,1816
11031,1797
11032,1810
11033,1886
11034,1872
11035,1840
11036,1887
11037,1954
11038,1871
11039,1831
11040,1863
11041,1896
11042,1925
11043,1833
11044,1827
11045,1926
11046,1874
11047,1807
11048,1797
11049,1811
11050,1904
11051,1856
11052,1840
11053,1886
11054,1967
11055,1853
11056,1837
11057,1857
11058,1918
11059,1883
11060,1827
11061,1876
11062,1882
11063,1840
11064,1790
11065,1793
11066,1855
11067,1904
11068,1840
11069,1856
11070,1903
11071,1904
11072,1843
11073,1840
11074,1877
11075,1937
11076,1862
11077,1826
11078,1920
11079,1902
11080,1812
11081,1793
11082,1827
11083,1921
11084,1885
11085,1842
11086,1857
11087,1938
11088,1875
11089,1836
11090,1828
11091,1957
11092,1931
11093,1835
11094,1831
11095,1930
11096,1869
11097,1795
11098,1787
11099,1826
11100,1889
11101,1858
11102,1857
11103,1923
11104,1951
11105,1845
11106,1838
11107,1858
11108,1921
11109,1882
11110,1837
11111,1838
11112,1897
11113,1835
11114,1795
11115,1821
11116,1853
11117,1907
11118,1844
11119,1856
11120,1968
11121,1901
11122,1837
11123,1834
11124,1870
11125,1927
11126,1843
11127,1826
11128,1917
11129,1887
11130,1808
11131,1789
11132,1828
11133,1904
11134,1877
11135,1842
11136,1856
11137,1965
11138,1869
11139,1840
11140,1842
11141,1927
11142,1922
11143,1840
11144,1828
11145,1903
11146,1872
11147,1801
11148,1802
11149,1851
11150,1904
11151,1855
11152,1841
11153,1925
11154,1927
11155,1846
11156,1826
11157,1843
11158,1915
11159,1878
11160,1831
11161,1840
11162,1877
11163,1827
11164,1793
11165,1782
11166,1872
11167,1904
11168,1843
11169,1843
11170,1936
11171,1891
11172,1839
11173,1834
11174,1891
11175,1908
11176,1852
11177,1809
11178,1895
11179,1888
11180,1808
11181,1789
11182,1808
11183,1885
11184,1872
11185,1833
11186,1875
11187,1898
11188,1859
11189,1836
11190,1834
11191,1891
11192,1913
11193,1829
11194,1834
11195,1924
11196,1870
11197,1794
11198,1791
11199,1817
11200,1905
11201,1845
11202,1853
11203,1904
11204,1903
11205,1840
11206,1830
11207,1851
11208,1900
11209,1873
11210,1827
11211,1840
11212,1893
11213,1835
11214,1781
11215,1779
11216,1829
11217,1903
11218,1837
11219,1847
11220,1936
11221,1886
11222,1836
11223,1831
11224,1876
11225,1947
11226,1850
11227,1838
11228,1870
11229,1887
11230,1808
11231,1791
11232,1802
11233,1871
11234,1875
11235,1839
11236,1871
11237,1916
11238,1866
11239,1838
11240,1840
11241,1936
11242,1920
11243,1834
11244,1847
11245,1855
11246,1860
11247,1793
11248,1794
11249,1813
11250,1936
11251,1841
11252,1846
11253,1904
11254,1904
11255,1849
11256,1833
11257,1853
11258,1907
11259,1879
11260,1834
11261,1820
11262,1905
11263,1829
11264,1792
11265,1819
11266,1867
11267,1906
11268,1847
11269,1846
11270,1949
11271,1893
11272,1843
11273,1837
11274,1893
11275,1894
11276,1846
11277,1826
11278,1931
11279,1907
11280,1809
11281,1795
11282,1819
11283,1937
11284,1872
11285,1846
11286,1871
11287,1936
11288,1863
11289,1834
11290,1838
11291,1877
11292,1920
11293,1829
11294,1834
11295,1922
11296,1866
11297,1799
11298,1804
11299,1852
11300,1905
11301,1854
11302,1840
11303,1879
11304,1918
11305,1846
11306,1829
11307,1843
11308,1923
11309,1872
11310,1824
11311,1857
11312,1920
11313,1829
11314,1789
11315,1783
11316,1841
11317,1903
11318,1839
11319,1845
11320,1936
11321,1893
11322,1841
11323,1839
11324,1883
11325,1986
11326,1841
11327,1829
11328,1877
11329,1904
11330,1808
11331,1789
11332,1826
11333,1921
11334,1872
11335,1837
11336,1871
11337,1904
11338,1861
11339,1828
11340,1837
11341,1895
11342,1919
11343,1831
11344,1831
11345,1938
11346,1866
11347,1797
11348,1802
11349,1825
11350,1925
11351,1846
11352,1842
11353,1904
11354,1936
11355,1851
11356,1840
11357,1875
11358,1949
11359,1876
11360,1834
11361,1840
11362,1918
11363,1834
11364,1785
11365,1811
11366,1835
11367,1903
11368,1840
11369,1858
11370,1907
11371,1885
11372,1839
11373,1841
11374,1872
11375,1936
11376,1855
11377,1834
11378,1902
11379,1883
11380,1808
11381,1785
11382,1807
11383,1893
11384,1871
11385,1842
11386,1883
11387,1949
11388,1872
11389,1840
11390,1855
11391,1911
11392,1910
11393,1835
11394,1833
11395,1863
11396,1859
11397,1794
11398,1792
11399,1840
11400,1882
11401,1856
11402,1850
11403,1922
11404,1914
11405,1849
11406,1835
11407,1840
11408,1955
11409,1873
11410,1833
11411,1819
11412,1916
11413,1829
11414,1787
11415,1820
11416,1872
11417,1905
11418,1840
11419,1855
11420,1919
11421,1890
11422,1841
11423,1838
11424,1873
11425,1887
11426,1847
11427,1834
11428,1882
11429,1872
11430,1802
11431,1785
11432,1808
11433,1934
11434,1869
11435,1850
11436,1903
11437,1955
11438,1867
11439,1837
11440,1840
11441,1935
11442,1907
11443,1825
11444,1858
11445,1904
11446,1869
11447,1799
11448,1797
11449,1856
11450,1918
11451,1855
11452,1855
11453,1872
11454,1909
11455,1840
11456,1823
11457,1847
11458,1926
11459,1879
11460,1835
11461,1849
11462,1923
11463,1834
11464,1798
11465,1807
11466,1867
11467,1904
11468,1844
11469,1833
11470,1909
11471,1890
11472,1842
11473,1835
11474,1856
11475,1930
11476,1855
11477,1842
11478,1895
11479,1902
11480,1808
11481,1795
11482,1814
11483,1872
11484,1867
11485,1847
11486,1898
11487,1904
11488,1860
11489,1837
11490,1840
11491,1899
11492,1918
11493,1835
11494,1853
11495,1911
11496,1857
11497,1793
11498,1797
11499,1867
11500,1936
11501,1853
11502,1847
11503,1883
11504,1905
11505,1851
11506,1835
11507,1874
11508,1903
11509,1870
11510,1827
11511,1840
11512,1879
11513,1828
11514,1786
11515,1809
11516,1862
11517,1890
11518,1827
11519,1838
11520,1902
11521,1886
11522,1839
11523,1832
11524,1927
11525,1906
11526,1846
11527,1828
11528,1886
11529,1865
11530,1807
11531,1792
11532,1851
11533,1899
11534,1872
11535,1841
11536,1853
11537,1930
11538,1857
11539,1837
11540,1857
11541,1943
11542,1910
11543,1845
11544,1814
11545,1875
11546,1849
11547,1794
11548,1791
11549,1822
11550,1898
11551,1857
11552,1856
11553,1907
11554,1902
11555,1851
11556,1840
11557,1857
11558,1882
11559,1867
11560,1827
11561,1855
11562,1871
11563,1829
11564,1792
11565,1815
11566,1835
11567,1901
11568,1835
11569,1825
11570,1921
11571,1891
11572,1840
11573,1838
11574,1890
11575,1955
11576,1839
11577,1819
11578,1874
11579,1870
11580,1808
11581,1792
11582,1806
11583,1909
11584,1869
11585,1846
11586,1872
11587,1943
11588,1863
11589,1837
11590,1853
11591,1898
11592,1907
11593,1836
11594,1861
11595,1898
11596,1855
11597,1798
11598,1799
11599,1841
11600,1919
11601,1851
11602,1854
11603,1876
11604,1915
11605,1841
11606,1830
11607,1856
11608,1903
11609,1859
11610,1830
11611,1855
11612,1891
11613,1823
11614,1799
11615,1805
11616,1857
11617,1899
11618,1840
11619,1881
11620,1925
11621,1887
11622,1840
11623,1839
11624,1914
11625,1981
11626,1840
11627,1839
11628,1878
11629,1895
11630,1808
11631,1793
11632,1835
11633,1900
11634,1865
11635,1839
11636,1885
11637,1971
11638,1856
11639,1834
11640,1850
11641,1979
11642,1904
11643,1833
11644,1829
11645,1890
11646,1856
11647,1793
11648,1799
11649,1811
11650,1906
11651,1847
11652,1843
11653,1904
11654,1911
11655,1847
11656,1834
11657,1863
11658,1925
11659,1870
11660,1829
11661,1888
11662,1893
11663,1825
11664,1785
11665,1811
11666,1852
11667,1891
11668,1837
11669,1871
11670,1909
11671,1882
11672,1841
11673,1838
11674,1871
11675,1932
11676,1846
11677,1836
11678,1937
11679,1878
11680,1795
11681,1798
11682,1825
11683,1907
11684,1870
11685,1844
11686,1887
11687,1911
11688,1859
11689,1829
11690,1847
11691,1929
11692,1904
11693,1837
11694,1885
11695,1890
11696,1853
11697,1782
11698,1791
11699,1833
11700,1920
11701,1843
11702,1840
11703,1920
11704,1905
11705,1844
11706,1836
11707,1886
11708,1930
11709,1872
11710,1819
11711,1886
11712,1915
11713,1823
11714,1793
11715,1803
11716,1872
11717,1893
11718,1828
11719,1829
11720,1940
11721,1877
11722,1840
11723,1838
11724,1907
11725,1894
11726,1840
11727,1830
11728,1943
11729,1873
11730,1799
11731,1790
11732,1808
11733,1895
11734,1867
11735,1841
11736,1911
11737,1924
11738,1861
11739,1838
11740,1851
11741,1894
11742,1904
11743,1833
11744,1840
11745,1917
11746,1854
11747,1799
11748,1797
11749,1843
11750,1915
11751,1845
11752,1853
11753,1926
11754,1904
11755,1841
11756,1833
11757,1849
11758,1932
11759,1871
11760,1840
11761,1887
11762,1904
11763,1819
11764,1794
11765,1808
11766,1873
11767,1894
11768,1847
11769,1845
11770,1931
11771,1879
11772,1837
11773,1837
11774,1892
11775,1936
11776,1845
11777,1840
11778,1923
11779,1872
11780,1808
11781,1795
11782,1834
11783,1918
11784,1853
11785,1840
11786,1891
11787,1948
11788,1854
11789,1837
11790,1854
11791,1939
11792,1904
11793,1837
11794,1857
11795,1873
11796,1850
11797,1793
11798,1799
11799,1834
11800,1909
11801,1842
11802,1866
11803,1876
11804,1907
11805,1843
11806,1840
11807,1867
11808,1939
11809,1870
11810,1834
11811,1911
11812,1923
11813,1826
11814,1780
11815,1795
11816,1859
11817,1888
11818,1831
11819,1829
11820,1923
11821,1885
11822,1837
11823,1837
11824,1885
11825,1941
11826,1845
11827,1834
11828,1863
11829,785
11830,1717
11831,2089
11832,2285
11833,2364
11834,2311
11835,2189
11836,2032
11837,1669
11838,1263
11839,1345
11840,1535
11841,1808
11842,1850
11843,1806
11844,1842
11845,1861
11846,1840
11847,1772
11848,1757
11849,1820
11850,1863
11851,1819
11852,1809
11853,1885
11854,1906
11855,1848
11856,1847
11857,1887
11858,1947
11859,1886
11860,1408
11861,1634
11862,2106
11863,2274
11864,2306
11865,2269
11866,2182
11867,1899
11868,1408
11869,1280
11870,1490
11871,1673
11872,1776
11873,1840
11874,1890
11875,1949
11876,1854
11877,1838
11878,1911
11879,1857
11880,1763
11881,1761
11882,1834
11883,1872
11884,1874
11885,1862
11886,1922
11887,1953
11888,1879
11889,1866
11890,1898
11891,2273
11892,1507
11893,2014
11894,2320
11895,2416
11896,2364
11897,2144
11898,1788
11899,1414
11900,1298
11901,1383
11902,1654
11903,1872
11904,1874
11905,1836
11906,1833
11907,1848
11908,1887
11909,1819
11910,1781
11911,1809
11912,1858
11913,1818
11914,1801
11915,1826
11916,1888
11917,1931
11918,1872
11919,1888
11920,1963
11921,1916
11922,2288
11923,1346
11924,2204
11925,2483
11926,2480
11927,2459
11928,2344
11929,1969
11930,1349
11931,1115
11932,1449
11933,1730
11934,1716
11935,1771
11936,1842
11937,1918
11938,1803
11939,1767
11940,1776
11941,1878
11942,1840
11943,1792
11944,1837
11945,1899
11946,1856
11947,1808
11948,1819
11949,1898
11950,1951
11951,1872
11952,1872
11953,1947
11954,1003
11955,1995
11956,2331
11957,2513
11958,2554
11959,2353
11960,1869
11961,1318
11962,1240
11963,1468
11964,1639
11965,1739
11966,1839
11967,1856
11968,1807
11969,1838
11970,1881
11971,1778
11972,1744
11973,1767
11974,1877
11975,1919
11976,1840
11977,1843
11978,1856
11979,1882
11980,1818
11981,1812
11982,1883
11983,1916
11984,1883
11985,897
11986,1908
11987,2374
11988,2465
11989,2462
11990,2347
11991,1943
11992,1296
11993,1233
11994,1563
11995,1799
11996,1803
11997,1785
11998,1807
11999,1831
12000,1872
12001,1774
12002,1746
12003,1843
12004,1843
12005,1810
12006,1831
12007,1881
12008,1938
12009,1855
12010,1829
12011,1876
12012,1905
12013,1840
12014,1815
12015,1834
12016,1358
12017,1791
12018,2253
12019,2508
12020,2624
12021,2416
12022,1830
12023,1153
12024,1293
12025,1677
12026,1763
12027,1789
12028,1899
12029,1873
12030,1785
12031,1731
12032,1770
12033,1826
12034,1771
12035,1783
12036,1845
12037,1890
12038,1849
12039,1839
12040,1867
12041,1998
12042,1921
12043,1855
12044,1865
12045,1920
12046,1871
12047,2559
12048,1604
12049,2159
12050,2512
12051,2545
12052,2435
12053,1976
12054,1243
12055,1260
12056,1620
12057,1819
12058,1892
12059,1792
12060,1795
12061,1861
12062,1865
12063,1738
12064,1697
12065,1735
12066,1858
12067,1850
12068,1825
12069,1852
12070,1933
12071,1890
12072,1867
12073,1871
12074,1951
12075,1947
12076,1858
12077,1855
12078,2743
12079,1328
12080,1898
12081,2257
12082,2391
12083,2389
12084,1827
12085,1163
12086,1423
12087,1759
12088,1827
12089,1821
12090,1810
12091,1904
12092,1879
12093,1802
12094,1780
12095,1842
12096,1792
12097,1765
12098,1791
12099,1872
12100,1927
12101,1867
12102,1886
12103,1991
12104,1936
12105,1887
12106,1877
12107,1931
12108,1962
12109,1889
12110,1064
12111,2028
12112,2444
12113,2481
12114,2390
12115,1936
12116,1282
12117,1344
12118,1664
12119,1840
12120,1936
12121,1860
12122,1828
12123,1822
12124,1838
12125,1858
12126,1755
12127,1742
12128,1815
12129,1851
12130,1802
12131,1806
12132,1852
12133,1941
12134,1879
12135,1863
12136,1917
12137,1959
12138,1882
12139,1859
12140,1872
12141,942
12142,1879
12143,2278
12144,2493
12145,2489
12146,1990
12147,1168
12148,1287
12149,1680
12150,1870
12151,1846
12152,1903
12153,2001
12154,1914
12155,1809
12156,1774
12157,1776
12158,1840
12159,1795
12160,1793
12161,1831
12162,1898
12163,1825
12164,1808
12165,1826
12166,1921
12167,1904
12168,1872
12169,1878
12170,1968
12171,1893
12172,1364
12173,1834
12174,2303
12175,2532
12176,2453
12177,2112
12178,1400
12179,1326
12180,1617
12181,1728
12182,1858
12183,1903
12184,1856
12185,1835
12186,1870
12187,1839
12188,1753
12189,1734
12190,1792
12191,1869
12192,1856
12193,1814
12194,1849
12195,1926
12196,1855
12197,1814
12198,1807
12199,1863
12200,1929
12201,1849
12202,1871
12203,2606
12204,1664
12205,2179
12206,2459
12207,2518
12208,2305
12209,1467
12210,1232
12211,1648
12212,1763
12213,1775
12214,1799
12215,1821
12216,1857
12217,1843
12218,1764
12219,1758
12220,1821
12221,1783
12222,1787
12223,1821
12224,1902
12225,1918
12226,1835
12227,1845
12228,1930
12229,1883
12230,1824
12231,1823
12232,1836
12233,1921
12234,2683
12235,1466
12236,2161
12237,2519
12238,2524
12239,2262
12240,1535
12241,1296
12242,1623
12243,1730
12244,1825
12245,1920
12246,1870
12247,1793
12248,1764
12249,1845
12250,1817
12251,1738
12252,1767
12253,1887
12254,1857
12255,1815
12256,1827
12257,1875
12258,1944
12259,1871
12260,1857
12261,1888
12262,1926
12263,1842
12264,1808
12265,1855
12266,1089
12267,2013
12268,2399
12269,2589
12270,2481
12271,1745
12272,1153
12273,1462
12274,1712
12275,1849
12276,1850
12277,1891
12278,1923
12279,1850
12280,1742
12281,1712
12282,1741
12283,1802
12284,1791
12285,1813
12286,1904
12287,1904
12288,1850
12289,1842
12290,1851
12291,1929
12292,1900
12293,1854
12294,1897
12295,1922
12296,1855
12297,915
12298,1952
12299,2390
12300,2559
12301,2415
12302,1815
12303,1289
12304,1479
12305,1639
12306,1739
12307,1876
12308,1936
12309,1863
12310,1792
12311,1831
12312,1809
12313,1715
12314,1712
12315,1776
12316,1845
12317,1860
12318,1831
12319,1883
12320,1922
12321,1868
12322,1840
12323,1841
12324,1934
12325,1930
12326,1847
12327,1867
12328,1358
12329,1719
12330,2154
12331,2432
12332,2506
12333,2132
12334,1264
12335,1373
12336,1658
12337,1762
12338,1786
12339,1838
12340,1870
12341,1874
12342,1840
12343,1745
12344,1792
12345,1807
12346,1770
12347,1760
12348,1805
12349,1843
12350,1930
12351,1867
12352,1852
12353,1929
12354,1911
12355,1856
12356,1857
12357,1899
12358,1995
12359,2126
12360,1699
12361,2204
12362,2510
12363,2498
12364,2090
12365,1273
12366,1394
12367,1617
12368,1687
12369,1838
12370,1939
12371,1910
12372,1831
12373,1793
12374,1813
12375,1829
12376,1739
12377,1745
12378,1842
12379,1846
12380,1794
12381,1806
12382,1840
12383,1894
12384,1872
12385,1858
12386,1935
12387,1939
12388,1870
12389,1854
12390,2377
12391,1503
12392,2139
12393,2462
12394,2625
12395,2345
12396,1418
12397,1168
12398,1503
12399,1681
12400,1854
12401,1851
12402,1894
12403,1974
12404,1853
12405,1761
12406,1737
12407,1776
12408,1841
12409,1797
12410,1802
12411,1865
12412,1887
12413,1823
12414,1807
12415,1861
12416,1939
12417,1890
12418,1859
12419,1904
12420,1945
12421,1872
12422,1136
12423,2032
12424,2511
12425,2615
12426,2350
12427,1595
12428,1264
12429,1554
12430,1648
12431,1731
12432,1817
12433,1959
12434,1872
12435,1802
12436,1826
12437,1829
12438,1737
12439,1743
12440,1814
12441,1872
12442,1854
12443,1817
12444,1835
12445,1875
12446,1845
12447,1810
12448,1803
12449,1861
12450,1924
12451,1850
12452,1872
12453,1957
12454,1909
12455,1852
12456,1843
12457,1906
12458,1919
12459,1845
12460,1838
12461,1920
12462,1914
12463,1814
12464,1796
12465,1823
12466,1905
12467,1875
12468,1840
12469,1871
12470,1936
12471,1859
12472,1833
12473,1857
12474,1915
12475,1911
12476,1827
12477,1830
12478,1889
12479,1862
12480,1805
12481,1799
12482,1858
12483,1936
12484,1846
12485,1841
12486,1923
12487,1914
12488,1840
12489,1831
12490,1840
12491,1921
12492,1870
12493,1819
12494,1850
12495,1873
12496,1829
12497,1793
12498,1805
12499,1874
12500,1893
12501,1826
12502,1842
12503,1917
12504,1872
12505,1822
12506,1818
12507,1858
12508,1886
12509,1834
12510,1834
12511,1904
12512,1889
12513,1809
12514,1796
12515,1825
12516,1894
12517,1870
12518,1824
12519,1874
12520,1939
12521,1849
12522,1822
12523,1820
12524,1872
12525,1907
12526,1823
12527,1836
12528,1933
12529,1859
12530,1797
12531,1797
12532,1839
12533,1904
12534,1841
12535,1834
12536,1875
12537,1910
12538,1838
12539,1821
12540,1843
12541,1914
12542,1872
12543,1839
12544,1842
12545,1919
12546,1821
12547,1782
12548,1799
12549,1856
12550,1902
12551,1851
12552,1905
12553,1968
12554,1911
12555,1859
12556,1835
12557,1841
12558,1936
12559,1814
12560,1819
12561,1844
12562,1874
12563,1808
12564,1786
12565,1792
12566,1858
12567,1864
12568,1839
12569,1846
12570,1934
12571,1858
12572,1833
12573,1857
12574,1907
12575,1909
12576,1827
12577,1825
12578,1920
12579,1856
12580,1796
12581,1799
12582,1817
12583,1919
12584,1847
12585,1866
12586,1920
12587,1947
12588,1839
12589,1829
12590,1882
12591,1955
12592,1875
12593,1833
12594,1855
12595,1913
12596,1824
12597,1792
12598,1808
12599,1906
12600,1905
12601,1840
12602,1840
12603,1949
12604,1898
12605,1847
12606,1846
12607,1883
12608,1981
12609,1851
12610,1837
12611,1878
12612,1917
12613,1814
12614,1798
12615,1833
12616,1904
12617,1873
12618,1841
12619,1852
12620,1941
12621,1865
12622,1836
12623,1866
12624,1885
12625,1913
12626,1823
12627,1843
12628,1899
12629,1863
12630,1792
12631,1793
12632,1872
12633,1970
12634,1851
12635,1845
12636,1906
12637,1917
12638,1844
12639,1833
12640,1872
12641,1974
12642,1875
12643,1821
12644,1877
12645,1887
12646,1825
12647,1786
12648,1789
12649,1847
12650,1907
12651,1847
12652,1852
12653,1955
12654,1876
12655,1834
12656,1822
12657,1882
12658,1901
12659,1845
12660,1840
12661,1851
12662,1882
12663,1808
12664,1790
12665,1826
12666,1898
12667,1869
12668,1847
12669,1914
12670,1931
12671,1862
12672,1835
12673,1835
12674,1895
12675,1914
12676,1835
12677,1840
12678,1953
12679,1863
12680,1799
12681,1791
12682,1822
12683,1920
12684,1845
12685,1853
12686,1917
12687,1909
12688,1849
12689,1836
12690,1855
12691,1943
12692,1871
12693,1813
12694,1917
12695,1871
12696,1834
12697,1790
12698,1793
12699,1883
12700,1903
12701,1840
12702,1846
12703,1927
12704,1886
12705,1839
12706,1843
12707,1877
12708,1951
12709,1845
12710,1833
12711,1877
12712,1894
12713,1808
12714,1791
12715,1826
12716,1888
12717,1867
12718,1840
12719,1923
12720,1958
12721,1855
12722,1829
12723,1862
12724,1895
12725,1909
12726,1828
12727,1850
12728,1904
12729,1857
12730,1798
12731,1808
12732,1841
12733,1956
12734,1852
12735,1846
12736,1929
12737,1923
12738,1846
12739,1835
12740,1886
12741,1898
12742,1859
12743,1828
12744,1841
12745,1872
12746,1821
12747,1786
12748,1797
12749,1882
12750,1901
12751,1843
12752,1869
12753,1954
12754,1891
12755,1839
12756,1836
12757,1915
12758,1968
12759,1840
12760,1809
12761,1938
12762,1890
12763,1808
12764,1795
12765,1831
12766,1910
12767,1872
12768,1847
12769,1891
12770,1952
12771,1862
12772,1840
12773,1825
12774,1887
12775,1904
12776,1830
12777,1850
12778,1872
12779,1851
12780,1789
12781,1803
12782,1842
12783,1959
12784,1849
12785,1852
12786,1919
12787,1907
12788,1844
12789,1843
12790,1876
12791,1989
12792,1871
12793,1838
12794,1867
12795,1924
12796,1821
12797,1792
12798,1818
12799,1895
12800,1891
12801,1837
12802,1843
12803,1946
12804,1877
12805,1838
12806,1833
12807,1883
12808,1915
12809,1837
12810,1829
12811,1882
12812,1893
12813,1818
12814,1794
12815,1822
12816,1889
12817,1870
12818,1840
12819,1882
12820,1949
12821,1866
12822,1840
12823,1865
12824,1925
12825,1905
12826,1840
12827,1827
12828,1883
12829,1858
12830,1791
12831,1796
12832,1854
12833,1934
12834,1846
12835,1844
12836,1961
12837,1915
12838,1840
12839,1829
12840,1873
12841,1967
12842,1871
12843,1839
12844,1859
12845,1884
12846,1823
12847,1797
12848,1795
12849,1909
12850,1905
12851,1840
12852,1889
12853,1968
12854,1882
12855,1841
12856,1845
12857,1903
12858,1926
12859,1854
12860,1823
12861,1891
12862,1886
12863,1806
12864,1791
12865,1834
12866,1917
12867,1863
12868,1838
12869,1881
12870,1930
12871,1858
12872,1835
12873,1870
12874,1901
12875,1908
12876,1835
12877,1813
12878,1920
12879,1853
12880,1799
12881,1808
12882,1798
12883,1919
12884,1853
12885,1849
12886,1933
12887,1911
12888,1853
12889,1837
12890,1875
12891,1920
12892,1871
12893,1835
12894,1871
12895,1873
12896,1811
12897,1786
12898,1809
12899,1890
12900,1898
12901,1851
12902,1921
12903,1924
12904,1877
12905,1841
12906,1840
12907,1914
12908,1938
12909,1841
12910,1840
12911,1884
12912,1885
12913,1804
12914,1790
12915,1822
12916,1904
12917,1856
12918,1845
12919,1881
12920,1950
12921,1857
12922,1840
12923,1854
12924,1924
12925,1905
12926,1831
12927,1836
12928,1885
12929,1840
12930,1791
12931,1798
12932,1872
12933,1914
12934,1846
12935,1856
12936,1922
12937,1910
12938,1840
12939,1840
12940,1878
12941,1974
12942,1867
12943,1830
12944,1892
12945,1875
12946,1819
12947,1787
12948,1823
12949,1874
12950,1898
12951,1845
12952,1884
12953,1935
12954,1878
12955,1835
12956,1828
12957,1929
12958,1943
12959,1847
12960,1835
12961,1842
12962,1887
12963,1803
12964,1792
12965,1834
12966,1890
12967,1865
12968,1846
12969,1874
12970,1931
12971,1856
12972,1831
12973,1840
12974,1916
12975,1900
12976,1831
12977,1887
12978,1925
12979,1847
12980,1795
12981,1808
12982,1846
12983,1927
12984,1840
12985,1845
12986,1922
12987,1898
12988,1840
12989,1835
12990,1877
12991,1927
12992,1860
12993,1830
12994,1872
12995,1872
12996,1817
12997,1791
12998,1823
12999,1904
13000,1894
13001,1841
13002,1863
13003,1965
13004,1882
13005,1839
13006,1852
13007,1887
13008,1935
13009,1840
13010,1830
13011,1879
13012,1886
13013,1807
13014,1791
13015,1808
13016,1885
13017,1859
13018,1835
13019,1936
13020,1918
13021,1859
13022,1836
13023,1843
13024,1920
13025,1891
13026,1823
13027,1881
13028,1887
13029,1853
13030,1792
13031,1797
13032,1827
13033,1925
13034,1845
13035,1859
13036,1949
13037,1905
13038,1843
13039,1837
13040,1869
13041,1912
13042,1856
13043,1834
13044,1872
13045,1882
13046,1808
13047,1781
13048,1807
13049,1867
13050,1888
13051,1840
13052,1867
13053,1913
13054,1880
13055,1840
13056,1840
13057,1913
13058,1936
13059,1840
13060,1835
13061,1884
13062,1881
13063,1806
13064,1797
13065,1811
13066,1926
13067,1865
13068,1845
13069,1903
13070,1935
13071,1858
13072,1839
13073,1871
13074,1913
13075,1897
13076,1828
13077,1843
13078,1905
13079,1847
13080,1793
13081,1806
13082,1870
13083,1911
13084,1850
13085,1851
13086,1926
13087,1906
13088,1843
13089,1838
13090,1865
13091,1922
13092,1861
13093,1827
13094,1875
13095,1868
13096,1819
13097,1799
13098,1791
13099,1875
13100,1883
13101,1835
13102,1856
13103,1923
13104,1873
13105,1831
13106,1830
13107,1908
13108,1918
13109,1824
13110,1840
13111,1872
13112,1878
13113,1798
13114,1792
13115,1808
13116,1891
13117,1862
13118,1840
13119,1904
13120,1961
13121,1856
13122,1840
13123,1887
13124,1957
13125,1903
13126,1846
13127,1872
13128,1893
13129,1849
13130,1798
13131,1805
13132,1815
13133,1933
13134,1846
13135,1856
13136,1959
13137,1904
13138,1835
13139,1827
13140,1888
13141,1919
13142,1851
13143,1840
13144,1854
13145,1936
13146,1811
13147,1792
13148,1846
13149,1881
13150,1887
13151,1840
13152,1865
13153,1959
13154,1877
13155,1840
13156,1839
13157,1901
13158,1935
13159,1839
13160,1829
13161,1931
13162,1879
13163,1797
13164,1792
13165,1814
13166,1921
13167,1861
13168,1846
13169,1902
13170,1909
13171,1854
13172,1837
13173,1856
13174,1941
13175,1898
13176,1822
13177,1851
13178,1873
13179,1842
13180,1793
13181,1808
13182,1843
13183,1919
13184,1850
13185,1854
13186,1906
13187,1910
13188,1843
13189,1836
13190,1921
13191,1968
13192,1851
13193,1837
13194,1840
13195,1902
13196,1814
13197,1780
13198,1830
13199,1890
13200,1890
13201,1846
13202,1838
13203,1959
13204,1875
13205,1838
13206,1840
13207,1887
13208,1930
13209,1840
13210,1837
13211,1889
13212,1882
13213,1803
13214,1799
13215,1836
13216,1913
13217,1855
13218,1846
13219,1915
13220,1943
13221,1857
13222,1835
13223,1867
13224,1922
13225,1890
13226,1827
13227,1857
13228,1910
13229,1837
13230,1787
13231,1791
13232,1867
13233,1915
13234,1851
13235,1854
13236,1909
13237,1911
13238,1851
13239,1837
13240,1899
13241,1979
13242,1861
13243,1826
13244,1856
13245,1899
13246,1818
13247,1791
13248,1797
13249,1882
13250,1877
13251,1850
13252,1872
13253,1907
13254,1871
13255,1833
13256,1835
13257,1906
13258,1915
13259,1840
13260,1843
13261,1936
13262,1874
13263,1802
13264,1799
13265,1831
13266,1931
13267,1861
13268,1846
13269,1965
13270,1919
13271,1857
13272,1837
13273,1873
13274,1956
13275,1887
13276,1813
13277,1847
13278,1936
13279,1850
13280,1791
13281,1814
13282,1879
13283,1918
13284,1840
13285,1847
13286,1974
13287,1899
13288,1840
13289,1836
13290,1889
13291,1950
13292,1861
13293,1835
13294,1857
13295,1904
13296,1812
13297,1791
13298,1808
13299,1863
13300,1881
13301,1841
13302,1899
13303,1939
13304,1873
13305,1840
13306,1842
13307,1871
13308,1933
13309,1840
13310,1843
13311,1915
13312,1875
13313,1799
13314,1791
13315,1839
13316,1943
13317,1853
13318,1843
13319,1915
13320,1911
13321,1851
13322,1841
13323,1866
13324,1937
13325,1886
13326,1823
13327,1870
13328,1916
13329,1833
13330,1797
13331,1796
13332,1802
13333,1917
13334,1855
13335,1842
13336,1919
13337,1905
13338,1842
13339,1839
13340,1871
13341,1920
13342,1855
13343,1835
13344,1840
13345,1885
13346,1807
13347,1779
13348,1831
13349,1877
13350,1885
13351,1843
13352,1873
13353,1922
13354,1872
13355,1834
13356,1836
13357,1873
13358,1930
13359,1839
13360,1820
13361,1872
13362,1870
13363,1802
13364,1796
13365,1837
13366,1922
13367,1856
13368,1840
13369,1911
13370,1937
13371,1859
13372,1843
13373,1872
13374,1904
13375,1887
13376,1815
13377,1844
13378,1865
13379,1841
13380,1791
13381,1769
13382,1840
13383,1910
13384,1845
13385,1840
13386,1978
13387,1904
13388,1843
13389,1837
13390,1863
13391,1925
13392,1857
13393,1824
13394,1910
13395,1894
13396,1808
13397,1792
13398,1810
13399,1919
13400,1872
13401,1840
13402,1871
13403,1940
13404,1868
13405,1831
13406,1840
13407,1919
13408,1922
13409,1831
13410,1831
13411,1933
13412,1871
13413,1797
13414,1802
13415,1826
13416,1939
13417,1855
13418,1847
13419,1937
13420,1925
13421,1856
13422,1837
13423,1851
13424,1919
13425,1887
13426,1825
13427,1869
13428,1888
13429,1840
13430,1791
13431,1793
13432,1856
13433,1911
13434,1853
13435,1838
13436,1953
13437,1892
13438,1837
13439,1818
13440,1871
13441,1955
13442,1850
13443,1833
13444,1936
13445,1867
13446,1809
13447,1793
13448,1822
13449,1921
13450,1879
13451,1840
13452,1894
13453,1936
13454,1870
13455,1840
13456,1859
13457,1890
13458,1925
13459,1841
13460,1846
13461,1936
13462,1869
13463,1792
13464,1790
13465,1855
13466,1939
13467,1855
13468,1850
13469,1936
13470,1917
13471,1850
13472,1839
13473,1857
13474,1926
13475,1882
13476,1835
13477,1891
13478,1895
13479,1831
13480,1793
13481,1793
13482,1854
13483,1907
13484,1841
13485,1834
13486,1900
13487,1893
13488,1840
13489,1840
13490,1881
13491,1927
13492,1856
13493,1840
13494,1850
13495,1883
13496,1798
13497,1783
13498,1815
13499,1887
13500,1877
13501,1841
13502,1857
13503,1956
13504,1869
13505,1838
13506,1859
13507,1930
13508,1920
13509,1840
13510,1842
13511,1912
13512,1869
13513,1798
13514,1789
13515,1836
13516,1907
13517,1851
13518,1847
13519,1901
13520,1923
13521,1853
13522,1835
13523,1883
13524,1920
13525,1867
13526,1823
13527,1886
13528,1904
13529,1828
13530,1787
13531,1779
13532,1850
13533,1908
13534,1840
13535,1858
13536,1919
13537,1892
13538,1840
13539,1839
13540,1905
13541,1948
13542,1851
13543,1826
13544,1875
13545,1882
13546,1811
13547,1795
13548,1815
13549,1887
13550,1876
13551,1842
13552,1888
13553,1936
13554,1857
13555,1830
13556,1818
13557,1870
13558,1904
13559,1830
13560,1840
13561,1905
13562,1862
13563,1795
13564,1796
13565,1831
13566,1889
13567,1840
13568,1851
13569,1927
13570,1923
13571,1853
13572,1838
13573,1857
13574,1905
13575,1874
13576,1826
13577,1846
13578,1872
13579,1839
13580,1797
13581,1812
13582,1864
13583,1910
13584,1845
13585,1859
13586,1953
13587,1892
13588,1840
13589,1840
13590,1888
13591,1980
13592,1854
13593,1835
13594,1872
13595,1900
13596,1805
13597,1791
13598,1813
13599,1855
13600,1872
13601,1853
13602,1882
13603,1923
13604,1868
13605,1840
13606,1855
13607,1919
13608,1925
13609,1842
13610,1808
13611,1899
13612,1862
13613,1803
13614,1791
13615,1799
13616,1904
13617,1850
13618,1835
13619,1879
13620,1947
13621,1849
13622,1835
13623,1862
13624,1906
13625,1877
13626,1831
13627,1856
13628,1886
13629,1833
13630,1787
13631,1809
13632,1904
13633,1904
13634,1845
13635,1856
13636,1969
13637,1894
13638,1843
13639,1840
13640,1887
13641,1915
13642,1847
13643,1826
13644,1921
13645,1898
13646,1803
13647,1783
13648,1813
13649,1885
13650,1872
13651,1842
13652,1911
13653,1929
13654,1865
13655,1838
13656,1870
13657,1872
13658,1920
13659,1829
13660,1856
13661,1887
13662,1863
13663,1797
13664,1803
13665,1856
13666,1917
13667,1856
13668,1854
13669,1925
13670,1933
13671,1847
13672,1839
13673,1869
13674,1915
13675,1869
13676,1823
13677,1869
13678,1877
13679,1828
13680,1789
13681,1824
13682,1856
13683,1903
13684,1845
13685,1846
13686,1902
13687,1894
13688,1840
13689,1837
13690,1909
13691,1968
13692,1853
13693,1829
13694,1860
13695,1910
13696,1806
13697,1795
13698,1825
13699,1877
13700,1869
13701,1841
13702,1867
13703,1964
13704,1858
13705,1830
13706,1844
13707,1915
13708,1910
13709,1831
13710,1846
13711,1920
13712,1863
13713,1792
13714,1795
13715,1865
13716,1920
13717,1856
13718,1843
13719,1910
13720,1922
13721,1844
13722,1834
13723,1872
13724,1967
13725,1868
13726,1826
13727,1884
13728,1870
13729,1825
13730,1792
13731,1801
13732,1870
13733,1904
13734,1841
13735,1856
13736,1922
13737,1884
13738,1838
13739,1830
13740,1873
13741,1901
13742,1852
13743,1838
13744,1889
13745,1880
13746,1807
13747,1793
13748,1856
13749,1932
13750,1872
13751,1840
13752,1850
13753,1904
13754,1863
13755,1831
13756,1840
13757,1903
13758,1913
13759,1836
13760,1805
13761,1886
13762,1857
13763,1795
13764,1793
13765,1825
13766,1920
13767,1841
13768,1834
13769,1920
13770,1913
13771,1847
13772,1839
13773,1883
13774,1935
13775,1883
13776,1826
13777,1826
13778,1901
13779,1824
13780,1787
13781,1829
13782,1875
13783,1904
13784,1842
13785,1889
13786,1904
13787,1892
13788,1838
13789,1840
13790,1919
13791,1965
13792,1843
13793,1838
13794,1861
13795,1897
13796,1806
13797,1786
13798,1819
13799,1890
13800,1870
13801,1837
13802,1919
13803,1927
13804,1861
13805,1838
13806,1842
13807,1862
13808,1913
13809,1826
13810,1851
13811,1907
13812,1857
13813,1792
13814,1798
13815,1825
13816,1914
13817,1842
13818,1847
13819,1912
13820,1906
13821,1853
13822,1839
13823,1861
13824,1920
13825,1869
13826,1823
13827,1882
13828,1904
13829,1824
13830,1779
13831,1790
13832,1856
13833,1900
13834,1828
13835,1863
13836,1922
13837,1895
13838,1840
13839,1834
13840,1897
13841,1934
13842,1841
13843,1839
13844,1905
13845,1898
13846,1805
13847,1792
13848,1872
13849,1872
13850,1872
13851,1840
13852,1883
13853,1921
13854,1862
13855,1829
13856,1847
13857,1938
13858,1906
13859,1824
13860,1869
13861,1907
13862,1855
13863,1793
13864,1796
13865,1846
13866,1947
13867,1843
13868,1847
13869,1936
13870,1919
13871,1846
13872,1835
13873,1845
13874,1947
13875,1874
13876,1833
13877,1839
13878,1921
13879,1824
13880,1790
13881,1808
13882,1865
13883,1903
13884,1837
13885,1836
13886,1942
13887,1879
13888,1837
13889,1843
13890,1889
13891,1943
13892,1840
13893,1837
13894,1890
13895,1870
13896,1806
13897,1781
13898,1857
13899,1926
13900,1867
13901,1843
13902,1856
13903,1904
13904,1859
13905,1834
13906,1859
13907,1903
13908,1910
13909,1835
13910,1846
13911,1918
13912,1856
13913,1792
13914,1792
13915,1842
13916,1895
13917,1840
13918,1847
13919,1888
13920,1922
13921,1855
13922,1838
13923,1886
13924,1953
13925,1869
13926,1838
13927,1904
13928,1874
13929,1825
13930,1789
13931,1815
13932,1872
13933,1901
13934,1840
13935,1862
13936,1920
13937,1893
13938,1842
13939,1836
13940,1916
13941,1932
13942,1842
13943,1826
13944,1904
13945,1884
13946,1805
13947,1787
13948,1804
13949,1883
13950,1840
13951,1841
13952,1942
13953,1933
13954,1865
13955,1831
13956,1840
13957,1904
13958,1904
13959,1824
13960,1854
13961,1877
13962,1855
13963,1792
13964,1803
13965,1861
13966,1934
13967,1847
13968,1845
13969,1919
13970,1918
13971,1841
13972,1839
13973,1875
13974,1951
13975,1863
13976,1813
13977,1830
13978,1899
13979,1819
13980,1787
13981,1808
13982,1858
13983,1897
13984,1843
13985,1842
13986,1907
13987,1886
13988,1840
13989,1839
13990,1926
13991,1923
13992,1840
13993,1840
13994,1918
13995,1887
13996,1803
13997,1793
13998,1839
13999,1887
14000,1857
14001,1853
14002,1890
14003,1920
14004,1853
14005,1829
14006,1837
14007,1952
14008,1902
14009,1822
14010,1843
14011,1874
14012,1851
14013,1792
14014,1799
14015,1855
14016,1904
14017,1846
14018,1840
14019,1918
14020,1913
14021,1843
14022,1839
14023,1877
14024,1921
14025,1861
14026,1832
14027,1874
14028,1915
14029,1821
14030,1781
14031,1794
14032,1881
14033,1899
14034,1845
14035,1851
14036,1911
14037,1877
14038,1837
14039,1834
14040,1906
14041,1953
14042,1843
14043,1842
14044,1875
14045,1885
14046,1806
14047,1791
14048,1811
14049,1917
14050,1870
14051,1853
14052,1899
14053,1919
14054,1853
14055,1829
14056,1839
14057,1911
14058,1905
14059,1839
14060,1839
14061,1883
14062,1846
14063,1793
14064,1791
14065,1838
14066,1919
14067,1845
14068,1842
14069,1936
14070,1911
14071,1842
14072,1840
14073,1872
14074,1969
14075,1873
14076,1827
14077,1835
14078,1919
14079,1821
14080,1784
14081,1803
14082,1874
14083,1895
14084,1841
14085,1856
14086,1944
14087,1885
14088,1844
14089,1841
14090,1902
14091,1932
14092,1844
14093,1840
14094,1914
14095,1886
14096,1801
14097,1792
14098,1843
14099,1898
14100,1872
14101,1853
14102,1909
14103,1968
14104,1866
14105,1841
14106,1872
14107,1942
14108,1917
14109,1814
14110,1859
14111,1914
14112,1845
14113,1794
14114,1805
14115,1835
14116,1921
14117,1851
14118,1852
14119,1934
14120,1917
14121,1845
14122,1840
14123,1876
14124,1918
14125,1858
14126,1829
14127,1885
14128,1890
14129,1813
14130,1780
14131,1810
14132,1846
14133,1890
14134,1842
14135,1862
14136,1964
14137,1881
14138,1838
14139,1834
14140,1919
14141,1932
14142,1840
14143,1835
14144,1881
14145,1888
14146,1797
14147,1793
14148,1824
14149,1914
14150,1865
14151,1847
14152,1904
14153,1904
14154,1849
14155,1829
14156,1840
14157,1914
14158,1898
14159,1839
14160,1882
14161,1867
14162,1845
14163,1794
14164,1803
14165,1847
14166,1924
14167,1850
14168,1858
14169,1933
14170,1907
14171,1845
14172,1840
14173,1867
14174,1904
14175,1866
14176,1831
14177,1901
14178,1890
14179,1815
14180,1792
14181,1841
14182,1888
14183,1890
14184,1839
14185,1853
14186,1915
14187,1872
14188,1827
14189,1842
14190,1885
14191,1924
14192,1836
14193,1819
14194,1893
14195,1883
14196,1806
14197,1797
14198,1830
14199,1894
14200,1856
14201,1847
14202,1904
14203,1909
14204,1861
14205,1838
14206,1823
14207,1930
14208,1892
14209,1835
14210,1870
14211,1904
14212,1847
14213,1783
14214,1783
14215,1824
14216,1911
14217,1834
14218,1843
14219,1922
14220,1910
14221,1840
14222,1834
14223,1875
14224,1938
14225,1866
14226,1822
14227,1863
14228,1895
14229,1813
14230,1792
14231,1833
14232,1866
14233,1893
14234,1850
14235,1857
14236,1941
14237,1877
14238,1837
14239,1840
14240,1871
14241,1942
14242,1846
14243,1838
14244,1888
14245,1874
14246,1789
14247,1790
14248,1809
14249,1872
14250,1857
14251,1840
14252,1907
14253,1920
14254,1856
14255,1835
14256,1863
14257,1920
14258,1895
14259,1829
14260,1855
14261,1907
14262,1846
14263,1794
14264,1792
14265,1821
14266,1921
14267,1851
14268,1847
14269,1904
14270,1917
14271,1841
14272,1837
14273,1887
14274,1895
14275,1856
14276,1826
14277,1859
14278,1897
14279,1820
14280,1792
14281,1795
14282,1871
14283,1886
14284,1842
14285,1878
14286,1942
14287,1875
14288,1841
14289,1843
14290,1902
14291,1946
14292,1846
14293,1842
14294,1936
14295,1879
14296,1802
14297,1794
14298,1845
14299,1927
14300,1853
14301,1841
14302,1891
14303,1927
14304,1847
14305,1834
14306,1842
14307,1886
14308,1891
14309,1824
14310,1899
14311,1901
14312,1839
14313,1785
14314,1811
14315,1871
14316,1910
14317,1847
14318,1854
14319,1907
14320,1906
14321,1844
14322,1840
14323,1858
14324,1888
14325,1865
14326,1834
14327,1901
14328,1901
14329,1813
14330,1792
14331,1810
14332,1875
14333,1892
14334,1833
14335,1887
14336,1936
14337,1872
14338,1829
14339,1841
14340,1887
14341,1935
14342,1839
14343,1852
14344,1880
14345,1875
14346,1798
14347,1791
14348,1840
14349,1931
14350,1857
14351,1855
14352,1890
14353,1913
14354,1856
14355,1836
14356,1887
14357,1914
14358,1893
14359,1826
14360,1842
14361,1904
14362,1840
14363,1788
14364,1798
14365,1856
14366,1906
14367,1842
14368,1857
14369,1921
14370,1910
14371,1843
14372,1837
14373,1904
14374,1936
14375,1859
14376,1825
14377,1867
14378,1904
14379,1814
14380,1791
14381,1819
14382,1883
14383,1882
14384,1840
14385,1853
14386,1925
14387,1882
14388,1838
14389,1817
14390,1904
14391,1936
14392,1837
14393,1840
14394,1909
14395,1872
14396,1793
14397,1789
14398,1840
14399,1925
14400,1855
14401,1843
14402,1907
14403,1921
14404,1857
14405,1837
14406,1874
14407,1920
14408,1895
14409,1839
14410,1881
14411,1910
14412,1838
14413,1789
14414,1793
14415,1882
14416,1911
14417,1856
14418,1856
14419,1905
14420,1907
14421,1840
14422,1843
14423,1903
14424,1930
14425,1845
14426,1823
14427,1842
14428,1897
14429,1813
14430,1776
14431,1847
14432,1899
14433,1890
14434,1840
14435,1859
14436,1925
14437,1877
14438,1835
14439,1837
14440,1927
14441,1933
14442,1835
14443,1835
14444,1923
14445,1874
14446,1795
14447,1806
14448,1840
14449,1901
14450,1867
14451,1847
14452,1897
14453,1927
14454,1852
14455,1830
14456,1863
14457,1941
14458,1885
14459,1837
14460,1813
14461,1887
14462,1840
14463,1791
14464,1802
14465,1827
14466,1913
14467,1842
14468,1855
14469,1956
14470,1907
14471,1840
14472,1837
14473,1887
14474,1952
14475,1859
14476,1826
14477,1872
14478,1900
14479,1817
14480,1792
14481,1820
14482,1886
14483,1882
14484,1840
14485,1871
14486,1943
14487,1872
14488,1826
14489,1847
14490,1912
14491,1934
14492,1840
14493,1835
14494,1922
14495,1876
14496,1806
14497,1789
14498,1841
14499,1906
14500,1861
14501,1841
14502,1910
14503,1945
14504,1857
14505,1835
14506,1868
14507,1919
14508,1890
14509,1829
14510,1843
14511,1886
14512,1842
14513,1791
14514,1769
14515,1848
14516,1904
14517,1833
14518,1855
14519,1951
14520,1909
14521,1849
14522,1840
14523,1910
14524,1954
14525,1856
14526,1821
14527,1882
14528,1907
14529,1811
14530,1789
14531,1814
14532,1903
14533,1886
14534,1849
14535,1877
14536,1954
14537,1881
14538,1840
14539,1856
14540,1905
14541,1936
14542,1836
14543,1825
14544,1871
14545,1873
14546,1792
14547,1786
14548,1834
14549,1892
14550,1868
14551,1849
14552,1911
14553,1935
14554,1855
14555,1837
14556,1873
14557,1949
14558,1903
14559,1824
14560,1853
14561,1901
14562,1841
14563,1792
14564,1783
14565,1822
14566,1921
14567,1851
14568,1855
14569,1961
14570,1911
14571,1851
14572,1840
14573,1897
14574,1950
14575,1863
14576,1823
14577,1917
14578,1904
14579,1815
14580,1795
14581,1834
14582,1893
14583,1890
14584,1854
14585,1917
14586,1936
14587,1874
14588,1840
14589,1825
14590,1942
14591,1937
14592,1840
14593,1846
14594,1895
14595,1872
14596,1798
14597,1795
14598,1867
14599,1905
14600,1854
14601,1840
14602,1915
14603,1919
14604,1853
14605,1827
14606,1851
14607,1939
14608,1893
14609,1818
14610,1851
14611,1904
14612,1838
14613,1794
14614,1798
14615,1871
14616,1911
14617,1847
14618,1851
14619,1930
14620,1911
14621,1843
14622,1843
14623,1920
14624,1982
14625,1860
14626,1841
14627,1858
14628,1874
14629,1808
14630,1793
14631,1811
14632,1907
14633,1891
14634,1839
14635,1870
14636,1936
14637,1871
14638,1834
14639,1816
14640,1898
14641,1931
14642,1841
14643,1815
14644,1873
14645,1878
14646,1797
14647,1795
14648,1867
14649,1890
14650,1857
14651,1854
14652,1904
14653,1938
14654,1856
14655,1839
14656,1869
14657,1929
14658,1888
14659,1831
14660,1834
14661,1902
14662,1840
14663,1793
14664,1783
14665,1856
14666,1917
14667,1842
14668,1872
14669,1942
14670,1908
14671,1846
14672,1840
14673,1910
14674,1950
14675,1855
14676,1837
14677,1874
14678,1887
14679,1811
14680,1791
14681,1825
14682,1895
14683,1881
14684,1851
14685,1893
14686,1943
14687,1872
14688,1840
14689,1874
14690,1934
14691,1935
14692,1840
14693,1847
14694,1883
14695,1871
14696,1793
14697,1792
14698,1826
14699,1904
14700,1855
14701,1862
14702,1915
14703,1952
14704,1851
14705,1829
14706,1853
14707,1941
14708,1889
14709,1838
14710,1876
14711,1872
14712,1837
14713,1792
14714,1839
14715,1869
14716,1910
14717,1854
14718,1857
14719,1925
14720,1899
14721,1843
14722,1842
14723,1874
14724,1968
14725,1853
14726,1834
14727,1863
14728,1890
14729,1803
14730,1786
14731,1834
14732,1861
14733,1883
14734,1846
14735,1889
14736,1934
14737,1870
14738,1840
14739,1842
14740,1916
14741,1927
14742,1841
14743,1815
14744,1897
14745,1865
14746,1796
14747,1793
14748,1827
14749,1924
14750,1857
14751,1847
14752,1913
14753,1933
14754,1846
14755,1831
14756,1877
14757,1915
14758,1876
14759,1835
14760,1868
14761,1903
14762,1837
14763,1790
14764,1786
14765,1828
14766,1906
14767,1847
14768,1859
14769,1955
14770,1904
14771,1841
14772,1839
14773,1902
14774,1957
14775,1856
14776,1838
14777,1883
14778,1892
14779,1811
14780,1789
14781,1795
14782,1904
14783,1872
14784,1840
14785,1889
14786,1966
14787,1861
14788,1821
14789,1853
14790,1943
14791,1930
14792,1837
14793,1856
14794,1866
14795,1863
14796,1793
14797,1793
14798,1872
14799,1922
14800,1858
14801,1852
14802,1933
14803,1936
14804,1855
14805,1838
14806,1856
14807,1919
14808,1889
14809,1840
14810,1857
14811,1911
14812,1834
14813,1790
14814,1805
14815,1881
14816,1902
14817,1843
14818,1844
14819,1957
14820,1902
14821,1842
14822,1837
14823,1923
14824,1982
14825,1854
14826,1830
14827,1883
14828,1873
14829,1805
14830,1790
14831,1839
14832,1906
14833,1870
14834,1853
14835,1911
14836,1966
14837,1862
14838,1837
14839,1850
14840,1895
14841,1919
14842,1840
14843,1845
14844,1879
14845,1857
14846,1791
14847,1782
14848,1859
14849,1913
14850,1843
14851,1850
14852,1942
14853,1913
14854,1851
14855,1840
14856,1875
14857,1935
14858,1877
14859,1835
14860,1872
14861,1909
14862,1833
14863,1792
14864,1782
14865,1887
14866,1913
14867,1847
14868,1850
14869,1953
14870,1900
14871,1840
14872,1840
14873,1904
14874,1933
14875,1861
14876,1847
14877,1901
14878,1919
14879,1813
14880,1792
14881,1804
14882,1873
14883,1884
14884,1840
14885,1919
14886,1932
14887,1872
14888,1840
14889,1855
14890,1885
14891,1920
14892,1833
14893,1834
14894,1917
14895,1867
14896,1797
14897,1797
14898,1842
14899,1962
14900,1854
14901,1843
14902,1938
14903,1934
14904,1849
14905,1834
14906,1847
14907,1967
14908,1875
14909,1829
14910,1872
14911,1904
14912,1825
14913,1792
14914,1806
14915,1869
14916,1904
14917,1846
14918,1853
14919,1921
14920,1904
14921,1841
14922,1840
14923,1915
14924,1957
14925,1846
14926,1831
14927,1854
14928,1903
14929,1808
14930,1793
14931,1835
14932,1881
14933,1875
14934,1855
14935,1907
14936,1907
14937,1867
14938,1837
14939,1839
14940,1919
14941,1923
14942,1833
14943,1870
14944,1887
14945,1859
14946,1792
14947,1790
14948,1820
14949,1947
14950,1841
14951,1855
14952,1943
14953,1930
14954,1853
14955,1839
14956,1888
14957,1923
14958,1877
14959,1837
14960,1923
14961,1922
14962,1822
14963,1791
14964,1812
14965,1892
14966,1895
14967,1839
14968,1854
14969,1927
14970,1894
14971,1839
14972,1835
14973,1909
14974,1936
14975,1845
14976,1840
14977,1872
14978,1872
14979,1798
14980,1792
14981,1819
14982,1901
14983,1877
14984,1854
14985,1882
14986,1923
14987,1869
14988,1844
14989,1861
14990,1902
14991,1919
14992,1841
14993,1867
14994,1892
14995,1851
14996,1787
14997,1787
14998,1843
14999,1914
15000,1846
15001,1841
15002,1951
15003,1920
15004,1853
15005,1840
15006,1872
15007,1936
15008,1883
15009,1839
15010,1904
15011,1954
15012,1825
15013,1791
15014,1825
15015,1879
15016,1899
15017,1853
15018,1852
15019,1965
15020,1893
15021,1840
15022,1844
15023,1893
15024,1946
15025,1846
15026,1840
15027,1899
15028,1873
15029,1802
15030,1791
15031,1827
15032,1931
15033,1872
15034,1855
15035,1926
15036,1967
15037,1872
15038,1838
15039,1861
15040,1949
15041,1924
15042,1839
15043,1872
15044,1920
15045,1861
15046,1793
15047,1802
15048,1837
15049,1907
15050,1852
15051,1839
15052,1904
15053,1909
15054,1846
15055,1840
15056,1851
15057,1919
15058,1880
15059,1826
15060,1853
15061,1885
15062,1823
15063,1791
15064,1813
15065,1908
15066,1902
15067,1843
15068,1877
15069,1927
15070,1901
15071,1844
15072,1840
15073,1931
15074,1941
15075,1847
15076,1839
15077,1871
15078,1887
15079,1808
15080,1791
15081,1824
15082,1875
15083,1872
15084,1840
15085,1875
15086,1936
15087,1865
15088,1838
15089,1875
15090,1908
15091,1918
15092,1839
15093,1807
15094,1871
15095,1859
15096,1794
15097,1796
15098,1843
15099,1917
15100,1851
15101,1845
15102,1937
15103,1938
15104,1855
15105,1840
15106,1877
15107,1965
15108,1872
15109,1823
15110,1890
15111,1893
15112,1824
15113,1790
15114,1810
15115,1881
15116,1894
15117,1835
15118,1840
15119,1918
15120,1894
15121,1840
15122,1839
15123,1893
15124,1946
15125,1843
15126,1836
15127,1871
15128,1891
15129,1799
15130,1794
15131,1827
15132,1905
15133,1869
15134,1853
15135,1910
15136,1939
15137,1870
15138,1836
15139,1851
15140,1915
15141,1910
15142,1839
15143,1855
15144,1904
15145,1851
15146,1787
15147,1787
15148,1840
15149,1929
15150,1851
15151,1855
15152,1920
15153,1927
15154,1845
15155,1837
15156,1851
15157,1947
15158,1872
15159,1840
15160,1903
15161,1891
15162,1821
15163,1790
15164,1831
15165,1904
15166,1901
15167,1856
15168,1878
15169,1949
15170,1895
15171,1840
15172,1838
15173,1892
15174,1942
15175,1841
15176,1840
15177,1933
15178,1888
15179,1808
15180,1790
15181,1823
15182,1939
15183,1871
15184,1851
15185,1902
15186,1934
15187,1865
15188,1839
15189,1842
15190,1951
15191,1914
15192,1841
15193,1842
15194,1897
15195,1856
15196,1797
15197,1791
15198,1883
15199,1921
15200,1850
15201,1840
15202,1921
15203,1919
15204,1849
15205,1827
15206,1898
15207,1968
15208,1856
15209,1837
15210,1860
15211,1920
15212,1822
15213,1791
15214,1811
15215,1889
15216,1897
15217,1859
15218,1844
15219,1936
15220,1887
15221,1838
15222,1840
15223,1924
15224,1949
15225,1848
15226,1833
15227,1902
15228,1891
15229,1814
15230,1792
15231,1836
15232,1905
15233,1863
15234,1848
15235,1884
15236,1913
15237,1862
15238,1837
15239,1855
15240,1936
15241,1904
15242,1840
15243,1843
15244,1909
15245,1845
15246,1787
15247,1806
15248,1859
15249,1937
15250,1851
15251,1845
15252,1899
15253,1920
15254,1851
15255,1836
15256,1869
15257,1905
15258,1868
15259,1837
15260,1904
15261,1872
15262,1819
15263,1787
15264,1798
15265,1878
15266,1881
15267,1837
15268,1889
15269,1948
15270,1889
15271,1840
15272,1840
15273,1892
15274,1936
15275,1845
15276,1835
15277,1905
15278,1885
15279,1803
15280,1793
15281,1871
15282,1895
15283,1866
15284,1854
15285,1888
15286,1936
15287,1867
15288,1839
15289,1866
15290,1895
15291,1906
15292,1845
15293,1842
15294,1925
15295,1839
15296,1789
15297,1796
15298,1834
15299,1915
15300,1862
15301,1858
15302,1968
15303,1914
15304,1846
15305,1827
15306,1891
15307,1974
15308,1859
15309,1828
15310,1889
15311,1895
15312,1813
15313,1788
15314,1803
15315,1911
15316,1897
15317,1847
15318,1875
15319,1904
15320,1873
15321,1834
15322,1827
15323,1889
15324,1947
15325,1845
15326,1834
15327,1899
15328,1875
15329,1795
15330,1786
15331,1840
15332,1919
15333,1869
15334,1846
15335,1893
15336,1962
15337,1862
15338,1838
15339,1859
15340,1962
15341,1904
15342,1826
15343,1870
15344,1886
15345,1845
15346,1791
15347,1791
15348,1810
15349,1936
15350,1857
15351,1870
15352,1913
15353,1918
15354,1840
15355,1829
15356,1883
15357,1959
15358,1849
15359,1831
15360,1872
15361,1886
15362,1815
15363,1791
15364,1808
15365,1869
15366,1894
15367,1850
15368,1846
15369,1941
15370,1891
15371,1840
15372,1837
15373,1923
15374,1948
15375,1841
15376,1833
15377,1885
15378,1885
15379,1799
15380,1792
15381,1824
15382,1917
15383,1873
15384,1847
15385,1914
15386,1909
15387,1855
15388,1831
15389,1872
15390,1890
15391,1897
15392,1839
15393,1882
15394,1901
15395,1843
15396,1792
15397,1797
15398,1904
15399,1922
15400,1841
15401,1855
15402,1936
15403,1920
15404,1843
15405,1840
15406,1889
15407,1922
15408,1872
15409,1846
15410,1870
15411,1904
15412,1819
15413,1792
15414,1818
15415,1895
15416,1885
15417,1842
15418,1904
15419,1936
15420,1883
15421,1837
15422,1830
15423,1872
15424,1936
15425,1829
15426,1842
15427,1950
15428,1883
15429,1802
15430,1795
15431,1809
15432,1904
15433,1873
15434,1859
15435,1900
15436,1965
15437,1863
15438,1840
15439,1840
15440,1939
15441,1904
15442,1833
15443,1876
15444,1883
15445,1840
15446,1786
15447,1802
15448,1825
15449,1905
15450,1849
15451,1854
15452,1952
15453,1916
15454,1845
15455,1839
15456,1901
15457,1979
15458,1871
15459,1842
15460,1886
15461,1907
15462,1819
15463,1787
15464,1819
15465,1911
15466,1894
15467,1856
15468,1862
15469,1936
15470,1878
15471,1840
15472,1840
15473,1891
15474,1931
15475,1845
15476,1845
15477,1907
15478,1878
15479,1803
15480,1797
15481,1865
15482,1895
15483,1867
15484,1849
15485,1899
15486,1952
15487,1863
15488,1844
15489,1847
15490,1948
15491,1898
15492,1834
15493,1887
15494,1904
15495,1840
15496,1792
15497,1799
15498,1838
15499,1907
15500,1841
15501,1842
15502,1887
15503,1904
15504,1836
15505,1835
15506,1901
15507,1942
15508,1856
15509,1832
15510,1854
15511,1871
15512,1808
15513,1782
15514,1807
15515,1872
15516,1891
15517,1846
15518,1883
15519,1947
15520,1875
15521,1841
15522,1853
15523,1889
15524,1939
15525,1848
15526,1848
15527,1871
15528,1873
15529,1795
15530,1791
15531,1872
15532,1953
15533,1858
15534,1847
15535,1904
15536,1907
15537,1845
15538,1830
15539,1847
15540,1925
15541,1904
15542,1846
15543,1872
15544,1900
15545,1838
15546,1790
15547,1791
15548,1831
15549,1921
15550,1854
15551,1859
15552,1936
15553,1904
15554,1840
15555,1834
15556,1902
15557,1940
15558,1871
15559,1836
15560,1887
15561,1888
15562,1813
15563,1789
15564,1824
15565,1872
15566,1881
15567,1840
15568,1887
15569,1939
15570,1884
15571,1840
15572,1855
15573,1913
15574,1933
15575,1838
15576,1835
15577,1936
15578,1872
15579,1798
15580,1798
15581,1840
15582,1949
15583,1853
15584,1867
15585,1919
15586,1926
15587,1855
15588,1840
15589,1856
15590,1925
15591,1894
15592,1824
15593,1853
15594,1904
15595,1835
15596,1785
15597,1805
15598,1904
15599,1909
15600,1843
15601,1854
15602,1935
15603,1912
15604,1844
15605,1837
15606,1909
15607,1927
15608,1856
15609,1834
15610,1890
15611,1887
15612,1809
15613,1799
15614,1835
15615,1918
15616,1879
15617,1840
15618,1869
15619,1936
15620,1876
15621,1840
15622,1849
15623,1910
15624,1925
15625,1826
15626,1833
15627,1870
15628,1866
15629,1795
15630,1786
15631,1865
15632,1929
15633,1865
15634,1853
15635,1897
15636,1946
15637,1854
15638,1833
15639,1873
15640,1920
15641,1893
15642,1839
15643,1867
15644,1894
15645,1849
15646,1786
15647,1794
15648,1837
15649,1913
15650,1844
15651,1855
15652,1921
15653,1919
15654,1839
15655,1838
15656,1879
15657,1937
15658,1857
15659,1826
15660,1887
15661,1904
15662,1817
15663,1787
15664,1842
15665,1921
15666,1875
15667,1840
15668,1822
15669,1942
15670,1881
15671,1839
15672,1845
15673,1911
15674,1935
15675,1835
15676,1835
15677,1865
15678,1872
15679,1796
15680,1786
15681,1828
15682,1921
15683,1857
15684,1850
15685,1900
15686,1920
15687,1852
15688,1829
15689,1856
15690,1966
15691,1886
15692,1835
15693,1856
15694,1889
15695,1835
15696,1786
15697,1798
15698,1840
15699,1910
15700,1847
15701,1859
15702,1944
15703,1904
15704,1840
15705,1834
15706,1902
15707,1886
15708,1847
15709,1837
15710,1862
15711,1890
15712,1809
15713,1786
15714,1818
15715,1882
15716,1870
15717,1840
15718,1891
15719,1946
15720,1867
15721,1837
15722,1836
15723,1904
15724,1924
15725,1840
15726,1843
15727,1883
15728,1861
15729,1794
15730,1781
15731,1857
15732,1921
15733,1854
15734,1847
15735,1917
15736,1917
15737,1853
15738,1835
15739,1851
15740,1917
15741,1887
15742,1837
15743,1855
15744,1890
15745,1823
15746,1777
15747,1827
15748,1842
15749,1901
15750,1851
15751,1857
15752,1946
15753,1904
15754,1840
15755,1835
15756,1890
15757,1974
15758,1853
15759,1829
15760,1845
15761,1893
15762,1805
15763,1785
15764,1837
15765,1891
15766,1875
15767,1842
15768,1935
15769,1947
15770,1879
15771,1835
15772,1841
15773,1942
15774,1920
15775,1829
15776,1818
15777,1856
15778,1862
15779,1797
15780,1791
15781,1856
15782,1943
15783,1854
15784,1845
15785,1909
15786,1940
15787,1854
15788,1833
15789,1869
15790,1935
15791,1887
15792,1837
15793,1861
15794,1904
15795,1833
15796,1785
15797,1829
15798,1882
15799,1904
15800,1845
15801,1851
15802,1920
15803,1897
15804,1835
15805,1824
15806,1877
15807,1981
15808,1840
15809,1831
15810,1852
15811,1879
15812,1806
15813,1783
15814,1807
15815,1891
15816,1873
15817,1853
15818,1926
15819,1936
15820,1872
15821,1839
15822,1854
15823,1919
15824,1926
15825,1835
15826,1845
15827,1883
15828,1869
15829,1798
15830,1793
15831,1852
15832,1938
15833,1854
15834,1846
15835,1936
15836,1907
15837,1847
15838,1831
15839,1869
15840,1906
15841,1877
15842,1830
15843,1855
15844,1879
15845,1835
15846,1791
15847,1774
15848,1871
15849,1911
15850,1842
15851,1840
15852,1898
15853,1904
15854,1840
15855,1835
15856,1901
15857,1926
15858,1857
15859,1840
15860,1881
15861,1907
15862,1807
15863,1786
15864,1825
15865,1869
15866,1868
15867,1849
15868,1855
15869,1968
15870,1874
15871,1836
15872,1854
15873,1959
15874,1933
15875,1849
15876,1843
15877,1877
15878,1859
15879,1802
15880,1802
15881,1831
15882,1923
15883,1872
15884,1850
15885,1893
15886,1914
15887,1849
15888,1831
15889,1886
15890,1937
15891,1883
15892,1840
15893,1883
15894,1910
15895,1825
15896,1776
15897,1795
15898,1863
15899,1905
15900,1838
15901,1851
15902,1895
15903,1902
15904,1839
15905,1835
15906,1901
15907,1931
15908,1853
15909,1831
15910,1871
15911,1904
15912,1802
15913,1788
15914,1815
15915,1891
15916,1863
15917,1843
15918,1890
15919,1950
15920,1869
15921,1837
15922,1841
15923,1934
15924,1921
15925,1828
15926,1840
15927,1869
15928,1856
15929,1785
15930,1787
15931,1821
15932,1923
15933,1849
15934,1840
15935,1894
15936,1922
15937,1851
15938,1833
15939,1873
15940,1921
15941,1878
15942,1830
15943,1891
15944,1866
15945,1829
15946,1787
15947,1779
15948,1874
15949,1904
15950,1840
15951,1860
15952,1939
15953,1899
15954,1840
15955,1839
15956,1872
15957,1881
15958,1850
15959,1824
15960,1888
15961,1899
15962,1806
15963,1787
15964,1808
15965,1903
15966,1875
15967,1849
15968,1895
15969,1938
15970,1872
15971,1839
15972,1835
15973,1891
15974,1927
15975,1835
15976,1824
15977,1904
15978,1866
15979,1793
15980,1798
15981,1826
15982,1895
15983,1856
15984,1844
15985,1876
15986,1924
15987,1847
15988,1831
15989,1862
15990,1919
15991,1877
15992,1838
15993,1899
15994,1888
15995,1820
15996,1792
15997,1818
15998,1872
15999,1904
16000,1846
16001,1872
16002,1933
16003,1895
16004,1842
16005,1830
16006,1891
16007,1930
16008,1846
16009,1826
16010,1859
16011,1911
16012,1807
16013,1780
16014,1860
16015,1919
16016,1870
16017,1843
16018,1871
16019,1969
16020,1863
16021,1823
16022,1854
16023,1922
16024,1920
16025,1838
16026,1831
16027,1916
16028,1859
16029,1791
16030,1791
16031,1826
16032,1925
16033,1851
16034,1846
16035,1915
16036,1926
16037,1845
16038,1835
16039,1842
16040,1917
16041,1873
16042,1831
16043,1856
16044,1905
16045,1820
16046,1780
16047,1797
16048,1872
16049,1906
16050,1847
16051,1858
16052,1927
16053,1897
16054,1840
16055,1838
16056,1901
16057,1968
16058,1846
16059,1840
16060,1903
16061,1894
16062,1808
16063,1789
16064,1813
16065,1923
16066,1867
16067,1849
16068,1904
16069,1968
16070,1871
16071,1834
16072,1872
16073,1898
16074,1915
16075,1826
16076,1835
16077,1875
16078,1856
16079,1787
16080,1792
16081,1845
16082,1904
16083,1853
16084,1856
16085,1892
16086,1931
16087,1846
16088,1835
16089,1872
16090,1946
16091,1872
16092,1843
16093,1899
16094,1884
16095,1821
16096,1788
16097,1820
16098,1855
16099,1897
16100,1840
16101,1872
16102,1911
16103,1887
16104,1833
16105,1821
16106,1913
16107,1957
16108,1849
16109,1840
16110,1904
16111,1880
16112,1798
16113,1781
16114,1820
16115,1904
16116,1872
16117,1845
16118,1889
16119,1956
16120,1866
16121,1840
16122,1841
16123,1926
16124,1919
16125,1841
16126,1824
16127,1872
16128,1851
16129,1790
16130,1795
16131,1830
16132,1894
16133,1840
16134,1847
16135,1895
16136,1908
16137,1846
16138,1829
16139,1858
16140,1936
16141,1878
16142,1831
16143,1904
16144,1889
16145,1824
16146,1782
16147,1819
16148,1830
16149,1897
16150,1840
16151,1870
16152,1967
16153,1900
16154,1841
16155,1840
16156,1876
16157,1936
16158,1845
16159,1840
16160,1877
16161,1882
16162,1801
16163,1785
16164,1818
16165,1875
16166,1856
16167,1833
16168,1893
16169,1920
16170,1866
16171,1837
16172,1869
16173,1927
16174,1917
16175,1837
16176,1867
16177,1899
16178,1855
16179,1787
16180,1788
16181,1824
16182,1923
16183,1848
16184,1847
16185,1890
16186,1931
16187,1846
16188,1834
16189,1866
16190,1959
16191,1867
16192,1839
16193,1857
16194,1877
16195,1817
16196,1776
16197,1795
16198,1856
16199,1893
16200,1847
16201,1877
16202,1950
16203,1894
16204,1835
16205,1837
16206,1891
16207,1933
16208,1846
16209,1833
16210,1895
16211,1889
16212,1805
16213,1779
16214,1798
16215,1899
16216,1866
16217,1845
16218,1875
16219,1930
16220,1870
16221,1834
16222,1840
16223,1903
16224,1911
16225,1829
16226,1862
16227,1885
16228,1851
16229,1782
16230,1790
16231,1840
16232,1920
16233,1838
16234,1843
16235,1914
16236,1916
16237,1846
16238,1835
16239,1872
16240,1945
16241,1872
16242,1839
16243,1891
16244,1872
16245,1821
16246,1788
16247,1807
16248,1885
16249,1894
16250,1845
16251,1869
16252,1950
16253,1896
16254,1831
16255,1837
16256,1920
16257,1941
16258,1840
16259,1837
16260,1904
16261,1893
16262,1801
16263,1790
16264,1831
16265,1920
16266,1869
16267,1851
16268,1943
16269,1965
16270,1862
16271,1837
16272,1861
16273,1909
16274,1906
16275,1833
16276,1835
16277,1951
16278,1855
16279,1789
16280,1799
16281,1839
16282,1919
16283,1850
16284,1847
16285,1905
16286,1914
16287,1840
16288,1826
16289,1920
16290,1905
16291,1872
16292,1840
16293,1886
16294,1888
16295,1819
16296,1789
16297,1815
16298,1858
16299,1882
16300,1840
16301,1875
16302,1915
16303,1890
16304,1838
16305,1835
16306,1911
16307,1937
16308,1842
16309,1835
16310,1889
16311,1874
16312,1799
16313,1787
16314,1815
16315,1899
16316,1851
16317,1840
16318,1877
16319,1934
16320,1866
16321,1831
16322,1862
16323,1899
16324,1904
16325,1821
16326,1866
16327,1894
16328,1850
16329,1789
16330,1791
16331,1856
16332,1934
16333,1847
16334,1844
16335,1947
16336,1925
16337,1850
16338,1829
16339,1877
16340,1966
16341,1863
16342,1833
16343,1936
16344,1908
16345,1813
16346,1779
16347,1786
16348,1865
16349,1887
16350,1831
16351,1885
16352,1923
16353,1891
16354,1835
16355,1834
16356,1909
16357,1945
16358,1845
16359,1840
16360,1905
16361,1879
16362,1799
16363,1779
16364,1822
16365,1892
16366,1866
16367,1846
16368,1904
16369,1921
16370,1856
16371,1834
16372,1861
16373,1915
16374,1898
16375,1832
16376,1872
16377,1927
16378,1838
16379,1787
16380,1789
16381,1888
16382,1938
16383,1841
16384,1854
16385,1940
16386,1921
16387,1846
16388,1831
16389,1877
16390,1926
16391,1868
16392,1835
16393,1831
16394,1901
16395,1813
16396,1789
16397,1807
16398,1870
16399,1886
16400,1837
16401,1885
16402,1933
16403,1885
16404,1826
16405,1830
16406,1893
16407,1936
16408,1840
16409,1835
16410,1888
16411,1884
16412,1801
16413,1787
16414,1842
16415,1872
16416,1861
16417,1845
16418,1879
16419,1941
16420,1859
16421,1826
16422,1859
16423,1901
16424,1903
16425,1826
16426,1840
16427,1898
16428,1842
16429,1790
16430,1796
16431,1841
16432,1910
16433,1847
16434,1854
16435,1907
16436,1909
16437,1840
16438,1829
16439,1873
16440,1923
16441,1867
16442,1837
16443,1840
16444,1873
16445,1813
16446,1784
16447,1811
16448,1906
16449,1889
16450,1847
16451,1868
16452,1953
16453,1887
16454,1839
16455,1840
16456,1898
16457,1954
16458,1840
16459,1837
16460,1861
16461,1876
16462,1802
16463,1787
16464,1817
16465,1911
16466,1857
16467,1843
16468,1919
16469,1955
16470,1865
16471,1831
16472,1856
16473,1890
16474,1905
16475,1838
16476,1871
16477,1900
16478,1845
16479,1790
16480,1796
16481,1874
16482,1926
16483,1843
16484,1863
16485,1906
16486,1917
16487,1846
16488,1838
16489,1910
16490,1957
16491,1862
16492,1833
16493,1859
16494,1904
16495,1808
16496,1783
16497,1792
16498,1893
16499,1895
16500,1846
16501,1904
16502,1926
16503,1885
16504,1834
16505,1838
16506,1906
16507,1941
16508,1841
16509,1841
16510,1892
16511,1873
16512,1799
16513,1787
16514,1854
16515,1920
16516,1857
16517,1843
16518,1931
16519,1908
16520,1856
16521,1839
16522,1867
16523,1939
16524,1897
16525,1826
16526,1821
16527,1869
16528,1838
16529,1781
16530,1783
16531,1819
16532,1930
16533,1853
16534,1867
16535,1925
16536,1906
16537,1840
16538,1833
16539,1875
16540,1965
16541,1855
16542,1833
16543,1856
16544,1902
16545,1815
16546,1786
16547,1837
16548,1882
16549,1885
16550,1846
16551,1842
16552,1922
16553,1877
16554,1830
16555,1835
16556,1885
16557,1938
16558,1838
16559,1837
16560,1873
16561,1871
16562,1807
16563,1791
16564,1825
16565,1894
16566,1856
16567,1840
16568,1873
16569,1934
16570,1859
16571,1833
16572,1850
16573,1914
16574,1890
16575,1823
16576,1871
16577,1904
16578,1842
16579,1789
16580,1779
16581,1840
16582,1904
16583,1843
16584,1840
16585,1890
16586,1909
16587,1840
16588,1821
16589,1899
16590,1926
16591,1858
16592,1845
16593,1882
16594,1904
16595,1809
16596,1783
16597,1790
16598,1872
16599,1883
16600,1847
16601,1839
16602,1935
16603,1877
16604,1835
16605,1840
16606,1872
16607,1936
16608,1840
16609,1835
16610,1924
16611,1870
16612,1797
16613,1785
16614,1838
16615,1919
16616,1846
16617,1838
16618,1924
16619,1915
16620,1853
16621,1823
16622,1857
16623,1913
16624,1891
16625,1840
16626,1842
16627,1922
16628,1840
16629,1791
16630,1802
16631,1872
16632,1904
16633,1846
16634,1874
16635,1951
16636,1911
16637,1843
16638,1829
16639,1885
16640,1913
16641,1861
16642,1827
16643,1893
16644,1888
16645,1805
16646,1777
16647,1803
16648,1890
16649,1877
16650,1840
16651,1872
16652,1919
16653,1879
16654,1840
16655,1847
16656,1949
16657,1925
16658,1836
16659,1849
16660,1891
16661,1872
16662,1794
16663,1781
16664,1817
16665,1903
16666,1853
16667,1856
16668,1918
16669,1942
16670,1860
16671,1837
16672,1859
16673,1946
16674,1888
16675,1833
16676,1850
16677,1881
16678,1837
16679,1787
16680,1797
16681,1840
16682,1907
16683,1851
16684,1867
16685,1959
16686,1914
16687,1840
16688,1842
16689,1906
16690,1920
16691,1861
16692,1840
16693,1903
16694,1898
16695,1808
16696,1787
16697,1825
16698,1878
16699,1881
16700,1835
16701,1866
16702,1935
16703,1873
16704,1830
16705,1842
16706,1903
16707,1935
16708,1835
16709,1815
16710,1893
16711,1869
16712,1795
16713,1790
16714,1834
16715,1939
16716,1853
16717,1839
16718,1899
16719,1904
16720,1855
16721,1827
16722,1872
16723,1936
16724,1891
16725,1837
16726,1831
16727,1904
16728,1838
16729,1788
16730,1803
16731,1839
16732,1909
16733,1841
16734,1856
16735,1919
16736,1898
16737,1834
16738,1826
16739,1878
16740,1968
16741,1855
16742,1833
16743,1872
16744,1885
16745,1808
16746,1786
16747,1792
16748,1919
16749,1889
16750,1843
16751,1881
16752,1925
16753,1874
16754,1830
16755,1837
16756,1903
16757,1926
16758,1838
16759,1839
16760,1902
16761,1869
16762,1795
16763,1792
16764,1841
16765,1931
16766,1846
16767,1844
16768,1859
16769,1921
16770,1856
16771,1835
16772,1859
16773,1920
16774,1887
16775,1831
16776,1849
16777,1907
16778,1835
16779,1787
16780,1819
16781,1862
16782,1906
16783,1839
16784,1847
16785,1920
16786,1911
16787,1844
16788,1834
16789,1904
16790,1963
16791,1853
16792,1826
16793,1943
16794,1849
16795,1808
16796,1780
16797,1807
16798,1872
16799,1878
16800,1844
16801,1877
16802,1937
16803,1875
16804,1835
16805,1857
16806,1921
16807,1926
16808,1840
16809,1842
16810,1895
16811,1867
16812,1795
16813,1791
16814,1837
16815,1878
16816,1843
16817,1852
16818,1903
16819,1917
16820,1847
16821,1829
16822,1859
16823,1886
16824,1879
16825,1824
16826,1803
16827,1867
16828,1825
16829,1776
16830,1776
16831,1806
16832,1906
16833,1841
16834,1852
16835,1910
16836,1907
16837,1840
16838,1831
16839,1872
16840,1935
16841,1850
16842,1836
16843,1893
16844,1897
16845,1810
16846,1788
16847,1808
16848,1871
16849,1872
16850,1831
16851,1889
16852,1917
16853,1877
16854,1830
16855,1831
16856,1893
16857,1922
16858,1833
16859,1837
16860,1885
16861,1870
16862,1794
16863,1789
16864,1821
16865,1904
16866,1859
16867,1858
16868,1898
16869,1936
16870,1854
16871,1840
16872,1859
16873,1978
16874,1898
16875,1831
16876,1889
16877,1872
16878,1831
16879,1783
16880,1821
16881,1836
16882,1907
16883,1842
16884,1852
16885,1958
16886,1901
16887,1835
16888,1831
16889,1878
16890,1903
16891,1856
16892,1833
16893,1886
16894,1894
16895,1813
16896,1783
16897,1806
16898,1888
16899,1872
16900,1847
16901,1926
16902,1929
16903,1875
16904,1839
16905,1848
16906,1879
16907,1920
16908,1831
16909,1840
16910,1872
16911,1865
16912,1791
16913,1791
16914,1855
16915,1899
16916,1845
16917,1839
16918,1917
16919,1943
16920,1845
16921,1825
16922,1857
16923,1904
16924,1887
16925,1822
16926,1904
16927,1903
16928,1831
16929,1781
16930,1786
16931,1829
16932,1904
16933,1842
16934,1857
16935,1905
16936,1904
16937,1840
16938,1834
16939,1919
16940,1892
16941,1851
16942,1831
16943,1934
16944,1856
16945,1809
16946,1781
16947,1803
16948,1870
16949,1872
16950,1837
16951,1883
16952,1924
16953,1873
16954,1837
16955,1840
16956,1894
16957,1923
16958,1833
16959,1872
16960,1903
16961,1868
16962,1793
16963,1796
16964,1839
16965,1922
16966,1854
16967,1847
16968,1957
16969,1909
16970,1845
16971,1831
16972,1880
16973,1914
16974,1875
16975,1840
16976,1848
16977,1879
16978,1826
16979,1786
16980,1777
16981,1840
16982,1907
16983,1845
16984,1856
16985,1936
16986,1898
16987,1840
16988,1837
16989,1887
16990,1923
16991,1865
16992,1827
16993,1902
16994,1897
16995,1808
16996,1772
16997,1802
16998,1901
16999,1872
17000,1840
17001,1920
17002,1936
17003,1863
17004,1828
17005,1861
17006,1918
17007,1909
17008,1825
17009,1830
17010,1875
17011,1856
17012,1793
17013,1793
17014,1857
17015,1923
17016,1847
17017,1842
17018,1879
17019,1897
17020,1847
17021,1824
17022,1877
17023,1916
17024,1885
17025,1833
17026,1873
17027,1872
17028,1827
17029,1787
17030,1808
17031,1840
17032,1904
17033,1842
17034,1869
17035,1903
17036,1893
17037,1834
17038,1827
17039,1890
17040,1954
17041,1854
17042,1835
17043,1867
17044,1895
17045,1806
17046,1787
17047,1818
17048,1895
17049,1871
17050,1843
17051,1878
17052,1946
17053,1871
17054,1835
17055,1850
17056,1919
17057,1920
17058,1833
17059,1840
17060,1891
17061,1859
17062,1791
17063,1791
17064,1846
17065,1904
17066,1840
17067,1836
17068,1920
17069,1942
17070,1853
17071,1835
17072,1883
17073,1950
17074,1872
17075,1826
17076,1878
17077,1872
17078,1825
17079,1781
17080,1776
17081,1840
17082,1899
17083,1852
17084,1858
17085,1936
17086,1901
17087,1843
17088,1838
17089,1899
17090,1923
17091,1856
17092,1836
17093,1858
17094,1887
17095,1794
17096,1776
17097,1808
17098,1883
17099,1865
17100,1844
17101,1881
17102,1917
17103,1869
17104,1836
17105,1815
17106,1893
17107,1919
17108,1834
17109,1828
17110,1879
17111,1858
17112,1797
17113,1791
17114,1830
17115,1920
17116,1851
17117,1856
17118,1933
17119,1930
17120,1854
17121,1831
17122,1872
17123,1929
17124,1870
17125,1830
17126,1808
17127,1872
17128,1823
17129,1778
17130,1778
17131,1823
17132,1904
17133,1840
17134,1853
17135,1950
17136,1895
17137,1840
17138,1833
17139,1899
17140,1939
17141,1843
17142,1825
17143,1877
17144,1883
17145,1808
17146,1790
17147,1815
17148,1905
17149,1870
17150,1854
17151,1883
17152,1943
17153,1870
17154,1830
17155,1817
17156,1894
17157,1904
17158,1830
17159,1835
17160,1943
17161,1853
17162,1789
17163,1787
17164,1842
17165,1895
17166,1853
17167,1850
17168,1933
17169,1922
17170,1851
17171,1839
17172,1853
17173,1911
17174,1873
17175,1840
17176,1854
17177,1882
17178,1817
17179,1786
17180,1796
17181,1855
17182,1895
17183,1841
17184,1853
17185,1968
17186,1890
17187,1836
17188,1824
17189,1904
17190,1933
17191,1841
17192,1831
17193,1883
17194,1882
17195,1804
17196,1788
17197,1802
17198,1872
17199,1855
17200,1849
17201,1911
17202,1957
17203,1872
17204,1839
17205,1825
17206,1921
17207,1910
17208,1825
17209,1838
17210,1899
17211,1856
17212,1792
17213,1791
17214,1833
17215,1911
17216,1837
17217,1843
17218,1897
17219,1925
17220,1840
17221,1822
17222,1851
17223,1954
17224,1874
17225,1832
17226,1897
17227,1875
17228,1822
17229,1787
17230,1840
17231,1867
17232,1896
17233,1841
17234,1870
17235,1937
17236,1891
17237,1838
17238,1833
17239,1893
17240,1906
17241,1849
17242,1831
17243,1904
17244,1875
17245,1791
17246,1786
17247,1792
17248,1939
17249,1873
17250,1851
17251,1904
17252,1927
17253,1865
17254,1838
17255,1870
17256,1936
17257,1911
17258,1832
17259,1831
17260,1919
17261,1855
17262,1790
17263,1793
17264,1850
17265,1895
17266,1845
17267,1845
17268,1904
17269,1904
17270,1842
17271,1840
17272,1851
17273,1913
17274,1865
17275,1824
17276,1877
17277,1875
17278,1815
17279,1788
17280,1801
17281,1851
17282,1904
17283,1841
17284,1894
17285,1905
17286,1898
17287,1838
17288,1840
17289,1876
17290,1926
17291,1851
17292,1831
17293,1927
17294,1889
17295,1799
17296,1787
17297,1835
17298,1949
17299,1857
17300,1837
17301,1897
17302,1902
17303,1859
17304,1830
17305,1830
17306,1910
17307,1905
17308,1822
17309,1856
17310,1914
17311,1847
17312,1787
17313,1793
17314,1879
17315,1913
17316,1847
17317,1840
17318,1917
17319,1907
17320,1849
17321,1833
17322,1856
17323,1920
17324,1870
17325,1833
17326,1906
17327,1886
17328,1815
17329,1779
17330,1808
17331,1872
17332,1894
17333,1840
17334,1872
17335,1959
17336,1888
17337,1833
17338,1827
17339,1892
17340,1919
17341,1839
17342,1837
17343,1924
17344,1873
17345,1803
17346,1791
17347,1819
17348,1902
17349,1871
17350,1840
17351,1906
17352,1921
17353,1865
17354,1830
17355,1839
17356,1941
17357,1905
17358,1826
17359,1857
17360,1911
17361,1849
17362,1782
17363,1787
17364,1835
17365,1939
17366,1840
17367,1859
17368,1884
17369,1915
17370,1845
17371,1833
17372,1894
17373,1914
17374,1866
17375,1838
17376,1890
17377,1871
17378,1817
17379,1780
17380,1792
17381,1919
17382,1894
17383,1840
17384,1833
17385,1916
17386,1891
17387,1837
17388,1838
17389,1881
17390,1936
17391,1841
17392,1831
17393,1882
17394,1879
17395,1794
17396,1783
17397,1840
17398,1890
17399,1861
17400,1837
17401,1878
17402,1909
17403,1859
17404,1835
17405,1855
17406,1962
17407,1906
17408,1831
17409,1844
17410,1943
17411,1847
17412,1791
17413,1788
17414,1862
17415,1883
17416,1856
17417,1856
17418,1926
17419,1926
17420,1841
17421,1825
17422,1896
17423,1924
17424,1856
17425,1825
17426,1847
17427,1875
17428,1810
17429,1776
17430,1807
17431,1854
17432,1898
17433,1842
17434,1869
17435,1921
17436,1888
17437,1837
17438,1831
17439,1894
17440,1944
17441,1840
17442,1840
17443,1869
17444,1873
17445,1805
17446,1786
17447,1840
17448,1892
17449,1863
17450,1857
17451,1904
17452,1922
17453,1861
17454,1823
17455,1831
17456,1920
17457,1893
17458,1815
17459,1840
17460,1934
17461,1845
17462,1791
17463,1796
17464,1874
17465,1869
17466,1841
17467,1850
17468,1919
17469,1923
17470,1847
17471,1834
17472,1860
17473,1979
17474,1868
17475,1831
17476,1867
17477,1863
17478,1822
17479,1789
17480,1813
17481,1875
17482,1894
17483,1840
17484,1889
17485,1966
17486,1886
17487,1830
17488,1829
17489,1885
17490,1933
17491,1851
17492,1840
17493,1930
17494,1875
17495,1797
17496,1788
17497,1808
17498,1889
17499,1847
17500,1845
17501,1901
17502,1937
17503,1856
17504,1827
17505,1827
17506,1920
17507,1904
17508,1831
17509,1837
17510,1889
17511,1845
17512,1787
17513,1791
17514,1865
17515,1891
17516,1844
17517,1845
17518,1904
17519,1921
17520,1840
17521,1825
17522,1856
17523,1918
17524,1860
17525,1834
17526,1877
17527,1889
17528,1817
17529,1783
17530,1799
17531,1854
17532,1891
17533,1840
17534,1856
17535,1920
17536,1887
17537,1833
17538,1831
17539,1890
17540,1942
17541,1831
17542,1848
17543,1931
17544,1869
17545,1793
17546,1773
17547,1807
17548,1903
17549,1851
17550,1840
17551,1902
17552,1923
17553,1857
17554,1829
17555,1842
17556,1904
17557,1904
17558,1827
17559,1842
17560,1936
17561,1844
17562,1791
17563,1791
17564,1841
17565,1917
17566,1854
17567,1844
17568,1974
17569,1917
17570,1841
17571,1827
17572,1851
17573,1910
17574,1861
17575,1826
17576,1879
17577,1883
17578,1808
17579,1787
17580,1829
17581,1872
17582,1889
17583,1842
17584,1893
17585,1953
17586,1883
17587,1840
17588,1833
17589,1910
17590,1918
17591,1840
17592,1821
17593,1846
17594,1872
17595,1797
17596,1787
17597,1813
17598,1903
17599,1840
17600,1837
17601,1867
17602,1915
17603,1855
17604,1831
17605,1841
17606,1913
17607,1901
17608,1822
17609,1840
17610,1902
17611,1843
17612,1785
17613,1796
17614,1853
17615,1914
17616,1840
17617,1859
17618,1894
17619,1918
17620,1840
17621,1828
17622,1861
17623,1957
17624,1863
17625,1836
17626,1899
17627,1873
17628,1815
17629,1788
17630,1814
17631,1863
17632,1879
17633,1847
17634,1889
17635,1911
17636,1877
17637,1826
17638,1834
17639,1911
17640,1904
17641,1841
17642,1838
17643,1857
17644,1873
17645,1802
17646,1792
17647,1830
17648,1901
17649,1859
17650,1843
17651,1863
17652,1941
17653,1856
17654,1831
17655,1846
17656,1904
17657,1901
17658,1839
17659,1832
17660,1871
17661,1843
17662,1783
17663,1793
17664,1829
17665,1924
17666,1840
17667,1840
17668,1917
17669,1917
17670,1842
17671,1830
17672,1882
17673,1901
17674,1855
17675,1831
17676,1899
17677,1853
17678,1822
17679,1786
17680,1789
17681,1886
17682,1883
17683,1847
17684,1840
17685,1939
17686,1883
17687,1839
17688,1835
17689,1872
17690,1936
17691,1840
17692,1827
17693,1886
17694,1863
17695,1791
17696,1779
17697,1831
17698,1890
17699,1856
17700,1845
17701,1873
17702,1915
17703,1860
17704,1830
17705,1872
17706,1889
17707,1903
17708,1824
17709,1840
17710,1850
17711,1843
17712,1791
17713,1787
17714,1837
17715,1901
17716,1841
17717,1847
17718,1933
17719,1918
17720,1840
17721,1827
17722,1856
17723,1945
17724,1855
17725,1814
17726,1891
17727,1860
17728,1805
17729,1779
17730,1813
17731,1856
17732,1872
17733,1840
17734,1899
17735,1937
17736,1877
17737,1831
17738,1840
17739,1929
17740,1933
17741,1845
17742,1839
17743,1899
17744,1874
17745,1795
17746,1783
17747,1835
17748,1931
17749,1857
17750,1847
17751,1884
17752,1911
17753,1855
17754,1825
17755,1843
17756,1923
17757,1893
17758,1824
17759,1814
17760,1873
17761,1841
17762,1786
17763,1798
17764,1841
17765,1904
17766,1843
17767,1851
17768,1909
17769,1913
17770,1844
17771,1829
17772,1856
17773,1936
17774,1861
17775,1831
17776,1869
17777,1881
17778,1808
17779,1780
17780,1817
17781,1891
17782,1888
17783,1840
17784,1873
17785,1943
17786,1875
17787,1828
17788,1829
17789,1888
17790,1927
17791,1833
17792,1840
17793,1898
17794,1867
17795,1792
17796,1782
17797,1837
17798,1931
17799,1851
17800,1844
17801,1890
17802,1952
17803,1853
17804,1829
17805,1838
17806,1937
17807,1899
17808,1825
17809,1846
17810,1872
17811,1840
17812,1787
17813,1777
17814,1829
17815,1904
17816,1840
17817,1855
17818,1939
17819,1904
17820,1835
17821,1825
17822,1872
17823,1920
17824,1861
17825,1836
17826,1847
17827,1891
17828,1811
17829,1781
17830,1810
17831,1866
17832,1890
17833,1845
17834,1870
17835,1942
17836,1875
17837,1838
17838,1834
17839,1931
17840,1961
17841,1839
17842,1833
17843,1888
17844,1866
17845,1789
17846,1776
17847,1840
17848,1862
17849,1855
17850,1841
17851,1937
17852,1963
17853,1856
17854,1831
17855,1874
17856,1936
17857,1895
17858,1831
17859,1808
17860,1891
17861,1838
17862,1786
17863,1797
17864,1849
17865,1906
17866,1840
17867,1859
17868,1921
17869,1907
17870,1843
17871,1835
17872,1879
17873,1958
17874,1857
17875,1825
17876,1878
17877,1899
17878,1803
17879,1785
17880,1841
17881,1868
17882,1883
17883,1839
17884,1867
17885,1968
17886,1872
17887,1838
17888,1840
17889,1877
17890,1934
17891,1840
17892,1826
17893,1895
17894,1872
17895,1791
17896,1794
17897,1826
17898,1903
17899,1856
17900,1840
17901,1875
17902,1905
17903,1845
17904,1826
17905,1859
17906,1936
17907,1895
17908,1817
17909,1837
17910,1899
17911,1840
17912,1786
17913,1806
17914,1876
17915,1903
17916,1847
17917,1869
17918,1941
17919,1904
17920,1841
17921,1826
17922,1866
17923,1964
17924,1858
17925,1834
17926,1903
17927,1861
17928,1807
17929,1783
17930,1811
17931,1886
17932,1882
17933,1840
17934,1868
17935,1933
17936,1866
17937,1826
17938,1846
17939,1872
17940,1903
17941,1838
17942,1841
17943,1871
17944,1862
17945,1793
17946,1783
17947,1810
17948,1934
17949,1858
17950,1850
17951,1898
17952,1946
17953,1850
17954,1826
17955,1870
17956,1920
17957,1892
17958,1835
17959,1840
17960,1870
17961,1837
17962,1782
17963,1787
17964,1874
17965,1898
17966,1839
17967,1845
17968,1899
17969,1909
17970,1840
17971,1834
17972,1871
17973,1933
17974,1859
17975,1813
17976,1849
17977,1903
17978,1808
17979,1782
17980,1810
17981,1882
17982,1878
17983,1841
17984,1816
17985,1933
17986,1875
17987,1834
17988,1839
17989,1920
17990,1935
17991,1837
17992,1834
17993,1906
17994,1867
17995,1789
17996,1781
17997,1823
17998,1906
17999,1853
18000,1858
18001,1926
18002,1932
18003,1853
18004,1829
18005,1845
18006,1906
18007,1887
18008,1829
18009,1885
18010,1885
18011,1835
18012,1785
18013,1759
18014,1851
18015,1909
18016,1843
18017,1872
18018,1945
18019,1907
18020,1842
18021,1829
18022,1890
18023,1936
18024,1852
18025,1825
18026,1893
18027,1870
18028,1801
18029,1779
18030,1840
18031,1899
18032,1873
18033,1840
18034,1907
18035,1950
18036,1875
18037,1835
18038,1840
18039,1936
18040,1929
18041,1829
18042,1828
18043,1929
18044,1868
18045,1792
18046,1790
18047,1853
18048,1904
18049,1851
18050,1847
18051,1909
18052,1920
18053,1850
18054,1825
18055,1834
18056,1942
18057,1887
18058,1819
18059,1899
18060,1888
18061,1829
18062,1786
18063,1795
18064,1866
18065,1910
18066,1851
18067,1867
18068,1922
18069,1905
18070,1840
18071,1830
18072,1884
18073,1938
18074,1854
18075,1840
18076,1855
18077,1912
18078,1808
18079,1783
18080,1823
18081,1872
18082,1874
18083,1837
18084,1901
18085,1920
18086,1869
18087,1828
18088,1836
18089,1951
18090,1921
18091,1839
18092,1830
18093,1876
18094,1861
18095,1791
18096,1778
18097,1837
18098,1906
18099,1841
18100,1840
18101,1909
18102,1927
18103,1849
18104,1830
18105,1859
18106,1915
18107,1890
18108,1839
18109,1830
18110,1909
18111,1834
18112,1783
18113,1776
18114,1855
18115,1905
18116,1838
18117,1851
18118,1906
18119,1902
18120,1840
18121,1830
18122,1901
18123,1953
18124,1849
18125,1837
18126,1869
18127,1879
18128,1810
18129,1779
18130,1808
18131,1878
18132,1878
18133,1840
18134,1904
18135,1920
18136,1873
18137,1826
18138,1840
18139,1890
18140,1922
18141,1831
18142,1829
18143,1905
18144,1858
18145,1787
18146,1781
18147,1845
18148,1919
18149,1845
18150,1839
18151,1884
18152,1927
18153,1851
18154,1831
18155,1858
18156,1918
18157,1882
18158,1831
18159,1861
18160,1895
18161,1830
18162,1778
18163,1781
18164,1856
18165,1902
18166,1839
18167,1856
18168,1947
18169,1905
18170,1839
18171,1835
18172,1889
18173,1934
18174,1845
18175,1830
18176,1907
18177,1904
18178,1798
18179,1789
18180,1832
18181,1872
18182,1872
18183,1845
18184,1875
18185,1930
18186,1871
18187,1834
18188,1824
18189,1899
18190,1930
18191,1837
18192,1839
18193,1904
18194,1861
18195,1794
18196,1783
18197,1826
18198,1931
18199,1850
18200,1841
18201,1869
18202,1910
18203,1840
18204,1830
18205,1855
18206,1901
18207,1883
18208,1821
18209,1875
18210,1874
18211,1834
18212,1781
18213,1794
18214,1881
18215,1910
18216,1840
18217,1851
18218,1954
18219,1904
18220,1839
18221,1831
18222,1874
18223,1958
18224,1849
18225,1836
18226,1917
18227,1877
18228,1808
18229,1783
18230,1825
18231,1901
18232,1872
18233,1847
18234,1856
18235,1917
18236,1863
18237,1826
18238,1838
18239,1936
18240,1914
18241,1834
18242,1840
18243,1936
18244,1857
18245,1791
18246,1791
18247,1857
18248,1901
18249,1850
18250,1841
18251,1911
18252,1911
18253,1846
18254,1838
18255,1889
18256,1911
18257,1881
18258,1825
18259,1855
18260,1874
18261,1831
18262,1787
18263,1787
18264,1831
18265,1895
18266,1833
18267,1887
18268,1937
18269,1895
18270,1841
18271,1835
18272,1889
18273,1934
18274,1852
18275,1831
18276,1833
18277,1889
18278,1808
18279,1787
18280,1813
18281,1872
18282,1867
18283,1829
18284,1875
18285,1935
18286,1875
18287,1833
18288,1851
18289,1917
18290,1922
18291,1831
18292,1838
18293,1909
18294,1847
18295,1782
18296,1781
18297,1839
18298,1909
18299,1854
18300,1851
18301,1875
18302,1923
18303,1851
18304,1824
18305,1872
18306,1967
18307,1888
18308,1829
18309,1879
18310,1888
18311,1824
18312,1784
18313,1779
18314,1887
18315,1904
18316,1840
18317,1876
18318,1920
18319,1895
18320,1835
18321,1816
18322,1871
18323,1923
18324,1839
18325,1822
18326,1869
18327,1873
18328,1793
18329,1781
18330,1821
18331,1927
18332,1871
18333,1840
18334,1918
18335,1936
18336,1870
18337,1835
18338,1839
18339,1897
18340,1919
18341,1842
18342,1835
18343,1959
18344,1865
18345,1792
18346,1788
18347,1840
18348,1903
18349,1840
18350,1846
18351,1905
18352,1927
18353,1851
18354,1830
18355,1860
18356,1915
18357,1874
18358,1819
18359,1849
18360,1904
18361,1827
18362,1782
18363,1821
18364,1872
18365,1905
18366,1845
18367,1843
18368,1953
18369,1903
18370,1840
18371,1837
18372,1897
18373,1949
18374,1844
18375,1833
18376,1854
18377,1873
18378,1808
18379,1776
18380,1810
18381,1856
18382,1871
18383,1840
18384,1907
18385,1936
18386,1865
18387,1821
18388,1847
18389,1896
18390,1920
18391,1839
18392,1829
18393,1834
18394,1853
18395,1792
18396,1787
18397,1825
18398,1892
18399,1846
18400,1845
18401,1911
18402,1910
18403,1850
18404,1831
18405,1883
18406,1911
18407,1874
18408,1826
18409,1851
18410,1855
18411,1830
18412,1791
18413,1795
18414,1830
18415,1894
18416,1839
18417,1840
18418,1938
18419,1890
18420,1839
18421,1827
18422,1876
18423,1979
18424,1846
18425,1823
18426,1894
18427,1878
18428,1806
18429,1783
18430,1856
18431,1870
18432,1870
18433,1843
18434,1903
18435,1919
18436,1862
18437,1831
18438,1842
18439,1918
18440,1921
18441,1825
18442,1841
18443,1889
18444,1845
18445,1788
18446,1787
18447,1842
18448,1946
18449,1840
18450,1838
18451,1903
18452,1933
18453,1847
18454,1827
18455,1869
18456,1925
18457,1877
18458,1823
18459,1857
18460,1899
18461,1825
18462,1780
18463,1791
18464,1870
18465,1899
18466,1840
18467,1859
18468,1941
18469,1897
18470,1837
18471,1828
18472,1908
18473,1906
18474,1842
18475,1823
18476,1854
18477,1893
18478,1800
18479,1786
18480,1799
18481,1899
18482,1872
18483,1845
18484,1877
18485,1959
18486,1868
18487,1835
18488,1853
18489,1936
18490,1918
18491,1832
18492,1858
18493,1913
18494,1856
18495,1785
18496,1791
18497,1853
18498,1899
18499,1840
