Time(ms),Raw_ADC,ENV_Value,RMS,MDF,MW_Amp,MW_Area,MW_Latency,MW_Valid,Marker
0,1857.2,23.4,0.0,0.0,0.0,0.0,0.0,0,
100,1865.7,19.4,0.0,0.0,0.0,0.0,0.0,0,
200,1865.2,22.9,0.0,0.0,0.0,0.0,0.0,0,
300,1865.0,22.0,0.0,0.0,0.0,0.0,0.0,0,
400,1865.7,21.5,0.0,0.0,0.0,0.0,0.0,0,
500,1864.0,20.6,0.0,240.7,0.0,0.0,0.0,0,
600,1865.8,22.1,0.0,240.5,0.0,0.0,0.0,0,
700,1864.6,22.2,0.0,240.5,0.0,0.0,0.0,0,
800,1864.7,19.4,0.0,240.5,0.0,0.0,0.0,0,
900,1865.9,21.9,0.0,240.3,0.0,0.0,0.0,0,
1000,1853.6,146.9,0.0,176.8,0.0,0.0,0.0,0,
1100,1866.7,181.4,0.0,101.1,0.0,0.0,0.0,0,
1200,1869.1,151.3,0.0,106.2,1161.0,4315.0,5.0,1,
1300,1855.0,141.6,0.0,131.4,1161.0,4315.0,5.0,1,
1400,1874.0,106.1,0.0,131.4,994.0,3486.0,5.0,1,
1500,1857.8,50.7,0.0,133.8,989.0,3339.0,5.0,1,
1600,1861.2,20.2,141.1,139.2,919.0,3078.0,4.0,1,
1700,1864.9,18.4,141.0,135.0,919.0,3078.0,4.0,1,
1800,1862.9,23.1,141.0,133.6,919.0,3078.0,4.0,1,
1900,1864.3,21.7,141.0,187.0,919.0,3078.0,4.0,1,
2000,1864.6,18.7,141.0,240.5,919.0,3078.0,4.0,1,
2100,1863.0,19.8,141.0,240.5,919.0,3078.0,4.0,1,
2200,1864.9,20.4,141.0,240.3,919.0,3078.0,4.0,1,
2300,1863.1,20.8,141.0,240.3,919.0,3078.0,4.0,1,
2400,1860.0,22.2,141.0,240.5,919.0,3078.0,4.0,1,
2600,1861.3,78.9,138.7,239.3,919.0,3078.0,4.0,1,
2700,1864.3,192.1,123.5,94.1,995.0,4371.0,5.0,1,
2800,1872.1,274.4,137.8,90.6,878.0,2694.0,25.0,0,
2900,1863.8,151.4,137.9,81.2,968.0,2789.0,2.0,0,
3000,1853.1,177.3,141.2,100.9,927.0,2388.0,2.0,0,
3100,1872.9,257.8,146.7,196.3,1041.0,2751.0,2.0,0,
3200,1856.6,56.4,154.1,229.7,889.0,2112.0,2.0,0,
3300,1864.3,21.1,154.1,165.7,889.0,2112.0,2.0,0,
3400,1863.7,18.9,154.1,94.7,889.0,2112.0,2.0,0,
3600,1860.5,20.1,154.2,238.2,889.0,2112.0,2.0,0,
3700,1865.2,20.1,154.2,240.6,889.0,2112.0,2.0,0,
3800,1864.7,20.2,154.2,240.7,889.0,2112.0,2.0,0,
3900,1862.3,18.9,154.2,240.7,889.0,2112.0,2.0,0,
4000,1864.3,18.1,154.1,240.3,889.0,2112.0,2.0,0,
4100,1861.5,18.4,154.2,240.2,889.0,2112.0,2.0,0,
4200,1869.8,15.3,151.5,240.5,816.0,3882.0,6.0,1,
4300,1877.5,56.1,149.1,240.3,968.0,4073.0,3.0,1,
4400,1853.1,55.1,129.8,237.5,883.0,3357.0,4.0,1,
4600,1851.5,189.1,131.9,90.2,1013.0,2767.0,2.0,0,
4700,1870.9,246.5,127.9,98.7,870.0,2601.0,2.0,0,
4800,1860.6,69.1,122.3,149.2,1010.0,2421.0,2.0,0,
4900,1862.3,18.1,122.2,164.8,1010.0,2421.0,2.0,0,
5000,1864.1,19.8,122.2,104.2,1010.0,2421.0,2.0,0,
5100,1864.1,18.5,122.2,125.7,1010.0,2421.0,2.0,0,
5200,1862.2,16.2,122.1,240.2,1010.0,2421.0,2.0,0,
5300,1864.4,15.8,122.1,240.5,1010.0,2421.0,2.0,0,
5400,1864.4,18.3,122.0,240.5,1010.0,2421.0,2.0,0,
5600,1863.4,17.8,122.0,240.5,1010.0,2421.0,2.0,0,
5700,1866.7,19.9,121.9,240.6,1010.0,2421.0,2.0,0,
5800,1877.8,19.0,121.9,240.5,1010.0,2421.0,2.0,0,
5900,1845.4,213.2,128.8,240.2,1715.0,3552.0,26.0,0,
6000,1864.1,188.8,144.2,202.6,890.0,2603.0,2.0,0,
6100,1868.8,241.3,143.2,186.8,876.0,2849.0,2.0,0,
6200,1863.6,271.1,145.0,195.3,1461.0,3348.0,27.0,0,
6300,1863.2,184.7,150.3,199.6,912.0,2561.0,2.0,0,
6400,1864.2,152.5,150.3,185.4,736.0,2013.0,2.0,0,
6600,1861.7,15.0,151.0,157.6,736.0,2013.0,2.0,0,
6700,1866.2,19.4,151.0,137.2,736.0,2013.0,2.0,0,
6800,1863.6,20.9,151.0,112.2,736.0,2013.0,2.0,0,
6900,1864.5,17.7,151.1,240.3,736.0,2013.0,2.0,0,
7000,1863.3,19.3,151.1,240.5,736.0,2013.0,2.0,0,
7100,1863.4,18.9,151.1,240.5,736.0,2013.0,2.0,0,
7200,1864.7,18.5,151.1,240.5,736.0,2013.0,2.0,0,
7300,1865.7,17.1,151.1,240.5,736.0,2013.0,2.0,0,
7400,1862.1,57.5,151.1,240.6,736.0,2013.0,2.0,0,
7600,1856.5,178.9,145.3,71.4,896.0,3127.0,2.0,0,
7700,1876.6,174.7,145.9,71.1,789.0,2495.0,2.0,0,
7800,1860.2,171.6,142.8,88.2,1148.0,3658.0,28.0,0,
7900,1851.8,173.8,136.2,154.9,1212.0,3220.0,28.0,0,
8000,1867.3,206.9,139.2,158.8,930.0,2797.0,2.0,0,
8100,1860.5,26.5,136.0,153.5,921.0,2312.0,2.0,0,
8200,1862.5,19.0,136.0,102.6,921.0,2312.0,2.0,0,
8300,1866.8,20.2,136.0,39.6,921.0,2312.0,2.0,0,
8400,1864.7,20.2,136.0,57.1,921.0,2312.0,2.0,0,
8600,1864.8,19.2,135.9,240.2,921.0,2312.0,2.0,0,
8700,1864.7,20.4,135.9,240.3,921.0,2312.0,2.0,0,
8800,1863.7,18.0,135.9,240.3,921.0,2312.0,2.0,0,
8900,1863.0,16.7,136.0,240.4,921.0,2312.0,2.0,0,
9000,1863.7,17.7,136.0,240.4,921.0,2312.0,2.0,0,
9100,1867.6,191.2,129.0,240.5,859.0,3602.0,6.0,1,
9200,1879.3,145.3,140.0,92.5,1483.0,3578.0,27.0,0,
9300,1845.7,201.7,142.1,39.4,723.0,2768.0,27.0,0,
9400,1865.3,217.1,148.7,88.9,731.0,2443.0,2.0,0,
9600,1862.1,185.0,143.6,199.5,815.0,2312.0,2.0,0,
9700,1869.1,45.4,145.1,199.5,459.0,1885.0,24.0,1,
9800,1862.0,21.6,145.1,157.9,459.0,1885.0,24.0,1,
9900,1861.4,18.0,145.3,91.1,459.0,1885.0,24.0,1,
10000,1865.4,17.7,145.2,82.3,459.0,1885.0,24.0,1,
10100,1870.1,15.9,145.0,239.9,459.0,1885.0,24.0,1,
10200,1867.5,16.4,145.0,240.6,459.0,1885.0,24.0,1,
10300,1868.0,17.4,144.8,240.5,459.0,1885.0,24.0,1,
10400,1863.3,14.0,144.8,240.5,459.0,1885.0,24.0,1,
10600,1863.9,14.7,144.8,240.8,459.0,1885.0,24.0,1,
10700,1849.9,68.1,145.7,241.0,771.0,3031.0,6.0,1,
10800,1868.2,226.6,149.5,108.9,498.0,2294.0,23.0,1,
10900,1857.8,189.7,148.7,49.4,1053.0,3131.0,28.0,0,
11000,1870.9,236.9,148.7,83.5,781.0,2684.0,2.0,0,
11100,1874.9,98.2,146.2,166.8,1125.0,3513.0,28.0,0,
11200,1852.5,151.0,145.6,196.9,908.0,2442.0,2.0,0,
11300,1868.0,72.6,145.8,140.4,676.0,2167.0,2.0,0,
11400,1865.3,27.2,145.8,132.0,676.0,2167.0,2.0,0,
11600,1864.6,17.7,145.8,94.0,676.0,2167.0,2.0,0,
11700,1863.7,18.3,145.9,237.8,676.0,2167.0,2.0,0,
11800,1863.7,17.9,146.1,240.6,676.0,2167.0,2.0,0,
11900,1864.0,21.9,146.2,240.7,676.0,2167.0,2.0,0,
12000,1866.9,20.3,146.1,240.3,676.0,2167.0,2.0,0,
12100,1866.7,21.1,146.1,240.1,676.0,2167.0,2.0,0,
12200,1867.7,22.4,146.1,240.3,676.0,2167.0,2.0,0,
12300,1860.6,109.4,148.5,240.5,676.0,2167.0,2.0,0,
12400,1867.7,221.9,160.5,99.0,1031.0,3329.0,27.0,0,
12600,1874.4,171.1,168.6,65.9,997.0,3104.0,28.0,0,
12700,1853.1,218.6,170.6,86.4,1107.0,3462.0,28.0,0,
12800,1858.8,170.2,172.1,99.1,1523.0,3787.0,24.0,1,
12900,1866.4,127.7,173.9,102.9,323.0,1138.0,25.0,0,
13000,1865.8,24.1,173.9,99.8,323.0,1138.0,25.0,0,
13100,1865.4,22.2,173.9,134.0,323.0,1138.0,25.0,0,
13200,1864.7,18.7,173.9,131.2,323.0,1138.0,25.0,0,
13300,1863.4,19.2,173.9,133.1,323.0,1138.0,25.0,0,
13400,1864.4,22.4,173.9,240.4,323.0,1138.0,25.0,0,
13600,1862.8,18.1,174.0,240.4,323.0,1138.0,25.0,0,
13700,1859.7,20.9,173.9,240.5,323.0,1138.0,25.0,0,
13800,1865.8,21.9,173.9,240.7,323.0,1138.0,25.0,0,
13900,1865.4,147.6,173.9,240.9,323.0,1138.0,25.0,0,
14000,1872.2,262.4,175.1,163.6,826.0,3092.0,27.0,0,
14100,1864.8,210.4,171.7,40.0,1188.0,3893.0,24.0,1,
14200,1854.1,179.5,168.7,38.9,858.0,2914.0,28.0,0,
14300,1869.8,182.2,166.8,39.2,882.0,2382.0,28.0,0,
14400,1860.3,153.9,159.9,47.7,1407.0,3353.0,28.0,0,
14600,1856.0,27.7,155.1,101.2,741.0,2277.0,2.0,0,
14700,1860.6,22.5,155.1,89.2,741.0,2277.0,2.0,0,
14800,1865.3,21.9,155.1,42.7,741.0,2277.0,2.0,0,
14900,1863.6,18.5,155.1,89.8,741.0,2277.0,2.0,0,rest_end
15000,1866.3,22.4,155.1,240.5,741.0,2277.0,2.0,0,
15100,1864.7,21.6,155.1,240.5,741.0,2277.0,2.0,0,
15200,1861.9,21.8,155.1,240.6,741.0,2277.0,2.0,0,
15300,1865.6,23.9,155.1,240.6,741.0,2277.0,2.0,0,
15400,1863.1,22.0,155.1,240.7,741.0,2277.0,2.0,0,
15600,1871.9,69.8,141.9,240.5,827.0,3668.0,4.0,1,
15700,1865.1,43.9,131.7,117.2,821.0,3441.0,5.0,1,
15800,1858.3,167.2,116.2,98.9,636.0,2414.0,27.0,0,
15900,1871.4,276.9,121.0,94.1,769.0,2631.0,2.0,0,
16000,1879.0,169.9,128.6,85.7,1392.0,3225.0,27.0,0,
16100,1842.2,149.0,127.8,90.9,787.0,2634.0,2.0,0,
16200,1864.3,38.2,129.6,94.2,476.0,1875.0,22.0,1,
16300,1865.0,21.2,129.6,99.8,476.0,1875.0,22.0,1,
16400,1863.9,21.9,129.6,39.9,476.0,1875.0,22.0,1,
16600,1864.7,18.5,129.6,239.9,476.0,1875.0,22.0,1,
16700,1864.1,20.9,129.6,240.4,476.0,1875.0,22.0,1,
16800,1864.8,19.8,129.5,240.8,476.0,1875.0,22.0,1,
16900,1863.5,21.4,129.6,240.7,476.0,1875.0,22.0,1,
17000,1862.7,20.3,129.5,240.5,476.0,1875.0,22.0,1,
17100,1862.8,21.8,129.5,240.4,476.0,1875.0,22.0,1,
17200,1863.0,79.7,129.6,240.4,756.0,3266.0,5.0,1,
17300,1866.1,180.4,127.3,217.1,809.0,3582.0,5.0,1,
17400,1856.6,263.2,140.5,93.1,642.0,2522.0,27.0,0,
17600,1860.9,122.5,137.1,71.1,1035.0,3068.0,2.0,0,
17700,1856.7,175.7,135.7,115.3,942.0,2902.0,2.0,0,
17800,1871.7,44.5,133.6,155.0,992.0,2574.0,2.0,0,
17900,1865.5,20.5,133.6,153.4,992.0,2574.0,2.0,0,
18000,1862.6,19.2,133.6,188.2,992.0,2574.0,2.0,0,
18100,1862.5,18.9,133.5,250.1,992.0,2574.0,2.0,0,
18200,1861.0,20.6,133.6,240.9,992.0,2574.0,2.0,0,
18300,1866.7,21.5,133.6,240.5,992.0,2574.0,2.0,0,
18400,1866.2,17.8,133.6,240.6,992.0,2574.0,2.0,0,
18600,1865.6,22.6,133.6,240.5,992.0,2574.0,2.0,0,
18700,1864.3,16.6,133.6,240.7,992.0,2574.0,2.0,0,
18800,1860.2,147.1,137.4,240.6,659.0,2877.0,2.0,0,
18900,1880.9,47.8,136.1,92.7,599.0,2591.0,6.0,1,
19000,1852.5,179.7,134.1,71.4,652.0,2599.0,28.0,0,
19100,1860.4,185.8,127.7,73.0,485.0,2200.0,24.0,1,
19200,1869.0,252.9,133.8,101.7,592.0,2322.0,26.0,0,
19300,1855.3,259.9,138.8,136.6,905.0,2844.0,27.0,0,
19400,1865.6,96.5,144.4,245.7,484.0,1909.0,26.0,0,
19600,1862.9,22.0,144.4,178.7,484.0,1909.0,26.0,0,
19700,1862.3,19.8,144.5,144.0,484.0,1909.0,26.0,0,
19800,1866.9,20.6,144.3,235.6,484.0,1909.0,26.0,0,
19900,1863.1,21.0,144.4,240.3,484.0,1909.0,26.0,0,
20000,1865.9,18.7,144.4,240.4,484.0,1909.0,26.0,0,
20100,1865.0,21.7,144.3,240.5,484.0,1909.0,26.0,0,
20200,1865.1,18.4,144.3,240.5,484.0,1909.0,26.0,0,
20300,1865.1,21.1,144.3,240.4,484.0,1909.0,26.0,0,
20400,1878.9,148.4,144.0,240.5,484.0,1909.0,26.0,0,
20600,1862.0,240.7,149.6,69.7,1565.0,3504.0,26.0,0,
20700,1865.1,251.1,152.8,66.6,497.0,2103.0,19.0,1,
20800,1861.5,249.4,151.6,73.2,833.0,2942.0,2.0,0,
20900,1870.9,205.6,151.2,167.9,1165.0,3218.0,28.0,0,
21000,1852.7,154.1,151.3,199.6,906.0,2358.0,2.0,0,
21100,1864.4,26.7,151.0,198.5,906.0,2358.0,2.0,0,
21200,1859.8,18.7,151.1,93.6,906.0,2358.0,2.0,0,
21300,1865.8,20.3,151.0,36.1,906.0,2358.0,2.0,0,
21400,1865.4,20.0,151.0,73.0,906.0,2358.0,2.0,0,
21600,1865.0,22.5,151.0,240.5,906.0,2358.0,2.0,0,
21700,1863.4,20.3,151.1,240.5,906.0,2358.0,2.0,0,
21800,1865.7,22.9,151.1,240.7,906.0,2358.0,2.0,0,
21900,1865.6,22.7,151.0,240.9,906.0,2358.0,2.0,0,
22000,1863.1,17.6,151.1,241.1,906.0,2358.0,2.0,0,
22100,1867.3,107.5,145.2,240.8,674.0,3080.0,5.0,1,
22200,1865.5,33.8,139.7,149.8,739.0,3244.0,5.0,1,
22300,1868.1,218.8,132.3,93.8,459.0,2230.0,28.0,0,
22400,1861.3,206.1,136.9,88.3,860.0,2850.0,2.0,0,
22600,1855.1,211.4,140.4,94.4,718.0,2706.0,27.0,0,
22700,1867.4,29.3,139.0,206.1,1082.0,2828.0,2.0,0,
22800,1862.2,21.4,139.0,122.5,1082.0,2828.0,2.0,0,
22900,1861.2,20.8,139.0,38.5,1082.0,2828.0,2.0,0,
23000,1863.0,20.4,139.1,94.7,1082.0,2828.0,2.0,0,
23100,1862.0,18.8,139.1,240.3,1082.0,2828.0,2.0,0,
23200,1864.7,20.9,139.1,240.6,1082.0,2828.0,2.0,0,
23300,1866.6,24.0,139.1,240.7,1082.0,2828.0,2.0,0,
23400,1864.2,20.3,139.1,240.7,1082.0,2828.0,2.0,0,
23600,1864.4,16.6,139.1,240.5,1082.0,2828.0,2.0,0,
23700,1862.6,102.4,141.4,240.1,742.0,3587.0,7.0,1,
23800,1883.6,145.9,142.7,99.3,864.0,3694.0,5.0,1,
23900,1842.0,212.2,148.1,88.8,1389.0,3500.0,27.0,0,
24000,1864.1,209.0,147.8,73.8,506.0,2421.0,25.0,0,
24100,1870.3,204.1,140.7,89.9,1080.0,3090.0,2.0,0,
24200,1855.8,151.0,136.0,145.8,923.0,2912.0,2.0,0,
24300,1874.0,31.8,134.0,137.0,1012.0,2808.0,2.0,0,
24400,1864.8,25.0,134.0,131.9,1012.0,2808.0,2.0,0,
24600,1863.8,23.5,134.0,285.0,1012.0,2808.0,2.0,0,
24700,1864.3,19.1,134.0,240.7,1012.0,2808.0,2.0,0,
24800,1863.8,19.6,134.0,240.6,1012.0,2808.0,2.0,0,
24900,1864.2,21.2,134.0,240.5,1012.0,2808.0,2.0,0,
25000,1863.8,20.3,134.1,240.5,1012.0,2808.0,2.0,0,
25100,1866.2,20.4,134.1,240.5,1012.0,2808.0,2.0,0,
25200,1866.6,20.1,134.0,240.4,1012.0,2808.0,2.0,0,
25300,1868.5,113.2,138.0,239.9,703.0,2966.0,28.0,0,
25400,1860.0,131.9,139.0,75.1,627.0,3020.0,4.0,1,
25600,1862.3,215.2,129.8,75.1,1051.0,2970.0,2.0,0,
25700,1871.6,229.1,131.2,94.3,890.0,3095.0,2.0,0,
25800,1857.8,148.7,133.8,136.8,1202.0,3490.0,28.0,0,
25900,1865.0,37.5,132.4,103.0,992.0,3030.0,2.0,0,
26000,1862.9,23.0,132.4,100.5,992.0,3030.0,2.0,0,
26100,1863.9,21.8,132.3,168.0,992.0,3030.0,2.0,0,
26200,1867.2,21.4,132.3,241.1,992.0,3030.0,2.0,0,
26300,1864.7,20.2,132.2,240.7,992.0,3030.0,2.0,0,
26400,1863.4,20.5,132.2,240.4,992.0,3030.0,2.0,0,
26600,1862.5,18.9,132.3,240.1,992.0,3030.0,2.0,0,
26700,1863.7,19.6,132.3,240.4,992.0,3030.0,2.0,0,
26800,1863.3,18.1,132.4,240.6,992.0,3030.0,2.0,0,
26900,1863.8,170.4,132.4,240.4,957.0,3053.0,25.0,0,
27000,1863.7,162.9,132.0,106.3,792.0,3441.0,6.0,1,
27100,1870.2,98.8,132.6,74.6,1069.0,4064.0,2.0,0,
27200,1870.4,162.5,135.8,75.1,939.0,3067.0,2.0,0,
27300,1850.8,150.6,130.5,78.0,863.0,2822.0,2.0,0,
27400,1865.0,162.4,125.3,125.4,947.0,2938.0,2.0,0,
27600,1862.3,24.7,130.3,137.3,947.0,2938.0,2.0,0,
27700,1864.1,19.5,130.3,131.9,947.0,2938.0,2.0,0,
27800,1865.8,23.1,130.3,81.0,947.0,2938.0,2.0,0,
27900,1865.0,21.5,130.4,136.9,947.0,2938.0,2.0,0,
28000,1862.5,19.4,130.4,240.2,947.0,2938.0,2.0,0,
28100,1860.6,19.6,130.4,240.4,947.0,2938.0,2.0,0,
28200,1862.0,19.9,130.4,240.5,947.0,2938.0,2.0,0,
28300,1864.4,17.6,130.4,240.6,947.0,2938.0,2.0,0,
28400,1864.2,18.6,130.3,241.0,947.0,2938.0,2.0,0,
28600,1862.3,194.4,129.0,239.3,789.0,2740.0,2.0,0,
28700,1877.8,84.5,124.6,35.8,867.0,3745.0,4.0,1,
28800,1846.3,167.4,123.9,43.8,1458.0,4024.0,28.0,0,
28900,1865.2,184.8,126.9,53.2,966.0,2740.0,2.0,0,
29000,1870.8,82.1,126.8,72.6,1139.0,3206.0,2.0,0,
29100,1862.2,149.9,125.3,102.6,1020.0,3375.0,28.0,0,
29200,1861.6,26.0,122.2,133.0,1040.0,2813.0,2.0,0,
29300,1864.6,20.4,122.2,135.1,1040.0,2813.0,2.0,0,
29400,1862.5,21.3,122.2,130.0,1040.0,2813.0,2.0,0,
29600,1867.8,22.9,122.1,240.3,1040.0,2813.0,2.0,0,
29700,1861.9,18.5,122.1,240.5,1040.0,2813.0,2.0,0,
29800,1862.3,20.6,122.1,240.7,1040.0,2813.0,2.0,0,
29900,1862.4,20.0,122.1,240.5,1040.0,2813.0,2.0,0,
30000,1860.9,20.5,122.2,240.5,1040.0,2813.0,2.0,0,
30100,1863.4,19.8,122.2,240.4,1040.0,2813.0,2.0,0,
30200,1864.6,169.5,122.4,239.7,739.0,3677.0,4.0,1,
30300,1862.6,90.7,120.7,91.2,887.0,3921.0,5.0,1,
30400,1861.3,146.6,121.2,78.2,1332.0,4066.0,28.0,0,
30600,1883.2,113.2,126.1,87.6,841.0,2972.0,2.0,0,
30700,1850.3,173.0,129.6,113.4,1140.0,3684.0,2.0,0,
30800,1864.9,30.9,128.9,144.0,1031.0,3225.0,2.0,0,
30900,1863.8,20.5,128.9,157.4,1031.0,3225.0,2.0,0,
31000,1864.1,18.2,128.9,198.8,1031.0,3225.0,2.0,0,
31100,1865.1,19.6,128.9,240.4,1031.0,3225.0,2.0,0,
31200,1860.2,19.8,129.0,240.4,1031.0,3225.0,2.0,0,
31300,1862.8,20.4,129.0,240.5,1031.0,3225.0,2.0,0,
31400,1863.4,20.3,129.0,240.6,1031.0,3225.0,2.0,0,
31600,1864.7,18.9,128.9,240.5,1031.0,3225.0,2.0,0,
31700,1865.3,22.2,128.8,240.4,1031.0,3225.0,2.0,0,
31800,1861.2,101.8,134.0,239.7,650.0,2568.0,28.0,0,
31900,1867.3,131.9,125.5,71.3,921.0,3777.0,3.0,1,
32000,1865.2,101.7,127.2,69.0,1028.0,3660.0,28.0,0,
32100,1866.8,180.2,128.2,70.9,939.0,2720.0,2.0,0,
32200,1859.7,168.9,126.3,123.7,834.0,2784.0,2.0,0,
32300,1863.1,142.9,125.6,104.1,1095.0,3219.0,2.0,0,
32400,1863.2,33.0,122.7,132.6,1123.0,3365.0,2.0,0,
32600,1866.5,19.4,122.6,158.8,1123.0,3365.0,2.0,0,
32700,1860.6,19.5,122.7,239.2,1123.0,3365.0,2.0,0,
32800,1864.2,18.6,122.6,240.6,1123.0,3365.0,2.0,0,
32900,1860.4,17.2,122.6,240.4,1123.0,3365.0,2.0,0,
33000,1865.5,23.1,122.6,240.1,1123.0,3365.0,2.0,0,
33100,1861.9,22.0,122.6,240.5,1123.0,3365.0,2.0,0,
33200,1866.4,22.3,122.7,240.8,1123.0,3365.0,2.0,0,
33300,1862.7,19.1,122.7,240.6,1123.0,3365.0,2.0,0,
33400,1863.7,175.3,122.2,240.2,1040.0,3436.0,26.0,0,
33600,1862.6,115.7,135.0,53.2,1124.0,4041.0,2.0,0,
33700,1853.1,179.5,131.4,48.3,1520.0,4278.0,28.0,0,
33800,1869.3,236.7,138.0,47.4,954.0,2917.0,2.0,0,
33900,1869.7,106.5,138.4,135.2,1094.0,3501.0,2.0,0,
34000,1856.7,87.3,143.1,135.5,1055.0,3071.0,2.0,0,
34100,1862.5,23.6,143.2,135.4,1055.0,3071.0,2.0,0,
34200,1862.4,18.0,143.2,92.0,1055.0,3071.0,2.0,0,
34300,1861.4,17.9,143.2,40.5,1055.0,3071.0,2.0,0,
34400,1864.3,17.9,143.2,94.6,1055.0,3071.0,2.0,0,
34600,1863.9,18.8,143.1,240.5,1055.0,3071.0,2.0,0,
34700,1861.2,18.0,143.1,240.7,1055.0,3071.0,2.0,0,
34800,1863.7,18.2,143.1,241.3,1055.0,3071.0,2.0,0,
34900,1861.5,19.0,143.1,241.2,1055.0,3071.0,2.0,0,
35000,1891.1,19.7,141.6,240.4,1055.0,3071.0,2.0,0,
35100,1843.9,150.3,138.1,240.0,805.0,3799.0,5.0,1,
35200,1867.0,105.9,133.3,76.8,930.0,3220.0,2.0,0,
35300,1858.5,187.7,134.8,66.9,1491.0,4409.0,28.0,0,
35400,1859.3,201.0,132.3,85.3,996.0,3115.0,2.0,0,
35600,1851.2,127.6,125.1,136.5,1057.0,2933.0,2.0,0,
35700,1864.8,24.6,124.7,170.7,1057.0,2933.0,2.0,0,
35800,1861.0,18.6,124.7,155.0,1057.0,2933.0,2.0,0,
35900,1861.3,20.3,124.7,82.2,1057.0,2933.0,2.0,0,
36000,1865.7,21.4,124.7,163.5,1057.0,2933.0,2.0,0,
36100,1864.2,16.8,124.7,240.3,1057.0,2933.0,2.0,0,
36200,1864.7,19.2,124.7,240.6,1057.0,2933.0,2.0,0,
36300,1864.6,20.5,124.7,240.6,1057.0,2933.0,2.0,0,
36400,1861.0,19.5,124.7,240.5,1057.0,2933.0,2.0,0,
36600,1863.2,39.4,124.7,240.6,1057.0,2933.0,2.0,0,
36700,1851.9,161.9,128.0,240.3,810.0,3415.0,2.0,0,
36800,1869.3,64.5,121.2,133.6,1079.0,3848.0,2.0,0,
36900,1877.7,131.9,124.8,154.0,1277.0,3776.0,28.0,0,
37000,1852.0,132.4,119.6,216.7,1066.0,3218.0,2.0,0,
37100,1858.6,120.7,114.9,226.6,1022.0,3119.0,2.0,0,
37200,1864.6,164.9,121.1,205.2,1019.0,3315.0,2.0,0,
37300,1865.9,25.5,120.0,134.1,1072.0,3085.0,2.0,0,
37400,1864.9,19.2,120.0,133.9,1072.0,3085.0,2.0,0,
37600,1865.6,18.6,120.0,241.1,1072.0,3085.0,2.0,0,
37700,1863.2,21.9,120.0,240.4,1072.0,3085.0,2.0,0,
37800,1864.0,19.6,120.0,240.2,1072.0,3085.0,2.0,0,
37900,1863.4,17.5,120.0,240.1,1072.0,3085.0,2.0,0,
38000,1863.6,20.3,119.9,240.3,1072.0,3085.0,2.0,0,
38100,1865.9,22.2,119.9,240.5,1072.0,3085.0,2.0,0,
38200,1864.6,18.4,119.9,240.6,1072.0,3085.0,2.0,0,
38300,1863.6,229.4,126.0,240.1,1219.0,3692.0,27.0,0,
38400,1877.2,210.9,130.8,86.7,1068.0,3878.0,2.0,0,
38600,1854.9,188.7,138.2,93.9,1180.0,3739.0,28.0,0,
38700,1862.5,170.0,136.8,135.2,1124.0,3501.0,2.0,0,
38800,1866.1,98.8,138.4,177.8,1182.0,3345.0,2.0,0,
38900,1864.6,42.5,139.8,152.0,962.0,2917.0,2.0,0,
39000,1865.7,21.1,139.7,150.2,962.0,2917.0,2.0,0,
39100,1866.0,20.1,139.7,137.2,962.0,2917.0,2.0,0,
39200,1863.2,22.0,139.7,103.2,962.0,2917.0,2.0,0,
39300,1862.3,19.0,139.7,239.4,962.0,2917.0,2.0,0,
39400,1865.2,18.5,139.7,240.3,962.0,2917.0,2.0,0,
39600,1864.6,20.3,139.7,240.3,962.0,2917.0,2.0,0,
39700,1861.5,19.1,139.8,240.5,962.0,2917.0,2.0,0,
39800,1863.9,21.7,139.7,240.4,962.0,2917.0,2.0,0,
39900,1878.2,36.8,137.7,240.2,807.0,4096.0,4.0,1,
40000,1841.7,50.4,123.8,237.3,1107.0,4943.0,5.0,1,
40100,1873.4,31.3,109.1,29.3,1045.0,4333.0,5.0,1,
40200,1857.2,196.0,108.8,27.6,1598.0,4682.0,28.0,0,
40300,1871.0,164.8,108.8,44.1,1198.0,3680.0,2.0,0,
40400,1871.1,75.7,107.6,102.3,1261.0,3619.0,2.0,0,
40600,1862.9,23.4,105.8,206.4,1261.0,3619.0,2.0,0,
40700,1863.3,19.0,105.9,163.6,1261.0,3619.0,2.0,0,
40800,1863.2,19.5,105.8,86.4,1261.0,3619.0,2.0,0,
40900,1866.5,19.4,105.8,237.5,1261.0,3619.0,2.0,0,
41000,1866.3,19.8,105.8,240.8,1261.0,3619.0,2.0,0,
41100,1864.1,21.3,105.7,240.6,1261.0,3619.0,2.0,0,
41200,1866.7,23.3,105.7,240.4,1261.0,3619.0,2.0,0,
41300,1866.5,19.1,105.7,240.4,1261.0,3619.0,2.0,0,
41400,1863.5,23.5,105.7,240.3,1261.0,3619.0,2.0,0,
41600,1852.4,175.2,112.1,237.2,1002.0,3550.0,2.0,0,
41700,1871.1,212.9,119.9,49.9,980.0,3639.0,2.0,0,
41800,1888.5,162.0,130.4,106.2,1533.0,3970.0,28.0,0,
41900,1836.3,161.0,128.6,154.3,1069.0,3272.0,2.0,0,
42000,1861.4,92.0,126.7,134.4,1093.0,3394.0,2.0,0,
42100,1863.4,98.4,129.0,115.1,1118.0,2998.0,2.0,0,
42200,1864.7,24.5,129.0,122.2,1118.0,2998.0,2.0,0,
42300,1864.0,23.2,129.0,133.2,1118.0,2998.0,2.0,0,
42400,1864.4,18.1,129.1,100.1,1118.0,2998.0,2.0,0,
42600,1864.6,19.5,129.1,240.3,1118.0,2998.0,2.0,0,
42700,1864.2,20.8,129.1,240.7,1118.0,2998.0,2.0,0,
42800,1864.6,19.6,129.1,240.8,1118.0,2998.0,2.0,0,
42900,1864.2,20.6,129.1,240.6,1118.0,2998.0,2.0,0,
43000,1862.5,20.6,129.2,240.6,1118.0,2998.0,2.0,0,
43100,1863.9,55.9,129.2,240.8,1118.0,2998.0,2.0,0,
43200,1858.9,216.7,128.5,240.3,753.0,3047.0,3.0,1,
43300,1878.5,213.5,139.9,152.5,1144.0,3317.0,2.0,0,
43400,1857.5,123.6,138.2,154.8,1089.0,3426.0,2.0,0,
43600,1867.3,178.5,136.4,185.3,1182.0,3502.0,2.0,0,
43700,1866.3,143.1,140.1,201.3,1074.0,3849.0,28.0,0,
43800,1863.5,24.6,138.9,199.1,1120.0,3364.0,2.0,0,
43900,1864.3,20.1,138.8,197.0,1120.0,3364.0,2.0,0,
44000,1862.8,17.4,138.8,233.2,1120.0,3364.0,2.0,0,
44100,1864.0,19.9,138.8,254.6,1120.0,3364.0,2.0,0,
44200,1863.9,15.2,138.8,240.6,1120.0,3364.0,2.0,0,
44300,1861.3,18.8,138.8,240.4,1120.0,3364.0,2.0,0,
44400,1867.1,21.1,138.8,240.2,1120.0,3364.0,2.0,0,
44600,1864.4,19.8,138.7,240.5,1120.0,3364.0,2.0,0,
44700,1864.6,20.5,138.7,240.5,1120.0,3364.0,2.0,0,
44800,1867.3,136.9,140.5,240.1,761.0,3322.0,2.0,0,
44900,1856.5,180.3,132.6,155.2,1019.0,3331.0,2.0,0,
45000,1871.1,119.2,131.8,201.9,1097.0,3353.0,2.0,0,
45100,1851.3,180.4,129.1,189.2,1071.0,3898.0,2.0,0,
45200,1886.0,65.5,128.6,157.4,1138.0,3487.0,2.0,0,
45300,1852.4,138.9,128.9,202.5,1114.0,3156.0,2.0,0,
45400,1858.1,26.8,127.4,226.2,1140.0,3300.0,2.0,0,
45600,1865.3,20.1,127.5,164.6,1140.0,3300.0,2.0,0,
45700,1865.2,18.2,127.5,237.7,1140.0,3300.0,2.0,0,
45800,1863.1,16.4,127.5,240.3,1140.0,3300.0,2.0,0,
45900,1864.8,20.0,127.5,240.1,1140.0,3300.0,2.0,0,
46000,1862.9,18.3,127.5,240.1,1140.0,3300.0,2.0,0,
46100,1863.0,20.9,127.5,240.2,1140.0,3300.0,2.0,0,
46200,1861.9,19.5,127.5,240.3,1140.0,3300.0,2.0,0,
46300,1864.3,16.4,127.5,240.2,1140.0,3300.0,2.0,0,
46400,1866.8,98.4,134.8,238.1,1188.0,3417.0,26.0,0,
46600,1864.5,78.8,123.0,73.2,1109.0,3611.0,2.0,0,
46700,1880.7,153.8,129.2,79.3,1453.0,4119.0,28.0,0,
46800,1843.6,161.8,126.3,136.2,1065.0,3085.0,2.0,0,
46900,1871.3,109.0,125.8,149.4,1088.0,3264.0,2.0,0,
47000,1860.2,50.6,128.9,154.5,952.0,2761.0,2.0,0,
47100,1863.8,20.9,128.9,158.3,952.0,2761.0,2.0,0,
47200,1861.9,19.6,128.9,135.1,952.0,2761.0,2.0,0,
47300,1864.1,20.1,128.9,87.2,952.0,2761.0,2.0,0,
47400,1864.8,21.0,128.9,237.5,952.0,2761.0,2.0,0,
47600,1864.6,20.4,129.0,240.9,952.0,2761.0,2.0,0,
47700,1864.0,18.2,128.9,240.6,952.0,2761.0,2.0,0,
47800,1863.0,18.7,128.9,240.7,952.0,2761.0,2.0,0,
47900,1862.4,18.9,128.9,240.7,952.0,2761.0,2.0,0,
48000,1867.6,22.8,123.2,240.1,774.0,4078.0,6.0,1,
48100,1867.4,75.8,120.1,240.1,664.0,3467.0,4.0,1,
48200,1864.3,22.7,110.0,117.9,860.0,3987.0,4.0,1,
48300,1855.5,86.1,96.5,94.4,842.0,3660.0,5.0,1,
48400,1855.1,106.5,90.9,88.2,1029.0,4075.0,4.0,1,
48600,1860.6,74.7,88.0,45.0,1062.0,3059.0,2.0,0,
48700,1865.4,22.9,88.0,100.1,1062.0,3059.0,2.0,0,
48800,1865.7,19.7,87.9,93.4,1062.0,3059.0,2.0,0,
48900,1865.3,21.8,87.9,94.1,1062.0,3059.0,2.0,0,
49000,1863.2,17.6,87.9,238.4,1062.0,3059.0,2.0,0,
49100,1865.5,21.6,87.8,240.3,1062.0,3059.0,2.0,0,
49200,1866.3,20.8,87.8,240.7,1062.0,3059.0,2.0,0,
49300,1866.5,22.1,87.8,240.8,1062.0,3059.0,2.0,0,
49400,1866.2,21.0,87.9,240.5,1062.0,3059.0,2.0,0,
49600,1882.1,19.3,87.9,240.8,1062.0,3059.0,2.0,0,
49700,1838.0,134.0,90.7,240.6,1155.0,3906.0,28.0,0,
49800,1873.7,143.5,100.8,237.1,1059.0,3337.0,2.0,0,
49900,1868.8,144.5,117.9,230.1,1159.0,3695.0,2.0,0,
50000,1857.0,173.9,121.3,204.9,1144.0,3651.0,2.0,0,
50100,1881.6,65.1,124.1,134.9,1179.0,3311.0,2.0,0,
50200,1857.3,134.7,124.5,134.1,1038.0,2582.0,2.0,0,
50300,1863.9,25.8,124.6,163.3,1038.0,2582.0,2.0,0,
50400,1861.8,21.7,124.6,158.0,1038.0,2582.0,2.0,0,
50600,1867.7,23.3,124.6,237.5,1038.0,2582.0,2.0,0,
50700,1866.2,20.5,124.6,240.4,1038.0,2582.0,2.0,0,
50800,1867.5,21.6,124.6,240.3,1038.0,2582.0,2.0,0,
50900,1866.2,20.9,124.7,240.5,1038.0,2582.0,2.0,0,
51000,1865.4,21.1,124.6,240.5,1038.0,2582.0,2.0,0,
51100,1866.2,16.2,124.6,240.4,1038.0,2582.0,2.0,0,
51200,1863.8,21.8,124.6,240.5,1038.0,2582.0,2.0,0,
51300,1852.1,162.8,127.7,240.3,1208.0,3746.0,28.0,0,
51400,1870.5,106.2,125.8,154.5,1067.0,3436.0,2.0,0,
51600,1847.8,136.6,121.6,195.3,956.0,2871.0,2.0,0,
51700,1857.5,111.5,120.6,173.9,914.0,2404.0,2.0,0,
51800,1867.7,149.9,126.1,157.6,859.0,2273.0,2.0,0,
51900,1865.0,28.7,123.5,135.0,913.0,2434.0,2.0,0,
52000,1863.9,21.0,123.5,158.7,913.0,2434.0,2.0,0,
52100,1864.7,19.2,123.5,231.4,913.0,2434.0,2.0,0,
52200,1865.4,21.0,123.5,240.0,913.0,2434.0,2.0,0,
52300,1865.9,18.7,123.5,240.4,913.0,2434.0,2.0,0,
52400,1863.2,16.1,123.5,240.5,913.0,2434.0,2.0,0,
52600,1865.6,21.6,123.5,240.4,913.0,2434.0,2.0,0,
52700,1861.8,18.3,123.5,240.7,913.0,2434.0,2.0,0,
52800,1866.8,23.9,123.5,240.9,913.0,2434.0,2.0,0,
52900,1866.9,68.4,126.3,240.6,702.0,3755.0,4.0,1,
53000,1871.7,32.4,114.6,78.8,902.0,4063.0,3.0,1,
53100,1855.7,127.9,115.1,30.2,944.0,3101.0,2.0,0,
53200,1855.9,195.1,120.7,41.1,1195.0,3377.0,28.0,0,
53300,1865.4,187.2,118.6,150.7,957.0,2890.0,2.0,0,
53400,1860.4,126.3,120.9,195.8,935.0,3271.0,2.0,0,
53600,1861.2,20.5,125.1,158.6,935.0,3271.0,2.0,0,
53700,1863.5,19.4,125.1,139.0,935.0,3271.0,2.0,0,
53800,1865.5,17.3,125.1,104.2,935.0,3271.0,2.0,0,
53900,1864.3,22.2,125.1,238.6,935.0,3271.0,2.0,0,
54000,1864.9,19.5,125.1,240.4,935.0,3271.0,2.0,0,
54100,1865.8,21.5,125.1,240.2,935.0,3271.0,2.0,0,
54200,1863.8,19.7,125.1,240.3,935.0,3271.0,2.0,0,
54300,1862.5,21.6,125.1,240.4,935.0,3271.0,2.0,0,
54400,1867.3,20.4,125.1,240.6,935.0,3271.0,2.0,0,
54600,1847.7,64.9,128.8,77.4,756.0,3518.0,3.0,1,
54700,1876.2,119.3,133.6,71.6,900.0,2909.0,2.0,0,
54800,1854.1,215.6,134.9,76.6,1227.0,3649.0,28.0,0,
54900,1865.5,184.6,134.0,197.2,881.0,2775.0,2.0,0,
55000,1874.2,126.7,137.0,176.8,971.0,3091.0,28.0,0,
55100,1851.5,61.4,135.8,165.7,791.0,2316.0,2.0,0,
55200,1861.4,20.5,135.9,198.9,791.0,2316.0,2.0,0,
55300,1865.9,20.3,135.8,166.0,791.0,2316.0,2.0,0,
55400,1864.2,23.0,135.8,100.5,791.0,2316.0,2.0,0,
55600,1862.1,18.8,135.9,240.0,791.0,2316.0,2.0,0,
55700,1866.6,19.8,136.0,240.4,791.0,2316.0,2.0,0,
55800,1865.8,20.5,135.9,240.7,791.0,2316.0,2.0,0,
55900,1865.6,21.6,135.9,240.7,791.0,2316.0,2.0,0,
56000,1863.2,20.2,135.9,240.7,791.0,2316.0,2.0,0,
56100,1865.9,22.0,133.5,240.3,734.0,3950.0,6.0,1,
56200,1857.0,103.7,129.3,239.9,694.0,3357.0,5.0,1,
56300,1875.2,99.7,130.6,216.9,944.0,3719.0,2.0,0,
56400,1881.6,174.8,133.1,221.3,1373.0,3581.0,28.0,0,
56600,1865.5,109.3,127.4,198.9,956.0,2750.0,2.0,0,
56700,1859.6,96.5,125.3,198.9,843.0,2298.0,2.0,0,
56800,1863.1,23.0,125.3,196.5,843.0,2298.0,2.0,0,
56900,1862.9,18.7,125.3,134.2,843.0,2298.0,2.0,0,
57000,1865.8,19.0,125.3,67.7,843.0,2298.0,2.0,0,
57100,1864.0,21.8,125.3,106.6,843.0,2298.0,2.0,0,
57200,1863.2,22.8,125.3,240.2,843.0,2298.0,2.0,0,
57300,1865.2,21.3,125.3,240.2,843.0,2298.0,2.0,0,
57400,1865.0,22.7,125.3,240.5,843.0,2298.0,2.0,0,
57600,1865.4,20.9,125.4,240.6,843.0,2298.0,2.0,0,
57700,1865.4,17.2,125.3,240.5,843.0,2298.0,2.0,0,
57800,1853.3,160.9,126.1,240.4,789.0,3850.0,5.0,1,
57900,1887.3,36.9,124.9,144.3,840.0,3949.0,4.0,1,
58000,1856.4,173.6,121.1,100.3,1156.0,3766.0,28.0,0,
58100,1856.4,137.0,118.3,103.4,944.0,2949.0,2.0,0,
58200,1871.6,104.2,115.6,165.5,984.0,3026.0,2.0,0,
58300,1863.9,171.5,121.1,226.3,1352.0,3434.0,28.0,0,
58400,1861.3,26.8,120.1,168.8,920.0,2493.0,2.0,0,
58600,1866.6,20.6,120.2,215.9,920.0,2493.0,2.0,0,
58700,1861.9,19.5,120.2,252.4,920.0,2493.0,2.0,0,
58800,1864.4,19.3,120.1,241.1,920.0,2493.0,2.0,0,
58900,1861.0,18.5,120.2,240.7,920.0,2493.0,2.0,0,
59000,1861.5,17.6,120.2,240.7,920.0,2493.0,2.0,0,
59100,1863.9,20.6,120.1,240.9,920.0,2493.0,2.0,0,
59200,1860.9,17.0,120.2,240.8,920.0,2493.0,2.0,0,
59300,1863.3,19.5,120.2,240.5,920.0,2493.0,2.0,0,
59400,1858.0,81.2,122.8,240.0,720.0,3687.0,5.0,1,
59600,1865.6,159.3,121.6,75.0,930.0,3523.0,2.0,0,
59700,1856.6,225.0,127.8,72.8,917.0,2900.0,2.0,0,
59800,1880.6,193.6,127.0,99.3,988.0,3074.0,2.0,0,
59900,1854.3,175.9,132.6,135.0,1008.0,3122.0,2.0,0,
60000,1861.8,29.8,130.2,154.3,934.0,2948.0,2.0,0,
60100,1864.6,18.7,130.2,134.8,934.0,2948.0,2.0,0,
60200,1864.3,22.2,130.2,158.4,934.0,2948.0,2.0,0,
60300,1864.0,22.2,130.2,240.0,934.0,2948.0,2.0,0,
60400,1865.3,21.8,130.3,240.6,934.0,2948.0,2.0,0,
60600,1860.7,21.0,130.2,240.2,934.0,2948.0,2.0,0,
60700,1863.9,18.5,130.3,240.4,934.0,2948.0,2.0,0,
60800,1858.4,18.5,130.3,240.3,934.0,2948.0,2.0,0,
60900,1861.8,17.4,130.3,240.3,934.0,2948.0,2.0,0,
61000,1857.0,221.4,136.0,240.2,1262.0,3657.0,25.0,0,
61100,1868.4,245.2,149.9,91.0,1039.0,3098.0,2.0,0,
61200,1864.9,125.5,154.3,85.8,874.0,3376.0,2.0,0,
61300,1868.4,147.1,151.2,110.0,910.0,3032.0,2.0,0,
61400,1855.8,103.7,150.5,168.9,974.0,3326.0,2.0,0,
61600,1860.5,29.1,144.8,150.0,1097.0,3014.0,2.0,0,
61700,1860.6,17.9,144.8,152.6,1097.0,3014.0,2.0,0,
61800,1861.3,19.9,144.8,199.9,1097.0,3014.0,2.0,0,
61900,1862.9,15.7,144.8,233.0,1097.0,3014.0,2.0,0,
62000,1862.4,19.4,144.8,240.8,1097.0,3014.0,2.0,0,
62100,1864.2,19.0,144.8,240.9,1097.0,3014.0,2.0,0,
62200,1863.1,21.6,144.8,240.6,1097.0,3014.0,2.0,0,
62300,1863.6,19.9,144.8,240.4,1097.0,3014.0,2.0,0,
62400,1862.7,17.5,144.7,240.5,1097.0,3014.0,2.0,0,
62600,1863.1,260.5,149.1,240.5,1254.0,3642.0,25.0,0,
62700,1876.5,168.0,148.1,87.0,1019.0,3502.0,2.0,0,
62800,1864.9,103.6,146.7,93.1,913.0,3273.0,2.0,0,
62900,1850.0,49.8,141.2,100.7,997.0,4228.0,3.0,1,
63000,1865.9,48.0,134.6,103.2,1074.0,4346.0,4.0,1,
63100,1869.8,133.1,133.1,94.5,1115.0,3317.0,2.0,0,
63200,1853.2,73.5,134.9,44.6,865.0,2688.0,2.0,0,
63300,1861.1,22.2,134.9,105.5,865.0,2688.0,2.0,0,
63400,1864.6,20.1,134.8,132.4,865.0,2688.0,2.0,0,
63600,1864.7,17.0,134.9,155.5,865.0,2688.0,2.0,0,
63700,1865.6,17.2,134.8,240.7,865.0,2688.0,2.0,0,
63800,1864.5,19.7,134.8,240.8,865.0,2688.0,2.0,0,
63900,1865.2,19.6,134.7,240.7,865.0,2688.0,2.0,0,
64000,1862.9,20.7,134.7,240.6,865.0,2688.0,2.0,0,
64100,1864.9,19.0,134.8,240.3,865.0,2688.0,2.0,0,
64200,1883.4,19.0,133.2,240.0,865.0,2688.0,2.0,0,
64300,1844.9,42.2,104.6,240.2,874.0,4310.0,5.0,1,
64400,1868.1,92.2,99.6,237.9,924.0,2987.0,2.0,0,
64600,1858.3,188.8,108.9,230.0,1002.0,2881.0,2.0,0,
64700,1885.2,130.5,118.1,206.4,1008.0,3090.0,2.0,0,
64800,1849.8,74.6,114.4,154.7,961.0,3443.0,3.0,1,
64900,1865.7,19.4,113.3,134.8,961.0,3443.0,3.0,1,
65000,1864.5,16.7,113.3,92.6,961.0,3443.0,3.0,1,
65100,1861.3,18.8,113.3,75.7,961.0,3443.0,3.0,1,
65200,1864.4,18.6,113.2,221.3,961.0,3443.0,3.0,1,
65300,1863.7,18.3,113.3,240.6,961.0,3443.0,3.0,1,
65400,1865.8,18.3,113.3,240.8,961.0,3443.0,3.0,1,
65600,1860.3,21.5,113.3,240.9,961.0,3443.0,3.0,1,
65700,1866.7,16.9,113.2,240.5,961.0,3443.0,3.0,1,
65800,1866.4,71.4,113.2,240.4,961.0,3443.0,3.0,1,
65900,1855.3,92.0,117.1,207.8,742.0,3829.0,4.0,1,
66000,1874.7,222.1,119.7,43.9,844.0,3074.0,2.0,0,
66100,1873.6,168.0,130.7,108.3,1270.0,3832.0,28.0,0,
66200,1851.6,140.2,126.7,165.7,990.0,3130.0,2.0,0,
66300,1862.9,120.7,124.2,157.5,1012.0,2972.0,2.0,0,
66400,1857.5,179.8,126.4,199.1,1386.0,3489.0,28.0,0,
66600,1864.0,20.3,130.1,203.6,1386.0,3489.0,28.0,0,
66700,1864.5,17.9,130.1,237.8,1386.0,3489.0,28.0,0,
66800,1865.1,21.3,130.1,270.1,1386.0,3489.0,28.0,0,
66900,1861.3,20.6,130.1,241.1,1386.0,3489.0,28.0,0,
67000,1863.8,18.1,130.1,241.0,1386.0,3489.0,28.0,0,
67100,1865.6,18.1,130.1,240.9,1386.0,3489.0,28.0,0,
67200,1862.2,19.1,130.1,240.6,1386.0,3489.0,28.0,0,
67300,1863.3,16.3,130.1,240.4,1386.0,3489.0,28.0,0,
67400,1864.0,18.2,130.1,240.6,1386.0,3489.0,28.0,0,
67600,1876.7,195.1,138.3,93.8,1107.0,3260.0,2.0,0,
67700,1855.8,168.8,140.1,93.9,935.0,3127.0,2.0,0,
67800,1851.9,187.7,141.3,103.5,964.0,3333.0,2.0,0,
67900,1868.8,89.0,137.2,136.7,1090.0,3253.0,2.0,0,
68000,1867.5,161.0,138.9,187.6,1381.0,3503.0,28.0,0,
68100,1866.6,29.1,136.1,185.8,927.0,2610.0,2.0,0,
68200,1861.8,22.5,136.1,196.2,927.0,2610.0,2.0,0,
68300,1862.0,21.1,136.2,228.3,927.0,2610.0,2.0,0,
68400,1863.0,18.0,136.2,240.3,927.0,2610.0,2.0,0,
68600,1864.2,24.2,136.2,240.7,927.0,2610.0,2.0,0,
68700,1867.2,21.7,136.2,240.5,927.0,2610.0,2.0,0,
68800,1863.7,17.7,136.2,240.7,927.0,2610.0,2.0,0,
68900,1864.2,21.9,136.2,240.8,927.0,2610.0,2.0,0,
69000,1863.4,20.8,136.2,240.7,927.0,2610.0,2.0,0,
69100,1878.8,150.7,138.5,240.2,927.0,2610.0,2.0,0,
69200,1851.6,164.2,135.7,88.8,872.0,3303.0,2.0,0,
69300,1871.7,135.5,133.6,87.0,944.0,3014.0,2.0,0,
69400,1854.7,223.2,134.5,90.6,960.0,2786.0,2.0,0,
69600,1865.1,144.9,135.5,158.3,1300.0,3433.0,28.0,0,
69700,1852.8,27.8,132.7,102.5,1091.0,3240.0,2.0,0,
69800,1861.2,21.8,132.8,133.7,1091.0,3240.0,2.0,0,
69900,1863.0,19.4,132.7,190.2,1091.0,3240.0,2.0,0,
70000,1866.2,18.5,132.7,231.8,1091.0,3240.0,2.0,0,
70100,1866.4,19.8,132.6,241.3,1091.0,3240.0,2.0,0,
70200,1867.5,20.3,132.6,240.9,1091.0,3240.0,2.0,0,
70300,1864.2,21.0,132.6,240.6,1091.0,3240.0,2.0,0,
70400,1864.8,20.7,132.6,240.5,1091.0,3240.0,2.0,0,
70600,1862.6,19.0,132.6,240.6,1091.0,3240.0,2.0,0,
70700,1866.4,192.0,134.1,240.4,1539.0,4652.0,27.0,0,
70800,1867.7,231.3,143.9,165.0,855.0,3198.0,2.0,0,
70900,1874.3,124.6,141.4,152.4,958.0,3402.0,2.0,0,
71000,1870.3,155.6,142.0,158.9,969.0,3170.0,2.0,0,
71100,1849.9,73.5,137.8,197.3,1074.0,3253.0,2.0,0,
71200,1864.2,132.9,139.9,225.6,1040.0,2953.0,2.0,0,
71300,1850.5,90.8,140.3,199.6,922.0,2752.0,2.0,0,
71400,1866.9,23.2,140.2,152.3,922.0,2752.0,2.0,0,
71600,1864.0,19.4,140.2,93.1,922.0,2752.0,2.0,0,
71700,1864.1,20.8,140.2,151.1,922.0,2752.0,2.0,0,
71800,1864.7,22.0,140.3,240.2,922.0,2752.0,2.0,0,
71900,1863.3,21.7,140.2,240.6,922.0,2752.0,2.0,0,
72000,1863.1,16.2,140.3,240.7,922.0,2752.0,2.0,0,
72100,1864.0,18.3,140.3,240.5,922.0,2752.0,2.0,0,
72200,1865.1,18.6,140.2,240.6,922.0,2752.0,2.0,0,
72300,1861.9,16.3,140.2,240.8,922.0,2752.0,2.0,0,
72400,1866.6,19.6,119.4,240.5,884.0,4463.0,5.0,1,
72600,1847.2,193.7,117.8,239.4,1231.0,3950.0,28.0,0,
72700,1865.2,141.5,116.5,231.2,1001.0,3112.0,2.0,0,
72800,1866.3,148.8,118.2,175.5,1073.0,3275.0,2.0,0,
72900,1859.6,178.2,121.0,147.7,925.0,2704.0,2.0,0,
73000,1860.8,28.7,119.7,159.1,1001.0,2642.0,2.0,0,
73100,1863.6,18.2,119.7,132.2,1001.0,2642.0,2.0,0,
73200,1864.3,22.3,119.7,40.2,1001.0,2642.0,2.0,0,
73300,1866.6,19.2,119.6,69.5,1001.0,2642.0,2.0,0,
73400,1865.4,23.0,119.6,240.3,1001.0,2642.0,2.0,0,
73600,1864.2,16.5,119.6,240.5,1001.0,2642.0,2.0,0,
73700,1863.5,20.6,119.6,240.4,1001.0,2642.0,2.0,0,
73800,1866.8,17.9,119.6,240.5,1001.0,2642.0,2.0,0,
73900,1866.2,18.5,119.6,240.4,1001.0,2642.0,2.0,0,
74000,1873.6,35.3,119.8,240.5,825.0,4068.0,4.0,1,
74100,1861.5,129.5,124.7,206.8,859.0,3058.0,2.0,0,
74200,1854.2,196.2,124.9,93.4,996.0,3558.0,2.0,0,
74300,1873.1,91.7,123.6,158.5,1021.0,3129.0,2.0,0,
74400,1886.8,143.4,123.3,185.2,1297.0,3869.0,28.0,0,
74600,1865.9,33.9,124.2,158.0,958.0,2732.0,2.0,0,
74700,1862.1,21.4,124.2,94.1,958.0,2732.0,2.0,0,
74800,1866.2,18.8,124.2,42.1,958.0,2732.0,2.0,0,
74900,1863.4,18.6,124.2,40.8,958.0,2732.0,2.0,0,
75000,1864.3,17.5,124.2,239.9,958.0,2732.0,2.0,0,
75100,1863.3,19.1,124.2,240.4,958.0,2732.0,2.0,0,
75200,1865.0,20.4,124.2,240.5,958.0,2732.0,2.0,0,
75300,1868.7,18.2,124.1,240.6,958.0,2732.0,2.0,0,
75400,1865.5,22.8,124.2,240.8,958.0,2732.0,2.0,0,
75600,1858.5,37.1,126.5,240.2,696.0,3710.0,5.0,1,
75700,1869.6,99.0,125.8,70.5,790.0,3012.0,2.0,0,
75800,1853.3,175.1,122.4,81.1,948.0,3207.0,2.0,0,
75900,1874.0,61.9,120.1,166.5,1088.0,3193.0,2.0,0,
76000,1860.7,153.5,125.1,184.6,1050.0,3254.0,2.0,0,
76100,1850.3,184.3,126.4,177.8,997.0,3026.0,2.0,0,
76200,1875.6,45.8,123.5,170.8,1027.0,2944.0,2.0,0,
76300,1862.0,19.2,123.5,185.7,1027.0,2944.0,2.0,0,
76400,1863.8,17.8,123.5,195.1,1027.0,2944.0,2.0,0,
76600,1864.5,20.8,123.5,240.6,1027.0,2944.0,2.0,0,
76700,1863.8,17.5,123.5,240.3,1027.0,2944.0,2.0,0,
76800,1863.5,20.3,123.6,240.3,1027.0,2944.0,2.0,0,
76900,1864.8,18.7,123.6,240.3,1027.0,2944.0,2.0,0,
77000,1864.4,19.0,123.6,240.3,1027.0,2944.0,2.0,0,
77100,1864.1,19.9,123.6,240.5,1027.0,2944.0,2.0,0,
77200,1861.0,27.2,121.0,240.5,721.0,4032.0,6.0,1,
77300,1877.1,98.7,122.6,239.6,820.0,3337.0,2.0,0,
77400,1849.0,183.7,125.9,201.1,1044.0,3252.0,2.0,0,
77600,1868.3,163.9,127.8,158.0,1027.0,3427.0,2.0,0,
77700,1859.7,194.3,125.8,151.6,1052.0,3325.0,2.0,0,
77800,1874.1,59.1,124.5,101.8,1122.0,3263.0,2.0,0,
77900,1863.8,19.0,124.5,153.7,1122.0,3263.0,2.0,0,
78000,1862.5,18.7,124.5,198.6,1122.0,3263.0,2.0,0,
78100,1866.1,17.9,124.5,230.1,1122.0,3263.0,2.0,0,
78200,1866.7,19.8,124.4,240.2,1122.0,3263.0,2.0,0,
78300,1866.3,18.0,124.4,240.2,1122.0,3263.0,2.0,0,
78400,1866.1,16.1,124.3,240.6,1122.0,3263.0,2.0,0,
78600,1866.5,19.3,124.3,240.2,1122.0,3263.0,2.0,0,
78700,1866.5,19.3,124.3,240.2,1122.0,3263.0,2.0,0,
78800,1879.1,31.4,124.2,240.4,1122.0,3263.0,2.0,0,
78900,1850.8,34.2,119.7,240.3,854.0,4219.0,6.0,1,
79000,1851.4,164.3,114.3,237.9,891.0,3461.0,2.0,0,
79100,1869.5,67.5,113.3,107.4,1106.0,3494.0,2.0,0,
79200,1866.8,179.5,113.1,154.8,1312.0,3999.0,28.0,0,
79300,1864.8,139.2,113.8,216.5,1092.0,3404.0,2.0,0,
79400,1856.7,62.3,111.6,205.2,1024.0,3133.0,2.0,0,
79600,1864.1,19.2,111.5,190.0,1024.0,3133.0,2.0,0,
79700,1864.3,22.7,111.6,229.3,1024.0,3133.0,2.0,0,
79800,1864.9,18.3,111.6,239.7,1024.0,3133.0,2.0,0,
79900,1862.5,20.6,111.7,240.4,1024.0,3133.0,2.0,0,
80000,1861.8,16.9,111.8,240.5,1024.0,3133.0,2.0,0,
80100,1866.4,19.4,111.7,240.5,1024.0,3133.0,2.0,0,
80200,1864.6,21.0,111.8,240.8,1024.0,3133.0,2.0,0,
80300,1862.3,18.6,111.8,240.7,1024.0,3133.0,2.0,0,
80400,1864.9,71.4,111.9,240.3,1024.0,3133.0,2.0,0,
80600,1854.5,191.0,125.5,51.6,904.0,3330.0,2.0,0,
80700,1878.8,181.8,123.0,52.4,1033.0,3371.0,2.0,0,
80800,1861.0,131.9,128.4,75.4,1471.0,4070.0,28.0,0,
80900,1848.7,155.2,126.1,136.2,991.0,3256.0,2.0,0,
81000,1870.7,154.3,124.1,142.1,944.0,3043.0,2.0,0,
81100,1861.4,29.3,127.2,205.4,823.0,2677.0,2.0,0,
81200,1863.9,20.1,127.2,208.5,823.0,2677.0,2.0,0,
81300,1864.5,19.1,127.2,156.4,823.0,2677.0,2.0,0,
81400,1865.0,15.0,127.1,137.2,823.0,2677.0,2.0,0,
81600,1863.8,15.6,127.0,240.4,823.0,2677.0,2.0,0,
81700,1864.8,18.0,127.0,240.5,823.0,2677.0,2.0,0,
81800,1864.0,17.5,127.0,240.7,823.0,2677.0,2.0,0,
81900,1863.9,18.9,127.0,240.6,823.0,2677.0,2.0,0,
82000,1865.0,18.5,127.0,240.5,823.0,2677.0,2.0,0,
82100,1864.8,253.7,130.7,237.9,987.0,3611.0,27.0,0,
82200,1874.8,171.5,142.9,49.6,927.0,3299.0,2.0,0,
82300,1846.9,86.3,140.9,41.9,1045.0,3319.0,2.0,0,
82400,1863.4,143.8,141.1,93.4,992.0,3558.0,2.0,0,
82600,1862.0,90.3,143.2,146.5,1066.0,3243.0,2.0,0,
82700,1867.6,37.4,143.8,147.0,891.0,2755.0,2.0,0,
82800,1863.6,17.4,143.8,137.3,891.0,2755.0,2.0,0,
82900,1864.8,20.9,143.9,106.5,891.0,2755.0,2.0,0,
83000,1863.8,15.3,143.9,78.5,891.0,2755.0,2.0,0,
83100,1860.9,18.0,144.0,239.6,891.0,2755.0,2.0,0,
83200,1862.0,17.4,144.0,240.4,891.0,2755.0,2.0,0,
83300,1866.8,19.8,144.0,240.4,891.0,2755.0,2.0,0,
83400,1865.7,17.2,144.0,240.4,891.0,2755.0,2.0,0,
83600,1864.0,18.2,144.1,240.3,891.0,2755.0,2.0,0,
83700,1879.7,55.3,139.7,240.3,647.0,3640.0,5.0,1,
83800,1841.1,143.6,125.6,50.5,1063.0,3831.0,28.0,0,
83900,1866.7,159.7,123.5,41.7,1011.0,3508.0,2.0,0,
84000,1866.6,177.0,126.8,130.6,1036.0,3620.0,2.0,0,
84100,1867.8,191.8,129.1,158.8,1043.0,3191.0,2.0,0,
84200,1856.2,68.1,124.0,157.4,1128.0,3561.0,2.0,0,
84300,1855.2,58.7,125.8,154.8,992.0,2768.0,2.0,0,
84400,1865.1,20.2,125.7,135.0,992.0,2768.0,2.0,0,
84600,1863.6,16.5,125.7,39.4,992.0,2768.0,2.0,0,
84700,1864.4,16.5,125.7,216.1,992.0,2768.0,2.0,0,
84800,1862.4,16.1,125.7,240.2,992.0,2768.0,2.0,0,
84900,1864.3,19.9,125.7,240.4,992.0,2768.0,2.0,0,
85000,1863.8,18.4,125.7,240.8,992.0,2768.0,2.0,0,
85100,1860.2,15.9,125.8,240.9,992.0,2768.0,2.0,0,
85200,1864.4,17.8,125.7,240.4,992.0,2768.0,2.0,0,
85300,1872.0,14.8,122.2,240.3,715.0,3886.0,7.0,1,
85400,1855.5,161.4,124.3,240.2,1083.0,3683.0,28.0,0,
85600,1889.4,110.1,121.5,226.0,1071.0,3905.0,2.0,0,
85700,1835.7,190.2,121.1,229.7,1329.0,3924.0,28.0,0,
85800,1864.8,137.5,117.3,199.3,1013.0,3329.0,2.0,0,
85900,1871.8,93.7,119.0,153.7,1019.0,3186.0,2.0,0,
86000,1865.5,21.1,119.0,158.5,1019.0,3186.0,2.0,0,
86100,1863.7,17.9,119.0,157.3,1019.0,3186.0,2.0,0,
86200,1862.5,16.0,119.0,178.2,1019.0,3186.0,2.0,0,
86300,1865.5,17.2,118.9,239.8,1019.0,3186.0,2.0,0,
86400,1866.4,19.2,118.9,240.3,1019.0,3186.0,2.0,0,
86600,1864.7,18.1,118.9,240.3,1019.0,3186.0,2.0,0,
86700,1864.2,16.4,118.8,240.0,1019.0,3186.0,2.0,0,
86800,1865.5,20.5,118.8,240.2,1019.0,3186.0,2.0,0,
86900,1862.0,20.0,118.9,240.7,1019.0,3186.0,2.0,0,
87000,1861.7,137.4,122.8,241.0,1169.0,4161.0,28.0,0,
87100,1867.2,189.3,125.1,216.8,1011.0,3514.0,2.0,0,
87200,1856.7,116.5,128.2,195.1,1061.0,3383.0,2.0,0,
87300,1855.6,184.7,129.4,137.7,1088.0,3961.0,28.0,0,
87400,1870.5,127.3,127.7,153.5,1120.0,3499.0,2.0,0,
87600,1854.3,22.6,126.8,84.3,1066.0,3160.0,2.0,0,
87700,1863.3,18.7,126.8,106.6,1066.0,3160.0,2.0,0,
87800,1862.3,16.3,126.8,175.8,1066.0,3160.0,2.0,0,
87900,1862.4,16.9,126.9,239.4,1066.0,3160.0,2.0,0,
88000,1866.2,17.8,126.9,241.0,1066.0,3160.0,2.0,0,
88100,1864.7,17.5,126.9,240.7,1066.0,3160.0,2.0,0,
88200,1864.4,17.8,126.8,240.7,1066.0,3160.0,2.0,0,
88300,1866.5,18.5,126.8,240.7,1066.0,3160.0,2.0,0,
88400,1864.7,19.9,126.8,240.8,1066.0,3160.0,2.0,0,
88600,1869.7,129.4,135.7,239.8,1343.0,3768.0,25.0,0,
88700,1855.2,70.6,123.8,100.5,951.0,4439.0,5.0,1,
88800,1870.2,77.9,118.8,89.2,1029.0,3454.0,2.0,0,
88900,1865.1,196.1,123.3,106.2,1420.0,4456.0,28.0,0,
89000,1874.1,133.5,119.3,204.5,1068.0,3542.0,2.0,0,
89100,1850.3,102.3,118.0,154.9,1180.0,3498.0,2.0,0,
89200,1860.2,23.2,117.5,158.0,1107.0,3384.0,2.0,0,
89300,1862.4,19.8,117.5,215.7,1107.0,3384.0,2.0,0,
89400,1862.8,16.0,117.5,231.7,1107.0,3384.0,2.0,0,
89600,1865.4,17.4,117.5,240.3,1107.0,3384.0,2.0,0,
89700,1863.4,21.9,117.5,240.4,1107.0,3384.0,2.0,0,
89800,1865.0,20.9,117.5,240.3,1107.0,3384.0,2.0,0,
89900,1864.7,20.1,117.5,240.4,1107.0,3384.0,2.0,0,
90000,1864.4,16.8,117.6,240.4,1107.0,3384.0,2.0,0,
90100,1864.7,18.2,117.5,240.5,1107.0,3384.0,2.0,0,
90200,1869.9,23.8,110.4,240.6,684.0,3868.0,5.0,1,
90300,1858.7,184.5,109.3,240.3,925.0,3178.0,2.0,0,
90400,1865.5,67.6,110.5,73.8,1072.0,3610.0,2.0,0,
90600,1845.6,151.1,111.5,94.4,981.0,3074.0,2.0,0,
90700,1869.3,89.8,110.0,136.3,1167.0,3372.0,2.0,0,
90800,1864.6,45.8,113.7,154.1,1018.0,3012.0,2.0,0,
90900,1862.3,17.8,113.7,153.0,1018.0,3012.0,2.0,0,
91000,1862.1,22.7,113.7,133.9,1018.0,3012.0,2.0,0,
91100,1862.9,16.3,113.8,88.3,1018.0,3012.0,2.0,0,
91200,1865.1,20.1,113.8,239.4,1018.0,3012.0,2.0,0,
91300,1865.7,21.0,113.7,240.5,1018.0,3012.0,2.0,0,
91400,1865.1,19.2,113.8,240.7,1018.0,3012.0,2.0,0,
91600,1864.7,22.5,113.7,240.5,1018.0,3012.0,2.0,0,
91700,1863.5,18.3,113.8,240.5,1018.0,3012.0,2.0,0,
91800,1872.3,37.8,113.9,240.3,588.0,3182.0,5.0,1,
91900,1871.1,36.7,112.3,240.4,902.0,4571.0,5.0,1,
92000,1853.2,74.9,104.1,212.9,991.0,4342.0,4.0,1,
92100,1863.6,144.3,107.8,81.8,1079.0,3666.0,2.0,0,
92200,1854.1,165.7,108.0,81.9,939.0,2910.0,2.0,0,
92300,1867.7,58.5,103.3,99.9,1139.0,3435.0,2.0,0,
92400,1855.1,71.2,106.0,163.4,926.0,2743.0,2.0,0,
92600,1864.2,20.4,105.9,89.9,926.0,2743.0,2.0,0,
92700,1864.3,18.0,105.9,39.0,926.0,2743.0,2.0,0,
92800,1864.7,19.6,105.9,201.3,926.0,2743.0,2.0,0,
92900,1862.6,19.7,105.9,240.5,926.0,2743.0,2.0,0,
93000,1861.2,17.0,105.9,240.5,926.0,2743.0,2.0,0,
93100,1862.6,20.8,106.0,240.4,926.0,2743.0,2.0,0,
93200,1864.0,17.1,106.0,240.4,926.0,2743.0,2.0,0,
93300,1863.9,19.1,106.0,240.6,926.0,2743.0,2.0,0,
93400,1882.9,21.6,105.9,240.2,926.0,2743.0,2.0,0,
93600,1865.9,98.6,105.1,92.0,959.0,4701.0,4.0,1,
93700,1870.8,111.1,106.7,81.7,973.0,3867.0,2.0,0,
93800,1858.4,167.1,107.3,83.7,1036.0,3289.0,2.0,0,
93900,1875.7,64.9,103.6,152.3,1136.0,3712.0,2.0,0,
94000,1858.6,98.0,104.7,164.3,1204.0,3702.0,2.0,0,
94100,1865.2,22.9,104.2,159.1,1204.0,3702.0,2.0,0,
94200,1863.6,19.8,104.2,204.4,1204.0,3702.0,2.0,0,
94300,1864.8,20.8,104.2,249.4,1204.0,3702.0,2.0,0,
94400,1862.8,20.1,104.2,274.4,1204.0,3702.0,2.0,0,
94600,1865.7,20.5,104.2,240.8,1204.0,3702.0,2.0,0,
94700,1866.7,19.1,104.2,240.7,1204.0,3702.0,2.0,0,
94800,1863.7,19.0,104.2,240.7,1204.0,3702.0,2.0,0,
94900,1862.4,21.0,104.2,240.7,1204.0,3702.0,2.0,0,
95000,1866.1,16.9,104.2,240.5,1204.0,3702.0,2.0,0,
95100,1857.6,52.8,101.2,240.4,755.0,3657.0,4.0,1,
95200,1866.6,177.9,104.5,239.7,900.0,4068.0,3.0,1,
95300,1881.3,116.3,108.3,74.7,1076.0,3694.0,2.0,0,
95400,1842.3,159.4,109.6,90.9,995.0,3342.0,2.0,0,
95600,1870.5,104.9,113.7,173.4,1129.0,3531.0,2.0,0,
95700,1864.6,25.4,111.1,167.5,1045.0,3469.0,2.0,0,
95800,1863.5,19.7,111.2,158.7,1045.0,3469.0,2.0,0,
95900,1863.2,18.7,111.1,225.8,1045.0,3469.0,2.0,0,
96000,1864.8,21.3,111.1,240.9,1045.0,3469.0,2.0,0,
96100,1862.1,19.7,111.1,240.4,1045.0,3469.0,2.0,0,
96200,1863.4,20.1,111.2,240.5,1045.0,3469.0,2.0,0,
96300,1862.6,21.4,111.2,240.5,1045.0,3469.0,2.0,0,
96400,1863.0,21.2,111.3,240.5,1045.0,3469.0,2.0,0,
96600,1864.0,17.1,111.2,240.6,1045.0,3469.0,2.0,0,
96700,1855.8,45.1,114.1,240.3,612.0,3554.0,3.0,1,
96800,1877.1,121.2,112.1,94.3,913.0,4376.0,5.0,1,
96900,1851.2,106.5,110.6,80.6,1044.0,3295.0,2.0,0,
97000,1852.3,172.5,113.2,83.3,1338.0,4282.0,28.0,0,
97100,1863.2,249.5,117.2,153.9,903.0,3228.0,2.0,0,
97200,1862.1,128.2,119.9,168.9,1090.0,3434.0,2.0,0,
97300,1862.8,25.0,118.9,133.0,1036.0,3401.0,2.0,0,
97400,1860.9,20.0,119.0,94.2,1036.0,3401.0,2.0,0,
97600,1866.0,19.1,119.0,239.5,1036.0,3401.0,2.0,0,
97700,1863.8,20.4,119.0,240.7,1036.0,3401.0,2.0,0,
97800,1863.2,21.9,119.1,240.7,1036.0,3401.0,2.0,0,
97900,1862.0,20.7,119.0,240.7,1036.0,3401.0,2.0,0,
98000,1863.6,17.0,119.0,240.6,1036.0,3401.0,2.0,0,
98100,1862.3,20.6,119.0,240.4,1036.0,3401.0,2.0,0,
98200,1863.0,20.5,119.0,240.3,1036.0,3401.0,2.0,0,
98300,1874.5,124.4,125.4,240.1,1202.0,3419.0,25.0,0,
98400,1848.5,61.3,125.2,104.9,930.0,4663.0,3.0,1,
98600,1858.8,193.9,122.3,101.4,1317.0,4010.0,28.0,0,
98700,1876.9,170.6,121.1,158.0,1124.0,3725.0,2.0,0,
98800,1861.8,100.3,114.8,159.1,1119.0,3760.0,2.0,0,
98900,1849.9,61.0,119.0,157.8,1090.0,3149.0,2.0,0,
99000,1861.4,20.8,119.0,157.1,1090.0,3149.0,2.0,0,
99100,1862.3,20.2,119.0,134.6,1090.0,3149.0,2.0,0,
99200,1865.0,19.3,119.0,83.8,1090.0,3149.0,2.0,0,
99300,1866.3,19.5,118.9,208.1,1090.0,3149.0,2.0,0,
99400,1865.2,20.7,118.9,240.4,1090.0,3149.0,2.0,0,
99600,1860.8,16.7,119.0,240.5,1090.0,3149.0,2.0,0,
99700,1861.9,17.3,118.9,240.7,1090.0,3149.0,2.0,0,
99800,1863.4,18.1,118.9,240.8,1090.0,3149.0,2.0,0,
99900,1865.2,14.6,114.0,240.8,622.0,3548.0,6.0,1,
100000,1859.6,150.2,113.3,240.1,866.0,3126.0,2.0,0,
100100,1861.1,56.7,113.3,103.1,965.0,3239.0,2.0,0,
100200,1879.0,140.9,118.1,99.3,1253.0,4027.0,28.0,0,
100300,1838.3,150.2,116.5,152.7,992.0,3003.0,2.0,0,
100400,1866.2,83.0,114.6,154.2,1118.0,3331.0,2.0,0,
100600,1864.4,25.1,114.6,135.0,1118.0,3331.0,2.0,0,
100700,1865.0,22.3,114.6,99.8,1118.0,3331.0,2.0,0,
100800,1862.8,21.2,114.7,71.1,1118.0,3331.0,2.0,0,
100900,1866.3,21.8,114.7,226.8,1118.0,3331.0,2.0,0,
101000,1863.8,20.9,114.7,240.4,1118.0,3331.0,2.0,0,
101100,1861.2,20.7,114.7,240.4,1118.0,3331.0,2.0,0,
101200,1860.3,20.8,114.7,240.3,1118.0,3331.0,2.0,0,
101300,1862.2,20.1,114.8,240.3,1118.0,3331.0,2.0,0,
101400,1864.0,22.4,114.8,240.7,1118.0,3331.0,2.0,0,
101600,1863.1,112.6,114.4,240.5,744.0,3872.0,3.0,1,
101700,1873.6,168.4,116.9,189.1,912.0,3402.0,2.0,0,
101800,1849.1,179.2,123.2,175.9,1212.0,4301.0,2.0,0,
101900,1857.0,171.5,125.3,141.6,956.0,2975.0,2.0,0,
102000,1867.8,82.1,119.0,123.9,1119.0,3566.0,2.0,0,
102100,1870.3,164.0,120.5,137.0,1229.0,3962.0,28.0,0,
102200,1850.5,24.2,120.5,94.4,1107.0,3488.0,2.0,0,
102300,1864.2,22.4,120.4,134.6,1107.0,3488.0,2.0,0,
102400,1864.1,18.4,120.4,149.0,1107.0,3488.0,2.0,0,
102600,1862.4,18.1,120.4,240.5,1107.0,3488.0,2.0,0,
102700,1861.6,23.7,120.4,240.4,1107.0,3488.0,2.0,0,
102800,1865.8,18.6,120.3,240.4,1107.0,3488.0,2.0,0,
102900,1862.8,20.3,120.2,240.4,1107.0,3488.0,2.0,0,
103000,1864.0,16.9,120.2,240.5,1107.0,3488.0,2.0,0,
103100,1862.7,18.9,120.1,240.5,1107.0,3488.0,2.0,0,
103200,1856.5,96.8,123.5,239.8,636.0,3467.0,4.0,1,
103300,1864.9,143.5,122.7,92.9,1050.0,3807.0,2.0,0,
103400,1859.4,145.0,119.1,93.3,1393.0,4360.0,28.0,0,
103600,1879.8,69.9,127.1,134.1,1089.0,3477.0,2.0,0,
103700,1842.5,164.1,131.3,102.3,1075.0,3791.0,28.0,0,
103800,1865.4,29.2,129.1,101.1,1204.0,3508.0,2.0,0,
103900,1860.1,18.0,129.2,166.0,1204.0,3508.0,2.0,0,
104000,1859.5,18.9,129.1,227.8,1204.0,3508.0,2.0,0,
104100,1859.9,18.1,129.2,281.3,1204.0,3508.0,2.0,0,
104200,1863.3,23.7,129.2,241.0,1204.0,3508.0,2.0,0,
104300,1863.5,21.0,129.3,240.5,1204.0,3508.0,2.0,0,
104400,1862.4,19.9,129.3,240.6,1204.0,3508.0,2.0,0,
104600,1862.7,19.7,129.4,240.5,1204.0,3508.0,2.0,0,
104700,1862.8,18.1,129.4,240.6,1204.0,3508.0,2.0,0,
104800,1852.3,145.2,133.4,240.4,876.0,3189.0,2.0,0,
104900,1867.6,266.0,138.9,123.6,1129.0,3855.0,2.0,0,
105000,1871.8,162.7,141.8,138.8,1429.0,4420.0,28.0,0,
105100,1856.9,155.9,138.1,141.5,1053.0,3110.0,2.0,0,
105200,1858.7,85.3,134.3,134.9,1172.0,3571.0,2.0,0,
105300,1858.4,146.6,132.1,154.3,1401.0,4140.0,28.0,0,
105400,1867.9,51.2,136.1,167.2,840.0,2734.0,2.0,0,
105600,1860.5,17.0,136.0,147.6,840.0,2734.0,2.0,0,
105700,1866.2,19.1,135.9,106.2,840.0,2734.0,2.0,0,
105800,1863.5,15.2,135.8,229.9,840.0,2734.0,2.0,0,
105900,1863.0,15.9,135.8,240.5,840.0,2734.0,2.0,0,
106000,1864.2,20.0,135.7,240.2,840.0,2734.0,2.0,0,
106100,1864.2,19.4,135.6,240.3,840.0,2734.0,2.0,0,
106200,1864.3,15.6,135.6,240.4,840.0,2734.0,2.0,0,
106300,1862.4,16.4,135.5,240.5,840.0,2734.0,2.0,0,
106400,1860.5,122.4,137.1,240.2,840.0,2734.0,2.0,0,
106600,1860.2,220.4,125.8,76.4,1647.0,3484.0,26.0,0,
106700,1850.0,228.3,132.8,78.1,792.0,2766.0,27.0,0,
106800,1864.1,154.2,131.6,130.7,868.0,2975.0,2.0,0,
106900,1869.0,135.1,135.2,135.9,1286.0,3568.0,28.0,0,
107000,1850.5,78.1,134.9,155.0,816.0,2358.0,2.0,0,
107100,1860.8,21.1,134.9,158.4,816.0,2358.0,2.0,0,
107200,1862.2,19.8,134.9,99.8,816.0,2358.0,2.0,0,
107300,1863.0,17.9,135.0,73.7,816.0,2358.0,2.0,0,
107400,1860.4,16.8,135.1,168.8,816.0,2358.0,2.0,0,
107600,1866.0,20.2,135.1,240.4,816.0,2358.0,2.0,0,
107700,1863.0,17.1,135.1,240.4,816.0,2358.0,2.0,0,
107800,1863.9,16.9,135.1,240.5,816.0,2358.0,2.0,0,
107900,1865.0,20.2,135.1,240.5,816.0,2358.0,2.0,0,
108000,1877.3,66.3,135.4,240.4,816.0,2358.0,2.0,0,
108100,1851.0,60.4,134.5,238.3,713.0,3641.0,5.0,1,
108200,1869.8,239.3,138.8,90.3,1029.0,3029.0,2.0,0,
108300,1854.3,210.8,135.8,86.7,1000.0,3386.0,2.0,0,
108400,1864.1,173.8,131.2,107.9,1120.0,3576.0,2.0,0,
108600,1845.5,129.6,135.4,198.1,1088.0,2899.0,2.0,0,
108700,1864.7,23.5,135.2,158.6,1088.0,2899.0,2.0,0,
108800,1863.2,17.8,135.1,100.1,1088.0,2899.0,2.0,0,
108900,1859.9,16.6,135.2,49.5,1088.0,2899.0,2.0,0,
109000,1865.8,16.5,135.1,98.9,1088.0,2899.0,2.0,0,
109100,1862.4,16.9,135.1,240.1,1088.0,2899.0,2.0,0,
109200,1862.3,18.1,135.2,240.5,1088.0,2899.0,2.0,0,
109300,1863.1,19.6,135.1,240.7,1088.0,2899.0,2.0,0,
109400,1863.2,15.0,135.2,240.7,1088.0,2899.0,2.0,0,
109600,1863.6,18.6,135.2,241.0,1088.0,2899.0,2.0,0,
109700,1869.2,111.1,133.0,240.7,751.0,4110.0,5.0,1,
109800,1866.9,148.5,134.7,177.6,1111.0,4194.0,2.0,0,
109900,1879.1,181.1,124.6,91.9,1183.0,3638.0,2.0,0,
110000,1847.0,83.1,123.7,148.5,1228.0,3653.0,2.0,0,
110100,1860.4,166.3,127.4,158.1,1153.0,4081.0,2.0,0,
110200,1856.0,178.6,121.3,135.6,976.0,3211.0,2.0,0,
110300,1866.9,27.2,121.2,136.5,1027.0,2961.0,2.0,0,
110400,1863.8,18.1,121.3,154.0,1027.0,2961.0,2.0,0,
110600,1863.5,15.8,121.2,103.4,1027.0,2961.0,2.0,0,
110700,1860.2,19.6,121.3,240.2,1027.0,2961.0,2.0,0,
110800,1862.8,15.8,121.3,240.4,1027.0,2961.0,2.0,0,
110900,1861.3,16.6,121.3,240.7,1027.0,2961.0,2.0,0,
111000,1862.8,18.0,121.3,241.1,1027.0,2961.0,2.0,0,
111100,1863.9,18.2,121.3,241.0,1027.0,2961.0,2.0,0,
111200,1863.1,15.8,121.3,240.9,1027.0,2961.0,2.0,0,
111300,1856.5,13.4,121.3,240.6,789.0,3900.0,5.0,1,
111400,1890.0,114.7,121.3,238.5,1344.0,4396.0,28.0,0,
111600,1859.3,89.7,119.7,154.5,1165.0,3753.0,2.0,0,
111700,1861.8,136.7,114.8,134.1,1163.0,3963.0,2.0,0,
111800,1855.2,154.5,111.3,81.3,1098.0,3515.0,2.0,0,
111900,1871.6,37.6,112.3,108.8,1148.0,3424.0,2.0,0,
112000,1860.6,18.0,112.2,135.4,1148.0,3424.0,2.0,0,
112100,1861.2,16.7,112.3,137.6,1148.0,3424.0,2.0,0,
112200,1862.4,19.6,112.3,177.4,1148.0,3424.0,2.0,0,
112300,1863.3,18.2,112.3,240.4,1148.0,3424.0,2.0,0,
112400,1864.8,19.0,112.2,240.7,1148.0,3424.0,2.0,0,
112600,1863.0,19.9,112.2,240.4,1148.0,3424.0,2.0,0,
112700,1861.8,18.6,112.2,240.4,1148.0,3424.0,2.0,0,
112800,1863.3,18.5,112.2,240.4,1148.0,3424.0,2.0,0,
112900,1863.1,18.5,112.1,240.7,650.0,3583.0,5.0,1,
113000,1858.4,115.7,114.9,239.4,985.0,3677.0,2.0,0,
113100,1852.6,173.7,110.9,137.2,1100.0,4000.0,2.0,0,
113200,1872.8,95.2,108.5,174.6,1209.0,3859.0,2.0,0,
113300,1882.1,135.7,114.4,198.8,1177.0,4276.0,2.0,0,
113400,1840.6,176.4,120.0,146.0,981.0,3240.0,2.0,0,
113600,1863.0,21.1,119.5,93.8,981.0,3240.0,2.0,0,
113700,1863.2,18.1,119.5,145.6,981.0,3240.0,2.0,0,
113800,1863.5,17.9,119.5,233.3,981.0,3240.0,2.0,0,
113900,1864.2,15.6,119.4,241.1,981.0,3240.0,2.0,0,
114000,1862.4,22.1,119.5,240.8,981.0,3240.0,2.0,0,
114100,1863.8,16.7,119.5,240.7,981.0,3240.0,2.0,0,
114200,1863.9,19.0,119.5,240.6,981.0,3240.0,2.0,0,
114300,1864.5,20.6,119.5,240.6,981.0,3240.0,2.0,0,
114400,1864.1,19.9,119.5,240.6,981.0,3240.0,2.0,0,
114600,1866.7,249.1,126.8,239.8,1176.0,3664.0,2.0,0,
114700,1854.9,212.7,136.7,203.1,1140.0,3618.0,2.0,0,
114800,1885.5,85.6,135.1,163.4,1195.0,4023.0,2.0,0,
114900,1851.8,130.1,135.4,131.9,1134.0,3567.0,2.0,0,
115000,1853.1,165.7,132.2,159.1,1073.0,3138.0,2.0,0,
115100,1867.1,53.7,130.5,185.3,1108.0,3362.0,2.0,0,
115200,1861.5,18.7,130.6,155.0,1108.0,3362.0,2.0,0,
115300,1860.6,17.7,130.6,177.6,1108.0,3362.0,2.0,0,
115400,1863.5,15.5,130.5,235.4,1108.0,3362.0,2.0,0,
115600,1862.6,19.8,130.6,240.5,1108.0,3362.0,2.0,0,
115700,1863.4,16.1,130.5,240.5,1108.0,3362.0,2.0,0,
115800,1864.2,22.0,130.6,240.6,1108.0,3362.0,2.0,0,
115900,1860.0,16.0,130.6,240.8,1108.0,3362.0,2.0,0,
116000,1863.0,19.4,130.6,240.6,1108.0,3362.0,2.0,0,
116100,1862.0,24.7,130.6,240.5,1108.0,3362.0,2.0,0,
116200,1868.2,260.8,141.1,239.2,1009.0,3364.0,26.0,0,
116300,1854.1,141.7,135.8,67.0,915.0,3174.0,2.0,0,
116400,1856.4,213.1,140.6,70.3,909.0,2884.0,2.0,0,
116600,1856.4,201.3,149.6,158.2,802.0,2437.0,2.0,0,
116700,1877.6,218.7,151.3,157.7,898.0,2737.0,2.0,0,
116800,1851.9,27.9,153.9,196.5,640.0,2121.0,2.0,0,
116900,1862.1,19.0,153.9,106.1,640.0,2121.0,2.0,0,
117000,1864.2,19.3,153.9,45.6,640.0,2121.0,2.0,0,
117100,1863.0,19.8,153.9,55.7,640.0,2121.0,2.0,0,
117200,1862.1,17.3,153.9,240.1,640.0,2121.0,2.0,0,
117300,1861.0,18.2,153.9,240.2,640.0,2121.0,2.0,0,
117400,1862.5,20.7,154.0,240.2,640.0,2121.0,2.0,0,
117600,1860.9,15.9,154.0,240.7,640.0,2121.0,2.0,0,
117700,1860.3,20.2,154.0,240.7,640.0,2121.0,2.0,0,
117800,1870.7,37.2,146.2,238.4,607.0,3094.0,6.0,1,
117900,1847.4,189.2,135.6,83.9,859.0,3123.0,26.0,0,
118000,1865.6,249.6,142.1,77.4,722.0,2436.0,28.0,0,
118100,1862.1,287.9,143.7,70.7,1144.0,2941.0,26.0,0,
118200,1865.9,214.6,146.1,131.6,824.0,2332.0,2.0,0,
118300,1856.6,196.9,149.4,231.4,758.0,2536.0,2.0,0,
118400,1858.0,35.6,148.2,216.4,954.0,2409.0,2.0,0,
118600,1863.4,19.4,148.1,49.3,954.0,2409.0,2.0,0,
118700,1863.4,20.2,148.1,39.7,954.0,2409.0,2.0,0,
118800,1866.0,18.8,148.0,239.5,954.0,2409.0,2.0,0,
118900,1869.0,20.8,147.9,240.5,954.0,2409.0,2.0,0,
119000,1865.0,18.0,147.8,240.8,954.0,2409.0,2.0,0,
119100,1861.5,21.5,147.9,240.7,954.0,2409.0,2.0,0,
119200,1864.9,21.8,147.8,240.5,954.0,2409.0,2.0,0,
119300,1864.3,19.5,147.7,240.5,954.0,2409.0,2.0,0,
119400,1872.7,98.5,153.9,240.4,1626.0,3784.0,25.0,0,
119600,1871.5,207.7,153.8,141.5,1003.0,2876.0,2.0,0,
119700,1869.4,93.0,147.2,141.3,1242.0,3762.0,28.0,0,
119800,1848.7,181.1,140.1,117.0,1099.0,3446.0,2.0,0,
119900,1865.7,154.3,133.3,158.4,1268.0,3406.0,2.0,0,
120000,1861.1,46.3,131.3,158.2,1223.0,2966.0,2.0,0,
120100,1860.5,20.1,131.4,133.9,1223.0,2966.0,2.0,0,
120200,1863.9,19.7,131.4,88.2,1223.0,2966.0,2.0,0,
120300,1865.1,19.4,131.4,41.4,1223.0,2966.0,2.0,0,
120400,1865.2,17.5,131.4,239.8,1223.0,2966.0,2.0,0,
120600,1864.9,18.4,131.4,240.3,1223.0,2966.0,2.0,0,
120700,1864.7,17.8,131.4,240.7,1223.0,2966.0,2.0,0,
120800,1862.9,16.7,131.4,240.7,1223.0,2966.0,2.0,0,
120900,1863.8,16.9,131.4,240.5,1223.0,2966.0,2.0,0,
121000,1875.9,46.1,124.0,240.6,663.0,3630.0,6.0,1,
121100,1872.7,111.0,122.9,240.3,791.0,3191.0,2.0,0,
121200,1846.4,172.3,121.8,157.8,858.0,2596.0,2.0,0,
121300,1868.3,115.9,121.9,170.6,1105.0,3144.0,2.0,0,
121400,1853.3,183.5,120.9,147.8,924.0,3017.0,2.0,0,
121600,1869.5,68.4,117.5,166.7,1116.0,3021.0,2.0,0,
121700,1865.4,22.2,117.5,159.0,1116.0,3021.0,2.0,0,
121800,1862.8,19.3,117.5,133.9,1116.0,3021.0,2.0,0,
121900,1862.3,19.5,117.5,76.5,1116.0,3021.0,2.0,0,
122000,1867.0,20.8,117.5,239.6,1116.0,3021.0,2.0,0,
122100,1867.2,21.0,117.5,240.7,1116.0,3021.0,2.0,0,
122200,1861.4,20.5,117.6,240.8,1116.0,3021.0,2.0,0,
122300,1864.1,19.2,117.6,240.6,1116.0,3021.0,2.0,0,
122400,1862.5,19.2,117.6,240.3,1116.0,3021.0,2.0,0,
122600,1879.8,25.8,117.6,240.5,670.0,3613.0,7.0,1,
122700,1842.7,208.0,123.3,240.0,1559.0,3588.0,26.0,0,
122800,1869.4,210.8,132.2,90.3,819.0,2843.0,2.0,0,
122900,1872.9,268.3,135.2,77.1,1062.0,3353.0,2.0,0,
123000,1860.3,185.5,141.1,88.6,997.0,2827.0,2.0,0,
123100,1866.5,156.5,142.1,174.2,1208.0,3451.0,2.0,0,
123200,1864.1,108.1,145.3,156.5,1230.0,3420.0,2.0,0,
123300,1864.6,21.9,145.2,166.6,1230.0,3420.0,2.0,0,
123400,1862.5,19.8,145.3,158.6,1230.0,3420.0,2.0,0,
123600,1862.7,18.2,145.2,252.1,1230.0,3420.0,2.0,0,
123700,1863.8,20.7,145.3,240.8,1230.0,3420.0,2.0,0,
123800,1861.7,18.3,145.3,240.7,1230.0,3420.0,2.0,0,
123900,1864.6,22.3,145.3,240.7,1230.0,3420.0,2.0,0,
124000,1864.8,17.7,145.3,240.5,1230.0,3420.0,2.0,0,
124100,1866.8,18.7,145.2,240.5,1230.0,3420.0,2.0,0,
124200,1861.1,13.6,145.3,240.7,1230.0,3420.0,2.0,0,
124300,1855.9,229.5,147.3,240.4,1479.0,3786.0,26.0,0,
124400,1867.0,251.9,146.2,117.2,923.0,3236.0,2.0,0,
124600,1840.9,184.5,142.1,146.8,1369.0,3941.0,28.0,0,
124700,1862.3,201.9,144.9,185.7,957.0,3081.0,2.0,0,
124800,1865.6,131.9,144.1,167.9,1122.0,3214.0,2.0,0,
124900,1865.7,25.1,141.9,154.5,1098.0,3289.0,2.0,0,
125000,1863.8,19.9,141.9,103.3,1098.0,3289.0,2.0,0,
125100,1863.0,16.5,141.9,168.2,1098.0,3289.0,2.0,0,
125200,1865.1,16.4,141.9,240.4,1098.0,3289.0,2.0,0,
125300,1864.3,18.3,141.8,240.4,1098.0,3289.0,2.0,0,
125400,1864.4,17.0,141.7,240.4,1098.0,3289.0,2.0,0,
125600,1861.2,17.6,141.7,240.3,1098.0,3289.0,2.0,0,
125700,1861.8,19.4,141.8,240.4,1098.0,3289.0,2.0,0,
125800,1866.2,16.4,141.7,240.4,1098.0,3289.0,2.0,0,
125900,1860.2,41.0,143.7,240.2,649.0,3515.0,6.0,1,
126000,1876.7,29.0,124.9,100.4,798.0,4043.0,4.0,1,
126100,1857.2,103.8,119.5,85.7,1055.0,3245.0,2.0,0,
126200,1852.7,187.4,112.9,90.3,991.0,3359.0,2.0,0,
126300,1868.4,188.2,112.8,183.6,1136.0,3094.0,2.0,0,
126400,1868.2,138.5,109.9,165.0,1043.0,3342.0,2.0,0,
126600,1863.5,18.3,109.7,124.5,1043.0,3342.0,2.0,0,
126700,1865.2,17.5,109.6,167.7,1043.0,3342.0,2.0,0,
126800,1865.6,15.8,109.6,238.9,1043.0,3342.0,2.0,0,
126900,1866.1,18.7,109.7,240.3,1043.0,3342.0,2.0,0,
127000,1866.7,18.3,109.6,240.2,1043.0,3342.0,2.0,0,
127100,1864.0,18.1,109.7,240.3,1043.0,3342.0,2.0,0,
127200,1863.6,15.7,109.6,240.8,1043.0,3342.0,2.0,0,
127300,1864.2,20.9,109.6,240.8,1043.0,3342.0,2.0,0,
127400,1867.5,17.7,109.5,240.5,1043.0,3342.0,2.0,0,
127600,1856.5,77.6,113.8,90.6,815.0,4083.0,4.0,1,
127700,1873.8,194.0,118.0,72.1,931.0,3415.0,2.0,0,
127800,1855.5,178.5,122.4,88.2,1107.0,3189.0,2.0,0,
127900,1885.7,175.7,125.2,142.1,1161.0,3663.0,2.0,0,
128000,1853.7,208.6,128.0,157.9,1443.0,4293.0,28.0,0,
128100,1854.5,60.2,132.9,216.9,926.0,2646.0,2.0,0,
128200,1861.4,20.6,132.9,229.9,926.0,2646.0,2.0,0,
128300,1864.4,18.0,132.9,170.5,926.0,2646.0,2.0,0,
128400,1864.1,18.4,133.0,130.7,926.0,2646.0,2.0,0,
128600,1864.4,19.4,133.0,240.4,926.0,2646.0,2.0,0,
128700,1862.2,16.6,133.1,240.5,926.0,2646.0,2.0,0,
128800,1864.4,18.8,133.1,240.5,926.0,2646.0,2.0,0,
128900,1863.5,17.9,133.1,240.4,926.0,2646.0,2.0,0,
129000,1861.9,15.6,133.1,240.4,926.0,2646.0,2.0,0,
129100,1865.0,48.7,130.4,240.4,675.0,3807.0,5.0,1,
129200,1862.8,126.8,128.9,237.8,725.0,3751.0,3.0,1,
129300,1866.4,94.6,131.0,91.7,905.0,3173.0,2.0,0,
129400,1872.4,151.9,130.1,150.8,984.0,3270.0,2.0,0,
129600,1869.7,121.0,125.2,159.0,1167.0,3324.0,2.0,0,
129700,1856.3,82.3,116.3,196.5,1007.0,2671.0,2.0,0,
129800,1865.5,20.5,116.2,216.3,1007.0,2671.0,2.0,0,
129900,1864.3,18.0,116.2,170.2,1007.0,2671.0,2.0,0,
130000,1862.5,17.2,116.2,131.9,1007.0,2671.0,2.0,0,
130100,1865.6,16.4,116.2,176.0,1007.0,2671.0,2.0,0,
130200,1863.9,16.6,116.2,240.6,1007.0,2671.0,2.0,0,
130300,1866.3,17.3,116.1,240.7,1007.0,2671.0,2.0,0,
130400,1865.5,19.9,116.2,240.5,1007.0,2671.0,2.0,0,
130600,1862.5,16.6,116.1,240.5,1007.0,2671.0,2.0,0,
130700,1864.0,27.6,116.1,240.7,1007.0,2671.0,2.0,0,
130800,1868.6,34.5,117.9,239.5,716.0,3989.0,5.0,1,
130900,1869.4,92.6,120.1,36.8,1204.0,3592.0,2.0,0,
131000,1851.9,171.4,120.1,41.8,1459.0,4079.0,28.0,0,
131100,1863.7,208.5,125.0,112.5,1016.0,3243.0,2.0,0,
131200,1867.7,133.7,128.3,157.2,1088.0,3113.0,2.0,0,
131300,1873.1,164.3,128.7,173.3,989.0,2915.0,2.0,0,
131400,1846.3,23.0,128.2,167.1,1112.0,3036.0,2.0,0,
131600,1861.8,17.7,128.2,70.0,1112.0,3036.0,2.0,0,
131700,1863.0,15.4,128.2,92.4,1112.0,3036.0,2.0,0,
131800,1866.7,15.9,128.2,240.2,1112.0,3036.0,2.0,0,
131900,1866.1,17.7,128.2,240.6,1112.0,3036.0,2.0,0,
132000,1863.9,17.1,128.2,240.4,1112.0,3036.0,2.0,0,
132100,1861.2,18.1,128.2,240.1,1112.0,3036.0,2.0,0,
132200,1860.8,16.7,128.2,239.9,1112.0,3036.0,2.0,0,
132300,1861.7,16.2,128.2,240.2,1112.0,3036.0,2.0,0,
132400,1857.2,38.5,124.9,240.5,753.0,3905.0,6.0,1,
132600,1854.1,166.5,128.5,205.1,1385.0,4054.0,28.0,0,
132700,1857.0,211.0,132.3,149.6,1121.0,3114.0,2.0,0,
132800,1884.0,98.5,127.8,151.5,1180.0,3809.0,2.0,0,
132900,1841.1,182.7,133.2,158.6,1411.0,3752.0,28.0,0,
133000,1866.8,29.8,133.3,157.3,1169.0,3255.0,2.0,0,
133100,1861.8,19.2,133.4,134.7,1169.0,3255.0,2.0,0,
133200,1859.5,18.3,133.4,131.6,1169.0,3255.0,2.0,0,
133300,1861.8,16.0,133.4,230.3,1169.0,3255.0,2.0,0,
133400,1860.1,16.9,133.5,240.2,1169.0,3255.0,2.0,0,
133600,1862.3,16.7,133.6,240.3,1169.0,3255.0,2.0,0,
133700,1863.2,18.6,133.6,240.6,1169.0,3255.0,2.0,0,
133800,1863.4,16.3,133.5,240.3,1169.0,3255.0,2.0,0,
133900,1864.7,19.3,133.5,240.0,1169.0,3255.0,2.0,0,
134000,1855.5,121.5,133.6,240.0,645.0,3834.0,4.0,1,
134100,1872.2,90.1,138.5,150.9,868.0,3315.0,3.0,1,
134200,1871.3,174.5,134.5,136.6,1166.0,4021.0,28.0,0,
134300,1854.0,186.5,138.0,168.5,1039.0,3117.0,2.0,0,
134400,1864.6,99.4,137.1,188.3,1088.0,3144.0,2.0,0,
134600,1867.7,37.6,133.7,134.2,1087.0,2970.0,2.0,0,
134700,1860.0,18.1,133.7,166.9,1087.0,2970.0,2.0,0,
134800,1860.5,16.1,133.7,206.6,1087.0,2970.0,2.0,0,
134900,1865.1,18.1,133.6,243.9,1087.0,2970.0,2.0,0,
135000,1863.4,16.7,133.5,240.4,1087.0,2970.0,2.0,0,
135100,1864.4,18.8,133.6,240.3,1087.0,2970.0,2.0,0,
135200,1862.9,19.4,133.6,240.4,1087.0,2970.0,2.0,0,
135300,1863.8,19.3,133.6,240.5,1087.0,2970.0,2.0,0,
135400,1863.5,18.2,133.6,240.5,1087.0,2970.0,2.0,0,
135600,1855.1,182.9,134.0,240.1,713.0,3929.0,4.0,1,
135700,1884.0,215.8,146.0,134.3,1281.0,3440.0,2.0,0,
135800,1846.4,172.0,147.9,74.8,1395.0,4041.0,28.0,0,
135900,1858.4,164.9,144.9,100.2,988.0,2921.0,2.0,0,
136000,1871.5,91.4,139.8,172.8,1050.0,3066.0,2.0,0,
136100,1852.3,193.5,143.3,226.1,1146.0,3493.0,28.0,0,
136200,1866.9,83.2,146.9,196.9,871.0,2540.0,2.0,0,
136300,1861.5,19.5,146.9,157.8,871.0,2540.0,2.0,0,
136400,1862.3,17.0,146.9,144.5,871.0,2540.0,2.0,0,
136600,1863.5,15.8,146.9,158.3,871.0,2540.0,2.0,0,
136700,1865.7,18.5,146.9,240.6,871.0,2540.0,2.0,0,
136800,1862.7,20.3,146.8,240.4,871.0,2540.0,2.0,0,
136900,1862.7,18.2,146.9,240.5,871.0,2540.0,2.0,0,
137000,1863.6,21.1,146.8,240.7,871.0,2540.0,2.0,0,
137100,1865.8,17.8,146.8,240.6,871.0,2540.0,2.0,0,
137200,1872.2,21.1,146.8,240.5,692.0,3796.0,6.0,1,
137300,1854.5,34.3,132.7,229.1,793.0,4132.0,5.0,1,
137400,1858.8,153.2,124.7,36.1,1287.0,4024.0,28.0,0,
137600,1870.1,238.2,135.5,140.6,1159.0,3415.0,2.0,0,
137700,1855.2,140.9,138.4,159.1,1011.0,3306.0,2.0,0,
137800,1855.3,130.2,136.8,165.1,998.0,2759.0,2.0,0,
137900,1863.9,25.7,136.9,168.6,998.0,2759.0,2.0,0,
138000,1861.5,18.9,136.9,197.8,998.0,2759.0,2.0,0,
138100,1864.8,17.6,136.9,136.6,998.0,2759.0,2.0,0,
138200,1861.6,17.7,136.9,133.2,998.0,2759.0,2.0,0,
138300,1864.6,20.3,137.0,240.4,998.0,2759.0,2.0,0,
138400,1861.6,17.8,137.0,240.3,998.0,2759.0,2.0,0,
138600,1863.9,19.1,137.0,240.4,998.0,2759.0,2.0,0,
138700,1864.3,18.0,137.0,240.2,998.0,2759.0,2.0,0,
138800,1863.0,78.0,136.9,240.1,998.0,2759.0,2.0,0,
138900,1868.5,235.7,147.1,201.7,1229.0,3459.0,2.0,0,
139000,1867.0,155.3,154.7,107.1,1377.0,4332.0,28.0,0,
139100,1866.2,163.2,151.0,132.3,918.0,2966.0,2.0,0,
139200,1852.4,99.6,147.2,173.8,974.0,3087.0,2.0,0,
139300,1856.4,181.2,144.5,200.2,1474.0,4017.0,28.0,0,
139400,1860.8,160.2,143.6,199.5,1106.0,3157.0,2.0,0,
139600,1861.2,20.8,141.6,173.6,1106.0,3157.0,2.0,0,
139700,1861.3,17.2,141.6,133.2,1106.0,3157.0,2.0,0,
139800,1862.3,15.9,141.6,99.0,1106.0,3157.0,2.0,0,
139900,1866.4,19.0,141.5,240.2,1106.0,3157.0,2.0,0,
140000,1863.5,19.1,141.5,240.4,1106.0,3157.0,2.0,0,
140100,1863.2,18.8,141.5,240.5,1106.0,3157.0,2.0,0,
140200,1864.5,18.7,141.5,240.7,1106.0,3157.0,2.0,0,
140300,1861.5,17.3,141.5,240.8,1106.0,3157.0,2.0,0,
140400,1862.9,19.4,141.5,240.5,1106.0,3157.0,2.0,0,
140600,1874.1,26.1,120.7,41.7,847.0,3740.0,3.0,1,
140700,1846.0,57.5,113.3,37.0,966.0,4264.0,5.0,1,
140800,1867.9,151.1,110.2,37.9,960.0,2980.0,2.0,0,
140900,1855.0,195.2,111.1,72.5,1321.0,3891.0,28.0,0,
141000,1869.6,161.5,110.4,157.4,1115.0,3210.0,2.0,0,
141100,1858.2,35.3,111.8,135.3,1066.0,2774.0,2.0,0,
141200,1859.4,16.8,111.9,133.3,1066.0,2774.0,2.0,0,
141300,1861.1,18.6,111.9,73.6,1066.0,2774.0,2.0,0,
141400,1861.6,18.1,111.9,42.6,1066.0,2774.0,2.0,0,
141600,1865.9,17.4,111.9,240.3,1066.0,2774.0,2.0,0,
141700,1863.2,16.3,111.9,240.6,1066.0,2774.0,2.0,0,
141800,1862.7,18.7,111.9,240.5,1066.0,2774.0,2.0,0,
141900,1861.4,19.6,111.9,240.3,1066.0,2774.0,2.0,0,
142000,1864.9,19.4,111.9,240.3,1066.0,2774.0,2.0,0,
142100,1875.4,76.9,108.9,240.2,651.0,3648.0,3.0,1,
142200,1850.3,137.3,111.8,176.1,1392.0,3802.0,28.0,0,
142300,1862.0,219.0,124.9,93.8,898.0,3031.0,2.0,0,
142400,1866.0,88.9,128.1,163.4,1066.0,3251.0,2.0,0,
142600,1846.0,164.9,130.8,148.5,1035.0,2998.0,2.0,0,
142700,1866.3,55.8,132.2,183.1,1088.0,2882.0,2.0,0,
142800,1861.2,18.2,132.2,158.5,1088.0,2882.0,2.0,0,
142900,1864.6,17.2,132.2,99.9,1088.0,2882.0,2.0,0,
143000,1860.5,18.1,132.2,89.1,1088.0,2882.0,2.0,0,
143100,1862.0,16.7,132.1,239.4,1088.0,2882.0,2.0,0,
143200,1862.8,20.6,132.2,240.3,1088.0,2882.0,2.0,0,
143300,1862.9,17.0,132.2,240.3,1088.0,2882.0,2.0,0,
143400,1862.5,19.2,132.2,240.5,1088.0,2882.0,2.0,0,
143600,1861.9,16.1,132.2,240.4,1088.0,2882.0,2.0,0,
143700,1864.8,18.2,132.2,240.4,636.0,3578.0,5.0,1,
143800,1855.4,136.7,131.1,240.3,1321.0,3780.0,28.0,0,
143900,1857.9,183.9,130.2,196.8,1014.0,3341.0,2.0,0,
144000,1876.1,72.3,127.6,195.4,941.0,2992.0,2.0,0,
144100,1847.0,177.3,126.1,157.6,1313.0,3855.0,28.0,0,
144200,1859.2,212.9,129.0,166.2,1033.0,3299.0,2.0,0,
144300,1870.1,89.7,128.4,186.5,1117.0,3055.0,2.0,0,
144400,1865.1,19.5,128.4,157.2,1117.0,3055.0,2.0,0,
144600,1862.9,18.2,128.4,238.5,1117.0,3055.0,2.0,0,
144700,1864.7,17.2,128.4,241.2,1117.0,3055.0,2.0,0,
144800,1860.2,15.2,128.4,240.4,1117.0,3055.0,2.0,0,
144900,1860.0,20.9,128.4,240.5,1117.0,3055.0,2.0,0,
145000,1862.9,18.1,128.4,240.4,1117.0,3055.0,2.0,0,
145100,1857.2,18.1,128.5,240.4,1117.0,3055.0,2.0,0,
145200,1863.8,21.8,128.5,240.4,1117.0,3055.0,2.0,0,
145300,1864.4,24.5,128.6,240.5,1117.0,3055.0,2.0,0,
145400,1870.6,242.0,135.7,240.2,1301.0,3913.0,27.0,0,
145600,1867.8,146.2,145.6,84.3,1011.0,3264.0,2.0,0,
145700,1855.4,176.7,148.0,101.2,1317.0,3712.0,28.0,0,
145800,1865.2,232.6,150.8,156.9,1225.0,3421.0,2.0,0,
145900,1879.2,201.1,146.0,176.4,992.0,3010.0,2.0,0,
146000,1849.8,27.7,148.7,159.0,802.0,2457.0,2.0,0,
146100,1859.3,18.4,148.7,133.9,802.0,2457.0,2.0,0,
146200,1862.4,19.4,148.7,105.1,802.0,2457.0,2.0,0,
146300,1863.9,16.9,148.8,138.5,802.0,2457.0,2.0,0,
146400,1861.1,14.3,148.7,240.3,802.0,2457.0,2.0,0,
146600,1863.6,18.8,148.5,240.4,802.0,2457.0,2.0,0,
146700,1865.4,15.4,148.4,240.3,802.0,2457.0,2.0,0,
146800,1864.7,18.6,148.4,240.2,802.0,2457.0,2.0,0,
146900,1865.7,19.0,148.3,240.1,802.0,2457.0,2.0,0,
147000,1861.7,72.7,146.2,240.0,746.0,3701.0,5.0,1,
147100,1858.8,39.6,121.8,183.8,869.0,4274.0,5.0,1,
147200,1872.6,40.3,115.3,44.3,966.0,4113.0,5.0,1,
147300,1851.3,129.0,101.3,38.8,1077.0,4489.0,5.0,1,
147400,1876.0,50.1,94.3,37.1,1178.0,4421.0,4.0,1,
147600,1859.0,20.5,61.9,50.1,1164.0,4332.0,4.0,1,
147700,1864.0,20.5,61.9,50.0,1164.0,4332.0,4.0,1,
147800,1862.8,15.8,61.8,131.2,1164.0,4332.0,4.0,1,
147900,1862.7,19.8,61.8,240.1,1164.0,4332.0,4.0,1,
148000,1867.2,18.8,61.8,240.4,1164.0,4332.0,4.0,1,
148100,1863.3,16.3,61.8,240.4,1164.0,4332.0,4.0,1,
148200,1862.5,19.4,61.9,240.5,1164.0,4332.0,4.0,1,
148300,1867.2,15.8,61.9,240.4,1164.0,4332.0,4.0,1,
148400,1862.1,18.8,61.9,240.4,1164.0,4332.0,4.0,1,
148600,1853.7,89.7,61.9,240.4,614.0,3412.0,4.0,1,
148700,1871.4,230.3,80.8,240.7,1447.0,3551.0,2.0,0,
148800,1881.1,124.4,96.0,228.4,1040.0,3840.0,28.0,0,
148900,1836.3,190.1,116.0,174.5,1008.0,3300.0,2.0,0,
149000,1864.1,133.2,119.7,165.4,1047.0,3394.0,2.0,0,
149100,1862.9,192.6,133.0,154.0,1401.0,3889.0,28.0,0,
149200,1866.4,30.1,138.4,167.7,1152.0,3320.0,2.0,0,
149300,1859.5,18.8,138.4,185.4,1152.0,3320.0,2.0,0,
149400,1862.8,15.6,138.4,216.9,1152.0,3320.0,2.0,0,
149600,1864.6,17.3,138.4,240.3,1152.0,3320.0,2.0,0,
149700,1864.0,18.4,138.4,240.1,1152.0,3320.0,2.0,0,
149800,1867.2,18.8,138.4,240.1,1152.0,3320.0,2.0,0,
149900,1864.4,19.0,138.4,240.5,1152.0,3320.0,2.0,0,
150000,1865.3,20.2,138.4,240.9,1152.0,3320.0,2.0,0,
150100,1864.7,17.5,138.4,240.7,1152.0,3320.0,2.0,0,
150200,1855.7,88.8,138.7,240.5,653.0,3781.0,5.0,1,
150300,1883.8,44.7,133.2,105.4,733.0,3716.0,3.0,1,
150400,1857.3,132.5,126.1,73.8,813.0,2997.0,2.0,0,
150600,1870.9,214.2,120.7,166.0,1057.0,3170.0,2.0,0,
150700,1859.3,166.9,126.0,188.7,1400.0,4093.0,28.0,0,
150800,1862.0,75.7,127.0,174.5,952.0,2546.0,2.0,0,
150900,1861.3,20.0,127.0,185.6,952.0,2546.0,2.0,0,
151000,1865.5,17.6,126.9,166.8,952.0,2546.0,2.0,0,
151100,1861.9,15.0,126.9,132.2,952.0,2546.0,2.0,0,
151200,1867.5,18.4,126.9,163.4,952.0,2546.0,2.0,0,
151300,1863.7,18.6,126.9,240.9,952.0,2546.0,2.0,0,
151400,1864.4,16.8,126.9,240.8,952.0,2546.0,2.0,0,
151600,1864.6,18.1,126.9,240.2,952.0,2546.0,2.0,0,
151700,1860.7,15.7,126.9,240.2,952.0,2546.0,2.0,0,
151800,1872.7,21.0,127.0,240.7,696.0,3916.0,6.0,1,
151900,1857.3,20.6,126.3,238.2,747.0,3737.0,5.0,1,
152000,1861.2,161.9,131.1,80.7,1151.0,3724.0,28.0,0,
152100,1857.0,206.6,131.6,78.4,997.0,3478.0,2.0,0,
152200,1882.6,204.6,130.6,154.8,1104.0,3283.0,2.0,0,
152300,1850.0,165.4,134.4,199.8,1276.0,3837.0,28.0,0,
152400,1854.5,135.0,133.4,184.6,963.0,2461.0,2.0,0,
152600,1861.0,19.5,133.5,166.7,963.0,2461.0,2.0,0,
152700,1863.6,18.1,133.5,140.5,963.0,2461.0,2.0,0,
152800,1865.6,16.9,133.5,137.2,963.0,2461.0,2.0,0,
152900,1864.5,18.3,133.5,240.0,963.0,2461.0,2.0,0,
153000,1861.4,21.2,133.5,240.0,963.0,2461.0,2.0,0,
153100,1863.4,18.4,133.5,239.8,963.0,2461.0,2.0,0,
153200,1864.5,17.9,133.5,239.9,963.0,2461.0,2.0,0,
153300,1863.9,17.3,133.5,239.9,963.0,2461.0,2.0,0,
153400,1864.7,16.1,133.4,240.0,963.0,2461.0,2.0,0,
153600,1859.3,28.7,125.8,167.0,807.0,3851.0,5.0,1,
153700,1870.3,26.5,115.1,41.8,977.0,4146.0,5.0,1,
153800,1852.3,109.5,110.3,42.6,1110.0,3490.0,2.0,0,
153900,1859.2,173.1,104.5,141.3,1079.0,3572.0,2.0,0,
154000,1859.9,153.2,102.0,157.3,1134.0,3234.0,2.0,0,
154100,1863.3,25.5,97.7,163.3,1010.0,2490.0,2.0,0,
154200,1861.0,16.3,97.7,196.3,1010.0,2490.0,2.0,0,
154300,1866.9,19.5,97.7,138.2,1010.0,2490.0,2.0,0,
154400,1864.5,17.6,97.7,100.2,1010.0,2490.0,2.0,0,
154600,1861.5,17.5,97.7,240.3,1010.0,2490.0,2.0,0,
154700,1864.1,15.3,97.7,240.4,1010.0,2490.0,2.0,0,
154800,1863.0,17.0,97.7,240.4,1010.0,2490.0,2.0,0,
154900,1867.0,17.8,97.7,240.3,1010.0,2490.0,2.0,0,
155000,1863.5,17.6,97.8,240.5,1010.0,2490.0,2.0,0,
155100,1868.9,40.7,97.5,240.5,624.0,3492.0,5.0,1,
155200,1872.8,99.2,102.9,239.3,1307.0,4127.0,28.0,0,
155300,1844.8,178.5,122.1,217.6,1020.0,3220.0,2.0,0,
155400,1873.1,185.0,124.8,167.6,1080.0,3181.0,2.0,0,
155600,1868.0,192.3,133.4,198.4,1223.0,3293.0,2.0,0,
155700,1859.3,37.5,133.5,186.0,1007.0,2653.0,2.0,0,
155800,1862.6,17.2,133.4,154.0,1007.0,2653.0,2.0,0,
155900,1863.6,15.3,133.4,102.1,1007.0,2653.0,2.0,0,
156000,1865.8,19.5,133.4,99.6,1007.0,2653.0,2.0,0,
156100,1865.5,18.2,133.4,239.3,1007.0,2653.0,2.0,0,
156200,1864.6,18.3,133.3,240.1,1007.0,2653.0,2.0,0,
156300,1861.3,15.9,133.4,240.4,1007.0,2653.0,2.0,0,
156400,1865.9,15.0,133.3,240.4,1007.0,2653.0,2.0,0,
156600,1862.6,16.0,133.4,240.5,1007.0,2653.0,2.0,0,
156700,1865.2,37.4,134.1,240.1,623.0,3631.0,5.0,1,
156800,1863.2,140.1,140.8,92.9,799.0,3323.0,3.0,1,
156900,1852.8,227.2,140.3,84.3,975.0,3200.0,2.0,0,
157000,1865.0,224.4,139.9,145.2,994.0,3342.0,2.0,0,
157100,1887.0,162.4,142.3,165.2,1429.0,3653.0,28.0,0,
157200,1836.3,142.7,137.7,199.4,945.0,2716.0,2.0,0,
157300,1876.5,49.8,137.4,200.1,1046.0,2806.0,2.0,0,
157400,1862.7,19.0,137.4,219.3,1046.0,2806.0,2.0,0,
157600,1860.7,17.2,137.4,262.4,1046.0,2806.0,2.0,0,
157700,1863.0,14.2,137.5,247.7,1046.0,2806.0,2.0,0,
157800,1860.9,17.0,137.5,240.6,1046.0,2806.0,2.0,0,
157900,1862.7,19.0,137.5,240.6,1046.0,2806.0,2.0,0,
158000,1859.7,18.1,137.6,240.4,1046.0,2806.0,2.0,0,
158100,1863.8,18.4,137.6,240.5,1046.0,2806.0,2.0,0,
158200,1865.4,17.6,137.6,240.6,1046.0,2806.0,2.0,0,
158300,1857.4,15.7,136.8,240.5,633.0,3575.0,6.0,1,
158400,1863.8,268.3,143.8,237.4,1186.0,3488.0,2.0,0,
158600,1870.0,172.9,144.0,99.9,966.0,3171.0,2.0,0,
158700,1859.3,149.3,143.1,165.6,1031.0,3119.0,2.0,0,
158800,1849.7,184.5,142.9,197.7,1190.0,3385.0,2.0,0,
158900,1869.6,70.2,141.3,185.4,1182.0,3070.0,2.0,0,
159000,1863.8,21.6,141.3,203.9,1182.0,3070.0,2.0,0,
159100,1860.7,15.1,141.4,203.0,1182.0,3070.0,2.0,0,
159200,1862.1,15.8,141.4,230.1,1182.0,3070.0,2.0,0,
159300,1862.2,17.3,141.4,239.1,1182.0,3070.0,2.0,0,
159400,1863.1,17.9,141.3,240.3,1182.0,3070.0,2.0,0,
159600,1860.2,16.6,141.4,240.1,1182.0,3070.0,2.0,0,
159700,1863.9,18.7,141.3,240.2,1182.0,3070.0,2.0,0,
159800,1863.5,17.6,141.3,240.3,1182.0,3070.0,2.0,0,
159900,1862.1,19.6,141.3,240.7,1182.0,3070.0,2.0,0,
160000,1885.0,24.0,132.9,240.6,725.0,3947.0,3.0,1,
160100,1834.3,19.6,113.2,239.4,908.0,4392.0,5.0,1,
160200,1863.2,21.9,102.4,165.0,1010.0,4044.0,4.0,1,
160300,1863.9,129.9,80.9,92.9,1019.0,3924.0,5.0,1,
160400,1849.4,127.5,72.6,38.8,1012.0,4129.0,4.0,1,
160600,1847.0,20.6,64.8,80.0,1007.0,3000.0,2.0,0,
160700,1860.9,19.1,64.9,157.4,1007.0,3000.0,2.0,0,
160800,1862.2,17.7,64.9,220.2,1007.0,3000.0,2.0,0,
160900,1860.8,17.9,64.9,239.4,1007.0,3000.0,2.0,0,
161000,1863.1,17.7,64.9,240.5,1007.0,3000.0,2.0,0,
161100,1862.7,18.0,65.0,240.6,1007.0,3000.0,2.0,0,
161200,1860.7,15.3,65.0,240.8,1007.0,3000.0,2.0,0,
161300,1861.8,17.2,65.0,240.4,1007.0,3000.0,2.0,0,
161400,1859.4,16.8,65.0,240.2,1007.0,3000.0,2.0,0,
161600,1873.6,25.5,65.2,240.0,694.0,3758.0,6.0,1,
161700,1851.8,95.5,65.3,239.3,887.0,4106.0,5.0,1,
161800,1867.7,186.3,78.6,170.4,938.0,3256.0,2.0,0,
161900,1862.4,137.1,100.2,175.2,1031.0,3590.0,2.0,0,
162000,1853.9,179.4,116.6,167.6,1228.0,3371.0,2.0,0,
162100,1863.6,200.7,122.1,185.2,1277.0,3527.0,2.0,0,
162200,1858.3,34.5,126.7,167.7,1001.0,2630.0,2.0,0,
162300,1863.0,21.4,126.6,155.2,1001.0,2630.0,2.0,0,
162400,1861.8,18.1,126.6,101.5,1001.0,2630.0,2.0,0,
162600,1862.9,17.8,126.6,240.0,1001.0,2630.0,2.0,0,
162700,1860.6,15.0,126.6,240.8,1001.0,2630.0,2.0,0,
162800,1861.4,16.7,126.6,240.7,1001.0,2630.0,2.0,0,
162900,1861.8,16.7,126.6,240.5,1001.0,2630.0,2.0,0,
163000,1862.2,15.7,126.6,240.4,1001.0,2630.0,2.0,0,
163100,1864.3,14.8,126.6,240.6,1001.0,2630.0,2.0,0,
163200,1873.8,45.3,128.5,239.7,615.0,3478.0,4.0,1,
163300,1854.0,110.0,128.4,72.4,781.0,3839.0,5.0,1,
163400,1882.2,166.8,131.2,68.9,902.0,2849.0,2.0,0,
163600,1848.3,183.6,131.3,165.2,1056.0,2803.0,2.0,0,
163700,1865.5,191.2,128.4,165.2,1213.0,3389.0,2.0,0,
163800,1858.3,47.3,127.7,158.4,1079.0,2765.0,2.0,0,
163900,1861.5,17.9,127.7,154.3,1079.0,2765.0,2.0,0,
164000,1859.8,15.9,127.8,101.8,1079.0,2765.0,2.0,0,
164100,1865.1,17.3,127.7,89.3,1079.0,2765.0,2.0,0,
164200,1861.8,12.5,127.7,219.1,1079.0,2765.0,2.0,0,
164300,1862.6,14.1,127.6,240.6,1079.0,2765.0,2.0,0,
164400,1862.6,14.9,127.6,240.3,1079.0,2765.0,2.0,0,
164600,1861.0,16.0,127.5,240.5,1079.0,2765.0,2.0,0,
164700,1863.2,17.0,127.5,240.4,1079.0,2765.0,2.0,0,
164800,1868.4,23.7,125.4,240.7,629.0,3426.0,6.0,1,
164900,1870.6,79.8,126.2,240.3,762.0,3891.0,4.0,1,
165000,1847.6,200.3,135.4,237.8,1245.0,3473.0,2.0,0,
165100,1869.9,138.2,132.8,167.8,1143.0,3424.0,2.0,0,
165200,1849.3,198.8,131.5,135.1,1108.0,3148.0,2.0,0,
165300,1861.6,178.6,129.5,165.8,1194.0,3320.0,2.0,0,
165400,1868.7,67.3,128.8,196.3,1143.0,3143.0,2.0,0,
165600,1860.8,15.7,128.7,157.9,1143.0,3143.0,2.0,0,
165700,1860.7,12.4,128.7,135.3,1143.0,3143.0,2.0,0,
165800,1861.4,14.1,128.8,239.3,1143.0,3143.0,2.0,0,
165900,1863.6,16.7,128.7,240.6,1143.0,3143.0,2.0,0,
166000,1862.8,15.3,128.8,240.6,1143.0,3143.0,2.0,0,
166100,1863.4,17.5,128.8,240.5,1143.0,3143.0,2.0,0,
166200,1861.8,15.2,128.8,240.6,1143.0,3143.0,2.0,0,
166300,1862.3,15.1,128.8,240.4,1143.0,3143.0,2.0,0,
166400,1875.5,21.5,128.8,240.1,602.0,3540.0,7.0,1,
166600,1870.1,239.7,138.5,81.5,1436.0,3735.0,2.0,0,
166700,1868.0,117.7,138.0,89.1,1039.0,3654.0,2.0,0,
166800,1868.0,178.9,137.1,134.7,1148.0,3218.0,2.0,0,
166900,1849.1,88.3,137.8,166.1,1246.0,3455.0,2.0,0,
167000,1865.6,113.2,137.5,184.7,1113.0,2976.0,2.0,0,
167100,1864.2,20.4,137.5,203.7,1113.0,2976.0,2.0,0,
167200,1861.9,17.1,137.5,218.2,1113.0,2976.0,2.0,0,
167300,1859.5,17.6,137.5,219.8,1113.0,2976.0,2.0,0,
167400,1863.8,20.5,137.6,240.7,1113.0,2976.0,2.0,0,
167600,1863.8,17.1,137.6,240.8,1113.0,2976.0,2.0,0,
167700,1863.3,18.7,137.6,240.6,1113.0,2976.0,2.0,0,
167800,1862.7,19.7,137.6,240.3,1113.0,2976.0,2.0,0,
167900,1864.6,15.3,137.6,240.6,1113.0,2976.0,2.0,0,
168000,1858.9,16.5,137.7,241.0,1113.0,2976.0,2.0,0,
168100,1853.1,213.3,139.3,240.4,1224.0,4084.0,28.0,0,
168200,1856.0,251.6,144.4,157.7,1482.0,3637.0,2.0,0,
168300,1885.9,122.6,142.4,151.0,898.0,3081.0,2.0,0,
168400,1840.6,187.9,143.7,157.5,1410.0,3796.0,28.0,0,
168600,1869.8,148.4,145.3,198.7,994.0,2800.0,2.0,0,
168700,1861.1,23.7,143.4,218.2,1050.0,3167.0,2.0,0,
168800,1858.7,15.8,143.5,211.6,1050.0,3167.0,2.0,0,
168900,1860.2,16.2,143.5,220.4,1050.0,3167.0,2.0,0,
169000,1863.0,17.4,143.4,237.4,1050.0,3167.0,2.0,0,
169100,1863.4,19.7,143.5,240.7,1050.0,3167.0,2.0,0,
169200,1859.1,17.7,143.6,240.8,1050.0,3167.0,2.0,0,
169300,1864.4,14.6,143.5,240.4,1050.0,3167.0,2.0,0,
169400,1865.5,20.1,143.5,240.3,1050.0,3167.0,2.0,0,
169600,1862.6,17.6,143.4,240.1,1050.0,3167.0,2.0,0,
169700,1871.6,41.7,144.8,239.3,632.0,3637.0,6.0,1,
169800,1850.9,30.5,129.3,84.1,911.0,4365.0,4.0,1,
169900,1867.3,218.4,124.5,72.7,1352.0,3333.0,2.0,0,
170000,1852.5,216.2,128.1,83.1,1411.0,3943.0,28.0,0,
170100,1883.4,223.7,130.1,131.8,976.0,3058.0,2.0,0,
170200,1889.3,135.9,132.2,153.6,1108.0,2840.0,2.0,0,
170300,1852.4,23.0,133.3,204.6,1140.0,3164.0,2.0,0,
170400,1863.3,16.2,133.2,199.4,1140.0,3164.0,2.0,0,
170600,1866.7,16.0,133.0,218.0,1140.0,3164.0,2.0,0,
170700,1865.5,15.7,132.9,239.7,1140.0,3164.0,2.0,0,
170800,1865.9,18.8,132.8,240.2,1140.0,3164.0,2.0,0,
170900,1865.1,15.9,132.8,240.6,1140.0,3164.0,2.0,0,
171000,1864.1,17.4,132.8,240.2,1140.0,3164.0,2.0,0,
171100,1859.7,17.0,132.8,239.8,1140.0,3164.0,2.0,0,
171200,1864.5,17.3,132.8,240.0,1140.0,3164.0,2.0,0,
171300,1875.5,38.5,130.9,240.4,602.0,3414.0,4.0,1,
171400,1848.7,34.0,130.7,152.1,774.0,4071.0,3.0,1,
171600,1859.7,60.2,105.6,30.1,932.0,3543.0,4.0,1,
171700,1868.8,33.5,92.5,38.2,926.0,3713.0,4.0,1,
171800,1865.4,201.1,88.1,29.9,1507.0,2960.0,2.0,0,
171900,1854.5,63.8,100.5,41.7,799.0,1932.0,2.0,0,
172000,1862.9,17.0,100.5,131.1,799.0,1932.0,2.0,0,
172100,1859.8,18.7,100.5,114.2,799.0,1932.0,2.0,0,
172200,1860.1,19.4,100.6,100.1,799.0,1932.0,2.0,0,
172300,1860.9,14.4,100.7,130.3,799.0,1932.0,2.0,0,
172400,1860.2,15.5,100.7,240.0,799.0,1932.0,2.0,0,
172600,1858.4,16.0,100.8,240.7,799.0,1932.0,2.0,0,
172700,1859.4,14.4,100.9,240.5,799.0,1932.0,2.0,0,
172800,1857.7,17.8,100.9,240.5,799.0,1932.0,2.0,0,
172900,1867.5,23.3,100.9,240.0,633.0,3735.0,7.0,1,
173000,1853.2,16.9,98.4,239.4,752.0,3966.0,3.0,1,
173100,1864.2,43.5,100.6,197.4,905.0,3915.0,3.0,1,
173200,1862.0,127.1,107.3,42.6,1396.0,3750.0,28.0,0,
173300,1847.2,198.4,121.4,72.9,877.0,2572.0,2.0,0,
173400,1866.5,203.9,125.9,158.0,998.0,2937.0,2.0,0,
173600,1859.8,18.5,124.8,167.5,998.0,2937.0,2.0,0,
173700,1859.9,16.7,124.8,134.2,998.0,2937.0,2.0,0,
173800,1859.5,16.7,124.8,94.3,998.0,2937.0,2.0,0,
173900,1859.3,15.1,124.9,101.7,998.0,2937.0,2.0,0,
174000,1861.8,18.9,124.9,240.5,998.0,2937.0,2.0,0,
174100,1861.8,15.4,124.9,240.6,998.0,2937.0,2.0,0,
174200,1859.5,13.3,124.9,240.7,998.0,2937.0,2.0,0,
174300,1858.3,14.5,124.9,240.5,998.0,2937.0,2.0,0,
174400,1860.6,18.0,124.9,240.4,998.0,2937.0,2.0,0,
174600,1861.6,96.4,126.5,152.0,801.0,4057.0,6.0,1,
174700,1850.7,176.0,137.0,78.1,1265.0,3568.0,2.0,0,
174800,1866.2,153.8,145.2,176.5,920.0,2783.0,2.0,0,
174900,1848.2,198.3,145.3,195.6,895.0,2847.0,2.0,0,
175000,1865.1,251.9,145.4,197.6,1440.0,3246.0,2.0,0,
175100,1879.3,135.3,143.3,198.8,1143.0,3348.0,28.0,0,
175200,1850.6,22.1,142.0,167.6,976.0,2711.0,2.0,0,
175300,1860.1,14.8,142.0,156.5,976.0,2711.0,2.0,0,
175400,1860.8,18.6,142.0,189.7,976.0,2711.0,2.0,0,
175600,1863.5,17.6,142.0,240.5,976.0,2711.0,2.0,0,
175700,1863.7,18.8,142.0,240.6,976.0,2711.0,2.0,0,
175800,1862.0,16.8,142.0,240.6,976.0,2711.0,2.0,0,
175900,1861.6,17.3,141.9,240.3,976.0,2711.0,2.0,0,
176000,1861.3,15.7,142.0,240.4,976.0,2711.0,2.0,0,
176100,1862.7,18.0,142.0,240.7,976.0,2711.0,2.0,0,
176200,1858.8,63.8,143.4,240.8,576.0,3280.0,4.0,1,
176300,1862.0,27.4,136.8,108.4,901.0,4293.0,3.0,1,
176400,1874.2,106.5,129.2,84.6,1074.0,3400.0,2.0,0,
176600,1864.5,166.8,127.9,206.5,1046.0,2950.0,2.0,0,
176700,1861.9,130.4,122.1,197.3,1026.0,2789.0,2.0,0,
176800,1861.0,24.3,120.5,185.7,1060.0,3009.0,2.0,0,
176900,1862.8,18.6,120.5,157.4,1060.0,3009.0,2.0,0,
177000,1865.3,15.6,120.5,190.4,1060.0,3009.0,2.0,0,
177100,1862.0,16.3,120.4,237.2,1060.0,3009.0,2.0,0,
177200,1859.9,17.9,120.5,240.2,1060.0,3009.0,2.0,0,
177300,1860.2,18.8,120.5,240.3,1060.0,3009.0,2.0,0,
177400,1861.8,17.3,120.5,240.3,1060.0,3009.0,2.0,0,
177600,1860.5,16.2,120.5,240.3,1060.0,3009.0,2.0,0,
177700,1860.5,17.5,120.5,240.4,1060.0,3009.0,2.0,0,
177800,1856.2,41.2,121.3,240.4,674.0,3678.0,5.0,1,
177900,1863.4,33.0,118.9,187.1,731.0,3959.0,4.0,1,
178000,1882.4,87.1,122.3,41.3,927.0,3037.0,2.0,0,
178100,1842.7,175.4,121.2,166.0,1413.0,4066.0,28.0,0,
178200,1848.4,219.6,130.3,196.7,995.0,2914.0,2.0,0,
178300,1868.0,108.2,124.2,165.4,1015.0,3087.0,2.0,0,
178400,1852.4,43.2,128.1,135.6,870.0,2400.0,2.0,0,
178600,1861.4,19.1,128.2,153.5,870.0,2400.0,2.0,0,
178700,1862.4,19.4,128.3,137.4,870.0,2400.0,2.0,0,
178800,1861.4,19.5,128.3,239.7,870.0,2400.0,2.0,0,
178900,1861.3,17.5,128.3,240.7,870.0,2400.0,2.0,0,
179000,1860.1,14.6,128.3,240.4,870.0,2400.0,2.0,0,
179100,1858.8,20.1,128.3,240.6,870.0,2400.0,2.0,0,
179200,1863.5,19.0,128.3,240.7,870.0,2400.0,2.0,0,
179300,1862.5,20.6,128.3,240.5,870.0,2400.0,2.0,0,
179400,1866.0,46.3,129.8,240.3,545.0,3427.0,2.0,0,
179600,1856.5,48.5,122.5,41.3,908.0,4071.0,4.0,1,
179700,1860.9,161.5,116.5,37.2,1298.0,3572.0,28.0,0,
179800,1860.7,192.8,113.3,82.8,910.0,2714.0,2.0,0,
179900,1867.0,213.3,107.2,158.0,937.0,2585.0,2.0,0,
180000,1857.8,77.2,114.6,196.2,944.0,2660.0,2.0,0,
180100,1865.0,24.6,114.6,136.1,944.0,2660.0,2.0,0,
180200,1863.4,17.9,114.5,89.2,944.0,2660.0,2.0,0,
180300,1862.5,19.4,114.5,38.0,944.0,2660.0,2.0,0,
180400,1860.9,20.8,114.5,175.7,944.0,2660.0,2.0,0,
180600,1862.8,19.4,114.5,240.1,944.0,2660.0,2.0,0,
180700,1865.4,20.0,114.5,240.4,944.0,2660.0,2.0,0,
180800,1866.0,18.5,114.4,240.6,944.0,2660.0,2.0,0,
180900,1861.8,20.8,114.4,240.6,944.0,2660.0,2.0,0,
181000,1880.4,27.4,113.1,240.4,637.0,3695.0,6.0,1,
181100,1844.0,129.3,115.4,240.2,693.0,2756.0,2.0,0,
181200,1861.3,82.7,123.7,132.4,979.0,3590.0,2.0,0,
181300,1861.1,153.3,128.4,141.0,1312.0,3925.0,28.0,0,
181400,1872.4,172.2,129.0,199.3,896.0,2879.0,2.0,0,
181600,1858.3,120.2,127.6,198.8,990.0,2800.0,2.0,0,
181700,1867.2,23.0,127.6,158.5,990.0,2800.0,2.0,0,
181800,1859.5,16.0,127.6,133.5,990.0,2800.0,2.0,0,
181900,1862.6,18.9,127.6,125.7,990.0,2800.0,2.0,0,
182000,1864.0,18.3,127.6,238.1,990.0,2800.0,2.0,0,
182100,1867.5,20.6,127.5,240.6,990.0,2800.0,2.0,0,
182200,1863.9,20.8,127.5,240.5,990.0,2800.0,2.0,0,
182300,1863.1,19.4,127.5,240.4,990.0,2800.0,2.0,0,
182400,1862.2,21.7,127.5,240.4,990.0,2800.0,2.0,0,
182600,1863.7,109.2,127.5,240.9,990.0,2800.0,2.0,0,
182700,1857.6,119.7,131.4,195.2,747.0,4039.0,5.0,1,
182800,1863.5,42.3,123.0,38.6,887.0,4108.0,3.0,1,
182900,1881.5,133.0,126.5,39.7,1438.0,3974.0,28.0,0,
183000,1843.2,178.8,126.4,76.9,910.0,2589.0,2.0,0,
183100,1868.2,100.6,124.5,153.6,982.0,2796.0,2.0,0,
183200,1861.5,156.9,118.2,159.0,1262.0,3505.0,28.0,0,
183300,1870.0,26.5,118.8,173.6,970.0,2696.0,2.0,0,
183400,1866.3,19.5,118.7,220.1,970.0,2696.0,2.0,0,
183600,1867.3,20.4,118.7,269.2,970.0,2696.0,2.0,0,
183700,1862.4,17.7,118.7,240.3,970.0,2696.0,2.0,0,
183800,1864.3,17.5,118.7,240.2,970.0,2696.0,2.0,0,
183900,1863.6,16.3,118.6,240.2,970.0,2696.0,2.0,0,
184000,1863.9,19.9,118.6,240.3,970.0,2696.0,2.0,0,
184100,1866.1,19.3,118.6,240.3,970.0,2696.0,2.0,0,
184200,1862.1,17.0,118.6,240.4,970.0,2696.0,2.0,0,
184300,1862.0,92.2,114.5,240.2,664.0,3603.0,3.0,1,
184400,1869.9,167.2,125.0,239.8,815.0,3403.0,2.0,0,
184600,1852.1,173.2,129.6,168.2,902.0,2613.0,2.0,0,
184700,1869.6,78.7,128.1,156.6,889.0,2710.0,2.0,0,
184800,1881.5,166.0,132.8,200.1,1404.0,3515.0,28.0,0,
184900,1846.0,27.8,131.0,199.0,1009.0,2997.0,2.0,0,
185000,1858.1,18.2,131.1,167.5,1009.0,2997.0,2.0,0,
185100,1867.1,18.4,131.1,200.5,1009.0,2997.0,2.0,0,
185200,1864.8,18.7,131.1,238.9,1009.0,2997.0,2.0,0,
185300,1862.7,19.1,131.0,240.4,1009.0,2997.0,2.0,0,
185400,1862.4,18.2,131.1,240.3,1009.0,2997.0,2.0,0,
185600,1865.9,20.7,131.1,240.7,1009.0,2997.0,2.0,0,
185700,1864.0,17.6,131.1,240.6,1009.0,2997.0,2.0,0,
185800,1860.8,20.0,131.1,240.3,1009.0,2997.0,2.0,0,
185900,1861.8,43.2,131.7,240.4,617.0,3228.0,3.0,1,
186000,1866.3,22.8,123.7,240.1,859.0,4248.0,3.0,1,
186100,1874.1,121.9,115.5,84.3,807.0,3282.0,2.0,0,
186200,1847.5,199.1,120.8,117.7,918.0,2763.0,2.0,0,
186300,1879.6,60.5,117.0,154.9,1071.0,3410.0,2.0,0,
186400,1853.7,149.8,118.4,125.0,1083.0,3258.0,2.0,0,
186600,1861.5,18.6,115.0,157.2,1083.0,3258.0,2.0,0,
186700,1865.8,21.9,115.0,184.9,1083.0,3258.0,2.0,0,
186800,1865.8,19.3,115.0,232.3,1083.0,3258.0,2.0,0,
186900,1862.7,19.0,115.0,240.6,1083.0,3258.0,2.0,0,
187000,1863.5,17.0,115.0,240.6,1083.0,3258.0,2.0,0,
187100,1867.5,21.5,114.9,240.7,1083.0,3258.0,2.0,0,
187200,1863.6,19.2,115.0,241.1,1083.0,3258.0,2.0,0,
187300,1866.2,19.8,115.0,240.7,1083.0,3258.0,2.0,0,
187400,1866.8,21.1,115.0,240.3,1083.0,3258.0,2.0,0,
187600,1866.2,48.8,127.7,107.4,743.0,4050.0,3.0,1,
187700,1873.0,106.5,128.6,71.5,971.0,3653.0,2.0,0,
187800,1852.9,144.6,124.3,73.3,872.0,2955.0,2.0,0,
187900,1855.4,195.5,126.3,184.7,1110.0,3300.0,2.0,0,
188000,1869.6,120.2,128.0,185.7,985.0,2938.0,2.0,0,
188100,1853.1,99.6,132.7,123.0,963.0,2811.0,2.0,0,
188200,1865.4,21.7,132.7,134.0,963.0,2811.0,2.0,0,
188300,1859.8,19.1,132.8,100.1,963.0,2811.0,2.0,0,
188400,1864.2,20.1,132.8,76.9,963.0,2811.0,2.0,0,
188600,1864.1,17.1,132.8,240.4,963.0,2811.0,2.0,0,
188700,1864.8,22.1,132.9,240.6,963.0,2811.0,2.0,0,
188800,1863.5,19.6,132.9,240.9,963.0,2811.0,2.0,0,
188900,1863.0,19.8,132.9,240.9,963.0,2811.0,2.0,0,
189000,1863.8,19.6,133.0,240.5,963.0,2811.0,2.0,0,
189100,1874.4,26.5,132.6,240.4,963.0,2811.0,2.0,0,
189200,1869.2,41.0,124.3,239.2,762.0,3641.0,3.0,1,
189300,1854.8,109.2,127.2,36.4,897.0,3193.0,2.0,0,
189400,1850.9,189.4,128.6,74.7,1183.0,3755.0,28.0,0,
189600,1864.4,126.6,125.5,175.8,987.0,2955.0,2.0,0,
189700,1872.8,147.2,124.5,197.9,945.0,2647.0,2.0,0,
189800,1852.6,22.8,123.5,226.7,937.0,2430.0,2.0,0,
189900,1863.0,19.8,123.4,157.6,937.0,2430.0,2.0,0,
190000,1864.5,18.5,123.4,86.8,937.0,2430.0,2.0,0,
190100,1863.7,19.7,123.4,93.1,937.0,2430.0,2.0,0,
190200,1864.7,18.2,123.3,240.2,937.0,2430.0,2.0,0,
190300,1866.2,15.4,123.3,240.5,937.0,2430.0,2.0,0,
190400,1862.5,18.5,123.2,240.6,937.0,2430.0,2.0,0,
190600,1864.9,19.4,123.2,240.4,937.0,2430.0,2.0,0,
190700,1861.5,18.5,123.3,240.8,937.0,2430.0,2.0,0,
190800,1853.5,62.1,122.6,238.2,677.0,3536.0,4.0,1,
190900,1870.2,92.1,124.1,43.2,844.0,3071.0,2.0,0,
191000,1854.6,171.2,125.1,90.8,1370.0,3943.0,28.0,0,
191100,1866.1,205.2,128.9,207.3,1079.0,3151.0,2.0,0,
191200,1874.5,85.4,129.9,218.3,1020.0,3268.0,2.0,0,
191300,1851.7,185.4,129.2,158.7,1455.0,3885.0,28.0,0,
191400,1871.7,28.3,131.2,158.1,1133.0,2990.0,2.0,0,
191600,1864.6,20.3,131.3,249.4,1133.0,2990.0,2.0,0,
191700,1865.6,18.0,131.3,282.0,1133.0,2990.0,2.0,0,
191800,1864.7,21.3,131.3,240.8,1133.0,2990.0,2.0,0,
191900,1865.2,18.9,131.3,240.5,1133.0,2990.0,2.0,0,
192000,1864.6,21.4,131.3,240.6,1133.0,2990.0,2.0,0,
192100,1867.4,20.4,131.3,240.6,1133.0,2990.0,2.0,0,
192200,1862.2,19.2,131.3,240.3,1133.0,2990.0,2.0,0,
192300,1865.8,19.5,131.2,240.2,1133.0,2990.0,2.0,0,
192400,1856.0,91.6,128.2,240.1,616.0,3561.0,4.0,1,
192600,1875.4,187.4,139.1,205.6,910.0,3080.0,2.0,0,
192700,1842.9,102.2,136.4,197.3,953.0,3168.0,2.0,0,
192800,1871.0,141.6,135.8,135.8,1066.0,3042.0,2.0,0,
192900,1853.9,202.8,138.0,144.2,993.0,3197.0,28.0,0,
193000,1875.6,41.9,137.0,174.7,1006.0,2948.0,2.0,0,
193100,1860.9,21.9,137.0,168.9,1006.0,2948.0,2.0,0,
193200,1864.2,17.0,137.0,216.1,1006.0,2948.0,2.0,0,
193300,1864.9,21.3,137.0,253.8,1006.0,2948.0,2.0,0,
193400,1864.0,18.9,137.0,240.8,1006.0,2948.0,2.0,0,
193600,1864.8,17.3,137.0,240.5,1006.0,2948.0,2.0,0,
193700,1863.6,16.2,137.1,240.5,1006.0,2948.0,2.0,0,
193800,1863.8,18.2,137.1,240.6,1006.0,2948.0,2.0,0,
193900,1866.0,19.6,137.0,240.4,1006.0,2948.0,2.0,0,
194000,1855.0,25.0,137.0,240.6,573.0,3464.0,6.0,1,
194100,1883.4,43.4,131.0,239.5,730.0,4069.0,4.0,1,
194200,1847.7,86.1,116.0,45.6,924.0,3976.0,4.0,1,
194300,1859.8,30.9,104.3,39.2,1128.0,4472.0,4.0,1,
194400,1874.6,41.0,94.4,38.7,1093.0,4577.0,5.0,1,
194600,1864.1,17.1,55.1,44.1,1100.0,4238.0,4.0,1,
194700,1864.9,18.5,55.0,44.6,1100.0,4238.0,4.0,1,
194800,1863.9,19.9,55.1,208.3,1100.0,4238.0,4.0,1,
194900,1865.1,17.7,55.1,240.2,1100.0,4238.0,4.0,1,
195000,1863.7,20.5,54.9,240.3,1100.0,4238.0,4.0,1,
195100,1867.5,20.7,54.9,240.4,1100.0,4238.0,4.0,1,
195200,1865.7,18.6,55.0,240.5,1100.0,4238.0,4.0,1,
195300,1861.8,18.2,54.9,240.4,1100.0,4238.0,4.0,1,
195400,1862.4,18.5,55.0,240.4,1100.0,4238.0,4.0,1,
195600,1866.3,26.5,55.1,240.8,652.0,3548.0,6.0,1,
195700,1864.8,47.0,54.9,164.6,813.0,3859.0,3.0,1,
195800,1858.3,20.4,54.8,84.7,903.0,3986.0,3.0,1,
195900,1859.8,36.6,46.6,82.1,892.0,3879.0,4.0,1,
196000,1889.9,67.9,51.6,74.7,1009.0,4198.0,5.0,1,
196100,1843.3,29.7,52.2,29.6,1118.0,4435.0,5.0,1,
196200,1855.4,24.9,52.4,29.8,1181.0,4212.0,4.0,1,
196300,1867.3,18.2,52.4,35.5,1181.0,4212.0,4.0,1,
196400,1865.5,20.2,52.5,130.3,1181.0,4212.0,4.0,1,
196600,1863.5,17.8,52.6,240.9,1181.0,4212.0,4.0,1,
196700,1863.6,18.8,52.5,240.8,1181.0,4212.0,4.0,1,
196800,1865.5,17.9,52.6,240.6,1181.0,4212.0,4.0,1,
196900,1863.4,19.7,52.6,240.5,1181.0,4212.0,4.0,1,
197000,1864.9,17.7,52.5,240.4,1181.0,4212.0,4.0,1,
197100,1862.2,18.5,52.5,240.7,1181.0,4212.0,4.0,1,
197200,1864.1,79.3,52.5,240.7,1181.0,4212.0,4.0,1,
197300,1870.2,18.8,53.0,183.8,654.0,3446.0,4.0,1,
197400,1867.7,29.8,52.1,79.1,743.0,3873.0,5.0,1,
197600,1858.6,37.9,48.2,75.0,1032.0,4268.0,4.0,1,
197700,1860.5,24.3,47.0,41.3,1055.0,4472.0,5.0,1,
197800,1863.8,16.1,46.8,39.0,1069.0,4090.0,4.0,1,
197900,1864.4,22.1,47.0,41.1,928.0,3791.0,4.0,1,
198000,1863.8,20.8,47.0,141.0,928.0,3791.0,4.0,1,
198100,1866.1,22.6,47.0,239.3,928.0,3791.0,4.0,1,
198200,1861.5,17.5,47.0,240.0,928.0,3791.0,4.0,1,
198300,1863.7,18.4,46.9,240.2,928.0,3791.0,4.0,1,
198400,1863.3,17.9,46.8,240.5,928.0,3791.0,4.0,1,
198600,1863.9,20.8,46.8,240.6,928.0,3791.0,4.0,1,
198700,1865.9,17.3,46.9,240.5,928.0,3791.0,4.0,1,
198800,1864.7,16.5,46.9,240.6,928.0,3791.0,4.0,1,
198900,1873.7,54.5,44.9,240.6,620.0,3290.0,4.0,1,
199000,1869.4,118.4,61.8,108.8,1239.0,3735.0,28.0,0,
199100,1845.2,207.9,88.6,99.6,777.0,2904.0,2.0,0,
199200,1867.6,187.9,99.2,166.7,974.0,3212.0,2.0,0,
199300,1860.9,198.7,118.9,169.9,1440.0,3872.0,28.0,0,
199400,1872.0,197.4,135.2,196.7,954.0,2872.0,2.0,0,
199600,1864.3,18.6,141.4,185.4,954.0,2872.0,2.0,0,
199700,1863.1,17.5,141.5,134.1,954.0,2872.0,2.0,0,
199800,1863.5,18.0,141.5,112.0,954.0,2872.0,2.0,0,
199900,1863.1,17.5,141.5,239.9,954.0,2872.0,2.0,0,
200000,1866.3,18.3,141.4,240.6,954.0,2872.0,2.0,0,
200100,1862.0,18.7,141.5,240.6,954.0,2872.0,2.0,0,
200200,1864.2,19.7,141.5,240.4,954.0,2872.0,2.0,0,
200300,1863.5,17.1,141.5,240.5,954.0,2872.0,2.0,0,
200400,1865.1,19.1,141.5,240.8,954.0,2872.0,2.0,0,
200600,1867.6,123.5,144.2,238.7,796.0,3053.0,3.0,1,
200700,1851.8,201.7,143.6,199.6,896.0,3462.0,2.0,0,
200800,1861.0,203.4,138.2,200.1,912.0,3094.0,2.0,0,
200900,1886.2,132.1,137.3,188.6,1025.0,3754.0,28.0,0,
201000,1840.8,186.2,136.1,187.5,1056.0,3458.0,2.0,0,
201100,1876.8,49.1,132.6,168.2,1163.0,3143.0,2.0,0,
201200,1861.6,17.9,132.6,198.0,1163.0,3143.0,2.0,0,
201300,1862.5,16.2,132.6,218.2,1163.0,3143.0,2.0,0,
201400,1863.8,19.8,132.5,253.8,1163.0,3143.0,2.0,0,
201600,1862.1,18.3,132.6,240.5,1163.0,3143.0,2.0,0,
201700,1864.4,18.2,132.6,240.2,1163.0,3143.0,2.0,0,
201800,1861.6,17.9,132.6,240.1,1163.0,3143.0,2.0,0,
201900,1862.6,17.9,132.6,240.4,1163.0,3143.0,2.0,0,
202000,1862.1,18.3,132.7,240.5,1163.0,3143.0,2.0,0,
202100,1858.3,11.4,132.5,240.9,674.0,3767.0,5.0,1,
202200,1871.9,241.8,140.2,237.9,715.0,2955.0,2.0,0,
202300,1865.5,181.0,142.6,142.7,944.0,3603.0,2.0,0,
202400,1856.9,86.3,145.6,134.0,992.0,3164.0,2.0,0,
202600,1851.0,197.1,144.1,167.7,973.0,2723.0,2.0,0,
202700,1874.6,67.4,144.2,212.2,1047.0,3182.0,2.0,0,
202800,1865.0,19.5,144.2,211.7,1047.0,3182.0,2.0,0,
202900,1862.7,20.3,144.2,205.6,1047.0,3182.0,2.0,0,
203000,1865.9,18.9,144.2,236.6,1047.0,3182.0,2.0,0,
203100,1866.9,21.7,144.1,240.2,1047.0,3182.0,2.0,0,
203200,1867.7,17.3,144.1,240.4,1047.0,3182.0,2.0,0,
203300,1865.4,19.5,144.1,240.2,1047.0,3182.0,2.0,0,
203400,1865.6,16.6,144.0,240.1,1047.0,3182.0,2.0,0,
203600,1865.2,20.5,144.0,240.6,1047.0,3182.0,2.0,0,
203700,1855.0,17.3,144.0,240.1,1047.0,3182.0,2.0,0,
203800,1896.7,30.6,136.7,220.0,742.0,3946.0,5.0,1,
203900,1836.7,139.5,122.1,84.9,1329.0,4317.0,28.0,0,
204000,1865.3,159.6,122.0,83.3,1026.0,3343.0,2.0,0,
204100,1864.3,145.9,125.3,133.6,1060.0,3349.0,2.0,0,
204200,1847.5,191.4,126.3,187.1,897.0,2591.0,2.0,0,
204300,1883.8,176.6,124.5,186.4,1126.0,3219.0,2.0,0,
204400,1853.3,23.3,127.3,187.6,867.0,2487.0,2.0,0,
204600,1864.2,18.7,127.3,151.9,867.0,2487.0,2.0,0,
204700,1866.4,19.5,127.3,124.6,867.0,2487.0,2.0,0,
204800,1862.4,16.2,127.3,240.3,867.0,2487.0,2.0,0,
204900,1863.0,15.3,127.4,240.6,867.0,2487.0,2.0,0,
205000,1863.2,16.8,127.4,240.5,867.0,2487.0,2.0,0,
205100,1865.1,18.5,127.4,240.8,867.0,2487.0,2.0,0,
205200,1862.0,20.0,127.4,240.6,867.0,2487.0,2.0,0,
205300,1861.4,16.9,127.5,240.6,867.0,2487.0,2.0,0,
205400,1872.3,115.8,136.7,195.3,791.0,3973.0,3.0,1,
205600,1872.3,246.6,141.6,72.5,1393.0,3566.0,2.0,0,
205700,1875.6,120.9,141.4,135.2,958.0,3112.0,2.0,0,
205800,1850.2,139.0,139.5,166.4,923.0,2634.0,2.0,0,
205900,1858.4,116.9,138.8,188.0,1158.0,3314.0,2.0,0,
206000,1860.3,30.8,138.8,216.1,990.0,2692.0,2.0,0,
206100,1864.0,19.8,138.7,198.9,990.0,2692.0,2.0,0,
206200,1865.7,17.0,138.7,148.0,990.0,2692.0,2.0,0,
206300,1867.0,15.3,138.6,102.6,990.0,2692.0,2.0,0,
206400,1863.1,14.2,138.6,240.1,990.0,2692.0,2.0,0,
206600,1862.6,17.7,138.7,240.9,990.0,2692.0,2.0,0,
206700,1865.7,17.0,138.7,241.0,990.0,2692.0,2.0,0,
206800,1865.5,18.8,138.6,240.8,990.0,2692.0,2.0,0,
206900,1860.0,18.3,138.6,240.4,990.0,2692.0,2.0,0,
207000,1872.7,46.5,130.8,240.0,639.0,3376.0,4.0,1,
207100,1866.2,143.6,132.1,156.3,1352.0,3901.0,28.0,0,
207200,1868.3,169.1,128.1,94.0,952.0,3434.0,2.0,0,
207300,1858.0,113.9,123.4,200.7,1012.0,3506.0,2.0,0,
207400,1857.6,183.9,121.0,199.6,1385.0,3827.0,28.0,0,
207600,1866.7,46.2,125.5,218.5,1014.0,3009.0,2.0,0,
207700,1862.2,20.5,125.5,166.2,1014.0,3009.0,2.0,0,
207800,1863.2,15.1,125.5,130.5,1014.0,3009.0,2.0,0,
207900,1863.7,17.1,125.5,94.3,1014.0,3009.0,2.0,0,
208000,1864.8,20.4,125.5,238.9,1014.0,3009.0,2.0,0,
208100,1866.1,17.3,125.5,240.4,1014.0,3009.0,2.0,0,
208200,1862.8,18.7,125.5,240.8,1014.0,3009.0,2.0,0,
208300,1866.1,19.4,125.5,240.7,1014.0,3009.0,2.0,0,
208400,1861.1,16.8,125.6,240.7,1014.0,3009.0,2.0,0,
208600,1854.0,35.3,125.8,241.0,593.0,3558.0,4.0,1,
208700,1884.3,107.6,129.2,230.0,1299.0,4085.0,28.0,0,
208800,1836.0,161.9,130.6,155.0,952.0,3008.0,2.0,0,
208900,1876.0,95.6,129.2,228.9,1023.0,3131.0,2.0,0,
209000,1859.1,176.2,129.3,221.1,1409.0,4065.0,28.0,0,
209100,1862.3,166.6,127.0,218.1,1068.0,3061.0,2.0,0,
209200,1871.5,60.5,127.0,230.2,1050.0,2978.0,2.0,0,
209300,1861.7,19.6,127.0,218.2,1050.0,2978.0,2.0,0,
209400,1860.6,18.7,127.1,201.3,1050.0,2978.0,2.0,0,
209600,1864.6,16.3,127.0,241.2,1050.0,2978.0,2.0,0,
209700,1861.1,18.0,127.0,240.3,1050.0,2978.0,2.0,0,
209800,1865.2,15.1,127.0,240.2,1050.0,2978.0,2.0,0,
209900,1861.6,17.3,127.0,239.8,1050.0,2978.0,2.0,0,
210000,1865.3,17.3,126.9,239.9,1050.0,2978.0,2.0,0,
210100,1865.4,17.1,126.9,240.4,1050.0,2978.0,2.0,0,
210200,1866.2,25.6,126.7,240.6,536.0,3101.0,6.0,1,
210300,1858.3,135.0,133.1,239.4,738.0,3159.0,2.0,0,
210400,1849.4,202.8,138.8,104.3,836.0,3281.0,2.0,0,
210600,1884.4,160.6,141.4,166.4,1417.0,4011.0,28.0,0,
210700,1837.0,146.2,141.1,187.0,1047.0,3325.0,2.0,0,
210800,1869.5,83.5,137.9,185.3,1003.0,3080.0,2.0,0,
210900,1864.4,20.4,137.9,207.1,1003.0,3080.0,2.0,0,
211000,1863.5,13.9,137.8,205.5,1003.0,3080.0,2.0,0,
211100,1862.9,16.5,137.8,225.7,1003.0,3080.0,2.0,0,
211200,1866.4,17.3,137.7,238.2,1003.0,3080.0,2.0,0,
211300,1864.1,16.4,137.7,240.4,1003.0,3080.0,2.0,0,
211400,1861.5,18.4,137.8,240.3,1003.0,3080.0,2.0,0,
211600,1861.6,16.1,137.8,240.4,1003.0,3080.0,2.0,0,
211700,1865.1,17.0,137.8,240.4,1003.0,3080.0,2.0,0,
211800,1865.0,14.8,137.8,240.0,1003.0,3080.0,2.0,0,
211900,1873.5,117.0,135.1,236.3,691.0,3736.0,4.0,1,
212000,1853.3,141.5,122.5,85.4,896.0,4382.0,5.0,1,
212100,1873.2,64.4,123.4,77.9,931.0,3188.0,2.0,0,
212200,1860.9,143.5,117.5,100.1,976.0,2981.0,2.0,0,
212300,1845.8,187.2,118.6,198.5,995.0,3217.0,2.0,0,
212400,1873.7,202.3,114.9,226.3,1020.0,3229.0,2.0,0,
212600,1860.8,15.1,120.0,185.3,1020.0,3229.0,2.0,0,
212700,1860.3,14.7,120.0,154.0,1020.0,3229.0,2.0,0,
212800,1863.0,20.3,120.1,136.0,1020.0,3229.0,2.0,0,
212900,1861.3,17.5,120.1,240.1,1020.0,3229.0,2.0,0,
213000,1862.8,16.3,120.1,240.7,1020.0,3229.0,2.0,0,
213100,1862.8,17.6,120.1,240.4,1020.0,3229.0,2.0,0,
213200,1863.3,14.5,120.1,240.5,1020.0,3229.0,2.0,0,
213300,1861.9,16.0,120.2,240.4,1020.0,3229.0,2.0,0,
213400,1862.2,16.0,120.2,240.3,1020.0,3229.0,2.0,0,
213600,1856.5,122.1,120.4,79.6,822.0,4188.0,4.0,1,
213700,1854.2,120.2,120.0,75.6,1008.0,3336.0,2.0,0,
213800,1874.1,119.7,122.1,136.2,1057.0,3165.0,2.0,0,
213900,1848.1,202.8,129.0,206.3,869.0,2630.0,2.0,0,
214000,1875.9,172.5,127.0,219.0,1058.0,3012.0,2.0,0,
214100,1846.4,39.2,128.4,185.8,992.0,2869.0,2.0,0,
214200,1863.4,17.6,128.4,154.4,992.0,2869.0,2.0,0,
214300,1863.4,19.5,128.4,98.7,992.0,2869.0,2.0,0,
214400,1864.6,18.1,128.3,69.3,992.0,2869.0,2.0,0,
214600,1863.8,18.8,128.2,240.7,992.0,2869.0,2.0,0,
214700,1866.8,18.1,128.3,240.4,992.0,2869.0,2.0,0,
214800,1864.5,18.1,128.3,240.0,992.0,2869.0,2.0,0,
214900,1864.7,16.4,128.2,240.0,992.0,2869.0,2.0,0,
215000,1861.4,18.7,128.2,240.6,992.0,2869.0,2.0,0,
215100,1867.9,28.7,126.0,240.9,579.0,3035.0,3.0,1,
215200,1859.1,141.9,128.2,239.5,1254.0,3923.0,28.0,0,
215300,1864.8,241.7,138.0,221.7,1157.0,3755.0,2.0,0,
215400,1865.9,115.5,136.2,185.2,1007.0,3288.0,2.0,0,
215600,1847.4,174.8,138.5,185.6,1032.0,3051.0,2.0,0,
215700,1870.8,57.7,135.7,185.1,1164.0,3177.0,2.0,0,
215800,1861.0,20.6,135.8,167.8,1164.0,3177.0,2.0,0,
215900,1863.5,17.6,135.8,154.0,1164.0,3177.0,2.0,0,
216000,1863.7,14.8,135.8,149.8,1164.0,3177.0,2.0,0,
216100,1863.1,18.3,135.7,239.3,1164.0,3177.0,2.0,0,
216200,1865.1,17.9,135.8,240.6,1164.0,3177.0,2.0,0,
216300,1864.1,16.3,135.8,240.7,1164.0,3177.0,2.0,0,
216400,1864.0,16.1,135.7,240.5,1164.0,3177.0,2.0,0,
216600,1863.9,19.4,135.7,240.3,1164.0,3177.0,2.0,0,
216700,1864.7,27.2,135.6,240.5,578.0,3478.0,6.0,1,
216800,1858.3,28.1,135.8,240.2,740.0,3822.0,4.0,1,
216900,1871.4,45.3,119.3,154.2,897.0,4605.0,5.0,1,
217000,1870.0,28.7,104.2,89.0,939.0,4079.0,4.0,1,
217100,1855.1,18.5,82.4,84.0,993.0,4394.0,5.0,1,
217200,1857.4,26.8,70.9,92.8,1018.0,4236.0,4.0,1,
217300,1872.3,25.9,29.1,90.9,1056.0,4096.0,5.0,1,
217400,1865.5,17.2,29.0,122.8,1056.0,4096.0,5.0,1,
217600,1862.7,17.8,28.8,237.8,1056.0,4096.0,5.0,1,
217700,1866.6,17.6,29.1,240.2,1056.0,4096.0,5.0,1,
217800,1860.3,15.9,29.0,240.6,1056.0,4096.0,5.0,1,
217900,1865.8,17.9,29.0,240.3,1056.0,4096.0,5.0,1,
218000,1861.2,17.3,29.0,240.0,1056.0,4096.0,5.0,1,
218100,1864.5,18.8,29.3,240.0,1056.0,4096.0,5.0,1,
218200,1864.2,17.1,29.3,240.1,1056.0,4096.0,5.0,1,
218300,1856.1,14.0,29.1,240.9,1056.0,4096.0,5.0,1,
218400,1889.3,39.8,37.4,240.7,628.0,3646.0,5.0,1,
218600,1867.5,19.7,36.2,81.7,927.0,4330.0,4.0,1,
218700,1859.2,142.2,43.9,79.9,1091.0,3943.0,2.0,0,
218800,1848.0,218.5,74.4,157.7,1224.0,3468.0,2.0,0,
218900,1883.8,83.6,92.3,166.5,1087.0,3198.0,2.0,0,
219000,1852.3,20.5,92.3,138.9,974.0,3121.0,2.0,0,
219100,1862.1,17.6,92.3,155.8,974.0,3121.0,2.0,0,
219200,1863.3,19.1,92.3,227.5,974.0,3121.0,2.0,0,
219300,1864.5,16.3,92.4,240.3,974.0,3121.0,2.0,0,
219400,1864.8,18.2,92.4,240.3,974.0,3121.0,2.0,0,
219600,1863.3,18.0,92.5,240.6,974.0,3121.0,2.0,0,
219700,1864.6,18.5,92.5,240.4,974.0,3121.0,2.0,0,
219800,1864.3,15.4,92.4,240.4,974.0,3121.0,2.0,0,
219900,1864.8,16.5,92.4,239.9,974.0,3121.0,2.0,0,
220000,1872.1,42.3,92.3,239.0,706.0,3900.0,5.0,1,
220100,1849.6,20.5,92.4,92.5,979.0,4690.0,5.0,1,
220200,1871.9,32.5,92.5,80.8,909.0,4069.0,4.0,1,
220300,1882.2,20.1,91.3,79.2,1129.0,4739.0,5.0,1,
220400,1850.5,33.7,73.2,78.3,1021.0,4474.0,4.0,1,
220600,1861.0,16.6,37.5,137.5,1054.0,4179.0,4.0,1,
220700,1863.8,16.3,37.6,158.0,1054.0,4179.0,4.0,1,
220800,1865.0,18.7,37.5,238.0,1054.0,4179.0,4.0,1,
220900,1864.0,18.0,37.5,240.1,1054.0,4179.0,4.0,1,
221000,1865.9,17.8,37.5,240.8,1054.0,4179.0,4.0,1,
221100,1861.1,14.8,37.3,241.0,1054.0,4179.0,4.0,1,
221200,1864.9,17.8,37.3,241.0,1054.0,4179.0,4.0,1,
221300,1860.9,15.7,37.3,240.7,1054.0,4179.0,4.0,1,
221400,1867.8,18.7,37.3,240.4,1054.0,4179.0,4.0,1,
221600,1867.9,46.3,35.6,238.7,547.0,3171.0,5.0,1,
221700,1852.3,115.5,35.3,80.2,705.0,3361.0,3.0,1,
221800,1884.0,169.5,66.9,77.2,811.0,3327.0,2.0,0,
221900,1852.3,154.3,91.0,145.5,968.0,3171.0,2.0,0,
222000,1846.8,191.4,109.4,174.3,929.0,3223.0,2.0,0,
222100,1876.0,195.7,118.2,167.9,984.0,3112.0,2.0,0,
222200,1855.9,46.2,130.0,187.2,1010.0,2702.0,2.0,0,
222300,1864.7,17.5,130.0,166.8,1010.0,2702.0,2.0,0,
222400,1863.2,15.2,130.0,108.9,1010.0,2702.0,2.0,0,
222600,1862.8,16.5,130.0,202.6,1010.0,2702.0,2.0,0,
222700,1865.4,18.4,129.9,240.5,1010.0,2702.0,2.0,0,
222800,1861.7,15.9,130.0,240.5,1010.0,2702.0,2.0,0,
222900,1862.5,15.1,129.9,240.3,1010.0,2702.0,2.0,0,
223000,1866.1,19.2,130.0,240.3,1010.0,2702.0,2.0,0,
223100,1866.2,18.4,130.0,240.4,1010.0,2702.0,2.0,0,
223200,1875.4,83.6,128.5,240.3,660.0,3637.0,6.0,1,
223300,1862.7,103.4,130.8,238.2,746.0,4010.0,4.0,1,
223400,1856.7,100.1,132.5,91.8,942.0,3349.0,2.0,0,
223600,1853.1,217.2,124.2,226.1,1002.0,3228.0,2.0,0,
223700,1871.5,202.6,125.3,238.3,1052.0,3254.0,2.0,0,
223800,1854.5,67.7,126.1,218.9,1051.0,2959.0,2.0,0,
223900,1864.8,19.6,126.0,166.4,1051.0,2959.0,2.0,0,
224000,1864.8,16.1,126.1,122.3,1051.0,2959.0,2.0,0,
224100,1865.1,16.8,126.0,93.3,1051.0,2959.0,2.0,0,
224200,1866.5,17.7,126.0,228.4,1051.0,2959.0,2.0,0,
224300,1864.3,16.8,126.0,240.8,1051.0,2959.0,2.0,0,
224400,1861.9,13.8,125.9,240.5,1051.0,2959.0,2.0,0,
224600,1862.8,19.6,125.9,240.2,1051.0,2959.0,2.0,0,
224700,1865.4,19.1,125.9,239.5,1051.0,2959.0,2.0,0,
224800,1882.0,18.4,125.9,239.7,560.0,3250.0,6.0,1,
224900,1844.1,25.5,124.4,240.0,744.0,4252.0,3.0,1,
225000,1869.5,46.7,114.3,238.9,875.0,4299.0,5.0,1,
225100,1870.3,144.3,112.9,143.3,966.0,3274.0,2.0,0,
225200,1867.5,167.0,117.2,105.9,982.0,3028.0,2.0,0,
225300,1851.4,115.0,112.1,158.4,1119.0,3280.0,2.0,0,
225400,1864.8,121.3,112.3,189.4,1020.0,2971.0,2.0,0,
225600,1862.0,17.2,112.4,186.3,1020.0,2971.0,2.0,0,
225700,1862.4,18.7,112.4,187.9,1020.0,2971.0,2.0,0,
225800,1865.5,18.6,112.4,239.7,1020.0,2971.0,2.0,0,
225900,1863.1,18.2,112.4,240.4,1020.0,2971.0,2.0,0,
226000,1862.3,15.5,112.5,240.4,1020.0,2971.0,2.0,0,
226100,1864.0,20.2,112.5,240.2,1020.0,2971.0,2.0,0,
226200,1862.9,16.2,112.5,240.1,1020.0,2971.0,2.0,0,
226300,1865.2,16.4,112.5,240.0,1020.0,2971.0,2.0,0,
226400,1865.6,23.4,112.4,239.8,1020.0,2971.0,2.0,0,
226600,1865.1,20.1,112.5,238.1,778.0,4162.0,3.0,1,
226700,1882.7,38.3,104.3,217.4,929.0,4174.0,5.0,1,
226800,1837.0,24.7,89.1,219.3,996.0,4522.0,5.0,1,
226900,1864.8,19.8,75.1,110.2,1001.0,4284.0,4.0,1,
227000,1859.1,141.6,52.4,88.1,1042.0,3334.0,2.0,0,
227100,1867.7,24.8,46.3,105.8,1002.0,3139.0,2.0,0,
227200,1865.3,19.3,46.4,165.4,1002.0,3139.0,2.0,0,
227300,1863.3,21.4,46.5,216.1,1002.0,3139.0,2.0,0,
227400,1864.8,19.2,46.5,239.9,1002.0,3139.0,2.0,0,
227600,1865.3,18.5,46.6,240.7,1002.0,3139.0,2.0,0,
227700,1863.7,15.4,46.5,240.5,1002.0,3139.0,2.0,0,
227800,1866.5,16.9,46.5,239.8,1002.0,3139.0,2.0,0,
227900,1863.3,16.6,46.6,239.9,1002.0,3139.0,2.0,0,
228000,1865.7,19.8,46.6,240.2,1002.0,3139.0,2.0,0,
228100,1863.6,138.4,49.3,240.3,600.0,3734.0,5.0,1,
228200,1866.9,245.0,99.7,163.1,1113.0,3329.0,2.0,0,
228300,1868.2,160.5,118.8,125.7,1010.0,3434.0,2.0,0,
228400,1852.6,194.9,133.2,125.5,1029.0,3014.0,2.0,0,
228600,1886.5,161.1,156.0,200.0,1619.0,4069.0,28.0,0,
228700,1845.2,29.8,155.2,197.6,1136.0,3114.0,2.0,0,
228800,1865.2,14.9,155.2,165.6,1136.0,3114.0,2.0,0,
228900,1862.1,14.7,155.1,200.7,1136.0,3114.0,2.0,0,
229000,1864.2,15.6,155.1,239.5,1136.0,3114.0,2.0,0,
229100,1862.8,13.9,155.1,240.4,1136.0,3114.0,2.0,0,
229200,1863.2,15.0,155.1,240.2,1136.0,3114.0,2.0,0,
229300,1864.0,16.7,155.1,240.3,1136.0,3114.0,2.0,0,
229400,1862.8,18.9,155.2,240.4,1136.0,3114.0,2.0,0,
229600,1863.4,13.4,155.2,240.1,1136.0,3114.0,2.0,0,
229700,1858.2,62.4,157.2,239.6,627.0,3530.0,6.0,1,
229800,1864.6,36.2,140.4,102.2,897.0,4593.0,5.0,1,
229900,1869.9,152.7,130.8,83.7,1029.0,3361.0,2.0,0,
230000,1850.7,194.5,126.9,83.6,936.0,3024.0,2.0,0,
230100,1874.0,84.7,127.0,158.6,1071.0,3363.0,2.0,0,
230200,1860.4,154.4,120.2,183.5,1128.0,3051.0,2.0,0,
230300,1858.2,33.0,118.1,197.7,1166.0,3314.0,2.0,0,
230400,1859.8,15.8,118.2,217.4,1166.0,3314.0,2.0,0,
230600,1862.9,16.7,118.2,227.8,1166.0,3314.0,2.0,0,
230700,1864.4,13.8,118.2,240.3,1166.0,3314.0,2.0,0,
230800,1860.9,15.1,118.2,240.7,1166.0,3314.0,2.0,0,
230900,1862.0,14.0,118.2,240.2,1166.0,3314.0,2.0,0,
231000,1863.3,12.9,118.2,239.6,1166.0,3314.0,2.0,0,
231100,1863.2,13.1,118.1,240.1,1166.0,3314.0,2.0,0,
231200,1865.4,14.7,118.1,240.5,1166.0,3314.0,2.0,0,
231300,1858.7,22.0,118.1,240.3,572.0,3310.0,5.0,1,
231400,1867.4,37.8,118.8,212.5,835.0,4033.0,3.0,1,
231600,1841.7,182.4,124.2,43.9,914.0,2985.0,2.0,0,
231700,1863.9,136.8,121.8,154.1,1094.0,3244.0,2.0,0,
231800,1866.3,157.0,127.1,189.1,1104.0,3246.0,2.0,0,
231900,1852.3,92.0,129.1,199.0,1064.0,2733.0,2.0,0,
232000,1863.3,16.6,129.1,196.4,1064.0,2733.0,2.0,0,
232100,1863.0,17.9,129.1,156.1,1064.0,2733.0,2.0,0,
232200,1862.7,15.9,129.1,122.7,1064.0,2733.0,2.0,0,
232300,1864.2,14.4,129.1,106.3,1064.0,2733.0,2.0,0,
232400,1862.8,16.3,129.1,239.5,1064.0,2733.0,2.0,0,
232600,1861.7,17.2,129.1,240.0,1064.0,2733.0,2.0,0,
232700,1863.0,14.7,129.2,240.1,1064.0,2733.0,2.0,0,
232800,1863.4,14.3,129.2,240.1,1064.0,2733.0,2.0,0,
232900,1863.8,186.3,129.3,239.9,1064.0,2733.0,2.0,0,
233000,1881.6,199.9,146.4,93.9,1349.0,3308.0,2.0,0,
233100,1851.4,144.1,150.7,75.5,1005.0,3366.0,2.0,0,
233200,1845.7,196.1,151.6,123.2,1037.0,3510.0,2.0,0,
233300,1875.5,94.8,150.4,176.5,1153.0,3460.0,2.0,0,
233400,1863.5,130.6,150.4,168.6,1224.0,3666.0,2.0,0,
233600,1852.5,23.4,152.1,199.9,1115.0,2809.0,2.0,0,
233700,1862.5,15.9,152.1,134.3,1115.0,2809.0,2.0,0,
233800,1863.1,13.9,152.1,88.0,1115.0,2809.0,2.0,0,
233900,1862.7,16.1,152.1,70.5,1115.0,2809.0,2.0,0,
234000,1864.5,14.6,152.2,239.8,1115.0,2809.0,2.0,0,
234100,1862.3,12.8,152.2,240.6,1115.0,2809.0,2.0,0,
234200,1864.4,14.7,152.1,240.2,1115.0,2809.0,2.0,0,
234300,1863.2,14.8,152.1,240.3,1115.0,2809.0,2.0,0,
234400,1862.2,14.8,152.1,240.3,1115.0,2809.0,2.0,0,
234600,1862.6,16.2,135.1,240.4,613.0,3470.0,4.0,1,
234700,1873.2,57.2,120.8,240.4,828.0,3828.0,6.0,1,
234800,1852.5,137.5,107.5,228.2,1130.0,4468.0,5.0,1,
234900,1871.3,175.8,104.6,89.4,1178.0,3821.0,2.0,0,
235000,1862.2,119.3,104.8,132.7,1346.0,4205.0,2.0,0,
235100,1845.7,183.5,106.0,157.7,1291.0,4106.0,2.0,0,
235200,1873.9,31.2,105.0,184.8,1197.0,3626.0,2.0,0,
235300,1862.7,20.3,105.1,166.4,1197.0,3626.0,2.0,0,
235400,1862.4,18.9,105.1,156.1,1197.0,3626.0,2.0,0,
235600,1861.1,18.3,105.1,240.2,1197.0,3626.0,2.0,0,
235700,1862.2,17.4,105.1,240.8,1197.0,3626.0,2.0,0,
235800,1861.0,17.3,105.2,241.0,1197.0,3626.0,2.0,0,
235900,1863.0,16.2,105.3,240.6,1197.0,3626.0,2.0,0,
236000,1862.4,17.1,105.3,240.5,1197.0,3626.0,2.0,0,
236100,1862.5,17.1,105.3,240.6,1197.0,3626.0,2.0,0,
236200,1859.7,51.5,110.7,238.4,629.0,3402.0,5.0,1,
236300,1870.6,111.4,118.2,39.8,784.0,3529.0,2.0,0,
236400,1871.3,165.3,130.3,72.1,865.0,3007.0,2.0,0,
236600,1869.0,179.2,129.8,168.6,987.0,3151.0,2.0,0,
236700,1850.9,203.2,134.3,201.6,947.0,2820.0,2.0,0,
236800,1879.1,41.0,133.4,198.7,1049.0,3132.0,2.0,0,
236900,1862.1,19.6,133.4,142.6,1049.0,3132.0,2.0,0,
237000,1863.3,20.1,133.5,157.5,1049.0,3132.0,2.0,0,
237100,1861.8,18.5,133.5,239.8,1049.0,3132.0,2.0,0,
237200,1863.1,17.8,133.5,240.8,1049.0,3132.0,2.0,0,
237300,1863.5,18.1,133.5,240.8,1049.0,3132.0,2.0,0,
237400,1861.6,16.5,133.5,241.0,1049.0,3132.0,2.0,0,
237600,1862.2,17.4,133.5,239.9,1049.0,3132.0,2.0,0,
237700,1863.3,16.8,133.5,240.1,1049.0,3132.0,2.0,0,
237800,1861.9,23.7,129.5,240.3,627.0,3489.0,6.0,1,
237900,1875.3,46.8,124.6,240.4,823.0,4166.0,4.0,1,
238000,1844.5,141.5,115.0,157.6,956.0,3733.0,2.0,0,
238100,1868.9,230.4,117.2,91.8,1344.0,3606.0,2.0,0,
238200,1867.5,163.0,122.1,100.4,1112.0,3528.0,2.0,0,
238300,1861.4,170.7,118.6,105.7,967.0,3195.0,2.0,0,
238400,1860.8,51.3,116.1,135.8,1090.0,3312.0,2.0,0,
238600,1860.5,15.9,116.1,157.3,1090.0,3312.0,2.0,0,
238700,1862.7,18.1,116.1,203.7,1090.0,3312.0,2.0,0,
238800,1867.8,17.5,116.0,239.9,1090.0,3312.0,2.0,0,
238900,1862.2,16.5,116.0,240.4,1090.0,3312.0,2.0,0,
239000,1863.4,19.1,116.0,240.4,1090.0,3312.0,2.0,0,
239100,1864.3,15.4,115.9,240.1,1090.0,3312.0,2.0,0,
239200,1863.4,18.8,115.9,240.0,1090.0,3312.0,2.0,0,
239300,1863.9,19.3,115.9,240.2,1090.0,3312.0,2.0,0,
239400,1865.7,18.4,115.9,240.5,636.0,3686.0,6.0,1,
239600,1849.2,204.2,140.9,141.4,867.0,3644.0,2.0,0,
239700,1862.0,182.1,142.5,132.5,1087.0,3465.0,2.0,0,
239800,1898.0,139.0,138.2,158.9,1277.0,4181.0,28.0,0,
239900,1834.8,181.1,136.1,207.6,1155.0,3927.0,28.0,0,
240000,1868.9,133.8,140.1,227.9,1061.0,3140.0,2.0,0,
240100,1866.9,21.4,140.1,198.0,1061.0,3140.0,2.0,0,
240200,1863.2,18.0,140.0,139.9,1061.0,3140.0,2.0,0,
240300,1861.5,22.2,140.1,99.2,1061.0,3140.0,2.0,0,
240400,1863.0,18.1,140.2,94.3,1061.0,3140.0,2.0,0,
240600,1864.5,20.0,140.1,240.3,1061.0,3140.0,2.0,0,
240700,1863.3,18.5,140.2,240.2,1061.0,3140.0,2.0,0,
240800,1861.4,17.2,140.2,240.1,1061.0,3140.0,2.0,0,
240900,1864.2,16.1,140.2,240.4,1061.0,3140.0,2.0,0,
241000,1863.3,13.2,140.2,240.4,1061.0,3140.0,2.0,0,
241100,1868.0,226.9,143.8,240.0,1003.0,3153.0,2.0,0,
241200,1856.8,160.0,140.1,199.7,802.0,3205.0,2.0,0,
241300,1871.5,165.4,141.1,166.4,963.0,3269.0,2.0,0,
241400,1862.2,163.5,141.6,194.4,1040.0,3501.0,2.0,0,
241600,1873.0,210.7,145.5,196.5,1101.0,3339.0,2.0,0,
241700,1856.6,26.9,146.3,185.3,968.0,2770.0,2.0,0,
241800,1863.0,17.8,146.3,183.7,968.0,2770.0,2.0,0,
241900,1863.9,16.6,146.2,151.2,968.0,2770.0,2.0,0,
242000,1865.8,20.2,146.2,114.9,968.0,2770.0,2.0,0,
242100,1865.1,21.4,146.2,239.4,968.0,2770.0,2.0,0,
242200,1867.5,17.3,146.1,240.4,968.0,2770.0,2.0,0,
242300,1868.0,20.0,146.0,240.6,968.0,2770.0,2.0,0,
242400,1864.9,21.1,146.0,240.5,968.0,2770.0,2.0,0,
242600,1866.0,18.5,145.9,240.4,968.0,2770.0,2.0,0,
242700,1886.5,102.7,143.3,238.3,535.0,3194.0,6.0,1,
242800,1848.4,136.5,130.2,78.5,1248.0,3911.0,28.0,0,
242900,1868.6,202.2,137.6,72.7,1295.0,3150.0,2.0,0,
243000,1869.1,132.8,134.4,142.2,1113.0,3650.0,2.0,0,
243100,1850.1,180.0,128.9,194.5,1152.0,3625.0,2.0,0,
243200,1885.0,110.3,130.8,189.1,1291.0,3594.0,2.0,0,
243300,1841.4,40.2,129.6,199.5,1136.0,3068.0,2.0,0,
243400,1862.9,18.3,129.6,167.1,1136.0,3068.0,2.0,0,
243600,1865.0,24.3,129.7,112.2,1136.0,3068.0,2.0,0,
243700,1866.7,17.5,129.6,239.3,1136.0,3068.0,2.0,0,
243800,1863.3,18.4,129.6,240.3,1136.0,3068.0,2.0,0,
243900,1861.8,19.0,129.7,240.2,1136.0,3068.0,2.0,0,
244000,1867.2,20.1,129.8,240.3,1136.0,3068.0,2.0,0,
244100,1863.3,19.1,129.8,240.8,1136.0,3068.0,2.0,0,
244200,1859.7,19.0,129.9,240.8,1136.0,3068.0,2.0,0,
244300,1875.1,51.3,130.7,240.0,622.0,3480.0,5.0,1,
244400,1847.0,153.6,131.5,93.2,1146.0,3780.0,28.0,0,
244600,1864.3,135.8,132.2,144.0,1115.0,4035.0,2.0,0,
244700,1860.5,176.7,137.6,186.3,1159.0,3587.0,2.0,0,
244800,1861.8,202.1,138.7,186.4,1418.0,3876.0,2.0,0,
244900,1858.2,60.4,139.1,165.9,1203.0,3217.0,2.0,0,
245000,1863.2,21.5,139.2,154.6,1203.0,3217.0,2.0,0,
245100,1863.0,19.1,139.2,100.2,1203.0,3217.0,2.0,0,
245200,1862.5,20.5,139.2,90.8,1203.0,3217.0,2.0,0,
245300,1867.3,21.8,139.2,237.9,1203.0,3217.0,2.0,0,
245400,1862.4,18.6,139.3,240.7,1203.0,3217.0,2.0,0,
245600,1866.1,17.7,139.2,240.5,1203.0,3217.0,2.0,0,
245700,1865.6,19.4,139.2,240.2,1203.0,3217.0,2.0,0,
245800,1863.4,18.7,139.1,240.1,1203.0,3217.0,2.0,0,
245900,1872.7,17.6,136.6,240.0,587.0,3658.0,7.0,1,
246000,1849.5,105.0,136.6,239.9,707.0,3882.0,4.0,1,
246100,1882.1,207.5,141.9,225.6,1405.0,3371.0,2.0,0,
246200,1858.4,145.6,138.8,163.2,1164.0,3674.0,2.0,0,
246300,1849.5,181.8,139.8,137.4,1184.0,3652.0,2.0,0,
246400,1870.1,188.1,138.6,167.6,1134.0,3251.0,2.0,0,
246600,1863.5,23.4,137.2,186.5,1134.0,3251.0,2.0,0,
246700,1864.8,17.8,137.2,185.7,1134.0,3251.0,2.0,0,
246800,1865.2,18.8,137.1,187.4,1134.0,3251.0,2.0,0,
246900,1861.4,17.0,137.1,239.6,1134.0,3251.0,2.0,0,
247000,1864.5,18.1,137.1,240.1,1134.0,3251.0,2.0,0,
247100,1864.1,18.5,137.1,240.3,1134.0,3251.0,2.0,0,
247200,1864.1,18.3,137.1,240.4,1134.0,3251.0,2.0,0,
247300,1865.5,20.9,137.1,240.2,1134.0,3251.0,2.0,0,
247400,1865.8,16.6,137.1,240.3,1134.0,3251.0,2.0,0,
247600,1871.6,143.9,139.1,239.7,717.0,3988.0,6.0,1,
247700,1856.0,200.7,143.5,117.8,1421.0,3878.0,2.0,0,
247800,1871.0,138.4,141.3,140.8,1030.0,3370.0,2.0,0,
247900,1854.8,196.3,138.9,157.2,1188.0,3380.0,2.0,0,
248000,1869.6,237.2,143.1,197.9,1507.0,3784.0,2.0,0,
248100,1875.7,129.7,143.2,199.4,1410.0,4112.0,28.0,0,
248200,1855.8,25.7,143.1,173.3,1234.0,3440.0,2.0,0,
248300,1864.5,20.6,143.2,166.2,1234.0,3440.0,2.0,0,
248400,1867.9,19.5,143.2,220.7,1234.0,3440.0,2.0,0,
248600,1863.8,21.1,143.1,240.4,1234.0,3440.0,2.0,0,
248700,1863.3,18.6,143.1,240.2,1234.0,3440.0,2.0,0,
248800,1865.8,17.6,143.1,240.7,1234.0,3440.0,2.0,0,
248900,1863.0,17.5,143.1,240.9,1234.0,3440.0,2.0,0,
249000,1865.7,20.4,143.1,240.4,1234.0,3440.0,2.0,0,
249100,1862.2,16.8,143.1,240.4,1234.0,3440.0,2.0,0,
249200,1852.1,171.1,146.1,239.8,1110.0,3094.0,26.0,0,
249300,1875.1,31.0,134.9,105.1,580.0,2927.0,3.0,1,
249400,1868.0,125.7,125.7,78.8,624.0,3434.0,5.0,1,
249600,1865.9,211.1,124.2,83.1,1120.0,2754.0,2.0,0,
249700,1865.7,246.3,130.4,92.8,1019.0,2993.0,2.0,0,
249800,1864.8,34.3,133.6,155.2,759.0,2197.0,2.0,0,
249900,1859.2,19.7,133.6,165.2,759.0,2197.0,2.0,0,
250000,1863.3,20.4,133.7,133.6,759.0,2197.0,2.0,0,
250100,1864.1,18.0,133.7,91.7,759.0,2197.0,2.0,0,
250200,1864.8,21.1,133.7,239.4,759.0,2197.0,2.0,0,
250300,1863.9,16.5,133.7,240.4,759.0,2197.0,2.0,0,
250400,1864.4,15.2,133.7,240.6,759.0,2197.0,2.0,0,
250600,1864.9,16.6,133.8,240.0,759.0,2197.0,2.0,0,
250700,1865.4,16.8,133.8,240.2,759.0,2197.0,2.0,0,
250800,1853.5,81.9,133.4,240.9,574.0,3313.0,6.0,1,
250900,1857.4,24.7,128.3,147.7,480.0,2620.0,5.0,1,
251000,1885.1,33.0,128.3,85.8,463.0,2339.0,3.0,1,
251100,1843.2,38.3,126.1,84.3,658.0,3002.0,5.0,1,
251200,1867.6,242.0,121.0,88.5,1000.0,2470.0,25.0,0,
251300,1860.7,275.5,119.4,94.0,1456.0,2925.0,26.0,0,
251400,1868.0,40.8,115.6,102.6,968.0,2253.0,21.0,1,
251600,1862.0,20.3,115.6,130.4,968.0,2253.0,21.0,1,
251700,1863.5,20.5,115.6,135.4,968.0,2253.0,21.0,1,
251800,1863.4,16.3,115.6,238.8,968.0,2253.0,21.0,1,
251900,1863.3,18.4,115.6,240.2,968.0,2253.0,21.0,1,
252000,1863.2,19.5,115.6,240.4,968.0,2253.0,21.0,1,
252100,1867.8,20.5,115.6,240.5,968.0,2253.0,21.0,1,
252200,1864.0,15.5,115.6,240.4,968.0,2253.0,21.0,1,
252300,1865.5,21.2,115.6,240.3,968.0,2253.0,21.0,1,
252400,1862.3,21.1,115.6,240.4,536.0,3268.0,3.0,1,
252600,1855.2,17.3,112.0,221.1,503.0,2620.0,6.0,1,
252700,1854.3,15.7,111.9,143.7,741.0,3338.0,5.0,1,
252800,1872.9,18.7,100.3,141.5,861.0,3702.0,5.0,1,
252900,1873.3,17.9,68.4,135.5,914.0,3565.0,5.0,1,
253000,1858.7,17.4,25.1,136.5,872.0,3516.0,4.0,1,
253100,1862.9,17.4,25.1,150.2,872.0,3516.0,4.0,1,
253200,1866.7,16.3,24.7,237.5,872.0,3516.0,4.0,1,
253300,1863.2,17.0,24.5,240.6,872.0,3516.0,4.0,1,
253400,1863.6,20.6,24.4,240.5,872.0,3516.0,4.0,1,
253600,1864.0,17.1,24.4,240.3,872.0,3516.0,4.0,1,
253700,1865.4,16.5,24.3,240.1,872.0,3516.0,4.0,1,
253800,1865.4,19.2,24.2,240.2,872.0,3516.0,4.0,1,
253900,1865.1,16.5,24.3,240.7,872.0,3516.0,4.0,1,
254000,1859.8,45.5,24.0,240.7,564.0,3161.0,6.0,1,
254100,1866.3,90.0,48.5,138.2,681.0,3349.0,3.0,1,
254200,1850.0,24.9,48.4,81.7,645.0,3738.0,5.0,1,
254300,1858.8,46.2,56.1,70.5,636.0,3124.0,5.0,1,
254400,1889.7,203.9,82.7,49.7,1062.0,3104.0,27.0,0,
254600,1867.8,138.5,130.4,94.2,411.0,1833.0,26.0,0,
254700,1865.0,22.6,130.4,155.2,411.0,1833.0,26.0,0,
254800,1862.9,16.0,130.5,168.5,411.0,1833.0,26.0,0,
254900,1865.5,21.3,130.5,135.9,411.0,1833.0,26.0,0,
255000,1862.6,19.0,130.5,103.9,411.0,1833.0,26.0,0,
255100,1864.2,16.0,130.5,239.9,411.0,1833.0,26.0,0,
255200,1864.8,18.0,130.5,240.2,411.0,1833.0,26.0,0,
255300,1865.7,19.4,130.5,240.4,411.0,1833.0,26.0,0,
255400,1867.0,19.2,130.5,240.2,411.0,1833.0,26.0,0,
255600,1862.4,11.3,130.5,240.0,411.0,1833.0,26.0,0,
255700,1871.6,117.3,130.7,239.0,624.0,3908.0,4.0,1,
255800,1864.5,113.8,129.3,74.5,803.0,3966.0,3.0,1,
255900,1864.5,192.4,144.0,70.5,1744.0,3921.0,2.0,0,
256000,1869.4,134.6,146.0,113.3,1053.0,3234.0,2.0,0,
256100,1852.0,162.9,135.5,154.7,1104.0,3042.0,2.0,0,
256200,1870.0,193.4,129.2,163.2,1176.0,3372.0,2.0,0,
256300,1858.6,24.3,127.9,216.8,1010.0,2489.0,2.0,0,
256400,1860.0,15.5,127.9,186.3,1010.0,2489.0,2.0,0,
256600,1865.9,17.3,127.8,138.5,1010.0,2489.0,2.0,0,
256700,1864.5,18.4,127.9,239.6,1010.0,2489.0,2.0,0,
256800,1863.5,20.3,127.9,240.0,1010.0,2489.0,2.0,0,
256900,1864.2,15.4,128.0,240.1,1010.0,2489.0,2.0,0,
257000,1863.7,16.1,128.0,240.5,1010.0,2489.0,2.0,0,
257100,1861.0,15.8,128.0,240.6,1010.0,2489.0,2.0,0,
257200,1865.3,17.4,128.0,240.4,1010.0,2489.0,2.0,0,
257300,1885.3,19.5,125.4,240.0,700.0,3842.0,6.0,1,
257400,1838.5,22.2,123.8,239.0,841.0,4030.0,5.0,1,
257600,1861.9,13.3,87.6,92.4,1176.0,4673.0,5.0,1,
257700,1850.8,26.4,72.5,66.2,1204.0,4469.0,4.0,1,
257800,1886.3,19.2,47.8,77.8,1273.0,4560.0,5.0,1,
257900,1848.7,17.3,26.0,66.5,1306.0,4613.0,4.0,1,
258000,1861.2,17.1,26.1,99.2,1306.0,4613.0,4.0,1,
258100,1864.4,19.9,26.3,240.2,1306.0,4613.0,4.0,1,
258200,1864.0,15.7,26.3,241.0,1306.0,4613.0,4.0,1,
258300,1864.6,20.7,26.2,240.6,1306.0,4613.0,4.0,1,
258400,1867.8,19.7,26.1,240.3,1306.0,4613.0,4.0,1,
258600,1861.5,14.9,26.1,240.3,1306.0,4613.0,4.0,1,
258700,1862.5,15.8,26.0,240.2,1306.0,4613.0,4.0,1,
258800,1860.2,16.3,26.1,240.2,1306.0,4613.0,4.0,1,
258900,1873.3,27.7,26.3,240.2,550.0,3217.0,6.0,1,
259000,1856.0,27.8,27.0,239.8,782.0,4207.0,5.0,1,
259100,1873.4,52.9,31.9,167.8,882.0,4124.0,4.0,1,
259200,1872.8,134.8,49.5,83.9,1421.0,3712.0,28.0,0,
259300,1845.1,130.6,70.8,116.9,1075.0,3572.0,2.0,0,
259400,1871.7,116.5,86.4,207.6,1327.0,3490.0,2.0,0,
259600,1864.5,19.6,98.9,219.5,1327.0,3490.0,2.0,0,
259700,1864.2,16.3,98.8,198.6,1327.0,3490.0,2.0,0,
259800,1862.5,21.1,98.8,152.3,1327.0,3490.0,2.0,0,
259900,1866.0,18.0,98.9,198.0,1327.0,3490.0,2.0,0,
260000,1864.8,17.1,98.9,240.1,1327.0,3490.0,2.0,0,
260100,1867.4,19.9,98.9,239.9,1327.0,3490.0,2.0,0,
260200,1866.1,18.3,99.0,240.1,1327.0,3490.0,2.0,0,
260300,1864.1,18.2,99.0,240.2,1327.0,3490.0,2.0,0,
260400,1862.8,18.0,99.0,240.0,1327.0,3490.0,2.0,0,
260600,1858.9,47.5,107.5,83.4,679.0,3943.0,4.0,1,
260700,1891.0,105.4,116.5,68.8,929.0,3432.0,2.0,0,
260800,1838.3,169.1,126.2,71.0,1381.0,4072.0,28.0,0,
260900,1864.0,146.8,127.1,158.2,1216.0,3622.0,2.0,0,
261000,1868.7,128.9,130.9,214.0,1140.0,3103.0,2.0,0,
261100,1851.0,93.8,134.6,219.4,1099.0,2658.0,2.0,0,
261200,1864.4,20.9,134.7,197.4,1099.0,2658.0,2.0,0,
261300,1862.9,18.6,134.7,137.5,1099.0,2658.0,2.0,0,
261400,1862.8,21.0,134.7,100.0,1099.0,2658.0,2.0,0,
261600,1861.1,18.6,134.7,241.0,1099.0,2658.0,2.0,0,
261700,1865.2,17.5,134.7,240.9,1099.0,2658.0,2.0,0,
261800,1864.5,17.3,134.7,240.6,1099.0,2658.0,2.0,0,
261900,1863.2,18.0,134.7,240.4,1099.0,2658.0,2.0,0,
262000,1862.9,15.5,134.7,240.2,1099.0,2658.0,2.0,0,
262100,1869.1,85.8,134.8,240.1,1099.0,2658.0,2.0,0,
262200,1877.6,40.8,131.2,116.8,719.0,3717.0,5.0,1,
262300,1860.2,128.1,131.0,72.2,867.0,3075.0,2.0,0,
262400,1849.8,182.7,132.9,82.9,1122.0,3450.0,2.0,0,
262600,1873.1,153.2,130.3,187.4,1469.0,4395.0,28.0,0,
262700,1847.7,174.9,130.5,199.2,1410.0,3696.0,2.0,0,
262800,1861.0,26.6,130.9,199.8,1175.0,3191.0,2.0,0,
262900,1865.0,19.2,130.8,154.2,1175.0,3191.0,2.0,0,
263000,1864.4,17.3,130.9,94.3,1175.0,3191.0,2.0,0,
263100,1866.6,18.0,130.8,93.9,1175.0,3191.0,2.0,0,
263200,1861.7,16.3,130.8,240.1,1175.0,3191.0,2.0,0,
263300,1865.8,18.4,130.8,240.4,1175.0,3191.0,2.0,0,
263400,1863.9,18.8,130.8,240.5,1175.0,3191.0,2.0,0,
263600,1865.4,17.3,130.8,240.7,1175.0,3191.0,2.0,0,
263700,1866.2,31.7,130.8,240.6,1175.0,3191.0,2.0,0,
263800,1871.4,21.3,129.5,203.5,637.0,3463.0,3.0,1,
263900,1862.6,15.2,127.9,75.5,741.0,3649.0,5.0,1,
264000,1861.1,36.0,112.1,72.6,1011.0,4369.0,5.0,1,
264100,1895.5,28.7,99.2,74.1,1142.0,4654.0,5.0,1,
264200,1843.9,31.5,80.8,47.4,1216.0,4569.0,5.0,1,
264300,1861.0,19.2,52.0,66.4,1221.0,4198.0,4.0,1,
264400,1862.6,19.1,34.7,116.0,1234.0,4708.0,4.0,1,
264600,1863.5,15.5,34.6,240.1,1234.0,4708.0,4.0,1,
264700,1861.9,16.3,34.5,240.4,1234.0,4708.0,4.0,1,
264800,1864.1,15.6,34.4,240.4,1234.0,4708.0,4.0,1,
264900,1861.5,14.8,34.4,240.3,1234.0,4708.0,4.0,1,
265000,1863.5,19.3,34.3,240.2,1234.0,4708.0,4.0,1,
265100,1864.2,16.4,34.4,240.2,1234.0,4708.0,4.0,1,
265200,1862.3,18.9,34.5,240.2,1234.0,4708.0,4.0,1,
265300,1866.9,21.4,34.5,240.3,1234.0,4708.0,4.0,1,
265400,1876.8,39.8,35.4,239.8,586.0,3015.0,5.0,1,
265600,1867.9,140.3,69.1,99.2,955.0,3445.0,3.0,1,
265700,1861.8,136.6,88.8,198.8,1170.0,3426.0,2.0,0,
265800,1849.3,203.6,111.1,207.6,1299.0,3674.0,2.0,0,
265900,1876.8,221.5,119.3,198.0,1389.0,3875.0,2.0,0,
266000,1854.6,47.5,133.2,168.5,1282.0,3141.0,2.0,0,
266100,1866.7,20.8,133.1,155.2,1282.0,3141.0,2.0,0,
266200,1865.6,19.5,133.1,102.4,1282.0,3141.0,2.0,0,
266300,1862.5,17.5,133.1,91.4,1282.0,3141.0,2.0,0,
266400,1864.8,17.8,133.1,214.0,1282.0,3141.0,2.0,0,
266600,1864.5,20.3,133.1,240.7,1282.0,3141.0,2.0,0,
266700,1866.6,19.8,133.0,240.4,1282.0,3141.0,2.0,0,
266800,1866.4,18.6,133.0,240.0,1282.0,3141.0,2.0,0,
266900,1861.0,16.8,133.0,239.9,1282.0,3141.0,2.0,0,
267000,1880.9,42.5,133.1,239.7,1282.0,3141.0,2.0,0,
267100,1846.7,49.1,134.7,89.5,557.0,3235.0,6.0,1,
267200,1867.2,85.2,131.2,81.5,632.0,3260.0,5.0,1,
267300,1853.3,238.9,124.8,81.5,1523.0,3462.0,26.0,0,
267400,1862.2,238.0,131.3,76.6,1485.0,3379.0,2.0,0,
267600,1842.1,87.4,137.3,177.1,373.0,1755.0,25.0,0,
267700,1862.0,19.4,137.3,197.2,373.0,1755.0,25.0,0,
267800,1862.2,15.1,137.3,111.8,373.0,1755.0,25.0,0,
267900,1865.7,17.9,137.3,91.6,373.0,1755.0,25.0,0,
268000,1863.7,19.9,137.3,124.3,373.0,1755.0,25.0,0,
268100,1863.6,16.2,137.3,240.4,373.0,1755.0,25.0,0,
268200,1864.2,18.0,137.3,240.5,373.0,1755.0,25.0,0,
268300,1861.8,15.9,137.3,240.5,373.0,1755.0,25.0,0,
268400,1862.1,16.0,137.4,240.1,373.0,1755.0,25.0,0,
268600,1863.8,19.0,135.5,240.2,533.0,2971.0,5.0,1,
268700,1867.1,36.0,137.3,239.6,593.0,3263.0,6.0,1,
268800,1868.4,73.7,141.2,38.8,1197.0,3301.0,28.0,0,
268900,1859.5,24.8,137.5,72.4,746.0,3543.0,3.0,1,
269000,1875.1,56.0,119.1,151.6,711.0,3287.0,5.0,1,
269100,1859.3,82.4,101.4,158.7,857.0,3479.0,5.0,1,
269200,1854.6,28.8,75.4,48.4,791.0,3629.0,3.0,1,
269300,1863.9,17.5,75.4,38.1,791.0,3629.0,3.0,1,
269400,1862.0,18.4,75.5,30.2,791.0,3629.0,3.0,1,
269600,1863.3,18.7,75.4,239.5,791.0,3629.0,3.0,1,
269700,1866.4,17.9,75.4,240.8,791.0,3629.0,3.0,1,
269800,1864.8,18.5,75.4,240.6,791.0,3629.0,3.0,1,
269900,1865.4,17.1,75.4,240.3,791.0,3629.0,3.0,1,
270000,1862.3,15.9,75.4,240.4,791.0,3629.0,3.0,1,
270100,1864.4,18.8,75.4,240.8,791.0,3629.0,3.0,1,
270200,1863.0,25.6,75.4,241.0,791.0,3629.0,3.0,1,
270300,1868.3,48.2,71.2,238.7,546.0,2976.0,5.0,1,
270400,1858.3,64.9,62.4,85.1,467.0,2842.0,5.0,1,
270600,1870.8,239.4,82.7,83.5,866.0,2356.0,28.0,0,
270700,1849.8,256.9,113.1,89.9,762.0,2742.0,27.0,0,
270800,1864.4,268.5,131.8,133.0,1117.0,2783.0,17.0,1,
270900,1868.4,27.1,135.6,168.0,840.0,2227.0,2.0,0,
271000,1861.2,19.2,135.6,165.4,840.0,2227.0,2.0,0,
271100,1863.2,18.7,135.6,104.5,840.0,2227.0,2.0,0,
271200,1861.2,20.4,135.7,99.2,840.0,2227.0,2.0,0,
271300,1863.0,17.5,135.8,239.6,840.0,2227.0,2.0,0,
271400,1861.8,15.2,135.8,240.6,840.0,2227.0,2.0,0,
271600,1861.7,17.5,136.0,240.4,840.0,2227.0,2.0,0,
271700,1863.4,15.7,136.0,240.3,840.0,2227.0,2.0,0,
271800,1863.4,15.5,136.0,240.4,840.0,2227.0,2.0,0,
271900,1882.5,60.9,136.5,240.0,506.0,3133.0,4.0,1,
272000,1835.4,19.9,136.5,82.4,521.0,2814.0,3.0,1,
272100,1873.1,17.6,134.7,75.7,617.0,3240.0,3.0,1,
272200,1859.9,27.1,129.9,74.4,713.0,3177.0,5.0,1,
272300,1854.8,18.7,99.2,90.9,861.0,3837.0,5.0,1,
272400,1874.0,33.7,72.9,91.4,905.0,3458.0,4.0,1,
272600,1863.6,15.1,49.6,35.7,905.0,3458.0,4.0,1,
272700,1862.7,17.6,49.7,37.1,905.0,3458.0,4.0,1,
272800,1861.8,18.2,49.6,237.4,905.0,3458.0,4.0,1,
272900,1863.3,16.0,49.6,240.1,905.0,3458.0,4.0,1,
273000,1866.3,16.7,49.5,240.2,905.0,3458.0,4.0,1,
273100,1867.7,16.5,49.4,240.2,905.0,3458.0,4.0,1,
273200,1864.6,19.1,49.3,240.3,905.0,3458.0,4.0,1,
273300,1862.7,16.7,49.3,240.4,905.0,3458.0,4.0,1,
273400,1862.8,18.9,49.4,240.4,905.0,3458.0,4.0,1,
273600,1860.6,22.5,42.7,239.4,660.0,3528.0,3.0,1,
273700,1874.7,19.5,42.9,164.7,773.0,3834.0,5.0,1,
273800,1870.8,20.8,42.7,177.3,772.0,3842.0,5.0,1,
273900,1843.8,15.1,42.6,200.2,850.0,3643.0,4.0,1,
274000,1870.9,17.1,24.3,144.7,1073.0,4279.0,5.0,1,
274100,1854.5,17.6,24.4,175.7,1061.0,4394.0,4.0,1,
274200,1862.3,18.8,24.5,207.1,1061.0,4394.0,4.0,1,
274300,1862.0,16.4,24.5,208.5,1061.0,4394.0,4.0,1,
274400,1863.7,15.2,24.3,239.5,1061.0,4394.0,4.0,1,
274600,1864.7,17.7,24.7,240.2,1061.0,4394.0,4.0,1,
274700,1864.6,15.0,24.7,239.9,1061.0,4394.0,4.0,1,
274800,1860.9,18.6,24.8,240.0,1061.0,4394.0,4.0,1,
274900,1865.4,17.0,24.8,240.1,1061.0,4394.0,4.0,1,
275000,1864.9,17.5,24.9,240.3,1061.0,4394.0,4.0,1,
275100,1865.8,44.6,32.4,240.1,1061.0,4394.0,4.0,1,
275200,1859.4,32.2,39.0,91.8,673.0,3832.0,4.0,1,
275300,1885.8,210.5,72.6,74.4,1223.0,3793.0,27.0,0,
275400,1843.9,197.1,99.0,83.7,1457.0,4474.0,28.0,0,
275600,1868.2,150.9,124.5,166.4,1280.0,3518.0,2.0,0,
275700,1851.3,97.8,140.5,225.7,1245.0,2975.0,2.0,0,
275800,1863.5,21.8,140.4,199.2,1245.0,2975.0,2.0,0,
275900,1864.3,16.8,140.4,134.6,1245.0,2975.0,2.0,0,
276000,1865.2,19.2,140.4,93.2,1245.0,2975.0,2.0,0,
276100,1866.1,19.3,140.4,103.4,1245.0,2975.0,2.0,0,
276200,1863.2,18.4,140.4,240.8,1245.0,2975.0,2.0,0,
276300,1864.8,14.4,140.4,240.6,1245.0,2975.0,2.0,0,
276400,1864.9,17.2,140.4,240.5,1245.0,2975.0,2.0,0,
276600,1862.8,16.3,140.4,240.7,1245.0,2975.0,2.0,0,
276700,1871.1,139.5,140.6,240.5,1245.0,2975.0,2.0,0,
276800,1868.9,61.2,146.2,185.3,755.0,4098.0,5.0,1,
276900,1864.6,141.1,144.8,151.7,989.0,3396.0,2.0,0,
277000,1849.9,191.6,141.2,154.0,1057.0,3488.0,2.0,0,
277100,1875.0,70.5,140.9,171.1,1135.0,3518.0,2.0,0,
277200,1881.1,136.3,138.7,167.4,1191.0,3817.0,28.0,0,
277300,1834.3,154.6,135.8,199.8,1059.0,2635.0,2.0,0,
277400,1861.4,24.2,135.5,219.7,1059.0,2635.0,2.0,0,
277600,1866.0,18.6,135.4,93.6,1059.0,2635.0,2.0,0,
277700,1863.9,16.5,135.4,93.4,1059.0,2635.0,2.0,0,
277800,1862.0,14.6,135.4,240.1,1059.0,2635.0,2.0,0,
277900,1863.6,18.5,135.4,240.2,1059.0,2635.0,2.0,0,
278000,1860.7,18.2,135.4,239.9,1059.0,2635.0,2.0,0,
278100,1864.2,18.1,135.5,239.6,1059.0,2635.0,2.0,0,
278200,1864.0,18.2,135.5,239.9,1059.0,2635.0,2.0,0,
278300,1863.1,43.6,135.5,240.0,1059.0,2635.0,2.0,0,
278400,1865.5,23.5,128.5,209.9,602.0,3427.0,3.0,1,
278600,1854.0,186.2,122.6,78.0,1010.0,3657.0,2.0,0,
278700,1878.9,87.7,123.5,100.4,770.0,2613.0,2.0,0,
278800,1855.2,188.7,129.2,158.6,963.0,3206.0,28.0,0,
278900,1860.1,180.9,128.8,158.8,1082.0,2788.0,2.0,0,
279000,1862.3,30.0,127.6,165.1,709.0,2181.0,2.0,0,
279100,1866.5,20.7,127.6,164.8,709.0,2181.0,2.0,0,
279200,1867.9,17.9,127.6,133.9,709.0,2181.0,2.0,0,
279300,1864.5,15.4,127.6,103.9,709.0,2181.0,2.0,0,
279400,1864.0,16.7,127.6,240.0,709.0,2181.0,2.0,0,
279600,1864.2,16.8,127.6,240.2,709.0,2181.0,2.0,0,
279700,1863.8,17.3,127.6,240.3,709.0,2181.0,2.0,0,
279800,1863.0,16.6,127.6,240.7,709.0,2181.0,2.0,0,
279900,1863.5,17.1,127.6,240.2,709.0,2181.0,2.0,0,
280000,1878.5,20.6,124.9,239.8,625.0,3720.0,6.0,1,
280100,1871.9,30.9,124.0,239.7,753.0,4150.0,4.0,1,
280200,1847.5,22.1,113.1,229.0,993.0,4102.0,4.0,1,
280300,1865.7,23.8,97.5,187.8,977.0,4432.0,5.0,1,
280400,1848.2,36.5,76.3,158.3,986.0,4016.0,4.0,1,
280600,1855.7,19.5,26.2,73.7,1060.0,4070.0,4.0,1,
280700,1862.8,16.9,26.0,98.7,1060.0,4070.0,4.0,1,
280800,1864.8,17.8,25.8,233.9,1060.0,4070.0,4.0,1,
280900,1861.6,17.4,25.7,240.1,1060.0,4070.0,4.0,1,
281000,1865.0,18.3,26.1,240.2,1060.0,4070.0,4.0,1,
281100,1863.4,19.6,26.3,240.1,1060.0,4070.0,4.0,1,
281200,1863.0,17.9,26.2,240.2,1060.0,4070.0,4.0,1,
281300,1863.6,18.2,26.2,240.5,1060.0,4070.0,4.0,1,
281400,1864.3,17.7,26.2,240.5,1060.0,4070.0,4.0,1,
281600,1883.0,49.5,37.2,240.1,1060.0,4070.0,4.0,1,
281700,1836.4,26.2,37.5,85.8,714.0,3857.0,4.0,1,
281800,1867.0,40.9,37.4,74.0,868.0,4272.0,5.0,1,
281900,1862.5,33.3,38.3,72.8,1096.0,4625.0,4.0,1,
282000,1849.4,18.2,38.2,69.2,1177.0,4961.0,4.0,1,
282100,1881.7,71.5,58.4,87.0,1178.0,3370.0,2.0,0,
282200,1847.6,70.7,82.5,216.7,1114.0,2848.0,2.0,0,
282300,1862.0,22.8,82.6,157.5,1114.0,2848.0,2.0,0,
282400,1864.3,19.7,82.7,99.5,1114.0,2848.0,2.0,0,
282600,1864.5,16.9,82.6,140.1,1114.0,2848.0,2.0,0,
282700,1862.5,15.6,82.6,240.4,1114.0,2848.0,2.0,0,
282800,1860.5,16.5,82.5,240.3,1114.0,2848.0,2.0,0,
282900,1863.7,17.9,82.6,240.0,1114.0,2848.0,2.0,0,
283000,1861.2,18.7,82.6,240.1,1114.0,2848.0,2.0,0,
283100,1859.5,17.0,82.5,240.2,1114.0,2848.0,2.0,0,
283200,1871.8,20.8,78.4,240.7,559.0,3551.0,6.0,1,
283300,1856.9,37.2,78.5,241.2,544.0,3194.0,5.0,1,
283400,1876.2,34.3,78.8,239.7,633.0,3672.0,4.0,1,
283600,1849.3,23.2,82.1,80.4,864.0,3483.0,5.0,1,
283700,1863.0,118.8,82.6,40.0,1036.0,3059.0,2.0,0,
283800,1848.3,101.8,79.8,93.6,1059.0,2755.0,2.0,0,
283900,1865.2,22.9,79.8,164.4,1059.0,2755.0,2.0,0,
284000,1861.4,19.7,79.8,134.6,1059.0,2755.0,2.0,0,
284100,1863.7,16.7,79.7,99.4,1059.0,2755.0,2.0,0,
284200,1861.0,16.5,79.8,122.7,1059.0,2755.0,2.0,0,
284300,1864.7,19.7,79.8,240.4,1059.0,2755.0,2.0,0,
284400,1864.7,18.7,79.8,240.8,1059.0,2755.0,2.0,0,
284600,1860.3,19.9,79.8,240.6,1059.0,2755.0,2.0,0,
284700,1864.1,17.6,79.9,240.2,1059.0,2755.0,2.0,0,
284800,1863.2,89.7,79.8,239.9,1059.0,2755.0,2.0,0,
284900,1859.0,38.6,83.3,130.0,705.0,3973.0,4.0,1,
285000,1892.5,35.5,83.3,82.0,1026.0,4841.0,5.0,1,
285100,1831.1,55.6,83.5,79.4,1133.0,4924.0,5.0,1,
285200,1871.1,159.7,93.2,79.2,986.0,3226.0,2.0,0,
285300,1855.0,199.4,110.1,226.5,1307.0,3847.0,28.0,0,
285400,1858.5,171.5,107.1,195.1,1073.0,3369.0,2.0,0,
285600,1860.2,19.6,109.3,165.1,1073.0,3369.0,2.0,0,
285700,1867.2,17.9,109.4,152.1,1073.0,3369.0,2.0,0,
285800,1862.2,18.7,109.3,130.5,1073.0,3369.0,2.0,0,
285900,1864.1,18.0,109.3,240.1,1073.0,3369.0,2.0,0,
286000,1864.4,18.7,109.3,240.6,1073.0,3369.0,2.0,0,
286100,1863.0,21.5,109.4,240.3,1073.0,3369.0,2.0,0,
286200,1864.7,16.3,109.3,239.9,1073.0,3369.0,2.0,0,
286300,1859.7,17.0,109.3,239.9,1073.0,3369.0,2.0,0,
286400,1858.5,17.3,109.4,240.0,1073.0,3369.0,2.0,0,
286600,1852.0,23.2,108.8,85.8,993.0,5017.0,5.0,1,
286700,1860.0,31.1,108.5,83.9,1092.0,4779.0,4.0,1,
286800,1872.1,20.5,100.6,85.0,1184.0,4918.0,5.0,1,
286900,1870.5,39.9,77.2,114.9,1182.0,5101.0,4.0,1,
287000,1846.0,26.2,53.8,149.2,1111.0,4374.0,4.0,1,
287100,1859.1,17.3,36.1,92.2,1065.0,4467.0,5.0,1,
287200,1859.3,19.9,36.0,66.5,1065.0,4467.0,5.0,1,
287300,1859.5,19.9,36.0,130.8,1065.0,4467.0,5.0,1,
287400,1862.4,18.1,36.0,239.5,1065.0,4467.0,5.0,1,
287600,1863.5,19.4,36.1,240.8,1065.0,4467.0,5.0,1,
287700,1864.0,15.3,36.1,240.7,1065.0,4467.0,5.0,1,
287800,1864.3,18.5,36.1,240.5,1065.0,4467.0,5.0,1,
287900,1861.9,19.4,36.3,240.2,1065.0,4467.0,5.0,1,
288000,1862.0,17.9,36.3,240.3,1065.0,4467.0,5.0,1,
288100,1871.5,107.4,61.7,239.7,1459.0,3538.0,26.0,0,
288200,1845.6,36.3,61.4,85.5,953.0,4537.0,4.0,1,
288300,1859.6,19.9,61.4,76.7,1055.0,4729.0,4.0,1,
288400,1898.5,38.9,61.6,90.0,1184.0,4855.0,5.0,1,
288600,1863.5,159.9,74.4,110.8,1137.0,3736.0,2.0,0,
288700,1859.2,53.2,93.1,158.8,1028.0,2842.0,2.0,0,
288800,1861.3,19.0,93.1,131.5,1028.0,2842.0,2.0,0,
288900,1863.4,16.8,93.1,93.6,1028.0,2842.0,2.0,0,
289000,1863.9,17.4,93.0,88.2,1028.0,2842.0,2.0,0,
289100,1861.8,18.7,93.0,195.0,1028.0,2842.0,2.0,0,
289200,1864.3,15.3,92.9,240.7,1028.0,2842.0,2.0,0,
289300,1863.3,17.9,92.9,240.3,1028.0,2842.0,2.0,0,
289400,1862.6,16.7,92.9,240.2,1028.0,2842.0,2.0,0,
289600,1860.0,19.9,92.9,240.2,1028.0,2842.0,2.0,0,
289700,1867.5,169.9,90.4,240.1,1378.0,3904.0,27.0,0,
289800,1865.5,38.0,89.8,148.7,799.0,4339.0,5.0,1,
289900,1869.6,25.6,89.9,99.6,997.0,4583.0,4.0,1,
290000,1851.2,23.1,89.9,105.7,1036.0,4996.0,5.0,1,
290100,1859.9,36.4,89.9,145.5,1117.0,4634.0,4.0,1,
290200,1869.0,128.5,90.3,110.0,1222.0,3683.0,2.0,0,
290300,1851.1,79.0,90.5,151.2,1032.0,2982.0,2.0,0,
290400,1860.9,20.7,90.5,149.7,1032.0,2982.0,2.0,0,
290600,1865.8,24.0,90.5,93.8,1032.0,2982.0,2.0,0,
290700,1860.5,19.4,90.5,142.9,1032.0,2982.0,2.0,0,
290800,1865.1,20.2,90.6,240.3,1032.0,2982.0,2.0,0,
290900,1863.4,18.7,90.6,240.5,1032.0,2982.0,2.0,0,
291000,1865.0,15.8,90.6,240.5,1032.0,2982.0,2.0,0,
291100,1860.3,19.5,90.7,240.3,1032.0,2982.0,2.0,0,
291200,1862.1,17.4,90.7,240.2,1032.0,2982.0,2.0,0,
291300,1881.8,30.6,88.4,240.3,1032.0,2982.0,2.0,0,
291400,1849.5,29.9,77.5,240.4,722.0,4004.0,5.0,1,
291600,1850.2,212.8,108.5,165.4,1138.0,3642.0,2.0,0,
291700,1866.1,215.1,120.5,166.8,1158.0,3745.0,2.0,0,
291800,1885.0,138.4,131.8,166.0,1589.0,4435.0,28.0,0,
291900,1836.0,157.5,132.5,196.8,1152.0,3120.0,2.0,0,
292000,1864.3,27.3,132.8,197.6,1152.0,3120.0,2.0,0,
292100,1858.6,18.5,132.9,153.9,1152.0,3120.0,2.0,0,
292200,1863.6,16.8,132.9,94.6,1152.0,3120.0,2.0,0,
292300,1863.7,18.2,132.9,93.6,1152.0,3120.0,2.0,0,
292400,1866.8,20.9,132.9,240.4,1152.0,3120.0,2.0,0,
292600,1861.5,18.3,132.9,240.9,1152.0,3120.0,2.0,0,
292700,1862.3,18.8,132.9,240.5,1152.0,3120.0,2.0,0,
292800,1862.5,18.0,132.9,240.5,1152.0,3120.0,2.0,0,
292900,1864.3,62.4,132.8,240.5,1152.0,3120.0,2.0,0,
293000,1872.5,29.4,134.7,209.5,588.0,3311.0,3.0,1,
293100,1852.7,155.6,134.9,81.5,1187.0,4006.0,28.0,0,
293200,1871.2,160.9,129.7,79.2,1136.0,4276.0,3.0,1,
293300,1867.9,110.1,129.2,163.7,1170.0,3519.0,2.0,0,
293400,1850.4,188.7,130.1,226.6,1250.0,4404.0,28.0,0,
293600,1860.3,30.7,127.8,185.6,1168.0,3174.0,2.0,0,
293700,1860.6,21.9,127.8,163.6,1168.0,3174.0,2.0,0,
293800,1860.2,16.9,127.8,102.9,1168.0,3174.0,2.0,0,
293900,1860.9,18.2,127.8,99.1,1168.0,3174.0,2.0,0,
294000,1864.2,18.9,127.8,239.3,1168.0,3174.0,2.0,0,
294100,1864.3,18.0,127.8,240.2,1168.0,3174.0,2.0,0,
294200,1861.2,17.4,127.8,240.3,1168.0,3174.0,2.0,0,
294300,1864.5,19.4,127.8,240.2,1168.0,3174.0,2.0,0,
294400,1864.6,17.8,127.8,240.0,1168.0,3174.0,2.0,0,
294600,1865.0,34.0,125.7,240.0,648.0,3444.0,6.0,1,
294700,1879.8,113.1,125.9,239.5,708.0,3912.0,5.0,1,
294800,1844.6,98.6,126.6,149.1,990.0,3888.0,3.0,1,
294900,1863.9,122.0,125.7,209.9,1155.0,3798.0,2.0,0,
295000,1848.1,206.2,124.1,226.8,1226.0,3817.0,2.0,0,
295100,1861.9,210.4,124.2,225.7,1176.0,3834.0,2.0,0,
295200,1864.6,47.0,126.3,188.3,1105.0,3317.0,2.0,0,
295300,1858.3,19.6,126.3,158.0,1105.0,3317.0,2.0,0,
295400,1860.7,19.0,126.3,103.6,1105.0,3317.0,2.0,0,
295600,1862.6,19.5,126.3,237.7,1105.0,3317.0,2.0,0,
295700,1863.8,19.7,126.4,261.3,1105.0,3317.0,2.0,0,
295800,1863.0,17.0,126.4,242.1,1105.0,3317.0,2.0,0,
295900,1861.3,18.1,126.4,240.8,1105.0,3317.0,2.0,0,
296000,1863.2,16.5,126.4,240.5,1105.0,3317.0,2.0,0,
296100,1861.7,18.4,126.4,240.2,1105.0,3317.0,2.0,0,
296200,1884.6,36.1,128.1,240.1,594.0,3009.0,4.0,1,
296300,1842.8,60.3,128.8,86.7,725.0,4193.0,3.0,1,
296400,1869.0,75.5,127.8,76.3,930.0,3279.0,2.0,0,
296600,1872.4,197.2,130.1,210.5,1604.0,4353.0,2.0,0,
296700,1864.8,105.1,129.1,197.7,1275.0,3650.0,2.0,0,
296800,1851.0,59.9,123.9,166.9,1271.0,3542.0,2.0,0,
296900,1860.8,19.0,123.9,185.3,1271.0,3542.0,2.0,0,
297000,1862.1,19.9,123.9,169.2,1271.0,3542.0,2.0,0,
297100,1862.3,17.0,123.9,141.4,1271.0,3542.0,2.0,0,
297200,1863.8,20.4,123.9,200.0,1271.0,3542.0,2.0,0,
297300,1863.5,18.6,123.9,240.4,1271.0,3542.0,2.0,0,
297400,1863.6,17.7,123.9,240.7,1271.0,3542.0,2.0,0,
297600,1863.9,21.0,123.8,240.3,1271.0,3542.0,2.0,0,
297700,1861.6,20.0,123.9,240.1,1271.0,3542.0,2.0,0,
297800,1865.5,55.2,124.4,239.7,1271.0,3542.0,2.0,0,
297900,1863.9,23.6,123.6,115.6,687.0,3744.0,3.0,1,
298000,1864.2,40.3,120.5,79.8,789.0,4049.0,6.0,1,
298100,1878.2,121.8,111.4,56.1,1037.0,4783.0,5.0,1,
298200,1843.4,93.0,106.8,38.6,1205.0,4017.0,2.0,0,
298300,1873.9,132.5,106.9,99.4,1268.0,3911.0,2.0,0,
298400,1851.1,105.7,109.2,205.0,1125.0,3005.0,2.0,0,
298600,1866.2,18.6,109.0,157.3,1125.0,3005.0,2.0,0,
298700,1865.3,19.7,109.0,99.6,1125.0,3005.0,2.0,0,
298800,1865.2,20.7,108.9,102.9,1125.0,3005.0,2.0,0,
298900,1866.7,19.7,108.9,239.7,1125.0,3005.0,2.0,0,
299000,1864.9,16.1,108.9,240.0,1125.0,3005.0,2.0,0,
299100,1866.0,21.1,108.9,240.3,1125.0,3005.0,2.0,0,
299200,1865.6,19.8,108.8,240.3,1125.0,3005.0,2.0,0,
299300,1865.6,18.1,108.8,240.4,1125.0,3005.0,2.0,0,
299400,1867.5,16.6,108.7,240.3,1125.0,3005.0,2.0,0,
299600,1877.7,25.1,100.4,239.4,923.0,4243.0,4.0,1,
299700,1840.5,20.5,100.7,167.9,1145.0,5468.0,4.0,1,
299800,1874.5,36.8,89.7,44.9,1120.0,4791.0,4.0,1,
299900,1864.5,27.2,72.5,36.7,1319.0,5661.0,5.0,1,
300000,1869.5,27.7,40.4,55.4,1241.0,5095.0,4.0,1,
300100,1848.1,19.0,30.1,106.4,1228.0,5072.0,5.0,1,
300200,1861.5,16.9,30.1,140.6,1228.0,5072.0,5.0,1,
300300,1861.1,19.2,30.2,206.3,1228.0,5072.0,5.0,1,
300400,1862.5,20.4,30.3,240.0,1228.0,5072.0,5.0,1,
300600,1861.6,20.3,30.3,240.6,1228.0,5072.0,5.0,1,
300700,1863.2,20.6,30.4,240.7,1228.0,5072.0,5.0,1,
300800,1857.0,17.6,30.4,240.6,1228.0,5072.0,5.0,1,
300900,1859.9,15.8,30.1,240.5,1228.0,5072.0,5.0,1,
301000,1861.0,15.7,30.2,240.4,1228.0,5072.0,5.0,1,
301100,1872.8,19.5,30.2,240.4,709.0,3758.0,3.0,1,
301200,1850.4,21.2,29.8,238.5,935.0,5135.0,4.0,1,
301300,1855.5,30.3,27.5,169.4,1035.0,4819.0,4.0,1,
301400,1869.2,26.6,29.5,140.1,1086.0,4980.0,5.0,1,
301600,1846.0,28.2,29.4,36.3,1140.0,4698.0,4.0,1,
301700,1856.3,22.5,29.1,37.1,1125.0,4835.0,4.0,1,
301800,1862.9,19.2,29.4,144.5,1125.0,4835.0,4.0,1,
301900,1862.6,18.6,29.4,239.3,1125.0,4835.0,4.0,1,
302000,1863.4,18.6,29.5,240.3,1125.0,4835.0,4.0,1,
302100,1861.0,17.0,29.4,240.4,1125.0,4835.0,4.0,1,
302200,1861.7,17.5,29.5,240.7,1125.0,4835.0,4.0,1,
302300,1859.0,17.8,29.3,240.7,1125.0,4835.0,4.0,1,
302400,1863.3,16.7,29.2,240.4,1125.0,4835.0,4.0,1,
302600,1859.1,17.9,29.4,240.5,1125.0,4835.0,4.0,1,
302700,1873.3,64.9,37.3,239.4,567.0,3201.0,4.0,1,
302800,1850.9,140.8,39.3,83.8,799.0,4329.0,5.0,1,
302900,1868.6,195.7,71.2,78.5,967.0,3507.0,2.0,0,
303000,1869.2,134.2,95.6,106.7,1476.0,4572.0,28.0,0,
303100,1840.4,160.6,108.0,157.4,1181.0,3641.0,2.0,0,
303200,1875.1,188.6,118.0,173.2,1170.0,3810.0,2.0,0,
303300,1853.8,53.8,130.2,226.4,1128.0,2986.0,2.0,0,
303400,1860.4,19.1,130.1,177.4,1128.0,2986.0,2.0,0,
303600,1863.7,18.7,130.1,92.5,1128.0,2986.0,2.0,0,
303700,1861.8,21.5,130.1,219.6,1128.0,2986.0,2.0,0,
303800,1863.0,21.3,130.1,240.6,1128.0,2986.0,2.0,0,
303900,1865.5,20.5,130.1,240.6,1128.0,2986.0,2.0,0,
304000,1862.5,15.0,130.1,240.7,1128.0,2986.0,2.0,0,
304100,1862.9,19.6,130.1,240.3,1128.0,2986.0,2.0,0,
304200,1862.4,18.9,130.0,239.9,1128.0,2986.0,2.0,0,
304300,1870.5,243.7,135.5,239.6,1340.0,3708.0,26.0,0,
304400,1872.2,219.9,153.2,87.8,1592.0,4260.0,2.0,0,
304600,1847.6,182.2,153.6,156.3,1385.0,4313.0,28.0,0,
304700,1865.7,255.9,157.6,196.4,1505.0,3786.0,2.0,0,
304800,1865.2,158.7,159.3,199.1,1291.0,4179.0,2.0,0,
304900,1854.8,75.2,157.6,166.6,1000.0,3037.0,2.0,0,
305000,1860.2,22.7,157.7,159.1,1000.0,3037.0,2.0,0,
305100,1863.0,18.7,157.6,173.5,1000.0,3037.0,2.0,0,
305200,1862.1,21.2,157.7,151.9,1000.0,3037.0,2.0,0,
305300,1862.2,19.7,157.7,195.5,1000.0,3037.0,2.0,0,
305400,1864.5,17.9,157.7,240.1,1000.0,3037.0,2.0,0,
305600,1864.0,20.9,157.7,239.9,1000.0,3037.0,2.0,0,
305700,1860.2,19.3,157.8,240.0,1000.0,3037.0,2.0,0,
305800,1863.7,21.6,157.8,240.1,1000.0,3037.0,2.0,0,
305900,1870.5,28.8,155.7,240.1,539.0,3311.0,4.0,1,
306000,1853.3,50.2,142.5,239.6,733.0,3989.0,5.0,1,
306100,1861.3,128.0,127.7,36.8,864.0,4131.0,5.0,1,
306200,1852.8,25.2,120.7,34.4,1084.0,4600.0,4.0,1,
306300,1875.7,59.8,112.6,28.3,1177.0,4775.0,4.0,1,
306400,1860.5,29.6,87.3,36.8,1278.0,4856.0,5.0,1,
306600,1864.5,20.3,67.9,37.1,1278.0,4856.0,5.0,1,
306700,1861.5,19.0,67.8,74.5,1278.0,4856.0,5.0,1,
306800,1862.2,18.7,67.8,238.5,1278.0,4856.0,5.0,1,
306900,1868.5,16.6,67.7,240.2,1278.0,4856.0,5.0,1,
307000,1865.0,21.8,67.6,240.7,1278.0,4856.0,5.0,1,
307100,1862.0,21.5,67.7,240.4,1278.0,4856.0,5.0,1,
307200,1864.7,18.9,67.7,239.9,1278.0,4856.0,5.0,1,
307300,1862.6,19.0,67.6,240.1,1278.0,4856.0,5.0,1,
307400,1862.8,16.8,67.5,240.2,1278.0,4856.0,5.0,1,
307600,1864.4,59.5,61.3,239.5,606.0,3867.0,4.0,1,
307700,1854.9,22.9,61.3,78.3,906.0,4496.0,5.0,1,
307800,1881.9,27.0,50.2,73.9,1037.0,4696.0,4.0,1,
307900,1849.7,43.1,40.8,73.5,1174.0,4882.0,5.0,1,
308000,1844.4,75.4,38.8,84.5,1211.0,4958.0,5.0,1,
308100,1872.4,198.6,60.5,117.5,1223.0,3776.0,2.0,0,
308200,1859.3,29.5,75.0,210.5,1159.0,3038.0,2.0,0,
308300,1858.5,20.6,75.0,167.1,1159.0,3038.0,2.0,0,
308400,1861.4,17.1,75.0,138.6,1159.0,3038.0,2.0,0,
308600,1861.6,19.1,75.0,240.2,1159.0,3038.0,2.0,0,
308700,1861.8,17.3,75.0,240.7,1159.0,3038.0,2.0,0,
308800,1862.7,18.2,75.0,240.5,1159.0,3038.0,2.0,0,
308900,1862.9,18.2,75.0,240.4,1159.0,3038.0,2.0,0,
309000,1861.9,17.9,75.0,240.3,1159.0,3038.0,2.0,0,
309100,1863.1,18.7,75.0,240.3,1159.0,3038.0,2.0,0,
309200,1868.0,48.4,75.8,239.8,581.0,3610.0,6.0,1,
309300,1858.5,28.2,76.1,90.6,793.0,4120.0,3.0,1,
309400,1866.7,153.3,90.1,83.1,1066.0,3790.0,2.0,0,
309600,1866.7,205.1,120.6,165.0,1231.0,3750.0,2.0,0,
309700,1872.3,125.5,127.6,165.2,1267.0,3653.0,2.0,0,
309800,1851.8,41.1,128.4,198.7,1007.0,2893.0,2.0,0,
309900,1860.7,19.2,128.4,165.2,1007.0,2893.0,2.0,0,
310000,1860.5,18.4,128.4,138.1,1007.0,2893.0,2.0,0,
310100,1864.4,14.2,128.3,115.3,1007.0,2893.0,2.0,0,
310200,1862.0,21.1,128.3,226.4,1007.0,2893.0,2.0,0,
310300,1862.3,17.2,128.4,240.2,1007.0,2893.0,2.0,0,
310400,1864.6,20.9,128.3,240.3,1007.0,2893.0,2.0,0,
310600,1858.5,17.3,128.3,240.5,1007.0,2893.0,2.0,0,
310700,1863.3,18.7,128.3,240.2,1007.0,2893.0,2.0,0,
310800,1859.6,27.7,126.0,240.3,607.0,3404.0,4.0,1,
310900,1859.6,229.1,142.3,165.9,1566.0,4179.0,2.0,0,
311000,1856.8,160.1,146.7,66.5,997.0,3864.0,28.0,0,
311100,1849.8,203.9,144.0,94.1,1417.0,3809.0,2.0,0,
311200,1890.1,83.9,143.1,157.8,1254.0,4025.0,2.0,0,
311300,1840.8,178.2,145.7,198.0,1276.0,4267.0,2.0,0,
311400,1868.5,41.5,141.0,194.7,1304.0,3984.0,2.0,0,
311600,1860.3,18.3,141.0,169.5,1304.0,3984.0,2.0,0,
311700,1862.7,16.7,141.0,234.1,1304.0,3984.0,2.0,0,
311800,1861.7,19.0,141.0,240.0,1304.0,3984.0,2.0,0,
311900,1862.2,20.5,141.0,240.4,1304.0,3984.0,2.0,0,
312000,1863.8,19.0,141.1,240.2,1304.0,3984.0,2.0,0,
312100,1864.1,20.8,141.1,240.4,1304.0,3984.0,2.0,0,
312200,1861.0,19.8,141.1,240.4,1304.0,3984.0,2.0,0,
312300,1865.0,15.6,141.1,240.5,1304.0,3984.0,2.0,0,
312400,1859.1,14.6,141.1,240.9,572.0,3196.0,6.0,1,
312600,1854.5,203.1,145.5,93.6,930.0,3017.0,2.0,0,
312700,1868.9,170.9,147.7,103.5,1095.0,3442.0,2.0,0,
312800,1861.1,151.6,150.1,158.0,1303.0,3918.0,2.0,0,
312900,1850.6,193.0,148.9,197.0,1274.0,3501.0,2.0,0,
313000,1874.4,68.6,149.6,196.5,1285.0,3474.0,2.0,0,
313100,1864.7,20.7,149.5,186.0,1285.0,3474.0,2.0,0,
313200,1857.7,18.0,149.6,197.4,1285.0,3474.0,2.0,0,
313300,1865.2,20.0,149.5,241.2,1285.0,3474.0,2.0,0,
313400,1862.2,19.0,149.5,240.4,1285.0,3474.0,2.0,0,
313600,1860.2,15.7,149.6,240.1,1285.0,3474.0,2.0,0,
313700,1861.3,19.0,149.6,240.1,1285.0,3474.0,2.0,0,
313800,1861.0,20.1,149.6,240.3,1285.0,3474.0,2.0,0,
313900,1863.9,20.4,149.6,240.7,1285.0,3474.0,2.0,0,
314000,1866.0,20.5,149.6,240.9,1285.0,3474.0,2.0,0,
314100,1869.0,153.2,143.1,240.6,607.0,3412.0,3.0,1,
314200,1844.9,170.2,134.2,146.6,1253.0,3963.0,2.0,0,
314300,1866.5,142.9,136.9,100.0,1151.0,4165.0,2.0,0,
314400,1849.7,200.1,135.4,138.8,1140.0,3239.0,2.0,0,
314600,1895.0,148.1,139.0,198.5,1369.0,4495.0,28.0,0,
314700,1846.0,23.5,139.3,185.7,1199.0,3409.0,2.0,0,
314800,1862.9,19.9,139.3,158.4,1199.0,3409.0,2.0,0,
314900,1863.7,19.5,139.2,187.4,1199.0,3409.0,2.0,0,
315000,1862.9,20.6,139.2,252.0,1199.0,3409.0,2.0,0,
315100,1863.2,19.7,139.2,241.6,1199.0,3409.0,2.0,0,
315200,1863.1,18.2,139.2,240.8,1199.0,3409.0,2.0,0,
315300,1861.4,20.6,139.1,240.6,1199.0,3409.0,2.0,0,
315400,1861.6,18.9,139.2,240.4,1199.0,3409.0,2.0,0,
315600,1863.0,19.3,139.2,240.5,1199.0,3409.0,2.0,0,
315700,1860.7,12.6,139.2,240.4,631.0,3492.0,3.0,1,
315800,1870.7,27.6,130.9,239.5,859.0,4404.0,4.0,1,
315900,1849.0,131.4,115.8,203.1,1166.0,5232.0,5.0,1,
316000,1870.5,188.8,112.8,174.0,1140.0,3966.0,2.0,0,
316100,1870.4,124.5,115.0,207.7,1413.0,4500.0,28.0,0,
316200,1844.0,152.5,106.9,165.0,1190.0,3419.0,2.0,0,
316300,1865.2,32.6,105.5,166.5,1410.0,3743.0,2.0,0,
316400,1862.2,17.8,105.5,195.7,1410.0,3743.0,2.0,0,
316600,1863.7,19.4,105.5,99.5,1410.0,3743.0,2.0,0,
316700,1862.3,14.5,105.5,240.1,1410.0,3743.0,2.0,0,
316800,1860.0,16.6,105.5,240.2,1410.0,3743.0,2.0,0,
316900,1861.2,21.5,105.5,239.9,1410.0,3743.0,2.0,0,
317000,1862.2,20.3,105.6,239.9,1410.0,3743.0,2.0,0,
317100,1859.9,15.6,105.6,240.2,1410.0,3743.0,2.0,0,
317200,1860.2,21.2,105.6,240.7,1410.0,3743.0,2.0,0,
317300,1872.6,21.9,105.7,240.5,627.0,3480.0,4.0,1,
317400,1851.3,117.1,105.9,239.3,771.0,4031.0,4.0,1,
317600,1851.2,149.1,124.1,189.8,1138.0,3611.0,2.0,0,
317700,1843.0,206.1,127.3,163.2,1165.0,4296.0,28.0,0,
317800,1870.2,205.2,126.6,176.6,1188.0,3661.0,2.0,0,
317900,1858.3,47.6,131.9,186.2,1056.0,3124.0,2.0,0,
318000,1858.1,19.3,131.8,158.5,1056.0,3124.0,2.0,0,
318100,1861.0,20.7,131.8,102.1,1056.0,3124.0,2.0,0,
318200,1860.4,17.9,131.9,88.7,1056.0,3124.0,2.0,0,
318300,1859.1,17.5,132.0,197.6,1056.0,3124.0,2.0,0,
318400,1861.8,17.0,132.0,240.7,1056.0,3124.0,2.0,0,
318600,1862.8,18.1,131.9,240.4,1056.0,3124.0,2.0,0,
318700,1861.1,18.1,131.9,240.6,1056.0,3124.0,2.0,0,
318800,1861.3,20.2,131.9,240.4,1056.0,3124.0,2.0,0,
318900,1875.8,233.1,138.3,240.0,1443.0,3762.0,27.0,0,
319000,1859.3,50.5,145.2,137.0,793.0,4119.0,3.0,1,
319100,1862.5,125.4,146.4,110.3,1165.0,4175.0,2.0,0,
319200,1848.9,190.7,143.4,117.4,1470.0,4678.0,28.0,0,
319300,1871.3,209.8,138.8,195.2,1208.0,4060.0,2.0,0,
319400,1878.9,112.3,140.2,206.1,1164.0,4057.0,2.0,0,
319600,1860.8,23.1,141.4,186.2,1164.0,4057.0,2.0,0,
319700,1862.6,19.7,141.4,132.7,1164.0,4057.0,2.0,0,
319800,1861.9,20.1,141.3,93.4,1164.0,4057.0,2.0,0,
319900,1861.1,21.6,141.3,135.1,1164.0,4057.0,2.0,0,
320000,1864.2,17.8,141.3,240.0,1164.0,4057.0,2.0,0,
320100,1862.3,18.8,141.3,240.4,1164.0,4057.0,2.0,0,
320200,1863.6,16.1,141.3,240.7,1164.0,4057.0,2.0,0,
320300,1863.0,18.3,141.2,240.8,1164.0,4057.0,2.0,0,
320400,1861.2,17.5,141.2,240.6,1164.0,4057.0,2.0,0,
320600,1858.5,58.7,137.1,91.9,751.0,4123.0,4.0,1,
320700,1858.9,35.4,131.2,34.2,1067.0,5228.0,5.0,1,
320800,1848.9,20.4,119.7,30.0,1253.0,5484.0,4.0,1,
320900,1897.1,19.0,107.7,30.2,1194.0,5248.0,5.0,1,
321000,1837.0,21.8,89.8,44.7,1257.0,5384.0,5.0,1,
321100,1854.7,24.5,61.6,94.4,1255.0,5150.0,4.0,1,
321200,1865.6,17.2,61.5,89.1,1255.0,5150.0,4.0,1,
321300,1861.6,19.6,61.5,166.7,1255.0,5150.0,4.0,1,
321400,1861.9,17.2,61.5,239.3,1255.0,5150.0,4.0,1,
321600,1861.9,19.2,61.4,239.9,1255.0,5150.0,4.0,1,
321700,1866.4,21.5,61.3,239.7,1255.0,5150.0,4.0,1,
321800,1865.1,20.8,61.4,240.2,1255.0,5150.0,4.0,1,
321900,1862.2,18.2,61.4,240.4,1255.0,5150.0,4.0,1,
322000,1862.8,17.2,61.4,240.4,1255.0,5150.0,4.0,1,
322100,1860.2,15.8,61.2,240.7,1255.0,5150.0,4.0,1,
322200,1867.8,109.4,34.8,239.8,701.0,3438.0,4.0,1,
322300,1853.5,121.0,43.1,84.5,752.0,3996.0,4.0,1,
322400,1874.3,70.8,70.0,80.8,998.0,3814.0,2.0,0,
322600,1853.4,202.6,112.4,217.1,1234.0,3466.0,2.0,0,
322700,1877.3,98.4,121.7,197.5,1380.0,4042.0,2.0,0,
322800,1857.9,24.4,123.8,176.6,1329.0,4133.0,2.0,0,
322900,1864.4,18.6,123.8,200.1,1329.0,4133.0,2.0,0,
323000,1861.1,17.9,123.8,231.3,1329.0,4133.0,2.0,0,
323100,1860.6,19.4,123.9,238.1,1329.0,4133.0,2.0,0,
323200,1862.0,18.5,123.9,240.6,1329.0,4133.0,2.0,0,
323300,1859.8,19.3,124.0,240.7,1329.0,4133.0,2.0,0,
323400,1862.0,17.0,124.0,240.5,1329.0,4133.0,2.0,0,
323600,1860.6,20.0,124.0,240.2,1329.0,4133.0,2.0,0,
323700,1862.5,19.2,124.0,240.1,1329.0,4133.0,2.0,0,
323800,1872.8,26.4,122.2,240.3,591.0,3610.0,6.0,1,
323900,1843.9,34.0,125.7,155.7,909.0,4553.0,5.0,1,
324000,1862.3,99.1,122.1,30.2,1193.0,5059.0,4.0,1,
324100,1851.0,39.7,107.9,36.5,1180.0,4974.0,5.0,1,
324200,1858.6,17.1,86.5,38.9,1358.0,5299.0,4.0,1,
324300,1891.6,30.4,65.7,37.7,1166.0,4882.0,5.0,1,
324400,1840.6,20.8,60.8,37.0,1262.0,4870.0,4.0,1,
324600,1862.3,18.6,60.9,93.5,1262.0,4870.0,4.0,1,
324700,1864.1,22.0,60.9,239.3,1262.0,4870.0,4.0,1,
324800,1861.7,15.9,60.8,240.2,1262.0,4870.0,4.0,1,
324900,1861.2,19.9,60.9,240.3,1262.0,4870.0,4.0,1,
325000,1863.1,19.4,60.8,240.2,1262.0,4870.0,4.0,1,
325100,1863.6,20.2,60.8,240.2,1262.0,4870.0,4.0,1,
325200,1862.4,20.6,60.8,240.6,1262.0,4870.0,4.0,1,
325300,1862.0,20.5,60.9,240.6,1262.0,4870.0,4.0,1,
325400,1855.2,52.1,60.6,240.2,634.0,3530.0,4.0,1,
325600,1857.6,202.5,101.7,92.6,1528.0,5009.0,28.0,0,
325700,1863.5,201.2,113.8,99.3,1359.0,3899.0,2.0,0,
325800,1876.9,95.0,124.3,165.7,1158.0,3643.0,2.0,0,
325900,1847.1,186.3,135.1,197.3,1485.0,4412.0,28.0,0,
326000,1871.1,36.7,140.2,197.8,1229.0,3855.0,2.0,0,
326100,1860.7,18.0,140.2,201.3,1229.0,3855.0,2.0,0,
326200,1861.1,17.0,140.1,203.4,1229.0,3855.0,2.0,0,
326300,1859.1,17.6,140.2,239.0,1229.0,3855.0,2.0,0,
326400,1859.4,16.9,140.2,240.4,1229.0,3855.0,2.0,0,
326600,1862.6,17.4,140.3,240.2,1229.0,3855.0,2.0,0,
326700,1862.1,17.8,140.3,240.6,1229.0,3855.0,2.0,0,
326800,1860.8,21.1,140.3,240.5,1229.0,3855.0,2.0,0,
326900,1860.0,17.0,140.3,240.3,1229.0,3855.0,2.0,0,
327000,1856.4,17.2,140.4,240.6,550.0,3426.0,5.0,1,
327100,1873.3,237.3,139.2,239.5,785.0,3326.0,2.0,0,
327200,1864.9,174.6,142.4,139.4,985.0,3895.0,2.0,0,
327300,1848.0,175.3,141.8,136.5,1508.0,4128.0,2.0,0,
327400,1865.8,131.3,142.8,157.5,1181.0,3677.0,2.0,0,
327600,1872.7,55.5,145.2,199.1,1343.0,3914.0,2.0,0,
327700,1861.4,20.3,145.2,186.3,1343.0,3914.0,2.0,0,
327800,1862.7,18.8,145.2,177.0,1343.0,3914.0,2.0,0,
327900,1862.6,17.0,145.2,230.5,1343.0,3914.0,2.0,0,
328000,1864.3,23.3,145.2,239.5,1343.0,3914.0,2.0,0,
328100,1864.0,19.4,145.1,240.0,1343.0,3914.0,2.0,0,
328200,1862.6,18.4,145.1,240.4,1343.0,3914.0,2.0,0,
328300,1863.5,20.9,145.0,240.8,1343.0,3914.0,2.0,0,
328400,1865.0,20.1,145.0,240.9,1343.0,3914.0,2.0,0,
328600,1857.2,24.6,144.9,240.7,1343.0,3914.0,2.0,0,
328700,1881.3,36.6,137.2,240.6,648.0,3594.0,3.0,1,
328800,1841.2,59.2,118.8,237.4,951.0,4883.0,5.0,1,
328900,1873.8,180.2,116.9,38.8,1085.0,3740.0,2.0,0,
329000,1853.3,200.5,119.1,148.5,1542.0,4841.0,28.0,0,
329100,1868.9,166.6,116.1,163.6,1246.0,3867.0,2.0,0,
329200,1876.0,103.0,115.6,158.6,1290.0,3961.0,2.0,0,
329300,1856.2,23.0,115.7,199.6,1396.0,3894.0,2.0,0,
329400,1862.3,19.8,115.7,201.9,1396.0,3894.0,2.0,0,
329600,1863.1,18.9,115.7,240.7,1396.0,3894.0,2.0,0,
329700,1863.0,18.2,115.7,240.2,1396.0,3894.0,2.0,0,
329800,1865.4,20.1,115.6,240.2,1396.0,3894.0,2.0,0,
329900,1861.8,18.6,115.7,240.5,1396.0,3894.0,2.0,0,
330000,1863.0,21.5,115.7,240.5,1396.0,3894.0,2.0,0,
330100,1864.3,17.5,115.7,240.2,1396.0,3894.0,2.0,0,
330200,1863.2,14.3,115.7,240.0,1396.0,3894.0,2.0,0,
330300,1851.4,19.7,115.7,239.9,624.0,3665.0,4.0,1,
330400,1873.5,26.0,114.4,239.4,761.0,3973.0,5.0,1,
330600,1867.3,26.4,86.0,207.0,1106.0,4717.0,4.0,1,
330700,1854.7,43.7,68.0,209.6,1236.0,4824.0,4.0,1,
330800,1853.7,126.0,43.7,115.9,1396.0,4615.0,28.0,0,
330900,1874.8,24.8,47.3,209.3,1235.0,3737.0,2.0,0,
331000,1863.0,17.9,47.3,284.2,1235.0,3737.0,2.0,0,
331100,1863.8,17.3,47.2,292.6,1235.0,3737.0,2.0,0,
331200,1865.0,18.9,47.2,284.9,1235.0,3737.0,2.0,0,
331300,1862.3,17.8,47.1,240.5,1235.0,3737.0,2.0,0,
331400,1863.3,19.4,47.1,240.2,1235.0,3737.0,2.0,0,
331600,1862.0,17.1,47.2,240.8,1235.0,3737.0,2.0,0,
331700,1861.7,19.4,47.2,240.8,1235.0,3737.0,2.0,0,
331800,1864.5,21.5,47.2,240.3,1235.0,3737.0,2.0,0,
331900,1860.9,40.6,50.6,239.7,615.0,3202.0,3.0,1,
332000,1870.2,159.9,81.3,79.2,1137.0,3395.0,2.0,0,
332100,1863.1,162.3,100.6,78.1,1047.0,3507.0,2.0,0,
332200,1864.3,140.2,112.5,142.1,1244.0,4109.0,2.0,0,
332300,1866.7,150.8,125.9,185.5,1216.0,4014.0,2.0,0,
332400,1853.9,213.9,137.2,219.4,1199.0,3657.0,2.0,0,
332600,1861.2,20.0,139.0,187.5,1199.0,3657.0,2.0,0,
332700,1862.3,18.0,139.0,156.6,1199.0,3657.0,2.0,0,
332800,1862.4,20.9,139.0,183.8,1199.0,3657.0,2.0,0,
332900,1862.3,20.2,139.0,240.3,1199.0,3657.0,2.0,0,
333000,1863.0,18.0,139.1,240.7,1199.0,3657.0,2.0,0,
333100,1862.9,19.0,139.1,240.6,1199.0,3657.0,2.0,0,
333200,1865.8,18.2,139.0,240.9,1199.0,3657.0,2.0,0,
333300,1862.0,16.0,139.0,240.7,1199.0,3657.0,2.0,0,
333400,1861.8,17.3,139.0,240.0,1199.0,3657.0,2.0,0,
333600,1855.2,27.8,127.8,239.6,771.0,3934.0,6.0,1,
333700,1857.0,29.2,111.6,176.9,997.0,4507.0,5.0,1,
333800,1872.4,42.5,100.0,117.6,1003.0,4243.0,5.0,1,
333900,1857.6,137.4,80.6,136.8,1164.0,4837.0,5.0,1,
334000,1887.5,32.9,70.1,72.4,1211.0,5038.0,4.0,1,
334100,1843.7,46.6,51.6,43.5,1310.0,3528.0,2.0,0,
334200,1861.7,17.8,51.8,49.2,1310.0,3528.0,2.0,0,
334300,1862.3,18.5,51.7,82.4,1310.0,3528.0,2.0,0,
334400,1863.6,17.2,51.6,93.6,1310.0,3528.0,2.0,0,
334600,1863.7,20.5,51.5,240.0,1310.0,3528.0,2.0,0,
334700,1866.7,17.7,51.5,240.1,1310.0,3528.0,2.0,0,
334800,1867.4,16.3,51.4,240.1,1310.0,3528.0,2.0,0,
334900,1863.6,17.1,51.4,240.1,1310.0,3528.0,2.0,0,
335000,1863.5,14.9,51.3,240.0,1310.0,3528.0,2.0,0,
335100,1877.7,34.3,51.3,240.0,610.0,3605.0,5.0,1,
335200,1847.2,87.0,52.7,239.6,590.0,3404.0,4.0,1,
335300,1874.7,60.6,59.5,84.7,865.0,3836.0,5.0,1,
335400,1868.6,145.9,70.2,81.8,1419.0,4387.0,28.0,0,
335600,1865.6,146.1,101.2,158.8,1247.0,3816.0,2.0,0,
335700,1850.8,111.6,116.5,190.3,1327.0,3731.0,2.0,0,
335800,1866.8,21.7,116.4,196.5,1327.0,3731.0,2.0,0,
335900,1862.4,18.0,116.4,152.5,1327.0,3731.0,2.0,0,
336000,1864.3,17.7,116.4,94.7,1327.0,3731.0,2.0,0,
336100,1862.5,19.2,116.4,153.2,1327.0,3731.0,2.0,0,
336200,1861.1,17.5,116.5,240.2,1327.0,3731.0,2.0,0,
336300,1860.3,17.0,116.6,240.0,1327.0,3731.0,2.0,0,
336400,1862.3,18.5,116.6,240.3,1327.0,3731.0,2.0,0,
336600,1862.0,17.7,116.7,240.3,1327.0,3731.0,2.0,0,
336700,1861.6,13.1,116.7,240.1,1327.0,3731.0,2.0,0,
336800,1865.8,22.6,116.3,239.8,634.0,3353.0,4.0,1,
336900,1877.7,218.3,127.4,156.8,1263.0,3648.0,2.0,0,
337000,1840.5,198.0,140.7,157.2,1445.0,4582.0,28.0,0,
337100,1859.8,201.2,142.2,158.2,1590.0,4274.0,2.0,0,
337200,1869.5,142.3,139.6,190.1,1267.0,4029.0,2.0,0,
337300,1856.3,178.9,135.0,213.8,1310.0,3723.0,2.0,0,
337400,1863.8,25.6,135.3,198.8,1266.0,3587.0,2.0,0,
337600,1861.0,17.3,135.3,113.6,1266.0,3587.0,2.0,0,
337700,1864.1,18.6,135.3,91.5,1266.0,3587.0,2.0,0,
337800,1864.2,18.9,135.2,239.6,1266.0,3587.0,2.0,0,
337900,1864.5,16.8,135.2,240.0,1266.0,3587.0,2.0,0,
338000,1864.7,18.7,135.1,240.2,1266.0,3587.0,2.0,0,
338100,1863.4,18.1,135.2,240.1,1266.0,3587.0,2.0,0,
338200,1861.9,18.0,135.1,240.1,1266.0,3587.0,2.0,0,
338300,1860.6,15.4,135.1,240.3,1266.0,3587.0,2.0,0,
338400,1875.7,22.6,135.1,240.2,573.0,3164.0,5.0,1,
338600,1848.6,185.1,125.8,196.6,1062.0,3694.0,2.0,0,
338700,1873.2,212.0,124.7,185.2,1269.0,4076.0,2.0,0,
338800,1867.3,151.1,124.2,165.3,1157.0,4420.0,2.0,0,
338900,1856.1,174.4,128.6,197.4,1339.0,4002.0,2.0,0,
339000,1862.3,35.9,128.7,197.5,1322.0,3819.0,2.0,0,
339100,1862.4,20.6,128.7,158.4,1322.0,3819.0,2.0,0,
339200,1864.9,17.5,128.7,108.7,1322.0,3819.0,2.0,0,
339300,1863.5,21.3,128.7,99.9,1322.0,3819.0,2.0,0,
339400,1862.2,20.8,128.7,240.0,1322.0,3819.0,2.0,0,
339600,1860.1,15.7,128.8,240.4,1322.0,3819.0,2.0,0,
339700,1861.9,16.9,128.8,240.5,1322.0,3819.0,2.0,0,
339800,1862.9,19.9,128.8,240.4,1322.0,3819.0,2.0,0,
339900,1862.0,18.4,128.8,240.2,1322.0,3819.0,2.0,0,
340000,1872.2,27.1,128.7,240.2,650.0,3437.0,3.0,1,
340100,1857.0,135.3,128.5,239.6,1382.0,4294.0,28.0,0,
340200,1866.7,219.3,131.4,240.3,1432.0,4089.0,2.0,0,
340300,1891.4,197.1,131.3,228.7,1089.0,3660.0,2.0,0,
340400,1837.8,186.6,134.2,188.2,1411.0,4354.0,28.0,0,
340600,1866.8,50.1,135.1,167.4,1208.0,3377.0,2.0,0,
340700,1865.9,22.6,135.1,196.5,1208.0,3377.0,2.0,0,
340800,1864.5,18.4,135.1,156.8,1208.0,3377.0,2.0,0,
340900,1863.7,16.8,135.0,139.3,1208.0,3377.0,2.0,0,
341000,1863.4,15.9,135.0,239.9,1208.0,3377.0,2.0,0,
341100,1862.0,18.9,135.0,240.5,1208.0,3377.0,2.0,0,
341200,1862.8,16.9,135.0,240.2,1208.0,3377.0,2.0,0,
341300,1863.2,19.7,135.0,240.2,1208.0,3377.0,2.0,0,
341400,1866.5,16.7,134.9,240.4,1208.0,3377.0,2.0,0,
341600,1873.0,76.7,135.0,240.3,557.0,3269.0,5.0,1,
341700,1849.4,169.8,135.2,239.0,609.0,3482.0,6.0,1,
341800,1879.3,191.1,144.3,90.8,1541.0,3939.0,2.0,0,
341900,1862.3,172.7,144.2,101.5,1171.0,3757.0,2.0,0,
342000,1846.7,201.9,145.7,163.3,1097.0,3188.0,2.0,0,
342100,1871.2,217.6,145.9,198.2,1146.0,3396.0,2.0,0,
342200,1854.3,77.4,147.1,196.8,1263.0,3489.0,2.0,0,
342300,1859.5,19.9,147.1,197.2,1263.0,3489.0,2.0,0,
342400,1863.5,15.0,147.1,155.9,1263.0,3489.0,2.0,0,
342600,1862.8,15.3,147.1,194.6,1263.0,3489.0,2.0,0,
342700,1861.2,14.4,147.1,240.1,1263.0,3489.0,2.0,0,
342800,1859.4,13.2,147.1,240.2,1263.0,3489.0,2.0,0,
342900,1860.5,14.2,147.2,240.0,1263.0,3489.0,2.0,0,
343000,1863.0,16.0,147.2,240.1,1263.0,3489.0,2.0,0,
343100,1863.9,16.9,147.2,240.4,1263.0,3489.0,2.0,0,
343200,1872.0,27.1,147.2,240.4,1263.0,3489.0,2.0,0,
343300,1847.8,21.5,146.9,240.6,655.0,3597.0,6.0,1,
343400,1863.0,157.3,143.2,163.4,993.0,3611.0,3.0,1,
343600,1863.4,237.8,141.0,102.5,1342.0,3432.0,2.0,0,
343700,1889.0,195.4,139.2,167.9,1135.0,3364.0,2.0,0,
343800,1842.0,130.9,139.4,166.1,1232.0,3258.0,2.0,0,
343900,1862.9,24.0,139.4,166.2,1232.0,3258.0,2.0,0,
344000,1859.2,19.3,139.4,157.4,1232.0,3258.0,2.0,0,
344100,1861.5,20.5,139.5,134.2,1232.0,3258.0,2.0,0,
344200,1861.0,17.5,139.6,195.2,1232.0,3258.0,2.0,0,
344300,1861.4,18.9,139.6,239.8,1232.0,3258.0,2.0,0,
344400,1865.2,20.0,139.6,240.1,1232.0,3258.0,2.0,0,
344600,1861.0,20.2,139.6,240.0,1232.0,3258.0,2.0,0,
344700,1862.7,19.5,139.7,239.9,1232.0,3258.0,2.0,0,
344800,1860.7,18.4,139.7,240.0,1232.0,3258.0,2.0,0,
344900,1855.1,24.6,139.8,239.9,546.0,3444.0,6.0,1,
345000,1871.5,33.0,128.4,238.5,894.0,4158.0,5.0,1,
345100,1857.8,23.3,114.8,129.9,1065.0,4832.0,5.0,1,
345200,1869.1,45.6,96.6,112.1,1044.0,4147.0,4.0,1,
345300,1859.0,24.1,78.9,153.3,1211.0,4803.0,5.0,1,
345400,1850.5,33.8,39.7,79.2,1331.0,5022.0,4.0,1,
345600,1860.6,19.0,30.5,87.2,1331.0,5022.0,4.0,1,
345700,1861.5,21.1,30.5,203.3,1331.0,5022.0,4.0,1,
345800,1864.0,17.0,30.4,239.8,1331.0,5022.0,4.0,1,
345900,1863.0,18.7,30.5,240.5,1331.0,5022.0,4.0,1,
346000,1861.4,20.9,30.4,240.3,1331.0,5022.0,4.0,1,
346100,1862.5,19.3,30.4,240.1,1331.0,5022.0,4.0,1,
346200,1863.1,20.0,30.4,240.4,1331.0,5022.0,4.0,1,
346300,1865.2,17.8,30.3,240.8,1331.0,5022.0,4.0,1,
346400,1863.4,22.3,30.4,240.8,1331.0,5022.0,4.0,1,
346600,1871.2,195.2,55.7,239.9,1274.0,3749.0,27.0,0,
346700,1845.3,168.7,87.4,102.7,1055.0,3227.0,2.0,0,
346800,1868.0,222.1,107.1,103.3,1681.0,4082.0,2.0,0,
346900,1860.8,159.8,120.9,165.0,1163.0,3813.0,2.0,0,
347000,1857.8,224.7,132.3,187.9,1231.0,3806.0,2.0,0,
347100,1870.0,41.7,138.8,158.4,1457.0,3859.0,2.0,0,
347200,1863.9,22.2,138.8,158.5,1457.0,3859.0,2.0,0,
347300,1862.8,19.9,138.7,139.1,1457.0,3859.0,2.0,0,
347400,1863.4,19.1,138.8,157.4,1457.0,3859.0,2.0,0,
347600,1865.0,20.2,138.7,240.2,1457.0,3859.0,2.0,0,
347700,1863.2,19.7,138.7,240.5,1457.0,3859.0,2.0,0,
347800,1863.8,18.8,138.7,240.4,1457.0,3859.0,2.0,0,
347900,1862.8,22.2,138.8,240.3,1457.0,3859.0,2.0,0,
348000,1861.2,20.8,138.8,240.4,1457.0,3859.0,2.0,0,
348100,1884.8,22.3,138.8,240.3,565.0,3344.0,7.0,1,
348200,1843.7,19.5,135.2,240.3,707.0,3972.0,4.0,1,
348300,1854.5,23.6,117.2,238.2,1105.0,4904.0,5.0,1,
348400,1875.6,30.5,106.3,129.9,1182.0,4635.0,5.0,1,
348600,1868.6,22.5,61.1,112.5,1363.0,4997.0,4.0,1,
348700,1862.6,22.4,27.6,206.7,1482.0,5359.0,4.0,1,
348800,1864.0,18.8,27.6,206.2,1482.0,5359.0,4.0,1,
348900,1863.5,22.6,27.4,238.4,1482.0,5359.0,4.0,1,
349000,1861.0,17.0,27.6,240.0,1482.0,5359.0,4.0,1,
349100,1862.3,20.7,27.4,240.3,1482.0,5359.0,4.0,1,
349200,1865.8,20.8,27.5,240.6,1482.0,5359.0,4.0,1,
349300,1863.1,18.5,27.4,240.5,1482.0,5359.0,4.0,1,
349400,1863.8,20.3,27.4,240.0,1482.0,5359.0,4.0,1,
349600,1864.4,18.2,27.6,240.5,1482.0,5359.0,4.0,1,
349700,1868.8,19.9,27.4,240.3,603.0,3632.0,7.0,1,
349800,1847.9,18.6,27.5,240.0,603.0,3388.0,6.0,1,
349900,1871.9,20.8,27.2,239.4,853.0,3835.0,5.0,1,
350000,1884.3,33.0,27.2,208.7,1083.0,4357.0,5.0,1,
350100,1840.5,18.1,27.1,209.2,1275.0,4807.0,5.0,1,
350200,1870.4,21.9,26.5,158.3,1192.0,4755.0,4.0,1,
350300,1861.0,21.9,27.0,155.5,1398.0,4974.0,5.0,1,
350400,1862.2,21.0,26.7,208.3,1398.0,4974.0,5.0,1,
350600,1866.4,20.6,26.9,239.7,1398.0,4974.0,5.0,1,
350700,1865.7,16.8,27.0,240.7,1398.0,4974.0,5.0,1,
350800,1863.5,18.2,26.6,240.6,1398.0,4974.0,5.0,1,
350900,1864.1,20.7,26.8,240.4,1398.0,4974.0,5.0,1,
351000,1862.4,16.1,26.5,240.4,1398.0,4974.0,5.0,1,
351100,1862.0,18.4,26.3,240.5,1398.0,4974.0,5.0,1,
351200,1865.9,21.6,26.1,240.4,1398.0,4974.0,5.0,1,
351300,1864.9,13.7,26.1,240.4,1398.0,4974.0,5.0,1,
351400,1854.7,18.7,27.4,240.3,617.0,3499.0,6.0,1,
351600,1846.2,181.3,93.4,100.5,1230.0,4193.0,28.0,0,
351700,1862.5,128.6,105.2,130.2,1106.0,3801.0,2.0,0,
351800,1873.6,115.2,115.0,165.3,1264.0,3596.0,2.0,0,
351900,1849.9,188.7,132.0,226.4,1145.0,3423.0,2.0,0,
352000,1867.2,26.7,133.2,196.4,1390.0,3752.0,2.0,0,
352100,1863.4,21.2,133.2,134.3,1390.0,3752.0,2.0,0,
352200,1862.8,18.9,133.2,94.6,1390.0,3752.0,2.0,0,
352300,1860.7,17.6,133.3,133.2,1390.0,3752.0,2.0,0,
352400,1863.4,23.3,133.3,240.0,1390.0,3752.0,2.0,0,
352600,1862.4,22.0,133.3,240.9,1390.0,3752.0,2.0,0,
352700,1861.6,19.1,133.4,240.4,1390.0,3752.0,2.0,0,
352800,1862.8,20.7,133.4,240.0,1390.0,3752.0,2.0,0,
352900,1862.4,17.4,133.4,240.1,1390.0,3752.0,2.0,0,
353000,1868.5,22.8,133.5,240.0,538.0,3092.0,3.0,1,
353100,1861.9,207.8,132.1,239.1,1430.0,3500.0,2.0,0,
353200,1851.6,184.4,133.9,164.6,1008.0,3386.0,2.0,0,
353300,1870.5,206.9,131.9,153.3,1188.0,3607.0,2.0,0,
353400,1881.7,129.3,136.3,158.5,1166.0,3964.0,2.0,0,
353600,1870.9,35.7,139.1,157.4,1347.0,3495.0,2.0,0,
353700,1862.5,19.9,139.1,135.5,1347.0,3495.0,2.0,0,
353800,1859.0,21.5,139.1,110.7,1347.0,3495.0,2.0,0,
353900,1865.6,17.5,139.1,135.2,1347.0,3495.0,2.0,0,
354000,1861.7,18.1,139.1,239.9,1347.0,3495.0,2.0,0,
354100,1863.7,16.8,139.1,240.7,1347.0,3495.0,2.0,0,
354200,1861.3,17.4,139.2,240.7,1347.0,3495.0,2.0,0,
354300,1861.5,20.1,139.1,240.8,1347.0,3495.0,2.0,0,
354400,1864.3,19.0,139.1,240.6,1347.0,3495.0,2.0,0,
354600,1861.6,19.9,139.0,240.6,545.0,3353.0,5.0,1,
354700,1861.9,28.8,137.8,240.2,680.0,3377.0,6.0,1,
354800,1849.5,29.9,114.7,213.2,920.0,4145.0,5.0,1,
354900,1891.9,23.0,105.0,93.5,946.0,3943.0,5.0,1,
355000,1846.4,14.7,85.9,94.2,1161.0,4602.0,5.0,1,
355100,1856.5,20.7,54.5,93.8,1213.0,4569.0,4.0,1,
355200,1871.2,19.1,27.6,80.0,1358.0,4857.0,5.0,1,
355300,1863.7,18.6,27.4,117.4,1358.0,4857.0,5.0,1,
355400,1862.6,17.3,27.4,237.6,1358.0,4857.0,5.0,1,
355600,1864.2,17.1,27.3,240.5,1358.0,4857.0,5.0,1,
355700,1863.8,16.4,27.2,240.7,1358.0,4857.0,5.0,1,
355800,1860.9,17.8,27.3,240.7,1358.0,4857.0,5.0,1,
355900,1864.2,19.4,27.5,240.4,1358.0,4857.0,5.0,1,
356000,1864.6,17.8,27.5,240.0,1358.0,4857.0,5.0,1,
356100,1862.0,17.5,27.3,240.1,1358.0,4857.0,5.0,1,
356200,1871.9,41.1,27.1,240.7,550.0,3358.0,5.0,1,
356300,1861.5,28.4,27.5,240.7,630.0,3740.0,3.0,1,
356400,1867.1,22.1,27.6,155.7,832.0,3947.0,5.0,1,
356600,1851.0,82.3,28.0,90.7,1154.0,4590.0,5.0,1,
356700,1871.5,219.9,51.2,185.3,1235.0,3488.0,2.0,0,
356800,1857.9,80.0,83.8,226.6,1234.0,3309.0,2.0,0,
356900,1858.9,25.6,83.9,164.1,1234.0,3309.0,2.0,0,
357000,1864.8,20.5,84.0,123.3,1234.0,3309.0,2.0,0,
357100,1862.2,20.0,84.0,93.6,1234.0,3309.0,2.0,0,
357200,1863.8,20.6,84.0,214.8,1234.0,3309.0,2.0,0,
357300,1863.3,16.5,84.1,240.5,1234.0,3309.0,2.0,0,
357400,1860.7,16.6,84.1,240.7,1234.0,3309.0,2.0,0,
357600,1862.5,18.7,84.1,240.5,1234.0,3309.0,2.0,0,
357700,1865.2,19.7,84.1,240.3,1234.0,3309.0,2.0,0,
357800,1886.3,20.1,84.1,240.1,1234.0,3309.0,2.0,0,
357900,1838.1,41.6,85.0,239.4,594.0,3258.0,3.0,1,
358000,1866.8,246.2,112.6,80.3,1632.0,3861.0,2.0,0,
358100,1855.3,185.0,127.6,93.4,1559.0,4112.0,28.0,0,
358200,1858.8,175.8,139.2,124.7,1156.0,3616.0,2.0,0,
358300,1894.2,109.3,143.4,158.7,1245.0,4214.0,2.0,0,
358400,1842.7,160.1,143.6,199.4,1207.0,3066.0,2.0,0,
358600,1863.2,19.3,144.0,130.1,1207.0,3066.0,2.0,0,
358700,1862.9,18.0,144.0,70.8,1207.0,3066.0,2.0,0,
358800,1862.6,20.0,144.0,73.6,1207.0,3066.0,2.0,0,
358900,1863.0,20.3,144.0,240.1,1207.0,3066.0,2.0,0,
359000,1862.8,18.5,144.0,240.3,1207.0,3066.0,2.0,0,
359100,1865.1,18.4,143.9,240.3,1207.0,3066.0,2.0,0,
359200,1862.4,18.1,143.9,240.4,1207.0,3066.0,2.0,0,
359300,1862.3,17.9,143.9,240.6,1207.0,3066.0,2.0,0,
359400,1864.8,22.3,143.9,240.7,1207.0,3066.0,2.0,0,
359600,1861.2,77.8,133.8,239.3,889.0,3544.0,3.0,1,
359700,1858.1,23.3,114.8,37.8,948.0,3887.0,5.0,1,
359800,1875.5,46.0,104.7,29.5,1080.0,4004.0,4.0,1,
359900,1854.0,113.9,90.6,36.8,1218.0,4077.0,2.0,0,
360000,1857.4,189.2,88.7,76.4,1185.0,3421.0,2.0,0,
360100,1864.1,28.6,86.2,196.4,1290.0,3467.0,2.0,0,
360200,1862.6,17.7,86.2,150.9,1290.0,3467.0,2.0,0,
360300,1862.4,18.1,86.2,99.6,1290.0,3467.0,2.0,0,
360400,1860.9,19.5,86.2,93.2,1290.0,3467.0,2.0,0,
360600,1865.1,20.9,86.2,240.8,1290.0,3467.0,2.0,0,
360700,1862.7,18.6,86.2,241.0,1290.0,3467.0,2.0,0,
360800,1861.5,18.9,86.3,240.7,1290.0,3467.0,2.0,0,
360900,1863.4,18.3,86.3,240.4,1290.0,3467.0,2.0,0,
361000,1862.4,22.7,86.3,240.6,1290.0,3467.0,2.0,0,
361100,1866.9,29.5,86.1,240.8,554.0,3323.0,4.0,1,
361200,1882.6,20.9,83.3,239.9,731.0,3710.0,4.0,1,
361300,1843.5,31.2,80.2,165.4,991.0,4047.0,5.0,1,
361400,1868.8,20.1,75.6,93.7,1177.0,4838.0,5.0,1,
361600,1864.0,23.0,56.0,66.4,1229.0,4669.0,4.0,1,
361700,1867.1,17.3,28.7,87.0,1235.0,4705.0,5.0,1,
361800,1863.6,18.5,28.7,89.3,1235.0,4705.0,5.0,1,
361900,1863.6,19.5,28.7,206.2,1235.0,4705.0,5.0,1,
362000,1861.3,16.7,28.7,239.9,1235.0,4705.0,5.0,1,
362100,1863.1,18.4,28.5,240.3,1235.0,4705.0,5.0,1,
362200,1866.1,19.0,28.4,240.6,1235.0,4705.0,5.0,1,
362300,1864.9,17.6,28.4,240.9,1235.0,4705.0,5.0,1,
362400,1861.9,18.0,28.4,240.6,1235.0,4705.0,5.0,1,
362600,1862.3,18.6,28.1,240.3,1235.0,4705.0,5.0,1,
362700,1880.4,38.2,35.4,239.8,518.0,3172.0,6.0,1,
362800,1843.2,69.0,37.1,84.4,736.0,3870.0,4.0,1,
362900,1874.5,231.3,70.2,78.8,1715.0,3898.0,2.0,0,
363000,1858.8,160.1,92.5,138.8,1448.0,4040.0,28.0,0,
363100,1866.4,196.7,112.5,164.9,1519.0,4082.0,2.0,0,
363200,1866.4,78.9,122.3,165.5,1224.0,3505.0,2.0,0,
363300,1852.4,65.2,134.4,173.8,1219.0,3167.0,2.0,0,
363400,1862.0,19.6,134.4,165.7,1219.0,3167.0,2.0,0,
363600,1862.7,17.8,134.4,91.6,1219.0,3167.0,2.0,0,
363700,1861.3,20.7,134.5,153.1,1219.0,3167.0,2.0,0,
363800,1863.2,18.3,134.5,240.6,1219.0,3167.0,2.0,0,
363900,1861.4,17.1,134.6,240.7,1219.0,3167.0,2.0,0,
364000,1864.7,18.5,134.6,240.6,1219.0,3167.0,2.0,0,
364100,1864.1,17.2,134.6,240.6,1219.0,3167.0,2.0,0,
364200,1862.2,20.3,134.6,240.4,1219.0,3167.0,2.0,0,
364300,1868.0,195.8,136.9,239.8,1650.0,3633.0,25.0,0,
364400,1866.9,62.4,144.1,185.7,600.0,3384.0,5.0,1,
364600,1875.8,148.8,144.2,154.2,952.0,2915.0,2.0,0,
364700,1853.1,189.0,143.6,147.0,1492.0,3636.0,2.0,0,
364800,1866.3,143.9,146.5,144.5,1223.0,3650.0,2.0,0,
364900,1850.8,112.8,146.8,168.1,1277.0,3249.0,2.0,0,
365000,1861.2,22.4,146.8,166.9,1277.0,3249.0,2.0,0,
365100,1862.1,17.9,146.7,146.2,1277.0,3249.0,2.0,0,
365200,1864.7,18.8,146.7,99.5,1277.0,3249.0,2.0,0,
365300,1862.7,19.7,146.7,114.3,1277.0,3249.0,2.0,0,
365400,1863.0,16.6,146.7,240.3,1277.0,3249.0,2.0,0,
365600,1860.5,17.2,146.6,240.9,1277.0,3249.0,2.0,0,
365700,1862.5,18.1,146.7,240.6,1277.0,3249.0,2.0,0,
365800,1861.7,17.6,146.7,240.4,1277.0,3249.0,2.0,0,
365900,1865.1,90.0,146.7,240.2,1277.0,3249.0,2.0,0,
366000,1870.8,24.6,137.6,111.2,677.0,3523.0,6.0,1,
366100,1866.8,191.4,140.4,80.4,931.0,3171.0,27.0,0,
366200,1849.4,207.5,143.6,77.4,1030.0,3423.0,2.0,0,
366300,1871.6,190.3,144.7,93.4,1222.0,3645.0,2.0,0,
366400,1853.4,224.7,143.6,157.4,1295.0,3844.0,28.0,0,
366600,1849.7,25.1,141.3,188.2,1216.0,3113.0,2.0,0,
366700,1861.5,17.4,141.3,187.7,1216.0,3113.0,2.0,0,
366800,1862.0,18.8,141.3,149.2,1216.0,3113.0,2.0,0,
366900,1863.8,17.2,141.3,130.4,1216.0,3113.0,2.0,0,
367000,1863.1,20.0,141.4,240.7,1216.0,3113.0,2.0,0,
367100,1862.9,19.2,141.4,241.2,1216.0,3113.0,2.0,0,
367200,1865.0,19.9,141.4,240.8,1216.0,3113.0,2.0,0,
367300,1863.1,16.8,141.4,240.4,1216.0,3113.0,2.0,0,
367400,1863.3,16.5,141.4,240.3,1216.0,3113.0,2.0,0,
367600,1873.5,53.5,141.1,240.2,594.0,3257.0,4.0,1,
367700,1847.9,78.0,138.1,84.7,853.0,3989.0,5.0,1,
367800,1874.3,238.2,129.7,70.8,1598.0,3893.0,2.0,0,
367900,1860.7,181.2,132.1,109.9,1484.0,4574.0,28.0,0,
368000,1872.8,178.6,131.0,158.7,1570.0,3984.0,2.0,0,
368100,1858.2,128.5,130.1,158.2,1368.0,3523.0,2.0,0,
368200,1859.6,35.0,130.6,196.9,1049.0,2790.0,2.0,0,
368300,1864.2,19.4,130.6,190.4,1049.0,2790.0,2.0,0,
368400,1866.2,19.3,130.6,159.1,1049.0,2790.0,2.0,0,
368600,1860.5,15.0,130.6,239.6,1049.0,2790.0,2.0,0,
368700,1862.3,15.3,130.5,240.1,1049.0,2790.0,2.0,0,
368800,1862.8,19.8,130.5,240.2,1049.0,2790.0,2.0,0,
368900,1861.9,19.4,130.5,240.2,1049.0,2790.0,2.0,0,
369000,1863.8,17.4,130.5,240.2,1049.0,2790.0,2.0,0,
369100,1863.0,17.4,130.5,240.3,1049.0,2790.0,2.0,0,
369200,1855.6,202.2,134.7,239.9,1280.0,3551.0,25.0,0,
369300,1871.4,44.3,137.5,85.1,722.0,3611.0,5.0,1,
369400,1873.6,110.9,138.5,74.3,954.0,3481.0,2.0,0,
369600,1867.8,126.0,133.5,158.9,1258.0,3924.0,2.0,0,
369700,1862.9,153.0,134.4,165.4,1421.0,4259.0,28.0,0,
369800,1868.6,52.0,135.9,197.4,1084.0,2681.0,2.0,0,
369900,1861.9,22.4,136.0,190.0,1084.0,2681.0,2.0,0,
370000,1863.4,21.1,136.0,158.8,1084.0,2681.0,2.0,0,
370100,1862.9,19.0,136.1,141.3,1084.0,2681.0,2.0,0,
370200,1865.6,17.8,136.0,239.3,1084.0,2681.0,2.0,0,
370300,1865.1,20.5,136.0,240.5,1084.0,2681.0,2.0,0,
370400,1864.6,18.6,136.0,240.5,1084.0,2681.0,2.0,0,
370600,1865.9,17.5,136.0,240.3,1084.0,2681.0,2.0,0,
370700,1863.1,17.9,136.0,240.3,1084.0,2681.0,2.0,0,
370800,1856.0,39.2,135.7,240.3,610.0,3320.0,5.0,1,
370900,1887.5,25.7,126.0,240.3,706.0,3602.0,4.0,1,
371000,1847.4,25.0,120.2,166.8,816.0,3593.0,5.0,1,
371100,1854.8,20.3,100.5,67.6,1086.0,4306.0,5.0,1,
371200,1871.8,33.2,89.5,42.0,1128.0,4190.0,5.0,1,
371300,1849.7,112.8,63.9,86.0,1351.0,5078.0,5.0,1,
371400,1870.4,36.8,56.4,152.6,1430.0,3720.0,2.0,0,
371600,1863.1,19.0,56.4,234.1,1430.0,3720.0,2.0,0,
371700,1867.3,20.8,56.4,240.6,1430.0,3720.0,2.0,0,
371800,1864.6,21.5,56.3,240.5,1430.0,3720.0,2.0,0,
371900,1863.4,19.3,56.4,240.3,1430.0,3720.0,2.0,0,
372000,1861.7,20.7,56.4,240.1,1430.0,3720.0,2.0,0,
372100,1861.7,18.6,56.3,240.2,1430.0,3720.0,2.0,0,
372200,1864.8,18.3,56.3,240.5,1430.0,3720.0,2.0,0,
372300,1864.7,19.0,56.3,240.6,1430.0,3720.0,2.0,0,
372400,1867.9,24.5,56.3,240.3,591.0,3264.0,6.0,1,
372600,1848.0,63.9,61.0,89.2,827.0,3750.0,5.0,1,
372700,1874.0,42.6,63.9,83.5,985.0,3910.0,4.0,1,
372800,1872.4,37.2,64.2,82.4,1168.0,4449.0,4.0,1,
372900,1851.7,27.6,66.6,83.8,1231.0,4434.0,5.0,1,
373000,1866.2,70.2,64.3,92.3,1351.0,3919.0,2.0,0,
373100,1867.4,22.7,64.5,216.9,1351.0,3919.0,2.0,0,
373200,1862.7,16.8,64.4,259.7,1351.0,3919.0,2.0,0,
373300,1864.2,19.2,64.4,261.5,1351.0,3919.0,2.0,0,
373400,1862.7,16.1,64.4,240.8,1351.0,3919.0,2.0,0,
373600,1862.4,20.2,64.4,240.6,1351.0,3919.0,2.0,0,
373700,1863.2,17.8,64.3,240.4,1351.0,3919.0,2.0,0,
373800,1864.4,19.9,64.3,240.5,1351.0,3919.0,2.0,0,
373900,1863.9,17.9,64.3,240.5,1351.0,3919.0,2.0,0,
374000,1861.7,26.8,64.3,240.2,1351.0,3919.0,2.0,0,
374100,1853.9,61.0,64.3,239.6,572.0,3544.0,6.0,1,
374200,1855.0,36.0,65.0,87.0,887.0,3829.0,5.0,1,
374300,1892.6,55.3,63.6,75.0,1008.0,4324.0,5.0,1,
374400,1840.7,138.3,66.7,70.9,1533.0,4451.0,28.0,0,
374600,1872.4,127.5,89.6,214.7,1318.0,3636.0,2.0,0,
374700,1864.6,25.4,88.7,217.5,1291.0,3482.0,2.0,0,
374800,1863.5,20.0,88.7,204.7,1291.0,3482.0,2.0,0,
374900,1865.0,20.2,88.8,237.0,1291.0,3482.0,2.0,0,
375000,1864.8,16.8,88.7,240.6,1291.0,3482.0,2.0,0,
375100,1864.8,19.4,88.7,240.2,1291.0,3482.0,2.0,0,
375200,1863.9,21.3,88.6,240.2,1291.0,3482.0,2.0,0,
375300,1863.7,18.7,88.6,240.3,1291.0,3482.0,2.0,0,
375400,1865.4,19.1,88.6,240.2,1291.0,3482.0,2.0,0,
375600,1862.6,19.0,88.7,240.6,1291.0,3482.0,2.0,0,
375700,1851.3,31.2,87.6,240.7,602.0,3362.0,6.0,1,
375800,1874.7,23.9,84.8,240.3,790.0,3486.0,5.0,1,
375900,1855.6,32.5,84.9,214.1,991.0,4379.0,5.0,1,
376000,1857.4,29.1,84.0,124.9,1123.0,4355.0,5.0,1,
376100,1872.0,19.2,70.0,93.9,1175.0,4660.0,5.0,1,
376200,1864.9,16.1,38.8,142.8,1326.0,4811.0,5.0,1,
376300,1858.6,19.1,30.1,144.5,1418.0,4935.0,5.0,1,
376400,1860.4,18.2,29.9,133.8,1418.0,4935.0,5.0,1,
376600,1859.9,17.1,29.8,240.0,1418.0,4935.0,5.0,1,
376700,1862.8,15.9,29.8,240.3,1418.0,4935.0,5.0,1,
376800,1859.5,16.8,29.7,240.5,1418.0,4935.0,5.0,1,
376900,1863.0,16.4,29.7,240.5,1418.0,4935.0,5.0,1,
377000,1860.8,16.1,29.7,240.1,1418.0,4935.0,5.0,1,
377100,1859.4,18.5,29.5,240.1,1418.0,4935.0,5.0,1,
377200,1863.7,20.3,29.5,240.5,1418.0,4935.0,5.0,1,
377300,1859.5,35.6,29.4,240.5,532.0,3004.0,6.0,1,
377400,1869.5,251.4,82.5,186.4,1337.0,3290.0,2.0,0,
377600,1856.7,246.4,132.3,94.7,1475.0,3548.0,2.0,0,
377700,1896.5,112.6,143.3,167.2,1280.0,4024.0,2.0,0,
377800,1832.0,184.0,154.3,197.6,1283.0,3818.0,2.0,0,
377900,1874.2,42.1,158.0,198.1,1406.0,3868.0,2.0,0,
378000,1859.2,19.2,158.0,185.8,1406.0,3868.0,2.0,0,
378100,1863.6,20.1,158.0,186.0,1406.0,3868.0,2.0,0,
378200,1863.1,15.9,157.9,240.7,1406.0,3868.0,2.0,0,
378300,1860.9,18.3,157.9,240.6,1406.0,3868.0,2.0,0,
378400,1862.8,24.0,157.9,240.4,1406.0,3868.0,2.0,0,
378600,1861.5,19.3,157.9,240.5,1406.0,3868.0,2.0,0,
378700,1866.7,18.4,157.9,240.5,1406.0,3868.0,2.0,0,
378800,1862.0,18.9,157.9,240.5,1406.0,3868.0,2.0,0,
378900,1860.8,16.5,157.9,240.6,573.0,3513.0,4.0,1,
379000,1857.7,25.2,147.6,240.4,569.0,3195.0,4.0,1,
379100,1854.8,21.1,125.2,239.5,984.0,4200.0,5.0,1,
379200,1872.7,36.8,109.3,92.9,1019.0,4177.0,4.0,1,
379300,1851.2,27.5,88.9,38.9,1256.0,4866.0,5.0,1,
379400,1863.2,23.3,65.8,37.7,1280.0,4566.0,5.0,1,
379600,1862.1,18.8,45.5,44.0,1280.0,4566.0,5.0,1,
379700,1862.5,20.2,45.5,137.0,1280.0,4566.0,5.0,1,
379800,1860.1,18.3,45.6,239.6,1280.0,4566.0,5.0,1,
379900,1866.5,20.6,45.6,240.0,1280.0,4566.0,5.0,1,
380000,1862.2,17.7,45.6,240.1,1280.0,4566.0,5.0,1,
380100,1862.5,18.9,45.3,240.5,1280.0,4566.0,5.0,1,
380200,1865.6,19.2,45.3,240.3,1280.0,4566.0,5.0,1,
380300,1863.9,20.0,45.2,240.4,1280.0,4566.0,5.0,1,
380400,1865.7,20.1,45.1,240.7,1280.0,4566.0,5.0,1,
380600,1869.1,21.0,45.0,240.6,595.0,3662.0,4.0,1,
380700,1853.8,19.3,45.3,238.4,737.0,3324.0,5.0,1,
380800,1866.2,218.5,58.5,93.6,1663.0,3503.0,2.0,0,
380900,1849.5,187.6,90.4,130.3,1205.0,3872.0,2.0,0,
381000,1860.4,184.4,102.6,104.3,1222.0,3597.0,2.0,0,
381100,1890.3,113.8,116.2,134.2,1255.0,3939.0,2.0,0,
381200,1845.5,20.5,116.4,196.3,1296.0,3604.0,2.0,0,
381300,1862.4,20.3,116.4,169.4,1296.0,3604.0,2.0,0,
381400,1863.5,17.7,116.3,219.3,1296.0,3604.0,2.0,0,
381600,1863.3,18.8,116.4,240.3,1296.0,3604.0,2.0,0,
381700,1864.4,18.9,116.4,240.1,1296.0,3604.0,2.0,0,
381800,1864.0,22.9,116.4,240.3,1296.0,3604.0,2.0,0,
381900,1862.3,19.5,116.5,240.4,1296.0,3604.0,2.0,0,
382000,1862.3,21.8,116.5,240.5,1296.0,3604.0,2.0,0,
382100,1862.2,19.3,116.6,240.5,1296.0,3604.0,2.0,0,
382200,1853.6,23.3,116.5,240.6,649.0,3545.0,6.0,1,
382300,1872.5,20.3,116.4,240.3,816.0,3731.0,5.0,1,
382400,1863.5,20.0,114.5,209.7,943.0,3807.0,5.0,1,
382600,1875.9,23.8,67.4,200.0,1172.0,4162.0,4.0,1,
382700,1857.3,19.5,37.9,155.8,1296.0,4766.0,5.0,1,
382800,1868.7,18.1,26.8,118.1,1359.0,4987.0,5.0,1,
382900,1862.3,17.4,26.9,178.5,1359.0,4987.0,5.0,1,
383000,1863.0,19.2,26.7,239.7,1359.0,4987.0,5.0,1,
383100,1863.3,18.5,26.7,240.1,1359.0,4987.0,5.0,1,
383200,1866.7,22.9,27.0,240.3,1359.0,4987.0,5.0,1,
383300,1867.5,18.9,26.9,240.5,1359.0,4987.0,5.0,1,
383400,1861.6,16.8,26.9,240.6,1359.0,4987.0,5.0,1,
383600,1864.5,16.6,26.6,240.3,1359.0,4987.0,5.0,1,
383700,1864.2,20.5,26.8,240.5,1359.0,4987.0,5.0,1,
383800,1854.5,23.7,27.1,240.4,479.0,3004.0,6.0,1,
383900,1876.1,26.3,26.9,240.1,813.0,3676.0,6.0,1,
384000,1872.0,20.2,26.8,195.4,941.0,4134.0,5.0,1,
384100,1841.8,27.9,27.5,92.1,1037.0,3911.0,5.0,1,
384200,1869.7,20.7,26.9,93.3,1186.0,4646.0,5.0,1,
384300,1849.5,19.2,26.8,87.8,1229.0,4318.0,5.0,1,
384400,1875.8,21.0,26.8,116.1,1387.0,4673.0,5.0,1,
384600,1864.8,21.1,27.0,220.7,1387.0,4673.0,5.0,1,
384700,1864.4,19.4,27.1,240.3,1387.0,4673.0,5.0,1,
384800,1863.8,17.7,27.0,241.0,1387.0,4673.0,5.0,1,
384900,1863.1,19.6,27.0,240.9,1387.0,4673.0,5.0,1,
385000,1864.7,22.3,27.1,240.6,1387.0,4673.0,5.0,1,
385100,1862.5,19.2,27.2,240.7,1387.0,4673.0,5.0,1,
385200,1863.6,20.1,27.2,240.6,1387.0,4673.0,5.0,1,
385300,1863.0,18.4,27.3,240.4,1387.0,4673.0,5.0,1,
385400,1848.0,23.9,27.7,240.5,580.0,3363.0,6.0,1,
385600,1840.7,21.8,28.5,123.7,954.0,3822.0,5.0,1,
385700,1871.5,15.7,28.0,45.4,1016.0,4132.0,4.0,1,
385800,1864.8,24.5,28.2,88.8,1034.0,3832.0,5.0,1,
385900,1859.6,30.2,28.1,188.8,1127.0,4241.0,5.0,1,
386000,1873.5,25.8,29.3,178.2,1219.0,4399.0,5.0,1,
386100,1860.7,18.5,29.3,206.1,1219.0,4399.0,5.0,1,
386200,1864.7,19.7,29.4,208.3,1219.0,4399.0,5.0,1,
386300,1864.9,19.5,29.3,239.3,1219.0,4399.0,5.0,1,
386400,1861.4,19.8,29.4,240.2,1219.0,4399.0,5.0,1,
386600,1862.6,21.1,29.3,240.6,1219.0,4399.0,5.0,1,
386700,1865.7,18.4,29.2,240.8,1219.0,4399.0,5.0,1,
386800,1862.5,20.0,29.0,240.6,1219.0,4399.0,5.0,1,
386900,1864.4,18.3,29.0,240.4,1219.0,4399.0,5.0,1,
387000,1868.9,26.8,28.7,240.2,525.0,2957.0,6.0,1,
387100,1851.6,191.5,46.9,240.1,1304.0,3196.0,26.0,0,
387200,1853.9,188.2,85.4,103.0,1088.0,3285.0,2.0,0,
387300,1869.8,252.2,101.1,100.5,1509.0,3282.0,2.0,0,
387400,1872.3,205.8,120.5,158.2,949.0,3336.0,28.0,0,
387600,1870.2,80.3,147.8,229.8,1204.0,3222.0,2.0,0,
387700,1862.8,22.8,147.8,205.4,1204.0,3222.0,2.0,0,
387800,1859.9,16.7,147.8,197.0,1204.0,3222.0,2.0,0,
387900,1863.0,18.8,147.9,249.6,1204.0,3222.0,2.0,0,
388000,1861.7,20.9,147.9,242.2,1204.0,3222.0,2.0,0,
388100,1861.4,20.0,147.9,240.3,1204.0,3222.0,2.0,0,
388200,1865.3,21.0,147.9,240.3,1204.0,3222.0,2.0,0,
388300,1863.5,21.0,147.8,240.6,1204.0,3222.0,2.0,0,
388400,1862.4,16.7,147.9,240.7,1204.0,3222.0,2.0,0,
388600,1861.8,26.3,148.0,240.3,1204.0,3222.0,2.0,0,
388700,1851.5,81.0,148.4,240.3,537.0,3049.0,6.0,1,
388800,1858.2,33.4,130.9,147.0,824.0,3781.0,5.0,1,
388900,1885.0,69.7,124.9,89.5,850.0,3591.0,5.0,1,
389000,1846.0,49.3,106.4,78.5,1103.0,4269.0,5.0,1,
389100,1870.4,210.0,96.6,43.9,1739.0,3746.0,2.0,0,
389200,1860.9,144.1,95.9,139.7,1501.0,4137.0,28.0,0,
389300,1873.4,26.6,97.2,163.7,1241.0,3379.0,2.0,0,
389400,1861.0,20.1,97.2,164.2,1241.0,3379.0,2.0,0,
389600,1865.8,18.2,97.2,274.4,1241.0,3379.0,2.0,0,
389700,1861.8,19.7,97.2,240.7,1241.0,3379.0,2.0,0,
389800,1864.4,18.0,97.1,240.4,1241.0,3379.0,2.0,0,
389900,1860.8,21.0,97.1,240.3,1241.0,3379.0,2.0,0,
390000,1863.4,19.2,97.1,240.2,1241.0,3379.0,2.0,0,
390100,1862.5,18.0,97.1,240.1,1241.0,3379.0,2.0,0,
390200,1864.5,19.9,97.0,240.1,1241.0,3379.0,2.0,0,
390300,1863.2,29.4,99.3,239.7,602.0,3143.0,6.0,1,
390400,1870.7,40.8,99.4,55.0,729.0,3186.0,5.0,1,
390600,1864.6,40.0,94.8,82.8,1035.0,4430.0,5.0,1,
390700,1876.6,94.9,95.1,84.6,1189.0,3281.0,2.0,0,
390800,1865.2,151.3,94.2,211.7,1169.0,2975.0,2.0,0,
390900,1857.5,34.8,95.3,198.0,1303.0,3712.0,2.0,0,
391000,1862.8,19.4,95.3,165.0,1303.0,3712.0,2.0,0,
391100,1862.6,15.8,95.2,189.9,1303.0,3712.0,2.0,0,
391200,1859.1,20.9,95.2,251.8,1303.0,3712.0,2.0,0,
391300,1863.6,18.4,95.2,240.3,1303.0,3712.0,2.0,0,
391400,1860.6,22.1,95.2,240.3,1303.0,3712.0,2.0,0,
391600,1857.5,20.9,95.3,240.4,1303.0,3712.0,2.0,0,
391700,1863.4,15.9,95.3,240.4,1303.0,3712.0,2.0,0,
391800,1861.1,19.1,95.4,240.8,1303.0,3712.0,2.0,0,
391900,1860.5,50.6,97.4,240.5,580.0,2847.0,3.0,1,
392000,1867.4,53.3,94.9,38.9,622.0,3192.0,6.0,1,
392100,1849.9,126.5,95.3,36.3,810.0,3617.0,5.0,1,
392200,1865.8,224.1,119.6,39.8,1493.0,3104.0,2.0,0,
392300,1880.0,130.8,128.7,106.0,1460.0,4252.0,28.0,0,
392400,1842.9,182.9,130.6,135.7,1216.0,3147.0,2.0,0,
392600,1861.0,19.8,130.8,187.4,1216.0,3147.0,2.0,0,
392700,1861.0,14.7,130.8,187.5,1216.0,3147.0,2.0,0,
392800,1863.7,19.9,130.7,248.3,1216.0,3147.0,2.0,0,
392900,1862.3,18.7,130.7,241.1,1216.0,3147.0,2.0,0,
393000,1865.9,18.5,130.7,240.7,1216.0,3147.0,2.0,0,
393100,1863.7,18.8,130.7,240.9,1216.0,3147.0,2.0,0,
393200,1863.7,20.5,130.7,240.9,1216.0,3147.0,2.0,0,
393300,1863.7,21.3,130.6,240.7,1216.0,3147.0,2.0,0,
393400,1864.4,22.0,130.6,240.7,1216.0,3147.0,2.0,0,
393600,1851.7,38.9,129.2,240.5,427.0,2416.0,4.0,1,
393700,1867.2,37.9,134.1,93.5,516.0,2767.0,5.0,1,
393800,1872.2,27.0,118.1,65.7,602.0,2477.0,6.0,1,
393900,1847.8,24.3,100.0,39.8,674.0,2946.0,5.0,1,
394000,1869.5,17.8,75.5,30.1,947.0,3651.0,5.0,1,
394100,1865.3,22.0,51.9,42.1,1060.0,3959.0,5.0,1,
394200,1863.8,20.2,51.9,87.0,1060.0,3959.0,5.0,1,
394300,1863.5,19.2,51.9,187.0,1060.0,3959.0,5.0,1,
394400,1864.0,16.8,52.0,239.5,1060.0,3959.0,5.0,1,
394600,1864.2,19.2,52.0,240.5,1060.0,3959.0,5.0,1,
394700,1863.7,22.2,51.9,240.4,1060.0,3959.0,5.0,1,
394800,1863.2,21.9,52.0,240.2,1060.0,3959.0,5.0,1,
394900,1863.7,20.3,51.9,240.1,1060.0,3959.0,5.0,1,
395000,1862.7,16.6,51.9,240.4,1060.0,3959.0,5.0,1,
395100,1868.4,20.6,51.7,240.4,1060.0,3959.0,5.0,1,
395200,1864.8,29.9,49.1,240.3,504.0,3316.0,6.0,1,
395300,1859.5,52.2,38.0,133.3,698.0,3233.0,5.0,1,
395400,1854.2,173.2,56.7,93.9,1704.0,3725.0,27.0,0,
395600,1863.4,100.4,105.8,143.2,1238.0,3664.0,2.0,0,
395700,1859.3,156.8,122.5,168.9,1286.0,3569.0,2.0,0,
395800,1863.0,24.8,123.6,199.2,1360.0,3532.0,2.0,0,
395900,1862.4,18.4,123.6,157.7,1360.0,3532.0,2.0,0,
396000,1866.7,20.4,123.6,98.9,1360.0,3532.0,2.0,0,
396100,1866.7,19.5,123.6,130.0,1360.0,3532.0,2.0,0,
396200,1864.5,19.6,123.6,240.4,1360.0,3532.0,2.0,0,
396300,1865.4,21.8,123.5,240.3,1360.0,3532.0,2.0,0,
396400,1866.2,21.2,123.5,240.1,1360.0,3532.0,2.0,0,
396600,1863.2,19.0,123.5,240.3,1360.0,3532.0,2.0,0,
396700,1864.9,18.3,123.5,240.3,1360.0,3532.0,2.0,0,
396800,1875.0,35.4,123.5,240.0,483.0,2517.0,3.0,1,
396900,1864.0,16.7,121.4,239.3,538.0,2976.0,6.0,1,
397000,1864.7,30.3,121.1,125.2,786.0,3544.0,5.0,1,
397100,1881.8,25.2,95.2,93.0,958.0,3928.0,5.0,1,
397200,1846.5,55.1,76.9,143.6,1106.0,4147.0,4.0,1,
397300,1858.8,24.4,41.6,115.9,1238.0,4506.0,5.0,1,
397400,1863.4,21.9,31.0,71.6,1133.0,4605.0,5.0,1,
397600,1862.9,18.7,31.1,237.9,1133.0,4605.0,5.0,1,
397700,1860.2,17.7,31.0,240.2,1133.0,4605.0,5.0,1,
397800,1861.0,18.3,30.9,240.2,1133.0,4605.0,5.0,1,
397900,1863.0,17.8,30.8,240.4,1133.0,4605.0,5.0,1,
398000,1864.2,21.2,30.7,240.6,1133.0,4605.0,5.0,1,
398100,1864.1,20.3,30.7,240.6,1133.0,4605.0,5.0,1,
398200,1862.8,16.3,30.7,240.3,1133.0,4605.0,5.0,1,
398300,1861.1,20.1,30.7,240.2,1133.0,4605.0,5.0,1,
398400,1875.0,58.7,38.8,239.7,550.0,2902.0,4.0,1,
398600,1872.8,198.3,96.3,84.8,1630.0,3374.0,2.0,0,
398700,1862.3,222.5,115.5,109.4,1386.0,3389.0,2.0,0,
398800,1849.1,209.9,134.3,166.9,1114.0,3369.0,2.0,0,
398900,1872.7,177.0,142.5,199.7,1073.0,3191.0,2.0,0,
399000,1855.2,46.5,150.6,189.3,1144.0,2855.0,2.0,0,
399100,1862.0,21.9,150.6,168.7,1144.0,2855.0,2.0,0,
399200,1862.6,19.6,150.6,137.6,1144.0,2855.0,2.0,0,
399300,1861.2,22.6,150.6,100.6,1144.0,2855.0,2.0,0,
399400,1861.6,21.3,150.6,239.5,1144.0,2855.0,2.0,0,
399600,1861.3,19.8,150.6,240.7,1144.0,2855.0,2.0,0,
399700,1864.3,23.2,150.6,240.6,1144.0,2855.0,2.0,0,
399800,1863.4,19.1,150.7,240.2,1144.0,2855.0,2.0,0,
399900,1864.6,19.4,150.6,240.3,1144.0,2855.0,2.0,0,
400000,1873.0,40.8,150.7,240.3,1144.0,2855.0,2.0,0,
400100,1855.8,42.2,154.2,107.7,536.0,2974.0,6.0,1,
400200,1871.6,25.9,135.5,84.3,613.0,2888.0,6.0,1,
400300,1854.6,237.6,129.3,81.6,1469.0,3088.0,26.0,0,
400400,1869.3,250.3,128.5,84.1,960.0,3083.0,2.0,0,
400600,1839.8,63.5,126.5,131.5,1227.0,3195.0,2.0,0,
400700,1860.7,18.5,126.5,185.7,1227.0,3195.0,2.0,0,
400800,1861.0,18.9,126.4,197.6,1227.0,3195.0,2.0,0,
400900,1863.0,19.2,126.4,148.5,1227.0,3195.0,2.0,0,
401000,1862.5,21.2,126.3,195.1,1227.0,3195.0,2.0,0,
401100,1864.3,21.3,126.4,240.1,1227.0,3195.0,2.0,0,
401200,1864.6,19.2,126.4,240.3,1227.0,3195.0,2.0,0,
401300,1862.6,20.8,126.4,240.5,1227.0,3195.0,2.0,0,
401400,1859.2,18.1,126.5,240.6,1227.0,3195.0,2.0,0,
401600,1864.0,45.5,124.5,240.4,555.0,3061.0,5.0,1,
401700,1864.3,30.2,121.0,239.5,577.0,3142.0,3.0,1,
401800,1862.9,23.4,119.4,68.0,751.0,3564.0,5.0,1,
401900,1852.8,118.3,119.6,37.4,894.0,3751.0,5.0,1,
402000,1884.2,195.6,111.7,82.1,1678.0,3726.0,2.0,0,
402100,1854.6,165.8,109.4,169.2,1246.0,3894.0,28.0,0,
402200,1853.6,142.8,121.5,186.4,1218.0,3027.0,2.0,0,
402300,1866.0,29.4,121.5,186.0,1218.0,3027.0,2.0,0,
402400,1861.9,19.7,121.5,135.5,1218.0,3027.0,2.0,0,
402600,1862.7,17.7,121.6,134.8,1218.0,3027.0,2.0,0,
402700,1863.1,19.6,121.5,240.3,1218.0,3027.0,2.0,0,
402800,1863.6,17.3,121.5,240.4,1218.0,3027.0,2.0,0,
402900,1862.1,20.0,121.5,240.5,1218.0,3027.0,2.0,0,
403000,1864.0,20.4,121.4,240.5,1218.0,3027.0,2.0,0,
403100,1862.0,21.0,121.5,240.3,1218.0,3027.0,2.0,0,
403200,1862.1,94.7,121.5,240.1,1218.0,3027.0,2.0,0,
403300,1875.0,26.8,122.8,208.0,507.0,2821.0,6.0,1,
403400,1862.7,55.6,125.1,102.7,539.0,2764.0,3.0,1,
403600,1866.5,160.0,126.3,103.5,1495.0,3582.0,2.0,0,
403700,1853.7,164.9,122.4,109.1,1193.0,3809.0,2.0,0,
403800,1870.0,222.9,116.5,189.0,1444.0,3764.0,2.0,0,
403900,1857.3,28.0,115.8,198.0,1159.0,2972.0,2.0,0,
404000,1861.4,19.0,115.7,154.4,1159.0,2972.0,2.0,0,
404100,1862.7,18.1,115.8,105.2,1159.0,2972.0,2.0,0,
404200,1863.4,19.2,115.7,102.4,1159.0,2972.0,2.0,0,
404300,1861.0,20.9,115.7,240.4,1159.0,2972.0,2.0,0,
404400,1864.8,18.9,115.8,240.6,1159.0,2972.0,2.0,0,
404600,1862.6,20.0,115.8,240.7,1159.0,2972.0,2.0,0,
404700,1861.3,19.1,115.8,240.5,1159.0,2972.0,2.0,0,
404800,1865.2,20.8,115.7,240.5,1159.0,2972.0,2.0,0,
404900,1881.0,21.2,112.8,240.7,636.0,2983.0,4.0,1,
405000,1844.4,25.6,110.4,240.2,637.0,3276.0,6.0,1,
405100,1870.3,36.1,110.4,238.0,924.0,3926.0,5.0,1,
405200,1861.6,41.3,101.4,165.9,978.0,3737.0,4.0,1,
405300,1858.3,24.8,78.4,113.1,1107.0,4108.0,5.0,1,
405400,1880.7,33.4,59.0,133.8,1291.0,4815.0,5.0,1,
405600,1861.6,19.5,35.6,44.8,1291.0,4815.0,5.0,1,
405700,1866.3,21.3,35.6,86.1,1291.0,4815.0,5.0,1,
405800,1862.4,20.0,35.8,239.9,1291.0,4815.0,5.0,1,
405900,1863.5,18.9,35.7,240.6,1291.0,4815.0,5.0,1,
406000,1861.4,20.5,35.7,240.6,1291.0,4815.0,5.0,1,
406100,1863.5,19.5,35.7,240.5,1291.0,4815.0,5.0,1,
406200,1861.8,20.3,35.7,240.5,1291.0,4815.0,5.0,1,
406300,1864.0,19.2,35.6,240.4,1291.0,4815.0,5.0,1,
406400,1862.3,18.7,35.4,240.4,1291.0,4815.0,5.0,1,
406600,1864.8,24.2,51.3,69.1,570.0,3165.0,5.0,1,
406700,1871.4,93.8,60.1,37.1,756.0,3459.0,6.0,1,
406800,1868.7,115.2,63.9,39.7,934.0,3631.0,5.0,1,
406900,1857.6,41.5,69.7,50.1,891.0,3188.0,5.0,1,
407000,1869.6,50.0,73.6,68.6,958.0,3371.0,5.0,1,
407100,1854.5,23.2,73.3,47.9,925.0,3413.0,5.0,1,
407200,1862.8,16.8,73.3,39.0,925.0,3413.0,5.0,1,
407300,1861.2,20.4,73.3,39.7,925.0,3413.0,5.0,1,
407400,1863.5,20.4,73.3,237.8,925.0,3413.0,5.0,1,
407600,1862.9,19.3,73.2,240.5,925.0,3413.0,5.0,1,
407700,1862.4,19.9,73.2,240.7,925.0,3413.0,5.0,1,
407800,1867.5,20.1,73.2,240.6,925.0,3413.0,5.0,1,
407900,1861.5,19.2,73.2,240.4,925.0,3413.0,5.0,1,
408000,1861.5,18.2,73.3,240.3,925.0,3413.0,5.0,1,
408100,1859.8,62.3,73.2,240.4,535.0,2957.0,6.0,1,
408200,1860.4,41.5,66.0,240.0,332.0,1812.0,6.0,1,
408300,1880.3,32.9,60.4,38.8,334.0,1614.0,5.0,1,
408400,1852.8,49.3,60.0,29.3,348.0,1794.0,6.0,1,
408600,1856.1,33.0,41.6,82.6,414.0,1911.0,4.0,1,
408700,1867.3,33.5,49.4,84.0,427.0,1590.0,5.0,1,
408800,1864.4,21.2,49.5,79.6,427.0,1590.0,5.0,1,
408900,1864.1,18.5,49.5,46.1,427.0,1590.0,5.0,1,
409000,1863.2,19.9,49.5,85.0,427.0,1590.0,5.0,1,
409100,1863.8,19.9,49.6,240.1,427.0,1590.0,5.0,1,
409200,1864.4,22.3,49.6,240.3,427.0,1590.0,5.0,1,
409300,1861.1,17.1,49.7,240.5,427.0,1590.0,5.0,1,
409400,1861.3,19.6,49.5,240.5,427.0,1590.0,5.0,1,
409600,1861.8,20.0,49.6,240.6,427.0,1590.0,5.0,1,
409700,1859.8,16.7,49.6,240.5,427.0,1590.0,5.0,1,
409800,1879.3,30.1,50.1,239.9,372.0,1998.0,7.0,1,
409900,1848.9,30.6,47.9,124.4,285.0,1096.0,5.0,1,
410000,1865.4,43.0,53.0,104.6,319.0,1604.0,5.0,1,
410100,1864.0,38.0,53.2,45.0,379.0,1580.0,6.0,1,
410200,1860.5,47.8,54.2,35.4,351.0,1475.0,5.0,1,
410300,1863.6,51.2,55.7,70.9,335.0,1537.0,5.0,1,
410400,1862.7,21.3,55.5,102.8,335.0,1537.0,5.0,1,
410600,1863.8,19.2,55.5,45.9,335.0,1537.0,5.0,1,
410700,1863.5,20.0,55.5,238.4,335.0,1537.0,5.0,1,
410800,1861.6,18.0,55.5,240.5,335.0,1537.0,5.0,1,
410900,1866.1,21.2,55.4,240.5,335.0,1537.0,5.0,1,
411000,1864.2,20.4,55.5,240.4,335.0,1537.0,5.0,1,
411100,1864.3,20.1,55.5,240.4,335.0,1537.0,5.0,1,
411200,1864.4,20.3,55.5,240.4,335.0,1537.0,5.0,1,
411300,1861.0,23.0,55.5,240.2,335.0,1537.0,5.0,1,
411400,1868.7,29.4,55.8,239.7,310.0,1753.0,3.0,1,
411600,1857.5,38.3,63.8,91.5,289.0,1363.0,6.0,1,
411700,1870.0,31.6,64.2,76.5,322.0,1414.0,5.0,1,
411800,1854.3,44.0,64.0,43.2,395.0,1706.0,6.0,1,
411900,1871.4,16.7,57.5,83.9,372.0,1508.0,6.0,1,
412000,1859.5,18.9,57.4,116.9,457.0,1652.0,5.0,1,
412100,1859.0,18.7,57.4,132.0,457.0,1652.0,5.0,1,
412200,1863.0,21.8,57.5,153.9,457.0,1652.0,5.0,1,
412300,1862.2,19.7,57.5,240.4,457.0,1652.0,5.0,1,
412400,1859.9,19.3,57.4,240.6,457.0,1652.0,5.0,1,
412600,1864.7,19.8,57.5,240.0,457.0,1652.0,5.0,1,
412700,1862.7,18.7,57.6,240.4,457.0,1652.0,5.0,1,
412800,1862.9,22.6,57.5,240.5,457.0,1652.0,5.0,1,
412900,1863.9,23.4,57.5,240.5,457.0,1652.0,5.0,1,
413000,1857.7,107.6,54.6,240.7,386.0,2337.0,4.0,1,
413100,1862.5,28.4,59.3,239.4,327.0,1457.0,6.0,1,
413200,1871.8,24.2,42.0,77.0,362.0,1910.0,6.0,1,
413300,1850.4,82.3,39.2,51.0,440.0,1815.0,6.0,1,
413400,1869.0,33.5,50.4,81.2,479.0,2072.0,5.0,1,
413600,1863.8,22.0,55.7,39.0,459.0,1682.0,5.0,1,
413700,1864.4,21.9,55.8,39.4,459.0,1682.0,5.0,1,
413800,1862.0,20.7,55.7,41.4,459.0,1682.0,5.0,1,
413900,1862.2,22.2,55.8,239.0,459.0,1682.0,5.0,1,
414000,1861.1,19.8,55.8,240.7,459.0,1682.0,5.0,1,
414100,1863.5,18.7,55.8,240.6,459.0,1682.0,5.0,1,
414200,1863.0,21.5,55.9,240.7,459.0,1682.0,5.0,1,
414300,1864.6,20.0,55.9,240.5,459.0,1682.0,5.0,1,
414400,1863.0,20.5,55.8,240.5,459.0,1682.0,5.0,1,
414600,1861.6,15.2,55.6,240.3,431.0,2318.0,6.0,1,
414700,1863.2,51.9,52.0,240.1,324.0,1738.0,5.0,1,
414800,1855.1,48.9,54.8,236.7,362.0,1552.0,5.0,1,
414900,1864.2,17.6,55.6,83.1,518.0,2089.0,5.0,1,
415000,1868.8,123.7,49.6,51.6,424.0,1788.0,6.0,1,
415100,1864.9,53.1,54.6,76.5,497.0,1904.0,5.0,1,
415200,1865.4,34.5,53.5,46.1,418.0,1901.0,5.0,1,
415300,1864.1,21.8,53.4,82.1,418.0,1901.0,5.0,1,
415400,1863.3,20.8,53.4,122.2,418.0,1901.0,5.0,1,
415600,1860.3,20.0,53.3,240.0,418.0,1901.0,5.0,1,
415700,1860.7,21.5,53.3,240.4,418.0,1901.0,5.0,1,
415800,1862.5,21.8,53.3,240.5,418.0,1901.0,5.0,1,
415900,1861.9,21.1,53.5,240.6,418.0,1901.0,5.0,1,
416000,1860.8,20.4,53.5,240.6,418.0,1901.0,5.0,1,
416100,1864.1,21.4,53.6,240.6,418.0,1901.0,5.0,1,
416200,1861.0,24.1,53.7,240.5,392.0,2378.0,6.0,1,
416300,1869.3,59.7,57.9,239.9,304.0,1623.0,4.0,1,
416400,1851.2,83.4,57.4,66.7,314.0,1507.0,6.0,1,
416600,1874.0,50.4,63.2,81.2,397.0,1689.0,6.0,1,
416700,1851.8,67.1,58.5,114.5,446.0,1580.0,5.0,1,
416800,1870.4,25.9,55.5,114.2,397.0,1447.0,5.0,1,
416900,1860.3,19.6,55.5,123.9,397.0,1447.0,5.0,1,
417000,1864.1,20.5,55.5,150.0,397.0,1447.0,5.0,1,
417100,1864.9,23.3,55.5,237.8,397.0,1447.0,5.0,1,
417200,1863.8,21.4,55.5,240.5,397.0,1447.0,5.0,1,
417300,1864.8,21.6,55.5,240.3,397.0,1447.0,5.0,1,
417400,1863.6,19.1,55.4,240.3,397.0,1447.0,5.0,1,
417600,1862.4,18.1,55.2,240.6,397.0,1447.0,5.0,1,
417700,1863.3,20.6,55.2,240.4,397.0,1447.0,5.0,1,
417800,1862.1,16.5,55.2,240.4,397.0,1447.0,5.0,1,
417900,1863.8,60.9,55.4,240.3,335.0,1911.0,3.0,1,
418000,1863.0,55.5,60.5,148.6,249.0,1368.0,6.0,1,
418100,1863.9,48.0,64.6,78.1,393.0,1799.0,5.0,1,
418200,1860.0,62.8,62.0,83.8,409.0,1720.0,5.0,1,
418300,1865.8,76.0,61.9,91.7,510.0,2096.0,5.0,1,
418400,1861.2,59.5,66.7,115.9,499.0,1969.0,6.0,1,
418600,1861.6,20.0,67.1,102.9,499.0,1969.0,6.0,1,
418700,1860.5,20.3,67.1,104.8,499.0,1969.0,6.0,1,
418800,1862.6,18.3,67.1,239.7,499.0,1969.0,6.0,1,
418900,1863.2,20.7,67.1,240.5,499.0,1969.0,6.0,1,
419000,1861.8,18.3,67.0,240.6,499.0,1969.0,6.0,1,
419100,1863.8,20.6,67.0,240.7,499.0,1969.0,6.0,1,
419200,1864.3,21.4,67.2,240.6,499.0,1969.0,6.0,1,
419300,1864.3,22.0,67.2,240.5,499.0,1969.0,6.0,1,
419400,1863.4,22.4,67.3,240.6,499.0,1969.0,6.0,1,
419600,1857.0,77.3,74.7,107.2,334.0,2069.0,6.0,1,
419700,1871.3,47.2,70.8,84.8,236.0,1340.0,3.0,1,
419800,1853.0,39.4,70.0,84.8,316.0,1636.0,5.0,1,
419900,1863.2,24.4,68.2,108.6,454.0,1839.0,5.0,1,
420000,1873.5,58.8,72.3,134.3,451.0,2003.0,6.0,1,
420100,1856.9,19.1,71.7,102.6,509.0,1988.0,5.0,1,
420200,1865.2,20.5,71.8,72.4,509.0,1988.0,5.0,1,
420300,1864.9,21.0,71.7,50.4,509.0,1988.0,5.0,1,
420400,1862.6,19.1,71.7,232.3,509.0,1988.0,5.0,1,
420600,1863.4,20.9,71.7,240.3,509.0,1988.0,5.0,1,
420700,1865.4,20.0,71.8,240.5,509.0,1988.0,5.0,1,
420800,1864.7,19.1,71.7,240.6,509.0,1988.0,5.0,1,
420900,1862.6,21.0,71.6,240.6,509.0,1988.0,5.0,1,
421000,1864.9,20.5,71.5,240.5,509.0,1988.0,5.0,1,
421100,1857.0,84.9,70.8,240.4,442.0,2510.0,4.0,1,
421200,1869.5,59.0,63.6,199.2,336.0,1917.0,5.0,1,
421300,1863.3,70.0,68.7,113.6,333.0,1778.0,5.0,1,
421400,1859.2,41.6,67.3,89.9,268.0,1323.0,6.0,1,
421600,1858.5,39.7,64.6,39.8,437.0,1829.0,4.0,1,
421700,1872.1,18.9,64.7,29.8,418.0,1905.0,2.0,0,
421800,1863.3,18.2,64.6,35.9,418.0,1905.0,2.0,0,
421900,1865.1,21.3,64.6,131.4,418.0,1905.0,2.0,0,
422000,1866.8,18.4,64.6,239.6,418.0,1905.0,2.0,0,
422100,1861.2,19.4,64.6,240.4,418.0,1905.0,2.0,0,
422200,1867.6,20.1,64.7,240.4,418.0,1905.0,2.0,0,
422300,1865.3,19.5,64.7,240.5,418.0,1905.0,2.0,0,
422400,1859.8,17.6,64.6,240.6,418.0,1905.0,2.0,0,
422600,1864.6,19.7,64.6,240.3,418.0,1905.0,2.0,0,
422700,1859.8,21.0,64.5,240.6,538.0,2864.0,3.0,1,
422800,1863.7,55.1,60.3,240.2,344.0,1981.0,6.0,1,
422900,1859.3,68.4,53.8,207.3,331.0,1550.0,5.0,1,
423000,1861.1,49.5,57.7,93.8,332.0,1924.0,5.0,1,
423100,1868.1,135.9,48.7,51.7,510.0,2167.0,6.0,1,
423200,1857.9,98.4,58.2,44.3,579.0,2453.0,5.0,1,
423300,1871.9,28.7,60.4,40.0,580.0,2116.0,5.0,1,
423400,1861.5,21.3,60.5,35.2,580.0,2116.0,5.0,1,
423600,1860.6,22.0,60.5,194.8,580.0,2116.0,5.0,1,
423700,1862.0,19.4,60.6,240.2,580.0,2116.0,5.0,1,
423800,1862.7,18.9,60.5,240.1,580.0,2116.0,5.0,1,
423900,1863.9,18.4,60.5,240.3,580.0,2116.0,5.0,1,
424000,1864.8,20.7,60.6,240.5,580.0,2116.0,5.0,1,
424100,1863.3,21.0,60.6,240.5,580.0,2116.0,5.0,1,
424200,1866.6,22.7,60.6,240.5,580.0,2116.0,5.0,1,
424300,1864.5,19.7,60.6,240.5,580.0,2116.0,5.0,1,
424400,1862.3,21.0,59.7,240.3,373.0,2188.0,6.0,1,
424600,1869.8,47.4,54.1,150.7,344.0,1647.0,5.0,1,
424700,1858.1,28.7,51.5,81.9,581.0,2542.0,5.0,1,
424800,1864.3,29.8,43.0,37.6,500.0,2265.0,5.0,1,
424900,1860.5,74.5,46.8,55.6,501.0,2179.0,5.0,1,
425000,1864.0,20.9,47.4,103.5,501.0,2179.0,5.0,1,
425100,1863.0,20.7,47.4,93.9,501.0,2179.0,5.0,1,
425200,1864.1,19.3,47.3,81.5,501.0,2179.0,5.0,1,
425300,1864.0,19.5,47.2,151.9,501.0,2179.0,5.0,1,
425400,1863.4,20.1,47.2,240.2,501.0,2179.0,5.0,1,
425600,1863.3,19.6,47.2,240.3,501.0,2179.0,5.0,1,
425700,1862.3,20.1,47.2,240.5,501.0,2179.0,5.0,1,
425800,1865.8,17.6,47.2,240.4,501.0,2179.0,5.0,1,
425900,1863.6,26.0,47.1,240.4,501.0,2179.0,5.0,1,
426000,1852.5,49.3,49.3,240.4,348.0,2059.0,5.0,1,
426100,1867.7,40.6,49.4,238.5,417.0,2185.0,5.0,1,
426200,1867.7,29.6,50.6,46.1,330.0,1791.0,6.0,1,
426300,1853.3,45.3,49.1,84.9,503.0,2098.0,4.0,1,
426400,1859.3,18.4,46.6,102.1,556.0,2653.0,5.0,1,
426600,1862.6,26.3,42.1,106.1,586.0,2368.0,6.0,1,
426700,1866.1,19.5,42.2,112.9,586.0,2368.0,6.0,1,
426800,1862.1,18.1,42.3,115.4,586.0,2368.0,6.0,1,
426900,1863.9,19.5,42.4,239.4,586.0,2368.0,6.0,1,
427000,1862.8,18.8,42.3,240.2,586.0,2368.0,6.0,1,
427100,1865.0,20.1,42.4,240.5,586.0,2368.0,6.0,1,
427200,1863.2,18.3,42.3,240.6,586.0,2368.0,6.0,1,
427300,1861.1,21.3,42.4,240.3,586.0,2368.0,6.0,1,
427400,1863.3,20.0,42.3,240.2,586.0,2368.0,6.0,1,
427600,1854.9,71.8,42.3,240.4,509.0,2611.0,4.0,1,
427700,1873.3,37.1,59.0,144.8,383.0,2148.0,6.0,1,
427800,1863.0,28.6,58.1,77.2,369.0,1933.0,6.0,1,
427900,1855.0,11.5,58.1,74.2,534.0,2584.0,5.0,1,
428000,1871.5,34.1,57.0,84.2,532.0,2199.0,6.0,1,
428100,1855.5,109.7,63.0,115.7,1084.0,2423.0,26.0,0,
428200,1868.9,37.0,74.2,125.7,479.0,2128.0,4.0,1,
428300,1859.0,20.4,74.2,118.2,479.0,2128.0,4.0,1,
428400,1860.3,17.8,74.2,99.8,479.0,2128.0,4.0,1,
428600,1861.9,14.6,74.1,239.9,479.0,2128.0,4.0,1,
428700,1863.0,18.1,74.0,240.4,479.0,2128.0,4.0,1,
428800,1864.5,16.3,74.0,240.4,479.0,2128.0,4.0,1,
428900,1864.0,16.4,74.0,240.5,479.0,2128.0,4.0,1,
429000,1861.2,16.6,74.0,240.5,479.0,2128.0,4.0,1,
429100,1863.8,19.3,74.0,240.6,479.0,2128.0,4.0,1,
429200,1860.4,23.2,74.1,240.6,451.0,2444.0,3.0,1,
429300,1864.2,30.0,60.0,240.7,438.0,2297.0,6.0,1,
429400,1852.8,37.9,61.2,239.7,352.0,1983.0,5.0,1,
429600,1865.0,21.2,61.3,109.4,562.0,2529.0,5.0,1,
429700,1855.5,51.8,61.3,109.6,592.0,2261.0,5.0,1,
429800,1866.3,65.2,62.5,99.7,572.0,2378.0,4.0,1,
429900,1863.4,22.4,62.5,49.2,572.0,2378.0,4.0,1,
430000,1862.7,18.6,62.4,36.1,572.0,2378.0,4.0,1,
430100,1864.3,17.6,62.4,35.7,572.0,2378.0,4.0,1,
430200,1864.8,16.4,62.4,130.5,572.0,2378.0,4.0,1,
430300,1862.0,20.8,62.5,240.6,572.0,2378.0,4.0,1,
430400,1863.7,18.4,62.5,240.7,572.0,2378.0,4.0,1,
430600,1863.1,18.4,62.5,240.6,572.0,2378.0,4.0,1,
430700,1860.1,15.8,62.5,240.6,572.0,2378.0,4.0,1,
430800,1857.9,23.4,62.3,240.5,540.0,3046.0,6.0,1,
430900,1861.8,102.3,73.8,239.6,359.0,1782.0,5.0,1,
431000,1851.6,59.8,73.3,84.9,351.0,1985.0,6.0,1,
431100,1872.2,35.6,81.7,73.9,414.0,1960.0,6.0,1,
431200,1858.4,32.3,84.4,71.9,550.0,2179.0,5.0,1,
431300,1852.2,91.6,84.1,75.3,564.0,2408.0,5.0,1,
431400,1870.4,29.8,74.4,93.3,741.0,2859.0,6.0,1,
431600,1862.8,16.0,74.3,29.9,741.0,2859.0,6.0,1,
431700,1863.1,19.2,74.3,39.0,741.0,2859.0,6.0,1,
431800,1860.6,19.0,74.2,239.8,741.0,2859.0,6.0,1,
431900,1863.3,20.7,74.3,240.6,741.0,2859.0,6.0,1,
432000,1862.5,19.4,74.2,240.5,741.0,2859.0,6.0,1,
432100,1864.1,18.5,74.2,240.5,741.0,2859.0,6.0,1,
432200,1864.3,19.3,74.2,240.7,741.0,2859.0,6.0,1,
432300,1865.6,19.3,74.2,240.7,741.0,2859.0,6.0,1,
432400,1863.0,23.0,74.3,240.7,741.0,2859.0,6.0,1,
432600,1866.1,26.3,73.3,84.1,351.0,1761.0,5.0,1,
432700,1873.1,60.0,71.7,37.8,533.0,2344.0,6.0,1,
432800,1855.0,123.4,68.8,37.2,612.0,2681.0,5.0,1,
432900,1872.2,50.4,78.8,30.1,578.0,2256.0,5.0,1,
433000,1867.1,53.2,73.5,38.3,901.0,3404.0,4.0,1,
433100,1860.6,20.5,73.6,47.6,814.0,3575.0,5.0,1,
433200,1862.9,19.3,73.6,44.1,814.0,3575.0,5.0,1,
433300,1863.0,18.8,73.6,42.6,814.0,3575.0,5.0,1,
433400,1862.8,19.1,73.6,239.4,814.0,3575.0,5.0,1,
433600,1861.0,22.5,73.8,240.7,814.0,3575.0,5.0,1,
433700,1862.4,17.6,73.8,240.8,814.0,3575.0,5.0,1,
433800,1858.7,19.7,74.0,240.9,814.0,3575.0,5.0,1,
433900,1862.6,19.4,74.0,240.6,814.0,3575.0,5.0,1,
434000,1861.9,18.8,74.0,240.5,814.0,3575.0,5.0,1,
434100,1854.7,44.0,79.0,239.5,402.0,2181.0,3.0,1,
434200,1866.8,74.1,75.0,44.6,433.0,2028.0,5.0,1,
434300,1857.0,33.2,66.9,39.3,437.0,2121.0,5.0,1,
434400,1857.2,45.1,74.6,38.1,647.0,2764.0,5.0,1,
434600,1841.3,54.9,82.0,51.7,556.0,2057.0,5.0,1,
434700,1870.7,19.9,81.3,112.2,820.0,2985.0,5.0,1,
434800,1860.0,21.6,81.4,123.3,820.0,2985.0,5.0,1,
434900,1861.8,19.0,81.4,116.0,820.0,2985.0,5.0,1,
435000,1860.7,14.7,81.4,146.5,820.0,2985.0,5.0,1,
435100,1864.4,19.8,81.4,240.2,820.0,2985.0,5.0,1,
435200,1861.0,17.9,81.3,240.5,820.0,2985.0,5.0,1,
435300,1860.8,17.1,81.2,240.9,820.0,2985.0,5.0,1,
435400,1864.7,17.3,81.1,240.8,820.0,2985.0,5.0,1,
435600,1860.2,16.8,81.1,240.5,820.0,2985.0,5.0,1,
435700,1861.7,25.6,76.4,240.5,490.0,2917.0,3.0,1,
435800,1864.3,28.8,78.2,239.6,402.0,1986.0,6.0,1,
435900,1852.2,16.2,73.0,107.6,454.0,2165.0,3.0,1,
436000,1870.5,23.5,64.0,101.8,647.0,2642.0,5.0,1,
436100,1858.5,36.1,50.4,101.5,618.0,2555.0,5.0,1,
436200,1854.2,16.3,43.6,109.2,852.0,3566.0,5.0,1,
436300,1870.8,20.9,38.8,108.8,871.0,3304.0,5.0,1,
436400,1860.3,17.9,38.9,108.5,871.0,3304.0,5.0,1,
436600,1862.8,20.8,38.9,238.8,871.0,3304.0,5.0,1,
436700,1861.7,15.9,38.9,240.2,871.0,3304.0,5.0,1,
436800,1861.8,19.2,39.0,240.6,871.0,3304.0,5.0,1,
436900,1863.8,18.6,39.1,240.7,871.0,3304.0,5.0,1,
437000,1863.5,16.9,39.1,240.7,871.0,3304.0,5.0,1,
437100,1859.9,17.1,39.0,240.6,871.0,3304.0,5.0,1,
437200,1860.6,19.4,39.0,240.4,871.0,3304.0,5.0,1,
437300,1870.8,36.6,39.2,240.3,442.0,2702.0,5.0,1,
437400,1857.9,126.7,41.9,239.7,476.0,2478.0,6.0,1,
437600,1864.4,25.3,52.3,40.4,513.0,2451.0,6.0,1,
437700,1847.7,149.8,47.4,41.0,546.0,2521.0,5.0,1,
437800,1857.8,25.3,60.1,41.4,483.0,2135.0,3.0,1,
437900,1871.3,55.7,68.2,38.0,632.0,2553.0,4.0,1,
438000,1860.3,20.7,68.2,38.8,632.0,2553.0,4.0,1,
438100,1861.5,18.1,68.2,38.9,632.0,2553.0,4.0,1,
438200,1860.1,17.1,68.2,38.5,632.0,2553.0,4.0,1,
438300,1864.8,19.4,68.2,158.6,632.0,2553.0,4.0,1,
438400,1859.7,17.7,68.2,240.5,632.0,2553.0,4.0,1,
438600,1858.8,19.9,68.4,240.6,632.0,2553.0,4.0,1,
438700,1861.7,20.8,68.4,240.6,632.0,2553.0,4.0,1,
438800,1863.1,18.7,68.4,240.4,632.0,2553.0,4.0,1,
438900,1880.3,25.7,68.4,240.3,489.0,2882.0,7.0,1,
439000,1841.0,46.1,69.5,240.1,376.0,2019.0,6.0,1,
439100,1867.4,49.7,61.6,114.2,369.0,2040.0,5.0,1,
439200,1854.7,42.1,61.9,93.0,483.0,2098.0,4.0,1,
439300,1861.2,25.3,63.2,90.3,624.0,2407.0,5.0,1,
439400,1871.3,41.1,51.6,76.1,508.0,2291.0,5.0,1,
439600,1863.3,19.4,40.5,91.7,508.0,2291.0,5.0,1,
439700,1861.5,18.8,40.5,212.2,508.0,2291.0,5.0,1,
439800,1860.6,18.7,40.6,238.8,508.0,2291.0,5.0,1,
439900,1862.3,18.3,40.6,240.6,508.0,2291.0,5.0,1,
440000,1862.7,17.4,40.5,241.0,508.0,2291.0,5.0,1,
440100,1858.4,17.9,40.5,240.9,508.0,2291.0,5.0,1,
440200,1862.8,21.1,40.5,240.6,508.0,2291.0,5.0,1,
440300,1864.2,17.7,40.3,240.5,508.0,2291.0,5.0,1,
440400,1864.1,15.7,40.4,240.7,508.0,2291.0,5.0,1,
440600,1864.5,34.3,44.8,240.0,452.0,2664.0,6.0,1,
440700,1873.8,140.3,46.1,39.4,501.0,2061.0,6.0,1,
440800,1855.4,23.9,53.9,55.9,573.0,2824.0,5.0,1,
440900,1859.1,54.0,59.2,70.3,538.0,2212.0,5.0,1,
441000,1864.2,118.1,62.2,45.9,627.0,2567.0,5.0,1,
441100,1854.7,153.5,73.1,71.7,774.0,3220.0,5.0,1,
441200,1863.4,28.7,82.6,81.8,460.0,1653.0,18.0,1,
441300,1866.1,20.6,82.6,44.2,460.0,1653.0,18.0,1,
441400,1862.6,20.0,82.5,42.6,460.0,1653.0,18.0,1,
441600,1860.9,17.4,82.5,240.2,460.0,1653.0,18.0,1,
441700,1863.2,18.8,82.4,240.5,460.0,1653.0,18.0,1,
441800,1862.1,19.0,82.4,240.4,460.0,1653.0,18.0,1,
441900,1865.2,19.7,82.4,240.3,460.0,1653.0,18.0,1,
442000,1864.3,19.2,82.4,240.4,460.0,1653.0,18.0,1,
442100,1863.8,17.5,82.4,240.7,460.0,1653.0,18.0,1,
442200,1865.7,27.0,81.7,240.0,418.0,2422.0,6.0,1,
442300,1866.4,106.7,83.4,102.5,472.0,2553.0,6.0,1,
442400,1853.1,32.9,80.8,89.5,558.0,2541.0,5.0,1,
442600,1851.2,154.4,82.5,44.6,867.0,3430.0,5.0,1,
442700,1865.4,36.9,81.4,34.3,1017.0,3588.0,4.0,1,
442800,1855.9,20.1,71.5,36.7,1006.0,3568.0,5.0,1,
442900,1862.0,19.7,71.4,36.5,1006.0,3568.0,5.0,1,
443000,1862.8,18.4,71.5,39.1,1006.0,3568.0,5.0,1,
443100,1864.0,20.1,71.5,239.3,1006.0,3568.0,5.0,1,
443200,1862.0,15.8,71.5,240.3,1006.0,3568.0,5.0,1,
443300,1862.2,17.5,71.5,240.5,1006.0,3568.0,5.0,1,
443400,1861.7,16.9,71.5,240.5,1006.0,3568.0,5.0,1,
443600,1863.6,17.6,71.6,240.5,1006.0,3568.0,5.0,1,
443700,1862.3,18.7,71.6,240.8,1006.0,3568.0,5.0,1,
443800,1878.0,28.5,68.8,240.7,440.0,2710.0,4.0,1,
443900,1847.1,59.9,69.5,240.2,584.0,2827.0,3.0,1,
444000,1871.8,63.6,68.5,88.7,711.0,3254.0,5.0,1,
444100,1866.1,278.3,75.4,38.1,1725.0,3500.0,26.0,0,
444200,1861.1,173.3,108.9,39.8,959.0,2717.0,2.0,0,
444300,1861.8,192.0,121.2,99.9,1231.0,2880.0,2.0,0,
444400,1853.7,63.5,133.6,173.8,916.0,2124.0,2.0,0,
444600,1861.2,19.6,133.7,135.7,916.0,2124.0,2.0,0,
444700,1863.3,16.5,133.6,94.4,916.0,2124.0,2.0,0,
444800,1862.0,19.4,133.6,197.3,916.0,2124.0,2.0,0,
444900,1862.2,20.0,133.7,240.5,916.0,2124.0,2.0,0,
445000,1862.7,18.7,133.7,240.6,916.0,2124.0,2.0,0,
445100,1861.0,19.7,133.7,240.8,916.0,2124.0,2.0,0,
445200,1860.0,19.1,133.7,240.8,916.0,2124.0,2.0,0,
445300,1864.8,17.3,133.7,240.5,916.0,2124.0,2.0,0,
445400,1861.9,50.6,135.5,240.1,916.0,2124.0,2.0,0,
445600,1868.4,145.3,136.3,98.8,832.0,3620.0,6.0,1,
445700,1860.0,33.4,135.2,90.1,948.0,3845.0,5.0,1,
445800,1861.3,52.0,112.4,78.5,926.0,3299.0,4.0,1,
445900,1866.8,51.4,95.7,39.9,1014.0,3874.0,5.0,1,
446000,1851.9,23.6,66.6,38.4,1034.0,3820.0,5.0,1,
446100,1862.4,18.3,66.5,39.6,1034.0,3820.0,5.0,1,
446200,1864.4,18.6,66.4,44.7,1034.0,3820.0,5.0,1,
446300,1861.0,18.1,66.4,167.6,1034.0,3820.0,5.0,1,
446400,1861.9,19.8,66.5,240.1,1034.0,3820.0,5.0,1,
446600,1862.1,17.3,66.5,240.9,1034.0,3820.0,5.0,1,
446700,1858.1,21.3,66.5,241.2,1034.0,3820.0,5.0,1,
446800,1859.8,19.1,66.6,240.8,1034.0,3820.0,5.0,1,
446900,1863.4,22.5,66.6,240.8,1034.0,3820.0,5.0,1,
447000,1862.2,72.9,66.7,240.6,1034.0,3820.0,5.0,1,
447100,1874.8,22.7,64.3,166.1,474.0,2531.0,4.0,1,
447200,1863.2,51.9,62.7,89.6,763.0,3344.0,5.0,1,
447300,1848.4,68.1,57.1,77.5,740.0,2878.0,5.0,1,
447400,1872.5,78.6,55.9,36.7,946.0,3574.0,4.0,1,
447600,1859.7,40.9,64.8,30.0,1038.0,3678.0,4.0,1,
447700,1849.7,19.0,64.9,27.6,992.0,3788.0,4.0,1,
447800,1859.6,20.8,64.8,27.9,992.0,3788.0,4.0,1,
447900,1863.3,16.6,64.9,35.7,992.0,3788.0,4.0,1,
448000,1861.6,19.9,64.9,239.7,992.0,3788.0,4.0,1,
448100,1862.8,16.6,64.7,240.5,992.0,3788.0,4.0,1,
448200,1862.3,19.9,64.8,240.5,992.0,3788.0,4.0,1,
448300,1861.3,20.2,64.8,240.5,992.0,3788.0,4.0,1,
448400,1864.6,17.9,64.7,240.3,992.0,3788.0,4.0,1,
448600,1862.5,17.6,64.6,240.7,992.0,3788.0,4.0,1,
448700,1877.2,30.0,65.9,239.0,459.0,2887.0,6.0,1,
448800,1854.9,40.2,63.9,102.7,652.0,2969.0,5.0,1,
448900,1877.4,18.8,59.3,92.3,814.0,3521.0,5.0,1,
449000,1871.0,29.6,54.5,89.3,897.0,3379.0,5.0,1,
449100,1854.4,17.2,47.7,82.2,973.0,3682.0,5.0,1,
449200,1866.8,48.3,51.0,75.4,857.0,3205.0,4.0,1,
449300,1858.5,22.8,50.8,36.1,854.0,2930.0,4.0,1,
449400,1862.5,18.6,50.8,35.5,854.0,2930.0,4.0,1,
449600,1862.6,18.1,50.8,174.0,854.0,2930.0,4.0,1,
449700,1861.4,18.1,50.7,240.2,854.0,2930.0,4.0,1,
449800,1862.7,16.8,50.6,240.2,854.0,2930.0,4.0,1,
449900,1862.5,18.4,50.5,240.5,854.0,2930.0,4.0,1,
450000,1865.3,21.0,50.5,240.6,854.0,2930.0,4.0,1,
450100,1862.9,18.9,50.5,240.6,854.0,2930.0,4.0,1,
450200,1863.7,20.9,50.6,240.6,854.0,2930.0,4.0,1,
450300,1865.0,19.2,44.8,240.6,664.0,2970.0,4.0,1,
450400,1858.6,25.3,44.2,240.0,396.0,2234.0,3.0,1,
450600,1863.7,35.6,57.7,34.2,352.0,2048.0,6.0,1,
450700,1849.0,24.5,65.2,29.2,506.0,2250.0,5.0,1,
450800,1869.0,63.6,63.5,37.2,516.0,2060.0,4.0,1,
450900,1853.3,20.8,63.5,39.1,440.0,2226.0,5.0,1,
451000,1862.1,19.7,63.5,36.7,440.0,2226.0,5.0,1,
451100,1861.7,17.2,63.5,29.7,440.0,2226.0,5.0,1,
451200,1862.2,15.1,63.5,65.6,440.0,2226.0,5.0,1,
451300,1861.6,19.0,63.5,240.0,440.0,2226.0,5.0,1,
451400,1861.0,18.0,63.5,240.2,440.0,2226.0,5.0,1,
451600,1861.0,17.8,63.5,240.7,440.0,2226.0,5.0,1,
451700,1859.3,19.6,63.5,240.4,440.0,2226.0,5.0,1,
451800,1861.3,19.9,63.5,240.4,440.0,2226.0,5.0,1,
451900,1864.1,17.4,63.5,240.6,422.0,2463.0,6.0,1,
452000,1863.8,16.6,63.2,240.8,381.0,2028.0,4.0,1,
452100,1864.2,18.8,51.4,240.3,368.0,2239.0,6.0,1,
452200,1844.5,81.6,50.8,238.9,527.0,2399.0,5.0,1,
452300,1867.8,20.9,46.2,172.4,564.0,2518.0,5.0,1,
452400,1870.3,19.5,43.6,142.2,450.0,2138.0,5.0,1,
452600,1861.5,20.2,32.9,125.8,450.0,2138.0,5.0,1,
452700,1863.6,16.5,32.9,102.1,450.0,2138.0,5.0,1,
452800,1861.2,17.1,32.9,239.6,450.0,2138.0,5.0,1,
452900,1862.3,16.6,32.9,240.4,450.0,2138.0,5.0,1,
453000,1860.7,19.2,32.8,240.2,450.0,2138.0,5.0,1,
453100,1863.3,18.0,33.1,240.3,450.0,2138.0,5.0,1,
453200,1860.2,17.7,32.9,240.2,450.0,2138.0,5.0,1,
453300,1861.8,17.3,32.9,240.0,450.0,2138.0,5.0,1,
453400,1864.8,21.2,33.0,240.3,450.0,2138.0,5.0,1,
453600,1864.6,20.7,33.2,240.7,460.0,2460.0,3.0,1,
453700,1861.1,40.9,33.4,240.0,428.0,2426.0,6.0,1,
453800,1859.9,24.3,34.0,153.9,524.0,2696.0,5.0,1,
453900,1875.8,24.8,25.7,67.9,553.0,2276.0,6.0,1,
454000,1854.3,16.9,25.4,43.6,615.0,2721.0,5.0,1,
454100,1855.9,19.7,25.2,42.4,496.0,2350.0,5.0,1,
454200,1863.7,17.9,25.3,87.0,496.0,2350.0,5.0,1,
454300,1863.2,18.3,25.3,135.1,496.0,2350.0,5.0,1,
454400,1860.7,19.1,25.4,239.5,496.0,2350.0,5.0,1,
454600,1861.5,18.7,25.4,240.5,496.0,2350.0,5.0,1,
454700,1862.6,15.7,25.2,240.8,496.0,2350.0,5.0,1,
454800,1860.9,15.9,25.1,240.8,496.0,2350.0,5.0,1,
454900,1864.0,15.5,25.0,240.9,496.0,2350.0,5.0,1,
455000,1862.7,15.5,24.8,240.8,496.0,2350.0,5.0,1,
455100,1864.4,19.8,24.6,240.5,496.0,2350.0,5.0,1,
455200,1872.8,116.6,31.2,239.6,455.0,2412.0,4.0,1,
455300,1848.0,69.0,40.9,85.0,429.0,2521.0,6.0,1,
455400,1870.0,26.2,43.8,75.8,571.0,2788.0,5.0,1,
455600,1848.5,95.9,67.7,93.2,620.0,2624.0,5.0,1,
455700,1871.1,39.2,71.9,176.4,785.0,3127.0,4.0,1,
455800,1856.8,19.4,71.8,155.4,886.0,3620.0,5.0,1,
455900,1862.8,18.0,71.9,113.2,886.0,3620.0,5.0,1,
456000,1858.2,17.1,71.9,101.9,886.0,3620.0,5.0,1,
456100,1861.0,17.6,71.8,238.6,886.0,3620.0,5.0,1,
456200,1862.1,18.7,71.9,240.5,886.0,3620.0,5.0,1,
456300,1860.6,18.2,71.9,240.2,886.0,3620.0,5.0,1,
456400,1861.0,17.6,71.9,239.9,886.0,3620.0,5.0,1,
456600,1864.8,18.4,72.1,240.7,886.0,3620.0,5.0,1,
456700,1859.8,14.7,72.1,240.8,886.0,3620.0,5.0,1,
456800,1871.9,48.7,72.3,240.4,585.0,2903.0,6.0,1,
456900,1851.8,30.2,68.4,101.7,456.0,2459.0,3.0,1,
457000,1866.3,77.3,71.8,87.5,598.0,2918.0,5.0,1,
457100,1851.1,179.9,72.9,84.3,1225.0,2946.0,27.0,0,
457200,1869.9,188.0,94.7,83.6,1336.0,3043.0,28.0,0,
457300,1876.8,113.4,102.0,94.1,624.0,2589.0,5.0,1,
457400,1843.4,22.1,103.8,100.5,667.0,2569.0,4.0,1,
457600,1863.5,17.5,103.7,89.4,667.0,2569.0,4.0,1,
457700,1860.9,17.7,103.7,85.4,667.0,2569.0,4.0,1,
457800,1860.3,19.0,103.7,240.1,667.0,2569.0,4.0,1,
457900,1865.6,17.6,103.7,240.4,667.0,2569.0,4.0,1,
458000,1862.2,16.1,103.7,240.4,667.0,2569.0,4.0,1,
458100,1861.8,19.2,103.7,240.3,667.0,2569.0,4.0,1,
458200,1863.2,17.4,103.7,240.4,667.0,2569.0,4.0,1,
458300,1860.6,20.6,103.7,240.7,667.0,2569.0,4.0,1,
458400,1855.8,47.5,101.9,240.8,497.0,2785.0,6.0,1,
458600,1862.8,19.4,102.8,40.9,470.0,2418.0,3.0,1,
458700,1851.1,35.8,99.9,37.7,613.0,2579.0,5.0,1,
458800,1874.2,17.8,68.8,43.0,579.0,2779.0,5.0,1,
458900,1853.9,18.1,46.6,93.2,599.0,2661.0,5.0,1,
459000,1863.5,19.4,36.9,87.3,688.0,2787.0,5.0,1,
459100,1861.5,18.6,37.1,72.6,688.0,2787.0,5.0,1,
459200,1863.1,18.5,37.1,175.7,688.0,2787.0,5.0,1,
459300,1859.1,17.1,37.2,240.1,688.0,2787.0,5.0,1,
459400,1862.3,16.3,37.1,240.7,688.0,2787.0,5.0,1,
459600,1859.8,18.9,37.0,241.0,688.0,2787.0,5.0,1,
459700,1863.2,17.4,37.1,241.1,688.0,2787.0,5.0,1,
459800,1859.9,14.3,37.0,242.4,688.0,2787.0,5.0,1,
459900,1862.0,17.6,36.9,242.7,688.0,2787.0,5.0,1,
460000,1861.0,19.9,37.0,240.8,442.0,2414.0,7.0,1,
460100,1869.1,55.2,32.4,239.9,470.0,2588.0,6.0,1,
460200,1861.4,77.5,39.1,176.4,389.0,2441.0,5.0,1,
460300,1856.6,35.8,41.9,132.2,714.0,3162.0,5.0,1,
460400,1867.9,51.6,49.5,114.6,666.0,2890.0,5.0,1,
460600,1872.0,26.7,61.2,75.6,692.0,3015.0,4.0,1,
460700,1860.6,17.7,61.1,36.9,692.0,3015.0,4.0,1,
460800,1860.9,17.6,61.1,29.6,692.0,3015.0,4.0,1,
460900,1858.7,19.4,61.1,35.6,692.0,3015.0,4.0,1,
461000,1859.5,18.1,61.2,239.8,692.0,3015.0,4.0,1,
461100,1860.9,17.6,61.1,240.4,692.0,3015.0,4.0,1,
461200,1860.0,17.8,61.2,240.5,692.0,3015.0,4.0,1,
461300,1859.6,17.9,61.1,240.5,692.0,3015.0,4.0,1,
461400,1872.6,18.3,61.1,240.5,692.0,3015.0,4.0,1,
461600,1853.3,26.4,61.1,240.2,692.0,3015.0,4.0,1,
461700,1881.7,33.6,60.3,239.7,478.0,2655.0,4.0,1,
461800,1841.8,31.9,59.6,106.1,437.0,2655.0,6.0,1,
461900,1871.5,32.1,55.8,90.0,526.0,2516.0,5.0,1,
462000,1857.4,53.0,53.8,90.5,560.0,2588.0,5.0,1,
462100,1857.7,22.2,53.6,103.0,590.0,2968.0,5.0,1,
462200,1879.1,33.9,45.3,105.2,633.0,2674.0,5.0,1,
462300,1856.8,18.1,45.3,107.4,725.0,2893.0,4.0,1,
462400,1862.9,17.5,45.4,107.8,725.0,2893.0,4.0,1,
462600,1861.9,17.0,45.3,239.1,725.0,2893.0,4.0,1,
462700,1860.9,15.8,45.2,240.5,725.0,2893.0,4.0,1,
462800,1861.2,20.0,45.1,240.7,725.0,2893.0,4.0,1,
462900,1862.8,16.7,45.2,240.7,725.0,2893.0,4.0,1,
463000,1864.7,16.2,45.2,240.4,725.0,2893.0,4.0,1,
463100,1858.0,17.7,45.1,240.4,725.0,2893.0,4.0,1,
463200,1861.8,16.6,45.0,240.7,725.0,2893.0,4.0,1,
463300,1850.5,47.1,45.4,240.6,509.0,2916.0,4.0,1,
463400,1865.3,31.7,48.2,124.2,396.0,2283.0,5.0,1,
463600,1856.2,62.3,50.6,84.9,595.0,3014.0,5.0,1,
463700,1858.5,26.7,50.4,101.8,649.0,2915.0,5.0,1,
463800,1869.1,34.5,45.4,102.9,661.0,2871.0,5.0,1,
463900,1861.0,20.7,46.0,102.1,613.0,2629.0,4.0,1,
464000,1860.1,16.9,46.0,101.3,613.0,2629.0,4.0,1,
464100,1859.1,19.5,46.0,204.5,613.0,2629.0,4.0,1,
464200,1861.6,17.7,46.2,240.2,613.0,2629.0,4.0,1,
464300,1860.0,18.4,46.2,240.4,613.0,2629.0,4.0,1,
464400,1858.2,19.7,46.4,240.4,613.0,2629.0,4.0,1,
464600,1862.4,21.5,46.4,240.4,613.0,2629.0,4.0,1,
464700,1859.7,17.4,46.5,240.4,613.0,2629.0,4.0,1,
464800,1860.2,20.4,46.5,240.4,613.0,2629.0,4.0,1,
464900,1849.6,12.7,46.5,240.5,452.0,2529.0,4.0,1,
465000,1854.4,41.5,44.7,240.7,437.0,2540.0,3.0,1,
465100,1881.2,47.1,44.4,89.8,405.0,2325.0,5.0,1,
465200,1844.0,39.8,43.2,38.4,529.0,2685.0,5.0,1,
465300,1868.3,62.3,48.0,36.2,572.0,2673.0,5.0,1,
465400,1851.8,34.7,49.1,27.8,572.0,2421.0,3.0,1,
465600,1861.5,16.4,52.6,36.2,572.0,2421.0,3.0,1,
465700,1862.9,19.7,52.6,38.0,572.0,2421.0,3.0,1,
465800,1860.5,16.8,52.5,74.6,572.0,2421.0,3.0,1,
465900,1861.9,18.2,52.5,239.9,572.0,2421.0,3.0,1,
466000,1859.2,17.7,52.5,240.3,572.0,2421.0,3.0,1,
466100,1861.8,18.4,52.4,240.3,572.0,2421.0,3.0,1,
466200,1861.4,19.2,52.4,240.1,572.0,2421.0,3.0,1,
466300,1861.7,17.1,52.4,240.2,572.0,2421.0,3.0,1,
466400,1858.7,16.5,52.5,240.3,572.0,2421.0,3.0,1,
466600,1871.7,97.9,56.7,239.6,431.0,2580.0,5.0,1,
466700,1846.1,48.0,56.9,30.2,475.0,2701.0,4.0,1,
466800,1866.4,27.2,56.8,28.3,561.0,2709.0,5.0,1,
466900,1867.2,95.3,52.8,29.1,639.0,2851.0,3.0,1,
467000,1855.0,110.4,55.9,35.5,593.0,2750.0,5.0,1,
467100,1862.7,48.8,63.4,30.1,551.0,2431.0,4.0,1,
467200,1860.8,19.7,63.4,27.9,551.0,2431.0,4.0,1,
467300,1860.9,19.4,63.5,27.6,551.0,2431.0,4.0,1,
467400,1860.1,17.8,63.5,28.4,551.0,2431.0,4.0,1,
467600,1860.5,17.7,63.6,240.5,551.0,2431.0,4.0,1,
467700,1861.2,17.6,63.7,240.2,551.0,2431.0,4.0,1,
467800,1861.3,20.3,63.8,240.5,551.0,2431.0,4.0,1,
467900,1860.7,18.4,63.7,240.7,551.0,2431.0,4.0,1,
468000,1859.9,20.5,63.7,240.6,551.0,2431.0,4.0,1,
468100,1859.0,18.3,63.7,240.3,507.0,2725.0,3.0,1,
468200,1864.0,102.9,62.4,240.3,426.0,2520.0,5.0,1,
468300,1850.4,36.0,63.8,91.3,416.0,2389.0,3.0,1,
468400,1857.6,61.2,69.6,34.8,599.0,2805.0,5.0,1,
468600,1843.2,53.4,66.1,36.0,598.0,2726.0,3.0,1,
468700,1863.4,67.3,61.2,36.6,581.0,2699.0,4.0,1,
468800,1862.6,19.5,61.3,92.3,581.0,2699.0,4.0,1,
468900,1863.0,16.7,61.3,92.9,581.0,2699.0,4.0,1,
469000,1860.6,16.1,61.1,86.3,581.0,2699.0,4.0,1,
469100,1861.7,20.4,61.2,202.0,581.0,2699.0,4.0,1,
469200,1861.0,16.3,61.2,240.3,581.0,2699.0,4.0,1,
469300,1859.3,18.4,61.1,240.6,581.0,2699.0,4.0,1,
469400,1864.3,19.5,61.2,240.9,581.0,2699.0,4.0,1,
469600,1859.7,18.9,61.2,240.7,581.0,2699.0,4.0,1,
469700,1863.2,17.1,61.2,240.3,581.0,2699.0,4.0,1,
469800,1852.9,28.8,61.0,240.4,536.0,2525.0,4.0,1,
469900,1861.3,22.5,52.9,239.5,446.0,2882.0,3.0,1,
470000,1870.7,21.1,46.3,164.9,450.0,2460.0,6.0,1,
470100,1849.1,56.4,48.3,133.9,583.0,2876.0,5.0,1,
470200,1862.9,39.3,57.8,101.0,591.0,2696.0,5.0,1,
470300,1866.5,132.7,52.9,85.5,598.0,2564.0,5.0,1,
470400,1862.2,24.5,57.9,77.5,614.0,2841.0,4.0,1,
470600,1863.1,20.5,58.1,36.9,614.0,2841.0,4.0,1,
470700,1861.6,16.3,58.1,82.0,614.0,2841.0,4.0,1,
470800,1861.5,17.5,58.0,240.5,614.0,2841.0,4.0,1,
470900,1861.8,20.6,58.1,240.8,614.0,2841.0,4.0,1,
471000,1862.0,17.7,58.0,240.9,614.0,2841.0,4.0,1,
471100,1863.1,19.2,58.0,240.8,614.0,2841.0,4.0,1,
471200,1866.3,19.5,58.1,240.7,614.0,2841.0,4.0,1,
471300,1861.9,19.1,58.1,240.7,614.0,2841.0,4.0,1,
471400,1861.2,39.1,58.3,240.6,565.0,2971.0,5.0,1,
471600,1858.8,27.4,61.2,86.5,451.0,2559.0,6.0,1,
471700,1855.2,37.1,61.0,80.7,592.0,2725.0,5.0,1,
471800,1857.4,18.6,47.9,84.8,607.0,2731.0,5.0,1,
471900,1874.4,34.5,52.5,87.7,578.0,3053.0,5.0,1,
472000,1856.0,20.6,40.7,109.5,586.0,2466.0,6.0,1,
472100,1862.0,18.0,40.6,110.5,586.0,2466.0,6.0,1,
472200,1861.0,18.1,40.5,112.5,586.0,2466.0,6.0,1,
472300,1863.8,21.2,40.6,238.8,586.0,2466.0,6.0,1,
472400,1859.3,18.9,40.7,240.8,586.0,2466.0,6.0,1,
472600,1862.7,20.2,40.7,240.5,586.0,2466.0,6.0,1,
472700,1863.4,18.0,40.8,240.8,586.0,2466.0,6.0,1,
472800,1860.1,18.4,40.6,240.8,586.0,2466.0,6.0,1,
472900,1861.2,16.4,40.5,240.4,586.0,2466.0,6.0,1,
473000,1852.8,76.3,41.6,240.0,629.0,2997.0,4.0,1,
473100,1866.3,31.3,45.1,206.8,466.0,2418.0,6.0,1,
473200,1852.7,36.5,44.6,89.5,480.0,2393.0,6.0,1,
473300,1864.0,18.6,44.2,89.1,649.0,3124.0,5.0,1,
473400,1865.4,127.7,76.6,90.4,1339.0,3025.0,26.0,0,
473600,1871.6,20.4,74.6,122.8,562.0,2706.0,5.0,1,
473700,1862.4,19.5,74.6,131.0,562.0,2706.0,5.0,1,
473800,1862.8,19.3,74.6,123.5,562.0,2706.0,5.0,1,
473900,1861.7,18.8,74.7,239.3,562.0,2706.0,5.0,1,
474000,1859.8,17.5,74.6,240.5,562.0,2706.0,5.0,1,
474100,1861.4,22.3,74.6,240.8,562.0,2706.0,5.0,1,
474200,1862.3,19.0,74.6,240.6,562.0,2706.0,5.0,1,
474300,1861.3,16.5,74.6,240.6,562.0,2706.0,5.0,1,
474400,1863.0,20.3,74.7,240.6,562.0,2706.0,5.0,1,
474600,1856.2,13.9,74.7,240.6,462.0,2491.0,5.0,1,
474700,1860.1,25.8,73.9,239.8,407.0,2342.0,3.0,1,
474800,1863.5,22.6,72.0,113.4,411.0,2571.0,5.0,1,
474900,1857.0,47.9,72.6,104.3,608.0,2680.0,3.0,1,
475000,1856.0,38.2,52.5,101.1,585.0,2923.0,5.0,1,
475100,1861.8,82.0,42.4,100.9,571.0,2580.0,5.0,1,
475200,1867.1,20.0,45.8,107.3,692.0,3013.0,6.0,1,
475300,1861.1,17.3,45.7,111.5,692.0,3013.0,6.0,1,
475400,1859.7,20.0,45.6,115.0,692.0,3013.0,6.0,1,
475600,1861.4,20.1,45.7,240.3,692.0,3013.0,6.0,1,
475700,1857.4,20.4,45.8,240.5,692.0,3013.0,6.0,1,
475800,1862.1,20.0,45.7,240.5,692.0,3013.0,6.0,1,
475900,1860.3,22.1,45.7,240.5,692.0,3013.0,6.0,1,
476000,1862.0,19.6,45.8,240.4,692.0,3013.0,6.0,1,
476100,1859.5,18.5,45.8,240.3,692.0,3013.0,6.0,1,
476200,1860.0,50.0,46.2,240.4,692.0,3013.0,6.0,1,
476300,1859.7,53.5,48.1,239.9,409.0,2198.0,5.0,1,
476400,1853.0,69.4,49.5,110.1,420.0,2462.0,3.0,1,
476600,1849.8,159.0,58.7,91.7,417.0,1988.0,5.0,1,
476700,1868.9,59.1,72.1,80.0,451.0,2305.0,5.0,1,
476800,1867.7,57.9,76.9,83.8,411.0,1997.0,6.0,1,
476900,1855.5,21.2,77.0,79.0,411.0,1997.0,6.0,1,
477000,1863.4,19.5,77.1,77.3,411.0,1997.0,6.0,1,
477100,1858.9,18.7,77.0,75.9,411.0,1997.0,6.0,1,
477200,1861.8,20.1,77.1,239.4,411.0,1997.0,6.0,1,
477300,1861.5,18.2,77.0,240.8,411.0,1997.0,6.0,1,
477400,1860.0,19.3,77.0,240.7,411.0,1997.0,6.0,1,
477600,1862.4,18.9,77.0,240.7,411.0,1997.0,6.0,1,
477700,1861.8,20.5,76.9,240.5,411.0,1997.0,6.0,1,
477800,1862.2,48.8,77.0,240.3,411.0,1997.0,6.0,1,
477900,1852.9,99.8,84.7,196.0,560.0,2702.0,3.0,1,
478000,1864.6,56.3,88.7,39.9,372.0,2251.0,5.0,1,
478100,1857.7,51.9,84.9,70.1,454.0,2249.0,4.0,1,
478200,1866.2,135.4,87.3,88.2,526.0,2807.0,5.0,1,
478300,1862.2,113.9,90.7,88.9,585.0,2728.0,5.0,1,
478400,1853.3,70.4,89.5,78.1,681.0,2908.0,5.0,1,
478600,1862.6,20.0,89.6,73.1,681.0,2908.0,5.0,1,
478700,1862.6,19.7,89.6,94.4,681.0,2908.0,5.0,1,
478800,1862.7,21.5,89.6,166.5,681.0,2908.0,5.0,1,
478900,1862.7,22.7,89.6,240.5,681.0,2908.0,5.0,1,
479000,1864.1,19.1,89.6,240.7,681.0,2908.0,5.0,1,
479100,1862.4,19.3,89.6,240.8,681.0,2908.0,5.0,1,
479200,1858.9,20.3,89.6,240.7,681.0,2908.0,5.0,1,
479300,1857.7,19.4,89.6,240.6,681.0,2908.0,5.0,1,
479400,1862.1,20.8,89.6,240.5,681.0,2908.0,5.0,1,
479600,1863.6,25.9,78.5,220.8,417.0,2294.0,4.0,1,
479700,1858.6,25.6,73.4,109.7,423.0,2332.0,5.0,1,
479800,1857.4,64.3,70.5,103.9,454.0,2167.0,5.0,1,
479900,1863.5,27.8,64.5,109.7,557.0,2879.0,5.0,1,
480000,1857.0,16.2,48.0,105.4,556.0,2458.0,5.0,1,
480100,1866.2,20.7,43.4,102.7,519.0,2401.0,5.0,1,
480200,1862.5,19.6,43.5,103.3,519.0,2401.0,5.0,1,
480300,1861.1,19.0,43.5,237.9,519.0,2401.0,5.0,1,
480400,1861.3,20.2,43.5,240.5,519.0,2401.0,5.0,1,
480600,1861.8,20.0,43.5,240.4,519.0,2401.0,5.0,1,
480700,1862.3,23.4,43.5,240.4,519.0,2401.0,5.0,1,
480800,1864.4,20.7,43.7,240.5,519.0,2401.0,5.0,1,
480900,1859.8,19.1,43.7,240.5,519.0,2401.0,5.0,1,
481000,1859.6,19.9,43.7,240.4,519.0,2401.0,5.0,1,
481100,1876.8,83.3,46.8,240.2,522.0,2511.0,6.0,1,
481200,1847.2,35.8,49.2,153.2,342.0,1946.0,6.0,1,
481300,1860.2,66.6,49.5,76.9,467.0,2527.0,5.0,1,
481400,1870.9,146.5,62.4,88.5,529.0,2656.0,6.0,1,
481600,1878.1,31.5,75.8,78.0,694.0,3075.0,5.0,1,
481700,1854.2,51.7,86.6,76.9,973.0,2914.0,26.0,0,
481800,1864.0,22.4,86.6,74.8,973.0,2914.0,26.0,0,
481900,1858.6,19.7,86.5,99.3,973.0,2914.0,26.0,0,
482000,1861.6,20.1,86.6,123.1,973.0,2914.0,26.0,0,
482100,1860.0,20.2,86.6,239.6,973.0,2914.0,26.0,0,
482200,1862.1,20.9,86.7,240.3,973.0,2914.0,26.0,0,
482300,1859.7,20.1,86.7,240.2,973.0,2914.0,26.0,0,
482400,1859.9,18.0,86.6,240.2,973.0,2914.0,26.0,0,
482600,1864.2,19.9,86.6,240.4,973.0,2914.0,26.0,0,
482700,1869.9,38.8,86.5,240.5,542.0,2809.0,7.0,1,
482800,1851.6,128.1,84.6,240.0,483.0,2422.0,4.0,1,
482900,1867.6,42.1,89.5,105.2,395.0,2164.0,5.0,1,
483000,1864.5,59.6,88.0,81.8,508.0,2269.0,5.0,1,
483100,1853.9,124.4,84.6,83.5,595.0,2959.0,5.0,1,
483200,1857.4,82.9,94.0,78.1,643.0,2941.0,4.0,1,
483300,1856.1,87.1,92.9,78.7,731.0,2918.0,4.0,1,
483400,1860.7,21.5,92.8,100.6,731.0,2918.0,4.0,1,
483600,1861.3,19.6,92.8,73.7,731.0,2918.0,4.0,1,
483700,1860.8,17.8,92.8,123.3,731.0,2918.0,4.0,1,
483800,1860.1,20.6,92.7,240.3,731.0,2918.0,4.0,1,
483900,1859.9,18.5,92.7,240.5,731.0,2918.0,4.0,1,
484000,1860.4,19.6,92.7,240.9,731.0,2918.0,4.0,1,
484100,1862.5,21.4,92.8,240.8,731.0,2918.0,4.0,1,
484200,1858.2,20.4,92.8,240.5,731.0,2918.0,4.0,1,
484300,1861.0,22.1,92.8,240.4,731.0,2918.0,4.0,1,
484400,1862.2,63.9,92.5,240.2,439.0,2328.0,6.0,1,
484600,1844.5,70.0,89.0,99.1,420.0,2201.0,4.0,1,
484700,1866.3,74.3,88.0,91.2,515.0,2531.0,5.0,1,
484800,1868.0,126.9,70.0,94.4,598.0,3018.0,4.0,1,
484900,1850.4,99.8,73.0,104.0,608.0,2867.0,5.0,1,
485000,1863.5,20.7,69.1,102.8,608.0,2867.0,5.0,1,
485100,1861.2,19.9,69.0,100.4,608.0,2867.0,5.0,1,
485200,1863.1,21.6,69.1,101.5,608.0,2867.0,5.0,1,
485300,1859.9,20.4,69.1,130.9,608.0,2867.0,5.0,1,
485400,1861.2,17.5,69.1,240.5,608.0,2867.0,5.0,1,
485600,1864.2,19.5,69.2,240.3,608.0,2867.0,5.0,1,
485700,1861.9,21.8,69.2,240.7,608.0,2867.0,5.0,1,
485800,1862.8,18.2,69.2,240.8,608.0,2867.0,5.0,1,
485900,1861.5,18.2,69.2,240.8,608.0,2867.0,5.0,1,
486000,1871.5,22.1,68.7,240.8,497.0,2629.0,3.0,1,
486100,1855.7,39.5,67.9,238.8,377.0,2119.0,6.0,1,
486200,1859.0,58.5,63.8,101.5,403.0,2316.0,5.0,1,
486300,1871.0,25.3,62.8,94.6,421.0,2064.0,6.0,1,
486400,1865.8,46.3,61.6,102.2,409.0,2042.0,5.0,1,
486600,1855.8,22.0,50.4,108.9,569.0,2698.0,4.0,1,
486700,1863.2,21.7,50.5,104.5,569.0,2698.0,4.0,1,
486800,1863.3,21.6,50.5,107.9,569.0,2698.0,4.0,1,
486900,1865.6,19.7,50.7,149.2,569.0,2698.0,4.0,1,
487000,1863.5,17.3,50.7,240.7,569.0,2698.0,4.0,1,
487100,1862.5,18.4,50.7,240.9,569.0,2698.0,4.0,1,
487200,1861.2,19.4,50.5,240.8,569.0,2698.0,4.0,1,
487300,1862.8,18.0,50.6,240.7,569.0,2698.0,4.0,1,
487400,1861.5,19.9,50.5,240.6,569.0,2698.0,4.0,1,
487600,1875.8,16.1,50.5,240.6,494.0,2329.0,4.0,1,
487700,1856.5,46.1,48.8,240.5,428.0,2297.0,5.0,1,
487800,1863.9,33.2,48.3,137.8,444.0,2251.0,5.0,1,
487900,1878.3,68.1,62.3,87.8,498.0,2422.0,5.0,1,
488000,1846.5,72.6,60.4,78.1,391.0,1919.0,5.0,1,
488100,1859.5,33.4,63.2,67.7,569.0,2471.0,5.0,1,
488200,1862.0,30.1,63.5,76.5,674.0,3052.0,3.0,1,
488300,1860.3,20.4,63.4,103.7,674.0,3052.0,3.0,1,
488400,1860.8,19.8,63.4,94.1,674.0,3052.0,3.0,1,
488600,1864.9,19.8,63.3,240.0,674.0,3052.0,3.0,1,
488700,1864.3,20.8,63.3,240.6,674.0,3052.0,3.0,1,
488800,1864.7,17.3,63.4,240.5,674.0,3052.0,3.0,1,
488900,1865.3,17.9,63.3,240.6,674.0,3052.0,3.0,1,
489000,1861.0,18.8,63.3,240.5,674.0,3052.0,3.0,1,
489100,1863.5,18.6,63.3,240.5,674.0,3052.0,3.0,1,
489200,1862.9,31.3,63.2,240.8,430.0,2365.0,4.0,1,
489300,1862.0,68.4,63.8,240.7,430.0,2246.0,6.0,1,
489400,1873.0,69.6,68.5,134.9,448.0,2691.0,5.0,1,
489600,1865.8,99.4,62.1,89.6,543.0,2707.0,5.0,1,
489700,1867.6,181.7,65.4,102.2,653.0,2936.0,5.0,1,
489800,1855.8,50.5,76.4,101.5,628.0,2822.0,5.0,1,
489900,1863.0,22.2,76.4,87.2,628.0,2822.0,5.0,1,
490000,1863.2,23.4,76.4,88.9,628.0,2822.0,5.0,1,
490100,1862.7,18.4,76.4,101.7,628.0,2822.0,5.0,1,
490200,1862.0,18.8,76.4,198.4,628.0,2822.0,5.0,1,
490300,1863.0,19.3,76.4,240.5,628.0,2822.0,5.0,1,
490400,1864.2,18.7,76.4,240.6,628.0,2822.0,5.0,1,
490600,1861.0,19.9,76.4,240.3,628.0,2822.0,5.0,1,
490700,1862.6,20.7,76.4,240.4,628.0,2822.0,5.0,1,
490800,1870.8,26.6,76.5,240.5,628.0,2822.0,5.0,1,
490900,1863.4,40.2,76.1,240.6,378.0,2198.0,3.0,1,
491000,1861.8,35.2,74.6,238.6,425.0,2256.0,6.0,1,
491100,1858.3,54.1,72.9,101.0,466.0,2449.0,5.0,1,
491200,1860.2,21.0,69.1,93.9,422.0,2135.0,6.0,1,
491300,1880.4,128.9,79.1,100.9,1475.0,3193.0,26.0,0,
491400,1845.5,66.9,69.9,108.4,636.0,3077.0,5.0,1,
491600,1861.9,19.8,70.0,122.7,636.0,3077.0,5.0,1,
491700,1866.1,19.2,69.9,115.1,636.0,3077.0,5.0,1,
491800,1865.1,21.5,69.8,148.7,636.0,3077.0,5.0,1,
491900,1863.7,20.6,69.8,240.4,636.0,3077.0,5.0,1,
492000,1861.3,21.3,69.9,240.5,636.0,3077.0,5.0,1,
492100,1862.8,19.0,69.9,240.3,636.0,3077.0,5.0,1,
492200,1865.3,21.5,69.9,240.6,636.0,3077.0,5.0,1,
492300,1864.7,19.8,69.9,240.8,636.0,3077.0,5.0,1,
492400,1863.6,40.0,69.9,240.6,636.0,3077.0,5.0,1,
492600,1855.5,196.2,78.1,80.2,510.0,2839.0,6.0,1,
492700,1864.2,56.9,86.6,77.0,376.0,2114.0,5.0,1,
492800,1871.7,41.3,89.4,75.9,705.0,3326.0,6.0,1,
492900,1847.7,107.1,87.4,77.5,637.0,2949.0,5.0,1,
493000,1867.7,54.7,84.6,102.7,709.0,2833.0,5.0,1,
493100,1862.5,23.2,81.3,101.5,640.0,2723.0,4.0,1,
493200,1864.8,23.4,81.3,91.4,640.0,2723.0,4.0,1,
493300,1864.0,20.5,81.3,91.8,640.0,2723.0,4.0,1,
493400,1862.6,21.2,81.3,239.6,640.0,2723.0,4.0,1,
493600,1864.5,22.0,81.4,240.5,640.0,2723.0,4.0,1,
493700,1864.6,19.2,81.3,240.5,640.0,2723.0,4.0,1,
493800,1861.3,21.5,81.3,240.7,640.0,2723.0,4.0,1,
493900,1862.4,19.9,81.3,240.6,640.0,2723.0,4.0,1,
494000,1860.8,20.9,81.4,240.4,640.0,2723.0,4.0,1,
494100,1858.5,177.6,78.8,240.3,416.0,2335.0,4.0,1,
494200,1870.4,41.1,83.9,83.7,474.0,2562.0,3.0,1,
494300,1862.9,79.7,81.5,72.0,412.0,2345.0,6.0,1,
494400,1851.3,99.6,84.7,76.2,518.0,2440.0,4.0,1,
494600,1859.6,32.7,84.0,91.6,601.0,2648.0,4.0,1,
494700,1864.4,34.1,87.2,90.3,587.0,2672.0,5.0,1,
494800,1861.5,23.2,87.1,87.6,587.0,2672.0,5.0,1,
494900,1864.7,22.6,87.2,77.4,587.0,2672.0,5.0,1,
495000,1864.7,24.6,87.2,77.3,587.0,2672.0,5.0,1,
495100,1864.4,21.0,87.3,240.3,587.0,2672.0,5.0,1,
495200,1865.1,21.5,87.2,240.6,587.0,2672.0,5.0,1,
495300,1862.4,22.7,87.3,240.5,587.0,2672.0,5.0,1,
495400,1861.9,19.6,87.3,240.4,587.0,2672.0,5.0,1,
495600,1864.2,20.5,87.2,240.5,587.0,2672.0,5.0,1,
495700,1865.5,38.8,85.6,240.4,548.0,2640.0,4.0,1,
495800,1858.8,65.9,79.8,186.2,443.0,2299.0,6.0,1,
495900,1851.3,122.9,75.7,51.8,410.0,2067.0,6.0,1,
496000,1871.8,24.4,74.0,56.5,458.0,2432.0,6.0,1,
496100,1865.8,77.7,73.2,72.0,432.0,2042.0,4.0,1,
496200,1854.5,75.6,77.0,77.2,699.0,3067.0,5.0,1,
496300,1866.5,26.4,72.4,78.7,700.0,2683.0,5.0,1,
496400,1862.8,20.8,72.4,77.3,700.0,2683.0,5.0,1,
496600,1864.5,22.2,72.2,133.8,700.0,2683.0,5.0,1,
496700,1862.9,18.3,72.2,240.4,700.0,2683.0,5.0,1,
496800,1864.5,21.3,72.3,240.4,700.0,2683.0,5.0,1,
496900,1860.3,21.8,72.2,240.3,700.0,2683.0,5.0,1,
497000,1864.6,20.1,72.2,240.5,700.0,2683.0,5.0,1,
497100,1862.5,18.5,72.3,240.7,700.0,2683.0,5.0,1,
497200,1863.6,19.0,72.3,240.7,700.0,2683.0,5.0,1,
497300,1870.9,35.6,71.7,240.5,448.0,2245.0,5.0,1,
497400,1858.5,72.5,69.4,240.1,502.0,2608.0,3.0,1,
497600,1873.6,36.7,65.2,102.6,460.0,2496.0,6.0,1,
497700,1846.1,71.4,73.3,101.2,432.0,2062.0,5.0,1,
497800,1866.7,45.2,65.1,88.0,528.0,2432.0,6.0,1,
497900,1856.6,48.6,66.0,71.4,605.0,2801.0,4.0,1,
498000,1863.8,22.7,66.0,80.3,605.0,2801.0,4.0,1,
498100,1862.0,22.9,66.0,105.9,605.0,2801.0,4.0,1,
498200,1864.8,20.6,66.1,108.7,605.0,2801.0,4.0,1,
498300,1859.6,20.8,66.1,226.7,605.0,2801.0,4.0,1,
498400,1862.5,18.8,66.1,240.3,605.0,2801.0,4.0,1,
498600,1862.7,20.3,66.1,240.4,605.0,2801.0,4.0,1,
498700,1862.7,17.4,66.1,240.4,605.0,2801.0,4.0,1,
498800,1863.5,19.2,66.0,240.4,605.0,2801.0,4.0,1,
498900,1864.3,54.6,66.1,240.4,605.0,2801.0,4.0,1,
499000,1866.6,28.3,65.6,240.2,477.0,2547.0,4.0,1,
499100,1867.2,37.6,65.8,187.9,510.0,2651.0,6.0,1,
499200,1850.1,56.6,63.7,100.8,452.0,2403.0,5.0,1,
499300,1870.4,21.9,50.6,91.9,500.0,2431.0,6.0,1,
499400,1855.9,175.6,54.3,103.2,550.0,2341.0,5.0,1,
499600,1858.0,29.9,69.4,74.1,421.0,1713.0,21.0,1,
499700,1865.4,23.4,69.3,68.9,421.0,1713.0,21.0,1,
499800,1860.5,20.0,69.3,55.3,421.0,1713.0,21.0,1,
499900,1863.9,19.3,69.3,94.4,421.0,1713.0,21.0,1,
500000,1865.3,21.7,69.3,240.6,421.0,1713.0,21.0,1,
500100,1864.8,20.7,69.3,240.8,421.0,1713.0,21.0,1,
500200,1863.2,20.1,69.4,240.7,421.0,1713.0,21.0,1,
500300,1863.6,22.7,69.3,240.9,421.0,1713.0,21.0,1,
500400,1864.8,19.7,69.4,241.0,421.0,1713.0,21.0,1,
500600,1867.0,35.3,74.5,239.7,519.0,2769.0,6.0,1,
500700,1853.8,84.7,74.7,102.5,438.0,2309.0,5.0,1,
500800,1871.3,38.4,76.3,92.9,453.0,2392.0,6.0,1,
500900,1857.1,39.1,75.7,90.7,471.0,2442.0,6.0,1,
501000,1873.9,18.6,71.0,91.4,625.0,2833.0,5.0,1,
501100,1860.4,129.3,87.1,90.5,1617.0,3171.0,26.0,0,
501200,1860.2,25.3,80.2,82.5,612.0,2838.0,5.0,1,
501300,1862.9,19.2,80.2,122.4,612.0,2838.0,5.0,1,
501400,1863.2,21.6,80.2,156.3,612.0,2838.0,5.0,1,
501600,1861.8,21.4,80.1,240.4,612.0,2838.0,5.0,1,
501700,1862.9,19.9,80.1,240.5,612.0,2838.0,5.0,1,
501800,1864.9,21.0,80.1,240.4,612.0,2838.0,5.0,1,
501900,1862.7,20.3,80.2,240.6,612.0,2838.0,5.0,1,
502000,1863.5,18.2,80.1,240.6,612.0,2838.0,5.0,1,
502100,1864.4,20.7,80.1,240.5,612.0,2838.0,5.0,1,
502200,1856.0,74.3,75.6,240.4,520.0,2478.0,4.0,1,
502300,1871.8,72.5,77.4,150.9,456.0,2571.0,4.0,1,
502400,1857.2,44.9,76.7,87.7,489.0,2494.0,6.0,1,
502600,1865.2,47.6,82.0,88.9,493.0,2577.0,5.0,1,
502700,1855.0,137.1,68.2,77.5,631.0,2753.0,5.0,1,
502800,1872.9,27.6,64.3,90.0,634.0,2805.0,5.0,1,
502900,1863.8,19.7,64.2,100.7,634.0,2805.0,5.0,1,
503000,1862.7,19.1,64.2,78.2,634.0,2805.0,5.0,1,
503100,1862.7,20.5,64.2,92.9,634.0,2805.0,5.0,1,
503200,1863.8,20.2,64.3,240.1,634.0,2805.0,5.0,1,
503300,1861.6,19.7,64.1,240.5,634.0,2805.0,5.0,1,
503400,1866.4,21.3,64.2,240.6,634.0,2805.0,5.0,1,
503600,1865.2,23.2,64.2,240.6,634.0,2805.0,5.0,1,
503700,1861.3,19.7,64.3,240.4,634.0,2805.0,5.0,1,
503800,1864.6,42.8,63.1,240.3,501.0,2551.0,7.0,1,
503900,1869.6,42.3,64.4,240.0,487.0,2784.0,6.0,1,
504000,1854.8,42.1,60.5,104.2,493.0,2475.0,5.0,1,
504100,1866.4,47.2,58.9,93.5,444.0,2361.0,6.0,1,
504200,1855.6,91.5,58.2,101.1,444.0,2143.0,5.0,1,
504300,1860.6,31.4,58.8,102.6,748.0,3394.0,5.0,1,
504400,1868.3,42.8,56.7,103.6,690.0,2988.0,5.0,1,
504600,1862.3,20.4,56.7,106.6,690.0,2988.0,5.0,1,
504700,1861.2,19.6,56.7,114.7,690.0,2988.0,5.0,1,
504800,1860.8,20.7,56.7,239.4,690.0,2988.0,5.0,1,
504900,1863.8,21.0,56.7,240.7,690.0,2988.0,5.0,1,
505000,1865.9,18.5,56.6,240.8,690.0,2988.0,5.0,1,
505100,1860.5,20.1,56.6,240.9,690.0,2988.0,5.0,1,
505200,1861.2,20.3,56.5,240.6,690.0,2988.0,5.0,1,
505300,1864.3,19.8,56.5,240.3,690.0,2988.0,5.0,1,
505400,1871.3,15.8,56.5,240.6,476.0,2299.0,5.0,1,
505600,1868.2,55.6,64.2,238.2,471.0,2157.0,6.0,1,
505700,1853.7,41.1,63.3,48.0,478.0,2393.0,5.0,1,
505800,1866.8,36.0,61.4,50.3,592.0,2899.0,5.0,1,
505900,1864.2,33.1,62.4,85.3,690.0,2902.0,6.0,1,
506000,1849.9,54.4,59.1,101.6,651.0,3010.0,5.0,1,
506100,1862.4,19.5,59.1,101.2,651.0,3010.0,5.0,1,
506200,1861.7,19.4,59.0,102.8,651.0,3010.0,5.0,1,
506300,1862.7,17.9,59.0,106.0,651.0,3010.0,5.0,1,
506400,1864.0,21.3,59.0,137.9,651.0,3010.0,5.0,1,
506600,1865.6,21.5,59.0,240.6,651.0,3010.0,5.0,1,
506700,1863.4,19.6,59.0,240.4,651.0,3010.0,5.0,1,
506800,1861.5,16.9,59.0,240.3,651.0,3010.0,5.0,1,
506900,1863.5,19.2,59.0,240.1,651.0,3010.0,5.0,1,
507000,1862.0,61.8,58.9,240.3,651.0,3010.0,5.0,1,
507100,1864.6,38.7,61.8,239.4,447.0,2351.0,4.0,1,
507200,1855.8,45.4,53.0,110.0,435.0,2410.0,3.0,1,
507300,1870.7,27.2,51.0,100.6,415.0,2380.0,5.0,1,
507400,1862.2,28.1,52.7,87.4,562.0,2618.0,6.0,1,
507600,1870.8,39.6,64.5,92.4,545.0,2536.0,5.0,1,
507700,1860.4,22.4,60.5,94.5,604.0,2598.0,5.0,1,
507800,1865.1,20.1,60.6,102.6,604.0,2598.0,5.0,1,
507900,1862.1,17.1,60.6,123.2,604.0,2598.0,5.0,1,
508000,1861.4,20.2,60.6,240.1,604.0,2598.0,5.0,1,
508100,1864.8,21.0,60.7,240.4,604.0,2598.0,5.0,1,
508200,1862.5,16.5,60.6,240.7,604.0,2598.0,5.0,1,
508300,1863.2,20.5,60.7,241.0,604.0,2598.0,5.0,1,
508400,1862.1,19.9,60.7,240.8,604.0,2598.0,5.0,1,
508600,1860.7,18.2,60.8,240.6,604.0,2598.0,5.0,1,
508700,1868.0,33.0,58.1,240.7,518.0,2566.0,3.0,1,
508800,1861.2,72.0,70.4,237.7,456.0,2354.0,5.0,1,
508900,1860.3,112.6,80.1,73.7,454.0,2444.0,5.0,1,
509000,1856.5,37.3,80.7,76.5,444.0,2195.0,4.0,1,
509100,1865.7,38.1,80.4,75.4,602.0,2654.0,5.0,1,
509200,1873.3,56.0,79.9,73.9,753.0,2459.0,26.0,0,
509300,1852.6,22.5,79.8,75.2,724.0,3018.0,4.0,1,
509400,1864.3,19.5,79.8,71.2,724.0,3018.0,4.0,1,
509600,1861.8,22.9,79.9,188.6,724.0,3018.0,4.0,1,
509700,1863.7,25.1,80.0,240.4,724.0,3018.0,4.0,1,
509800,1855.6,19.6,80.1,240.5,724.0,3018.0,4.0,1,
509900,1858.1,18.4,80.1,240.5,724.0,3018.0,4.0,1,
510000,1864.0,21.1,80.2,240.5,724.0,3018.0,4.0,1,
510100,1864.2,20.1,80.3,240.7,724.0,3018.0,4.0,1,
510200,1863.5,19.1,80.2,240.8,724.0,3018.0,4.0,1,
510300,1859.8,67.3,82.7,240.2,496.0,2787.0,6.0,1,
510400,1867.8,29.2,73.3,137.0,468.0,2615.0,6.0,1,
510600,1862.6,92.3,72.2,90.6,559.0,2522.0,5.0,1,
510700,1881.4,31.3,76.9,86.8,570.0,2844.0,6.0,1,
510800,1846.6,68.0,72.4,71.1,607.0,2717.0,5.0,1,
510900,1868.2,24.3,72.2,89.2,752.0,3088.0,5.0,1,
511000,1861.0,21.3,72.1,102.5,752.0,3088.0,5.0,1,
511100,1865.6,20.5,72.1,103.1,752.0,3088.0,5.0,1,
511200,1863.1,21.4,72.1,131.4,752.0,3088.0,5.0,1,
511300,1862.8,21.8,72.0,240.4,752.0,3088.0,5.0,1,
511400,1862.4,18.8,71.9,240.5,752.0,3088.0,5.0,1,
511600,1863.9,23.6,72.0,240.1,752.0,3088.0,5.0,1,
511700,1864.8,23.3,72.0,239.9,752.0,3088.0,5.0,1,
511800,1864.7,16.4,72.0,239.8,752.0,3088.0,5.0,1,
511900,1864.2,42.4,72.4,240.1,480.0,3248.0,5.0,1,
512000,1852.8,51.0,73.8,239.1,450.0,2524.0,5.0,1,
512100,1865.3,68.5,76.0,114.8,416.0,2432.0,6.0,1,
512200,1872.9,99.5,71.8,100.5,603.0,2730.0,5.0,1,
512300,1854.3,178.9,77.3,88.6,1238.0,2988.0,26.0,0,
512400,1866.3,134.0,81.1,90.1,804.0,3496.0,5.0,1,
512600,1867.6,28.0,99.4,89.6,804.0,3496.0,5.0,1,
512700,1864.0,22.6,99.5,80.0,804.0,3496.0,5.0,1,
512800,1864.1,19.7,99.4,142.2,804.0,3496.0,5.0,1,
512900,1865.2,22.9,99.5,238.9,804.0,3496.0,5.0,1,
513000,1863.3,20.1,99.5,240.0,804.0,3496.0,5.0,1,
513100,1866.1,17.9,99.4,240.3,804.0,3496.0,5.0,1,
513200,1861.1,20.7,99.5,240.4,804.0,3496.0,5.0,1,
513300,1864.2,19.8,99.4,240.2,804.0,3496.0,5.0,1,
513400,1866.2,23.7,99.4,240.1,804.0,3496.0,5.0,1,
513600,1866.6,25.3,97.3,240.1,522.0,2863.0,6.0,1,
513700,1860.0,89.4,99.0,93.8,731.0,3263.0,5.0,1,
513800,1857.3,30.8,96.5,84.3,880.0,3466.0,4.0,1,
513900,1864.1,61.3,94.9,81.9,901.0,3624.0,5.0,1,
514000,1863.6,146.5,86.3,65.5,971.0,4009.0,4.0,1,
514100,1866.8,43.2,68.1,44.0,966.0,3792.0,4.0,1,
514200,1855.2,20.0,68.0,36.8,1070.0,3900.0,3.0,1,
514300,1866.1,22.8,67.8,29.6,1070.0,3900.0,3.0,1,
514400,1864.9,18.3,67.8,35.7,1070.0,3900.0,3.0,1,
514600,1864.3,20.6,67.8,240.1,1070.0,3900.0,3.0,1,
514700,1861.6,19.3,67.9,240.0,1070.0,3900.0,3.0,1,
514800,1863.2,22.1,67.7,239.9,1070.0,3900.0,3.0,1,
514900,1862.7,15.8,67.7,240.2,1070.0,3900.0,3.0,1,
515000,1864.4,19.7,67.7,240.4,1070.0,3900.0,3.0,1,
515100,1861.7,19.2,67.5,240.5,1070.0,3900.0,3.0,1,
515200,1864.9,82.4,73.3,240.4,440.0,2459.0,3.0,1,
515300,1855.3,64.7,74.5,40.8,422.0,2127.0,5.0,1,
515400,1868.2,43.4,78.6,29.7,361.0,1914.0,5.0,1,
515600,1848.1,97.2,78.6,34.9,740.0,2907.0,4.0,1,
515700,1866.1,42.5,72.7,70.9,702.0,2972.0,4.0,1,
515800,1861.7,20.7,72.3,46.2,719.0,3217.0,5.0,1,
515900,1863.5,19.9,72.3,35.4,719.0,3217.0,5.0,1,
516000,1865.4,20.9,72.3,38.6,719.0,3217.0,5.0,1,
516100,1862.9,17.9,72.2,239.3,719.0,3217.0,5.0,1,
516200,1866.0,22.8,72.2,240.3,719.0,3217.0,5.0,1,
516300,1863.8,18.8,72.2,240.3,719.0,3217.0,5.0,1,
516400,1864.3,20.2,72.2,240.3,719.0,3217.0,5.0,1,
516600,1864.2,20.7,72.2,240.1,719.0,3217.0,5.0,1,
516700,1863.7,20.5,72.2,240.1,719.0,3217.0,5.0,1,
516800,1858.3,26.2,71.5,240.2,489.0,2614.0,3.0,1,
516900,1859.7,37.6,73.6,221.0,401.0,2124.0,6.0,1,
517000,1882.4,134.4,69.1,34.4,394.0,2115.0,6.0,1,
517100,1847.4,59.2,74.3,44.9,416.0,2177.0,5.0,1,
517200,1865.1,16.2,74.1,72.6,642.0,3002.0,5.0,1,
517300,1865.1,52.4,70.5,82.8,628.0,2600.0,5.0,1,
517400,1862.8,22.7,70.0,102.7,710.0,2645.0,5.0,1,
517600,1865.0,20.0,69.9,112.6,710.0,2645.0,5.0,1,
517700,1863.3,18.7,70.0,239.5,710.0,2645.0,5.0,1,
517800,1861.4,22.3,69.9,240.7,710.0,2645.0,5.0,1,
517900,1863.9,20.7,69.9,240.5,710.0,2645.0,5.0,1,
518000,1864.4,21.4,69.9,240.3,710.0,2645.0,5.0,1,
518100,1862.7,21.6,69.9,240.1,710.0,2645.0,5.0,1,
518200,1865.5,20.8,69.9,240.2,710.0,2645.0,5.0,1,
518300,1860.7,22.5,69.9,240.1,710.0,2645.0,5.0,1,
518400,1858.1,20.6,69.8,239.8,632.0,3768.0,4.0,1,
518600,1850.5,193.1,70.6,89.7,1315.0,3060.0,26.0,0,
518700,1869.3,220.0,99.3,84.3,838.0,2367.0,21.0,1,
518800,1867.9,75.8,113.3,90.4,1418.0,3088.0,26.0,0,
518900,1868.6,22.2,111.0,111.9,959.0,2961.0,4.0,1,
519000,1862.0,29.6,114.9,124.7,841.0,2821.0,4.0,1,
519100,1865.5,17.8,114.8,123.1,841.0,2821.0,4.0,1,
519200,1863.6,18.6,114.8,42.5,841.0,2821.0,4.0,1,
519300,1862.7,17.4,114.8,45.6,841.0,2821.0,4.0,1,
519400,1863.6,18.5,114.8,240.0,841.0,2821.0,4.0,1,
519600,1864.7,17.1,114.7,240.1,841.0,2821.0,4.0,1,
519700,1861.4,20.2,114.7,240.3,841.0,2821.0,4.0,1,
519800,1858.5,17.7,114.7,240.3,841.0,2821.0,4.0,1,
519900,1861.4,18.0,114.7,240.2,841.0,2821.0,4.0,1,
520000,1868.6,22.0,114.8,240.4,483.0,2561.0,7.0,1,
520100,1846.5,70.1,114.8,240.4,516.0,2567.0,6.0,1,
520200,1869.3,18.3,115.0,115.7,766.0,3356.0,5.0,1,
520300,1863.3,252.3,105.9,88.2,1596.0,3230.0,26.0,0,
520400,1864.3,162.1,104.0,82.0,906.0,2587.0,2.0,0,
520600,1863.1,99.7,132.5,195.9,943.0,2236.0,2.0,0,
520700,1869.3,26.4,132.5,229.6,943.0,2236.0,2.0,0,
520800,1866.8,19.2,132.4,190.1,943.0,2236.0,2.0,0,
520900,1868.4,18.9,132.4,152.8,943.0,2236.0,2.0,0,
521000,1865.6,16.2,132.3,237.6,943.0,2236.0,2.0,0,
521100,1868.8,17.8,132.2,240.5,943.0,2236.0,2.0,0,
521200,1864.5,14.9,132.2,240.5,943.0,2236.0,2.0,0,
521300,1867.3,18.8,132.1,240.3,943.0,2236.0,2.0,0,
521400,1864.0,19.4,132.0,240.3,943.0,2236.0,2.0,0,
521600,1860.0,52.3,132.1,240.4,943.0,2236.0,2.0,0,
521700,1862.2,14.2,132.1,240.3,528.0,2750.0,5.0,1,
521800,1866.3,61.4,134.8,151.6,751.0,3232.0,4.0,1,
521900,1844.7,40.1,125.8,39.4,894.0,3494.0,5.0,1,
522000,1867.1,31.1,107.4,37.2,946.0,3654.0,4.0,1,
522100,1856.5,36.1,84.1,37.7,910.0,3364.0,4.0,1,
522200,1866.8,27.2,66.6,37.5,1002.0,3606.0,4.0,1,
522300,1860.9,17.9,62.4,46.3,987.0,3744.0,4.0,1,
522400,1861.6,16.2,62.4,47.7,987.0,3744.0,4.0,1,
522600,1862.5,18.9,62.6,239.8,987.0,3744.0,4.0,1,
522700,1864.2,19.4,62.6,240.2,987.0,3744.0,4.0,1,
522800,1865.0,18.5,62.8,240.2,987.0,3744.0,4.0,1,
522900,1861.7,21.1,62.8,240.3,987.0,3744.0,4.0,1,
523000,1863.8,18.5,62.9,240.5,987.0,3744.0,4.0,1,
523100,1866.5,18.3,63.0,240.4,987.0,3744.0,4.0,1,
523200,1860.5,20.5,63.0,240.4,987.0,3744.0,4.0,1,
523300,1879.3,22.9,62.3,240.4,566.0,3076.0,5.0,1,
523400,1841.6,43.4,51.7,239.3,592.0,2949.0,5.0,1,
523600,1861.6,31.2,50.0,43.6,961.0,3625.0,4.0,1,
523700,1853.3,20.6,50.5,43.6,1019.0,3671.0,4.0,1,
523800,1879.3,47.9,43.4,45.1,1003.0,3949.0,5.0,1,
523900,1854.7,24.1,44.0,77.3,978.0,3616.0,4.0,1,
524000,1863.8,22.5,44.2,89.2,978.0,3616.0,4.0,1,
524100,1867.0,24.4,44.4,205.3,978.0,3616.0,4.0,1,
524200,1865.3,20.5,44.5,239.9,978.0,3616.0,4.0,1,
524300,1859.9,21.3,44.6,240.3,978.0,3616.0,4.0,1,
524400,1863.6,22.8,44.6,240.3,978.0,3616.0,4.0,1,
524600,1864.7,20.9,45.1,240.4,978.0,3616.0,4.0,1,
524700,1863.1,19.1,45.0,240.4,978.0,3616.0,4.0,1,
524800,1862.1,20.3,45.0,240.6,978.0,3616.0,4.0,1,
524900,1853.8,57.4,44.7,240.6,501.0,2511.0,4.0,1,
525000,1870.4,32.5,49.0,239.8,559.0,2781.0,5.0,1,
525100,1858.5,33.1,47.0,47.3,564.0,2663.0,4.0,1,
525200,1868.5,26.3,42.0,38.4,632.0,2770.0,5.0,1,
525300,1867.0,59.8,41.9,41.5,646.0,2867.0,4.0,1,
525400,1850.3,33.1,43.1,44.1,902.0,3313.0,4.0,1,
525600,1864.6,18.7,47.5,46.5,902.0,3313.0,4.0,1,
525700,1861.7,21.5,47.5,37.2,902.0,3313.0,4.0,1,
525800,1862.5,20.4,47.4,45.8,902.0,3313.0,4.0,1,
525900,1862.8,21.3,47.3,239.9,902.0,3313.0,4.0,1,
526000,1860.7,21.6,47.5,240.4,902.0,3313.0,4.0,1,
526100,1863.9,20.9,47.3,240.7,902.0,3313.0,4.0,1,
526200,1859.5,22.3,47.3,240.6,902.0,3313.0,4.0,1,
526300,1863.6,24.0,47.4,240.3,902.0,3313.0,4.0,1,
526400,1865.6,24.8,47.5,240.3,902.0,3313.0,4.0,1,
526600,1856.8,34.6,45.3,239.9,453.0,2348.0,5.0,1,
526700,1866.3,35.5,49.3,91.3,591.0,2950.0,5.0,1,
526800,1859.9,100.4,57.7,37.3,585.0,2569.0,5.0,1,
526900,1850.9,46.4,60.8,28.2,658.0,2610.0,4.0,1,
527000,1867.5,24.6,59.2,27.9,675.0,2930.0,5.0,1,
527100,1864.9,104.7,80.4,29.7,404.0,1573.0,27.0,0,
527200,1862.9,25.6,80.5,38.5,404.0,1573.0,27.0,0,
527300,1863.7,21.5,80.5,69.3,404.0,1573.0,27.0,0,
527400,1861.8,20.7,80.5,87.8,404.0,1573.0,27.0,0,
527600,1863.2,20.2,80.5,240.8,404.0,1573.0,27.0,0,
527700,1861.6,21.4,80.6,240.7,404.0,1573.0,27.0,0,
527800,1863.1,18.0,80.5,240.7,404.0,1573.0,27.0,0,
527900,1863.4,20.0,80.5,240.6,404.0,1573.0,27.0,0,
528000,1862.9,20.1,80.4,240.4,404.0,1573.0,27.0,0,
528100,1871.5,30.5,80.3,240.4,404.0,1573.0,27.0,0,
528200,1855.5,42.2,85.3,239.6,553.0,2924.0,5.0,1,
528300,1867.0,22.4,85.1,37.1,551.0,2812.0,6.0,1,
528400,1856.8,214.3,91.9,45.1,1144.0,2703.0,26.0,0,
528600,1879.6,247.2,129.7,83.4,1522.0,2982.0,26.0,0,
528700,1843.4,190.7,139.5,124.9,472.0,2350.0,2.0,0,
528800,1866.6,31.1,138.7,153.5,466.0,1895.0,2.0,0,
528900,1865.3,23.4,138.7,101.3,466.0,1895.0,2.0,0,
529000,1864.6,21.6,138.7,78.7,466.0,1895.0,2.0,0,
529100,1865.9,20.0,138.6,99.5,466.0,1895.0,2.0,0,
529200,1864.5,19.8,138.6,240.2,466.0,1895.0,2.0,0,
529300,1866.4,20.3,138.4,240.3,466.0,1895.0,2.0,0,
529400,1867.0,21.6,138.4,240.3,466.0,1895.0,2.0,0,
529600,1862.3,19.4,138.5,240.4,466.0,1895.0,2.0,0,
529700,1862.2,19.3,138.5,240.3,466.0,1895.0,2.0,0,
529800,1870.2,32.2,135.5,240.3,614.0,3150.0,5.0,1,
529900,1850.5,24.9,133.6,239.9,671.0,3343.0,5.0,1,
530000,1862.3,40.9,133.3,197.6,605.0,2969.0,4.0,1,
530100,1879.1,25.1,112.3,141.0,789.0,3367.0,5.0,1,
530200,1845.2,63.3,92.0,110.8,711.0,3005.0,5.0,1,
530300,1875.8,91.7,60.0,80.8,806.0,3277.0,4.0,1,
530400,1862.4,26.0,47.9,36.0,734.0,3151.0,4.0,1,
530600,1863.2,23.0,47.9,35.8,734.0,3151.0,4.0,1,
530700,1861.4,21.7,47.9,238.7,734.0,3151.0,4.0,1,
530800,1862.3,20.5,48.0,240.5,734.0,3151.0,4.0,1,
530900,1861.7,20.3,48.0,240.6,734.0,3151.0,4.0,1,
531000,1859.7,20.0,48.0,240.4,734.0,3151.0,4.0,1,
531100,1863.7,20.0,48.0,240.4,734.0,3151.0,4.0,1,
531200,1862.5,20.3,47.8,240.5,734.0,3151.0,4.0,1,
531300,1862.4,20.5,47.7,240.5,734.0,3151.0,4.0,1,
531400,1856.6,162.8,47.7,240.4,544.0,2947.0,5.0,1,
531600,1864.6,24.3,63.0,36.3,702.0,3489.0,5.0,1,
531700,1847.9,80.3,62.5,36.7,674.0,3039.0,5.0,1,
531800,1869.7,256.3,94.9,47.4,969.0,2495.0,17.0,1,
531900,1866.0,302.5,117.3,133.4,1583.0,3091.0,26.0,0,
532000,1864.4,52.0,128.0,131.7,276.0,1394.0,19.0,1,
532100,1863.9,23.0,127.9,131.6,276.0,1394.0,19.0,1,
532200,1863.5,23.7,127.9,134.8,276.0,1394.0,19.0,1,
532300,1863.5,22.8,127.9,132.7,276.0,1394.0,19.0,1,
532400,1864.9,19.9,127.8,239.6,276.0,1394.0,19.0,1,
532600,1863.2,23.0,127.7,240.4,276.0,1394.0,19.0,1,
532700,1866.0,21.3,127.8,240.4,276.0,1394.0,19.0,1,
532800,1864.4,21.9,127.7,240.6,276.0,1394.0,19.0,1,
532900,1864.3,20.6,127.8,240.6,276.0,1394.0,19.0,1,
533000,1863.2,15.1,127.5,240.4,498.0,2745.0,5.0,1,
533100,1866.1,42.2,122.6,240.2,622.0,3074.0,6.0,1,
533200,1851.0,64.1,122.6,142.6,749.0,3458.0,4.0,1,
533300,1873.7,35.5,123.2,80.1,697.0,3276.0,4.0,1,
533400,1866.5,52.2,107.4,77.1,739.0,3110.0,4.0,1,
533600,1867.9,31.0,48.6,35.2,891.0,3743.0,5.0,1,
533700,1861.8,22.3,48.7,34.7,891.0,3743.0,5.0,1,
533800,1863.8,22.1,48.8,35.4,891.0,3743.0,5.0,1,
533900,1861.5,22.0,48.8,66.4,891.0,3743.0,5.0,1,
534000,1862.8,18.7,48.8,239.8,891.0,3743.0,5.0,1,
534100,1866.0,20.0,48.8,240.2,891.0,3743.0,5.0,1,
534200,1863.4,21.7,48.9,240.4,891.0,3743.0,5.0,1,
534300,1865.5,24.9,48.7,240.4,891.0,3743.0,5.0,1,
534400,1869.1,23.9,48.7,240.4,891.0,3743.0,5.0,1,
534600,1874.8,30.0,48.6,240.4,442.0,2300.0,5.0,1,
534700,1846.4,123.6,45.1,240.1,575.0,3280.0,5.0,1,
534800,1868.6,286.7,84.6,130.9,1567.0,3495.0,2.0,0,
534900,1873.8,256.3,117.9,111.8,1598.0,3255.0,26.0,0,
535000,1846.9,188.3,138.7,158.7,747.0,2504.0,2.0,0,
535100,1873.9,243.4,152.6,199.6,1104.0,2637.0,26.0,0,
535200,1855.7,103.6,161.7,260.9,746.0,2304.0,2.0,0,
535300,1862.7,24.5,161.8,225.8,746.0,2304.0,2.0,0,
535400,1865.1,21.7,161.7,124.3,746.0,2304.0,2.0,0,
535600,1862.2,20.2,161.7,190.1,746.0,2304.0,2.0,0,
535700,1861.1,21.1,161.8,240.4,746.0,2304.0,2.0,0,
535800,1865.6,24.1,161.8,240.6,746.0,2304.0,2.0,0,
535900,1865.1,19.8,161.8,240.6,746.0,2304.0,2.0,0,
536000,1862.3,19.1,161.9,240.6,746.0,2304.0,2.0,0,
536100,1865.8,19.8,161.9,240.5,746.0,2304.0,2.0,0,
536200,1862.8,90.7,161.9,240.5,746.0,2304.0,2.0,0,
536300,1862.0,44.0,164.4,217.4,567.0,3084.0,5.0,1,
536400,1880.0,119.2,158.1,100.0,1591.0,3466.0,27.0,0,
536600,1874.1,257.9,153.3,144.8,1137.0,2450.0,15.0,1,
536700,1852.9,299.0,157.7,168.0,1375.0,2995.0,26.0,0,
536800,1861.1,223.1,161.3,226.6,1035.0,2363.0,19.0,1,
536900,1860.3,29.7,162.4,230.8,316.0,1561.0,2.0,0,
537000,1863.0,22.5,162.4,169.9,316.0,1561.0,2.0,0,
537100,1865.0,22.2,162.4,123.1,316.0,1561.0,2.0,0,
537200,1865.6,20.9,162.3,124.1,316.0,1561.0,2.0,0,
537300,1865.5,23.1,162.3,240.5,316.0,1561.0,2.0,0,
537400,1866.2,22.6,162.3,240.5,316.0,1561.0,2.0,0,
537600,1863.2,22.3,162.3,240.3,316.0,1561.0,2.0,0,
537700,1866.1,21.3,162.3,240.2,316.0,1561.0,2.0,0,
537800,1863.2,20.7,162.3,240.4,316.0,1561.0,2.0,0,
537900,1870.4,45.0,161.2,240.4,610.0,3363.0,6.0,1,
538000,1845.7,99.3,160.0,112.6,660.0,3251.0,5.0,1,
538100,1872.6,252.3,162.1,39.5,1090.0,2792.0,13.0,1,
538200,1856.0,246.1,159.2,80.3,817.0,3220.0,2.0,0,
538300,1865.9,236.6,160.3,143.8,1034.0,2743.0,2.0,0,
538400,1860.3,210.6,156.5,198.7,1490.0,2901.0,2.0,0,
538600,1860.4,21.3,158.8,168.7,1490.0,2901.0,2.0,0,
538700,1868.0,23.8,158.8,134.4,1490.0,2901.0,2.0,0,
538800,1862.0,18.2,158.8,98.7,1490.0,2901.0,2.0,0,
538900,1860.9,19.1,158.9,239.5,1490.0,2901.0,2.0,0,
539000,1863.6,19.6,158.9,240.3,1490.0,2901.0,2.0,0,
539100,1865.2,20.9,158.9,240.6,1490.0,2901.0,2.0,0,
539200,1861.5,20.6,159.0,240.6,1490.0,2901.0,2.0,0,
539300,1861.0,18.7,159.0,240.3,1490.0,2901.0,2.0,0,
539400,1861.5,20.5,159.0,240.5,1490.0,2901.0,2.0,0,
539600,1870.7,21.9,155.7,240.3,667.0,3365.0,6.0,1,
539700,1857.7,34.5,143.2,238.3,779.0,3640.0,5.0,1,
539800,1867.4,24.9,124.9,144.5,866.0,3699.0,5.0,1,
539900,1864.2,18.9,102.2,146.4,837.0,3485.0,5.0,1,
540000,1850.6,111.9,70.3,186.0,756.0,3062.0,5.0,1,
540100,1873.9,51.8,63.3,91.5,674.0,2098.0,2.0,0,
540200,1858.6,18.9,63.3,91.5,674.0,2098.0,2.0,0,
540300,1863.8,21.5,63.2,112.0,674.0,2098.0,2.0,0,
540400,1862.4,19.9,63.2,165.4,674.0,2098.0,2.0,0,
540600,1865.6,21.7,63.2,240.5,674.0,2098.0,2.0,0,
540700,1861.2,17.7,63.1,240.5,674.0,2098.0,2.0,0,
540800,1860.9,20.0,63.1,240.4,674.0,2098.0,2.0,0,
540900,1862.9,21.2,63.1,240.4,674.0,2098.0,2.0,0,
541000,1863.0,20.3,63.1,240.5,674.0,2098.0,2.0,0,
541100,1870.4,17.1,63.1,240.6,545.0,2967.0,7.0,1,
541200,1863.4,119.9,66.5,240.3,616.0,3214.0,4.0,1,
541300,1853.3,33.7,71.2,41.7,792.0,3689.0,4.0,1,
541400,1870.7,232.4,93.1,29.5,1495.0,3272.0,2.0,0,
541600,1858.2,217.9,138.5,157.4,1531.0,3548.0,2.0,0,
541700,1870.1,95.6,140.7,188.3,550.0,1981.0,2.0,0,
541800,1863.7,24.6,140.7,226.0,550.0,1981.0,2.0,0,
541900,1862.5,20.1,140.6,130.9,550.0,1981.0,2.0,0,
542000,1864.8,20.2,140.6,88.9,550.0,1981.0,2.0,0,
542100,1864.6,19.6,140.6,150.1,550.0,1981.0,2.0,0,
542200,1862.6,24.2,140.6,240.6,550.0,1981.0,2.0,0,
542300,1864.2,20.7,140.6,240.6,550.0,1981.0,2.0,0,
542400,1861.3,23.3,140.7,240.7,550.0,1981.0,2.0,0,
542600,1858.9,21.6,140.8,240.4,550.0,1981.0,2.0,0,
542700,1868.9,51.5,141.5,240.3,550.0,1981.0,2.0,0,
542800,1855.6,29.3,141.7,204.0,658.0,3528.0,5.0,1,
542900,1867.8,245.4,149.4,99.9,938.0,2953.0,26.0,0,
543000,1849.7,255.6,161.5,100.6,564.0,2469.0,2.0,0,
543100,1865.9,260.1,158.3,152.9,1129.0,2854.0,21.0,1,
543200,1868.7,190.1,158.0,196.1,1549.0,3415.0,27.0,0,
543300,1848.5,167.8,160.2,229.8,348.0,1805.0,2.0,0,
543400,1861.4,28.4,160.3,230.2,348.0,1805.0,2.0,0,
543600,1860.7,24.4,160.4,93.9,348.0,1805.0,2.0,0,
543700,1861.5,25.2,160.5,124.3,348.0,1805.0,2.0,0,
543800,1860.8,22.8,160.6,240.4,348.0,1805.0,2.0,0,
543900,1861.5,22.2,160.6,240.5,348.0,1805.0,2.0,0,
544000,1861.6,19.2,160.6,240.4,348.0,1805.0,2.0,0,
544100,1863.9,24.2,160.5,240.3,348.0,1805.0,2.0,0,
544200,1873.7,21.1,160.2,240.3,348.0,1805.0,2.0,0,
544300,1872.5,23.4,160.0,240.3,348.0,1805.0,2.0,0,
544400,1869.2,41.1,160.6,239.6,587.0,3220.0,6.0,1,
544600,1887.7,201.3,151.4,89.5,1427.0,3569.0,2.0,0,
544700,1848.3,162.3,146.3,115.1,1068.0,3634.0,2.0,0,
544800,1851.8,211.0,141.9,165.4,1144.0,3263.0,2.0,0,
544900,1871.5,264.7,140.5,197.7,1292.0,2992.0,2.0,0,
545000,1861.7,33.2,141.3,201.5,432.0,1784.0,25.0,0,
545100,1862.6,20.2,141.2,158.4,432.0,1784.0,25.0,0,
545200,1865.0,19.8,141.1,94.7,432.0,1784.0,25.0,0,
545300,1863.9,18.6,141.0,91.8,432.0,1784.0,25.0,0,
545400,1863.2,20.2,140.9,240.1,432.0,1784.0,25.0,0,
545600,1861.5,19.4,140.9,240.4,432.0,1784.0,25.0,0,
545700,1862.6,20.0,140.8,240.5,432.0,1784.0,25.0,0,
545800,1858.6,18.4,141.1,240.5,432.0,1784.0,25.0,0,
545900,1863.0,19.5,141.3,240.5,432.0,1784.0,25.0,0,
546000,1845.8,23.1,139.8,240.4,573.0,3005.0,6.0,1,
546100,1888.0,31.1,139.8,240.2,716.0,3510.0,5.0,1,
546200,1847.4,170.8,130.1,209.3,1206.0,3568.0,27.0,0,
546300,1855.2,253.8,135.9,92.9,1016.0,3198.0,2.0,0,
546400,1876.6,260.1,143.3,98.8,933.0,2595.0,17.0,1,
546600,1866.7,51.1,144.8,217.0,265.0,1441.0,24.0,1,
546700,1863.4,21.7,144.7,189.4,265.0,1441.0,24.0,1,
546800,1863.5,21.3,144.8,124.2,265.0,1441.0,24.0,1,
546900,1859.5,21.6,144.9,94.3,265.0,1441.0,24.0,1,
547000,1862.7,20.2,145.0,239.7,265.0,1441.0,24.0,1,
547100,1863.7,18.9,144.9,240.8,265.0,1441.0,24.0,1,
547200,1864.0,17.1,144.8,240.7,265.0,1441.0,24.0,1,
547300,1861.4,17.5,144.9,240.3,265.0,1441.0,24.0,1,
547400,1862.2,19.7,144.8,240.1,265.0,1441.0,24.0,1,
547600,1863.1,23.4,144.6,240.1,535.0,2757.0,5.0,1,
547700,1855.7,18.5,144.5,239.5,625.0,3304.0,5.0,1,
547800,1856.5,41.9,144.8,139.9,743.0,3601.0,5.0,1,
547900,1860.5,22.1,126.1,94.6,762.0,3687.0,5.0,1,
548000,1874.6,137.5,105.2,84.1,762.0,3459.0,5.0,1,
548100,1852.0,231.7,106.7,92.9,1046.0,2966.0,2.0,0,
548200,1857.7,72.2,106.9,124.9,619.0,2014.0,2.0,0,
548300,1860.6,19.6,106.9,100.5,619.0,2014.0,2.0,0,
548400,1861.4,19.0,106.9,93.4,619.0,2014.0,2.0,0,
548600,1861.1,19.9,106.8,194.5,619.0,2014.0,2.0,0,
548700,1859.5,19.1,107.0,240.4,619.0,2014.0,2.0,0,
548800,1860.5,19.3,107.0,240.3,619.0,2014.0,2.0,0,
548900,1860.3,20.5,107.1,240.2,619.0,2014.0,2.0,0,
549000,1859.8,20.3,107.1,240.4,619.0,2014.0,2.0,0,
549100,1860.1,19.4,107.2,240.5,619.0,2014.0,2.0,0,
549200,1866.2,71.9,111.2,240.2,477.0,2463.0,4.0,1,
549300,1850.9,25.3,111.4,74.3,547.0,2938.0,5.0,1,
549400,1871.0,21.3,111.3,36.7,708.0,3767.0,5.0,1,
549600,1849.3,242.7,138.4,50.5,708.0,2753.0,2.0,0,
549700,1868.1,248.1,139.7,99.1,1019.0,2738.0,22.0,1,
549800,1846.8,116.9,136.9,134.0,407.0,1931.0,2.0,0,
549900,1862.7,29.3,136.9,186.7,407.0,1931.0,2.0,0,
550000,1861.3,24.1,137.0,131.1,407.0,1931.0,2.0,0,
550100,1861.2,22.7,137.1,93.3,407.0,1931.0,2.0,0,
550200,1859.6,20.8,137.1,141.2,407.0,1931.0,2.0,0,
550300,1861.8,22.2,137.0,240.5,407.0,1931.0,2.0,0,
550400,1861.3,24.1,137.1,240.3,407.0,1931.0,2.0,0,
550600,1866.3,21.4,137.1,240.4,407.0,1931.0,2.0,0,
550700,1860.0,21.3,137.1,240.6,407.0,1931.0,2.0,0,
550800,1856.6,65.7,137.2,240.4,407.0,1931.0,2.0,0,
550900,1879.0,40.5,135.7,239.4,603.0,3137.0,5.0,1,
551000,1855.2,201.4,145.4,109.1,1238.0,2934.0,2.0,0,
551100,1846.3,241.0,163.3,105.7,643.0,2788.0,2.0,0,
551200,1873.0,276.2,163.6,149.2,1166.0,2984.0,19.0,1,
551300,1854.8,258.7,163.3,188.7,1636.0,3730.0,27.0,0,
551400,1865.1,221.0,164.6,232.4,991.0,2777.0,21.0,1,
551600,1862.2,24.2,164.6,151.3,991.0,2777.0,21.0,1,
551700,1862.8,21.6,164.6,93.0,991.0,2777.0,21.0,1,
551800,1863.1,20.0,164.5,94.1,991.0,2777.0,21.0,1,
551900,1859.9,21.6,164.5,240.1,991.0,2777.0,21.0,1,
552000,1860.3,21.8,164.5,240.2,991.0,2777.0,21.0,1,
552100,1861.3,24.7,164.5,240.2,991.0,2777.0,21.0,1,
552200,1864.1,21.9,164.5,240.4,991.0,2777.0,21.0,1,
552300,1860.1,21.3,164.5,240.4,991.0,2777.0,21.0,1,
552400,1865.6,21.9,164.4,240.5,991.0,2777.0,21.0,1,
552600,1850.1,53.4,161.4,112.9,666.0,3453.0,5.0,1,
552700,1870.0,39.8,143.7,91.5,758.0,3570.0,4.0,1,
552800,1868.3,40.2,124.2,82.9,813.0,3594.0,4.0,1,
552900,1853.0,36.6,98.8,30.1,805.0,3460.0,5.0,1,
553000,1860.8,217.9,91.3,49.6,1615.0,3637.0,2.0,0,
553100,1861.8,37.0,90.8,99.7,812.0,2434.0,2.0,0,
553200,1859.7,23.8,90.9,123.9,812.0,2434.0,2.0,0,
553300,1859.5,24.9,90.9,125.6,812.0,2434.0,2.0,0,
553400,1863.0,23.9,90.9,135.2,812.0,2434.0,2.0,0,
553600,1864.3,23.6,90.9,240.5,812.0,2434.0,2.0,0,
553700,1860.9,23.4,90.9,240.3,812.0,2434.0,2.0,0,
553800,1862.5,22.6,90.9,240.3,812.0,2434.0,2.0,0,
553900,1862.7,22.0,90.9,240.5,812.0,2434.0,2.0,0,
554000,1860.8,24.2,91.1,240.5,812.0,2434.0,2.0,0,
554100,1856.5,26.2,88.8,240.3,498.0,2939.0,5.0,1,
554200,1857.3,22.3,88.8,240.0,607.0,3185.0,5.0,1,
554300,1890.8,188.4,103.4,212.6,1197.0,3462.0,2.0,0,
554400,1835.4,236.7,127.2,168.6,725.0,2662.0,28.0,0,
554600,1868.0,271.8,148.1,183.7,1641.0,3787.0,27.0,0,
554700,1866.0,58.1,150.8,252.5,331.0,1658.0,19.0,1,
554800,1863.0,23.8,150.7,229.8,331.0,1658.0,19.0,1,
554900,1860.9,20.7,150.7,164.0,331.0,1658.0,19.0,1,
555000,1861.3,22.2,150.7,131.9,331.0,1658.0,19.0,1,
555100,1861.0,21.1,150.7,239.5,331.0,1658.0,19.0,1,
555200,1861.7,20.0,150.8,240.4,331.0,1658.0,19.0,1,
555300,1861.7,22.2,150.7,240.4,331.0,1658.0,19.0,1,
555400,1863.8,21.4,150.7,240.5,331.0,1658.0,19.0,1,
555600,1860.0,20.4,150.7,240.5,331.0,1658.0,19.0,1,
555700,1850.3,17.0,150.6,240.3,570.0,3145.0,5.0,1,
555800,1876.5,24.6,150.9,240.3,677.0,3441.0,5.0,1,
555900,1850.0,73.6,145.8,239.3,795.0,3419.0,4.0,1,
556000,1860.8,24.5,127.0,35.9,1013.0,4520.0,5.0,1,
556100,1875.1,43.1,109.7,30.2,1050.0,4394.0,5.0,1,
556200,1860.7,96.8,84.5,38.4,1057.0,4421.0,5.0,1,
556300,1860.8,23.4,49.6,76.9,992.0,3830.0,4.0,1,
556400,1859.0,21.7,49.6,39.8,992.0,3830.0,4.0,1,
556600,1863.0,20.5,49.7,141.3,992.0,3830.0,4.0,1,
556700,1859.3,24.1,49.7,240.3,992.0,3830.0,4.0,1,
556800,1859.1,20.9,49.7,240.1,992.0,3830.0,4.0,1,
556900,1863.2,22.2,49.8,240.3,992.0,3830.0,4.0,1,
557000,1861.0,20.1,49.8,240.5,992.0,3830.0,4.0,1,
557100,1861.9,21.7,49.8,240.5,992.0,3830.0,4.0,1,
557200,1861.9,20.3,49.8,240.4,992.0,3830.0,4.0,1,
557300,1863.9,19.8,50.1,240.3,379.0,2111.0,4.0,1,
557400,1862.6,74.4,53.9,240.1,594.0,3461.0,6.0,1,
557600,1863.3,74.5,64.5,88.4,727.0,3220.0,4.0,1,
557700,1879.2,193.7,77.5,68.8,1442.0,3589.0,27.0,0,
557800,1836.5,218.6,106.9,38.7,812.0,2609.0,2.0,0,
557900,1866.8,165.3,128.4,93.6,281.0,1490.0,27.0,0,
558000,1860.7,25.9,128.5,146.6,281.0,1490.0,27.0,0,
558100,1862.0,23.1,128.5,158.0,281.0,1490.0,27.0,0,
558200,1859.1,23.4,128.5,140.6,281.0,1490.0,27.0,0,
558300,1862.5,26.4,128.6,168.6,281.0,1490.0,27.0,0,
558400,1862.9,21.8,128.6,240.4,281.0,1490.0,27.0,0,
558600,1860.2,21.8,128.6,240.7,281.0,1490.0,27.0,0,
558700,1862.6,24.9,128.6,240.6,281.0,1490.0,27.0,0,
558800,1861.9,22.6,128.7,240.6,281.0,1490.0,27.0,0,
558900,1862.3,22.2,128.7,240.5,281.0,1490.0,27.0,0,
559000,1851.7,67.6,132.4,240.3,639.0,3237.0,5.0,1,
559100,1866.1,24.3,131.5,56.4,627.0,3225.0,4.0,1,
559200,1874.4,174.1,140.5,29.6,757.0,3262.0,28.0,0,
559300,1844.8,230.7,152.8,35.9,1167.0,3024.0,27.0,0,
559400,1866.5,265.6,153.0,133.4,846.0,2883.0,21.0,1,
559600,1868.0,34.3,150.2,226.3,352.0,1727.0,21.0,1,
559700,1863.7,25.1,150.2,157.7,352.0,1727.0,21.0,1,
559800,1859.1,24.4,150.3,156.7,352.0,1727.0,21.0,1,
559900,1861.2,22.7,150.3,236.4,352.0,1727.0,21.0,1,
560000,1864.3,24.6,150.2,240.5,352.0,1727.0,21.0,1,
560100,1863.8,21.5,150.2,240.6,352.0,1727.0,21.0,1,
560200,1862.9,21.1,150.1,240.5,352.0,1727.0,21.0,1,
560300,1864.6,24.5,150.1,240.4,352.0,1727.0,21.0,1,
560400,1862.8,22.9,150.1,240.4,352.0,1727.0,21.0,1,
560600,1863.7,32.2,151.9,239.7,602.0,3115.0,3.0,1,
560700,1858.2,63.3,149.6,36.4,622.0,3259.0,5.0,1,
560800,1851.7,176.5,147.1,34.6,1638.0,3943.0,27.0,0,
560900,1865.2,215.4,144.7,45.5,1247.0,3367.0,2.0,0,
561000,1861.7,250.6,139.8,136.0,1515.0,3902.0,27.0,0,
561100,1870.2,167.1,136.7,157.7,993.0,3145.0,2.0,0,
561200,1858.6,47.9,137.9,199.0,727.0,2565.0,2.0,0,
561300,1860.1,23.0,137.9,201.4,727.0,2565.0,2.0,0,
561400,1862.2,23.9,137.9,195.1,727.0,2565.0,2.0,0,
561600,1858.9,23.2,137.8,240.0,727.0,2565.0,2.0,0,
561700,1863.5,24.6,137.8,240.4,727.0,2565.0,2.0,0,
561800,1865.1,25.4,137.8,240.3,727.0,2565.0,2.0,0,
561900,1858.9,22.7,137.9,240.4,727.0,2565.0,2.0,0,
562000,1861.4,26.9,138.0,240.3,727.0,2565.0,2.0,0,
562100,1863.5,27.1,138.0,240.4,727.0,2565.0,2.0,0,
562200,1869.4,53.4,133.5,240.5,509.0,2570.0,5.0,1,
562300,1853.8,18.2,133.3,239.9,672.0,3315.0,5.0,1,
562400,1870.0,28.9,133.3,88.7,745.0,3572.0,5.0,1,
562600,1853.6,142.9,131.3,115.7,952.0,3182.0,2.0,0,
562700,1857.8,236.6,131.7,165.7,811.0,3058.0,26.0,0,
562800,1863.6,72.9,132.2,220.5,627.0,2260.0,2.0,0,
562900,1860.1,27.6,132.3,217.2,627.0,2260.0,2.0,0,
563000,1862.4,26.5,132.3,94.4,627.0,2260.0,2.0,0,
563100,1861.2,27.0,132.4,65.4,627.0,2260.0,2.0,0,
563200,1863.5,23.2,132.3,239.3,627.0,2260.0,2.0,0,
563300,1863.4,23.2,132.3,240.4,627.0,2260.0,2.0,0,
563400,1861.8,26.4,132.3,240.5,627.0,2260.0,2.0,0,
563600,1863.0,25.7,132.2,240.2,627.0,2260.0,2.0,0,
563700,1862.5,23.7,132.2,240.4,627.0,2260.0,2.0,0,
563800,1866.2,23.0,132.1,240.5,496.0,2554.0,5.0,1,
563900,1860.6,25.2,132.0,240.3,552.0,3143.0,5.0,1,
564000,1886.1,44.6,134.5,239.1,636.0,3087.0,5.0,1,
564100,1842.7,67.2,125.3,43.1,930.0,3952.0,4.0,1,
564200,1862.0,55.0,108.2,38.8,930.0,4080.0,4.0,1,
564300,1870.2,94.5,89.0,45.0,1066.0,4356.0,5.0,1,
564400,1850.8,38.0,57.6,45.3,1012.0,4128.0,5.0,1,
564600,1859.6,23.2,57.7,93.8,1012.0,4128.0,5.0,1,
564700,1860.8,23.9,57.6,238.0,1012.0,4128.0,5.0,1,
564800,1859.3,23.1,57.7,240.4,1012.0,4128.0,5.0,1,
564900,1860.5,24.5,57.7,240.5,1012.0,4128.0,5.0,1,
565000,1862.9,26.2,57.8,240.4,1012.0,4128.0,5.0,1,
565100,1861.9,25.2,57.7,240.3,1012.0,4128.0,5.0,1,
565200,1864.3,26.1,57.7,240.3,1012.0,4128.0,5.0,1,
565300,1860.0,23.2,57.7,240.2,1012.0,4128.0,5.0,1,
565400,1858.6,56.7,59.1,240.2,1012.0,4128.0,5.0,1,
565600,1855.8,60.8,63.0,124.0,676.0,3160.0,5.0,1,
565700,1854.3,130.9,62.9,81.9,820.0,3616.0,5.0,1,
565800,1871.2,271.5,91.0,34.5,1462.0,3449.0,2.0,0,
565900,1862.1,257.4,116.2,41.0,980.0,3023.0,27.0,0,
566000,1854.7,210.8,138.5,137.6,1364.0,3161.0,2.0,0,
566100,1856.3,35.7,140.9,190.1,474.0,2092.0,2.0,0,
566200,1860.5,22.9,140.9,157.5,474.0,2092.0,2.0,0,
566300,1861.6,23.2,140.9,100.7,474.0,2092.0,2.0,0,
566400,1860.8,24.6,140.9,104.1,474.0,2092.0,2.0,0,
566600,1861.4,23.6,140.9,240.4,474.0,2092.0,2.0,0,
566700,1861.7,27.0,140.9,240.4,474.0,2092.0,2.0,0,
566800,1859.7,28.0,141.0,240.4,474.0,2092.0,2.0,0,
566900,1864.4,24.4,141.0,240.4,474.0,2092.0,2.0,0,
567000,1862.0,26.4,141.0,240.4,474.0,2092.0,2.0,0,
567100,1869.9,53.0,141.7,240.2,648.0,2835.0,6.0,1,
567200,1853.0,50.3,136.3,93.8,685.0,3365.0,5.0,1,
567300,1862.0,51.0,136.4,50.9,748.0,3656.0,4.0,1,
567400,1884.0,181.0,127.7,78.7,1284.0,3840.0,28.0,0,
567600,1868.4,224.3,126.8,199.9,949.0,2578.0,22.0,1,
567700,1860.0,39.5,123.4,196.5,750.0,2264.0,2.0,0,
567800,1863.3,24.4,123.3,189.2,750.0,2264.0,2.0,0,
567900,1863.2,24.5,123.3,148.3,750.0,2264.0,2.0,0,
568000,1860.8,26.9,123.3,137.4,750.0,2264.0,2.0,0,
568100,1860.7,27.1,123.3,240.1,750.0,2264.0,2.0,0,
568200,1859.9,25.4,123.4,240.4,750.0,2264.0,2.0,0,
568300,1861.8,23.7,123.4,240.4,750.0,2264.0,2.0,0,
568400,1861.7,23.4,123.4,240.4,750.0,2264.0,2.0,0,
568600,1864.4,26.8,123.5,240.5,750.0,2264.0,2.0,0,
568700,1855.6,97.4,121.6,240.6,606.0,3046.0,6.0,1,
568800,1859.9,26.0,122.7,240.1,612.0,3054.0,5.0,1,
568900,1876.1,17.5,122.5,132.9,850.0,3843.0,5.0,1,
569000,1843.1,21.3,121.7,83.5,890.0,3965.0,5.0,1,
569100,1865.8,23.9,97.0,137.5,935.0,3902.0,4.0,1,
569200,1861.6,27.9,67.6,184.3,1008.0,4335.0,5.0,1,
569300,1864.1,24.8,37.7,106.0,1001.0,4163.0,4.0,1,
569400,1860.0,23.1,37.6,197.1,1001.0,4163.0,4.0,1,
569600,1862.3,23.9,37.6,240.2,1001.0,4163.0,4.0,1,
569700,1863.6,26.6,37.6,240.3,1001.0,4163.0,4.0,1,
569800,1862.8,23.0,37.6,240.4,1001.0,4163.0,4.0,1,
569900,1864.2,24.6,37.7,240.4,1001.0,4163.0,4.0,1,
570000,1862.5,23.3,37.6,240.4,1001.0,4163.0,4.0,1,
570100,1863.6,25.5,37.8,240.3,1001.0,4163.0,4.0,1,
570200,1861.4,22.5,37.4,240.3,1001.0,4163.0,4.0,1,
570300,1866.2,26.4,37.0,240.4,415.0,2159.0,6.0,1,
570400,1862.3,62.7,41.7,239.7,689.0,3468.0,5.0,1,
570600,1860.3,39.3,45.6,90.5,770.0,3492.0,5.0,1,
570700,1863.1,64.4,45.9,82.5,768.0,3434.0,5.0,1,
570800,1867.9,41.7,47.9,36.7,658.0,2913.0,5.0,1,
570900,1862.4,41.1,51.6,37.7,845.0,3090.0,4.0,1,
571000,1862.3,27.5,51.6,39.8,845.0,3090.0,4.0,1,
571100,1861.8,23.8,51.7,40.0,845.0,3090.0,4.0,1,
571200,1862.4,22.6,51.8,89.3,845.0,3090.0,4.0,1,
571300,1858.8,24.6,51.8,239.9,845.0,3090.0,4.0,1,
571400,1862.3,23.3,51.6,240.3,845.0,3090.0,4.0,1,
571600,1863.2,26.5,51.7,240.4,845.0,3090.0,4.0,1,
571700,1862.6,27.5,51.6,240.3,845.0,3090.0,4.0,1,
571800,1864.0,25.4,51.7,240.2,845.0,3090.0,4.0,1,
571900,1861.1,27.6,51.9,240.3,387.0,2373.0,4.0,1,
572000,1854.0,25.0,45.9,240.3,549.0,2864.0,5.0,1,
572100,1856.4,165.7,44.0,239.8,752.0,3727.0,5.0,1,
572200,1871.0,26.3,56.5,47.8,803.0,3974.0,5.0,1,
572300,1865.3,29.6,56.5,34.5,898.0,3906.0,5.0,1,
572400,1851.0,27.1,54.7,30.0,798.0,3501.0,5.0,1,
572600,1863.3,30.0,77.0,41.8,798.0,3501.0,5.0,1,
572700,1860.7,25.1,77.0,40.8,798.0,3501.0,5.0,1,
572800,1862.1,24.1,77.0,71.6,798.0,3501.0,5.0,1,
572900,1861.0,24.2,77.0,230.8,798.0,3501.0,5.0,1,
573000,1862.0,23.3,77.0,240.4,798.0,3501.0,5.0,1,
573100,1860.2,22.1,76.9,240.6,798.0,3501.0,5.0,1,
573200,1862.8,22.9,76.9,240.5,798.0,3501.0,5.0,1,
573300,1860.2,25.2,76.9,240.4,798.0,3501.0,5.0,1,
573400,1863.2,25.6,76.8,240.4,798.0,3501.0,5.0,1,
573600,1851.1,96.6,80.1,239.9,590.0,3180.0,3.0,1,
573700,1876.9,36.0,83.6,37.3,608.0,2996.0,5.0,1,
573800,1856.2,55.1,73.3,29.4,861.0,4119.0,5.0,1,
573900,1850.6,109.1,82.6,28.9,874.0,4155.0,5.0,1,
574000,1872.9,260.3,104.1,39.8,1634.0,3756.0,2.0,0,
574100,1853.8,256.4,118.0,89.9,1318.0,4085.0,28.0,0,
574200,1869.6,35.0,118.7,143.7,766.0,2325.0,2.0,0,
574300,1858.4,25.2,118.7,167.3,766.0,2325.0,2.0,0,
574400,1859.5,23.4,118.7,220.5,766.0,2325.0,2.0,0,
574600,1860.6,23.8,118.7,240.4,766.0,2325.0,2.0,0,
574700,1861.8,24.9,118.7,240.3,766.0,2325.0,2.0,0,
574800,1861.5,22.8,118.8,240.3,766.0,2325.0,2.0,0,
574900,1860.2,25.6,118.8,240.3,766.0,2325.0,2.0,0,
575000,1859.1,21.3,118.8,240.2,766.0,2325.0,2.0,0,
575100,1862.3,25.7,118.8,240.3,766.0,2325.0,2.0,0,
575200,1862.2,19.3,117.0,240.4,518.0,2676.0,4.0,1,
575300,1861.7,228.8,129.3,239.6,1353.0,3092.0,2.0,0,
575400,1847.1,263.5,150.0,146.4,1283.0,3320.0,26.0,0,
575600,1866.4,264.5,169.2,195.5,1421.0,3529.0,27.0,0,
575700,1853.8,201.0,170.0,247.1,531.0,2402.0,2.0,0,
575800,1864.3,44.8,167.7,250.8,563.0,1974.0,2.0,0,
575900,1860.5,26.0,167.7,189.5,563.0,1974.0,2.0,0,
576000,1863.2,26.2,167.6,98.7,563.0,1974.0,2.0,0,
576100,1860.4,25.7,167.7,99.0,563.0,1974.0,2.0,0,
576200,1860.2,22.1,167.7,239.9,563.0,1974.0,2.0,0,
576300,1861.0,24.5,167.7,240.2,563.0,1974.0,2.0,0,
576400,1867.0,29.0,167.6,240.4,563.0,1974.0,2.0,0,
576600,1860.8,22.9,167.6,240.4,563.0,1974.0,2.0,0,
576700,1864.1,25.5,167.5,240.3,563.0,1974.0,2.0,0,
576800,1868.5,40.3,167.3,240.4,500.0,2629.0,4.0,1,
576900,1850.3,27.9,162.4,239.8,575.0,2813.0,2.0,0,
577000,1852.1,19.1,142.9,143.4,770.0,3710.0,5.0,1,
577100,1887.4,39.1,121.6,86.9,802.0,3794.0,5.0,1,
577200,1839.5,57.1,99.7,85.7,881.0,3629.0,4.0,1,
577300,1857.4,39.0,66.4,91.8,828.0,3593.0,5.0,1,
577400,1864.0,39.8,48.5,89.5,585.0,2030.0,2.0,0,
577600,1863.2,24.0,48.6,84.6,585.0,2030.0,2.0,0,
577700,1864.4,24.8,48.6,134.2,585.0,2030.0,2.0,0,
577800,1863.4,23.7,48.7,240.1,585.0,2030.0,2.0,0,
577900,1860.3,22.5,48.7,240.2,585.0,2030.0,2.0,0,
578000,1862.4,24.5,48.7,240.1,585.0,2030.0,2.0,0,
578100,1859.0,23.3,48.6,240.4,585.0,2030.0,2.0,0,
578200,1864.6,26.2,48.8,240.5,585.0,2030.0,2.0,0,
578300,1863.0,24.5,48.8,240.5,585.0,2030.0,2.0,0,
578400,1872.3,111.3,48.7,240.5,525.0,2833.0,4.0,1,
578600,1874.5,61.6,59.4,41.6,684.0,3379.0,4.0,1,
578700,1858.9,206.0,76.4,37.9,1409.0,3766.0,2.0,0,
578800,1848.5,256.3,106.9,68.5,426.0,2688.0,2.0,0,
578900,1872.7,243.4,125.8,157.3,1539.0,3372.0,2.0,0,
579000,1852.7,110.0,141.1,189.8,487.0,1991.0,2.0,0,
579100,1862.4,29.0,141.1,226.5,487.0,1991.0,2.0,0,
579200,1860.1,24.7,141.1,132.2,487.0,1991.0,2.0,0,
579300,1860.7,23.8,141.2,74.2,487.0,1991.0,2.0,0,
579400,1861.0,23.8,141.2,139.4,487.0,1991.0,2.0,0,
579600,1859.9,21.0,141.1,240.4,487.0,1991.0,2.0,0,
579700,1860.5,25.2,141.1,240.4,487.0,1991.0,2.0,0,
579800,1859.5,22.9,141.2,240.4,487.0,1991.0,2.0,0,
579900,1860.7,21.0,141.2,240.4,487.0,1991.0,2.0,0,
580000,1868.2,97.0,142.6,240.4,487.0,1991.0,2.0,0,
580100,1861.2,60.1,147.0,215.3,619.0,3188.0,4.0,1,
580200,1866.2,232.4,156.6,29.0,1418.0,3204.0,2.0,0,
580300,1854.0,258.3,170.0,38.4,568.0,2440.0,2.0,0,
580400,1860.8,278.0,169.3,131.0,1605.0,3399.0,2.0,0,
580600,1847.5,188.0,168.7,231.1,459.0,1745.0,2.0,0,
580700,1863.2,32.9,168.5,199.7,459.0,1745.0,2.0,0,
580800,1862.8,23.5,168.5,131.2,459.0,1745.0,2.0,0,
580900,1856.3,25.2,168.5,92.5,459.0,1745.0,2.0,0,
581000,1855.8,24.7,168.7,114.6,459.0,1745.0,2.0,0,
581100,1862.8,25.5,168.6,240.3,459.0,1745.0,2.0,0,
581200,1862.5,23.8,168.7,240.4,459.0,1745.0,2.0,0,
581300,1863.8,25.8,168.6,240.3,459.0,1745.0,2.0,0,
581400,1863.6,24.7,168.5,240.3,459.0,1745.0,2.0,0,
581600,1865.2,23.3,168.3,240.4,459.0,1745.0,2.0,0,
581700,1869.3,68.7,165.5,240.3,526.0,3112.0,6.0,1,
581800,1850.3,174.7,161.0,69.8,673.0,3411.0,3.0,1,
581900,1878.4,219.4,158.9,30.1,1501.0,3432.0,2.0,0,
582000,1871.9,217.1,158.6,83.7,1607.0,3776.0,27.0,0,
582100,1842.8,229.2,160.4,194.5,559.0,2580.0,2.0,0,
582200,1870.5,244.8,161.1,230.2,1074.0,2913.0,18.0,1,
582300,1857.7,36.5,160.2,229.7,313.0,1581.0,25.0,0,
582400,1862.9,21.4,160.1,168.1,313.0,1581.0,25.0,0,
582600,1861.7,22.0,159.9,101.3,313.0,1581.0,25.0,0,
582700,1865.6,20.7,159.8,239.9,313.0,1581.0,25.0,0,
582800,1860.3,21.6,159.8,240.3,313.0,1581.0,25.0,0,
582900,1863.3,21.3,159.8,240.4,313.0,1581.0,25.0,0,
583000,1861.2,22.3,159.8,240.4,313.0,1581.0,25.0,0,
583100,1858.5,24.2,159.9,240.3,313.0,1581.0,25.0,0,
583200,1863.1,23.6,159.9,240.3,313.0,1581.0,25.0,0,
583300,1854.0,149.6,157.0,240.3,531.0,2728.0,5.0,1,
583400,1870.7,29.4,160.3,189.9,628.0,3322.0,5.0,1,
583600,1848.2,239.2,158.5,41.9,642.0,2565.0,2.0,0,
583700,1874.0,251.1,153.7,131.4,1585.0,3307.0,2.0,0,
583800,1855.8,284.7,153.3,167.0,1556.0,3525.0,27.0,0,
583900,1867.4,57.4,155.1,232.6,311.0,1722.0,2.0,0,
584000,1862.7,24.9,155.1,218.8,311.0,1722.0,2.0,0,
584100,1860.1,24.5,155.2,145.4,311.0,1722.0,2.0,0,
584200,1860.9,24.7,155.2,101.0,311.0,1722.0,2.0,0,
584300,1864.2,22.7,155.2,239.6,311.0,1722.0,2.0,0,
584400,1862.2,21.4,155.2,240.3,311.0,1722.0,2.0,0,
584600,1860.1,20.0,155.3,240.1,311.0,1722.0,2.0,0,
584700,1862.9,24.6,155.3,240.2,311.0,1722.0,2.0,0,
584800,1862.6,22.2,155.2,240.4,311.0,1722.0,2.0,0,
584900,1859.4,22.8,155.4,240.4,515.0,2582.0,4.0,1,
585000,1859.1,27.7,151.5,240.2,721.0,3847.0,6.0,1,
585100,1845.8,130.0,147.4,239.3,809.0,4112.0,5.0,1,
585200,1872.9,249.2,145.0,99.1,1554.0,3640.0,2.0,0,
585300,1867.7,215.1,139.0,141.1,1185.0,3932.0,28.0,0,
585400,1851.5,201.0,143.7,166.9,1235.0,3431.0,2.0,0,
585600,1861.6,24.4,138.8,197.3,1235.0,3431.0,2.0,0,
585700,1861.3,25.6,138.8,165.6,1235.0,3431.0,2.0,0,
585800,1861.6,21.1,138.8,202.6,1235.0,3431.0,2.0,0,
585900,1861.5,20.7,138.8,239.9,1235.0,3431.0,2.0,0,
586000,1860.2,21.5,138.8,240.3,1235.0,3431.0,2.0,0,
586100,1861.1,25.7,138.8,240.2,1235.0,3431.0,2.0,0,
586200,1861.6,19.8,138.8,240.2,1235.0,3431.0,2.0,0,
586300,1858.0,22.5,138.9,240.2,1235.0,3431.0,2.0,0,
586400,1861.1,22.3,138.9,240.3,1235.0,3431.0,2.0,0,
586600,1846.4,118.7,139.0,240.3,546.0,2768.0,6.0,1,
586700,1851.7,25.1,141.1,220.6,731.0,3486.0,5.0,1,
586800,1888.5,31.3,126.0,37.6,800.0,4011.0,5.0,1,
586900,1837.9,30.6,110.2,35.7,753.0,3276.0,5.0,1,
587000,1868.9,21.0,80.8,38.4,756.0,3550.0,4.0,1,
587100,1865.2,23.6,41.4,48.2,752.0,3377.0,5.0,1,
587200,1865.8,24.4,41.4,101.4,752.0,3377.0,5.0,1,
587300,1860.2,22.7,41.5,208.7,752.0,3377.0,5.0,1,
587400,1860.6,21.5,41.5,239.6,752.0,3377.0,5.0,1,
587600,1859.6,25.1,41.5,240.2,752.0,3377.0,5.0,1,
587700,1862.5,22.8,41.6,240.4,752.0,3377.0,5.0,1,
587800,1861.5,22.4,41.5,240.4,752.0,3377.0,5.0,1,
587900,1864.2,23.8,41.6,240.4,752.0,3377.0,5.0,1,
588000,1861.5,20.5,41.6,240.4,752.0,3377.0,5.0,1,
588100,1860.8,31.0,41.5,240.3,752.0,3377.0,5.0,1,
588200,1861.9,38.0,48.3,240.0,576.0,3219.0,3.0,1,
588300,1876.0,184.8,78.1,42.0,1210.0,3399.0,2.0,0,
588400,1839.9,234.6,109.6,93.0,1549.0,3445.0,27.0,0,
588600,1867.5,292.1,146.2,184.5,902.0,2768.0,26.0,0,
588700,1851.7,212.6,160.9,208.3,784.0,2679.0,2.0,0,
588800,1855.6,32.6,163.0,218.3,526.0,2113.0,2.0,0,
588900,1860.7,21.9,163.0,165.2,526.0,2113.0,2.0,0,
589000,1859.6,22.0,163.0,99.4,526.0,2113.0,2.0,0,
589100,1863.2,21.4,163.0,100.0,526.0,2113.0,2.0,0,
589200,1862.0,23.7,162.9,240.4,526.0,2113.0,2.0,0,
589300,1859.7,20.7,163.0,240.5,526.0,2113.0,2.0,0,
589400,1863.7,19.8,162.9,240.3,526.0,2113.0,2.0,0,
589600,1864.7,23.5,162.8,240.4,526.0,2113.0,2.0,0,
589700,1866.1,24.2,162.7,240.3,526.0,2113.0,2.0,0,
589800,1873.5,58.1,164.0,240.0,512.0,2644.0,5.0,1,
589900,1858.7,113.6,154.6,76.7,675.0,3639.0,3.0,1,
590000,1854.5,30.7,142.0,40.7,724.0,3428.0,5.0,1,
590100,1865.8,20.2,125.5,38.2,637.0,3126.0,5.0,1,
590200,1878.7,88.8,104.1,29.0,920.0,4006.0,5.0,1,
590300,1847.0,205.1,98.5,36.3,815.0,2614.0,2.0,0,
590400,1863.8,41.9,100.5,164.8,482.0,1939.0,2.0,0,
590600,1863.6,20.1,100.4,94.0,482.0,1939.0,2.0,0,
590700,1861.0,21.4,100.4,92.6,482.0,1939.0,2.0,0,
590800,1863.4,22.1,100.4,239.8,482.0,1939.0,2.0,0,
590900,1864.2,22.3,100.3,240.3,482.0,1939.0,2.0,0,
591000,1862.1,21.8,100.3,240.3,482.0,1939.0,2.0,0,
591100,1864.0,21.8,100.3,240.2,482.0,1939.0,2.0,0,
591200,1861.0,21.3,100.4,240.2,482.0,1939.0,2.0,0,
591300,1863.8,22.7,100.4,240.2,482.0,1939.0,2.0,0,
591400,1873.3,47.9,97.1,240.1,570.0,2892.0,5.0,1,
591600,1866.5,38.3,91.3,104.5,745.0,3386.0,4.0,1,
591700,1873.5,177.3,105.3,83.6,1503.0,3507.0,27.0,0,
591800,1842.1,237.7,130.9,72.3,504.0,2415.0,2.0,0,
591900,1872.0,242.2,137.3,145.4,1611.0,3535.0,2.0,0,
592000,1853.4,61.0,139.1,168.6,411.0,1906.0,2.0,0,
592100,1862.6,23.5,139.1,186.6,411.0,1906.0,2.0,0,
592200,1863.5,23.1,139.1,134.5,411.0,1906.0,2.0,0,
592300,1862.5,21.7,139.1,98.7,411.0,1906.0,2.0,0,
592400,1863.4,23.0,139.1,238.3,411.0,1906.0,2.0,0,
592600,1860.7,24.0,139.2,240.6,411.0,1906.0,2.0,0,
592700,1860.7,20.2,139.3,240.4,411.0,1906.0,2.0,0,
592800,1859.1,23.6,139.3,240.4,411.0,1906.0,2.0,0,
592900,1861.4,19.0,139.4,240.4,411.0,1906.0,2.0,0,
593000,1858.2,64.8,138.4,240.4,369.0,1951.0,5.0,1,
593100,1874.7,22.0,139.4,239.8,661.0,3187.0,3.0,1,
593200,1855.6,46.5,138.6,152.1,710.0,3533.0,5.0,1,
593300,1844.7,99.3,133.2,133.8,928.0,3852.0,5.0,1,
593400,1873.8,256.9,130.3,130.5,1609.0,3367.0,2.0,0,
593600,1862.9,104.5,131.0,158.2,288.0,1865.0,2.0,0,
593700,1863.0,25.2,131.0,183.1,288.0,1865.0,2.0,0,
593800,1864.1,22.4,131.0,135.2,288.0,1865.0,2.0,0,
593900,1863.8,24.0,131.0,90.0,288.0,1865.0,2.0,0,
594000,1862.5,19.4,131.0,148.3,288.0,1865.0,2.0,0,
594100,1863.6,23.2,131.0,240.3,288.0,1865.0,2.0,0,
594200,1862.7,23.7,130.9,240.2,288.0,1865.0,2.0,0,
594300,1864.3,24.0,130.9,240.2,288.0,1865.0,2.0,0,
594400,1863.4,24.8,130.9,240.2,288.0,1865.0,2.0,0,
594600,1858.3,20.0,130.9,240.4,398.0,2421.0,3.0,1,
594700,1861.1,118.6,134.4,240.1,606.0,2867.0,5.0,1,
594800,1845.3,29.1,134.5,36.3,760.0,3475.0,5.0,1,
594900,1872.0,37.1,134.7,28.8,797.0,3650.0,5.0,1,
595000,1868.1,25.5,120.1,29.3,727.0,3395.0,5.0,1,
595100,1850.5,24.1,96.3,36.3,809.0,3954.0,5.0,1,
595200,1861.1,27.1,54.9,155.0,808.0,3609.0,4.0,1,
595300,1862.3,22.0,52.2,94.4,808.0,3609.0,4.0,1,
595400,1866.3,22.1,52.2,91.4,808.0,3609.0,4.0,1,
595600,1861.5,20.3,52.0,240.2,808.0,3609.0,4.0,1,
595700,1865.1,24.5,52.0,240.3,808.0,3609.0,4.0,1,
595800,1862.3,19.9,52.1,240.4,808.0,3609.0,4.0,1,
595900,1859.4,22.7,52.0,240.5,808.0,3609.0,4.0,1,
596000,1859.6,20.7,51.9,240.4,808.0,3609.0,4.0,1,
596100,1861.2,25.4,51.8,240.3,808.0,3609.0,4.0,1,
596200,1863.8,18.5,51.9,240.3,808.0,3609.0,4.0,1,
596300,1852.0,19.6,51.7,240.4,613.0,3095.0,5.0,1,
596400,1857.7,31.9,42.2,239.6,567.0,2772.0,5.0,1,
596600,1830.3,33.8,55.3,41.6,820.0,3694.0,5.0,1,
596700,1870.5,37.0,56.3,39.2,790.0,3147.0,4.0,1,
596800,1864.0,30.7,54.3,36.1,790.0,3420.0,5.0,1,
596900,1869.3,22.9,54.6,37.1,801.0,3366.0,5.0,1,
597000,1865.2,22.2,54.6,76.1,801.0,3366.0,5.0,1,
597100,1864.3,19.8,54.5,208.3,801.0,3366.0,5.0,1,
597200,1864.6,24.1,54.5,240.1,801.0,3366.0,5.0,1,
597300,1864.0,22.1,54.5,240.3,801.0,3366.0,5.0,1,
597400,1862.0,22.0,54.4,240.2,801.0,3366.0,5.0,1,
597600,1864.5,24.9,54.5,240.3,801.0,3366.0,5.0,1,
597700,1861.0,20.0,54.5,240.4,801.0,3366.0,5.0,1,
597800,1862.0,20.6,54.4,240.3,801.0,3366.0,5.0,1,
597900,1851.5,25.8,54.5,240.0,563.0,2741.0,5.0,1,
598000,1882.9,22.3,48.1,239.1,760.0,3997.0,6.0,1,
598100,1843.1,37.8,48.6,178.5,713.0,3546.0,5.0,1,
598200,1871.3,63.1,48.7,107.3,918.0,4060.0,5.0,1,
598300,1860.0,27.3,48.6,37.3,845.0,4090.0,5.0,1,
598400,1855.2,38.9,48.1,35.2,802.0,3433.0,5.0,1,
598600,1857.5,21.1,47.8,65.8,802.0,3433.0,5.0,1,
598700,1863.6,23.0,47.9,237.7,802.0,3433.0,5.0,1,
598800,1864.2,22.6,48.0,240.0,802.0,3433.0,5.0,1,
598900,1863.7,24.4,48.1,240.5,802.0,3433.0,5.0,1,
599000,1863.1,26.1,48.2,240.4,802.0,3433.0,5.0,1,
599100,1861.3,25.1,48.1,240.4,802.0,3433.0,5.0,1,
599200,1862.3,23.5,48.2,240.3,802.0,3433.0,5.0,1,
599300,1860.5,25.0,48.2,240.3,802.0,3433.0,5.0,1,
599400,1862.2,20.7,48.3,240.2,802.0,3433.0,5.0,1,
599600,1845.8,35.2,59.6,91.4,663.0,3301.0,6.0,1,
599700,1876.3,23.0,59.7,38.6,797.0,3731.0,4.0,1,
599800,1859.9,60.8,57.2,37.0,865.0,3899.0,4.0,1,
599900,1866.1,25.7,56.9,38.3,799.0,3711.0,5.0,1,
600000,1856.1,206.3,87.6,41.0,1676.0,3567.0,2.0,0,
600100,1851.0,74.1,108.6,75.2,440.0,1990.0,2.0,0,
600200,1860.0,25.3,108.7,94.7,440.0,1990.0,2.0,0,
600300,1863.9,21.4,108.6,94.3,440.0,1990.0,2.0,0,
600400,1862.3,21.8,108.6,93.3,440.0,1990.0,2.0,0,
600600,1860.9,21.0,108.6,240.2,440.0,1990.0,2.0,0,
600700,1863.5,23.9,108.6,240.2,440.0,1990.0,2.0,0,
600800,1863.2,21.0,108.5,240.2,440.0,1990.0,2.0,0,
600900,1864.7,23.9,108.5,240.3,440.0,1990.0,2.0,0,
601000,1857.7,22.9,108.6,240.4,440.0,1990.0,2.0,0,
601100,1858.1,82.1,108.6,240.2,457.0,2447.0,3.0,1,
601200,1873.3,39.1,105.4,239.8,662.0,3245.0,5.0,1,
601300,1869.4,54.8,106.8,134.6,781.0,3387.0,4.0,1,
601400,1850.0,34.6,105.1,88.6,746.0,3644.0,5.0,1,
601600,1851.0,234.0,135.7,113.4,1302.0,3438.0,27.0,0,
601700,1872.1,117.2,131.6,158.6,766.0,2519.0,2.0,0,
601800,1863.3,26.5,131.6,166.4,766.0,2519.0,2.0,0,
601900,1863.6,21.9,131.6,153.8,766.0,2519.0,2.0,0,
602000,1862.5,24.3,131.6,131.7,766.0,2519.0,2.0,0,
602100,1863.6,21.8,131.6,167.3,766.0,2519.0,2.0,0,
602200,1862.3,25.3,131.6,240.1,766.0,2519.0,2.0,0,
602300,1863.4,23.6,131.6,240.4,766.0,2519.0,2.0,0,
602400,1861.3,23.8,131.6,240.4,766.0,2519.0,2.0,0,
602600,1862.3,22.8,131.6,240.3,766.0,2519.0,2.0,0,
602700,1852.4,30.7,131.6,240.3,766.0,2519.0,2.0,0,
602800,1880.3,22.1,130.1,240.1,558.0,2937.0,3.0,1,
602900,1840.3,32.9,130.9,239.0,786.0,4036.0,5.0,1,
603000,1872.9,27.7,130.2,40.5,859.0,4112.0,5.0,1,
603100,1850.1,21.1,115.0,35.6,1017.0,4647.0,5.0,1,
603200,1858.4,39.8,87.8,46.8,1072.0,4500.0,4.0,1,
603300,1886.0,22.5,47.7,206.3,909.0,3860.0,5.0,1,
603400,1849.5,24.2,39.4,207.2,1012.0,4055.0,5.0,1,
603600,1862.8,23.3,39.6,239.5,1012.0,4055.0,5.0,1,
603700,1861.0,21.2,39.6,240.4,1012.0,4055.0,5.0,1,
603800,1861.0,25.2,39.7,240.6,1012.0,4055.0,5.0,1,
603900,1863.3,23.6,39.6,240.4,1012.0,4055.0,5.0,1,
604000,1860.7,23.9,39.7,240.2,1012.0,4055.0,5.0,1,
604100,1864.8,23.9,39.7,240.2,1012.0,4055.0,5.0,1,
604200,1860.2,24.4,39.6,240.3,1012.0,4055.0,5.0,1,
604300,1861.0,24.2,39.6,240.3,1012.0,4055.0,5.0,1,
604400,1862.9,27.7,40.6,240.3,605.0,3090.0,4.0,1,
604600,1847.6,105.4,44.7,40.2,837.0,3732.0,5.0,1,
604700,1876.3,198.3,83.9,36.1,1676.0,3392.0,2.0,0,
604800,1861.0,136.0,107.5,130.8,1339.0,3985.0,28.0,0,
604900,1843.8,220.8,127.5,189.5,647.0,2799.0,2.0,0,
605000,1864.1,40.8,132.6,194.6,484.0,1993.0,2.0,0,
605100,1857.9,26.5,132.6,155.1,484.0,1993.0,2.0,0,
605200,1862.5,22.8,132.6,93.1,484.0,1993.0,2.0,0,
605300,1857.8,25.2,132.6,91.1,484.0,1993.0,2.0,0,
605400,1865.1,24.8,132.6,240.0,484.0,1993.0,2.0,0,
605600,1863.8,24.6,132.7,240.4,484.0,1993.0,2.0,0,
605700,1859.7,23.6,132.7,240.3,484.0,1993.0,2.0,0,
605800,1859.9,24.3,132.7,240.2,484.0,1993.0,2.0,0,
605900,1864.2,25.6,132.7,240.3,484.0,1993.0,2.0,0,
606000,1871.2,27.3,132.5,240.4,411.0,2245.0,5.0,1,
606100,1841.4,30.8,128.0,240.2,572.0,3089.0,5.0,1,
606200,1875.7,45.8,131.4,207.6,682.0,3438.0,5.0,1,
606300,1840.8,24.9,118.5,37.4,810.0,3880.0,5.0,1,
606400,1855.0,31.0,96.0,36.6,754.0,3388.0,5.0,1,
606600,1853.7,25.5,53.8,35.5,837.0,3874.0,5.0,1,
606700,1861.0,28.8,53.9,35.5,837.0,3874.0,5.0,1,
606800,1862.1,23.7,54.0,50.5,837.0,3874.0,5.0,1,
606900,1860.5,24.3,54.1,239.6,837.0,3874.0,5.0,1,
607000,1862.6,22.0,54.0,240.2,837.0,3874.0,5.0,1,
607100,1865.3,25.8,53.9,240.3,837.0,3874.0,5.0,1,
607200,1862.6,25.5,53.9,240.2,837.0,3874.0,5.0,1,
607300,1863.4,24.8,54.0,240.3,837.0,3874.0,5.0,1,
607400,1862.1,22.1,53.9,240.3,837.0,3874.0,5.0,1,
607600,1852.6,27.7,54.2,240.3,448.0,2597.0,6.0,1,
607700,1871.6,60.2,59.5,239.6,704.0,3719.0,5.0,1,
607800,1842.2,20.2,51.3,110.6,827.0,4008.0,5.0,1,
607900,1863.1,46.4,61.5,99.1,846.0,3816.0,4.0,1,
608000,1867.1,109.2,74.6,79.8,1088.0,3986.0,2.0,0,
608100,1862.0,218.3,94.9,79.0,982.0,3216.0,2.0,0,
608200,1859.4,89.9,111.8,163.2,807.0,2467.0,2.0,0,
608300,1863.0,30.6,111.8,158.7,807.0,2467.0,2.0,0,
608400,1861.8,25.1,111.8,155.3,807.0,2467.0,2.0,0,
608600,1863.9,25.9,111.9,239.7,807.0,2467.0,2.0,0,
608700,1861.9,24.2,111.9,240.4,807.0,2467.0,2.0,0,
608800,1860.7,27.2,111.9,240.4,807.0,2467.0,2.0,0,
608900,1863.7,27.1,112.0,240.3,807.0,2467.0,2.0,0,
609000,1864.3,24.5,112.0,240.3,807.0,2467.0,2.0,0,
609100,1864.0,22.9,112.0,240.4,807.0,2467.0,2.0,0,
609200,1868.5,25.4,111.8,240.5,474.0,2577.0,5.0,1,
609300,1848.5,15.0,109.7,240.4,585.0,2990.0,6.0,1,
609400,1874.8,36.8,109.6,239.9,805.0,3609.0,4.0,1,
609600,1867.0,55.7,101.3,34.7,937.0,4046.0,5.0,1,
609700,1860.4,45.8,82.5,34.4,1048.0,4297.0,4.0,1,
609800,1852.9,36.8,51.3,35.9,889.0,3560.0,4.0,1,
609900,1863.6,27.8,51.3,41.4,889.0,3560.0,4.0,1,
610000,1866.6,26.1,51.3,80.1,889.0,3560.0,4.0,1,
610100,1862.4,28.0,51.2,239.5,889.0,3560.0,4.0,1,
610200,1866.3,25.1,51.2,240.3,889.0,3560.0,4.0,1,
610300,1865.6,25.5,51.1,240.4,889.0,3560.0,4.0,1,
610400,1862.9,23.8,51.1,240.4,889.0,3560.0,4.0,1,
610600,1864.4,28.6,50.9,240.3,889.0,3560.0,4.0,1,
610700,1867.1,26.1,51.0,240.4,889.0,3560.0,4.0,1,
610800,1862.2,65.7,51.1,240.4,889.0,3560.0,4.0,1,
610900,1874.3,62.8,62.5,240.1,653.0,3167.0,3.0,1,
611000,1871.5,40.0,63.6,114.5,699.0,3210.0,4.0,1,
611100,1847.3,39.1,62.2,50.1,771.0,3534.0,5.0,1,
611200,1869.7,238.0,94.9,36.1,1603.0,3561.0,2.0,0,
611300,1849.2,253.7,117.6,42.5,853.0,2915.0,27.0,0,
611400,1867.1,230.7,134.4,148.7,1472.0,3158.0,2.0,0,
611600,1864.0,24.6,139.1,166.2,1472.0,3158.0,2.0,0,
611700,1863.8,22.9,139.1,137.3,1472.0,3158.0,2.0,0,
611800,1863.4,27.3,139.1,158.0,1472.0,3158.0,2.0,0,
611900,1866.6,25.9,139.1,240.3,1472.0,3158.0,2.0,0,
612000,1862.8,24.1,139.2,240.4,1472.0,3158.0,2.0,0,
612100,1866.5,22.7,139.2,240.4,1472.0,3158.0,2.0,0,
612200,1864.3,24.9,139.2,240.5,1472.0,3158.0,2.0,0,
612300,1865.7,26.2,139.1,240.4,1472.0,3158.0,2.0,0,
612400,1862.4,24.8,139.2,240.3,1472.0,3158.0,2.0,0,
612600,1853.5,26.2,135.9,237.6,736.0,3547.0,5.0,1,
612700,1871.6,32.1,134.5,35.5,737.0,3420.0,5.0,1,
612800,1847.8,162.0,120.7,35.1,719.0,3530.0,5.0,1,
612900,1866.5,216.7,121.2,81.2,1136.0,2841.0,19.0,1,
613000,1881.6,214.0,119.9,146.8,1567.0,3357.0,26.0,0,
613100,1857.0,45.4,119.5,164.5,711.0,2067.0,2.0,0,
613200,1860.6,25.0,119.6,174.4,711.0,2067.0,2.0,0,
613300,1866.9,26.0,119.6,171.1,711.0,2067.0,2.0,0,
613400,1863.7,23.7,119.6,170.5,711.0,2067.0,2.0,0,
613600,1864.3,26.6,119.5,240.4,711.0,2067.0,2.0,0,
613700,1865.6,24.3,119.5,240.4,711.0,2067.0,2.0,0,
613800,1866.9,24.1,119.5,240.3,711.0,2067.0,2.0,0,
613900,1860.6,22.4,119.5,240.3,711.0,2067.0,2.0,0,
614000,1864.8,23.5,119.4,240.2,711.0,2067.0,2.0,0,
614100,1858.2,39.4,120.6,240.2,534.0,2937.0,6.0,1,
614200,1866.8,58.2,120.7,196.4,661.0,3222.0,5.0,1,
614300,1853.6,33.7,120.8,88.0,899.0,4188.0,5.0,1,
614400,1882.2,67.6,124.8,93.6,850.0,3998.0,4.0,1,
614600,1855.2,26.0,81.3,45.0,748.0,3692.0,5.0,1,
614700,1871.1,25.3,57.8,45.9,787.0,3540.0,5.0,1,
614800,1861.2,21.0,57.8,125.4,787.0,3540.0,5.0,1,
614900,1862.6,24.5,57.6,237.3,787.0,3540.0,5.0,1,
615000,1864.5,25.5,57.6,239.9,787.0,3540.0,5.0,1,
615100,1866.5,21.1,57.7,240.5,787.0,3540.0,5.0,1,
615200,1862.6,25.8,57.8,240.5,787.0,3540.0,5.0,1,
615300,1861.2,22.3,57.7,240.3,787.0,3540.0,5.0,1,
615400,1865.0,24.5,57.7,240.3,787.0,3540.0,5.0,1,
615600,1863.2,23.3,57.6,240.3,787.0,3540.0,5.0,1,
615700,1868.8,46.5,57.3,240.2,787.0,3540.0,5.0,1,
615800,1851.2,29.2,52.2,238.4,740.0,3823.0,4.0,1,
615900,1888.3,169.5,71.6,107.4,901.0,3428.0,2.0,0,
616000,1843.6,198.0,95.0,155.4,1404.0,4210.0,28.0,0,
616100,1867.6,206.8,116.4,163.3,1680.0,3971.0,2.0,0,
616200,1862.3,278.1,132.4,167.0,1163.0,3627.0,2.0,0,
616300,1852.0,93.6,148.3,230.3,1114.0,3051.0,2.0,0,
616400,1862.5,27.1,148.2,208.4,1114.0,3051.0,2.0,0,
616600,1861.9,21.7,148.2,110.4,1114.0,3051.0,2.0,0,
616700,1861.8,24.6,148.3,229.7,1114.0,3051.0,2.0,0,
616800,1861.7,23.6,148.3,240.3,1114.0,3051.0,2.0,0,
616900,1863.0,20.7,148.2,240.3,1114.0,3051.0,2.0,0,
617000,1864.3,23.7,148.1,240.3,1114.0,3051.0,2.0,0,
617100,1864.3,23.6,148.1,240.4,1114.0,3051.0,2.0,0,
617200,1862.0,21.2,148.2,240.4,1114.0,3051.0,2.0,0,
617300,1861.3,23.2,147.5,240.4,1114.0,3051.0,2.0,0,
617400,1869.8,107.5,151.0,240.1,605.0,3093.0,3.0,1,
617600,1867.1,46.2,133.4,79.3,968.0,4428.0,4.0,1,
617700,1876.1,45.2,121.4,45.6,1088.0,4495.0,5.0,1,
617800,1863.8,29.6,99.4,37.9,887.0,4221.0,5.0,1,
617900,1861.9,40.2,65.0,38.7,843.0,3531.0,4.0,1,
618000,1866.8,25.6,62.9,143.9,843.0,3531.0,4.0,1,
618100,1870.0,21.8,62.9,216.5,843.0,3531.0,4.0,1,
618200,1867.4,20.6,62.8,239.7,843.0,3531.0,4.0,1,
618300,1869.9,20.4,62.6,240.2,843.0,3531.0,4.0,1,
618400,1871.3,21.8,62.4,240.3,843.0,3531.0,4.0,1,
618600,1865.6,22.7,62.3,240.2,843.0,3531.0,4.0,1,
618700,1866.2,20.6,62.2,240.2,843.0,3531.0,4.0,1,
618800,1866.4,18.2,62.1,240.2,843.0,3531.0,4.0,1,
618900,1862.5,19.3,61.9,240.3,843.0,3531.0,4.0,1,
619000,1846.6,16.0,58.1,240.3,621.0,3316.0,4.0,1,
619100,1871.5,21.4,46.6,240.2,765.0,3884.0,5.0,1,
619200,1865.1,29.1,30.4,239.7,852.0,4087.0,5.0,1,
619300,1858.7,38.4,29.5,237.9,847.0,3823.0,5.0,1,
619400,1867.6,26.5,28.7,209.9,1042.0,4283.0,4.0,1,
619600,1874.7,30.6,46.6,48.8,1039.0,4454.0,5.0,1,
619700,1867.5,26.6,46.7,37.2,1039.0,4454.0,5.0,1,
619800,1866.2,25.1,46.9,39.5,1039.0,4454.0,5.0,1,
619900,1864.9,23.1,47.1,237.8,1039.0,4454.0,5.0,1,
620000,1863.9,22.9,47.3,240.4,1039.0,4454.0,5.0,1,
620100,1860.2,23.5,47.5,240.3,1039.0,4454.0,5.0,1,
620200,1864.8,22.9,47.7,240.3,1039.0,4454.0,5.0,1,
620300,1862.3,25.2,47.8,240.3,1039.0,4454.0,5.0,1,
620400,1861.6,20.8,47.9,240.4,1039.0,4454.0,5.0,1,
620600,1869.3,21.4,48.2,240.2,601.0,2937.0,3.0,1,
620700,1878.2,27.9,48.2,239.9,1017.0,5080.0,5.0,1,
620800,1834.1,47.0,48.6,237.4,986.0,4264.0,5.0,1,
620900,1865.5,32.4,60.6,37.7,1081.0,4337.0,4.0,1,
621000,1856.5,200.0,64.4,29.7,1489.0,4043.0,28.0,0,
621100,1856.1,242.7,106.1,37.3,1151.0,2793.0,25.0,0,
621200,1871.3,45.0,106.4,163.3,984.0,2855.0,2.0,0,
621300,1863.5,23.8,106.4,134.0,984.0,2855.0,2.0,0,
621400,1865.8,23.3,106.4,104.1,984.0,2855.0,2.0,0,
621600,1860.8,22.5,106.5,239.9,984.0,2855.0,2.0,0,
621700,1861.9,22.9,106.5,240.3,984.0,2855.0,2.0,0,
621800,1864.0,24.5,106.6,240.3,984.0,2855.0,2.0,0,
621900,1862.3,22.4,106.6,240.3,984.0,2855.0,2.0,0,
622000,1865.8,24.5,106.6,240.3,984.0,2855.0,2.0,0,
622100,1862.8,23.1,106.6,240.4,984.0,2855.0,2.0,0,
622200,1888.0,58.2,112.8,240.2,519.0,2783.0,6.0,1,
622300,1839.2,63.1,112.8,45.1,660.0,3450.0,5.0,1,
622400,1876.1,264.6,131.3,38.3,1373.0,3102.0,2.0,0,
622600,1858.9,204.5,163.0,158.2,1723.0,3896.0,2.0,0,
622700,1879.1,193.2,160.4,198.8,1240.0,3055.0,2.0,0,
622800,1850.7,74.0,164.2,254.4,824.0,2094.0,2.0,0,
622900,1862.7,23.0,164.2,227.1,824.0,2094.0,2.0,0,
623000,1862.4,23.9,164.2,158.1,824.0,2094.0,2.0,0,
623100,1868.6,23.0,164.1,124.8,824.0,2094.0,2.0,0,
623200,1863.6,23.5,164.0,235.4,824.0,2094.0,2.0,0,
623300,1865.6,26.0,163.9,240.3,824.0,2094.0,2.0,0,
623400,1862.8,21.5,164.0,240.2,824.0,2094.0,2.0,0,
623600,1863.5,24.3,164.0,240.1,824.0,2094.0,2.0,0,
623700,1865.3,22.1,164.0,240.4,824.0,2094.0,2.0,0,
623800,1858.5,26.8,160.4,240.5,583.0,2910.0,6.0,1,
623900,1874.2,48.0,160.8,240.2,626.0,3433.0,3.0,1,
624000,1863.0,40.0,154.9,213.3,610.0,3089.0,5.0,1,
624100,1854.3,30.0,134.2,86.7,722.0,3663.0,5.0,1,
624200,1861.6,226.6,131.7,83.8,1275.0,3032.0,2.0,0,
624300,1848.9,203.4,133.1,87.3,1243.0,3179.0,28.0,0,
624400,1874.1,136.7,132.0,131.5,373.0,1390.0,26.0,0,
624600,1865.7,19.7,131.9,146.4,373.0,1390.0,26.0,0,
624700,1863.2,19.5,131.9,93.7,373.0,1390.0,26.0,0,
624800,1863.8,22.3,131.8,99.7,373.0,1390.0,26.0,0,
624900,1867.8,25.1,131.9,239.9,373.0,1390.0,26.0,0,
625000,1864.1,21.1,131.8,240.3,373.0,1390.0,26.0,0,
625100,1865.2,23.1,131.7,240.3,373.0,1390.0,26.0,0,
625200,1862.2,23.2,131.8,240.2,373.0,1390.0,26.0,0,
625300,1867.4,23.1,131.7,240.3,373.0,1390.0,26.0,0,
625400,1863.8,26.1,131.7,240.3,373.0,1390.0,26.0,0,
625600,1865.2,38.5,131.9,239.5,710.0,3760.0,5.0,1,
625700,1861.5,27.4,130.9,36.8,813.0,3831.0,5.0,1,
625800,1843.0,23.3,117.3,29.2,1049.0,4492.0,5.0,1,
625900,1872.2,33.4,86.3,28.3,932.0,3586.0,4.0,1,
626000,1868.0,20.6,56.0,80.6,911.0,3726.0,5.0,1,
626100,1862.0,23.6,41.1,92.6,903.0,3524.0,5.0,1,
626200,1864.3,23.7,41.2,206.3,903.0,3524.0,5.0,1,
626300,1867.5,24.5,41.3,239.5,903.0,3524.0,5.0,1,
626400,1863.5,20.4,41.4,240.1,903.0,3524.0,5.0,1,
626600,1863.8,24.1,41.5,240.0,903.0,3524.0,5.0,1,
626700,1866.8,29.6,42.2,240.1,903.0,3524.0,5.0,1,
626800,1859.4,57.2,43.7,239.8,903.0,3524.0,5.0,1,
626900,1864.0,33.2,45.1,146.1,903.0,3524.0,5.0,1,
627000,1860.7,26.6,45.5,114.6,903.0,3524.0,5.0,1,
627100,1851.0,39.8,60.2,113.2,1169.0,4435.0,4.0,1,
627200,1870.7,30.2,53.9,67.2,1269.0,4702.0,5.0,1,
627300,1846.8,14.6,53.7,36.9,1132.0,4139.0,4.0,1,
627400,1864.7,22.2,53.5,37.4,1086.0,3776.0,4.0,1,
627600,1837.6,174.0,97.9,209.1,1057.0,2515.0,2.0,0,
627700,1869.6,35.7,101.3,165.0,1071.0,2539.0,2.0,0,
627800,1866.1,20.3,101.2,135.1,1071.0,2539.0,2.0,0,
627900,1864.4,20.3,101.2,129.9,1071.0,2539.0,2.0,0,
628000,1862.2,20.9,101.2,139.7,1071.0,2539.0,2.0,0,
628100,1860.6,19.4,101.2,240.2,1071.0,2539.0,2.0,0,
628200,1862.7,25.8,101.1,240.2,1071.0,2539.0,2.0,0,
628300,1863.9,24.1,101.0,240.1,1071.0,2539.0,2.0,0,
628400,1861.6,23.3,100.8,240.2,1071.0,2539.0,2.0,0,
628600,1862.8,24.0,99.4,240.3,1071.0,2539.0,2.0,0,
628700,1872.8,121.4,103.8,240.2,1542.0,3424.0,25.0,0,
628800,1848.0,125.7,104.5,190.3,670.0,3396.0,3.0,1,
628900,1869.9,57.4,110.1,154.7,907.0,3748.0,4.0,1,
629000,1868.5,119.1,117.7,88.1,1408.0,4120.0,28.0,0,
629100,1847.5,201.5,136.1,42.6,1083.0,2833.0,2.0,0,
629200,1872.2,111.5,128.4,164.1,1007.0,3014.0,2.0,0,
629300,1851.8,48.5,133.9,167.9,1055.0,2777.0,2.0,0,
629400,1863.6,23.2,133.9,197.7,1055.0,2777.0,2.0,0,
629600,1864.4,20.6,133.9,168.4,1055.0,2777.0,2.0,0,
629700,1863.7,23.9,133.8,239.7,1055.0,2777.0,2.0,0,
629800,1866.8,18.9,133.8,240.4,1055.0,2777.0,2.0,0,
629900,1860.4,15.8,133.8,240.2,1055.0,2777.0,2.0,0,
630000,1863.3,22.0,133.7,240.2,1055.0,2777.0,2.0,0,
630100,1865.3,23.6,133.8,240.2,1055.0,2777.0,2.0,0,
630200,1866.4,21.8,133.7,240.2,1055.0,2777.0,2.0,0,
630300,1849.9,37.5,127.5,240.5,585.0,2994.0,6.0,1,
630400,1881.7,50.5,126.3,240.3,760.0,3642.0,3.0,1,
630600,1851.7,60.7,123.3,42.2,997.0,3982.0,5.0,1,
630700,1868.2,49.5,107.0,28.2,917.0,3896.0,5.0,1,
630800,1851.1,33.1,85.3,26.8,989.0,3764.0,5.0,1,
630900,1872.3,26.9,63.8,26.1,1086.0,4131.0,4.0,1,
631000,1863.8,20.9,63.7,27.2,1086.0,4131.0,4.0,1,
631100,1865.8,21.0,63.7,88.4,1086.0,4131.0,4.0,1,
631200,1863.6,22.0,63.8,240.0,1086.0,4131.0,4.0,1,
631300,1864.1,20.5,63.8,240.3,1086.0,4131.0,4.0,1,
631400,1862.5,19.2,63.8,240.2,1086.0,4131.0,4.0,1,
631600,1864.6,20.7,63.9,240.5,1086.0,4131.0,4.0,1,
631700,1861.7,22.7,63.9,240.5,1086.0,4131.0,4.0,1,
631800,1862.1,24.4,63.9,240.5,1086.0,4131.0,4.0,1,
631900,1867.7,20.5,64.0,240.3,566.0,3147.0,5.0,1,
632000,1849.6,22.9,59.3,240.2,810.0,3840.0,5.0,1,
632100,1856.9,18.0,58.9,239.7,873.0,4187.0,4.0,1,
632200,1873.1,44.3,53.1,206.3,1059.0,4427.0,5.0,1,
632300,1859.3,133.7,42.7,68.6,1273.0,4811.0,4.0,1,
632400,1856.5,160.4,75.6,77.4,1114.0,3388.0,2.0,0,
632600,1862.3,21.8,98.6,184.2,1114.0,3388.0,2.0,0,
632700,1866.3,21.5,98.6,168.0,1114.0,3388.0,2.0,0,
632800,1861.8,24.9,98.6,218.7,1114.0,3388.0,2.0,0,
632900,1866.0,25.3,98.8,242.2,1114.0,3388.0,2.0,0,
633000,1863.6,22.6,98.9,240.5,1114.0,3388.0,2.0,0,
633100,1861.7,22.6,98.9,240.3,1114.0,3388.0,2.0,0,
633200,1861.2,20.2,98.9,240.2,1114.0,3388.0,2.0,0,
633300,1861.9,22.7,98.9,240.1,1114.0,3388.0,2.0,0,
633400,1866.9,25.4,98.9,240.2,1114.0,3388.0,2.0,0,
633600,1865.6,35.4,98.7,240.1,615.0,3420.0,3.0,1,
633700,1865.6,149.3,115.3,239.4,1286.0,3225.0,2.0,0,
633800,1875.1,190.0,132.0,214.3,904.0,3008.0,2.0,0,
633900,1852.7,113.2,142.9,198.5,1221.0,3695.0,2.0,0,
634000,1866.1,166.6,146.5,184.4,1306.0,3740.0,2.0,0,
634100,1856.6,215.0,143.4,197.3,1282.0,3753.0,2.0,0,
634200,1862.7,34.4,143.5,188.4,1164.0,3223.0,2.0,0,
634300,1865.1,22.7,143.5,136.7,1164.0,3223.0,2.0,0,
634400,1862.8,22.1,143.5,100.2,1164.0,3223.0,2.0,0,
634600,1865.1,23.4,143.4,240.1,1164.0,3223.0,2.0,0,
634700,1865.4,21.4,143.4,240.3,1164.0,3223.0,2.0,0,
634800,1865.0,25.9,143.3,240.3,1164.0,3223.0,2.0,0,
634900,1864.4,27.1,143.3,240.3,1164.0,3223.0,2.0,0,
635000,1866.3,24.2,143.4,240.3,1164.0,3223.0,2.0,0,
635100,1866.5,27.6,143.4,240.3,1164.0,3223.0,2.0,0,
635200,1877.0,17.8,143.4,240.4,540.0,2652.0,4.0,1,
635300,1852.8,33.1,135.5,240.3,645.0,3459.0,3.0,1,
635400,1862.7,40.3,117.2,238.2,781.0,3676.0,5.0,1,
635600,1859.8,216.1,111.3,75.7,1516.0,3575.0,2.0,0,
635700,1874.4,243.5,121.5,158.6,1243.0,3259.0,2.0,0,
635800,1853.3,47.6,123.9,166.1,778.0,2223.0,2.0,0,
635900,1865.2,23.9,123.9,168.8,778.0,2223.0,2.0,0,
636000,1866.5,22.8,123.9,150.3,778.0,2223.0,2.0,0,
636100,1869.9,24.9,123.8,107.7,778.0,2223.0,2.0,0,
636200,1866.6,24.6,123.8,239.8,778.0,2223.0,2.0,0,
636300,1866.9,25.4,123.8,240.3,778.0,2223.0,2.0,0,
636400,1863.7,25.3,123.8,240.3,778.0,2223.0,2.0,0,
636600,1864.4,25.1,123.8,240.3,778.0,2223.0,2.0,0,
636700,1864.7,25.1,123.8,240.4,778.0,2223.0,2.0,0,
636800,1850.8,49.0,124.1,240.4,514.0,2605.0,4.0,1,
636900,1874.4,53.9,126.9,239.7,632.0,3038.0,3.0,1,
637000,1857.0,23.7,124.4,103.9,636.0,3477.0,5.0,1,
637100,1858.7,40.2,125.3,84.8,657.0,3241.0,5.0,1,
637200,1886.2,118.0,109.1,74.4,781.0,3661.0,5.0,1,
637300,1842.5,180.3,92.1,50.5,1505.0,3608.0,27.0,0,
637400,1877.4,76.0,91.3,50.8,364.0,1508.0,23.0,1,
637600,1864.2,24.2,91.4,117.9,364.0,1508.0,23.0,1,
637700,1865.6,25.2,91.4,125.4,364.0,1508.0,23.0,1,
637800,1864.5,22.1,91.5,239.6,364.0,1508.0,23.0,1,
637900,1863.7,24.9,91.5,240.2,364.0,1508.0,23.0,1,
638000,1862.3,24.9,91.5,240.2,364.0,1508.0,23.0,1,
638100,1865.7,27.8,91.5,240.3,364.0,1508.0,23.0,1,
638200,1863.5,26.4,91.6,240.4,364.0,1508.0,23.0,1,
638300,1863.2,24.3,91.5,240.4,364.0,1508.0,23.0,1,
638400,1865.6,66.7,93.9,240.4,531.0,2642.0,3.0,1,
638600,1877.2,24.1,89.9,36.8,715.0,3495.0,3.0,1,
638700,1870.4,32.7,87.9,34.8,876.0,4402.0,5.0,1,
638800,1845.3,26.3,88.1,79.2,949.0,3783.0,5.0,1,
638900,1877.1,22.7,81.3,208.0,917.0,3778.0,4.0,1,
639000,1860.6,66.1,47.5,196.8,1075.0,4041.0,4.0,1,
639100,1863.5,26.4,47.4,78.5,1075.0,4041.0,4.0,1,
639200,1864.4,30.4,47.9,36.6,1075.0,4041.0,4.0,1,
639300,1865.5,26.3,47.9,43.1,1075.0,4041.0,4.0,1,
639400,1866.0,26.7,48.0,221.7,1075.0,4041.0,4.0,1,
639600,1862.4,25.7,48.0,240.2,1075.0,4041.0,4.0,1,
639700,1865.3,24.7,48.0,240.2,1075.0,4041.0,4.0,1,
639800,1863.3,20.6,47.8,240.2,1075.0,4041.0,4.0,1,
639900,1862.1,23.7,47.8,240.2,1075.0,4041.0,4.0,1,
640000,1862.0,21.9,47.1,240.2,1075.0,4041.0,4.0,1,
640100,1884.0,32.1,42.7,240.2,546.0,2932.0,3.0,1,
640200,1853.8,188.5,63.9,239.8,1349.0,3258.0,2.0,0,
640300,1849.1,212.9,97.0,176.7,995.0,3456.0,2.0,0,
640400,1874.6,205.1,109.9,163.3,1044.0,3550.0,2.0,0,
640600,1858.2,184.1,146.3,205.4,1702.0,3616.0,2.0,0,
640700,1853.9,32.2,146.6,201.5,880.0,2506.0,2.0,0,
640800,1867.4,26.0,146.6,165.4,880.0,2506.0,2.0,0,
640900,1867.2,26.8,146.3,125.9,880.0,2506.0,2.0,0,
641000,1864.5,23.3,146.3,151.8,880.0,2506.0,2.0,0,
641100,1863.8,23.2,146.3,240.1,880.0,2506.0,2.0,0,
641200,1863.4,25.5,146.3,240.1,880.0,2506.0,2.0,0,
641300,1863.7,24.6,146.3,240.3,880.0,2506.0,2.0,0,
641400,1861.8,24.1,146.3,240.3,880.0,2506.0,2.0,0,
641600,1861.0,22.3,146.4,240.3,880.0,2506.0,2.0,0,
641700,1865.7,35.0,146.5,240.1,580.0,2974.0,4.0,1,
641800,1850.5,18.1,144.6,239.8,752.0,3822.0,5.0,1,
641900,1872.3,39.5,126.1,168.3,731.0,3767.0,4.0,1,
642000,1869.6,215.9,119.7,91.0,1598.0,3539.0,26.0,0,
642100,1848.2,206.5,124.1,92.3,1685.0,3648.0,2.0,0,
642200,1869.3,245.8,124.2,155.0,1096.0,2674.0,21.0,1,
642300,1861.1,45.8,125.9,185.2,376.0,1757.0,27.0,0,
642400,1862.3,23.1,125.9,165.3,376.0,1757.0,27.0,0,
642600,1862.3,24.2,126.0,101.4,376.0,1757.0,27.0,0,
642700,1864.7,26.6,126.0,239.8,376.0,1757.0,27.0,0,
642800,1866.1,25.3,126.0,240.2,376.0,1757.0,27.0,0,
642900,1864.4,23.9,126.0,240.2,376.0,1757.0,27.0,0,
643000,1861.4,25.6,126.0,240.3,376.0,1757.0,27.0,0,
643100,1863.7,21.9,126.0,240.3,376.0,1757.0,27.0,0,
643200,1860.7,23.6,126.0,240.3,376.0,1757.0,27.0,0,
643300,1850.6,99.4,125.9,240.3,594.0,2999.0,5.0,1,
643400,1861.7,49.9,128.7,237.8,620.0,3468.0,3.0,1,
643600,1826.5,140.0,140.7,99.1,983.0,3165.0,2.0,0,
643700,1871.0,181.2,136.8,207.5,885.0,2986.0,2.0,0,
643800,1856.9,260.8,133.6,228.8,1370.0,3516.0,27.0,0,
643900,1872.5,50.4,131.5,247.4,756.0,2011.0,2.0,0,
644000,1862.5,25.0,131.5,211.1,756.0,2011.0,2.0,0,
644100,1867.4,23.3,131.5,167.4,756.0,2011.0,2.0,0,
644200,1863.1,24.2,131.6,157.8,756.0,2011.0,2.0,0,
644300,1865.1,23.0,131.6,240.0,756.0,2011.0,2.0,0,
644400,1864.1,24.1,131.5,240.3,756.0,2011.0,2.0,0,
644600,1866.3,23.8,131.5,240.3,756.0,2011.0,2.0,0,
644700,1863.0,27.9,131.5,240.3,756.0,2011.0,2.0,0,
644800,1864.0,25.0,131.5,240.4,756.0,2011.0,2.0,0,
644900,1862.5,48.3,131.5,240.4,565.0,2700.0,5.0,1,
645000,1869.2,169.9,136.0,240.1,1215.0,3410.0,28.0,0,
645100,1842.5,244.0,155.5,214.1,683.0,2603.0,27.0,0,
645200,1874.1,202.2,157.2,159.0,919.0,3119.0,2.0,0,
645300,1852.9,261.2,155.9,157.4,1249.0,4081.0,28.0,0,
645400,1866.6,195.1,161.7,199.8,1597.0,3530.0,2.0,0,
645600,1863.1,27.1,159.3,226.4,1597.0,3530.0,2.0,0,
645700,1863.4,23.0,159.4,198.2,1597.0,3530.0,2.0,0,
645800,1864.1,21.6,159.3,209.8,1597.0,3530.0,2.0,0,
645900,1864.9,20.6,159.3,239.7,1597.0,3530.0,2.0,0,
646000,1864.0,22.9,159.3,240.4,1597.0,3530.0,2.0,0,
646100,1862.3,25.3,159.3,240.6,1597.0,3530.0,2.0,0,
646200,1862.0,23.0,159.4,240.5,1597.0,3530.0,2.0,0,
646300,1861.3,24.4,159.4,240.3,1597.0,3530.0,2.0,0,
646400,1862.0,24.9,159.5,240.3,1597.0,3530.0,2.0,0,
646600,1843.1,77.2,159.1,240.3,668.0,3369.0,5.0,1,
646700,1869.1,246.1,150.6,237.7,1549.0,3425.0,2.0,0,
646800,1864.2,167.6,148.8,135.7,1424.0,4311.0,28.0,0,
646900,1853.0,203.1,148.6,133.8,1339.0,3698.0,2.0,0,
647000,1861.5,210.7,144.9,166.6,1581.0,3372.0,2.0,0,
647100,1857.9,141.0,146.3,197.8,578.0,1863.0,2.0,0,
647200,1868.0,28.9,146.3,167.3,578.0,1863.0,2.0,0,
647300,1865.0,24.9,146.3,134.3,578.0,1863.0,2.0,0,
647400,1864.1,22.5,146.4,94.0,578.0,1863.0,2.0,0,
647600,1865.3,23.0,146.4,240.4,578.0,1863.0,2.0,0,
647700,1862.5,26.4,146.4,240.4,578.0,1863.0,2.0,0,
647800,1862.8,25.4,146.4,240.3,578.0,1863.0,2.0,0,
647900,1864.0,25.2,146.3,240.3,578.0,1863.0,2.0,0,
648000,1861.5,24.1,146.4,240.5,578.0,1863.0,2.0,0,
648100,1862.4,18.9,146.4,240.3,578.0,1863.0,2.0,0,
648200,1867.9,15.6,145.9,240.2,696.0,3650.0,5.0,1,
648300,1871.5,34.7,139.4,240.1,729.0,3561.0,4.0,1,
648400,1841.1,29.0,122.6,215.1,1107.0,4799.0,4.0,1,
648600,1864.1,197.5,118.2,185.7,1369.0,4077.0,28.0,0,
648700,1862.0,174.7,107.3,163.1,1007.0,3006.0,2.0,0,
648800,1860.8,28.7,107.0,159.1,981.0,2592.0,2.0,0,
648900,1863.0,20.5,106.9,197.8,981.0,2592.0,2.0,0,
649000,1865.5,25.4,106.9,166.6,981.0,2592.0,2.0,0,
649100,1864.4,24.2,106.9,165.6,981.0,2592.0,2.0,0,
649200,1863.9,25.2,106.9,240.3,981.0,2592.0,2.0,0,
649300,1863.4,25.4,106.9,240.4,981.0,2592.0,2.0,0,
649400,1863.9,22.4,106.8,240.3,981.0,2592.0,2.0,0,
649600,1866.1,23.7,106.8,240.2,981.0,2592.0,2.0,0,
649700,1865.7,25.2,106.8,240.2,981.0,2592.0,2.0,0,
649800,1887.3,22.0,106.8,240.1,589.0,3485.0,6.0,1,
649900,1835.4,143.9,109.5,239.6,1325.0,4178.0,28.0,0,
650000,1863.9,227.7,125.0,205.2,1555.0,3958.0,2.0,0,
650100,1859.8,153.3,134.5,200.9,1148.0,3415.0,2.0,0,
650200,1848.3,176.6,131.2,157.8,980.0,2717.0,2.0,0,
650300,1875.3,82.7,129.1,157.8,1015.0,2927.0,2.0,0,
650400,1852.8,43.5,133.3,199.8,1008.0,2592.0,2.0,0,
650600,1863.3,20.0,133.3,155.3,1008.0,2592.0,2.0,0,
650700,1864.8,26.4,133.3,135.4,1008.0,2592.0,2.0,0,
650800,1865.9,25.1,133.3,239.7,1008.0,2592.0,2.0,0,
650900,1863.7,23.7,133.3,240.3,1008.0,2592.0,2.0,0,
651000,1865.5,26.7,133.3,240.5,1008.0,2592.0,2.0,0,
651100,1863.0,24.6,133.3,240.4,1008.0,2592.0,2.0,0,
651200,1854.0,24.5,133.5,240.3,1008.0,2592.0,2.0,0,
651300,1860.0,22.3,133.5,240.2,1008.0,2592.0,2.0,0,
651400,1859.6,30.3,133.5,240.2,591.0,2638.0,3.0,1,
651600,1870.7,26.2,124.9,239.3,1038.0,4711.0,4.0,1,
651700,1868.3,105.1,100.4,188.5,1121.0,4405.0,4.0,1,
651800,1840.5,89.1,98.3,164.2,1144.0,3331.0,2.0,0,
651900,1867.3,172.1,99.6,210.0,1169.0,3253.0,2.0,0,
652000,1854.8,66.1,103.8,217.2,956.0,2429.0,2.0,0,
652100,1863.0,24.2,103.8,168.7,956.0,2429.0,2.0,0,
652200,1865.1,24.2,103.8,133.1,956.0,2429.0,2.0,0,
652300,1863.1,23.4,103.9,103.0,956.0,2429.0,2.0,0,
652400,1862.7,26.2,103.9,238.6,956.0,2429.0,2.0,0,
652600,1863.8,24.6,103.9,240.6,956.0,2429.0,2.0,0,
652700,1862.1,24.8,103.9,240.5,956.0,2429.0,2.0,0,
652800,1863.3,25.7,103.8,240.2,956.0,2429.0,2.0,0,
652900,1868.0,27.2,103.8,240.2,956.0,2429.0,2.0,0,
653000,1858.3,33.1,103.9,240.3,623.0,2941.0,4.0,1,
653100,1862.5,28.9,103.9,240.3,894.0,4346.0,4.0,1,
653200,1875.6,22.2,103.9,239.9,1078.0,4705.0,5.0,1,
653300,1839.6,24.1,103.8,208.8,1147.0,4886.0,4.0,1,
653400,1869.5,84.8,99.4,143.2,1035.0,4259.0,4.0,1,
653600,1869.1,49.3,77.1,41.0,1159.0,3658.0,2.0,0,
653700,1864.8,25.6,77.0,86.1,1159.0,3658.0,2.0,0,
653800,1867.2,25.5,77.0,163.8,1159.0,3658.0,2.0,0,
653900,1871.0,28.1,77.0,228.7,1159.0,3658.0,2.0,0,
654000,1867.7,26.0,77.0,240.1,1159.0,3658.0,2.0,0,
654100,1867.3,23.9,76.9,240.3,1159.0,3658.0,2.0,0,
654200,1868.1,22.7,77.0,240.2,1159.0,3658.0,2.0,0,
654300,1866.9,27.3,76.9,240.2,1159.0,3658.0,2.0,0,
654400,1867.9,23.0,76.9,240.3,1159.0,3658.0,2.0,0,
654600,1861.5,27.2,76.6,240.2,1159.0,3658.0,2.0,0,
654700,1873.7,28.9,76.7,240.1,652.0,3537.0,4.0,1,
654800,1839.0,67.9,77.3,239.6,921.0,4625.0,4.0,1,
654900,1876.4,108.8,91.1,202.9,902.0,2843.0,2.0,0,
655000,1847.8,183.2,111.7,229.1,1326.0,3988.0,28.0,0,
655100,1877.7,199.0,125.6,227.4,1649.0,3966.0,2.0,0,
655200,1859.6,99.5,124.2,197.5,1297.0,3632.0,2.0,0,
655300,1862.1,26.2,124.3,174.3,1297.0,3632.0,2.0,0,
655400,1862.8,23.2,124.3,198.0,1297.0,3632.0,2.0,0,
655600,1864.2,26.1,124.4,240.3,1297.0,3632.0,2.0,0,
655700,1863.4,24.8,124.4,240.3,1297.0,3632.0,2.0,0,
655800,1862.0,25.9,124.5,240.3,1297.0,3632.0,2.0,0,
655900,1865.2,25.7,124.5,240.3,1297.0,3632.0,2.0,0,
656000,1864.7,22.1,124.6,240.4,1297.0,3632.0,2.0,0,
656100,1866.2,27.0,124.7,240.6,1297.0,3632.0,2.0,0,
656200,1865.9,22.5,124.6,240.6,1297.0,3632.0,2.0,0,
656300,1847.8,14.9,124.7,240.5,543.0,3088.0,4.0,1,
656400,1875.4,23.9,124.3,240.1,1044.0,4347.0,4.0,1,
656600,1864.7,184.4,118.7,211.3,1432.0,3470.0,2.0,0,
656700,1858.7,129.7,112.8,195.0,1189.0,3742.0,2.0,0,
656800,1854.6,161.9,115.4,158.2,1119.0,3721.0,28.0,0,
656900,1875.6,32.3,116.5,158.6,1087.0,3203.0,2.0,0,
657000,1865.8,24.5,116.5,168.5,1087.0,3203.0,2.0,0,
657100,1865.8,23.2,116.5,209.5,1087.0,3203.0,2.0,0,
657200,1863.2,20.0,116.4,251.3,1087.0,3203.0,2.0,0,
657300,1861.3,22.1,116.5,240.5,1087.0,3203.0,2.0,0,
657400,1863.5,23.6,116.4,240.2,1087.0,3203.0,2.0,0,
657600,1862.2,26.3,116.4,240.4,1087.0,3203.0,2.0,0,
657700,1862.2,25.7,116.5,240.3,1087.0,3203.0,2.0,0,
657800,1862.1,25.0,116.5,240.3,1087.0,3203.0,2.0,0,
657900,1864.9,18.4,116.5,240.4,703.0,3205.0,3.0,1,
658000,1878.9,135.2,118.5,240.3,857.0,4435.0,5.0,1,
658100,1839.0,34.2,120.2,137.2,997.0,4369.0,5.0,1,
658200,1865.9,63.1,111.9,45.2,1063.0,4787.0,4.0,1,
658300,1862.1,32.6,97.5,40.0,1088.0,4435.0,5.0,1,
658400,1858.0,22.6,72.0,35.2,1130.0,4607.0,4.0,1,
658600,1863.4,23.9,62.5,86.2,1130.0,4607.0,4.0,1,
658700,1862.0,24.6,62.4,239.2,1130.0,4607.0,4.0,1,
658800,1865.6,24.4,62.4,239.9,1130.0,4607.0,4.0,1,
658900,1864.2,23.8,62.4,240.1,1130.0,4607.0,4.0,1,
659000,1861.8,23.3,62.4,240.2,1130.0,4607.0,4.0,1,
659100,1860.0,23.4,62.3,240.2,1130.0,4607.0,4.0,1,
659200,1861.4,26.8,62.4,240.3,1130.0,4607.0,4.0,1,
659300,1863.2,22.7,62.3,240.2,1130.0,4607.0,4.0,1,
659400,1860.3,26.1,62.2,240.1,1130.0,4607.0,4.0,1,
659600,1838.5,28.6,67.3,220.4,901.0,4403.0,4.0,1,
659700,1865.0,58.0,65.8,35.1,895.0,4281.0,4.0,1,
659800,1862.3,36.1,53.2,37.2,990.0,4162.0,5.0,1,
659900,1847.7,21.4,53.2,40.0,932.0,4171.0,4.0,1,
660000,1882.8,28.7,53.3,41.4,1001.0,3710.0,5.0,1,
660100,1849.5,23.3,53.4,80.7,958.0,4155.0,5.0,1,
660200,1862.8,27.1,53.4,206.8,958.0,4155.0,5.0,1,
660300,1867.2,22.5,53.5,238.1,958.0,4155.0,5.0,1,
660400,1857.5,21.7,53.5,239.8,958.0,4155.0,5.0,1,
660600,1865.9,22.5,53.6,240.2,958.0,4155.0,5.0,1,
660700,1865.3,24.7,53.6,240.4,958.0,4155.0,5.0,1,
660800,1864.0,25.9,53.7,240.3,958.0,4155.0,5.0,1,
660900,1862.9,23.2,53.6,240.2,958.0,4155.0,5.0,1,
661000,1863.6,25.5,53.6,240.2,958.0,4155.0,5.0,1,
661100,1868.4,214.5,65.1,240.1,1484.0,3512.0,25.0,0,
661200,1866.4,252.2,100.8,158.2,1527.0,3378.0,2.0,0,
661300,1866.3,147.2,112.6,106.0,950.0,3294.0,2.0,0,
661400,1863.9,166.2,127.8,132.8,874.0,3231.0,2.0,0,
661600,1858.6,163.9,155.3,215.8,1186.0,3839.0,2.0,0,
661700,1853.7,126.2,167.5,196.9,1093.0,2937.0,2.0,0,
661800,1864.3,29.4,167.5,167.8,1093.0,2937.0,2.0,0,
661900,1864.6,23.4,167.5,153.4,1093.0,2937.0,2.0,0,
662000,1866.8,22.5,167.3,104.4,1093.0,2937.0,2.0,0,
662100,1865.3,23.3,167.2,151.7,1093.0,2937.0,2.0,0,
662200,1863.7,23.3,167.2,240.2,1093.0,2937.0,2.0,0,
662300,1861.5,23.6,167.3,240.2,1093.0,2937.0,2.0,0,
662400,1860.8,21.7,167.4,240.2,1093.0,2937.0,2.0,0,
662600,1863.8,24.7,167.4,240.2,1093.0,2937.0,2.0,0,
662700,1863.0,19.6,167.4,240.3,1093.0,2937.0,2.0,0,
662800,1860.2,85.4,152.9,240.5,724.0,3022.0,3.0,1,
662900,1871.0,152.4,151.2,240.8,846.0,3103.0,2.0,0,
663000,1841.4,128.8,148.9,215.7,1264.0,4179.0,2.0,0,
663100,1866.7,126.7,152.5,194.4,1252.0,3912.0,2.0,0,
663200,1846.0,247.9,149.6,208.2,1136.0,3119.0,2.0,0,
663300,1861.5,96.6,147.0,198.7,1202.0,3685.0,2.0,0,
663400,1866.8,25.6,144.5,151.0,1121.0,3546.0,2.0,0,
663600,1870.2,20.7,144.5,202.6,1121.0,3546.0,2.0,0,
663700,1867.5,23.0,144.5,239.0,1121.0,3546.0,2.0,0,
663800,1864.8,22.8,144.4,240.2,1121.0,3546.0,2.0,0,
663900,1863.6,23.7,144.3,240.1,1121.0,3546.0,2.0,0,
664000,1863.5,24.6,144.3,240.1,1121.0,3546.0,2.0,0,
664100,1862.3,21.7,144.3,240.2,1121.0,3546.0,2.0,0,
664200,1859.9,23.4,144.3,240.1,1121.0,3546.0,2.0,0,
664300,1863.5,23.3,144.3,240.1,1121.0,3546.0,2.0,0,
664400,1867.7,24.3,140.5,240.2,765.0,3514.0,4.0,1,
664600,1871.2,70.4,122.2,41.2,945.0,4123.0,4.0,1,
664700,1853.3,30.4,105.2,28.5,1041.0,4598.0,5.0,1,
664800,1878.9,34.7,86.3,37.0,999.0,4137.0,4.0,1,
664900,1862.8,27.0,62.6,39.6,1024.0,4093.0,5.0,1,
665000,1858.0,25.2,53.8,39.5,1004.0,4283.0,4.0,1,
665100,1866.5,23.2,54.0,40.0,1004.0,4283.0,4.0,1,
665200,1865.2,21.5,54.0,236.4,1004.0,4283.0,4.0,1,
665300,1859.4,22.3,54.0,240.0,1004.0,4283.0,4.0,1,
665400,1863.8,25.5,54.2,240.2,1004.0,4283.0,4.0,1,
665600,1862.4,22.7,54.3,240.4,1004.0,4283.0,4.0,1,
665700,1866.8,24.5,54.4,240.4,1004.0,4283.0,4.0,1,
665800,1863.5,21.0,54.4,240.3,1004.0,4283.0,4.0,1,
665900,1862.7,21.7,54.3,240.2,1004.0,4283.0,4.0,1,
666000,1850.6,82.3,54.2,240.1,616.0,3172.0,5.0,1,
666100,1877.4,33.0,55.4,239.8,750.0,3454.0,3.0,1,
666200,1861.5,49.6,54.9,79.8,988.0,4337.0,3.0,1,
666300,1867.0,26.4,48.2,67.6,952.0,4366.0,4.0,1,
666400,1865.5,138.1,65.4,85.0,987.0,3160.0,2.0,0,
666600,1873.5,60.1,110.7,164.5,750.0,2539.0,2.0,0,
666700,1862.2,21.7,110.6,156.6,750.0,2539.0,2.0,0,
666800,1868.3,21.8,110.6,144.2,750.0,2539.0,2.0,0,
666900,1865.4,20.2,110.6,139.4,750.0,2539.0,2.0,0,
667000,1860.3,21.7,110.5,239.7,750.0,2539.0,2.0,0,
667100,1860.9,21.4,110.5,240.3,750.0,2539.0,2.0,0,
667200,1859.6,22.6,110.5,240.1,750.0,2539.0,2.0,0,
667300,1859.3,23.6,110.5,240.2,750.0,2539.0,2.0,0,
667400,1855.8,22.4,110.5,240.3,750.0,2539.0,2.0,0,
667600,1859.0,32.1,110.6,240.2,588.0,3021.0,5.0,1,
667700,1869.3,108.4,113.1,240.2,872.0,3513.0,28.0,0,
667800,1839.4,191.1,130.0,238.9,1533.0,3941.0,2.0,0,
667900,1867.7,168.4,139.8,194.6,1259.0,3954.0,2.0,0,
668000,1859.3,192.8,148.1,158.7,1433.0,4836.0,28.0,0,
668100,1866.4,179.5,139.8,167.8,1293.0,3911.0,2.0,0,
668200,1869.7,66.1,138.3,186.6,1266.0,3518.0,2.0,0,
668300,1863.9,26.8,138.3,216.0,1266.0,3518.0,2.0,0,
668400,1862.7,20.2,138.3,220.3,1266.0,3518.0,2.0,0,
668600,1861.5,23.1,138.3,240.3,1266.0,3518.0,2.0,0,
668700,1861.7,21.6,138.3,240.2,1266.0,3518.0,2.0,0,
668800,1861.7,23.5,138.3,240.2,1266.0,3518.0,2.0,0,
668900,1861.8,25.5,138.3,240.2,1266.0,3518.0,2.0,0,
669000,1861.5,21.7,138.2,240.2,1266.0,3518.0,2.0,0,
669100,1862.5,21.1,138.2,240.2,1266.0,3518.0,2.0,0,
669200,1875.1,21.8,138.2,240.4,1266.0,3518.0,2.0,0,
669300,1838.0,19.6,136.7,240.3,882.0,4431.0,5.0,1,
669400,1867.1,23.4,123.1,240.3,1306.0,5404.0,4.0,1,
669600,1855.6,39.7,84.8,207.4,1229.0,5044.0,4.0,1,
669700,1885.2,88.3,82.2,165.8,1245.0,3651.0,2.0,0,
669800,1845.5,129.9,81.4,226.2,1223.0,3326.0,2.0,0,
669900,1867.5,29.8,82.0,210.7,1223.0,3326.0,2.0,0,
670000,1862.4,21.6,82.1,157.5,1223.0,3326.0,2.0,0,
670100,1862.4,22.2,82.0,99.7,1223.0,3326.0,2.0,0,
670200,1861.3,23.0,82.0,218.2,1223.0,3326.0,2.0,0,
670300,1864.0,23.3,82.0,240.2,1223.0,3326.0,2.0,0,
670400,1862.8,22.2,82.0,240.3,1223.0,3326.0,2.0,0,
670600,1863.3,21.5,81.9,240.3,1223.0,3326.0,2.0,0,
670700,1864.5,21.0,81.8,240.3,1223.0,3326.0,2.0,0,
670800,1864.8,23.6,81.9,240.4,1223.0,3326.0,2.0,0,
670900,1872.5,20.7,82.1,240.4,727.0,3829.0,5.0,1,
671000,1859.2,147.4,86.6,240.1,1193.0,4160.0,28.0,0,
671100,1876.5,166.3,102.3,228.2,1192.0,4143.0,2.0,0,
671200,1851.7,119.9,115.0,226.9,1268.0,4109.0,2.0,0,
671300,1846.6,179.2,119.6,206.0,1513.0,4574.0,28.0,0,
671400,1865.4,238.1,122.7,199.7,1566.0,4057.0,2.0,0,
671600,1864.2,25.7,126.0,157.8,1566.0,4057.0,2.0,0,
671700,1861.5,24.0,126.1,124.6,1566.0,4057.0,2.0,0,
671800,1860.0,23.2,126.1,125.0,1566.0,4057.0,2.0,0,
671900,1864.4,23.0,126.2,240.0,1566.0,4057.0,2.0,0,
672000,1861.0,22.0,126.2,240.4,1566.0,4057.0,2.0,0,
672100,1866.4,25.9,126.2,240.3,1566.0,4057.0,2.0,0,
672200,1863.7,25.6,126.2,240.3,1566.0,4057.0,2.0,0,
672300,1867.1,22.4,126.3,240.3,1566.0,4057.0,2.0,0,
672400,1864.8,26.0,126.3,240.2,1566.0,4057.0,2.0,0,
672600,1867.5,194.6,150.7,196.9,1504.0,4022.0,2.0,0,
672700,1857.1,116.0,150.7,131.4,1325.0,4132.0,2.0,0,
672800,1852.8,169.6,150.5,152.3,1368.0,4503.0,28.0,0,
672900,1864.8,262.1,156.3,198.4,1517.0,3998.0,2.0,0,
673000,1868.6,119.3,157.3,199.3,1109.0,3395.0,2.0,0,
673100,1857.3,46.5,154.0,157.5,949.0,2859.0,2.0,0,
673200,1860.3,24.8,154.1,165.9,949.0,2859.0,2.0,0,
673300,1864.7,24.6,154.1,167.3,949.0,2859.0,2.0,0,
673400,1860.2,24.2,154.1,148.7,949.0,2859.0,2.0,0,
673600,1860.7,24.4,154.3,240.3,949.0,2859.0,2.0,0,
673700,1862.3,24.9,154.4,240.3,949.0,2859.0,2.0,0,
673800,1861.6,24.7,154.4,240.2,949.0,2859.0,2.0,0,
673900,1860.4,25.5,154.5,240.2,949.0,2859.0,2.0,0,
674000,1861.3,26.8,154.6,240.1,949.0,2859.0,2.0,0,
674100,1856.9,26.5,152.2,240.2,593.0,3115.0,6.0,1,
674200,1864.2,188.5,147.2,239.6,1752.0,4020.0,2.0,0,
674300,1854.5,167.5,147.6,165.9,1505.0,4624.0,28.0,0,
674400,1867.9,257.3,151.0,165.9,1654.0,4287.0,2.0,0,
674600,1832.6,191.0,150.9,198.4,1469.0,4050.0,28.0,0,
674700,1873.7,49.0,149.9,188.2,1275.0,3656.0,2.0,0,
674800,1865.3,27.4,149.8,195.6,1275.0,3656.0,2.0,0,
674900,1860.5,29.7,149.9,211.4,1275.0,3656.0,2.0,0,
675000,1866.1,27.0,149.9,240.9,1275.0,3656.0,2.0,0,
675100,1863.0,24.9,149.8,240.4,1275.0,3656.0,2.0,0,
675200,1859.3,26.2,149.8,240.3,1275.0,3656.0,2.0,0,
675300,1862.4,24.5,149.9,240.1,1275.0,3656.0,2.0,0,
675400,1862.5,30.1,149.9,240.2,1275.0,3656.0,2.0,0,
675600,1862.7,26.1,149.8,240.5,1275.0,3656.0,2.0,0,
675700,1863.0,54.1,149.9,240.5,567.0,3185.0,6.0,1,
675800,1853.0,159.5,148.6,239.9,1620.0,4051.0,27.0,0,
675900,1860.5,167.8,141.4,143.8,1032.0,3793.0,2.0,0,
676000,1883.0,109.8,140.5,163.8,1204.0,4255.0,2.0,0,
676100,1840.9,203.9,141.2,200.0,1364.0,4115.0,2.0,0,
676200,1878.7,182.7,135.1,196.9,1286.0,4023.0,2.0,0,
676300,1879.1,99.6,140.3,152.7,1223.0,3307.0,2.0,0,
676400,1864.5,27.1,140.3,168.4,1223.0,3307.0,2.0,0,
676600,1856.2,25.9,140.4,196.5,1223.0,3307.0,2.0,0,
676700,1860.7,28.1,140.5,240.1,1223.0,3307.0,2.0,0,
676800,1860.0,25.3,140.5,240.2,1223.0,3307.0,2.0,0,
676900,1864.6,27.2,140.5,240.3,1223.0,3307.0,2.0,0,
677000,1863.3,26.6,140.5,240.2,1223.0,3307.0,2.0,0,
677100,1863.3,26.5,140.4,240.2,1223.0,3307.0,2.0,0,
677200,1864.6,26.6,140.4,240.2,1223.0,3307.0,2.0,0,
677300,1860.6,19.1,140.4,240.2,1223.0,3307.0,2.0,0,
677400,1880.6,23.3,138.6,240.2,760.0,3778.0,5.0,1,
677600,1845.6,85.7,119.5,42.4,1064.0,4807.0,4.0,1,
677700,1868.6,35.8,103.0,28.7,1109.0,4497.0,4.0,1,
677800,1871.3,148.9,94.7,27.9,1135.0,3481.0,2.0,0,
677900,1876.0,140.5,83.8,38.6,1118.0,3639.0,2.0,0,
678000,1850.0,31.5,84.9,167.1,1080.0,2876.0,2.0,0,
678100,1848.5,25.5,85.1,189.8,1080.0,2876.0,2.0,0,
678200,1856.8,23.9,85.0,158.6,1080.0,2876.0,2.0,0,
678300,1860.6,25.9,85.0,195.5,1080.0,2876.0,2.0,0,
678400,1860.0,24.8,85.0,240.2,1080.0,2876.0,2.0,0,
678600,1863.8,24.9,85.0,240.3,1080.0,2876.0,2.0,0,
678700,1862.4,27.5,85.0,240.3,1080.0,2876.0,2.0,0,
678800,1864.0,28.1,85.0,240.2,1080.0,2876.0,2.0,0,
678900,1864.2,27.0,85.1,240.2,1080.0,2876.0,2.0,0,
679000,1872.7,99.7,91.1,240.2,805.0,3802.0,3.0,1,
679100,1846.3,34.3,91.3,149.6,1174.0,5116.0,5.0,1,
679200,1871.7,55.8,83.5,29.4,1174.0,4746.0,4.0,1,
679300,1872.0,30.2,79.3,29.4,1210.0,4795.0,5.0,1,
679400,1854.9,27.6,76.6,45.5,1132.0,4215.0,4.0,1,
679600,1861.3,25.5,49.3,145.3,1216.0,4634.0,4.0,1,
679700,1862.2,25.5,49.2,144.0,1216.0,4634.0,4.0,1,
679800,1859.7,24.7,49.0,239.4,1216.0,4634.0,4.0,1,
679900,1864.4,26.4,49.0,240.2,1216.0,4634.0,4.0,1,
680000,1858.2,24.8,49.0,240.2,1216.0,4634.0,4.0,1,
680100,1862.3,25.2,49.1,240.2,1216.0,4634.0,4.0,1,
680200,1859.9,22.6,49.0,240.3,1216.0,4634.0,4.0,1,
680300,1863.5,26.0,49.0,240.3,1216.0,4634.0,4.0,1,
680400,1865.2,27.8,49.1,240.2,1216.0,4634.0,4.0,1,
680600,1855.4,61.2,54.1,240.2,553.0,3177.0,4.0,1,
680700,1864.4,37.1,46.2,145.4,855.0,4052.0,4.0,1,
680800,1881.8,117.3,66.3,86.5,1242.0,4226.0,2.0,0,
680900,1832.7,179.8,85.2,84.9,1449.0,3804.0,28.0,0,
681000,1867.6,218.7,104.9,158.0,1552.0,3680.0,2.0,0,
681100,1863.4,127.0,118.2,197.2,1057.0,3431.0,2.0,0,
681200,1861.8,35.5,123.1,174.7,1031.0,3307.0,2.0,0,
681300,1860.1,25.7,123.1,166.2,1031.0,3307.0,2.0,0,
681400,1863.3,24.1,123.0,226.4,1031.0,3307.0,2.0,0,
681600,1864.7,25.7,123.0,240.3,1031.0,3307.0,2.0,0,
681700,1861.4,27.2,123.0,240.2,1031.0,3307.0,2.0,0,
681800,1861.8,25.5,123.0,240.2,1031.0,3307.0,2.0,0,
681900,1863.1,27.8,123.1,240.2,1031.0,3307.0,2.0,0,
682000,1861.6,26.0,123.1,240.2,1031.0,3307.0,2.0,0,
682100,1863.7,27.4,123.1,240.3,1031.0,3307.0,2.0,0,
682200,1847.4,21.8,122.5,240.3,549.0,3005.0,6.0,1,
682300,1886.2,205.7,133.7,240.1,1243.0,3495.0,2.0,0,
682400,1840.2,207.6,144.5,221.3,1491.0,4499.0,28.0,0,
682600,1866.0,136.4,145.3,165.4,1154.0,3534.0,2.0,0,
682700,1851.7,206.5,145.2,204.2,1036.0,3360.0,2.0,0,
682800,1872.1,87.6,151.5,199.4,699.0,2333.0,2.0,0,
682900,1861.3,32.7,151.5,164.7,699.0,2333.0,2.0,0,
683000,1866.3,25.7,151.5,157.8,699.0,2333.0,2.0,0,
683100,1863.2,27.6,151.6,156.1,699.0,2333.0,2.0,0,
683200,1862.7,23.9,151.5,239.5,699.0,2333.0,2.0,0,
683300,1861.2,26.6,151.5,240.3,699.0,2333.0,2.0,0,
683400,1866.7,27.4,151.5,240.2,699.0,2333.0,2.0,0,
683600,1863.3,24.7,151.4,240.2,699.0,2333.0,2.0,0,
683700,1862.7,28.0,151.4,240.2,699.0,2333.0,2.0,0,
683800,1868.8,41.3,151.3,240.3,551.0,2764.0,5.0,1,
683900,1844.8,29.7,143.4,240.2,809.0,4009.0,4.0,1,
684000,1867.5,46.1,126.6,239.4,996.0,4346.0,4.0,1,
684100,1873.2,130.0,123.3,156.9,989.0,3453.0,2.0,0,
684200,1868.1,172.9,126.2,153.8,1102.0,3309.0,2.0,0,
684300,1855.0,208.0,126.4,171.3,1301.0,3165.0,2.0,0,
684400,1862.1,120.6,125.5,174.2,923.0,2595.0,2.0,0,
684600,1862.7,24.2,125.5,157.4,923.0,2595.0,2.0,0,
684700,1863.5,27.9,125.4,158.2,923.0,2595.0,2.0,0,
684800,1863.8,25.5,125.5,239.8,923.0,2595.0,2.0,0,
684900,1862.9,25.1,125.5,240.2,923.0,2595.0,2.0,0,
685000,1859.6,25.4,125.5,240.1,923.0,2595.0,2.0,0,
685100,1863.9,27.1,125.5,240.2,923.0,2595.0,2.0,0,
685200,1861.4,24.2,125.6,240.3,923.0,2595.0,2.0,0,
685300,1861.0,27.4,125.6,240.2,923.0,2595.0,2.0,0,
685400,1864.9,28.3,125.6,240.2,923.0,2595.0,2.0,0,
685600,1862.8,18.6,124.7,239.9,924.0,4488.0,5.0,1,
685700,1857.5,25.5,118.9,238.0,1146.0,4860.0,5.0,1,
685800,1857.9,32.3,100.6,208.3,1313.0,5007.0,4.0,1,
685900,1855.8,26.1,81.2,207.2,1048.0,4531.0,5.0,1,
686000,1860.2,27.3,43.9,152.4,1019.0,4101.0,4.0,1,
686100,1858.5,26.9,32.8,186.8,1009.0,4009.0,4.0,1,
686200,1861.7,26.7,32.8,208.1,1009.0,4009.0,4.0,1,
686300,1864.4,24.6,32.9,239.5,1009.0,4009.0,4.0,1,
686400,1863.3,24.9,32.7,240.2,1009.0,4009.0,4.0,1,
686600,1862.5,24.9,32.7,240.2,1009.0,4009.0,4.0,1,
686700,1861.6,25.3,32.6,240.3,1009.0,4009.0,4.0,1,
686800,1865.9,28.0,32.6,240.4,1009.0,4009.0,4.0,1,
686900,1863.6,27.9,32.6,240.4,1009.0,4009.0,4.0,1,
687000,1865.0,27.7,32.8,240.3,1009.0,4009.0,4.0,1,
687100,1887.7,22.4,32.8,240.3,688.0,3517.0,6.0,1,
687200,1836.0,28.5,33.2,240.2,1023.0,4422.0,5.0,1,
687300,1870.2,26.6,33.6,239.4,1198.0,4834.0,3.0,1,
687400,1864.7,31.3,33.3,187.3,1233.0,4669.0,5.0,1,
687600,1891.5,29.3,34.8,157.7,1149.0,4620.0,5.0,1,
687700,1844.9,25.0,35.0,144.6,1091.0,4484.0,4.0,1,
687800,1864.4,25.0,35.1,204.7,1091.0,4484.0,4.0,1,
687900,1862.4,25.5,35.1,238.4,1091.0,4484.0,4.0,1,
688000,1863.3,24.5,35.2,239.9,1091.0,4484.0,4.0,1,
688100,1857.5,22.1,35.2,240.2,1091.0,4484.0,4.0,1,
688200,1862.6,25.5,35.0,240.4,1091.0,4484.0,4.0,1,
688300,1862.4,26.1,35.1,240.4,1091.0,4484.0,4.0,1,
688400,1863.1,25.9,35.1,240.4,1091.0,4484.0,4.0,1,
688600,1862.0,25.8,34.9,240.3,1091.0,4484.0,4.0,1,
688700,1854.1,18.5,34.8,240.2,584.0,2992.0,4.0,1,
688800,1861.2,39.8,45.3,240.1,910.0,4168.0,5.0,1,
688900,1865.5,149.6,63.8,91.2,932.0,3440.0,2.0,0,
689000,1857.3,165.7,86.3,91.7,1062.0,3597.0,2.0,0,
689100,1871.8,65.9,100.8,157.5,1023.0,3253.0,2.0,0,
689200,1855.8,169.2,116.4,165.9,1091.0,3495.0,2.0,0,
689300,1864.0,40.3,121.5,185.1,1219.0,3619.0,2.0,0,
689400,1858.7,25.9,121.5,173.0,1219.0,3619.0,2.0,0,
689600,1862.1,25.3,121.5,238.5,1219.0,3619.0,2.0,0,
689700,1861.9,24.9,121.5,240.1,1219.0,3619.0,2.0,0,
689800,1863.2,26.3,121.5,240.2,1219.0,3619.0,2.0,0,
689900,1864.7,24.7,121.5,240.2,1219.0,3619.0,2.0,0,
690000,1861.5,26.2,121.6,240.3,1219.0,3619.0,2.0,0,
690100,1860.6,25.4,121.5,240.3,1219.0,3619.0,2.0,0,
690200,1862.3,24.2,121.5,240.3,1219.0,3619.0,2.0,0,
690300,1859.3,37.8,121.7,240.3,491.0,2769.0,4.0,1,
690400,1866.8,74.3,124.5,240.0,716.0,3686.0,4.0,1,
690600,1850.7,53.2,104.1,29.5,1125.0,4806.0,4.0,1,
690700,1856.2,90.4,98.9,37.5,1147.0,4540.0,4.0,1,
690800,1860.1,25.5,80.1,76.4,1051.0,4261.0,4.0,1,
690900,1871.5,78.6,83.7,39.7,1035.0,3044.0,2.0,0,
691000,1861.0,30.2,83.7,76.2,1035.0,3044.0,2.0,0,
691100,1862.8,28.1,83.7,172.3,1035.0,3044.0,2.0,0,
691200,1861.3,28.4,83.8,239.8,1035.0,3044.0,2.0,0,
691300,1861.7,27.1,83.9,240.6,1035.0,3044.0,2.0,0,
691400,1866.9,29.0,83.9,240.4,1035.0,3044.0,2.0,0,
691600,1860.8,27.3,83.8,240.3,1035.0,3044.0,2.0,0,
691700,1863.8,29.0,83.9,240.3,1035.0,3044.0,2.0,0,
691800,1865.2,26.9,83.9,240.3,1035.0,3044.0,2.0,0,
691900,1867.2,33.2,83.8,240.5,1035.0,3044.0,2.0,0,
692000,1861.1,36.4,78.6,240.3,809.0,4065.0,5.0,1,
692100,1859.9,34.1,75.1,239.3,1060.0,4521.0,4.0,1,
692200,1856.5,137.5,77.6,88.4,1377.0,4511.0,28.0,0,
692300,1862.1,208.4,98.1,207.6,1219.0,3729.0,2.0,0,
692400,1875.1,107.7,107.0,227.2,1219.0,3568.0,2.0,0,
692600,1859.2,33.7,111.9,199.3,1222.0,3462.0,2.0,0,
692700,1864.0,26.6,111.9,158.2,1222.0,3462.0,2.0,0,
692800,1863.0,25.0,111.8,113.0,1222.0,3462.0,2.0,0,
692900,1863.4,26.7,111.8,238.3,1222.0,3462.0,2.0,0,
693000,1862.9,27.5,111.7,240.3,1222.0,3462.0,2.0,0,
693100,1864.0,27.0,111.7,240.3,1222.0,3462.0,2.0,0,
693200,1859.1,26.4,111.8,240.2,1222.0,3462.0,2.0,0,
693300,1861.5,28.1,111.7,240.1,1222.0,3462.0,2.0,0,
693400,1861.8,23.7,111.7,240.2,1222.0,3462.0,2.0,0,
693600,1864.0,68.6,113.9,239.8,738.0,3827.0,5.0,1,
693700,1854.1,46.7,114.4,115.9,950.0,4448.0,4.0,1,
693800,1856.9,38.3,114.6,100.4,1170.0,4849.0,5.0,1,
693900,1886.5,90.7,111.7,94.0,1160.0,3758.0,2.0,0,
694000,1839.5,181.1,113.5,206.3,1359.0,4003.0,28.0,0,
694100,1865.3,136.2,107.1,195.0,1153.0,3479.0,2.0,0,
694200,1861.9,36.5,111.1,158.0,1032.0,2893.0,2.0,0,
694300,1861.5,28.4,111.1,184.8,1032.0,2893.0,2.0,0,
694400,1865.3,26.0,111.1,168.9,1032.0,2893.0,2.0,0,
694600,1861.3,28.4,111.2,240.2,1032.0,2893.0,2.0,0,
694700,1862.2,30.6,111.3,240.3,1032.0,2893.0,2.0,0,
694800,1864.2,28.7,111.3,240.3,1032.0,2893.0,2.0,0,
694900,1864.8,28.1,111.3,240.4,1032.0,2893.0,2.0,0,
695000,1864.2,27.2,111.3,240.4,1032.0,2893.0,2.0,0,
695100,1862.9,27.9,111.4,240.3,1032.0,2893.0,2.0,0,
695200,1860.8,38.7,109.8,240.2,574.0,2836.0,5.0,1,
695300,1865.4,36.9,110.7,240.1,765.0,3831.0,4.0,1,
695400,1879.4,95.0,111.8,111.9,973.0,4339.0,4.0,1,
695600,1865.8,232.0,104.7,73.4,1614.0,4190.0,2.0,0,
695700,1869.0,134.9,110.2,113.2,1200.0,4041.0,2.0,0,
695800,1865.2,34.1,104.9,137.4,1148.0,3550.0,2.0,0,
695900,1861.9,29.4,104.8,157.5,1148.0,3550.0,2.0,0,
696000,1864.8,27.1,104.8,233.1,1148.0,3550.0,2.0,0,
696100,1863.7,25.9,104.8,240.4,1148.0,3550.0,2.0,0,
696200,1861.1,25.5,104.8,240.4,1148.0,3550.0,2.0,0,
696300,1865.4,25.2,104.7,240.4,1148.0,3550.0,2.0,0,
696400,1862.6,26.2,104.6,240.4,1148.0,3550.0,2.0,0,
696600,1863.2,26.3,104.6,240.2,1148.0,3550.0,2.0,0,
696700,1862.6,25.6,104.6,240.3,1148.0,3550.0,2.0,0,
696800,1863.4,21.0,104.3,240.3,634.0,3203.0,5.0,1,
696900,1861.7,34.7,102.6,240.2,882.0,4237.0,5.0,1,
697000,1848.8,36.4,102.8,239.8,1076.0,4328.0,4.0,1,
697100,1866.1,37.9,100.1,207.2,1223.0,4918.0,4.0,1,
697200,1865.1,111.8,94.3,86.7,1129.0,3641.0,2.0,0,
697300,1872.3,172.9,93.8,106.2,1073.0,3198.0,2.0,0,
697400,1863.7,79.8,104.3,158.2,756.0,2557.0,2.0,0,
697600,1863.1,24.1,104.3,157.6,756.0,2557.0,2.0,0,
697700,1863.9,27.8,104.4,157.7,756.0,2557.0,2.0,0,
697800,1863.3,29.4,104.4,239.7,756.0,2557.0,2.0,0,
697900,1862.2,26.5,104.5,240.3,756.0,2557.0,2.0,0,
698000,1863.1,25.4,104.5,240.4,756.0,2557.0,2.0,0,
698100,1867.0,28.4,104.5,240.4,756.0,2557.0,2.0,0,
698200,1865.3,29.7,104.5,240.3,756.0,2557.0,2.0,0,
698300,1862.3,28.5,104.5,240.2,756.0,2557.0,2.0,0,
698400,1866.9,62.9,105.5,240.2,510.0,2435.0,5.0,1,
698600,1863.5,211.7,128.2,94.1,1571.0,3850.0,2.0,0,
698700,1870.5,134.0,139.4,102.3,909.0,3279.0,2.0,0,
698800,1852.0,160.0,148.6,165.6,1172.0,3643.0,2.0,0,
698900,1860.9,197.3,145.0,200.0,1438.0,3777.0,2.0,0,
699000,1866.0,115.3,146.6,186.1,1240.0,3809.0,2.0,0,
699100,1862.2,31.3,146.6,166.1,1240.0,3809.0,2.0,0,
699200,1869.0,26.4,146.6,156.1,1240.0,3809.0,2.0,0,
699300,1862.0,23.6,146.6,189.7,1240.0,3809.0,2.0,0,
699400,1864.2,27.6,146.6,240.2,1240.0,3809.0,2.0,0,
699600,1862.0,25.5,146.5,240.4,1240.0,3809.0,2.0,0,
699700,1863.2,27.7,146.5,240.4,1240.0,3809.0,2.0,0,
699800,1867.3,28.8,146.5,240.3,1240.0,3809.0,2.0,0,
699900,1860.5,26.2,146.6,240.2,1240.0,3809.0,2.0,0,
700000,1863.6,19.7,146.5,240.2,1240.0,3809.0,2.0,0,
700100,1858.9,30.0,146.0,240.4,536.0,2812.0,4.0,1,
700200,1889.1,70.8,131.2,239.9,705.0,3550.0,5.0,1,
700300,1841.3,139.2,120.2,100.6,1351.0,4022.0,28.0,0,
700400,1863.4,221.8,124.4,88.0,1521.0,3556.0,2.0,0,
700600,1848.3,229.5,136.9,196.2,475.0,2361.0,17.0,1,
700700,1871.2,36.8,138.1,218.2,855.0,2445.0,2.0,0,
700800,1862.4,28.1,138.1,157.6,855.0,2445.0,2.0,0,
700900,1862.5,27.2,138.1,94.0,855.0,2445.0,2.0,0,
701000,1861.2,24.8,138.2,130.7,855.0,2445.0,2.0,0,
701100,1863.3,26.7,138.1,240.3,855.0,2445.0,2.0,0,
701200,1863.1,26.1,138.1,240.3,855.0,2445.0,2.0,0,
701300,1862.5,26.4,138.2,240.3,855.0,2445.0,2.0,0,
701400,1863.6,32.0,138.2,240.2,855.0,2445.0,2.0,0,
701600,1861.4,26.7,138.0,240.4,855.0,2445.0,2.0,0,
701700,1880.2,72.3,140.2,240.1,587.0,3099.0,5.0,1,
701800,1843.2,201.8,143.2,112.8,1465.0,3314.0,26.0,0,
701900,1868.9,62.9,149.1,99.6,879.0,4187.0,4.0,1,
702000,1869.3,146.9,135.4,101.7,891.0,3982.0,5.0,1,
702100,1858.1,29.9,118.0,122.5,776.0,3417.0,4.0,1,
702200,1870.2,31.4,89.7,86.0,928.0,3783.0,4.0,1,
702300,1854.6,28.3,80.0,51.6,976.0,4034.0,4.0,1,
702400,1862.9,28.7,80.1,84.5,976.0,4034.0,4.0,1,
702600,1864.0,29.4,80.1,240.2,976.0,4034.0,4.0,1,
702700,1864.1,26.8,80.1,240.4,976.0,4034.0,4.0,1,
702800,1864.9,27.4,80.1,240.4,976.0,4034.0,4.0,1,
702900,1859.8,27.8,80.1,240.3,976.0,4034.0,4.0,1,
703000,1861.9,26.6,80.1,240.2,976.0,4034.0,4.0,1,
703100,1863.2,26.1,80.1,240.2,976.0,4034.0,4.0,1,
703200,1862.3,28.1,80.2,240.3,976.0,4034.0,4.0,1,
703300,1855.7,43.6,79.3,240.2,457.0,2387.0,6.0,1,
703400,1869.9,36.0,81.2,239.1,708.0,3666.0,5.0,1,
703600,1870.2,51.9,66.5,83.0,940.0,3974.0,4.0,1,
703700,1857.7,191.6,78.3,36.5,1553.0,3595.0,2.0,0,
703800,1856.9,186.0,101.7,71.9,761.0,2862.0,2.0,0,
703900,1865.7,64.2,113.8,156.6,677.0,2259.0,2.0,0,
704000,1862.3,26.5,113.7,151.1,677.0,2259.0,2.0,0,
704100,1864.5,30.3,113.7,134.9,677.0,2259.0,2.0,0,
704200,1862.5,28.0,113.7,106.4,677.0,2259.0,2.0,0,
704300,1866.3,25.2,113.7,239.5,677.0,2259.0,2.0,0,
704400,1863.0,29.7,113.7,240.2,677.0,2259.0,2.0,0,
704600,1862.4,26.4,113.7,240.2,677.0,2259.0,2.0,0,
704700,1862.9,24.0,113.7,240.3,677.0,2259.0,2.0,0,
704800,1860.5,27.5,113.7,240.3,677.0,2259.0,2.0,0,
704900,1860.4,48.4,113.6,240.2,444.0,2693.0,6.0,1,
705000,1862.3,21.6,110.4,240.2,485.0,2782.0,6.0,1,
705100,1851.3,26.1,110.3,239.4,911.0,4236.0,5.0,1,
705200,1859.6,54.8,110.8,152.4,1022.0,4118.0,4.0,1,
705300,1858.3,26.6,105.3,41.7,1075.0,4482.0,5.0,1,
705400,1857.4,27.3,77.7,37.2,942.0,4000.0,4.0,1,
705600,1860.4,28.7,61.7,215.7,942.0,4000.0,4.0,1,
705700,1864.0,28.1,61.8,244.2,942.0,4000.0,4.0,1,
705800,1862.2,26.9,61.7,242.7,942.0,4000.0,4.0,1,
705900,1864.4,26.6,61.8,240.6,942.0,4000.0,4.0,1,
706000,1864.5,27.5,61.8,240.3,942.0,4000.0,4.0,1,
706100,1861.8,29.6,61.8,240.4,942.0,4000.0,4.0,1,
706200,1865.1,25.5,61.8,240.3,942.0,4000.0,4.0,1,
706300,1863.3,28.7,61.8,240.2,942.0,4000.0,4.0,1,
706400,1863.0,28.1,62.0,240.2,942.0,4000.0,4.0,1,
706600,1840.1,27.9,71.6,237.7,560.0,3143.0,5.0,1,
706700,1864.0,27.0,71.7,36.1,812.0,3834.0,5.0,1,
706800,1864.8,38.0,61.1,34.5,894.0,4130.0,5.0,1,
706900,1852.8,28.8,61.6,35.4,906.0,3960.0,4.0,1,
707000,1883.9,27.3,62.1,124.8,1051.0,4031.0,5.0,1,
707100,1848.8,95.5,57.8,88.2,931.0,3762.0,4.0,1,
707200,1864.8,27.7,58.1,79.8,931.0,3762.0,4.0,1,
707300,1863.9,30.9,58.1,80.0,931.0,3762.0,4.0,1,
707400,1865.5,27.7,58.2,87.8,931.0,3762.0,4.0,1,
707600,1865.3,31.7,58.2,240.1,931.0,3762.0,4.0,1,
707700,1862.4,25.9,58.1,240.3,931.0,3762.0,4.0,1,
707800,1859.6,28.7,57.9,240.3,931.0,3762.0,4.0,1,
707900,1855.3,28.7,58.0,240.2,931.0,3762.0,4.0,1,
708000,1859.9,27.1,57.9,240.3,931.0,3762.0,4.0,1,
708100,1862.6,24.4,58.0,240.4,931.0,3762.0,4.0,1,
708200,1867.9,18.3,44.5,240.3,556.0,2814.0,4.0,1,
708300,1853.6,223.0,51.6,240.2,1089.0,3942.0,28.0,0,
708400,1860.5,184.7,90.8,226.1,1157.0,3287.0,2.0,0,
708600,1853.2,192.4,122.2,166.1,1349.0,3692.0,28.0,0,
708700,1862.4,235.3,143.3,198.5,1217.0,3167.0,2.0,0,
708800,1862.0,42.4,144.7,198.0,844.0,2425.0,2.0,0,
708900,1865.3,29.3,144.7,163.8,844.0,2425.0,2.0,0,
709000,1862.2,25.5,144.7,102.7,844.0,2425.0,2.0,0,
709100,1861.9,27.4,144.7,154.8,844.0,2425.0,2.0,0,
709200,1862.9,27.4,144.8,240.1,844.0,2425.0,2.0,0,
709300,1864.8,29.8,144.8,240.3,844.0,2425.0,2.0,0,
709400,1862.7,28.9,144.8,240.3,844.0,2425.0,2.0,0,
709600,1862.4,26.8,144.7,240.3,844.0,2425.0,2.0,0,
709700,1864.4,30.4,144.6,240.3,844.0,2425.0,2.0,0,
709800,1866.0,49.5,145.5,240.3,466.0,2377.0,4.0,1,
709900,1865.5,28.1,144.4,239.9,545.0,3018.0,4.0,1,
710000,1861.5,225.0,143.7,100.5,1639.0,3598.0,2.0,0,
710100,1854.1,227.1,148.0,99.1,1412.0,3888.0,28.0,0,
710200,1866.7,245.8,149.9,152.5,1368.0,3565.0,2.0,0,
710300,1863.8,237.2,145.2,197.0,1000.0,3445.0,2.0,0,
710400,1865.7,57.6,149.4,219.3,823.0,2562.0,2.0,0,
710600,1863.2,32.2,149.6,135.7,823.0,2562.0,2.0,0,
710700,1865.5,36.5,149.7,105.7,823.0,2562.0,2.0,0,
710800,1864.0,31.1,149.8,239.9,823.0,2562.0,2.0,0,
710900,1863.4,34.6,149.8,240.3,823.0,2562.0,2.0,0,
711000,1864.8,32.5,149.8,240.3,823.0,2562.0,2.0,0,
711100,1864.2,31.3,149.9,240.4,823.0,2562.0,2.0,0,
711200,1862.9,27.3,149.9,240.4,823.0,2562.0,2.0,0,
711300,1863.1,26.7,149.9,240.4,823.0,2562.0,2.0,0,
711400,1853.5,24.8,149.4,240.4,523.0,2575.0,4.0,1,
711600,1853.5,30.0,137.4,239.7,827.0,3934.0,5.0,1,
711700,1870.8,35.4,120.7,208.1,837.0,3824.0,4.0,1,
711800,1877.6,52.8,99.8,207.0,1044.0,4002.0,5.0,1,
711900,1841.8,33.9,77.2,207.6,883.0,3869.0,5.0,1,
712000,1874.9,39.7,51.0,80.6,891.0,3523.0,5.0,1,
712100,1861.8,26.4,51.1,40.2,891.0,3523.0,5.0,1,
712200,1862.6,28.2,50.8,41.7,891.0,3523.0,5.0,1,
712300,1865.1,29.9,50.4,90.8,891.0,3523.0,5.0,1,
712400,1862.9,28.6,50.3,240.2,891.0,3523.0,5.0,1,
712600,1864.8,27.5,49.9,240.3,891.0,3523.0,5.0,1,
712700,1862.6,29.2,49.7,240.5,891.0,3523.0,5.0,1,
712800,1863.6,25.8,49.6,240.3,891.0,3523.0,5.0,1,
712900,1863.5,25.6,49.6,240.3,891.0,3523.0,5.0,1,
713000,1872.5,62.9,49.6,240.3,435.0,2152.0,6.0,1,
713100,1847.1,148.9,51.8,240.1,630.0,3569.0,5.0,1,
713200,1866.4,237.4,95.4,150.3,1612.0,3836.0,2.0,0,
713300,1884.8,159.8,116.2,156.4,1390.0,4081.0,28.0,0,
713400,1841.3,201.0,136.3,173.1,843.0,2946.0,2.0,0,
713600,1853.9,109.6,160.5,229.6,915.0,2773.0,2.0,0,
713700,1865.5,30.9,160.4,226.4,915.0,2773.0,2.0,0,
713800,1862.5,30.6,160.5,148.9,915.0,2773.0,2.0,0,
713900,1866.9,29.9,160.4,94.0,915.0,2773.0,2.0,0,
714000,1864.3,28.3,160.4,238.1,915.0,2773.0,2.0,0,
714100,1862.5,29.5,160.4,240.2,915.0,2773.0,2.0,0,
714200,1862.4,26.3,160.5,240.2,915.0,2773.0,2.0,0,
714300,1864.0,28.3,160.4,240.3,915.0,2773.0,2.0,0,
714400,1866.0,27.4,160.4,240.3,915.0,2773.0,2.0,0,
714600,1864.3,76.7,160.3,240.3,915.0,2773.0,2.0,0,
714700,1872.2,50.0,162.0,239.7,478.0,2736.0,4.0,1,
714800,1864.9,44.9,147.7,94.4,881.0,4075.0,5.0,1,
714900,1844.5,45.8,133.7,83.3,921.0,4231.0,5.0,1,
715000,1876.9,24.1,113.8,70.1,843.0,3612.0,5.0,1,
715100,1853.4,28.8,92.9,37.4,903.0,4194.0,5.0,1,
715200,1877.2,53.2,66.8,40.7,900.0,3530.0,4.0,1,
715300,1849.9,31.2,63.0,41.7,810.0,3382.0,4.0,1,
715400,1865.7,27.8,63.0,38.9,810.0,3382.0,4.0,1,
715600,1863.4,26.9,62.8,240.0,810.0,3382.0,4.0,1,
715700,1862.3,29.0,62.8,240.3,810.0,3382.0,4.0,1,
715800,1863.2,27.1,62.9,240.4,810.0,3382.0,4.0,1,
715900,1862.7,28.4,62.8,240.3,810.0,3382.0,4.0,1,
716000,1860.6,23.6,62.7,240.3,810.0,3382.0,4.0,1,
716100,1866.2,31.6,62.8,240.3,810.0,3382.0,4.0,1,
716200,1866.0,25.6,62.8,240.3,810.0,3382.0,4.0,1,
716300,1862.9,58.3,56.3,240.4,570.0,3298.0,6.0,1,
716400,1849.6,92.4,62.0,239.9,674.0,3285.0,5.0,1,
716600,1857.9,34.2,73.0,85.2,882.0,3964.0,5.0,1,
716700,1864.0,25.4,73.4,82.0,829.0,3523.0,4.0,1,
716800,1857.5,142.8,73.6,47.9,928.0,3044.0,2.0,0,
716900,1861.8,44.7,86.6,112.9,797.0,2475.0,2.0,0,
717000,1863.7,29.4,86.5,157.5,797.0,2475.0,2.0,0,
717100,1864.6,28.3,86.6,144.7,797.0,2475.0,2.0,0,
717200,1861.2,29.4,86.6,155.6,797.0,2475.0,2.0,0,
717300,1862.5,28.1,86.8,240.0,797.0,2475.0,2.0,0,
717400,1863.8,29.2,86.7,240.3,797.0,2475.0,2.0,0,
717600,1866.7,29.0,86.9,240.5,797.0,2475.0,2.0,0,
717700,1862.3,24.9,86.8,240.3,797.0,2475.0,2.0,0,
717800,1863.4,28.2,86.8,240.3,797.0,2475.0,2.0,0,
717900,1855.6,31.3,87.2,240.3,443.0,2532.0,3.0,1,
718000,1873.3,46.3,83.5,239.9,812.0,3953.0,6.0,1,
718100,1866.6,31.0,77.6,206.8,877.0,4228.0,5.0,1,
718200,1849.0,57.9,72.4,123.6,1031.0,4516.0,4.0,1,
718300,1865.5,52.2,74.1,101.7,1075.0,4267.0,5.0,1,
718400,1847.7,128.5,69.5,92.7,934.0,3738.0,4.0,1,
718600,1861.7,25.6,65.8,209.3,934.0,3738.0,4.0,1,
718700,1863.8,29.9,65.8,239.7,934.0,3738.0,4.0,1,
718800,1865.0,29.8,65.9,241.0,934.0,3738.0,4.0,1,
718900,1866.7,30.0,66.0,240.4,934.0,3738.0,4.0,1,
719000,1863.9,24.0,65.9,240.4,934.0,3738.0,4.0,1,
719100,1862.8,26.4,65.8,240.4,934.0,3738.0,4.0,1,
719200,1863.9,27.3,65.7,240.2,934.0,3738.0,4.0,1,
719300,1866.7,28.6,65.7,240.3,934.0,3738.0,4.0,1,
719400,1865.0,25.3,65.7,240.3,934.0,3738.0,4.0,1,
719600,1870.5,71.3,67.9,240.1,636.0,3242.0,6.0,1,
719700,1856.6,36.5,70.1,173.4,852.0,4254.0,5.0,1,
719800,1870.0,231.4,84.9,98.7,1128.0,3307.0,2.0,0,
719900,1856.8,219.7,110.9,92.7,964.0,3069.0,2.0,0,
720000,1861.6,229.7,129.0,133.9,1475.0,3552.0,2.0,0,
720100,1853.5,89.2,134.0,163.8,880.0,2485.0,2.0,0,
720200,1859.0,28.7,134.1,166.4,880.0,2485.0,2.0,0,
720300,1860.8,27.4,134.2,102.4,880.0,2485.0,2.0,0,
720400,1860.5,27.6,134.2,94.4,880.0,2485.0,2.0,0,
720600,1858.0,28.3,134.4,240.3,880.0,2485.0,2.0,0,
720700,1854.1,26.5,134.6,240.3,880.0,2485.0,2.0,0,
720800,1860.4,30.7,134.7,240.3,880.0,2485.0,2.0,0,
720900,1861.3,26.7,134.8,240.3,880.0,2485.0,2.0,0,
721000,1862.0,26.8,134.8,240.2,880.0,2485.0,2.0,0,
721100,1864.0,67.8,136.6,240.1,880.0,2485.0,2.0,0,
721200,1856.8,33.8,137.2,239.3,606.0,3310.0,5.0,1,
721300,1862.0,259.4,145.3,111.4,1208.0,3147.0,26.0,0,
721400,1854.3,217.3,156.0,88.9,988.0,3640.0,2.0,0,
721600,1841.5,176.3,149.3,166.6,1075.0,3600.0,28.0,0,
721700,1854.5,158.4,150.7,209.2,964.0,2779.0,2.0,0,
721800,1863.0,34.7,150.8,167.8,964.0,2779.0,2.0,0,
721900,1863.2,28.8,150.7,105.5,964.0,2779.0,2.0,0,
722000,1864.0,30.5,150.6,94.6,964.0,2779.0,2.0,0,
722100,1869.5,30.9,150.5,184.8,964.0,2779.0,2.0,0,
722200,1863.4,29.6,150.4,240.2,964.0,2779.0,2.0,0,
722300,1865.1,28.5,150.3,240.2,964.0,2779.0,2.0,0,
722400,1868.2,27.9,150.1,240.2,964.0,2779.0,2.0,0,
722600,1863.0,27.3,150.0,240.4,964.0,2779.0,2.0,0,
722700,1863.6,25.7,149.9,240.3,964.0,2779.0,2.0,0,
722800,1863.7,37.2,148.1,240.2,630.0,3216.0,5.0,1,
722900,1855.7,35.0,142.2,239.9,864.0,4300.0,5.0,1,
723000,1882.5,34.2,125.3,237.9,1295.0,4851.0,5.0,1,
723100,1848.5,84.9,111.2,158.7,1272.0,4714.0,4.0,1,
723200,1861.2,31.5,89.5,53.8,1213.0,4626.0,4.0,1,
723300,1872.7,109.9,70.7,35.6,1273.0,3692.0,2.0,0,
723400,1861.3,34.2,63.3,94.4,1215.0,3516.0,2.0,0,
723600,1866.3,27.7,63.3,264.5,1215.0,3516.0,2.0,0,
723700,1860.2,28.5,63.2,240.7,1215.0,3516.0,2.0,0,
723800,1861.8,28.6,63.1,240.2,1215.0,3516.0,2.0,0,
723900,1865.3,32.3,63.1,240.2,1215.0,3516.0,2.0,0,
724000,1864.4,26.7,63.2,240.4,1215.0,3516.0,2.0,0,
724100,1862.5,27.3,63.3,240.3,1215.0,3516.0,2.0,0,
724200,1865.4,29.5,63.4,240.2,1215.0,3516.0,2.0,0,
724300,1864.8,28.4,63.5,240.3,1215.0,3516.0,2.0,0,
724400,1856.4,40.7,63.8,240.4,600.0,2729.0,5.0,1,
724600,1849.9,198.0,114.9,151.1,1388.0,4757.0,28.0,0,
724700,1870.2,249.5,134.1,157.8,1466.0,3845.0,2.0,0,
724800,1871.0,147.4,143.4,184.6,1179.0,4150.0,2.0,0,
724900,1861.5,185.2,154.1,197.1,1138.0,3305.0,2.0,0,
725000,1855.6,45.0,155.5,168.6,1034.0,2927.0,2.0,0,
725100,1858.0,29.0,155.5,164.4,1034.0,2927.0,2.0,0,
725200,1861.2,27.4,155.6,158.3,1034.0,2927.0,2.0,0,
725300,1864.3,26.0,155.6,239.3,1034.0,2927.0,2.0,0,
725400,1862.9,27.8,155.5,240.4,1034.0,2927.0,2.0,0,
725600,1860.2,27.0,155.6,240.1,1034.0,2927.0,2.0,0,
725700,1865.8,25.0,155.5,240.2,1034.0,2927.0,2.0,0,
725800,1861.6,25.9,155.6,240.3,1034.0,2927.0,2.0,0,
725900,1862.8,25.8,155.5,240.3,1034.0,2927.0,2.0,0,
726000,1874.1,25.0,155.5,240.3,425.0,2267.0,6.0,1,
726100,1847.3,106.9,146.6,240.3,697.0,3482.0,5.0,1,
726200,1873.1,23.4,130.9,238.7,780.0,3497.0,4.0,1,
726300,1862.8,49.4,114.9,37.9,683.0,2938.0,4.0,1,
726400,1855.7,40.6,94.7,37.3,926.0,3708.0,5.0,1,
726600,1856.9,64.8,102.7,100.3,1073.0,2991.0,2.0,0,
726700,1863.7,29.8,102.6,130.7,1073.0,2991.0,2.0,0,
726800,1860.7,25.3,102.6,122.3,1073.0,2991.0,2.0,0,
726900,1861.6,28.0,102.5,117.3,1073.0,2991.0,2.0,0,
727000,1863.9,26.5,102.5,239.8,1073.0,2991.0,2.0,0,
727100,1860.0,24.6,102.4,240.4,1073.0,2991.0,2.0,0,
727200,1863.9,25.1,102.3,240.3,1073.0,2991.0,2.0,0,
727300,1859.7,30.5,102.3,240.3,1073.0,2991.0,2.0,0,
727400,1862.3,25.4,102.2,240.3,1073.0,2991.0,2.0,0,
727600,1860.4,24.0,102.5,240.3,413.0,1865.0,5.0,1,
727700,1875.3,24.9,102.6,240.2,532.0,2555.0,6.0,1,
727800,1874.3,70.6,102.2,239.8,725.0,2992.0,4.0,1,
727900,1847.8,51.4,101.9,117.2,802.0,3255.0,4.0,1,
728000,1868.0,31.9,106.3,44.1,866.0,3552.0,5.0,1,
728100,1854.0,101.6,84.2,38.6,935.0,3340.0,5.0,1,
728200,1866.0,33.2,58.3,37.8,913.0,3513.0,4.0,1,
728300,1864.1,29.7,58.4,41.9,913.0,3513.0,4.0,1,
728400,1862.9,27.2,58.5,77.1,913.0,3513.0,4.0,1,
728600,1863.5,29.0,58.7,240.3,913.0,3513.0,4.0,1,
728700,1863.7,27.5,58.8,240.3,913.0,3513.0,4.0,1,
728800,1862.6,27.8,58.9,240.2,913.0,3513.0,4.0,1,
728900,1862.9,28.4,58.9,240.3,913.0,3513.0,4.0,1,
729000,1863.2,22.4,58.9,240.3,913.0,3513.0,4.0,1,
729100,1862.7,25.0,58.9,240.3,913.0,3513.0,4.0,1,
729200,1856.8,46.6,58.7,240.4,913.0,3513.0,4.0,1,
729300,1869.0,58.2,60.0,240.3,552.0,2714.0,6.0,1,
729400,1855.0,38.7,55.8,239.3,834.0,3510.0,5.0,1,
729600,1851.8,154.9,50.8,45.6,1005.0,3943.0,4.0,1,
729700,1866.3,63.0,68.9,37.6,1124.0,4118.0,4.0,1,
729800,1865.9,104.5,74.8,34.8,1309.0,4167.0,28.0,0,
729900,1861.8,32.1,75.5,36.2,1335.0,3433.0,2.0,0,
730000,1862.9,29.4,75.5,142.2,1335.0,3433.0,2.0,0,
730100,1865.1,28.2,75.6,248.1,1335.0,3433.0,2.0,0,
730200,1863.8,28.7,75.5,241.0,1335.0,3433.0,2.0,0,
730300,1860.9,26.6,75.5,240.3,1335.0,3433.0,2.0,0,
730400,1860.2,26.8,75.5,240.2,1335.0,3433.0,2.0,0,
730600,1863.5,26.4,75.6,240.3,1335.0,3433.0,2.0,0,
730700,1862.6,28.2,75.7,240.4,1335.0,3433.0,2.0,0,
730800,1863.8,26.5,75.8,240.3,1335.0,3433.0,2.0,0,
730900,1868.4,34.3,75.7,240.3,498.0,2305.0,5.0,1,
731000,1867.4,48.2,74.6,240.1,651.0,2883.0,5.0,1,
731100,1855.5,91.6,74.8,209.8,951.0,3864.0,5.0,1,
731200,1880.8,76.5,83.7,37.4,903.0,3707.0,4.0,1,
731300,1851.9,223.0,90.3,28.6,1414.0,3901.0,27.0,0,
731400,1857.2,218.3,117.5,38.9,1037.0,3073.0,2.0,0,
731600,1860.5,27.1,116.1,99.4,1037.0,3073.0,2.0,0,
731700,1864.6,26.9,116.1,94.0,1037.0,3073.0,2.0,0,
731800,1863.1,28.4,116.2,122.7,1037.0,3073.0,2.0,0,
731900,1862.9,27.6,116.2,240.1,1037.0,3073.0,2.0,0,
732000,1865.8,29.6,116.2,240.3,1037.0,3073.0,2.0,0,
732100,1860.5,26.5,116.2,240.3,1037.0,3073.0,2.0,0,
732200,1862.7,28.5,116.3,240.3,1037.0,3073.0,2.0,0,
732300,1862.5,32.3,116.3,240.3,1037.0,3073.0,2.0,0,
732400,1864.4,29.0,116.3,240.4,1037.0,3073.0,2.0,0,
732600,1851.4,78.7,123.8,101.7,615.0,2798.0,5.0,1,
732700,1875.9,38.2,125.3,73.2,653.0,2481.0,5.0,1,
732800,1856.7,48.6,117.7,78.8,587.0,2409.0,4.0,1,
732900,1858.3,27.6,111.0,102.0,614.0,2153.0,5.0,1,
733000,1870.3,40.5,82.5,116.3,422.0,1953.0,6.0,1,
733100,1852.4,30.3,65.9,151.9,484.0,2141.0,5.0,1,
733200,1868.0,28.8,66.0,155.4,484.0,2141.0,5.0,1,
733300,1863.6,32.7,66.0,196.4,484.0,2141.0,5.0,1,
733400,1864.1,32.4,66.1,239.9,484.0,2141.0,5.0,1,
733600,1862.5,28.9,66.1,240.3,484.0,2141.0,5.0,1,
733700,1862.8,31.0,66.1,240.2,484.0,2141.0,5.0,1,
733800,1862.2,30.2,66.2,240.3,484.0,2141.0,5.0,1,
733900,1863.2,32.7,66.2,240.2,484.0,2141.0,5.0,1,
734000,1864.2,28.1,66.3,240.3,484.0,2141.0,5.0,1,
734100,1854.6,37.4,58.3,240.3,526.0,2616.0,6.0,1,
734200,1865.4,97.2,59.6,240.0,483.0,2421.0,5.0,1,
734300,1852.3,162.9,61.6,38.2,1588.0,3003.0,26.0,0,
734400,1864.7,49.6,75.4,35.4,542.0,2200.0,5.0,1,
734600,1863.1,132.1,79.7,154.3,562.0,2353.0,5.0,1,
734700,1871.3,38.9,84.9,113.6,514.0,2010.0,5.0,1,
734800,1866.7,27.7,84.8,40.3,514.0,2010.0,5.0,1,
734900,1868.3,28.3,84.8,30.2,514.0,2010.0,5.0,1,
735000,1860.9,27.5,84.8,94.6,514.0,2010.0,5.0,1,
735100,1862.7,29.2,84.8,240.2,514.0,2010.0,5.0,1,
735200,1861.5,32.0,84.8,240.3,514.0,2010.0,5.0,1,
735300,1863.4,33.3,84.8,240.3,514.0,2010.0,5.0,1,
735400,1862.7,29.5,84.8,240.3,514.0,2010.0,5.0,1,
735600,1863.2,32.3,84.8,240.3,514.0,2010.0,5.0,1,
735700,1874.3,40.3,84.8,240.3,475.0,2265.0,6.0,1,
735800,1850.5,25.8,83.3,240.2,437.0,2464.0,6.0,1,
735900,1871.7,59.3,80.3,239.3,660.0,2434.0,5.0,1,
736000,1865.7,49.3,63.5,77.8,706.0,2678.0,4.0,1,
736100,1853.5,37.1,67.6,38.1,711.0,2674.0,5.0,1,
736200,1870.8,32.5,68.2,36.8,873.0,3600.0,6.0,1,
736300,1855.3,36.4,54.8,36.6,953.0,3526.0,4.0,1,
736400,1864.8,31.4,54.9,43.2,953.0,3526.0,4.0,1,
736600,1861.1,32.0,55.0,239.8,953.0,3526.0,4.0,1,
736700,1862.1,29.0,55.0,240.2,953.0,3526.0,4.0,1,
736800,1862.8,31.8,55.0,240.3,953.0,3526.0,4.0,1,
736900,1863.0,31.0,55.2,240.4,953.0,3526.0,4.0,1,
737000,1864.7,27.7,55.2,240.4,953.0,3526.0,4.0,1,
737100,1862.2,29.9,55.1,240.5,953.0,3526.0,4.0,1,
737200,1861.5,29.0,55.1,240.5,953.0,3526.0,4.0,1,
737300,1863.8,26.6,55.2,240.4,953.0,3526.0,4.0,1,
737400,1860.6,74.8,56.7,240.3,402.0,1941.0,6.0,1,
737600,1863.8,39.0,53.7,130.1,637.0,2378.0,5.0,1,
737700,1868.1,111.1,46.7,106.0,718.0,2664.0,6.0,1,
737800,1854.3,93.5,57.1,42.7,593.0,2297.0,5.0,1,
737900,1863.4,36.3,60.8,37.8,661.0,2670.0,5.0,1,
738000,1868.2,30.3,60.5,80.4,556.0,2570.0,4.0,1,
738100,1860.8,25.4,60.4,110.0,556.0,2570.0,4.0,1,
738200,1862.0,34.1,60.5,167.2,556.0,2570.0,4.0,1,
738300,1864.8,29.3,60.7,240.2,556.0,2570.0,4.0,1,
738400,1862.3,28.7,60.6,240.3,556.0,2570.0,4.0,1,
738600,1862.2,31.5,60.5,240.2,556.0,2570.0,4.0,1,
738700,1862.5,31.3,60.6,240.2,556.0,2570.0,4.0,1,
738800,1863.4,29.6,60.6,240.3,556.0,2570.0,4.0,1,
738900,1860.7,29.1,60.5,240.3,556.0,2570.0,4.0,1,
739000,1855.4,120.8,65.9,240.4,384.0,1821.0,5.0,1,
739100,1865.2,59.0,74.2,124.2,744.0,2865.0,5.0,1,
739200,1859.2,87.1,81.0,30.0,633.0,2797.0,4.0,1,
739300,1867.0,49.8,79.7,36.4,736.0,2772.0,5.0,1,
739400,1876.5,61.8,74.7,49.8,773.0,3611.0,5.0,1,
739600,1873.8,32.5,72.2,84.7,947.0,3654.0,5.0,1,
739700,1861.4,32.4,72.4,90.0,947.0,3654.0,5.0,1,
739800,1864.8,32.4,72.5,238.6,947.0,3654.0,5.0,1,
739900,1864.3,34.4,72.5,240.0,947.0,3654.0,5.0,1,
740000,1862.6,30.8,72.7,240.4,947.0,3654.0,5.0,1,
740100,1863.6,32.5,72.7,240.5,947.0,3654.0,5.0,1,
740200,1860.9,32.0,72.7,240.4,947.0,3654.0,5.0,1,
740300,1864.8,31.5,72.9,240.3,947.0,3654.0,5.0,1,
740400,1861.5,31.6,72.9,240.3,947.0,3654.0,5.0,1,
740600,1871.6,31.7,72.7,240.4,495.0,2640.0,6.0,1,
740700,1854.5,57.1,55.9,240.2,808.0,3358.0,5.0,1,
740800,1857.3,29.1,55.1,239.7,860.0,3366.0,5.0,1,
740900,1890.0,48.8,56.9,82.0,998.0,3859.0,5.0,1,
741000,1845.6,63.8,55.0,36.0,966.0,3494.0,5.0,1,
741100,1871.7,43.9,61.0,35.8,1012.0,3942.0,4.0,1,
741200,1858.2,31.5,60.6,35.6,1084.0,3998.0,4.0,1,
741300,1859.2,31.3,60.5,35.1,1084.0,3998.0,4.0,1,
741400,1865.5,30.1,60.6,80.8,1084.0,3998.0,4.0,1,
741600,1864.9,28.8,60.4,240.3,1084.0,3998.0,4.0,1,
741700,1862.2,31.5,60.4,240.3,1084.0,3998.0,4.0,1,
741800,1863.6,30.7,60.4,240.2,1084.0,3998.0,4.0,1,
741900,1863.7,30.4,60.3,240.2,1084.0,3998.0,4.0,1,
742000,1859.8,30.7,60.2,240.4,1084.0,3998.0,4.0,1,
742100,1862.4,29.1,60.3,240.3,1084.0,3998.0,4.0,1,
742200,1860.5,33.8,60.4,240.2,493.0,2383.0,6.0,1,
742300,1870.9,57.4,63.9,240.2,748.0,3174.0,5.0,1,
742400,1864.9,51.5,67.8,238.0,789.0,3193.0,5.0,1,
742600,1872.6,189.9,81.5,35.9,942.0,2780.0,2.0,0,
742700,1851.9,209.9,100.0,100.3,843.0,2650.0,27.0,0,
742800,1865.9,51.9,109.6,174.4,1021.0,3236.0,2.0,0,
742900,1864.4,35.6,109.7,158.3,1021.0,3236.0,2.0,0,
743000,1861.4,31.1,109.7,196.1,1021.0,3236.0,2.0,0,
743100,1863.5,31.8,109.8,240.3,1021.0,3236.0,2.0,0,
743200,1862.7,30.7,109.7,240.3,1021.0,3236.0,2.0,0,
743300,1864.1,32.5,109.8,240.4,1021.0,3236.0,2.0,0,
743400,1863.7,33.1,109.8,240.4,1021.0,3236.0,2.0,0,
743600,1864.0,31.5,109.8,240.3,1021.0,3236.0,2.0,0,
743700,1863.9,35.2,109.9,240.3,1021.0,3236.0,2.0,0,
743800,1867.2,50.9,110.0,240.3,1021.0,3236.0,2.0,0,
743900,1844.0,181.2,112.4,240.2,439.0,2125.0,6.0,1,
744000,1865.4,62.6,120.8,238.2,813.0,3231.0,5.0,1,
744100,1867.7,156.0,121.7,155.7,894.0,3505.0,5.0,1,
744200,1851.0,182.8,112.5,138.1,863.0,3422.0,4.0,1,
744300,1875.9,209.3,123.9,69.2,1158.0,3194.0,2.0,0,
744400,1860.0,96.5,124.5,71.3,1020.0,2669.0,2.0,0,
744600,1866.7,35.2,124.4,124.2,1020.0,2669.0,2.0,0,
744700,1862.7,29.0,124.4,218.0,1020.0,2669.0,2.0,0,
744800,1863.1,31.1,124.4,240.5,1020.0,2669.0,2.0,0,
744900,1867.1,35.4,124.4,240.3,1020.0,2669.0,2.0,0,
745000,1863.3,29.4,124.4,240.3,1020.0,2669.0,2.0,0,
745100,1863.5,30.5,124.4,240.3,1020.0,2669.0,2.0,0,
745200,1864.2,30.8,124.3,240.2,1020.0,2669.0,2.0,0,
745300,1862.3,28.2,124.3,240.2,1020.0,2669.0,2.0,0,
745400,1866.6,59.0,124.2,240.3,1020.0,2669.0,2.0,0,
745600,1861.4,71.0,112.6,235.1,656.0,2807.0,4.0,1,
745700,1874.9,42.6,115.8,41.7,969.0,3508.0,5.0,1,
745800,1866.1,124.5,116.0,39.9,850.0,3336.0,4.0,1,
745900,1853.3,138.9,97.3,44.8,1339.0,3609.0,28.0,0,
746000,1868.8,222.8,102.0,74.9,1077.0,3228.0,2.0,0,
746100,1861.9,38.4,103.6,143.8,959.0,2655.0,2.0,0,
746200,1864.0,29.9,103.6,137.3,959.0,2655.0,2.0,0,
746300,1864.2,31.7,103.6,99.6,959.0,2655.0,2.0,0,
746400,1863.8,30.5,103.5,156.0,959.0,2655.0,2.0,0,
746600,1864.1,27.3,103.4,240.4,959.0,2655.0,2.0,0,
746700,1863.5,31.3,103.4,240.3,959.0,2655.0,2.0,0,
746800,1863.1,30.4,103.4,240.3,959.0,2655.0,2.0,0,
746900,1862.9,34.0,103.5,240.3,959.0,2655.0,2.0,0,
747000,1864.8,30.4,103.6,240.3,959.0,2655.0,2.0,0,
747100,1858.7,21.5,102.6,240.2,626.0,2547.0,6.0,1,
747200,1867.1,29.3,101.0,240.1,677.0,3022.0,5.0,1,
747300,1866.5,209.5,113.7,238.2,1010.0,2651.0,25.0,0,
747400,1849.8,119.6,118.4,100.2,881.0,3587.0,5.0,1,
747600,1862.3,246.9,134.0,156.8,1691.0,3404.0,26.0,0,
747700,1863.4,59.9,136.5,158.4,656.0,2168.0,2.0,0,
747800,1862.1,31.9,136.5,157.7,656.0,2168.0,2.0,0,
747900,1863.3,31.9,136.5,158.2,656.0,2168.0,2.0,0,
748000,1862.6,33.0,136.6,168.5,656.0,2168.0,2.0,0,
748100,1864.2,33.3,136.7,240.1,656.0,2168.0,2.0,0,
748200,1866.0,31.0,136.7,240.3,656.0,2168.0,2.0,0,
748300,1862.2,30.1,136.7,240.3,656.0,2168.0,2.0,0,
748400,1865.0,31.0,136.7,240.4,656.0,2168.0,2.0,0,
748600,1863.6,28.6,136.6,240.4,656.0,2168.0,2.0,0,
748700,1861.5,40.7,137.0,240.3,485.0,2449.0,5.0,1,
748800,1864.9,105.1,138.5,240.1,604.0,2756.0,3.0,1,
748900,1856.2,62.8,132.9,136.5,808.0,3277.0,5.0,1,
749000,1870.4,77.0,129.0,86.8,877.0,3505.0,4.0,1,
749100,1872.6,108.4,122.5,45.7,1113.0,3327.0,28.0,0,
749200,1846.8,184.1,119.9,43.8,922.0,2918.0,2.0,0,
749300,1870.3,83.1,115.9,124.2,597.0,2178.0,2.0,0,
749400,1860.0,34.9,116.0,131.6,597.0,2178.0,2.0,0,
749600,1857.5,31.2,115.9,94.7,597.0,2178.0,2.0,0,
749700,1864.8,34.5,115.9,239.8,597.0,2178.0,2.0,0,
749800,1866.4,34.6,115.9,240.3,597.0,2178.0,2.0,0,
749900,1861.4,29.8,115.9,240.4,597.0,2178.0,2.0,0,
750000,1861.6,29.7,115.8,240.3,597.0,2178.0,2.0,0,
750100,1864.3,32.9,115.8,240.2,597.0,2178.0,2.0,0,
750200,1863.0,33.5,115.9,240.3,597.0,2178.0,2.0,0,
750300,1872.1,26.9,116.0,240.3,516.0,2510.0,6.0,1,
750400,1861.0,155.9,113.7,240.3,597.0,2852.0,5.0,1,
750600,1864.4,190.2,122.7,40.9,673.0,2598.0,27.0,0,
750700,1861.1,202.2,140.0,40.2,828.0,2737.0,2.0,0,
750800,1871.6,212.5,135.8,93.4,954.0,3086.0,2.0,0,
750900,1852.5,109.5,136.8,185.5,851.0,2462.0,2.0,0,
751000,1864.5,38.5,136.7,197.0,851.0,2462.0,2.0,0,
751100,1864.1,31.7,136.7,110.6,851.0,2462.0,2.0,0,
751200,1866.5,33.8,136.7,94.4,851.0,2462.0,2.0,0,
751300,1863.9,35.4,136.8,239.5,851.0,2462.0,2.0,0,
751400,1862.2,32.7,136.8,240.3,851.0,2462.0,2.0,0,
751600,1861.3,31.2,136.9,240.3,851.0,2462.0,2.0,0,
751700,1863.0,30.6,136.9,240.3,851.0,2462.0,2.0,0,
751800,1862.8,32.6,136.9,240.4,851.0,2462.0,2.0,0,
751900,1863.9,49.6,136.9,240.3,851.0,2462.0,2.0,0,
752000,1873.5,34.5,139.1,240.2,407.0,2144.0,6.0,1,
752100,1849.0,166.1,135.4,211.6,703.0,3136.0,5.0,1,
752200,1865.8,215.3,146.2,76.4,769.0,2548.0,14.0,1,
752300,1862.1,272.2,138.5,105.9,1455.0,3691.0,27.0,0,
752400,1854.8,240.2,141.6,195.5,1150.0,3177.0,2.0,0,
752600,1851.8,39.7,148.4,158.6,831.0,2387.0,2.0,0,
752700,1863.3,33.1,148.4,131.0,831.0,2387.0,2.0,0,
752800,1861.7,32.7,148.4,104.2,831.0,2387.0,2.0,0,
752900,1865.4,37.9,148.4,201.5,831.0,2387.0,2.0,0,
753000,1863.0,34.7,148.4,240.3,831.0,2387.0,2.0,0,
753100,1860.0,32.0,148.4,240.3,831.0,2387.0,2.0,0,
753200,1863.9,30.5,148.3,240.4,831.0,2387.0,2.0,0,
753300,1861.8,30.1,148.3,240.4,831.0,2387.0,2.0,0,
753400,1865.9,31.8,148.3,240.4,831.0,2387.0,2.0,0,
753600,1851.0,28.6,146.5,240.0,519.0,2420.0,6.0,1,
753700,1865.0,43.4,146.3,239.6,775.0,2953.0,5.0,1,
753800,1858.1,52.8,133.3,208.2,809.0,3367.0,4.0,1,
753900,1862.0,45.3,120.3,83.8,1053.0,3802.0,5.0,1,
754000,1868.5,92.5,98.4,92.2,1172.0,4320.0,4.0,1,
754100,1849.1,43.2,68.4,91.2,959.0,3549.0,4.0,1,
754200,1871.5,32.9,52.0,37.3,960.0,3464.0,5.0,1,
754300,1863.7,31.8,52.0,30.1,960.0,3464.0,5.0,1,
754400,1864.4,32.0,52.0,132.1,960.0,3464.0,5.0,1,
754600,1862.6,33.5,51.7,240.3,960.0,3464.0,5.0,1,
754700,1863.9,31.2,51.6,240.2,960.0,3464.0,5.0,1,
754800,1863.3,32.3,51.8,240.3,960.0,3464.0,5.0,1,
754900,1861.9,31.5,51.9,240.4,960.0,3464.0,5.0,1,
755000,1860.6,31.1,51.8,240.4,960.0,3464.0,5.0,1,
755100,1864.3,33.5,51.8,240.4,960.0,3464.0,5.0,1,
755200,1874.0,26.9,51.1,240.4,492.0,2601.0,4.0,1,
755300,1863.9,59.9,53.6,240.4,608.0,2639.0,4.0,1,
755400,1868.8,31.1,53.5,239.3,868.0,3846.0,5.0,1,
755600,1852.0,156.2,92.0,115.6,1152.0,3477.0,2.0,0,
755700,1870.0,242.6,104.1,164.8,1198.0,3535.0,2.0,0,
755800,1857.8,56.2,113.9,167.8,988.0,2710.0,2.0,0,
755900,1864.6,32.7,113.9,143.0,988.0,2710.0,2.0,0,
756000,1865.3,33.7,113.9,94.3,988.0,2710.0,2.0,0,
756100,1859.0,30.2,114.0,100.9,988.0,2710.0,2.0,0,
756200,1862.6,31.7,114.0,240.0,988.0,2710.0,2.0,0,
756300,1863.4,31.2,114.0,240.2,988.0,2710.0,2.0,0,
756400,1862.1,34.1,114.0,240.3,988.0,2710.0,2.0,0,
756600,1862.0,33.5,113.9,240.3,988.0,2710.0,2.0,0,
756700,1862.6,33.4,113.9,240.3,988.0,2710.0,2.0,0,
756800,1866.8,43.6,115.3,240.3,524.0,2640.0,5.0,1,
756900,1861.9,50.6,114.8,239.9,708.0,3102.0,5.0,1,
757000,1860.0,206.8,129.4,85.4,982.0,2737.0,18.0,1,
757100,1854.0,199.7,136.7,80.3,1158.0,3140.0,27.0,0,
757200,1870.8,221.3,139.5,130.7,1118.0,3263.0,2.0,0,
757300,1873.0,238.6,144.1,195.1,1667.0,3620.0,27.0,0,
757400,1849.2,87.0,144.8,232.1,856.0,2482.0,2.0,0,
757600,1863.2,32.7,144.8,165.6,856.0,2482.0,2.0,0,
757700,1863.7,34.1,144.7,131.7,856.0,2482.0,2.0,0,
757800,1864.7,33.0,144.7,239.8,856.0,2482.0,2.0,0,
757900,1861.3,33.7,144.8,240.3,856.0,2482.0,2.0,0,
758000,1864.8,31.6,144.7,240.3,856.0,2482.0,2.0,0,
758100,1863.1,33.4,144.8,240.4,856.0,2482.0,2.0,0,
758200,1861.6,30.1,144.8,240.5,856.0,2482.0,2.0,0,
758300,1866.8,32.1,144.7,240.3,856.0,2482.0,2.0,0,
758400,1864.0,47.4,143.7,240.3,584.0,3001.0,6.0,1,
758600,1856.8,229.0,141.6,136.3,914.0,3063.0,26.0,0,
758700,1861.2,224.5,145.4,99.8,1216.0,3280.0,2.0,0,
758800,1880.9,109.8,139.3,98.8,1220.0,3449.0,28.0,0,
758900,1841.5,173.9,140.2,140.9,847.0,2796.0,2.0,0,
759000,1868.7,156.0,139.0,198.0,818.0,2537.0,2.0,0,
759100,1864.9,36.6,139.0,198.9,818.0,2537.0,2.0,0,
759200,1862.2,31.5,139.0,188.9,818.0,2537.0,2.0,0,
759300,1863.1,30.7,139.0,158.5,818.0,2537.0,2.0,0,
759400,1864.2,31.9,139.0,238.4,818.0,2537.0,2.0,0,
759600,1860.6,33.0,138.9,240.3,818.0,2537.0,2.0,0,
759700,1862.3,32.4,138.9,240.3,818.0,2537.0,2.0,0,
759800,1863.3,29.4,138.9,240.3,818.0,2537.0,2.0,0,
759900,1861.8,30.5,138.9,240.3,818.0,2537.0,2.0,0,
760000,1862.7,26.9,138.9,240.3,818.0,2537.0,2.0,0,
760100,1855.3,108.8,139.0,240.1,502.0,2618.0,6.0,1,
760200,1861.2,34.7,138.8,237.9,744.0,2941.0,5.0,1,
760300,1872.6,70.3,121.2,113.8,945.0,4202.0,5.0,1,
760400,1852.3,74.7,112.1,90.4,1015.0,4063.0,5.0,1,
760600,1855.8,49.5,76.6,39.5,953.0,3491.0,3.0,1,
760700,1873.3,32.9,66.7,38.1,1095.0,3728.0,4.0,1,
760800,1863.1,33.6,66.7,37.8,1095.0,3728.0,4.0,1,
760900,1864.8,30.9,66.7,237.1,1095.0,3728.0,4.0,1,
761000,1862.7,30.9,66.7,240.0,1095.0,3728.0,4.0,1,
761100,1865.3,33.9,66.7,240.2,1095.0,3728.0,4.0,1,
761200,1864.2,32.0,66.8,240.3,1095.0,3728.0,4.0,1,
761300,1861.0,31.8,66.8,240.3,1095.0,3728.0,4.0,1,
761400,1863.8,28.8,66.7,240.3,1095.0,3728.0,4.0,1,
761600,1864.7,29.0,66.8,240.3,1095.0,3728.0,4.0,1,
761700,1874.3,37.3,65.0,240.3,455.0,2260.0,6.0,1,
761800,1864.2,56.9,62.3,239.8,731.0,3230.0,6.0,1,
761900,1853.0,50.7,53.7,209.5,771.0,3015.0,5.0,1,
762000,1871.4,53.0,57.1,145.9,1039.0,4165.0,4.0,1,
762100,1858.5,68.7,56.1,93.5,968.0,3400.0,4.0,1,
762200,1863.7,41.2,61.9,45.7,1022.0,3884.0,4.0,1,
762300,1857.9,37.7,61.5,28.1,1046.0,3770.0,3.0,1,
762400,1863.7,29.8,61.5,27.9,1046.0,3770.0,3.0,1,
762600,1865.1,30.8,61.5,239.8,1046.0,3770.0,3.0,1,
762700,1863.5,29.8,61.4,240.3,1046.0,3770.0,3.0,1,
762800,1865.4,32.7,61.4,240.3,1046.0,3770.0,3.0,1,
762900,1863.3,29.0,61.5,240.3,1046.0,3770.0,3.0,1,
763000,1863.5,32.1,61.4,240.3,1046.0,3770.0,3.0,1,
763100,1863.8,31.5,61.5,240.3,1046.0,3770.0,3.0,1,
763200,1861.4,30.1,61.4,240.3,1046.0,3770.0,3.0,1,
763300,1870.8,67.2,62.2,240.3,547.0,2597.0,6.0,1,
763400,1849.3,59.1,63.8,239.9,590.0,2723.0,5.0,1,
763600,1867.3,43.1,65.3,145.5,879.0,3421.0,3.0,1,
763700,1853.4,37.1,60.3,35.7,1098.0,4120.0,4.0,1,
763800,1871.1,206.0,77.5,34.7,1276.0,3259.0,2.0,0,
763900,1859.4,72.8,93.9,150.6,1003.0,2592.0,2.0,0,
764000,1859.7,34.7,93.9,171.5,1003.0,2592.0,2.0,0,
764100,1862.9,31.7,93.9,131.9,1003.0,2592.0,2.0,0,
764200,1863.0,31.3,94.0,102.8,1003.0,2592.0,2.0,0,
764300,1863.5,33.8,94.0,239.9,1003.0,2592.0,2.0,0,
764400,1862.4,31.1,94.1,240.4,1003.0,2592.0,2.0,0,
764600,1862.6,31.8,94.3,240.4,1003.0,2592.0,2.0,0,
764700,1864.2,30.7,94.3,240.4,1003.0,2592.0,2.0,0,
764800,1862.6,28.9,94.3,240.3,1003.0,2592.0,2.0,0,
764900,1859.5,21.1,93.5,240.3,623.0,2876.0,6.0,1,
765000,1865.3,40.9,92.6,240.3,566.0,2604.0,6.0,1,
765100,1884.5,34.6,92.0,240.1,804.0,3159.0,4.0,1,
765200,1843.3,55.7,93.3,195.4,877.0,3502.0,5.0,1,
765300,1870.9,229.6,115.9,41.6,1319.0,3045.0,2.0,0,
765400,1852.2,157.9,124.5,90.2,1070.0,3230.0,2.0,0,
765600,1859.1,35.7,117.6,196.1,1070.0,3230.0,2.0,0,
765700,1861.2,34.2,117.7,199.6,1070.0,3230.0,2.0,0,
765800,1861.3,31.2,117.7,189.6,1070.0,3230.0,2.0,0,
765900,1861.1,33.5,117.7,239.6,1070.0,3230.0,2.0,0,
766000,1862.8,30.0,117.6,240.4,1070.0,3230.0,2.0,0,
766100,1862.1,32.6,117.6,240.4,1070.0,3230.0,2.0,0,
766200,1861.0,29.1,117.6,240.4,1070.0,3230.0,2.0,0,
766300,1863.5,34.6,117.6,240.4,1070.0,3230.0,2.0,0,
766400,1862.2,31.9,117.6,240.4,1070.0,3230.0,2.0,0,
766600,1863.8,23.4,117.3,240.2,552.0,2225.0,6.0,1,
766700,1855.6,34.0,117.0,240.0,560.0,2375.0,5.0,1,
766800,1872.6,31.4,114.5,239.3,611.0,2575.0,5.0,1,
766900,1851.8,43.4,98.4,207.7,993.0,3944.0,5.0,1,
767000,1869.5,32.0,71.7,153.0,896.0,3624.0,4.0,1,
767100,1860.4,50.7,48.1,207.4,992.0,3994.0,5.0,1,
767200,1862.6,33.2,42.7,141.1,992.0,3994.0,5.0,1,
767300,1860.8,33.4,42.8,51.9,992.0,3994.0,5.0,1,
767400,1861.3,32.2,42.9,238.0,992.0,3994.0,5.0,1,
767600,1863.4,30.6,43.0,240.4,992.0,3994.0,5.0,1,
767700,1863.5,29.2,43.0,240.4,992.0,3994.0,5.0,1,
767800,1864.6,32.4,42.9,240.3,992.0,3994.0,5.0,1,
767900,1863.9,32.4,42.9,240.3,992.0,3994.0,5.0,1,
768000,1863.8,30.1,42.9,240.2,992.0,3994.0,5.0,1,
768100,1860.5,31.4,42.9,240.2,992.0,3994.0,5.0,1,
768200,1867.1,31.0,46.1,240.3,453.0,2406.0,5.0,1,
768300,1867.3,45.7,46.0,239.7,693.0,2893.0,5.0,1,
768400,1857.4,80.3,46.5,154.2,764.0,3343.0,5.0,1,
768600,1855.4,136.3,60.2,49.7,1232.0,3916.0,28.0,0,
768700,1862.2,170.4,82.9,80.7,838.0,2552.0,2.0,0,
768800,1862.5,41.8,86.1,195.7,937.0,2653.0,2.0,0,
768900,1862.9,35.4,86.2,158.0,937.0,2653.0,2.0,0,
769000,1863.6,30.1,86.1,116.3,937.0,2653.0,2.0,0,
769100,1860.4,33.7,86.0,211.8,937.0,2653.0,2.0,0,
769200,1861.9,31.8,86.0,240.2,937.0,2653.0,2.0,0,
769300,1863.0,35.7,86.0,240.3,937.0,2653.0,2.0,0,
769400,1862.5,35.4,86.1,240.4,937.0,2653.0,2.0,0,
769600,1866.4,32.1,86.1,240.4,937.0,2653.0,2.0,0,
769700,1861.5,31.3,86.1,240.3,937.0,2653.0,2.0,0,
769800,1865.6,37.2,86.6,240.2,506.0,2490.0,6.0,1,
769900,1861.2,115.8,88.3,237.4,662.0,2583.0,5.0,1,
770000,1870.3,29.4,91.4,111.9,802.0,3111.0,5.0,1,
770100,1860.4,217.3,102.8,52.5,1635.0,3549.0,27.0,0,
770200,1865.0,215.8,124.3,35.2,494.0,2181.0,14.0,1,
770300,1872.2,260.3,126.0,93.3,1085.0,3146.0,2.0,0,
770400,1860.0,57.6,130.5,171.1,858.0,2465.0,2.0,0,
770600,1862.9,32.3,130.5,165.4,858.0,2465.0,2.0,0,
770700,1862.8,32.1,130.5,137.5,858.0,2465.0,2.0,0,
770800,1865.1,33.4,130.5,240.1,858.0,2465.0,2.0,0,
770900,1866.6,37.0,130.4,240.4,858.0,2465.0,2.0,0,
771000,1866.3,33.6,130.4,240.4,858.0,2465.0,2.0,0,
771100,1864.2,31.5,130.4,240.2,858.0,2465.0,2.0,0,
771200,1860.3,28.7,130.5,240.2,858.0,2465.0,2.0,0,
771300,1864.3,31.5,130.4,240.3,858.0,2465.0,2.0,0,
771400,1866.5,66.2,130.4,240.3,436.0,2158.0,6.0,1,
771600,1859.4,82.5,135.2,135.6,689.0,2288.0,28.0,0,
771700,1863.7,34.0,130.2,94.5,878.0,3376.0,4.0,1,
771800,1862.9,239.8,126.3,76.7,994.0,3136.0,2.0,0,
771900,1864.5,162.7,127.5,79.4,574.0,2388.0,26.0,0,
772000,1864.0,56.4,125.5,115.8,1039.0,2993.0,2.0,0,
772100,1862.6,32.6,125.5,158.3,1039.0,2993.0,2.0,0,
772200,1863.3,30.3,125.5,201.5,1039.0,2993.0,2.0,0,
772300,1862.1,33.6,125.5,239.7,1039.0,2993.0,2.0,0,
772400,1864.5,34.4,125.6,240.3,1039.0,2993.0,2.0,0,
772600,1865.5,31.6,125.5,240.4,1039.0,2993.0,2.0,0,
772700,1861.8,31.5,125.5,240.4,1039.0,2993.0,2.0,0,
772800,1865.8,33.7,125.5,240.3,1039.0,2993.0,2.0,0,
772900,1866.9,35.2,125.5,240.2,1039.0,2993.0,2.0,0,
773000,1866.6,86.4,127.6,240.2,587.0,2530.0,6.0,1,
773100,1850.8,71.8,126.9,239.5,456.0,2214.0,6.0,1,
773200,1866.7,40.6,125.5,84.3,722.0,3242.0,5.0,1,
773300,1873.1,214.8,136.1,72.8,1318.0,3262.0,27.0,0,
773400,1846.8,227.3,141.4,71.7,426.0,2168.0,23.0,1,
773600,1865.7,125.5,137.1,138.0,604.0,2098.0,2.0,0,
773700,1864.1,37.1,137.1,184.9,604.0,2098.0,2.0,0,
773800,1863.0,31.9,137.1,174.7,604.0,2098.0,2.0,0,
773900,1863.3,31.5,137.1,157.5,604.0,2098.0,2.0,0,
774000,1861.0,28.7,137.1,239.7,604.0,2098.0,2.0,0,
774100,1862.2,30.9,137.1,240.2,604.0,2098.0,2.0,0,
774200,1865.0,35.0,137.1,240.2,604.0,2098.0,2.0,0,
774300,1864.2,31.5,137.2,240.3,604.0,2098.0,2.0,0,
774400,1864.9,35.0,137.2,240.3,604.0,2098.0,2.0,0,
774600,1867.1,30.0,137.3,240.4,604.0,2098.0,2.0,0,
774700,1855.2,41.4,139.0,240.2,467.0,2560.0,5.0,1,
774800,1884.7,36.4,134.7,74.0,556.0,2342.0,6.0,1,
774900,1845.9,112.5,126.0,37.3,879.0,3179.0,2.0,0,
775000,1867.4,246.0,126.4,39.3,659.0,2619.0,18.0,1,
775100,1863.2,296.3,130.6,152.0,1413.0,3440.0,27.0,0,
775200,1856.1,259.9,139.6,158.7,424.0,2261.0,22.0,1,
775300,1865.7,44.0,139.9,198.9,498.0,1995.0,13.0,1,
775400,1863.7,33.4,140.0,142.2,498.0,1995.0,13.0,1,
775600,1863.0,32.0,140.0,102.6,498.0,1995.0,13.0,1,
775700,1862.7,32.9,140.0,240.3,498.0,1995.0,13.0,1,
775800,1866.1,34.2,140.0,240.4,498.0,1995.0,13.0,1,
775900,1865.7,33.1,140.0,240.3,498.0,1995.0,13.0,1,
776000,1865.6,31.4,139.9,240.3,498.0,1995.0,13.0,1,
776100,1863.6,34.6,139.9,240.2,498.0,1995.0,13.0,1,
776200,1866.9,33.4,139.9,240.2,498.0,1995.0,13.0,1,
776300,1875.2,27.1,136.9,240.3,413.0,1951.0,6.0,1,
776400,1850.5,66.5,137.8,237.9,608.0,2863.0,5.0,1,
776600,1864.9,242.8,132.8,115.4,1447.0,3894.0,28.0,0,
776700,1871.3,165.7,129.3,102.6,844.0,2823.0,2.0,0,
776800,1853.8,164.8,122.0,154.3,857.0,2563.0,2.0,0,
776900,1859.4,48.4,120.2,198.0,869.0,2406.0,2.0,0,
777000,1864.0,34.4,120.2,194.5,869.0,2406.0,2.0,0,
777100,1861.8,30.2,120.3,135.3,869.0,2406.0,2.0,0,
777200,1863.4,29.5,120.2,134.4,869.0,2406.0,2.0,0,
777300,1865.5,32.2,120.2,240.2,869.0,2406.0,2.0,0,
777400,1865.5,32.9,120.2,240.4,869.0,2406.0,2.0,0,
777600,1864.2,32.6,120.2,240.3,869.0,2406.0,2.0,0,
777700,1863.6,31.8,120.2,240.3,869.0,2406.0,2.0,0,
777800,1865.0,27.3,120.1,240.4,869.0,2406.0,2.0,0,
777900,1860.3,134.2,119.9,240.3,590.0,2493.0,6.0,1,
778000,1869.2,32.8,124.6,238.8,450.0,2130.0,5.0,1,
778100,1864.3,25.3,124.2,79.6,677.0,2870.0,5.0,1,
778200,1863.3,151.1,118.8,68.9,822.0,3232.0,5.0,1,
778300,1863.3,205.0,123.6,37.0,1004.0,2929.0,2.0,0,
778400,1858.2,244.1,123.1,44.2,1690.0,3662.0,27.0,0,
778600,1860.5,34.3,127.8,198.7,1690.0,3662.0,27.0,0,
778700,1862.4,31.6,127.7,157.7,1690.0,3662.0,27.0,0,
778800,1864.8,28.0,127.8,136.2,1690.0,3662.0,27.0,0,
778900,1865.4,31.4,127.8,240.0,1690.0,3662.0,27.0,0,
779000,1865.5,31.5,127.8,240.3,1690.0,3662.0,27.0,0,
779100,1862.8,32.3,127.8,240.3,1690.0,3662.0,27.0,0,
779200,1864.0,32.9,127.8,240.4,1690.0,3662.0,27.0,0,
779300,1864.4,33.6,127.9,240.4,1690.0,3662.0,27.0,0,
779400,1863.0,33.8,127.9,240.3,1690.0,3662.0,27.0,0,
779600,1864.0,50.3,123.4,240.2,397.0,2055.0,6.0,1,
779700,1857.2,65.3,122.8,204.2,449.0,2069.0,4.0,1,
779800,1864.5,61.5,126.6,104.1,704.0,2722.0,5.0,1,
779900,1864.1,38.1,108.9,68.3,674.0,2816.0,5.0,1,
780000,1861.2,91.0,95.3,36.2,914.0,3252.0,5.0,1,
780100,1871.0,61.9,82.3,36.1,933.0,2947.0,2.0,0,
780200,1861.6,32.4,82.3,86.7,933.0,2947.0,2.0,0,
780300,1864.2,33.2,82.3,189.6,933.0,2947.0,2.0,0,
780400,1863.7,28.2,82.3,240.2,933.0,2947.0,2.0,0,
780600,1862.5,34.0,82.2,240.3,933.0,2947.0,2.0,0,
780700,1863.5,31.6,82.2,240.3,933.0,2947.0,2.0,0,
780800,1864.1,32.5,82.3,240.3,933.0,2947.0,2.0,0,
780900,1865.3,32.8,82.3,240.3,933.0,2947.0,2.0,0,
781000,1859.6,32.6,82.3,240.4,933.0,2947.0,2.0,0,
781100,1875.7,34.7,82.3,240.3,933.0,2947.0,2.0,0,
781200,1843.7,136.6,84.2,240.2,838.0,2434.0,26.0,0,
781300,1865.3,60.6,89.8,237.8,692.0,3150.0,5.0,1,
781400,1861.2,66.3,89.3,99.7,870.0,3168.0,4.0,1,
781600,1879.3,235.3,117.4,41.3,1179.0,3301.0,2.0,0,
781700,1852.8,135.6,125.0,44.8,1029.0,2805.0,2.0,0,
781800,1866.4,36.1,125.1,99.8,1029.0,2805.0,2.0,0,
781900,1867.5,34.1,125.1,94.4,1029.0,2805.0,2.0,0,
782000,1865.5,29.6,125.0,92.8,1029.0,2805.0,2.0,0,
782100,1867.9,30.2,125.0,239.5,1029.0,2805.0,2.0,0,
782200,1865.5,29.1,124.8,240.3,1029.0,2805.0,2.0,0,
782300,1864.1,30.1,124.7,240.4,1029.0,2805.0,2.0,0,
782400,1863.8,29.1,124.6,240.3,1029.0,2805.0,2.0,0,
782600,1863.8,29.5,124.4,240.3,1029.0,2805.0,2.0,0,
782700,1864.4,22.2,124.3,240.3,1029.0,2805.0,2.0,0,
782800,1874.3,41.1,124.5,240.3,495.0,2324.0,5.0,1,
782900,1862.4,28.8,120.6,239.9,631.0,2803.0,5.0,1,
783000,1868.2,32.3,116.5,131.0,829.0,3479.0,5.0,1,
783100,1856.0,36.7,119.4,111.0,927.0,3620.0,4.0,1,
783200,1856.2,34.8,95.0,88.4,960.0,3833.0,4.0,1,
783300,1864.2,21.2,58.8,41.6,946.0,3654.0,4.0,1,
783400,1860.5,33.6,54.5,80.2,997.0,3435.0,4.0,1,
783600,1865.0,31.8,54.7,240.1,997.0,3435.0,4.0,1,
783700,1863.4,34.3,54.8,240.4,997.0,3435.0,4.0,1,
783800,1863.2,28.8,55.0,240.4,997.0,3435.0,4.0,1,
783900,1863.0,32.2,55.1,240.3,997.0,3435.0,4.0,1,
784000,1862.3,34.0,55.2,240.3,997.0,3435.0,4.0,1,
784100,1865.5,32.5,55.3,240.3,997.0,3435.0,4.0,1,
784200,1862.0,31.6,55.4,240.3,997.0,3435.0,4.0,1,
784300,1863.3,32.5,55.6,240.2,997.0,3435.0,4.0,1,
784400,1866.7,59.2,59.4,240.2,453.0,2456.0,5.0,1,
784600,1864.5,48.6,78.6,43.9,702.0,2691.0,4.0,1,
784700,1858.8,97.0,78.6,34.4,563.0,2447.0,4.0,1,
784800,1862.6,69.2,79.0,35.2,755.0,2701.0,5.0,1,
784900,1867.1,63.9,83.5,44.3,938.0,3827.0,5.0,1,
785000,1859.5,37.3,83.7,44.4,793.0,3572.0,4.0,1,
785100,1861.8,37.1,83.7,36.8,793.0,3572.0,4.0,1,
785200,1863.0,31.7,83.8,150.9,793.0,3572.0,4.0,1,
785300,1864.3,32.7,83.7,240.2,793.0,3572.0,4.0,1,
785400,1862.5,34.1,83.7,240.4,793.0,3572.0,4.0,1,
785600,1866.4,31.8,83.8,240.3,793.0,3572.0,4.0,1,
785700,1861.9,28.8,83.8,240.4,793.0,3572.0,4.0,1,
785800,1862.9,32.2,83.8,240.4,793.0,3572.0,4.0,1,
785900,1864.8,33.0,83.7,240.3,793.0,3572.0,4.0,1,
786000,1861.7,57.9,83.7,240.3,512.0,2628.0,6.0,1,
786100,1861.3,30.3,82.8,239.4,684.0,3060.0,5.0,1,
786200,1860.1,43.8,62.6,135.5,918.0,3610.0,4.0,1,
786300,1861.7,187.3,63.3,116.3,844.0,3645.0,5.0,1,
786400,1883.5,214.8,87.1,138.0,1127.0,3422.0,2.0,0,
786600,1870.5,89.1,125.7,186.3,964.0,2623.0,2.0,0,
786700,1863.3,34.0,125.6,167.6,964.0,2623.0,2.0,0,
786800,1863.3,33.1,125.6,149.8,964.0,2623.0,2.0,0,
786900,1865.3,33.8,125.7,140.1,964.0,2623.0,2.0,0,
787000,1864.8,33.2,125.7,239.8,964.0,2623.0,2.0,0,
787100,1864.3,32.5,125.6,240.3,964.0,2623.0,2.0,0,
787200,1866.4,30.1,125.6,240.4,964.0,2623.0,2.0,0,
787300,1862.6,26.0,125.5,240.4,964.0,2623.0,2.0,0,
787400,1860.5,28.8,125.4,240.4,964.0,2623.0,2.0,0,
787600,1861.7,33.5,125.6,240.4,582.0,2594.0,6.0,1,
787700,1862.4,62.5,128.5,240.2,558.0,2350.0,6.0,1,
787800,1856.5,36.5,128.4,71.4,934.0,3734.0,5.0,1,
787900,1876.4,47.1,129.2,29.9,888.0,3417.0,5.0,1,
788000,1858.3,196.4,122.0,35.5,1734.0,3669.0,27.0,0,
788100,1862.0,201.4,122.0,85.4,940.0,2874.0,2.0,0,
788200,1876.0,123.8,112.4,138.4,689.0,2363.0,2.0,0,
788300,1865.8,36.8,112.4,157.5,689.0,2363.0,2.0,0,
788400,1866.1,29.5,112.4,199.1,689.0,2363.0,2.0,0,
788600,1866.3,32.9,112.3,240.2,689.0,2363.0,2.0,0,
788700,1864.0,29.9,112.3,240.2,689.0,2363.0,2.0,0,
788800,1862.9,31.8,112.3,240.3,689.0,2363.0,2.0,0,
788900,1865.1,28.5,112.3,240.3,689.0,2363.0,2.0,0,
789000,1863.6,31.2,112.3,240.3,689.0,2363.0,2.0,0,
789100,1865.5,30.1,112.4,240.3,689.0,2363.0,2.0,0,
789200,1864.7,28.3,112.4,240.3,689.0,2363.0,2.0,0,
789300,1868.9,73.2,109.4,240.2,598.0,2939.0,5.0,1,
789400,1870.6,64.5,116.4,238.0,629.0,2501.0,5.0,1,
789600,1862.9,272.3,139.0,77.6,677.0,2556.0,22.0,1,
789700,1873.2,278.7,143.5,103.1,1246.0,3154.0,2.0,0,
789800,1865.4,136.5,144.3,158.6,1006.0,2901.0,2.0,0,
789900,1853.6,37.8,141.7,218.7,915.0,2484.0,2.0,0,
790000,1862.0,33.9,141.8,196.2,915.0,2484.0,2.0,0,
790100,1863.4,30.9,141.8,157.9,915.0,2484.0,2.0,0,
790200,1862.9,31.2,141.8,239.6,915.0,2484.0,2.0,0,
790300,1860.8,32.5,141.9,240.3,915.0,2484.0,2.0,0,
790400,1865.9,30.7,141.9,240.2,915.0,2484.0,2.0,0,
790600,1863.3,31.8,141.9,240.3,915.0,2484.0,2.0,0,
790700,1864.0,32.2,141.9,240.2,915.0,2484.0,2.0,0,
790800,1864.5,30.1,141.9,240.2,915.0,2484.0,2.0,0,
790900,1866.5,43.3,142.0,240.2,447.0,2448.0,3.0,1,
791000,1859.6,99.5,141.2,239.8,717.0,2956.0,5.0,1,
791100,1856.7,138.0,137.3,106.8,672.0,2695.0,5.0,1,
791200,1862.5,46.8,124.6,76.1,867.0,3595.0,5.0,1,
791300,1868.2,187.9,109.1,54.1,1110.0,3304.0,27.0,0,
791400,1860.2,185.2,110.4,43.4,801.0,2575.0,2.0,0,
791600,1862.8,36.7,116.1,189.5,801.0,2575.0,2.0,0,
791700,1866.3,28.4,116.1,125.5,801.0,2575.0,2.0,0,
791800,1864.9,29.0,116.0,125.9,801.0,2575.0,2.0,0,
791900,1861.6,28.8,116.0,240.2,801.0,2575.0,2.0,0,
792000,1865.7,30.0,116.1,240.3,801.0,2575.0,2.0,0,
792100,1861.4,29.7,116.0,240.2,801.0,2575.0,2.0,0,
792200,1866.2,31.9,116.0,240.2,801.0,2575.0,2.0,0,
792300,1863.6,30.2,116.0,240.2,801.0,2575.0,2.0,0,
792400,1864.1,29.7,116.0,240.2,801.0,2575.0,2.0,0,
792600,1853.0,173.7,120.0,207.6,567.0,2524.0,5.0,1,
792700,1879.2,266.5,139.4,39.2,1005.0,2580.0,17.0,1,
792800,1856.4,247.6,151.5,69.7,1231.0,2712.0,26.0,0,
792900,1860.7,197.3,160.0,133.3,913.0,2835.0,2.0,0,
793000,1872.0,225.6,157.5,230.8,1024.0,2822.0,21.0,1,
793100,1859.3,64.2,156.7,263.3,474.0,1717.0,26.0,0,
793200,1865.5,37.6,156.7,228.8,474.0,1717.0,26.0,0,
793300,1862.6,30.2,156.7,157.7,474.0,1717.0,26.0,0,
793400,1862.9,28.2,156.7,151.5,474.0,1717.0,26.0,0,
793600,1862.5,32.7,156.8,240.2,474.0,1717.0,26.0,0,
793700,1862.3,27.2,156.8,240.2,474.0,1717.0,26.0,0,
793800,1861.0,32.9,156.9,240.3,474.0,1717.0,26.0,0,
793900,1864.2,36.9,156.9,240.3,474.0,1717.0,26.0,0,
794000,1867.3,29.7,156.9,240.3,474.0,1717.0,26.0,0,
794100,1856.0,33.0,155.7,240.3,427.0,2287.0,6.0,1,
794200,1878.7,40.9,152.4,240.2,571.0,2773.0,6.0,1,
794300,1863.0,142.0,143.4,239.8,1700.0,3248.0,26.0,0,
794400,1854.2,74.4,129.3,165.3,988.0,3764.0,5.0,1,
794600,1862.0,58.0,96.7,109.6,988.0,3445.0,4.0,1,
794700,1862.8,27.3,74.0,46.4,970.0,3586.0,4.0,1,
794800,1863.5,32.7,73.9,54.7,970.0,3586.0,4.0,1,
794900,1867.1,31.9,73.9,90.1,970.0,3586.0,4.0,1,
795000,1860.8,32.2,74.0,239.9,970.0,3586.0,4.0,1,
795100,1866.1,32.8,73.9,240.3,970.0,3586.0,4.0,1,
795200,1862.5,32.2,73.9,240.3,970.0,3586.0,4.0,1,
795300,1865.5,29.8,74.0,240.3,970.0,3586.0,4.0,1,
795400,1862.8,30.9,73.9,240.3,970.0,3586.0,4.0,1,
795600,1863.1,29.9,73.7,240.3,970.0,3586.0,4.0,1,
795700,1866.5,36.1,73.8,240.3,406.0,2009.0,6.0,1,
795800,1863.8,71.7,77.2,240.2,392.0,1902.0,6.0,1,
795900,1854.5,57.9,72.6,238.3,471.0,2216.0,5.0,1,
796000,1870.8,86.4,64.4,82.4,639.0,2421.0,5.0,1,
796100,1876.7,38.0,62.3,77.4,808.0,3236.0,4.0,1,
796200,1844.0,44.2,69.9,40.6,914.0,3280.0,5.0,1,
796300,1870.2,71.2,72.5,44.0,996.0,3813.0,4.0,1,
796400,1863.2,36.2,72.6,45.6,996.0,3813.0,4.0,1,
796600,1864.0,27.7,72.5,141.5,996.0,3813.0,4.0,1,
796700,1863.5,29.4,72.5,239.9,996.0,3813.0,4.0,1,
796800,1863.0,30.7,72.5,240.2,996.0,3813.0,4.0,1,
796900,1862.4,33.6,72.4,240.3,996.0,3813.0,4.0,1,
797000,1863.0,32.5,72.4,240.3,996.0,3813.0,4.0,1,
797100,1865.5,30.4,72.5,240.2,996.0,3813.0,4.0,1,
797200,1861.8,33.9,72.5,240.3,996.0,3813.0,4.0,1,
797300,1864.7,59.0,72.6,240.3,996.0,3813.0,4.0,1,
797400,1853.9,140.9,70.6,240.2,390.0,1705.0,6.0,1,
797600,1878.4,54.8,72.1,38.3,496.0,2039.0,6.0,1,
797700,1848.7,49.4,68.9,38.3,803.0,3384.0,5.0,1,
797800,1870.8,57.9,60.9,81.6,1010.0,3838.0,4.0,1,
797900,1857.6,33.3,62.6,87.7,861.0,3328.0,3.0,1,
798000,1871.3,30.8,58.4,35.6,905.0,3276.0,5.0,1,
798100,1864.9,28.9,58.4,34.8,905.0,3276.0,5.0,1,
798200,1862.0,29.7,58.4,229.3,905.0,3276.0,5.0,1,
798300,1862.9,28.9,58.4,240.1,905.0,3276.0,5.0,1,
798400,1865.3,33.6,58.5,240.2,905.0,3276.0,5.0,1,
798600,1863.0,31.3,58.6,240.2,905.0,3276.0,5.0,1,
798700,1861.6,31.9,58.6,240.2,905.0,3276.0,5.0,1,
798800,1864.9,29.9,58.6,240.3,905.0,3276.0,5.0,1,
798900,1865.3,32.2,58.6,240.4,905.0,3276.0,5.0,1,
799000,1865.9,33.4,57.2,240.3,459.0,2453.0,6.0,1,
799100,1871.0,59.3,49.6,240.1,481.0,2110.0,6.0,1,
799200,1853.2,63.4,51.2,236.2,613.0,2496.0,5.0,1,
799300,1867.3,56.3,54.1,35.6,553.0,2583.0,5.0,1,
799400,1872.4,32.6,53.7,34.7,824.0,3097.0,4.0,1,
799600,1851.4,33.2,53.9,87.2,850.0,3254.0,4.0,1,
799700,1865.1,33.0,53.9,44.5,850.0,3254.0,4.0,1,
799800,1863.0,30.2,53.8,235.3,850.0,3254.0,4.0,1,
799900,1865.3,32.8,54.0,240.1,850.0,3254.0,4.0,1,
800000,1860.2,28.8,54.0,240.2,850.0,3254.0,4.0,1,
800100,1865.4,30.5,54.0,240.2,850.0,3254.0,4.0,1,
800200,1862.8,32.0,53.9,240.3,850.0,3254.0,4.0,1,
800300,1863.3,31.5,53.9,240.3,850.0,3254.0,4.0,1,
800400,1863.8,31.4,53.9,240.2,850.0,3254.0,4.0,1,
800600,1872.1,81.2,53.6,240.3,488.0,2467.0,6.0,1,
800700,1856.7,57.5,64.2,239.6,630.0,2819.0,5.0,1,
800800,1869.5,44.5,62.6,36.2,640.0,2596.0,5.0,1,
800900,1863.8,229.9,76.5,34.9,1248.0,2991.0,26.0,0,
801000,1857.3,202.3,103.7,38.4,713.0,2599.0,19.0,1,
801100,1872.6,242.6,127.3,74.3,973.0,2580.0,23.0,1,
801200,1860.6,71.9,136.3,131.7,918.0,2569.0,2.0,0,
801300,1861.3,33.4,136.4,208.5,918.0,2569.0,2.0,0,
801400,1863.1,30.7,136.4,184.6,918.0,2569.0,2.0,0,
801600,1862.4,31.2,136.4,239.8,918.0,2569.0,2.0,0,
801700,1864.6,34.0,136.4,240.3,918.0,2569.0,2.0,0,
801800,1866.6,31.0,136.3,240.4,918.0,2569.0,2.0,0,
801900,1865.3,34.6,136.3,240.3,918.0,2569.0,2.0,0,
802000,1864.9,29.9,136.2,240.2,918.0,2569.0,2.0,0,
802100,1863.2,30.1,136.2,240.2,918.0,2569.0,2.0,0,
802200,1866.5,69.9,136.2,240.3,523.0,2433.0,6.0,1,
802300,1872.5,91.2,136.2,240.0,457.0,2018.0,5.0,1,
802400,1874.8,33.1,135.7,44.2,632.0,2737.0,4.0,1,
802600,1868.7,226.0,130.6,34.9,1289.0,3382.0,2.0,0,
802700,1856.7,232.4,126.1,77.6,1013.0,3219.0,28.0,0,
802800,1867.8,109.4,127.7,145.1,910.0,2285.0,2.0,0,
802900,1862.8,37.3,127.7,194.6,910.0,2285.0,2.0,0,
803000,1864.9,32.0,127.7,188.5,910.0,2285.0,2.0,0,
803100,1866.3,32.7,127.7,158.8,910.0,2285.0,2.0,0,
803200,1864.3,32.5,127.7,239.5,910.0,2285.0,2.0,0,
803300,1862.8,32.1,127.7,240.2,910.0,2285.0,2.0,0,
803400,1864.4,29.8,127.8,240.2,910.0,2285.0,2.0,0,
803600,1863.5,30.2,127.8,240.3,910.0,2285.0,2.0,0,
803700,1862.2,29.3,127.8,240.4,910.0,2285.0,2.0,0,
803800,1857.1,27.6,127.8,240.3,910.0,2285.0,2.0,0,
803900,1877.3,40.9,125.4,240.2,487.0,2224.0,6.0,1,
804000,1848.7,77.3,125.6,239.4,555.0,2529.0,5.0,1,
804100,1867.4,253.6,141.4,43.1,1030.0,2755.0,17.0,1,
804200,1854.7,292.2,147.7,93.1,1457.0,3215.0,26.0,0,
804300,1864.0,190.6,147.8,157.5,1083.0,3011.0,2.0,0,
804400,1868.8,188.0,146.5,198.9,1243.0,3305.0,27.0,0,
804600,1865.5,34.7,146.4,200.2,1243.0,3305.0,27.0,0,
804700,1862.6,30.6,146.4,178.1,1243.0,3305.0,27.0,0,
804800,1863.7,32.9,146.4,239.5,1243.0,3305.0,27.0,0,
804900,1864.9,35.9,146.4,240.3,1243.0,3305.0,27.0,0,
805000,1863.0,30.0,146.5,240.2,1243.0,3305.0,27.0,0,
805100,1863.3,33.3,146.5,240.3,1243.0,3305.0,27.0,0,
805200,1862.8,32.4,146.5,240.3,1243.0,3305.0,27.0,0,
805300,1865.3,30.6,146.5,240.3,1243.0,3305.0,27.0,0,
805400,1863.0,41.3,146.5,240.3,1243.0,3305.0,27.0,0,
805600,1874.0,30.5,145.3,144.5,592.0,2645.0,6.0,1,
805700,1868.3,225.6,141.1,42.0,1771.0,3291.0,26.0,0,
805800,1865.8,230.5,136.6,109.3,1045.0,2987.0,2.0,0,
805900,1860.4,226.3,137.6,197.2,1233.0,2886.0,26.0,0,
806000,1856.0,75.3,128.0,195.1,689.0,2479.0,4.0,1,
806100,1873.3,34.2,123.5,150.8,677.0,2742.0,5.0,1,
806200,1861.2,33.3,123.5,132.8,677.0,2742.0,5.0,1,
806300,1863.6,31.1,123.6,143.4,677.0,2742.0,5.0,1,
806400,1862.1,31.0,123.5,240.0,677.0,2742.0,5.0,1,
806600,1866.3,34.5,123.4,240.3,677.0,2742.0,5.0,1,
806700,1863.8,32.1,123.5,240.3,677.0,2742.0,5.0,1,
806800,1865.3,34.8,123.5,240.3,677.0,2742.0,5.0,1,
806900,1865.4,28.2,123.5,240.3,677.0,2742.0,5.0,1,
807000,1863.8,30.8,123.5,240.3,677.0,2742.0,5.0,1,
807100,1862.4,22.5,122.3,240.3,404.0,1946.0,5.0,1,
807200,1866.6,54.4,124.9,240.1,303.0,1697.0,5.0,1,
807300,1862.3,59.7,124.8,148.5,505.0,2119.0,5.0,1,
807400,1866.0,34.5,108.6,102.6,429.0,1644.0,5.0,1,
807600,1867.4,27.6,61.9,78.3,588.0,2432.0,5.0,1,
807700,1864.2,43.4,65.0,84.2,578.0,2278.0,4.0,1,
807800,1864.7,28.5,65.0,46.6,578.0,2278.0,4.0,1,
807900,1863.5,29.6,64.8,42.0,578.0,2278.0,4.0,1,
808000,1866.3,34.0,64.8,238.2,578.0,2278.0,4.0,1,
808100,1865.7,29.7,64.7,240.2,578.0,2278.0,4.0,1,
808200,1864.3,32.9,64.8,240.2,578.0,2278.0,4.0,1,
808300,1862.4,31.3,64.7,240.2,578.0,2278.0,4.0,1,
808400,1864.6,30.4,64.6,240.2,578.0,2278.0,4.0,1,
808600,1862.4,30.6,64.6,240.3,578.0,2278.0,4.0,1,
808700,1870.7,70.4,74.9,240.1,430.0,2289.0,5.0,1,
808800,1854.7,87.4,74.7,101.2,484.0,2109.0,5.0,1,
808900,1867.7,38.3,75.5,35.3,472.0,2063.0,5.0,1,
809000,1862.8,88.4,72.9,30.1,489.0,2288.0,5.0,1,
809100,1853.7,87.9,73.8,37.5,744.0,2786.0,5.0,1,
809200,1875.5,47.0,79.9,98.7,819.0,3467.0,4.0,1,
809300,1847.0,63.4,86.4,108.6,853.0,2912.0,4.0,1,
809400,1860.9,34.5,86.3,93.9,853.0,2912.0,4.0,1,
809600,1862.5,34.9,86.5,38.9,853.0,2912.0,4.0,1,
809700,1864.5,31.8,86.5,239.8,853.0,2912.0,4.0,1,
809800,1864.5,29.8,86.4,240.4,853.0,2912.0,4.0,1,
809900,1863.6,28.8,86.4,240.5,853.0,2912.0,4.0,1,
810000,1865.0,31.8,86.3,240.4,853.0,2912.0,4.0,1,
810100,1865.7,29.9,86.4,240.4,853.0,2912.0,4.0,1,
810200,1862.2,31.2,86.4,240.3,853.0,2912.0,4.0,1,
810300,1866.7,42.9,79.1,240.2,853.0,2912.0,4.0,1,
810400,1863.8,50.0,84.7,239.6,372.0,2145.0,5.0,1,
810600,1851.8,69.6,79.5,46.7,425.0,1968.0,5.0,1,
810700,1872.3,27.8,76.8,36.9,398.0,1941.0,5.0,1,
810800,1861.0,39.0,72.2,113.2,528.0,2117.0,5.0,1,
810900,1859.7,35.3,60.4,122.2,880.0,3480.0,4.0,1,
811000,1864.5,31.6,60.4,74.5,880.0,3480.0,4.0,1,
811100,1864.2,29.9,60.5,87.4,880.0,3480.0,4.0,1,
811200,1864.1,35.6,60.5,239.8,880.0,3480.0,4.0,1,
811300,1864.1,30.9,60.5,240.2,880.0,3480.0,4.0,1,
811400,1862.7,29.2,60.3,240.3,880.0,3480.0,4.0,1,
811600,1863.7,32.1,60.5,240.2,880.0,3480.0,4.0,1,
811700,1863.5,29.3,60.3,240.3,880.0,3480.0,4.0,1,
811800,1863.1,28.6,60.3,240.3,880.0,3480.0,4.0,1,
811900,1864.2,39.0,60.3,240.3,880.0,3480.0,4.0,1,
812000,1874.8,97.5,49.1,240.3,425.0,1929.0,6.0,1,
812100,1861.8,43.3,51.3,239.8,714.0,3067.0,5.0,1,
812200,1856.7,50.1,56.4,84.7,820.0,3170.0,5.0,1,
812300,1868.3,94.6,52.9,71.7,908.0,3354.0,5.0,1,
812400,1854.7,135.7,57.9,77.5,709.0,2806.0,5.0,1,
812600,1866.1,43.2,98.4,89.3,418.0,1809.0,23.0,1,
812700,1863.8,35.7,98.4,102.8,418.0,1809.0,23.0,1,
812800,1863.9,34.0,98.4,100.7,418.0,1809.0,23.0,1,
812900,1863.5,30.4,98.4,159.0,418.0,1809.0,23.0,1,
813000,1863.3,30.1,98.4,240.3,418.0,1809.0,23.0,1,
813100,1863.5,28.9,98.4,240.3,418.0,1809.0,23.0,1,
813200,1859.9,31.8,98.4,240.2,418.0,1809.0,23.0,1,
813300,1863.7,33.4,98.4,240.2,418.0,1809.0,23.0,1,
813400,1864.0,32.2,98.5,240.3,418.0,1809.0,23.0,1,
813600,1858.5,52.4,99.1,240.4,474.0,2373.0,6.0,1,
813700,1857.8,60.9,100.1,240.1,696.0,2456.0,5.0,1,
813800,1864.3,30.4,98.0,79.9,855.0,3446.0,5.0,1,
813900,1862.9,110.4,98.2,39.3,1046.0,3679.0,5.0,1,
814000,1866.9,30.8,96.7,47.0,904.0,3555.0,5.0,1,
814100,1863.7,186.3,88.1,35.1,1284.0,3250.0,27.0,0,
814200,1864.4,51.7,88.6,35.5,880.0,2317.0,2.0,0,
814300,1862.6,34.5,88.6,93.8,880.0,2317.0,2.0,0,
814400,1864.5,35.3,88.8,164.2,880.0,2317.0,2.0,0,
814600,1864.6,34.6,88.8,240.3,880.0,2317.0,2.0,0,
814700,1864.3,30.1,88.9,240.3,880.0,2317.0,2.0,0,
814800,1861.9,30.6,88.9,240.2,880.0,2317.0,2.0,0,
814900,1861.3,33.8,89.0,240.2,880.0,2317.0,2.0,0,
815000,1863.8,36.7,89.0,240.2,880.0,2317.0,2.0,0,
815100,1865.4,32.6,88.9,240.4,880.0,2317.0,2.0,0,
815200,1860.8,28.8,88.7,240.4,439.0,2308.0,3.0,1,
815300,1863.9,27.8,85.8,240.2,620.0,2669.0,6.0,1,
815400,1858.2,89.2,85.9,239.2,661.0,2585.0,5.0,1,
815600,1853.5,201.4,95.6,84.6,1119.0,2669.0,27.0,0,
815700,1861.4,200.0,113.7,88.0,546.0,2417.0,13.0,1,
815800,1864.1,63.5,105.1,147.9,470.0,1886.0,2.0,0,
815900,1865.9,34.8,105.1,164.2,470.0,1886.0,2.0,0,
816000,1861.8,31.2,105.0,148.5,470.0,1886.0,2.0,0,
816100,1861.9,30.9,105.0,216.0,470.0,1886.0,2.0,0,
816200,1863.8,30.3,105.0,240.1,470.0,1886.0,2.0,0,
816300,1865.7,32.6,105.0,240.3,470.0,1886.0,2.0,0,
816400,1861.2,31.8,105.0,240.2,470.0,1886.0,2.0,0,
816600,1866.9,31.2,105.1,240.2,470.0,1886.0,2.0,0,
816700,1866.7,33.9,105.0,240.3,470.0,1886.0,2.0,0,
816800,1868.9,68.0,109.2,240.3,484.0,2507.0,5.0,1,
816900,1854.3,74.4,109.2,239.3,445.0,2174.0,5.0,1,
817000,1871.4,40.9,112.1,84.8,635.0,2657.0,5.0,1,
817100,1854.9,203.3,119.4,94.7,1803.0,3427.0,26.0,0,
817200,1859.5,223.8,134.6,79.6,938.0,2890.0,2.0,0,
817300,1872.6,233.9,135.0,51.4,1079.0,3063.0,2.0,0,
817400,1853.0,89.5,135.4,102.4,875.0,2295.0,2.0,0,
817600,1865.9,31.3,135.4,164.6,875.0,2295.0,2.0,0,
817700,1866.1,35.1,135.3,101.9,875.0,2295.0,2.0,0,
817800,1865.9,35.2,135.3,239.7,875.0,2295.0,2.0,0,
817900,1861.7,33.2,135.4,240.2,875.0,2295.0,2.0,0,
818000,1864.9,31.8,135.3,240.2,875.0,2295.0,2.0,0,
818100,1867.4,31.8,135.2,240.2,875.0,2295.0,2.0,0,
818200,1864.0,35.4,135.3,240.3,875.0,2295.0,2.0,0,
818300,1864.9,32.0,135.2,240.3,875.0,2295.0,2.0,0,
818400,1868.0,68.4,135.1,240.3,875.0,2295.0,2.0,0,
818600,1859.5,77.7,134.0,141.8,608.0,2736.0,2.0,0,
818700,1861.3,157.1,128.6,109.5,788.0,3089.0,5.0,1,
818800,1862.0,285.5,131.1,102.3,894.0,2533.0,24.0,1,
818900,1870.5,210.4,125.7,99.8,979.0,2965.0,2.0,0,
819000,1854.3,198.9,134.0,157.7,528.0,1861.0,23.0,1,
819100,1862.1,44.4,135.3,216.7,528.0,1861.0,23.0,1,
819200,1864.6,31.1,135.3,158.5,528.0,1861.0,23.0,1,
819300,1863.3,29.5,135.3,93.0,528.0,1861.0,23.0,1,
819400,1862.3,33.5,135.3,189.2,528.0,1861.0,23.0,1,
819600,1863.9,31.7,135.3,240.2,528.0,1861.0,23.0,1,
819700,1864.4,31.8,135.3,240.4,528.0,1861.0,23.0,1,
819800,1865.3,32.2,135.2,240.3,528.0,1861.0,23.0,1,
819900,1866.3,34.4,135.2,240.3,528.0,1861.0,23.0,1,
820000,1868.4,28.8,135.2,240.3,528.0,1861.0,23.0,1,
820100,1862.4,28.1,134.1,240.2,423.0,1981.0,6.0,1,
820200,1857.8,32.4,132.9,238.7,399.0,2099.0,5.0,1,
820300,1865.4,48.2,131.6,135.1,501.0,2119.0,6.0,1,
820400,1862.2,72.9,115.3,130.9,512.0,2286.0,4.0,1,
820600,1875.5,29.6,67.4,78.6,568.0,2495.0,5.0,1,
820700,1862.5,33.9,50.4,110.4,678.0,2483.0,5.0,1,
820800,1864.4,31.9,50.3,131.8,678.0,2483.0,5.0,1,
820900,1862.8,33.2,50.5,188.3,678.0,2483.0,5.0,1,
821000,1864.2,30.7,50.5,240.1,678.0,2483.0,5.0,1,
821100,1864.3,30.6,50.4,240.3,678.0,2483.0,5.0,1,
821200,1862.0,32.6,50.4,240.3,678.0,2483.0,5.0,1,
821300,1863.2,34.0,50.5,240.2,678.0,2483.0,5.0,1,
821400,1864.9,30.8,50.6,240.2,678.0,2483.0,5.0,1,
821600,1859.9,31.3,50.5,240.4,678.0,2483.0,5.0,1,
821700,1852.4,48.9,48.6,240.2,369.0,2040.0,6.0,1,
821800,1871.1,32.0,50.0,239.9,491.0,2021.0,6.0,1,
821900,1860.1,47.4,53.5,158.5,702.0,2620.0,5.0,1,
822000,1855.3,107.0,54.0,91.9,582.0,2622.0,5.0,1,
822100,1871.1,52.3,67.1,35.9,785.0,3201.0,6.0,1,
822200,1851.0,65.7,70.9,66.9,776.0,3068.0,3.0,1,
822300,1875.6,33.2,70.7,78.2,914.0,3361.0,4.0,1,
822400,1863.3,30.7,70.8,49.5,914.0,3361.0,4.0,1,
822600,1862.7,31.9,70.7,239.7,914.0,3361.0,4.0,1,
822700,1863.0,36.1,70.8,240.3,914.0,3361.0,4.0,1,
822800,1862.5,31.3,70.8,240.4,914.0,3361.0,4.0,1,
822900,1865.9,35.8,70.9,240.4,914.0,3361.0,4.0,1,
823000,1861.9,30.4,70.9,240.3,914.0,3361.0,4.0,1,
823100,1863.8,31.7,70.9,240.3,914.0,3361.0,4.0,1,
823200,1864.6,33.6,70.9,240.3,914.0,3361.0,4.0,1,
823300,1859.9,61.4,75.8,240.3,458.0,2199.0,6.0,1,
823400,1864.6,93.0,78.7,237.9,406.0,1749.0,6.0,1,
823600,1873.0,81.3,87.9,28.3,598.0,2490.0,4.0,1,
823700,1867.8,45.8,79.4,28.7,733.0,3030.0,5.0,1,
823800,1855.5,31.9,75.4,75.5,945.0,3715.0,4.0,1,
823900,1869.6,78.7,88.7,104.0,801.0,2386.0,2.0,0,
824000,1861.5,38.1,88.8,130.6,801.0,2386.0,2.0,0,
824100,1860.6,33.5,88.8,163.8,801.0,2386.0,2.0,0,
824200,1863.2,30.6,88.8,212.7,801.0,2386.0,2.0,0,
824300,1860.1,32.0,88.8,240.0,801.0,2386.0,2.0,0,
824400,1863.3,34.9,88.8,240.3,801.0,2386.0,2.0,0,
824600,1863.0,34.3,88.8,240.3,801.0,2386.0,2.0,0,
824700,1864.6,35.8,88.8,240.2,801.0,2386.0,2.0,0,
824800,1864.5,33.8,88.9,240.2,801.0,2386.0,2.0,0,
824900,1874.3,69.1,85.2,240.3,398.0,1967.0,7.0,1,
825000,1855.9,49.9,82.3,240.1,397.0,1828.0,5.0,1,
825100,1865.1,54.1,79.8,237.5,510.0,2241.0,5.0,1,
825200,1880.5,111.7,86.8,92.2,1664.0,3172.0,26.0,0,
825300,1849.0,47.1,82.5,158.7,792.0,2811.0,5.0,1,
825400,1876.2,24.1,82.5,187.5,821.0,3522.0,5.0,1,
825600,1863.0,37.1,76.3,100.1,821.0,3522.0,5.0,1,
825700,1863.3,35.4,76.2,38.5,821.0,3522.0,5.0,1,
825800,1862.1,30.1,76.2,41.4,821.0,3522.0,5.0,1,
825900,1863.7,33.7,76.3,239.3,821.0,3522.0,5.0,1,
826000,1865.8,37.6,76.4,240.2,821.0,3522.0,5.0,1,
826100,1863.7,28.9,76.4,240.3,821.0,3522.0,5.0,1,
826200,1861.1,34.1,76.2,240.3,821.0,3522.0,5.0,1,
826300,1866.0,36.6,76.4,240.2,821.0,3522.0,5.0,1,
826400,1866.5,30.9,76.3,240.3,821.0,3522.0,5.0,1,
826600,1864.1,51.2,82.4,239.8,305.0,1348.0,6.0,1,
826700,1875.7,63.0,89.2,83.2,590.0,2279.0,6.0,1,
826800,1848.5,97.1,86.5,67.7,500.0,2065.0,5.0,1,
826900,1870.1,45.6,83.9,45.6,664.0,2709.0,5.0,1,
827000,1858.9,69.2,89.5,42.2,636.0,2509.0,4.0,1,
827100,1866.5,149.3,89.7,76.4,787.0,3152.0,4.0,1,
827200,1857.1,42.7,88.3,103.3,538.0,1975.0,13.0,1,
827300,1863.4,32.1,88.3,83.7,538.0,1975.0,13.0,1,
827400,1862.8,31.3,88.2,76.3,538.0,1975.0,13.0,1,
827600,1864.7,36.9,88.1,240.2,538.0,1975.0,13.0,1,
827700,1866.7,33.9,88.1,240.2,538.0,1975.0,13.0,1,
827800,1865.0,33.9,88.2,240.3,538.0,1975.0,13.0,1,
827900,1862.9,36.0,88.2,240.3,538.0,1975.0,13.0,1,
828000,1865.1,33.7,88.1,240.2,538.0,1975.0,13.0,1,
828100,1861.1,32.7,88.2,240.3,538.0,1975.0,13.0,1,
828200,1871.6,36.6,82.2,240.3,405.0,1825.0,6.0,1,
828300,1853.1,27.3,72.9,240.0,426.0,1879.0,5.0,1,
828400,1867.2,41.4,72.3,239.4,682.0,2835.0,5.0,1,
828600,1865.5,48.9,63.4,47.2,1007.0,3637.0,5.0,1,
828700,1857.8,42.5,59.9,37.9,897.0,3366.0,4.0,1,
828800,1861.5,36.9,49.1,39.2,781.0,3002.0,4.0,1,
828900,1864.6,33.9,48.9,87.0,781.0,3002.0,4.0,1,
829000,1865.9,32.3,49.3,238.8,781.0,3002.0,4.0,1,
829100,1861.2,31.7,49.4,240.1,781.0,3002.0,4.0,1,
829200,1862.2,34.2,49.3,240.3,781.0,3002.0,4.0,1,
829300,1863.5,33.5,49.1,240.3,781.0,3002.0,4.0,1,
829400,1863.5,31.2,49.1,240.2,781.0,3002.0,4.0,1,
829600,1862.5,35.0,49.3,240.4,781.0,3002.0,4.0,1,
829700,1862.7,31.3,49.4,240.3,781.0,3002.0,4.0,1,
