Time(ms),Raw_ADC,ENV_Value,RMS,MDF,MW_Amp,MW_Area,MW_Latency,MW_Valid,Marker
0,1865.9,21.2,0.0,169.1,1727.0,6859.0,11.0,1,
100,1862.6,13.5,0.0,169.1,1727.0,6859.0,11.0,1,
200,1861.9,13.9,0.0,169.1,1727.0,6859.0,11.0,1,
300,1860.9,13.0,0.0,169.1,1727.0,6859.0,11.0,1,
400,1859.7,13.6,0.0,169.1,1727.0,6859.0,11.0,1,
500,1859.6,14.2,0.0,237.8,1727.0,6859.0,11.0,1,
600,1860.3,13.7,0.0,236.2,1727.0,6859.0,11.0,1,
700,1859.9,13.7,0.0,238.9,1727.0,6859.0,11.0,1,
800,1859.6,14.3,0.0,239.8,1727.0,6859.0,11.0,1,
900,1859.5,14.1,0.0,239.7,1727.0,6859.0,11.0,1,
1000,1833.5,231.1,0.0,49.5,1727.0,6859.0,11.0,1,
1100,1896.7,420.6,0.0,43.4,1294.0,4964.0,2.0,0,
1200,1855.4,367.1,0.0,43.5,1873.0,5586.0,2.0,0,
1300,1849.8,222.6,0.0,41.4,1712.0,5536.0,2.0,0,
1400,1848.9,254.7,0.0,38.6,1475.0,5144.0,2.0,0,
1500,1839.0,241.8,0.0,189.2,1477.0,5177.0,2.0,0,
1600,1881.9,83.9,231.4,254.2,814.0,2495.0,2.0,0,
1700,1861.1,14.8,231.4,189.3,814.0,2495.0,2.0,0,
1800,1860.9,13.3,231.4,93.2,814.0,2495.0,2.0,0,
1900,1861.3,13.3,231.4,75.1,814.0,2495.0,2.0,0,
2000,1858.8,13.2,231.4,50.5,814.0,2495.0,2.0,0,
2100,1858.2,13.3,231.4,239.0,814.0,2495.0,2.0,0,
2200,1859.9,12.8,231.4,239.4,814.0,2495.0,2.0,0,
2300,1859.0,13.8,231.4,226.8,814.0,2495.0,2.0,0,
2500,1859.1,13.6,231.4,238.7,814.0,2495.0,2.0,0,
2600,1827.4,120.3,227.9,105.4,814.0,2495.0,2.0,0,
2700,1907.8,177.6,220.7,150.4,2245.0,7884.0,9.0,1,
2800,1850.6,130.8,188.5,149.4,2050.0,6184.0,8.0,1,
2900,1855.0,139.2,170.1,166.1,1815.0,5967.0,8.0,1,
3000,1842.3,131.6,162.7,202.5,1655.0,5281.0,7.0,1,
3100,1851.7,102.6,149.1,201.3,1446.0,5239.0,8.0,1,
3200,1882.6,91.0,133.2,169.5,1026.0,4396.0,8.0,1,
3300,1852.3,16.3,132.2,170.3,1026.0,4396.0,8.0,1,
3500,1861.6,8.2,132.2,167.6,1026.0,4396.0,8.0,1,
3600,1858.5,8.7,132.1,147.6,1026.0,4396.0,8.0,1,
3700,1858.5,7.7,132.1,133.5,1026.0,4396.0,8.0,1,
3800,1859.5,7.2,132.0,123.3,1026.0,4396.0,8.0,1,
3900,1859.2,7.1,132.0,122.1,1026.0,4396.0,8.0,1,
4000,1859.7,6.6,132.0,130.5,1026.0,4396.0,8.0,1,
4100,1859.4,7.7,131.9,115.6,1026.0,4396.0,8.0,1,
4200,1858.8,8.2,131.9,100.4,1026.0,4396.0,8.0,1,
4300,1870.5,160.4,123.7,71.6,2194.0,8682.0,9.0,1,
4500,1848.0,109.3,119.8,106.1,1890.0,5717.0,7.0,1,
4600,1840.4,110.6,114.1,154.8,1647.0,5398.0,7.0,1,
4700,1882.6,122.6,112.6,200.3,1974.0,5963.0,8.0,1,
4800,1862.2,104.1,109.4,169.6,2085.0,5998.0,8.0,1,
4900,1844.8,11.6,113.5,201.3,1080.0,5031.0,8.0,1,
5000,1861.8,6.1,113.5,216.3,1080.0,5031.0,8.0,1,
5100,1861.5,6.1,113.5,233.2,1080.0,5031.0,8.0,1,
5200,1859.5,5.2,113.5,244.3,1080.0,5031.0,8.0,1,
5300,1857.9,7.8,113.5,217.6,1080.0,5031.0,8.0,1,
5500,1859.3,12.8,113.5,116.4,1080.0,5031.0,8.0,1,
5600,1859.8,16.1,113.6,118.1,1080.0,5031.0,8.0,1,
5700,1858.7,21.0,113.6,148.4,1080.0,5031.0,8.0,1,
5800,1860.8,16.7,113.8,83.8,1080.0,5031.0,8.0,1,
5900,1876.6,148.3,112.9,43.9,2250.0,9199.0,10.0,1,
6000,1855.6,126.0,113.0,83.5,2262.0,7389.0,8.0,1,
6100,1837.8,125.7,121.1,157.2,1865.0,5989.0,7.0,1,
6200,1849.9,93.1,123.0,195.2,1823.0,5904.0,8.0,1,
6300,1885.9,111.4,123.9,158.3,1751.0,5851.0,8.0,1,
6500,1851.5,37.3,123.4,157.9,1055.0,4714.0,7.0,1,
6600,1861.0,17.4,123.5,172.3,1055.0,4714.0,7.0,1,
6700,1860.8,15.3,123.6,195.1,1055.0,4714.0,7.0,1,
6800,1859.1,13.0,123.6,167.7,1055.0,4714.0,7.0,1,
6900,1859.5,11.4,123.7,110.5,1055.0,4714.0,7.0,1,
7000,1859.5,13.1,123.7,105.7,1055.0,4714.0,7.0,1,
7100,1860.0,15.0,123.8,105.2,1055.0,4714.0,7.0,1,
7200,1860.4,14.4,123.8,90.4,1055.0,4714.0,7.0,1,
7300,1859.8,13.2,123.8,99.7,1055.0,4714.0,7.0,1,
7500,1870.9,142.8,126.2,77.7,2181.0,8721.0,11.0,1,
7600,1839.5,136.6,132.5,155.3,2110.0,8164.0,10.0,1,
7700,1834.3,131.9,128.4,170.0,1926.0,6982.0,9.0,1,
7800,1887.3,133.4,125.2,190.3,1606.0,6069.0,8.0,1,
7900,1865.1,119.5,122.6,201.1,1864.0,5885.0,8.0,1,
8000,1852.9,195.5,124.1,172.0,2064.0,5838.0,8.0,1,
8100,1857.5,67.2,127.5,170.3,941.0,4000.0,8.0,1,
8200,1857.5,17.2,127.4,205.3,941.0,4000.0,8.0,1,
8300,1862.7,15.4,127.4,219.9,941.0,4000.0,8.0,1,
8500,1859.9,14.3,127.5,153.9,941.0,4000.0,8.0,1,
8600,1858.9,14.9,127.5,123.1,941.0,4000.0,8.0,1,
8700,1859.6,14.3,127.5,171.6,941.0,4000.0,8.0,1,
8800,1859.9,14.6,127.5,123.3,941.0,4000.0,8.0,1,
8900,1859.6,11.4,127.5,116.7,941.0,4000.0,8.0,1,
9000,1859.6,5.8,127.5,117.0,941.0,4000.0,8.0,1,
9100,1860.2,45.1,127.0,117.2,941.0,4000.0,8.0,1,
9200,1846.4,150.7,126.6,77.7,2250.0,8850.0,10.0,1,
9300,1847.3,126.4,125.2,79.4,1795.0,7111.0,8.0,1,
9500,1853.4,115.2,123.5,137.6,1886.0,6349.0,8.0,1,
9600,1855.7,206.5,120.0,151.1,1977.0,5973.0,8.0,1,
9700,1843.2,200.6,124.2,189.3,1977.0,5326.0,8.0,1,
9800,1862.7,20.8,127.4,245.5,870.0,3998.0,8.0,1,
9900,1857.4,15.0,127.2,263.6,870.0,3998.0,8.0,1,
10000,1863.5,13.7,127.3,260.7,870.0,3998.0,8.0,1,
10100,1858.7,14.8,127.3,254.1,870.0,3998.0,8.0,1,
10200,1859.2,15.4,127.3,212.8,870.0,3998.0,8.0,1,
10300,1860.3,15.6,127.3,117.1,870.0,3998.0,8.0,1,
10500,1858.2,16.1,127.3,177.9,870.0,3998.0,8.0,1,
10600,1857.3,16.2,127.3,157.1,870.0,3998.0,8.0,1,
10700,1858.0,16.0,127.4,177.7,870.0,3998.0,8.0,1,
10800,1828.4,138.9,126.3,82.1,2204.0,9462.0,11.0,1,
10900,1892.4,116.2,126.7,117.0,1444.0,6093.0,9.0,1,
11000,1874.7,92.6,126.1,158.4,1567.0,6541.0,9.0,1,
11100,1853.1,85.7,124.2,201.3,1424.0,5904.0,8.0,1,
11200,1856.5,230.7,121.5,231.8,1854.0,5800.0,8.0,1,
11300,1830.7,203.2,127.5,232.4,1950.0,5754.0,8.0,1,
11500,1862.2,8.7,123.9,233.4,1950.0,5754.0,8.0,1,
11600,1861.5,8.0,123.8,214.2,1950.0,5754.0,8.0,1,
11700,1860.6,7.4,123.8,169.7,1950.0,5754.0,8.0,1,
11800,1859.4,10.8,123.7,104.6,1950.0,5754.0,8.0,1,
11900,1858.7,11.7,123.7,87.9,1950.0,5754.0,8.0,1,
12000,1859.5,12.1,123.6,100.4,1950.0,5754.0,8.0,1,
12100,1859.7,10.8,123.5,118.1,1950.0,5754.0,8.0,1,
12200,1859.6,12.3,123.6,150.2,1950.0,5754.0,8.0,1,
12300,1859.1,12.1,123.6,184.1,1950.0,5754.0,8.0,1,
12500,1906.7,86.7,122.4,89.2,1655.0,7263.0,9.0,1,
12600,1856.2,163.6,122.2,93.6,1472.0,6126.0,9.0,1,
12700,1855.6,182.1,121.5,136.3,1355.0,5213.0,9.0,1,
12800,1850.3,191.7,126.5,194.4,1573.0,5020.0,9.0,1,
12900,1840.0,194.5,130.1,190.0,1752.0,5015.0,8.0,1,
13000,1885.3,68.0,127.2,231.7,747.0,3409.0,8.0,1,
13100,1859.8,16.0,127.2,263.8,747.0,3409.0,8.0,1,
13200,1862.0,14.0,127.3,243.4,747.0,3409.0,8.0,1,
13300,1861.5,13.1,127.3,158.5,747.0,3409.0,8.0,1,
13500,1859.6,13.4,127.4,171.4,747.0,3409.0,8.0,1,
13600,1860.0,12.2,127.4,210.7,747.0,3409.0,8.0,1,
13700,1859.7,12.7,127.4,182.7,747.0,3409.0,8.0,1,
13800,1859.3,12.0,127.4,210.7,747.0,3409.0,8.0,1,
13900,1860.0,12.4,127.5,167.5,747.0,3409.0,8.0,1,
14000,1821.7,62.9,124.7,81.0,1285.0,8378.0,15.0,1,
14100,1903.4,155.9,134.2,75.6,1362.0,7042.0,10.0,1,
14200,1854.2,193.9,136.4,82.2,1509.0,6595.0,10.0,1,
14300,1854.3,228.3,132.8,108.3,1699.0,5884.0,9.0,1,
14500,1864.8,203.8,142.0,220.3,1844.0,5061.0,8.0,1,
14600,1876.5,172.0,146.0,267.1,755.0,3466.0,9.0,1,
14700,1852.1,23.3,146.2,277.0,755.0,3466.0,9.0,1,
14800,1861.6,12.9,146.3,247.0,755.0,3466.0,9.0,1,
14900,1861.1,13.0,146.2,221.0,755.0,3466.0,9.0,1,rest_end
15000,1860.4,13.7,146.2,212.1,755.0,3466.0,9.0,1,
15100,1859.3,12.6,146.2,80.2,755.0,3466.0,9.0,1,
15200,1859.3,12.6,146.2,117.1,755.0,3466.0,9.0,1,
15300,1859.3,12.5,146.2,137.7,755.0,3466.0,9.0,1,
15500,1859.3,11.5,146.3,122.9,755.0,3466.0,9.0,1,
15600,1860.1,31.6,146.2,77.4,755.0,3466.0,9.0,1,
15700,1870.7,178.3,146.8,38.1,1378.0,7423.0,11.0,1,
15800,1852.6,203.7,141.9,66.3,1307.0,5731.0,10.0,1,
15900,1846.3,220.1,143.8,139.2,1540.0,5258.0,9.0,1,
16000,1840.9,180.4,145.7,201.0,1942.0,5238.0,9.0,1,
16100,1879.8,169.5,146.6,201.9,729.0,3106.0,9.0,1,
16200,1859.3,186.1,147.2,254.4,752.0,3297.0,9.0,1,
16300,1859.3,23.9,140.8,268.4,815.0,3215.0,9.0,1,
16500,1861.0,11.1,140.8,212.7,815.0,3215.0,9.0,1,
16600,1861.7,10.2,140.8,163.1,815.0,3215.0,9.0,1,
16700,1859.7,11.2,140.8,51.0,815.0,3215.0,9.0,1,
16800,1860.5,13.0,140.8,116.9,815.0,3215.0,9.0,1,
16900,1860.5,10.9,140.8,117.8,815.0,3215.0,9.0,1,
17000,1859.7,11.7,140.8,94.7,815.0,3215.0,9.0,1,
17100,1859.9,13.0,140.8,106.7,815.0,3215.0,9.0,1,
17200,1860.2,11.8,140.8,110.0,815.0,3215.0,9.0,1,
17300,1866.4,201.4,140.8,197.3,1694.0,8712.0,11.0,1,
17500,1826.2,224.5,144.1,220.2,1877.0,6244.0,9.0,1,
17600,1863.4,163.3,146.7,220.9,1735.0,5142.0,10.0,1,
17700,1874.1,188.8,146.9,253.2,743.0,3510.0,9.0,1,
17800,1857.0,164.1,144.4,265.9,717.0,3260.0,9.0,1,
17900,1863.5,33.7,138.2,264.7,817.0,3440.0,10.0,1,
18000,1861.9,16.0,138.2,254.9,817.0,3440.0,10.0,1,
18100,1862.9,12.4,138.3,253.9,817.0,3440.0,10.0,1,
18200,1862.4,13.0,138.3,208.6,817.0,3440.0,10.0,1,
18300,1860.2,13.9,138.4,71.7,817.0,3440.0,10.0,1,
18500,1859.8,13.1,138.4,101.0,817.0,3440.0,10.0,1,
18600,1860.6,15.1,138.4,108.4,817.0,3440.0,10.0,1,
18700,1860.6,13.2,138.4,117.1,817.0,3440.0,10.0,1,
18800,1860.0,13.5,138.4,117.1,817.0,3440.0,10.0,1,
18900,1860.6,55.0,136.1,82.3,1109.0,7549.0,15.0,1,
19000,1851.3,213.7,132.7,73.2,1315.0,6537.0,10.0,1,
19100,1839.7,180.4,134.3,88.6,1825.0,6116.0,10.0,1,
19200,1880.2,163.7,133.6,123.9,746.0,3604.0,9.0,1,
19300,1861.3,169.6,132.4,203.8,701.0,3570.0,9.0,1,
19500,1859.3,102.0,136.0,265.4,608.0,3316.0,9.0,1,
19600,1858.7,16.7,136.0,266.5,608.0,3316.0,9.0,1,
19700,1862.2,14.7,135.9,254.9,608.0,3316.0,9.0,1,
19800,1861.4,14.5,135.9,242.4,608.0,3316.0,9.0,1,
19900,1860.0,12.9,135.9,217.4,608.0,3316.0,9.0,1,
20000,1859.7,14.1,135.9,91.2,608.0,3316.0,9.0,1,
20100,1860.2,15.3,135.9,122.8,608.0,3316.0,9.0,1,
20200,1860.7,13.0,135.9,117.5,608.0,3316.0,9.0,1,
20300,1859.5,14.9,135.9,116.6,608.0,3316.0,9.0,1,
20500,1859.8,63.1,135.9,99.2,608.0,3316.0,9.0,1,
20600,1841.9,212.7,140.0,80.3,1550.0,8062.0,11.0,1,
20700,1861.4,184.8,143.5,89.8,1828.0,6397.0,10.0,1,
20800,1876.0,187.6,146.8,138.7,790.0,4013.0,9.0,1,
20900,1854.0,182.9,147.3,231.7,700.0,3519.0,9.0,1,
21000,1855.9,207.2,144.7,264.9,597.0,3320.0,9.0,1,
21100,1851.6,153.0,140.7,265.1,884.0,3903.0,10.0,1,
21200,1870.3,20.3,140.1,253.0,698.0,3478.0,10.0,1,
21300,1862.5,16.0,140.1,203.2,698.0,3478.0,10.0,1,
21500,1860.9,11.8,140.1,116.8,698.0,3478.0,10.0,1,
21600,1860.7,14.6,140.2,103.9,698.0,3478.0,10.0,1,
21700,1860.5,14.4,140.2,109.6,698.0,3478.0,10.0,1,
21800,1860.0,15.4,140.2,100.1,698.0,3478.0,10.0,1,
21900,1859.7,14.3,140.2,118.0,698.0,3478.0,10.0,1,
22000,1860.5,14.0,140.2,136.8,698.0,3478.0,10.0,1,
22100,1860.0,13.5,140.2,130.0,698.0,3478.0,10.0,1,
22200,1826.1,96.4,137.5,139.3,1803.0,8683.0,11.0,1,
22300,1888.4,181.6,140.4,190.2,937.0,4549.0,10.0,1,
22500,1854.7,164.0,136.6,235.3,997.0,4391.0,10.0,1,
22600,1854.3,187.6,133.3,234.7,931.0,4290.0,10.0,1,
22700,1838.9,195.2,137.7,204.1,1160.0,4223.0,9.0,1,
22800,1880.3,29.6,137.8,231.7,752.0,3422.0,10.0,1,
22900,1862.6,11.5,137.8,244.6,752.0,3422.0,10.0,1,
23000,1861.7,13.2,137.7,226.3,752.0,3422.0,10.0,1,
23100,1862.3,13.9,137.8,166.7,752.0,3422.0,10.0,1,
23200,1860.9,13.0,137.8,110.6,752.0,3422.0,10.0,1,
23300,1859.8,14.5,137.8,122.9,752.0,3422.0,10.0,1,
23500,1859.9,13.1,137.8,123.0,752.0,3422.0,10.0,1,
23600,1859.5,16.5,137.7,123.9,752.0,3422.0,10.0,1,
23700,1859.9,15.0,137.7,123.1,752.0,3422.0,10.0,1,
23800,1822.5,93.7,136.3,79.5,1320.0,8509.0,15.0,1,
23900,1894.4,201.3,144.7,74.9,1071.0,5099.0,10.0,1,
24000,1853.0,216.0,144.7,92.9,880.0,4479.0,10.0,1,
24100,1855.4,190.6,136.9,137.2,1040.0,4763.0,10.0,1,
24200,1847.0,187.2,139.1,211.4,1023.0,5094.0,10.0,1,
24300,1854.0,182.2,139.1,203.3,1229.0,4306.0,9.0,1,
24500,1860.2,18.3,143.6,266.4,1229.0,4306.0,9.0,1,
24600,1863.0,15.5,143.6,254.3,1229.0,4306.0,9.0,1,
24700,1862.7,12.8,143.6,220.8,1229.0,4306.0,9.0,1,
24800,1860.4,14.2,143.6,200.7,1229.0,4306.0,9.0,1,
24900,1859.8,15.8,143.6,143.5,1229.0,4306.0,9.0,1,
25000,1860.2,15.0,143.6,175.9,1229.0,4306.0,9.0,1,
25100,1859.6,15.0,143.6,176.8,1229.0,4306.0,9.0,1,
25200,1859.8,15.8,143.6,144.6,1229.0,4306.0,9.0,1,
25300,1860.8,14.4,143.7,177.2,1229.0,4306.0,9.0,1,
25500,1885.5,205.1,152.0,72.0,1132.0,5657.0,10.0,1,
25600,1851.4,218.1,146.5,84.7,786.0,4103.0,9.0,1,
25700,1853.5,204.4,143.1,168.6,982.0,4414.0,10.0,1,
25800,1843.4,188.0,148.1,234.9,650.0,3532.0,9.0,1,
25900,1871.0,176.1,150.5,234.4,612.0,3355.0,9.0,1,
26000,1869.8,125.8,147.6,254.1,639.0,3469.0,9.0,1,
26100,1852.7,19.6,147.5,264.5,639.0,3469.0,9.0,1,
26200,1862.2,14.1,147.5,253.2,639.0,3469.0,9.0,1,
26300,1862.1,12.9,147.5,229.5,639.0,3469.0,9.0,1,
26500,1860.9,14.4,147.5,69.1,639.0,3469.0,9.0,1,
26600,1860.0,14.4,147.5,113.7,639.0,3469.0,9.0,1,
26700,1860.2,15.7,147.5,122.5,639.0,3469.0,9.0,1,
26800,1859.8,14.6,147.5,138.3,639.0,3469.0,9.0,1,
26900,1859.9,13.8,147.5,116.5,639.0,3469.0,9.0,1,
27000,1860.3,47.0,147.5,66.4,639.0,3469.0,9.0,1,
27100,1866.8,151.7,148.1,89.6,1298.0,7077.0,11.0,1,
27200,1851.4,181.8,139.9,157.8,1066.0,5096.0,10.0,1,
27300,1844.0,188.6,137.1,202.7,1091.0,5342.0,10.0,1,
27500,1878.4,170.5,136.3,201.0,763.0,3816.0,9.0,1,
27600,1855.7,208.4,140.4,253.2,723.0,3707.0,9.0,1,
27700,1858.0,30.1,139.8,268.6,520.0,2995.0,9.0,1,
27800,1861.9,16.3,139.8,254.7,520.0,2995.0,9.0,1,
27900,1863.2,15.4,139.9,201.2,520.0,2995.0,9.0,1,
28000,1860.4,13.3,139.8,93.2,520.0,2995.0,9.0,1,
28100,1858.0,13.0,139.8,43.6,520.0,2995.0,9.0,1,
28200,1860.3,13.7,139.7,187.0,520.0,2995.0,9.0,1,
28300,1860.3,13.4,139.7,183.6,520.0,2995.0,9.0,1,
28500,1859.5,14.4,139.7,124.9,520.0,2995.0,9.0,1,
28600,1860.1,14.1,139.7,143.9,520.0,2995.0,9.0,1,
28700,1863.1,175.3,138.2,74.8,1373.0,9177.0,15.0,1,
28800,1851.3,202.6,141.7,70.6,1079.0,5281.0,9.0,1,
28900,1835.8,158.5,144.0,78.0,1469.0,5205.0,9.0,1,
29000,1874.1,152.0,147.3,136.2,770.0,3669.0,8.0,1,
29100,1866.0,193.6,148.3,264.6,753.0,3845.0,9.0,1,
29200,1854.8,169.6,149.0,296.8,630.0,3351.0,9.0,1,
29300,1860.8,49.4,149.0,276.4,554.0,3003.0,8.0,1,
29500,1862.6,15.2,149.0,242.0,554.0,3003.0,8.0,1,
29600,1860.7,15.6,149.0,159.2,554.0,3003.0,8.0,1,
29700,1860.0,15.2,149.0,56.9,554.0,3003.0,8.0,1,
29800,1860.7,14.4,149.1,143.8,554.0,3003.0,8.0,1,
29900,1860.2,15.3,149.1,155.7,554.0,3003.0,8.0,1,
30000,1859.7,16.1,149.1,177.7,554.0,3003.0,8.0,1,
30100,1860.3,14.4,149.1,219.1,554.0,3003.0,8.0,1,
30200,1859.8,16.3,149.1,217.6,554.0,3003.0,8.0,1,
30300,1860.9,123.5,149.0,77.9,1288.0,9092.0,15.0,1,
30500,1848.1,184.4,143.6,67.6,1452.0,6341.0,9.0,1,
30600,1887.0,171.3,142.7,73.6,1073.0,4820.0,9.0,1,
30700,1857.1,175.5,140.4,125.7,958.0,4757.0,9.0,1,
30800,1855.7,182.9,132.7,233.4,834.0,4291.0,9.0,1,
30900,1857.5,99.2,136.6,266.3,809.0,3995.0,9.0,1,
31000,1858.0,18.6,136.6,268.0,809.0,3995.0,9.0,1,
31100,1862.0,16.6,136.6,263.6,809.0,3995.0,9.0,1,
31200,1861.1,14.4,136.6,240.9,809.0,3995.0,9.0,1,
31300,1859.8,15.7,136.7,220.9,809.0,3995.0,9.0,1,
31500,1860.3,18.6,136.7,70.9,809.0,3995.0,9.0,1,
31600,1860.4,13.7,136.7,73.3,809.0,3995.0,9.0,1,
31700,1860.2,14.9,136.7,77.9,809.0,3995.0,9.0,1,
31800,1860.2,15.9,136.7,81.3,809.0,3995.0,9.0,1,
31900,1856.0,139.6,137.0,134.3,809.0,3995.0,9.0,1,
32000,1839.8,195.8,140.3,71.4,1431.0,8493.0,11.0,1,
32100,1875.8,160.2,140.0,124.0,896.0,4592.0,10.0,1,
32200,1870.8,195.4,146.2,169.3,788.0,4129.0,10.0,1,
32300,1854.1,200.2,144.8,204.8,665.0,3659.0,10.0,1,
32500,1847.0,145.2,145.5,262.7,577.0,3285.0,10.0,1,
32600,1876.3,21.2,144.4,264.0,586.0,3193.0,10.0,1,
32700,1862.8,17.0,144.4,245.4,586.0,3193.0,10.0,1,
32800,1863.6,15.0,144.5,220.1,586.0,3193.0,10.0,1,
32900,1860.5,15.3,144.4,169.6,586.0,3193.0,10.0,1,
33000,1858.2,16.7,144.4,142.9,586.0,3193.0,10.0,1,
33100,1860.0,15.1,144.4,174.1,586.0,3193.0,10.0,1,
33200,1860.1,14.9,144.4,145.3,586.0,3193.0,10.0,1,
33300,1861.2,15.0,144.4,155.0,586.0,3193.0,10.0,1,
33500,1860.9,14.7,144.4,178.6,586.0,3193.0,10.0,1,
33600,1823.9,213.3,148.5,125.6,1638.0,9252.0,11.0,1,
33700,1900.7,186.6,151.4,154.7,1229.0,6217.0,9.0,1,
33800,1855.9,240.3,156.9,184.4,840.0,4501.0,9.0,1,
33900,1851.5,252.8,156.1,260.6,573.0,3245.0,9.0,1,
34000,1855.0,193.7,158.5,278.1,736.0,3526.0,10.0,1,
34100,1844.1,158.4,159.4,275.0,1050.0,3790.0,9.0,1,
34200,1881.4,37.0,161.4,277.1,463.0,2957.0,10.0,1,
34300,1862.1,16.6,161.3,265.1,463.0,2957.0,10.0,1,
34500,1859.8,16.1,161.2,84.9,463.0,2957.0,10.0,1,
34600,1859.2,14.9,161.3,54.7,463.0,2957.0,10.0,1,
34700,1858.0,15.3,161.2,117.5,463.0,2957.0,10.0,1,
34800,1859.6,15.9,161.2,146.9,463.0,2957.0,10.0,1,
34900,1860.1,15.5,161.2,165.3,463.0,2957.0,10.0,1,
35000,1860.3,15.8,161.1,178.4,463.0,2957.0,10.0,1,
35100,1861.2,17.0,161.2,195.7,463.0,2957.0,10.0,1,
35200,1832.4,111.8,156.1,70.0,1401.0,9275.0,14.0,1,
35300,1894.2,170.0,162.2,67.7,1112.0,5723.0,10.0,1,
35500,1857.7,307.9,173.3,124.4,683.0,3149.0,2.0,0,
35600,1848.8,127.4,177.6,158.4,1662.0,4148.0,2.0,0,
35700,1859.2,78.7,167.8,106.5,700.0,4041.0,15.0,1,
35800,1873.7,37.6,164.1,86.4,754.0,4084.0,14.0,1,
35900,1860.4,16.9,164.1,74.7,754.0,4084.0,14.0,1,
36000,1862.4,16.2,164.1,53.6,754.0,4084.0,14.0,1,
36100,1862.3,15.1,164.1,52.1,754.0,4084.0,14.0,1,
36200,1860.8,15.8,164.1,55.2,754.0,4084.0,14.0,1,
36300,1859.3,16.3,164.1,177.8,754.0,4084.0,14.0,1,
36500,1859.4,16.9,164.1,177.9,754.0,4084.0,14.0,1,
36600,1859.7,16.3,164.1,177.3,754.0,4084.0,14.0,1,
36700,1860.3,15.5,164.1,136.0,754.0,4084.0,14.0,1,
36800,1843.5,108.2,162.5,141.4,1341.0,9205.0,15.0,1,
36900,1879.3,212.7,168.8,68.3,1241.0,6692.0,10.0,1,
37000,1854.7,206.3,165.8,80.2,846.0,4732.0,9.0,1,
37100,1847.0,214.0,154.4,135.3,1526.0,4537.0,9.0,1,
37200,1848.7,164.9,138.3,233.5,1478.0,4693.0,9.0,1,
37300,1876.1,103.1,143.1,264.7,761.0,4039.0,14.0,1,
37500,1852.2,19.6,152.1,53.3,761.0,4039.0,14.0,1,
37600,1861.8,14.1,152.1,72.3,761.0,4039.0,14.0,1,
37700,1861.9,14.7,152.1,149.4,761.0,4039.0,14.0,1,
37800,1860.6,15.2,152.0,149.4,761.0,4039.0,14.0,1,
37900,1858.4,13.7,152.0,72.0,761.0,4039.0,14.0,1,
38000,1860.0,13.6,152.0,203.6,761.0,4039.0,14.0,1,
38100,1860.3,15.1,152.0,197.8,761.0,4039.0,14.0,1,
38200,1859.8,13.3,152.0,177.2,761.0,4039.0,14.0,1,
38300,1860.0,13.2,152.0,148.6,761.0,4039.0,14.0,1,
38500,1873.5,253.9,149.0,135.4,1808.0,8430.0,10.0,1,
38600,1837.0,252.0,152.0,205.0,1497.0,5122.0,10.0,1,
38700,1840.5,190.7,151.8,253.7,1771.0,6202.0,10.0,1,
38800,1867.0,186.9,155.0,267.3,1908.0,5278.0,10.0,1,
38900,1875.6,194.7,156.3,266.4,640.0,3478.0,10.0,1,
39000,1863.0,189.4,160.9,266.2,628.0,3766.0,10.0,1,
39100,1859.2,24.5,155.0,274.4,634.0,3608.0,10.0,1,
39200,1861.8,14.2,155.0,254.6,634.0,3608.0,10.0,1,
39300,1862.2,14.9,155.0,225.7,634.0,3608.0,10.0,1,
39500,1859.0,14.9,155.0,88.5,634.0,3608.0,10.0,1,
39600,1859.9,15.3,155.0,138.0,634.0,3608.0,10.0,1,
39700,1860.5,13.9,155.0,149.3,634.0,3608.0,10.0,1,
39800,1860.1,15.2,155.0,176.9,634.0,3608.0,10.0,1,
39900,1860.2,18.4,155.0,229.7,634.0,3608.0,10.0,1,
40000,1861.0,16.0,155.1,122.8,634.0,3608.0,10.0,1,
40100,1872.9,223.9,153.3,77.0,1928.0,9868.0,11.0,1,
40200,1839.1,263.5,155.6,137.3,2045.0,7533.0,9.0,1,
40300,1844.7,212.2,160.8,204.1,2140.0,6600.0,9.0,1,
40500,1866.8,174.2,161.8,285.3,627.0,3859.0,9.0,1,
40600,1862.2,226.1,156.6,273.5,959.0,4306.0,10.0,1,
40700,1857.7,41.8,156.7,285.4,696.0,3677.0,10.0,1,
40800,1860.6,17.0,156.7,265.9,696.0,3677.0,10.0,1,
40900,1862.8,15.2,156.7,220.0,696.0,3677.0,10.0,1,
41000,1861.2,14.9,156.7,158.6,696.0,3677.0,10.0,1,
41100,1859.0,16.4,156.7,100.9,696.0,3677.0,10.0,1,
41200,1858.2,15.6,156.7,166.9,696.0,3677.0,10.0,1,
41300,1859.8,16.2,156.7,216.5,696.0,3677.0,10.0,1,
41500,1860.3,15.7,156.7,238.5,696.0,3677.0,10.0,1,
41600,1859.5,17.9,156.7,240.2,696.0,3677.0,10.0,1,
41700,1853.9,135.1,156.4,74.5,1297.0,8988.0,15.0,1,
41800,1840.0,198.6,158.2,66.1,2208.0,9520.0,12.0,1,
41900,1867.4,231.8,157.8,71.4,2109.0,6872.0,10.0,1,
42000,1882.2,167.4,152.2,109.2,1187.0,5308.0,10.0,1,
42100,1862.0,232.7,152.8,220.3,1413.0,5271.0,10.0,1,
42200,1858.7,254.6,148.4,263.6,1662.0,4901.0,10.0,1,
42300,1857.2,68.8,151.3,285.1,832.0,4008.0,11.0,1,
42500,1862.9,15.8,151.2,231.1,832.0,4008.0,11.0,1,
42600,1861.4,16.4,151.2,190.2,832.0,4008.0,11.0,1,
42700,1859.5,14.9,151.2,158.3,832.0,4008.0,11.0,1,
42800,1858.6,15.9,151.3,76.4,832.0,4008.0,11.0,1,
42900,1860.1,16.5,151.3,83.7,832.0,4008.0,11.0,1,
43000,1860.3,15.1,151.3,178.3,832.0,4008.0,11.0,1,
43100,1860.1,16.5,151.3,178.3,832.0,4008.0,11.0,1,
43200,1860.7,17.7,151.3,238.6,832.0,4008.0,11.0,1,
43300,1842.0,83.9,151.4,240.2,832.0,4008.0,11.0,1,
43500,1894.1,107.6,143.0,67.1,987.0,6533.0,14.0,1,
43600,1867.3,188.1,135.9,68.3,1811.0,6401.0,11.0,1,
43700,1856.0,242.9,137.3,93.8,1958.0,5673.0,10.0,1,
43800,1841.7,234.0,149.1,184.1,2028.0,5358.0,10.0,1,
43900,1843.5,207.9,157.6,168.1,1994.0,5499.0,10.0,1,
44000,1879.8,24.3,159.3,54.7,1994.0,5499.0,10.0,1,
44100,1861.8,20.6,159.3,52.7,1994.0,5499.0,10.0,1,
44200,1861.5,21.1,159.4,53.0,1994.0,5499.0,10.0,1,
44300,1858.9,24.1,159.5,53.5,1994.0,5499.0,10.0,1,
44500,1859.5,25.3,159.7,239.8,1994.0,5499.0,10.0,1,
44600,1859.0,25.6,159.7,240.6,1994.0,5499.0,10.0,1,
44700,1859.5,25.7,159.8,240.8,1994.0,5499.0,10.0,1,
44800,1859.8,25.0,159.9,241.2,1994.0,5499.0,10.0,1,
44900,1860.0,25.3,160.0,240.9,1994.0,5499.0,10.0,1,
45000,1831.5,269.9,166.5,77.9,1938.0,9723.0,10.0,1,
45100,1896.0,226.7,175.8,74.0,2247.0,7340.0,10.0,1,
45200,1857.5,198.8,183.9,86.0,2118.0,6812.0,11.0,1,
45300,1855.0,126.2,185.2,157.3,818.0,4911.0,14.0,1,
45500,1864.3,83.4,154.4,70.1,779.0,5006.0,15.0,1,
45600,1874.5,33.3,147.4,68.7,798.0,4809.0,15.0,1,
45700,1861.8,23.5,147.5,88.7,798.0,4809.0,15.0,1,
45800,1861.8,24.8,147.5,44.2,798.0,4809.0,15.0,1,
45900,1859.1,24.7,147.5,41.2,798.0,4809.0,15.0,1,
46000,1858.9,23.9,147.5,70.7,798.0,4809.0,15.0,1,
46100,1859.1,24.6,147.5,239.7,798.0,4809.0,15.0,1,
46200,1859.9,24.9,147.5,242.1,798.0,4809.0,15.0,1,
46300,1860.0,24.5,147.5,240.9,798.0,4809.0,15.0,1,
46500,1859.4,26.1,147.5,240.0,798.0,4809.0,15.0,1,
46600,1860.9,183.2,139.4,117.3,2473.0,10402.0,12.0,1,
46700,1882.0,245.6,132.2,133.6,2397.0,9319.0,11.0,1,
46800,1852.1,272.4,129.7,175.2,2035.0,7932.0,11.0,1,
46900,1843.3,165.1,135.9,231.5,1990.0,6602.0,10.0,1,
47000,1840.9,205.0,142.0,267.0,1754.0,6828.0,10.0,1,
47100,1880.5,234.4,152.4,265.9,1721.0,5251.0,10.0,1,
47200,1864.3,71.5,158.6,266.0,805.0,4360.0,10.0,1,
47300,1860.0,25.5,158.6,260.5,805.0,4360.0,10.0,1,
47500,1860.1,23.1,158.5,123.3,805.0,4360.0,10.0,1,
47600,1858.0,24.7,158.5,67.4,805.0,4360.0,10.0,1,
47700,1858.8,24.1,158.5,240.6,805.0,4360.0,10.0,1,
47800,1859.8,23.3,158.5,240.1,805.0,4360.0,10.0,1,
47900,1859.0,24.5,158.5,240.1,805.0,4360.0,10.0,1,
48000,1859.9,24.5,158.5,240.7,805.0,4360.0,10.0,1,
48100,1859.7,23.3,158.4,240.0,805.0,4360.0,10.0,1,
48200,1867.6,75.6,159.7,130.2,1308.0,9252.0,14.0,1,
48300,1864.6,98.1,158.0,67.2,1401.0,9749.0,14.0,1,
48500,1832.6,81.9,136.2,70.7,889.0,5407.0,14.0,1,
48600,1858.7,251.2,138.6,93.5,1412.0,5318.0,10.0,1,
48700,1878.0,119.9,136.2,84.4,756.0,5025.0,15.0,1,
48800,1865.9,76.9,122.3,75.0,820.0,4935.0,16.0,1,
48900,1851.0,25.3,122.3,67.9,820.0,4935.0,16.0,1,
49000,1861.8,23.2,122.3,54.0,820.0,4935.0,16.0,1,
49100,1860.3,23.6,122.3,48.5,820.0,4935.0,16.0,1,
49200,1856.5,27.6,122.3,46.6,820.0,4935.0,16.0,1,
49300,1860.3,27.8,122.4,177.9,820.0,4935.0,16.0,1,
49500,1859.5,29.2,122.5,237.5,820.0,4935.0,16.0,1,
49600,1859.6,28.4,122.6,239.5,820.0,4935.0,16.0,1,
49700,1858.7,31.4,122.7,239.4,820.0,4935.0,16.0,1,
49800,1858.2,32.2,122.8,237.4,820.0,4935.0,16.0,1,
49900,1867.8,152.4,126.4,67.1,1446.0,10203.0,15.0,1,
50000,1842.8,107.9,126.3,66.3,1139.0,7513.0,13.0,1,
50100,1836.2,191.8,131.6,66.3,1704.0,6921.0,10.0,1,
50200,1881.4,244.9,142.5,70.1,2069.0,5912.0,10.0,1,
50300,1869.8,241.5,143.6,159.0,2065.0,5167.0,10.0,1,
50500,1842.3,40.1,158.2,265.2,2065.0,5167.0,10.0,1,
50600,1860.2,31.2,158.3,227.2,2065.0,5167.0,10.0,1,
50700,1861.2,32.7,158.4,157.7,2065.0,5167.0,10.0,1,
50800,1860.2,31.6,158.6,88.7,2065.0,5167.0,10.0,1,
50900,1858.1,32.4,158.6,145.8,2065.0,5167.0,10.0,1,
51000,1857.9,31.7,158.6,239.5,2065.0,5167.0,10.0,1,
51100,1858.5,30.7,158.7,239.4,2065.0,5167.0,10.0,1,
51200,1859.2,31.9,158.7,238.8,2065.0,5167.0,10.0,1,
51300,1859.6,31.7,158.7,239.6,2065.0,5167.0,10.0,1,
51500,1875.1,180.4,157.1,66.7,1350.0,9735.0,15.0,1,
51600,1828.6,154.6,159.4,47.3,1836.0,8293.0,10.0,1,
51700,1859.1,253.0,165.9,66.4,1518.0,7279.0,11.0,1,
51800,1883.4,217.6,166.1,115.6,2157.0,6686.0,10.0,1,
51900,1864.0,193.6,164.8,234.2,1982.0,6503.0,12.0,1,
52000,1860.5,244.4,162.4,265.9,1933.0,5923.0,12.0,1,
52100,1847.5,62.5,163.2,262.7,757.0,4605.0,11.0,1,
52200,1859.5,30.8,163.2,225.6,757.0,4605.0,11.0,1,
52300,1861.0,29.9,163.2,165.0,757.0,4605.0,11.0,1,
52500,1858.0,31.6,163.0,100.2,757.0,4605.0,11.0,1,
52600,1856.6,32.1,163.0,239.0,757.0,4605.0,11.0,1,
52700,1858.8,32.7,163.0,239.3,757.0,4605.0,11.0,1,
52800,1859.6,33.3,163.1,238.2,757.0,4605.0,11.0,1,
52900,1859.8,32.5,163.1,238.1,757.0,4605.0,11.0,1,
53000,1859.6,33.8,163.1,238.7,757.0,4605.0,11.0,1,
53100,1862.8,166.5,163.6,123.9,1837.0,8963.0,11.0,1,
53200,1828.0,208.8,162.7,84.8,1668.0,9433.0,11.0,1,
53300,1889.9,253.6,167.6,140.9,2124.0,6492.0,10.0,1,
53500,1860.7,253.5,164.0,253.6,2033.0,5954.0,10.0,1,
53600,1843.6,263.7,168.6,266.1,1646.0,5268.0,10.0,1,
53700,1869.4,79.8,163.9,291.2,865.0,4205.0,11.0,1,
53800,1856.6,31.3,163.9,264.7,865.0,4205.0,11.0,1,
53900,1861.6,31.3,163.9,183.5,865.0,4205.0,11.0,1,
54000,1860.2,31.7,164.0,113.8,865.0,4205.0,11.0,1,
54100,1859.3,31.6,164.0,90.1,865.0,4205.0,11.0,1,
54200,1858.3,32.7,164.1,239.0,865.0,4205.0,11.0,1,
54300,1858.3,33.4,164.1,239.4,865.0,4205.0,11.0,1,
54500,1859.8,33.1,164.0,239.3,865.0,4205.0,11.0,1,
54600,1859.9,32.5,164.0,239.5,865.0,4205.0,11.0,1,
54700,1838.6,104.5,162.9,239.4,865.0,4205.0,11.0,1,
54800,1851.9,200.5,164.2,68.9,1552.0,10197.0,11.0,1,
54900,1896.2,216.9,161.0,72.8,2149.0,6771.0,11.0,1,
55000,1861.9,204.6,159.5,102.3,2015.0,6772.0,12.0,1,
55100,1854.6,282.6,161.8,200.7,1888.0,5820.0,10.0,1,
55200,1836.0,233.2,163.3,265.2,1650.0,5118.0,11.0,1,
55300,1854.8,179.8,164.3,276.9,1246.0,4619.0,11.0,1,
55500,1861.7,30.8,166.0,163.4,1246.0,4619.0,11.0,1,
55600,1862.0,29.0,166.0,51.7,1246.0,4619.0,11.0,1,
55700,1861.8,31.2,166.1,45.3,1246.0,4619.0,11.0,1,
55800,1858.8,33.4,166.1,116.3,1246.0,4619.0,11.0,1,
55900,1856.9,33.2,166.1,239.6,1246.0,4619.0,11.0,1,
56000,1859.7,34.2,166.1,239.4,1246.0,4619.0,11.0,1,
56100,1859.6,34.0,166.1,239.3,1246.0,4619.0,11.0,1,
56200,1859.5,32.8,166.1,239.3,1246.0,4619.0,11.0,1,
56300,1859.2,35.0,166.1,239.2,1246.0,4619.0,11.0,1,
56500,1882.6,210.8,167.5,79.6,2142.0,7809.0,11.0,1,
56600,1853.7,160.8,162.4,90.9,1862.0,7575.0,11.0,1,
56700,1844.6,176.2,164.8,157.1,1540.0,5909.0,11.0,1,
56800,1838.5,129.9,162.3,232.6,1337.0,5088.0,11.0,1,
56900,1868.7,249.0,160.9,231.9,2014.0,5739.0,11.0,1,
57000,1862.6,56.9,166.6,246.7,664.0,4379.0,11.0,1,
57100,1860.2,31.1,166.6,242.5,664.0,4379.0,11.0,1,
57200,1860.9,31.7,166.6,211.3,664.0,4379.0,11.0,1,
57300,1861.8,33.3,166.6,173.3,664.0,4379.0,11.0,1,
57500,1856.9,33.7,166.6,239.3,664.0,4379.0,11.0,1,
57600,1859.4,33.4,166.6,239.2,664.0,4379.0,11.0,1,
57700,1859.7,32.5,166.6,238.9,664.0,4379.0,11.0,1,
57800,1859.3,33.4,166.6,238.8,664.0,4379.0,11.0,1,
57900,1859.3,33.6,166.6,239.5,664.0,4379.0,11.0,1,
58000,1869.3,141.5,166.0,67.9,1379.0,9932.0,14.0,1,
58100,1870.2,214.3,161.6,49.4,1840.0,9194.0,11.0,1,
58200,1853.1,191.8,165.9,66.1,1368.0,6720.0,11.0,1,
58300,1836.3,186.7,170.5,93.1,1366.0,6095.0,10.0,1,
58500,1884.7,206.8,174.6,253.8,2049.0,6805.0,11.0,1,
58600,1857.2,74.6,171.3,268.1,954.0,4772.0,11.0,1,
58700,1859.4,32.4,171.3,236.9,954.0,4772.0,11.0,1,
58800,1861.4,33.2,171.4,156.1,954.0,4772.0,11.0,1,
58900,1859.5,33.8,171.3,83.4,954.0,4772.0,11.0,1,
59000,1856.8,35.0,171.3,57.4,954.0,4772.0,11.0,1,
59100,1859.0,34.2,171.4,238.2,954.0,4772.0,11.0,1,
59200,1860.1,32.4,171.4,237.4,954.0,4772.0,11.0,1,
59300,1859.3,33.6,171.4,238.3,954.0,4772.0,11.0,1,
59500,1859.6,33.0,171.4,239.5,954.0,4772.0,11.0,1,
59600,1877.4,128.8,168.3,183.9,1952.0,9810.0,11.0,1,
59700,1859.2,188.8,170.0,133.0,1570.0,10079.0,11.0,1,
59800,1847.8,213.7,169.6,197.4,1340.0,7930.0,10.0,1,
59900,1835.9,158.5,166.2,220.9,1169.0,6791.0,10.0,1,
60000,1879.8,204.1,165.3,235.1,1966.0,6803.0,10.0,1,
60100,1872.8,196.4,163.7,244.3,1869.0,6543.0,10.0,1,
60200,1862.4,111.1,162.0,233.9,947.0,5747.0,11.0,1,
60300,1847.3,34.3,161.8,201.8,947.0,5747.0,11.0,1,
60500,1860.4,30.5,161.8,164.5,947.0,5747.0,11.0,1,
60600,1856.8,32.3,161.7,122.3,947.0,5747.0,11.0,1,
60700,1857.0,31.8,161.6,237.6,947.0,5747.0,11.0,1,
60800,1859.5,32.6,161.6,239.0,947.0,5747.0,11.0,1,
60900,1859.7,32.7,161.6,239.6,947.0,5747.0,11.0,1,
61000,1860.1,31.9,161.6,239.7,947.0,5747.0,11.0,1,
61100,1859.5,33.0,161.6,239.4,947.0,5747.0,11.0,1,
61200,1859.6,25.4,161.6,239.4,947.0,5747.0,11.0,1,
61300,1869.1,191.0,162.0,66.0,1527.0,9691.0,11.0,1,
61500,1849.2,206.9,163.1,87.6,1077.0,6658.0,11.0,1,
61600,1881.1,180.4,164.2,158.7,1588.0,5988.0,11.0,1,
61700,1866.5,201.8,162.3,284.6,1633.0,6540.0,12.0,1,
61800,1853.8,269.4,168.9,297.2,1391.0,5522.0,11.0,1,
61900,1848.8,44.5,172.3,254.0,687.0,4503.0,11.0,1,
62000,1860.0,32.4,172.3,143.9,687.0,4503.0,11.0,1,
62100,1859.4,27.0,172.3,68.1,687.0,4503.0,11.0,1,
62200,1858.0,24.8,172.2,69.3,687.0,4503.0,11.0,1,
62300,1857.1,26.0,172.1,165.0,687.0,4503.0,11.0,1,
62500,1859.3,24.9,171.9,241.3,687.0,4503.0,11.0,1,
62600,1859.4,26.2,171.8,240.7,687.0,4503.0,11.0,1,
62700,1859.6,26.8,171.8,240.8,687.0,4503.0,11.0,1,
62800,1859.6,26.7,171.7,240.8,687.0,4503.0,11.0,1,
62900,1862.1,212.0,170.6,55.7,1441.0,9861.0,12.0,1,
63000,1832.9,169.5,170.4,51.6,1330.0,8214.0,11.0,1,
63100,1880.0,196.3,171.0,84.6,1685.0,6985.0,11.0,1,
63200,1880.2,160.2,165.4,164.8,1674.0,5957.0,11.0,1,
63300,1859.6,261.1,165.9,259.7,1316.0,5534.0,11.0,1,
63500,1852.1,60.5,171.1,254.6,764.0,4196.0,10.0,1,
63600,1860.0,27.3,171.0,231.6,764.0,4196.0,10.0,1,
63700,1861.9,25.3,171.0,172.8,764.0,4196.0,10.0,1,
63800,1858.3,27.1,171.0,168.3,764.0,4196.0,10.0,1,
63900,1856.7,27.5,171.0,173.9,764.0,4196.0,10.0,1,
64000,1857.6,26.5,171.0,240.8,764.0,4196.0,10.0,1,
64100,1858.8,28.4,171.1,240.4,764.0,4196.0,10.0,1,
64200,1859.3,28.4,171.1,240.4,764.0,4196.0,10.0,1,
64300,1859.6,27.2,171.1,240.1,764.0,4196.0,10.0,1,
64500,1853.5,121.4,170.3,90.6,1422.0,10029.0,15.0,1,
64600,1837.5,143.8,165.1,66.0,1145.0,8227.0,14.0,1,
64700,1890.0,210.6,162.3,66.3,1444.0,5626.0,9.0,1,
64800,1866.0,261.5,170.6,66.8,1301.0,5364.0,10.0,1,
64900,1856.2,293.6,178.4,92.5,1099.0,5226.0,11.0,1,
65000,1846.9,184.1,178.2,132.4,1120.0,5234.0,11.0,1,
65100,1867.7,108.2,175.1,131.9,708.0,4336.0,11.0,1,
65200,1857.3,28.4,175.1,158.2,708.0,4336.0,11.0,1,
65300,1860.8,25.4,175.0,158.5,708.0,4336.0,11.0,1,
65500,1857.3,25.5,175.0,66.0,708.0,4336.0,11.0,1,
65600,1857.5,26.9,175.0,239.7,708.0,4336.0,11.0,1,
65700,1858.8,27.2,175.0,240.4,708.0,4336.0,11.0,1,
65800,1859.5,26.4,175.0,240.3,708.0,4336.0,11.0,1,
65900,1859.0,27.0,175.0,240.1,708.0,4336.0,11.0,1,
66000,1859.8,27.0,174.9,240.2,708.0,4336.0,11.0,1,
66100,1831.0,138.2,175.5,239.1,708.0,4336.0,11.0,1,
66200,1874.8,218.4,174.4,99.0,1821.0,9426.0,11.0,1,
66300,1891.6,185.0,180.5,136.0,1600.0,7311.0,11.0,1,
66500,1847.2,178.0,171.2,236.6,1119.0,5764.0,11.0,1,
66600,1842.8,221.9,166.5,266.3,1020.0,4893.0,12.0,1,
66700,1863.4,211.0,165.6,274.6,931.0,5026.0,12.0,1,
66800,1876.4,34.9,166.8,268.1,674.0,4394.0,12.0,1,
66900,1861.3,26.8,166.8,221.5,674.0,4394.0,12.0,1,
67000,1860.4,25.2,166.8,94.7,674.0,4394.0,12.0,1,
67100,1857.3,26.5,166.8,65.7,674.0,4394.0,12.0,1,
67200,1857.0,26.5,166.8,89.7,674.0,4394.0,12.0,1,
67300,1858.0,25.8,166.8,239.8,674.0,4394.0,12.0,1,
67500,1859.6,27.4,166.7,240.5,674.0,4394.0,12.0,1,
67600,1859.8,25.6,166.8,240.3,674.0,4394.0,12.0,1,
67700,1859.1,26.8,166.7,240.1,674.0,4394.0,12.0,1,
67800,1858.3,198.2,164.3,43.4,1600.0,9010.0,11.0,1,
67900,1876.5,223.2,163.5,42.1,1318.0,7253.0,11.0,1,
68000,1852.1,243.2,166.3,72.6,1044.0,5698.0,11.0,1,
68100,1847.6,176.4,168.3,166.7,867.0,4899.0,11.0,1,
68200,1844.9,163.1,166.4,266.4,807.0,4578.0,11.0,1,
68300,1873.0,194.1,165.3,266.2,1425.0,5510.0,12.0,1,
68500,1858.8,22.4,164.8,226.5,1425.0,5510.0,12.0,1,
68600,1858.3,22.6,164.7,157.4,1425.0,5510.0,12.0,1,
68700,1858.9,22.3,164.7,112.3,1425.0,5510.0,12.0,1,
68800,1862.4,21.8,164.8,94.7,1425.0,5510.0,12.0,1,
68900,1861.3,22.5,164.8,239.4,1425.0,5510.0,12.0,1,
69000,1859.9,23.2,164.8,239.7,1425.0,5510.0,12.0,1,
69100,1859.6,21.6,164.7,239.5,1425.0,5510.0,12.0,1,
69200,1859.8,23.5,164.7,239.7,1425.0,5510.0,12.0,1,
69300,1859.7,23.8,164.6,239.4,1425.0,5510.0,12.0,1,
69500,1858.3,225.9,166.4,71.8,1152.0,6495.0,12.0,1,
69600,1844.8,214.6,162.3,91.8,767.0,4427.0,12.0,1,
69700,1835.8,161.8,159.0,149.0,743.0,4161.0,13.0,1,
69800,1862.7,187.3,156.2,200.7,1307.0,4885.0,13.0,1,
69900,1873.1,183.3,157.2,232.0,1177.0,4888.0,12.0,1,
70000,1851.7,65.3,161.2,253.8,665.0,3575.0,14.0,1,
70100,1861.2,24.0,161.3,212.0,665.0,3575.0,14.0,1,
70200,1861.5,18.0,161.4,201.8,665.0,3575.0,14.0,1,
70300,1863.7,14.0,161.4,197.7,665.0,3575.0,14.0,1,
70500,1860.3,14.2,161.2,116.8,665.0,3575.0,14.0,1,
70600,1861.0,13.5,161.2,134.6,665.0,3575.0,14.0,1,
70700,1860.4,14.0,161.1,124.6,665.0,3575.0,14.0,1,
70800,1860.0,15.2,161.0,123.4,665.0,3575.0,14.0,1,
70900,1860.7,14.9,161.0,133.2,665.0,3575.0,14.0,1,
71000,1873.4,73.3,160.9,77.9,1172.0,8557.0,16.0,1,
71100,1857.1,140.1,149.8,54.3,1076.0,6875.0,16.0,1,
71200,1840.4,129.4,141.1,53.2,973.0,5480.0,16.0,1,
71300,1844.7,169.6,141.9,66.0,688.0,4135.0,12.0,1,
71500,1871.7,208.9,145.3,212.5,936.0,4336.0,13.0,1,
71600,1864.5,124.6,149.0,265.2,649.0,3921.0,13.0,1,
71700,1849.0,19.2,148.9,266.0,649.0,3921.0,13.0,1,
71800,1861.9,13.7,148.8,213.1,649.0,3921.0,13.0,1,
71900,1862.0,14.6,148.8,145.1,649.0,3921.0,13.0,1,
72000,1860.6,14.2,148.8,68.6,649.0,3921.0,13.0,1,
72100,1860.8,12.3,148.8,111.4,649.0,3921.0,13.0,1,
72200,1859.7,12.7,148.8,142.1,649.0,3921.0,13.0,1,
72300,1859.8,13.3,148.7,177.2,649.0,3921.0,13.0,1,
72500,1859.4,11.8,148.7,175.5,649.0,3921.0,13.0,1,
72600,1860.0,138.2,148.7,141.9,649.0,3921.0,13.0,1,
72700,1863.0,217.8,153.0,75.5,1120.0,7149.0,13.0,1,
72800,1835.1,191.9,161.5,130.6,802.0,4839.0,12.0,1,
72900,1861.8,188.5,161.3,156.5,849.0,4467.0,12.0,1,
73000,1872.4,213.1,161.6,233.4,896.0,4485.0,13.0,1,
73100,1865.5,113.8,163.1,265.8,655.0,4306.0,18.0,1,
73200,1852.8,102.8,152.8,235.3,650.0,4530.0,19.0,1,
73300,1853.4,21.4,152.4,174.6,696.0,4659.0,16.0,1,
73500,1861.7,14.2,152.4,35.2,696.0,4659.0,16.0,1,
73600,1863.5,14.4,152.4,34.8,696.0,4659.0,16.0,1,
73700,1860.8,13.3,152.4,39.7,696.0,4659.0,16.0,1,
73800,1860.5,14.3,152.4,177.2,696.0,4659.0,16.0,1,
73900,1860.1,13.1,152.4,188.7,696.0,4659.0,16.0,1,
74000,1860.2,11.8,152.4,200.4,696.0,4659.0,16.0,1,
74100,1859.9,13.2,152.4,146.7,696.0,4659.0,16.0,1,
74200,1860.3,13.4,152.5,172.8,696.0,4659.0,16.0,1,
74300,1851.5,196.6,146.6,65.8,1168.0,8516.0,16.0,1,
74500,1874.4,206.9,151.1,86.7,843.0,5009.0,12.0,1,
74600,1873.5,214.1,152.9,156.2,792.0,4228.0,12.0,1,
74700,1858.3,254.7,151.7,233.8,660.0,3876.0,13.0,1,
74800,1852.5,259.9,164.0,254.5,644.0,3775.0,13.0,1,
74900,1860.0,40.6,169.2,265.2,1341.0,4215.0,13.0,1,
75000,1861.6,14.3,169.3,212.4,1341.0,4215.0,13.0,1,
75100,1861.5,12.2,169.3,130.6,1341.0,4215.0,13.0,1,
75200,1861.7,13.6,169.2,53.5,1341.0,4215.0,13.0,1,
75300,1860.3,12.2,169.2,45.0,1341.0,4215.0,13.0,1,
75500,1860.0,12.3,169.2,198.1,1341.0,4215.0,13.0,1,
75600,1861.2,12.3,169.2,200.4,1341.0,4215.0,13.0,1,
75700,1861.1,12.4,169.2,166.4,1341.0,4215.0,13.0,1,
75800,1860.7,12.1,169.2,158.5,1341.0,4215.0,13.0,1,
75900,1833.4,182.7,170.6,49.2,1110.0,8439.0,16.0,1,
76000,1866.5,207.0,167.0,47.9,960.0,6012.0,12.0,1,
76100,1874.7,205.8,164.7,72.4,739.0,4671.0,13.0,1,
76200,1864.1,210.1,168.7,109.5,671.0,4368.0,13.0,1,
76300,1855.3,229.1,170.3,201.6,601.0,3985.0,12.0,1,
76500,1870.8,61.1,161.9,263.2,674.0,4837.0,19.0,1,
76600,1857.7,16.3,161.9,220.1,674.0,4837.0,19.0,1,
76700,1860.3,12.8,161.9,131.7,674.0,4837.0,19.0,1,
76800,1861.7,12.3,161.9,45.1,674.0,4837.0,19.0,1,
76900,1862.9,14.1,161.9,34.5,674.0,4837.0,19.0,1,
77000,1860.6,13.4,161.9,141.8,674.0,4837.0,19.0,1,
77100,1861.0,13.6,162.0,139.7,674.0,4837.0,19.0,1,
77200,1860.1,13.2,162.0,133.2,674.0,4837.0,19.0,1,
77300,1859.7,12.8,162.0,131.3,674.0,4837.0,19.0,1,
77500,1820.3,86.3,161.0,136.7,1074.0,8051.0,16.0,1,
77600,1886.4,154.2,155.0,41.6,1041.0,7208.0,16.0,1,
77700,1870.7,217.8,164.5,39.8,1991.0,6490.0,12.0,1,
77800,1856.2,166.9,151.3,57.0,709.0,5014.0,17.0,1,
77900,1847.6,158.3,138.4,70.2,795.0,5325.0,17.0,1,
78000,1843.7,145.9,131.2,57.0,710.0,4864.0,17.0,1,
78100,1865.5,89.5,131.0,55.2,677.0,4683.0,16.0,1,
78200,1868.8,18.1,131.5,54.2,677.0,4683.0,16.0,1,
78300,1860.8,14.3,131.5,41.2,677.0,4683.0,16.0,1,
78500,1860.9,13.0,131.5,34.9,677.0,4683.0,16.0,1,
78600,1860.7,13.1,131.5,67.4,677.0,4683.0,16.0,1,
78700,1860.5,13.6,131.5,134.5,677.0,4683.0,16.0,1,
78800,1860.0,12.1,131.5,134.1,677.0,4683.0,16.0,1,
78900,1860.1,13.5,131.5,133.1,677.0,4683.0,16.0,1,
79000,1860.9,13.2,131.5,141.9,677.0,4683.0,16.0,1,
79100,1860.1,20.0,131.5,117.9,677.0,4683.0,16.0,1,
79200,1866.4,379.2,155.4,36.6,2353.0,8547.0,3.0,1,
79300,1860.2,198.9,155.7,35.6,815.0,5527.0,16.0,1,
79500,1839.8,157.0,163.5,44.2,1632.0,5346.0,11.0,1,
79600,1859.3,124.9,161.4,56.3,683.0,4912.0,16.0,1,
79700,1869.0,206.0,175.7,74.1,1839.0,5129.0,12.0,1,
79800,1867.8,30.3,177.5,51.2,1839.0,5129.0,12.0,1,
79900,1860.7,14.4,177.4,50.6,1839.0,5129.0,12.0,1,
80000,1862.7,14.4,177.4,51.7,1839.0,5129.0,12.0,1,
80100,1863.9,13.3,177.5,38.2,1839.0,5129.0,12.0,1,
80200,1861.5,13.4,177.5,34.9,1839.0,5129.0,12.0,1,
80300,1860.6,12.1,177.5,177.4,1839.0,5129.0,12.0,1,
80500,1860.6,13.6,177.5,178.2,1839.0,5129.0,12.0,1,
80600,1859.8,12.1,177.5,152.4,1839.0,5129.0,12.0,1,
80700,1860.1,12.3,177.5,122.1,1839.0,5129.0,12.0,1,
80800,1871.9,292.8,180.1,72.5,1408.0,8029.0,12.0,1,
80900,1857.3,299.1,163.3,79.7,1846.0,6160.0,11.0,1,
81000,1827.0,263.0,175.7,142.8,1700.0,5224.0,12.0,1,
81100,1840.5,270.7,178.7,220.3,1965.0,5452.0,12.0,1,
81200,1866.3,201.7,185.3,284.7,662.0,4132.0,13.0,1,
81300,1872.6,228.6,186.6,265.2,606.0,4102.0,14.0,1,
81500,1859.8,16.4,184.1,253.0,606.0,4102.0,14.0,1,
81600,1863.0,13.8,184.1,136.1,606.0,4102.0,14.0,1,
81700,1863.6,14.1,184.1,38.3,606.0,4102.0,14.0,1,
81800,1861.5,12.1,184.1,36.4,606.0,4102.0,14.0,1,
81900,1860.4,12.5,184.1,236.0,606.0,4102.0,14.0,1,
82000,1860.8,13.1,184.1,177.6,606.0,4102.0,14.0,1,
82100,1860.5,13.2,184.1,205.4,606.0,4102.0,14.0,1,
82200,1860.1,13.0,184.1,237.4,606.0,4102.0,14.0,1,
82300,1861.1,11.8,184.1,178.3,606.0,4102.0,14.0,1,
82500,1836.4,264.9,175.4,43.9,2182.0,7538.0,13.0,1,
82600,1833.9,223.7,172.6,56.7,2005.0,6123.0,13.0,1,
82700,1858.8,212.4,171.8,122.9,1858.0,5678.0,13.0,1,
82800,1875.6,229.4,170.7,229.7,1019.0,4345.0,12.0,1,
82900,1871.8,265.1,168.2,268.4,1442.0,4832.0,14.0,1,
83000,1860.5,142.5,166.6,268.8,550.0,3654.0,12.0,1,
83100,1848.1,18.7,166.6,265.0,550.0,3654.0,12.0,1,
83200,1861.5,14.5,166.6,159.1,550.0,3654.0,12.0,1,
83300,1861.8,13.9,166.6,65.8,550.0,3654.0,12.0,1,
83500,1861.0,13.9,166.6,122.6,550.0,3654.0,12.0,1,
83600,1860.9,12.7,166.6,132.0,550.0,3654.0,12.0,1,
83700,1860.3,13.2,166.6,156.8,550.0,3654.0,12.0,1,
83800,1860.1,13.3,166.6,145.9,550.0,3654.0,12.0,1,
83900,1860.0,13.5,166.6,175.1,550.0,3654.0,12.0,1,
84000,1860.5,49.1,166.6,174.4,550.0,3654.0,12.0,1,
84100,1849.3,279.8,170.7,48.5,2161.0,8797.0,12.0,1,
84200,1837.2,158.8,171.8,69.0,1531.0,6267.0,13.0,1,
84300,1869.6,179.6,169.4,123.0,1585.0,6105.0,14.0,1,
84500,1864.4,251.7,166.1,263.7,1907.0,5941.0,12.0,1,
84600,1841.3,271.0,171.6,264.2,1918.0,5393.0,15.0,1,
84700,1857.1,30.5,171.8,265.4,586.0,3692.0,13.0,1,
84800,1860.9,14.3,171.8,233.1,586.0,3692.0,13.0,1,
84900,1862.5,14.0,171.8,167.3,586.0,3692.0,13.0,1,
85000,1863.7,15.4,171.8,150.1,586.0,3692.0,13.0,1,
85100,1861.2,12.2,171.8,125.8,586.0,3692.0,13.0,1,
85200,1859.7,11.8,171.8,176.9,586.0,3692.0,13.0,1,
85300,1860.3,13.3,171.8,123.7,586.0,3692.0,13.0,1,
85500,1859.8,13.0,171.8,177.3,586.0,3692.0,13.0,1,
85600,1860.4,13.0,171.8,147.9,586.0,3692.0,13.0,1,
85700,1841.9,138.2,169.9,41.8,1095.0,8225.0,16.0,1,
85800,1858.4,114.5,158.3,37.3,909.0,5973.0,16.0,1,
85900,1869.9,195.8,152.7,36.0,1816.0,6100.0,13.0,1,
86000,1867.5,251.9,155.3,68.1,1911.0,6194.0,12.0,1,
86100,1858.8,241.0,150.9,188.5,1895.0,5803.0,14.0,1,
86200,1832.3,274.9,158.0,226.6,1829.0,5162.0,16.0,1,
86300,1873.4,46.4,153.6,265.1,617.0,3824.0,16.0,1,
86500,1859.5,13.5,153.5,106.6,617.0,3824.0,16.0,1,
86600,1860.9,12.1,153.5,66.2,617.0,3824.0,16.0,1,
86700,1861.1,12.5,153.5,48.0,617.0,3824.0,16.0,1,
86800,1861.4,13.6,153.5,178.2,617.0,3824.0,16.0,1,
86900,1861.4,12.5,153.5,177.2,617.0,3824.0,16.0,1,
87000,1861.8,12.0,153.5,177.3,617.0,3824.0,16.0,1,
87100,1861.8,13.3,153.6,177.1,617.0,3824.0,16.0,1,
87200,1860.8,13.2,153.6,178.0,617.0,3824.0,16.0,1,
87300,1834.5,160.3,154.4,67.2,1527.0,8033.0,12.0,1,
87500,1872.2,183.4,167.2,143.3,1810.0,6277.0,14.0,1,
87600,1861.2,159.6,165.0,203.6,1852.0,6335.0,12.0,1,
87700,1842.5,257.7,164.9,232.7,1639.0,5804.0,13.0,1,
87800,1838.1,251.0,166.8,233.5,1365.0,5269.0,12.0,1,
87900,1879.1,84.1,166.7,265.2,694.0,4203.0,12.0,1,
88000,1857.2,16.7,166.7,235.0,694.0,4203.0,12.0,1,
88100,1860.2,12.6,166.8,158.2,694.0,4203.0,12.0,1,
88200,1863.6,12.7,166.8,67.5,694.0,4203.0,12.0,1,
88300,1864.0,13.1,166.9,44.9,694.0,4203.0,12.0,1,
88500,1861.7,11.7,166.9,202.4,694.0,4203.0,12.0,1,
88600,1861.4,12.9,166.9,189.5,694.0,4203.0,12.0,1,
88700,1861.0,11.7,166.8,189.9,694.0,4203.0,12.0,1,
88800,1860.7,11.8,166.8,177.0,694.0,4203.0,12.0,1,
88900,1830.2,82.6,166.1,149.9,1055.0,8118.0,16.0,1,
89000,1896.3,240.6,164.7,37.6,2138.0,7776.0,13.0,1,
89100,1856.8,191.1,166.5,43.0,1563.0,5553.0,12.0,1,
89200,1855.0,161.3,166.1,88.7,1607.0,6072.0,12.0,1,
89300,1832.3,171.2,169.6,157.9,1183.0,5438.0,14.0,1,
89500,1869.3,132.5,159.2,254.0,692.0,4317.0,16.0,1,
89600,1863.5,20.2,159.8,234.1,692.0,4317.0,16.0,1,
89700,1861.8,13.7,159.9,201.5,692.0,4317.0,16.0,1,
89800,1864.7,13.9,159.9,124.2,692.0,4317.0,16.0,1,
89900,1864.7,12.3,159.9,67.9,692.0,4317.0,16.0,1,
90000,1861.8,11.5,159.9,70.0,692.0,4317.0,16.0,1,
90100,1861.4,12.0,159.9,177.2,692.0,4317.0,16.0,1,
90200,1861.2,11.9,159.9,178.2,692.0,4317.0,16.0,1,
90300,1861.0,12.1,159.9,214.6,692.0,4317.0,16.0,1,
90500,1860.0,12.5,159.9,178.2,692.0,4317.0,16.0,1,
90600,1870.9,137.6,158.8,38.0,1146.0,8294.0,14.0,1,
90700,1852.8,108.5,146.6,35.8,917.0,6228.0,15.0,1,
90800,1841.9,163.5,139.0,35.5,1083.0,5406.0,12.0,1,
90900,1838.2,193.4,141.9,66.4,1002.0,5682.0,11.0,1,
91000,1871.0,249.3,146.8,153.9,1907.0,5610.0,11.0,1,
91100,1876.7,238.5,148.4,212.9,1795.0,5992.0,16.0,1,
91200,1848.1,35.2,156.4,260.0,634.0,4240.0,16.0,1,
91300,1862.7,15.7,156.4,227.3,634.0,4240.0,16.0,1,
91500,1862.7,12.0,156.4,106.1,634.0,4240.0,16.0,1,
91600,1860.9,12.6,156.4,74.2,634.0,4240.0,16.0,1,
91700,1861.3,11.4,156.4,187.1,634.0,4240.0,16.0,1,
91800,1861.7,11.3,156.4,198.9,634.0,4240.0,16.0,1,
91900,1861.0,12.0,156.4,175.4,634.0,4240.0,16.0,1,
92000,1860.0,11.3,156.4,178.1,634.0,4240.0,16.0,1,
92100,1860.1,10.9,156.4,178.1,634.0,4240.0,16.0,1,
92200,1873.5,209.5,158.2,44.3,1447.0,8484.0,12.0,1,
92300,1853.1,199.0,168.3,52.1,1033.0,6445.0,12.0,1,
92500,1854.6,184.6,174.5,169.6,698.0,4049.0,11.0,1,
92600,1868.9,188.3,174.3,254.7,1169.0,4953.0,14.0,1,
92700,1868.2,188.1,172.7,267.9,1144.0,4867.0,11.0,1,
92800,1843.4,56.7,171.9,265.1,656.0,3552.0,13.0,1,
92900,1861.4,15.2,171.9,232.5,656.0,3552.0,13.0,1,
93000,1863.3,12.8,171.9,201.3,656.0,3552.0,13.0,1,
93100,1864.1,13.8,171.9,164.1,656.0,3552.0,13.0,1,
93200,1861.5,12.7,171.9,123.6,656.0,3552.0,13.0,1,
93300,1860.7,11.6,171.9,204.5,656.0,3552.0,13.0,1,
93500,1861.1,12.8,171.9,178.4,656.0,3552.0,13.0,1,
93600,1860.6,11.9,171.9,202.0,656.0,3552.0,13.0,1,
93700,1860.7,13.3,171.9,178.2,656.0,3552.0,13.0,1,
93800,1872.0,108.3,172.0,66.2,1173.0,9124.0,16.0,1,
93900,1845.8,160.4,161.6,39.5,1091.0,7858.0,15.0,1,
94000,1836.8,159.3,151.0,37.0,940.0,6450.0,15.0,1,
94100,1865.1,193.9,152.9,38.3,1056.0,5176.0,12.0,1,
94200,1870.4,204.9,152.5,130.6,889.0,5006.0,11.0,1,
94300,1867.6,188.2,154.3,226.2,751.0,4767.0,12.0,1,
94500,1851.8,17.7,154.5,234.2,751.0,4767.0,12.0,1,
94600,1861.2,14.0,154.5,169.3,751.0,4767.0,12.0,1,
94700,1862.0,13.5,154.5,92.4,751.0,4767.0,12.0,1,
94800,1861.8,12.6,154.4,45.6,751.0,4767.0,12.0,1,
94900,1861.3,12.8,154.5,117.0,751.0,4767.0,12.0,1,
95000,1861.5,13.3,154.5,178.2,751.0,4767.0,12.0,1,
95100,1861.2,12.5,154.5,199.0,751.0,4767.0,12.0,1,
95200,1861.0,13.0,154.5,203.5,751.0,4767.0,12.0,1,
95300,1860.7,11.1,154.5,177.7,751.0,4767.0,12.0,1,
95500,1847.3,217.6,158.1,69.8,1084.0,7274.0,12.0,1,
95600,1854.8,183.7,164.4,111.5,902.0,5372.0,13.0,1,
95700,1874.9,188.3,161.1,141.3,772.0,5054.0,12.0,1,
95800,1870.2,204.8,158.9,200.5,786.0,4852.0,11.0,1,
95900,1857.2,198.3,157.7,204.0,674.0,4382.0,12.0,1,
96000,1844.1,222.4,160.4,254.0,585.0,4209.0,12.0,1,
96100,1868.1,24.3,160.6,266.0,621.0,3998.0,17.0,1,
96200,1859.0,13.7,160.6,200.4,621.0,3998.0,17.0,1,
96300,1862.2,12.3,160.6,79.0,621.0,3998.0,17.0,1,
96500,1861.9,13.0,160.6,44.2,621.0,3998.0,17.0,1,
96600,1860.9,11.8,160.6,238.0,621.0,3998.0,17.0,1,
96700,1860.7,12.6,160.6,216.1,621.0,3998.0,17.0,1,
96800,1860.5,12.7,160.6,178.0,621.0,3998.0,17.0,1,
96900,1860.2,12.2,160.6,178.2,621.0,3998.0,17.0,1,
97000,1860.8,12.6,160.6,218.1,621.0,3998.0,17.0,1,
97100,1826.9,141.1,155.5,43.4,1178.0,8362.0,16.0,1,
97200,1880.8,121.9,148.2,38.1,897.0,6267.0,16.0,1,
97300,1861.0,158.2,142.6,37.8,800.0,5478.0,15.0,1,
97500,1855.0,215.1,142.0,136.3,536.0,3689.0,11.0,1,
97600,1839.4,206.6,140.1,214.9,588.0,3601.0,10.0,1,
97700,1878.5,35.7,139.5,254.2,644.0,3890.0,14.0,1,
97800,1860.0,14.5,139.5,213.1,644.0,3890.0,14.0,1,
97900,1862.2,13.2,139.5,125.1,644.0,3890.0,14.0,1,
98000,1864.2,12.9,139.5,56.6,644.0,3890.0,14.0,1,
98100,1862.5,12.3,139.5,53.4,644.0,3890.0,14.0,1,
98200,1861.0,12.7,139.5,238.0,644.0,3890.0,14.0,1,
98300,1859.8,13.1,139.5,238.0,644.0,3890.0,14.0,1,
98500,1860.2,12.8,139.5,214.7,644.0,3890.0,14.0,1,
98600,1860.3,13.8,139.5,226.2,644.0,3890.0,14.0,1,
98700,1825.6,139.3,138.1,55.0,1064.0,8338.0,15.0,1,
98800,1889.3,248.4,153.4,36.9,926.0,5877.0,11.0,1,
98900,1861.3,194.3,161.4,54.8,852.0,4841.0,13.0,1,
99000,1856.2,263.2,164.3,110.6,996.0,4487.0,11.0,1,
99100,1840.4,221.1,162.1,203.2,990.0,5178.0,12.0,1,
99200,1851.0,174.8,158.7,246.8,1299.0,5354.0,14.0,1,
99300,1881.9,87.3,163.6,245.1,558.0,3685.0,15.0,1,
99500,1862.8,13.7,163.6,137.0,558.0,3685.0,15.0,1,
99600,1865.1,13.5,163.7,65.5,558.0,3685.0,15.0,1,
99700,1861.5,11.4,163.6,43.8,558.0,3685.0,15.0,1,
99800,1859.2,12.3,163.6,154.2,558.0,3685.0,15.0,1,
99900,1860.8,11.9,163.6,176.9,558.0,3685.0,15.0,1,
100000,1861.3,11.7,163.6,177.3,558.0,3685.0,15.0,1,
100100,1860.4,12.2,163.6,152.5,558.0,3685.0,15.0,1,
100200,1860.8,14.0,163.6,177.0,558.0,3685.0,15.0,1,
100300,1835.0,107.7,160.3,117.5,1053.0,8292.0,16.0,1,
100500,1859.9,224.5,155.7,47.0,1135.0,6315.0,12.0,1,
100600,1841.4,251.9,157.5,85.3,1411.0,5798.0,12.0,1,
100700,1834.9,218.6,159.4,158.2,1681.0,5906.0,12.0,1,
100800,1866.4,198.8,162.4,202.0,614.0,4093.0,15.0,1,
100900,1872.2,182.2,163.3,234.1,559.0,3775.0,16.0,1,
101000,1858.8,22.4,163.8,254.6,559.0,3775.0,16.0,1,
101100,1859.8,13.5,163.7,203.9,559.0,3775.0,16.0,1,
101200,1863.1,12.2,163.7,157.5,559.0,3775.0,16.0,1,
101300,1863.6,12.8,163.7,111.0,559.0,3775.0,16.0,1,
101500,1861.2,12.0,163.8,172.4,559.0,3775.0,16.0,1,
101600,1860.4,13.1,163.8,178.1,559.0,3775.0,16.0,1,
101700,1860.2,12.3,163.8,177.3,559.0,3775.0,16.0,1,
101800,1860.5,12.2,163.8,145.9,559.0,3775.0,16.0,1,
101900,1859.9,12.1,163.7,144.9,559.0,3775.0,16.0,1,
102000,1875.6,251.9,164.1,42.5,1884.0,8725.0,12.0,1,
102100,1855.3,290.0,160.9,56.4,1950.0,6985.0,12.0,1,
102200,1823.4,164.3,170.0,114.9,1967.0,6135.0,11.0,1,
102300,1856.7,212.7,169.9,201.6,1893.0,6084.0,11.0,1,
102500,1871.5,240.5,173.7,254.8,1107.0,4586.0,12.0,1,
102600,1852.1,30.7,169.0,253.9,654.0,3804.0,15.0,1,
102700,1862.0,13.3,169.1,201.4,654.0,3804.0,15.0,1,
102800,1863.0,13.9,169.1,125.4,654.0,3804.0,15.0,1,
102900,1863.1,12.7,169.1,68.8,654.0,3804.0,15.0,1,
103000,1861.5,12.5,169.1,66.0,654.0,3804.0,15.0,1,
103100,1860.2,13.5,169.0,165.8,654.0,3804.0,15.0,1,
103200,1860.7,13.2,169.0,201.0,654.0,3804.0,15.0,1,
103300,1860.5,13.2,169.1,177.7,654.0,3804.0,15.0,1,
103500,1860.2,13.2,169.1,178.4,654.0,3804.0,15.0,1,
103600,1882.7,158.5,164.3,73.5,2255.0,9179.0,12.0,1,
103700,1838.3,183.5,169.0,122.7,2064.0,7536.0,11.0,1,
103800,1830.3,138.8,166.0,137.8,1833.0,6238.0,12.0,1,
103900,1868.8,164.6,165.9,158.9,1201.0,5437.0,15.0,1,
104000,1874.9,199.9,162.8,202.0,1497.0,5446.0,12.0,1,
104100,1865.1,265.3,158.6,203.0,1815.0,5006.0,16.0,1,
104200,1848.5,51.9,160.0,246.4,591.0,3538.0,17.0,1,
104300,1860.9,15.9,160.0,240.3,591.0,3538.0,17.0,1,
104500,1862.7,12.7,160.0,100.4,591.0,3538.0,17.0,1,
104600,1859.1,13.2,160.0,66.6,591.0,3538.0,17.0,1,
104700,1860.4,13.5,160.0,232.2,591.0,3538.0,17.0,1,
104800,1860.7,13.4,160.0,185.7,591.0,3538.0,17.0,1,
104900,1860.4,19.4,160.0,177.8,591.0,3538.0,17.0,1,
105000,1859.9,21.6,160.1,203.1,591.0,3538.0,17.0,1,
105100,1860.3,19.5,160.1,133.6,591.0,3538.0,17.0,1,
105200,1873.8,198.8,162.0,85.4,1651.0,8071.0,12.0,1,
105300,1829.1,154.0,161.2,71.4,1570.0,7186.0,11.0,1,
105500,1873.0,214.9,160.8,165.4,1892.0,5636.0,11.0,1,
105600,1870.5,217.8,163.3,264.7,1918.0,5789.0,15.0,1,
105700,1863.2,267.2,163.0,264.6,1753.0,5306.0,14.0,1,
105800,1855.2,104.0,164.3,264.2,696.0,3575.0,11.0,1,
105900,1853.6,27.7,164.3,236.5,696.0,3575.0,11.0,1,
106000,1862.0,22.9,164.4,153.0,696.0,3575.0,11.0,1,
106100,1861.5,23.8,164.5,39.0,696.0,3575.0,11.0,1,
106200,1860.4,24.8,164.6,37.4,696.0,3575.0,11.0,1,
106300,1859.9,23.7,164.7,239.3,696.0,3575.0,11.0,1,
106500,1859.6,25.5,164.9,239.4,696.0,3575.0,11.0,1,
106600,1860.0,23.5,164.9,239.1,696.0,3575.0,11.0,1,
106700,1859.4,25.4,164.9,237.7,696.0,3575.0,11.0,1,
106800,1853.0,88.2,163.6,239.8,696.0,3575.0,11.0,1,
106900,1839.0,187.2,161.4,46.8,1150.0,7555.0,12.0,1,
107000,1879.5,209.9,161.4,44.4,1584.0,6355.0,12.0,1,
107100,1868.5,184.8,160.0,85.6,1582.0,5835.0,12.0,1,
107200,1859.8,165.8,157.6,137.2,1283.0,5104.0,12.0,1,
107300,1847.5,191.6,160.5,200.6,1063.0,4844.0,18.0,1,
107500,1879.1,33.7,160.8,254.8,598.0,3484.0,16.0,1,
107600,1862.1,23.1,160.8,203.8,598.0,3484.0,16.0,1,
107700,1862.2,22.4,160.8,91.6,598.0,3484.0,16.0,1,
107800,1862.2,21.9,160.8,42.5,598.0,3484.0,16.0,1,
107900,1858.9,23.3,160.8,81.4,598.0,3484.0,16.0,1,
108000,1860.4,24.3,160.8,240.6,598.0,3484.0,16.0,1,
108100,1859.9,23.1,160.8,239.3,598.0,3484.0,16.0,1,
108200,1860.0,23.8,160.8,239.5,598.0,3484.0,16.0,1,
108300,1859.4,24.0,160.8,240.0,598.0,3484.0,16.0,1,
108500,1832.3,200.3,160.5,40.5,1090.0,8369.0,16.0,1,
108600,1884.6,215.6,165.3,36.0,1322.0,6184.0,11.0,1,
108700,1865.5,189.6,166.8,69.9,945.0,5472.0,12.0,1,
108800,1858.3,203.2,168.0,150.0,738.0,4800.0,15.0,1,
108900,1844.5,161.8,165.8,254.8,760.0,4443.0,12.0,1,
109000,1853.0,152.5,163.0,253.2,642.0,3878.0,18.0,1,
109100,1871.1,49.5,165.4,241.7,504.0,3456.0,15.0,1,
109200,1860.4,25.2,165.4,233.5,504.0,3456.0,15.0,1,
109300,1861.7,22.4,165.4,158.3,504.0,3456.0,15.0,1,
109500,1859.4,22.8,165.4,66.7,504.0,3456.0,15.0,1,
109600,1860.3,22.9,165.4,239.9,504.0,3456.0,15.0,1,
109700,1860.3,23.3,165.4,239.8,504.0,3456.0,15.0,1,
109800,1860.3,24.2,165.4,239.5,504.0,3456.0,15.0,1,
109900,1860.0,22.6,165.4,239.8,504.0,3456.0,15.0,1,
110000,1860.0,23.6,165.4,239.4,504.0,3456.0,15.0,1,
110100,1842.1,209.9,165.5,40.1,1400.0,7888.0,12.0,1,
110200,1884.2,191.6,164.2,35.8,1035.0,6690.0,11.0,1,
110300,1862.9,211.8,164.4,56.7,805.0,5360.0,11.0,1,
110500,1841.0,157.1,160.1,220.3,693.0,4182.0,11.0,1,
110600,1867.5,194.7,162.3,212.3,1095.0,4671.0,18.0,1,
110700,1866.8,80.4,163.0,234.5,675.0,3646.0,11.0,1,
110800,1858.5,24.9,162.9,217.4,675.0,3646.0,11.0,1,
110900,1859.9,21.9,162.9,158.2,675.0,3646.0,11.0,1,
111000,1860.9,23.0,162.9,108.8,675.0,3646.0,11.0,1,
111100,1860.7,22.4,162.9,71.8,675.0,3646.0,11.0,1,
111200,1859.3,22.9,162.9,240.0,675.0,3646.0,11.0,1,
111300,1860.3,23.7,162.9,238.7,675.0,3646.0,11.0,1,
111500,1859.6,23.6,162.9,239.9,675.0,3646.0,11.0,1,
111600,1860.2,24.5,162.9,239.5,675.0,3646.0,11.0,1,
111700,1856.5,90.4,161.7,137.4,1085.0,8230.0,16.0,1,
111800,1874.0,125.2,155.5,41.0,1018.0,7661.0,15.0,1,
111900,1848.3,201.4,142.8,36.2,891.0,6265.0,14.0,1,
112000,1839.8,205.6,145.4,36.2,750.0,4392.0,11.0,1,
112100,1853.8,200.4,149.5,92.8,639.0,4222.0,11.0,1,
112200,1872.2,208.6,152.4,202.0,830.0,4324.0,11.0,1,
112300,1870.9,143.6,153.6,245.3,613.0,3443.0,17.0,1,
112500,1860.4,19.5,153.6,170.1,613.0,3443.0,17.0,1,
112600,1861.6,18.0,153.6,89.4,613.0,3443.0,17.0,1,
112700,1860.9,18.8,153.6,42.9,613.0,3443.0,17.0,1,
112800,1860.3,20.3,153.5,87.8,613.0,3443.0,17.0,1,
112900,1859.9,20.5,153.5,240.3,613.0,3443.0,17.0,1,
113000,1859.7,20.7,153.5,251.9,613.0,3443.0,17.0,1,
113100,1859.8,21.3,153.5,240.1,613.0,3443.0,17.0,1,
113200,1859.7,21.0,153.4,240.5,613.0,3443.0,17.0,1,
113300,1859.6,102.1,153.4,240.3,613.0,3443.0,17.0,1,
113500,1850.8,218.7,164.7,76.8,1063.0,6282.0,12.0,1,
113600,1835.3,192.1,162.9,135.9,829.0,5249.0,12.0,1,
113700,1867.8,211.7,163.3,204.0,717.0,4475.0,9.0,1,
113800,1868.3,173.8,159.7,215.0,696.0,4132.0,10.0,1,
113900,1861.0,203.8,159.6,201.2,599.0,3851.0,5.0,1,
114000,1855.6,34.9,159.5,233.9,637.0,3649.0,6.0,1,
114100,1860.7,21.8,159.6,220.0,637.0,3649.0,6.0,1,
114200,1859.6,21.4,159.6,152.6,637.0,3649.0,6.0,1,
114300,1860.0,21.1,159.6,43.7,637.0,3649.0,6.0,1,
114500,1859.3,22.0,159.6,240.0,637.0,3649.0,6.0,1,
114600,1859.2,22.6,159.6,239.4,637.0,3649.0,6.0,1,
114700,1859.8,22.0,159.7,239.0,637.0,3649.0,6.0,1,
114800,1859.1,21.9,159.7,239.9,637.0,3649.0,6.0,1,
114900,1860.0,22.7,159.7,239.7,637.0,3649.0,6.0,1,
115000,1866.8,137.4,150.9,52.0,1054.0,8086.0,15.0,1,
115100,1837.5,133.8,145.6,38.3,1030.0,7249.0,15.0,1,
115200,1850.3,138.8,147.4,39.2,1796.0,6547.0,12.0,1,
115300,1868.7,205.9,150.6,87.0,725.0,3850.0,12.0,1,
115500,1863.4,220.5,146.9,227.8,701.0,4333.0,9.0,1,
115600,1855.4,47.9,146.8,246.4,676.0,3373.0,12.0,1,
115700,1859.3,21.2,146.8,200.4,676.0,3373.0,12.0,1,
115800,1860.2,19.7,146.8,103.3,676.0,3373.0,12.0,1,
115900,1861.0,18.1,146.8,43.7,676.0,3373.0,12.0,1,
116000,1861.2,18.9,146.8,47.1,676.0,3373.0,12.0,1,
116100,1861.5,18.1,146.8,239.3,676.0,3373.0,12.0,1,
116200,1860.0,18.6,146.7,239.7,676.0,3373.0,12.0,1,
116300,1860.5,18.4,146.7,240.2,676.0,3373.0,12.0,1,
116500,1860.5,18.9,146.7,176.5,676.0,3373.0,12.0,1,
116600,1854.2,141.8,147.2,68.5,1156.0,8675.0,16.0,1,
116700,1831.6,162.5,157.3,36.0,2090.0,8130.0,12.0,1,
116800,1876.1,144.9,159.7,42.1,929.0,4849.0,11.0,1,
116900,1875.1,230.2,162.3,88.8,789.0,4464.0,11.0,1,
117000,1866.7,267.5,158.7,171.4,1186.0,4443.0,15.0,1,
117100,1847.2,216.8,158.6,244.6,1474.0,5070.0,12.0,1,
117200,1869.3,104.7,162.3,254.9,513.0,3122.0,17.0,1,
117300,1854.2,24.5,162.2,254.1,513.0,3122.0,17.0,1,
117500,1860.3,18.9,162.2,79.6,513.0,3122.0,17.0,1,
117600,1860.4,18.6,162.2,50.7,513.0,3122.0,17.0,1,
117700,1860.3,18.1,162.2,239.8,513.0,3122.0,17.0,1,
117800,1860.3,17.8,162.2,237.9,513.0,3122.0,17.0,1,
117900,1860.0,18.2,162.2,239.4,513.0,3122.0,17.0,1,
118000,1860.2,18.4,162.2,239.5,513.0,3122.0,17.0,1,
118100,1860.3,18.6,162.2,238.4,513.0,3122.0,17.0,1,
118200,1835.3,92.7,162.0,200.4,513.0,3122.0,17.0,1,
118300,1854.3,217.7,161.6,35.8,1574.0,7370.0,12.0,1,
118500,1870.2,247.6,161.2,74.8,1836.0,5939.0,13.0,1,
118600,1860.8,168.3,159.3,199.3,1756.0,5380.0,10.0,1,
118700,1834.8,252.2,158.7,243.4,1419.0,5021.0,16.0,1,
118800,1855.0,223.9,160.8,225.7,1374.0,4609.0,17.0,1,
118900,1873.7,30.9,162.1,245.6,460.0,3061.0,17.0,1,
119000,1859.2,21.1,162.1,159.0,460.0,3061.0,17.0,1,
119100,1859.8,19.9,162.1,67.2,460.0,3061.0,17.0,1,
119200,1860.3,20.6,162.1,44.3,460.0,3061.0,17.0,1,
119300,1860.0,19.2,162.1,117.6,460.0,3061.0,17.0,1,
119500,1861.0,19.7,162.1,238.8,460.0,3061.0,17.0,1,
119600,1861.1,19.1,162.2,240.3,460.0,3061.0,17.0,1,
119700,1860.5,20.4,162.2,240.6,460.0,3061.0,17.0,1,
119800,1860.7,19.9,162.2,240.1,460.0,3061.0,17.0,1,
119900,1843.3,115.2,158.8,44.2,1157.0,7985.0,15.0,1,
120000,1880.0,171.5,154.4,39.7,1332.0,5923.0,12.0,1,
120100,1865.3,209.3,153.9,43.2,1215.0,5416.0,11.0,1,
120200,1847.9,155.2,148.6,91.4,875.0,4668.0,13.0,1,
120300,1842.0,166.9,150.5,155.5,837.0,4136.0,12.0,1,
120500,1862.2,42.3,153.9,254.4,593.0,3304.0,13.0,1,
120600,1861.4,20.1,153.9,207.5,593.0,3304.0,13.0,1,
120700,1861.4,20.3,153.9,165.0,593.0,3304.0,13.0,1,
120800,1860.4,19.3,153.9,130.6,593.0,3304.0,13.0,1,
120900,1859.2,19.7,153.9,113.0,593.0,3304.0,13.0,1,
121000,1860.6,19.8,153.9,240.2,593.0,3304.0,13.0,1,
121100,1859.6,19.2,153.9,239.8,593.0,3304.0,13.0,1,
121200,1860.4,18.7,153.9,240.8,593.0,3304.0,13.0,1,
121300,1860.2,20.2,153.8,240.9,593.0,3304.0,13.0,1,
121500,1857.6,195.2,154.8,52.8,1157.0,8002.0,12.0,1,
121600,1871.7,224.5,163.3,46.1,955.0,5991.0,11.0,1,
121700,1856.9,214.9,165.4,82.6,869.0,5325.0,11.0,1,
121800,1838.2,194.4,166.8,130.7,699.0,4441.0,11.0,1,
121900,1852.3,177.9,166.7,158.8,582.0,4095.0,7.0,1,
122000,1867.8,187.2,163.9,202.0,1177.0,4538.0,15.0,1,
122100,1857.0,72.8,166.3,253.3,518.0,3142.0,18.0,1,
122200,1860.4,23.3,166.2,254.7,518.0,3142.0,18.0,1,
122300,1861.2,19.2,166.3,210.6,518.0,3142.0,18.0,1,
122500,1860.5,19.7,166.3,123.2,518.0,3142.0,18.0,1,
122600,1859.4,20.1,166.3,240.5,518.0,3142.0,18.0,1,
122700,1860.3,19.6,166.3,249.6,518.0,3142.0,18.0,1,
122800,1860.6,20.5,166.3,240.1,518.0,3142.0,18.0,1,
122900,1860.5,19.5,166.3,240.4,518.0,3142.0,18.0,1,
123000,1859.7,21.1,166.3,240.9,518.0,3142.0,18.0,1,
123100,1867.8,107.0,166.2,106.3,1015.0,8170.0,17.0,1,
123200,1863.2,102.4,160.5,35.4,1030.0,7195.0,15.0,1,
123300,1852.5,183.8,148.4,34.6,894.0,6205.0,15.0,1,
123500,1868.8,203.1,154.0,125.9,941.0,4494.0,12.0,1,
123600,1867.5,195.6,155.0,200.9,806.0,4233.0,18.0,1,
123700,1866.8,153.4,156.7,232.6,601.0,3637.0,18.0,1,
123800,1852.7,26.0,156.8,246.6,601.0,3637.0,18.0,1,
123900,1860.3,19.8,156.8,167.8,601.0,3637.0,18.0,1,
124000,1860.8,19.5,156.8,57.1,601.0,3637.0,18.0,1,
124100,1860.2,18.4,156.8,35.9,601.0,3637.0,18.0,1,
124200,1859.8,19.0,156.8,116.6,601.0,3637.0,18.0,1,
124300,1859.9,20.8,156.7,239.8,601.0,3637.0,18.0,1,
124500,1859.9,19.8,156.7,240.1,601.0,3637.0,18.0,1,
124600,1860.2,20.8,156.7,240.0,601.0,3637.0,18.0,1,
124700,1860.4,93.5,156.7,239.8,601.0,3637.0,18.0,1,
124800,1867.0,224.3,161.0,56.0,1089.0,6762.0,13.0,1,
124900,1845.3,254.1,172.3,92.8,717.0,5006.0,14.0,1,
125000,1852.7,202.4,171.3,157.5,758.0,5079.0,10.0,1,
125100,1868.9,205.8,171.3,213.2,660.0,4298.0,12.0,1,
125200,1867.6,206.6,171.6,234.6,561.0,3807.0,18.0,1,
125300,1859.9,184.4,169.7,265.8,544.0,3433.0,12.0,1,
125500,1861.7,20.1,168.0,232.1,544.0,3433.0,12.0,1,
125600,1860.6,18.4,168.0,167.6,544.0,3433.0,12.0,1,
125700,1861.0,18.3,168.0,70.5,544.0,3433.0,12.0,1,
125800,1860.5,19.2,168.0,98.8,544.0,3433.0,12.0,1,
125900,1859.6,18.6,168.0,240.2,544.0,3433.0,12.0,1,
126000,1860.3,18.3,168.0,240.3,544.0,3433.0,12.0,1,
126100,1860.2,19.5,168.0,240.0,544.0,3433.0,12.0,1,
126200,1860.2,20.3,168.1,240.5,544.0,3433.0,12.0,1,
126300,1859.9,15.1,168.0,238.0,544.0,3433.0,12.0,1,
126500,1831.3,131.9,152.9,37.5,959.0,6979.0,15.0,1,
126600,1874.4,110.5,141.9,35.8,910.0,6346.0,15.0,1,
126700,1873.1,215.9,140.8,35.9,688.0,4550.0,11.0,1,
126800,1863.7,236.4,141.4,138.9,702.0,4140.0,10.0,1,
126900,1856.2,215.9,142.9,215.3,649.0,3780.0,11.0,1,
127000,1861.9,36.8,143.0,244.0,643.0,3596.0,6.0,1,
127100,1860.0,13.3,142.9,234.6,643.0,3596.0,6.0,1,
127200,1861.3,11.6,142.9,199.9,643.0,3596.0,6.0,1,
127300,1860.9,9.6,142.8,99.3,643.0,3596.0,6.0,1,
127500,1860.0,4.8,142.6,117.2,643.0,3596.0,6.0,1,
127600,1860.8,4.8,142.5,99.2,643.0,3596.0,6.0,1,
127700,1859.5,5.0,142.4,99.8,643.0,3596.0,6.0,1,
127800,1859.6,8.6,142.2,113.6,643.0,3596.0,6.0,1,
127900,1859.9,11.7,142.1,137.0,643.0,3596.0,6.0,1,
128000,1834.5,138.3,142.2,49.3,977.0,7901.0,16.0,1,
128100,1852.6,238.3,154.5,35.3,2059.0,7320.0,11.0,1,
128200,1879.4,229.8,168.4,36.5,761.0,4704.0,10.0,1,
128300,1869.0,249.1,177.1,116.4,615.0,4229.0,6.0,1,
128500,1837.5,224.2,170.6,265.0,1438.0,5054.0,6.0,1,
128600,1871.6,64.2,173.0,261.0,640.0,3412.0,6.0,1,
128700,1856.8,9.6,173.0,253.1,640.0,3412.0,6.0,1,
128800,1860.6,5.9,172.9,208.5,640.0,3412.0,6.0,1,
128900,1860.0,5.5,172.9,188.0,640.0,3412.0,6.0,1,
129000,1860.8,5.2,172.9,176.5,640.0,3412.0,6.0,1,
129100,1859.9,5.6,172.9,122.8,640.0,3412.0,6.0,1,
129200,1858.5,5.9,172.9,112.1,640.0,3412.0,6.0,1,
129300,1859.9,5.3,172.9,123.1,640.0,3412.0,6.0,1,
129500,1860.4,6.3,172.9,117.6,640.0,3412.0,6.0,1,
129600,1817.8,80.2,172.9,90.9,640.0,3412.0,6.0,1,
129700,1875.7,130.9,168.4,38.7,907.0,6450.0,16.0,1,
129800,1871.2,109.3,156.6,36.3,828.0,5594.0,18.0,1,
129900,1869.0,247.3,141.9,36.0,1431.0,5523.0,12.0,1,
130000,1847.2,239.0,140.2,66.6,1649.0,5200.0,13.0,1,
130100,1844.5,254.3,146.7,138.8,1788.0,4695.0,11.0,1,
130200,1868.1,164.4,151.4,253.0,1845.0,4608.0,18.0,1,
130300,1872.3,16.0,151.7,254.6,1845.0,4608.0,18.0,1,
130500,1861.9,5.1,151.8,170.1,1845.0,4608.0,18.0,1,
130600,1861.6,5.4,151.8,167.3,1845.0,4608.0,18.0,1,
130700,1860.3,5.0,151.8,69.9,1845.0,4608.0,18.0,1,
130800,1859.8,5.9,151.8,99.6,1845.0,4608.0,18.0,1,
130900,1860.4,5.2,151.8,108.6,1845.0,4608.0,18.0,1,
131000,1860.3,4.7,151.8,124.4,1845.0,4608.0,18.0,1,
131100,1859.7,9.8,151.8,138.1,1845.0,4608.0,18.0,1,
131200,1859.1,12.3,151.8,117.4,1845.0,4608.0,18.0,1,
131300,1853.6,127.8,151.5,39.2,1108.0,7936.0,15.0,1,
131500,1859.3,261.8,165.0,46.1,2003.0,5998.0,11.0,1,
131600,1833.9,245.8,171.5,137.5,1795.0,5289.0,15.0,1,
131700,1854.9,225.5,173.3,236.6,1778.0,4449.0,10.0,1,
131800,1868.2,244.5,173.0,268.2,1236.0,4112.0,18.0,1,
131900,1863.9,33.3,170.8,266.2,506.0,3074.0,17.0,1,
132000,1860.4,12.1,170.8,232.8,506.0,3074.0,17.0,1,
132100,1860.8,12.5,170.8,158.3,506.0,3074.0,17.0,1,
132200,1862.0,11.5,170.9,100.7,506.0,3074.0,17.0,1,
132300,1859.6,11.5,170.9,57.0,506.0,3074.0,17.0,1,
132500,1860.6,11.2,171.0,231.2,506.0,3074.0,17.0,1,
132600,1860.0,5.2,171.0,177.8,506.0,3074.0,17.0,1,
132700,1859.0,8.4,170.9,117.8,506.0,3074.0,17.0,1,
132800,1861.4,9.4,171.0,99.3,506.0,3074.0,17.0,1,
132900,1878.2,213.4,171.0,43.0,2257.0,8710.0,12.0,1,
133000,1855.1,166.8,173.2,67.2,1904.0,6698.0,12.0,1,
133100,1838.7,185.7,173.0,111.4,1644.0,5789.0,12.0,1,
133200,1840.8,175.9,171.2,168.7,1183.0,4997.0,17.0,1,
133300,1872.4,183.1,167.1,213.1,1780.0,5281.0,16.0,1,
133500,1862.8,53.9,166.2,265.2,570.0,3399.0,9.0,1,
133600,1862.9,7.8,166.2,243.4,570.0,3399.0,9.0,1,
133700,1864.7,11.8,166.3,165.0,570.0,3399.0,9.0,1,
133800,1863.3,12.0,166.3,92.8,570.0,3399.0,9.0,1,
133900,1861.9,12.4,166.3,51.9,570.0,3399.0,9.0,1,
134000,1861.3,11.9,166.3,122.1,570.0,3399.0,9.0,1,
134100,1861.6,6.2,166.3,176.8,570.0,3399.0,9.0,1,
134200,1861.6,6.0,166.3,117.9,570.0,3399.0,9.0,1,
134300,1860.8,9.9,166.4,101.3,570.0,3399.0,9.0,1,
134500,1878.9,73.2,166.4,66.2,1062.0,8413.0,14.0,1,
134600,1860.3,143.5,159.2,40.2,1020.0,7556.0,14.0,1,
134700,1828.3,168.6,154.9,37.1,1531.0,6122.0,6.0,1,
134800,1856.5,147.9,155.6,48.6,1132.0,4837.0,12.0,1,
134900,1870.5,87.2,154.3,148.9,705.0,4697.0,14.0,1,
135000,1867.5,73.9,144.8,172.8,677.0,4567.0,13.0,1,
135100,1865.9,58.6,128.1,151.5,594.0,3961.0,12.0,1,
135200,1855.7,15.9,128.2,74.2,594.0,3961.0,12.0,1,
135300,1861.5,13.2,128.2,52.4,594.0,3961.0,12.0,1,
135500,1859.8,13.8,128.2,38.5,594.0,3961.0,12.0,1,
135600,1860.6,12.5,128.2,177.8,594.0,3961.0,12.0,1,
135700,1860.0,13.6,128.2,178.7,594.0,3961.0,12.0,1,
135800,1860.3,13.9,128.3,215.2,594.0,3961.0,12.0,1,
135900,1861.2,13.2,128.3,238.5,594.0,3961.0,12.0,1,
136000,1860.5,14.8,128.4,238.6,594.0,3961.0,12.0,1,
136100,1860.4,18.7,128.4,177.7,594.0,3961.0,12.0,1,
136200,1856.5,199.3,134.8,37.5,1597.0,7726.0,11.0,1,
136300,1838.0,185.5,149.8,36.0,1253.0,6035.0,10.0,1,
136500,1867.8,250.3,154.1,201.8,1969.0,5512.0,7.0,1,
136600,1867.2,258.9,168.6,266.4,1753.0,4979.0,7.0,1,
136700,1846.9,259.1,180.8,268.2,1579.0,4510.0,6.0,1,
136800,1863.9,25.0,183.3,267.8,486.0,2817.0,6.0,1,
136900,1862.1,13.5,183.3,254.7,486.0,2817.0,6.0,1,
137000,1861.5,12.2,183.3,205.0,486.0,2817.0,6.0,1,
137100,1860.0,10.8,183.3,124.1,486.0,2817.0,6.0,1,
137200,1860.0,11.7,183.3,117.0,486.0,2817.0,6.0,1,
137300,1859.8,11.9,183.3,237.4,486.0,2817.0,6.0,1,
137500,1860.6,12.0,183.3,238.9,486.0,2817.0,6.0,1,
137600,1859.6,12.2,183.2,219.5,486.0,2817.0,6.0,1,
137700,1860.2,11.4,183.2,188.0,486.0,2817.0,6.0,1,
137800,1846.9,228.0,184.6,36.2,1227.0,7632.0,10.0,1,
137900,1851.3,173.3,180.7,34.7,1136.0,6235.0,10.0,1,
138000,1880.2,246.4,182.6,67.2,1805.0,6352.0,9.0,1,
138100,1866.9,184.0,184.3,169.5,1536.0,5215.0,11.0,1,
138200,1860.8,268.3,180.7,266.5,1334.0,4758.0,10.0,1,
138300,1841.9,300.9,189.1,278.3,1142.0,3960.0,5.0,1,
138500,1860.7,5.6,194.0,169.3,1142.0,3960.0,5.0,1,
138600,1860.1,4.1,194.0,141.0,1142.0,3960.0,5.0,1,
138700,1861.5,8.5,194.0,155.7,1142.0,3960.0,5.0,1,
138800,1860.8,11.4,194.0,168.0,1142.0,3960.0,5.0,1,
138900,1859.3,10.9,194.0,122.5,1142.0,3960.0,5.0,1,
139000,1860.5,14.4,194.0,123.8,1142.0,3960.0,5.0,1,
139100,1858.7,11.9,193.9,178.5,1142.0,3960.0,5.0,1,
139200,1859.6,11.2,193.9,118.1,1142.0,3960.0,5.0,1,
139300,1858.8,12.0,193.9,110.3,1142.0,3960.0,5.0,1,
139500,1873.7,249.3,203.4,34.4,1234.0,6130.0,11.0,1,
139600,1879.7,222.7,202.4,53.8,1216.0,5516.0,9.0,1,
139700,1864.3,187.2,200.1,148.0,877.0,4517.0,11.0,1,
139800,1852.8,183.8,200.9,244.7,738.0,4177.0,12.0,1,
139900,1838.9,179.5,196.5,266.5,726.0,3900.0,9.0,1,
140000,1872.8,103.5,194.6,273.0,367.0,2800.0,8.0,1,
140100,1857.9,16.4,194.6,254.4,367.0,2800.0,8.0,1,
140200,1861.1,11.2,194.6,170.3,367.0,2800.0,8.0,1,
140300,1861.5,5.2,194.6,125.1,367.0,2800.0,8.0,1,
140500,1860.3,10.4,194.6,125.0,367.0,2800.0,8.0,1,
140600,1860.6,11.1,194.6,132.2,367.0,2800.0,8.0,1,
140700,1859.7,11.9,194.6,177.8,367.0,2800.0,8.0,1,
140800,1860.1,11.6,194.7,237.8,367.0,2800.0,8.0,1,
140900,1860.1,12.4,194.7,238.0,367.0,2800.0,8.0,1,
141000,1827.2,117.3,194.0,123.8,367.0,2800.0,8.0,1,
141100,1895.5,225.9,180.2,66.6,947.0,6461.0,11.0,1,
141200,1865.9,217.9,179.7,82.3,788.0,4668.0,11.0,1,
141300,1856.8,208.5,176.3,139.3,655.0,4068.0,11.0,1,
141500,1850.5,113.2,168.7,254.2,623.0,4245.0,15.0,1,
141600,1869.9,91.2,153.9,205.4,525.0,3636.0,23.0,1,
141700,1868.9,10.2,154.3,141.0,525.0,3636.0,23.0,1,
141800,1862.6,5.1,154.3,54.6,525.0,3636.0,23.0,1,
141900,1862.3,5.2,154.3,43.1,525.0,3636.0,23.0,1,
142000,1860.0,8.9,154.2,38.0,525.0,3636.0,23.0,1,
142100,1860.0,10.3,154.2,74.0,525.0,3636.0,23.0,1,
142200,1860.3,9.5,154.2,100.7,525.0,3636.0,23.0,1,
142300,1860.8,10.9,154.2,116.6,525.0,3636.0,23.0,1,
142500,1860.1,10.7,154.2,133.8,525.0,3636.0,23.0,1,
142600,1860.7,28.4,154.2,157.1,525.0,3636.0,23.0,1,
142700,1865.0,283.9,166.5,48.6,1082.0,6779.0,10.0,1,
142800,1864.5,259.6,168.7,71.5,848.0,5278.0,8.0,1,
142900,1844.0,252.9,170.9,136.6,921.0,4419.0,5.0,1,
143000,1834.5,237.4,168.4,227.5,1280.0,4510.0,11.0,1,
143100,1865.7,183.2,175.0,284.7,543.0,3398.0,6.0,1,
143200,1862.3,189.7,182.8,266.4,1996.0,5234.0,6.0,1,
143300,1867.9,33.1,186.4,254.8,384.0,2604.0,5.0,1,
143500,1861.0,12.4,186.4,52.4,384.0,2604.0,5.0,1,
143600,1861.8,12.7,186.4,41.6,384.0,2604.0,5.0,1,
143700,1861.5,12.2,186.5,35.2,384.0,2604.0,5.0,1,
143800,1861.8,12.2,186.5,133.2,384.0,2604.0,5.0,1,
143900,1860.8,12.2,186.5,145.3,384.0,2604.0,5.0,1,
144000,1860.1,12.1,186.5,145.4,384.0,2604.0,5.0,1,
144100,1860.3,12.1,186.5,123.6,384.0,2604.0,5.0,1,
144200,1860.5,12.2,186.5,122.2,384.0,2604.0,5.0,1,
144300,1874.7,107.0,182.1,42.2,1115.0,8366.0,14.0,1,
144500,1826.8,255.9,157.4,36.0,1953.0,5997.0,9.0,1,
144600,1851.8,192.8,161.6,66.5,2005.0,5261.0,10.0,1,
144700,1872.5,113.0,155.4,171.7,665.0,4500.0,12.0,1,
144800,1868.0,53.3,146.4,169.9,663.0,4405.0,13.0,1,
144900,1865.6,30.4,130.4,130.8,556.0,3800.0,13.0,1,
145000,1859.5,13.4,130.4,57.2,556.0,3800.0,13.0,1,
145100,1859.5,12.5,130.4,52.2,556.0,3800.0,13.0,1,
145200,1860.5,12.4,130.4,30.0,556.0,3800.0,13.0,1,
145300,1861.0,12.1,130.4,35.0,556.0,3800.0,13.0,1,
145500,1860.8,12.6,130.4,177.0,556.0,3800.0,13.0,1,
145600,1860.8,11.6,130.4,177.1,556.0,3800.0,13.0,1,
145700,1860.6,12.4,130.4,177.6,556.0,3800.0,13.0,1,
145800,1860.4,12.7,130.4,200.5,556.0,3800.0,13.0,1,
145900,1874.0,80.4,130.7,71.0,1021.0,8443.0,15.0,1,
146000,1839.6,311.2,145.1,34.9,2117.0,7742.0,12.0,1,
146100,1836.7,248.9,157.4,30.3,1972.0,6016.0,12.0,1,
146200,1867.5,240.7,154.1,92.1,1253.0,4520.0,11.0,1,
146300,1870.3,213.3,154.6,216.8,1799.0,5115.0,11.0,1,
146500,1860.0,71.5,173.0,266.3,617.0,4210.0,23.0,1,
146600,1850.5,17.8,173.0,253.7,617.0,4210.0,23.0,1,
146700,1860.3,14.5,173.0,187.6,617.0,4210.0,23.0,1,
146800,1861.4,13.9,173.0,89.4,617.0,4210.0,23.0,1,
146900,1862.3,15.1,173.1,43.9,617.0,4210.0,23.0,1,
147000,1860.8,14.2,173.1,117.6,617.0,4210.0,23.0,1,
147100,1861.2,13.0,173.1,205.1,617.0,4210.0,23.0,1,
147200,1860.4,14.4,173.1,147.2,617.0,4210.0,23.0,1,
147300,1860.5,14.5,173.1,197.0,617.0,4210.0,23.0,1,
147500,1859.8,63.1,173.1,163.7,617.0,4210.0,23.0,1,
147600,1842.2,141.3,168.6,37.2,1110.0,8096.0,14.0,1,
147700,1847.1,117.4,154.4,35.5,781.0,5578.0,15.0,1,
147800,1865.3,274.5,148.6,35.3,1777.0,5183.0,10.0,1,
147900,1868.1,254.6,147.9,66.7,1932.0,5726.0,11.0,1,
148000,1864.6,289.3,153.7,152.1,1941.0,4797.0,11.0,1,
148100,1840.3,249.5,161.2,219.6,1861.0,5012.0,10.0,1,
148200,1862.9,29.1,164.4,254.4,512.0,3012.0,6.0,1,
148300,1860.6,14.3,164.4,232.0,512.0,3012.0,6.0,1,
148500,1862.3,14.0,164.4,147.4,512.0,3012.0,6.0,1,
148600,1862.4,13.3,164.4,143.4,512.0,3012.0,6.0,1,
148700,1861.6,13.8,164.4,177.2,512.0,3012.0,6.0,1,
148800,1860.2,13.9,164.4,226.2,512.0,3012.0,6.0,1,
148900,1861.1,13.7,164.4,237.5,512.0,3012.0,6.0,1,
149000,1860.1,14.2,164.4,220.6,512.0,3012.0,6.0,1,
149100,1859.9,14.9,164.4,149.5,512.0,3012.0,6.0,1,
149200,1830.2,181.9,168.0,38.7,1481.0,7688.0,11.0,1,
149300,1877.0,223.7,179.6,49.6,1940.0,6665.0,9.0,1,
149500,1866.4,158.0,182.5,199.4,1653.0,5407.0,11.0,1,
149600,1846.3,153.2,179.9,232.6,1216.0,4510.0,9.0,1,
149700,1843.7,215.1,176.3,253.6,1165.0,4284.0,6.0,1,
149800,1867.5,38.3,175.9,264.9,1819.0,4412.0,6.0,1,
149900,1860.1,16.2,175.9,243.9,1819.0,4412.0,6.0,1,
150000,1860.8,15.3,175.9,211.7,1819.0,4412.0,6.0,1,
150100,1862.4,14.2,176.0,189.4,1819.0,4412.0,6.0,1,
150200,1861.5,15.2,176.0,185.4,1819.0,4412.0,6.0,1,
150300,1860.8,14.6,175.9,239.4,1819.0,4412.0,6.0,1,
150501,1860.5,14.5,176.0,212.3,1819.0,4412.0,6.0,1,
150601,1860.2,15.8,176.0,239.2,1819.0,4412.0,6.0,1,
150701,1860.4,14.4,176.0,238.0,1819.0,4412.0,6.0,1,
150801,1830.0,126.6,173.1,49.4,1060.0,8315.0,14.0,1,
150901,1885.9,116.2,159.9,35.5,880.0,6381.0,12.0,1,
151001,1863.4,238.6,144.9,34.6,1384.0,5456.0,11.0,1,
151101,1858.1,196.5,154.8,35.4,1141.0,4731.0,11.0,1,
151201,1844.3,173.7,160.0,133.0,963.0,4128.0,10.0,1,
151301,1849.5,232.8,165.8,214.3,787.0,3309.0,8.0,1,
151501,1858.1,18.8,166.2,234.4,787.0,3309.0,8.0,1,
151601,1860.9,14.7,166.2,167.1,787.0,3309.0,8.0,1,
151701,1862.1,15.2,166.2,99.8,787.0,3309.0,8.0,1,
151801,1862.9,15.3,166.2,46.7,787.0,3309.0,8.0,1,
151901,1861.7,13.9,166.2,238.9,787.0,3309.0,8.0,1,
152001,1860.8,15.0,166.2,238.8,787.0,3309.0,8.0,1,
152101,1860.4,15.2,166.2,239.4,787.0,3309.0,8.0,1,
152201,1861.0,14.1,166.3,237.6,787.0,3309.0,8.0,1,
152301,1860.0,15.2,166.2,220.1,787.0,3309.0,8.0,1,
152501,1891.1,214.7,175.1,66.8,1106.0,6189.0,11.0,1,
152601,1858.5,222.7,187.4,110.2,899.0,4713.0,11.0,1,
152701,1849.3,225.2,185.6,163.2,765.0,4289.0,9.0,1,
152801,1840.6,164.3,182.2,254.3,642.0,3989.0,9.0,1,
152901,1863.0,191.8,181.3,265.6,1241.0,4221.0,6.0,1,
153001,1864.5,147.0,180.0,285.1,571.0,3229.0,6.0,1,
153101,1863.8,21.0,180.3,266.9,571.0,3229.0,6.0,1,
153201,1861.1,15.4,180.3,220.6,571.0,3229.0,6.0,1,
153301,1862.6,15.7,180.3,142.1,571.0,3229.0,6.0,1,
153501,1860.7,15.5,180.3,53.0,571.0,3229.0,6.0,1,
153601,1860.6,16.0,180.3,239.9,571.0,3229.0,6.0,1,
153701,1860.7,14.6,180.3,239.2,571.0,3229.0,6.0,1,
153801,1860.1,15.8,180.3,207.5,571.0,3229.0,6.0,1,
153901,1859.9,16.5,180.3,238.8,571.0,3229.0,6.0,1,
154001,1859.8,13.3,180.3,239.3,571.0,3229.0,6.0,1,
154101,1869.1,109.0,173.4,45.5,1069.0,7838.0,14.0,1,
154201,1855.8,198.4,158.5,37.1,765.0,5673.0,10.0,1,
154301,1844.4,229.5,156.4,36.6,591.0,3893.0,11.0,1,
154501,1869.0,203.8,154.4,190.0,722.0,3705.0,9.0,1,
154601,1864.7,239.5,155.2,201.4,537.0,3492.0,6.0,1,
154701,1865.6,33.4,157.7,210.2,382.0,2647.0,5.0,1,
154801,1862.0,16.9,157.8,213.9,382.0,2647.0,5.0,1,
154901,1862.7,14.3,157.8,86.3,382.0,2647.0,5.0,1,
155001,1862.9,15.0,157.8,35.5,382.0,2647.0,5.0,1,
155101,1861.7,15.7,157.8,37.4,382.0,2647.0,5.0,1,
155201,1860.3,14.4,157.8,237.9,382.0,2647.0,5.0,1,
155301,1860.0,15.5,157.8,215.9,382.0,2647.0,5.0,1,
155501,1860.8,15.9,157.8,239.8,382.0,2647.0,5.0,1,
155601,1860.5,15.6,157.8,239.6,382.0,2647.0,5.0,1,
155701,1871.2,122.4,158.4,41.6,1132.0,8548.0,14.0,1,
155801,1843.1,114.3,158.3,35.9,973.0,6667.0,12.0,1,
155901,1835.5,87.4,143.7,34.8,829.0,5785.0,12.0,1,
156001,1868.9,88.5,129.1,30.2,640.0,4471.0,10.0,1,
156101,1866.9,107.5,113.6,66.2,662.0,4377.0,10.0,1,
156201,1866.9,108.7,92.3,66.4,528.0,3683.0,14.0,1,
156301,1864.7,31.2,80.9,54.1,611.0,3972.0,9.0,1,
156501,1861.5,15.0,80.9,50.8,611.0,3972.0,9.0,1,
156601,1862.2,15.1,80.9,35.9,611.0,3972.0,9.0,1,
156701,1860.5,14.5,80.9,34.7,611.0,3972.0,9.0,1,
156801,1859.9,15.5,80.9,239.1,611.0,3972.0,9.0,1,
156901,1860.5,15.7,80.9,238.6,611.0,3972.0,9.0,1,
157001,1860.2,14.9,80.9,233.9,611.0,3972.0,9.0,1,
157101,1860.1,15.4,80.9,238.3,611.0,3972.0,9.0,1,
157201,1860.1,14.9,80.9,235.3,611.0,3972.0,9.0,1,
157301,1871.5,128.1,80.3,66.1,1013.0,8369.0,14.0,1,
157501,1849.0,222.3,137.2,35.8,2112.0,6180.0,8.0,1,
157601,1873.1,139.5,140.1,129.9,742.0,4901.0,12.0,1,
157701,1871.2,64.7,140.6,165.1,682.0,4498.0,10.0,1,
157801,1866.4,40.7,139.1,108.4,651.0,4258.0,10.0,1,
157901,1858.5,42.8,137.4,55.3,669.0,4006.0,10.0,1,
158001,1852.3,16.0,137.4,51.9,669.0,4006.0,10.0,1,
158101,1860.0,15.9,137.4,29.7,669.0,4006.0,10.0,1,
158201,1861.4,13.7,137.4,29.5,669.0,4006.0,10.0,1,
158301,1861.3,14.5,137.4,30.1,669.0,4006.0,10.0,1,
158501,1861.1,13.4,137.4,178.6,669.0,4006.0,10.0,1,
158601,1859.9,14.6,137.3,237.5,669.0,4006.0,10.0,1,
158701,1860.4,15.6,137.3,232.9,669.0,4006.0,10.0,1,
158801,1860.2,14.2,137.3,228.3,669.0,4006.0,10.0,1,
158901,1844.4,82.1,137.3,238.6,669.0,4006.0,10.0,1,
159001,1841.7,119.9,128.6,39.6,1065.0,7738.0,13.0,1,
159101,1878.8,97.5,95.0,36.0,809.0,5819.0,12.0,1,
159201,1867.6,52.1,73.3,35.2,765.0,5083.0,12.0,1,
159301,1863.9,55.6,73.2,30.2,648.0,4503.0,13.0,1,
159501,1843.9,72.3,81.1,55.4,603.0,4117.0,13.0,1,
159601,1876.1,19.4,81.2,54.4,606.0,3953.0,13.0,1,
159701,1861.0,13.6,81.1,55.1,606.0,3953.0,13.0,1,
159801,1861.3,14.4,81.1,54.9,606.0,3953.0,13.0,1,
159901,1861.0,13.7,81.1,47.5,606.0,3953.0,13.0,1,
160001,1861.2,10.5,81.1,137.5,606.0,3953.0,13.0,1,
160101,1859.8,8.6,81.1,237.5,606.0,3953.0,13.0,1,
160201,1859.4,9.2,81.0,195.7,606.0,3953.0,13.0,1,
160301,1860.6,8.6,81.0,136.8,606.0,3953.0,13.0,1,
160501,1859.5,9.2,80.8,141.1,606.0,3953.0,13.0,1,
160601,1829.6,332.1,100.9,35.9,1571.0,8360.0,10.0,1,
160701,1889.8,266.3,133.5,30.2,2179.0,6696.0,9.0,1,
160801,1862.0,276.2,156.1,56.8,1746.0,5750.0,11.0,1,
160901,1857.4,273.8,168.6,158.9,1659.0,4693.0,6.0,1,
161001,1842.7,252.6,183.3,267.9,1411.0,4439.0,6.0,1,
161101,1851.7,101.3,191.0,296.9,551.0,3786.0,24.0,1,
161201,1867.8,18.5,191.1,253.2,587.0,3845.0,10.0,1,
161301,1862.3,8.9,191.1,171.7,587.0,3845.0,10.0,1,
161501,1861.4,14.3,191.1,53.8,587.0,3845.0,10.0,1,
161601,1860.0,15.5,191.1,38.4,587.0,3845.0,10.0,1,
161701,1859.3,15.9,191.1,123.9,587.0,3845.0,10.0,1,
161801,1859.6,14.7,191.1,221.0,587.0,3845.0,10.0,1,
161901,1858.7,15.5,191.1,239.8,587.0,3845.0,10.0,1,
162001,1858.7,15.8,191.1,240.0,587.0,3845.0,10.0,1,
162101,1858.7,14.7,191.1,239.9,587.0,3845.0,10.0,1,
162201,1839.5,133.8,187.8,44.2,1147.0,8659.0,13.0,1,
162301,1882.9,238.6,169.0,35.1,1343.0,6300.0,9.0,1,
162501,1852.1,205.8,172.2,71.1,969.0,4453.0,9.0,1,
162601,1845.2,225.6,170.5,203.6,820.0,4046.0,8.0,1,
162701,1863.1,70.4,163.3,265.4,550.0,3797.0,9.0,1,
162801,1861.8,34.6,163.6,252.3,521.0,3605.0,10.0,1,
162901,1859.5,16.3,163.6,204.1,521.0,3605.0,10.0,1,
163001,1860.3,13.5,163.6,158.9,521.0,3605.0,10.0,1,
163101,1859.2,13.6,163.6,36.4,521.0,3605.0,10.0,1,
163201,1856.9,14.4,163.5,30.3,521.0,3605.0,10.0,1,
163301,1860.0,13.5,163.5,177.8,521.0,3605.0,10.0,1,
163501,1858.4,13.4,163.4,176.8,521.0,3605.0,10.0,1,
163601,1858.8,12.7,163.4,124.0,521.0,3605.0,10.0,1,
163701,1858.2,13.4,163.4,176.0,521.0,3605.0,10.0,1,
163801,1848.5,79.0,161.3,150.5,1136.0,8711.0,15.0,1,
163901,1875.4,111.1,162.7,40.2,1018.0,7146.0,14.0,1,
164001,1852.5,203.0,140.1,35.9,857.0,5637.0,10.0,1,
164101,1843.3,206.9,139.5,36.1,672.0,4133.0,6.0,1,
164201,1853.9,150.8,140.9,142.1,2065.0,4978.0,10.0,1,
164301,1868.9,228.7,136.3,220.0,884.0,3552.0,4.0,1,
164501,1859.6,18.3,152.3,124.5,884.0,3552.0,4.0,1,
164601,1860.2,14.0,152.3,70.3,884.0,3552.0,4.0,1,
164701,1858.3,13.5,152.3,141.6,884.0,3552.0,4.0,1,
164801,1857.6,13.9,152.3,141.9,884.0,3552.0,4.0,1,
164901,1858.0,15.4,152.3,117.7,884.0,3552.0,4.0,1,
165001,1857.9,17.0,152.3,133.1,884.0,3552.0,4.0,1,
165101,1858.3,15.6,152.4,124.0,884.0,3552.0,4.0,1,
165201,1858.5,15.6,152.4,147.9,884.0,3552.0,4.0,1,
165301,1858.5,16.6,152.4,178.0,884.0,3552.0,4.0,1,
165501,1873.4,289.3,163.1,66.0,1320.0,7482.0,11.0,1,
165601,1841.5,296.0,176.8,70.6,1689.0,6397.0,10.0,1,
165701,1837.0,263.3,183.6,131.3,1602.0,4987.0,6.0,1,
165801,1868.3,238.5,186.0,230.8,654.0,3589.0,6.0,1,
165901,1865.7,261.6,198.8,296.4,611.0,3248.0,6.0,1,
166001,1864.1,176.7,197.9,299.4,2046.0,4224.0,6.0,1,
166101,1859.9,25.7,198.8,264.8,2046.0,4224.0,6.0,1,
166201,1858.9,15.0,198.8,169.9,2046.0,4224.0,6.0,1,
166301,1859.2,12.9,198.8,143.3,2046.0,4224.0,6.0,1,
166501,1858.3,14.5,198.8,66.6,2046.0,4224.0,6.0,1,
166601,1858.7,16.4,198.9,133.4,2046.0,4224.0,6.0,1,
166701,1858.3,23.3,198.9,89.2,2046.0,4224.0,6.0,1,
166801,1859.0,16.0,199.0,52.7,2046.0,4224.0,6.0,1,
166901,1859.6,13.4,199.0,53.2,2046.0,4224.0,6.0,1,
167001,1859.2,15.2,199.0,66.3,2046.0,4224.0,6.0,1,
167101,1879.5,211.4,194.7,55.9,2311.0,9172.0,10.0,1,
167201,1826.0,282.3,200.7,71.0,2202.0,7475.0,8.0,1,
167301,1853.7,260.5,198.9,133.2,2029.0,6479.0,15.0,1,
167501,1867.1,247.0,194.2,264.8,1496.0,4430.0,6.0,1,
167601,1864.5,266.1,184.0,264.7,1912.0,4863.0,5.0,1,
167701,1850.0,48.7,188.3,296.4,588.0,3208.0,6.0,1,
167801,1858.4,15.6,188.3,264.9,588.0,3208.0,6.0,1,
167901,1858.8,13.7,188.3,215.6,588.0,3208.0,6.0,1,
168001,1859.1,14.2,188.3,151.3,588.0,3208.0,6.0,1,
168101,1858.9,12.8,188.3,68.7,588.0,3208.0,6.0,1,
168201,1858.1,13.9,188.2,178.3,588.0,3208.0,6.0,1,
168301,1857.7,14.5,188.2,146.1,588.0,3208.0,6.0,1,
168501,1858.9,14.3,188.1,86.4,588.0,3208.0,6.0,1,
168601,1858.5,16.8,188.1,69.5,588.0,3208.0,6.0,1,
168701,1855.3,112.5,185.0,56.1,1004.0,7805.0,14.0,1,
168801,1836.6,120.3,174.2,38.1,944.0,6945.0,14.0,1,
168901,1875.4,106.3,159.4,36.0,905.0,6133.0,11.0,1,
169001,1871.0,271.5,152.2,35.6,2083.0,5579.0,10.0,1,
169101,1868.4,61.8,146.3,83.5,604.0,4032.0,23.0,1,
169201,1846.5,68.0,131.3,153.7,607.0,3886.0,10.0,1,
169301,1874.3,45.8,113.5,141.1,512.0,3429.0,10.0,1,
169501,1858.9,14.8,113.5,50.5,512.0,3429.0,10.0,1,
169601,1859.6,13.8,113.5,30.1,512.0,3429.0,10.0,1,
169701,1858.9,15.4,113.5,30.2,512.0,3429.0,10.0,1,
169801,1858.5,15.9,113.5,177.1,512.0,3429.0,10.0,1,
169901,1859.3,13.6,113.5,138.9,512.0,3429.0,10.0,1,
170001,1859.5,14.6,113.6,83.8,512.0,3429.0,10.0,1,
170101,1858.7,16.3,113.5,85.0,512.0,3429.0,10.0,1,
170201,1858.8,15.0,113.5,122.2,512.0,3429.0,10.0,1,
170301,1841.5,83.5,113.5,148.8,512.0,3429.0,10.0,1,
170501,1875.7,266.5,148.2,30.2,2071.0,6337.0,11.0,1,
170601,1863.9,116.0,163.2,87.0,755.0,5280.0,14.0,1,
170701,1859.3,67.8,143.8,169.5,591.0,4157.0,22.0,1,
170801,1842.4,82.6,143.9,199.0,590.0,3932.0,15.0,1,
170901,1850.8,72.0,145.0,158.1,500.0,3246.0,23.0,1,
171001,1872.3,18.3,145.1,73.6,500.0,3246.0,23.0,1,
171101,1859.2,12.8,145.1,55.2,500.0,3246.0,23.0,1,
171201,1859.2,13.1,145.1,46.3,500.0,3246.0,23.0,1,
171301,1858.4,15.2,145.1,34.4,500.0,3246.0,23.0,1,
171501,1858.8,13.8,145.1,104.4,500.0,3246.0,23.0,1,
171601,1858.8,15.2,145.0,102.7,500.0,3246.0,23.0,1,
171701,1859.3,14.0,145.1,123.6,500.0,3246.0,23.0,1,
171801,1859.0,14.0,145.0,152.8,500.0,3246.0,23.0,1,
171901,1858.8,14.8,145.0,135.7,500.0,3246.0,23.0,1,
172001,1842.3,127.9,139.7,36.6,992.0,7558.0,14.0,1,
172101,1875.5,274.7,123.5,34.6,1461.0,5259.0,10.0,1,
172201,1862.5,121.3,122.3,36.1,2117.0,5953.0,11.0,1,
172301,1850.3,67.8,121.9,66.8,597.0,4125.0,15.0,1,
172501,1857.7,88.1,120.1,82.1,517.0,3421.0,23.0,1,
172601,1865.6,23.6,120.2,67.3,533.0,3467.0,23.0,1,
172701,1859.3,14.3,120.2,55.5,533.0,3467.0,23.0,1,
172801,1858.9,14.3,120.2,47.4,533.0,3467.0,23.0,1,
172901,1860.5,14.3,120.2,37.6,533.0,3467.0,23.0,1,
173001,1858.8,13.0,120.2,48.1,533.0,3467.0,23.0,1,
173101,1857.0,12.8,120.2,72.5,533.0,3467.0,23.0,1,
173201,1858.1,14.6,120.2,55.2,533.0,3467.0,23.0,1,
173301,1858.4,15.2,120.2,72.6,533.0,3467.0,23.0,1,
173501,1859.6,19.7,120.2,117.2,533.0,3467.0,23.0,1,
173601,1847.4,103.0,118.2,54.6,1116.0,8370.0,15.0,1,
173701,1868.7,90.7,120.2,39.1,865.0,6173.0,15.0,1,
173801,1854.5,108.3,77.5,37.0,771.0,5518.0,14.0,1,
173901,1844.0,132.0,76.9,36.7,732.0,4842.0,15.0,1,
174001,1849.0,104.1,82.1,44.3,533.0,3486.0,22.0,1,
174101,1866.3,98.3,85.0,65.7,527.0,3623.0,22.0,1,
174201,1858.9,39.3,82.6,65.6,521.0,3442.0,17.0,1,
174301,1857.7,22.2,82.7,54.5,521.0,3442.0,17.0,1,
174501,1859.5,20.3,82.9,50.7,521.0,3442.0,17.0,1,
174601,1857.9,22.3,83.1,66.5,521.0,3442.0,17.0,1,
174701,1858.9,20.0,83.2,240.5,521.0,3442.0,17.0,1,
174801,1858.8,21.2,83.2,239.9,521.0,3442.0,17.0,1,
174901,1858.1,20.6,83.3,240.0,521.0,3442.0,17.0,1,
175001,1859.3,21.1,83.4,239.7,521.0,3442.0,17.0,1,
175101,1858.3,21.9,83.6,210.6,521.0,3442.0,17.0,1,
175201,1856.4,88.3,83.8,108.9,1077.0,8677.0,17.0,1,
175301,1866.3,190.3,85.4,37.0,935.0,6571.0,15.0,1,
175501,1836.8,187.2,134.0,42.5,2082.0,5654.0,6.0,1,
175601,1868.3,112.0,134.5,44.3,700.0,4357.0,9.0,1,
175701,1862.7,55.6,132.4,56.6,657.0,3910.0,9.0,1,
175801,1860.7,55.2,130.7,65.5,567.0,3506.0,9.0,1,
175901,1856.3,21.7,130.7,55.8,567.0,3506.0,9.0,1,
176001,1858.7,20.7,130.7,52.8,567.0,3506.0,9.0,1,
176101,1858.5,21.2,130.7,29.3,567.0,3506.0,9.0,1,
176201,1859.0,19.8,130.7,34.2,567.0,3506.0,9.0,1,
176301,1858.0,20.9,130.7,239.6,567.0,3506.0,9.0,1,
176501,1858.9,20.5,130.7,240.8,567.0,3506.0,9.0,1,
176601,1858.5,21.1,130.7,240.7,567.0,3506.0,9.0,1,
176701,1859.0,22.2,130.7,240.3,567.0,3506.0,9.0,1,
176801,1859.2,117.6,130.7,240.8,567.0,3506.0,9.0,1,
176901,1872.3,183.7,148.2,36.2,976.0,7668.0,15.0,1,
177001,1833.3,110.9,144.6,36.3,882.0,6189.0,15.0,1,
177101,1847.8,94.7,108.3,37.5,701.0,4871.0,15.0,1,
177201,1865.5,122.7,105.2,43.8,647.0,4456.0,14.0,1,
177301,1863.7,108.2,105.3,70.9,559.0,3730.0,15.0,1,
177501,1859.3,27.9,109.4,72.2,559.0,3730.0,15.0,1,
177601,1859.0,21.8,109.4,55.6,559.0,3730.0,15.0,1,
177701,1859.6,20.5,109.4,52.8,559.0,3730.0,15.0,1,
177801,1858.7,21.0,109.4,47.1,559.0,3730.0,15.0,1,
177901,1857.8,23.5,109.4,85.7,559.0,3730.0,15.0,1,
178001,1859.2,21.5,109.5,240.3,559.0,3730.0,15.0,1,
178101,1858.3,23.1,109.5,240.1,559.0,3730.0,15.0,1,
178201,1858.6,23.0,109.5,240.4,559.0,3730.0,15.0,1,
178301,1858.7,21.6,109.6,240.5,559.0,3730.0,15.0,1,
178501,1858.4,149.5,91.8,39.7,1057.0,8061.0,13.0,1,
178601,1840.7,151.4,113.6,39.4,1263.0,5958.0,11.0,1,
178701,1871.0,104.2,117.6,42.2,712.0,5276.0,11.0,1,
178801,1867.3,59.5,116.9,48.8,740.0,4965.0,15.0,1,
178901,1862.8,51.9,116.7,49.1,606.0,3890.0,22.0,1,
179001,1843.9,65.1,117.1,50.4,590.0,3981.0,11.0,1,
179101,1869.1,38.3,117.6,65.7,547.0,3606.0,10.0,1,
179201,1858.9,21.0,117.6,54.8,547.0,3606.0,10.0,1,
179301,1858.8,20.8,117.6,54.4,547.0,3606.0,10.0,1,
179501,1858.0,21.3,117.6,55.6,547.0,3606.0,10.0,1,
179601,1859.6,21.8,117.6,240.8,547.0,3606.0,10.0,1,
179701,1858.8,22.2,117.5,240.4,547.0,3606.0,10.0,1,
179801,1859.1,21.7,117.5,240.8,547.0,3606.0,10.0,1,
179901,1858.4,21.8,117.5,240.9,547.0,3606.0,10.0,1,
180001,1858.7,22.5,117.5,240.3,547.0,3606.0,10.0,1,
180101,1849.1,168.6,118.2,43.0,547.0,3606.0,10.0,1,
180201,1849.7,163.7,104.0,40.9,854.0,6540.0,19.0,1,
180301,1878.6,101.5,104.5,43.2,831.0,5730.0,13.0,1,
180501,1861.9,59.3,106.3,52.7,589.0,4047.0,24.0,1,
180601,1838.1,71.0,103.7,52.9,520.0,3539.0,14.0,1,
180701,1868.0,55.4,103.1,50.5,525.0,3613.0,12.0,1,
180801,1854.4,23.2,103.2,47.9,525.0,3613.0,12.0,1,
180901,1859.7,21.4,103.1,54.0,525.0,3613.0,12.0,1,
181001,1860.6,20.9,103.1,50.0,525.0,3613.0,12.0,1,
181101,1859.3,22.5,103.1,48.8,525.0,3613.0,12.0,1,
181201,1859.2,21.6,103.1,240.7,525.0,3613.0,12.0,1,
181301,1859.6,15.5,103.1,240.5,525.0,3613.0,12.0,1,
181501,1859.5,21.9,103.0,178.2,525.0,3613.0,12.0,1,
181601,1859.4,21.4,103.0,186.5,525.0,3613.0,12.0,1,
181701,1829.7,96.0,96.4,238.2,525.0,3613.0,12.0,1,
181801,1872.4,148.5,88.9,36.2,877.0,6933.0,15.0,1,
181901,1877.7,72.1,82.4,34.2,820.0,5613.0,15.0,1,
182001,1864.7,91.4,82.3,30.0,715.0,5032.0,14.0,1,
182101,1850.4,79.7,85.8,37.8,610.0,4558.0,22.0,1,
182201,1843.1,70.6,85.5,56.2,576.0,3954.0,15.0,1,
182301,1859.7,58.9,83.4,52.4,548.0,3549.0,9.0,1,
182501,1859.4,18.6,83.5,39.5,548.0,3549.0,9.0,1,
182601,1860.3,19.6,83.4,28.7,548.0,3549.0,9.0,1,
182701,1860.1,21.0,83.4,28.5,548.0,3549.0,9.0,1,
182801,1858.7,18.8,83.4,239.1,548.0,3549.0,9.0,1,
182901,1860.2,19.9,83.4,240.3,548.0,3549.0,9.0,1,
183001,1858.8,20.2,83.4,239.9,548.0,3549.0,9.0,1,
183101,1859.3,19.6,83.4,240.6,548.0,3549.0,9.0,1,
183201,1859.2,19.6,83.4,240.8,548.0,3549.0,9.0,1,
183301,1859.4,21.2,83.3,241.1,548.0,3549.0,9.0,1,
183501,1868.7,77.7,79.8,35.3,804.0,5965.0,15.0,1,
183601,1857.5,85.4,78.5,34.9,685.0,4994.0,21.0,1,
183701,1842.8,117.6,73.5,35.5,653.0,4365.0,15.0,1,
183801,1851.9,99.8,77.3,65.8,511.0,3512.0,21.0,1,
183901,1866.7,86.4,80.0,54.8,558.0,3608.0,10.0,1,
184001,1868.4,27.6,79.9,55.5,562.0,3561.0,14.0,1,
184101,1859.7,20.9,79.9,54.1,562.0,3561.0,14.0,1,
184201,1860.8,20.0,79.9,51.1,562.0,3561.0,14.0,1,
184301,1859.8,19.4,79.9,47.1,562.0,3561.0,14.0,1,
184501,1860.0,20.6,79.9,241.2,562.0,3561.0,14.0,1,
184601,1858.8,18.8,80.0,240.7,562.0,3561.0,14.0,1,
184701,1858.9,20.6,80.0,241.0,562.0,3561.0,14.0,1,
184801,1859.1,20.6,80.0,241.2,562.0,3561.0,14.0,1,
184901,1859.5,19.0,80.0,241.0,562.0,3561.0,14.0,1,
185001,1856.7,180.6,78.3,67.4,1131.0,8486.0,15.0,1,
185101,1869.1,258.7,118.6,36.1,2240.0,7484.0,11.0,1,
185201,1848.4,94.8,123.1,41.5,787.0,5230.0,11.0,1,
185301,1835.3,72.4,122.5,55.9,721.0,4879.0,11.0,1,
185501,1862.7,108.4,121.1,55.2,594.0,3811.0,10.0,1,
185601,1870.0,34.1,121.5,70.4,497.0,3406.0,11.0,1,
185701,1859.0,14.9,121.4,55.6,497.0,3406.0,11.0,1,
185801,1860.5,11.9,121.3,53.4,497.0,3406.0,11.0,1,
185901,1861.2,13.0,121.2,48.0,497.0,3406.0,11.0,1,
186001,1858.5,13.5,121.2,42.8,497.0,3406.0,11.0,1,
186101,1860.7,12.3,121.1,238.0,497.0,3406.0,11.0,1,
186201,1858.6,14.8,121.0,214.9,497.0,3406.0,11.0,1,
186301,1859.0,14.9,121.0,238.8,497.0,3406.0,11.0,1,
186501,1858.8,15.1,120.8,178.1,497.0,3406.0,11.0,1,
186601,1868.3,80.7,120.8,68.4,987.0,7992.0,15.0,1,
186701,1860.5,162.0,94.9,37.5,881.0,6769.0,15.0,1,
186801,1834.3,100.4,91.3,38.1,835.0,5727.0,14.0,1,
186901,1850.9,68.8,91.5,42.0,712.0,4774.0,15.0,1,
187001,1870.2,58.5,91.7,50.2,724.0,4531.0,9.0,1,
187101,1861.6,59.7,88.2,53.4,694.0,3941.0,9.0,1,
187201,1862.4,58.2,88.3,40.3,549.0,3215.0,9.0,1,
187301,1854.6,14.4,88.3,72.9,549.0,3215.0,9.0,1,
187501,1859.4,13.0,88.3,67.9,549.0,3215.0,9.0,1,
187601,1858.9,13.1,88.3,54.1,549.0,3215.0,9.0,1,
187701,1858.3,14.0,88.3,134.8,549.0,3215.0,9.0,1,
187801,1858.8,13.9,88.3,178.4,549.0,3215.0,9.0,1,
187901,1859.2,12.9,88.3,135.1,549.0,3215.0,9.0,1,
188001,1858.7,13.6,88.3,155.7,549.0,3215.0,9.0,1,
188101,1858.8,13.7,88.3,198.9,549.0,3215.0,9.0,1,
188201,1859.3,23.6,88.3,178.0,549.0,3215.0,9.0,1,
188301,1859.6,154.6,81.1,35.6,921.0,7503.0,15.0,1,
188501,1869.8,113.8,121.0,30.1,703.0,4938.0,10.0,1,
188601,1864.8,62.4,120.9,45.0,677.0,4576.0,14.0,1,
188701,1858.4,50.6,121.1,67.2,610.0,3917.0,10.0,1,
188801,1846.8,68.6,121.3,65.7,568.0,3794.0,10.0,1,
188901,1863.0,19.0,121.4,70.2,589.0,3707.0,11.0,1,
189001,1859.9,12.7,121.4,68.0,589.0,3707.0,11.0,1,
189101,1860.4,12.9,121.4,52.5,589.0,3707.0,11.0,1,
189201,1858.6,14.4,121.4,45.9,589.0,3707.0,11.0,1,
189301,1858.3,13.1,121.4,76.5,589.0,3707.0,11.0,1,
189501,1858.8,13.8,121.4,139.1,589.0,3707.0,11.0,1,
189601,1858.7,13.2,121.4,177.3,589.0,3707.0,11.0,1,
189701,1859.3,12.9,121.4,164.9,589.0,3707.0,11.0,1,
189801,1858.7,13.4,121.4,123.7,589.0,3707.0,11.0,1,
189901,1841.1,135.5,120.6,40.4,1048.0,8100.0,15.0,1,
190001,1856.0,154.2,112.2,37.1,822.0,6109.0,16.0,1,
190101,1874.5,119.9,82.7,39.2,707.0,5279.0,11.0,1,
190201,1865.3,52.7,82.5,52.3,653.0,4566.0,16.0,1,
190301,1859.5,47.7,83.1,52.5,596.0,3906.0,23.0,1,
190501,1866.6,25.5,82.8,56.7,544.0,3530.0,10.0,1,
190601,1860.7,12.5,82.7,67.3,544.0,3530.0,10.0,1,
190701,1860.6,13.7,82.7,54.4,544.0,3530.0,10.0,1,
190801,1860.6,13.6,82.7,49.5,544.0,3530.0,10.0,1,
190901,1857.9,14.1,82.7,65.8,544.0,3530.0,10.0,1,
191001,1859.1,14.7,82.8,157.0,544.0,3530.0,10.0,1,
191101,1858.6,13.7,82.8,177.8,544.0,3530.0,10.0,1,
191201,1859.0,14.0,82.8,177.2,544.0,3530.0,10.0,1,
191301,1858.3,14.4,82.8,168.0,544.0,3530.0,10.0,1,
191501,1819.6,126.1,82.5,51.2,1039.0,8210.0,15.0,1,
191601,1874.6,150.0,82.6,35.6,783.0,6013.0,19.0,1,
191701,1872.2,143.6,83.4,35.3,735.0,5147.0,15.0,1,
191801,1869.2,114.0,84.6,46.3,622.0,4311.0,15.0,1,
191901,1852.0,61.3,87.4,53.6,513.0,3651.0,23.0,1,
192001,1840.5,73.9,87.4,53.8,488.0,3371.0,25.0,0,
192101,1881.5,40.8,87.2,53.2,447.0,3180.0,15.0,1,
192201,1856.0,13.9,87.2,69.2,447.0,3180.0,15.0,1,
192301,1859.3,11.4,87.2,68.1,447.0,3180.0,15.0,1,
192501,1857.3,12.6,87.2,35.9,447.0,3180.0,15.0,1,
192601,1859.1,11.9,87.2,123.0,447.0,3180.0,15.0,1,
192701,1859.4,12.5,87.2,125.0,447.0,3180.0,15.0,1,
192801,1859.1,13.3,87.1,124.0,447.0,3180.0,15.0,1,
192901,1859.3,12.8,87.1,155.4,447.0,3180.0,15.0,1,
193001,1859.7,13.0,87.1,145.7,447.0,3180.0,15.0,1,
193101,1815.0,88.1,85.2,123.6,975.0,8107.0,16.0,1,
193201,1896.0,145.7,87.4,35.4,885.0,7164.0,14.0,1,
193301,1866.2,65.8,83.0,30.1,793.0,5573.0,15.0,1,
193501,1832.3,84.2,84.4,46.8,711.0,4613.0,12.0,1,
193601,1857.5,77.5,87.6,54.6,498.0,3397.0,15.0,1,
193701,1867.7,56.9,84.9,53.5,606.0,3748.0,10.0,1,
193801,1865.0,13.4,85.2,53.6,606.0,3748.0,10.0,1,
193901,1859.9,11.0,85.2,52.8,606.0,3748.0,10.0,1,
194001,1859.2,12.4,85.2,29.5,606.0,3748.0,10.0,1,
194101,1857.3,12.9,85.2,28.8,606.0,3748.0,10.0,1,
194201,1859.0,12.3,85.2,91.1,606.0,3748.0,10.0,1,
194301,1858.8,13.1,85.2,145.5,606.0,3748.0,10.0,1,
194501,1858.6,14.5,85.2,237.6,606.0,3748.0,10.0,1,
194601,1859.3,14.1,85.2,238.6,606.0,3748.0,10.0,1,
194701,1858.2,15.5,85.3,235.1,606.0,3748.0,10.0,1,
194801,1867.4,133.2,90.9,37.2,952.0,7379.0,15.0,1,
194901,1869.3,101.8,95.9,36.1,745.0,5749.0,15.0,1,
195001,1839.5,77.4,91.9,37.9,688.0,5050.0,10.0,1,
195101,1843.1,99.4,92.2,42.9,668.0,4691.0,10.0,1,
195201,1869.0,78.9,91.9,51.0,581.0,3862.0,9.0,1,
195301,1868.5,73.2,94.9,55.5,593.0,3838.0,11.0,1,
195501,1860.9,13.9,95.1,54.4,593.0,3838.0,11.0,1,
195601,1859.7,12.8,95.1,53.2,593.0,3838.0,11.0,1,
195701,1859.5,13.0,95.1,50.4,593.0,3838.0,11.0,1,
195801,1860.3,13.2,95.1,104.2,593.0,3838.0,11.0,1,
195901,1859.0,12.6,95.1,176.5,593.0,3838.0,11.0,1,
196001,1859.9,13.2,95.1,178.2,593.0,3838.0,11.0,1,
196101,1859.1,13.3,95.1,175.4,593.0,3838.0,11.0,1,
196201,1859.0,13.0,95.1,177.5,593.0,3838.0,11.0,1,
196301,1859.2,12.9,95.1,238.3,593.0,3838.0,11.0,1,
196501,1855.7,138.5,95.8,37.8,912.0,6773.0,15.0,1,
196601,1839.0,116.3,99.3,39.4,683.0,5060.0,21.0,1,
196701,1857.8,91.7,98.9,42.9,644.0,4335.0,15.0,1,
196801,1867.9,57.6,96.1,52.6,538.0,3721.0,25.0,0,
196901,1861.8,87.6,95.7,53.1,535.0,3698.0,10.0,1,
197001,1850.5,29.1,96.0,54.2,532.0,3436.0,10.0,1,
197101,1859.8,12.1,96.0,70.5,532.0,3436.0,10.0,1,
197201,1860.8,11.3,95.9,67.6,532.0,3436.0,10.0,1,
197301,1860.1,12.1,95.9,53.3,532.0,3436.0,10.0,1,
197501,1859.5,12.3,95.9,148.4,532.0,3436.0,10.0,1,
197601,1859.4,13.1,95.9,177.2,532.0,3436.0,10.0,1,
197701,1859.4,12.5,95.9,196.5,532.0,3436.0,10.0,1,
197801,1859.8,13.7,95.9,206.1,532.0,3436.0,10.0,1,
197901,1859.0,13.7,95.9,197.4,532.0,3436.0,10.0,1,
198001,1870.4,95.6,94.7,68.4,1013.0,8388.0,16.0,1,
198101,1849.3,145.8,83.4,35.6,890.0,6690.0,15.0,1,
198201,1838.6,145.5,83.2,34.7,800.0,5453.0,14.0,1,
198301,1870.1,104.7,82.2,35.0,618.0,4530.0,14.0,1,
198501,1865.8,63.2,84.6,54.4,527.0,3723.0,10.0,1,
198601,1857.6,53.4,82.8,53.0,463.0,3177.0,23.0,1,
198701,1853.2,15.8,82.9,52.2,463.0,3177.0,23.0,1,
198801,1859.5,12.2,82.9,47.3,463.0,3177.0,23.0,1,
198901,1860.1,11.1,82.9,28.6,463.0,3177.0,23.0,1,
199001,1856.7,12.6,82.9,29.5,463.0,3177.0,23.0,1,
199101,1859.0,12.0,82.9,99.7,463.0,3177.0,23.0,1,
199201,1858.7,11.3,83.0,124.8,463.0,3177.0,23.0,1,
199301,1859.7,12.2,82.9,164.7,463.0,3177.0,23.0,1,
199501,1858.8,11.4,82.9,165.1,463.0,3177.0,23.0,1,
199601,1859.4,72.9,82.9,177.0,463.0,3177.0,23.0,1,
199701,1843.2,150.0,83.6,35.2,929.0,7371.0,15.0,1,
199801,1853.3,99.9,82.6,30.1,738.0,5178.0,19.0,1,
199901,1865.7,76.5,78.1,29.9,624.0,4157.0,22.0,1,
200001,1863.2,106.2,74.9,29.9,544.0,3627.0,23.0,1,
200101,1863.6,100.1,75.0,55.3,477.0,3270.0,21.0,1,
200201,1853.1,96.4,78.3,66.2,520.0,3294.0,9.0,1,
200301,1867.6,18.1,79.1,72.9,520.0,3294.0,9.0,1,
200501,1860.3,12.3,79.1,54.0,520.0,3294.0,9.0,1,
200601,1859.4,10.6,79.1,50.5,520.0,3294.0,9.0,1,
200701,1858.3,10.6,79.1,77.1,520.0,3294.0,9.0,1,
200801,1858.5,10.0,79.0,135.5,520.0,3294.0,9.0,1,
200901,1857.9,10.4,79.0,157.9,520.0,3294.0,9.0,1,
201001,1858.8,9.9,79.0,133.6,520.0,3294.0,9.0,1,
201101,1859.0,10.9,79.0,133.9,520.0,3294.0,9.0,1,
201201,1858.5,10.6,79.0,125.4,520.0,3294.0,9.0,1,
201301,1825.3,149.7,86.8,39.9,1134.0,7897.0,14.0,1,
201501,1875.9,260.3,141.6,42.2,1771.0,6360.0,7.0,1,
201601,1862.5,306.7,167.6,106.6,1731.0,5043.0,6.0,1,
201701,1843.6,212.1,186.3,226.5,2144.0,4581.0,6.0,1,
201801,1846.7,55.3,188.0,265.0,815.0,4118.0,10.0,1,
201901,1889.6,24.3,188.9,232.4,879.0,4209.0,10.0,1,
202001,1860.6,12.8,188.9,159.1,879.0,4209.0,10.0,1,
202101,1859.8,11.0,188.9,76.0,879.0,4209.0,10.0,1,
202201,1860.0,10.8,188.9,57.1,879.0,4209.0,10.0,1,
202301,1858.9,11.8,188.9,66.1,879.0,4209.0,10.0,1,
202501,1860.3,12.1,188.9,206.8,879.0,4209.0,10.0,1,
202601,1859.4,13.1,189.0,210.2,879.0,4209.0,10.0,1,
202701,1859.9,12.6,189.0,209.7,879.0,4209.0,10.0,1,
202801,1860.1,12.6,189.0,210.3,879.0,4209.0,10.0,1,
202901,1836.4,115.0,184.4,53.5,1074.0,8275.0,15.0,1,
203001,1885.6,103.5,178.6,36.5,845.0,5992.0,14.0,1,
203101,1870.9,76.7,161.2,35.7,668.0,4541.0,10.0,1,
203201,1866.0,67.6,134.7,44.5,559.0,3641.0,10.0,1,
203301,1837.5,61.1,103.3,53.5,522.0,3331.0,14.0,1,
203501,1873.0,32.0,75.7,52.4,482.0,2779.0,15.0,1,
203601,1859.5,14.0,75.8,29.9,482.0,2779.0,15.0,1,
203701,1860.7,12.1,75.8,29.4,482.0,2779.0,15.0,1,
203801,1862.1,13.6,75.8,29.6,482.0,2779.0,15.0,1,
203901,1860.5,12.1,75.8,37.5,482.0,2779.0,15.0,1,
204001,1860.9,12.1,75.7,177.6,482.0,2779.0,15.0,1,
204101,1860.3,13.1,75.7,197.1,482.0,2779.0,15.0,1,
204201,1860.8,12.3,75.7,220.3,482.0,2779.0,15.0,1,
204301,1860.0,12.4,75.7,177.5,482.0,2779.0,15.0,1,
204501,1840.9,81.8,72.3,195.3,952.0,7988.0,16.0,1,
204601,1889.6,128.3,75.9,36.1,816.0,6403.0,15.0,1,
204701,1860.9,56.9,69.8,34.8,767.0,5270.0,14.0,1,
204801,1844.1,62.5,65.6,30.1,668.0,4667.0,14.0,1,
204901,1844.1,78.4,70.8,29.9,649.0,4490.0,10.0,1,
205001,1873.8,74.9,73.6,67.5,520.0,3271.0,11.0,1,
205101,1869.1,58.0,75.7,56.7,471.0,2943.0,15.0,1,
205201,1863.9,16.8,75.8,66.0,471.0,2943.0,15.0,1,
205301,1862.1,14.8,75.7,65.7,471.0,2943.0,15.0,1,
205501,1860.6,11.9,75.7,47.7,471.0,2943.0,15.0,1,
205601,1859.7,13.1,75.8,167.6,471.0,2943.0,15.0,1,
205701,1860.9,12.4,75.8,231.8,471.0,2943.0,15.0,1,
205801,1860.0,11.6,75.8,233.6,471.0,2943.0,15.0,1,
205901,1860.7,12.7,75.7,178.3,471.0,2943.0,15.0,1,
206001,1860.1,12.3,75.7,178.6,471.0,2943.0,15.0,1,
206101,1860.3,11.2,75.7,234.9,471.0,2943.0,15.0,1,
206201,1876.1,121.8,76.2,35.8,949.0,7395.0,13.0,1,
206301,1858.0,81.4,75.4,34.4,807.0,5794.0,11.0,1,
206501,1858.9,63.6,70.8,30.1,570.0,3814.0,14.0,1,
206601,1868.6,86.9,70.2,36.5,503.0,3599.0,12.0,1,
206701,1864.2,68.5,70.7,51.0,450.0,3127.0,10.0,1,
206801,1861.3,18.2,70.7,76.3,492.0,3192.0,11.0,1,
206901,1860.8,11.7,70.7,71.6,492.0,3192.0,11.0,1,
207001,1861.3,11.8,70.7,54.7,492.0,3192.0,11.0,1,
207101,1862.6,11.7,70.6,49.5,492.0,3192.0,11.0,1,
207201,1858.9,11.2,70.6,85.7,492.0,3192.0,11.0,1,
207301,1861.5,11.8,70.6,178.2,492.0,3192.0,11.0,1,
207501,1860.6,12.0,70.6,178.3,492.0,3192.0,11.0,1,
207601,1859.9,13.0,70.6,238.8,492.0,3192.0,11.0,1,
207701,1860.5,16.8,70.6,239.6,492.0,3192.0,11.0,1,
207801,1867.3,293.9,69.2,39.4,1060.0,8163.0,14.0,1,
207901,1851.2,198.9,103.7,35.8,775.0,5808.0,14.0,1,
208001,1843.2,144.2,110.8,45.9,687.0,5060.0,11.0,1,
208101,1868.5,75.5,111.6,49.8,616.0,4287.0,12.0,1,
208201,1864.9,67.7,111.8,51.2,482.0,3474.0,23.0,1,
208301,1860.1,111.4,109.7,50.3,529.0,3484.0,10.0,1,
208501,1861.4,13.5,111.2,69.4,529.0,3484.0,10.0,1,
208601,1861.1,12.4,111.2,57.3,529.0,3484.0,10.0,1,
208701,1862.0,11.3,111.2,55.9,529.0,3484.0,10.0,1,
208801,1860.2,11.8,111.2,66.1,529.0,3484.0,10.0,1,
208901,1860.0,12.1,111.2,207.0,529.0,3484.0,10.0,1,
209001,1860.8,11.4,111.2,177.9,529.0,3484.0,10.0,1,
209101,1859.8,11.8,111.2,174.9,529.0,3484.0,10.0,1,
209201,1860.6,12.4,111.2,168.0,529.0,3484.0,10.0,1,
209301,1860.0,11.9,111.2,178.5,529.0,3484.0,10.0,1,
209501,1826.5,126.3,81.1,35.6,889.0,6727.0,14.0,1,
209601,1860.1,82.5,75.4,34.6,704.0,4972.0,10.0,1,
209701,1866.9,107.3,69.2,30.1,604.0,4094.0,11.0,1,
209801,1867.9,113.5,72.8,30.1,556.0,3861.0,10.0,1,
209901,1869.3,111.3,75.6,71.6,544.0,3551.0,9.0,1,
210001,1863.6,42.2,74.7,72.6,522.0,3389.0,9.0,1,
210101,1856.3,14.0,74.8,71.8,522.0,3389.0,9.0,1,
210201,1861.6,10.8,74.8,67.6,522.0,3389.0,9.0,1,
210301,1860.0,9.3,74.8,66.0,522.0,3389.0,9.0,1,
210501,1860.4,10.2,74.7,117.8,522.0,3389.0,9.0,1,
210601,1860.5,10.7,74.7,146.7,522.0,3389.0,9.0,1,
210701,1860.7,11.0,74.7,150.0,522.0,3389.0,9.0,1,
210801,1860.1,11.5,74.7,158.3,522.0,3389.0,9.0,1,
210901,1859.4,11.2,74.7,155.4,522.0,3389.0,9.0,1,
211001,1840.2,89.0,74.7,178.4,522.0,3389.0,9.0,1,
211101,1845.5,144.3,83.7,37.1,904.0,6946.0,11.0,1,
211201,1879.6,71.0,83.7,36.2,864.0,5662.0,10.0,1,
211301,1864.4,44.3,83.4,35.6,709.0,4557.0,9.0,1,
211501,1841.5,64.8,77.4,41.9,611.0,3566.0,9.0,1,
211601,1847.9,62.8,77.4,30.2,507.0,3015.0,8.0,1,
211701,1877.1,15.7,77.3,75.2,565.0,3237.0,9.0,1,
211801,1861.3,12.3,77.3,77.3,565.0,3237.0,9.0,1,
211901,1860.8,10.8,77.4,71.8,565.0,3237.0,9.0,1,
212001,1858.9,10.3,77.4,49.1,565.0,3237.0,9.0,1,
212101,1857.8,10.6,77.4,146.8,565.0,3237.0,9.0,1,
212201,1858.6,10.6,77.4,143.3,565.0,3237.0,9.0,1,
212301,1858.9,10.5,77.4,141.3,565.0,3237.0,9.0,1,
212501,1858.6,11.5,77.5,173.7,565.0,3237.0,9.0,1,
212601,1858.8,11.0,77.5,166.2,565.0,3237.0,9.0,1,
212701,1833.0,137.8,68.2,36.2,986.0,7693.0,14.0,1,
212801,1884.2,84.6,68.0,34.3,821.0,6153.0,10.0,1,
212901,1871.5,65.9,75.3,30.3,726.0,4984.0,9.0,1,
213001,1862.7,65.1,79.2,46.4,705.0,4378.0,9.0,1,
213101,1830.2,71.4,79.2,57.3,497.0,3186.0,9.0,1,
213201,1857.0,54.5,76.2,54.2,445.0,2686.0,9.0,1,
213301,1864.3,21.0,76.2,53.8,436.0,2736.0,9.0,1,
213501,1858.7,11.0,76.3,29.6,436.0,2736.0,9.0,1,
213601,1861.0,11.2,76.2,34.2,436.0,2736.0,9.0,1,
213701,1859.4,10.1,76.2,86.5,436.0,2736.0,9.0,1,
213801,1858.2,11.0,76.2,156.3,436.0,2736.0,9.0,1,
213901,1859.0,10.8,76.2,178.4,436.0,2736.0,9.0,1,
214001,1859.5,10.9,76.2,170.8,436.0,2736.0,9.0,1,
214101,1858.9,10.8,76.2,164.1,436.0,2736.0,9.0,1,
214201,1858.8,11.7,76.2,172.1,436.0,2736.0,9.0,1,
214301,1843.0,119.6,72.9,44.5,1073.0,8277.0,14.0,1,
214501,1865.5,87.4,69.6,35.0,707.0,5124.0,9.0,1,
214601,1843.9,85.5,71.8,34.6,744.0,4848.0,11.0,1,
214701,1846.8,82.0,74.9,54.5,620.0,4099.0,11.0,1,
214801,1863.6,63.4,74.8,66.7,478.0,3121.0,12.0,1,
214901,1865.0,33.7,75.2,66.0,465.0,3080.0,12.0,1,
215001,1858.2,12.2,75.1,55.7,465.0,3080.0,12.0,1,
215101,1859.3,10.9,75.1,49.3,465.0,3080.0,12.0,1,
215201,1860.7,9.6,75.1,34.9,465.0,3080.0,12.0,1,
215301,1859.1,10.8,75.1,37.5,465.0,3080.0,12.0,1,
215501,1859.1,10.6,75.1,167.0,465.0,3080.0,12.0,1,
215601,1859.8,11.2,75.1,136.5,465.0,3080.0,12.0,1,
215701,1859.6,12.5,75.1,123.8,465.0,3080.0,12.0,1,
215801,1859.5,11.7,75.1,134.8,465.0,3080.0,12.0,1,
215901,1856.9,319.8,80.8,48.1,465.0,3080.0,12.0,1,
216001,1878.5,133.8,102.2,36.0,886.0,6820.0,15.0,1,
216101,1855.8,81.9,103.0,36.9,751.0,5410.0,12.0,1,
216201,1838.2,66.8,98.5,38.5,626.0,4438.0,13.0,1,
216301,1856.6,103.5,98.8,41.5,593.0,4157.0,15.0,1,
216501,1863.4,69.2,102.9,65.7,470.0,3139.0,12.0,1,
216601,1858.6,16.9,102.9,55.5,470.0,3139.0,12.0,1,
216701,1858.5,12.5,102.9,54.9,470.0,3139.0,12.0,1,
216801,1860.6,11.8,102.9,53.4,470.0,3139.0,12.0,1,
216901,1860.7,11.7,102.9,52.4,470.0,3139.0,12.0,1,
217001,1858.3,11.6,102.9,122.2,470.0,3139.0,12.0,1,
217101,1859.7,11.8,102.9,170.1,470.0,3139.0,12.0,1,
217201,1859.4,12.9,102.9,174.9,470.0,3139.0,12.0,1,
217301,1859.6,12.3,102.9,182.9,470.0,3139.0,12.0,1,
217501,1858.8,89.6,102.9,167.2,470.0,3139.0,12.0,1,
217601,1877.6,295.8,82.6,38.1,961.0,7636.0,15.0,1,
217701,1852.2,236.3,128.0,36.3,2169.0,6491.0,8.0,1,
217801,1831.6,75.8,131.2,38.3,657.0,4594.0,13.0,1,
217901,1866.9,86.1,131.0,44.1,630.0,4105.0,12.0,1,
218001,1862.4,106.1,131.0,56.8,495.0,3303.0,13.0,1,
218101,1864.3,94.9,130.4,66.8,460.0,3044.0,9.0,1,
218201,1864.3,19.1,130.9,71.9,460.0,3044.0,9.0,1,
218301,1859.8,13.5,130.9,72.0,460.0,3044.0,9.0,1,
218501,1860.4,10.5,130.9,53.3,460.0,3044.0,9.0,1,
218601,1858.7,9.3,130.9,57.4,460.0,3044.0,9.0,1,
218701,1857.8,10.5,130.9,122.3,460.0,3044.0,9.0,1,
218801,1859.7,9.7,130.9,122.1,460.0,3044.0,9.0,1,
218901,1858.8,10.7,130.8,135.1,460.0,3044.0,9.0,1,
219001,1858.8,11.4,130.8,135.0,460.0,3044.0,9.0,1,
219101,1859.0,11.4,130.8,133.8,460.0,3044.0,9.0,1,
219201,1876.5,164.0,131.6,38.4,1022.0,8143.0,14.0,1,
219301,1823.3,112.3,94.3,36.5,806.0,5784.0,10.0,1,
219501,1873.5,134.4,96.7,45.8,701.0,4531.0,11.0,1,
219601,1866.9,76.8,98.2,53.2,543.0,3518.0,15.0,1,
219701,1865.9,61.5,96.4,53.5,424.0,2942.0,10.0,1,
219801,1855.0,23.8,94.6,53.9,518.0,3232.0,13.0,1,
219901,1859.4,12.6,94.6,53.8,518.0,3232.0,13.0,1,
220001,1860.0,10.4,94.6,35.6,518.0,3232.0,13.0,1,
220101,1861.6,10.7,94.5,29.8,518.0,3232.0,13.0,1,
220201,1858.2,11.4,94.5,67.0,518.0,3232.0,13.0,1,
220301,1858.9,10.7,94.5,122.7,518.0,3232.0,13.0,1,
220501,1859.1,11.8,94.6,122.6,518.0,3232.0,13.0,1,
220601,1859.7,11.3,94.6,123.1,518.0,3232.0,13.0,1,
220701,1859.4,11.8,94.6,169.1,518.0,3232.0,13.0,1,
220801,1854.8,122.9,86.7,52.1,911.0,7758.0,15.0,1,
220901,1838.6,108.7,78.8,36.8,749.0,5657.0,11.0,1,
221001,1871.6,85.5,74.6,35.5,759.0,5218.0,11.0,1,
221101,1867.9,79.7,75.4,35.0,705.0,4726.0,10.0,1,
221201,1865.6,64.1,73.0,54.6,505.0,3379.0,10.0,1,
221301,1844.6,67.7,76.0,56.4,550.0,3530.0,12.0,1,
221501,1855.5,13.9,79.7,54.6,550.0,3530.0,12.0,1,
221601,1859.9,11.3,79.7,55.5,550.0,3530.0,12.0,1,
221701,1860.7,11.7,79.7,55.5,550.0,3530.0,12.0,1,
221801,1857.0,10.6,79.8,52.2,550.0,3530.0,12.0,1,
221901,1859.4,11.5,79.8,155.5,550.0,3530.0,12.0,1,
222001,1858.7,11.5,79.8,145.6,550.0,3530.0,12.0,1,
222101,1859.2,11.0,79.8,149.2,550.0,3530.0,12.0,1,
222201,1858.6,11.8,79.8,176.9,550.0,3530.0,12.0,1,
222301,1858.6,12.9,79.8,198.8,550.0,3530.0,12.0,1,
222501,1867.0,313.9,100.0,35.4,1395.0,7070.0,12.0,1,
222601,1879.4,108.3,122.5,34.9,731.0,5273.0,14.0,1,
222701,1869.3,50.8,119.5,43.3,657.0,4460.0,14.0,1,
222801,1864.4,48.0,117.7,65.6,557.0,3641.0,9.0,1,
222901,1837.5,73.1,115.8,57.6,480.0,3137.0,14.0,1,
223001,1853.8,71.1,114.7,43.2,467.0,2876.0,9.0,1,
223101,1871.6,16.6,114.8,65.5,467.0,2876.0,9.0,1,
223201,1859.5,13.5,114.8,73.5,467.0,2876.0,9.0,1,
223301,1860.6,11.1,114.8,65.5,467.0,2876.0,9.0,1,
223501,1858.2,12.0,114.8,111.8,467.0,2876.0,9.0,1,
223601,1860.7,11.8,114.8,125.1,467.0,2876.0,9.0,1,
223701,1858.3,12.1,114.8,123.8,467.0,2876.0,9.0,1,
223801,1859.1,12.3,114.8,178.7,467.0,2876.0,9.0,1,
223901,1859.7,11.7,114.8,177.1,467.0,2876.0,9.0,1,
224001,1858.3,12.3,114.8,153.3,467.0,2876.0,9.0,1,
224101,1841.3,131.4,107.9,35.7,958.0,7474.0,14.0,1,
224201,1874.2,86.9,68.1,34.2,820.0,6169.0,14.0,1,
224301,1866.2,76.3,72.9,30.0,654.0,4808.0,14.0,1,
224501,1845.6,81.5,78.6,66.2,565.0,3809.0,15.0,1,
224601,1864.9,49.2,76.3,55.2,522.0,3184.0,9.0,1,
224701,1862.3,18.7,76.2,55.6,498.0,3169.0,11.0,1,
224801,1859.0,11.8,76.2,65.7,498.0,3169.0,11.0,1,
224901,1858.5,11.5,76.2,39.6,498.0,3169.0,11.0,1,
225001,1858.1,11.7,76.2,28.7,498.0,3169.0,11.0,1,
225101,1857.7,12.1,76.2,73.3,498.0,3169.0,11.0,1,
225201,1858.3,13.0,76.3,177.5,498.0,3169.0,11.0,1,
225301,1858.0,12.6,76.3,199.6,498.0,3169.0,11.0,1,
225501,1858.4,12.4,76.3,142.1,498.0,3169.0,11.0,1,
225601,1858.6,12.5,76.3,141.1,498.0,3169.0,11.0,1,
225701,1847.8,118.2,73.5,43.8,1040.0,8205.0,14.0,1,
225801,1869.8,90.3,74.5,35.7,866.0,6407.0,15.0,1,
225901,1858.2,75.9,72.2,34.9,725.0,5219.0,11.0,1,
226001,1841.8,116.7,70.8,34.5,674.0,4434.0,11.0,1,
226101,1858.5,95.6,71.0,44.8,522.0,3682.0,11.0,1,
226201,1865.5,87.8,74.0,56.7,423.0,3061.0,10.0,1,
226301,1860.3,32.1,74.5,55.6,470.0,3037.0,9.0,1,
226501,1857.1,11.3,74.5,53.3,470.0,3037.0,9.0,1,
226601,1859.0,10.8,74.5,52.5,470.0,3037.0,9.0,1,
226701,1857.2,11.5,74.5,67.2,470.0,3037.0,9.0,1,
226801,1857.0,11.7,74.5,117.7,470.0,3037.0,9.0,1,
226901,1860.0,11.3,74.5,122.1,470.0,3037.0,9.0,1,
227001,1857.9,12.0,74.5,123.3,470.0,3037.0,9.0,1,
227101,1858.9,11.9,74.4,163.6,470.0,3037.0,9.0,1,
227201,1859.0,11.5,74.5,139.8,470.0,3037.0,9.0,1,
227301,1853.7,157.3,74.0,74.1,976.0,7872.0,16.0,1,
227501,1849.8,82.4,84.0,35.7,764.0,5522.0,11.0,1,
227601,1835.0,71.6,83.4,35.2,671.0,4419.0,12.0,1,
227701,1866.8,89.5,83.9,34.6,560.0,3738.0,10.0,1,
227801,1864.4,107.9,84.4,67.2,560.0,3523.0,10.0,1,
227901,1864.4,53.0,84.6,66.9,478.0,3081.0,10.0,1,
228001,1856.2,14.1,84.6,55.3,478.0,3081.0,10.0,1,
228101,1858.5,10.3,84.6,55.4,478.0,3081.0,10.0,1,
228201,1858.8,11.1,84.6,55.1,478.0,3081.0,10.0,1,
228301,1857.3,10.0,84.6,54.2,478.0,3081.0,10.0,1,
228501,1858.8,11.8,84.6,133.2,478.0,3081.0,10.0,1,
228601,1858.3,11.7,84.6,150.7,478.0,3081.0,10.0,1,
228701,1859.4,10.8,84.6,165.1,478.0,3081.0,10.0,1,
228801,1858.9,11.3,84.5,139.8,478.0,3081.0,10.0,1,
228901,1858.3,10.2,84.5,135.4,478.0,3081.0,10.0,1,
229001,1872.1,158.9,84.9,36.1,925.0,7301.0,15.0,1,
229101,1827.8,107.8,90.9,35.7,841.0,6178.0,14.0,1,
229201,1861.8,72.5,96.5,38.0,744.0,4987.0,14.0,1,
229301,1867.9,70.0,96.1,44.2,572.0,3869.0,11.0,1,
229501,1862.8,57.2,95.7,55.2,450.0,3039.0,9.0,1,
229601,1845.8,15.2,95.6,56.4,467.0,2997.0,10.0,1,
229701,1859.3,11.1,95.6,72.9,467.0,2997.0,10.0,1,
229801,1858.3,12.6,95.6,65.7,467.0,2997.0,10.0,1,
229901,1858.8,10.9,95.6,41.7,467.0,2997.0,10.0,1,
230001,1859.8,11.2,95.6,122.3,467.0,2997.0,10.0,1,
230101,1858.5,10.4,95.6,177.0,467.0,2997.0,10.0,1,
230201,1859.2,10.7,95.6,178.0,467.0,2997.0,10.0,1,
230301,1859.1,11.2,95.6,164.1,467.0,2997.0,10.0,1,
230501,1859.0,10.6,95.6,177.0,467.0,2997.0,10.0,1,
230601,1857.5,378.0,111.9,35.7,1710.0,7748.0,9.0,1,
230701,1838.2,147.1,137.3,34.7,836.0,5994.0,12.0,1,
230801,1876.0,92.2,136.9,37.9,768.0,5396.0,10.0,1,
230901,1867.9,84.5,137.8,47.8,704.0,4507.0,10.0,1,
231001,1862.8,71.3,136.4,54.6,435.0,2903.0,11.0,1,
231101,1848.9,65.4,136.9,53.3,487.0,3165.0,10.0,1,
231201,1854.3,23.8,136.9,53.1,491.0,3126.0,12.0,1,
231301,1858.8,11.8,137.0,67.8,491.0,3126.0,12.0,1,
231501,1857.3,12.1,136.9,55.6,491.0,3126.0,12.0,1,
231601,1857.5,11.8,137.0,89.9,491.0,3126.0,12.0,1,
231701,1860.2,11.4,137.0,157.1,491.0,3126.0,12.0,1,
231801,1858.5,12.1,137.0,133.2,491.0,3126.0,12.0,1,
231901,1859.4,11.4,137.0,177.9,491.0,3126.0,12.0,1,
232001,1860.0,11.7,137.0,177.7,491.0,3126.0,12.0,1,
232101,1859.0,12.0,137.0,177.7,491.0,3126.0,12.0,1,
232201,1839.8,118.8,128.2,50.6,988.0,8047.0,15.0,1,
232301,1859.9,253.9,88.4,36.6,851.0,6300.0,15.0,1,
232501,1863.6,83.1,99.8,50.7,589.0,4162.0,25.0,0,
232601,1861.6,63.9,100.4,54.2,492.0,3173.0,24.0,1,
232701,1842.3,96.9,100.2,52.1,464.0,3045.0,12.0,1,
232801,1864.2,39.5,100.8,51.6,488.0,3037.0,12.0,1,
232901,1855.8,11.9,100.8,73.2,488.0,3037.0,12.0,1,
233001,1857.5,11.3,100.9,73.1,488.0,3037.0,12.0,1,
233101,1858.4,11.2,100.9,68.8,488.0,3037.0,12.0,1,
233201,1858.0,10.5,100.8,56.4,488.0,3037.0,12.0,1,
233301,1858.4,11.3,100.8,123.8,488.0,3037.0,12.0,1,
233501,1859.0,11.3,100.8,163.2,488.0,3037.0,12.0,1,
233601,1858.8,11.8,100.8,152.9,488.0,3037.0,12.0,1,
233701,1859.0,11.9,100.8,177.4,488.0,3037.0,12.0,1,
233801,1822.9,88.9,100.8,178.6,916.0,7948.0,16.0,1,
233901,1881.5,128.2,101.0,35.3,829.0,6513.0,12.0,1,
234001,1870.4,186.7,77.7,34.4,799.0,5767.0,14.0,1,
234101,1862.7,197.1,116.6,30.2,2096.0,5594.0,7.0,1,
234201,1849.9,66.2,116.9,52.3,540.0,3772.0,11.0,1,
234301,1841.1,66.7,116.7,83.2,615.0,3696.0,12.0,1,
234501,1865.9,13.8,114.8,75.7,615.0,3696.0,12.0,1,
234601,1857.1,11.5,114.8,43.4,615.0,3696.0,12.0,1,
234701,1858.3,11.4,114.8,28.5,615.0,3696.0,12.0,1,
234801,1858.0,13.1,114.8,29.5,615.0,3696.0,12.0,1,
234901,1857.5,11.2,114.8,141.5,615.0,3696.0,12.0,1,
235001,1859.8,11.3,114.8,156.5,615.0,3696.0,12.0,1,
235101,1857.8,11.7,114.8,125.8,615.0,3696.0,12.0,1,
235201,1858.1,12.0,114.8,153.1,615.0,3696.0,12.0,1,
235301,1858.7,11.8,114.8,177.5,615.0,3696.0,12.0,1,
235501,1860.4,119.4,113.8,35.7,874.0,6820.0,12.0,1,
235601,1866.9,63.9,113.4,34.2,773.0,5586.0,11.0,1,
235701,1860.6,59.9,69.9,30.1,701.0,4755.0,10.0,1,
235801,1826.0,205.2,106.7,34.5,2012.0,4917.0,7.0,1,
235901,1862.4,80.9,109.6,53.2,558.0,3505.0,10.0,1,
236001,1865.3,49.1,109.4,71.7,637.0,3581.0,11.0,1,
236101,1862.1,18.1,109.5,132.2,613.0,3536.0,10.0,1,
236201,1860.4,12.1,109.5,134.3,613.0,3536.0,10.0,1,
236301,1858.6,12.3,109.5,54.5,613.0,3536.0,10.0,1,
236501,1857.0,12.8,109.5,117.4,613.0,3536.0,10.0,1,
236601,1859.2,13.1,109.5,152.7,613.0,3536.0,10.0,1,
236701,1858.4,12.4,109.5,142.6,613.0,3536.0,10.0,1,
236801,1859.5,12.8,109.6,135.7,613.0,3536.0,10.0,1,
236901,1858.6,13.5,109.6,155.0,613.0,3536.0,10.0,1,
237001,1858.4,13.2,109.6,177.7,613.0,3536.0,10.0,1,
237101,1876.5,213.1,116.1,40.4,2317.0,8697.0,12.0,1,
237201,1862.6,297.8,133.2,65.8,1996.0,6622.0,11.0,1,
237301,1840.0,288.6,156.4,101.0,1733.0,5431.0,7.0,1,
237501,1869.2,86.2,163.1,265.2,644.0,3931.0,9.0,1,
237601,1862.9,76.8,164.7,245.8,681.0,3798.0,9.0,1,
237701,1858.2,37.1,166.5,171.6,673.0,3833.0,10.0,1,
237801,1859.5,14.1,166.5,83.8,673.0,3833.0,10.0,1,
237901,1857.5,12.9,166.5,54.9,673.0,3833.0,10.0,1,
238001,1860.1,11.7,166.5,54.2,673.0,3833.0,10.0,1,
238101,1857.2,13.5,166.5,54.4,673.0,3833.0,10.0,1,
238201,1859.2,13.2,166.5,137.7,673.0,3833.0,10.0,1,
238301,1859.6,13.2,166.5,132.0,673.0,3833.0,10.0,1,
238501,1858.4,13.5,166.5,195.4,673.0,3833.0,10.0,1,
238601,1858.5,13.0,166.5,178.5,673.0,3833.0,10.0,1,
238701,1876.9,122.9,168.5,41.6,673.0,3833.0,10.0,1,
238801,1858.9,232.1,158.6,37.1,942.0,6194.0,11.0,1,
238901,1837.1,229.5,161.6,36.3,800.0,5006.0,8.0,1,
239001,1855.8,222.1,163.0,40.8,1493.0,4971.0,7.0,1,
239101,1865.4,235.5,163.1,158.7,1276.0,4529.0,7.0,1,
239201,1860.7,231.0,177.1,284.7,1067.0,3961.0,6.0,1,
239301,1861.2,82.9,186.3,297.9,1952.0,4358.0,6.0,1,
239501,1859.6,12.9,186.3,198.4,1952.0,4358.0,6.0,1,
239601,1858.8,13.1,186.3,147.8,1952.0,4358.0,6.0,1,
239701,1857.1,13.2,186.3,80.2,1952.0,4358.0,6.0,1,
239801,1860.4,12.9,186.4,114.6,1952.0,4358.0,6.0,1,
239901,1859.2,13.9,186.4,124.0,1952.0,4358.0,6.0,1,
240001,1858.9,13.4,186.4,178.4,1952.0,4358.0,6.0,1,
240101,1859.6,13.8,186.4,206.8,1952.0,4358.0,6.0,1,
240201,1859.4,13.6,186.4,166.8,1952.0,4358.0,6.0,1,
240301,1858.7,184.6,186.3,178.1,1952.0,4358.0,6.0,1,
240501,1836.9,214.0,195.1,71.6,858.0,4826.0,10.0,1,
240601,1869.7,222.5,190.9,138.8,806.0,4065.0,6.0,1,
240701,1861.5,212.9,190.5,235.3,568.0,3496.0,6.0,1,
240801,1857.7,167.0,188.2,285.7,1894.0,4596.0,8.0,1,
240901,1855.8,96.2,179.1,263.6,605.0,3549.0,10.0,1,
241001,1863.3,18.3,179.5,219.6,605.0,3549.0,10.0,1,
241101,1859.6,13.4,179.5,158.8,605.0,3549.0,10.0,1,
241201,1858.5,12.1,179.5,74.3,605.0,3549.0,10.0,1,
241301,1857.6,12.2,179.5,55.0,605.0,3549.0,10.0,1,
241501,1859.5,12.6,179.5,175.1,605.0,3549.0,10.0,1,
241601,1860.0,12.2,179.5,159.0,605.0,3549.0,10.0,1,
241701,1858.8,13.0,179.4,176.8,605.0,3549.0,10.0,1,
241801,1859.5,12.1,179.4,178.7,605.0,3549.0,10.0,1,
241901,1859.7,12.7,179.4,232.5,605.0,3549.0,10.0,1,
242001,1833.5,307.7,179.2,43.8,2290.0,8935.0,11.0,1,
242101,1865.6,251.8,179.5,67.9,723.0,5016.0,10.0,1,
242201,1873.8,258.4,183.5,124.5,570.0,4073.0,7.0,1,
242301,1867.1,217.5,183.3,211.0,1240.0,4355.0,7.0,1,
242501,1833.2,71.4,170.2,220.1,476.0,2965.0,12.0,1,
242601,1876.5,26.2,170.2,199.1,511.0,3165.0,10.0,1,
242701,1859.1,12.9,170.2,105.8,511.0,3165.0,10.0,1,
242801,1858.3,12.0,170.2,54.7,511.0,3165.0,10.0,1,
242901,1857.9,12.8,170.1,53.2,511.0,3165.0,10.0,1,
243001,1856.6,12.8,170.1,54.6,511.0,3165.0,10.0,1,
243101,1861.1,13.2,170.2,178.2,511.0,3165.0,10.0,1,
243201,1858.5,13.8,170.1,177.0,511.0,3165.0,10.0,1,
243301,1858.9,12.9,170.2,204.5,511.0,3165.0,10.0,1,
243501,1858.9,13.3,170.2,176.8,511.0,3165.0,10.0,1,
243601,1827.3,195.5,169.9,65.9,1779.0,8152.0,12.0,1,
243701,1884.9,250.4,166.3,68.2,1895.0,6833.0,8.0,1,
243801,1869.7,255.8,164.6,77.1,2043.0,5966.0,8.0,1,
243901,1864.4,223.5,161.1,158.3,2020.0,4989.0,7.0,1,
244001,1839.6,71.5,163.7,253.2,588.0,3832.0,10.0,1,
244101,1844.7,64.9,163.2,232.2,548.0,3258.0,12.0,1,
244201,1878.3,42.8,163.5,170.7,599.0,3471.0,12.0,1,
244301,1857.5,15.7,163.5,109.6,599.0,3471.0,12.0,1,
244501,1858.4,12.2,163.5,56.0,599.0,3471.0,12.0,1,
244601,1856.9,13.9,163.5,56.6,599.0,3471.0,12.0,1,
244701,1858.9,13.4,163.5,184.2,599.0,3471.0,12.0,1,
244801,1858.6,13.2,163.5,176.8,599.0,3471.0,12.0,1,
244901,1859.4,12.9,163.5,177.0,599.0,3471.0,12.0,1,
245001,1858.8,13.3,163.5,170.8,599.0,3471.0,12.0,1,
245101,1859.2,13.0,163.5,178.5,599.0,3471.0,12.0,1,
245201,1832.2,221.0,160.7,50.0,2052.0,8195.0,12.0,1,
245301,1887.8,246.0,161.3,71.8,1641.0,6461.0,8.0,1,
245501,1861.3,266.7,164.6,139.5,1166.0,4554.0,11.0,1,
245601,1840.1,106.3,165.5,245.7,2012.0,4984.0,21.0,1,
245701,1859.5,73.7,166.3,251.5,455.0,2854.0,11.0,1,
245801,1863.4,44.4,164.9,199.5,544.0,3189.0,10.0,1,
245901,1863.0,15.6,165.0,117.0,544.0,3189.0,10.0,1,
246001,1858.3,12.8,165.0,54.9,544.0,3189.0,10.0,1,
246101,1858.8,12.0,165.1,29.8,544.0,3189.0,10.0,1,
246201,1857.0,13.2,165.0,29.3,544.0,3189.0,10.0,1,
246301,1858.9,12.0,165.0,123.1,544.0,3189.0,10.0,1,
246501,1859.0,12.9,165.1,163.2,544.0,3189.0,10.0,1,
246601,1859.2,12.2,165.1,172.0,544.0,3189.0,10.0,1,
246701,1859.3,12.6,165.1,168.7,544.0,3189.0,10.0,1,
246801,1858.8,15.0,165.0,176.8,544.0,3189.0,10.0,1,
246901,1866.0,180.4,149.0,36.3,1045.0,6817.0,12.0,1,
247001,1864.2,224.3,144.3,35.5,815.0,4973.0,17.0,1,
247101,1846.5,211.5,135.3,50.9,679.0,4143.0,6.0,1,
247201,1841.8,230.5,134.8,158.2,559.0,3554.0,7.0,1,
247301,1868.5,112.8,148.4,232.7,1887.0,4370.0,7.0,1,
247501,1862.1,19.0,149.9,163.8,643.0,3489.0,9.0,1,
247601,1861.8,12.3,149.9,135.9,643.0,3489.0,9.0,1,
247701,1856.0,11.9,149.9,70.1,643.0,3489.0,9.0,1,
247801,1854.6,11.2,149.9,52.5,643.0,3489.0,9.0,1,
247901,1856.7,11.2,149.8,89.2,643.0,3489.0,9.0,1,
248001,1860.0,11.8,149.8,146.3,643.0,3489.0,9.0,1,
248101,1860.5,11.0,149.8,123.4,643.0,3489.0,9.0,1,
248201,1859.6,11.8,149.8,116.9,643.0,3489.0,9.0,1,
248301,1859.6,11.3,149.8,122.4,643.0,3489.0,9.0,1,
248501,1867.3,242.8,150.5,40.1,1159.0,8810.0,16.0,1,
248601,1853.9,274.0,158.3,29.9,988.0,5949.0,11.0,1,
248701,1834.9,277.4,166.2,34.7,1362.0,4809.0,7.0,1,
248801,1864.8,248.9,169.4,106.8,1301.0,4139.0,6.0,1,
248901,1866.4,183.3,171.9,226.2,1734.0,4268.0,5.0,1,
249001,1860.0,115.2,172.5,251.4,591.0,3408.0,16.0,1,
249101,1865.5,26.1,172.7,158.7,529.0,3040.0,10.0,1,
249201,1856.5,13.2,172.6,130.6,529.0,3040.0,10.0,1,
249301,1855.2,10.3,172.6,76.9,529.0,3040.0,10.0,1,
249501,1857.8,10.3,172.6,73.3,529.0,3040.0,10.0,1,
249601,1858.6,9.7,172.6,132.6,529.0,3040.0,10.0,1,
249701,1858.8,10.9,172.6,134.1,529.0,3040.0,10.0,1,
249801,1858.5,10.6,172.5,133.0,529.0,3040.0,10.0,1,
249901,1858.2,10.3,172.5,138.7,529.0,3040.0,10.0,1,
250001,1858.4,10.1,172.5,152.4,529.0,3040.0,10.0,1,
250101,1875.0,115.4,172.6,55.4,1088.0,8886.0,16.0,1,
250201,1831.1,323.4,171.0,30.3,2162.0,7344.0,7.0,1,
250301,1850.9,257.9,174.0,30.1,1940.0,5941.0,6.0,1,
250501,1865.8,281.0,172.3,201.7,1347.0,3942.0,6.0,1,
250601,1863.4,201.7,178.7,266.3,1905.0,4066.0,6.0,1,
250701,1858.0,49.2,184.0,253.5,632.0,3413.0,8.0,1,
250801,1853.8,12.6,184.0,196.0,632.0,3413.0,8.0,1,
250901,1857.9,12.1,184.1,186.9,632.0,3413.0,8.0,1,
251001,1855.1,12.6,184.0,167.8,632.0,3413.0,8.0,1,
251101,1853.5,11.9,184.0,135.2,632.0,3413.0,8.0,1,
251201,1857.2,10.8,184.0,125.6,632.0,3413.0,8.0,1,
251301,1858.6,11.3,184.0,177.2,632.0,3413.0,8.0,1,
251501,1858.8,11.6,184.0,123.1,632.0,3413.0,8.0,1,
251601,1858.9,11.0,184.0,117.1,632.0,3413.0,8.0,1,
251701,1849.8,81.9,184.0,122.4,632.0,3413.0,8.0,1,
251801,1839.9,250.9,184.9,30.2,1472.0,7444.0,10.0,1,
251901,1877.8,225.0,179.7,29.7,2109.0,6169.0,8.0,1,
252001,1868.0,199.6,178.0,42.2,2064.0,5468.0,7.0,1,
252101,1863.3,255.7,171.3,136.9,1762.0,4686.0,7.0,1,
252201,1858.4,142.4,164.6,232.0,1320.0,3803.0,7.0,1,
252301,1831.5,139.9,166.5,264.7,1341.0,3802.0,7.0,1,
252501,1856.3,6.9,166.4,253.7,1341.0,3802.0,7.0,1,
252601,1856.0,7.2,166.3,206.0,1341.0,3802.0,7.0,1,
252701,1855.3,6.7,166.3,164.2,1341.0,3802.0,7.0,1,
252801,1857.4,5.8,166.3,175.1,1341.0,3802.0,7.0,1,
252901,1857.3,5.4,166.3,124.8,1341.0,3802.0,7.0,1,
253001,1857.9,5.6,166.2,145.8,1341.0,3802.0,7.0,1,
253101,1857.5,5.2,166.2,148.9,1341.0,3802.0,7.0,1,
253201,1858.1,6.2,166.1,135.5,1341.0,3802.0,7.0,1,
253301,1852.3,9.9,166.0,132.0,1341.0,3802.0,7.0,1,
253501,1887.4,157.3,154.0,35.6,1033.0,5264.0,8.0,1,
253601,1869.3,176.2,151.6,57.0,936.0,4331.0,7.0,1,
253701,1855.0,181.4,148.2,176.0,922.0,3541.0,7.0,1,
253801,1843.2,181.8,142.4,243.7,889.0,3503.0,7.0,1,
253901,1844.5,52.5,140.8,254.6,907.0,3650.0,7.0,1,
254001,1874.0,20.0,140.3,234.8,791.0,3381.0,6.0,1,
254101,1860.6,4.5,140.3,215.3,791.0,3381.0,6.0,1,
254201,1862.3,4.8,140.4,221.2,791.0,3381.0,6.0,1,
254301,1860.7,4.6,140.5,187.5,791.0,3381.0,6.0,1,
254501,1860.1,4.7,140.6,99.5,791.0,3381.0,6.0,1,
254601,1858.6,7.7,140.6,133.3,791.0,3381.0,6.0,1,
254701,1853.5,10.8,140.5,124.5,791.0,3381.0,6.0,1,
254801,1850.4,10.4,140.4,103.7,791.0,3381.0,6.0,1,
254901,1855.7,5.7,140.5,98.6,791.0,3381.0,6.0,1,
255001,1829.5,119.7,139.6,43.2,1114.0,8347.0,15.0,1,
255101,1878.5,144.4,139.2,35.5,1052.0,5325.0,8.0,1,
255201,1868.4,98.7,136.6,41.2,974.0,4662.0,7.0,1,
255301,1861.8,78.9,135.2,131.5,863.0,3747.0,7.0,1,
255501,1865.2,88.9,132.8,266.3,883.0,3493.0,7.0,1,
255601,1863.0,49.3,138.3,266.4,807.0,3434.0,6.0,1,
255701,1858.3,8.0,138.3,244.4,807.0,3434.0,6.0,1,
255801,1857.0,6.0,138.2,215.1,807.0,3434.0,6.0,1,
255901,1860.4,5.0,138.2,190.0,807.0,3434.0,6.0,1,
256001,1866.9,7.3,138.3,177.1,807.0,3434.0,6.0,1,
256101,1861.2,11.2,138.4,81.0,807.0,3434.0,6.0,1,
256201,1857.9,5.7,138.4,67.4,807.0,3434.0,6.0,1,
256301,1870.3,13.3,138.6,55.3,807.0,3434.0,6.0,1,
256501,1868.9,8.2,139.0,91.6,807.0,3434.0,6.0,1,
256601,1825.1,90.7,136.7,173.1,909.0,7875.0,16.0,1,
256701,1882.0,98.1,133.0,34.9,1122.0,7475.0,12.0,1,
256801,1864.3,46.9,119.4,30.1,1072.0,6210.0,10.0,1,
256901,1832.3,159.0,128.8,30.0,2181.0,5666.0,7.0,1,
257001,1851.2,126.3,135.5,66.7,2110.0,5119.0,7.0,1,
257101,1874.3,166.7,140.4,148.5,1305.0,4270.0,7.0,1,
257201,1861.5,99.1,146.7,201.5,812.0,3271.0,7.0,1,
257301,1855.6,10.4,146.7,214.9,812.0,3271.0,7.0,1,
257501,1858.6,5.3,146.7,203.9,812.0,3271.0,7.0,1,
257601,1856.2,9.8,146.6,217.2,812.0,3271.0,7.0,1,
257701,1854.6,12.3,146.5,66.3,812.0,3271.0,7.0,1,
257801,1856.8,14.8,146.5,101.9,812.0,3271.0,7.0,1,
257901,1858.3,14.1,146.5,116.8,812.0,3271.0,7.0,1,
258001,1858.8,12.1,146.4,122.9,812.0,3271.0,7.0,1,
258101,1859.1,13.4,146.3,136.1,812.0,3271.0,7.0,1,
258201,1859.8,15.7,146.4,238.6,812.0,3271.0,7.0,1,
258301,1873.5,117.2,147.1,36.4,1127.0,8076.0,14.0,1,
258501,1833.8,147.6,141.8,34.8,925.0,4304.0,8.0,1,
258601,1875.3,211.1,143.9,47.7,1945.0,4858.0,6.0,1,
258701,1865.6,181.7,141.4,214.6,1809.0,4486.0,6.0,1,
258801,1861.8,185.2,136.0,200.6,1704.0,4344.0,6.0,1,
258901,1851.2,21.6,135.1,231.5,802.0,3251.0,6.0,1,
259001,1859.9,13.0,135.2,212.7,802.0,3251.0,6.0,1,
259101,1861.7,12.3,135.3,159.1,802.0,3251.0,6.0,1,
259201,1859.7,13.7,135.3,163.1,802.0,3251.0,6.0,1,
259301,1859.9,14.3,135.4,189.3,802.0,3251.0,6.0,1,
259501,1859.1,13.1,135.5,237.9,802.0,3251.0,6.0,1,
259601,1859.4,14.8,135.5,239.0,802.0,3251.0,6.0,1,
259701,1859.3,13.0,135.5,238.5,802.0,3251.0,6.0,1,
259801,1858.5,13.5,135.5,186.8,802.0,3251.0,6.0,1,
259901,1863.4,149.9,136.9,38.2,1138.0,9086.0,15.0,1,
260001,1835.6,233.4,140.2,35.1,888.0,6484.0,11.0,1,
260101,1846.4,215.2,157.8,30.2,800.0,4395.0,7.0,1,
260201,1873.8,211.9,156.5,56.0,909.0,3768.0,6.0,1,
260301,1862.7,220.2,160.2,150.8,801.0,3331.0,6.0,1,
260501,1857.5,37.5,161.4,202.9,637.0,2905.0,7.0,1,
260601,1859.8,14.6,161.4,221.5,637.0,2905.0,7.0,1,
260701,1864.1,13.9,161.5,204.2,637.0,2905.0,7.0,1,
260801,1861.3,14.3,161.5,187.0,637.0,2905.0,7.0,1,
260901,1858.3,12.7,161.5,157.7,637.0,2905.0,7.0,1,
261001,1859.1,13.3,161.4,183.5,637.0,2905.0,7.0,1,
261101,1859.6,14.3,161.4,178.5,637.0,2905.0,7.0,1,
261201,1858.7,13.7,161.4,215.8,637.0,2905.0,7.0,1,
261301,1858.7,13.9,161.4,232.4,637.0,2905.0,7.0,1,
261501,1854.1,174.2,161.7,53.6,1099.0,9283.0,16.0,1,
261601,1831.9,139.6,162.2,34.5,895.0,7188.0,14.0,1,
261701,1868.7,213.5,160.5,30.1,592.0,4106.0,10.0,1,
261801,1871.6,229.3,162.0,35.8,508.0,3671.0,6.0,1,
261901,1869.7,232.0,161.3,166.6,972.0,3537.0,6.0,1,
262001,1844.0,248.4,165.4,253.9,1718.0,4007.0,6.0,1,
262101,1868.4,92.2,165.6,296.2,422.0,2486.0,6.0,1,
262201,1855.3,17.1,165.6,277.6,422.0,2486.0,6.0,1,
262301,1861.2,13.6,165.6,252.1,422.0,2486.0,6.0,1,
262501,1858.0,13.0,165.5,110.7,422.0,2486.0,6.0,1,
262601,1857.9,13.4,165.5,239.1,422.0,2486.0,6.0,1,
262701,1857.7,13.3,165.5,237.4,422.0,2486.0,6.0,1,
262801,1858.9,13.4,165.5,199.8,422.0,2486.0,6.0,1,
262901,1859.3,14.7,165.5,177.0,422.0,2486.0,6.0,1,
263001,1859.3,13.8,165.5,177.3,422.0,2486.0,6.0,1,
263101,1841.1,109.8,165.4,198.7,422.0,2486.0,6.0,1,
263201,1847.3,140.6,163.7,36.3,963.0,7630.0,15.0,1,
263301,1878.8,294.0,168.6,34.9,2027.0,5669.0,16.0,1,
263501,1859.1,217.7,179.0,66.7,1470.0,3950.0,6.0,1,
263601,1839.0,70.3,171.6,85.3,536.0,3290.0,15.0,1,
263701,1850.3,61.8,159.7,124.5,631.0,3186.0,10.0,1,
263801,1872.2,16.9,159.0,116.8,631.0,3186.0,10.0,1,
263901,1860.1,13.6,159.0,74.9,631.0,3186.0,10.0,1,
264001,1859.2,13.3,159.0,56.8,631.0,3186.0,10.0,1,
264101,1858.5,14.7,159.0,56.4,631.0,3186.0,10.0,1,
264201,1858.6,14.0,159.1,157.6,631.0,3186.0,10.0,1,
264301,1858.1,14.1,159.1,178.7,631.0,3186.0,10.0,1,
264501,1858.6,14.6,159.1,211.0,631.0,3186.0,10.0,1,
264601,1858.5,14.9,159.1,237.9,631.0,3186.0,10.0,1,
264701,1858.9,15.8,159.1,200.9,631.0,3186.0,10.0,1,
264801,1835.3,220.8,160.0,35.7,1428.0,7875.0,11.0,1,
264901,1881.3,173.3,172.2,34.8,2141.0,7748.0,10.0,1,
265001,1865.3,294.8,160.3,42.6,856.0,4132.0,10.0,1,
265101,1851.8,88.6,149.6,57.1,584.0,3796.0,15.0,1,
265201,1844.8,95.6,141.5,52.4,561.0,3456.0,10.0,1,
265301,1862.2,82.5,141.6,57.3,566.0,3292.0,10.0,1,
265501,1859.8,13.7,141.9,57.5,566.0,3292.0,10.0,1,
265601,1859.6,14.6,141.9,54.4,566.0,3292.0,10.0,1,
265701,1858.6,14.6,141.9,52.8,566.0,3292.0,10.0,1,
265801,1858.9,14.8,141.9,77.0,566.0,3292.0,10.0,1,
265901,1858.9,15.9,141.9,188.1,566.0,3292.0,10.0,1,
266001,1859.2,15.2,141.9,237.6,566.0,3292.0,10.0,1,
266101,1858.9,14.7,141.9,240.0,566.0,3292.0,10.0,1,
266201,1859.0,15.9,141.9,239.4,566.0,3292.0,10.0,1,
266301,1858.6,14.7,141.9,238.2,566.0,3292.0,10.0,1,
266501,1877.3,271.2,134.6,34.5,2068.0,7196.0,15.0,1,
266601,1861.7,176.9,149.5,36.1,1977.0,5634.0,13.0,1,
266701,1844.1,69.3,127.8,57.0,640.0,3790.0,10.0,1,
266801,1848.2,66.6,127.9,106.8,656.0,3519.0,10.0,1,
266901,1862.9,83.9,127.9,114.3,532.0,2867.0,10.0,1,
267001,1869.3,24.8,127.5,72.1,635.0,3143.0,10.0,1,
267101,1859.3,15.1,127.5,69.0,635.0,3143.0,10.0,1,
267201,1859.0,13.5,127.5,57.1,635.0,3143.0,10.0,1,
267301,1858.5,13.3,127.5,54.7,635.0,3143.0,10.0,1,
267501,1858.8,14.3,127.5,176.8,635.0,3143.0,10.0,1,
267601,1859.2,14.2,127.5,178.2,635.0,3143.0,10.0,1,
267701,1859.0,15.1,127.4,177.1,635.0,3143.0,10.0,1,
267801,1858.5,14.6,127.5,178.7,635.0,3143.0,10.0,1,
267901,1858.9,14.6,127.4,204.7,635.0,3143.0,10.0,1,
268001,1856.8,111.1,126.3,85.2,994.0,7943.0,18.0,1,
268101,1864.7,366.8,127.6,30.2,2056.0,6146.0,13.0,1,
268201,1836.0,223.1,142.4,30.1,2025.0,4893.0,15.0,1,
268301,1846.4,87.2,142.8,56.7,665.0,3795.0,9.0,1,
268501,1866.5,43.5,141.0,157.6,538.0,2682.0,10.0,1,
268601,1864.8,36.1,139.9,104.3,639.0,3043.0,10.0,1,
268701,1856.5,14.1,139.9,56.5,639.0,3043.0,10.0,1,
268801,1858.8,13.6,139.9,29.5,639.0,3043.0,10.0,1,
268901,1858.1,14.8,139.9,29.7,639.0,3043.0,10.0,1,
269001,1858.9,14.4,139.9,34.6,639.0,3043.0,10.0,1,
269101,1858.9,14.4,139.9,178.6,639.0,3043.0,10.0,1,
269201,1858.9,16.0,139.9,177.1,639.0,3043.0,10.0,1,
269301,1859.4,14.4,139.9,178.5,639.0,3043.0,10.0,1,
269501,1858.7,14.5,139.9,152.4,639.0,3043.0,10.0,1,
269601,1858.7,12.9,139.9,147.3,639.0,3043.0,10.0,1,
269701,1870.2,132.9,131.0,38.2,972.0,6710.0,17.0,1,
269801,1834.6,112.6,89.0,35.9,680.0,4253.0,18.0,1,
269901,1859.3,258.0,80.7,35.5,1009.0,3822.0,19.0,1,
270001,1864.3,235.9,109.0,43.7,1887.0,3967.0,17.0,1,
270101,1866.3,52.0,120.4,155.7,593.0,3009.0,9.0,1,
270201,1861.8,44.2,120.6,201.7,609.0,3188.0,9.0,1,
270301,1849.7,16.5,120.6,201.5,613.0,2832.0,10.0,1,
270501,1857.0,14.1,120.6,67.0,613.0,2832.0,10.0,1,
270601,1859.1,14.6,120.6,35.7,613.0,2832.0,10.0,1,
270701,1860.1,15.3,120.6,117.7,613.0,2832.0,10.0,1,
270801,1859.9,13.8,120.6,177.4,613.0,2832.0,10.0,1,
270901,1859.5,14.9,120.6,203.1,613.0,2832.0,10.0,1,
271001,1860.2,15.4,120.6,174.2,613.0,2832.0,10.0,1,
271101,1858.1,14.4,120.6,124.0,613.0,2832.0,10.0,1,
271201,1858.4,14.4,120.6,116.5,613.0,2832.0,10.0,1,
271301,1857.0,142.3,120.3,40.7,841.0,5918.0,19.0,1,
271501,1863.0,145.9,119.0,34.7,1159.0,3763.0,15.0,1,
271601,1865.4,95.5,116.9,34.9,1951.0,4334.0,15.0,1,
271701,1864.4,70.0,99.9,165.1,632.0,3389.0,10.0,1,
271801,1849.5,89.1,100.5,189.1,542.0,2859.0,10.0,1,
271901,1857.7,22.4,101.8,147.0,582.0,2780.0,10.0,1,
272001,1860.1,13.7,101.8,75.0,582.0,2780.0,10.0,1,
272101,1858.9,14.4,101.8,71.4,582.0,2780.0,10.0,1,
272201,1858.9,15.5,101.8,65.9,582.0,2780.0,10.0,1,
272301,1859.8,13.2,101.8,77.7,582.0,2780.0,10.0,1,
272501,1859.3,14.4,101.8,168.2,582.0,2780.0,10.0,1,
272601,1858.8,15.1,101.8,164.5,582.0,2780.0,10.0,1,
272701,1859.2,14.4,101.8,136.1,582.0,2780.0,10.0,1,
272801,1859.2,16.2,101.8,116.7,582.0,2780.0,10.0,1,
272901,1840.9,135.8,101.6,52.3,871.0,6403.0,18.0,1,
273001,1854.1,114.9,101.1,34.7,680.0,4355.0,17.0,1,
273101,1864.7,186.1,122.7,30.2,1955.0,4741.0,14.0,1,
273201,1863.6,115.3,104.4,52.3,669.0,3608.0,10.0,1,
273301,1861.7,97.2,103.7,156.0,698.0,3429.0,10.0,1,
273501,1870.4,25.1,102.6,74.9,587.0,2777.0,10.0,1,
273601,1856.0,14.6,102.6,72.1,587.0,2777.0,10.0,1,
273701,1856.6,14.0,102.6,55.9,587.0,2777.0,10.0,1,
273801,1855.8,14.0,102.7,29.6,587.0,2777.0,10.0,1,
273901,1857.2,14.3,102.7,44.9,587.0,2777.0,10.0,1,
274001,1857.1,15.2,102.7,188.9,587.0,2777.0,10.0,1,
274101,1858.7,14.7,102.7,201.2,587.0,2777.0,10.0,1,
274201,1859.4,14.7,102.7,239.6,587.0,2777.0,10.0,1,
274301,1859.2,15.8,102.7,239.3,587.0,2777.0,10.0,1,
274501,1815.3,115.7,102.8,239.6,1071.0,9249.0,16.0,1,
274601,1884.3,126.3,104.6,36.8,964.0,7103.0,14.0,1,
274701,1878.1,90.8,91.4,35.3,751.0,5132.0,19.0,1,
274801,1864.1,281.2,89.0,35.1,1934.0,5074.0,6.0,1,
274901,1844.1,243.4,119.6,66.1,1947.0,4595.0,6.0,1,
275001,1846.1,211.5,135.1,185.9,1829.0,4286.0,6.0,1,
275101,1872.1,172.6,149.7,242.7,402.0,2270.0,6.0,1,
275201,1865.7,22.3,151.0,266.1,402.0,2270.0,6.0,1,
275301,1857.8,14.8,151.0,243.5,402.0,2270.0,6.0,1,
275501,1857.0,15.2,151.0,147.9,402.0,2270.0,6.0,1,
275601,1858.1,13.8,151.1,43.5,402.0,2270.0,6.0,1,
275701,1858.7,15.2,151.1,227.0,402.0,2270.0,6.0,1,
275801,1859.2,15.5,151.1,239.5,402.0,2270.0,6.0,1,
275901,1858.7,14.6,151.1,237.0,402.0,2270.0,6.0,1,
276001,1858.5,14.9,151.1,230.3,402.0,2270.0,6.0,1,
276101,1858.3,15.2,151.0,239.0,402.0,2270.0,6.0,1,
276201,1854.5,128.4,149.2,36.7,996.0,7578.0,14.0,1,
276301,1868.8,211.3,153.2,35.1,1328.0,5449.0,7.0,1,
276501,1842.9,179.7,161.2,85.4,878.0,3473.0,6.0,1,
276601,1862.6,212.4,164.3,202.1,806.0,3270.0,6.0,1,
276701,1867.2,150.7,161.3,263.7,1483.0,3841.0,6.0,1,
276801,1857.3,23.2,157.5,254.0,541.0,2717.0,7.0,1,
276901,1858.6,13.8,157.5,233.8,541.0,2717.0,7.0,1,
277001,1857.8,14.2,157.5,226.9,541.0,2717.0,7.0,1,
277101,1858.7,13.7,157.6,226.8,541.0,2717.0,7.0,1,
277201,1859.0,13.9,157.6,225.8,541.0,2717.0,7.0,1,
277301,1858.8,14.1,157.6,177.9,541.0,2717.0,7.0,1,
277501,1858.5,13.7,157.6,151.3,541.0,2717.0,7.0,1,
277601,1859.2,14.3,157.6,177.0,541.0,2717.0,7.0,1,
277701,1858.4,13.6,157.6,177.5,541.0,2717.0,7.0,1,
277801,1859.2,138.2,157.3,41.2,1029.0,8163.0,18.0,1,
277901,1862.3,202.8,158.3,34.9,830.0,5589.0,18.0,1,
278001,1848.9,231.4,160.2,30.2,544.0,3441.0,14.0,1,
278101,1848.4,199.3,158.4,65.5,426.0,2958.0,6.0,1,
278201,1866.5,214.4,159.0,212.3,713.0,3179.0,6.0,1,
278301,1863.5,180.8,161.8,265.6,618.0,2686.0,6.0,1,
278501,1859.3,15.4,164.7,266.2,618.0,2686.0,6.0,1,
278601,1857.5,13.7,164.7,235.1,618.0,2686.0,6.0,1,
278701,1857.0,14.4,164.6,164.3,618.0,2686.0,6.0,1,
278801,1859.1,14.1,164.6,83.6,618.0,2686.0,6.0,1,
278901,1857.8,14.2,164.6,177.0,618.0,2686.0,6.0,1,
279001,1858.6,15.0,164.6,209.4,618.0,2686.0,6.0,1,
279101,1859.1,14.5,164.6,210.6,618.0,2686.0,6.0,1,
279201,1859.1,14.3,164.6,220.9,618.0,2686.0,6.0,1,
279301,1858.3,15.0,164.6,186.8,618.0,2686.0,6.0,1,
279501,1854.2,125.3,163.5,35.3,907.0,6214.0,17.0,1,
279601,1821.2,281.0,162.4,34.9,1977.0,5676.0,15.0,1,
279701,1872.1,249.6,167.1,37.9,2009.0,5178.0,6.0,1,
279801,1870.0,167.6,165.0,154.2,1072.0,3815.0,7.0,1,
279901,1868.4,213.8,161.1,203.6,1897.0,4347.0,6.0,1,
280001,1860.3,77.5,162.0,213.4,539.0,2702.0,7.0,1,
280101,1855.7,17.0,162.1,241.3,539.0,2702.0,7.0,1,
280201,1859.2,14.4,162.1,227.2,539.0,2702.0,7.0,1,
280301,1858.7,14.5,162.1,209.2,539.0,2702.0,7.0,1,
280501,1857.3,14.5,162.1,178.6,539.0,2702.0,7.0,1,
280601,1857.2,13.8,162.1,197.6,539.0,2702.0,7.0,1,
280701,1857.0,13.3,162.0,199.6,539.0,2702.0,7.0,1,
280801,1857.5,13.2,162.0,209.7,539.0,2702.0,7.0,1,
280901,1859.3,13.0,162.0,237.8,539.0,2702.0,7.0,1,
281001,1859.2,38.3,162.0,238.0,539.0,2702.0,7.0,1,
281101,1854.0,216.4,165.3,36.9,1410.0,7391.0,15.0,1,
281201,1838.4,180.1,167.9,35.4,1025.0,5201.0,8.0,1,
281301,1879.0,209.6,162.0,73.2,2013.0,5578.0,6.0,1,
281501,1857.4,178.3,151.4,243.8,1564.0,4039.0,6.0,1,
281601,1849.6,158.7,151.0,234.3,1370.0,4114.0,6.0,1,
281701,1862.8,20.6,151.5,234.0,795.0,3379.0,7.0,1,
281801,1859.3,14.3,151.4,202.8,795.0,3379.0,7.0,1,
281901,1858.8,14.1,151.4,149.9,795.0,3379.0,7.0,1,
282001,1859.9,14.4,151.4,123.9,795.0,3379.0,7.0,1,
282101,1859.3,13.8,151.4,194.6,795.0,3379.0,7.0,1,
282201,1859.2,13.6,151.5,239.3,795.0,3379.0,7.0,1,
282301,1859.0,14.6,151.5,237.5,795.0,3379.0,7.0,1,
282501,1858.3,13.0,151.5,219.1,795.0,3379.0,7.0,1,
282601,1859.2,14.4,151.5,117.5,795.0,3379.0,7.0,1,
282701,1836.8,196.1,149.8,38.5,981.0,7723.0,18.0,1,
282801,1862.8,255.1,157.9,35.0,1039.0,4650.0,8.0,1,
282901,1866.6,210.9,162.8,45.5,852.0,4134.0,6.0,1,
283001,1860.9,218.9,169.2,125.9,718.0,3086.0,6.0,1,
283101,1858.6,236.7,171.7,219.0,632.0,3205.0,6.0,1,
283201,1841.8,179.4,173.7,265.4,555.0,2729.0,6.0,1,
283301,1876.2,31.6,173.2,262.8,585.0,2737.0,6.0,1,
283501,1858.1,14.9,173.2,219.6,585.0,2737.0,6.0,1,
283601,1861.6,14.5,173.3,175.3,585.0,2737.0,6.0,1,
283701,1860.2,14.0,173.3,132.4,585.0,2737.0,6.0,1,
283801,1860.2,14.5,173.3,239.3,585.0,2737.0,6.0,1,
283901,1860.1,14.2,173.3,239.7,585.0,2737.0,6.0,1,
284001,1859.4,14.3,173.3,239.7,585.0,2737.0,6.0,1,
284101,1859.3,15.0,173.3,238.8,585.0,2737.0,6.0,1,
284201,1859.7,13.8,173.3,190.3,585.0,2737.0,6.0,1,
284301,1826.5,128.1,173.0,48.1,960.0,6153.0,18.0,1,
284501,1875.9,259.3,172.9,37.9,787.0,3859.0,14.0,1,
284601,1861.8,259.0,167.3,125.4,1353.0,4419.0,7.0,1,
284701,1845.4,230.0,168.8,213.8,1427.0,4344.0,7.0,1,
284801,1841.1,199.5,169.6,253.7,1971.0,4356.0,7.0,1,
284901,1884.4,52.1,170.7,254.1,542.0,2679.0,7.0,1,
285001,1858.0,16.9,170.6,262.7,542.0,2679.0,7.0,1,
285101,1860.2,13.8,170.6,245.0,542.0,2679.0,7.0,1,
285201,1859.4,15.2,170.6,221.3,542.0,2679.0,7.0,1,
285301,1859.8,15.2,170.6,219.9,542.0,2679.0,7.0,1,
285501,1858.9,14.3,170.6,122.5,542.0,2679.0,7.0,1,
285601,1859.5,14.2,170.6,118.0,542.0,2679.0,7.0,1,
285701,1859.9,13.9,170.6,99.4,542.0,2679.0,7.0,1,
285801,1859.2,15.9,170.6,79.8,542.0,2679.0,7.0,1,
285901,1832.5,77.0,169.1,92.2,766.0,5538.0,19.0,1,
286001,1881.3,229.5,167.4,36.8,2144.0,5887.0,14.0,1,
286101,1869.2,282.9,167.0,42.6,1873.0,5213.0,14.0,1,
286201,1860.8,182.2,162.1,136.3,1657.0,4339.0,6.0,1,
286301,1832.9,154.1,162.9,215.4,1416.0,3900.0,7.0,1,
286501,1864.3,100.2,163.5,242.2,624.0,2781.0,7.0,1,
286601,1860.0,17.4,163.6,253.3,624.0,2781.0,7.0,1,
286701,1859.7,15.2,163.6,227.4,624.0,2781.0,7.0,1,
286801,1858.4,15.9,163.6,203.7,624.0,2781.0,7.0,1,
286901,1859.7,13.6,163.6,174.5,624.0,2781.0,7.0,1,
287001,1859.1,16.3,163.6,68.0,624.0,2781.0,7.0,1,
287101,1858.8,16.5,163.6,99.7,624.0,2781.0,7.0,1,
287201,1858.8,14.9,163.6,82.6,624.0,2781.0,7.0,1,
287301,1858.6,16.7,163.5,78.8,624.0,2781.0,7.0,1,
287501,1859.1,15.7,163.5,68.9,624.0,2781.0,7.0,1,
287601,1861.8,216.5,162.9,39.4,1322.0,4810.0,14.0,1,
287701,1859.0,195.5,161.7,41.6,1073.0,4216.0,14.0,1,
287801,1848.5,209.3,164.5,87.0,775.0,3542.0,7.0,1,
287901,1846.8,179.7,169.8,166.7,752.0,3081.0,7.0,1,
288001,1865.5,185.1,172.2,203.0,1457.0,3697.0,7.0,1,
288101,1860.9,146.6,170.5,235.0,1236.0,3245.0,7.0,1,
288201,1857.1,23.4,170.5,264.7,562.0,2525.0,7.0,1,
288301,1858.9,16.0,170.5,254.0,562.0,2525.0,7.0,1,
288501,1858.5,15.5,170.4,216.8,562.0,2525.0,7.0,1,
288601,1858.4,15.6,170.4,183.8,562.0,2525.0,7.0,1,
288701,1858.3,14.8,170.4,177.0,562.0,2525.0,7.0,1,
288801,1858.3,15.4,170.4,177.6,562.0,2525.0,7.0,1,
288901,1858.9,16.7,170.4,168.0,562.0,2525.0,7.0,1,
289001,1859.1,15.0,170.4,132.2,562.0,2525.0,7.0,1,
289101,1858.0,13.5,170.4,116.2,562.0,2525.0,7.0,1,
289201,1859.8,168.8,171.8,42.7,898.0,6056.0,18.0,1,
289301,1855.5,288.3,172.9,35.3,525.0,4096.0,13.0,1,
289501,1867.1,188.8,165.9,137.3,704.0,3122.0,6.0,1,
289601,1862.5,204.1,166.6,217.7,599.0,2859.0,6.0,1,
289701,1859.1,194.3,166.3,264.7,496.0,2548.0,6.0,1,
289801,1864.5,37.6,166.3,254.6,550.0,2553.0,7.0,1,
289901,1859.6,15.3,166.3,253.5,550.0,2553.0,7.0,1,
290001,1859.0,15.9,166.3,229.3,550.0,2553.0,7.0,1,
290101,1858.2,13.1,166.3,205.0,550.0,2553.0,7.0,1,
290201,1860.3,14.9,166.3,117.9,550.0,2553.0,7.0,1,
290301,1858.6,15.3,166.3,114.4,550.0,2553.0,7.0,1,
290501,1859.1,15.6,166.4,122.3,550.0,2553.0,7.0,1,
290601,1858.4,17.4,166.4,116.7,550.0,2553.0,7.0,1,
290701,1857.8,15.9,166.3,109.3,550.0,2553.0,7.0,1,
290801,1868.7,93.1,165.4,74.1,780.0,5430.0,18.0,1,
290901,1832.2,277.8,163.4,34.8,2042.0,5471.0,14.0,1,
291001,1855.9,142.9,158.0,35.6,1682.0,4612.0,14.0,1,
291101,1870.2,181.0,160.6,124.3,1726.0,4650.0,7.0,1,
291201,1861.8,202.8,160.3,201.0,1750.0,4330.0,7.0,1,
291301,1860.5,224.7,154.3,233.3,1985.0,4224.0,7.0,1,
291501,1854.7,17.8,160.0,266.7,1985.0,4224.0,7.0,1,
291601,1858.1,16.2,159.9,228.5,1985.0,4224.0,7.0,1,
291701,1855.4,14.8,159.9,169.4,1985.0,4224.0,7.0,1,
291801,1857.2,16.0,159.9,113.5,1985.0,4224.0,7.0,1,
291901,1858.4,15.8,159.9,213.7,1985.0,4224.0,7.0,1,
292001,1859.3,15.6,159.9,237.7,1985.0,4224.0,7.0,1,
292101,1859.1,16.1,159.9,226.8,1985.0,4224.0,7.0,1,
292201,1858.7,16.2,159.9,239.4,1985.0,4224.0,7.0,1,
292301,1858.7,15.2,159.9,239.5,1985.0,4224.0,7.0,1,
292501,1845.9,181.3,161.3,39.6,1062.0,6182.0,14.0,1,
292601,1877.3,222.9,157.2,36.2,1833.0,5224.0,6.0,1,
292701,1867.9,190.2,158.1,73.1,1553.0,4230.0,6.0,1,
292801,1863.5,172.6,158.3,138.7,1154.0,3456.0,6.0,1,
292901,1859.3,170.4,158.4,201.5,1174.0,3478.0,6.0,1,
293001,1838.3,132.7,160.8,254.6,981.0,3198.0,6.0,1,
293101,1875.6,21.0,160.7,266.0,543.0,2545.0,7.0,1,
293201,1859.7,15.0,160.8,236.4,543.0,2545.0,7.0,1,
293301,1858.6,16.1,160.8,197.2,543.0,2545.0,7.0,1,
293501,1860.2,14.8,160.9,201.1,543.0,2545.0,7.0,1,
293601,1859.5,15.3,160.9,178.5,543.0,2545.0,7.0,1,
293701,1859.2,15.1,160.9,174.4,543.0,2545.0,7.0,1,
293801,1860.1,14.8,160.9,167.6,543.0,2545.0,7.0,1,
293901,1859.3,15.3,160.9,195.3,543.0,2545.0,7.0,1,
294001,1859.3,16.0,160.9,155.3,543.0,2545.0,7.0,1,
294101,1839.4,159.4,157.9,43.1,880.0,5521.0,18.0,1,
294201,1875.6,227.9,161.3,37.5,896.0,4172.0,8.0,1,
294301,1866.1,184.4,161.0,80.7,645.0,3341.0,7.0,1,
294501,1852.0,202.7,163.9,234.4,517.0,2704.0,6.0,1,
294601,1849.7,149.3,162.1,265.4,471.0,2503.0,6.0,1,
294701,1876.6,26.0,162.2,265.0,459.0,2361.0,7.0,1,
294801,1859.3,15.6,162.2,254.2,459.0,2361.0,7.0,1,
294901,1854.8,15.0,162.1,226.9,459.0,2361.0,7.0,1,
295001,1857.4,14.5,162.1,173.9,459.0,2361.0,7.0,1,
295101,1857.6,15.7,162.0,111.5,459.0,2361.0,7.0,1,
295201,1858.0,15.1,162.0,133.8,459.0,2361.0,7.0,1,
295301,1859.3,14.5,162.0,132.7,459.0,2361.0,7.0,1,
295501,1859.3,15.0,162.0,184.4,459.0,2361.0,7.0,1,
295601,1859.2,14.9,162.0,178.0,459.0,2361.0,7.0,1,
295701,1827.9,150.4,162.5,44.0,1019.0,7709.0,18.0,1,
295801,1893.0,161.9,163.8,30.0,905.0,5180.0,10.0,1,
295901,1869.8,226.6,159.8,34.3,1258.0,4435.0,7.0,1,
296001,1847.8,265.7,159.0,89.3,1741.0,4617.0,6.0,1,
296101,1841.8,226.9,161.6,220.9,1986.0,4631.0,7.0,1,
296201,1876.1,194.8,162.5,246.4,768.0,2756.0,6.0,1,
296301,1872.4,54.0,165.8,253.6,553.0,2629.0,7.0,1,
296501,1859.5,14.6,165.9,217.9,553.0,2629.0,7.0,1,
296601,1860.3,14.8,165.9,124.7,553.0,2629.0,7.0,1,
296701,1860.2,13.8,166.0,37.7,553.0,2629.0,7.0,1,
296801,1860.4,14.1,166.0,176.8,553.0,2629.0,7.0,1,
296901,1860.8,14.9,166.1,177.4,553.0,2629.0,7.0,1,
297001,1860.4,14.3,166.1,212.8,553.0,2629.0,7.0,1,
297101,1860.7,13.8,166.1,209.9,553.0,2629.0,7.0,1,
297201,1860.3,15.0,166.1,195.6,553.0,2629.0,7.0,1,
297301,1849.4,86.9,163.1,236.6,873.0,6700.0,17.0,1,
297501,1858.7,89.2,148.3,35.9,814.0,4783.0,17.0,1,
297601,1840.2,150.2,141.4,36.2,1297.0,3855.0,7.0,1,
297701,1857.3,142.1,141.0,67.2,1006.0,3469.0,7.0,1,
297801,1873.9,174.1,142.4,204.3,2028.0,4404.0,7.0,1,
297901,1860.2,106.0,140.2,231.4,676.0,2731.0,7.0,1,
298001,1858.4,17.4,140.3,231.6,676.0,2731.0,7.0,1,
298101,1858.8,14.4,140.2,189.9,676.0,2731.0,7.0,1,
298201,1856.5,13.5,140.2,106.6,676.0,2731.0,7.0,1,
298301,1858.4,14.7,140.2,39.9,676.0,2731.0,7.0,1,
298501,1858.9,11.8,140.1,149.6,676.0,2731.0,7.0,1,
298601,1859.8,12.6,140.1,142.1,676.0,2731.0,7.0,1,
298701,1860.6,13.0,140.1,135.9,676.0,2731.0,7.0,1,
298801,1859.3,12.5,140.1,199.4,676.0,2731.0,7.0,1,
298901,1860.7,13.2,140.1,220.6,676.0,2731.0,7.0,1,
299001,1872.1,121.3,143.1,37.6,1041.0,7795.0,19.0,1,
299101,1848.3,191.7,143.2,35.8,948.0,5697.0,12.0,1,
299201,1836.8,81.8,153.0,35.9,1068.0,4307.0,8.0,1,
299301,1879.6,180.2,147.9,68.7,975.0,3612.0,7.0,1,
299501,1856.9,151.4,143.9,231.6,948.0,3541.0,7.0,1,
299601,1863.0,21.4,144.9,158.6,804.0,3243.0,7.0,1,
299701,1860.2,12.4,144.9,147.5,804.0,3243.0,7.0,1,
299801,1861.0,12.2,144.9,141.3,804.0,3243.0,7.0,1,
299901,1861.2,13.0,145.0,87.5,804.0,3243.0,7.0,1,
300001,1863.4,13.9,145.0,43.3,804.0,3243.0,7.0,1,
300101,1861.1,12.8,145.1,205.9,804.0,3243.0,7.0,1,
300201,1861.7,12.7,145.1,177.1,804.0,3243.0,7.0,1,
300301,1860.6,11.8,145.1,132.2,804.0,3243.0,7.0,1,
300501,1860.7,12.8,145.1,238.0,804.0,3243.0,7.0,1,
300601,1871.0,139.3,143.3,38.5,990.0,7403.0,18.0,1,
300701,1832.9,123.8,143.2,35.3,839.0,5433.0,18.0,1,
300801,1857.1,144.3,144.0,34.8,2044.0,5341.0,16.0,1,
300901,1867.2,58.2,137.1,66.6,549.0,3069.0,22.0,1,
301001,1866.8,49.0,121.7,189.6,635.0,3195.0,10.0,1,
301101,1862.5,39.4,101.3,186.5,573.0,2670.0,10.0,1,
301201,1856.2,23.3,98.2,100.3,600.0,2828.0,11.0,1,
301301,1861.3,13.3,98.2,75.7,600.0,2828.0,11.0,1,
301501,1859.5,12.2,98.2,72.6,600.0,2828.0,11.0,1,
301601,1860.5,12.5,98.2,72.2,600.0,2828.0,11.0,1,
301701,1860.2,12.3,98.2,158.4,600.0,2828.0,11.0,1,
301801,1860.2,11.7,98.2,177.0,600.0,2828.0,11.0,1,
301901,1860.5,12.4,98.2,199.0,600.0,2828.0,11.0,1,
302001,1860.3,12.1,98.2,137.6,600.0,2828.0,11.0,1,
302101,1860.0,11.8,98.2,134.0,600.0,2828.0,11.0,1,
302201,1865.2,157.2,101.6,41.7,600.0,2828.0,11.0,1,
302301,1841.3,158.3,106.5,37.5,1265.0,5044.0,14.0,1,
302501,1864.0,295.2,139.5,93.9,1792.0,3965.0,18.0,1,
302601,1864.6,282.6,157.9,231.0,1424.0,3378.0,13.0,1,
302701,1848.2,75.3,168.3,264.9,1514.0,3563.0,6.0,1,
302801,1866.7,44.6,168.4,241.5,629.0,3050.0,11.0,1,
302901,1856.2,14.8,168.4,184.6,629.0,3050.0,11.0,1,
303001,1859.7,12.1,168.4,136.6,629.0,3050.0,11.0,1,
303101,1860.2,12.3,168.4,76.4,629.0,3050.0,11.0,1,
303201,1860.3,12.4,168.4,72.5,629.0,3050.0,11.0,1,
303301,1859.9,11.6,168.4,123.9,629.0,3050.0,11.0,1,
303501,1860.0,12.8,168.4,178.6,629.0,3050.0,11.0,1,
303601,1860.0,11.4,168.4,195.1,629.0,3050.0,11.0,1,
303701,1860.5,11.3,168.4,171.8,629.0,3050.0,11.0,1,
303801,1847.4,141.1,167.7,108.7,629.0,3050.0,11.0,1,
303901,1858.0,113.5,165.9,40.0,846.0,4861.0,18.0,1,
304001,1871.6,97.5,152.6,38.7,662.0,3608.0,19.0,1,
304101,1867.1,51.9,131.8,39.7,654.0,3894.0,24.0,1,
304201,1862.5,119.9,104.2,37.2,688.0,3634.0,21.0,1,
304301,1849.8,91.7,81.4,34.5,643.0,3094.0,10.0,1,
304501,1871.3,15.5,82.3,125.4,643.0,3094.0,10.0,1,
304601,1860.8,12.9,82.3,76.9,643.0,3094.0,10.0,1,
304701,1860.1,12.2,82.3,66.8,643.0,3094.0,10.0,1,
304801,1860.0,11.5,82.3,56.9,643.0,3094.0,10.0,1,
304901,1860.4,12.6,82.3,91.7,643.0,3094.0,10.0,1,
305001,1859.9,12.6,82.3,143.6,643.0,3094.0,10.0,1,
305101,1860.1,11.7,82.3,142.5,643.0,3094.0,10.0,1,
305201,1860.2,12.1,82.3,118.0,643.0,3094.0,10.0,1,
305301,1860.3,12.9,82.3,106.4,643.0,3094.0,10.0,1,
305501,1842.5,104.9,75.6,39.1,905.0,5356.0,17.0,1,
305601,1877.6,86.7,76.5,36.0,749.0,4148.0,18.0,1,
305701,1862.0,280.4,94.6,35.5,2014.0,4479.0,14.0,1,
305801,1842.7,65.3,111.8,66.7,579.0,3245.0,10.0,1,
305901,1849.5,61.7,107.9,163.5,623.0,3257.0,10.0,1,
306001,1869.9,45.8,106.0,167.1,577.0,2831.0,11.0,1,
306101,1861.5,17.0,104.3,106.4,557.0,2665.0,11.0,1,
306201,1860.5,12.6,104.3,69.5,557.0,2665.0,11.0,1,
306301,1860.3,11.2,104.3,52.2,557.0,2665.0,11.0,1,
306501,1859.8,11.5,104.3,117.8,557.0,2665.0,11.0,1,
306601,1860.5,11.4,104.3,176.9,557.0,2665.0,11.0,1,
306701,1860.3,11.9,104.3,122.9,557.0,2665.0,11.0,1,
306801,1860.4,11.6,104.3,156.3,557.0,2665.0,11.0,1,
306901,1860.3,10.0,104.3,196.6,557.0,2665.0,11.0,1,
307001,1860.1,11.6,104.2,172.0,557.0,2665.0,11.0,1,
307101,1856.5,171.4,106.3,35.8,1296.0,6230.0,14.0,1,
307201,1872.0,196.9,127.7,37.3,1105.0,4459.0,14.0,1,
307301,1856.1,187.2,137.2,90.8,882.0,3406.0,15.0,1,
307501,1861.2,177.2,146.7,265.8,559.0,2750.0,6.0,1,
307601,1862.7,177.6,158.9,269.7,912.0,2841.0,7.0,1,
307701,1858.0,60.5,170.2,296.0,267.0,2110.0,7.0,1,
307801,1860.2,14.3,170.2,266.4,267.0,2110.0,7.0,1,
307901,1860.7,13.5,170.2,232.6,267.0,2110.0,7.0,1,
308001,1860.9,12.6,170.2,212.4,267.0,2110.0,7.0,1,
308101,1860.3,11.6,170.2,197.8,267.0,2110.0,7.0,1,
308201,1860.8,13.6,170.2,136.6,267.0,2110.0,7.0,1,
308301,1860.2,12.9,170.2,117.2,267.0,2110.0,7.0,1,
308501,1860.7,14.4,170.3,100.4,267.0,2110.0,7.0,1,
308601,1859.8,12.5,170.3,92.3,267.0,2110.0,7.0,1,
308701,1856.0,145.0,169.4,75.8,833.0,5619.0,18.0,1,
308801,1867.0,244.9,170.8,35.5,639.0,3773.0,13.0,1,
308901,1845.8,235.5,168.6,56.3,1540.0,4520.0,15.0,1,
309001,1845.1,220.3,170.1,136.9,1556.0,4064.0,8.0,1,
309101,1866.0,189.1,172.1,220.3,386.0,2504.0,7.0,1,
309201,1864.5,213.4,172.7,253.0,587.0,2714.0,6.0,1,
309301,1862.9,130.2,172.5,254.3,308.0,2308.0,6.0,1,
309501,1860.7,12.3,172.6,234.6,308.0,2308.0,6.0,1,
309601,1860.1,12.2,172.5,213.2,308.0,2308.0,6.0,1,
309701,1860.3,13.0,172.5,178.4,308.0,2308.0,6.0,1,
309801,1859.9,12.6,172.5,90.0,308.0,2308.0,6.0,1,
309901,1860.1,12.4,172.5,177.4,308.0,2308.0,6.0,1,
310001,1861.0,12.9,172.5,122.4,308.0,2308.0,6.0,1,
310101,1860.5,11.5,172.5,99.7,308.0,2308.0,6.0,1,
310201,1859.5,12.0,172.5,92.6,308.0,2308.0,6.0,1,
310301,1860.5,16.8,172.5,116.4,308.0,2308.0,6.0,1,
310501,1829.9,96.0,153.5,36.5,739.0,4316.0,11.0,1,
310601,1869.0,162.6,144.4,35.6,1839.0,4203.0,8.0,1,
310701,1866.6,197.1,143.3,66.7,1914.0,4094.0,7.0,1,
310801,1867.0,235.8,144.2,220.0,1722.0,3865.0,7.0,1,
310901,1858.8,87.2,137.5,254.3,739.0,2555.0,7.0,1,
311001,1851.7,16.2,133.0,253.9,582.0,2605.0,10.0,1,
311101,1860.8,11.9,133.0,210.1,582.0,2605.0,10.0,1,
311201,1860.6,11.7,133.0,159.0,582.0,2605.0,10.0,1,
311301,1860.5,10.9,133.0,103.9,582.0,2605.0,10.0,1,
311501,1860.9,12.7,133.0,116.5,582.0,2605.0,10.0,1,
311601,1860.2,10.6,132.9,110.6,582.0,2605.0,10.0,1,
311701,1860.2,11.3,132.9,122.4,582.0,2605.0,10.0,1,
311801,1860.6,13.0,132.9,155.1,582.0,2605.0,10.0,1,
311901,1860.3,11.3,132.9,147.3,582.0,2605.0,10.0,1,
312001,1851.2,119.9,133.0,41.4,984.0,5894.0,17.0,1,
312101,1847.9,133.9,133.4,36.4,771.0,4264.0,17.0,1,
312201,1866.8,205.9,151.3,36.5,994.0,3505.0,7.0,1,
312301,1865.2,175.7,151.8,83.1,842.0,3031.0,7.0,1,
312501,1850.8,94.6,143.1,213.1,623.0,2830.0,11.0,1,
312601,1863.3,16.5,143.7,203.2,655.0,3032.0,10.0,1,
312701,1860.8,12.4,143.7,201.7,655.0,3032.0,10.0,1,
312801,1860.8,11.2,143.7,132.8,655.0,3032.0,10.0,1,
312901,1860.3,12.4,143.7,77.3,655.0,3032.0,10.0,1,
313001,1860.5,12.3,143.7,73.4,655.0,3032.0,10.0,1,
313101,1860.2,12.7,143.7,123.9,655.0,3032.0,10.0,1,
313201,1860.9,12.1,143.7,104.7,655.0,3032.0,10.0,1,
313301,1860.2,12.9,143.7,86.2,655.0,3032.0,10.0,1,
313501,1860.2,11.7,143.7,125.1,655.0,3032.0,10.0,1,
313601,1827.9,93.4,143.3,53.9,821.0,5395.0,18.0,1,
313701,1870.4,143.7,154.2,36.0,2067.0,5278.0,14.0,1,
313801,1872.5,129.2,136.7,56.9,701.0,3812.0,18.0,1,
313901,1868.1,281.8,140.8,134.7,1116.0,3531.0,7.0,1,
314001,1866.7,237.3,135.0,140.4,1878.0,4092.0,8.0,1,
314101,1827.5,136.2,148.7,153.9,2030.0,4187.0,7.0,1,
314201,1886.1,53.7,152.7,216.4,1002.0,2947.0,7.0,1,
314301,1858.8,14.2,152.7,231.2,1002.0,2947.0,7.0,1,
314501,1860.7,12.4,152.7,141.1,1002.0,2947.0,7.0,1,
314601,1860.4,11.0,152.7,94.3,1002.0,2947.0,7.0,1,
314701,1860.1,12.3,152.7,123.6,1002.0,2947.0,7.0,1,
314801,1860.6,11.6,152.7,102.5,1002.0,2947.0,7.0,1,
314901,1860.3,11.8,152.7,84.7,1002.0,2947.0,7.0,1,
315001,1860.2,12.3,152.7,104.4,1002.0,2947.0,7.0,1,
315101,1860.5,13.2,152.7,100.1,1002.0,2947.0,7.0,1,
315201,1838.0,57.9,152.8,89.1,831.0,5603.0,17.0,1,
315301,1879.2,210.7,151.8,37.0,1878.0,5164.0,14.0,1,
315501,1861.7,172.5,163.2,107.1,1371.0,3846.0,7.0,1,
315601,1848.5,154.9,163.2,200.7,956.0,3191.0,7.0,1,
315701,1851.6,140.0,163.3,253.6,959.0,3003.0,7.0,1,
315801,1867.7,108.1,164.9,265.3,477.0,2181.0,7.0,1,
315901,1862.5,16.3,164.9,265.8,477.0,2181.0,7.0,1,
316001,1860.6,13.3,164.9,240.6,477.0,2181.0,7.0,1,
316101,1859.9,12.2,164.9,201.8,477.0,2181.0,7.0,1,
316201,1859.6,12.7,164.8,123.9,477.0,2181.0,7.0,1,
316301,1859.8,14.9,164.8,106.6,477.0,2181.0,7.0,1,
316501,1859.8,12.4,164.8,84.1,477.0,2181.0,7.0,1,
316601,1860.4,12.4,164.8,92.3,477.0,2181.0,7.0,1,
316701,1859.9,12.1,164.8,107.7,477.0,2181.0,7.0,1,
316801,1859.6,12.6,164.8,100.1,477.0,2181.0,7.0,1,
316901,1858.3,102.4,162.7,50.8,827.0,4791.0,18.0,1,
317001,1865.2,164.3,148.5,36.6,866.0,4567.0,12.0,1,
317101,1856.8,204.6,147.3,36.0,462.0,2776.0,7.0,1,
317201,1843.0,221.1,146.7,125.1,492.0,2884.0,7.0,1,
317301,1865.3,186.0,147.7,228.7,707.0,2853.0,7.0,1,
317501,1866.7,26.6,144.6,244.4,439.0,2358.0,7.0,1,
317601,1860.2,13.4,144.6,232.5,439.0,2358.0,7.0,1,
317701,1859.5,11.5,144.6,190.1,439.0,2358.0,7.0,1,
317801,1858.6,10.9,144.5,93.5,439.0,2358.0,7.0,1,
317901,1855.3,10.5,144.5,40.9,439.0,2358.0,7.0,1,
318001,1857.6,10.7,144.4,177.4,439.0,2358.0,7.0,1,
318101,1859.8,13.1,144.4,136.2,439.0,2358.0,7.0,1,
318201,1863.1,12.0,144.4,118.0,439.0,2358.0,7.0,1,
318301,1860.8,14.0,144.5,100.7,439.0,2358.0,7.0,1,
318501,1873.9,240.5,146.8,84.4,2117.0,6512.0,13.0,1,
318601,1857.4,144.6,159.4,137.4,2139.0,5893.0,9.0,1,
318701,1838.2,171.1,164.0,165.8,1944.0,5101.0,8.0,1,
318801,1856.2,159.6,160.5,202.6,2015.0,5164.0,7.0,1,
318901,1876.0,166.2,160.8,213.5,2051.0,5081.0,7.0,1,
319001,1861.1,166.7,161.7,231.5,2225.0,5294.0,7.0,1,
319101,1854.1,48.3,164.0,232.4,752.0,3179.0,7.0,1,
319201,1859.8,15.3,164.0,213.0,752.0,3179.0,7.0,1,
319301,1861.7,13.7,164.0,159.2,752.0,3179.0,7.0,1,
319501,1860.3,12.3,164.1,46.0,752.0,3179.0,7.0,1,
319601,1860.7,13.7,164.2,235.8,752.0,3179.0,7.0,1,
319701,1860.7,11.6,164.2,196.2,752.0,3179.0,7.0,1,
319801,1859.8,12.1,164.2,189.0,752.0,3179.0,7.0,1,
319901,1860.8,12.9,164.2,178.6,752.0,3179.0,7.0,1,
320001,1860.6,12.6,164.2,177.8,752.0,3179.0,7.0,1,
320101,1875.3,144.2,161.9,68.3,1258.0,5119.0,14.0,1,
320201,1851.4,204.2,163.3,109.4,1002.0,4252.0,14.0,1,
320301,1838.2,201.2,164.2,159.1,846.0,3886.0,8.0,1,
320501,1862.7,186.5,163.6,227.0,1178.0,3836.0,7.0,1,
320601,1862.0,219.8,168.5,233.4,1209.0,3878.0,7.0,1,
320701,1858.2,94.4,167.2,245.4,846.0,3498.0,7.0,1,
320801,1856.4,16.8,167.2,226.7,846.0,3498.0,7.0,1,
320901,1860.6,13.5,167.2,170.7,846.0,3498.0,7.0,1,
321001,1861.5,12.0,167.2,109.0,846.0,3498.0,7.0,1,
321101,1860.3,11.9,167.2,45.2,846.0,3498.0,7.0,1,
321201,1860.7,11.0,167.2,154.2,846.0,3498.0,7.0,1,
321301,1860.1,11.2,167.2,146.0,846.0,3498.0,7.0,1,
321501,1860.2,11.2,167.1,177.7,846.0,3498.0,7.0,1,
321601,1860.6,11.3,167.1,197.9,846.0,3498.0,7.0,1,
321701,1860.5,108.2,167.0,177.6,846.0,3498.0,7.0,1,
321801,1853.5,193.3,162.5,71.2,1102.0,5554.0,13.0,1,
321901,1849.3,203.0,163.2,130.4,1791.0,5236.0,14.0,1,
322001,1868.2,209.8,167.9,158.5,567.0,3035.0,8.0,1,
322101,1864.2,252.6,172.9,225.6,548.0,3125.0,6.0,1,
322201,1862.5,228.6,168.9,254.4,732.0,3355.0,8.0,1,
322301,1850.1,201.8,166.3,253.1,1213.0,3740.0,7.0,1,
322501,1861.6,13.3,167.3,200.6,1213.0,3740.0,7.0,1,
322601,1861.6,11.6,167.3,157.9,1213.0,3740.0,7.0,1,
322701,1860.8,11.1,167.3,101.0,1213.0,3740.0,7.0,1,
322801,1860.1,11.4,167.3,100.6,1213.0,3740.0,7.0,1,
322901,1861.0,11.7,167.3,148.4,1213.0,3740.0,7.0,1,
323001,1860.8,10.9,167.4,143.2,1213.0,3740.0,7.0,1,
323101,1859.9,12.0,167.4,165.4,1213.0,3740.0,7.0,1,
323201,1860.9,10.9,167.4,174.3,1213.0,3740.0,7.0,1,
323301,1860.3,11.1,167.4,150.8,1213.0,3740.0,7.0,1,
323501,1871.3,75.4,156.8,35.5,899.0,4635.0,17.0,1,
323601,1871.1,206.2,147.7,35.2,1966.0,4510.0,15.0,1,
323701,1866.3,270.0,142.2,67.7,2028.0,4525.0,7.0,1,
323801,1848.9,268.6,145.5,205.6,1766.0,4204.0,7.0,1,
323901,1842.8,121.6,151.7,230.1,1707.0,3877.0,7.0,1,
324001,1876.1,35.0,152.7,245.2,611.0,2634.0,7.0,1,
324101,1861.3,14.1,152.7,229.6,611.0,2634.0,7.0,1,
324201,1861.3,12.2,152.7,200.5,611.0,2634.0,7.0,1,
324301,1860.2,11.9,152.7,163.6,611.0,2634.0,7.0,1,
324501,1860.6,11.7,152.7,199.9,611.0,2634.0,7.0,1,
324601,1860.5,11.6,152.7,148.1,611.0,2634.0,7.0,1,
324701,1860.7,11.9,152.8,139.6,611.0,2634.0,7.0,1,
324801,1860.8,11.5,152.8,138.7,611.0,2634.0,7.0,1,
324901,1860.4,11.9,152.8,122.9,611.0,2634.0,7.0,1,
325001,1840.3,92.7,152.0,48.7,920.0,5748.0,17.0,1,
325101,1873.9,156.1,152.1,37.3,1396.0,4427.0,14.0,1,
325201,1868.7,228.5,166.4,41.9,1138.0,4230.0,8.0,1,
325301,1860.3,213.9,164.0,130.8,936.0,3542.0,7.0,1,
325501,1858.4,127.8,150.4,200.3,776.0,3343.0,7.0,1,
325601,1866.9,38.5,148.6,212.4,746.0,3007.0,8.0,1,
325701,1859.0,14.2,148.6,232.2,746.0,3007.0,8.0,1,
325801,1861.5,13.1,148.6,220.1,746.0,3007.0,8.0,1,
325901,1860.9,12.5,148.6,225.8,746.0,3007.0,8.0,1,
326001,1860.4,11.9,148.6,226.9,746.0,3007.0,8.0,1,
326101,1860.0,12.9,148.6,177.3,746.0,3007.0,8.0,1,
326201,1860.5,12.9,148.6,151.0,746.0,3007.0,8.0,1,
326301,1860.4,12.3,148.6,154.8,746.0,3007.0,8.0,1,
326501,1860.5,12.5,148.6,176.9,746.0,3007.0,8.0,1,
326601,1833.6,86.9,147.1,177.9,895.0,5950.0,17.0,1,
326701,1884.3,217.5,160.0,55.2,593.0,3946.0,13.0,1,
326801,1868.2,238.0,155.1,115.4,649.0,3772.0,9.0,1,
326901,1852.2,113.4,155.4,177.7,1123.0,4423.0,8.0,1,
327001,1835.5,112.3,156.4,201.8,1921.0,4793.0,8.0,1,
327101,1875.8,119.1,159.3,200.6,828.0,3443.0,7.0,1,
327201,1864.2,76.1,160.9,214.3,742.0,3174.0,7.0,1,
327301,1858.2,17.2,160.9,212.3,742.0,3174.0,7.0,1,
327501,1860.5,12.7,160.9,220.9,742.0,3174.0,7.0,1,
327601,1860.3,13.1,160.9,230.6,742.0,3174.0,7.0,1,
327701,1860.8,12.5,160.9,172.8,742.0,3174.0,7.0,1,
327801,1860.5,12.3,160.9,198.6,742.0,3174.0,7.0,1,
327901,1859.9,12.7,160.9,178.1,742.0,3174.0,7.0,1,
328001,1861.2,12.8,160.9,178.0,742.0,3174.0,7.0,1,
328101,1860.5,13.0,160.9,168.6,742.0,3174.0,7.0,1,
328201,1859.7,12.8,160.9,199.3,742.0,3174.0,7.0,1,
328301,1873.0,261.5,162.2,30.2,2118.0,6314.0,14.0,1,
328501,1834.9,148.0,156.4,111.8,1514.0,4354.0,7.0,1,
328601,1861.8,194.4,162.1,189.2,1287.0,3734.0,6.0,1,
328701,1871.1,175.9,164.0,261.7,2128.0,4657.0,7.0,1,
328801,1861.3,154.0,164.6,233.8,1976.0,4561.0,7.0,1,
328901,1850.3,22.2,163.9,201.6,728.0,3085.0,7.0,1,
329001,1861.0,13.6,163.9,201.7,728.0,3085.0,7.0,1,
329101,1860.5,13.7,163.9,218.8,728.0,3085.0,7.0,1,
329201,1861.0,12.6,163.9,231.3,728.0,3085.0,7.0,1,
329301,1860.5,12.3,163.9,233.1,728.0,3085.0,7.0,1,
329501,1861.0,12.7,163.9,177.1,728.0,3085.0,7.0,1,
329601,1860.3,12.7,163.9,185.2,728.0,3085.0,7.0,1,
329701,1860.5,14.5,163.9,164.1,728.0,3085.0,7.0,1,
329801,1860.7,12.9,163.9,133.4,728.0,3085.0,7.0,1,
329901,1867.5,202.7,162.8,37.8,877.0,4984.0,13.0,1,
330001,1854.2,200.3,158.3,34.4,805.0,3714.0,13.0,1,
330101,1842.3,201.0,164.0,66.0,561.0,3507.0,13.0,1,
330201,1875.0,115.4,158.6,153.6,938.0,3989.0,8.0,1,
330301,1865.5,194.9,158.5,211.9,888.0,3579.0,7.0,1,
330501,1856.0,39.2,158.3,234.3,720.0,3166.0,7.0,1,
330601,1859.8,16.3,158.2,188.5,720.0,3166.0,7.0,1,
330701,1861.3,15.2,158.3,158.6,720.0,3166.0,7.0,1,
330801,1859.9,14.0,158.3,186.9,720.0,3166.0,7.0,1,
330901,1859.7,14.9,158.3,198.3,720.0,3166.0,7.0,1,
331001,1859.7,14.0,158.2,137.0,720.0,3166.0,7.0,1,
331101,1860.5,13.8,158.2,147.1,720.0,3166.0,7.0,1,
331201,1860.3,14.5,158.2,123.1,720.0,3166.0,7.0,1,
331301,1860.7,12.7,158.3,123.8,720.0,3166.0,7.0,1,
331501,1863.6,87.9,157.0,76.1,924.0,6140.0,16.0,1,
331601,1832.3,220.1,156.1,52.9,1718.0,5352.0,14.0,1,
331701,1867.1,137.9,156.6,77.1,763.0,3772.0,8.0,1,
331801,1873.1,127.9,158.7,139.0,786.0,3826.0,8.0,1,
331901,1865.5,103.1,157.7,189.7,951.0,3791.0,8.0,1,
332001,1861.6,127.9,153.8,202.9,1870.0,4486.0,8.0,1,
332101,1856.3,67.0,153.1,254.6,719.0,3184.0,7.0,1,
332201,1856.5,16.3,153.1,253.4,719.0,3184.0,7.0,1,
332301,1861.3,13.7,153.1,204.3,719.0,3184.0,7.0,1,
332501,1860.4,13.7,153.1,163.2,719.0,3184.0,7.0,1,
332601,1860.2,14.6,153.1,138.1,719.0,3184.0,7.0,1,
332701,1860.5,15.3,153.1,154.1,719.0,3184.0,7.0,1,
332801,1860.6,14.7,153.1,134.8,719.0,3184.0,7.0,1,
332901,1860.2,14.1,153.1,116.7,719.0,3184.0,7.0,1,
333001,1859.7,14.9,153.1,113.6,719.0,3184.0,7.0,1,
333101,1849.3,63.6,153.1,122.3,719.0,3184.0,7.0,1,
333201,1851.8,147.3,151.7,43.4,1134.0,4950.0,13.0,1,
333301,1875.6,213.6,154.3,67.1,2039.0,5119.0,9.0,1,
333501,1857.5,175.3,154.7,200.8,1498.0,3863.0,7.0,1,
333601,1847.6,176.5,163.9,219.3,1251.0,3657.0,7.0,1,
333701,1846.1,136.2,166.7,232.4,1036.0,3023.0,7.0,1,
333801,1878.3,21.8,166.9,240.8,513.0,2456.0,7.0,1,
333901,1860.5,15.7,166.9,232.7,513.0,2456.0,7.0,1,
334001,1860.9,14.1,166.9,202.7,513.0,2456.0,7.0,1,
334101,1859.7,15.0,166.9,125.6,513.0,2456.0,7.0,1,
334201,1859.7,14.6,166.9,177.4,513.0,2456.0,7.0,1,
334301,1860.4,13.8,166.9,123.8,513.0,2456.0,7.0,1,
334501,1860.4,14.8,166.9,151.1,513.0,2456.0,7.0,1,
334601,1860.9,15.5,166.9,137.9,513.0,2456.0,7.0,1,
334701,1860.1,14.8,166.9,130.4,513.0,2456.0,7.0,1,
334801,1843.3,171.7,167.1,44.5,956.0,4747.0,13.0,1,
334901,1879.2,210.5,164.3,34.2,855.0,3922.0,13.0,1,
335001,1865.0,231.6,164.8,70.5,591.0,3385.0,13.0,1,
335101,1857.8,80.6,160.2,131.0,726.0,3423.0,8.0,1,
335201,1839.3,184.5,155.7,169.9,763.0,3287.0,8.0,1,
335301,1870.3,173.6,153.7,231.8,611.0,3005.0,8.0,1,
335501,1861.6,15.8,155.8,188.7,611.0,3005.0,8.0,1,
335601,1860.2,14.8,155.8,130.2,611.0,3005.0,8.0,1,
335701,1859.3,13.6,155.8,43.4,611.0,3005.0,8.0,1,
335801,1860.2,13.2,155.8,37.5,611.0,3005.0,8.0,1,
335901,1860.2,14.9,155.7,157.2,611.0,3005.0,8.0,1,
336001,1859.5,14.2,155.7,135.9,611.0,3005.0,8.0,1,
336101,1860.4,13.5,155.7,123.8,611.0,3005.0,8.0,1,
336201,1860.3,14.9,155.7,153.4,611.0,3005.0,8.0,1,
336301,1859.8,14.8,155.7,156.7,611.0,3005.0,8.0,1,
336501,1874.8,73.3,146.7,39.8,903.0,4402.0,17.0,1,
336601,1862.5,259.9,137.7,39.9,1859.0,4876.0,15.0,1,
336701,1841.9,289.0,145.2,77.8,2017.0,4654.0,8.0,1,
336801,1850.5,128.9,151.8,174.7,1845.0,4247.0,8.0,1,
336901,1876.7,166.1,149.1,203.4,1588.0,3886.0,8.0,1,
337001,1865.2,55.4,152.6,212.5,517.0,2522.0,7.0,1,
337101,1860.2,15.2,152.6,201.7,517.0,2522.0,7.0,1,
337201,1860.5,13.0,152.6,157.8,517.0,2522.0,7.0,1,
337301,1860.6,12.1,152.6,67.0,517.0,2522.0,7.0,1,
337501,1859.1,12.4,152.5,150.5,517.0,2522.0,7.0,1,
337601,1860.1,12.4,152.5,122.8,517.0,2522.0,7.0,1,
337701,1860.3,12.8,152.5,117.0,517.0,2522.0,7.0,1,
337801,1860.7,13.0,152.5,122.6,517.0,2522.0,7.0,1,
337901,1860.1,12.2,152.5,123.7,517.0,2522.0,7.0,1,
338001,1863.7,44.7,151.9,117.8,922.0,5446.0,16.0,1,
338101,1864.8,161.6,153.9,52.5,1434.0,4678.0,13.0,1,
338201,1857.5,199.0,159.2,69.9,1263.0,4273.0,8.0,1,
338301,1834.4,181.4,159.6,131.7,1070.0,3944.0,7.0,1,
338501,1864.5,167.9,151.8,183.6,1426.0,3834.0,7.0,1,
338601,1859.9,83.7,148.8,215.8,645.0,2868.0,7.0,1,
338701,1856.4,16.1,148.8,232.8,645.0,2868.0,7.0,1,
338801,1861.3,12.2,148.8,202.0,645.0,2868.0,7.0,1,
338901,1860.4,12.9,148.8,183.5,645.0,2868.0,7.0,1,
339001,1859.6,13.1,148.8,106.6,645.0,2868.0,7.0,1,
339101,1860.7,12.5,148.8,84.5,645.0,2868.0,7.0,1,
339201,1860.3,13.5,148.8,176.6,645.0,2868.0,7.0,1,
339301,1859.8,14.9,148.8,195.4,645.0,2868.0,7.0,1,
339501,1860.1,16.0,148.8,123.9,645.0,2868.0,7.0,1,
339601,1860.9,63.9,148.9,122.9,645.0,2868.0,7.0,1,
339701,1865.3,258.2,159.4,157.4,586.0,4472.0,13.0,1,
339801,1853.7,222.7,159.8,184.4,643.0,3496.0,9.0,1,
339901,1847.6,202.1,158.9,199.9,1341.0,4329.0,8.0,1,
340001,1873.5,215.7,162.9,201.0,660.0,3264.0,7.0,1,
340101,1862.7,226.7,168.7,200.9,609.0,2924.0,7.0,1,
340201,1861.9,229.2,172.0,208.6,506.0,2768.0,7.0,1,
340301,1864.8,29.2,172.3,246.4,490.0,2494.0,7.0,1,
340501,1860.9,18.1,172.4,169.6,490.0,2494.0,7.0,1,
340601,1860.7,17.9,172.5,85.3,490.0,2494.0,7.0,1,
340701,1860.1,16.0,172.5,89.4,490.0,2494.0,7.0,1,
340801,1860.1,15.2,172.5,232.8,490.0,2494.0,7.0,1,
340901,1860.6,15.5,172.5,178.4,490.0,2494.0,7.0,1,
341001,1860.1,15.9,172.5,235.8,490.0,2494.0,7.0,1,
341101,1860.2,14.8,172.5,150.9,490.0,2494.0,7.0,1,
341201,1860.7,19.0,172.5,118.0,490.0,2494.0,7.0,1,
341301,1858.0,141.2,170.8,132.9,2056.0,5789.0,14.0,1,
341501,1871.1,160.3,161.8,190.4,1778.0,4763.0,8.0,1,
341601,1868.0,244.5,165.2,235.1,2089.0,4927.0,8.0,1,
341701,1862.7,250.7,168.2,264.5,2079.0,4682.0,8.0,1,
341801,1860.3,273.4,163.1,233.9,2053.0,4477.0,7.0,1,
341901,1852.3,47.3,170.5,237.0,570.0,2547.0,7.0,1,
342001,1860.5,16.4,170.5,226.5,570.0,2547.0,7.0,1,
342101,1860.5,14.8,170.4,157.6,570.0,2547.0,7.0,1,
342201,1860.5,15.3,170.4,40.0,570.0,2547.0,7.0,1,
342301,1860.0,15.5,170.4,35.4,570.0,2547.0,7.0,1,
342501,1860.1,16.0,170.4,178.0,570.0,2547.0,7.0,1,
342601,1859.3,15.1,170.4,195.9,570.0,2547.0,7.0,1,
342701,1859.8,15.7,170.4,188.5,570.0,2547.0,7.0,1,
342801,1860.2,16.0,170.3,123.8,570.0,2547.0,7.0,1,
342901,1858.4,170.7,171.2,88.7,1019.0,5152.0,14.0,1,
343001,1853.4,149.6,172.6,68.5,808.0,3760.0,14.0,1,
343101,1872.7,201.0,175.5,133.3,1224.0,4118.0,8.0,1,
343201,1868.9,189.6,174.6,198.5,1163.0,3550.0,8.0,1,
343301,1862.3,187.9,169.4,225.9,933.0,3117.0,8.0,1,
343501,1864.3,78.3,162.0,235.2,527.0,2424.0,7.0,1,
343601,1857.7,18.0,162.0,213.1,527.0,2424.0,7.0,1,
343701,1860.8,15.3,162.0,159.0,527.0,2424.0,7.0,1,
343801,1860.6,15.2,162.0,105.4,527.0,2424.0,7.0,1,
343901,1859.6,15.4,162.0,66.2,527.0,2424.0,7.0,1,
344001,1860.3,15.6,162.0,201.7,527.0,2424.0,7.0,1,
344101,1859.8,14.9,162.0,178.1,527.0,2424.0,7.0,1,
344201,1860.5,15.7,162.0,205.3,527.0,2424.0,7.0,1,
344301,1860.3,15.5,162.0,125.4,527.0,2424.0,7.0,1,
344501,1832.1,62.8,161.1,109.3,527.0,2424.0,7.0,1,
344601,1871.6,99.0,153.5,51.7,882.0,4668.0,17.0,1,
344701,1871.1,174.2,152.4,56.7,722.0,3531.0,9.0,1,
344801,1865.6,193.1,151.0,90.7,661.0,3241.0,8.0,1,
344901,1859.7,221.0,147.4,147.6,798.0,3630.0,8.0,1,
345001,1837.5,101.9,149.4,169.8,1713.0,4354.0,8.0,1,
345101,1873.4,155.4,147.7,183.7,492.0,2368.0,7.0,1,
345201,1865.5,21.8,149.2,201.3,492.0,2368.0,7.0,1,
345301,1860.1,14.9,149.2,233.2,492.0,2368.0,7.0,1,
345501,1860.0,15.0,149.2,197.4,492.0,2368.0,7.0,1,
345601,1860.1,15.2,149.2,40.0,492.0,2368.0,7.0,1,
345701,1860.3,14.9,149.2,169.2,492.0,2368.0,7.0,1,
345801,1859.8,14.7,149.2,157.1,492.0,2368.0,7.0,1,
345901,1860.2,15.4,149.2,178.4,492.0,2368.0,7.0,1,
346001,1860.0,14.7,149.2,150.0,492.0,2368.0,7.0,1,
346101,1860.5,15.7,149.1,116.8,492.0,2368.0,7.0,1,
346201,1853.9,209.4,152.5,39.6,2044.0,5892.0,14.0,1,
346301,1873.2,180.5,163.7,82.2,2023.0,5107.0,13.0,1,
346501,1840.5,164.9,159.9,183.3,1495.0,4198.0,8.0,1,
346601,1853.4,138.1,165.4,201.0,1293.0,4049.0,7.0,1,
346701,1873.5,166.0,171.4,217.5,2119.0,4823.0,7.0,1,
346801,1850.8,23.4,169.9,234.8,719.0,3130.0,7.0,1,
346901,1859.5,15.1,169.9,233.6,719.0,3130.0,7.0,1,
347001,1860.7,14.6,169.9,226.5,719.0,3130.0,7.0,1,
347101,1859.3,14.0,169.9,230.4,719.0,3130.0,7.0,1,
347201,1860.0,15.2,169.8,233.5,719.0,3130.0,7.0,1,
347301,1859.4,15.8,169.8,178.5,719.0,3130.0,7.0,1,
347501,1860.2,15.4,169.8,177.7,719.0,3130.0,7.0,1,
347601,1860.4,17.2,169.8,177.6,719.0,3130.0,7.0,1,
347701,1859.8,14.7,169.8,124.0,719.0,3130.0,7.0,1,
347801,1865.5,190.0,170.2,52.3,1045.0,4807.0,13.0,1,
347901,1860.5,191.4,165.3,37.8,921.0,3782.0,13.0,1,
348001,1850.4,167.0,160.5,85.3,789.0,3810.0,8.0,1,
348101,1838.2,223.6,167.7,150.6,670.0,3151.0,7.0,1,
348201,1873.1,172.0,163.4,226.8,1232.0,3769.0,7.0,1,
348301,1865.2,198.4,165.2,201.3,970.0,3392.0,7.0,1,
348501,1859.4,15.6,165.0,232.7,970.0,3392.0,7.0,1,
348601,1860.3,13.6,165.0,213.5,970.0,3392.0,7.0,1,
348701,1859.8,14.2,165.0,226.8,970.0,3392.0,7.0,1,
348801,1858.6,14.0,165.0,239.6,970.0,3392.0,7.0,1,
348901,1859.6,13.8,165.0,218.7,970.0,3392.0,7.0,1,
349001,1859.6,15.0,165.0,199.5,970.0,3392.0,7.0,1,
349101,1859.4,15.0,165.0,208.9,970.0,3392.0,7.0,1,
349201,1859.8,13.6,165.0,124.0,970.0,3392.0,7.0,1,
349301,1860.1,14.6,164.9,116.7,970.0,3392.0,7.0,1,
349501,1858.8,96.6,155.7,54.6,941.0,4924.0,17.0,1,
349601,1838.5,88.3,146.5,48.0,915.0,4740.0,11.0,1,
349701,1856.7,221.1,145.4,65.5,1910.0,4852.0,8.0,1,
349801,1871.3,146.2,146.6,89.9,680.0,3317.0,8.0,1,
349901,1864.5,219.6,141.0,166.2,1287.0,3959.0,8.0,1,
350001,1859.7,122.9,148.4,202.0,516.0,2516.0,7.0,1,
350101,1856.1,19.8,148.4,227.0,516.0,2516.0,7.0,1,
350201,1861.0,15.5,148.4,211.6,516.0,2516.0,7.0,1,
350301,1859.6,14.6,148.4,189.4,516.0,2516.0,7.0,1,
350501,1860.0,15.3,148.4,134.9,516.0,2516.0,7.0,1,
350601,1860.3,15.2,148.4,188.1,516.0,2516.0,7.0,1,
350701,1860.4,14.8,148.5,178.4,516.0,2516.0,7.0,1,
350801,1860.2,16.2,148.5,149.9,516.0,2516.0,7.0,1,
350901,1860.4,15.0,148.5,134.6,516.0,2516.0,7.0,1,
351001,1860.5,23.6,148.5,123.6,516.0,2516.0,7.0,1,
351101,1853.4,147.8,152.3,53.3,1469.0,5125.0,13.0,1,
351201,1843.8,179.8,163.7,72.0,1199.0,4133.0,8.0,1,
351301,1875.8,181.6,167.0,124.7,1974.0,4507.0,8.0,1,
351501,1862.1,148.6,156.0,201.7,1561.0,4002.0,7.0,1,
351601,1847.5,147.1,155.9,200.6,1280.0,3534.0,7.0,1,
351701,1866.8,21.4,152.5,232.4,512.0,2475.0,7.0,1,
351801,1860.9,15.0,152.5,234.4,512.0,2475.0,7.0,1,
351901,1859.8,13.5,152.5,209.1,512.0,2475.0,7.0,1,
352001,1860.1,14.4,152.5,199.6,512.0,2475.0,7.0,1,
352101,1859.8,14.1,152.5,234.0,512.0,2475.0,7.0,1,
352201,1859.1,15.0,152.5,239.5,512.0,2475.0,7.0,1,
352301,1860.3,15.3,152.5,237.4,512.0,2475.0,7.0,1,
352501,1860.0,14.7,152.4,189.9,512.0,2475.0,7.0,1,
352601,1860.5,15.9,152.4,177.8,512.0,2475.0,7.0,1,
352701,1841.4,173.3,152.5,41.5,937.0,5303.0,18.0,1,
352801,1863.2,179.8,149.3,35.0,791.0,3771.0,13.0,1,
352901,1873.7,133.6,146.3,74.5,782.0,3942.0,9.0,1,
353001,1863.4,193.7,145.6,150.1,794.0,3506.0,8.0,1,
353101,1859.4,208.6,148.7,210.5,809.0,3334.0,8.0,1,
353201,1845.0,197.6,148.6,201.5,774.0,3606.0,7.0,1,
353301,1877.5,34.5,152.1,189.9,730.0,2964.0,7.0,1,
353501,1861.0,14.9,152.0,125.2,730.0,2964.0,7.0,1,
353601,1859.4,13.2,152.0,43.4,730.0,2964.0,7.0,1,
353701,1860.0,14.2,152.0,36.8,730.0,2964.0,7.0,1,
353801,1860.6,15.4,152.1,166.4,730.0,2964.0,7.0,1,
353901,1860.3,14.3,152.1,178.6,730.0,2964.0,7.0,1,
354001,1860.0,14.0,152.1,238.1,730.0,2964.0,7.0,1,
354101,1860.5,14.8,152.1,199.1,730.0,2964.0,7.0,1,
354201,1859.8,14.2,152.1,176.8,730.0,2964.0,7.0,1,
354301,1834.8,94.3,151.4,66.3,957.0,5686.0,16.0,1,
354501,1873.2,169.7,136.6,41.3,2101.0,5495.0,8.0,1,
354601,1861.5,155.3,138.8,72.0,2130.0,4949.0,8.0,1,
354701,1844.0,138.8,143.8,154.8,2033.0,4698.0,8.0,1,
354801,1843.7,144.0,143.0,190.3,1629.0,4043.0,8.0,1,
354901,1884.5,50.9,140.0,202.6,658.0,2713.0,7.0,1,
355001,1859.5,17.0,140.0,202.3,658.0,2713.0,7.0,1,
355101,1860.5,14.6,140.0,189.1,658.0,2713.0,7.0,1,
355201,1860.1,14.4,140.0,134.0,658.0,2713.0,7.0,1,
355301,1860.0,15.5,140.0,76.6,658.0,2713.0,7.0,1,
355501,1860.1,15.1,140.1,178.5,658.0,2713.0,7.0,1,
355601,1860.8,15.7,140.0,123.6,658.0,2713.0,7.0,1,
355701,1859.8,14.0,140.0,122.8,658.0,2713.0,7.0,1,
355801,1860.5,14.6,140.1,118.1,658.0,2713.0,7.0,1,
355901,1844.0,107.9,140.3,117.0,1389.0,5104.0,13.0,1,
356001,1881.4,187.4,151.4,158.4,1270.0,4544.0,13.0,1,
356101,1867.6,216.7,160.7,202.8,1163.0,4099.0,8.0,1,
356201,1855.1,209.2,159.6,214.3,819.0,3354.0,8.0,1,
356301,1842.8,194.6,159.6,202.4,799.0,3344.0,7.0,1,
356501,1870.7,133.6,162.9,203.5,550.0,2603.0,7.0,1,
356601,1859.8,20.3,163.2,233.4,550.0,2603.0,7.0,1,
356701,1859.9,15.9,163.1,213.3,550.0,2603.0,7.0,1,
356801,1859.7,15.6,163.1,157.5,550.0,2603.0,7.0,1,
356901,1859.3,15.5,163.1,66.8,550.0,2603.0,7.0,1,
357001,1859.8,15.3,163.1,56.7,550.0,2603.0,7.0,1,
357101,1860.0,16.0,163.1,167.4,550.0,2603.0,7.0,1,
357201,1860.3,15.0,163.1,167.7,550.0,2603.0,7.0,1,
357301,1860.0,14.8,163.1,177.0,550.0,2603.0,7.0,1,
357501,1859.7,39.6,163.1,178.0,550.0,2603.0,7.0,1,
357601,1867.9,236.0,164.0,122.6,608.0,4072.0,12.0,1,
357701,1862.3,241.2,164.0,156.9,1134.0,4529.0,9.0,1,
357801,1849.2,231.9,161.7,199.5,1222.0,4087.0,8.0,1,
357901,1841.0,114.6,162.5,211.2,1762.0,4697.0,8.0,1,
358001,1872.9,197.5,165.7,232.5,562.0,2717.0,7.0,1,
358101,1864.5,206.9,166.4,253.0,501.0,2576.0,7.0,1,
358201,1866.2,28.1,166.4,265.4,525.0,2527.0,7.0,1,
358301,1861.3,15.4,166.4,236.0,525.0,2527.0,7.0,1,
358501,1859.9,13.9,166.4,102.2,525.0,2527.0,7.0,1,
358601,1860.8,15.4,166.4,39.6,525.0,2527.0,7.0,1,
358701,1860.5,14.9,166.4,167.1,525.0,2527.0,7.0,1,
358801,1860.4,15.3,166.4,208.8,525.0,2527.0,7.0,1,
358901,1861.0,15.4,166.4,177.4,525.0,2527.0,7.0,1,
359001,1860.5,14.6,166.5,177.3,525.0,2527.0,7.0,1,
359101,1859.7,14.6,166.4,205.1,525.0,2527.0,7.0,1,
359201,1879.8,149.8,166.7,67.7,2130.0,5918.0,14.0,1,
359301,1858.7,131.1,158.0,131.1,1909.0,4755.0,13.0,1,
359501,1868.9,190.9,165.3,183.2,1986.0,4722.0,8.0,1,
359601,1872.8,213.1,169.2,203.5,2114.0,4638.0,8.0,1,
359701,1866.6,179.8,171.2,253.4,2041.0,4427.0,7.0,1,
359801,1855.6,50.1,168.7,264.7,613.0,2704.0,7.0,1,
359901,1860.1,18.6,168.7,220.3,613.0,2704.0,7.0,1,
360001,1860.7,17.1,168.7,155.8,613.0,2704.0,7.0,1,
360101,1860.4,15.5,168.7,85.7,613.0,2704.0,7.0,1,
360201,1859.9,14.7,168.7,43.9,613.0,2704.0,7.0,1,
360301,1860.0,15.4,168.7,237.5,613.0,2704.0,7.0,1,
360501,1860.3,15.7,168.7,218.1,613.0,2704.0,7.0,1,
360601,1860.5,16.0,168.8,236.4,613.0,2704.0,7.0,1,
360701,1861.1,16.7,168.8,239.5,613.0,2704.0,7.0,1,
360801,1874.0,145.8,168.0,79.2,1079.0,4782.0,13.0,1,
360901,1845.3,179.4,171.8,124.7,897.0,4117.0,12.0,1,
361001,1843.1,160.7,168.9,197.1,848.0,4156.0,8.0,1,
361101,1872.6,206.3,173.7,226.3,1246.0,3995.0,8.0,1,
361201,1866.3,209.1,175.0,253.8,1004.0,3622.0,7.0,1,
361301,1863.9,197.9,170.0,246.9,974.0,3416.0,7.0,1,
361501,1856.5,24.5,170.7,227.3,974.0,3416.0,7.0,1,
361601,1860.0,22.0,170.7,200.3,974.0,3416.0,7.0,1,
361701,1859.7,20.2,170.8,168.5,974.0,3416.0,7.0,1,
361801,1859.2,20.8,170.8,123.2,974.0,3416.0,7.0,1,
361901,1860.0,21.4,170.9,239.5,974.0,3416.0,7.0,1,
362001,1859.8,21.6,170.9,240.2,974.0,3416.0,7.0,1,
362101,1859.9,23.3,171.0,240.2,974.0,3416.0,7.0,1,
362201,1859.9,24.0,171.0,239.6,974.0,3416.0,7.0,1,
362301,1860.3,24.9,171.1,239.6,974.0,3416.0,7.0,1,
362501,1845.5,112.7,160.8,50.7,858.0,4854.0,17.0,1,
362601,1866.0,210.7,165.2,45.8,564.0,3297.0,12.0,1,
362701,1870.8,217.0,165.0,87.7,533.0,2680.0,8.0,1,
362801,1869.5,285.5,163.8,173.0,1379.0,4024.0,7.0,1,
362901,1858.5,252.4,165.6,233.2,1803.0,4485.0,8.0,1,
363001,1830.7,206.6,169.4,263.1,1869.0,4302.0,7.0,1,
363101,1877.9,32.2,170.8,263.0,471.0,2696.0,6.0,1,
363201,1859.7,24.1,170.8,254.1,471.0,2696.0,6.0,1,
363301,1858.8,24.2,170.9,220.9,471.0,2696.0,6.0,1,
363501,1859.8,24.4,171.0,219.6,471.0,2696.0,6.0,1,
363601,1860.1,25.1,171.0,239.7,471.0,2696.0,6.0,1,
363701,1860.2,24.8,171.0,239.6,471.0,2696.0,6.0,1,
363801,1860.4,24.8,171.1,239.8,471.0,2696.0,6.0,1,
363901,1859.9,24.8,171.1,239.6,471.0,2696.0,6.0,1,
364001,1860.3,24.0,171.1,239.6,471.0,2696.0,6.0,1,
364101,1840.7,133.7,174.2,50.7,1423.0,5066.0,13.0,1,
364201,1873.8,205.4,181.2,75.9,2112.0,5072.0,14.0,1,
364301,1871.9,266.9,180.1,156.1,2049.0,5053.0,8.0,1,
364501,1842.7,250.6,177.3,262.8,1567.0,4099.0,8.0,1,
364601,1850.1,138.5,180.7,253.9,1277.0,3519.0,7.0,1,
364701,1867.8,36.4,181.7,265.2,2192.0,4437.0,7.0,1,
364801,1859.8,24.4,181.7,226.6,2192.0,4437.0,7.0,1,
364901,1859.7,23.6,181.7,189.7,2192.0,4437.0,7.0,1,
365001,1859.2,24.2,181.7,187.7,2192.0,4437.0,7.0,1,
365101,1859.7,25.3,181.7,195.0,2192.0,4437.0,7.0,1,
365201,1860.3,25.3,181.7,240.2,2192.0,4437.0,7.0,1,
365301,1859.5,24.5,181.7,240.3,2192.0,4437.0,7.0,1,
365501,1860.2,24.4,181.7,239.9,2192.0,4437.0,7.0,1,
365601,1859.7,25.6,181.7,240.3,2192.0,4437.0,7.0,1,
365701,1842.6,157.4,180.9,71.4,976.0,4233.0,13.0,1,
365801,1881.7,177.1,178.9,47.1,883.0,3691.0,13.0,1,
365901,1863.6,241.4,178.5,92.7,719.0,3727.0,7.0,1,
366001,1855.6,209.2,174.8,203.3,654.0,3007.0,8.0,1,
366101,1841.0,145.2,168.2,253.3,693.0,3276.0,11.0,1,
366201,1869.7,182.1,165.7,215.3,904.0,3243.0,7.0,1,
366301,1864.3,81.8,169.0,158.9,473.0,2399.0,7.0,1,
366501,1860.0,24.4,169.0,137.2,473.0,2399.0,7.0,1,
366601,1859.1,25.9,169.0,157.6,473.0,2399.0,7.0,1,
366701,1860.3,25.4,169.0,163.7,473.0,2399.0,7.0,1,
366801,1859.6,25.9,169.0,239.9,473.0,2399.0,7.0,1,
366901,1859.6,25.5,169.0,239.5,473.0,2399.0,7.0,1,
367001,1860.2,26.1,169.0,239.9,473.0,2399.0,7.0,1,
367101,1859.9,26.2,169.0,239.5,473.0,2399.0,7.0,1,
367201,1860.3,27.9,169.1,237.7,473.0,2399.0,7.0,1,
367301,1846.2,57.9,168.5,197.8,1017.0,5660.0,16.0,1,
367501,1860.2,311.9,150.4,57.3,2156.0,5479.0,8.0,1,
367601,1834.9,173.2,160.4,67.7,2117.0,4745.0,8.0,1,
367701,1858.3,147.1,165.9,109.6,2017.0,4716.0,7.0,1,
367801,1870.5,37.6,154.4,130.9,881.0,4180.0,10.0,1,
367901,1864.7,42.9,137.8,100.6,725.0,3625.0,11.0,1,
368001,1857.3,25.4,137.8,83.3,725.0,3625.0,11.0,1,
368101,1860.0,26.0,137.8,67.9,725.0,3625.0,11.0,1,
368201,1860.2,25.4,137.8,55.9,725.0,3625.0,11.0,1,
368301,1859.3,25.0,137.8,56.6,725.0,3625.0,11.0,1,
368501,1860.1,25.3,137.8,239.7,725.0,3625.0,11.0,1,
368601,1860.4,26.3,137.8,239.8,725.0,3625.0,11.0,1,
368701,1859.8,26.6,137.8,239.3,725.0,3625.0,11.0,1,
368801,1860.1,26.5,137.7,239.5,725.0,3625.0,11.0,1,
368901,1860.1,24.1,137.7,239.2,725.0,3625.0,11.0,1,
369001,1863.5,153.1,138.6,41.6,1222.0,4589.0,13.0,1,
369101,1851.1,212.4,151.9,55.5,1177.0,4155.0,8.0,1,
369201,1847.3,183.3,150.4,124.8,896.0,3797.0,8.0,1,
369301,1875.1,222.7,150.3,201.3,1812.0,4661.0,8.0,1,
369501,1858.7,179.7,169.2,232.0,1248.0,3589.0,7.0,1,
369601,1856.9,34.8,170.6,233.8,595.0,2755.0,7.0,1,
369701,1860.4,26.0,170.7,249.6,595.0,2755.0,7.0,1,
369801,1859.5,26.1,170.6,221.6,595.0,2755.0,7.0,1,
369901,1859.4,26.9,170.6,189.6,595.0,2755.0,7.0,1,
370001,1860.2,25.3,170.7,213.6,595.0,2755.0,7.0,1,
370101,1859.5,26.0,170.7,239.3,595.0,2755.0,7.0,1,
370201,1860.0,27.6,170.7,239.3,595.0,2755.0,7.0,1,
370301,1860.2,27.3,170.7,239.4,595.0,2755.0,7.0,1,
370501,1859.6,27.8,170.7,183.5,595.0,2755.0,7.0,1,
370601,1860.0,208.6,169.6,57.2,890.0,5028.0,17.0,1,
370701,1844.1,183.0,165.9,35.2,692.0,3807.0,9.0,1,
370801,1856.7,214.0,160.8,73.5,1386.0,4761.0,8.0,1,
370901,1870.4,154.4,163.0,139.6,721.0,3361.0,8.0,1,
371001,1861.5,179.7,160.6,198.8,2079.0,4888.0,8.0,1,
371101,1862.9,269.0,161.2,200.1,645.0,3089.0,6.0,1,
371201,1866.7,52.4,163.2,201.2,656.0,2987.0,7.0,1,
371301,1859.4,27.4,163.2,168.1,656.0,2987.0,7.0,1,
371501,1860.0,25.0,163.2,36.7,656.0,2987.0,7.0,1,
371601,1860.1,26.0,163.2,37.9,656.0,2987.0,7.0,1,
371701,1859.2,27.8,163.2,239.9,656.0,2987.0,7.0,1,
371801,1860.2,26.1,163.2,239.8,656.0,2987.0,7.0,1,
371901,1859.8,26.7,163.2,239.4,656.0,2987.0,7.0,1,
372001,1859.4,27.1,163.2,239.4,656.0,2987.0,7.0,1,
372101,1859.9,26.3,163.2,239.5,656.0,2987.0,7.0,1,
372201,1853.2,72.8,163.0,177.3,823.0,5108.0,14.0,1,
372301,1848.8,94.0,154.4,66.2,793.0,4519.0,16.0,1,
372501,1868.2,224.7,154.3,67.7,2095.0,4805.0,8.0,1,
372601,1865.0,183.7,152.2,135.6,1785.0,4194.0,7.0,1,
372701,1847.7,37.5,144.4,202.2,826.0,3624.0,11.0,1,
372801,1870.5,47.6,133.8,204.2,539.0,2413.0,7.0,1,
372901,1857.5,24.8,133.7,170.3,539.0,2413.0,7.0,1,
373001,1860.2,22.5,133.7,88.4,539.0,2413.0,7.0,1,
373101,1859.8,22.8,133.7,70.2,539.0,2413.0,7.0,1,
373201,1859.7,24.4,133.6,72.0,539.0,2413.0,7.0,1,
373301,1859.8,22.7,133.6,239.5,539.0,2413.0,7.0,1,
373501,1859.7,25.1,133.5,239.7,539.0,2413.0,7.0,1,
373601,1860.4,23.2,133.5,239.7,539.0,2413.0,7.0,1,
373701,1860.4,24.0,133.4,177.7,539.0,2413.0,7.0,1,
373801,1847.2,157.0,134.3,183.0,539.0,2413.0,7.0,1,
373901,1857.3,191.1,148.0,82.8,669.0,4107.0,13.0,1,
374001,1878.1,118.9,151.3,157.6,863.0,3988.0,9.0,1,
374101,1867.5,162.4,142.8,208.2,921.0,3533.0,7.0,1,
374201,1854.7,242.7,146.3,253.4,812.0,3194.0,7.0,1,
374301,1842.7,193.3,155.7,265.1,704.0,2973.0,7.0,1,
374501,1873.3,28.1,166.3,215.8,549.0,2609.0,7.0,1,
374601,1859.8,23.7,166.2,169.6,549.0,2609.0,7.0,1,
374701,1860.2,23.3,166.3,103.6,549.0,2609.0,7.0,1,
374801,1860.3,22.7,166.3,56.6,549.0,2609.0,7.0,1,
374901,1860.1,24.9,166.3,123.5,549.0,2609.0,7.0,1,
375001,1859.7,24.5,166.3,240.3,549.0,2609.0,7.0,1,
375101,1860.0,24.8,166.3,239.6,549.0,2609.0,7.0,1,
375201,1859.6,24.9,166.3,239.6,549.0,2609.0,7.0,1,
375301,1859.4,24.6,166.2,240.3,549.0,2609.0,7.0,1,
375501,1847.5,207.5,165.6,73.2,606.0,3624.0,13.0,1,
375601,1880.9,189.7,166.1,100.3,1522.0,4489.0,9.0,1,
375701,1861.8,234.5,167.9,158.5,1680.0,4521.0,8.0,1,
375801,1842.8,166.0,169.3,220.2,2113.0,5119.0,8.0,1,
375901,1845.2,208.8,165.3,254.7,2077.0,4629.0,8.0,1,
376001,1878.4,142.0,163.1,235.1,1253.0,3539.0,7.0,1,
376101,1861.9,39.8,166.0,235.2,574.0,2484.0,7.0,1,
376201,1859.9,24.3,166.1,216.8,574.0,2484.0,7.0,1,
376301,1860.0,22.6,166.1,165.5,574.0,2484.0,7.0,1,
376501,1859.6,25.3,166.0,54.7,574.0,2484.0,7.0,1,
376601,1859.7,24.6,166.1,237.5,574.0,2484.0,7.0,1,
376701,1860.0,24.8,166.1,178.7,574.0,2484.0,7.0,1,
376801,1859.8,25.6,166.1,239.9,574.0,2484.0,7.0,1,
376901,1860.0,23.1,166.1,239.8,574.0,2484.0,7.0,1,
377001,1859.9,24.5,166.1,177.4,574.0,2484.0,7.0,1,
377101,1858.5,161.4,164.2,66.0,1292.0,4696.0,10.0,1,
377201,1868.5,165.2,160.9,53.3,1201.0,4173.0,9.0,1,
377301,1858.3,220.7,158.1,125.5,1083.0,4300.0,7.0,1,
377501,1864.0,189.3,156.6,215.1,659.0,3056.0,7.0,1,
377601,1869.6,199.0,157.6,233.1,1184.0,3507.0,8.0,1,
377701,1851.5,40.1,156.4,234.0,737.0,2968.0,8.0,1,
377801,1859.7,18.1,156.3,201.4,737.0,2968.0,8.0,1,
377901,1859.8,17.7,156.3,200.2,737.0,2968.0,8.0,1,
378001,1859.8,17.0,156.2,211.6,737.0,2968.0,8.0,1,
378101,1860.5,16.4,156.1,219.1,737.0,2968.0,8.0,1,
378201,1860.8,16.4,156.1,154.2,737.0,2968.0,8.0,1,
378301,1860.2,17.9,156.0,176.9,737.0,2968.0,8.0,1,
378501,1860.4,18.2,155.8,135.2,737.0,2968.0,8.0,1,
378601,1859.4,18.7,155.8,177.0,737.0,2968.0,8.0,1,
378701,1856.7,109.9,156.1,100.1,822.0,4893.0,17.0,1,
378801,1865.4,195.3,152.7,70.4,687.0,3936.0,13.0,1,
378901,1853.1,115.8,153.4,109.1,1285.0,4468.0,8.0,1,
379001,1842.5,96.6,151.0,153.0,1683.0,4466.0,8.0,1,
379101,1876.5,129.6,150.3,200.7,727.0,3389.0,8.0,1,
379201,1866.0,169.2,148.2,201.5,735.0,3186.0,8.0,1,
379301,1863.8,76.1,147.7,183.7,587.0,2731.0,8.0,1,
379501,1859.3,16.8,147.7,204.0,587.0,2731.0,8.0,1,
379601,1859.9,16.1,147.7,225.7,587.0,2731.0,8.0,1,
379701,1860.2,15.6,147.7,232.6,587.0,2731.0,8.0,1,
379801,1860.3,14.5,147.7,134.3,587.0,2731.0,8.0,1,
379901,1861.0,13.6,147.7,132.8,587.0,2731.0,8.0,1,
380001,1860.7,15.4,147.6,139.1,587.0,2731.0,8.0,1,
380101,1860.4,15.4,147.6,178.4,587.0,2731.0,8.0,1,
380201,1860.4,15.1,147.6,184.6,587.0,2731.0,8.0,1,
380301,1859.9,12.8,147.6,159.1,587.0,2731.0,8.0,1,
380501,1833.9,145.7,154.2,35.7,1164.0,3703.0,13.0,1,
380601,1865.8,172.3,157.7,92.7,1888.0,4178.0,15.0,1,
380701,1862.1,57.2,156.2,204.1,619.0,3001.0,11.0,1,
380801,1864.5,125.6,145.5,236.1,1470.0,3357.0,8.0,1,
380901,1858.9,60.1,133.4,216.7,680.0,2903.0,12.0,1,
381001,1856.1,17.6,133.3,217.2,711.0,3222.0,11.0,1,
381101,1860.9,15.4,133.3,173.9,711.0,3222.0,11.0,1,
381201,1859.7,15.5,133.3,77.4,711.0,3222.0,11.0,1,
381301,1860.0,14.2,133.3,54.7,711.0,3222.0,11.0,1,
381501,1860.4,14.9,133.3,178.1,711.0,3222.0,11.0,1,
381601,1859.7,14.5,133.3,203.8,711.0,3222.0,11.0,1,
381701,1860.5,14.2,133.3,238.8,711.0,3222.0,11.0,1,
381801,1860.1,15.0,133.3,234.0,711.0,3222.0,11.0,1,
381901,1859.9,13.8,133.3,238.9,711.0,3222.0,11.0,1,
382001,1854.6,190.7,131.5,39.3,863.0,5685.0,18.0,1,
382101,1848.3,170.4,125.7,34.9,1111.0,3684.0,13.0,1,
382201,1863.4,213.5,129.3,69.0,605.0,3170.0,15.0,1,
382301,1865.1,184.3,134.4,189.5,442.0,2540.0,8.0,1,
382501,1859.7,140.5,143.9,254.6,660.0,2953.0,11.0,1,
382601,1869.3,30.3,146.2,246.8,434.0,2148.0,8.0,1,
382701,1860.5,15.1,146.1,178.1,434.0,2148.0,8.0,1,
382801,1860.4,13.8,146.2,43.0,434.0,2148.0,8.0,1,
382901,1860.3,13.6,146.2,35.1,434.0,2148.0,8.0,1,
383001,1860.2,13.8,146.1,36.6,434.0,2148.0,8.0,1,
383101,1860.2,13.8,146.1,178.1,434.0,2148.0,8.0,1,
383201,1861.0,13.8,146.1,188.8,434.0,2148.0,8.0,1,
383301,1860.2,14.4,146.1,198.8,434.0,2148.0,8.0,1,
383501,1860.8,14.1,146.1,221.0,434.0,2148.0,8.0,1,
383601,1839.3,125.8,148.7,137.1,1647.0,6280.0,13.0,1,
383701,1869.8,165.1,145.1,130.3,1712.0,4836.0,14.0,1,
383801,1873.8,217.2,143.3,145.7,1913.0,4333.0,14.0,1,
383901,1868.0,240.2,148.1,202.0,1888.0,3969.0,15.0,1,
384001,1862.6,140.8,146.0,235.3,1684.0,4037.0,8.0,1,
384101,1829.6,122.4,155.0,246.3,1370.0,3443.0,8.0,1,
384201,1876.2,62.1,160.5,244.2,359.0,2164.0,8.0,1,
384301,1858.1,16.0,160.4,234.4,359.0,2164.0,8.0,1,
384501,1859.8,14.6,160.4,167.5,359.0,2164.0,8.0,1,
384601,1859.6,13.4,160.4,80.8,359.0,2164.0,8.0,1,
384701,1860.6,13.9,160.4,176.8,359.0,2164.0,8.0,1,
384801,1860.3,14.1,160.4,176.9,359.0,2164.0,8.0,1,
384901,1859.7,13.9,160.4,209.6,359.0,2164.0,8.0,1,
385001,1860.0,14.1,160.4,214.4,359.0,2164.0,8.0,1,
385101,1860.0,14.5,160.4,154.8,359.0,2164.0,8.0,1,
385201,1843.0,99.1,160.2,116.7,359.0,2164.0,8.0,1,
385301,1876.2,168.4,160.4,107.9,1024.0,4241.0,13.0,1,
385501,1858.8,175.2,155.5,169.2,586.0,2634.0,8.0,1,
385601,1851.0,217.3,154.7,200.4,561.0,2712.0,7.0,1,
385701,1851.6,145.9,156.0,201.7,409.0,2228.0,7.0,1,
385801,1870.7,138.0,155.5,221.3,278.0,2069.0,7.0,1,
385901,1863.8,19.5,155.9,253.2,278.0,2069.0,7.0,1,
386001,1860.7,14.8,155.9,227.4,278.0,2069.0,7.0,1,
386101,1859.6,13.3,155.9,163.6,278.0,2069.0,7.0,1,
386201,1860.7,13.8,155.9,66.5,278.0,2069.0,7.0,1,
386301,1860.3,15.3,155.9,56.1,278.0,2069.0,7.0,1,
386501,1859.9,14.1,155.9,165.3,278.0,2069.0,7.0,1,
386601,1860.0,14.4,155.9,171.4,278.0,2069.0,7.0,1,
386701,1860.0,13.3,155.9,176.8,278.0,2069.0,7.0,1,
386801,1860.9,28.1,155.9,177.1,278.0,2069.0,7.0,1,
386901,1867.2,192.6,154.5,67.1,1261.0,4731.0,14.0,1,
387001,1864.2,200.8,155.1,104.6,1328.0,4009.0,14.0,1,
387101,1846.2,224.4,157.2,151.5,1656.0,4049.0,14.0,1,
387201,1847.0,212.7,157.9,201.6,1863.0,4005.0,9.0,1,
387301,1869.0,77.4,148.8,232.7,473.0,2242.0,12.0,1,
387501,1862.9,16.2,136.8,202.6,660.0,2671.0,11.0,1,
387601,1860.0,13.3,136.8,109.6,660.0,2671.0,11.0,1,
387701,1860.4,14.0,136.8,66.8,660.0,2671.0,11.0,1,
387801,1859.7,13.5,136.8,37.3,660.0,2671.0,11.0,1,
387901,1859.7,13.9,136.8,123.5,660.0,2671.0,11.0,1,
388001,1861.0,13.5,136.8,184.3,660.0,2671.0,11.0,1,
388101,1860.4,14.4,136.8,177.4,660.0,2671.0,11.0,1,
388201,1859.9,13.9,136.8,173.3,660.0,2671.0,11.0,1,
388301,1860.4,14.6,136.8,208.8,660.0,2671.0,11.0,1,
388501,1872.5,63.5,134.6,55.8,926.0,5051.0,17.0,1,
388601,1858.3,120.3,118.8,42.5,1043.0,3796.0,13.0,1,
388701,1847.1,174.3,125.1,65.6,895.0,3310.0,8.0,1,
388801,1852.7,141.4,124.7,134.1,750.0,3150.0,8.0,1,
388901,1869.9,152.3,120.7,201.3,1438.0,3412.0,8.0,1,
389001,1863.0,156.1,133.6,208.0,1023.0,2911.0,7.0,1,
389101,1853.5,48.2,143.9,232.0,372.0,2007.0,7.0,1,
389201,1860.9,15.7,143.9,226.5,372.0,2007.0,7.0,1,
389301,1860.6,13.9,143.9,220.5,372.0,2007.0,7.0,1,
389501,1860.6,14.3,143.9,202.8,372.0,2007.0,7.0,1,
389601,1860.3,14.3,143.9,202.1,372.0,2007.0,7.0,1,
389701,1860.4,14.1,143.9,188.6,372.0,2007.0,7.0,1,
389801,1860.2,15.0,144.0,178.1,372.0,2007.0,7.0,1,
389901,1860.5,15.6,144.0,149.8,372.0,2007.0,7.0,1,
390001,1859.9,14.3,144.0,116.5,372.0,2007.0,7.0,1,
390101,1860.6,142.4,144.1,68.7,958.0,5391.0,18.0,1,
390201,1856.8,228.7,155.0,75.0,522.0,3639.0,13.0,1,
390301,1847.7,171.9,151.6,109.8,537.0,3163.0,10.0,1,
390501,1863.7,204.8,154.9,202.3,474.0,2573.0,7.0,1,
390601,1862.4,190.0,156.8,201.8,383.0,2198.0,7.0,1,
390701,1862.2,104.3,157.8,211.3,228.0,1961.0,7.0,1,
390801,1857.2,18.3,157.7,245.9,228.0,1961.0,7.0,1,
390901,1860.5,13.7,157.7,243.7,228.0,1961.0,7.0,1,
391001,1860.9,14.1,157.7,219.8,228.0,1961.0,7.0,1,
391101,1860.3,14.3,157.7,198.5,228.0,1961.0,7.0,1,
391201,1860.0,13.6,157.7,177.7,228.0,1961.0,7.0,1,
391301,1860.8,12.9,157.7,177.9,228.0,1961.0,7.0,1,
391501,1859.9,12.5,157.7,177.4,228.0,1961.0,7.0,1,
391601,1860.6,12.8,157.7,168.4,228.0,1961.0,7.0,1,
391701,1860.8,53.1,157.7,176.9,228.0,1961.0,7.0,1,
391801,1837.2,98.2,148.6,38.0,858.0,4546.0,17.0,1,
391901,1859.9,63.4,139.4,35.8,816.0,4053.0,12.0,1,
392001,1872.4,190.8,133.7,35.9,1894.0,4604.0,8.0,1,
392101,1866.3,252.6,140.2,88.5,1919.0,4185.0,8.0,1,
392201,1865.0,264.3,137.4,202.1,1804.0,3744.0,8.0,1,
392301,1840.7,128.0,142.6,233.2,1596.0,3585.0,7.0,1,
392501,1860.8,13.9,139.9,232.0,1596.0,3585.0,7.0,1,
392601,1860.2,13.4,139.9,214.7,1596.0,3585.0,7.0,1,
392701,1860.0,12.2,139.9,221.2,1596.0,3585.0,7.0,1,
392801,1860.2,13.7,139.9,228.2,1596.0,3585.0,7.0,1,
392901,1860.2,13.6,139.9,178.4,1596.0,3585.0,7.0,1,
393001,1859.9,14.6,139.9,198.4,1596.0,3585.0,7.0,1,
393101,1860.7,14.9,139.9,208.4,1596.0,3585.0,7.0,1,
393201,1860.7,13.5,139.9,176.8,1596.0,3585.0,7.0,1,
393301,1860.3,13.4,139.9,123.2,1596.0,3585.0,7.0,1,
393501,1866.3,200.6,153.8,47.1,878.0,3668.0,13.0,1,
393601,1868.9,220.3,166.3,94.5,605.0,2951.0,8.0,1,
393701,1863.8,189.7,163.2,200.3,534.0,2723.0,8.0,1,
393801,1854.8,191.2,160.8,226.7,440.0,2330.0,7.0,1,
393901,1849.1,191.4,161.2,253.0,416.0,2167.0,8.0,1,
394001,1878.8,30.9,160.3,264.3,462.0,2107.0,8.0,1,
394101,1860.7,13.7,160.3,226.0,462.0,2107.0,8.0,1,
394201,1859.6,13.5,160.3,159.2,462.0,2107.0,8.0,1,
394301,1860.3,14.0,160.3,69.0,462.0,2107.0,8.0,1,
394501,1860.1,13.2,160.3,237.6,462.0,2107.0,8.0,1,
394601,1860.8,15.2,160.3,189.6,462.0,2107.0,8.0,1,
394701,1860.3,13.4,160.3,204.4,462.0,2107.0,8.0,1,
394801,1859.8,14.6,160.3,219.0,462.0,2107.0,8.0,1,
394901,1860.3,14.3,160.3,122.1,462.0,2107.0,8.0,1,
395001,1836.2,81.1,159.6,66.0,949.0,5213.0,18.0,1,
395101,1878.9,83.6,148.6,41.4,807.0,3933.0,17.0,1,
395201,1867.9,54.1,133.7,38.1,780.0,4174.0,12.0,1,
395301,1862.3,230.3,123.1,37.4,1834.0,4060.0,9.0,1,
395501,1865.9,210.7,133.2,227.4,1883.0,3933.0,8.0,1,
395601,1878.5,47.9,133.9,245.1,374.0,1869.0,7.0,1,
395701,1858.6,14.9,133.9,249.1,374.0,1869.0,7.0,1,
395801,1860.6,14.0,133.9,225.9,374.0,1869.0,7.0,1,
395901,1860.3,13.2,133.9,164.9,374.0,1869.0,7.0,1,
396001,1859.7,13.0,133.9,103.1,374.0,1869.0,7.0,1,
396101,1860.7,14.1,133.9,200.6,374.0,1869.0,7.0,1,
396201,1860.4,13.2,133.9,239.7,374.0,1869.0,7.0,1,
396301,1860.1,13.1,133.9,237.3,374.0,1869.0,7.0,1,
396501,1860.6,13.8,133.9,208.8,374.0,1869.0,7.0,1,
396601,1847.2,68.5,132.3,177.2,921.0,5787.0,17.0,1,
396701,1881.4,143.8,134.9,39.2,1318.0,4110.0,14.0,1,
396801,1862.4,157.3,147.7,46.7,1087.0,3780.0,14.0,1,
396901,1853.1,172.0,156.8,132.3,721.0,3068.0,19.0,1,
397001,1847.3,172.6,159.1,226.3,722.0,2792.0,8.0,1,
397101,1870.3,157.1,152.0,264.6,1106.0,2973.0,8.0,1,
397201,1863.7,119.1,150.9,253.2,403.0,2274.0,7.0,1,
397301,1861.9,19.4,151.0,254.0,403.0,2274.0,7.0,1,
397501,1859.7,12.9,151.0,136.8,403.0,2274.0,7.0,1,
397601,1860.0,14.0,151.0,41.5,403.0,2274.0,7.0,1,
397701,1859.8,13.0,151.0,66.7,403.0,2274.0,7.0,1,
397801,1859.7,13.2,151.0,237.8,403.0,2274.0,7.0,1,
397901,1860.6,14.5,151.0,238.7,403.0,2274.0,7.0,1,
398001,1860.6,13.9,151.0,237.5,403.0,2274.0,7.0,1,
398101,1860.5,13.3,151.0,204.6,403.0,2274.0,7.0,1,
398201,1860.7,59.4,151.0,239.1,403.0,2274.0,7.0,1,
398301,1869.3,186.2,157.2,71.4,800.0,4269.0,13.0,1,
398501,1835.5,225.8,158.0,189.9,1391.0,4092.0,9.0,1,
398601,1864.8,198.6,157.5,231.7,1862.0,4535.0,8.0,1,
398701,1866.3,188.5,161.7,232.7,402.0,2143.0,7.0,1,
398801,1868.5,181.4,159.6,246.3,811.0,2937.0,8.0,1,
398901,1862.2,24.4,161.0,263.9,358.0,1934.0,7.0,1,
399001,1859.5,14.1,161.0,221.6,358.0,1934.0,7.0,1,
399101,1860.3,14.1,161.0,154.8,358.0,1934.0,7.0,1,
399201,1859.9,13.0,161.0,67.8,358.0,1934.0,7.0,1,
399301,1859.9,13.2,161.0,38.0,358.0,1934.0,7.0,1,
399501,1860.1,13.3,161.0,234.6,358.0,1934.0,7.0,1,
399601,1859.9,13.3,161.0,178.2,358.0,1934.0,7.0,1,
399701,1860.3,14.3,161.0,135.2,358.0,1934.0,7.0,1,
399801,1860.5,13.1,161.0,176.4,358.0,1934.0,7.0,1,
399901,1873.0,124.9,155.0,52.8,1511.0,5248.0,14.0,1,
400001,1848.0,143.5,155.7,80.6,1326.0,4172.0,13.0,1,
400101,1849.4,131.5,152.7,141.4,1049.0,3497.0,8.0,1,
400201,1874.2,172.3,150.4,201.8,1918.0,4394.0,8.0,1,
400301,1864.9,165.0,149.2,231.5,1643.0,3757.0,7.0,1,
400501,1847.8,42.1,153.6,214.9,323.0,2016.0,7.0,1,
400601,1860.0,15.3,153.6,230.9,323.0,2016.0,7.0,1,
400701,1860.2,13.5,153.7,221.4,323.0,2016.0,7.0,1,
400801,1859.4,14.2,153.6,214.9,323.0,2016.0,7.0,1,
400901,1860.2,14.8,153.7,176.2,323.0,2016.0,7.0,1,
401001,1860.3,14.1,153.7,237.7,323.0,2016.0,7.0,1,
401101,1859.7,13.8,153.7,206.0,323.0,2016.0,7.0,1,
401201,1860.4,14.8,153.7,178.0,323.0,2016.0,7.0,1,
401301,1860.2,13.5,153.7,201.1,323.0,2016.0,7.0,1,
401501,1858.0,173.8,153.4,67.7,930.0,5837.0,17.0,1,
401601,1844.7,201.4,157.9,52.9,506.0,3389.0,13.0,1,
401701,1863.2,188.8,161.5,113.7,716.0,3032.0,14.0,1,
401801,1863.8,220.2,168.7,201.3,553.0,3043.0,7.0,1,
401901,1863.6,251.9,172.4,264.5,466.0,2828.0,7.0,1,
402001,1860.5,201.0,172.1,266.2,383.0,2059.0,7.0,1,
402101,1864.2,53.1,169.2,263.7,552.0,2482.0,7.0,1,
402201,1857.9,15.3,169.2,236.5,552.0,2482.0,7.0,1,
402301,1859.9,13.3,169.2,227.1,552.0,2482.0,7.0,1,
402501,1860.7,13.8,169.2,228.6,552.0,2482.0,7.0,1,
402601,1860.3,14.2,169.2,237.7,552.0,2482.0,7.0,1,
402701,1860.2,14.8,169.2,178.1,552.0,2482.0,7.0,1,
402801,1860.4,13.6,169.2,178.3,552.0,2482.0,7.0,1,
402901,1860.1,13.1,169.2,182.9,552.0,2482.0,7.0,1,
403001,1860.5,14.0,169.2,186.3,552.0,2482.0,7.0,1,
403101,1843.3,74.8,169.2,178.5,552.0,2482.0,7.0,1,
403201,1859.1,125.3,163.1,39.7,1544.0,4862.0,13.0,1,
403301,1867.0,188.0,161.2,56.8,1973.0,4531.0,13.0,1,
403501,1864.6,256.3,159.4,245.6,1798.0,4035.0,8.0,1,
403601,1844.0,137.8,160.3,265.3,1311.0,3195.0,7.0,1,
403701,1852.2,128.4,161.5,264.5,1256.0,3258.0,8.0,1,
403801,1873.6,18.8,161.5,262.8,427.0,2056.0,8.0,1,
403901,1860.2,14.3,161.5,218.3,427.0,2056.0,8.0,1,
404001,1860.8,12.1,161.5,158.2,427.0,2056.0,8.0,1,
404101,1859.5,13.0,161.5,142.4,427.0,2056.0,8.0,1,
404201,1860.2,13.5,161.5,239.3,427.0,2056.0,8.0,1,
404301,1859.3,12.7,161.4,178.6,427.0,2056.0,8.0,1,
404501,1860.7,13.9,161.4,177.9,427.0,2056.0,8.0,1,
404601,1860.4,12.7,161.4,138.8,427.0,2056.0,8.0,1,
404701,1859.7,12.7,161.4,178.5,427.0,2056.0,8.0,1,
404801,1842.4,146.6,160.3,52.5,1091.0,4358.0,14.0,1,
404901,1877.0,183.7,160.1,55.7,842.0,3599.0,13.0,1,
405001,1862.0,188.6,157.8,107.9,617.0,2795.0,12.0,1,
405101,1858.9,193.8,153.2,189.7,438.0,2426.0,16.0,1,
405201,1840.2,200.7,150.9,221.5,487.0,2556.0,7.0,1,
405301,1870.3,175.8,154.5,253.1,792.0,2339.0,7.0,1,
405501,1859.8,14.0,153.8,220.6,792.0,2339.0,7.0,1,
405601,1859.8,13.1,153.7,177.4,792.0,2339.0,7.0,1,
405701,1859.8,14.0,153.7,110.5,792.0,2339.0,7.0,1,
405801,1859.8,13.1,153.7,67.2,792.0,2339.0,7.0,1,
405901,1860.3,13.5,153.8,190.3,792.0,2339.0,7.0,1,
406001,1860.7,15.0,153.8,177.8,792.0,2339.0,7.0,1,
406101,1860.7,14.0,153.8,235.0,792.0,2339.0,7.0,1,
406201,1860.2,13.9,153.8,233.0,792.0,2339.0,7.0,1,
406301,1860.1,14.6,153.8,176.8,792.0,2339.0,7.0,1,
406501,1876.1,73.9,143.5,37.7,751.0,3773.0,17.0,1,
406601,1863.9,261.0,139.1,36.0,1993.0,4992.0,8.0,1,
406701,1835.8,257.0,149.0,68.4,1881.0,4420.0,20.0,1,
406801,1857.2,138.1,150.3,200.9,1731.0,4047.0,7.0,1,
406901,1869.2,212.8,145.8,232.7,1247.0,2897.0,7.0,1,
407001,1867.7,47.8,149.8,253.8,421.0,2021.0,7.0,1,
407101,1859.2,15.5,149.8,264.1,421.0,2021.0,7.0,1,
407201,1859.9,15.0,149.8,220.4,421.0,2021.0,7.0,1,
407301,1859.9,13.8,149.8,124.7,421.0,2021.0,7.0,1,
407501,1860.1,14.6,149.8,178.3,421.0,2021.0,7.0,1,
407601,1860.1,13.5,149.8,189.4,421.0,2021.0,7.0,1,
407701,1859.8,13.9,149.8,227.9,421.0,2021.0,7.0,1,
407801,1860.4,14.4,149.8,178.0,421.0,2021.0,7.0,1,
407901,1859.5,13.7,149.8,177.5,421.0,2021.0,7.0,1,
408001,1866.7,140.0,149.2,151.0,1441.0,5802.0,14.0,1,
408101,1866.5,157.3,159.3,132.8,959.0,3751.0,13.0,1,
408201,1854.0,165.4,163.9,165.8,846.0,3303.0,13.0,1,
408301,1845.2,177.8,161.6,219.9,749.0,3081.0,8.0,1,
408501,1863.0,173.6,161.8,243.5,925.0,2836.0,7.0,1,
408601,1863.6,118.0,162.5,253.3,461.0,2241.0,7.0,1,
408701,1858.9,20.0,162.5,253.5,461.0,2241.0,7.0,1,
408801,1859.3,14.3,162.5,202.2,461.0,2241.0,7.0,1,
408901,1859.9,14.0,162.5,114.3,461.0,2241.0,7.0,1,
409001,1860.4,15.2,162.6,36.9,461.0,2241.0,7.0,1,
409101,1859.7,14.0,162.5,89.6,461.0,2241.0,7.0,1,
409201,1860.0,13.8,162.5,197.5,461.0,2241.0,7.0,1,
409301,1861.2,14.9,162.6,173.9,461.0,2241.0,7.0,1,
409501,1859.9,14.2,162.6,177.5,461.0,2241.0,7.0,1,
409601,1860.1,18.3,162.6,150.1,461.0,2241.0,7.0,1,
409701,1866.7,91.0,153.5,53.6,940.0,4931.0,17.0,1,
409801,1837.5,216.9,152.1,53.1,1885.0,4696.0,14.0,1,
409901,1857.7,111.6,154.1,78.1,1992.0,4612.0,8.0,1,
410001,1873.8,147.8,150.5,157.4,746.0,3163.0,8.0,1,
410101,1867.4,223.4,147.1,201.4,1731.0,3997.0,8.0,1,
410201,1861.2,224.3,145.8,203.3,1778.0,3720.0,8.0,1,
410301,1850.8,23.8,151.1,203.3,315.0,1993.0,7.0,1,
410501,1860.2,14.7,151.1,217.8,315.0,1993.0,7.0,1,
410601,1860.1,13.7,151.1,213.5,315.0,1993.0,7.0,1,
410701,1859.8,13.9,151.1,212.3,315.0,1993.0,7.0,1,
410801,1860.5,15.2,151.1,198.3,315.0,1993.0,7.0,1,
410901,1860.3,14.3,151.1,198.6,315.0,1993.0,7.0,1,
411001,1859.9,14.3,151.1,205.6,315.0,1993.0,7.0,1,
411101,1860.2,15.3,151.1,178.4,315.0,1993.0,7.0,1,
411201,1860.1,13.8,151.1,237.6,315.0,1993.0,7.0,1,
411301,1857.1,167.3,154.3,53.3,1067.0,4917.0,13.0,1,
411501,1878.3,196.2,162.2,108.8,1537.0,4623.0,7.0,1,
411601,1865.1,151.4,161.3,169.1,1028.0,4052.0,8.0,1,
411701,1860.5,169.3,157.8,214.9,1038.0,3743.0,8.0,1,
411801,1852.0,183.5,155.8,234.0,826.0,3409.0,8.0,1,
411901,1860.9,32.4,156.1,246.8,864.0,3435.0,7.0,1,
412001,1862.0,15.4,156.1,235.3,864.0,3435.0,7.0,1,
412101,1859.9,13.3,156.2,219.7,864.0,3435.0,7.0,1,
412201,1859.8,13.3,156.1,214.1,864.0,3435.0,7.0,1,
412301,1860.2,14.2,156.1,213.7,864.0,3435.0,7.0,1,
412501,1860.7,12.5,156.1,140.6,864.0,3435.0,7.0,1,
412601,1860.4,12.9,156.1,133.2,864.0,3435.0,7.0,1,
412701,1860.4,11.9,156.1,133.6,864.0,3435.0,7.0,1,
412801,1860.2,11.9,156.1,167.0,864.0,3435.0,7.0,1,
412901,1837.4,112.0,154.6,46.7,849.0,5711.0,18.0,1,
413001,1859.7,177.0,150.6,35.8,2081.0,4971.0,13.0,1,
413101,1870.0,161.8,155.5,68.6,1996.0,4108.0,13.0,1,
413201,1872.1,55.0,144.7,200.7,506.0,2889.0,22.0,1,
413301,1860.7,38.1,133.0,230.0,431.0,2403.0,11.0,1,
413501,1881.8,25.2,110.6,147.9,681.0,2856.0,10.0,1,
413601,1858.3,12.5,110.6,74.9,681.0,2856.0,10.0,1,
413701,1859.5,11.8,110.6,72.7,681.0,2856.0,10.0,1,
413801,1860.0,10.1,110.6,71.5,681.0,2856.0,10.0,1,
413901,1859.9,10.0,110.6,71.2,681.0,2856.0,10.0,1,
414001,1860.5,11.2,110.5,118.0,681.0,2856.0,10.0,1,
414101,1860.9,13.2,110.5,147.3,681.0,2856.0,10.0,1,
414201,1860.1,13.5,110.5,153.8,681.0,2856.0,10.0,1,
414301,1859.9,12.6,110.5,151.2,681.0,2856.0,10.0,1,
414501,1838.0,60.1,110.5,124.0,935.0,5722.0,17.0,1,
414601,1874.9,86.3,104.8,44.4,780.0,4459.0,16.0,1,
414701,1872.3,210.6,81.1,38.6,1391.0,4040.0,13.0,1,
414801,1861.7,90.0,97.3,56.3,1880.0,4344.0,8.0,1,
414901,1847.2,65.5,100.9,138.8,842.0,4138.0,11.0,1,
415001,1844.6,47.3,102.9,159.0,825.0,3963.0,11.0,1,
415101,1870.6,68.2,104.0,76.3,809.0,3306.0,11.0,1,
415201,1862.0,12.7,104.0,55.3,809.0,3306.0,11.0,1,
415301,1858.4,10.3,104.0,56.5,809.0,3306.0,11.0,1,
415501,1859.2,8.9,104.0,56.3,809.0,3306.0,11.0,1,
415601,1859.7,9.5,104.0,70.7,809.0,3306.0,11.0,1,
415701,1859.9,9.7,104.0,122.6,809.0,3306.0,11.0,1,
415801,1860.3,9.2,103.9,105.3,809.0,3306.0,11.0,1,
415901,1860.1,10.3,103.9,91.7,809.0,3306.0,11.0,1,
416001,1859.9,9.9,103.9,100.7,809.0,3306.0,11.0,1,
416101,1859.6,22.5,103.9,116.5,809.0,3306.0,11.0,1,
416201,1859.0,122.0,106.0,44.6,820.0,4601.0,17.0,1,
416301,1871.3,158.3,107.5,42.6,687.0,3929.0,12.0,1,
416501,1829.5,46.7,84.2,54.6,729.0,3743.0,11.0,1,
416601,1862.3,132.7,105.2,55.2,2164.0,4787.0,7.0,1,
416701,1869.2,74.1,108.3,83.0,794.0,3390.0,10.0,1,
416801,1867.0,17.4,108.2,154.2,794.0,3390.0,10.0,1,
416901,1857.7,9.8,108.2,123.3,794.0,3390.0,10.0,1,
417001,1859.9,9.3,108.2,74.6,794.0,3390.0,10.0,1,
417101,1860.1,10.3,108.2,67.8,794.0,3390.0,10.0,1,
417201,1859.2,9.1,108.2,67.2,794.0,3390.0,10.0,1,
417301,1860.0,9.4,108.2,141.1,794.0,3390.0,10.0,1,
417501,1859.8,9.2,108.2,117.3,794.0,3390.0,10.0,1,
417601,1859.8,9.6,108.2,131.3,794.0,3390.0,10.0,1,
417701,1860.6,11.6,108.2,123.3,794.0,3390.0,10.0,1,
417801,1880.4,241.4,109.0,52.3,1780.0,5556.0,13.0,1,
417901,1860.2,261.3,126.9,88.5,1590.0,3918.0,13.0,1,
418001,1842.0,158.7,141.9,158.0,1287.0,3797.0,8.0,1,
418101,1851.0,66.5,144.9,226.5,775.0,3753.0,11.0,1,
418201,1873.5,189.1,144.0,232.7,1950.0,4303.0,7.0,1,
418301,1863.9,152.1,143.8,132.2,1518.0,3823.0,7.0,1,
418501,1858.2,10.6,150.6,80.5,1518.0,3823.0,7.0,1,
418601,1859.9,9.8,150.6,131.9,1518.0,3823.0,7.0,1,
418701,1860.9,9.3,150.6,135.0,1518.0,3823.0,7.0,1,
418801,1859.7,10.4,150.6,130.4,1518.0,3823.0,7.0,1,
418901,1861.2,13.3,150.6,131.3,1518.0,3823.0,7.0,1,
419001,1861.1,12.8,150.7,144.1,1518.0,3823.0,7.0,1,
419101,1860.0,12.6,150.7,172.5,1518.0,3823.0,7.0,1,
419201,1859.5,13.5,150.7,177.6,1518.0,3823.0,7.0,1,
419301,1859.5,13.3,150.7,231.7,1518.0,3823.0,7.0,1,
419501,1857.4,179.0,150.4,45.0,2162.0,5160.0,13.0,1,
419601,1837.1,88.2,134.4,70.0,785.0,4368.0,11.0,1,
419701,1871.6,56.1,128.2,105.1,1001.0,4453.0,11.0,1,
419801,1865.5,220.2,142.1,131.2,621.0,2864.0,7.0,1,
419901,1863.0,268.2,151.9,165.6,740.0,3057.0,7.0,1,
420001,1860.3,118.4,157.7,226.9,482.0,2391.0,6.0,1,
420101,1859.0,17.6,157.7,237.0,482.0,2391.0,6.0,1,
420201,1860.1,12.6,157.8,226.7,482.0,2391.0,6.0,1,
420301,1860.9,12.9,157.8,210.9,482.0,2391.0,6.0,1,
420501,1860.7,12.4,157.8,231.1,482.0,2391.0,6.0,1,
420601,1860.1,13.2,157.8,239.6,482.0,2391.0,6.0,1,
420701,1860.7,13.7,157.8,238.3,482.0,2391.0,6.0,1,
420801,1860.4,13.0,157.8,205.9,482.0,2391.0,6.0,1,
420901,1860.5,13.3,157.8,239.8,482.0,2391.0,6.0,1,
421001,1860.4,44.8,157.8,239.4,482.0,2391.0,6.0,1,
421101,1848.8,101.1,143.5,44.7,825.0,4797.0,17.0,1,
421201,1849.9,135.5,144.7,39.3,1030.0,3461.0,13.0,1,
421301,1878.8,173.8,155.1,65.6,2112.0,4736.0,8.0,1,
421501,1861.0,187.8,156.6,203.2,1439.0,3955.0,7.0,1,
421601,1848.4,149.8,152.4,201.9,1278.0,3281.0,7.0,1,
421701,1868.1,22.2,149.3,202.3,542.0,2439.0,7.0,1,
421801,1858.9,16.6,149.4,225.8,542.0,2439.0,7.0,1,
421901,1860.6,15.9,149.4,219.4,542.0,2439.0,7.0,1,
422001,1860.0,14.9,149.4,176.3,542.0,2439.0,7.0,1,
422101,1859.9,15.4,149.4,239.8,542.0,2439.0,7.0,1,
422201,1860.2,15.3,149.4,238.9,542.0,2439.0,7.0,1,
422301,1859.8,15.2,149.4,198.9,542.0,2439.0,7.0,1,
422501,1859.8,16.7,149.4,233.6,542.0,2439.0,7.0,1,
422601,1860.3,14.8,149.4,240.0,542.0,2439.0,7.0,1,
422701,1839.3,108.4,149.4,45.8,933.0,5370.0,17.0,1,
422801,1863.9,67.9,147.5,36.0,955.0,4382.0,12.0,1,
422901,1867.0,127.1,136.2,35.5,971.0,4482.0,11.0,1,
423001,1862.8,277.7,144.6,65.5,698.0,3245.0,7.0,1,
423101,1854.0,267.4,148.2,141.0,1057.0,3539.0,7.0,1,
423201,1840.1,191.6,146.4,201.2,1710.0,4116.0,7.0,1,
423301,1884.1,35.9,148.4,232.5,565.0,2573.0,7.0,1,
423501,1860.2,14.8,148.4,188.7,565.0,2573.0,7.0,1,
423601,1859.0,15.0,148.4,78.2,565.0,2573.0,7.0,1,
423701,1860.1,14.6,148.4,56.2,565.0,2573.0,7.0,1,
423801,1859.5,13.8,148.4,178.2,565.0,2573.0,7.0,1,
423901,1858.7,14.0,148.4,178.1,565.0,2573.0,7.0,1,
424001,1858.9,14.9,148.3,177.4,565.0,2573.0,7.0,1,
424101,1859.3,13.5,148.3,177.1,565.0,2573.0,7.0,1,
424201,1856.8,14.4,148.3,166.1,565.0,2573.0,7.0,1,
424301,1839.3,229.3,155.0,45.7,1531.0,7224.0,14.0,1,
424501,1872.2,235.1,176.1,84.1,1971.0,4817.0,9.0,1,
424601,1858.3,161.0,178.5,190.4,1494.0,3806.0,8.0,1,
424701,1838.9,162.1,172.6,263.2,1314.0,3439.0,7.0,1,
424801,1858.0,159.6,174.8,260.1,1276.0,3573.0,6.0,1,
424901,1869.6,29.0,173.4,262.7,927.0,3336.0,7.0,1,
425001,1854.2,13.5,173.3,212.5,927.0,3336.0,7.0,1,
425101,1857.9,11.5,173.2,203.3,927.0,3336.0,7.0,1,
425201,1859.0,8.0,173.2,220.3,927.0,3336.0,7.0,1,
425301,1857.9,5.5,173.1,219.4,927.0,3336.0,7.0,1,
425501,1858.0,4.3,172.9,67.6,927.0,3336.0,7.0,1,
425601,1857.8,3.8,172.9,67.9,927.0,3336.0,7.0,1,
425701,1858.3,3.6,172.8,100.8,927.0,3336.0,7.0,1,
425801,1859.0,3.2,172.8,101.4,927.0,3336.0,7.0,1,
425901,1835.5,72.2,169.1,100.9,936.0,7206.0,15.0,1,
426001,1883.3,83.0,156.2,35.2,1376.0,7283.0,12.0,1,
426101,1855.1,118.0,152.7,35.0,1267.0,4835.0,8.0,1,
426201,1853.6,90.7,142.2,67.6,1262.0,4520.0,7.0,1,
426301,1829.7,81.9,134.3,172.8,1170.0,4683.0,7.0,1,
426501,1865.6,92.7,119.8,264.5,1184.0,4869.0,7.0,1,
426601,1853.1,10.5,119.7,245.2,1184.0,4869.0,7.0,1,
426701,1860.2,4.6,119.7,233.3,1184.0,4869.0,7.0,1,
426801,1863.1,4.4,119.7,230.7,1184.0,4869.0,7.0,1,
426901,1860.7,3.1,119.8,228.4,1184.0,4869.0,7.0,1,
427001,1860.0,3.3,119.8,90.9,1184.0,4869.0,7.0,1,
427101,1860.8,3.8,119.8,99.4,1184.0,4869.0,7.0,1,
427201,1859.0,3.2,119.8,99.1,1184.0,4869.0,7.0,1,
427301,1864.5,3.5,119.9,88.5,1184.0,4869.0,7.0,1,
427501,1876.3,14.3,120.6,43.2,1184.0,4869.0,7.0,1,
427601,1912.0,82.7,122.0,37.0,1342.0,7662.0,12.0,1,
427701,1855.8,72.5,107.5,35.6,1727.0,7808.0,10.0,1,
427801,1798.5,174.0,112.2,36.0,1667.0,5671.0,8.0,1,
427901,1838.6,175.2,116.5,186.3,1640.0,5259.0,7.0,1,
428001,1875.8,177.4,122.0,235.3,2164.0,5830.0,7.0,1,
428101,1862.4,184.6,126.7,235.0,2280.0,6108.0,7.0,1,
428201,1845.2,17.8,129.9,234.7,1146.0,4835.0,7.0,1,
428301,1855.2,6.9,129.8,234.7,1146.0,4835.0,7.0,1,
428501,1861.8,3.4,129.9,230.0,1146.0,4835.0,7.0,1,
428601,1861.4,4.5,129.9,200.5,1146.0,4835.0,7.0,1,
428701,1887.3,45.1,131.0,85.0,1146.0,4835.0,7.0,1,
428801,1853.6,30.1,131.0,43.5,1146.0,4835.0,7.0,1,
428901,1883.7,23.0,131.7,42.1,1146.0,4835.0,7.0,1,
429001,1854.7,13.2,131.4,40.4,1146.0,4835.0,7.0,1,
429101,1847.9,20.4,131.1,30.2,1146.0,4835.0,7.0,1,
429201,1870.9,222.5,136.3,27.8,1257.0,5902.0,10.0,1,
429301,1828.2,111.8,147.8,34.3,1390.0,5835.0,9.0,1,
429501,1841.8,127.0,161.2,149.0,1306.0,4146.0,8.0,1,
429601,1856.7,172.4,164.2,254.0,1292.0,4495.0,7.0,1,
429701,1853.1,69.6,164.9,233.3,1253.0,4180.0,7.0,1,
429801,1855.5,33.2,160.5,232.0,1009.0,3894.0,7.0,1,
429901,1852.6,8.9,160.5,232.4,1009.0,3894.0,7.0,1,
430001,1874.4,7.5,160.8,245.7,1009.0,3894.0,7.0,1,
430101,1862.8,7.6,160.8,240.7,1009.0,3894.0,7.0,1,
430201,1862.8,11.4,160.8,169.8,1009.0,3894.0,7.0,1,
430301,1861.3,8.0,160.0,73.9,1009.0,3894.0,7.0,1,
430501,1860.9,6.0,158.9,41.2,1009.0,3894.0,7.0,1,
430601,1861.8,5.7,159.1,84.1,1009.0,3894.0,7.0,1,
430701,1861.6,7.5,159.3,109.4,1009.0,3894.0,7.0,1,
430801,1868.0,102.6,158.8,66.1,862.0,6832.0,18.0,1,
430901,1824.4,272.0,160.4,35.4,2066.0,5429.0,13.0,1,
431001,1864.3,223.4,165.4,35.6,1946.0,4816.0,14.0,1,
431101,1874.7,222.5,159.4,125.1,1255.0,3270.0,8.0,1,
431201,1869.9,189.4,155.6,243.2,1719.0,3757.0,9.0,1,
431301,1863.8,241.1,153.9,266.6,1938.0,3976.0,9.0,1,
431501,1859.0,15.6,161.0,265.3,1938.0,3976.0,9.0,1,
431601,1861.5,13.0,160.8,232.8,1938.0,3976.0,9.0,1,
431701,1860.6,15.1,160.7,202.1,1938.0,3976.0,9.0,1,
431801,1862.2,15.7,160.8,148.1,1938.0,3976.0,9.0,1,
431901,1861.0,17.0,160.8,105.0,1938.0,3976.0,9.0,1,
432001,1860.4,13.4,160.9,102.8,1938.0,3976.0,9.0,1,
432101,1861.2,13.9,160.9,116.6,1938.0,3976.0,9.0,1,
432201,1860.9,13.6,160.9,165.5,1938.0,3976.0,9.0,1,
432301,1860.4,12.9,160.9,177.2,1938.0,3976.0,9.0,1,
432501,1844.3,124.0,155.5,35.8,821.0,5360.0,18.0,1,
432601,1873.4,70.4,141.4,34.8,687.0,4137.0,13.0,1,
432701,1867.8,188.7,127.4,34.3,1109.0,3466.0,9.0,1,
432801,1862.7,171.8,132.9,36.0,927.0,3174.0,6.0,1,
432901,1847.6,163.5,142.0,189.0,816.0,2909.0,6.0,1,
433001,1847.0,79.4,135.9,227.5,613.0,2767.0,10.0,1,
433101,1874.7,16.4,136.3,243.7,613.0,2767.0,10.0,1,
433201,1860.7,13.4,136.2,221.5,613.0,2767.0,10.0,1,
433301,1860.4,10.2,136.2,194.8,613.0,2767.0,10.0,1,
433501,1860.5,13.2,136.1,91.3,613.0,2767.0,10.0,1,
433601,1861.0,11.2,136.1,117.9,613.0,2767.0,10.0,1,
433701,1860.6,12.1,136.1,118.1,613.0,2767.0,10.0,1,
433801,1860.6,14.5,136.1,145.0,613.0,2767.0,10.0,1,
433901,1861.0,11.9,136.1,139.8,613.0,2767.0,10.0,1,
434001,1860.1,11.9,136.1,123.8,613.0,2767.0,10.0,1,
434101,1839.2,143.2,138.2,37.6,840.0,5952.0,19.0,1,
434201,1877.6,136.2,140.4,35.8,779.0,4617.0,18.0,1,
434301,1873.8,46.1,143.2,37.3,723.0,4032.0,7.0,1,
434501,1828.5,49.3,93.0,54.0,606.0,3129.0,7.0,1,
434601,1864.9,55.3,80.1,50.8,658.0,3208.0,7.0,1,
434701,1878.4,26.3,80.3,99.7,658.0,3208.0,7.0,1,
434801,1861.1,16.0,80.3,93.1,658.0,3208.0,7.0,1,
434901,1860.9,14.2,80.4,83.6,658.0,3208.0,7.0,1,
435001,1860.6,13.4,80.4,79.0,658.0,3208.0,7.0,1,
435101,1861.1,12.6,80.4,102.3,658.0,3208.0,7.0,1,
435201,1860.4,14.2,80.4,194.6,658.0,3208.0,7.0,1,
435301,1859.8,14.4,80.4,197.9,658.0,3208.0,7.0,1,
435501,1860.5,13.7,80.4,200.2,658.0,3208.0,7.0,1,
435601,1859.9,13.9,80.5,239.3,658.0,3208.0,7.0,1,
435701,1850.1,112.0,73.2,43.8,892.0,6784.0,19.0,1,
435801,1877.3,83.0,71.4,35.5,821.0,4799.0,19.0,1,
435901,1862.4,62.3,67.8,35.0,705.0,4085.0,7.0,1,
436001,1847.3,81.9,72.0,35.1,724.0,4096.0,8.0,1,
436101,1854.8,63.1,75.0,66.5,654.0,3135.0,6.0,1,
436201,1867.5,36.5,72.4,84.3,672.0,3612.0,7.0,1,
436301,1860.3,25.8,69.4,85.4,681.0,3462.0,10.0,1,
436501,1860.1,18.5,69.5,66.1,681.0,3462.0,10.0,1,
436601,1860.3,18.6,69.6,75.4,681.0,3462.0,10.0,1,
436701,1859.4,17.8,69.7,123.0,681.0,3462.0,10.0,1,
436801,1860.1,16.4,69.7,140.6,681.0,3462.0,10.0,1,
436901,1860.3,15.8,69.8,150.7,681.0,3462.0,10.0,1,
437001,1860.5,16.7,69.8,197.0,681.0,3462.0,10.0,1,
437101,1859.8,15.5,69.9,238.8,681.0,3462.0,10.0,1,
437201,1860.9,14.6,69.9,239.2,681.0,3462.0,10.0,1,
437301,1848.1,71.2,66.9,132.3,824.0,6670.0,16.0,1,
437501,1861.2,126.8,90.9,35.8,1273.0,5047.0,8.0,1,
437601,1831.4,92.0,111.8,124.7,1166.0,4648.0,8.0,1,
437701,1879.2,105.5,127.1,219.0,1088.0,3975.0,7.0,1,
437801,1865.5,173.5,144.6,244.1,1049.0,3909.0,7.0,1,
437901,1861.8,91.4,158.7,233.0,873.0,3900.0,7.0,1,
438001,1854.5,20.4,158.7,201.3,873.0,3900.0,7.0,1,
438101,1861.3,16.7,158.7,203.0,873.0,3900.0,7.0,1,
438201,1860.5,17.0,158.7,217.3,873.0,3900.0,7.0,1,
438301,1860.3,16.5,158.6,225.7,873.0,3900.0,7.0,1,
438501,1860.7,17.4,158.7,170.1,873.0,3900.0,7.0,1,
438601,1860.9,17.6,158.7,239.3,873.0,3900.0,7.0,1,
438701,1860.6,15.7,158.7,239.2,873.0,3900.0,7.0,1,
438801,1860.7,17.1,158.7,209.5,873.0,3900.0,7.0,1,
438901,1860.7,12.9,158.7,239.3,873.0,3900.0,7.0,1,
439001,1873.5,123.3,161.9,35.8,857.0,6353.0,13.0,1,
439101,1831.9,63.5,150.5,35.2,887.0,5195.0,12.0,1,
439201,1854.5,39.5,135.2,34.7,971.0,4714.0,11.0,1,
439301,1876.5,228.0,131.7,34.9,2295.0,5345.0,7.0,1,
439501,1858.4,197.9,142.8,189.5,2098.0,4712.0,6.0,1,
439601,1851.6,27.0,151.0,211.1,2098.0,4712.0,6.0,1,
439701,1860.3,18.5,151.0,203.0,2098.0,4712.0,6.0,1,
439801,1860.1,13.5,151.0,178.0,2098.0,4712.0,6.0,1,
439901,1860.9,12.6,151.0,176.1,2098.0,4712.0,6.0,1,
440001,1860.5,14.8,150.9,172.3,2098.0,4712.0,6.0,1,
440101,1860.5,17.7,150.9,239.3,2098.0,4712.0,6.0,1,
440201,1860.7,18.0,150.9,238.5,2098.0,4712.0,6.0,1,
440301,1860.2,21.2,151.0,216.3,2098.0,4712.0,6.0,1,
440501,1860.5,20.2,151.0,239.9,2098.0,4712.0,6.0,1,
440601,1857.3,135.6,148.8,39.8,837.0,6213.0,19.0,1,
440701,1841.5,137.7,151.2,34.8,856.0,5156.0,18.0,1,
440801,1871.0,109.7,154.3,35.2,726.0,4161.0,19.0,1,
440901,1858.9,65.5,151.3,53.5,715.0,3814.0,7.0,1,
441001,1862.0,51.2,124.2,71.8,575.0,3032.0,7.0,1,
441101,1856.7,92.7,89.6,55.5,662.0,3272.0,10.0,1,
441201,1863.3,28.6,75.2,66.5,681.0,3463.0,10.0,1,
441301,1859.8,17.8,75.3,77.2,681.0,3463.0,10.0,1,
441501,1860.7,15.7,75.3,73.7,681.0,3463.0,10.0,1,
441601,1860.0,15.6,75.3,78.1,681.0,3463.0,10.0,1,
441701,1860.8,14.4,75.3,210.0,681.0,3463.0,10.0,1,
441801,1860.5,15.6,75.3,135.7,681.0,3463.0,10.0,1,
441901,1860.3,15.4,75.2,198.3,681.0,3463.0,10.0,1,
442001,1860.7,14.8,75.1,209.5,681.0,3463.0,10.0,1,
442101,1860.1,15.4,75.0,213.0,681.0,3463.0,10.0,1,
442201,1839.7,120.2,73.7,55.4,842.0,6599.0,18.0,1,
442301,1862.4,98.2,79.1,38.1,709.0,4380.0,18.0,1,
442501,1863.2,50.4,69.2,38.1,752.0,4144.0,11.0,1,
442601,1862.8,45.3,73.9,38.2,768.0,3828.0,10.0,1,
442701,1838.6,48.0,77.0,67.4,762.0,3793.0,10.0,1,
442801,1882.1,30.8,78.0,73.8,710.0,3436.0,10.0,1,
442901,1859.0,15.9,77.9,72.2,710.0,3436.0,10.0,1,
443001,1860.6,15.8,77.9,57.4,710.0,3436.0,10.0,1,
443101,1861.8,15.1,77.9,56.9,710.0,3436.0,10.0,1,
443201,1860.6,14.5,77.9,66.7,710.0,3436.0,10.0,1,
443301,1860.2,15.3,77.9,177.2,710.0,3436.0,10.0,1,
443501,1860.3,14.6,77.9,169.8,710.0,3436.0,10.0,1,
443601,1859.9,15.3,77.9,178.6,710.0,3436.0,10.0,1,
443701,1860.0,14.6,77.9,221.2,710.0,3436.0,10.0,1,
443801,1835.6,78.6,77.9,219.0,710.0,3436.0,10.0,1,
443901,1875.3,115.9,71.9,35.8,818.0,5255.0,18.0,1,
444001,1872.4,93.3,77.7,35.0,702.0,4738.0,20.0,1,
444101,1866.8,70.2,82.5,35.5,804.0,4644.0,13.0,1,
444201,1844.2,42.0,78.4,53.8,775.0,4090.0,10.0,1,
444301,1844.2,92.3,78.2,55.4,804.0,3808.0,10.0,1,
444501,1866.9,18.2,78.8,72.2,804.0,3808.0,10.0,1,
444601,1860.0,14.8,78.8,73.3,804.0,3808.0,10.0,1,
444701,1861.2,14.7,78.8,72.1,804.0,3808.0,10.0,1,
444801,1860.0,15.3,78.8,68.8,804.0,3808.0,10.0,1,
444901,1859.7,14.2,78.8,91.8,804.0,3808.0,10.0,1,
445001,1860.0,14.6,78.8,237.8,804.0,3808.0,10.0,1,
445101,1860.4,14.3,78.8,237.3,804.0,3808.0,10.0,1,
445201,1859.4,14.5,78.8,237.8,804.0,3808.0,10.0,1,
445301,1860.2,13.7,78.8,237.9,804.0,3808.0,10.0,1,
445501,1856.2,123.5,81.6,36.2,841.0,5846.0,19.0,1,
445601,1875.4,66.5,81.9,34.7,795.0,4909.0,18.0,1,
445701,1860.7,57.8,75.9,30.2,727.0,4585.0,21.0,1,
445801,1829.5,62.9,78.1,34.8,730.0,3992.0,7.0,1,
445901,1862.5,60.2,81.6,73.5,731.0,3491.0,11.0,1,
446001,1872.9,35.4,81.2,72.1,697.0,3300.0,10.0,1,
446101,1860.6,16.7,77.2,73.1,705.0,3299.0,11.0,1,
446201,1860.6,14.9,77.2,67.2,705.0,3299.0,11.0,1,
446301,1860.3,14.9,77.2,56.4,705.0,3299.0,11.0,1,
446501,1861.6,13.9,77.2,176.8,705.0,3299.0,11.0,1,
446601,1860.2,14.6,77.2,238.9,705.0,3299.0,11.0,1,
446701,1860.0,13.8,77.2,238.4,705.0,3299.0,11.0,1,
446801,1860.4,14.4,77.2,238.3,705.0,3299.0,11.0,1,
446901,1859.9,14.9,77.2,237.9,705.0,3299.0,11.0,1,
447001,1860.1,13.7,77.2,203.1,705.0,3299.0,11.0,1,
447101,1868.0,94.0,71.2,47.3,844.0,6419.0,19.0,1,
447201,1865.4,92.3,76.3,35.8,859.0,5359.0,19.0,1,
447301,1849.3,107.0,81.2,36.1,707.0,4461.0,20.0,1,
447501,1868.7,55.2,78.0,54.2,654.0,3679.0,7.0,1,
447601,1865.1,36.0,74.2,54.6,690.0,3739.0,10.0,1,
447701,1854.1,21.6,74.4,65.9,675.0,3286.0,11.0,1,
447801,1860.1,15.3,74.4,49.8,675.0,3286.0,11.0,1,
447901,1859.5,14.4,74.4,34.2,675.0,3286.0,11.0,1,
448001,1860.7,14.7,74.4,67.0,675.0,3286.0,11.0,1,
448101,1859.6,13.7,74.4,110.3,675.0,3286.0,11.0,1,
448201,1859.5,13.4,74.4,217.1,675.0,3286.0,11.0,1,
448301,1859.8,14.2,74.4,187.0,675.0,3286.0,11.0,1,
448501,1859.6,13.7,74.4,187.6,675.0,3286.0,11.0,1,
448601,1860.2,14.3,74.4,207.3,675.0,3286.0,11.0,1,
448701,1860.0,67.5,74.1,66.6,771.0,6289.0,19.0,1,
448801,1861.3,112.5,71.5,35.5,774.0,5262.0,19.0,1,
448901,1829.4,86.6,65.7,34.7,743.0,4713.0,21.0,1,
449001,1861.9,77.3,58.8,30.1,700.0,4166.0,13.0,1,
449101,1872.0,236.9,112.5,35.3,655.0,3230.0,7.0,1,
449201,1866.7,233.9,133.0,81.4,1211.0,3647.0,6.0,1,
449301,1860.2,94.8,151.7,158.6,1883.0,3991.0,7.0,1,
449501,1857.5,14.6,151.7,221.3,1883.0,3991.0,7.0,1,
449601,1856.8,13.1,151.7,189.2,1883.0,3991.0,7.0,1,
449701,1853.4,11.2,151.6,182.9,1883.0,3991.0,7.0,1,
449801,1858.4,11.7,151.6,106.9,1883.0,3991.0,7.0,1,
449901,1857.2,11.4,151.5,117.6,1883.0,3991.0,7.0,1,
450001,1855.5,11.0,151.5,118.0,1883.0,3991.0,7.0,1,
450101,1859.1,12.0,151.5,117.8,1883.0,3991.0,7.0,1,
450201,1860.1,12.1,151.4,125.6,1883.0,3991.0,7.0,1,
450301,1862.9,31.8,151.5,144.3,1883.0,3991.0,7.0,1,
450501,1842.6,181.5,170.6,30.1,1168.0,5114.0,8.0,1,
450601,1879.0,210.5,180.7,68.9,2124.0,5563.0,7.0,1,
450701,1862.6,216.8,180.3,186.9,1623.0,4672.0,7.0,1,
450801,1860.9,185.6,174.1,263.0,1491.0,4233.0,6.0,1,
450901,1849.8,199.1,175.4,243.5,1304.0,3829.0,6.0,1,
451001,1870.3,22.4,175.3,254.8,652.0,3051.0,7.0,1,
451101,1860.6,14.2,175.3,233.1,652.0,3051.0,7.0,1,
451201,1859.9,12.8,175.4,171.2,652.0,3051.0,7.0,1,
451301,1860.3,13.8,175.5,110.4,652.0,3051.0,7.0,1,
451501,1860.5,12.9,175.6,237.4,652.0,3051.0,7.0,1,
451601,1860.5,14.1,175.7,216.4,652.0,3051.0,7.0,1,
451701,1860.7,13.5,175.8,239.1,652.0,3051.0,7.0,1,
451801,1860.0,12.6,175.8,233.2,652.0,3051.0,7.0,1,
451901,1860.8,14.4,175.8,220.7,652.0,3051.0,7.0,1,
452001,1833.4,125.0,173.0,36.9,836.0,6576.0,19.0,1,
452101,1866.1,73.1,160.6,34.9,729.0,4747.0,20.0,1,
452201,1867.7,127.7,148.7,34.8,709.0,4478.0,8.0,1,
452301,1870.1,231.7,149.9,35.8,735.0,3603.0,3.0,1,
452501,1825.3,195.4,155.3,253.4,2017.0,4273.0,3.0,1,
452601,1885.8,30.7,153.8,264.0,2017.0,4273.0,3.0,1,
452701,1860.2,13.8,153.8,215.8,2017.0,4273.0,3.0,1,
452801,1860.5,14.1,153.8,167.7,2017.0,4273.0,3.0,1,
452901,1860.3,12.6,153.8,163.5,2017.0,4273.0,3.0,1,
453001,1859.8,12.5,153.8,146.9,2017.0,4273.0,3.0,1,
453101,1860.8,13.5,153.8,237.9,2017.0,4273.0,3.0,1,
453201,1860.6,12.9,153.8,239.5,2017.0,4273.0,3.0,1,
453301,1860.6,12.3,153.8,238.5,2017.0,4273.0,3.0,1,
453501,1860.5,13.2,153.8,239.8,2017.0,4273.0,3.0,1,
453601,1842.9,132.5,155.9,40.2,903.0,6841.0,19.0,1,
453701,1881.6,111.9,158.3,36.0,795.0,5103.0,8.0,1,
453801,1864.0,70.4,159.1,36.7,753.0,4731.0,22.0,1,
453901,1863.3,286.4,156.1,43.2,1398.0,3936.0,3.0,1,
454001,1849.3,307.6,167.1,52.6,1224.0,3543.0,3.0,1,
454101,1847.8,149.4,164.1,156.0,1017.0,3529.0,3.0,1,
454201,1871.1,67.0,165.0,198.3,383.0,2479.0,3.0,1,
454301,1859.6,17.1,165.0,253.0,383.0,2479.0,3.0,1,
454501,1859.7,13.4,165.0,187.7,383.0,2479.0,3.0,1,
454601,1859.4,14.0,164.9,155.7,383.0,2479.0,3.0,1,
454701,1860.4,13.0,165.0,237.5,383.0,2479.0,3.0,1,
454801,1859.8,12.6,164.9,237.9,383.0,2479.0,3.0,1,
454901,1860.5,14.1,164.9,210.0,383.0,2479.0,3.0,1,
455001,1860.4,13.2,164.9,238.3,383.0,2479.0,3.0,1,
455101,1859.2,12.7,164.9,216.0,383.0,2479.0,3.0,1,
455201,1826.2,80.1,162.0,177.3,826.0,6433.0,20.0,1,
455301,1878.6,127.0,159.9,34.9,791.0,5452.0,20.0,1,
455501,1860.8,61.5,160.8,29.8,702.0,4294.0,22.0,1,
455601,1840.0,58.9,132.7,44.8,759.0,4213.0,8.0,1,
455701,1866.2,64.1,96.5,68.5,709.0,3747.0,8.0,1,
455801,1865.7,129.0,107.0,53.2,2135.0,4142.0,3.0,1,
455901,1863.2,18.6,107.1,79.1,2135.0,4142.0,3.0,1,
456001,1858.0,14.0,107.1,156.5,2135.0,4142.0,3.0,1,
456101,1860.2,14.8,107.1,172.4,2135.0,4142.0,3.0,1,
456201,1860.7,12.3,107.1,190.1,2135.0,4142.0,3.0,1,
456301,1860.3,12.5,107.1,117.8,2135.0,4142.0,3.0,1,
456501,1860.4,12.9,107.1,142.3,2135.0,4142.0,3.0,1,
456601,1860.2,12.5,107.1,166.0,2135.0,4142.0,3.0,1,
456701,1859.9,16.4,107.1,132.9,2135.0,4142.0,3.0,1,
456801,1861.1,13.8,107.1,118.1,2135.0,4142.0,3.0,1,
456901,1863.3,105.3,106.8,35.2,853.0,5922.0,19.0,1,
457001,1863.0,78.3,106.6,30.0,768.0,4881.0,19.0,1,
457101,1843.5,275.0,117.7,29.9,1213.0,3961.0,4.0,1,
457201,1854.2,162.1,143.0,36.1,1149.0,4263.0,4.0,1,
457301,1867.5,183.3,158.0,124.2,1941.0,4257.0,4.0,1,
457501,1859.3,31.2,159.5,285.3,350.0,2472.0,3.0,1,
457601,1860.0,15.2,159.5,266.2,350.0,2472.0,3.0,1,
457701,1857.7,13.2,159.5,210.3,350.0,2472.0,3.0,1,
457801,1860.4,12.8,159.5,131.5,350.0,2472.0,3.0,1,
457901,1860.9,13.2,159.5,104.2,350.0,2472.0,3.0,1,
458001,1860.2,13.4,159.5,226.9,350.0,2472.0,3.0,1,
458101,1861.0,13.2,159.5,155.6,350.0,2472.0,3.0,1,
458201,1859.9,13.6,159.5,101.6,350.0,2472.0,3.0,1,
458301,1860.5,12.4,159.5,112.8,350.0,2472.0,3.0,1,
458501,1867.2,165.8,159.4,39.7,857.0,6522.0,20.0,1,
458601,1845.5,147.6,174.0,35.2,2170.0,6013.0,15.0,1,
458701,1837.4,89.8,170.8,52.2,736.0,4834.0,22.0,1,
458801,1867.5,90.5,149.7,147.8,728.0,4480.0,9.0,1,
458901,1867.5,203.0,156.8,155.7,2081.0,4397.0,4.0,1,
459001,1867.3,51.3,144.0,69.9,874.0,4338.0,8.0,1,
459101,1864.2,21.8,133.2,87.3,842.0,3811.0,7.0,1,
459201,1860.3,14.8,133.2,133.2,842.0,3811.0,7.0,1,
459301,1859.3,13.4,133.2,99.9,842.0,3811.0,7.0,1,
459501,1861.0,13.0,133.2,117.6,842.0,3811.0,7.0,1,
459601,1859.8,13.0,133.2,177.7,842.0,3811.0,7.0,1,
459701,1860.9,14.0,133.2,123.9,842.0,3811.0,7.0,1,
459801,1860.7,13.1,133.2,216.7,842.0,3811.0,7.0,1,
459901,1860.5,13.0,133.2,219.0,842.0,3811.0,7.0,1,
460001,1859.9,13.4,133.2,177.6,842.0,3811.0,7.0,1,
460101,1876.1,104.4,133.2,77.0,783.0,6250.0,19.0,1,
460201,1834.2,270.0,117.3,35.9,1282.0,5469.0,16.0,1,
460301,1863.2,217.1,141.1,35.8,1057.0,4651.0,5.0,1,
460501,1863.6,260.3,160.4,217.2,1338.0,4353.0,5.0,1,
460601,1862.5,266.3,167.9,278.5,1248.0,3863.0,4.0,1,
460701,1858.8,84.7,182.1,296.1,628.0,2823.0,4.0,1,
460801,1856.7,17.5,182.1,276.4,628.0,2823.0,4.0,1,
460901,1860.0,14.7,182.1,252.7,628.0,2823.0,4.0,1,
461001,1860.4,14.1,182.1,204.1,628.0,2823.0,4.0,1,
461101,1859.4,13.4,182.0,111.3,628.0,2823.0,4.0,1,
461201,1861.2,14.0,182.0,151.5,628.0,2823.0,4.0,1,
461301,1862.0,13.6,182.1,135.4,628.0,2823.0,4.0,1,
461501,1861.0,12.4,182.0,117.8,628.0,2823.0,4.0,1,
461601,1857.9,11.6,182.0,118.0,628.0,2823.0,4.0,1,
461701,1851.6,87.0,181.9,184.7,628.0,2823.0,4.0,1,
461801,1834.1,98.8,181.3,30.0,981.0,6317.0,13.0,1,
461901,1876.5,82.2,163.1,29.7,1106.0,5805.0,12.0,1,
462001,1864.5,126.8,163.3,29.8,968.0,4161.0,7.0,1,
462101,1862.3,106.1,154.5,67.3,1003.0,3882.0,7.0,1,
462201,1844.1,137.9,147.7,137.3,1958.0,5117.0,7.0,1,
462301,1834.8,138.0,143.7,212.0,2134.0,5227.0,7.0,1,
462501,1863.2,5.1,143.3,212.6,2134.0,5227.0,7.0,1,
462601,1860.1,5.7,143.3,213.2,2134.0,5227.0,7.0,1,
462701,1861.2,6.3,143.2,221.5,2134.0,5227.0,7.0,1,
462801,1861.6,5.0,143.2,174.7,2134.0,5227.0,7.0,1,
462901,1860.5,5.1,143.1,78.9,2134.0,5227.0,7.0,1,
463001,1860.2,5.4,143.1,90.0,2134.0,5227.0,7.0,1,
463101,1860.5,5.2,143.0,91.5,2134.0,5227.0,7.0,1,
463201,1860.6,6.1,143.0,89.3,2134.0,5227.0,7.0,1,
463301,1860.9,6.2,143.0,89.1,2134.0,5227.0,7.0,1,
463501,1871.5,257.5,168.7,34.5,1781.0,5924.0,8.0,1,
463601,1868.3,229.5,172.0,54.4,1350.0,4850.0,6.0,1,
463701,1856.3,216.8,171.3,130.9,1051.0,4030.0,6.0,1,
463801,1836.0,138.5,172.3,199.3,937.0,3692.0,7.0,1,
463901,1870.6,159.4,169.2,201.5,963.0,3694.0,7.0,1,
464001,1868.3,19.7,168.3,233.9,817.0,3442.0,7.0,1,
464101,1857.8,11.8,168.2,236.5,817.0,3442.0,7.0,1,
464201,1860.9,8.0,168.2,211.5,817.0,3442.0,7.0,1,
464301,1863.0,5.6,168.2,189.0,817.0,3442.0,7.0,1,
464501,1862.2,6.9,168.2,98.7,817.0,3442.0,7.0,1,
464601,1862.6,6.2,168.3,107.0,817.0,3442.0,7.0,1,
464701,1860.3,6.5,168.3,108.9,817.0,3442.0,7.0,1,
464801,1860.7,7.5,168.3,101.5,817.0,3442.0,7.0,1,
464901,1862.7,23.3,168.4,113.8,817.0,3442.0,7.0,1,
465001,1855.4,101.1,162.8,48.1,832.0,6782.0,15.0,1,
465101,1865.0,148.9,145.9,35.0,823.0,5665.0,14.0,1,
465201,1869.2,328.7,152.9,30.3,1374.0,5371.0,8.0,1,
465301,1843.8,277.4,155.0,104.7,1660.0,5250.0,7.0,1,
465501,1873.6,214.2,172.5,226.6,624.0,3297.0,6.0,1,
465601,1875.0,49.4,172.9,264.5,672.0,3084.0,6.0,1,
465701,1860.1,10.0,173.0,254.5,672.0,3084.0,6.0,1,
465801,1860.4,7.1,173.0,211.1,672.0,3084.0,6.0,1,
465901,1859.2,9.4,172.9,138.5,672.0,3084.0,6.0,1,
466001,1863.8,9.0,173.0,72.4,672.0,3084.0,6.0,1,
466101,1866.7,8.3,173.0,37.5,672.0,3084.0,6.0,1,
466201,1854.5,12.4,172.9,35.6,672.0,3084.0,6.0,1,
466301,1859.4,19.1,173.0,47.7,672.0,3084.0,6.0,1,
466501,1851.5,12.8,172.9,53.9,672.0,3084.0,6.0,1,
466601,1855.2,83.9,171.2,83.9,721.0,6600.0,15.0,1,
466701,1884.9,100.4,173.3,34.6,836.0,6019.0,13.0,1,
466801,1853.0,274.7,164.2,30.0,1214.0,5396.0,10.0,1,
466901,1834.1,180.2,165.8,30.3,999.0,4320.0,7.0,1,
467001,1868.2,216.4,170.1,157.4,1838.0,4958.0,7.0,1,
467101,1863.4,196.0,170.4,226.0,1570.0,4562.0,7.0,1,
467201,1863.4,134.3,171.6,254.2,698.0,3201.0,7.0,1,
467301,1854.6,17.3,171.6,254.3,698.0,3201.0,7.0,1,
467501,1861.4,12.8,171.6,107.8,698.0,3201.0,7.0,1,
467601,1859.8,12.2,171.6,41.2,698.0,3201.0,7.0,1,
467701,1860.0,13.0,171.5,92.9,698.0,3201.0,7.0,1,
467801,1860.8,12.5,171.6,237.5,698.0,3201.0,7.0,1,
467901,1860.1,11.9,171.7,201.6,698.0,3201.0,7.0,1,
468001,1859.4,12.8,171.5,237.6,698.0,3201.0,7.0,1,
468101,1861.1,13.0,171.7,239.3,698.0,3201.0,7.0,1,
468201,1860.1,81.8,171.6,239.5,698.0,3201.0,7.0,1,
468301,1876.5,113.3,172.7,35.8,937.0,7059.0,14.0,1,
468501,1840.8,55.4,152.4,30.2,849.0,4774.0,12.0,1,
468601,1872.0,220.5,146.2,35.0,784.0,3752.0,7.0,1,
468701,1865.3,275.9,147.7,221.5,1517.0,4232.0,6.0,1,
468801,1861.0,121.5,142.2,233.5,1702.0,4832.0,7.0,1,
468901,1852.4,19.8,142.4,253.1,1015.0,3909.0,7.0,1,
469001,1861.7,12.3,142.4,221.3,1015.0,3909.0,7.0,1,
469101,1861.4,7.5,142.4,200.9,1015.0,3909.0,7.0,1,
469201,1860.8,8.0,142.4,199.8,1015.0,3909.0,7.0,1,
469301,1861.4,7.4,142.4,177.8,1015.0,3909.0,7.0,1,
469501,1860.5,5.8,142.3,117.5,1015.0,3909.0,7.0,1,
469601,1861.2,6.8,142.3,107.0,1015.0,3909.0,7.0,1,
469701,1861.1,5.8,142.3,116.6,1015.0,3909.0,7.0,1,
469801,1859.3,7.6,142.2,110.2,1015.0,3909.0,7.0,1,
469901,1867.0,290.2,147.7,35.3,1345.0,6845.0,10.0,1,
470001,1824.3,125.4,159.8,35.4,813.0,5379.0,14.0,1,
470101,1873.8,79.0,160.3,45.5,820.0,5382.0,12.0,1,
470201,1858.9,48.9,157.0,67.1,792.0,3981.0,11.0,1,
470301,1856.8,154.4,141.9,111.9,1047.0,3777.0,7.0,1,
470501,1861.6,35.6,137.3,201.5,429.0,2572.0,7.0,1,
470601,1862.4,7.5,137.3,221.1,429.0,2572.0,7.0,1,
470701,1860.8,5.5,137.2,219.4,429.0,2572.0,7.0,1,
470801,1860.9,5.5,137.2,202.6,429.0,2572.0,7.0,1,
470901,1860.8,5.8,137.2,145.4,429.0,2572.0,7.0,1,
471001,1860.1,6.3,137.2,111.3,429.0,2572.0,7.0,1,
471101,1860.7,6.5,137.2,113.1,429.0,2572.0,7.0,1,
471201,1860.8,5.7,137.2,123.1,429.0,2572.0,7.0,1,
471301,1859.6,6.4,137.2,118.0,429.0,2572.0,7.0,1,
471501,1842.5,129.3,134.7,46.0,829.0,7240.0,15.0,1,
471601,1847.5,102.7,112.8,30.3,837.0,5532.0,13.0,1,
471701,1881.0,241.3,133.7,30.0,681.0,4103.0,8.0,1,
471801,1868.8,216.8,148.9,37.0,1280.0,3883.0,7.0,1,
471901,1865.0,51.3,152.6,153.5,704.0,3678.0,11.0,1,
472001,1838.2,49.3,138.5,171.2,667.0,3418.0,10.0,1,
472101,1878.7,29.0,128.1,167.6,704.0,3570.0,10.0,1,
472201,1857.5,12.4,128.1,75.8,704.0,3570.0,10.0,1,
472301,1860.5,11.7,128.2,55.4,704.0,3570.0,10.0,1,
472501,1860.0,10.9,128.2,52.6,704.0,3570.0,10.0,1,
472601,1860.2,7.5,128.2,117.5,704.0,3570.0,10.0,1,
472701,1860.4,6.6,128.2,117.2,704.0,3570.0,10.0,1,
472801,1860.1,7.4,128.2,100.8,704.0,3570.0,10.0,1,
472901,1860.5,6.9,128.2,90.9,704.0,3570.0,10.0,1,
473001,1860.1,7.9,128.3,99.8,704.0,3570.0,10.0,1,
473101,1837.6,90.1,128.2,100.6,704.0,3570.0,10.0,1,
473201,1877.5,101.4,127.4,35.1,868.0,6184.0,13.0,1,
473301,1867.2,240.9,123.9,34.4,1328.0,4555.0,9.0,1,
473501,1852.9,134.7,141.1,113.7,885.0,3784.0,7.0,1,
473601,1838.5,146.6,155.0,200.3,764.0,3250.0,7.0,1,
473701,1873.5,149.6,169.7,262.8,686.0,3066.0,7.0,1,
473801,1867.0,14.2,170.1,295.0,686.0,3066.0,7.0,1,
473901,1861.1,6.9,170.1,253.7,686.0,3066.0,7.0,1,
474001,1859.6,7.3,170.1,197.2,686.0,3066.0,7.0,1,
474101,1860.3,6.6,170.0,93.1,686.0,3066.0,7.0,1,
474201,1860.5,7.1,170.0,47.0,686.0,3066.0,7.0,1,
474301,1860.3,9.3,170.0,108.9,686.0,3066.0,7.0,1,
474501,1859.6,10.5,170.1,113.3,686.0,3066.0,7.0,1,
474601,1860.0,11.1,170.1,123.0,686.0,3066.0,7.0,1,
474701,1860.4,18.1,170.1,174.6,686.0,3066.0,7.0,1,
474801,1854.7,112.1,170.6,36.9,857.0,6517.0,14.0,1,
474901,1874.9,69.9,171.8,35.7,720.0,5020.0,14.0,1,
475001,1867.1,64.3,145.5,35.2,826.0,4958.0,13.0,1,
475101,1832.4,182.7,142.7,35.2,2103.0,4761.0,7.0,1,
475201,1861.1,48.2,127.8,164.6,678.0,3767.0,10.0,1,
475301,1875.6,26.2,101.7,188.6,782.0,3889.0,10.0,1,
475501,1860.2,12.0,97.8,155.8,782.0,3889.0,10.0,1,
475601,1860.1,10.2,97.9,70.4,782.0,3889.0,10.0,1,
475701,1859.9,11.0,97.9,50.7,782.0,3889.0,10.0,1,
475801,1860.1,11.8,97.9,112.7,782.0,3889.0,10.0,1,
475901,1860.5,10.9,98.0,168.7,782.0,3889.0,10.0,1,
476001,1860.1,11.4,98.0,166.0,782.0,3889.0,10.0,1,
476101,1859.8,12.0,98.0,178.3,782.0,3889.0,10.0,1,
476201,1860.5,11.3,98.0,189.1,782.0,3889.0,10.0,1,
476301,1860.5,11.1,98.0,206.3,782.0,3889.0,10.0,1,
476501,1870.9,117.2,103.5,35.4,803.0,6040.0,21.0,1,
476601,1851.8,58.9,103.7,35.3,818.0,5204.0,13.0,1,
476701,1837.8,106.8,96.0,36.1,631.0,4065.0,14.0,1,
476801,1869.4,87.8,78.3,45.5,749.0,4131.0,12.0,1,
476901,1863.6,71.7,82.9,67.7,627.0,3658.0,9.0,1,
477001,1856.8,19.6,83.0,72.3,668.0,3503.0,8.0,1,
477101,1860.2,11.7,83.0,73.3,668.0,3503.0,8.0,1,
477201,1860.2,11.0,83.1,57.6,668.0,3503.0,8.0,1,
477301,1859.6,12.2,83.1,55.1,668.0,3503.0,8.0,1,
477501,1860.3,11.4,83.1,139.9,668.0,3503.0,8.0,1,
477601,1859.7,12.5,83.0,177.7,668.0,3503.0,8.0,1,
477701,1860.6,12.5,83.1,177.1,668.0,3503.0,8.0,1,
477801,1860.2,14.0,83.1,177.1,668.0,3503.0,8.0,1,
477901,1859.9,14.9,83.1,182.7,668.0,3503.0,8.0,1,
478001,1867.0,89.3,83.0,68.0,742.0,6394.0,20.0,1,
478101,1862.0,263.7,100.9,29.2,2176.0,6557.0,10.0,1,
478201,1829.2,87.2,116.1,34.9,702.0,4883.0,13.0,1,
478301,1860.3,51.8,116.1,56.1,584.0,3644.0,12.0,1,
478501,1864.7,37.1,112.3,76.6,599.0,3191.0,8.0,1,
478601,1862.2,35.4,111.1,71.9,635.0,3423.0,13.0,1,
478701,1857.3,16.0,111.1,75.9,635.0,3423.0,13.0,1,
478801,1859.2,15.7,111.2,74.5,635.0,3423.0,13.0,1,
478901,1860.2,15.0,111.2,73.5,635.0,3423.0,13.0,1,
479001,1860.2,15.4,111.2,71.2,635.0,3423.0,13.0,1,
479101,1859.5,15.8,111.3,163.8,635.0,3423.0,13.0,1,
479201,1860.0,15.4,111.3,178.3,635.0,3423.0,13.0,1,
479301,1860.1,16.2,111.3,238.6,635.0,3423.0,13.0,1,
479501,1860.0,15.8,111.4,178.2,635.0,3423.0,13.0,1,
479601,1860.2,33.4,111.4,177.2,635.0,3423.0,13.0,1,
479701,1865.9,118.9,92.4,37.8,918.0,6881.0,15.0,1,
479801,1841.1,183.4,67.6,35.8,776.0,5287.0,14.0,1,
479901,1870.2,253.2,111.2,36.4,1164.0,4057.0,9.0,1,
480001,1864.2,105.0,130.9,101.4,1977.0,4700.0,9.0,1,
480101,1862.3,31.2,129.5,158.6,663.0,3838.0,11.0,1,
480201,1855.0,157.2,128.2,167.8,673.0,3662.0,13.0,1,
480301,1864.1,23.0,132.7,159.0,348.0,2203.0,9.0,1,
480501,1859.8,15.5,132.7,29.9,348.0,2203.0,9.0,1,
480601,1859.0,16.3,132.7,34.5,348.0,2203.0,9.0,1,
480701,1860.3,15.2,132.7,50.5,348.0,2203.0,9.0,1,
480801,1860.2,15.6,132.7,178.1,348.0,2203.0,9.0,1,
480901,1859.4,16.4,132.7,178.2,348.0,2203.0,9.0,1,
481001,1859.8,15.5,132.7,122.6,348.0,2203.0,9.0,1,
481101,1859.6,16.1,132.7,100.2,348.0,2203.0,9.0,1,
481201,1859.5,16.2,132.7,100.9,348.0,2203.0,9.0,1,
481301,1842.8,252.0,149.3,54.0,2195.0,7495.0,16.0,1,
481501,1868.7,246.0,159.0,135.8,1381.0,4486.0,9.0,1,
481601,1864.5,276.4,155.8,226.7,1744.0,4178.0,9.0,1,
481701,1863.3,241.3,170.6,265.7,1959.0,4308.0,9.0,1,
481801,1834.1,154.1,183.6,265.3,1865.0,4102.0,7.0,1,
481901,1876.8,23.3,182.0,253.2,659.0,3501.0,8.0,1,
482001,1859.7,16.0,182.0,230.8,659.0,3501.0,8.0,1,
482101,1858.7,15.8,182.0,205.2,659.0,3501.0,8.0,1,
482201,1859.5,15.2,182.0,195.9,659.0,3501.0,8.0,1,
482301,1859.9,15.8,182.0,202.1,659.0,3501.0,8.0,1,
482501,1860.1,15.6,182.0,178.3,659.0,3501.0,8.0,1,
482601,1859.8,16.3,182.0,208.8,659.0,3501.0,8.0,1,
482701,1859.1,16.9,182.0,206.6,659.0,3501.0,8.0,1,
482801,1859.5,15.5,182.0,209.9,659.0,3501.0,8.0,1,
482901,1834.5,129.3,177.6,42.4,881.0,7095.0,20.0,1,
483001,1881.2,163.6,167.6,29.9,1012.0,5320.0,11.0,1,
483101,1869.5,211.7,161.0,30.0,716.0,3926.0,10.0,1,
483201,1862.5,238.8,156.8,93.5,558.0,3226.0,7.0,1,
483301,1851.0,203.5,153.9,238.1,1728.0,3855.0,10.0,1,
483501,1868.4,28.7,139.6,209.8,654.0,3204.0,8.0,1,
483601,1858.1,22.1,139.6,174.0,654.0,3204.0,8.0,1,
483701,1860.2,21.0,139.7,109.6,654.0,3204.0,8.0,1,
483801,1859.5,20.6,139.8,72.6,654.0,3204.0,8.0,1,
483901,1859.2,21.9,139.8,89.4,654.0,3204.0,8.0,1,
484001,1860.3,22.0,139.9,239.0,654.0,3204.0,8.0,1,
484101,1860.0,22.6,140.0,239.8,654.0,3204.0,8.0,1,
484201,1859.8,21.8,140.0,238.5,654.0,3204.0,8.0,1,
484301,1860.5,21.4,140.1,239.3,654.0,3204.0,8.0,1,
484501,1824.1,90.2,138.9,239.5,726.0,6827.0,20.0,1,
484601,1889.5,78.5,138.3,37.1,896.0,6237.0,14.0,1,
484701,1871.0,311.3,138.5,35.8,1947.0,4994.0,5.0,1,
484801,1842.8,256.6,153.5,42.0,1946.0,4565.0,9.0,1,
484901,1850.8,145.9,147.9,137.3,1572.0,3725.0,9.0,1,
485001,1869.5,42.6,141.4,201.7,621.0,3242.0,8.0,1,
485101,1867.1,126.9,148.9,232.1,293.0,2041.0,8.0,1,
485201,1860.8,27.4,149.1,203.0,293.0,2041.0,8.0,1,
485301,1860.2,22.0,149.1,71.0,293.0,2041.0,8.0,1,
485501,1859.9,22.5,149.1,68.8,293.0,2041.0,8.0,1,
485601,1860.8,24.1,149.1,117.4,293.0,2041.0,8.0,1,
485701,1859.9,22.1,149.1,183.5,293.0,2041.0,8.0,1,
485801,1860.0,17.1,149.1,178.5,293.0,2041.0,8.0,1,
485901,1859.8,12.2,149.0,177.6,293.0,2041.0,8.0,1,
486001,1860.0,9.4,148.9,176.8,293.0,2041.0,8.0,1,
486101,1860.5,8.4,148.9,130.2,293.0,2041.0,8.0,1,
486201,1868.0,96.4,149.1,36.6,854.0,6383.0,15.0,1,
486301,1860.8,68.7,141.7,34.8,824.0,5479.0,14.0,1,
486501,1848.9,195.4,118.6,35.2,1913.0,4679.0,10.0,1,
486601,1868.9,83.0,128.7,83.6,702.0,3840.0,14.0,1,
486701,1858.6,89.6,123.0,105.0,630.0,3554.0,14.0,1,
486801,1864.5,15.1,119.6,136.2,630.0,3554.0,14.0,1,
486901,1860.8,9.8,119.4,93.2,630.0,3554.0,14.0,1,
487001,1859.6,9.3,119.3,57.0,630.0,3554.0,14.0,1,
487101,1858.0,10.3,119.2,52.2,630.0,3554.0,14.0,1,
487201,1859.3,10.6,119.0,67.7,630.0,3554.0,14.0,1,
487301,1859.8,9.1,118.9,122.4,630.0,3554.0,14.0,1,
487501,1859.6,9.6,118.7,99.8,630.0,3554.0,14.0,1,
487601,1858.7,9.0,118.7,114.0,630.0,3554.0,14.0,1,
487701,1860.2,10.3,118.7,116.7,630.0,3554.0,14.0,1,
487801,1881.0,133.0,122.2,37.4,922.0,7283.0,15.0,1,
487901,1841.4,243.5,132.2,35.8,1850.0,6141.0,10.0,1,
488001,1846.1,237.0,149.6,35.8,1467.0,4696.0,9.0,1,
488101,1878.3,259.9,155.2,106.6,2074.0,4959.0,8.0,1,
488201,1869.5,249.9,162.9,253.7,1856.0,4399.0,8.0,1,
488301,1851.9,221.4,172.4,253.9,1609.0,4033.0,7.0,1,
488501,1862.2,10.9,177.0,254.3,1609.0,4033.0,7.0,1,
488601,1858.3,11.5,176.9,234.1,1609.0,4033.0,7.0,1,
488701,1859.1,10.9,177.0,227.5,1609.0,4033.0,7.0,1,
488801,1859.9,10.9,177.0,203.7,1609.0,4033.0,7.0,1,
488901,1860.7,10.5,177.0,115.0,1609.0,4033.0,7.0,1,
489001,1859.8,10.4,177.0,102.4,1609.0,4033.0,7.0,1,
489101,1860.3,10.3,177.0,101.7,1609.0,4033.0,7.0,1,
489201,1860.3,10.2,177.1,117.2,1609.0,4033.0,7.0,1,
489301,1859.9,10.5,177.1,109.9,1609.0,4033.0,7.0,1,
489501,1837.3,206.8,182.4,35.1,784.0,4926.0,10.0,1,
489601,1847.3,205.8,183.1,67.7,923.0,4312.0,19.0,1,
489701,1866.9,178.2,174.8,164.4,610.0,3420.0,10.0,1,
489801,1859.5,247.3,168.0,246.5,273.0,2389.0,9.0,1,
489901,1866.7,163.0,168.3,266.2,480.0,2561.0,6.0,1,
490001,1864.3,100.0,168.3,264.7,448.0,2521.0,4.0,1,
490101,1857.4,15.2,168.3,254.3,448.0,2521.0,4.0,1,
490201,1863.4,9.0,168.4,237.1,448.0,2521.0,4.0,1,
490301,1861.5,8.2,168.4,203.3,448.0,2521.0,4.0,1,
490501,1859.2,9.3,168.4,101.9,448.0,2521.0,4.0,1,
490601,1859.8,8.7,168.4,102.5,448.0,2521.0,4.0,1,
490701,1860.2,10.4,168.4,112.9,448.0,2521.0,4.0,1,
490801,1860.0,9.6,168.4,100.8,448.0,2521.0,4.0,1,
490901,1860.5,9.6,168.4,99.8,448.0,2521.0,4.0,1,
491001,1850.0,77.1,168.4,115.1,448.0,2521.0,4.0,1,
491101,1844.9,223.4,161.8,35.2,1311.0,6455.0,11.0,1,
491201,1877.7,239.8,161.6,34.6,1830.0,5065.0,9.0,1,
491301,1870.4,265.9,167.4,103.4,1683.0,4364.0,8.0,1,
491501,1850.2,68.3,158.2,234.2,579.0,3298.0,8.0,1,
491601,1849.3,49.0,148.6,188.7,696.0,3627.0,12.0,1,
491701,1877.2,13.3,147.6,156.3,626.0,3255.0,11.0,1,
491801,1861.2,10.1,147.6,77.0,626.0,3255.0,11.0,1,
491901,1860.4,10.6,147.6,73.2,626.0,3255.0,11.0,1,
492001,1859.1,10.8,147.6,70.7,626.0,3255.0,11.0,1,
492101,1860.1,9.8,147.6,110.8,626.0,3255.0,11.0,1,
492201,1859.8,10.8,147.6,122.7,626.0,3255.0,11.0,1,
492301,1860.0,10.3,147.6,123.9,626.0,3255.0,11.0,1,
492501,1860.5,10.7,147.6,117.8,626.0,3255.0,11.0,1,
492601,1860.3,9.9,147.6,117.8,626.0,3255.0,11.0,1,
492701,1837.3,127.2,148.5,38.4,935.0,6510.0,14.0,1,
492801,1875.4,281.9,156.5,36.7,575.0,3734.0,8.0,1,
492901,1863.6,178.1,157.7,39.1,2008.0,4862.0,9.0,1,
493001,1867.0,230.1,143.3,78.7,717.0,3958.0,12.0,1,
493101,1841.7,152.3,156.8,138.9,1190.0,3249.0,8.0,1,
493201,1859.1,53.1,156.2,105.2,520.0,2721.0,8.0,1,
493301,1875.4,17.8,157.2,89.5,520.0,2721.0,8.0,1,
493501,1860.1,9.2,157.2,125.1,520.0,2721.0,8.0,1,
493601,1860.5,10.1,157.2,91.2,520.0,2721.0,8.0,1,
493701,1860.2,10.5,157.2,98.7,520.0,2721.0,8.0,1,
493801,1860.1,10.0,157.2,123.2,520.0,2721.0,8.0,1,
493901,1860.5,10.9,157.2,123.7,520.0,2721.0,8.0,1,
494001,1860.0,10.9,157.2,123.9,520.0,2721.0,8.0,1,
494101,1859.9,11.4,157.2,145.3,520.0,2721.0,8.0,1,
494201,1860.0,10.9,157.2,149.6,520.0,2721.0,8.0,1,
494301,1854.3,114.8,155.5,38.0,709.0,5914.0,14.0,1,
494501,1863.0,73.5,112.0,34.5,626.0,4335.0,23.0,1,
494601,1848.9,76.3,110.3,36.8,631.0,3962.0,13.0,1,
494701,1851.8,69.1,82.5,65.9,562.0,3101.0,8.0,1,
494801,1869.4,32.0,72.2,55.5,583.0,3087.0,7.0,1,
494901,1854.6,20.3,70.1,71.0,569.0,3079.0,8.0,1,
495001,1860.1,12.1,70.2,71.4,569.0,3079.0,8.0,1,
495101,1860.9,11.1,70.2,67.1,569.0,3079.0,8.0,1,
495201,1860.0,12.2,70.2,65.8,569.0,3079.0,8.0,1,
495301,1860.3,11.3,70.2,70.0,569.0,3079.0,8.0,1,
495501,1860.6,11.8,70.2,116.6,569.0,3079.0,8.0,1,
495601,1860.3,11.7,70.2,140.6,569.0,3079.0,8.0,1,
495701,1860.8,11.2,70.2,167.8,569.0,3079.0,8.0,1,
495801,1860.2,11.8,70.2,146.2,569.0,3079.0,8.0,1,
495901,1843.6,144.0,63.6,100.1,741.0,6498.0,16.0,1,
496001,1878.6,159.6,72.8,36.1,742.0,5565.0,14.0,1,
496101,1855.3,64.3,74.8,35.9,645.0,4420.0,11.0,1,
496201,1842.5,62.8,70.2,40.1,650.0,4143.0,13.0,1,
496301,1866.8,72.2,68.9,44.4,614.0,3542.0,9.0,1,
496501,1865.9,36.0,75.4,74.2,544.0,2825.0,8.0,1,
496601,1859.9,14.8,75.4,74.0,544.0,2825.0,8.0,1,
496701,1861.0,12.8,75.4,73.5,544.0,2825.0,8.0,1,
496801,1860.0,12.9,75.4,71.8,544.0,2825.0,8.0,1,
496901,1860.3,11.1,75.4,74.1,544.0,2825.0,8.0,1,
497001,1860.0,11.6,75.5,123.9,544.0,2825.0,8.0,1,
497101,1860.2,10.3,75.5,122.6,544.0,2825.0,8.0,1,
497201,1860.5,9.7,75.4,130.6,544.0,2825.0,8.0,1,
497301,1860.2,9.1,75.4,117.9,544.0,2825.0,8.0,1,
497501,1860.8,11.0,75.4,99.6,544.0,2825.0,8.0,1,
497601,1871.2,117.8,74.0,37.3,752.0,5985.0,15.0,1,
497701,1845.9,192.8,90.0,37.1,972.0,4451.0,8.0,1,
497801,1850.2,102.4,113.8,37.8,713.0,4269.0,9.0,1,
497901,1870.1,78.9,113.9,53.6,753.0,3822.0,10.0,1,
498001,1866.1,61.1,114.5,132.4,756.0,3534.0,10.0,1,
498101,1859.5,29.3,112.6,92.0,736.0,3596.0,10.0,1,
498201,1860.8,12.6,112.7,73.4,717.0,3486.0,9.0,1,
498301,1860.4,14.1,112.6,70.0,717.0,3486.0,9.0,1,
498501,1860.2,13.5,112.7,39.3,717.0,3486.0,9.0,1,
498601,1859.3,13.2,112.7,116.8,717.0,3486.0,9.0,1,
498701,1860.4,12.9,112.7,163.7,717.0,3486.0,9.0,1,
498801,1860.5,13.7,112.7,155.9,717.0,3486.0,9.0,1,
498901,1860.0,13.4,112.7,177.8,717.0,3486.0,9.0,1,
499001,1860.7,12.9,112.8,177.5,717.0,3486.0,9.0,1,
499101,1860.0,13.4,112.8,177.1,717.0,3486.0,9.0,1,
499201,1860.0,121.9,113.7,38.4,857.0,6810.0,14.0,1,
499301,1830.8,159.0,124.3,36.6,2320.0,6979.0,8.0,1,
499501,1866.2,231.1,139.2,115.2,1810.0,4873.0,6.0,1,
499601,1863.9,243.4,151.2,172.3,2118.0,4674.0,6.0,1,
499701,1845.1,155.2,168.4,204.0,2080.0,4617.0,6.0,1,
499801,1870.7,39.6,171.8,264.2,576.0,2756.0,6.0,1,
499901,1860.9,14.6,171.8,232.1,576.0,2756.0,6.0,1,
500001,1860.5,15.7,171.8,158.3,576.0,2756.0,6.0,1,
500101,1859.9,14.0,171.9,83.9,576.0,2756.0,6.0,1,
500201,1861.0,13.6,171.9,44.8,576.0,2756.0,6.0,1,
500301,1860.7,13.9,171.9,177.8,576.0,2756.0,6.0,1,
500501,1860.3,12.8,171.9,195.3,576.0,2756.0,6.0,1,
500601,1859.9,13.4,171.9,177.7,576.0,2756.0,6.0,1,
500701,1859.4,12.8,171.9,177.5,576.0,2756.0,6.0,1,
500801,1851.1,106.1,170.0,47.6,779.0,6844.0,16.0,1,
500901,1848.6,198.3,166.9,35.4,1032.0,6568.0,13.0,1,
501001,1874.6,161.2,164.9,34.8,1187.0,4955.0,7.0,1,
501101,1857.1,231.3,168.5,73.1,958.0,4069.0,6.0,1,
501201,1854.8,242.9,168.4,195.6,772.0,3410.0,5.0,1,
501301,1847.2,225.8,170.9,263.4,695.0,3266.0,5.0,1,
501501,1858.2,17.7,175.5,264.9,695.0,3266.0,5.0,1,
501601,1860.3,14.0,175.5,234.0,695.0,3266.0,5.0,1,
501701,1860.6,13.4,175.5,220.7,695.0,3266.0,5.0,1,
501801,1860.9,12.7,175.5,208.2,695.0,3266.0,5.0,1,
501901,1859.7,8.1,175.5,177.0,695.0,3266.0,5.0,1,
502001,1861.5,10.1,175.5,156.3,695.0,3266.0,5.0,1,
502101,1861.2,10.2,175.5,94.5,695.0,3266.0,5.0,1,
502201,1859.7,10.5,175.5,83.0,695.0,3266.0,5.0,1,
502301,1860.2,11.7,175.5,84.7,695.0,3266.0,5.0,1,
502501,1885.4,84.3,174.5,35.6,1195.0,6690.0,11.0,1,
502601,1869.8,197.4,165.4,34.9,2382.0,6459.0,7.0,1,
502701,1863.4,177.6,163.2,56.6,2339.0,5999.0,6.0,1,
502801,1842.1,170.2,160.4,219.9,1934.0,4913.0,6.0,1,
502901,1839.6,139.7,153.0,234.6,1762.0,4559.0,6.0,1,
503001,1880.0,145.0,151.9,246.5,773.0,3501.0,6.0,1,
503101,1862.2,19.7,152.2,254.4,773.0,3501.0,6.0,1,
503201,1861.5,15.0,152.2,221.2,773.0,3501.0,6.0,1,
503301,1860.3,16.2,152.2,171.7,773.0,3501.0,6.0,1,
503501,1859.8,16.7,152.3,89.2,773.0,3501.0,6.0,1,
503601,1860.1,17.1,152.3,177.8,773.0,3501.0,6.0,1,
503701,1859.7,16.7,152.3,177.8,773.0,3501.0,6.0,1,
503801,1860.2,17.4,152.4,178.2,773.0,3501.0,6.0,1,
503901,1860.0,17.6,152.5,238.0,773.0,3501.0,6.0,1,
504001,1860.1,16.9,152.5,239.4,773.0,3501.0,6.0,1,
504101,1853.1,123.0,153.6,35.4,774.0,6055.0,21.0,1,
504201,1869.9,175.7,155.4,30.0,1171.0,6319.0,11.0,1,
504301,1857.2,251.6,156.5,30.1,1024.0,4235.0,7.0,1,
504501,1864.2,188.5,163.8,168.8,1590.0,4321.0,7.0,1,
504601,1863.5,220.0,162.5,169.7,770.0,3167.0,6.0,1,
504701,1866.7,33.0,163.3,201.0,660.0,2804.0,6.0,1,
504801,1860.9,15.5,163.3,201.7,660.0,2804.0,6.0,1,
504901,1859.6,15.2,163.3,157.4,660.0,2804.0,6.0,1,
505001,1859.9,15.6,163.3,50.8,660.0,2804.0,6.0,1,
505101,1859.7,15.7,163.3,36.2,660.0,2804.0,6.0,1,
505201,1859.4,15.6,163.3,178.2,660.0,2804.0,6.0,1,
505301,1860.5,15.8,163.3,178.4,660.0,2804.0,6.0,1,
505501,1860.0,14.9,163.3,183.9,660.0,2804.0,6.0,1,
505601,1860.7,15.6,163.3,178.5,660.0,2804.0,6.0,1,
505701,1868.3,104.7,162.5,38.8,828.0,6859.0,15.0,1,
505801,1866.3,66.2,163.3,34.6,856.0,5602.0,13.0,1,
505901,1846.5,164.3,153.9,34.5,1393.0,4981.0,7.0,1,
506001,1844.9,161.9,155.8,37.5,1102.0,3875.0,6.0,1,
506101,1874.0,195.7,157.5,201.1,1825.0,4159.0,7.0,1,
506201,1863.6,208.5,159.3,226.1,1509.0,3886.0,7.0,1,
506301,1850.6,53.6,158.6,265.3,480.0,2395.0,6.0,1,
506501,1861.0,16.2,158.6,232.1,480.0,2395.0,6.0,1,
506601,1860.7,15.2,158.6,215.9,480.0,2395.0,6.0,1,
506701,1860.1,14.0,158.6,177.5,480.0,2395.0,6.0,1,
506801,1861.1,13.9,158.6,177.6,480.0,2395.0,6.0,1,
506901,1859.7,12.1,158.6,186.6,480.0,2395.0,6.0,1,
507001,1859.9,11.4,158.5,178.5,480.0,2395.0,6.0,1,
507101,1860.7,12.8,158.5,177.2,480.0,2395.0,6.0,1,
507201,1860.2,12.0,158.5,177.7,480.0,2395.0,6.0,1,
507301,1861.3,144.3,158.2,50.9,799.0,7065.0,16.0,1,
507501,1834.9,161.9,180.8,55.7,1846.0,5813.0,7.0,1,
507601,1873.5,217.1,177.4,132.4,538.0,3126.0,6.0,1,
507701,1867.6,221.6,178.1,200.5,569.0,2878.0,6.0,1,
507801,1866.4,261.3,177.0,262.8,1594.0,3717.0,6.0,1,
507901,1859.5,112.2,177.5,267.8,338.0,2145.0,6.0,1,
508001,1858.8,17.0,177.5,269.7,338.0,2145.0,6.0,1,
508101,1860.9,12.1,177.5,249.6,338.0,2145.0,6.0,1,
508201,1860.6,11.9,177.4,195.9,338.0,2145.0,6.0,1,
508301,1860.5,12.7,177.4,106.9,338.0,2145.0,6.0,1,
508501,1859.9,11.3,177.4,198.8,338.0,2145.0,6.0,1,
508601,1860.9,12.1,177.4,199.2,338.0,2145.0,6.0,1,
508701,1859.9,10.5,177.4,185.6,338.0,2145.0,6.0,1,
508801,1859.7,10.1,177.4,177.9,338.0,2145.0,6.0,1,
508901,1860.6,38.1,177.4,145.1,338.0,2145.0,6.0,1,
509001,1856.1,240.9,174.1,29.9,943.0,5880.0,17.0,1,
509101,1845.1,186.0,172.6,29.8,976.0,4595.0,8.0,1,
509201,1871.4,209.1,175.8,57.5,1263.0,4351.0,6.0,1,
509301,1863.1,209.9,175.0,157.6,1007.0,3685.0,6.0,1,
509501,1850.9,186.1,164.8,190.1,725.0,2954.0,6.0,1,
509601,1868.5,19.2,163.6,201.0,562.0,2579.0,6.0,1,
509701,1860.7,11.7,163.6,189.1,562.0,2579.0,6.0,1,
509801,1860.6,11.7,163.6,123.1,562.0,2579.0,6.0,1,
509901,1860.3,10.2,163.6,37.5,562.0,2579.0,6.0,1,
510001,1859.8,10.7,163.5,72.9,562.0,2579.0,6.0,1,
510101,1859.9,12.6,163.5,149.4,562.0,2579.0,6.0,1,
510201,1861.1,11.5,163.6,186.4,562.0,2579.0,6.0,1,
510301,1860.4,11.7,163.6,178.6,562.0,2579.0,6.0,1,
510501,1859.8,11.5,163.6,198.4,562.0,2579.0,6.0,1,
510601,1840.8,156.0,164.2,37.4,831.0,7018.0,20.0,1,
510701,1877.2,248.5,162.0,35.4,1210.0,4866.0,6.0,1,
510801,1868.0,236.2,160.5,35.1,2029.0,5367.0,6.0,1,
510901,1863.8,239.7,166.4,113.4,2006.0,4442.0,5.0,1,
511001,1845.0,68.5,163.5,235.0,669.0,3489.0,9.0,1,
511101,1847.2,38.1,152.6,228.8,759.0,3864.0,10.0,1,
511201,1878.1,13.4,148.7,169.7,799.0,3997.0,10.0,1,
511301,1861.1,14.7,148.7,85.8,799.0,3997.0,10.0,1,
511501,1859.3,14.9,148.8,55.3,799.0,3997.0,10.0,1,
511601,1859.6,16.3,148.8,124.2,799.0,3997.0,10.0,1,
511701,1860.1,15.8,148.9,239.9,799.0,3997.0,10.0,1,
511801,1859.8,16.1,148.9,241.1,799.0,3997.0,10.0,1,
511901,1860.5,16.8,149.0,240.6,799.0,3997.0,10.0,1,
512001,1860.7,15.9,149.0,240.2,799.0,3997.0,10.0,1,
512101,1859.6,15.6,149.1,240.6,799.0,3997.0,10.0,1,
512201,1830.7,245.9,150.5,39.2,801.0,7061.0,15.0,1,
512301,1879.7,233.2,168.8,30.1,849.0,5720.0,18.0,1,
512501,1861.8,170.0,170.5,147.1,1725.0,4795.0,6.0,1,
512601,1850.7,102.5,159.9,231.6,579.0,3403.0,10.0,1,
512701,1853.3,83.9,160.2,214.0,608.0,3292.0,10.0,1,
512801,1871.8,31.0,162.2,152.4,570.0,3049.0,10.0,1,
512901,1859.2,15.4,162.2,74.5,570.0,3049.0,10.0,1,
513001,1860.0,16.5,162.2,70.4,570.0,3049.0,10.0,1,
513101,1860.2,16.9,162.2,69.3,570.0,3049.0,10.0,1,
513201,1860.3,16.4,162.2,71.0,570.0,3049.0,10.0,1,
513301,1860.2,16.8,162.2,240.2,570.0,3049.0,10.0,1,
513501,1860.7,17.9,162.3,240.6,570.0,3049.0,10.0,1,
513601,1859.9,17.6,162.3,240.5,570.0,3049.0,10.0,1,
513701,1859.8,18.5,162.3,240.2,570.0,3049.0,10.0,1,
513801,1833.8,82.0,160.9,240.5,860.0,6897.0,19.0,1,
513901,1888.9,135.8,138.1,36.1,840.0,6203.0,20.0,1,
514001,1871.0,77.2,120.9,35.7,766.0,5501.0,21.0,1,
514101,1845.1,87.6,90.8,36.5,630.0,4396.0,22.0,1,
514201,1845.7,77.4,90.2,49.5,539.0,3315.0,24.0,1,
514301,1865.6,63.3,89.9,56.9,539.0,2903.0,10.0,1,
514501,1863.3,16.8,89.3,74.0,539.0,2903.0,10.0,1,
514601,1861.1,16.3,89.3,75.2,539.0,2903.0,10.0,1,
514701,1860.5,15.8,89.3,76.4,539.0,2903.0,10.0,1,
514801,1860.0,17.5,89.3,74.0,539.0,2903.0,10.0,1,
514901,1860.1,18.1,89.3,237.4,539.0,2903.0,10.0,1,
515001,1860.5,17.5,89.3,240.1,539.0,2903.0,10.0,1,
515101,1860.2,17.3,89.3,240.8,539.0,2903.0,10.0,1,
515201,1860.3,18.0,89.2,241.0,539.0,2903.0,10.0,1,
515301,1859.9,17.3,89.2,240.4,539.0,2903.0,10.0,1,
515501,1867.7,186.2,89.0,37.1,810.0,6404.0,21.0,1,
515601,1860.7,144.0,87.5,35.6,748.0,5220.0,21.0,1,
515701,1843.3,76.7,88.2,36.8,708.0,4174.0,23.0,1,
515801,1856.2,86.1,89.8,50.2,663.0,3872.0,10.0,1,
515901,1861.9,177.6,116.8,56.7,1896.0,4154.0,6.0,1,
516001,1865.1,34.2,117.4,72.5,788.0,3876.0,10.0,1,
516101,1859.7,17.1,115.3,135.5,805.0,3900.0,8.0,1,
516201,1861.4,15.4,115.3,157.5,805.0,3900.0,8.0,1,
516301,1859.9,15.8,115.3,135.8,805.0,3900.0,8.0,1,
516501,1860.4,10.5,115.2,123.7,805.0,3900.0,8.0,1,
516601,1860.2,7.3,115.1,134.2,805.0,3900.0,8.0,1,
516701,1860.9,6.7,115.0,117.9,805.0,3900.0,8.0,1,
516801,1859.9,5.7,114.9,117.0,805.0,3900.0,8.0,1,
516901,1857.9,8.9,114.8,142.1,805.0,3900.0,8.0,1,
517001,1858.4,6.8,114.7,113.6,805.0,3900.0,8.0,1,
517101,1874.9,136.0,115.5,36.0,753.0,6878.0,21.0,1,
517201,1849.5,307.8,123.7,35.0,1054.0,5081.0,16.0,1,
517301,1834.5,154.6,140.1,34.3,761.0,5209.0,19.0,1,
517501,1871.5,241.5,150.2,85.6,925.0,3330.0,12.0,1,
517601,1862.6,269.5,160.2,78.4,719.0,3293.0,12.0,1,
517701,1855.0,44.6,170.4,84.9,508.0,2701.0,13.0,1,
517801,1854.9,11.6,170.3,86.7,508.0,2701.0,13.0,1,
517901,1866.2,9.0,170.3,116.3,508.0,2701.0,13.0,1,
518001,1863.0,8.9,170.3,156.4,508.0,2701.0,13.0,1,
518101,1863.4,12.1,170.3,157.8,508.0,2701.0,13.0,1,
518201,1883.4,18.7,170.7,108.6,508.0,2701.0,13.0,1,
518301,1858.0,17.7,170.7,110.4,508.0,2701.0,13.0,1,
518501,1859.5,12.6,171.0,56.1,508.0,2701.0,13.0,1,
518601,1870.9,25.7,171.2,49.5,508.0,2701.0,13.0,1,
518701,1820.1,126.4,170.1,44.5,745.0,6825.0,20.0,1,
518801,1841.9,262.8,174.9,35.0,2176.0,7604.0,19.0,1,
518901,1863.7,260.4,171.9,36.8,1662.0,5504.0,17.0,1,
519001,1870.4,277.8,185.9,137.1,2001.0,5366.0,16.0,1,
519101,1865.7,75.8,182.6,206.4,584.0,3872.0,19.0,1,
519201,1860.5,57.5,169.9,189.1,651.0,3981.0,14.0,1,
519301,1860.0,28.2,154.8,158.5,594.0,3738.0,14.0,1,
519501,1858.6,10.2,154.8,55.5,594.0,3738.0,14.0,1,
519601,1862.9,10.6,154.8,38.3,594.0,3738.0,14.0,1,
519701,1865.0,10.7,154.8,35.5,594.0,3738.0,14.0,1,
519801,1861.7,10.2,154.6,133.0,594.0,3738.0,14.0,1,
519901,1860.2,10.7,154.6,123.7,594.0,3738.0,14.0,1,
520001,1860.4,10.0,154.4,164.5,594.0,3738.0,14.0,1,
520101,1859.9,10.3,154.4,172.7,594.0,3738.0,14.0,1,
520201,1860.1,11.4,154.3,149.7,594.0,3738.0,14.0,1,
520301,1855.9,153.3,153.9,201.6,594.0,3738.0,14.0,1,
520501,1871.4,286.2,159.3,34.7,701.0,4575.0,18.0,1,
520601,1868.8,293.0,158.0,40.1,579.0,3743.0,9.0,1,
520701,1865.1,274.9,163.1,158.7,1995.0,4702.0,5.0,1,
520801,1853.8,116.3,175.9,214.9,1940.0,4774.0,8.0,1,
520901,1846.5,46.6,175.8,188.5,601.0,3711.0,10.0,1,
521001,1878.2,12.5,175.8,157.7,601.0,3711.0,10.0,1,
521101,1859.8,9.8,175.8,155.6,601.0,3711.0,10.0,1,
521201,1860.1,9.6,175.8,70.3,601.0,3711.0,10.0,1,
521301,1859.3,11.8,175.7,34.7,601.0,3711.0,10.0,1,
521501,1859.7,9.2,175.7,122.2,601.0,3711.0,10.0,1,
521601,1860.6,9.1,175.7,133.2,601.0,3711.0,10.0,1,
521701,1859.2,9.3,175.6,153.1,601.0,3711.0,10.0,1,
521801,1861.4,9.0,175.7,167.5,601.0,3711.0,10.0,1,
521901,1861.0,9.8,175.7,189.0,601.0,3711.0,10.0,1,
522001,1840.9,310.1,181.9,29.4,2163.0,7316.0,10.0,1,
522101,1877.3,288.2,188.2,30.0,1808.0,5801.0,10.0,1,
522201,1865.7,246.9,184.0,47.0,1431.0,4839.0,9.0,1,
522301,1843.4,103.9,169.3,149.7,705.0,4459.0,14.0,1,
522501,1862.1,88.0,158.5,85.8,676.0,3862.0,11.0,1,
522601,1867.3,16.7,158.7,69.9,725.0,3962.0,10.0,1,
522701,1860.4,9.8,158.7,57.3,725.0,3962.0,10.0,1,
522801,1861.4,10.0,158.7,55.1,725.0,3962.0,10.0,1,
522901,1857.2,10.8,158.7,53.6,725.0,3962.0,10.0,1,
523001,1858.3,9.7,158.7,72.5,725.0,3962.0,10.0,1,
523101,1856.6,10.7,158.6,110.2,725.0,3962.0,10.0,1,
523201,1857.9,10.3,158.6,111.5,725.0,3962.0,10.0,1,
523301,1859.8,10.2,158.6,105.5,725.0,3962.0,10.0,1,
523501,1860.1,11.3,158.6,123.8,725.0,3962.0,10.0,1,
523601,1841.0,139.3,151.9,49.9,897.0,7163.0,16.0,1,
523701,1883.9,286.6,145.3,30.0,1375.0,6157.0,18.0,1,
523801,1868.6,228.5,132.3,34.3,1444.0,5620.0,20.0,1,
523901,1838.8,275.5,138.8,94.7,1743.0,4794.0,10.0,1,
524001,1853.2,215.5,155.4,228.1,1688.0,4145.0,16.0,1,
524101,1867.9,197.8,162.0,254.5,1455.0,4033.0,6.0,1,
524201,1867.0,58.4,167.7,244.9,417.0,2471.0,8.0,1,
524301,1861.7,14.4,167.8,263.3,417.0,2471.0,8.0,1,
524501,1862.4,11.8,167.9,92.8,417.0,2471.0,8.0,1,
524601,1861.7,11.8,167.9,44.9,417.0,2471.0,8.0,1,
524701,1860.7,12.4,168.0,107.9,417.0,2471.0,8.0,1,
524801,1861.0,11.7,168.1,150.2,417.0,2471.0,8.0,1,
524901,1861.7,12.6,168.1,213.5,417.0,2471.0,8.0,1,
525001,1860.8,12.4,168.1,177.9,417.0,2471.0,8.0,1,
525101,1861.2,11.7,168.2,168.8,417.0,2471.0,8.0,1,
525201,1863.5,118.8,169.4,47.1,417.0,2471.0,8.0,1,
525301,1873.0,121.8,164.3,35.7,830.0,6601.0,22.0,1,
525501,1839.5,153.0,155.7,34.3,1944.0,5311.0,10.0,1,
525601,1863.2,72.5,135.4,157.4,597.0,3722.0,13.0,1,
525701,1863.1,93.6,123.8,194.4,657.0,3891.0,14.0,1,
525801,1862.3,40.0,102.9,165.5,555.0,3585.0,10.0,1,
525901,1856.9,13.2,102.9,75.2,555.0,3585.0,10.0,1,
526001,1862.1,11.6,102.9,55.1,555.0,3585.0,10.0,1,
526101,1861.0,12.6,102.9,48.0,555.0,3585.0,10.0,1,
526201,1860.3,12.1,102.9,35.7,555.0,3585.0,10.0,1,
526301,1860.7,12.0,102.9,116.7,555.0,3585.0,10.0,1,
526501,1860.8,12.8,102.9,201.8,555.0,3585.0,10.0,1,
526601,1861.2,12.1,102.9,178.6,555.0,3585.0,10.0,1,
526701,1861.0,12.6,102.9,178.7,555.0,3585.0,10.0,1,
526801,1860.4,12.3,102.9,186.6,555.0,3585.0,10.0,1,
526901,1875.8,130.6,99.1,34.7,879.0,7136.0,15.0,1,
527001,1832.9,233.4,105.4,30.1,1301.0,5868.0,11.0,1,
527101,1862.8,290.4,123.2,34.5,882.0,3915.0,19.0,1,
527201,1869.5,233.1,139.8,133.1,1414.0,3744.0,5.0,1,
527301,1866.8,243.7,155.8,169.6,1095.0,3223.0,4.0,1,
527501,1857.7,25.9,172.7,233.9,353.0,2345.0,4.0,1,
527601,1861.4,13.6,172.7,157.5,353.0,2345.0,4.0,1,
527701,1859.8,12.4,172.7,53.0,353.0,2345.0,4.0,1,
527801,1861.3,12.7,172.7,37.8,353.0,2345.0,4.0,1,
527901,1861.1,13.9,172.7,67.0,353.0,2345.0,4.0,1,
528001,1861.1,13.0,172.7,136.6,353.0,2345.0,4.0,1,
528101,1861.5,12.7,172.7,168.8,353.0,2345.0,4.0,1,
528201,1861.0,13.7,172.7,132.9,353.0,2345.0,4.0,1,
528301,1861.2,13.2,172.7,118.0,353.0,2345.0,4.0,1,
528501,1853.0,125.4,171.9,38.6,894.0,7102.0,15.0,1,
528601,1840.6,93.7,170.3,35.3,734.0,4978.0,23.0,1,
528701,1873.7,197.1,165.2,35.2,2027.0,4870.0,19.0,1,
528801,1870.6,68.8,153.6,41.7,624.0,3682.0,13.0,1,
528901,1864.7,46.0,136.7,88.7,565.0,3046.0,24.0,1,
529001,1847.7,65.9,117.4,141.5,542.0,2874.0,14.0,1,
529101,1869.8,23.8,105.3,106.3,525.0,2830.0,15.0,1,
529201,1860.8,12.8,105.3,74.2,525.0,2830.0,15.0,1,
529301,1859.9,11.9,105.3,73.2,525.0,2830.0,15.0,1,
529501,1859.7,13.4,105.3,77.3,525.0,2830.0,15.0,1,
529601,1860.7,13.3,105.3,117.3,525.0,2830.0,15.0,1,
529701,1861.3,14.2,105.3,116.2,525.0,2830.0,15.0,1,
529801,1860.7,14.1,105.3,142.9,525.0,2830.0,15.0,1,
529901,1860.8,13.0,105.3,169.4,525.0,2830.0,15.0,1,
530001,1860.4,13.1,105.3,147.3,525.0,2830.0,15.0,1,
530101,1844.9,220.1,109.0,44.2,876.0,7587.0,17.0,1,
530201,1862.5,289.5,146.0,34.2,1178.0,4772.0,16.0,1,
530301,1871.3,196.3,159.0,57.0,798.0,3782.0,19.0,1,
530501,1858.3,89.8,156.5,170.7,515.0,2975.0,23.0,1,
530601,1843.3,91.8,157.4,201.0,528.0,3013.0,14.0,1,
530701,1869.9,33.4,156.8,198.4,532.0,2847.0,22.0,1,
530801,1859.8,12.7,156.9,75.0,532.0,2847.0,22.0,1,
530901,1860.8,13.0,156.9,68.8,532.0,2847.0,22.0,1,
531001,1860.8,13.6,156.9,53.7,532.0,2847.0,22.0,1,
531101,1861.0,13.2,156.9,56.5,532.0,2847.0,22.0,1,
531201,1860.6,13.5,156.9,135.1,532.0,2847.0,22.0,1,
531301,1860.8,12.8,156.9,177.0,532.0,2847.0,22.0,1,
531501,1861.0,11.1,156.8,146.4,532.0,2847.0,22.0,1,
531601,1859.9,9.6,156.8,137.2,532.0,2847.0,22.0,1,
531701,1827.1,89.2,156.5,118.0,800.0,7043.0,16.0,1,
531801,1885.6,316.5,142.2,29.5,2130.0,6583.0,10.0,1,
531901,1871.2,265.5,144.4,29.7,1821.0,4705.0,18.0,1,
532001,1868.3,54.7,143.7,42.1,682.0,3621.0,24.0,1,
532101,1847.0,231.3,151.5,99.2,1119.0,3341.0,19.0,1,
532201,1853.7,81.0,160.8,156.8,566.0,2829.0,7.0,1,
532301,1870.3,48.6,160.6,156.0,637.0,2966.0,7.0,1,
532501,1861.1,10.2,160.5,141.4,637.0,2966.0,7.0,1,
532601,1861.2,10.5,160.5,78.9,637.0,2966.0,7.0,1,
532701,1860.6,10.3,160.5,56.1,637.0,2966.0,7.0,1,
532801,1860.2,10.8,160.5,102.3,637.0,2966.0,7.0,1,
532901,1860.7,10.5,160.5,132.6,637.0,2966.0,7.0,1,
533001,1860.2,10.2,160.5,122.5,637.0,2966.0,7.0,1,
533101,1860.5,10.7,160.5,131.9,637.0,2966.0,7.0,1,
533201,1861.0,10.7,160.5,118.0,637.0,2966.0,7.0,1,
533301,1861.1,29.8,160.5,118.1,637.0,2966.0,7.0,1,
533501,1869.8,191.9,147.2,35.4,2077.0,5927.0,10.0,1,
533601,1852.2,62.8,137.0,38.8,677.0,3942.0,23.0,1,
533701,1843.6,75.3,135.0,74.6,647.0,3625.0,25.0,0,
533801,1865.0,69.9,116.9,134.9,577.0,3166.0,11.0,1,
533901,1868.7,97.6,116.7,76.0,666.0,3160.0,7.0,1,
534001,1865.0,17.9,119.0,74.3,666.0,3160.0,7.0,1,
534101,1861.6,10.5,119.0,76.3,666.0,3160.0,7.0,1,
534201,1860.6,11.1,119.0,85.0,666.0,3160.0,7.0,1,
534301,1859.9,9.8,119.1,85.9,666.0,3160.0,7.0,1,
534501,1860.3,10.0,119.0,110.2,666.0,3160.0,7.0,1,
534601,1860.3,9.1,119.0,123.6,666.0,3160.0,7.0,1,
534701,1861.8,10.3,119.0,132.8,666.0,3160.0,7.0,1,
534801,1860.9,11.1,119.0,133.7,666.0,3160.0,7.0,1,
534901,1860.2,9.9,119.0,140.1,666.0,3160.0,7.0,1,
535001,1871.9,294.2,127.1,28.3,1277.0,6497.0,10.0,1,
535101,1857.8,151.5,123.3,35.0,2196.0,7496.0,16.0,1,
535201,1843.0,122.8,121.7,38.9,703.0,4198.0,23.0,1,
535301,1858.9,93.8,121.1,55.7,537.0,3333.0,23.0,1,
535501,1863.5,71.9,120.7,73.9,522.0,2839.0,15.0,1,
535601,1860.1,21.7,118.8,74.0,448.0,2310.0,14.0,1,
535701,1861.0,10.3,118.8,73.4,448.0,2310.0,14.0,1,
535801,1861.0,9.8,118.8,70.5,448.0,2310.0,14.0,1,
535901,1860.7,11.0,118.8,68.1,448.0,2310.0,14.0,1,
536001,1860.5,10.6,118.8,85.5,448.0,2310.0,14.0,1,
536101,1860.3,9.6,118.8,135.7,448.0,2310.0,14.0,1,
536201,1860.6,10.8,118.8,134.2,448.0,2310.0,14.0,1,
536301,1860.2,10.4,118.8,164.4,448.0,2310.0,14.0,1,
536501,1860.0,10.6,118.8,169.7,448.0,2310.0,14.0,1,
536601,1873.7,92.2,118.5,52.7,789.0,6926.0,20.0,1,
536701,1839.4,256.8,110.5,29.7,2141.0,6732.0,10.0,1,
536801,1843.6,80.5,112.3,34.9,637.0,3862.0,23.0,1,
536901,1864.0,54.5,109.4,53.3,614.0,3356.0,24.0,1,
537001,1865.4,72.4,109.3,94.4,565.0,3137.0,26.0,0,
537101,1867.6,64.7,109.7,140.7,543.0,2998.0,15.0,1,
537201,1859.8,40.2,110.7,73.3,530.0,2914.0,10.0,1,
537301,1856.1,13.0,110.7,73.3,530.0,2914.0,10.0,1,
537501,1861.1,10.6,110.7,52.9,530.0,2914.0,10.0,1,
537601,1859.2,10.1,110.7,47.1,530.0,2914.0,10.0,1,
537701,1860.8,10.7,110.7,156.7,530.0,2914.0,10.0,1,
537801,1860.5,10.8,110.8,211.0,530.0,2914.0,10.0,1,
537901,1859.7,9.5,110.8,237.8,530.0,2914.0,10.0,1,
538001,1861.0,10.6,110.7,176.1,530.0,2914.0,10.0,1,
538101,1860.3,8.7,110.7,169.7,530.0,2914.0,10.0,1,
538201,1860.0,143.9,110.7,170.3,530.0,2914.0,10.0,1,
538301,1851.2,253.8,97.8,37.8,925.0,6737.0,14.0,1,
538501,1867.4,108.3,118.4,38.2,525.0,3541.0,14.0,1,
538601,1864.8,99.9,119.0,71.7,543.0,3397.0,14.0,1,
538701,1863.5,89.9,118.9,114.5,439.0,2378.0,16.0,1,
538801,1845.6,49.0,118.1,56.9,368.0,2018.0,11.0,1,
538901,1871.3,16.7,118.1,55.3,418.0,2157.0,16.0,1,
539001,1860.0,13.4,118.1,66.8,418.0,2157.0,16.0,1,
539101,1860.4,13.5,118.1,68.8,418.0,2157.0,16.0,1,
539201,1860.2,13.7,118.2,87.7,418.0,2157.0,16.0,1,
539301,1860.1,13.2,118.2,238.0,418.0,2157.0,16.0,1,
539501,1860.9,13.3,118.3,227.7,418.0,2157.0,16.0,1,
539601,1860.3,12.5,118.3,238.9,418.0,2157.0,16.0,1,
539701,1860.2,12.5,118.3,239.3,418.0,2157.0,16.0,1,
539801,1860.7,13.9,118.3,240.1,418.0,2157.0,16.0,1,
539901,1836.2,211.9,124.0,36.0,1263.0,5730.0,11.0,1,
540001,1878.7,205.1,117.4,35.1,1788.0,5666.0,10.0,1,
540101,1863.9,89.7,132.1,82.3,701.0,4109.0,13.0,1,
540201,1861.1,76.9,131.8,158.7,626.0,3635.0,13.0,1,
540301,1850.6,53.1,131.4,168.1,534.0,3039.0,13.0,1,
540501,1868.0,18.7,131.2,68.5,463.0,2567.0,18.0,1,
540601,1860.9,14.6,131.2,67.2,463.0,2567.0,18.0,1,
540701,1860.5,14.4,131.2,72.0,463.0,2567.0,18.0,1,
540801,1860.2,13.4,131.3,75.1,463.0,2567.0,18.0,1,
540901,1860.3,12.7,131.2,166.3,463.0,2567.0,18.0,1,
541001,1861.0,14.6,131.2,237.9,463.0,2567.0,18.0,1,
541101,1860.6,14.7,131.3,240.1,463.0,2567.0,18.0,1,
541201,1860.6,15.5,131.3,240.2,463.0,2567.0,18.0,1,
541301,1861.7,16.4,131.3,240.0,463.0,2567.0,18.0,1,
541501,1830.9,121.1,125.5,74.4,940.0,7181.0,15.0,1,
541601,1883.5,280.0,119.3,34.3,1347.0,5155.0,7.0,1,
541701,1864.8,124.7,126.2,42.1,1699.0,4348.0,8.0,1,
541801,1845.4,67.4,127.0,130.0,505.0,2972.0,15.0,1,
541901,1851.7,55.0,126.3,138.9,427.0,2441.0,10.0,1,
542001,1867.7,59.1,127.0,93.0,301.0,1564.0,19.0,1,
542101,1871.6,28.4,127.7,74.5,301.0,1462.0,2.0,0,
542201,1860.0,17.2,127.7,86.7,301.0,1462.0,2.0,0,
542301,1860.0,16.5,127.8,169.7,301.0,1462.0,2.0,0,
542501,1860.5,16.9,127.8,177.4,301.0,1462.0,2.0,0,
542601,1861.0,15.6,127.9,240.8,301.0,1462.0,2.0,0,
542701,1860.7,16.0,127.9,240.5,301.0,1462.0,2.0,0,
542801,1861.6,16.4,127.9,240.1,301.0,1462.0,2.0,0,
542901,1861.0,14.2,127.9,240.3,301.0,1462.0,2.0,0,
543001,1861.0,13.4,127.9,239.9,301.0,1462.0,2.0,0,
543101,1852.4,132.4,129.3,68.9,301.0,1462.0,2.0,0,
543201,1882.4,256.9,129.9,37.6,933.0,5374.0,10.0,1,
543301,1857.6,126.4,105.1,35.5,643.0,4135.0,14.0,1,
543501,1851.7,81.3,105.3,86.1,426.0,2362.0,26.0,0,
543601,1859.4,83.2,103.6,93.9,358.0,1972.0,2.0,0,
543701,1864.6,37.4,103.5,73.5,410.0,2461.0,7.0,1,
543801,1862.2,17.5,103.6,93.0,410.0,2461.0,7.0,1,
543901,1861.1,18.3,103.6,123.7,410.0,2461.0,7.0,1,
544001,1861.4,18.2,103.6,80.0,410.0,2461.0,7.0,1,
544101,1860.5,14.8,103.6,92.7,410.0,2461.0,7.0,1,
544201,1860.3,14.4,103.6,132.0,410.0,2461.0,7.0,1,
544301,1860.7,15.1,103.6,239.6,410.0,2461.0,7.0,1,
544501,1860.4,15.5,103.6,239.6,410.0,2461.0,7.0,1,
544601,1861.2,16.6,103.6,239.7,410.0,2461.0,7.0,1,
544701,1861.0,21.6,103.7,239.7,410.0,2461.0,7.0,1,
544801,1876.8,114.3,103.3,36.6,937.0,6856.0,14.0,1,
544901,1837.7,109.3,79.0,36.0,826.0,5535.0,20.0,1,
545001,1847.2,80.1,78.8,37.6,556.0,3883.0,21.0,1,
545101,1869.0,73.2,78.8,47.2,427.0,2574.0,18.0,1,
545201,1867.2,59.1,80.3,54.7,379.0,2215.0,11.0,1,
545301,1862.3,63.3,80.4,55.4,503.0,2628.0,10.0,1,
545501,1861.0,16.1,80.4,85.9,503.0,2628.0,10.0,1,
545601,1860.0,14.2,80.3,73.8,503.0,2628.0,10.0,1,
545701,1858.2,16.3,80.3,74.1,503.0,2628.0,10.0,1,
545801,1859.8,14.5,80.3,229.2,503.0,2628.0,10.0,1,
545901,1859.6,13.9,80.3,165.8,503.0,2628.0,10.0,1,
546001,1859.5,14.9,80.3,123.7,503.0,2628.0,10.0,1,
546101,1860.3,15.2,80.3,237.8,503.0,2628.0,10.0,1,
546201,1860.4,14.2,80.3,177.3,503.0,2628.0,10.0,1,
546301,1860.3,15.8,80.3,176.8,503.0,2628.0,10.0,1,
546501,1825.5,142.2,82.2,36.8,798.0,5785.0,19.0,1,
546601,1860.5,98.0,84.1,35.9,613.0,3568.0,22.0,1,
546701,1867.8,63.9,85.2,39.6,445.0,2394.0,21.0,1,
546801,1867.6,51.6,84.3,53.8,375.0,2036.0,20.0,1,
546901,1864.3,65.2,83.4,52.4,301.0,1810.0,19.0,1,
547001,1856.9,23.6,83.6,55.1,356.0,1991.0,19.0,1,
547101,1860.8,13.5,83.5,88.4,356.0,1991.0,19.0,1,
547201,1858.6,14.0,83.5,55.5,356.0,1991.0,19.0,1,
547301,1862.0,12.9,83.4,42.5,356.0,1991.0,19.0,1,
547501,1859.8,13.9,83.4,198.5,356.0,1991.0,19.0,1,
547601,1860.8,15.5,83.4,177.6,356.0,1991.0,19.0,1,
547701,1860.8,14.3,83.3,178.6,356.0,1991.0,19.0,1,
547801,1860.2,13.8,83.3,221.1,356.0,1991.0,19.0,1,
547901,1860.6,14.0,83.3,237.4,356.0,1991.0,19.0,1,
548001,1862.3,139.3,77.6,49.0,883.0,7922.0,16.0,1,
548101,1837.1,170.8,78.8,30.2,858.0,6550.0,21.0,1,
548201,1869.8,126.8,106.6,30.0,2005.0,5171.0,19.0,1,
548301,1861.2,51.1,104.2,45.0,472.0,2612.0,22.0,1,
548501,1855.3,70.8,104.6,159.2,310.0,1839.0,20.0,1,
548601,1860.8,31.6,104.4,133.3,306.0,1785.0,20.0,1,
548701,1857.8,13.2,104.4,130.1,306.0,1785.0,20.0,1,
548801,1861.7,12.7,104.4,73.5,306.0,1785.0,20.0,1,
548901,1861.0,13.5,104.4,35.5,306.0,1785.0,20.0,1,
549001,1859.5,13.2,104.4,39.2,306.0,1785.0,20.0,1,
549101,1860.4,14.9,104.4,132.5,306.0,1785.0,20.0,1,
549201,1861.2,14.1,104.4,165.9,306.0,1785.0,20.0,1,
549301,1860.0,14.7,104.4,135.0,306.0,1785.0,20.0,1,
549501,1860.7,14.2,104.4,237.4,306.0,1785.0,20.0,1,
549601,1838.2,107.4,104.5,238.0,306.0,1785.0,20.0,1,
549701,1865.0,274.1,118.0,29.9,2100.0,6273.0,11.0,1,
549801,1870.1,98.9,108.3,30.0,683.0,3958.0,22.0,1,
549901,1869.9,64.5,108.4,43.5,669.0,3645.0,22.0,1,
550001,1860.7,87.6,110.7,133.6,615.0,3448.0,24.0,1,
550101,1842.8,76.6,111.4,137.4,513.0,2906.0,20.0,1,
550201,1857.2,59.0,112.0,73.9,404.0,2261.0,18.0,1,
550301,1869.4,13.4,112.1,74.6,404.0,2261.0,18.0,1,
550501,1860.4,12.2,112.0,40.7,404.0,2261.0,18.0,1,
550601,1861.4,10.4,112.0,37.2,404.0,2261.0,18.0,1,
550701,1860.8,8.6,112.0,107.1,404.0,2261.0,18.0,1,
550801,1860.3,9.0,111.9,104.5,404.0,2261.0,18.0,1,
550901,1862.4,8.4,111.8,117.3,404.0,2261.0,18.0,1,
551001,1861.2,9.1,111.8,134.6,404.0,2261.0,18.0,1,
551101,1860.7,10.9,111.7,130.2,404.0,2261.0,18.0,1,
551201,1861.0,8.5,111.7,138.6,404.0,2261.0,18.0,1,
551301,1850.3,144.6,103.7,37.6,937.0,6919.0,15.0,1,
551501,1866.7,73.8,109.2,46.9,497.0,2778.0,22.0,1,
551601,1847.9,71.9,106.5,163.6,425.0,2380.0,22.0,1,
551701,1851.5,56.9,105.4,200.0,344.0,1794.0,21.0,1,
551801,1862.4,79.6,104.5,158.3,466.0,2192.0,19.0,1,
551901,1871.5,17.8,105.3,105.9,466.0,2192.0,19.0,1,
552001,1856.6,11.5,105.3,77.4,466.0,2192.0,19.0,1,
552101,1858.4,9.3,105.3,71.8,466.0,2192.0,19.0,1,
552201,1859.3,11.6,105.3,56.1,466.0,2192.0,19.0,1,
552301,1858.8,10.6,105.3,71.1,466.0,2192.0,19.0,1,
552501,1860.4,12.2,105.3,133.6,466.0,2192.0,19.0,1,
552601,1858.7,12.2,105.4,178.1,466.0,2192.0,19.0,1,
552701,1860.3,12.4,105.4,130.8,466.0,2192.0,19.0,1,
552801,1859.5,12.9,105.4,132.3,466.0,2192.0,19.0,1,
552901,1858.9,203.1,103.8,29.9,1304.0,6400.0,11.0,1,
553001,1867.5,284.3,113.4,34.9,1050.0,4966.0,7.0,1,
553101,1851.6,174.8,117.8,66.3,1012.0,4165.0,7.0,1,
553201,1836.3,148.7,129.1,106.9,839.0,3386.0,7.0,1,
553301,1871.9,163.0,141.5,157.6,907.0,3268.0,6.0,1,
553501,1856.2,37.8,156.7,201.8,677.0,3131.0,7.0,1,
553601,1861.0,10.5,156.8,201.6,677.0,3131.0,7.0,1,
553701,1860.3,9.7,156.8,203.3,677.0,3131.0,7.0,1,
553801,1859.2,11.2,156.9,220.7,677.0,3131.0,7.0,1,
553901,1860.1,9.4,156.9,220.7,677.0,3131.0,7.0,1,
554001,1859.5,10.6,156.8,103.0,677.0,3131.0,7.0,1,
554101,1858.7,10.5,156.8,123.7,677.0,3131.0,7.0,1,
554201,1860.1,9.8,156.8,142.3,677.0,3131.0,7.0,1,
554301,1860.2,11.0,156.8,175.2,677.0,3131.0,7.0,1,
554501,1863.4,60.5,156.1,75.7,773.0,6663.0,16.0,1,
554601,1873.8,219.6,149.5,30.0,1713.0,6480.0,8.0,1,
554701,1835.2,158.4,143.1,35.2,1503.0,5402.0,7.0,1,
554801,1856.1,180.2,145.8,74.4,1139.0,4230.0,7.0,1,
554901,1871.1,147.3,144.8,190.4,1885.0,4776.0,7.0,1,
555001,1867.6,147.9,143.7,203.6,1776.0,4698.0,6.0,1,
555101,1856.4,92.0,146.1,200.6,682.0,2972.0,6.0,1,
555201,1859.6,15.8,146.1,182.8,682.0,2972.0,6.0,1,
555301,1863.8,12.0,146.2,155.6,682.0,2972.0,6.0,1,
555501,1862.1,13.0,146.3,38.0,682.0,2972.0,6.0,1,
555601,1861.5,13.4,146.4,102.2,682.0,2972.0,6.0,1,
555701,1862.6,13.0,146.4,88.6,682.0,2972.0,6.0,1,
555801,1861.8,13.4,146.5,94.4,682.0,2972.0,6.0,1,
555901,1861.0,14.1,146.5,123.3,682.0,2972.0,6.0,1,
556001,1861.3,12.9,146.5,176.8,682.0,2972.0,6.0,1,
556101,1860.7,146.5,146.5,178.2,682.0,2972.0,6.0,1,
556201,1864.8,246.6,159.4,41.2,1011.0,6668.0,12.0,1,
556301,1834.9,139.5,162.7,68.5,1572.0,5828.0,10.0,1,
556501,1864.9,199.2,167.4,167.9,387.0,2704.0,6.0,1,
556601,1866.5,183.6,171.4,245.7,904.0,2809.0,5.0,1,
556701,1852.3,60.4,164.3,264.2,512.0,2739.0,10.0,1,
556801,1866.0,16.6,163.6,234.1,494.0,2526.0,13.0,1,
556901,1861.1,12.3,163.6,189.3,494.0,2526.0,13.0,1,
557001,1859.7,12.5,163.5,156.1,494.0,2526.0,13.0,1,
557101,1860.0,12.9,163.5,69.3,494.0,2526.0,13.0,1,
557201,1860.7,15.8,163.5,122.9,494.0,2526.0,13.0,1,
557301,1860.9,17.2,163.5,154.0,494.0,2526.0,13.0,1,
557501,1860.9,18.0,163.5,238.1,494.0,2526.0,13.0,1,
557601,1861.2,18.2,163.6,239.8,494.0,2526.0,13.0,1,
557701,1861.9,17.3,163.6,240.2,494.0,2526.0,13.0,1,
557801,1845.9,142.1,150.8,38.2,1002.0,7751.0,15.0,1,
557901,1858.2,108.7,141.4,34.7,767.0,5259.0,13.0,1,
558001,1871.2,170.2,133.3,30.2,1179.0,4404.0,6.0,1,
558101,1863.0,174.5,138.6,34.4,883.0,3208.0,6.0,1,
558201,1859.6,106.0,120.4,200.9,707.0,3273.0,10.0,1,
558301,1844.9,82.5,115.7,214.3,676.0,3088.0,10.0,1,
558501,1861.3,17.7,116.4,105.0,676.0,3088.0,10.0,1,
558601,1860.0,17.5,116.5,75.0,676.0,3088.0,10.0,1,
558701,1859.8,16.6,116.5,72.0,676.0,3088.0,10.0,1,
558801,1859.8,18.0,116.6,87.8,676.0,3088.0,10.0,1,
558901,1860.5,19.2,116.6,239.8,676.0,3088.0,10.0,1,
559001,1860.3,17.5,116.6,239.8,676.0,3088.0,10.0,1,
559101,1860.8,18.5,116.6,239.6,676.0,3088.0,10.0,1,
559201,1860.7,17.7,116.6,239.9,676.0,3088.0,10.0,1,
559301,1860.3,17.8,116.6,239.8,676.0,3088.0,10.0,1,
559501,1881.0,90.6,114.6,34.3,795.0,5312.0,13.0,1,
559601,1870.8,270.4,124.9,30.0,2039.0,5013.0,9.0,1,
559701,1867.9,275.8,123.1,36.1,1898.0,4794.0,6.0,1,
559801,1841.8,264.3,139.0,212.2,1556.0,4103.0,6.0,1,
559901,1847.8,205.6,155.9,254.5,1061.0,3144.0,6.0,1,
560001,1870.8,67.0,167.0,296.3,454.0,2270.0,6.0,1,
560101,1856.2,19.8,166.9,284.4,454.0,2270.0,6.0,1,
560201,1861.8,15.4,167.0,242.9,454.0,2270.0,6.0,1,
560301,1863.0,18.0,167.0,170.2,454.0,2270.0,6.0,1,
560501,1860.8,15.3,167.0,203.6,454.0,2270.0,6.0,1,
560601,1861.3,18.3,167.0,188.0,454.0,2270.0,6.0,1,
560701,1861.0,18.4,167.0,117.4,454.0,2270.0,6.0,1,
560801,1860.9,17.2,167.0,122.9,454.0,2270.0,6.0,1,
560901,1860.8,18.6,167.0,178.0,454.0,2270.0,6.0,1,
561001,1823.9,105.2,165.9,238.0,837.0,7408.0,16.0,1,
561101,1887.8,137.2,166.3,30.1,910.0,6061.0,15.0,1,
561201,1871.6,229.5,177.6,29.9,671.0,3856.0,10.0,1,
561301,1853.8,230.6,170.5,38.5,1461.0,4866.0,7.0,1,
561501,1864.0,68.4,150.4,226.9,576.0,2769.0,19.0,1,
561601,1857.1,47.7,133.4,204.2,498.0,2356.0,18.0,1,
561701,1861.3,17.2,133.6,199.8,498.0,2356.0,18.0,1,
561801,1861.4,16.8,133.6,133.5,498.0,2356.0,18.0,1,
561901,1862.2,17.6,133.6,72.0,498.0,2356.0,18.0,1,
562001,1861.7,17.4,133.6,67.0,498.0,2356.0,18.0,1,
562101,1861.5,17.3,133.6,124.3,498.0,2356.0,18.0,1,
562201,1859.7,17.5,133.6,124.2,498.0,2356.0,18.0,1,
562301,1860.7,16.3,133.6,231.6,498.0,2356.0,18.0,1,
562501,1859.7,9.6,133.5,176.3,498.0,2356.0,18.0,1,
562601,1860.1,9.0,133.5,178.4,498.0,2356.0,18.0,1,
562701,1865.5,260.8,139.3,29.9,1175.0,5389.0,10.0,1,
562801,1859.2,223.8,147.5,29.8,890.0,4627.0,10.0,1,
562901,1837.5,224.7,153.1,41.1,650.0,3794.0,6.0,1,
563001,1848.9,194.4,160.3,157.8,611.0,2964.0,6.0,1,
563101,1859.4,175.8,163.1,253.5,790.0,3145.0,6.0,1,
563201,1857.2,182.1,171.6,235.3,592.0,2964.0,6.0,1,
563301,1856.7,21.8,172.3,216.8,594.0,2668.0,6.0,1,
563501,1863.3,10.0,172.2,124.2,594.0,2668.0,6.0,1,
563601,1860.2,11.0,172.1,41.2,594.0,2668.0,6.0,1,
563701,1853.7,12.1,172.0,44.2,594.0,2668.0,6.0,1,
563801,1857.8,9.2,171.9,118.0,594.0,2668.0,6.0,1,
563901,1859.6,8.9,171.8,170.3,594.0,2668.0,6.0,1,
564001,1865.3,9.3,171.9,125.3,594.0,2668.0,6.0,1,
564101,1861.4,10.3,171.9,110.4,594.0,2668.0,6.0,1,
564201,1861.2,9.0,171.9,79.7,594.0,2668.0,6.0,1,
564301,1887.8,96.7,172.8,37.3,864.0,7001.0,15.0,1,
564501,1844.2,135.5,142.2,29.9,1331.0,4597.0,6.0,1,
564601,1872.0,251.0,140.8,37.2,2010.0,4140.0,5.0,1,
564701,1860.2,73.1,145.2,246.3,640.0,3448.0,9.0,1,
564801,1859.9,58.8,134.3,229.7,695.0,3544.0,10.0,1,
564901,1849.4,16.5,127.2,184.8,651.0,3318.0,10.0,1,
565001,1868.5,13.0,127.2,105.0,651.0,3318.0,10.0,1,
565101,1868.5,8.8,127.2,67.9,651.0,3318.0,10.0,1,
565201,1863.2,7.0,127.2,55.5,651.0,3318.0,10.0,1,
565301,1865.7,7.9,127.2,67.0,651.0,3318.0,10.0,1,
565501,1855.3,8.3,127.2,100.3,651.0,3318.0,10.0,1,
565601,1859.4,8.5,127.2,100.5,651.0,3318.0,10.0,1,
565701,1859.4,7.9,127.1,109.9,651.0,3318.0,10.0,1,
565801,1861.1,8.4,127.1,117.8,651.0,3318.0,10.0,1,
565901,1869.2,109.0,126.7,44.1,747.0,6719.0,16.0,1,
566001,1826.2,117.2,126.7,34.2,823.0,6174.0,14.0,1,
566101,1859.4,283.7,151.8,29.9,2089.0,5665.0,9.0,1,
566201,1871.7,285.3,156.6,37.6,1650.0,4594.0,6.0,1,
566301,1864.0,219.2,152.7,156.2,2079.0,4918.0,7.0,1,
566501,1858.5,70.2,175.4,266.4,690.0,2996.0,6.0,1,
566601,1856.1,10.8,175.3,273.4,690.0,2996.0,6.0,1,
566701,1861.5,12.6,175.1,235.0,690.0,2996.0,6.0,1,
566801,1846.7,11.2,174.9,175.9,690.0,2996.0,6.0,1,
566901,1854.8,10.2,174.7,125.0,690.0,2996.0,6.0,1,
567001,1855.7,8.1,174.7,69.1,690.0,2996.0,6.0,1,
567101,1857.0,8.3,174.7,117.3,690.0,2996.0,6.0,1,
567201,1857.5,9.3,174.7,111.1,690.0,2996.0,6.0,1,
567301,1855.0,8.1,174.6,109.8,690.0,2996.0,6.0,1,
567501,1863.1,172.1,174.9,117.6,690.0,2996.0,6.0,1,
567601,1847.9,186.2,183.6,65.9,784.0,5215.0,11.0,1,
567701,1870.8,223.8,184.9,74.5,717.0,4342.0,18.0,1,
567801,1867.0,157.4,178.1,144.4,885.0,4013.0,7.0,1,
567901,1858.5,221.3,168.6,203.1,501.0,2841.0,6.0,1,
568001,1856.9,175.5,165.2,253.9,691.0,2835.0,7.0,1,
568101,1841.7,144.7,161.1,253.3,789.0,3117.0,6.0,1,
568201,1874.0,14.4,162.2,204.0,394.0,2171.0,6.0,1,
568301,1865.1,9.0,162.3,198.7,394.0,2171.0,6.0,1,
568501,1860.8,8.3,162.7,106.2,394.0,2171.0,6.0,1,
568601,1860.8,9.7,162.8,79.1,394.0,2171.0,6.0,1,
568701,1860.9,9.7,162.8,88.0,394.0,2171.0,6.0,1,
568801,1860.5,9.2,162.9,87.8,394.0,2171.0,6.0,1,
568901,1861.4,10.2,163.0,92.3,394.0,2171.0,6.0,1,
569001,1860.3,7.6,163.0,103.9,394.0,2171.0,6.0,1,
569101,1859.7,6.5,162.8,108.3,394.0,2171.0,6.0,1,
569201,1844.4,239.4,154.9,36.1,2077.0,6152.0,9.0,1,
569301,1880.1,166.0,151.9,35.7,1796.0,5183.0,9.0,1,
569501,1860.1,169.8,158.7,189.2,987.0,3453.0,7.0,1,
569601,1839.0,168.3,158.5,234.5,790.0,2943.0,6.0,1,
569701,1872.0,176.5,160.1,210.5,1577.0,3573.0,6.0,1,
569801,1861.5,21.3,161.1,201.9,528.0,2273.0,7.0,1,
569901,1859.8,6.0,161.1,202.3,528.0,2273.0,7.0,1,
570001,1859.2,6.8,161.0,203.5,528.0,2273.0,7.0,1,
570101,1858.8,8.2,160.9,211.5,528.0,2273.0,7.0,1,
570201,1859.2,10.3,160.9,176.7,528.0,2273.0,7.0,1,
570301,1859.0,10.3,160.9,100.5,528.0,2273.0,7.0,1,
570501,1859.0,12.0,160.8,83.1,528.0,2273.0,7.0,1,
570601,1859.2,11.0,160.8,87.9,528.0,2273.0,7.0,1,
570701,1859.6,10.6,160.8,107.7,528.0,2273.0,7.0,1,
570801,1842.2,110.7,159.6,45.2,892.0,6638.0,15.0,1,
570901,1880.1,76.4,146.5,34.6,912.0,5570.0,14.0,1,
571001,1865.5,249.4,137.0,30.2,1865.0,5172.0,10.0,1,
571101,1836.2,253.8,144.1,65.8,2061.0,4969.0,7.0,1,
571201,1854.9,198.6,149.5,220.8,1901.0,4413.0,7.0,1,
571301,1870.1,221.9,150.2,234.5,1611.0,3266.0,6.0,1,
571501,1858.6,12.2,152.3,253.3,1611.0,3266.0,6.0,1,
571601,1859.5,11.4,152.3,204.0,1611.0,3266.0,6.0,1,
571701,1858.3,10.5,152.3,169.0,1611.0,3266.0,6.0,1,
571801,1858.4,10.3,152.3,88.8,1611.0,3266.0,6.0,1,
571901,1858.6,12.2,152.3,132.9,1611.0,3266.0,6.0,1,
572001,1859.2,10.0,152.3,106.3,1611.0,3266.0,6.0,1,
572101,1859.1,10.6,152.3,112.5,1611.0,3266.0,6.0,1,
572201,1859.1,11.5,152.3,117.4,1611.0,3266.0,6.0,1,
572301,1858.7,11.4,152.3,133.2,1611.0,3266.0,6.0,1,
572501,1870.8,96.0,153.1,34.5,839.0,5775.0,15.0,1,
572601,1852.8,217.3,149.2,30.2,710.0,4520.0,14.0,1,
572701,1841.2,201.0,155.9,34.7,459.0,3334.0,8.0,1,
572801,1866.4,229.5,154.4,88.2,486.0,2448.0,6.0,1,
572901,1861.4,157.1,159.0,178.1,1770.0,3815.0,6.0,1,
573001,1860.1,46.2,148.0,217.5,575.0,2942.0,10.0,1,
573101,1858.4,13.6,148.1,164.0,575.0,2942.0,10.0,1,
573201,1860.0,11.3,148.1,164.4,575.0,2942.0,10.0,1,
573301,1859.0,11.5,148.1,158.4,575.0,2942.0,10.0,1,
573501,1858.6,11.0,148.1,118.0,575.0,2942.0,10.0,1,
573601,1858.4,11.2,148.1,130.3,575.0,2942.0,10.0,1,
573701,1859.0,11.8,148.1,122.3,575.0,2942.0,10.0,1,
573801,1859.0,10.7,148.1,111.4,575.0,2942.0,10.0,1,
573901,1858.2,12.4,148.1,117.8,575.0,2942.0,10.0,1,
574001,1858.9,12.1,148.1,100.2,575.0,2942.0,10.0,1,
574101,1869.7,279.3,153.0,29.6,1353.0,5864.0,15.0,1,
574201,1838.8,134.8,168.0,34.4,2107.0,6180.0,15.0,1,
574301,1856.8,74.3,151.2,51.7,707.0,4057.0,11.0,1,
574501,1860.3,67.5,118.6,73.8,592.0,2926.0,10.0,1,
574601,1862.1,54.5,110.3,57.3,475.0,2533.0,17.0,1,
574701,1858.4,14.0,110.2,72.6,537.0,2830.0,10.0,1,
574801,1859.5,11.9,110.2,56.9,537.0,2830.0,10.0,1,
574901,1858.8,12.3,110.2,53.1,537.0,2830.0,10.0,1,
575001,1858.6,11.4,110.2,45.9,537.0,2830.0,10.0,1,
575101,1859.1,11.6,110.2,123.6,537.0,2830.0,10.0,1,
575201,1859.5,12.2,110.2,189.6,537.0,2830.0,10.0,1,
575301,1859.4,11.6,110.2,178.4,537.0,2830.0,10.0,1,
575501,1859.0,12.2,110.2,178.2,537.0,2830.0,10.0,1,
575601,1859.0,11.3,110.2,177.4,537.0,2830.0,10.0,1,
575701,1860.3,158.4,111.4,38.0,849.0,6861.0,19.0,1,
575801,1842.8,115.4,83.3,36.1,757.0,5133.0,14.0,1,
575901,1870.5,59.9,78.3,35.8,690.0,4365.0,13.0,1,
576001,1868.3,57.4,81.6,36.4,539.0,3215.0,25.0,0,
576101,1865.5,64.3,81.8,50.4,561.0,3072.0,10.0,1,
576201,1845.8,56.7,81.2,56.8,512.0,2639.0,10.0,1,
576301,1864.3,15.6,81.0,55.0,503.0,2539.0,10.0,1,
576501,1858.7,11.2,81.0,56.3,503.0,2539.0,10.0,1,
576601,1858.7,12.2,81.0,34.6,503.0,2539.0,10.0,1,
576701,1858.3,12.1,81.0,78.6,503.0,2539.0,10.0,1,
576801,1858.8,11.7,81.0,165.1,503.0,2539.0,10.0,1,
576901,1858.5,12.1,81.0,166.0,503.0,2539.0,10.0,1,
577001,1859.5,12.4,81.0,177.9,503.0,2539.0,10.0,1,
577101,1858.8,11.6,81.1,178.1,503.0,2539.0,10.0,1,
577201,1858.3,11.9,81.1,178.3,503.0,2539.0,10.0,1,
577301,1843.1,186.8,79.2,41.7,800.0,6869.0,19.0,1,
577501,1868.7,123.4,81.2,35.1,770.0,4825.0,13.0,1,
577601,1865.0,260.9,117.7,36.0,578.0,3361.0,7.0,1,
577701,1859.2,123.7,138.4,57.0,2012.0,4329.0,6.0,1,
577801,1835.8,45.0,137.3,148.3,589.0,2919.0,9.0,1,
577901,1877.4,23.4,137.2,158.6,655.0,3059.0,10.0,1,
578001,1857.0,12.0,137.2,185.4,655.0,3059.0,10.0,1,
578101,1859.0,12.6,137.2,169.7,655.0,3059.0,10.0,1,
578201,1859.0,12.1,137.2,30.0,655.0,3059.0,10.0,1,
578301,1858.1,12.2,137.2,67.8,655.0,3059.0,10.0,1,
578501,1859.4,11.7,137.2,178.6,655.0,3059.0,10.0,1,
578601,1859.5,11.7,137.2,182.8,655.0,3059.0,10.0,1,
578701,1858.8,12.5,137.2,225.7,655.0,3059.0,10.0,1,
578801,1859.1,13.2,137.2,201.5,655.0,3059.0,10.0,1,
578901,1828.8,88.6,137.2,118.0,784.0,7063.0,15.0,1,
579001,1882.3,117.5,133.1,36.0,810.0,5914.0,19.0,1,
579101,1875.4,92.5,131.8,35.1,739.0,4686.0,13.0,1,
579201,1859.9,164.2,113.0,34.7,1122.0,4042.0,7.0,1,
579301,1846.7,86.0,93.6,38.6,1955.0,4777.0,7.0,1,
579501,1866.9,62.1,95.0,195.8,625.0,2848.0,10.0,1,
579601,1863.0,15.0,95.1,184.8,625.0,2848.0,10.0,1,
579701,1859.7,11.8,95.1,78.9,625.0,2848.0,10.0,1,
579801,1859.0,12.1,95.1,73.7,625.0,2848.0,10.0,1,
579901,1858.9,12.4,95.0,72.1,625.0,2848.0,10.0,1,
580001,1858.7,12.1,95.1,92.9,625.0,2848.0,10.0,1,
580101,1858.6,11.4,95.1,131.9,625.0,2848.0,10.0,1,
580201,1858.7,12.2,95.1,157.9,625.0,2848.0,10.0,1,
580301,1859.3,12.3,95.1,177.2,625.0,2848.0,10.0,1,
580501,1858.7,10.9,95.0,148.3,625.0,2848.0,10.0,1,
580601,1857.3,122.4,94.3,36.5,836.0,6379.0,14.0,1,
580701,1868.4,132.5,110.1,34.6,1506.0,5077.0,15.0,1,
580801,1841.3,78.5,110.6,38.6,585.0,3852.0,13.0,1,
580901,1853.3,64.8,91.6,70.6,505.0,2925.0,23.0,1,
581001,1864.7,73.4,93.8,76.8,510.0,2799.0,10.0,1,
581101,1864.7,53.2,95.0,56.6,421.0,2265.0,12.0,1,
581201,1854.5,15.9,93.4,71.5,454.0,2365.0,12.0,1,
581301,1860.8,12.5,93.4,73.1,454.0,2365.0,12.0,1,
581501,1859.4,12.0,93.4,66.2,454.0,2365.0,12.0,1,
581601,1858.7,11.6,93.4,132.3,454.0,2365.0,12.0,1,
581701,1858.8,12.0,93.4,150.2,454.0,2365.0,12.0,1,
581801,1859.4,11.5,93.4,177.7,454.0,2365.0,12.0,1,
581901,1858.8,11.7,93.4,189.5,454.0,2365.0,12.0,1,
582001,1858.8,12.4,93.4,186.2,454.0,2365.0,12.0,1,
582101,1859.5,11.7,93.4,178.4,454.0,2365.0,12.0,1,
582201,1861.0,171.1,94.1,38.2,865.0,7056.0,20.0,1,
582301,1855.7,158.0,83.1,35.4,732.0,4915.0,15.0,1,
582501,1851.9,75.2,83.0,40.4,555.0,3325.0,24.0,1,
582601,1863.6,100.5,81.1,53.1,521.0,3108.0,12.0,1,
582701,1862.5,85.5,81.5,49.9,448.0,2468.0,10.0,1,
582801,1870.0,21.7,83.0,51.1,515.0,2744.0,10.0,1,
582901,1859.7,12.6,83.0,66.2,515.0,2744.0,10.0,1,
583001,1860.1,11.9,83.0,55.0,515.0,2744.0,10.0,1,
583101,1860.3,11.6,83.0,50.4,515.0,2744.0,10.0,1,
583201,1858.8,12.4,83.0,47.6,515.0,2744.0,10.0,1,
583301,1859.0,11.4,83.0,199.8,515.0,2744.0,10.0,1,
583501,1859.4,12.5,83.0,178.5,515.0,2744.0,10.0,1,
583601,1859.6,12.1,83.0,199.5,515.0,2744.0,10.0,1,
583701,1859.2,12.6,83.0,238.8,515.0,2744.0,10.0,1,
583801,1875.5,80.2,82.0,56.1,784.0,7162.0,15.0,1,
583901,1844.4,119.3,74.5,35.6,799.0,5796.0,18.0,1,
584001,1843.8,250.2,89.6,35.4,1124.0,4040.0,16.0,1,
584101,1868.5,93.2,109.6,37.4,727.0,4619.0,11.0,1,
584201,1859.7,77.5,110.8,73.4,569.0,3477.0,11.0,1,
584301,1864.8,59.5,110.8,94.4,504.0,2829.0,26.0,0,
584501,1856.3,13.8,110.9,73.0,504.0,2829.0,26.0,0,
584601,1860.0,12.6,110.9,65.7,504.0,2829.0,26.0,0,
584701,1859.2,13.0,110.9,55.9,504.0,2829.0,26.0,0,
584801,1858.8,11.8,110.9,55.4,504.0,2829.0,26.0,0,
584901,1858.8,12.0,110.9,139.1,504.0,2829.0,26.0,0,
585001,1859.3,12.9,110.9,172.2,504.0,2829.0,26.0,0,
585101,1859.9,12.0,110.9,178.1,504.0,2829.0,26.0,0,
585201,1859.4,12.1,110.9,200.6,504.0,2829.0,26.0,0,
585301,1858.9,12.7,110.9,177.8,504.0,2829.0,26.0,0,
585501,1839.5,145.3,111.7,35.4,891.0,6870.0,14.0,1,
585601,1857.7,116.2,108.9,34.9,782.0,4877.0,13.0,1,
585701,1872.6,66.1,80.3,35.6,620.0,3972.0,12.0,1,
585801,1868.0,54.3,82.7,50.0,550.0,3148.0,24.0,1,
585901,1860.3,63.8,81.7,54.8,562.0,3023.0,10.0,1,
586001,1835.3,57.9,81.3,56.9,470.0,2503.0,10.0,1,
586101,1869.5,15.0,81.1,65.5,500.0,2502.0,10.0,1,
586201,1859.3,12.7,81.1,69.7,500.0,2502.0,10.0,1,
586301,1859.7,12.1,81.1,66.9,500.0,2502.0,10.0,1,
586501,1858.7,12.8,81.1,168.2,500.0,2502.0,10.0,1,
586601,1859.7,12.3,81.1,220.6,500.0,2502.0,10.0,1,
586701,1859.4,12.8,81.1,238.1,500.0,2502.0,10.0,1,
586801,1859.2,13.4,81.1,237.4,500.0,2502.0,10.0,1,
586901,1859.3,12.2,81.1,231.8,500.0,2502.0,10.0,1,
587001,1859.2,12.7,81.1,177.5,500.0,2502.0,10.0,1,
587101,1835.4,181.2,86.4,36.5,893.0,7128.0,20.0,1,
587201,1871.4,136.1,85.5,35.8,749.0,5121.0,14.0,1,
587301,1867.8,73.2,83.5,36.0,626.0,4121.0,22.0,1,
587501,1852.5,88.9,80.9,52.1,554.0,3022.0,10.0,1,
587601,1846.0,78.4,81.9,42.0,448.0,2424.0,10.0,1,
587701,1874.7,20.2,82.1,66.4,434.0,2422.0,10.0,1,
587801,1860.4,13.2,82.1,73.6,434.0,2422.0,10.0,1,
587901,1858.8,14.7,82.1,65.9,434.0,2422.0,10.0,1,
588001,1857.7,14.7,82.2,51.2,434.0,2422.0,10.0,1,
588101,1859.1,13.6,82.2,88.4,434.0,2422.0,10.0,1,
588201,1859.1,14.3,82.2,218.9,434.0,2422.0,10.0,1,
588301,1859.1,14.6,82.2,239.2,434.0,2422.0,10.0,1,
588501,1859.2,15.7,82.2,206.4,434.0,2422.0,10.0,1,
588601,1859.2,14.9,82.3,237.8,434.0,2422.0,10.0,1,
588701,1837.0,145.9,85.8,38.2,884.0,7277.0,15.0,1,
588801,1881.1,170.4,98.2,36.1,1339.0,5875.0,10.0,1,
588901,1871.0,110.0,99.5,38.9,722.0,4756.0,20.0,1,
589001,1860.8,58.9,99.8,48.8,641.0,4220.0,13.0,1,
589101,1833.2,81.4,101.6,50.4,542.0,3407.0,27.0,0,
589201,1861.8,59.6,101.6,49.8,501.0,2802.0,10.0,1,
589301,1867.0,37.5,102.4,72.1,575.0,2889.0,10.0,1,
589501,1858.7,15.4,102.4,56.6,575.0,2889.0,10.0,1,
589601,1859.4,14.4,102.4,56.0,575.0,2889.0,10.0,1,
589701,1858.2,15.0,102.4,66.6,575.0,2889.0,10.0,1,
589801,1858.7,14.9,102.4,238.2,575.0,2889.0,10.0,1,
589901,1859.1,14.5,102.4,239.2,575.0,2889.0,10.0,1,
590001,1859.2,15.4,102.4,239.3,575.0,2889.0,10.0,1,
590101,1858.4,14.7,102.4,239.4,575.0,2889.0,10.0,1,
590201,1858.8,14.4,102.4,238.2,575.0,2889.0,10.0,1,
590301,1829.5,139.0,96.1,238.3,859.0,7402.0,16.0,1,
590501,1868.0,99.1,86.9,35.4,713.0,4555.0,20.0,1,
590601,1842.6,74.2,86.1,35.8,619.0,4211.0,22.0,1,
590701,1847.4,64.9,86.3,42.0,533.0,2880.0,24.0,1,
590801,1864.1,93.2,86.1,54.0,496.0,2708.0,11.0,1,
590901,1862.9,47.4,86.2,66.0,472.0,2380.0,12.0,1,
591001,1861.9,16.6,86.1,55.0,472.0,2380.0,12.0,1,
591101,1860.0,14.7,86.1,57.0,472.0,2380.0,12.0,1,
591201,1859.7,16.2,86.1,57.0,472.0,2380.0,12.0,1,
591301,1858.7,15.5,86.1,54.7,472.0,2380.0,12.0,1,
591501,1858.8,15.4,86.1,211.1,472.0,2380.0,12.0,1,
591601,1858.8,15.4,86.1,239.4,472.0,2380.0,12.0,1,
591701,1859.0,14.5,86.1,239.5,472.0,2380.0,12.0,1,
591801,1859.0,15.5,86.1,237.8,472.0,2380.0,12.0,1,
591901,1858.5,12.5,86.1,238.3,472.0,2380.0,12.0,1,
592001,1871.8,159.4,86.0,36.1,878.0,7271.0,15.0,1,
592101,1848.4,125.4,87.0,35.5,792.0,5610.0,20.0,1,
592201,1843.4,92.8,86.7,35.6,699.0,4628.0,13.0,1,
592301,1862.1,93.7,87.1,41.6,615.0,3679.0,23.0,1,
592501,1859.1,51.7,85.8,55.6,449.0,2509.0,13.0,1,
592601,1863.7,17.2,85.8,54.7,426.0,2325.0,10.0,1,
592701,1860.0,16.2,85.8,54.4,426.0,2325.0,10.0,1,
592801,1858.7,15.6,85.8,50.2,426.0,2325.0,10.0,1,
592901,1859.0,14.6,85.8,29.1,426.0,2325.0,10.0,1,
593001,1859.3,15.8,85.8,123.2,426.0,2325.0,10.0,1,
593101,1858.9,14.9,85.8,239.4,426.0,2325.0,10.0,1,
593201,1859.8,14.8,85.8,238.0,426.0,2325.0,10.0,1,
593301,1859.0,15.1,85.8,184.3,426.0,2325.0,10.0,1,
593501,1858.9,14.4,85.8,239.4,426.0,2325.0,10.0,1,
593601,1882.2,338.6,99.7,41.5,2218.0,8378.0,11.0,1,
593701,1832.2,285.4,128.9,68.4,1944.0,6050.0,10.0,1,
593801,1855.8,281.9,150.3,92.2,1553.0,4215.0,17.0,1,
593901,1865.5,85.6,158.5,167.5,605.0,3570.0,23.0,1,
594001,1863.6,75.7,158.4,216.8,571.0,3064.0,12.0,1,
594101,1865.4,38.8,158.4,164.5,541.0,2877.0,10.0,1,
594201,1847.6,22.2,158.2,84.2,537.0,2685.0,13.0,1,
594301,1859.4,14.7,158.2,66.9,537.0,2685.0,13.0,1,
594501,1858.3,14.9,158.2,36.3,537.0,2685.0,13.0,1,
594601,1858.6,14.2,158.1,80.8,537.0,2685.0,13.0,1,
594701,1858.5,14.2,158.1,185.9,537.0,2685.0,13.0,1,
594801,1858.7,14.5,158.1,167.4,537.0,2685.0,13.0,1,
594901,1858.4,14.8,158.1,215.7,537.0,2685.0,13.0,1,
595001,1859.5,14.5,158.1,238.0,537.0,2685.0,13.0,1,
595101,1859.2,15.4,158.1,238.1,537.0,2685.0,13.0,1,
595201,1859.4,272.0,152.7,53.0,833.0,7477.0,16.0,1,
595301,1834.6,299.7,158.1,29.7,1148.0,5743.0,14.0,1,
595501,1862.8,113.8,147.4,72.0,660.0,4226.0,23.0,1,
595601,1867.1,99.0,147.9,157.4,587.0,3099.0,23.0,1,
595701,1851.0,50.7,148.0,158.2,543.0,2914.0,12.0,1,
595801,1868.9,39.5,149.5,74.4,568.0,2784.0,11.0,1,
595901,1856.5,16.5,149.6,69.9,568.0,2784.0,11.0,1,
596001,1859.1,17.6,149.6,70.8,568.0,2784.0,11.0,1,
596101,1859.3,16.9,149.6,68.8,568.0,2784.0,11.0,1,
596201,1858.7,16.1,149.6,68.0,568.0,2784.0,11.0,1,
596301,1858.9,16.3,149.6,239.6,568.0,2784.0,11.0,1,
596501,1858.9,16.1,149.7,239.9,568.0,2784.0,11.0,1,
596601,1859.4,16.1,149.7,239.6,568.0,2784.0,11.0,1,
596701,1859.3,16.0,149.7,239.2,568.0,2784.0,11.0,1,
596801,1843.3,97.6,149.7,239.7,568.0,2784.0,11.0,1,
596901,1855.4,136.6,124.3,35.9,784.0,6023.0,19.0,1,
597001,1875.4,88.8,92.9,34.9,737.0,4789.0,21.0,1,
597101,1867.0,84.1,80.3,30.2,664.0,4645.0,13.0,1,
597201,1861.5,64.8,80.1,34.6,644.0,3700.0,23.0,1,
597301,1841.2,72.7,78.0,54.6,497.0,2757.0,25.0,0,
597501,1871.3,17.1,76.7,49.8,497.0,2757.0,25.0,0,
597601,1860.2,14.8,76.7,73.1,497.0,2757.0,25.0,0,
597701,1859.8,15.0,76.7,72.4,497.0,2757.0,25.0,0,
597801,1859.6,14.8,76.6,57.5,497.0,2757.0,25.0,0,
597901,1859.4,14.3,76.6,149.5,497.0,2757.0,25.0,0,
598001,1859.7,14.5,76.6,237.7,497.0,2757.0,25.0,0,
598101,1859.6,15.3,76.5,237.9,497.0,2757.0,25.0,0,
598201,1859.0,14.8,76.5,239.4,497.0,2757.0,25.0,0,
598301,1859.0,14.4,76.5,239.6,497.0,2757.0,25.0,0,
598501,1844.7,141.9,77.0,34.8,841.0,6768.0,14.0,1,
598601,1877.2,83.3,76.9,30.1,792.0,5220.0,19.0,1,
598701,1867.1,228.5,101.4,30.0,2069.0,5230.0,18.0,1,
598801,1842.3,75.8,111.9,37.6,590.0,3566.0,22.0,1,
598901,1848.3,80.5,113.1,89.1,487.0,2788.0,13.0,1,
599001,1864.0,55.2,114.1,135.2,471.0,2431.0,12.0,1,
599101,1856.9,17.6,113.0,81.2,512.0,2459.0,11.0,1,
599201,1860.5,14.7,113.0,68.5,512.0,2459.0,11.0,1,
599301,1859.0,14.6,113.0,55.5,512.0,2459.0,11.0,1,
599501,1858.7,14.2,113.0,123.5,512.0,2459.0,11.0,1,
599601,1859.3,13.9,113.0,238.7,512.0,2459.0,11.0,1,
599701,1859.0,14.0,113.0,237.3,512.0,2459.0,11.0,1,
599801,1859.1,14.7,113.0,228.8,512.0,2459.0,11.0,1,
599901,1859.0,14.2,113.0,178.3,512.0,2459.0,11.0,1,
600001,1859.2,14.5,113.0,184.1,512.0,2459.0,11.0,1,
600101,1847.3,190.5,110.7,43.9,927.0,7448.0,15.0,1,
600201,1868.5,208.9,139.6,30.1,2148.0,6775.0,10.0,1,
600301,1858.4,163.3,132.5,36.1,752.0,5025.0,20.0,1,
600501,1858.0,83.7,119.0,74.0,610.0,2960.0,23.0,1,
600601,1862.7,80.1,119.4,54.8,547.0,2670.0,12.0,1,
600701,1874.8,37.8,121.2,56.6,604.0,3000.0,11.0,1,
600801,1859.0,21.7,121.3,72.7,604.0,3000.0,11.0,1,
600901,1858.1,20.9,121.4,54.0,604.0,3000.0,11.0,1,
601001,1859.2,21.5,121.5,50.0,604.0,3000.0,11.0,1,
601101,1857.6,20.7,121.5,81.5,604.0,3000.0,11.0,1,
601201,1858.6,19.8,121.6,240.5,604.0,3000.0,11.0,1,
601301,1859.3,20.4,121.7,240.6,604.0,3000.0,11.0,1,
601501,1858.9,19.9,121.9,240.2,604.0,3000.0,11.0,1,
601601,1859.2,21.2,121.9,240.4,604.0,3000.0,11.0,1,
601701,1871.1,118.0,124.7,48.2,604.0,3000.0,11.0,1,
601801,1866.0,150.4,99.3,37.8,909.0,7019.0,20.0,1,
601901,1843.3,125.4,93.7,37.4,710.0,4815.0,21.0,1,
602001,1847.7,113.2,91.2,40.7,633.0,4512.0,18.0,1,
602101,1863.1,85.8,91.2,44.2,625.0,3348.0,23.0,1,
602201,1861.6,106.4,89.6,54.6,492.0,2706.0,25.0,0,
602301,1860.2,45.5,90.3,54.2,501.0,2737.0,12.0,1,
602501,1859.1,21.2,90.2,57.6,501.0,2737.0,12.0,1,
602601,1858.0,20.3,90.2,66.7,501.0,2737.0,12.0,1,
602701,1858.0,20.0,90.2,67.6,501.0,2737.0,12.0,1,
602801,1858.6,17.6,90.2,239.5,501.0,2737.0,12.0,1,
602901,1859.4,14.0,90.1,240.0,501.0,2737.0,12.0,1,
603001,1859.0,12.9,90.0,151.9,501.0,2737.0,12.0,1,
603101,1859.1,14.2,89.9,176.8,501.0,2737.0,12.0,1,
603201,1858.8,13.3,89.8,217.9,501.0,2737.0,12.0,1,
603301,1858.7,23.7,89.5,170.4,501.0,2737.0,12.0,1,
603501,1837.0,287.2,137.7,30.2,1342.0,4712.0,16.0,1,
603601,1866.1,217.7,156.8,66.8,1981.0,5181.0,19.0,1,
603701,1863.5,68.8,162.0,158.3,557.0,3377.0,22.0,1,
603801,1863.5,66.6,162.4,203.3,582.0,3336.0,24.0,1,
603901,1849.7,55.0,161.7,197.0,497.0,2661.0,22.0,1,
604001,1863.0,17.3,161.6,130.7,454.0,2532.0,11.0,1,
604101,1859.4,14.0,161.6,57.1,454.0,2532.0,11.0,1,
604201,1858.2,14.0,161.5,55.6,454.0,2532.0,11.0,1,
604301,1858.7,14.6,161.5,50.9,454.0,2532.0,11.0,1,
604501,1858.4,13.6,161.4,219.7,454.0,2532.0,11.0,1,
604601,1859.0,14.8,161.4,239.2,454.0,2532.0,11.0,1,
604701,1858.8,13.8,161.4,240.2,454.0,2532.0,11.0,1,
604801,1858.4,14.0,161.4,238.7,454.0,2532.0,11.0,1,
604901,1858.9,13.8,161.4,207.7,454.0,2532.0,11.0,1,
605001,1839.4,289.2,168.1,65.9,2087.0,7957.0,11.0,1,
605101,1851.9,230.4,161.0,70.0,2039.0,5869.0,13.0,1,
605201,1874.1,134.7,148.9,130.9,692.0,4362.0,16.0,1,
605301,1870.1,220.1,147.8,219.9,1278.0,4267.0,8.0,1,
605501,1832.6,262.5,176.6,264.8,1835.0,3810.0,6.0,1,
605601,1875.1,40.5,179.8,266.1,379.0,2241.0,7.0,1,
605701,1859.3,15.8,179.8,248.8,379.0,2241.0,7.0,1,
605801,1857.7,15.5,179.8,167.5,379.0,2241.0,7.0,1,
605901,1859.1,14.4,179.8,66.7,379.0,2241.0,7.0,1,
606001,1858.7,16.7,179.8,40.6,379.0,2241.0,7.0,1,
606101,1858.7,21.4,179.8,239.6,379.0,2241.0,7.0,1,
606201,1858.5,20.3,179.9,240.4,379.0,2241.0,7.0,1,
606301,1858.5,20.0,180.0,178.4,379.0,2241.0,7.0,1,
606501,1858.5,15.0,180.0,240.1,379.0,2241.0,7.0,1,
606601,1832.5,156.1,174.8,51.8,851.0,7487.0,15.0,1,
606701,1872.1,212.9,172.9,35.4,981.0,5105.0,15.0,1,
606801,1868.5,237.5,179.2,65.7,755.0,4141.0,8.0,1,
606901,1862.0,205.5,178.2,158.0,536.0,3197.0,8.0,1,
607001,1852.7,164.6,177.5,251.9,1770.0,4011.0,18.0,1,
607101,1843.9,195.9,174.7,253.4,316.0,2407.0,8.0,1,
607201,1872.5,73.9,171.9,232.7,325.0,1988.0,8.0,1,
607301,1857.3,18.4,171.9,212.6,325.0,1988.0,8.0,1,
607501,1857.8,14.9,171.9,205.9,325.0,1988.0,8.0,1,
607601,1858.5,15.1,171.9,169.2,325.0,1988.0,8.0,1,
607701,1858.8,14.3,171.8,178.0,325.0,1988.0,8.0,1,
607801,1858.9,14.9,171.8,236.3,325.0,1988.0,8.0,1,
607901,1859.2,15.3,171.7,233.8,325.0,1988.0,8.0,1,
608001,1858.8,14.2,171.7,235.5,325.0,1988.0,8.0,1,
608101,1858.2,14.7,171.7,238.3,325.0,1988.0,8.0,1,
608201,1827.8,84.6,170.6,220.3,927.0,7608.0,19.0,1,
608301,1889.3,220.1,160.2,35.0,2025.0,7152.0,16.0,1,
608501,1854.9,183.3,159.2,89.6,1235.0,4508.0,16.0,1,
608601,1835.6,184.2,163.0,170.5,791.0,3331.0,18.0,1,
608701,1862.5,178.4,165.2,253.1,1587.0,3839.0,8.0,1,
608801,1861.1,101.4,166.1,253.9,465.0,2248.0,8.0,1,
608901,1863.7,18.5,166.2,243.5,465.0,2248.0,8.0,1,
609001,1859.2,14.8,166.3,215.6,465.0,2248.0,8.0,1,
609101,1858.8,15.1,166.3,158.6,465.0,2248.0,8.0,1,
609201,1858.6,14.4,166.3,73.0,465.0,2248.0,8.0,1,
609301,1858.8,14.7,166.3,220.1,465.0,2248.0,8.0,1,
609501,1858.7,14.4,166.3,237.4,465.0,2248.0,8.0,1,
609601,1858.8,14.3,166.3,239.6,465.0,2248.0,8.0,1,
609701,1858.8,15.0,166.3,239.9,465.0,2248.0,8.0,1,
609801,1858.8,55.7,166.3,239.9,465.0,2248.0,8.0,1,
609901,1868.3,274.4,175.7,39.7,1051.0,6286.0,16.0,1,
610001,1864.9,270.4,174.6,66.0,1602.0,5340.0,14.0,1,
610101,1836.0,280.7,177.2,87.3,1921.0,5829.0,9.0,1,
610201,1851.6,141.3,176.1,225.7,1722.0,4405.0,9.0,1,
610301,1866.2,211.0,170.9,264.5,1125.0,3284.0,7.0,1,
610501,1852.5,19.7,165.8,253.1,722.0,3230.0,12.0,1,
610601,1859.6,15.6,165.8,215.3,722.0,3230.0,12.0,1,
610701,1858.9,14.9,165.8,117.5,722.0,3230.0,12.0,1,
610801,1858.2,15.2,165.8,55.0,722.0,3230.0,12.0,1,
610901,1859.0,15.2,165.8,122.2,722.0,3230.0,12.0,1,
611001,1859.3,14.6,165.8,238.4,722.0,3230.0,12.0,1,
611101,1858.9,15.1,165.8,238.4,722.0,3230.0,12.0,1,
611201,1858.9,15.1,165.8,239.3,722.0,3230.0,12.0,1,
611301,1859.0,14.4,165.8,237.5,722.0,3230.0,12.0,1,
611501,1868.2,99.6,156.5,38.9,950.0,7638.0,15.0,1,
611601,1847.9,170.9,146.1,35.6,837.0,5773.0,20.0,1,
611701,1837.6,237.4,146.9,35.6,561.0,4213.0,16.0,1,
611801,1865.2,211.0,149.1,92.2,650.0,3394.0,8.0,1,
611901,1862.2,191.2,155.8,210.7,486.0,2495.0,20.0,1,
612001,1859.5,217.7,159.9,253.2,372.0,2443.0,8.0,1,
612101,1864.5,57.1,165.9,270.0,355.0,2196.0,8.0,1,
612201,1859.2,17.1,165.9,262.9,355.0,2196.0,8.0,1,
612301,1858.5,15.6,165.9,159.2,355.0,2196.0,8.0,1,
612501,1859.1,14.9,165.9,35.9,355.0,2196.0,8.0,1,
612601,1858.9,15.4,165.9,238.8,355.0,2196.0,8.0,1,
612701,1859.1,15.4,165.9,240.0,355.0,2196.0,8.0,1,
612801,1859.1,15.3,165.9,239.8,355.0,2196.0,8.0,1,
612901,1858.6,15.7,165.9,239.5,355.0,2196.0,8.0,1,
613001,1858.9,15.4,165.9,239.5,355.0,2196.0,8.0,1,
613101,1877.8,247.2,166.7,55.9,1437.0,7412.0,12.0,1,
613201,1836.6,270.2,178.3,65.6,1098.0,6297.0,15.0,1,
613301,1851.3,232.9,179.9,72.2,790.0,4455.0,15.0,1,
613501,1863.6,178.0,176.1,253.6,1156.0,3652.0,7.0,1,
613601,1859.8,154.0,173.9,266.1,883.0,3164.0,7.0,1,
613701,1856.0,85.2,174.7,264.6,367.0,2133.0,8.0,1,
613801,1854.5,17.3,174.6,254.3,367.0,2133.0,8.0,1,
613901,1859.7,15.4,174.6,214.0,367.0,2133.0,8.0,1,
614001,1858.8,15.7,174.6,146.8,367.0,2133.0,8.0,1,
614101,1858.0,14.5,174.6,41.9,367.0,2133.0,8.0,1,
614201,1858.6,14.4,174.6,92.8,367.0,2133.0,8.0,1,
614301,1858.1,13.6,174.6,88.9,367.0,2133.0,8.0,1,
614501,1858.1,13.8,174.5,158.1,367.0,2133.0,8.0,1,
614601,1857.8,13.2,174.5,157.2,367.0,2133.0,8.0,1,
614701,1847.1,88.2,173.7,175.3,367.0,2133.0,8.0,1,
614801,1841.9,179.9,172.1,30.2,2079.0,7392.0,11.0,1,
614901,1879.9,157.5,166.5,37.2,1097.0,5039.0,8.0,1,
615001,1868.0,154.1,163.8,87.5,1660.0,5079.0,7.0,1,
615101,1859.3,157.2,160.8,200.1,1842.0,5030.0,7.0,1,
615201,1844.3,144.1,161.7,226.5,2015.0,4790.0,7.0,1,
615301,1842.2,124.0,162.0,188.7,1915.0,4472.0,7.0,1,
615501,1857.8,13.1,161.4,198.5,1915.0,4472.0,7.0,1,
615601,1858.2,12.4,161.4,202.5,1915.0,4472.0,7.0,1,
615701,1857.8,11.1,161.3,221.1,1915.0,4472.0,7.0,1,
615801,1858.0,11.2,161.3,237.2,1915.0,4472.0,7.0,1,
615901,1857.7,11.3,161.3,140.5,1915.0,4472.0,7.0,1,
616001,1858.7,11.6,161.3,144.7,1915.0,4472.0,7.0,1,
616101,1860.0,11.0,161.3,177.0,1915.0,4472.0,7.0,1,
616201,1858.9,12.3,161.3,135.4,1915.0,4472.0,7.0,1,
616301,1859.7,12.6,161.3,99.8,1915.0,4472.0,7.0,1,
616501,1879.1,211.9,157.0,30.1,868.0,4540.0,9.0,1,
616601,1863.0,90.8,155.0,42.2,991.0,4348.0,7.0,1,
616701,1855.2,205.9,149.6,134.9,953.0,3808.0,7.0,1,
616801,1838.9,185.0,150.2,201.5,671.0,3148.0,7.0,1,
616901,1859.3,181.7,151.6,234.8,1191.0,3839.0,7.0,1,
617001,1874.8,31.3,150.6,201.9,532.0,2586.0,7.0,1,
617101,1859.4,13.3,150.6,159.0,532.0,2586.0,7.0,1,
617201,1858.5,11.7,150.6,89.2,532.0,2586.0,7.0,1,
617301,1857.4,12.6,150.6,35.1,532.0,2586.0,7.0,1,
617501,1858.7,13.5,150.6,228.9,532.0,2586.0,7.0,1,
617601,1859.4,14.0,150.7,227.3,532.0,2586.0,7.0,1,
617701,1859.2,13.7,150.7,212.8,532.0,2586.0,7.0,1,
617801,1859.2,13.7,150.7,226.7,532.0,2586.0,7.0,1,
617901,1859.0,14.0,150.7,177.2,532.0,2586.0,7.0,1,
618001,1850.4,207.5,150.7,66.5,2102.0,7830.0,15.0,1,
618101,1878.7,228.1,154.9,66.8,1854.0,5514.0,15.0,1,
618201,1860.6,175.9,157.8,106.3,1219.0,4356.0,17.0,1,
618301,1845.8,239.4,159.8,201.0,1075.0,3513.0,19.0,1,
618501,1858.1,64.7,151.9,254.4,459.0,2357.0,20.0,1,
618601,1853.0,25.6,144.4,232.8,391.0,2016.0,20.0,1,
618701,1858.1,12.9,144.4,218.3,391.0,2016.0,20.0,1,
618801,1862.0,13.9,144.5,81.5,391.0,2016.0,20.0,1,
618901,1861.2,13.5,144.5,66.6,391.0,2016.0,20.0,1,
619001,1859.5,13.5,144.5,66.6,391.0,2016.0,20.0,1,
619101,1858.2,13.4,144.5,123.2,391.0,2016.0,20.0,1,
619201,1859.8,13.4,144.5,100.5,391.0,2016.0,20.0,1,
619301,1858.9,13.7,144.5,117.1,391.0,2016.0,20.0,1,
619501,1858.4,13.1,144.5,123.9,391.0,2016.0,20.0,1,
619601,1843.3,164.6,143.2,114.8,951.0,7692.0,19.0,1,
619701,1879.8,251.7,149.7,29.9,982.0,5090.0,15.0,1,
619801,1849.8,224.7,143.2,37.1,1422.0,4763.0,12.0,1,
619901,1839.6,233.8,148.6,86.9,1813.0,3952.0,18.0,1,
620001,1862.2,231.0,152.5,216.6,722.0,2496.0,18.0,1,
620101,1855.3,67.2,156.0,266.6,491.0,2399.0,19.0,1,
620201,1859.5,40.2,156.2,246.3,417.0,2119.0,17.0,1,
620301,1857.1,15.1,156.2,211.6,417.0,2119.0,17.0,1,
620501,1863.1,13.9,156.3,42.4,417.0,2119.0,17.0,1,
620601,1859.6,14.3,156.3,36.9,417.0,2119.0,17.0,1,
620701,1858.6,13.8,156.3,117.0,417.0,2119.0,17.0,1,
620801,1858.7,14.0,156.3,113.7,417.0,2119.0,17.0,1,
620901,1859.0,15.0,156.3,111.8,417.0,2119.0,17.0,1,
621001,1859.0,14.9,156.3,131.8,417.0,2119.0,17.0,1,
621101,1859.0,13.9,156.3,169.7,417.0,2119.0,17.0,1,
621201,1858.8,12.2,156.3,139.9,417.0,2119.0,17.0,1,
621301,1873.0,201.0,145.3,30.0,970.0,6115.0,16.0,1,
621501,1846.4,161.7,149.3,35.7,498.0,3064.0,19.0,1,
621601,1864.3,204.9,146.4,158.5,819.0,2879.0,17.0,1,
621701,1861.0,79.8,146.1,263.3,1672.0,3589.0,15.0,1,
621801,1851.1,88.5,145.5,243.5,437.0,2520.0,18.0,1,
621901,1858.0,19.3,146.4,201.1,437.0,2520.0,18.0,1,
622001,1863.1,13.9,146.4,148.5,437.0,2520.0,18.0,1,
622101,1861.5,14.2,146.4,56.2,437.0,2520.0,18.0,1,
622201,1860.8,13.8,146.3,42.6,437.0,2520.0,18.0,1,
622301,1858.7,14.3,146.3,71.4,437.0,2520.0,18.0,1,
622501,1859.0,14.3,146.4,101.8,437.0,2520.0,18.0,1,
622601,1858.7,15.0,146.4,113.7,437.0,2520.0,18.0,1,
622701,1859.1,17.1,146.4,123.5,437.0,2520.0,18.0,1,
622801,1858.8,18.1,146.4,107.0,437.0,2520.0,18.0,1,
622901,1863.6,306.9,154.7,50.2,2025.0,7528.0,16.0,1,
623001,1837.8,230.5,154.9,56.9,1844.0,5480.0,16.0,1,
623101,1868.1,181.2,153.3,79.7,1583.0,4556.0,18.0,1,
623201,1865.2,205.4,152.2,199.0,1843.0,4459.0,19.0,1,
623301,1866.0,203.6,151.0,254.4,1818.0,3634.0,20.0,1,
623501,1861.5,23.9,158.6,253.3,493.0,2314.0,19.0,1,
623601,1859.8,15.2,158.5,230.4,493.0,2314.0,19.0,1,
623701,1860.7,14.2,158.5,201.2,493.0,2314.0,19.0,1,
623801,1860.1,15.0,158.5,68.3,493.0,2314.0,19.0,1,
623901,1858.8,15.0,158.5,68.3,493.0,2314.0,19.0,1,
624001,1858.8,14.9,158.5,109.7,493.0,2314.0,19.0,1,
624101,1858.3,14.7,158.5,115.9,493.0,2314.0,19.0,1,
624201,1858.7,14.9,158.5,134.4,493.0,2314.0,19.0,1,
624301,1858.3,15.0,158.5,157.4,493.0,2314.0,19.0,1,
624501,1848.9,232.6,155.3,48.1,890.0,7619.0,16.0,1,
624601,1845.6,238.6,160.5,29.9,715.0,5046.0,11.0,1,
624701,1863.3,162.4,158.6,37.0,899.0,4480.0,10.0,1,
624801,1858.2,168.2,155.2,93.1,802.0,3711.0,8.0,1,
624901,1854.2,221.7,151.8,190.3,805.0,3382.0,7.0,1,
625001,1843.9,184.5,153.2,201.5,722.0,3228.0,7.0,1,
625101,1866.0,54.4,159.3,169.9,604.0,3130.0,7.0,1,
625201,1857.6,16.7,159.3,159.0,604.0,3130.0,7.0,1,
625301,1857.1,14.7,159.2,198.6,604.0,3130.0,7.0,1,
625501,1857.7,14.6,159.2,234.7,604.0,3130.0,7.0,1,
625601,1856.3,14.5,159.2,116.7,604.0,3130.0,7.0,1,
625701,1858.3,15.6,159.2,131.6,604.0,3130.0,7.0,1,
625801,1858.5,14.8,159.2,178.3,604.0,3130.0,7.0,1,
625901,1859.9,14.5,159.2,238.3,604.0,3130.0,7.0,1,
626001,1860.0,14.9,159.2,167.8,604.0,3130.0,7.0,1,
626101,1832.9,96.3,159.2,175.9,787.0,7294.0,21.0,1,
626201,1874.2,203.8,143.4,29.9,1854.0,7039.0,18.0,1,
626301,1873.7,236.8,144.4,30.1,1616.0,5260.0,17.0,1,
626501,1851.4,70.4,138.7,158.6,514.0,3063.0,20.0,1,
626601,1854.3,68.2,127.6,210.0,442.0,2563.0,18.0,1,
626701,1864.3,66.6,117.6,164.0,404.0,2158.0,18.0,1,
626801,1868.8,15.9,117.9,76.0,404.0,2158.0,18.0,1,
626901,1863.2,14.3,117.9,51.9,404.0,2158.0,18.0,1,
627001,1860.7,14.3,117.9,37.2,404.0,2158.0,18.0,1,
627101,1858.8,14.3,117.9,35.7,404.0,2158.0,18.0,1,
627201,1858.9,14.8,117.9,117.0,404.0,2158.0,18.0,1,
627301,1859.5,14.5,117.9,178.1,404.0,2158.0,18.0,1,
627501,1860.0,14.2,117.9,239.0,404.0,2158.0,18.0,1,
627601,1859.5,14.6,117.9,238.2,404.0,2158.0,18.0,1,
627701,1859.6,22.9,117.9,200.1,404.0,2158.0,18.0,1,
627801,1849.2,163.7,118.2,36.3,876.0,6938.0,15.0,1,
627901,1873.4,188.0,124.0,34.8,1934.0,6039.0,10.0,1,
628001,1868.3,67.9,109.2,38.6,652.0,3885.0,22.0,1,
628101,1835.7,71.1,104.1,85.4,559.0,3023.0,22.0,1,
628201,1847.9,59.6,104.6,133.1,527.0,2496.0,19.0,1,
628301,1860.2,76.4,105.0,67.3,447.0,2542.0,18.0,1,
628501,1861.4,14.2,105.3,52.4,447.0,2542.0,18.0,1,
628601,1863.3,14.2,105.3,38.0,447.0,2542.0,18.0,1,
628701,1859.3,14.3,105.3,35.8,447.0,2542.0,18.0,1,
628801,1858.1,13.7,105.3,39.1,447.0,2542.0,18.0,1,
628901,1859.4,14.9,105.3,122.3,447.0,2542.0,18.0,1,
629001,1860.0,14.9,105.3,115.4,447.0,2542.0,18.0,1,
629101,1859.2,15.3,105.3,123.7,447.0,2542.0,18.0,1,
629201,1859.1,14.3,105.3,219.6,447.0,2542.0,18.0,1,
629301,1859.6,14.8,105.4,233.2,447.0,2542.0,18.0,1,
629501,1861.9,191.7,113.5,34.9,1021.0,5370.0,10.0,1,
629601,1850.7,188.9,126.6,56.6,880.0,4006.0,18.0,1,
629701,1845.8,226.1,143.4,158.4,676.0,3300.0,18.0,1,
629801,1863.4,107.3,154.9,253.6,1234.0,3364.0,18.0,1,
629901,1859.8,74.5,155.0,253.0,472.0,2478.0,22.0,1,
630001,1855.4,26.5,154.9,201.0,419.0,2344.0,13.0,1,
630101,1858.6,14.5,154.8,164.7,419.0,2344.0,13.0,1,
630201,1857.7,14.6,154.8,67.6,419.0,2344.0,13.0,1,
630301,1858.0,15.2,154.8,54.2,419.0,2344.0,13.0,1,
630501,1859.2,15.6,154.8,148.8,419.0,2344.0,13.0,1,
630601,1859.3,15.3,154.8,230.6,419.0,2344.0,13.0,1,
630701,1859.4,14.9,154.8,239.8,419.0,2344.0,13.0,1,
630801,1858.8,14.8,154.8,237.4,419.0,2344.0,13.0,1,
630901,1858.6,13.6,154.8,239.3,419.0,2344.0,13.0,1,
631001,1868.1,77.4,154.6,81.2,959.0,7836.0,15.0,1,
631101,1840.7,315.1,156.1,30.0,2076.0,7028.0,10.0,1,
631201,1838.3,258.4,158.3,30.1,1981.0,5702.0,11.0,1,
631301,1866.5,234.0,159.1,74.8,837.0,3782.0,18.0,1,
631501,1860.6,67.7,162.8,265.4,574.0,3243.0,12.0,1,
631601,1860.6,44.9,162.9,248.1,473.0,2501.0,23.0,1,
631701,1854.3,15.2,162.9,220.0,473.0,2501.0,23.0,1,
631801,1858.5,13.9,162.9,115.2,473.0,2501.0,23.0,1,
631901,1858.9,15.4,162.9,53.6,473.0,2501.0,23.0,1,
632001,1858.8,14.2,162.9,45.9,473.0,2501.0,23.0,1,
632101,1858.6,14.4,162.9,125.2,473.0,2501.0,23.0,1,
632201,1858.5,14.9,162.9,178.1,473.0,2501.0,23.0,1,
632301,1858.9,14.3,162.9,230.0,473.0,2501.0,23.0,1,
632501,1859.1,14.7,162.9,178.1,473.0,2501.0,23.0,1,
632601,1858.5,175.8,162.9,177.3,473.0,2501.0,23.0,1,
632701,1855.8,256.8,168.9,67.0,935.0,6465.0,10.0,1,
632801,1843.7,181.2,166.0,70.7,644.0,4181.0,13.0,1,
632901,1868.0,225.9,165.0,102.9,694.0,3670.0,18.0,1,
633001,1862.7,197.6,169.4,233.8,410.0,2882.0,20.0,1,
633101,1861.4,93.1,159.1,263.9,476.0,3066.0,13.0,1,
633201,1854.2,74.5,158.9,183.8,453.0,2585.0,13.0,1,
633301,1863.9,17.1,159.4,152.1,453.0,2585.0,13.0,1,
633501,1859.0,14.1,159.4,45.1,453.0,2585.0,13.0,1,
633601,1858.3,13.9,159.4,41.2,453.0,2585.0,13.0,1,
633701,1858.7,14.3,159.4,84.3,453.0,2585.0,13.0,1,
633801,1858.9,13.6,159.4,237.4,453.0,2585.0,13.0,1,
633901,1858.7,13.1,159.4,237.9,453.0,2585.0,13.0,1,
634001,1858.3,15.1,159.4,239.3,453.0,2585.0,13.0,1,
634101,1858.4,13.5,159.3,239.4,453.0,2585.0,13.0,1,
634201,1858.7,13.8,159.4,237.9,453.0,2585.0,13.0,1,
634301,1835.9,146.5,143.3,37.3,1039.0,8223.0,14.0,1,
634501,1872.2,241.4,136.9,35.8,1827.0,5501.0,19.0,1,
634601,1866.7,229.4,131.9,100.9,1236.0,3924.0,20.0,1,
634701,1846.0,81.6,140.7,212.7,1595.0,4083.0,15.0,1,
634801,1850.4,67.8,140.7,238.1,511.0,2810.0,21.0,1,
634901,1857.6,22.8,140.4,228.1,472.0,2448.0,20.0,1,
635001,1858.8,13.5,140.4,186.9,472.0,2448.0,20.0,1,
635101,1860.1,12.3,140.4,66.1,472.0,2448.0,20.0,1,
635201,1859.3,13.8,140.4,43.8,472.0,2448.0,20.0,1,
635301,1859.0,13.8,140.4,56.1,472.0,2448.0,20.0,1,
635501,1859.7,14.5,140.4,131.2,472.0,2448.0,20.0,1,
635601,1859.0,13.3,140.4,163.8,472.0,2448.0,20.0,1,
635701,1858.9,14.1,140.4,182.9,472.0,2448.0,20.0,1,
635801,1859.2,14.7,140.4,177.2,472.0,2448.0,20.0,1,
635901,1823.2,142.7,139.7,46.9,1062.0,8226.0,19.0,1,
636001,1880.4,273.1,157.1,34.3,528.0,4273.0,15.0,1,
636101,1872.6,240.8,154.7,35.0,523.0,3702.0,10.0,1,
636201,1865.5,192.6,151.6,93.4,1550.0,4403.0,16.0,1,
636301,1834.3,68.4,145.9,201.3,548.0,2955.0,22.0,1,
636501,1880.9,31.2,146.0,215.4,369.0,2247.0,21.0,1,
636601,1858.4,12.4,146.0,85.1,369.0,2247.0,21.0,1,
636701,1859.5,12.2,146.0,55.1,369.0,2247.0,21.0,1,
636801,1858.5,8.2,146.0,50.8,369.0,2247.0,21.0,1,
636901,1857.0,7.1,145.9,52.2,369.0,2247.0,21.0,1,
637001,1859.2,6.9,145.9,100.1,369.0,2247.0,21.0,1,
637101,1859.0,6.5,145.8,88.8,369.0,2247.0,21.0,1,
637201,1857.4,6.7,145.8,99.2,369.0,2247.0,21.0,1,
637301,1857.9,7.0,145.7,99.6,369.0,2247.0,21.0,1,
637501,1839.0,134.1,145.4,67.1,369.0,2247.0,21.0,1,
637601,1883.8,282.5,144.0,35.6,1061.0,5233.0,18.0,1,
637701,1862.3,236.0,136.7,30.2,774.0,5257.0,21.0,1,
637801,1849.7,214.1,132.9,39.9,660.0,4068.0,21.0,1,
637901,1836.9,163.8,141.0,72.4,518.0,3083.0,15.0,1,
638001,1859.5,151.9,151.8,132.8,591.0,2981.0,14.0,1,
638101,1869.2,118.4,161.0,178.6,449.0,2429.0,15.0,1,
638201,1861.5,12.7,161.1,263.2,449.0,2429.0,15.0,1,
638301,1854.7,14.5,161.1,233.0,449.0,2429.0,15.0,1,
638501,1860.5,8.4,161.1,90.5,449.0,2429.0,15.0,1,
638601,1859.3,13.8,161.1,75.2,449.0,2429.0,15.0,1,
638701,1872.7,9.5,161.3,103.1,449.0,2429.0,15.0,1,
638801,1857.7,13.5,161.3,105.7,449.0,2429.0,15.0,1,
638901,1846.7,11.9,161.2,92.9,449.0,2429.0,15.0,1,
639001,1856.8,8.3,161.2,100.1,449.0,2429.0,15.0,1,
639101,1867.2,13.2,161.3,117.8,449.0,2429.0,15.0,1,
639201,1874.0,281.8,161.3,29.3,2004.0,7239.0,19.0,1,
639301,1858.8,282.7,158.0,34.5,1794.0,6240.0,18.0,1,
639501,1852.7,252.0,168.3,199.5,949.0,3692.0,17.0,1,
639601,1859.8,238.4,172.4,263.8,1624.0,3549.0,14.0,1,
639701,1861.7,243.3,174.8,265.9,1357.0,3438.0,14.0,1,
639801,1848.2,25.0,178.4,253.8,334.0,2023.0,14.0,1,
639901,1861.6,10.8,178.5,169.6,334.0,2023.0,14.0,1,
640001,1862.6,9.6,178.7,106.1,334.0,2023.0,14.0,1,
640101,1860.0,8.7,178.6,70.3,334.0,2023.0,14.0,1,
640201,1859.7,8.9,178.7,91.4,334.0,2023.0,14.0,1,
640301,1859.9,9.7,178.4,98.8,334.0,2023.0,14.0,1,
640501,1859.5,8.7,178.6,109.7,334.0,2023.0,14.0,1,
640601,1859.5,8.8,178.7,102.0,334.0,2023.0,14.0,1,
640701,1857.8,8.4,178.5,100.2,334.0,2023.0,14.0,1,
640801,1867.2,165.8,176.6,38.2,940.0,7051.0,19.0,1,
640901,1852.1,213.2,172.2,30.2,620.0,3926.0,16.0,1,
641001,1845.4,204.9,167.4,36.1,1064.0,3521.0,17.0,1,
641101,1860.0,186.8,162.7,137.9,373.0,2378.0,17.0,1,
641201,1857.7,108.6,150.7,240.5,608.0,2952.0,19.0,1,
641301,1862.7,101.7,141.6,253.3,547.0,3012.0,17.0,1,
641501,1860.3,10.0,132.3,76.0,547.0,3012.0,17.0,1,
641601,1862.8,10.9,132.3,43.3,547.0,3012.0,17.0,1,
641701,1864.1,8.9,132.3,35.6,547.0,3012.0,17.0,1,
641801,1858.6,10.7,132.3,35.7,547.0,3012.0,17.0,1,
641901,1859.6,9.2,132.3,80.0,547.0,3012.0,17.0,1,
642001,1861.1,9.3,132.4,91.0,547.0,3012.0,17.0,1,
642101,1859.0,10.0,132.3,105.4,547.0,3012.0,17.0,1,
642201,1858.9,9.7,132.3,105.5,547.0,3012.0,17.0,1,
642301,1859.4,10.4,132.4,116.5,547.0,3012.0,17.0,1,
642501,1837.2,186.5,139.6,55.1,779.0,4916.0,10.0,1,
642601,1862.6,199.8,144.3,72.1,1203.0,4476.0,9.0,1,
642701,1862.4,166.9,146.1,157.1,748.0,3208.0,19.0,1,
642801,1865.4,144.7,147.7,249.5,485.0,2487.0,20.0,1,
642901,1857.5,134.2,154.4,263.6,337.0,2171.0,8.0,1,
643001,1854.7,37.3,153.6,262.9,532.0,2574.0,20.0,1,
643101,1853.6,9.8,153.6,241.8,532.0,2574.0,20.0,1,
643201,1859.6,8.7,153.6,199.2,532.0,2574.0,20.0,1,
643301,1859.9,9.3,153.5,99.5,532.0,2574.0,20.0,1,
643501,1857.6,11.2,153.4,69.6,532.0,2574.0,20.0,1,
643601,1862.0,10.1,153.5,67.3,532.0,2574.0,20.0,1,
643701,1858.7,10.9,153.5,67.6,532.0,2574.0,20.0,1,
643801,1859.4,10.5,153.5,117.5,532.0,2574.0,20.0,1,
643901,1859.9,10.6,153.5,131.2,532.0,2574.0,20.0,1,
644001,1838.5,95.4,151.8,145.6,532.0,2574.0,20.0,1,
644101,1850.8,244.9,149.9,34.4,1920.0,7212.0,11.0,1,
644201,1879.2,230.9,146.6,35.0,1196.0,4144.0,15.0,1,
644301,1869.9,215.7,143.4,86.9,1606.0,4679.0,10.0,1,
644501,1842.3,249.8,152.9,263.5,1403.0,3269.0,17.0,1,
644601,1848.4,74.1,156.7,263.9,512.0,2630.0,20.0,1,
644701,1868.7,11.9,156.7,233.9,512.0,2630.0,20.0,1,
644801,1859.8,9.0,156.7,187.8,512.0,2630.0,20.0,1,
644901,1861.3,8.9,156.8,158.4,512.0,2630.0,20.0,1,
645001,1858.1,10.0,156.8,69.2,512.0,2630.0,20.0,1,
645101,1858.6,9.2,156.8,91.2,512.0,2630.0,20.0,1,
645201,1861.1,10.4,156.8,82.5,512.0,2630.0,20.0,1,
645301,1858.5,11.0,156.7,80.8,512.0,2630.0,20.0,1,
645501,1860.1,9.9,156.8,93.4,512.0,2630.0,20.0,1,
645601,1859.0,10.4,156.7,107.8,512.0,2630.0,20.0,1,
645701,1843.4,173.0,154.6,35.8,890.0,5814.0,11.0,1,
645801,1871.9,230.6,153.5,30.0,579.0,3581.0,19.0,1,
645901,1863.3,214.0,156.4,36.8,521.0,3097.0,18.0,1,
646001,1856.5,179.6,156.4,158.8,345.0,2665.0,10.0,1,
646101,1845.6,172.2,155.9,254.0,494.0,2230.0,20.0,1,
646201,1856.3,163.1,156.1,266.4,324.0,2069.0,9.0,1,
646301,1873.0,22.1,157.0,265.0,324.0,2069.0,9.0,1,
646501,1860.0,8.4,157.0,220.7,324.0,2069.0,9.0,1,
646601,1858.3,10.2,157.0,166.3,324.0,2069.0,9.0,1,
646701,1858.1,11.0,157.0,51.2,324.0,2069.0,9.0,1,
646801,1860.1,10.1,157.0,76.7,324.0,2069.0,9.0,1,
646901,1859.8,9.8,157.0,75.5,324.0,2069.0,9.0,1,
647001,1859.6,10.7,157.0,73.9,324.0,2069.0,9.0,1,
647101,1859.3,10.4,157.0,89.6,324.0,2069.0,9.0,1,
647201,1859.5,9.6,157.0,101.9,324.0,2069.0,9.0,1,
647301,1861.1,221.9,158.3,40.7,1915.0,7806.0,11.0,1,
647501,1859.8,168.9,157.7,72.7,1084.0,4318.0,10.0,1,
647601,1838.0,241.7,158.9,158.5,953.0,3665.0,18.0,1,
647701,1855.4,136.3,159.8,262.7,603.0,2942.0,18.0,1,
647801,1863.6,76.1,154.1,265.9,488.0,2887.0,21.0,1,
647901,1854.5,27.0,149.7,233.1,399.0,2156.0,19.0,1,
648001,1856.2,9.8,149.7,158.3,399.0,2156.0,19.0,1,
648101,1861.6,8.5,149.7,65.7,399.0,2156.0,19.0,1,
648201,1861.5,8.4,149.7,47.7,399.0,2156.0,19.0,1,
648301,1858.4,8.8,149.7,47.2,399.0,2156.0,19.0,1,
648501,1861.6,10.4,149.7,94.2,399.0,2156.0,19.0,1,
648601,1858.6,10.2,149.7,94.3,399.0,2156.0,19.0,1,
648701,1859.8,9.4,149.7,100.4,399.0,2156.0,19.0,1,
648801,1859.3,11.8,149.7,102.1,399.0,2156.0,19.0,1,
648901,1850.6,137.7,146.5,75.2,872.0,7194.0,19.0,1,
649001,1872.0,229.3,146.7,34.7,717.0,4517.0,15.0,1,
649101,1848.6,224.5,143.8,41.9,1598.0,4473.0,14.0,1,
649201,1841.3,95.9,134.9,135.2,569.0,3847.0,20.0,1,
649301,1865.5,79.0,117.4,215.2,503.0,3346.0,22.0,1,
649501,1864.8,50.8,117.1,68.8,378.0,2699.0,19.0,1,
649601,1850.8,10.9,117.1,53.3,378.0,2699.0,19.0,1,
649701,1859.5,9.8,117.1,47.2,378.0,2699.0,19.0,1,
649801,1861.9,10.5,117.1,35.3,378.0,2699.0,19.0,1,
649901,1862.2,9.5,117.1,30.2,378.0,2699.0,19.0,1,
650001,1859.3,11.5,117.1,99.3,378.0,2699.0,19.0,1,
650101,1859.3,11.3,117.1,101.7,378.0,2699.0,19.0,1,
650201,1860.6,10.4,117.1,86.9,378.0,2699.0,19.0,1,
650301,1859.0,11.7,117.1,71.9,378.0,2699.0,19.0,1,
650501,1860.1,15.3,117.1,116.9,378.0,2699.0,19.0,1,
650601,1872.7,200.2,110.6,29.8,946.0,5863.0,10.0,1,
650701,1832.2,178.4,117.6,29.7,625.0,3847.0,16.0,1,
650801,1861.5,183.4,120.9,35.8,981.0,3840.0,18.0,1,
650901,1865.5,157.9,133.2,190.3,623.0,3186.0,20.0,1,
651001,1860.2,156.5,144.5,260.7,428.0,2461.0,18.0,1,
651101,1858.9,83.9,144.6,254.6,522.0,2835.0,21.0,1,
651201,1859.5,15.8,145.2,247.2,522.0,2835.0,21.0,1,
651301,1859.5,9.3,145.2,208.5,522.0,2835.0,21.0,1,
651501,1859.9,11.2,145.2,45.9,522.0,2835.0,21.0,1,
651601,1858.3,11.0,145.2,71.5,522.0,2835.0,21.0,1,
651701,1862.8,10.9,145.2,76.2,522.0,2835.0,21.0,1,
651801,1860.0,11.4,145.2,70.4,522.0,2835.0,21.0,1,
651901,1860.2,11.8,145.2,69.3,522.0,2835.0,21.0,1,
652001,1860.5,11.4,145.3,91.6,522.0,2835.0,21.0,1,
652101,1859.8,11.3,145.2,99.4,522.0,2835.0,21.0,1,
652201,1864.4,263.4,150.2,41.4,1744.0,7400.0,12.0,1,
652301,1848.9,225.3,145.9,44.0,1284.0,4976.0,16.0,1,
652501,1866.9,217.5,149.4,200.3,1824.0,4347.0,19.0,1,
652601,1864.8,238.1,151.2,264.6,1369.0,3434.0,18.0,1,
652701,1849.6,94.3,158.6,264.9,382.0,2137.0,17.0,1,
652801,1854.3,21.3,158.4,253.5,545.0,2338.0,19.0,1,
652901,1859.6,10.0,158.4,198.1,545.0,2338.0,19.0,1,
653001,1860.5,13.0,158.4,117.2,545.0,2338.0,19.0,1,
653101,1861.5,10.9,158.4,72.4,545.0,2338.0,19.0,1,
653201,1860.6,10.5,158.4,68.3,545.0,2338.0,19.0,1,
653301,1860.3,12.2,158.4,85.1,545.0,2338.0,19.0,1,
653501,1860.9,11.2,158.4,79.7,545.0,2338.0,19.0,1,
653601,1861.2,11.4,158.4,94.3,545.0,2338.0,19.0,1,
653701,1860.6,11.4,158.4,106.3,545.0,2338.0,19.0,1,
653801,1837.7,171.7,156.4,43.4,922.0,7572.0,16.0,1,
653901,1861.6,212.7,159.5,34.6,705.0,4576.0,10.0,1,
654001,1870.2,204.2,158.5,56.0,669.0,3861.0,9.0,1,
654101,1861.9,182.4,152.9,157.2,870.0,3922.0,9.0,1,
654201,1859.9,274.5,156.0,233.9,495.0,3113.0,7.0,1,
654301,1835.1,184.3,158.0,247.0,927.0,3672.0,7.0,1,
654501,1854.4,12.0,162.0,172.3,927.0,3672.0,7.0,1,
654601,1859.3,9.7,162.0,170.6,927.0,3672.0,7.0,1,
654701,1857.1,9.0,161.9,156.1,927.0,3672.0,7.0,1,
654801,1857.4,9.5,161.8,138.9,927.0,3672.0,7.0,1,
654901,1858.0,10.0,161.8,103.0,927.0,3672.0,7.0,1,
655001,1859.2,9.2,161.7,117.2,927.0,3672.0,7.0,1,
655101,1859.7,9.9,161.7,91.4,927.0,3672.0,7.0,1,
655201,1860.1,9.4,161.6,88.1,927.0,3672.0,7.0,1,
655301,1861.0,9.0,161.6,109.6,927.0,3672.0,7.0,1,
655501,1887.6,185.0,153.5,29.6,1589.0,5844.0,10.0,1,
655601,1878.2,166.1,154.1,29.7,1319.0,4463.0,17.0,1,
655701,1866.2,72.9,143.2,42.9,617.0,3193.0,20.0,1,
655801,1850.4,80.0,130.1,151.0,459.0,2914.0,21.0,1,
655901,1848.7,65.9,111.3,204.2,360.0,2274.0,18.0,1,
656001,1859.8,60.9,99.5,76.4,359.0,2188.0,18.0,1,
656101,1868.5,12.2,99.9,55.6,359.0,2188.0,18.0,1,
656201,1863.3,9.4,99.8,51.0,359.0,2188.0,18.0,1,
656301,1862.5,10.4,99.8,39.8,359.0,2188.0,18.0,1,
656501,1859.3,11.2,99.8,92.2,359.0,2188.0,18.0,1,
656601,1860.6,11.8,99.9,109.0,359.0,2188.0,18.0,1,
656701,1861.1,10.7,99.9,92.2,359.0,2188.0,18.0,1,
656801,1860.1,9.9,99.9,89.2,359.0,2188.0,18.0,1,
656901,1860.3,11.7,99.9,99.5,359.0,2188.0,18.0,1,
657001,1859.5,29.8,99.9,122.2,359.0,2188.0,18.0,1,
657101,1860.4,233.2,116.6,51.1,848.0,5505.0,11.0,1,
657201,1871.8,199.4,118.4,68.9,517.0,3508.0,17.0,1,
657301,1852.0,250.8,131.7,125.1,1177.0,3611.0,8.0,1,
657501,1863.4,190.2,154.5,260.4,310.0,2271.0,16.0,1,
657601,1863.9,59.3,155.5,264.6,507.0,2877.0,18.0,1,
657701,1859.0,16.1,155.5,247.3,569.0,2989.0,18.0,1,
657801,1860.2,10.7,155.4,203.5,569.0,2989.0,18.0,1,
657901,1861.4,9.5,155.4,131.6,569.0,2989.0,18.0,1,
658001,1864.9,9.9,155.5,37.9,569.0,2989.0,18.0,1,
658101,1861.9,9.1,155.5,65.5,569.0,2989.0,18.0,1,
658201,1860.2,10.7,155.5,123.1,569.0,2989.0,18.0,1,
658301,1861.3,11.2,155.5,100.5,569.0,2989.0,18.0,1,
658501,1860.6,10.7,155.5,123.0,569.0,2989.0,18.0,1,
658601,1860.9,11.2,155.5,123.5,569.0,2989.0,18.0,1,
658701,1872.0,222.7,153.1,35.9,1215.0,7420.0,11.0,1,
658801,1857.1,272.4,151.6,34.3,821.0,4448.0,16.0,1,
658901,1845.5,175.3,151.9,65.6,534.0,3353.0,17.0,1,
659001,1855.5,143.0,154.5,157.7,492.0,3197.0,17.0,1,
659101,1863.7,79.5,144.3,253.7,514.0,3260.0,21.0,1,
659201,1864.6,105.7,137.2,247.2,434.0,3103.0,19.0,1,
659301,1854.7,27.9,138.2,170.3,512.0,2949.0,18.0,1,
659501,1859.0,10.1,138.1,38.8,512.0,2949.0,18.0,1,
659601,1861.8,9.8,138.1,36.0,512.0,2949.0,18.0,1,
659701,1863.0,8.9,138.1,36.9,512.0,2949.0,18.0,1,
659801,1865.9,10.0,138.2,132.9,512.0,2949.0,18.0,1,
659901,1861.3,9.9,138.2,141.7,512.0,2949.0,18.0,1,
660001,1860.2,12.6,138.2,145.1,512.0,2949.0,18.0,1,
660101,1860.6,11.6,138.2,122.6,512.0,2949.0,18.0,1,
660201,1860.9,11.1,138.2,89.5,512.0,2949.0,18.0,1,
660301,1876.5,104.8,137.9,54.3,923.0,7681.0,19.0,1,
660501,1846.5,226.0,115.0,34.4,1377.0,4025.0,15.0,1,
660601,1866.8,259.8,118.7,35.1,1871.0,4563.0,18.0,1,
660701,1869.3,77.0,128.0,94.5,511.0,3378.0,21.0,1,
660801,1863.6,51.4,127.6,172.6,456.0,3029.0,19.0,1,
660901,1855.0,50.1,126.5,184.3,431.0,2576.0,19.0,1,
661001,1851.9,11.3,126.5,158.2,431.0,2576.0,19.0,1,
661101,1863.5,9.9,126.5,40.4,431.0,2576.0,19.0,1,
661201,1864.6,10.0,126.5,35.2,431.0,2576.0,19.0,1,
661301,1860.7,8.3,126.5,35.0,431.0,2576.0,19.0,1,
661501,1863.1,8.8,126.4,138.7,431.0,2576.0,19.0,1,
661601,1859.8,9.7,126.4,113.0,431.0,2576.0,19.0,1,
661701,1860.2,9.3,126.4,91.4,431.0,2576.0,19.0,1,
661801,1859.9,10.5,126.4,89.3,431.0,2576.0,19.0,1,
661901,1857.8,112.2,126.6,106.5,431.0,2576.0,19.0,1,
662001,1843.3,218.2,135.8,56.3,1434.0,7110.0,11.0,1,
662101,1862.2,202.0,145.0,71.1,517.0,3614.0,17.0,1,
662201,1867.8,188.9,142.7,138.3,1825.0,4554.0,17.0,1,
662301,1871.0,54.2,130.1,227.8,558.0,3552.0,22.0,1,
662501,1836.5,69.9,130.3,168.7,407.0,2708.0,20.0,1,
662601,1868.1,10.1,130.4,85.7,427.0,2578.0,20.0,1,
662701,1861.3,8.3,130.4,49.6,427.0,2578.0,20.0,1,
662801,1860.4,11.3,130.3,36.9,427.0,2578.0,20.0,1,
662901,1860.3,11.2,130.4,35.2,427.0,2578.0,20.0,1,
663001,1860.9,10.8,130.4,99.4,427.0,2578.0,20.0,1,
663101,1860.3,11.8,130.4,139.5,427.0,2578.0,20.0,1,
663201,1860.0,10.6,130.4,178.1,427.0,2578.0,20.0,1,
663301,1860.2,11.2,130.4,177.4,427.0,2578.0,20.0,1,
663501,1860.2,7.9,130.4,142.1,427.0,2578.0,20.0,1,
663601,1838.6,143.9,122.8,38.3,981.0,6485.0,19.0,1,
663701,1873.4,208.4,124.4,34.7,1111.0,4238.0,15.0,1,
663801,1871.4,232.4,131.0,45.6,837.0,3979.0,12.0,1,
663901,1861.2,138.1,134.4,158.3,612.0,4276.0,15.0,1,
664001,1852.7,109.8,136.0,234.5,557.0,3737.0,23.0,1,
664101,1849.3,91.9,136.6,201.4,478.0,3420.0,22.0,1,
664201,1873.7,17.7,136.5,87.9,371.0,2751.0,21.0,1,
664301,1861.9,8.9,136.5,52.1,371.0,2751.0,21.0,1,
664501,1858.7,8.2,136.5,36.6,371.0,2751.0,21.0,1,
664601,1860.6,9.1,136.5,49.4,371.0,2751.0,21.0,1,
664701,1860.2,7.8,136.5,111.8,371.0,2751.0,21.0,1,
664801,1860.0,8.2,136.5,125.3,371.0,2751.0,21.0,1,
664901,1860.5,8.7,136.4,117.6,371.0,2751.0,21.0,1,
