Time(ms),Raw_ADC
0,1863
1,1879
2,1889
3,1873
4,1835
5,1858
6,1846
7,1840
8,1806
9,1847
10,1869
11,1855
12,1870
13,1855
14,1876
15,1872
16,1873
17,1864
18,1872
19,1881
20,1872
21,1840
22,1862
23,1871
24,1859
25,1826
26,1852
27,1869
28,1847
29,1837
30,1874
31,1891
32,1869
33,1843
34,1873
35,1877
36,1885
37,1861
38,1866
39,1861
40,1835
41,1822
42,1839
43,1861
44,1861
45,1840
46,1852
47,1873
48,1865
49,1879
50,1863
51,1879
52,1886
53,1867
54,1845
55,1858
56,1845
57,1794
58,1833
59,1839
60,1871
61,1850
62,1838
63,1866
64,1883
65,1883
66,1853
67,1868
68,1885
69,1871
70,1851
71,1836
72,1847
73,1847
74,1874
75,1834
76,1858
77,1879
78,1871
79,1849
80,1875
81,1887
82,1872
83,1849
84,1851
85,1862
86,1879
87,1849
88,1854
89,1863
90,1853
91,1823
92,1840
93,1855
94,1877
95,1838
96,1853
97,1899
98,1877
99,1894
100,1866
101,1877
102,1889
103,1885
104,1840
105,1851
106,1866
107,1877
108,1856
109,1855
110,1854
111,1872
112,1872
113,1871
114,1872
115,1874
116,1869
117,1866
118,1870
119,1873
120,1863
121,1840
122,1843
123,1859
124,1812
125,1824
126,1862
127,1870
128,1867
129,1846
130,1872
131,1874
132,1904
133,1853
134,1881
135,1891
136,1879
137,1854
138,1858
139,1854
140,1861
141,1822
142,1842
143,1866
144,1873
145,1866
146,1855
147,1881
148,1872
149,1894
150,1850
151,1883
152,1903
153,1891
154,1853
155,1866
156,1872
157,1862
158,1829
159,1859
160,1854
161,1859
162,1838
163,1863
164,1906
165,1905
166,1867
167,1872
168,1893
169,1890
170,1857
171,1852
172,1872
173,1867
174,1843
175,1830
176,1863
177,1881
178,1856
179,1859
180,1877
181,1899
182,1903
183,1867
184,1891
185,1892
186,1897
187,1870
188,1863
189,1858
190,1851
191,1840
192,1843
193,1878
194,1891
195,1870
196,1871
197,1897
198,1903
199,1868
200,1870
201,1887
202,1901
203,1874
204,1843
205,1861
206,1872
207,1857
208,1818
209,1859
210,1871
211,1863
212,1905
213,1873
214,1899
215,1872
216,1858
217,1870
218,1879
219,1878
220,1846
221,1847
222,1853
223,1863
224,1828
225,1834
226,1870
227,1875
228,1871
229,1852
230,1873
231,1887
232,1882
233,1856
234,1879
235,1867
236,1851
237,1843
238,1835
239,1871
240,1866
241,1861
242,1854
243,1887
244,1892
245,1856
246,1867
247,1865
248,1877
249,1865
250,1865
251,1881
252,1890
253,1861
254,1825
255,1843
256,1849
257,1841
258,1835
259,1854
260,1871
261,1878
262,1853
263,1858
264,1862
265,1859
266,1867
267,1856
268,1872
269,1876
270,1860
271,1837
272,1866
273,1866
274,1862
275,1824
276,1856
277,1866
278,1859
279,1850
280,1878
281,1879
282,1877
283,1856
284,1880
285,1878
286,1883
287,1842
288,1840
289,1847
290,1849
291,1838
292,1850
293,1869
294,1868
295,1866
296,1840
297,1865
298,1879
299,1872
300,1855
301,1873
302,1886
303,1852
304,1823
305,1846
306,1867
307,1843
308,1817
309,1839
310,1859
311,1860
312,1835
313,1865
314,1888
315,1840
316,1841
317,1856
318,1872
319,1884
320,1831
321,1856
322,1867
323,1862
324,1856
325,1829
326,1861
327,1870
328,1872
329,1853
330,1855
331,1883
332,1919
333,1862
334,1867
335,1886
336,1884
337,1865
338,1857
339,1855
340,1862
341,1809
342,1842
343,1875
344,1897
345,1860
346,1855
347,1890
348,1883
349,1879
350,1872
351,1889
352,1888
353,1895
354,1838
355,1847
356,1863
357,1822
358,1813
359,1855
360,1863
361,1878
362,1862
363,1875
364,1893
365,1918
366,1874
367,1872
368,1879
369,1902
370,1861
371,1843
372,1871
373,1857
374,1841
375,1826
376,1856
377,1879
378,1856
379,1853
380,1879
381,1885
382,1904
383,1883
384,1887
385,1882
386,1870
387,1850
388,1850
389,1870
390,1873
391,1828
392,1840
393,1870
394,1871
395,1866
396,1855
397,1883
398,1891
399,1868
400,1871
401,1888
402,1866
403,1870
404,1835
405,1850
406,1859
407,1840
408,1827
409,1845
410,1872
411,1872
412,1872
413,1857
414,1873
415,1871
416,1861
417,1861
418,1876
419,1877
420,1879
421,1840
422,1865
423,1840
424,1850
425,1824
426,1860
427,1873
428,1869
429,1852
430,1873
431,1879
432,1904
433,1869
434,1870
435,1871
436,1874
437,1841
438,1845
439,1851
440,1844
441,1819
442,1831
443,1857
444,1874
445,1839
446,1840
447,1860
448,1874
449,1914
450,1859
451,1879
452,1884
453,1856
454,1849
455,1848
456,1856
457,1838
458,1808
459,1855
460,1866
461,1871
462,1834
463,1858
464,1863
465,1872
466,1874
467,1872
468,1874
469,1872
470,1856
471,1840
472,1860
473,1855
474,1824
475,1818
476,1850
477,1855
478,1869
479,1837
480,1859
481,1857
482,1864
483,1868
484,1878
485,1890
486,1904
487,1869
488,1854
489,1869
490,1847
491,1829
492,1826
493,1856
494,1861
495,1898
496,1841
497,1870
498,1870
499,1870
500,1856
501,1877
502,1878
503,1851
504,1814
505,1847
506,1860
507,1827
508,1807
509,1849
510,1872
511,1851
512,1845
513,1875
514,1879
515,1841
516,1872
517,1868
518,1873
519,1889
520,1847
521,1845
522,1855
523,1851
524,1854
525,1825
526,1860
527,1858
528,1875
529,1835
530,1858
531,1878
532,1884
533,1871
534,1866
535,1872
536,1882
537,1851
538,1847
539,1867
540,1826
541,1815
542,1840
543,1863
544,1893
545,1870
546,1849
547,1875
548,1879
549,1868
550,1855
551,1877
552,1877
553,1859
554,1838
555,1866
556,1858
557,1851
558,1830
559,1840
560,1865
561,1844
562,1849
563,1857
564,1870
565,1875
566,1855
567,1855
568,1872
569,1869
570,1856
571,1846
572,1861
573,1859
574,1841
575,1820
576,1854
577,1858
578,1850
579,1845
580,1869
581,1883
582,1856
583,1856
584,1865
585,1887
586,1890
587,1840
588,1847
589,1854
590,1858
591,1815
592,1831
593,1855
594,1861
595,1835
596,1845
597,1875
598,1879
599,1891
600,1856
601,1873
602,1894
603,1855
604,1843
605,1857
606,1855
607,1855
608,1831
609,1862
610,1863
611,1851
612,1872
613,1861
614,1867
615,1891
616,1845
617,1869
618,1879
619,1889
620,1853
621,1833
622,1856
623,1828
624,1840
625,1821
626,1853
627,1869
628,1856
629,1852
630,1850
631,1865
632,1856
633,1866
634,1859
635,1872
636,1870
637,1863
638,1856
639,1863
640,1843
641,1808
642,1834
643,1861
644,1874
645,1875
646,1851
647,1873
648,1863
649,1907
650,1854
651,1880
652,1883
653,1872
654,1838
655,1843
656,1846
657,1846
658,1851
659,1856
660,1862
661,1858
662,1859
663,1856
664,1891
665,1871
666,1867
667,1866
668,1882
669,1898
670,1862
671,1844
672,1858
673,1885
674,1894
675,1870
676,1897
677,1901
678,1849
679,1843
680,1819
681,1817
682,1840
683,1856
684,1855
685,1875
686,1857
687,1837
688,1838
689,1854
690,1840
691,1821
692,1835
693,1867
694,1895
695,1842
696,1856
697,1885
698,1872
699,1871
700,1856
701,1876
702,1878
703,1866
704,1854
705,1858
706,1849
707,1839
708,1840
709,1847
710,1859
711,1872
712,1862
713,816
714,1438
715,1970
716,1919
717,1871
718,2003
719,2001
720,2042
721,2246
722,2481
723,2215
724,1836
725,1633
726,1675
727,1784
728,1841
729,1839
730,1859
731,1891
732,1874
733,1869
734,1910
735,1901
736,1888
737,1827
738,1808
739,1815
740,1794
741,1798
742,1793
743,1836
744,1710
745,1134
746,1904
747,1945
748,1968
749,2039
750,2015
751,2145
752,2373
753,2289
754,1894
755,1648
756,1664
757,1766
758,1839
759,1872
760,1896
761,1884
762,1936
763,1882
764,1872
765,1865
766,1840
767,1833
768,1891
769,1905
770,1860
771,1824
772,1842
773,1841
774,1829
775,2098
776,1137
777,1951
778,2019
779,2005
780,2096
781,2112
782,2314
783,2400
784,2088
785,1714
786,1569
787,1612
788,1781
789,1853
790,1870
791,1854
792,1871
793,1903
794,1914
795,1831
796,1838
797,1815
798,1832
799,1869
800,1862
801,1872
802,1869
803,1868
804,1853
805,1859
806,2555
807,866
808,1813
809,2037
810,2139
811,2178
812,2255
813,2541
814,2265
815,1771
816,1535
817,1523
818,1686
819,1814
820,1840
821,1863
822,1907
823,1905
824,1861
825,1839
826,1865
827,1865
828,1847
829,1861
830,1859
831,1867
832,1854
833,1842
834,1865
835,1882
836,1885
837,2283
838,762
839,1918
840,2205
841,2371
842,2447
843,2630
844,2609
845,1725
846,1321
847,1248
848,1360
849,1607
850,1781
851,1865
852,1921
853,1901
854,1883
855,1888
856,1920
857,1925
858,1914
859,1893
860,1904
861,1865
862,1813
863,1785
864,1787
865,1807
866,1805
867,1851
868,1904
869,431
870,1886
871,2269
872,2498
873,2431
874,2589
875,2378
876,1585
877,1418
878,1361
879,1376
880,1605
881,1760
882,1885
883,1892
884,1919
885,1939
886,1899
887,1886
888,1872
889,1875
890,1861
891,1840
892,1815
893,1840
894,1846
895,1835
896,1866
897,1904
898,1899
899,1911
900,118
901,1829
902,2352
903,2783
904,2801
905,3007
906,2350
907,1470
908,1307
909,1136
910,1180
911,1377
912,1565
913,1776
914,1903
915,1931
916,1899
917,1907
918,1920
919,1886
920,1866
921,1842
922,1860
923,1840
924,1808
925,1817
926,1859
927,1892
928,1876
929,1879
930,1899
931,39
932,1775
933,2435
934,3282
935,3315
936,3056
937,2869
938,1677
939,1005
940,657
941,704
942,978
943,1441
944,1762
945,1834
946,1866
947,1911
948,1904
949,1891
950,1888
951,1895
952,1907
953,1899
954,1894
955,1901
956,1872
957,1883
958,1875
959,1897
960,1901
961,1904
962,0
963,1617
964,2478
965,3533
966,3322
967,3057
968,2864
969,1648
970,951
971,538
972,407
973,939
974,1451
975,1744
976,1870
977,1909
978,1925
979,1934
980,1957
981,1936
982,1916
983,1914
984,1908
985,1906
986,1926
987,1904
988,1907
989,1909
990,1933
991,1904
992,1893
993,165
994,1617
995,2465
996,3531
997,3299
998,3024
999,2873
1000,1709
1001,858
1002,256
1003,130
1004,769
1005,1476
1006,1792
1007,1902
1008,1937
1009,1959
1010,1974
1011,1971
1012,1938
1013,1933
1014,1951
1015,1935
1016,1917
1017,1933
1018,1959
1019,1968
1020,1936
1021,1931
1022,1961
1023,1943
1024,712
1025,1361
1026,2381
1027,3568
1028,3312
1029,3038
1030,2893
1031,1612
1032,832
1033,144
1034,83
1035,925
1036,1581
1037,1860
1038,1927
1039,1969
1040,2000
1041,1958
1042,1962
1043,1975
1044,1979
1045,1934
1046,1922
1047,1941
1048,1941
1049,1954
1050,1945
1051,1962
1052,1959
1053,1931
1054,1922
1055,1561
1056,1309
1057,2261
1058,3504
1059,3319
1060,3085
1061,2875
1062,1616
1063,810
1064,67
1065,114
1066,942
1067,1578
1068,1872
1069,2000
1070,1995
1071,1984
1072,2003
1073,2006
1074,1968
1075,1925
1076,1943
1077,1943
1078,1957
1079,1942
1080,1949
1081,1971
1082,1986
1083,1946
1084,1945
1085,1957
1086,1978
1087,1131
1088,2194
1089,3555
1090,3344
1091,3106
1092,2904
1093,1533
1094,731
1095,0
1096,181
1097,1067
1098,1629
1099,1861
1100,1947
1101,1995
1102,2021
1103,2017
1104,1993
1105,1967
1106,1950
1107,1981
1108,1947
1109,1921
1110,1925
1111,1921
1112,1937
1113,1984
1114,1998
1115,1964
1116,1957
1117,2640
1118,975
1119,2103
1120,3479
1121,3389
1122,3130
1123,2923
1124,1605
1125,745
1126,16
1127,130
1128,1008
1129,1584
1130,1852
1131,1954
1132,1989
1133,2026
1134,2019
1135,2028
1136,2003
1137,1954
1138,1943
1139,1956
1140,1951
1141,1935
1142,1923
1143,1955
1144,1966
1145,1934
1146,1932
1147,1958
1148,2494
1149,766
1150,2018
1151,3442
1152,3428
1153,3141
1154,2921
1155,1639
1156,739
1157,49
1158,208
1159,1040
1160,1644
1161,1865
1162,1899
1163,1970
1164,2007
1165,2009
1166,1995
1167,1970
1168,1983
1169,2001
1170,2014
1171,1959
1172,1925
1173,1886
1174,1910
1175,1910
1176,1937
1177,1959
1178,1927
1179,2142
1180,641
1181,1999
1182,3347
1183,3411
1184,3177
1185,2938
1186,1740
1187,822
1188,68
1189,144
1190,948
1191,1535
1192,1812
1193,1940
1194,2005
1195,2032
1196,2000
1197,2018
1198,2000
1199,1969
1200,1971
1201,1979
1202,1984
1203,1966
1204,1972
1205,1936
1206,1942
1207,1920
1208,1893
1209,1922
1210,1927
1211,199
1212,1855
1213,3179
1214,3502
1215,3200
1216,2970
1217,1856
1218,855
1219,123
1220,112
1221,877
1222,1535
1223,1802
1224,1877
1225,1952
1226,2000
1227,2003
1228,2032
1229,1963
1230,1974
1231,1978
1232,1962
1233,1936
1234,1975
1235,1996
1236,1990
1237,1955
1238,1943
1239,1943
1240,1939
1241,1897
1242,48
1243,1804
1244,3138
1245,3497
1246,3214
1247,2977
1248,1935
1249,942
1250,137
1251,58
1252,893
1253,1511
1254,1788
1255,1930
1256,1982
1257,2001
1258,2012
1259,2000
1260,1995
1261,1979
1262,2022
1263,1964
1264,1968
1265,2005
1266,1980
1267,1982
1268,1968
1269,1943
1270,1954
1271,1915
1272,1925
1273,0
1274,1664
1275,2709
1276,3520
1277,3266
1278,3037
1279,2135
1280,1023
1281,302
1282,140
1283,907
1284,1494
1285,1787
1286,1913
1287,1984
1288,1979
1289,2020
1290,1999
1291,1983
1292,1951
1293,1975
1294,1974
1295,1945
1296,1929
1297,1943
1298,1957
1299,1957
1300,1936
1301,1948
1302,1951
1303,1935
1304,28
1305,1610
1306,2639
1307,3549
1308,3254
1309,3020
1310,2391
1311,1152
1312,351
1313,81
1314,721
1315,1329
1316,1675
1317,1838
1318,1936
1319,1987
1320,1978
1321,1978
1322,1981
1323,1963
1324,1968
1325,1943
1326,1965
1327,1936
1328,1912
1329,1926
1330,1995
1331,1997
1332,1974
1333,1956
1334,1953
1335,1954
1336,1952
1337,1890
1338,1892
1339,1901
1340,1890
1341,1858
1342,1859
1343,1881
1344,1866
1345,1859
1346,1872
1347,1885
1348,1890
1349,1862
1350,1866
1351,1872
1352,1882
1353,1877
1354,1845
1355,1841
1356,1846
1357,1857
1358,1846
1359,1841
1360,1858
1361,1858
1362,1871
1363,1855
1364,1890
1365,1883
1366,1861
1367,1863
1368,1883
1369,1888
1370,1854
1371,1856
1372,1865
1373,1866
1374,1873
1375,1811
1376,1842
1377,1866
1378,1851
1379,1840
1380,1869
1381,1885
1382,1871
1383,1878
1384,1876
1385,1893
1386,1889
1387,1872
1388,1847
1389,1855
1390,1843
1391,1825
1392,1819
1393,1849
1394,1846
1395,1854
1396,1855
1397,1883
1398,1890
1399,1856
1400,1855
1401,1874
1402,1893
1403,1861
1404,1838
1405,1855
1406,1851
1407,1842
1408,1828
1409,1840
1410,1859
1411,1874
1412,1879
1413,1855
1414,1879
1415,1871
1416,1854
1417,1859
1418,1877
1419,1879
1420,1835
1421,1837
1422,1842
1423,1841
1424,1840
1425,1831
1426,1845
1427,1872
1428,1881
1429,1855
1430,1877
1431,1886
1432,1869
1433,1869
1434,1875
1435,1872
1436,1872
1437,1842
1438,1840
1439,1850
1440,1845
1441,1814
1442,1826
1443,1859
1444,1887
1445,1840
1446,1854
1447,1868
1448,1866
1449,1895
1450,1892
1451,1915
1452,1909
1453,1883
1454,1834
1455,1823
1456,1808
1457,1843
1458,1828
1459,1840
1460,1869
1461,1891
1462,1866
1463,1863
1464,1873
1465,1870
1466,1883
1467,1854
1468,1882
1469,1885
1470,1846
1471,1843
1472,1851
1473,1855
1474,1840
1475,1840
1476,1862
1477,1873
1478,1874
1479,1851
1480,1871
1481,1887
1482,1876
1483,1879
1484,1877
1485,1883
1486,1877
1487,1858
1488,1854
1489,1843
1490,1855
1491,1827
1492,1829
1493,1861
1494,1872
1495,1874
1496,1840
1497,1873
1498,1874
1499,1904
1500,1858
1501,1873
1502,1882
1503,1851
1504,1844
1505,1847
1506,1865
1507,1851
1508,1824
1509,1839
1510,1861
1511,1861
1512,1840
1513,1860
1514,1882
1515,1901
1516,1843
1517,1872
1518,1882
1519,1871
1520,1840
1521,1831
1522,1840
1523,1858
1524,1853
1525,1836
1526,1859
1527,1862
1528,1856
1529,1829
1530,1853
1531,1862
1532,1882
1533,1862
1534,1873
1535,1878
1536,1873
1537,1847
1538,1846
1539,1854
1540,1854
1541,1840
1542,1829
1543,1866
1544,1869
1545,1871
1546,1847
1547,1872
1548,1882
1549,1883
1550,1858
1551,1875
1552,1886
1553,1888
1554,1843
1555,1842
1556,1850
1557,1859
1558,1840
1559,1839
1560,1871
1561,1862
1562,1849
1563,1861
1564,1875
1565,1879
1566,1851
1567,1866
1568,1879
1569,1872
1570,1865
1571,1833
1572,1847
1573,1857
1574,1864
1575,1808
1576,1857
1577,1875
1578,1863
1579,1863
1580,1869
1581,1889
1582,1882
1583,1851
1584,1858
1585,1878
1586,1859
1587,1840
1588,1841
1589,1857
1590,1851
1591,1808
1592,1834
1593,1858
1594,1863
1595,1869
1596,1829
1597,1865
1598,1874
1599,1885
1600,1872
1601,1887
1602,1877
1603,1872
1604,1893
1605,1862
1606,1847
1607,1841
1608,1819
1609,1850
1610,1875
1611,1851
1612,1851
1613,1846
1614,1856
1615,1831
1616,1838
1617,1837
1618,1866
1619,1851
1620,1867
1621,1827
1622,1847
1623,1862
1624,1847
1625,1813
1626,1850
1627,1863
1628,1866
1629,1895
1630,1874
1631,1880
1632,1867
1633,1877
1634,1872
1635,1884
1636,1863
1637,1831
1638,1840
1639,1861
1640,1863
1641,1830
1642,1829
1643,1856
1644,1854
1645,1842
1646,1844
1647,1879
1648,1867
1649,1877
1650,1843
1651,1866
1652,1889
1653,1882
1654,1834
1655,1845
1656,1865
1657,1829
1658,1807
1659,1845
1660,1854
1661,1862
1662,1897
1663,1851
1664,1872
1665,1867
1666,1886
1667,1857
1668,1882
1669,1887
1670,1878
1671,1840
1672,1859
1673,1844
1674,1840
1675,1828
1676,1849
1677,1869
1678,1869
1679,1853
1680,1859
1681,1879
1682,1870
1683,1847
1684,1871
1685,1882
1686,1875
1687,1881
1688,1833
1689,1857
1690,1854
1691,1840
1692,1823
1693,1858
1694,1867
1695,1871
1696,1845
1697,1874
1698,1886
1699,1855
1700,1851
1701,1882
1702,1872
1703,1862
1704,1850
1705,1833
1706,1856
1707,1811
1708,1810
1709,1838
1710,1867
1711,1863
1712,1856
1713,1854
1714,1877
1715,1874
1716,1856
1717,1859
1718,1878
1719,1883
1720,1856
1721,1828
1722,1857
1723,1862
1724,1846
1725,1839
1726,1856
1727,1862
1728,1863
1729,1831
1730,1865
1731,1872
1732,1867
1733,1866
1734,1857
1735,1877
1736,1870
1737,1850
1738,1839
1739,1846
1740,1846
1741,1807
1742,1826
1743,1856
1744,1871
1745,1859
1746,1854
1747,1886
1748,1883
1749,1887
1750,1847
1751,1874
1752,1888
1753,1872
1754,1851
1755,1858
1756,1867
1757,1840
1758,1834
1759,1834
1760,1870
1761,1870
1762,1845
1763,1855
1764,1875
1765,1859
1766,1854
1767,1856
1768,1884
1769,1898
1770,1861
1771,1839
1772,1856
1773,1859
1774,1818
1775,1813
1776,1856
1777,1862
1778,1874
1779,1849
1780,1875
1781,1874
1782,1877
1783,1841
1784,1863
1785,1887
1786,1889
1787,1840
1788,1840
1789,1846
1790,1856
1791,1861
1792,1823
1793,1856
1794,1863
1795,1854
1796,1849
1797,1877
1798,1872
1799,1872
1800,1872
1801,1872
1802,1875
1803,1857
1804,1850
1805,1855
1806,1863
1807,1851
1808,1827
1809,1834
1810,1855
1811,1877
1812,1883
1813,1856
1814,1872
1815,1895
1816,1867
1817,1859
1818,1877
1819,1904
1820,1842
1821,1837
1822,1845
1823,1856
1824,1827
1825,1809
1826,1840
1827,1865
1828,1872
1829,1826
1830,1855
1831,1873
1832,1889
1833,1854
1834,1869
1835,1883
1836,1885
1837,1847
1838,1841
1839,1872
1840,1855
1841,1845
1842,1826
1843,1861
1844,1859
1845,1882
1846,1840
1847,1871
1848,1872
1849,1846
1850,1840
1851,1872
1852,1874
1853,1850
1854,1837
1855,1841
1856,1858
1857,1814
1858,1812
1859,1849
1860,1862
1861,1872
1862,1844
1863,1858
1864,1878
1865,1871
1866,1870
1867,1863
1868,1886
1869,1875
1870,1855
1871,1845
1872,1872
1873,1861
1874,1856
1875,1806
1876,1856
1877,1861
1878,1877
1879,1871
1880,1859
1881,1856
1882,1893
1883,1872
1884,1869
1885,1875
1886,1874
1887,1840
1888,1840
1889,1866
1890,1861
1891,1855
1892,1827
1893,1859
1894,1858
1895,1847
1896,1861
1897,1872
1898,1875
1899,1872
1900,1869
1901,1878
1902,1893
1903,1865
1904,1853
1905,1848
1906,1849
1907,1832
1908,1846
1909,1839
1910,1862
1911,1871
1912,1890
1913,1854
1914,1857
1915,1863
1916,1858
1917,1854
1918,1876
1919,1883
1920,1855
1921,1851
1922,1850
1923,1856
1924,1837
1925,1808
1926,1840
1927,1863
1928,1857
1929,1826
1930,1882
1931,1903
1932,1845
1933,1865
1934,1861
1935,1877
1936,1869
1937,1860
1938,1843
1939,1865
1940,1863
1941,1835
1942,1823
1943,1851
1944,1872
1945,1859
1946,1850
1947,1883
1948,1872
1949,1860
1950,1863
1951,1862
1952,1879
1953,1891
1954,1829
1955,1843
1956,1873
1957,1840
1958,1805
1959,1840
1960,1864
1961,1870
1962,1839
1963,1861
1964,1873
1965,1873
1966,1873
1967,1858
1968,1883
1969,1897
1970,1867
1971,1840
1972,1863
1973,1851
1974,1817
1975,1808
1976,1842
1977,1869
1978,1850
1979,1886
1980,1863
1981,1872
1982,1892
1983,1856
1984,1867
1985,1879
1986,1876
1987,1856
1988,1846
1989,1862
1990,1846
1991,1841
1992,1821
1993,1857
1994,1866
1995,1873
1996,1845
1997,1878
1998,1866
1999,1859
2000,1856
2001,1879
2002,1879
2003,1867
2004,1843
2005,1849
2006,1867
2007,1854
2008,1829
2009,1840
2010,1871
2011,1864
2012,1840
2013,1833
2014,1859
2015,1871
2016,1870
2017,1860
2018,1891
2019,1904
2020,1855
2021,1842
2022,1856
2023,1854
2024,1840
2025,1839
2026,1857
2027,1869
2028,1872
2029,1885
2030,1863
2031,1890
2032,1874
2033,1879
2034,1863
2035,1873
2036,1878
2037,1860
2038,1834
2039,1835
2040,1858
2041,1824
2042,1824
2043,1859
2044,1875
2045,1858
2046,1856
2047,1878
2048,1904
2049,1872
2050,1863
2051,1875
2052,1872
2053,1857
2054,1860
2055,1851
2056,1863
2057,1842
2058,1843
2059,1840
2060,1862
2061,1879
2062,1845
2063,1857
2064,1869
2065,1887
2066,1858
2067,1846
2068,1872
2069,1878
2070,1871
2071,1851
2072,1858
2073,1872
2074,1875
2075,1807
2076,1840
2077,1872
2078,1867
2079,1847
2080,1870
2081,1885
2082,1872
2083,1838
2084,1857
2085,1881
2086,1898
2087,1842
2088,1840
2089,1866
2090,1856
2091,1833
2092,1835
2093,1859
2094,1877
2095,1849
2096,1822
2097,1853
2098,1869
2099,1850
2100,1847
2101,1873
2102,1875
2103,1866
2104,1831
2105,1835
2106,1847
2107,1857
2108,1820
2109,1844
2110,1875
2111,1883
2112,1905
2113,1860
2114,1883
2115,1894
2116,1885
2117,1858
2118,1874
2119,1883
2120,1859
2121,1819
2122,1865
2123,1841
2124,1834
2125,1829
2126,1851
2127,1868
2128,1887
2129,1859
2130,1863
2131,1883
2132,1872
2133,1846
2134,1871
2135,1881
2136,1874
2137,1829
2138,1831
2139,1849
2140,1842
2141,1857
2142,1830
2143,1869
2144,1879
2145,1874
2146,1875
2147,1882
2148,1883
2149,1862
2150,1851
2151,1871
2152,1883
2153,1862
2154,1837
2155,1845
2156,1857
2157,1856
2158,1823
2159,1838
2160,1856
2161,1866
2162,1825
2163,1845
2164,1886
2165,1881
2166,1887
2167,1869
2168,1887
2169,1877
2170,1872
2171,1838
2172,1858
2173,1875
2174,1857
2175,1830
2176,1858
2177,1858
2178,1847
2179,1878
2180,1859
2181,1870
2182,1879
2183,1841
2184,1852
2185,1863
2186,1875
2187,1839
2188,1827
2189,1855
2190,1869
2191,1847
2192,1827
2193,1856
2194,1871
2195,1853
2196,1840
2197,1863
2198,1872
2199,1873
2200,1863
2201,1878
2202,1885
2203,1869
2204,1847
2205,1854
2206,1865
2207,1856
2208,1806
2209,1835
2210,1861
2211,1883
2212,1879
2213,1854
2214,1871
2215,1877
2216,1868
2217,1856
2218,1885
2219,1894
2220,1857
2221,1828
2222,1859
2223,1859
2224,1847
2225,1795
2226,1840
2227,1850
2228,1856
2229,1829
2230,1860
2231,1872
2232,1876
2233,1862
2234,1874
2235,1891
2236,1887
2237,1827
2238,1837
2239,1850
2240,1849
2241,1839
2242,1828
2243,1861
2244,1876
2245,1855
2246,1871
2247,1866
2248,1870
2249,1862
2250,1840
2251,1872
2252,1872
2253,1868
2254,1853
2255,1846
2256,1855
2257,1856
2258,1833
2259,1842
2260,1859
2261,1877
2262,1847
2263,1843
2264,1872
2265,1882
2266,1875
2267,1856
2268,1879
2269,1876
2270,1857
2271,1856
2272,1853
2273,1847
2274,1838
2275,1835
2276,1841
2277,1859
2278,1888
2279,1891
2280,1867
2281,1889
2282,1872
2283,1866
2284,1862
2285,1862
2286,1901
2287,1865
2288,1841
2289,1850
2290,1842
2291,1846
2292,1823
2293,1858
2294,1873
2295,1849
2296,1851
2297,1871
2298,1877
2299,1871
2300,1851
2301,1865
2302,1874
2303,1855
2304,1825
2305,1842
2306,1845
2307,1839
2308,1781
2309,1840
2310,1853
2311,1875
2312,1874
2313,1856
2314,1890
2315,1887
2316,1850
2317,1856
2318,1874
2319,1890
2320,1870
2321,1856
2322,1860
2323,1850
2324,1855
2325,1823
2326,1845
2327,1879
2328,1874
2329,1817
2330,103
2331,1570
2332,2019
2333,1911
2334,1855
2335,1937
2336,1931
2337,1843
2338,1948
2339,2409
2340,2383
2341,1984
2342,1791
2343,1791
2344,1855
2345,1904
2346,1860
2347,1886
2348,1902
2349,1905
2350,1877
2351,1900
2352,1894
2353,1871
2354,1833
2355,1813
2356,1831
2357,1823
2358,1795
2359,1797
2360,1827
2361,689
2362,1296
2363,1910
2364,1974
2365,2055
2366,2101
2367,1963
2368,1908
2369,2103
2370,2256
2371,2006
2372,1743
2373,1745
2374,1813
2375,1856
2376,1890
2377,1908
2378,1900
2379,1877
2380,1877
2381,1902
2382,1890
2383,1861
2384,1853
2385,1870
2386,1856
2387,1825
2388,1817
2389,1840
2390,1843
2391,1824
2392,1072
2393,1328
2394,1938
2395,2032
2396,2146
2397,2189
2398,2067
2399,2017
2400,2097
2401,2054
2402,1747
2403,1630
2404,1722
2405,1840
2406,1904
2407,1887
2408,1879
2409,1889
2410,1909
2411,1907
2412,1917
2413,1863
2414,1856
2415,1839
2416,1841
2417,1813
2418,1825
2419,1842
2420,1854
2421,1840
2422,1855
2423,2441
2424,1001
2425,1857
2426,2126
2427,2352
2428,2412
2429,2298
2430,2281
2431,1974
2432,1683
2433,1479
2434,1515
2435,1699
2436,1859
2437,1875
2438,1874
2439,1900
2440,1911
2441,1891
2442,1862
2443,1873
2444,1871
2445,1841
2446,1808
2447,1853
2448,1854
2449,1878
2450,1857
2451,1875
2452,1885
2453,1892
2454,2527
2455,917
2456,1929
2457,2148
2458,2276
2459,2206
2460,2298
2461,2304
2462,1824
2463,1694
2464,1623
2465,1598
2466,1693
2467,1799
2468,1879
2469,1937
2470,1908
2471,1897
2472,1900
2473,1890
2474,1865
2475,1839
2476,1829
2477,1846
2478,1846
2479,1807
2480,1851
2481,1859
2482,1867
2483,1875
2484,1872
2485,2352
2486,767
2487,1887
2488,2194
2489,2409
2490,2399
2491,2559
2492,2234
2493,1776
2494,1699
2495,1504
2496,1454
2497,1555
2498,1680
2499,1840
2500,1905
2501,1930
2502,1931
2503,1924
2504,1879
2505,1866
2506,1851
2507,1842
2508,1824
2509,1809
2510,1846
2511,1875
2512,1856
2513,1871
2514,1883
2515,1903
2516,1931
2517,333
2518,1897
2519,2313
2520,2559
2521,2659
2522,2816
2523,2243
2524,1761
2525,1535
2526,1360
2527,1313
2528,1413
2529,1520
2530,1769
2531,1903
2532,1903
2533,1940
2534,1921
2535,1927
2536,1927
2537,1874
2538,1819
2539,1859
2540,1864
2541,1853
2542,1840
2543,1878
2544,1895
2545,1886
2546,1873
2547,1898
2548,176
2549,1811
2550,2432
2551,3071
2552,3258
2553,3068
2554,2147
2555,1499
2556,1264
2557,978
2558,973
2559,1139
2560,1519
2561,1821
2562,1879
2563,1909
2564,1936
2565,1904
2566,1872
2567,1879
2568,1888
2569,1873
2570,1872
2571,1851
2572,1873
2573,1872
2574,1847
2575,1819
2576,1889
2577,1903
2578,1887
2579,25
2580,1769
2581,2655
2582,3500
2583,3274
2584,3056
2585,2809
2586,1665
2587,1042
2588,619
2589,533
2590,829
2591,1412
2592,1720
2593,1846
2594,1907
2595,1908
2596,1927
2597,1926
2598,1938
2599,1900
2600,1904
2601,1906
2602,1893
2603,1905
2604,1853
2605,1884
2606,1916
2607,1894
2608,1904
2609,1904
2610,0
2611,1723
2612,2559
2613,3526
2614,3314
2615,3056
2616,2901
2617,1670
2618,902
2619,423
2620,267
2621,887
2622,1535
2623,1823
2624,1829
2625,1869
2626,1918
2627,1950
2628,1958
2629,1940
2630,1923
2631,1936
2632,1921
2633,1935
2634,1919
2635,1936
2636,1948
2637,1934
2638,1915
2639,1936
2640,1923
2641,50
2642,1526
2643,2707
2644,3536
2645,3295
2646,3020
2647,2849
2648,1614
2649,842
2650,219
2651,96
2652,837
2653,1535
2654,1805
2655,1905
2656,1949
2657,1991
2658,1954
2659,1943
2660,1951
2661,1970
2662,1970
2663,1968
2664,1968
2665,1954
2666,1959
2667,1921
2668,1915
2669,1919
2670,1933
2671,1917
2672,289
2673,1559
2674,2559
2675,3568
2676,3358
2677,3069
2678,2862
2679,1569
2680,720
2681,45
2682,50
2683,928
2684,1602
2685,1874
2686,1963
2687,1973
2688,1987
2689,2007
2690,1995
2691,1957
2692,1932
2693,1945
2694,1954
2695,1936
2696,1935
2697,1938
2698,1978
2699,1982
2700,1965
2701,1951
2702,1953
2703,962
2704,1345
2705,2403
2706,3562
2707,3375
2708,3071
2709,2886
2710,1530
2711,640
2712,0
2713,64
2714,919
2715,1591
2716,1871
2717,1948
2718,2000
2719,2021
2720,2005
2721,1984
2722,1986
2723,1977
2724,2007
2725,1968
2726,1941
2727,1968
2728,1945
2729,1919
2730,1936
2731,1934
2732,1984
2733,1933
2734,2322
2735,1168
2736,2308
2737,3583
2738,3383
2739,3101
2740,2896
2741,1446
2742,619
2743,0
2744,182
2745,997
2746,1604
2747,1887
2748,1981
2749,2007
2750,2010
2751,2032
2752,2027
2753,2001
2754,1988
2755,2009
2756,2002
2757,1969
2758,1935
2759,1899
2760,1909
2761,1936
2762,1934
2763,1933
2764,1941
2765,2680
2766,896
2767,2086
2768,3551
2769,3472
2770,3141
2771,2938
2772,1535
2773,706
2774,0
2775,138
2776,984
2777,1584
2778,1856
2779,1941
2780,1986
2781,2032
2782,2032
2783,2021
2784,1986
2785,1986
2786,1954
2787,1936
2788,1954
2789,1949
2790,1945
2791,1957
2792,1919
2793,1942
2794,1958
2795,1943
2796,2363
2797,738
2798,2037
2799,3470
2800,3425
2801,3184
2802,2960
2803,1616
2804,788
2805,77
2806,117
2807,914
2808,1535
2809,1813
2810,1939
2811,1984
2812,1984
2813,2012
2814,2019
2815,2022
2816,2064
2817,1995
2818,2000
2819,1963
2820,1917
2821,1874
2822,1917
2823,1973
2824,1978
2825,1952
2826,1937
2827,2055
2828,475
2829,1927
2830,3378
2831,3482
2832,3198
2833,2966
2834,1835
2835,791
2836,0
2837,80
2838,841
2839,1476
2840,1808
2841,1905
2842,1967
2843,2017
2844,2033
2845,2016
2846,1999
2847,2000
2848,2006
2849,1991
2850,2003
2851,1975
2852,1987
2853,1990
2854,1948
2855,1936
2856,1938
2857,1951
2858,1903
2859,270
2860,1905
2861,3359
2862,3445
2863,3214
2864,2993
2865,1773
2866,871
2867,101
2868,0
2869,797
2870,1513
2871,1799
2872,1940
2873,2000
2874,1995
2875,1991
2876,2014
2877,2015
2878,1998
2879,2018
2880,1984
2881,1985
2882,1991
2883,1969
2884,1981
2885,1995
2886,1969
2887,1959
2888,1937
2889,1941
2890,114
2891,1776
2892,3103
2893,3530
2894,3249
2895,2993
2896,2089
2897,880
2898,0
2899,0
2900,711
2901,1458
2902,1843
2903,1968
2904,1986
2905,2000
2906,2027
2907,2006
2908,2001
2909,2004
2910,2019
2911,2016
2912,1971
2913,1967
2914,1967
2915,1959
2916,1965
2917,1943
2918,1963
2919,1966
2920,1975
2921,18
2922,1728
2923,2922
2924,3545
2925,3241
2926,3015
2927,1946
2928,849
2929,157
2930,30
2931,878
2932,1535
2933,1811
2934,1926
2935,1993
2936,2015
2937,2002
2938,1983
2939,2000
2940,2000
2941,1968
2942,1968
2943,1980
2944,1975
2945,1951
2946,1904
2947,1927
2948,1938
2949,1953
2950,1925
2951,1933
2952,1946
2953,1920
2954,1904
2955,1883
2956,1893
2957,1895
2958,1863
2959,1855
2960,1882
2961,1893
2962,1873
2963,1872
2964,1889
2965,1888
2966,1855
2967,1863
2968,1870
2969,1866
2970,1872
2971,1829
2972,1869
2973,1865
2974,1852
2975,1822
2976,1853
2977,1874
2978,1865
2979,1860
2980,1855
2981,1885
2982,1907
2983,1858
2984,1849
2985,1872
2986,1858
2987,1856
2988,1835
2989,1859
2990,1872
2991,1843
2992,1835
2993,1856
2994,1866
2995,1853
2996,1845
2997,1862
2998,1882
2999,1885
3000,1855
3001,1872
3002,1883
3003,1862
3004,1857
3005,1856
3006,1868
3007,1855
3008,1840
3009,1824
3010,1859
3011,1887
3012,1885
3013,1851
3014,1855
3015,1858
3016,1860
3017,1854
3018,1871
3019,1875
3020,1855
3021,1843
3022,1852
3023,1851
3024,1851
3025,1849
3026,1840
3027,1861
3028,1857
3029,1841
3030,1849
3031,1866
3032,1894
3033,1862
3034,1855
3035,1870
3036,1897
3037,1872
3038,1851
3039,1862
3040,1856
3041,1846
3042,1829
3043,1846
3044,1868
3045,1890
3046,1855
3047,1875
3048,1885
3049,1886
3050,1857
3051,1861
3052,1863
3053,1877
3054,1843
3055,1840
3056,1853
3057,1857
3058,1857
3059,1840
3060,1872
3061,1889
3062,1845
3063,1856
3064,1861
3065,1859
3066,1855
3067,1851
3068,1872
3069,1890
3070,1875
3071,1847
3072,1872
3073,1872
3074,1834
3075,1809
3076,1838
3077,1867
3078,1858
3079,1856
3080,1865
3081,1884
3082,1872
3083,1865
3084,1866
3085,1874
3086,1871
3087,1856
3088,1835
3089,1872
3090,1859
3091,1840
3092,1813
3093,1851
3094,1863
3095,1871
3096,1846
3097,1858
3098,1865
3099,1893
3100,1867
3101,1865
3102,1891
3103,1872
3104,1859
3105,1840
3106,1868
3107,1846
3108,1834
3109,1832
3110,1858
3111,1856
3112,1856
3113,1846
3114,1879
3115,1885
3116,1871
3117,1856
3118,1872
3119,1883
3120,1866
3121,1854
3122,1856
3123,1856
3124,1837
3125,1840
3126,1840
3127,1872
3128,1872
3129,1843
3130,1862
3131,1874
3132,1872
3133,1878
3134,1861
3135,1881
3136,1902
3137,1843
3138,1838
3139,1851
3140,1841
3141,1857
3142,1824
3143,1856
3144,1873
3145,1873
3146,1845
3147,1870
3148,1887
3149,1878
3150,1868
3151,1865
3152,1889
3153,1873
3154,1860
3155,1840
3156,1856
3157,1846
3158,1813
3159,1828
3160,1861
3161,1854
3162,1835
3163,1842
3164,1873
3165,1878
3166,1876
3167,1842
3168,1879
3169,1885
3170,1862
3171,1837
3172,1842
3173,1856
3174,1836
3175,1839
3176,1830
3177,1856
3178,1852
3179,1874
3180,1860
3181,1878
3182,1883
3183,1872
3184,1863
3185,1883
3186,1867
3187,1855
3188,1835
3189,1847
3190,1841
3191,1799
3192,1827
3193,1845
3194,1873
3195,1863
3196,1843
3197,1869
3198,1887
3199,1863
3200,1866
3201,1875
3202,1875
3203,1872
3204,1812
3205,1831
3206,1852
3207,1857
3208,1835
3209,1823
3210,1855
3211,1870
3212,1851
3213,1849
3214,1891
3215,1878
3216,1893
3217,1856
3218,1867
3219,1884
3220,1858
3221,1824
3222,1855
3223,1859
3224,1853
3225,1840
3226,1844
3227,1856
3228,1856
3229,1824
3230,1847
3231,1882
3232,1860
3233,1854
3234,1859
3235,1878
3236,1872
3237,1842
3238,1840
3239,1865
3240,1865
3241,1836
3242,1810
3243,1845
3244,1872
3245,1853
3246,1856
3247,1872
3248,1873
3249,1898
3250,1859
3251,1872
3252,1882
3253,1890
3254,1840
3255,1854
3256,1856
3257,1862
3258,1840
3259,1822
3260,1855
3261,1872
3262,1854
3263,1865
3264,1859
3265,1865
3266,1897
3267,1854
3268,1869
3269,1882
3270,1869
3271,1874
3272,1857
3273,1855
3274,1847
3275,1815
3276,1841
3277,1871
3278,1863
3279,1854
3280,1847
3281,1872
3282,1889
3283,1869
3284,1857
3285,1879
3286,1899
3287,1856
3288,1837
3289,1852
3290,1853
3291,1864
3292,1801
3293,1850
3294,1856
3295,1881
3296,1818
3297,1870
3298,1884
3299,1870
3300,1860
3301,1882
3302,1879
3303,1884
3304,1867
3305,1853
3306,1852
3307,1845
3308,1835
3309,1830
3310,1856
3311,1872
3312,1850
3313,1841
3314,1884
3315,1881
3316,1848
3317,1859
3318,1872
3319,1881
3320,1863
3321,1840
3322,1839
3323,1849
3324,1830
3325,1821
3326,1829
3327,1865
3328,1877
3329,1853
3330,1857
3331,1877
3332,1872
3333,1869
3334,1863
3335,1879
3336,1885
3337,1865
3338,1835
3339,1851
3340,1859
3341,1845
3342,1808
3343,1856
3344,1857
3345,1868
3346,1841
3347,1855
3348,1889
3349,1873
3350,1862
3351,1873
3352,1889
3353,1893
3354,1840
3355,1834
3356,1856
3357,1859
3358,1814
3359,1829
3360,1859
3361,1862
3362,1867
3363,1849
3364,1878
3365,1883
3366,1861
3367,1872
3368,1870
3369,1895
3370,1883
3371,1850
3372,1856
3373,1856
3374,1830
3375,1841
3376,1840
3377,1863
3378,1872
3379,1826
3380,1855
3381,1885
3382,1872
3383,1884
3384,1863
3385,1889
3386,1872
3387,1850
3388,1833
3389,1856
3390,1850
3391,1840
3392,1808
3393,1867
3394,1872
3395,1886
3396,1829
3397,1866
3398,1893
3399,1891
3400,1856
3401,1863
3402,1861
3403,1872
3404,1873
3405,1840
3406,1848
3407,1861
3408,1815
3409,1829
3410,1856
3411,1868
3412,1839
3413,1835
3414,1861
3415,1859
3416,1869
3417,1857
3418,1864
3419,1888
3420,1872
3421,1818
3422,1853
3423,1853
3424,1849
3425,1819
3426,1840
3427,1859
3428,1867
3429,1891
3430,1856
3431,1871
3432,1863
3433,1871
3434,1863
3435,1881
3436,1897
3437,1856
3438,1841
3439,1859
3440,1850
3441,1857
3442,1839
3443,1847
3444,1872
3445,1853
3446,1871
3447,1855
3448,1885
3449,1869
3450,1853
3451,1861
3452,1887
3453,1895
3454,1856
3455,1849
3456,1866
3457,1843
3458,1820
3459,1819
3460,1857
3461,1852
3462,1851
3463,1862
3464,1870
3465,1875
3466,1914
3467,1868
3468,1871
3469,1873
3470,1889
3471,1846
3472,1843
3473,1851
3474,1846
3475,1840
3476,1827
3477,1853
3478,1856
3479,1866
3480,1855
3481,1870
3482,1874
3483,1883
3484,1862
3485,1883
3486,1887
3487,1874
3488,1859
3489,1862
3490,1849
3491,1850
3492,1790
3493,1840
3494,1858
3495,1853
3496,1859
3497,1859
3498,1913
3499,1889
3500,1877
3501,1872
3502,1883
3503,1888
3504,1810
3505,1842
3506,1856
3507,1863
3508,1834
3509,1823
3510,1858
3511,1871
3512,1849
3513,1872
3514,1872
3515,1874
3516,1879
3517,1852
3518,1868
3519,1871
3520,1869
3521,1862
3522,1847
3523,1859
3524,1860
3525,1825
3526,1834
3527,1863
3528,1867
3529,1870
3530,1851
3531,1881
3532,1877
3533,1885
3534,1855
3535,1875
3536,1871
3537,1843
3538,1841
3539,1854
3540,1847
3541,1840
3542,1819
3543,1841
3544,1871
3545,1891
3546,1855
3547,1863
3548,1893
3549,1841
3550,1856
3551,1872
3552,1888
3553,1895
3554,1840
3555,1842
3556,1856
3557,1855
3558,1863
3559,1823
3560,1856
3561,1875
3562,1867
3563,1855
3564,1866
3565,1872
3566,1878
3567,1847
3568,1865
3569,1872
3570,1884
3571,1846
3572,1854
3573,1870
3574,1857
3575,1818
3576,1840
3577,1870
3578,1866
3579,1840
3580,1854
3581,1870
3582,1872
3583,1889
3584,1853
3585,1875
3586,1884
3587,1872
3588,1845
3589,1867
3590,1861
3591,1840
3592,1837
3593,1850
3594,1850
3595,1857
3596,1843
3597,1863
3598,1878
3599,1883
3600,1874
3601,1871
3602,1885
3603,1881
3604,1834
3605,1833
3606,1849
3607,1839
3608,1840
3609,1830
3610,1858
3611,1874
3612,1853
3613,1842
3614,1879
3615,1872
3616,1874
3617,1837
3618,1871
3619,1879
3620,1881
3621,1830
3622,1846
3623,1858
3624,1856
3625,1831
3626,1827
3627,1851
3628,1871
3629,1878
3630,1849
3631,1874
3632,1872
3633,1910
3634,1856
3635,1884
3636,1872
3637,1859
3638,1820
3639,1851
3640,1858
3641,1856
3642,1815
3643,1854
3644,1865
3645,1850
3646,1895
3647,1867
3648,1879
3649,1872
3650,1840
3651,1870
3652,1872
3653,1875
3654,1858
3655,1837
3656,1862
3657,1858
3658,1829
3659,1813
3660,1849
3661,1873
3662,1859
3663,1855
3664,1873
3665,1865
3666,1866
3667,1865
3668,1872
3669,1895
3670,1886
3671,1878
3672,1853
3673,1874
3674,1856
3675,1838
3676,1840
3677,1858
3678,1882
3679,1879
3680,1851
3681,1872
3682,1888
3683,1875
3684,1850
3685,1874
3686,1873
3687,1856
3688,1827
3689,1856
3690,1858
3691,1822
3692,1817
3693,1851
3694,1863
3695,1867
3696,1914
3697,1855
3698,1879
3699,1903
3700,1849
3701,1865
3702,1872
3703,1894
3704,1862
3705,1839
3706,1863
3707,1856
3708,1856
3709,1825
3710,1854
3711,1868
3712,1869
3713,1855
3714,1875
3715,1883
3716,1872
3717,1865
3718,1874
3719,1872
3720,1853
3721,1859
3722,1840
3723,1851
3724,1853
3725,1795
3726,1836
3727,1871
3728,1873
3729,1893
3730,1851
3731,1878
3732,1881
3733,1877
3734,1862
3735,1881
3736,1873
3737,1865
3738,1859
3739,1847
3740,1859
3741,1849
3742,1810
3743,1843
3744,1867
3745,1892
3746,1885
3747,1857
3748,1872
3749,1872
3750,1830
3751,1860
3752,1885
3753,1863
3754,1843
3755,1837
3756,1846
3757,1857
3758,1855
3759,1821
3760,1856
3761,1853
3762,1871
3763,1852
3764,1874
3765,1881
3766,1867
3767,1872
3768,1867
3769,1872
3770,1862
3771,1842
3772,1851
3773,1879
3774,1861
3775,1823
3776,1830
3777,1860
3778,1893
3779,1841
3780,1856
3781,1878
3782,1870
3783,1870
3784,1856
3785,1879
3786,1893
3787,1845
3788,1854
3789,1856
3790,1841
3791,1856
3792,1825
3793,1847
3794,1856
3795,1867
3796,1838
3797,1856
3798,1877
3799,1875
3800,1851
3801,1870
3802,1890
3803,1881
3804,1863
3805,1835
3806,1863
3807,1853
3808,1818
3809,1821
3810,1857
3811,1866
3812,1853
3813,1851
3814,1867
3815,1885
3816,1859
3817,1849
3818,1863
3819,1879
3820,1867
3821,1865
3822,1845
3823,1851
3824,1854
3825,1824
3826,1839
3827,1858
3828,1883
3829,1840
3830,1853
3831,1879
3832,1872
3833,1883
3834,1850
3835,1872
3836,1877
3837,1858
3838,1856
3839,1857
3840,1847
3841,1815
3842,1828
3843,1840
3844,1871
3845,1866
3846,1840
3847,1872
3848,1895
3849,1877
3850,1867
3851,1867
3852,1883
3853,1889
3854,1871
3855,1842
3856,1856
3857,1848
3858,1856
3859,1830
3860,1856
3861,1873
3862,1857
3863,1863
3864,1869
3865,1879
3866,1882
3867,1862
3868,1861
3869,1875
3870,1873
3871,1840
3872,1855
3873,1860
3874,1842
3875,1817
3876,1824
3877,1857
3878,1872
3879,1840
3880,1861
3881,1889
3882,1865
3883,1871
3884,1858
3885,1884
3886,1883
3887,1847
3888,1842
3889,1851
3890,1856
3891,1886
3892,1831
3893,1857
3894,1878
3895,1863
3896,1856
3897,1851
3898,1851
3899,1871
3900,1848
3901,1863
3902,1877
3903,1863
3904,1873
3905,1844
3906,1871
3907,1851
3908,1840
3909,1824
3910,1856
3911,1879
3912,1867
3913,1857
3914,1863
3915,1883
3916,1898
3917,1855
3918,1881
3919,1883
3920,1869
3921,1836
3922,1831
3923,1847
3924,1840
3925,1855
3926,1829
3927,1855
3928,1872
3929,1835
3930,1846
3931,1878
3932,1872
3933,1894
3934,1857
3935,1878
3936,1889
3937,1872
3938,1843
3939,1845
3940,1861
3941,1825
3942,1808
3943,1841
3944,1862
3945,1875
3946,1863
3947,0
3948,1749
3949,2021
3950,1971
3951,2034
3952,2098
3953,1953
3954,1803
3955,1825
3956,2254
3957,2255
3958,1895
3959,1759
3960,1789
3961,1886
3962,1894
3963,1881
3964,1903
3965,1906
3966,1910
3967,1898
3968,1904
3969,1904
3970,1883
3971,1840
3972,1830
3973,1814
3974,1831
3975,1771
3976,1791
3977,1819
3978,0
3979,1590
3980,1950
3981,2000
3982,2140
3983,2125
3984,1914
3985,1825
3986,2030
3987,2198
3988,1924
3989,1718
3990,1759
3991,1849
3992,1878
3993,1904
3994,1910
3995,1904
3996,1885
3997,1898
3998,1894
3999,1870
4000,1873
4001,1859
4002,1856
4003,1868
4004,1794
4005,1817
4006,1838
4007,1842
4008,1817
4009,33
4010,1565
4011,1990
4012,2122
4013,2288
4014,2294
4015,2071
4016,1986
4017,1979
4018,1861
4019,1616
4020,1595
4021,1771
4022,1862
4023,1903
4024,1903
4025,1896
4026,1883
4027,1907
4028,1930
4029,1906
4030,1851
4031,1865
4032,1850
4033,1865
4034,1830
4035,1856
4036,1867
4037,1872
4038,1852
4039,1856
4040,555
4041,1405
4042,1927
4043,2187
4044,2416
4045,2402
4046,2293
4047,2182
4048,1824
4049,1600
4050,1462
4051,1501
4052,1719
4053,1872
4054,1872
4055,1897
4056,1925
4057,1926
4058,1903
4059,1879
4060,1890
4061,1870
4062,1824
4063,1855
4064,1856
4065,1867
4066,1858
4067,1878
4068,1875
4069,1893
4070,1905
4071,1839
4072,1228
4073,1965
4074,2239
4075,2415
4076,2474
4077,2591
4078,2309
4079,1799
4080,1639
4081,1478
4082,1407
4083,1477
4084,1595
4085,1777
4086,1886
4087,1905
4088,1861
4089,1886
4090,1890
4091,1850
4092,1808
4093,1819
4094,1859
4095,1874
4096,1850
4097,1856
4098,1872
4099,1910
4100,1876
4101,1872
4102,2559
4103,1087
4104,1965
4105,2299
4106,2719
4107,2830
4108,2785
4109,2106
4110,1633
4111,1488
4112,1264
4113,1232
4114,1331
4115,1535
4116,1792
4117,1919
4118,1935
4119,1911
4120,1895
4121,1888
4122,1862
4123,1860
4124,1856
4125,1826
4126,1840
4127,1872
4128,1875
4129,1885
4130,1872
4131,1904
4132,1907
4133,2478
4134,752
4135,1967
4136,2480
4137,2993
4138,3343
4139,3133
4140,2039
4141,1535
4142,1298
4143,963
4144,896
4145,1136
4146,1528
4147,1791
4148,1887
4149,1906
4150,1918
4151,1930
4152,1933
4153,1899
4154,1870
4155,1851
4156,1862
4157,1861
4158,1882
4159,1847
4160,1891
4161,1931
4162,1917
4163,1899
4164,2339
4165,728
4166,1957
4167,2832
4168,3484
4169,3229
4170,2993
4171,2509
4172,1561
4173,1014
4174,556
4175,530
4176,958
4177,1522
4178,1787
4179,1840
4180,1887
4181,1919
4182,1925
4183,1906
4184,1873
4185,1881
4186,1904
4187,1890
4188,1890
4189,1892
4190,1909
4191,1889
4192,1888
4193,1894
4194,1907
4195,1949
4196,272
4197,1872
4198,3047
4199,3552
4200,3253
4201,3012
4202,2672
4203,1639
4204,922
4205,371
4206,173
4207,834
4208,1517
4209,1761
4210,1882
4211,1938
4212,1954
4213,1946
4214,1918
4215,1936
4216,1955
4217,1950
4218,1934
4219,1936
4220,1968
4221,1938
4222,1866
4223,1904
4224,1922
4225,1918
4226,1892
4227,256
4228,1933
4229,3088
4230,3575
4231,3222
4232,3015
4233,2666
4234,1535
4235,802
4236,110
4237,144
4238,929
4239,1579
4240,1821
4241,1895
4242,1877
4243,1936
4244,1985
4245,1996
4246,1949
4247,1936
4248,1959
4249,1933
4250,1962
4251,1958
4252,1965
4253,1986
4254,1969
4255,1922
4256,1923
4257,1934
4258,16
4259,1651
4260,2863
4261,3655
4262,3302
4263,3071
4264,2685
4265,1488
4266,826
4267,22
4268,176
4269,1072
4270,1678
4271,1851
4272,1923
4273,1969
4274,1947
4275,1959
4276,1939
4277,1958
4278,1968
4279,1945
4280,1936
4281,1958
4282,1971
4283,1980
4284,1948
4285,1961
4286,1958
4287,1939
4288,1917
4289,0
4290,1739
4291,2703
4292,3511
4293,3295
4294,3042
4295,2559
4296,1472
4297,719
4298,15
4299,300
4300,1107
4301,1648
4302,1872
4303,1945
4304,1974
4305,1968
4306,1987
4307,1968
4308,1970
4309,1905
4310,1945
4311,1959
4312,1911
4313,1911
4314,1971
4315,2006
4316,1983
4317,1936
4318,1940
4319,1945
4320,83
4321,1490
4322,2455
4323,3617
4324,3309
4325,3057
4326,2689
4327,1426
4328,759
4329,7
4330,369
4331,1168
4332,1649
4333,1855
4334,1927
4335,1978
4336,2005
4337,1988
4338,1958
4339,1968
4340,1949
4341,1905
4342,1963
4343,1913
4344,1930
4345,1973
4346,1923
4347,1937
4348,1967
4349,1936
4350,1946
4351,631
4352,1477
4353,2417
4354,3541
4355,3340
4356,3071
4357,2795
4358,1429
4359,730
4360,5
4361,338
4362,1130
4363,1574
4364,1843
4365,1953
4366,1973
4367,1981
4368,1981
4369,1975
4370,1982
4371,1966
4372,1939
4373,1957
4374,1964
4375,1963
4376,1936
4377,1943
4378,1955
4379,1931
4380,1919
4381,1943
4382,1415
4383,1276
4384,2224
4385,3553
4386,3349
4387,3115
4388,2955
4389,1535
4390,746
4391,65
4392,298
4393,1104
4394,1620
4395,1840
4396,1898
4397,1968
4398,2000
4399,2000
4400,1979
4401,1955
4402,1968
4403,1977
4404,1968
4405,1941
4406,1946
4407,1947
4408,1945
4409,1908
4410,1936
4411,1955
4412,1955
4413,1845
4414,1262
4415,2215
4416,3529
4417,3323
4418,3099
4419,2850
4420,1456
4421,784
4422,55
4423,370
4424,1151
4425,1604
4426,1827
4427,1935
4428,1981
4429,1968
4430,1968
4431,2001
4432,2004
4433,1975
4434,1952
4435,1950
4436,1961
4437,1968
4438,1935
4439,1927
4440,1932
4441,1920
4442,1902
4443,1915
4444,2558
4445,1021
4446,2087
4447,3435
4448,3459
4449,3160
4450,2944
4451,1615
4452,801
4453,48
4454,347
4455,1104
4456,1630
4457,1858
4458,1952
4459,1938
4460,1968
4461,1985
4462,1981
4463,1956
4464,1959
4465,1968
4466,1971
4467,1985
4468,1968
4469,1961
4470,1945
4471,1927
4472,1915
4473,1942
4474,1920
4475,2353
4476,703
4477,1995
4478,3381
4479,3407
4480,3163
4481,2934
4482,1598
4483,833
4484,117
4485,242
4486,1067
4487,1535
4488,1811
4489,1911
4490,1950
4491,1969
4492,1949
4493,1975
4494,1975
4495,1979
4496,1934
4497,1957
4498,1964
4499,1999
4500,1955
4501,1951
4502,1968
4503,1979
4504,1947
4505,1923
4506,2032
4507,470
4508,1907
4509,3171
4510,3472
4511,3207
4512,2944
4513,1840
4514,905
4515,164
4516,237
4517,986
4518,1570
4519,1827
4520,1921
4521,1943
4522,1961
4523,1975
4524,1981
4525,1957
4526,1951
4527,1963
4528,1978
4529,1922
4530,1926
4531,1968
4532,1962
4533,1965
4534,1942
4535,1947
4536,1947
4537,1922
4538,208
4539,1834
4540,3211
4541,3479
4542,3223
4543,2974
4544,1857
4545,874
4546,146
4547,140
4548,953
4549,1525
4550,1837
4551,1920
4552,1999
4553,2029
4554,2000
4555,1967
4556,1984
4557,1975
4558,1951
4559,1951
4560,1959
4561,1965
4562,1968
4563,1945
4564,1955
4565,1967
4566,1967
4567,1935
4568,1937
4569,1945
4570,1915
4571,1867
4572,1885
4573,1887
4574,1887
4575,1876
4576,1856
4577,1872
4578,1865
4579,1879
4580,1850
4581,1878
4582,1890
4583,1886
4584,1860
4585,1878
4586,1882
4587,1857
4588,1861
4589,1853
4590,1856
4591,1859
4592,1814
4593,1844
4594,1858
4595,1873
4596,1879
4597,1857
4598,1875
4599,1899
4600,1895
4601,1865
4602,1873
4603,1857
4604,1861
4605,1822
4606,1846
4607,1861
4608,1861
4609,1811
4610,1841
4611,1862
4612,1847
4613,1889
4614,1862
4615,1866
4616,1879
4617,1853
4618,1861
4619,1872
4620,1870
4621,1867
4622,1834
4623,1859
4624,1839
4625,1845
4626,1828
4627,1851
4628,1862
4629,1846
4630,1856
4631,1875
4632,1873
4633,1837
4634,1853
4635,1872
4636,1894
4637,1875
4638,1840
4639,1840
4640,1851
4641,1862
4642,1811
4643,1841
4644,1861
4645,1845
4646,1871
4647,1855
4648,1855
4649,1861
4650,1853
4651,1847
4652,1873
4653,1871
4654,1872
4655,1840
4656,1872
4657,1856
4658,1838
4659,1831
4660,1843
4661,1870
4662,1872
4663,1851
4664,1875
4665,1885
4666,1902
4667,1869
4668,1872
4669,1869
4670,1847
4671,1843
4672,1855
4673,1888
4674,1887
4675,1815
4676,1840
4677,1895
4678,1883
4679,1858
4680,1829
4681,1857
4682,1839
4683,1817
4684,1844
4685,1859
4686,1885
4687,1859
4688,1839
4689,1863
4690,1890
4691,1891
4692,1835
4693,1840
4694,1849
4695,1867
4696,1840
4697,1857
4698,1873
4699,1873
4700,1870
4701,1867
4702,1881
4703,1892
4704,1855
4705,1846
4706,1856
4707,1859
4708,1829
4709,1827
4710,1861
4711,1859
4712,1870
4713,1833
4714,1866
4715,1868
4716,1856
4717,1856
4718,1861
4719,1889
4720,1870
4721,1880
4722,1841
4723,1871
4724,1859
4725,1837
4726,1830
4727,1857
4728,1868
4729,1863
4730,1845
4731,1874
4732,1872
4733,1879
4734,1842
4735,1872
4736,1875
4737,1872
4738,1824
4739,1841
4740,1853
4741,1846
4742,1826
4743,1844
4744,1872
4745,1863
4746,1849
4747,1856
4748,1871
4749,1895
4750,1884
4751,1858
4752,1880
4753,1872
4754,1865
4755,1846
4756,1856
4757,1860
4758,1830
4759,1814
4760,1851
4761,1867
4762,1870
4763,1855
4764,1853
4765,1877
4766,1869
4767,1849
4768,1856
4769,1882
4770,1879
4771,1825
4772,1862
4773,1865
4774,1872
4775,1837
4776,1829
4777,1862
4778,1872
4779,1859
4780,1854
4781,1882
4782,1879
4783,1853
4784,1839
4785,1872
4786,1886
4787,1874
4788,1851
4789,1857
4790,1859
4791,1871
4792,1845
4793,1837
4794,1856
4795,1872
4796,1856
4797,1842
4798,1868
4799,1856
4800,1851
4801,1859
4802,1882
4803,1872
4804,1872
4805,1840
4806,1857
4807,1851
4808,1840
4809,1813
4810,1853
4811,1855
4812,1845
4813,1860
4814,1866
4815,1875
4816,1894
4817,1872
4818,1873
4819,1895
4820,1872
4821,1823
4822,1834
4823,1837
4824,1850
4825,1825
4826,1812
4827,1844
4828,1870
4829,1850
4830,1833
4831,1864
4832,1863
4833,1866
4834,1875
4835,1879
4836,1887
4837,1899
4838,1839
4839,1867
4840,1867
4841,1843
4842,1835
4843,1835
4844,1873
4845,1863
4846,1857
4847,1857
4848,1872
4849,1873
4850,1859
4851,1861
4852,1874
4853,1878
4854,1861
4855,1829
4856,1842
4857,1845
4858,1835
4859,1839
4860,1858
4861,1872
4862,1861
4863,1849
4864,1862
4865,1886
4866,1871
4867,1868
4868,1872
4869,1879
4870,1889
4871,1819
4872,1843
4873,1856
4874,1855
4875,1837
4876,1831
4877,1855
4878,1858
4879,1863
4880,1855
4881,1878
4882,1876
4883,1879
4884,1856
4885,1874
4886,1873
4887,1867
4888,1842
4889,1846
4890,1844
4891,1873
4892,1822
4893,1840
4894,1856
4895,1863
4896,1854
4897,1857
4898,1886
4899,1877
4900,1858
4901,1858
4902,1879
4903,1878
4904,1870
4905,1840
4906,1857
4907,1871
4908,1847
4909,1829
4910,1849
4911,1872
4912,1862
4913,1873
4914,1859
4915,1882
4916,1862
4917,1859
4918,1867
4919,1892
4920,1863
4921,1861
4922,1853
4923,1868
4924,1873
4925,1843
4926,1828
4927,1865
4928,1865
4929,1882
4930,1852
4931,1879
4932,1889
4933,1853
4934,1872
4935,1870
4936,1895
4937,1893
4938,1817
4939,1851
4940,1854
4941,1872
4942,1840
4943,1838
4944,1851
4945,1863
4946,1840
4947,1854
4948,1872
4949,1876
4950,1856
4951,1855
4952,1882
4953,1895
4954,1874
4955,1840
4956,1865
4957,1858
4958,1853
4959,1857
4960,1856
4961,1862
4962,1873
4963,1854
4964,1870
4965,1874
4966,1865
4967,1872
4968,1871
4969,1883
4970,1886
4971,1837
4972,1843
4973,1859
4974,1869
4975,1858
4976,1815
4977,1855
4978,1861
4979,1877
4980,1853
4981,1869
4982,1876
4983,1889
4984,1847
4985,1873
4986,1887
4987,1874
4988,1862
4989,1856
4990,1873
4991,1854
4992,1833
4993,1836
4994,1863
4995,1873
4996,1856
4997,1847
4998,1871
4999,1878
5000,1856
5001,1858
5002,1877
5003,1877
5004,1856
5005,1838
5006,1842
5007,1847
5008,1835
5009,1822
5010,1856
5011,1872
5012,1851
5013,1841
5014,1867
5015,1883
5016,1870
5017,1845
5018,1861
5019,1890
5020,1874
5021,1855
5022,1843
5023,1876
5024,1872
5025,1843
5026,1826
5027,1861
5028,1877
5029,1842
5030,1843
5031,1874
5032,1883
5033,1890
5034,1851
5035,1866
5036,1882
5037,1872
5038,1878
5039,1856
5040,1840
5041,1845
5042,1855
5043,1839
5044,1863
5045,1872
5046,1849
5047,1867
5048,1878
5049,1863
5050,1882
5051,1859
5052,1882
5053,1889
5054,1872
5055,1840
5056,1855
5057,1861
5058,1858
5059,1830
5060,1840
5061,1872
5062,1856
5063,1887
5064,1858
5065,1886
5066,1891
5067,1888
5068,1865
5069,1875
5070,1873
5071,1866
5072,1838
5073,1863
5074,1860
5075,1840
5076,1831
5077,1865
5078,1884
5079,1855
5080,1853
5081,1885
5082,1883
5083,1861
5084,1859
5085,1867
5086,1879
5087,1853
5088,1859
5089,1850
5090,1846
5091,1820
5092,1825
5093,1839
5094,1859
5095,1866
5096,1854
5097,1856
5098,1867
5099,1885
5100,1881
5101,1858
5102,1879
5103,1872
5104,1858
5105,1839
5106,1861
5107,1855
5108,1808
5109,1827
5110,1847
5111,1873
5112,1869
5113,1854
5114,1870
5115,1875
5116,1872
5117,1869
5118,1867
5119,1883
5120,1879
5121,1851
5122,1837
5123,1840
5124,1843
5125,1857
5126,1815
5127,1852
5128,1851
5129,1859
5130,1851
5131,1872
5132,1863
5133,1877
5134,1883
5135,1872
5136,1878
5137,1885
5138,1859
5139,1843
5140,1867
5141,1859
5142,1790
5143,1829
5144,1857
5145,1884
5146,1871
5147,1865
5148,1872
5149,1894
5150,1885
5151,1859
5152,1878
5153,1875
5154,1840
5155,1819
5156,1840
5157,1854
5158,1836
5159,1806
5160,1839
5161,1863
5162,1869
5163,1879
5164,1863
5165,1875
5166,1866
5167,1869
5168,1861
5169,1883
5170,1893
5171,1841
5172,1841
5173,1862
5174,1856
5175,1842
5176,1830
5177,1858
5178,1865
5179,1857
5180,1850
5181,1872
5182,1886
5183,1864
5184,1846
5185,1858
5186,1879
5187,1863
5188,1856
5189,1855
5190,1862
5191,1858
5192,1840
5193,1822
5194,1841
5195,1851
5196,1863
5197,1854
5198,1890
5199,1882
5200,1902
5201,1854
5202,1882
5203,1899
5204,1872
5205,1858
5206,1862
5207,1877
5208,1865
5209,1826
5210,1853
5211,1863
5212,1855
5213,1856
5214,1863
5215,1883
5216,1882
5217,1861
5218,1863
5219,1886
5220,1872
5221,1846
5222,1847
5223,1841
5224,1855
5225,1838
5226,1819
5227,1853
5228,1854
5229,1856
5230,1851
5231,1870
5232,1887
5233,1870
5234,1847
5235,1872
5236,1882
5237,1882
5238,1856
5239,1851
5240,1851
5241,1879
5242,1819
5243,1837
5244,1854
5245,1875
5246,1856
5247,1857
5248,1874
5249,1895
5250,1863
5251,1857
5252,1875
5253,1898
5254,1868
5255,1855
5256,1851
5257,1853
5258,1813
5259,1833
5260,1847
5261,1873
5262,1865
5263,1840
5264,1867
5265,1886
5266,1854
5267,1861
5268,1870
5269,1883
5270,1869
5271,1865
5272,1839
5273,1847
5274,1849
5275,1830
5276,1821
5277,1855
5278,1878
5279,1851
5280,1857
5281,1866
5282,1886
5283,1858
5284,1862
5285,1872
5286,1875
5287,1901
5288,1867
5289,1847
5290,1871
5291,1833
5292,1818
5293,1830
5294,1856
5295,1858
5296,1863
5297,1851
5298,1887
5299,1879
5300,1862
5301,1862
5302,1875
5303,1889
5304,1860
5305,1842
5306,1845
5307,1853
5308,1837
5309,1831
5310,1856
5311,1857
5312,1857
5313,1842
5314,1857
5315,1873
5316,1881
5317,1876
5318,1863
5319,1890
5320,1872
5321,1846
5322,1843
5323,1856
5324,1852
5325,1818
5326,1829
5327,1855
5328,1875
5329,1853
5330,1850
5331,1870
5332,1885
5333,1881
5334,1840
5335,1863
5336,1874
5337,1872
5338,1869
5339,1842
5340,1854
5341,1840
5342,1839
5343,1839
5344,1859
5345,1872
5346,1854
5347,1856
5348,1872
5349,1870
5350,1849
5351,1859
5352,1882
5353,1872
5354,1870
5355,1833
5356,1858
5357,1846
5358,1865
5359,1844
5360,1838
5361,1866
5362,1858
5363,1858
5364,1849
5365,1858
5366,1871
5367,1855
5368,1861
5369,1872
5370,1857
5371,1853
5372,1850
5373,1866
5374,1855
5375,1872
5376,1827
5377,1856
5378,1858
5379,1861
5380,1853
5381,1882
5382,1873
5383,1874
5384,1873
5385,1865
5386,1873
5387,1887
5388,1851
5389,1840
5390,1855
5391,1838
5392,1842
5393,1833
5394,1858
5395,1886
5396,1869
5397,1841
5398,1854
5399,1881
5400,1870
5401,1857
5402,1877
5403,1875
5404,1853
5405,1834
5406,1857
5407,1842
5408,1855
5409,1818
5410,1840
5411,1862
5412,1878
5413,1844
5414,1857
5415,1878
5416,1869
5417,1853
5418,1855
5419,1875
5420,1856
5421,1830
5422,1842
5423,1847
5424,1839
5425,1826
5426,1823
5427,1851
5428,1851
5429,1843
5430,1843
5431,1871
5432,1877
5433,1863
5434,1869
5435,1873
5436,1877
5437,1885
5438,1851
5439,1855
5440,1869
5441,1861
5442,1829
5443,1830
5444,1859
5445,1851
5446,1855
5447,1854
5448,1866
5449,1881
5450,1870
5451,1856
5452,1875
5453,1891
5454,1866
5455,1854
5456,1843
5457,1846
5458,1843
5459,1803
5460,1855
5461,1869
5462,1857
5463,1856
5464,1860
5465,1895
5466,1847
5467,1859
5468,1871
5469,1884
5470,1893
5471,1827
5472,1833
5473,1855
5474,1862
5475,1839
5476,1824
5477,1857
5478,1883
5479,1865
5480,1840
5481,1882
5482,1876
5483,1885
5484,1863
5485,1871
5486,1880
5487,1906
5488,1859
5489,1850
5490,1872
5491,1855
5492,1831
5493,1827
5494,1860
5495,1893
5496,1875
5497,1854
5498,1873
5499,1883
5500,1916
5501,1851
5502,1877
5503,1884
5504,1854
5505,1858
5506,1866
5507,1861
5508,1840
5509,1829
5510,1840
5511,1867
5512,1861
5513,1843
5514,1851
5515,1865
5516,1872
5517,1841
5518,1859
5519,1879
5520,1875
5521,1856
5522,1846
5523,1856
5524,1840
5525,1855
5526,1823
5527,1856
5528,1863
5529,1864
5530,1840
5531,1874
5532,1872
5533,1905
5534,1866
5535,1867
5536,1875
5537,1889
5538,1853
5539,1854
5540,1856
5541,1854
5542,1841
5543,1837
5544,1855
5545,1903
5546,1837
5547,1838
5548,1872
5549,1856
5550,1873
5551,1847
5552,1879
5553,1875
5554,1871
5555,1847
5556,1856
5557,1859
5558,1843
5559,1817
5560,1856
5561,1869
5562,1859
5563,1840
5564,101
5565,1856
5566,2019
5567,1968
5568,2006
5569,2057
5570,1921
5571,1793
5572,1861
5573,2289
5574,2288
5575,1963
5576,1763
5577,1797
5578,1892
5579,1906
5580,1873
5581,1905
5582,1934
5583,1933
5584,1862
5585,1874
5586,1872
5587,1853
5588,1825
5589,1855
5590,1846
5591,1811
5592,1792
5593,1794
5594,1830
5595,0
5596,1702
5597,1939
5598,2026
5599,2166
5600,2153
5601,1920
5602,1886
5603,2096
5604,2161
5605,1888
5606,1712
5607,1741
5608,1840
5609,1840
5610,1885
5611,1893
5612,1922
5613,1888
5614,1903
5615,1915
5616,1877
5617,1852
5618,1842
5619,1863
5620,1840
5621,1839
5622,1808
5623,1843
5624,1853
5625,1851
5626,0
5627,1682
5628,1990
5629,2109
5630,2274
5631,2207
5632,2038
5633,1985
5634,1947
5635,1913
5636,1694
5637,1594
5638,1775
5639,1851
5640,1901
5641,1875
5642,1897
5643,1885
5644,1905
5645,1919
5646,1872
5647,1856
5648,1872
5649,1855
5650,1836
5651,1827
5652,1852
5653,1870
5654,1843
5655,1849
5656,1866
5657,27
5658,1574
5659,1982
5660,2209
5661,2427
5662,2347
5663,2239
5664,2160
5665,1815
5666,1631
5667,1486
5668,1535
5669,1749
5670,1863
5671,1889
5672,1882
5673,1925
5674,1920
5675,1894
5676,1873
5677,1874
5678,1872
5679,1856
5680,1806
5681,1849
5682,1856
5683,1867
5684,1853
5685,1870
5686,1891
5687,1887
5688,781
5689,1345
5690,2028
5691,2321
5692,2455
5693,2510
5694,2608
5695,2303
5696,1765
5697,1600
5698,1423
5699,1361
5700,1467
5701,1617
5702,1789
5703,1903
5704,1936
5705,1878
5706,1891
5707,1898
5708,1872
5709,1859
5710,1860
5711,1871
5712,1872
5713,1811
5714,1839
5715,1877
5716,1863
5717,1881
5718,1880
5719,1050
5720,1382
5721,2025
5722,2357
5723,2640
5724,2704
5725,2723
5726,2032
5727,1611
5728,1473
5729,1307
5730,1274
5731,1446
5732,1638
5733,1867
5734,1892
5735,1916
5736,1943
5737,1951
5738,1851
5739,1877
5740,1877
5741,1849
5742,1809
5743,1820
5744,1857
5745,1906
5746,1878
5747,1872
5748,1911
5749,1901
5750,2474
5751,993
5752,2058
5753,2736
5754,3236
5755,3250
5756,2994
5757,2036
5758,1428
5759,1136
5760,807
5761,837
5762,1170
5763,1535
5764,1795
5765,1889
5766,1916
5767,1918
5768,1918
5769,1923
5770,1903
5771,1885
5772,1859
5773,1865
5774,1887
5775,1872
5776,1856
5777,1900
5778,1917
5779,1935
5780,1892
5781,2527
5782,870
5783,2085
5784,2878
5785,3425
5786,3201
5787,2980
5788,2483
5789,1513
5790,950
5791,592
5792,593
5793,944
5794,1513
5795,1771
5796,1840
5797,1879
5798,1916
5799,1929
5800,1920
5801,1897
5802,1901
5803,1910
5804,1889
5805,1870
5806,1888
5807,1907
5808,1893
5809,1899
5810,1903
5811,1923
5812,2234
5813,553
5814,1955
5815,3303
5816,3515
5817,3170
5818,2945
5819,2615
5820,1475
5821,781
5822,289
5823,123
5824,871
5825,1561
5826,1767
5827,1891
5828,1943
5829,1983
5830,1968
5831,1962
5832,1968
5833,1962
5834,1958
5835,1952
5836,1937
5837,1962
5838,1919
5839,1909
5840,1911
5841,1936
5842,1923
5843,1937
5844,441
5845,1949
5846,3305
5847,3481
5848,3167
5849,2985
5850,2559
5851,1456
5852,720
5853,48
5854,178
5855,1011
5856,1600
5857,1852
5858,1934
5859,1931
5860,1971
5861,2000
5862,1989
5863,1938
5864,1958
5865,1979
5866,1982
5867,1968
5868,1946
5869,1968
5870,1980
5871,1956
5872,1929
5873,1951
5874,1922
5875,144
5876,1745
5877,3137
5878,3504
5879,3205
5880,3015
5881,2477
5882,1386
5883,717
5884,58
5885,261
5886,1133
5887,1715
5888,1873
5889,1939
5890,1972
5891,1977
5892,1989
5893,1951
5894,1968
5895,1986
5896,1983
5897,1951
5898,1968
5899,2001
5900,1998
5901,1941
5902,1943
5903,1959
5904,1939
5905,1894
5906,25
5907,1779
5908,3037
5909,3470
5910,3206
5911,2966
5912,2337
5913,1221
5914,553
5915,41
5916,447
5917,1120
5918,1671
5919,1894
5920,1983
5921,1999
5922,2001
5923,1997
5924,1983
5925,1973
5926,1948
5927,1968
5928,1991
5929,1966
5930,1925
5931,1945
5932,1949
5933,1963
5934,1954
5935,1950
5936,1953
5937,41
5938,1728
5939,2928
5940,3506
5941,3226
5942,3008
5943,2288
5944,1232
5945,542
5946,35
5947,480
5948,1213
5949,1698
5950,1890
5951,1954
5952,2007
5953,2023
5954,2000
5955,2000
5956,1978
5957,1957
5958,1962
5959,1909
5960,1947
5961,1969
5962,1988
5963,1984
5964,1950
5965,1947
5966,1947
5967,1951
5968,0
5969,1683
5970,2743
5971,3481
5972,3216
5973,3001
5974,2288
5975,1235
5976,576
5977,100
5978,599
5979,1302
5980,1681
5981,1881
5982,1950
5983,1995
5984,1995
5985,2002
5986,1999
5987,2043
5988,2011
5989,1984
5990,1965
5991,1934
5992,1893
5993,1879
5994,1901
5995,1927
5996,1922
5997,1915
5998,1936
5999,535
6000,1490
6001,2373
6002,3519
6003,3318
6004,3037
6005,2782
6006,1450
6007,702
6008,54
6009,368
6010,1168
6011,1660
6012,1874
6013,1934
6014,1974
6015,1984
6016,1999
6017,1973
6018,1956
6019,1977
6020,1941
6021,1931
6022,1925
6023,1950
6024,1990
6025,1942
6026,1897
6027,1921
6028,1933
6029,1929
6030,787
6031,1392
6032,2359
6033,3573
6034,3301
6035,3045
6036,2688
6037,1406
6038,751
6039,94
6040,395
6041,1174
6042,1658
6043,1821
6044,1940
6045,1989
6046,2003
6047,1985
6048,1982
6049,1986
6050,1974
6051,1968
6052,1985
6053,1968
6054,1947
6055,1934
6056,1936
6057,1936
6058,1904
6059,1911
6060,1910
6061,2148
6062,1159
6063,2190
6064,3536
6065,3330
6066,3113
6067,2864
6068,1451
6069,781
6070,87
6071,372
6072,1117
6073,1616
6074,1857
6075,1951
6076,1959
6077,1986
6078,2015
6079,1995
6080,1985
6081,2004
6082,1943
6083,1937
6084,1971
6085,1954
6086,1934
6087,1952
6088,1957
6089,1956
6090,1964
6091,1936
6092,2465
6093,1045
6094,2151
6095,3502
6096,3334
6097,3106
6098,2875
6099,1509
6100,814
6101,0
6102,303
6103,1104
6104,1610
6105,1851
6106,1930
6107,1974
6108,1975
6109,1968
6110,1959
6111,1983
6112,1975
6113,1968
6114,1955
6115,1987
6116,1980
6117,1969
6118,1951
6119,1973
6120,1971
6121,1950
6122,1915
6123,2389
6124,726
6125,2055
6126,3359
6127,3403
6128,3140
6129,2903
6130,1535
6131,688
6132,88
6133,445
6134,1152
6135,1627
6136,1868
6137,1966
6138,1987
6139,1982
6140,1999
6141,1999
6142,1948
6143,1931
6144,1915
6145,1957
6146,1974
6147,1959
6148,1952
6149,1953
6150,1952
6151,1921
6152,1942
6153,1955
6154,2114
6155,483
6156,1910
6157,3311
6158,3376
6159,3158
6160,2938
6161,1583
6162,898
6163,259
6164,336
6165,1110
6166,1595
6167,1831
6168,1919
6169,1985
6170,2019
6171,2000
6172,1982
6173,1974
6174,1958
6175,1936
6176,1950
6177,1945
6178,1968
6179,1961
6180,1951
6181,1947
6182,1968
6183,1933
6184,1938
6185,1922
6186,1936
6187,1935
6188,1885
6189,1884
6190,1881
6191,1877
6192,1863
6193,1851
6194,1872
6195,1889
6196,1862
6197,1844
6198,1901
6199,1906
6200,1887
6201,1867
6202,1873
6203,1872
6204,1867
6205,1854
6206,1840
6207,1845
6208,1809
6209,1844
6210,1845
6211,1870
6212,1862
6213,1847
6214,1862
6215,1871
6216,1870
6217,1856
6218,1869
6219,1883
6220,1872
6221,1844
6222,1828
6223,1845
6224,1856
6225,1834
6226,1813
6227,1845
6228,1860
6229,1857
6230,1864
6231,1859
6232,1885
6233,1872
6234,1853
6235,1857
6236,1878
6237,1901
6238,1843
6239,1827
6240,1842
6241,1846
6242,1823
6243,1823
6244,1856
6245,1878
6246,1856
6247,1853
6248,1862
6249,1873
6250,1891
6251,1855
6252,1875
6253,1882
6254,1867
6255,1857
6256,1853
6257,1855
6258,1849
6259,1828
6260,1834
6261,1864
6262,1872
6263,1856
6264,1840
6265,1858
6266,1859
6267,1870
6268,1851
6269,1871
6270,1858
6271,1859
6272,1827
6273,1866
6274,1856
6275,1797
6276,1848
6277,1857
6278,1879
6279,1874
6280,1840
6281,1863
6282,1866
6283,1877
6284,1889
6285,1871
6286,1886
6287,1877
6288,1866
6289,1846
6290,1874
6291,1870
6292,1853
6293,1835
6294,1859
6295,1856
6296,1837
6297,1834
6298,1877
6299,1931
6300,1984
6301,1940
6302,1947
6303,1927
6304,1917
6305,1890
6306,1817
6307,1770
6308,1737
6309,1782
6310,1758
6311,1794
6312,1841
6313,1823
6314,1861
6315,1877
6316,1891
6317,1851
6318,1865
6319,1876
6320,1874
6321,1856
6322,1827
6323,1851
6324,1859
6325,1842
6326,1825
6327,1856
6328,1859
6329,1847
6330,1837
6331,1861
6332,1887
6333,1873
6334,1854
6335,1863
6336,1872
6337,1873
6338,1829
6339,1847
6340,1867
6341,1850
6342,1845
6343,1825
6344,1857
6345,1865
6346,1847
6347,1846
6348,1866
6349,1868
6350,1866
6351,1853
6352,1872
6353,1895
6354,1856
6355,1835
6356,1850
6357,1858
6358,1875
6359,1822
6360,1840
6361,1861
6362,1871
6363,1857
6364,1851
6365,1872
6366,1874
6367,1904
6368,1865
6369,1881
6370,1879
6371,1874
6372,1841
6373,1837
6374,1857
6375,1857
6376,1831
6377,1856
6378,1863
6379,1889
6380,1874
6381,1851
6382,1882
6383,1886
6384,1855
6385,1866
6386,1885
6387,1882
6388,1840
6389,1840
6390,1852
6391,1856
6392,1842
6393,1831
6394,1863
6395,1862
6396,1831
6397,1853
6398,1885
6399,1886
6400,1888
6401,1831
6402,1878
6403,1873
6404,1883
6405,1840
6406,1847
6407,1848
6408,1846
6409,1805
6410,1840
6411,1859
6412,1872
6413,1871
6414,1853
6415,1863
6416,1866
6417,1863
6418,1847
6419,1878
6420,1858
6421,1879
6422,1840
6423,1869
6424,1859
6425,1866
6426,1809
6427,1847
6428,1869
6429,1872
6430,1878
6431,1861
6432,1877
6433,1883
6434,1872
6435,1856
6436,1867
6437,1873
6438,1857
6439,1843
6440,1853
6441,1840
6442,1835
6443,1823
6444,1851
6445,1861
6446,1865
6447,1856
6448,1872
6449,1870
6450,1854
6451,1840
6452,1855
6453,1873
6454,1883
6455,1839
6456,1847
6457,1862
6458,1870
6459,1840
6460,1854
6461,1872
6462,1878
6463,1871
6464,1861
6465,1888
6466,1861
6467,1865
6468,1856
6469,1873
6470,1872
6471,1856
6472,1842
6473,1853
6474,1853
6475,1835
6476,1808
6477,1853
6478,1857
6479,1851
6480,1841
6481,1862
6482,1883
6483,1883
6484,1840
6485,1865
6486,1882
6487,1879
6488,1858
6489,1840
6490,1872
6491,1862
6492,1824
6493,1823
6494,1857
6495,1875
6496,1867
6497,1856
6498,1868
6499,1883
6500,1861
6501,1847
6502,1875
6503,1873
6504,1863
6505,1809
6506,1840
6507,1861
6508,1841
6509,1831
6510,1835
6511,1872
6512,1871
6513,1855
6514,1846
6515,1878
6516,1871
6517,1856
6518,1862
6519,1872
6520,1892
6521,1867
6522,1835
6523,1856
6524,1852
6525,1852
6526,1808
6527,1855
6528,1860
6529,1843
6530,1849
6531,1863
6532,1886
6533,1871
6534,1845
6535,1861
6536,1871
6537,1876
6538,1855
6539,1837
6540,1844
6541,1842
6542,1815
6543,1823
6544,1856
6545,1872
6546,1872
6547,1860
6548,1873
6549,1887
6550,1872
6551,1857
6552,1872
6553,1882
6554,1873
6555,1861
6556,1854
6557,1848
6558,1856
6559,1839
6560,1840
6561,1862
6562,1873
6563,1889
6564,1854
6565,1872
6566,1891
6567,1849
6568,1851
6569,1879
6570,1883
6571,1876
6572,1843
6573,1854
6574,1850
6575,1849
6576,1845
6577,1845
6578,1869
6579,1859
6580,1840
6581,1863
6582,1887
6583,1857
6584,1862
6585,1866
6586,1883
6587,1899
6588,1873
6589,1836
6590,1857
6591,1840
6592,1838
6593,1815
6594,1846
6595,1862
6596,1857
6597,1840
6598,1875
6599,1895
6600,1856
6601,1872
6602,1882
6603,1876
6604,1872
6605,1868
6606,1847
6607,1853
6608,1815
6609,1836
6610,1835
6611,1854
6612,1869
6613,1845
6614,1851
6615,1882
6616,1866
6617,1891
6618,1857
6619,1877
6620,1881
6621,1871
6622,1847
6623,1847
6624,1853
6625,1846
6626,1813
6627,1849
6628,1867
6629,1857
6630,1830
6631,1855
6632,1883
6633,1867
6634,1840
6635,1871
6636,1883
6637,1895
6638,1872
6639,1840
6640,1861
6641,1857
6642,1863
6643,1827
6644,1857
6645,1874
6646,1843
6647,1856
6648,1871
6649,1879
6650,1867
6651,1863
6652,1863
6653,1876
6654,1870
6655,1847
6656,1840
6657,1851
6658,1838
6659,1838
6660,1842
6661,1870
6662,1872
6663,1847
6664,1861
6665,1872
6666,1873
6667,1869
6668,1857
6669,1878
6670,1895
6671,1870
6672,1831
6673,1851
6674,1846
6675,1831
6676,1827
6677,1857
6678,1858
6679,1894
6680,1855
6681,1859
6682,1885
6683,1875
6684,1878
6685,1863
6686,1881
6687,1902
6688,1862
6689,1840
6690,1843
6691,1855
6692,1817
6693,1820
6694,1856
6695,1872
6696,1856
6697,1838
6698,1857
6699,1886
6700,1869
6701,1875
6702,1879
6703,1874
6704,1855
6705,1905
6706,1843
6707,1854
6708,1869
6709,1805
6710,1835
6711,1859
6712,1895
6713,1863
6714,1850
6715,1887
6716,1874
6717,1840
6718,1847
6719,1872
6720,1872
6721,1858
6722,1874
6723,1857
6724,1870
6725,1866
6726,1810
6727,1841
6728,1855
6729,1867
6730,1831
6731,1866
6732,1881
6733,1878
6734,1877
6735,1871
6736,1890
6737,1898
6738,1861
6739,1836
6740,1859
6741,1867
6742,1821
6743,1825
6744,1853
6745,1856
6746,1866
6747,1831
6748,1872
6749,1877
6750,1844
6751,1852
6752,1875
6753,1879
6754,1897
6755,1882
6756,1854
6757,1861
6758,1861
6759,1840
6760,1835
6761,1862
6762,1890
6763,1872
6764,1855
6765,1875
6766,1883
6767,1867
6768,1857
6769,1881
6770,1890
6771,1859
6772,1850
6773,1850
6774,1843
6775,1830
6776,1836
6777,1842
6778,1856
6779,1863
6780,1857
6781,1853
6782,1881
6783,1842
6784,1872
6785,1867
6786,1874
6787,1901
6788,1843
6789,1840
6790,1850
6791,1855
6792,1841
6793,1823
6794,1857
6795,1881
6796,1870
6797,1851
6798,1857
6799,1875
6800,1876
6801,1851
6802,1865
6803,1879
6804,1861
6805,1854
6806,1855
6807,1845
6808,1845
6809,1834
6810,1829
6811,1860
6812,1877
6813,1831
6814,1856
6815,1871
6816,1882
6817,1863
6818,1850
6819,1878
6820,1877
6821,1863
6822,1853
6823,1861
6824,1868
6825,1863
6826,1819
6827,1839
6828,1861
6829,1871
6830,1847
6831,1856
6832,1872
6833,1872
6834,1863
6835,1855
6836,1876
6837,1910
6838,1850
6839,1839
6840,1851
6841,1845
6842,1857
6843,1818
6844,1858
6845,1863
6846,1857
6847,1848
6848,1875
6849,1872
6850,1879
6851,1859
6852,1872
6853,1875
6854,1857
6855,1846
6856,1849
6857,1853
6858,1859
6859,1825
6860,1831
6861,1856
6862,1886
6863,1839
6864,1842
6865,1871
6866,1872
6867,1877
6868,1853
6869,1879
6870,1872
6871,1871
6872,1848
6873,1853
6874,1851
6875,1867
6876,1814
6877,1838
6878,1865
6879,1871
6880,1840
6881,1857
6882,1885
6883,1876
6884,1872
6885,1858
6886,1879
6887,1877
6888,1871
6889,1835
6890,1856
6891,1859
6892,1873
6893,1824
6894,1846
6895,1865
6896,1863
6897,1845
6898,1866
6899,1880
6900,1856
6901,1872
6902,1875
6903,1873
6904,1871
6905,1850
6906,1840
6907,1867
6908,1831
6909,1835
6910,1834
6911,1857
6912,1885
6913,1871
6914,1838
6915,1872
6916,1864
6917,1872
6918,1849
6919,1873
6920,1870
6921,1857
6922,1845
6923,1842
6924,1847
6925,1855
6926,1815
6927,1840
6928,1856
6929,1872
6930,1833
6931,1859
6932,1890
6933,1871
6934,1869
6935,1857
6936,1884
6937,1869
6938,1877
6939,1835
6940,1862
6941,1872
6942,1856
6943,1834
6944,1854
6945,1858
6946,1856
6947,1840
6948,1873
6949,1872
6950,1872
6951,1840
6952,1872
6953,1881
6954,1901
6955,1859
6956,1841
6957,1856
6958,1824
6959,1850
6960,1829
6961,1859
6962,1883
6963,1856
6964,1851
6965,1873
6966,1873
6967,1905
6968,1863
6969,1881
6970,1888
6971,1866
6972,1872
6973,1852
6974,1867
6975,1840
6976,1825
6977,1851
6978,1872
6979,1883
6980,1859
6981,1856
6982,1898
6983,1903
6984,1873
6985,1856
6986,1874
6987,1905
6988,1849
6989,1843
6990,1851
6991,1842
6992,1847
6993,1814
6994,1854
6995,1858
6996,1851
6997,1841
6998,1865
6999,1879
7000,1885
7001,1851
7002,1874
7003,1885
7004,1872
7005,1840
7006,1837
7007,1852
7008,1867
7009,1836
7010,1829
7011,1860
7012,1867
7013,1851
7014,1853
7015,1863
7016,1869
7017,1914
7018,1850
7019,1877
7020,1885
7021,1877
7022,1841
7023,1850
7024,1855
7025,1842
7026,1821
7027,1835
7028,1859
7029,1855
7030,1873
7031,1858
7032,1878
7033,1877
7034,1846
7035,1859
7036,1881
7037,1872
7038,1862
7039,1840
7040,1850
7041,1857
7042,1865
7043,1814
7044,1840
7045,1843
7046,1856
7047,1811
7048,1862
7049,1877
7050,1871
7051,1856
7052,1872
7053,1877
7054,1907
7055,1860
7056,1843
7057,1867
7058,1851
7059,1822
7060,1823
7061,1856
7062,1873
7063,1860
7064,1840
7065,1877
7066,1889
7067,1870
7068,1853
7069,1872
7070,1893
7071,1872
7072,1835
7073,1858
7074,1846
7075,1869
7076,1823
7077,1833
7078,1858
7079,1889
7080,1867
7081,1861
7082,1875
7083,1873
7084,1853
7085,1867
7086,1883
7087,1876
7088,1856
7089,1845
7090,1870
7091,1859
7092,1857
7093,1820
7094,1855
7095,1872
7096,1866
7097,1851
7098,1866
7099,1879
7100,1870
7101,1855
7102,1874
7103,1887
7104,1872
7105,1851
7106,1839
7107,1843
7108,1850
7109,1844
7110,1825
7111,1860
7112,1867
7113,1879
7114,1851
7115,1883
7116,1878
7117,1870
7118,1867
7119,1872
7120,1877
7121,1845
7122,1845
7123,1854
7124,1859
7125,1822
7126,1819
7127,1838
7128,1859
7129,1862
7130,1839
7131,1855
7132,1878
7133,1874
7134,1843
7135,1853
7136,1872
7137,1898
7138,1843
7139,1831
7140,1856
7141,1853
7142,1865
7143,1830
7144,1850
7145,1870
7146,1889
7147,1843
7148,1875
7149,1881
7150,1886
7151,1857
7152,1872
7153,1873
7154,1875
7155,1856
7156,1845
7157,1865
7158,1856
7159,1831
7160,1831
7161,1860
7162,1890
7163,1838
7164,1840
7165,1872
7166,1867
7167,1870
7168,1846
7169,1881
7170,1881
7171,1865
7172,1845
7173,1836
7174,1848
7175,1847
7176,1847
7177,1852
7178,1877
7179,1873
7180,1914
7181,447
7182,1938
7183,2014
7184,1984
7185,2063
7186,2083
7187,1878
7188,1728
7189,1837
7190,2306
7191,2274
7192,1982
7193,1722
7194,1779
7195,1886
7196,1913
7197,1887
7198,1904
7199,1920
7200,1915
7201,1898
7202,1907
7203,1903
7204,1854
7205,1819
7206,1812
7207,1826
7208,1809
7209,1777
7210,1787
7211,1825
7212,227
7213,1776
7214,1954
7215,2043
7216,2167
7217,2074
7218,1839
7219,1790
7220,2046
7221,2206
7222,1952
7223,1730
7224,1762
7225,1839
7226,1867
7227,1873
7228,1903
7229,1903
7230,1917
7231,1887
7232,1892
7233,1885
7234,1858
7235,1850
7236,1856
7237,1837
7238,1841
7239,1825
7240,1840
7241,1844
7242,1859
7243,80
7244,1763
7245,2028
7246,2186
7247,2334
7248,2224
7249,2055
7250,1991
7251,1891
7252,1843
7253,1651
7254,1602
7255,1744
7256,1849
7257,1886
7258,1902
7259,1898
7260,1883
7261,1909
7262,1919
7263,1895
7264,1861
7265,1850
7266,1844
7267,1837
7268,1819
7269,1840
7270,1863
7271,1856
7272,1857
7273,1865
7274,0
7275,1720
7276,2002
7277,2283
7278,2605
7279,2559
7280,2403
7281,2114
7282,1767
7283,1533
7284,1264
7285,1335
7286,1579
7287,1748
7288,1808
7289,1898
7290,1916
7291,1904
7292,1898
7293,1875
7294,1895
7295,1878
7296,1870
7297,1836
7298,1847
7299,1858
7300,1859
7301,1867
7302,1885
7303,1902
7304,1909
7305,112
7306,1500
7307,2063
7308,2342
7309,2497
7310,2490
7311,2509
7312,2045
7313,1733
7314,1562
7315,1418
7316,1414
7317,1522
7318,1701
7319,1874
7320,1936
7321,1936
7322,1885
7323,1911
7324,1910
7325,1861
7326,1851
7327,1839
7328,1866
7329,1870
7330,1831
7331,1835
7332,1872
7333,1883
7334,1872
7335,1886
7336,415
7337,1535
7338,2107
7339,2551
7340,2896
7341,2896
7342,2655
7343,1858
7344,1485
7345,1301
7346,1136
7347,1159
7348,1355
7349,1631
7350,1847
7351,1905
7352,1920
7353,1937
7354,1931
7355,1905
7356,1883
7357,1871
7358,1862
7359,1855
7360,1836
7361,1847
7362,1882
7363,1900
7364,1883
7365,1919
7366,1915
7367,1118
7368,1271
7369,2205
7370,3107
7371,3404
7372,3133
7373,2946
7374,1763
7375,1294
7376,951
7377,729
7378,849
7379,1180
7380,1588
7381,1830
7382,1904
7383,1927
7384,1941
7385,1921
7386,1926
7387,1904
7388,1879
7389,1858
7390,1853
7391,1883
7392,1897
7393,1858
7394,1902
7395,1915
7396,1934
7397,1919
7398,1535
7399,1312
7400,2215
7401,3241
7402,3380
7403,3120
7404,2896
7405,2171
7406,1328
7407,750
7408,459
7409,511
7410,1087
7411,1631
7412,1832
7413,1904
7414,1914
7415,1936
7416,1934
7417,1942
7418,1907
7419,1918
7420,1923
7421,1915
7422,1895
7423,1904
7424,1904
7425,1876
7426,1873
7427,1904
7428,1929
7429,2645
7430,917
7431,2119
7432,3527
7433,3439
7434,3114
7435,2922
7436,1958
7437,1149
7438,541
7439,251
7440,511
7441,1251
7442,1711
7443,1851
7444,1936
7445,1971
7446,1985
7447,1987
7448,1953
7449,1939
7450,1938
7451,1913
7452,1935
7453,1955
7454,1982
7455,1946
7456,1924
7457,1930
7458,1925
7459,1909
7460,2414
7461,808
7462,2091
7463,3461
7464,3413
7465,3172
7466,2939
7467,2234
7468,1221
7469,464
7470,14
7471,427
7472,1197
7473,1687
7474,1882
7475,1916
7476,1936
7477,1969
7478,1998
7479,1971
7480,1932
7481,1943
7482,1978
7483,1968
7484,1972
7485,1952
7486,1971
7487,1972
7488,1950
7489,1939
7490,1947
7491,2320
7492,626
7493,1947
7494,3454
7495,3437
7496,3151
7497,2914
7498,2023
7499,1072
7500,376
7501,29
7502,566
7503,1298
7504,1739
7505,1856
7506,1948
7507,1975
7508,1984
7509,1997
7510,1948
7511,1971
7512,1997
7513,1971
7514,1955
7515,1979
7516,1971
7517,1999
7518,1930
7519,1955
7520,1943
7521,1936
7522,1987
7523,446
7524,1946
7525,3253
7526,3419
7527,3167
7528,2961
7529,2089
7530,1145
7531,422
7532,0
7533,541
7534,1347
7535,1745
7536,1922
7537,1998
7538,2005
7539,1984
7540,1979
7541,1959
7542,1968
7543,1941
7544,1985
7545,2007
7546,1994
7547,1920
7548,1937
7549,1965
7550,1938
7551,1943
7552,1943
7553,1957
7554,259
7555,1848
7556,3024
7557,3466
7558,3185
7559,2988
7560,2212
7561,1169
7562,400
7563,0
7564,605
7565,1362
7566,1757
7567,1902
7568,1967
7569,2006
7570,2007
7571,1995
7572,1968
7573,1950
7574,1935
7575,1943
7576,1947
7577,1938
7578,1959
7579,1966
7580,1954
7581,1950
7582,1967
7583,1949
7584,1935
7585,16
7586,1820
7587,2925
7588,3490
7589,3223
7590,2992
7591,2251
7592,1162
7593,407
7594,0
7595,677
7596,1371
7597,1738
7598,1895
7599,1974
7600,1983
7601,1987
7602,1997
7603,1999
7604,1985
7605,1966
7606,1937
7607,1968
7608,1947
7609,1967
7610,1925
7611,1943
7612,1958
7613,1936
7614,1941
7615,1947
7616,0
7617,1664
7618,2652
7619,3524
7620,3232
7621,2987
7622,2559
7623,1309
7624,491
7625,0
7626,481
7627,1242
7628,1712
7629,1898
7630,1942
7631,1984
7632,2011
7633,2011
7634,1975
7635,1997
7636,2015
7637,2000
7638,1967
7639,1941
7640,1936
7641,1943
7642,1917
7643,1917
7644,1920
7645,1939
7646,1927
7647,177
7648,1522
7649,2523
7650,3544
7651,3235
7652,3024
7653,2556
7654,1235
7655,495
7656,16
7657,565
7658,1292
7659,1666
7660,1857
7661,1957
7662,1998
7663,2000
7664,1997
7665,1999
7666,1999
7667,2000
7668,2066
7669,2128
7670,2128
7671,1980
7672,1874
7673,1840
7674,1826
7675,1843
7676,1855
7677,1890
7678,371
7679,1498
7680,2448
7681,3536
7682,3339
7683,3071
7684,2632
7685,1280
7686,574
7687,34
7688,625
7689,1296
7690,1703
7691,1880
7692,1905
7693,1943
7694,1990
7695,2007
7696,1998
7697,1961
7698,1966
7699,1990
7700,2010
7701,2018
7702,1937
7703,1921
7704,1945
7705,1920
7706,1918
7707,1926
7708,1913
7709,1008
7710,1275
7711,2289
7712,3504
7713,3339
7714,3083
7715,2766
7716,1367
7717,594
7718,78
7719,619
7720,1295
7721,1690
7722,1876
7723,1936
7724,1966
7725,1984
7726,1971
7727,1946
7728,1972
7729,1983
7730,1971
7731,1953
7732,1951
7733,1968
7734,1943
7735,1933
7736,1951
7737,1949
7738,1929
7739,1914
7740,2367
7741,1055
7742,2090
7743,3437
7744,3376
7745,3098
7746,2891
7747,1414
7748,668
7749,59
7750,522
7751,1232
7752,1650
7753,1872
7754,1940
7755,1967
7756,1969
7757,1987
7758,1968
7759,1957
7760,1931
7761,1951
7762,1957
7763,1968
7764,1943
7765,1966
7766,1968
7767,1933
7768,1931
7769,1936
7770,1938
7771,2590
7772,750
7773,2034
7774,3487
7775,3411
7776,3119
7777,2925
7778,1462
7779,701
7780,0
7781,375
7782,1168
7783,1633
7784,1863
7785,1938
7786,2000
7787,2023
7788,2008
7789,1981
7790,1969
7791,1977
7792,1966
7793,1947
7794,1926
7795,1897
7796,1911
7797,1970
7798,1972
7799,1987
7800,1961
7801,1937
7802,1933
7803,1948
7804,1936
7805,1911
7806,1885
7807,1889
7808,1878
7809,1862
7810,1850
7811,1881
7812,1899
7813,1903
7814,1861
7815,1865
7816,1863
7817,1878
7818,1872
7819,1873
7820,1859
7821,1840
7822,1840
7823,1842
7824,1855
7825,1851
7826,1841
7827,1826
7828,1845
7829,1885
7830,1823
7831,1855
7832,1866
7833,1881
7834,1874
7835,1861
7836,1877
7837,1874
7838,1877
7839,1845
7840,1859
7841,1856
7842,1817
7843,1815
7844,1856
7845,1863
7846,1889
7847,1845
7848,1859
7849,1876
7850,1890
7851,1881
7852,1861
7853,1867
7854,1874
7855,1857
7856,1841
7857,1845
7858,1833
7859,1862
7860,1826
7861,1861
7862,1889
7863,1850
7864,1840
7865,1856
7866,1869
7867,1886
7868,1854
7869,1883
7870,1874
7871,1845
7872,1850
7873,1858
7874,1870
7875,1860
7876,1840
7877,1851
7878,1861
7879,1855
7880,1821
7881,1840
7882,1872
7883,1873
7884,1857
7885,1845
7886,1862
7887,1857
7888,1871
7889,1852
7890,1854
7891,1846
7892,1846
7893,1830
7894,1859
7895,1874
7896,1860
7897,1827
7898,1867
7899,1872
7900,1867
7901,1868
7902,1894
7903,1955
7904,1987
7905,1954
7906,1885
7907,1898
7908,1870
7909,1792
7910,1742
7911,1787
7912,1807
7913,1783
7914,1781
7915,1867
7916,1895
7917,1884
7918,1841
7919,1844
7920,1865
7921,1830
7922,1836
7923,1842
7924,1866
7925,1844
7926,1834
7927,1839
7928,1872
7929,1899
7930,1861
7931,1857
7932,1874
7933,1905
7934,1875
7935,1866
7936,1886
7937,1891
7938,1862
7939,1845
7940,1853
7941,1874
7942,1834
7943,1795
7944,1839
7945,1859
7946,1872
7947,1827
7948,1859
7949,1878
7950,1879
7951,1856
7952,1860
7953,1879
7954,1887
7955,1883
7956,1835
7957,1866
7958,1863
7959,1809
7960,1829
7961,1859
7962,1875
7963,1869
7964,1846
7965,1872
7966,1880
7967,1876
7968,1861
7969,1862
7970,1883
7971,1885
7972,1869
7973,1853
7974,1850
7975,1843
7976,1823
7977,1824
7978,1857
7979,1855
7980,1887
7981,1861
7982,1877
7983,1872
7984,1898
7985,1856
7986,1873
7987,1883
7988,1868
7989,1847
7990,1854
7991,1856
7992,1845
7993,1823
7994,1859
7995,1868
7996,1888
7997,1858
7998,1865
7999,1871
8000,1870
8001,1867
8002,1858
8003,1875
8004,1863
8005,1872
8006,1838
8007,1853
8008,1855
8009,1856
8010,1824
8011,1856
8012,1886
8013,1858
8014,1850
8015,1873
8016,1871
8017,1859
8018,1840
8019,1866
8020,1882
8021,1858
8022,1823
8023,1844
8024,1856
8025,1856
8026,1836
8027,1828
8028,1861
8029,1863
8030,1859
8031,1853
8032,1891
8033,1879
8034,1873
8035,1849
8036,1871
8037,1887
8038,1854
8039,1811
8040,1835
8041,1846
8042,1841
8043,1846
8044,1850
8045,1846
8046,1885
8047,1845
8048,1860
8049,1898
8050,1872
8051,1886
8052,1873
8053,1879
8054,1856
8055,1860
8056,1843
8057,1856
8058,1846
8059,1845
8060,1825
8061,1854
8062,1861
8063,1882
8064,1841
8065,1871
8066,1876
8067,1868
8068,1849
8069,1878
8070,1875
8071,1874
8072,1857
8073,1847
8074,1863
8075,1855
8076,1807
8077,1831
8078,1856
8079,1854
8080,1862
8081,1850
8082,1884
8083,1872
8084,1906
8085,1856
8086,1875
8087,1888
8088,1874
8089,1840
8090,1858
8091,1866
8092,1846
8093,1840
8094,1837
8095,1856
8096,1881
8097,1899
8098,1850
8099,1877
8100,1881
8101,1879
8102,1861
8103,1881
8104,1889
8105,1874
8106,1838
8107,1863
8108,1858
8109,1850
8110,1821
8111,1856
8112,1859
8113,1861
8114,1849
8115,1871
8116,1888
8117,1904
8118,1845
8119,1872
8120,1872
8121,1889
8122,1857
8123,1840
8124,1855
8125,1857
8126,1825
8127,1828
8128,1855
8129,1841
8130,1857
8131,1843
8132,1869
8133,1872
8134,1869
8135,1857
8136,1876
8137,1873
8138,1872
8139,1841
8140,1858
8141,1857
8142,1847
8143,1829
8144,1840
8145,1872
8146,1902
8147,1829
8148,1870
8149,1881
8150,1895
8151,1856
8152,1866
8153,1878
8154,1909
8155,1862
8156,1831
8157,1847
8158,1843
8159,1833
8160,1826
8161,1861
8162,1873
8163,1851
8164,1861
8165,1872
8166,1890
8167,1872
8168,1862
8169,1866
8170,1885
8171,1873
8172,1851
8173,1839
8174,1856
8175,1840
8176,1845
8177,1833
8178,1857
8179,1874
8180,1886
8181,1853
8182,1875
8183,1867
8184,1887
8185,1853
8186,1874
8187,1870
8188,1869
8189,1840
8190,1853
8191,1851
8192,1851
8193,1808
8194,1849
8195,1870
8196,1870
8197,1846
8198,1858
8199,1872
8200,1853
8201,1851
8202,1861
8203,1873
8204,1863
8205,1859
8206,1847
8207,1855
8208,1850
8209,1858
8210,1834
8211,1856
8212,1886
8213,1851
8214,1837
8215,1855
8216,1875
8217,1872
8218,1839
8219,1872
8220,1881
8221,1889
8222,1833
8223,1855
8224,1855
8225,1871
8226,1842
8227,1831
8228,1862
8229,1863
8230,1866
8231,1846
8232,1866
8233,1872
8234,1885
8235,1860
8236,1878
8237,1901
8238,1869
8239,1843
8240,1858
8241,1871
8242,1867
8243,1802
8244,1830
8245,1871
8246,1870
8247,1863
8248,1853
8249,1884
8250,1882
8251,1863
8252,1862
8253,1881
8254,1891
8255,1840
8256,1851
8257,1861
8258,1871
8259,1848
8260,1826
8261,1858
8262,1875
8263,1844
8264,1847
8265,1871
8266,1894
8267,1851
8268,1850
8269,1872
8270,1875
8271,1886
8272,1841
8273,1841
8274,1853
8275,1854
8276,1811
8277,1819
8278,1852
8279,1866
8280,1851
8281,1847
8282,1867
8283,1878
8284,1873
8285,1853
8286,1876
8287,1874
8288,1872
8289,1845
8290,1866
8291,1867
8292,1833
8293,1834
8294,1837
8295,1860
8296,1875
8297,1857
8298,1857
8299,1879
8300,1883
8301,1875
8302,1869
8303,1878
8304,1860
8305,1849
8306,1837
8307,1850
8308,1845
8309,1842
8310,1823
8311,1857
8312,1867
8313,1886
8314,1846
8315,1869
8316,1857
8317,1899
8318,1859
8319,1863
8320,1866
8321,1862
8322,1847
8323,1847
8324,1860
8325,1857
8326,1822
8327,1824
8328,1863
8329,1881
8330,1853
8331,1857
8332,1883
8333,1878
8334,1879
8335,1845
8336,1875
8337,1871
8338,1878
8339,1835
8340,1840
8341,1861
8342,1834
8343,1843
8344,1838
8345,1858
8346,1892
8347,1851
8348,1857
8349,1874
8350,1867
8351,1856
8352,1865
8353,1878
8354,1856
8355,1881
8356,1843
8357,1856
8358,1857
8359,1837
8360,1826
8361,1856
8362,1861
8363,1869
8364,1833
8365,1862
8366,1893
8367,1879
8368,1859
8369,1871
8370,1891
8371,1898
8372,1844
8373,1850
8374,1856
8375,1845
8376,1824
8377,1830
8378,1860
8379,1888
8380,1871
8381,1851
8382,1868
8383,1879
8384,1883
8385,1856
8386,1875
8387,1895
8388,1867
8389,1854
8390,1856
8391,1853
8392,1859
8393,1825
8394,1836
8395,1863
8396,1877
8397,1858
8398,1860
8399,1879
8400,1873
8401,1861
8402,1861
8403,1881
8404,1903
8405,1870
8406,1846
8407,1856
8408,1863
8409,1821
8410,1819
8411,1854
8412,1869
8413,1859
8414,1858
8415,1872
8416,1889
8417,1866
8418,1859
8419,1857
8420,1870
8421,1872
8422,1862
8423,1838
8424,1849
8425,1835
8426,1843
8427,1823
8428,1854
8429,1886
8430,1853
8431,1840
8432,1888
8433,1872
8434,1886
8435,1851
8436,1874
8437,1893
8438,1860
8439,1873
8440,1857
8441,1862
8442,1858
8443,1842
8444,1849
8445,1858
8446,1855
8447,1871
8448,1857
8449,1872
8450,1887
8451,1872
8452,1860
8453,1878
8454,1885
8455,1865
8456,1837
8457,1858
8458,1872
8459,1830
8460,1805
8461,1856
8462,1860
8463,1870
8464,1847
8465,1857
8466,1871
8467,1873
8468,1846
8469,1865
8470,1873
8471,1885
8472,1866
8473,1847
8474,1859
8475,1849
8476,1822
8477,1824
8478,1861
8479,1886
8480,1872
8481,1849
8482,1879
8483,1877
8484,1858
8485,1862
8486,1872
8487,1875
8488,1856
8489,1857
8490,1855
8491,1846
8492,1856
8493,1815
8494,1841
8495,1856
8496,1859
8497,1874
8498,1865
8499,1883
8500,1859
8501,1863
8502,1858
8503,1881
8504,1872
8505,1859
8506,1842
8507,1865
8508,1859
8509,1850
8510,1810
8511,1857
8512,1866
8513,1853
8514,1831
8515,1857
8516,1878
8517,1857
8518,1841
8519,1866
8520,1871
8521,1856
8522,1827
8523,1847
8524,1863
8525,1840
8526,1840
8527,1834
8528,1856
8529,1841
8530,1854
8531,1850
8532,1890
8533,1878
8534,1859
8535,1859
8536,1878
8537,1872
8538,1855
8539,1866
8540,1851
8541,1858
8542,1879
8543,1814
8544,1842
8545,1863
8546,1874
8547,1817
8548,1855
8549,1869
8550,1871
8551,1867
8552,1860
8553,1882
8554,1883
8555,1867
8556,1840
8557,1853
8558,1834
8559,1830
8560,1803
8561,1858
8562,1863
8563,1861
8564,1842
8565,1862
8566,1873
8567,1890
8568,1856
8569,1862
8570,1887
8571,1874
8572,1870
8573,1846
8574,1857
8575,1869
8576,1844
8577,1815
8578,1853
8579,1857
8580,1861
8581,1846
8582,1877
8583,1886
8584,1862
8585,1863
8586,1872
8587,1866
8588,1857
8589,1868
8590,1842
8591,1854
8592,1841
8593,1824
8594,1840
8595,1866
8596,1887
8597,1840
8598,1859
8599,1873
8600,1879
8601,1878
8602,1858
8603,1882
8604,1876
8605,1858
8606,1830
8607,1843
8608,1837
8609,1829
8610,1824
8611,1857
8612,1862
8613,1842
8614,1862
8615,1856
8616,1871
8617,1869
8618,1854
8619,1873
8620,1877
8621,1898
8622,1849
8623,1840
8624,1853
8625,1851
8626,1840
8627,1823
8628,1857
8629,1891
8630,1862
8631,1850
8632,1861
8633,1882
8634,1867
8635,1873
8636,1862
8637,1871
8638,1870
8639,1845
8640,1842
8641,1868
8642,1824
8643,1840
8644,1840
8645,1869
8646,1872
8647,1849
8648,1851
8649,1881
8650,1894
8651,1870
8652,1859
8653,1879
8654,1895
8655,1859
8656,1842
8657,1856
8658,1863
8659,1831
8660,1833
8661,1857
8662,1860
8663,1882
8664,1859
8665,1856
8666,1878
8667,1894
8668,1860
8669,1870
8670,1882
8671,1874
8672,1824
8673,1844
8674,1854
8675,1855
8676,1840
8677,1833
8678,1863
8679,1875
8680,1861
8681,1854
8682,1873
8683,1895
8684,1870
8685,1863
8686,1869
8687,1876
8688,1847
8689,1857
8690,1849
8691,1842
8692,1849
8693,1823
8694,1835
8695,1857
8696,1871
8697,1839
8698,1845
8699,1872
8700,1875
8701,1867
8702,1865
8703,1882
8704,1877
8705,1866
8706,1834
8707,1863
8708,1872
8709,1833
8710,1820
8711,1854
8712,1856
8713,1870
8714,1859
8715,1857
8716,1871
8717,1885
8718,1872
8719,1869
8720,1883
8721,1872
8722,1879
8723,1841
8724,1862
8725,1850
8726,1825
8727,1811
8728,1854
8729,1863
8730,1858
8731,1849
8732,1872
8733,1872
8734,1870
8735,1845
8736,1875
8737,1870
8738,1879
8739,1835
8740,1856
8741,1845
8742,1840
8743,1841
8744,1835
8745,1858
8746,1870
8747,1863
8748,1865
8749,1887
8750,1874
8751,1870
8752,1858
8753,1878
8754,1872
8755,1869
8756,1840
8757,1846
8758,1839
8759,1827
8760,1807
8761,1851
8762,1871
8763,1866
8764,1871
8765,1866
8766,1887
8767,1868
8768,1860
8769,1872
8770,1872
8771,1885
8772,1879
8773,1846
8774,1851
8775,1841
8776,1841
8777,1822
8778,1865
8779,1873
8780,1852
8781,1845
8782,1882
8783,1881
8784,1876
8785,1844
8786,1867
8787,1871
8788,1872
8789,1833
8790,1853
8791,1853
8792,1877
8793,1820
8794,1840
8795,1861
8796,1873
8797,2516
8798,839
8799,1984
8800,2001
8801,1973
8802,2039
8803,2076
8804,1931
8805,1846
8806,2000
8807,2380
8808,2177
8809,1838
8810,1659
8811,1777
8812,1873
8813,1910
8814,1867
8815,1879
8816,1922
8817,1909
8818,1901
8819,1897
8820,1883
8821,1885
8822,1803
8823,1808
8824,1785
8825,1793
8826,1776
8827,1791
8828,1999
8829,526
8830,1858
8831,1993
8832,2069
8833,2154
8834,2081
8835,1863
8836,1826
8837,2097
8838,2213
8839,1936
8840,1715
8841,1766
8842,1845
8843,1889
8844,1872
8845,1888
8846,1904
8847,1905
8848,1881
8849,1895
8850,1878
8851,1868
8852,1845
8853,1861
8854,1856
8855,1829
8856,1822
8857,1835
8858,1847
8859,1904
8860,400
8861,1851
8862,2064
8863,2210
8864,2330
8865,2190
8866,2111
8867,1999
8868,1936
8869,1833
8870,1642
8871,1650
8872,1738
8873,1843
8874,1862
8875,1902
8876,1887
8877,1865
8878,1888
8879,1909
8880,1883
8881,1866
8882,1872
8883,1872
8884,1833
8885,1819
8886,1837
8887,1845
8888,1863
8889,1854
8890,1862
8891,139
8892,1762
8893,2055
8894,2309
8895,2624
8896,2590
8897,2425
8898,2023
8899,1737
8900,1520
8901,1282
8902,1338
8903,1586
8904,1727
8905,1843
8906,1901
8907,1921
8908,1888
8909,1889
8910,1867
8911,1897
8912,1894
8913,1872
8914,1894
8915,1849
8916,1868
8917,1893
8918,1841
8919,1867
8920,1887
8921,1901
8922,31
8923,1642
8924,2112
8925,2447
8926,2527
8927,2535
8928,2471
8929,1945
8930,1679
8931,1459
8932,1356
8933,1401
8934,1570
8935,1728
8936,1884
8937,1936
8938,1956
8939,1898
8940,1904
8941,1921
8942,1910
8943,1879
8944,1863
8945,1840
8946,1810
8947,1808
8948,1808
8949,1856
8950,1872
8951,1901
8952,1875
8953,0
8954,1683
8955,2193
8956,2722
8957,3119
8958,3087
8959,2599
8960,1744
8961,1399
8962,1170
8963,1017
8964,1023
8965,1308
8966,1647
8967,1840
8968,1891
8969,1916
8970,1941
8971,1951
8972,1937
8973,1923
8974,1989
8975,1984
8976,1914
8977,1729
8978,1744
8979,1833
8980,1834
8981,1853
8982,1863
8983,1894
8984,245
8985,1505
8986,2352
8987,3297
8988,3374
8989,3190
8990,2920
8991,1894
8992,1289
8993,830
8994,551
8995,672
8996,1212
8997,1647
8998,1808
8999,1893
9000,1952
9001,1967
9002,1933
9003,1935
9004,1910
9005,1890
9006,1878
9007,1879
9008,1878
9009,1882
9010,1870
9011,1889
9012,1914
9013,1939
9014,1903
9015,428
9016,1524
9017,2407
9018,3564
9019,3328
9020,3071
9021,2868
9022,2067
9023,1194
9024,535
9025,82
9026,397
9027,1200
9028,1692
9029,1853
9030,1905
9031,1921
9032,1969
9033,1998
9034,2003
9035,1949
9036,1946
9037,1932
9038,1940
9039,1909
9040,1913
9041,1929
9042,1923
9043,1889
9044,1919
9045,1925
9046,1170
9047,1287
9048,2341
9049,3559
9050,3390
9051,3130
9052,2905
9053,1938
9054,1123
9055,430
9056,16
9057,492
9058,1295
9059,1699
9060,1840
9061,1936
9062,1979
9063,1977
9064,1981
9065,1979
9066,1975
9067,1980
9068,1979
9069,1959
9070,1963
9071,1952
9072,1936
9073,1916
9074,1946
9075,1965
9076,1939
9077,2100
9078,1214
9079,2245
9080,3569
9081,3330
9082,3092
9083,2907
9084,1937
9085,1106
9086,336
9087,0
9088,630
9089,1371
9090,1746
9091,1903
9092,1967
9093,1955
9094,1983
9095,1998
9096,2019
9097,1954
9098,1931
9099,1969
9100,2030
9101,2030
9102,1907
9103,1942
9104,1958
9105,1947
9106,1925
9107,1927
9108,2559
9109,819
9110,1984
9111,3469
9112,3407
9113,3169
9114,2978
9115,1943
9116,1168
9117,348
9118,17
9119,648
9120,1403
9121,1791
9122,1904
9123,1941
9124,1991
9125,1997
9126,1983
9127,1946
9128,1954
9129,1959
9130,1949
9131,1931
9132,1915
9133,1921
9134,1929
9135,1967
9136,1987
9137,1990
9138,1956
9139,2243
9140,660
9141,1998
9142,3330
9143,3436
9144,3143
9145,2931
9146,1936
9147,1133
9148,354
9149,0
9150,704
9151,1397
9152,1746
9153,1916
9154,1998
9155,1982
9156,1994
9157,1987
9158,1973
9159,1936
9160,1904
9161,1950
9162,1955
9163,1963
9164,1935
9165,1951
9166,1983
9167,1950
9168,1936
9169,1942
9170,2097
9171,574
9172,1927
9173,3210
9174,3443
9175,3165
9176,2923
9177,1946
9178,1052
9179,212
9180,0
9181,781
9182,1477
9183,1790
9184,1938
9185,1971
9186,2011
9187,2026
9188,1987
9189,1958
9190,1953
9191,1966
9192,1947
9193,1923
9194,1934
9195,1964
9196,1962
9197,1911
9198,1943
9199,1968
9200,1953
9201,1939
9202,128
9203,1879
9204,3159
9205,3481
9206,3138
9207,2963
9208,2005
9209,1075
9210,361
9211,0
9212,704
9213,1408
9214,1722
9215,1901
9216,1982
9217,2003
9218,1978
9219,1995
9220,1986
9221,2009
9222,1951
9223,1961
9224,1961
9225,1962
9226,1937
9227,1922
9228,1938
9229,1958
9230,1939
9231,1920
9232,1942
9233,67
9234,1777
9235,2800
9236,3461
9237,3248
9238,2996
9239,2182
9240,1198
9241,387
9242,51
9243,666
9244,1375
9245,1761
9246,1904
9247,1978
9248,1983
9249,2000
9250,2017
9251,1983
9252,1968
9253,1980
9254,1981
9255,1965
9256,1936
9257,1950
9258,1939
9259,1924
9260,1884
9261,1930
9262,1936
9263,1941
9264,0
9265,1709
9266,2779
9267,3521
9268,3225
9269,2993
9270,2257
9271,1151
9272,371
9273,48
9274,743
9275,1392
9276,1732
9277,1870
9278,1962
9279,2000
9280,1989
9281,1984
9282,1979
9283,2002
9284,1972
9285,1968
9286,1968
9287,1974
9288,1959
9289,1970
9290,1938
9291,1915
9292,1918
9293,1904
9294,1901
9295,43
9296,1605
9297,2513
9298,3536
9299,3283
9300,3042
9301,2559
9302,1337
9303,493
9304,2
9305,607
9306,1253
9307,1651
9308,1840
9309,1954
9310,1936
9311,1977
9312,1986
9313,1994
9314,1949
9315,1968
9316,1949
9317,1971
9318,1915
9319,1931
9320,1963
9321,2007
9322,1980
9323,1950
9324,1930
9325,1936
9326,538
9327,1388
9328,2432
9329,3577
9330,3253
9331,3024
9332,2491
9333,1264
9334,481
9335,0
9336,663
9337,1344
9338,1681
9339,1878
9340,1941
9341,1971
9342,1984
9343,1959
9344,1957
9345,1972
9346,1973
9347,1965
9348,1965
9349,2000
9350,1963
9351,2020
9352,1947
9353,1955
9354,1949
9355,1944
9356,1907
9357,1200
9358,1314
9359,2274
9360,3539
9361,3291
9362,3071
9363,2750
9364,1296
9365,527
9366,0
9367,471
9368,1234
9369,1651
9370,1875
9371,1983
9372,1990
9373,1993
9374,2004
9375,2006
9376,1981
9377,1975
9378,2014
9379,1991
9380,1897
9381,1897
9382,1915
9383,1990
9384,2001
9385,1955
9386,1962
9387,1950
9388,2062
9389,1057
9390,2181
9391,3603
9392,3333
9393,3120
9394,2854
9395,1329
9396,495
9397,0
9398,427
9399,1235
9400,1658
9401,1875
9402,1949
9403,2023
9404,2045
9405,2047
9406,1994
9407,2006
9408,1995
9409,1936
9410,1933
9411,1962
9412,1982
9413,1979
9414,1957
9415,1952
9416,1962
9417,1936
9418,1931
9419,1936
9420,1931
9421,1919
9422,1917
9423,1898
9424,1878
9425,1878
9426,1865
9427,1846
9428,1877
9429,1891
9430,1856
9431,1852
9432,1877
9433,1887
9434,1903
9435,1846
9436,1875
9437,1871
9438,1873
9439,1835
9440,1846
9441,1858
9442,1845
9443,1854
9444,1833
9445,1857
9446,1899
9447,1879
9448,1850
9449,1873
9450,1875
9451,1876
9452,1841
9453,1862
9454,1871
9455,1861
9456,1844
9457,1861
9458,1869
9459,1875
9460,1819
9461,1851
9462,1858
9463,1854
9464,1872
9465,1872
9466,1889
9467,1879
9468,1878
9469,1872
9470,1874
9471,1870
9472,1837
9473,1813
9474,1845
9475,1867
9476,1853
9477,1829
9478,1847
9479,1859
9480,1850
9481,1840
9482,1862
9483,1872
9484,1831
9485,1845
9486,1873
9487,1882
9488,1860
9489,1856
9490,1851
9491,1861
9492,1857
9493,1856
9494,1849
9495,1876
9496,1867
9497,1878
9498,1838
9499,1854
9500,1843
9501,1856
9502,1847
9503,1872
9504,1874
9505,1853
9506,1831
9507,1849
9508,1855
9509,1817
9510,1823
9511,1840
9512,1863
9513,1890
9514,1853
9515,1856
9516,1872
9517,1877
9518,1855
9519,1871
9520,1879
9521,1861
9522,1873
9523,1850
9524,1861
9525,1865
9526,1831
9527,1836
9528,1869
9529,1891
9530,1872
9531,1840
9532,1863
9533,1866
9534,1868
9535,1852
9536,1854
9537,1869
9538,1872
9539,1859
9540,1843
9541,1857
9542,1849
9543,1818
9544,1828
9545,1869
9546,1863
9547,1840
9548,1860
9549,1873
9550,1877
9551,1883
9552,1857
9553,1883
9554,1894
9555,1862
9556,1835
9557,1852
9558,1845
9559,1842
9560,1815
9561,1841
9562,1863
9563,1884
9564,1890
9565,1856
9566,1868
9567,1847
9568,1861
9569,1866
9570,1879
9571,1886
9572,1863
9573,1838
9574,1858
9575,1857
9576,1857
9577,1825
9578,1857
9579,1870
9580,1854
9581,1857
9582,1866
9583,1872
9584,1879
9585,1870
9586,1869
9587,1877
9588,1881
9589,1825
9590,1845
9591,1855
9592,1877
9593,1817
9594,1822
9595,1859
9596,1874
9597,1875
9598,1845
9599,1872
9600,1867
9601,1883
9602,1862
9603,1877
9604,1899
9605,1883
9606,1839
9607,1846
9608,1862
9609,1845
9610,1809
9611,1840
9612,1870
9613,1868
9614,1827
9615,1867
9616,1886
9617,1867
9618,1868
9619,1872
9620,1883
9621,1859
9622,1856
9623,1819
9624,1849
9625,1854
9626,1813
9627,1814
9628,1853
9629,1870
9630,1847
9631,1849
9632,1859
9633,1874
9634,1911
9635,1857
9636,1872
9637,1887
9638,1872
9639,1883
9640,1843
9641,1856
9642,1847
9643,1851
9644,1840
9645,1871
9646,1879
9647,1847
9648,1846
9649,1887
9650,1883
9651,1878
9652,1841
9653,1869
9654,1873
9655,1869
9656,1856
9657,1838
9658,1867
9659,1834
9660,1834
9661,1837
9662,1853
9663,1879
9664,1865
9665,1869
9666,1890
9667,1875
9668,1872
9669,1855
9670,1883
9671,1862
9672,1874
9673,1855
9674,1873
9675,1874
9676,1863
9677,1814
9678,1858
9679,1872
9680,1852
9681,1871
9682,1863
9683,1883
9684,1858
9685,1853
9686,1869
9687,1880
9688,1858
9689,1839
9690,1855
9691,1856
9692,1856
9693,1835
9694,1830
9695,1863
9696,1881
9697,1847
9698,1844
9699,1872
9700,1891
9701,1891
9702,1871
9703,1893
9704,1886
9705,1872
9706,1795
9707,1827
9708,1818
9709,1830
9710,1814
9711,1855
9712,1863
9713,1866
9714,1840
9715,1838
9716,1859
9717,1879
9718,1851
9719,1854
9720,1876
9721,1895
9722,1885
9723,1851
9724,1859
9725,1851
9726,1857
9727,1818
9728,1855
9729,1869
9730,1877
9731,1833
9732,1869
9733,1890
9734,1893
9735,1887
9736,1884
9737,1885
9738,1867
9739,1869
9740,1849
9741,1855
9742,1850
9743,1833
9744,1825
9745,1857
9746,1895
9747,1840
9748,1851
9749,1872
9750,1877
9751,1899
9752,1853
9753,1875
9754,1878
9755,1862
9756,1851
9757,1846
9758,1859
9759,1869
9760,1845
9761,1841
9762,1871
9763,1872
9764,1849
9765,1862
9766,1889
9767,1873
9768,1859
9769,1855
9770,1875
9771,1890
9772,1839
9773,1855
9774,1841
9775,1848
9776,1826
9777,1809
9778,1841
9779,1859
9780,1857
9781,1852
9782,1879
9783,1877
9784,1870
9785,1848
9786,1872
9787,1877
9788,1870
9789,1851
9790,1847
9791,1872
9792,1850
9793,1827
9794,1831
9795,1861
9796,1863
9797,1871
9798,1856
9799,1869
9800,1893
9801,1858
9802,1863
9803,1872
9804,1882
9805,1869
9806,1834
9807,1842
9808,1861
9809,1835
9810,1814
9811,1851
9812,1862
9813,1861
9814,1853
9815,1856
9816,1867
9817,1869
9818,1872
9819,1867
9820,1883
9821,1888
9822,1856
9823,1835
9824,1853
9825,1851
9826,1872
9827,1827
9828,1861
9829,1883
9830,1886
9831,1858
9832,1861
9833,1865
9834,1859
9835,1856
9836,1887
9837,1892
9838,1888
9839,1839
9840,1828
9841,1842
9842,1855
9843,1818
9844,1824
9845,1859
9846,1890
9847,1855
9848,1839
9849,1882
9850,1870
9851,1856
9852,1868
9853,1875
9854,1873
9855,1862
9856,1841
9857,1847
9858,1862
9859,1853
9860,1837
9861,1840
9862,1872
9863,1866
9864,1874
9865,1847
9866,1882
9867,1872
9868,1869
9869,1865
9870,1878
9871,1884
9872,1863
9873,1837
9874,1851
9875,1853
9876,1826
9877,1842
9878,1855
9879,1874
9880,1859
9881,1861
9882,1869
9883,1885
9884,1875
9885,1863
9886,1869
9887,1883
9888,1866
9889,1842
9890,1842
9891,1855
9892,1853
9893,1829
9894,1823
9895,1854
9896,1862
9897,1871
9898,1840
9899,1872
9900,1883
9901,1878
9902,1851
9903,1881
9904,1869
9905,1866
9906,1856
9907,1856
9908,1856
9909,1842
9910,1824
9911,1839
9912,1859
9913,1845
9914,1857
9915,1856
9916,1883
9917,1899
9918,1876
9919,1865
9920,1885
9921,1879
9922,1837
9923,1837
9924,1859
9925,1858
9926,1843
9927,1814
9928,1846
9929,1869
9930,1859
9931,1853
9932,1859
9933,1866
9934,1892
9935,1863
9936,1869
9937,1883
9938,1885
9939,1859
9940,1843
9941,1872
9942,1857
9943,1836
9944,1829
9945,1859
9946,1861
9947,1852
9948,1858
9949,1876
9950,1871
9951,1883
9952,1857
9953,1872
9954,1870
9955,1874
9956,1846
9957,1841
9958,1841
9959,1847
9960,1808
9961,1847
9962,1872
9963,1863
9964,1861
9965,1857
9966,1874
9967,1905
9968,1856
9969,1863
9970,1878
9971,1891
9972,1841
9973,1841
9974,1845
9975,1858
9976,1866
9977,1834
9978,1861
9979,1869
9980,1870
9981,1859
9982,1867
9983,1872
9984,1869
9985,1856
9986,1863
9987,1890
9988,1881
9989,1855
9990,1841
9991,1859
9992,1842
9993,1835
9994,1830
9995,1861
9996,1885
9997,1847
9998,1856
9999,1872
10000,1893
10001,1875
10002,1851
10003,1884
10004,1887
10005,1866
10006,1873
10007,1855
10008,1859
10009,1845
10010,1836
10011,1840
10012,1867
10013,1882
10014,1835
10015,1854
10016,1875
10017,1869
10018,1854
10019,1859
10020,1877
10021,1881
10022,1858
10023,1835
10024,1846
10025,1851
10026,1839
10027,1853
10028,1865
10029,1887
10030,1872
10031,1899
10032,1872
10033,1904
10034,1873
10035,1863
10036,1877
10037,1893
10038,1890
10039,1870
10040,1851
10041,1863
10042,1861
10043,1840
10044,1823
10045,1856
10046,1874
10047,1883
10048,1845
10049,1871
10050,1862
10051,1871
10052,1898
10053,1883
10054,1881
10055,1885
10056,1860
10057,1859
10058,1851
10059,1831
10060,1811
10061,1839
10062,1866
10063,1872
10064,1825
10065,1855
10066,1874
10067,1888
10068,1856
10069,1872
10070,1888
10071,1885
10072,1873
10073,1852
10074,1862
10075,1867
10076,1840
10077,1817
10078,1854
10079,1882
10080,1861
10081,1856
10082,1871
10083,1884
10084,1884
10085,1873
10086,1898
10087,1903
10088,1913
10089,1872
10090,1850
10091,1856
10092,1838
10093,1831
10094,1811
10095,1851
10096,1872
10097,1873
10098,1852
10099,1873
10100,1891
10101,1889
10102,1843
10103,1888
10104,1878
10105,1874
10106,1830
10107,1841
10108,1863
10109,1855
10110,1819
10111,1839
10112,1863
10113,1885
10114,1856
10115,1869
10116,1919
10117,1891
10118,1863
10119,1856
10120,1879
10121,1865
10122,1863
10123,1839
10124,1853
10125,1840
10126,1835
10127,1817
10128,1853
10129,1854
10130,1885
10131,1853
10132,1868
10133,1903
10134,1906
10135,1863
10136,1869
10137,1876
10138,1878
10139,1862
10140,1839
10141,1851
10142,1851
10143,1806
10144,1823
10145,1859
10146,1871
10147,1856
10148,1847
10149,1873
10150,1898
10151,1875
10152,1871
10153,1872
10154,1877
10155,1866
10156,1835
10157,1858
10158,1889
10159,1896
10160,1872
10161,1859
10162,1872
10163,1866
10164,1813
10165,1808
10166,1827
10167,1862
10168,1847
10169,1856
10170,1889
10171,1895
10172,1867
10173,1850
10174,1847
10175,1857
10176,1846
10177,1831
10178,1853
10179,1877
10180,1872
10181,1886
10182,1871
10183,1875
10184,1875
10185,1867
10186,1871
10187,1885
10188,1898
10189,1866
10190,1842
10191,1846
10192,1846
10193,1842
10194,1819
10195,1855
10196,1853
10197,1875
10198,1838
10199,1882
10200,1892
10201,1896
10202,1851
10203,1873
10204,1874
10205,1879
10206,1875
10207,1861
10208,1863
10209,1867
10210,1798
10211,1838
10212,1867
10213,1855
10214,1814
10215,1857
10216,1874
10217,1887
10218,1875
10219,1862
10220,1875
10221,1889
10222,1866
10223,1840
10224,1840
10225,1851
10226,1840
10227,1841
10228,1856
10229,1869
10230,1856
10231,1846
10232,1871
10233,1879
10234,1885
10235,1872
10236,1873
10237,1872
10238,1883
10239,1843
10240,1840
10241,1870
10242,1863
10243,1851
10244,1824
10245,1858
10246,1875
10247,1871
10248,1863
10249,1875
10250,1882
10251,1911
10252,1877
10253,1872
10254,1870
10255,1872
10256,1891
10257,1850
10258,1846
10259,1813
10260,1840
10261,1842
10262,1865
10263,1870
10264,1856
10265,1860
10266,1875
10267,1873
10268,1887
10269,1863
10270,1881
10271,1875
10272,1874
10273,1852
10274,1847
10275,1863
10276,1827
10277,1808
10278,1854
10279,1869
10280,1880
10281,1872
10282,1862
10283,1888
10284,1867
10285,1866
10286,1859
10287,1861
10288,1870
10289,1847
10290,1833
10291,1859
10292,1856
10293,1841
10294,1835
10295,1858
10296,1883
10297,1847
10298,1851
10299,1878
10300,1879
10301,1899
10302,1879
10303,1890
10304,1890
10305,1872
10306,1840
10307,1855
10308,1858
10309,1877
10310,1814
10311,1826
10312,1855
10313,1872
10314,1826
10315,1857
10316,1887
10317,1879
10318,1894
10319,1865
10320,1875
10321,1892
10322,1860
10323,1841
10324,1856
10325,1866
10326,1818
10327,1799
10328,1857
10329,1861
10330,1865
10331,1831
10332,1867
10333,1879
10334,1863
10335,1877
10336,1873
10337,1887
10338,1885
10339,1846
10340,1845
10341,1859
10342,1839
10343,1824
10344,1826
10345,1857
10346,1861
10347,1866
10348,1856
10349,1874
10350,1875
10351,1872
10352,1873
10353,1891
10354,1893
10355,1855
10356,1841
10357,1846
10358,1843
10359,1821
10360,1854
10361,1836
10362,1868
10363,1883
10364,1869
10365,1871
10366,1898
10367,1869
10368,1820
10369,1854
10370,1877
10371,1880
10372,1872
10373,1845
10374,1856
10375,1851
10376,1814
10377,1816
10378,1855
10379,1875
10380,1862
10381,1813
10382,1863
10383,1875
10384,1874
10385,1869
10386,1872
10387,1892
10388,1895
10389,1849
10390,1843
10391,1857
10392,1850
10393,1835
10394,1824
10395,1856
10396,1873
10397,1856
10398,1847
10399,1875
10400,1885
10401,1886
10402,1858
10403,1869
10404,1878
10405,1859
10406,1821
10407,1846
10408,1854
10409,1856
10410,1817
10411,1839
10412,1855
10413,1874
10414,2333
10415,1009
10416,1990
10417,1856
10418,1727
10419,1758
10420,1857
10421,1899
10422,2134
10423,2629
10424,2651
10425,2122
10426,1783
10427,1741
10428,1822
10429,1874
10430,1905
10431,1922
10432,1887
10433,1908
10434,1890
10435,1855
10436,1861
10437,1856
10438,1853
10439,1805
10440,1779
10441,1797
10442,1808
10443,1815
10444,1803
10445,2434
10446,854
10447,1888
10448,1840
10449,1760
10450,1840
10451,1899
10452,1946
10453,2350
10454,2693
10455,2341
10456,1861
10457,1718
10458,1799
10459,1840
10460,1826
10461,1845
10462,1873
10463,1899
10464,1853
10465,1856
10466,1878
10467,1874
10468,1833
10469,1819
10470,1838
10471,1842
10472,1798
10473,1789
10474,1808
10475,1821
10476,2298
10477,651
10478,1843
10479,1906
10480,1872
10481,1903
10482,1856
10483,1939
10484,2337
10485,2459
10486,2090
10487,1824
10488,1810
10489,1871
10490,1902
10491,1895
10492,1874
10493,1867
10494,1847
10495,1884
10496,1887
10497,1852
10498,1840
10499,1837
10500,1838
10501,1823
10502,1810
10503,1824
10504,1831
10505,1840
10506,1809
10507,1866
10508,368
10509,1843
10510,1890
10511,1936
10512,1977
10513,1951
10514,2143
10515,2377
10516,2199
10517,1815
10518,1710
10519,1776
10520,1907
10521,1938
10522,1893
10523,1881
10524,1894
10525,1904
10526,1881
10527,1817
10528,1830
10529,1813
10530,1802
10531,1810
10532,1859
10533,1863
10534,1854
10535,1862
10536,1853
10537,1862
10538,1893
10539,106
10540,1719
10541,2026
10542,2087
10543,1924
10544,1889
10545,2252
10546,2316
10547,2076
10548,1863
10549,1759
10550,1810
10551,1872
10552,1901
10553,1919
10554,1922
10555,1926
10556,1882
10557,1882
10558,1872
10559,1872
10560,1809
10561,1803
10562,1810
10563,1825
10564,1829
10565,1821
10566,1847
10567,1861
10568,1872
10569,1858
10570,57
10571,1782
10572,2068
10573,2151
10574,2032
10575,2140
10576,2466
10577,2029
10578,1841
10579,1731
10580,1678
10581,1735
10582,1802
10583,1874
10584,1910
10585,1902
10586,1909
10587,1913
10588,1904
10589,1881
10590,1834
10591,1825
10592,1840
10593,1851
10594,1803
10595,1831
10596,1853
10597,1852
10598,1843
10599,1872
10600,1887
10601,0
10602,1626
10603,2105
10604,2358
10605,2269
10606,2416
10607,2515
10608,1915
10609,1756
10610,1530
10611,1501
10612,1607
10613,1726
10614,1845
10615,1858
10616,1913
10617,1919
10618,1934
10619,1893
10620,1904
10621,1889
10622,1836
10623,1776
10624,1809
10625,1842
10626,1802
10627,1825
10628,1853
10629,1874
10630,1890
10631,1840
10632,16
10633,1614
10634,2148
10635,2707
10636,2762
10637,2830
10638,2503
10639,1728
10640,1358
10641,1196
10642,1187
10643,1453
10644,1670
10645,1802
10646,1851
10647,1872
10648,1872
10649,1920
10650,1929
10651,1891
10652,1866
10653,1825
10654,1855
10655,1849
10656,1839
10657,1855
10658,1878
10659,1878
10660,1861
10661,1861
10662,1895
10663,385
10664,1456
10665,2152
10666,3085
10667,3263
10668,3115
10669,2720
10670,1716
10671,1293
10672,944
10673,918
10674,1130
10675,1412
10676,1638
10677,1753
10678,1840
10679,1910
10680,1910
10681,1873
10682,1888
10683,1875
10684,1889
10685,1877
10686,1819
10687,1824
10688,1866
10689,1914
10690,1927
10691,1949
10692,1935
10693,1872
10694,1178
10695,1346
10696,2208
10697,3453
10698,3301
10699,3056
10700,2887
10701,2256
10702,1074
10703,368
10704,262
10705,589
10706,1297
10707,1709
10708,1871
10709,1904
10710,1901
10711,1921
10712,1952
10713,1955
10714,1887
10715,1878
10716,1917
10717,1951
10718,1937
10719,1919
10720,1947
10721,1949
10722,1937
10723,1918
10724,1927
10725,2160
10726,1130
10727,2128
10728,3519
10729,3363
10730,3107
10731,2903
10732,2116
10733,950
10734,203
10735,80
10736,622
10737,1399
10738,1808
10739,1926
10740,1953
10741,1977
10742,1984
10743,1979
10744,1939
10745,1968
10746,1997
10747,1984
10748,1901
10749,1936
10750,1955
10751,1962
10752,1943
10753,1958
10754,1953
10755,1967
10756,2659
10757,1018
10758,2112
10759,3498
10760,3362
10761,3119
10762,2901
10763,2035
10764,810
10765,42
10766,0
10767,681
10768,1414
10769,1811
10770,1965
10771,2022
10772,2000
10773,1999
10774,2009
10775,1998
10776,1966
10777,1926
10778,1950
10779,1951
10780,1936
10781,1936
10782,1943
10783,1967
10784,1951
10785,1949
10786,1958
10787,2432
10788,827
10789,2037
10790,3376
10791,3376
10792,3155
10793,2958
10794,1978
10795,813
10796,130
10797,122
10798,773
10799,1482
10800,1833
10801,1933
10802,1982
10803,2020
10804,2035
10805,2029
10806,1983
10807,1965
10808,1963
10809,1949
10810,1931
10811,1919
10812,1938
10813,1945
10814,1914
10815,1936
10816,1954
10817,1975
10818,2469
10819,627
10820,2002
10821,3371
10822,3407
10823,3125
10824,2929
10825,1815
10826,816
10827,176
10828,174
10829,917
10830,1507
10831,1808
10832,1923
10833,1984
10834,2031
10835,2039
10836,2006
10837,2011
10838,2000
10839,1963
10840,1934
10841,1952
10842,1936
10843,1950
10844,1887
10845,1926
10846,1959
10847,1943
10848,1925
10849,1922
10850,338
10851,1893
10852,3216
10853,3501
10854,3165
10855,2958
10856,2160
10857,886
10858,103
10859,49
10860,747
10861,1435
10862,1807
10863,1956
10864,1993
10865,1998
10866,2034
10867,2033
10868,2026
10869,1973
10870,1984
10871,1973
10872,1970
10873,1918
10874,1942
10875,1939
10876,1902
10877,1904
10878,1919
10879,1937
10880,1911
10881,63
10882,1774
10883,3120
10884,3472
10885,3223
10886,2992
10887,2174
10888,813
10889,49
10890,57
10891,793
10892,1430
10893,1793
10894,1899
10895,1986
10896,2029
10897,2031
10898,2034
10899,2022
10900,2023
10901,2016
10902,1975
10903,1981
10904,1983
10905,1954
10906,1971
10907,1937
10908,1963
10909,1942
10910,1915
10911,1904
10912,0
10913,1776
10914,2855
10915,3504
10916,3223
10917,3002
10918,2254
10919,911
10920,112
10921,86
10922,803
10923,1417
10924,1781
10925,1929
10926,1963
10927,1973
10928,2015
10929,2035
10930,2029
10931,1965
10932,1979
10933,1995
10934,1970
10935,1970
10936,1946
10937,1966
10938,1981
10939,1957
10940,1920
10941,1936
10942,1921
10943,0
10944,1571
10945,2815
10946,3555
10947,3278
10948,3003
10949,2284
10950,917
10951,142
10952,149
10953,877
10954,1488
10955,1822
10956,1934
10957,1965
10958,2000
10959,2011
10960,1994
10961,1973
10962,1983
10963,1974
10964,1946
10965,1947
10966,1958
10967,1968
10968,1967
10969,1931
10970,1953
10971,1964
10972,1946
10973,1946
10974,208
10975,1535
10976,2496
10977,3514
10978,3283
10979,3023
10980,2539
10981,1032
10982,272
10983,87
10984,757
10985,1394
10986,1759
10987,1911
10988,1980
10989,2000
10990,1997
10991,2001
10992,1991
10993,1968
10994,1906
10995,1950
10996,1971
10997,1951
10998,1919
10999,1947
11000,1947
11001,1962
11002,1920
11003,1935
11004,1942
11005,718
11006,1325
11007,2354
11008,3604
11009,3342
11010,3101
11011,2759
11012,1200
11013,312
11014,6
11015,567
11016,1307
11017,1725
11018,1965
11019,1968
11020,2012
11021,2045
11022,2021
11023,2000
11024,1998
11025,1983
11026,1951
11027,1923
11028,1915
11029,1953
11030,1939
11031,1943
11032,1938
11033,1965
11034,1938
11035,1947
11036,1923
11037,1933
11038,1942
11039,1917
11040,1875
11041,1890
11042,1872
11043,1871
11044,1847
11045,1873
11046,1902
11047,1888
11048,1847
11049,1858
11050,1889
11051,1904
11052,1875
11053,1881
11054,1887
11055,1886
11056,1885
11057,1840
11058,1858
11059,1857
11060,1846
11061,1823
11062,1855
11063,1856
11064,1841
11065,1840
11066,1875
11067,1854
11068,1870
11069,1858
11070,1872
11071,1885
11072,1872
11073,1858
11074,1858
11075,1849
11076,1868
11077,1830
11078,1839
11079,1856
11080,1855
11081,1825
11082,1863
11083,1876
11084,1867
11085,1887
11086,1856
11087,1872
11088,1882
11089,1879
11090,1834
11091,1857
11092,1865
11093,1823
11094,1808
11095,1845
11096,1857
11097,1861
11098,1834
11099,1875
11100,1879
11101,1857
11102,1853
11103,1869
11104,1872
11105,1903
11106,1840
11107,1841
11108,1857
11109,1863
11110,1821
11111,1828
11112,1857
11113,1860
11114,1861
11115,1856
11116,1871
11117,1857
11118,1862
11119,1854
11120,1866
11121,1870
11122,1841
11123,1849
11124,1844
11125,1837
11126,1841
11127,1822
11128,1843
11129,1853
11130,1841
11131,1809
11132,1855
11133,1869
11134,1872
11135,1881
11136,1867
11137,1879
11138,1887
11139,1855
11140,1854
11141,1868
11142,1862
11143,1844
11144,1817
11145,1861
11146,1872
11147,1859
11148,1846
11149,1868
11150,1893
11151,1888
11152,1863
11153,1872
11154,1872
11155,1873
11156,1854
11157,1886
11158,1899
11159,1883
11160,1855
11161,1816
11162,1809
11163,1811
11164,1771
11165,1814
11166,1867
11167,1874
11168,1903
11169,1872
11170,1888
11171,1890
11172,1879
11173,1840
11174,1842
11175,1853
11176,1858
11177,1835
11178,1829
11179,1857
11180,1855
11181,1851
11182,1856
11183,1867
11184,1899
11185,1843
11186,1853
11187,1872
11188,1887
11189,1865
11190,1844
11191,1857
11192,1859
11193,1844
11194,1840
11195,1853
11196,1867
11197,1874
11198,1823
11199,1857
11200,1873
11201,1858
11202,1878
11203,1872
11204,1885
11205,1880
11206,1859
11207,1842
11208,1851
11209,1857
11210,1839
11211,1828
11212,1851
11213,1894
11214,1858
11215,1843
11216,1858
11217,1855
11218,1849
11219,1854
11220,1871
11221,1872
11222,1872
11223,1815
11224,1843
11225,1842
11226,1843
11227,1827
11228,1841
11229,1852
11230,1872
11231,1841
11232,1862
11233,1874
11234,1847
11235,1856
11236,1853
11237,1872
11238,1873
11239,1872
11240,1847
11241,1863
11242,1869
11243,1854
11244,1825
11245,1857
11246,1859
11247,1853
11248,1841
11249,1870
11250,1887
11251,1865
11252,1859
11253,1877
11254,1874
11255,1879
11256,1855
11257,1846
11258,1859
11259,1835
11260,1841
11261,1833
11262,1859
11263,1875
11264,1866
11265,1850
11266,1871
11267,1869
11268,1872
11269,1875
11270,1885
11271,1883
11272,1871
11273,1849
11274,1843
11275,1843
11276,1843
11277,1818
11278,1829
11279,1861
11280,1878
11281,1841
11282,1866
11283,1870
11284,1863
11285,1873
11286,1870
11287,1883
11288,1913
11289,1863
11290,1850
11291,1871
11292,1869
11293,1855
11294,1818
11295,1851
11296,1858
11297,1856
11298,1872
11299,1872
11300,1878
11301,1862
11302,1863
11303,1873
11304,1889
11305,1872
11306,1862
11307,1840
11308,1861
11309,1869
11310,1840
11311,1829
11312,1856
11313,1871
11314,1856
11315,1842
11316,1874
11317,1886
11318,1915
11319,1857
11320,1887
11321,1872
11322,1856
11323,1845
11324,1856
11325,1862
11326,1851
11327,1850
11328,1846
11329,1869
11330,1891
11331,1856
11332,1860
11333,1875
11334,1872
11335,1847
11336,1849
11337,1881
11338,1903
11339,1842
11340,1826
11341,1850
11342,1852
11343,1803
11344,1821
11345,1855
11346,1863
11347,1855
11348,1837
11349,1877
11350,1890
11351,1875
11352,1856
11353,1879
11354,1883
11355,1878
11356,1845
11357,1842
11358,1856
11359,1865
11360,1831
11361,1824
11362,1856
11363,1872
11364,1849
11365,1851
11366,1860
11367,1885
11368,1855
11369,1842
11370,1876
11371,1889
11372,1874
11373,1875
11374,1847
11375,1869
11376,1849
11377,1821
11378,1842
11379,1860
11380,1883
11381,1873
11382,1856
11383,1883
11384,1872
11385,1869
11386,1878
11387,1898
11388,1899
11389,1872
11390,1844
11391,1847
11392,1843
11393,1838
11394,1829
11395,1849
11396,1861
11397,1872
11398,1814
11399,1847
11400,1867
11401,1875
11402,1873
11403,1872
11404,1872
11405,1900
11406,1856
11407,1853
11408,1870
11409,1851
11410,1869
11411,1834
11412,1861
11413,1874
11414,1865
11415,1868
11416,1870
11417,1882
11418,1868
11419,1887
11420,1877
11421,1894
11422,1882
11423,1857
11424,1850
11425,1861
11426,1872
11427,1830
11428,1840
11429,1869
11430,1856
11431,1850
11432,1863
11433,1905
11434,1879
11435,1872
11436,1863
11437,1888
11438,1895
11439,1872
11440,1845
11441,1866
11442,1855
11443,1853
11444,1831
11445,1841
11446,1860
11447,1859
11448,1842
11449,1875
11450,1901
11451,1895
11452,1863
11453,1882
11454,1881
11455,1879
11456,1866
11457,1840
11458,1861
11459,1853
11460,1845
11461,1834
11462,1872
11463,1883
11464,1858
11465,1864
11466,1867
11467,1879
11468,1901
11469,1850
11470,1872
11471,1898
11472,1908
11473,1865
11474,1856
11475,1855
11476,1871
11477,1837
11478,1840
11479,1863
11480,1882
11481,1885
11482,1854
11483,1885
11484,1875
11485,1874
11486,1855
11487,1878
11488,1881
11489,1878
11490,1843
11491,1856
11492,1856
11493,1822
11494,1829
11495,1856
11496,1866
11497,1882
11498,1877
11499,1865
11500,1885
11501,1872
11502,1872
11503,1860
11504,1883
11505,1882
11506,1862
11507,1840
11508,1862
11509,1862
11510,1823
11511,1823
11512,1863
11513,1893
11514,1885
11515,1850
11516,1870
11517,1866
11518,1872
11519,1872
11520,1883
11521,1874
11522,1869
11523,1846
11524,1853
11525,1850
11526,1847
11527,1823
11528,1835
11529,1871
11530,1877
11531,1839
11532,1853
11533,1875
11534,1883
11535,1867
11536,1867
11537,1879
11538,1890
11539,1859
11540,1847
11541,1853
11542,1866
11543,1815
11544,1809
11545,1833
11546,1859
11547,1865
11548,1886
11549,1878
11550,1902
11551,1864
11552,1875
11553,1878
11554,1898
11555,1888
11556,1846
11557,1832
11558,1847
11559,1831
11560,1838
11561,1827
11562,1858
11563,1870
11564,1872
11565,1854
11566,1872
11567,1860
11568,1858
11569,1853
11570,1866
11571,1885
11572,1875
11573,1848
11574,1840
11575,1847
11576,1840
11577,1838
11578,1829
11579,1870
11580,1879
11581,1863
11582,1859
11583,1878
11584,1885
11585,1863
11586,1865
11587,1882
11588,1872
11589,1858
11590,1840
11591,1863
11592,1863
11593,1829
11594,1803
11595,1844
11596,1875
11597,1870
11598,1907
11599,1865
11600,1874
11601,1903
11602,1873
11603,1871
11604,1881
11605,1878
11606,1845
11607,1837
11608,1870
11609,1853
11610,1854
11611,1826
11612,1861
11613,1875
11614,1847
11615,1855
11616,1877
11617,1883
11618,1878
11619,1862
11620,1861
11621,1875
11622,1877
11623,1855
11624,1852
11625,1861
11626,1851
11627,1823
11628,1840
11629,1870
11630,1889
11631,1870
11632,1859
11633,1887
11634,1867
11635,1879
11636,1851
11637,1879
11638,1879
11639,1871
11640,1840
11641,1840
11642,1854
11643,1856
11644,1807
11645,1844
11646,1867
11647,1863
11648,1885
11649,1865
11650,1889
11651,1887
11652,1872
11653,1872
11654,1870
11655,1865
11656,1823
11657,1833
11658,1847
11659,1850
11660,1865
11661,1835
11662,1872
11663,1885
11664,1856
11665,1851
11666,1873
11667,1879
11668,1852
11669,1869
11670,1871
11671,1878
11672,1871
11673,1840
11674,1846
11675,1854
11676,1838
11677,1814
11678,1839
11679,1867
11680,1875
11681,1858
11682,1854
11683,1891
11684,1873
11685,1904
11686,1855
11687,1875
11688,1883
11689,1870
11690,1855
11691,1853
11692,1861
11693,1840
11694,1825
11695,1835
11696,1850
11697,1847
11698,1847
11699,1857
11700,1874
11701,1867
11702,1843
11703,1862
11704,1871
11705,1902
11706,1895
11707,1840
11708,1860
11709,1842
11710,1840
11711,1819
11712,1852
11713,1872
11714,1856
11715,1850
11716,1863
11717,1872
11718,1870
11719,1853
11720,1868
11721,1866
11722,1867
11723,1830
11724,1835
11725,1840
11726,1842
11727,1819
11728,1827
11729,1859
11730,1868
11731,1835
11732,1853
11733,1875
11734,1863
11735,1863
11736,1844
11737,1867
11738,1865
11739,1835
11740,1843
11741,1851
11742,1861
11743,1840
11744,1840
11745,1856
11746,1862
11747,1865
11748,1840
11749,1862
11750,1887
11751,1872
11752,1847
11753,1867
11754,1876
11755,1875
11756,1853
11757,1833
11758,1846
11759,1851
11760,1849
11761,1823
11762,1861
11763,1883
11764,1869
11765,1856
11766,1874
11767,1885
11768,1883
11769,1872
11770,1870
11771,1877
11772,1872
11773,1857
11774,1847
11775,1856
11776,1847
11777,1821
11778,1838
11779,1855
11780,1866
11781,1840
11782,1852
11783,1871
11784,1879
11785,1855
11786,1853
11787,1873
11788,1875
11789,1846
11790,1855
11791,1843
11792,1854
11793,1838
11794,1823
11795,1842
11796,1872
11797,1868
11798,1814
11799,1859
11800,1883
11801,1869
11802,1859
11803,1872
11804,1886
11805,1872
11806,1863
11807,1840
11808,1854
11809,1856
11810,1849
11811,1819
11812,1854
11813,1858
11814,1851
11815,1840
11816,1863
11817,1855
11818,1872
11819,1874
11820,1872
11821,1884
11822,1879
11823,1826
11824,1844
11825,1856
11826,1875
11827,1808
11828,1837
11829,1870
11830,1872
11831,1846
11832,1847
11833,1872
11834,1886
11835,1878
11836,1859
11837,1878
11838,1887
11839,1850
11840,1855
11841,1850
11842,1867
11843,1867
11844,1814
11845,1839
11846,1855
11847,1856
11848,1838
11849,1855
11850,1867
11851,1868
11852,1890
11853,1873
11854,1872
11855,1898
11856,1840
11857,1845
11858,1856
11859,1840
11860,1851
11861,1819
11862,1858
11863,1867
11864,1855
11865,1871
11866,1865
11867,1870
11868,1869
11869,1863
11870,1885
11871,1883
11872,1877
11873,1866
11874,1840
11875,1851
11876,1856
11877,1815
11878,1830
11879,1861
11880,1872
11881,1875
11882,1856
11883,1877
11884,1881
11885,1843
11886,1853
11887,1872
11888,1885
11889,1859
11890,1859
11891,1863
11892,1854
11893,1842
11894,1813
11895,1829
11896,1850
11897,1873
11898,1871
11899,1878
11900,1903
11901,1884
11902,1885
11903,1873
11904,1871
11905,1872
11906,1808
11907,1838
11908,1862
11909,1838
11910,1789
11911,1815
11912,1855
11913,1858
11914,1872
11915,1851
11916,1861
11917,1873
11918,1881
11919,1856
11920,1867
11921,1883
11922,1888
11923,1840
11924,1840
11925,1842
11926,1856
11927,1825
11928,1831
11929,1861
11930,1861
11931,1852
11932,1855
11933,1882
11934,1872
11935,1855
11936,1855
11937,1875
11938,1874
11939,1850
11940,1840
11941,1849
11942,1837
11943,1883
11944,1827
11945,1838
11946,1857
11947,1871
11948,1835
11949,1858
11950,1879
11951,1891
11952,1876
11953,1872
11954,1889
11955,1891
11956,1851
11957,1838
11958,1867
11959,1853
11960,1840
11961,1817
11962,1855
11963,1872
11964,1854
11965,1845
11966,1871
11967,1886
11968,1889
11969,1850
11970,1865
11971,1884
11972,1891
11973,1863
11974,1851
11975,1849
11976,1862
11977,1840
11978,1838
11979,1856
11980,1887
11981,1835
11982,1855
11983,1875
11984,1872
11985,1862
11986,1857
11987,1878
11988,1895
11989,1864
11990,1840
11991,1855
11992,1867
11993,1838
11994,1822
11995,1847
11996,1873
11997,1857
11998,1846
11999,1869
12000,1885
12001,1875
12002,1857
12003,1872
12004,1881
12005,1872
12006,1862
12007,1843
12008,1870
12009,1858
12010,1840
12011,1819
12012,1856
12013,1877
12014,1856
12015,1851
12016,1874
12017,1883
12018,1916
12019,1840
12020,1874
12021,1877
12022,1866
12023,1795
12024,1844
12025,1847
12026,1874
12027,1819
12028,1829
12029,1855
12030,1870
12031,1269
12032,1232
12033,1993
12034,1984
12035,1968
12036,2013
12037,1969
12038,1787
12039,1759
12040,2128
12041,2478
12042,2197
12043,1867
12044,1766
12045,1850
12046,1901
12047,1904
12048,1883
12049,1902
12050,1936
12051,1925
12052,1884
12053,1889
12054,1891
12055,1902
12056,1814
12057,1782
12058,1794
12059,1793
12060,1776
12061,1779
12062,1789
12063,1171
12064,1904
12065,1936
12066,2017
12067,2068
12068,1885
12069,1706
12070,1856
12071,2310
12072,2278
12073,1919
12074,1795
12075,1842
12076,1904
12077,1894
12078,1882
12079,1906
12080,1912
12081,1906
12082,1886
12083,1898
12084,1882
12085,1846
12086,1834
12087,1846
12088,1846
12089,1808
12090,1797
12091,1808
12092,1833
12093,2541
12094,775
12095,1863
12096,2000
12097,2090
12098,2171
12099,1957
12100,1870
12101,1978
12102,2119
12103,2011
12104,1771
12105,1779
12106,1856
12107,1911
12108,1918
12109,1904
12110,1879
12111,1874
12112,1901
12113,1913
12114,1893
12115,1857
12116,1855
12117,1834
12118,1808
12119,1802
12120,1834
12121,1853
12122,1856
12123,1817
12124,2219
12125,679
12126,1873
12127,2022
12128,2128
12129,2100
12130,1979
12131,1973
12132,2089
12133,2082
12134,1893
12135,1711
12136,1736
12137,1853
12138,1902
12139,1933
12140,1913
12141,1919
12142,1904
12143,1875
12144,1890
12145,1862
12146,1872
12147,1849
12148,1877
12149,1819
12150,1829
12151,1833
12152,1810
12153,1847
12154,1887
12155,1933
12156,386
12157,1790
12158,2126
12159,2313
12160,2304
12161,2207
12162,2352
12163,1987
12164,1677
12165,1526
12166,1575
12167,1698
12168,1808
12169,1854
12170,1929
12171,1926
12172,1922
12173,1910
12174,1892
12175,1893
12176,1916
12177,1859
12178,1854
12179,1879
12180,1803
12181,1742
12182,1785
12183,1842
12184,1846
12185,1847
12186,1868
12187,222
12188,1831
12189,2158
12190,2371
12191,2473
12192,2473
12193,2404
12194,1776
12195,1534
12196,1482
12197,1486
12198,1625
12199,1701
12200,1835
12201,1894
12202,1930
12203,1939
12204,1937
12205,1936
12206,1917
12207,1855
12208,1847
12209,1840
12210,1815
12211,1808
12212,1841
12213,1844
12214,1873
12215,1865
12216,1894
12217,1877
12218,13
12219,1712
12220,2158
12221,2556
12222,2703
12223,2806
12224,2391
12225,1682
12226,1523
12227,1347
12228,1326
12229,1456
12230,1589
12231,1789
12232,1879
12233,1935
12234,1918
12235,1954
12236,1914
12237,1917
12238,1904
12239,1845
12240,1836
12241,1842
12242,1846
12243,1843
12244,1829
12245,1846
12246,1877
12247,1881
12248,1887
12249,0
12250,1722
12251,2163
12252,2671
12253,3277
12254,3297
12255,2738
12256,1715
12257,1355
12258,1039
12259,934
12260,1003
12261,1303
12262,1699
12263,1861
12264,1887
12265,1878
12266,1917
12267,1921
12268,1914
12269,1891
12270,1926
12271,1919
12272,1856
12273,1793
12274,1841
12275,1859
12276,1860
12277,1855
12278,1867
12279,1888
12280,0
12281,1596
12282,2133
12283,2814
12284,3405
12285,3305
12286,2535
12287,1611
12288,1299
12289,1003
12290,879
12291,1055
12292,1470
12293,1766
12294,1821
12295,1882
12296,1915
12297,1942
12298,1929
12299,1904
12300,1878
12301,1879
12302,1906
12303,1890
12304,1906
12305,1920
12306,1894
12307,1845
12308,1888
12309,1889
12310,1892
12311,432
12312,1456
12313,2098
12314,2770
12315,3376
12316,3302
12317,2911
12318,1686
12319,1234
12320,930
12321,777
12322,980
12323,1407
12324,1732
12325,1866
12326,1890
12327,1881
12328,1887
12329,1909
12330,1936
12331,1887
12332,1872
12333,1913
12334,1936
12335,1883
12336,1839
12337,1882
12338,1904
12339,1907
12340,1872
12341,1903
12342,1201
12343,1284
12344,2021
12345,2691
12346,3477
12347,3329
12348,2975
12349,1712
12350,1295
12351,929
12352,787
12353,1008
12354,1466
12355,1745
12356,1857
12357,1875
12358,1904
12359,1905
12360,1904
12361,1878
12362,1881
12363,1903
12364,1890
12365,1878
12366,1894
12367,1898
12368,1883
12369,1898
12370,1913
12371,1920
12372,1925
12373,2057
12374,1153
12375,2011
12376,2714
12377,3473
12378,3297
12379,3056
12380,1895
12381,1215
12382,827
12383,640
12384,901
12385,1397
12386,1723
12387,1856
12388,1904
12389,1915
12390,1936
12391,1931
12392,1913
12393,1875
12394,1842
12395,1856
12396,1885
12397,1901
12398,1905
12399,1893
12400,1929
12401,1915
12402,1906
12403,1914
12404,2663
12405,978
12406,2014
12407,2783
12408,3567
12409,3291
12410,3069
12411,2019
12412,1180
12413,640
12414,439
12415,812
12416,1420
12417,1755
12418,1859
12419,1919
12420,1936
12421,1951
12422,1936
12423,1904
12424,1885
12425,1886
12426,1876
12427,1874
12428,1871
12429,1892
12430,1893
12431,1904
12432,1904
12433,1922
12434,1937
12435,2599
12436,799
12437,2012
12438,2874
12439,3563
12440,3310
12441,3051
12442,2064
12443,1143
12444,625
12445,407
12446,848
12447,1402
12448,1715
12449,1835
12450,1906
12451,1934
12452,1951
12453,1943
12454,1951
12455,1917
12456,1954
12457,2031
12458,2047
12459,1973
12460,1831
12461,1802
12462,1785
12463,1782
12464,1831
12465,1886
12466,2070
12467,506
12468,1943
12469,2695
12470,3650
12471,3362
12472,3101
12473,2293
12474,1162
12475,547
12476,338
12477,726
12478,1355
12479,1744
12480,1875
12481,1955
12482,1943
12483,1981
12484,1981
12485,1984
12486,1920
12487,1936
12488,1935
12489,1936
12490,1897
12491,1902
12492,1909
12493,1881
12494,1877
12495,1901
12496,1919
12497,1894
12498,240
12499,1847
12500,2643
12501,3536
12502,3314
12503,3101
12504,2292
12505,1241
12506,623
12507,349
12508,755
12509,1373
12510,1713
12511,1817
12512,1904
12513,1945
12514,1964
12515,1920
12516,1953
12517,1946
12518,1935
12519,1924
12520,1927
12521,1917
12522,1935
12523,1931
12524,1901
12525,1913
12526,1917
12527,1896
12528,1879
12529,212
12530,1877
12531,2480
12532,3537
12533,3376
12534,3094
12535,2318
12536,1203
12537,640
12538,436
12539,855
12540,1373
12541,1712
12542,1840
12543,1894
12544,1898
12545,1930
12546,1943
12547,1936
12548,1911
12549,1936
12550,1936
12551,1942
12552,1906
12553,1893
12554,1905
12555,1934
12556,1905
12557,1902
12558,1921
12559,1909
12560,0
12561,1572
12562,2414
12563,3677
12564,3391
12565,3159
12566,2633
12567,1283
12568,637
12569,304
12570,599
12571,1283
12572,1700
12573,1841
12574,1899
12575,1939
12576,1959
12577,1931
12578,1941
12579,1968
12580,1963
12581,1919
12582,1904
12583,1920
12584,1916
12585,1921
12586,1921
12587,1936
12588,1954
12589,1939
12590,1914
12591,0
12592,1707
12593,2410
12594,3626
12595,3417
12596,3118
12597,2607
12598,1236
12599,585
12600,202
12601,555
12602,1280
12603,1695
12604,1874
12605,1942
12606,1945
12607,1959
12608,1974
12609,1979
12610,1963
12611,1914
12612,1936
12613,1956
12614,1930
12615,1921
12616,1933
12617,1947
12618,1919
12619,1920
12620,1922
12621,1949
12622,207
12623,1486
12624,2209
12625,3619
12626,3419
12627,3159
12628,2762
12629,1327
12630,647
12631,249
12632,574
12633,1265
12634,1703
12635,1844
12636,1927
12637,1967
12638,1980
12639,1995
12640,1936
12641,1955
12642,1949
12643,1908
12644,1874
12645,1872
12646,1910
12647,1939
12648,1946
12649,1945
12650,1942
12651,1946
12652,1922
12653,1919
12654,1922
12655,1938
12656,1899
12657,1879
12658,1886
12659,1877
12660,1853
12661,1826
12662,1865
12663,1882
12664,1872
12665,1855
12666,1885
12667,1907
12668,1887
12669,1845
12670,1872
12671,1899
12672,1863
12673,1862
12674,1840
12675,1839
12676,1840
12677,1826
12678,1834
12679,1857
12680,1856
12681,1853
12682,1846
12683,1874
12684,1877
12685,1840
12686,1845
12687,1867
12688,1883
12689,1872
12690,1852
12691,1847
12692,1838
12693,1835
12694,1820
12695,1842
12696,1862
12697,1876
12698,1840
12699,1858
12700,1879
12701,1885
12702,1886
12703,1858
12704,1874
12705,1862
12706,1869
12707,1846
12708,1862
12709,1856
12710,1849
12711,1821
12712,1851
12713,1874
12714,1856
12715,1833
12716,1846
12717,1867
12718,1873
12719,1871
12720,1872
12721,1875
12722,1883
12723,1870
12724,1853
12725,1856
12726,1866
12727,1855
12728,1834
12729,1858
12730,1863
12731,1840
12732,1869
12733,1872
12734,1885
12735,1883
12736,1855
12737,1873
12738,1883
12739,1888
12740,1858
12741,1861
12742,1853
12743,1864
12744,1815
12745,1840
12746,1859
12747,1846
12748,1895
12749,1853
12750,1872
12751,1887
12752,1875
12753,1857
12754,1877
12755,1875
12756,1881
12757,1847
12758,1869
12759,1856
12760,1851
12761,1839
12762,1855
12763,1866
12764,1903
12765,1886
12766,1873
12767,1882
12768,1877
12769,1863
12770,1882
12771,1875
12772,1879
12773,1846
12774,1839
12775,1840
12776,1855
12777,1850
12778,1825
12779,1862
12780,1851
12781,1904
12782,1919
12783,1970
12784,1973
12785,1898
12786,1826
12787,1814
12788,1801
12789,1798
12790,1790
12791,1818
12792,1850
12793,1859
12794,1828
12795,1842
12796,1856
12797,1867
12798,1859
12799,1856
12800,1890
12801,1874
12802,1879
12803,1863
12804,1882
12805,1878
12806,1840
12807,1841
12808,1872
12809,1857
12810,1847
12811,1823
12812,1856
12813,1858
12814,1856
12815,1863
12816,1867
12817,1872
12818,1879
12819,1855
12820,1870
12821,1870
12822,1879
12823,1833
12824,1841
12825,1847
12826,1854
12827,1817
12828,1828
12829,1858
12830,1869
12831,1883
12832,1849
12833,1874
12834,1868
12835,1892
12836,1849
12837,1867
12838,1872
12839,1853
12840,1847
12841,1842
12842,1855
12843,1857
12844,1819
12845,1844
12846,1870
12847,1862
12848,1859
12849,1853
12850,1872
12851,1889
12852,1882
12853,1868
12854,1879
12855,1877
12856,1840
12857,1840
12858,1857
12859,1857
12860,1881
12861,1815
12862,1849
12863,1875
12864,1873
12865,1838
12866,1856
12867,1874
12868,1872
12869,1850
12870,1866
12871,1873
12872,1882
12873,1853
12874,1855
12875,1855
12876,1869
12877,1856
12878,1824
12879,1856
12880,1854
12881,1875
12882,1853
12883,1871
12884,1870
12885,1850
12886,1867
12887,1879
12888,1888
12889,1854
12890,1844
12891,1850
12892,1866
12893,1846
12894,1814
12895,1820
12896,1854
12897,1866
12898,1869
12899,1865
12900,1899
12901,1872
12902,1871
12903,1869
12904,1883
12905,1904
12906,1863
12907,1847
12908,1863
12909,1863
12910,1843
12911,1821
12912,1842
12913,1867
12914,1857
12915,1889
12916,1872
12917,1876
12918,1874
12919,1859
12920,1859
12921,1868
12922,1834
12923,1839
12924,1829
12925,1851
12926,1870
12927,1835
12928,1842
12929,1869
12930,1870
12931,1847
12932,1840
12933,1883
12934,1876
12935,1872
12936,1861
12937,1875
12938,1888
12939,1861
12940,1859
12941,1842
12942,1865
12943,1850
12944,1837
12945,1840
12946,1867
12947,1856
12948,1825
12949,1853
12950,1878
12951,1863
12952,1874
12953,1860
12954,1874
12955,1872
12956,1846
12957,1840
12958,1859
12959,1861
12960,1867
12961,1826
12962,1850
12963,1861
12964,1842
12965,1839
12966,1862
12967,1888
12968,1872
12969,1855
12970,1872
12971,1872
12972,1894
12973,1875
12974,1846
12975,1857
12976,1856
12977,1840
12978,1828
12979,1858
12980,1872
12981,1861
12982,1847
12983,1874
12984,1866
12985,1888
12986,1858
12987,1866
12988,1874
12989,1874
12990,1875
12991,1856
12992,1859
12993,1831
12994,1830
12995,1840
12996,1867
12997,1873
12998,1847
12999,1856
13000,1872
13001,1862
13002,1869
13003,1865
13004,1885
13005,1884
13006,1862
13007,1842
13008,1862
13009,1850
13010,1840
13011,1808
13012,1853
13013,1867
13014,1869
13015,1844
13016,1859
13017,1875
13018,1871
13019,1856
13020,1867
13021,1876
13022,1887
13023,1833
13024,1840
13025,1858
13026,1859
13027,1848
13028,1823
13029,1855
13030,1884
13031,1859
13032,1860
13033,1888
13034,1871
13035,1845
13036,1861
13037,1871
13038,1887
13039,1869
13040,1845
13041,1840
13042,1865
13043,1839
13044,1835
13045,1827
13046,1856
13047,1878
13048,1839
13049,1842
13050,1875
13051,1883
13052,1872
13053,1861
13054,1884
13055,1877
13056,1858
13057,1842
13058,1841
13059,1849
13060,1833
13061,1817
13062,1853
13063,1872
13064,1858
13065,1890
13066,1858
13067,1879
13068,1887
13069,1850
13070,1873
13071,1882
13072,1879
13073,1851
13074,1831
13075,1846
13076,1861
13077,1814
13078,1818
13079,1855
13080,1863
13081,1851
13082,1843
13083,1882
13084,1891
13085,1873
13086,1869
13087,1877
13088,1872
13089,1865
13090,1851
13091,1846
13092,1847
13093,1840
13094,1837
13095,1838
13096,1870
13097,1872
13098,1898
13099,1863
13100,1871
13101,1895
13102,1855
13103,1856
13104,1874
13105,1895
13106,1846
13107,1831
13108,1855
13109,1872
13110,1845
13111,1843
13112,1846
13113,1874
13114,1869
13115,1840
13116,1865
13117,1892
13118,1851
13119,1854
13120,1873
13121,1879
13122,1883
13123,1847
13124,1847
13125,1871
13126,1859
13127,1829
13128,1824
13129,1859
13130,1869
13131,1877
13132,1861
13133,1870
13134,1884
13135,1894
13136,1839
13137,1863
13138,1877
13139,1872
13140,1838
13141,1851
13142,1859
13143,1872
13144,1810
13145,1844
13146,1866
13147,1893
13148,1851
13149,1859
13150,1886
13151,1895
13152,1904
13153,1856
13154,1876
13155,1872
13156,1855
13157,1847
13158,1861
13159,1854
13160,1855
13161,1811
13162,1856
13163,1866
13164,1863
13165,1878
13166,1856
13167,1884
13168,1866
13169,1874
13170,1870
13171,1885
13172,1895
13173,1859
13174,1843
13175,1862
13176,1855
13177,1819
13178,1824
13179,1856
13180,1888
13181,1880
13182,1855
13183,1895
13184,1889
13185,1855
13186,1841
13187,1866
13188,1874
13189,1871
13190,1856
13191,1853
13192,1867
13193,1843
13194,1820
13195,1831
13196,1857
13197,1867
13198,1856
13199,1856
13200,1872
13201,1872
13202,1856
13203,1859
13204,1885
13205,1885
13206,1879
13207,1838
13208,1853
13209,1851
13210,1840
13211,1829
13212,1840
13213,1860
13214,1877
13215,1865
13216,1871
13217,1867
13218,1872
13219,1878
13220,1872
13221,1882
13222,1872
13223,1840
13224,1839
13225,1858
13226,1840
13227,1843
13228,1813
13229,1851
13230,1867
13231,1859
13232,1873
13233,1872
13234,1886
13235,1890
13236,1862
13237,1875
13238,1885
13239,1858
13240,1852
13241,1857
13242,1872
13243,1850
13244,1842
13245,1835
13246,1870
13247,1871
13248,1868
13249,1851
13250,1876
13251,1866
13252,1907
13253,1859
13254,1872
13255,1879
13256,1875
13257,1840
13258,1855
13259,1867
13260,1839
13261,1819
13262,1846
13263,1855
13264,1871
13265,1825
13266,1853
13267,1882
13268,1881
13269,1847
13270,1872
13271,1876
13272,1875
13273,1863
13274,1841
13275,1872
13276,1860
13277,1851
13278,1820
13279,1855
13280,1871
13281,1855
13282,1845
13283,1871
13284,1872
13285,1896
13286,1875
13287,1859
13288,1875
13289,1867
13290,1840
13291,1851
13292,1855
13293,1850
13294,1808
13295,1839
13296,1867
13297,1873
13298,1856
13299,1855
13300,1887
13301,1872
13302,1885
13303,1861
13304,1881
13305,1873
13306,1867
13307,1839
13308,1859
13309,1843
13310,1829
13311,1840
13312,1840
13313,1866
13314,1865
13315,1851
13316,1850
13317,1885
13318,1874
13319,1847
13320,1872
13321,1879
13322,1879
13323,1885
13324,1840
13325,1867
13326,1874
13327,1843
13328,1823
13329,1855
13330,1874
13331,1894
13332,1846
13333,1872
13334,1874
13335,1859
13336,1856
13337,1873
13338,1874
13339,1867
13340,1856
13341,1855
13342,1840
13343,1851
13344,1808
13345,1827
13346,1846
13347,1867
13348,1851
13349,1856
13350,1880
13351,1863
13352,1885
13353,1865
13354,1882
13355,1885
13356,1857
13357,1840
13358,1853
13359,1875
13360,1840
13361,1809
13362,1845
13363,1871
13364,1872
13365,1874
13366,1861
13367,1891
13368,1879
13369,1862
13370,1869
13371,1874
13372,1873
13373,1855
13374,1834
13375,1867
13376,1857
13377,1863
13378,1821
13379,1850
13380,1856
13381,1852
13382,1853
13383,1873
13384,1879
13385,1861
13386,1853
13387,1886
13388,1885
13389,1862
13390,1841
13391,1849
13392,1849
13393,1856
13394,1834
13395,1833
13396,1863
13397,1875
13398,1845
13399,1856
13400,1886
13401,1867
13402,1873
13403,1853
13404,1876
13405,1873
13406,1856
13407,1840
13408,1849
13409,1870
13410,1835
13411,1833
13412,1861
13413,1879
13414,1854
13415,1890
13416,1868
13417,1867
13418,1870
13419,1861
13420,1859
13421,1889
13422,1877
13423,1856
13424,1842
13425,1858
13426,1846
13427,1840
13428,1815
13429,1856
13430,1856
13431,1865
13432,1850
13433,1870
13434,1872
13435,1847
13436,1862
13437,1877
13438,1876
13439,1867
13440,1840
13441,1847
13442,1857
13443,1853
13444,1824
13445,1836
13446,1862
13447,1865
13448,1853
13449,1863
13450,1873
13451,1885
13452,1847
13453,1857
13454,1879
13455,1886
13456,1889
13457,1874
13458,1858
13459,1862
13460,1839
13461,1825
13462,1845
13463,1872
13464,1862
13465,1843
13466,1859
13467,1873
13468,1845
13469,1871
13470,1870
13471,1893
13472,1879
13473,1846
13474,1842
13475,1856
13476,1851
13477,1853
13478,1817
13479,1856
13480,1869
13481,1858
13482,1856
13483,1872
13484,1872
13485,1873
13486,1859
13487,1883
13488,1872
13489,1877
13490,1866
13491,1850
13492,1846
13493,1851
13494,1808
13495,1828
13496,1856
13497,1873
13498,1900
13499,1847
13500,1872
13501,1903
13502,1875
13503,1860
13504,1883
13505,1898
13506,1872
13507,1828
13508,1840
13509,1856
13510,1818
13511,1824
13512,1858
13513,1861
13514,1879
13515,1849
13516,1859
13517,1875
13518,1870
13519,1858
13520,1861
13521,1879
13522,1882
13523,1871
13524,1843
13525,1856
13526,1861
13527,1825
13528,1815
13529,1853
13530,1851
13531,1841
13532,1827
13533,1873
13534,1881
13535,1873
13536,1840
13537,1859
13538,1872
13539,1878
13540,1861
13541,1847
13542,1856
13543,1854
13544,1840
13545,1838
13546,1856
13547,1884
13548,1885
13549,1862
13550,1887
13551,1865
13552,1882
13553,1856
13554,1872
13555,1884
13556,1856
13557,1845
13558,1851
13559,1850
13560,1853
13561,1834
13562,1842
13563,1862
13564,1871
13565,1893
13566,1871
13567,1883
13568,1866
13569,1845
13570,1866
13571,1888
13572,1872
13573,1840
13574,1843
13575,1859
13576,1858
13577,1807
13578,1819
13579,1856
13580,1855
13581,1867
13582,1845
13583,1872
13584,1869
13585,1863
13586,1858
13587,1869
13588,1873
13589,1871
13590,1847
13591,1854
13592,1851
13593,1851
13594,1818
13595,1835
13596,1875
13597,1877
13598,1833
13599,1854
13600,1877
13601,1872
13602,1847
13603,1856
13604,1875
13605,1876
13606,1858
13607,1845
13608,1859
13609,1879
13610,1861
13611,1840
13612,1863
13613,1886
13614,1889
13615,1879
13616,1871
13617,1873
13618,1885
13619,1844
13620,1851
13621,1842
13622,1841
13623,1861
13624,1843
13625,1870
13626,1872
13627,1867
13628,1839
13629,1884
13630,1905
13631,1873
13632,1867
13633,1871
13634,1866
13635,1854
13636,1824
13637,1831
13638,1869
13639,1890
13640,1862
13641,1858
13642,1878
13643,1858
13644,1833
13645,1829
13646,1856
13647,1855
13648,434
13649,1346
13650,2010
13651,2027
13652,2000
13653,1965
13654,1857
13655,1669
13656,1627
13657,1989
13658,2462
13659,2345
13660,2018
13661,1840
13662,1867
13663,1931
13664,1939
13665,1904
13666,1926
13667,1936
13668,1942
13669,1906
13670,1879
13671,1860
13672,1829
13673,1807
13674,1790
13675,1829
13676,1807
13677,1774
13678,1782
13679,1169
13680,1271
13681,1917
13682,1968
13683,2032
13684,2011
13685,1833
13686,1707
13687,1865
13688,2301
13689,2338
13690,2000
13691,1833
13692,1815
13693,1853
13694,1853
13695,1871
13696,1897
13697,1904
13698,1920
13699,1894
13700,1894
13701,1886
13702,1863
13703,1839
13704,1850
13705,1839
13706,1835
13707,1796
13708,1818
13709,1831
13710,2190
13711,976
13712,1895
13713,2066
13714,2150
13715,2142
13716,1933
13717,1853
13718,1936
13719,2150
13720,2128
13721,1845
13722,1792
13723,1815
13724,1846
13725,1900
13726,1902
13727,1868
13728,1872
13729,1898
13730,1898
13731,1897
13732,1877
13733,1856
13734,1861
13735,1845
13736,1844
13737,1823
13738,1845
13739,1842
13740,1840
13741,2559
13742,849
13743,1915
13744,2078
13745,2191
13746,2185
13747,2030
13748,1936
13749,1989
13750,2035
13751,1873
13752,1711
13753,1719
13754,1840
13755,1903
13756,1904
13757,1910
13758,1915
13759,1898
13760,1893
13761,1872
13762,1871
13763,1877
13764,1857
13765,1811
13766,1829
13767,1841
13768,1821
13769,1840
13770,1858
13771,1879
13772,2338
13773,659
13774,1839
13775,2161
13776,2379
13777,2356
13778,2258
13779,2256
13780,1938
13781,1786
13782,1618
13783,1514
13784,1616
13785,1749
13786,1809
13787,1909
13788,1947
13789,1951
13790,1887
13791,1898
13792,1899
13793,1917
13794,1821
13795,1827
13796,1835
13797,1823
13798,1811
13799,1810
13800,1841
13801,1868
13802,1879
13803,1974
13804,476
13805,1915
13806,2198
13807,2463
13808,2599
13809,2527
13810,2225
13811,1794
13812,1691
13813,1474
13814,1361
13815,1495
13816,1614
13817,1820
13818,1907
13819,1910
13820,1922
13821,1934
13822,1961
13823,1892
13824,1854
13825,1857
13826,1855
13827,1847
13828,1799
13829,1824
13830,1844
13831,1847
13832,1846
13833,1878
13834,1907
13835,277
13836,1781
13837,2215
13838,2726
13839,2947
13840,2782
13841,2166
13842,1730
13843,1571
13844,1331
13845,1202
13846,1307
13847,1494
13848,1794
13849,1870
13850,1919
13851,1937
13852,1923
13853,1922
13854,1931
13855,1920
13856,1877
13857,1843
13858,1839
13859,1853
13860,1852
13861,1840
13862,1851
13863,1891
13864,1872
13865,1874
13866,42
13867,1803
13868,2250
13869,2821
13870,3228
13871,2972
13872,2199
13873,1650
13874,1414
13875,1189
13876,1098
13877,1181
13878,1438
13879,1735
13880,1886
13881,1910
13882,1920
13883,1940
13884,1951
13885,1918
13886,1875
13887,1891
13888,1903
13889,1867
13890,1834
13891,1859
13892,1878
13893,1875
13894,1873
13895,1861
13896,1885
13897,0
13898,1671
13899,2180
13900,2875
13901,3481
13902,3248
13903,2363
13904,1648
13905,1376
13906,1062
13907,914
13908,977
13909,1394
13910,1711
13911,1824
13912,1879
13913,1907
13914,1919
13915,1934
13916,1920
13917,1907
13918,1899
13919,1879
13920,1883
13921,1882
13922,1877
13923,1872
13924,1861
13925,1882
13926,1887
13927,1894
13928,0
13929,1648
13930,2174
13931,2806
13932,3454
13933,3307
13934,2314
13935,1613
13936,1360
13937,1041
13938,892
13939,1114
13940,1488
13941,1766
13942,1874
13943,1872
13944,1889
13945,1899
13946,1922
13947,1908
13948,1874
13949,1878
13950,1894
13951,1886
13952,1899
13953,1879
13954,1905
13955,1933
13956,1913
13957,1884
13958,1890
13959,50
13960,1504
13961,2084
13962,2834
13963,3472
13964,3261
13965,2595
13966,1637
13967,1296
13968,951
13969,843
13970,1047
13971,1503
13972,1775
13973,1885
13974,1881
13975,1904
13976,1904
13977,1902
13978,1887
13979,1905
13980,1901
13981,1877
13982,1868
13983,1884
13984,1909
13985,1900
13986,1872
13987,1904
13988,1915
13989,1913
13990,531
13991,1362
13992,2081
13993,2702
13994,3359
13995,3322
13996,2385
13997,1623
13998,1344
13999,1056
14000,901
14001,1078
14002,1575
14003,1777
14004,1882
14005,1927
14006,1920
14007,1904
14008,1922
14009,1919
14010,1913
14011,1872
14012,1885
14013,1900
14014,1878
14015,1879
14016,1891
14017,1917
14018,1933
14019,1900
14020,1905
14021,1774
14022,1222
14023,2064
14024,2559
14025,3376
14026,3379
14027,2880
14028,1737
14029,1355
14030,1031
14031,839
14032,1008
14033,1425
14034,1714
14035,1826
14036,1888
14037,1925
14038,1939
14039,1936
14040,1907
14041,1883
14042,1887
14043,1901
14044,1837
14045,1842
14046,1873
14047,1879
14048,1902
14049,1889
14050,1918
14051,1920
14052,2591
14053,928
14054,2025
14055,2618
14056,3369
14057,3384
14058,2891
14059,1763
14060,1365
14061,1014
14062,787
14063,969
14064,1424
14065,1735
14066,1847
14067,1901
14068,1915
14069,1943
14070,1936
14071,1936
14072,1936
14073,1907
14074,1883
14075,1883
14076,1881
14077,1873
14078,1837
14079,1878
14080,1895
14081,1921
14082,1894
14083,2524
14084,757
14085,1995
14086,2598
14087,3500
14088,3333
14089,3118
14090,2081
14091,1327
14092,867
14093,594
14094,820
14095,1349
14096,1694
14097,1828
14098,1866
14099,1895
14100,1939
14101,1936
14102,1962
14103,1906
14104,1904
14105,1925
14106,1892
14107,1883
14108,1888
14109,1898
14110,1891
14111,1853
14112,1877
14113,1904
14114,2189
14115,488
14116,1918
14117,2609
14118,3456
14119,3382
14120,3116
14121,2160
14122,1370
14123,816
14124,594
14125,792
14126,1311
14127,1662
14128,1776
14129,1855
14130,1902
14131,1919
14132,1923
14133,1931
14134,1963
14135,1943
14136,1918
14137,1898
14138,1899
14139,1872
14140,1835
14141,1861
14142,1898
14143,1871
14144,1882
14145,1904
14146,346
14147,1901
14148,2384
14149,3184
14150,3423
14151,3187
14152,2081
14153,1404
14154,939
14155,711
14156,925
14157,1411
14158,1708
14159,1851
14160,1879
14161,1876
14162,1916
14163,1939
14164,1964
14165,1953
14166,1900
14167,1917
14168,1891
14169,1897
14170,1883
14171,1904
14172,1926
14173,1887
14174,1879
14175,1899
14176,1904
14177,94
14178,1715
14179,2388
14180,3457
14181,3438
14182,3142
14183,2279
14184,1362
14185,875
14186,606
14187,848
14188,1361
14189,1711
14190,1814
14191,1871
14192,1905
14193,1899
14194,1904
14195,1904
14196,1906
14197,1889
14198,1905
14199,1905
14200,1921
14201,1904
14202,1951
14203,1874
14204,1913
14205,1916
14206,1909
14207,1897
14208,54
14209,1791
14210,2377
14211,3472
14212,3437
14213,3119
14214,2542
14215,1424
14216,835
14217,478
14218,629
14219,1141
14220,1595
14221,1807
14222,1879
14223,1917
14224,1915
14225,1938
14226,1936
14227,1927
14228,1889
14229,1904
14230,1921
14231,1922
14232,1904
14233,1904
14234,1916
14235,1926
14236,1923
14237,1924
14238,1927
14239,0
14240,1659
14241,2286
14242,3542
14243,3478
14244,3156
14245,2714
14246,1453
14247,806
14248,429
14249,511
14250,1162
14251,1631
14252,1827
14253,1879
14254,1936
14255,1952
14256,1974
14257,1951
14258,1958
14259,1950
14260,1911
14261,1878
14262,1862
14263,1887
14264,1921
14265,1907
14266,1904
14267,1924
14268,1935
14269,1918
14270,1915
14271,1931
14272,1954
14273,1906
14274,1869
14275,1878
14276,1872
14277,1829
14278,1840
14279,1862
14280,1875
14281,1881
14282,1863
14283,1872
14284,1877
14285,1899
14286,1857
14287,1873
14288,1885
14289,1877
14290,1875
14291,1861
14292,1857
14293,1861
14294,1855
14295,1835
14296,1859
14297,1830
14298,1855
14299,1851
14300,1885
14301,1883
14302,1857
14303,1853
14304,1874
14305,1871
14306,1869
14307,1858
14308,1847
14309,1851
14310,1850
14311,1839
14312,1835
14313,1850
14314,1857
14315,1849
14316,1861
14317,1869
14318,1868
14319,1871
14320,1862
14321,1872
14322,1889
14323,1862
14324,1856
14325,1866
14326,1857
14327,1890
14328,1821
14329,1849
14330,1856
14331,1865
14332,1877
14333,1870
14334,1878
14335,1872
14336,1856
14337,1857
14338,1873
14339,1864
14340,1830
14341,1840
14342,1840
14343,1854
14344,1840
14345,1826
14346,1854
14347,1872
14348,1840
14349,1840
14350,1871
14351,1867
14352,1878
14353,1855
14354,1877
14355,1887
14356,1888
14357,1858
14358,1857
14359,1859
14360,1838
14361,1824
14362,1833
14363,1865
14364,1877
14365,1858
14366,1849
14367,1873
14368,1861
14369,1857
14370,1862
14371,1885
14372,1863
14373,1854
14374,1856
14375,1859
14376,1862
14377,1856
14378,1869
14379,1866
14380,1863
14381,1862
14382,1831
14383,1867
14384,1879
14385,1868
14386,1875
14387,1879
14388,1882
14389,1885
14390,1899
14391,1885
14392,1883
14393,1895
14394,1841
14395,1814
14396,1831
14397,1819
14398,1813
14399,1827
14400,1872
14401,1872
14402,1933
14403,1853
14404,1874
14405,1887
14406,1878
14407,1866
14408,1855
14409,1861
14410,1831
14411,1840
14412,1834
14413,1857
14414,1901
14415,1867
14416,1853
14417,1886
14418,1867
14419,1856
14420,1859
14421,1874
14422,1888
14423,1872
14424,1844
14425,1853
14426,1839
14427,1843
14428,1820
14429,1853
14430,1843
14431,1856
14432,1857
14433,1872
14434,1869
14435,1875
14436,1850
14437,1871
14438,1879
14439,1873
14440,1890
14441,1847
14442,1861
14443,1852
14444,1837
14445,1825
14446,1856
14447,1865
14448,1850
14449,1855
14450,1867
14451,1872
14452,1904
14453,1877
14454,1871
14455,1886
14456,1869
14457,1855
14458,1845
14459,1855
14460,1842
14461,1842
14462,1834
14463,1856
14464,1869
14465,1850
14466,1862
14467,1878
14468,1872
14469,1871
14470,1861
14471,1879
14472,1884
14473,1862
14474,1845
14475,1867
14476,1853
14477,1860
14478,1825
14479,1846
14480,1872
14481,1858
14482,1872
14483,1874
14484,1879
14485,1847
14486,1859
14487,1862
14488,1876
14489,1876
14490,1856
14491,1851
14492,1856
14493,1831
14494,1845
14495,1822
14496,1857
14497,1878
14498,1865
14499,1856
14500,1885
14501,1874
14502,1918
14503,1851
14504,1871
14505,1882
14506,1859
14507,1818
14508,1855
14509,1859
14510,1840
14511,1823
14512,1839
14513,1872
14514,1894
14515,1861
14516,1858
14517,1874
14518,1891
14519,1858
14520,1855
14521,1879
14522,1894
14523,1866
14524,1837
14525,1867
14526,1854
14527,1840
14528,1809
14529,1856
14530,1872
14531,1870
14532,1851
14533,1865
14534,1871
14535,1904
14536,1855
14537,1872
14538,1886
14539,1879
14540,1860
14541,1843
14542,1860
14543,1859
14544,1854
14545,1821
14546,1853
14547,1869
14548,1852
14549,1847
14550,1874
14551,1859
14552,1872
14553,1840
14554,1870
14555,1875
14556,1861
14557,1831
14558,1853
14559,1857
14560,1871
14561,1835
14562,1842
14563,1858
14564,1872
14565,1865
14566,1858
14567,1884
14568,1837
14569,1850
14570,1863
14571,1883
14572,1889
14573,1840
14574,1835
14575,1841
14576,1840
14577,1815
14578,1830
14579,1861
14580,1869
14581,1873
14582,1862
14583,1864
14584,1875
14585,1872
14586,1865
14587,1862
14588,1883
14589,1895
14590,1839
14591,1842
14592,1855
14593,1855
14594,1829
14595,1830
14596,1856
14597,1858
14598,1857
14599,1863
14600,1870
14601,1884
14602,1883
14603,1844
14604,1864
14605,1879
14606,1881
14607,1840
14608,1845
14609,1847
14610,1830
14611,1799
14612,1840
14613,1862
14614,1875
14615,1890
14616,1857
14617,1872
14618,1893
14619,1871
14620,1862
14621,1878
14622,1893
14623,1866
14624,1851
14625,1854
14626,1841
14627,1808
14628,1826
14629,1855
14630,1877
14631,1873
14632,1830
14633,1871
14634,1877
14635,1870
14636,1844
14637,1861
14638,1871
14639,1876
14640,1842
14641,1845
14642,1839
14643,1869
14644,1841
14645,1826
14646,1859
14647,1877
14648,1849
14649,1859
14650,1866
14651,1874
14652,1901
14653,1879
14654,1878
14655,1886
14656,1889
14657,1835
14658,1849
14659,1842
14660,1845
14661,1807
14662,1838
14663,1874
14664,1883
14665,1860
14666,1860
14667,1874
14668,1867
14669,1858
14670,1858
14671,1883
14672,1883
14673,1872
14674,1851
14675,1855
14676,1838
14677,1851
14678,1834
14679,1856
14680,1859
14681,1858
14682,1836
14683,1879
14684,1890
14685,1889
14686,1855
14687,1872
14688,1882
14689,1882
14690,1870
14691,1847
14692,1839
14693,1841
14694,1831
14695,1824
14696,1855
14697,1871
14698,1857
14699,1867
14700,1866
14701,1875
14702,1869
14703,1852
14704,1872
14705,1871
14706,1872
14707,1840
14708,1850
14709,1866
14710,1846
14711,1826
14712,1831
14713,1857
14714,1891
14715,1869
14716,1856
14717,1873
14718,1872
14719,1861
14720,1856
14721,1872
14722,1872
14723,1857
14724,1840
14725,1856
14726,1840
14727,1842
14728,1808
14729,1848
14730,1852
14731,1853
14732,1840
14733,1870
14734,1874
14735,1891
14736,1851
14737,1859
14738,1870
14739,1886
14740,1842
14741,1845
14742,1869
14743,1865
14744,1855
14745,1824
14746,1855
14747,1852
14748,1862
14749,1851
14750,1866
14751,1878
14752,1852
14753,1877
14754,1872
14755,1881
14756,1860
14757,1855
14758,1843
14759,1858
14760,1860
14761,1821
14762,1833
14763,1862
14764,1881
14765,1870
14766,1850
14767,1870
14768,1860
14769,1854
14770,1856
14771,1885
14772,1879
14773,1873
14774,1845
14775,1854
14776,1853
14777,1849
14778,1815
14779,1845
14780,1872
14781,1873
14782,1852
14783,1857
14784,1865
14785,1887
14786,1842
14787,1872
14788,1883
14789,1890
14790,1872
14791,1856
14792,1862
14793,1857
14794,1839
14795,1819
14796,1856
14797,1867
14798,1866
14799,1860
14800,1886
14801,1891
14802,1895
14803,1866
14804,1877
14805,1874
14806,1870
14807,1847
14808,1856
14809,1854
14810,1835
14811,1823
14812,1830
14813,1856
14814,1862
14815,1856
14816,1852
14817,1884
14818,1874
14819,1858
14820,1855
14821,1884
14822,1872
14823,1871
14824,1831
14825,1845
14826,1861
14827,1830
14828,1822
14829,1843
14830,1873
14831,1872
14832,1861
14833,1872
14834,1872
14835,1897
14836,1860
14837,1863
14838,1873
14839,1891
14840,1872
14841,1847
14842,1859
14843,1858
14844,1827
14845,1820
14846,1851
14847,1857
14848,1851
14849,1829
14850,1856
14851,1870
14852,1855
14853,1856
14854,1890
14855,1906
14856,1892
14857,1874
14858,1856
14859,1858
14860,1856
14861,1849
14862,1834
14863,1857
14864,1871
14865,1858
14866,1861
14867,1882
14868,1879
14869,1878
14870,1859
14871,1879
14872,1891
14873,1867
14874,1823
14875,1846
14876,1854
14877,1871
14878,1802
14879,1843
14880,1876
14881,1872
14882,1829
14883,1862
14884,1877
14885,1847
14886,1872
14887,1872
14888,1878
14889,1878
14890,1872
14891,1840
14892,1861
14893,1847
14894,1845
14895,1830
14896,1855
14897,1878
14898,1859
14899,1857
14900,1869
14901,1868
14902,1868
14903,1856
14904,1872
14905,1877
14906,1891
14907,1813
14908,1854
14909,1849
14910,1815
14911,1815
14912,1837
14913,1866
14914,1861
14915,1857
14916,1856
14917,1878
14918,1890
14919,1884
14920,1852
14921,1875
14922,1898
14923,1870
14924,1850
14925,1854
14926,1853
14927,1830
14928,1854
14929,1856
14930,1868
14931,1882
14932,1883
14933,1866
14934,1881
14935,1885
14936,1863
14937,1863
14938,1870
14939,1876
14940,1840
14941,1840
14942,1872
14943,1857
14944,1861
14945,1823
14946,1856
14947,1863
14948,1872
14949,1858
14950,1872
14951,1872
14952,1840
14953,1864
14954,1877
14955,1873
14956,1869
14957,1813
14958,1856
14959,1873
14960,1828
14961,1827
14962,1831
14963,1855
14964,1871
14965,1837
14966,1853
14967,1884
14968,1871
14969,1882
14970,1859
14971,1879
14972,1872
14973,1855
14974,1838
14975,1853
14976,1856
14977,1842
14978,1824
14979,1853
14980,1861
14981,1854
14982,1855
14983,1867
14984,1887
14985,1893
14986,1887
14987,1884
14988,1891
14989,1885
14990,1863
14991,1840
14992,1850
14993,1840
14994,1838
14995,1823
14996,1853
14997,1858
14998,1856
14999,1843
15000,1872
15001,1872
15002,1859
15003,1840
15004,1867
15005,1878
15006,1886
15007,1853
15008,1854
15009,1859
15010,1814
15011,1809
15012,1835
15013,1870
15014,1872
15015,1862
15016,1856
15017,1870
15018,1875
15019,1863
15020,1853
15021,1875
15022,1873
15023,1873
15024,1840
15025,1847
15026,1858
15027,1840
15028,1829
15029,1838
15030,1867
15031,1865
15032,1873
15033,1863
15034,1873
15035,1881
15036,1858
15037,1872
15038,1872
15039,1884
15040,1863
15041,1842
15042,1868
15043,1865
15044,1799
15045,1830
15046,1856
15047,1861
15048,1857
15049,1862
15050,1863
15051,1879
15052,1870
15053,1868
15054,1872
15055,1866
15056,1879
15057,1849
15058,1854
15059,1867
15060,1855
15061,1842
15062,1840
15063,1858
15064,1879
15065,1842
15066,1853
15067,1881
15068,1859
15069,1874
15070,1856
15071,1882
15072,1893
15073,1869
15074,1845
15075,1849
15076,1858
15077,1840
15078,1809
15079,1841
15080,1865
15081,1872
15082,1834
15083,1868
15084,1878
15085,1868
15086,1861
15087,1862
15088,1879
15089,1882
15090,1865
15091,1850
15092,1851
15093,1840
15094,1849
15095,1823
15096,1859
15097,1877
15098,1868
15099,1855
15100,1883
15101,1872
15102,1865
15103,1883
15104,1874
15105,1898
15106,1873
15107,1845
15108,1856
15109,1858
15110,1871
15111,1840
15112,1834
15113,1853
15114,1863
15115,1861
15116,1854
15117,1874
15118,1885
15119,1871
15120,1859
15121,1872
15122,1872
15123,1861
15124,1842
15125,1850
15126,1854
15127,1808
15128,1835
15129,1843
15130,1861
15131,1867
15132,1851
15133,1869
15134,1872
15135,1904
15136,1875
15137,1870
15138,1877
15139,1894
15140,1872
15141,1840
15142,1847
15143,1840
15144,1834
15145,1814
15146,1850
15147,1869
15148,1872
15149,1840
15150,1850
15151,1877
15152,1867
15153,1867
15154,1874
15155,1886
15156,1892
15157,1856
15158,1847
15159,1866
15160,1847
15161,1828
15162,1831
15163,1853
15164,1872
15165,1837
15166,1855
15167,1873
15168,1877
15169,1891
15170,1858
15171,1877
15172,1887
15173,1869
15174,1824
15175,1846
15176,1856
15177,1821
15178,1808
15179,1852
15180,1871
15181,1874
15182,1872
15183,1869
15184,1879
15185,1874
15186,1889
15187,1870
15188,1885
15189,1881
15190,1884
15191,1840
15192,1857
15193,1840
15194,1833
15195,1826
15196,1856
15197,1881
15198,1858
15199,1831
15200,1857
15201,1875
15202,1862
15203,1869
15204,1872
15205,1872
15206,1872
15207,1840
15208,1849
15209,1856
15210,1853
15211,1841
15212,1827
15213,1857
15214,1872
15215,1858
15216,1845
15217,1887
15218,1891
15219,1877
15220,1854
15221,1882
15222,1891
15223,1866
15224,1838
15225,1857
15226,1847
15227,1825
15228,1826
15229,1856
15230,1867
15231,1872
15232,1829
15233,1861
15234,1861
15235,1869
15236,1849
15237,1867
15238,1875
15239,1871
15240,1856
15241,1839
15242,1856
15243,1857
15244,1795
15245,1827
15246,1852
15247,1878
15248,1868
15249,1856
15250,1861
15251,1894
15252,1878
15253,1875
15254,1865
15255,1881
15256,1868
15257,1856
15258,1854
15259,1867
15260,1854
15261,1846
15262,1834
15263,1855
15264,1859
15265,0
15266,1648
15267,2015
15268,1968
15269,1957
15270,1984
15271,1907
15272,1726
15273,1716
15274,2107
15275,2469
15276,2257
15277,1936
15278,1808
15279,1870
15280,1915
15281,1942
15282,1874
15283,1915
15284,1923
15285,1915
15286,1877
15287,1887
15288,1890
15289,1885
15290,1841
15291,1786
15292,1781
15293,1794
15294,1777
15295,1776
15296,134
15297,1479
15298,1926
15299,1923
15300,2034
15301,2081
15302,1898
15303,1735
15304,1853
15305,2267
15306,2288
15307,1997
15308,1821
15309,1820
15310,1883
15311,1845
15312,1867
15313,1903
15314,1905
15315,1889
15316,1887
15317,1905
15318,1882
15319,1855
15320,1830
15321,1839
15322,1838
15323,1805
15324,1799
15325,1829
15326,1823
15327,745
15328,1193
15329,1919
15330,1999
15331,2159
15332,2201
15333,2032
15334,1930
15335,1953
15336,2150
15337,2030
15338,1803
15339,1762
15340,1819
15341,1890
15342,1915
15343,1895
15344,1881
15345,1864
15346,1892
15347,1903
15348,1877
15349,1862
15350,1862
15351,1848
15352,1855
15353,1807
15354,1833
15355,1845
15356,1855
15357,1840
15358,1646
15359,1216
15360,1935
15361,1995
15362,2143
15363,2209
15364,2059
15365,1936
15366,1970
15367,2011
15368,1887
15369,1669
15370,1710
15371,1854
15372,1930
15373,1927
15374,1897
15375,1921
15376,1901
15377,1869
15378,1872
15379,1863
15380,1872
15381,1865
15382,1826
15383,1840
15384,1846
15385,1835
15386,1840
15387,1843
15388,1869
15389,2446
15390,940
15391,1893
15392,2122
15393,2205
15394,2099
15395,1987
15396,2064
15397,2064
15398,2002
15399,1835
15400,1701
15401,1751
15402,1862
15403,1889
15404,1918
15405,1955
15406,1920
15407,1906
15408,1894
15409,1904
15410,1835
15411,1850
15412,1824
15413,1847
15414,1854
15415,1821
15416,1801
15417,1841
15418,1865
15419,1870
15420,2611
15421,981
15422,1955
15423,2209
15424,2300
15425,2294
15426,2320
15427,2262
15428,1837
15429,1726
15430,1604
15431,1520
15432,1586
15433,1714
15434,1839
15435,1929
15436,1936
15437,1933
15438,1936
15439,1936
15440,1879
15441,1863
15442,1856
15443,1840
15444,1840
15445,1793
15446,1825
15447,1837
15448,1858
15449,1855
15450,1873
15451,2386
15452,711
15453,1904
15454,2274
15455,2583
15456,2657
15457,2626
15458,2246
15459,1716
15460,1627
15461,1426
15462,1345
15463,1459
15464,1614
15465,1764
15466,1866
15467,1909
15468,1914
15469,1902
15470,1893
15471,1903
15472,1872
15473,1859
15474,1856
15475,1854
15476,1845
15477,1821
15478,1808
15479,1853
15480,1879
15481,1891
15482,1883
15483,416
15484,1892
15485,2279
15486,2859
15487,3149
15488,3046
15489,2285
15490,1630
15491,1442
15492,1206
15493,1147
15494,1189
15495,1330
15496,1671
15497,1865
15498,1910
15499,1904
15500,1923
15501,1930
15502,1925
15503,1885
15504,1871
15505,1876
15506,1878
15507,1827
15508,1841
15509,1862
15510,1857
15511,1881
15512,1872
15513,1901
15514,175
15515,1807
15516,2301
15517,2998
15518,3472
15519,3223
15520,2325
15521,1590
15522,1393
15523,1057
15524,944
15525,959
15526,1349
15527,1708
15528,1799
15529,1881
15530,1903
15531,1925
15532,1913
15533,1910
15534,1899
15535,1911
15536,1882
15537,1872
15538,1893
15539,1909
15540,1904
15541,1871
15542,1902
15543,1904
15544,1879
15545,91
15546,1808
15547,2263
15548,2992
15549,3481
15550,3248
15551,2191
15552,1556
15553,1317
15554,1081
15555,901
15556,1040
15557,1495
15558,1746
15559,1857
15560,1919
15561,1904
15562,1897
15563,1925
15564,1916
15565,1880
15566,1882
15567,1903
15568,1903
15569,1899
15570,1879
15571,1904
15572,1913
15573,1920
15574,1895
15575,1897
15576,0
15577,1636
15578,2167
15579,2907
15580,3511
15581,3277
15582,2427
15583,1584
15584,1351
15585,1039
15586,878
15587,1014
15588,1467
15589,1761
15590,1844
15591,1873
15592,1900
15593,1918
15594,1907
15595,1869
15596,1880
15597,1874
15598,1879
15599,1846
15600,1893
15601,1895
15602,1917
15603,1887
15604,1923
15605,1925
15606,1903
15607,112
15608,1511
15609,2157
15610,2896
15611,3447
15612,3259
15613,2378
15614,1535
15615,1328
15616,1042
15617,816
15618,1061
15619,1475
15620,1746
15621,1872
15622,1905
15623,1925
15624,1907
15625,1916
15626,1904
15627,1838
15628,1827
15629,1864
15630,1904
15631,1887
15632,1902
15633,1900
15634,1936
15635,1941
15636,1919
15637,1911
15638,254
15639,1556
15640,2128
15641,2977
15642,3483
15643,3227
15644,2928
15645,1698
15646,1263
15647,896
15648,611
15649,960
15650,1441
15651,1736
15652,1840
15653,1866
15654,1908
15655,1911
15656,1904
15657,1882
15658,1891
15659,1897
15660,1870
15661,1874
15662,1846
15663,1872
15664,1863
15665,1903
15666,1893
15667,1920
15668,1928
15669,800
15670,1307
15671,2146
15672,3025
15673,3511
15674,3250
15675,2929
15676,1664
15677,1261
15678,797
15679,613
15680,994
15681,1441
15682,1730
15683,1840
15684,1905
15685,1934
15686,1901
15687,1913
15688,1920
15689,1934
15690,1902
15691,1877
15692,1904
15693,1905
15694,1888
15695,1864
15696,1899
15697,1923
15698,1906
15699,1907
15700,2176
15701,1107
15702,2065
15703,2918
15704,3578
15705,3280
15706,3031
15707,1929
15708,1296
15709,821
15710,539
15711,819
15712,1264
15713,1648
15714,1806
15715,1869
15716,1906
15717,1937
15718,1919
15719,1913
15720,1899
15721,1904
15722,1930
15723,1903
15724,1909
15725,1914
15726,1936
15727,1888
15728,1840
15729,1879
15730,1915
15731,2647
15732,757
15733,1993
15734,2823
15735,3605
15736,3342
15737,3069
15738,1910
15739,1318
15740,835
15741,582
15742,874
15743,1363
15744,1712
15745,1794
15746,1874
15747,1904
15748,1931
15749,1916
15750,1922
15751,1917
15752,1911
15753,1908
15754,1904
15755,1917
15756,1923
15757,1908
15758,1899
15759,1911
15760,1911
15761,1887
15762,2554
15763,812
15764,2009
15765,2701
15766,3517
15767,3328
15768,3067
15769,1893
15770,1264
15771,808
15772,645
15773,959
15774,1387
15775,1712
15776,1835
15777,1845
15778,1877
15779,1888
15780,1917
15781,1927
15782,1904
15783,1903
15784,1922
15785,1899
15786,1905
15787,1903
15788,1922
15789,1923
15790,1934
15791,1909
15792,1913
15793,2063
15794,378
15795,1824
15796,2629
15797,3603
15798,3365
15799,3097
15800,2098
15801,1331
15802,855
15803,551
15804,799
15805,1330
15806,1681
15807,1795
15808,1858
15809,1915
15810,1895
15811,1893
15812,1887
15813,1904
15814,1905
15815,1906
15816,1904
15817,1922
15818,1926
15819,1916
15820,1905
15821,1921
15822,1936
15823,1919
15824,1904
15825,258
15826,1875
15827,2590
15828,3557
15829,3342
15830,3094
15831,2269
15832,1315
15833,791
15834,391
15835,631
15836,1226
15837,1648
15838,1833
15839,1887
15840,1922
15841,1915
15842,1937
15843,1931
15844,1931
15845,1935
15846,1952
15847,1904
15848,1904
15849,1911
15850,1926
15851,1924
15852,1923
15853,1903
15854,1918
15855,1936
15856,69
15857,1744
15858,2607
15859,3648
15860,3324
15861,3095
15862,2448
15863,1319
15864,761
15865,272
15866,538
15867,1216
15868,1664
15869,1873
15870,1890
15871,1938
15872,1974
15873,1965
15874,1936
15875,1923
15876,1907
15877,1906
15878,1887
15879,1906
15880,1934
15881,1920
15882,1968
15883,1941
15884,1954
15885,1949
15886,1936
15887,1923
15888,1936
15889,1936
15890,1904
15891,1879
15892,1901
15893,1889
15894,1901
15895,1840
15896,1865
15897,1875
15898,1856
15899,1865
15900,1873
15901,1873
15902,1874
15903,1874
15904,1889
15905,1879
15906,1881
15907,1853
15908,1849
15909,1855
15910,1868
15911,1829
15912,1826
15913,1856
15914,1864
15915,1843
15916,1855
15917,1874
15918,1863
15919,1855
15920,1856
15921,1871
15922,1862
15923,1871
15924,1854
15925,1856
15926,1842
15927,1808
15928,1834
15929,1845
15930,1861
15931,1861
15932,1854
15933,1867
15934,1878
15935,1853
15936,1860
15937,1861
15938,1873
15939,1888
15940,1873
15941,1839
15942,1852
15943,1857
15944,1847
15945,1822
15946,1855
15947,1872
15948,1877
15949,1863
15950,1863
15951,1894
15952,1842
15953,1858
15954,1871
15955,1872
15956,1875
15957,1840
15958,1853
15959,1855
15960,1845
15961,1827
15962,1829
15963,1853
15964,1867
15965,1845
15966,1850
15967,1863
15968,1902
15969,1877
15970,1856
15971,1874
15972,1891
15973,1867
15974,1811
15975,1846
15976,1843
15977,1849
15978,1833
15979,1836
15980,1866
15981,1876
15982,1857
15983,1867
15984,1867
15985,1886
15986,1840
15987,1859
15988,1872
15989,1873
15990,1861
15991,1850
15992,1867
15993,1855
15994,1854
15995,1831
15996,1860
15997,1897
15998,1962
15999,2000
16000,2000
16001,1968
16002,1904
16003,1872
16004,1905
16005,1909
16006,1908
16007,1859
16008,1835
16009,1846
16010,1792
16011,1679
16012,1654
16013,1718
16014,1777
16015,1791
16016,1809
16017,1847
16018,1874
16019,1880
16020,1845
16021,1883
16022,1889
16023,1876
16024,1858
16025,1865
16026,1872
16027,1855
16028,1846
16029,1850
16030,1883
16031,1897
16032,1923
16033,1877
16034,1883
16035,1881
16036,1907
16037,1869
16038,1877
16039,1877
16040,1855
16041,1852
16042,1860
16043,1856
16044,1838
16045,1813
16046,1850
16047,1867
16048,1872
16049,1856
16050,1855
16051,1871
16052,1860
16053,1847
16054,1869
16055,1870
16056,1882
16057,1846
16058,1856
16059,1855
16060,1860
16061,1837
16062,1827
16063,1861
16064,1843
16065,1856
16066,1861
16067,1871
16068,1877
16069,1870
16070,1863
16071,1873
16072,1879
16073,1867
16074,1850
16075,1847
16076,1851
16077,1872
16078,1827
16079,1849
16080,1857
16081,1867
16082,1853
16083,1860
16084,1872
16085,1873
16086,1850
16087,1861
16088,1878
16089,1899
16090,1863
16091,1842
16092,1857
16093,1858
16094,1850
16095,1840
16096,1855
16097,1856
16098,1863
16099,1863
16100,1862
16101,1872
16102,1854
16103,1870
16104,1871
16105,1872
16106,1884
16107,1856
16108,1840
16109,1854
16110,1856
16111,1840
16112,1821
16113,1854
16114,1875
16115,1874
16116,1854
16117,1872
16118,1875
16119,1870
16120,1842
16121,1871
16122,1872
16123,1872
16124,1845
16125,1852
16126,1845
16127,1839
16128,1840
16129,1841
16130,1867
16131,1869
16132,1876
16133,1867
16134,1862
16135,1877
16136,1871
16137,1854
16138,1874
16139,1867
16140,1859
16141,1850
16142,1860
16143,1861
16144,1841
16145,1802
16146,1853
16147,1872
16148,1866
16149,1854
16150,1870
16151,1877
16152,1894
16153,1872
16154,1883
16155,1884
16156,1872
16157,1871
16158,1851
16159,1862
16160,1871
16161,1812
16162,1827
16163,1860
16164,1852
16165,1841
16166,1846
16167,1851
16168,1856
16169,1887
16170,1870
16171,1887
16172,1897
16173,1882
16174,1869
16175,1857
16176,1860
16177,1840
16178,1859
16179,1842
16180,1866
16181,1856
16182,1872
16183,1859
16184,1872
16185,1857
16186,1858
16187,1858
16188,1879
16189,1884
16190,1856
16191,1840
16192,1856
16193,1860
16194,1858
16195,1814
16196,1852
16197,1855
16198,1856
16199,1854
16200,1866
16201,1883
16202,1889
16203,1856
16204,1871
16205,1887
16206,1894
16207,1840
16208,1849
16209,1872
16210,1867
16211,1835
16212,1833
16213,1857
16214,1879
16215,1856
16216,1852
16217,1872
16218,1870
16219,1893
16220,1857
16221,1874
16222,1871
16223,1866
16224,1851
16225,1842
16226,1859
16227,1832
16228,1825
16229,1829
16230,1854
16231,1887
16232,1883
16233,1865
16234,1872
16235,1885
16236,1871
16237,1863
16238,1879
16239,1873
16240,1855
16241,1845
16242,1859
16243,1853
16244,1808
16245,1808
16246,1855
16247,1870
16248,1872
16249,1894
16250,1883
16251,1887
16252,1878
16253,1865
16254,1870
16255,1879
16256,1869
16257,1843
16258,1839
16259,1843
16260,1845
16261,1846
16262,1827
16263,1861
16264,1875
16265,1860
16266,1853
16267,1886
16268,1875
16269,1859
16270,1860
16271,1872
16272,1872
16273,1872
16274,1872
16275,1858
16276,1855
16277,1849
16278,1823
16279,1836
16280,1872
16281,1875
16282,1870
16283,1858
16284,1868
16285,1873
16286,1854
16287,1857
16288,1877
16289,1891
16290,1874
16291,1841
16292,1867
16293,1863
16294,1859
16295,1830
16296,1852
16297,1861
16298,1872
16299,1899
16300,1871
16301,1871
16302,1883
16303,1863
16304,1873
16305,1885
16306,1863
16307,1865
16308,1841
16309,1849
16310,1840
16311,1854
16312,1827
16313,1855
16314,1863
16315,1851
16316,1851
16317,1859
16318,1866
16319,1877
16320,1856
16321,1875
16322,1883
16323,1859
16324,1858
16325,1846
16326,1853
16327,1856
16328,1825
16329,1840
16330,1857
16331,1889
16332,1849
16333,1857
16334,1876
16335,1893
16336,1840
16337,1866
16338,1882
16339,1879
16340,1870
16341,1841
16342,1859
16343,1857
16344,1844
16345,1839
16346,1841
16347,1855
16348,1870
16349,1846
16350,1866
16351,1878
16352,1877
16353,1863
16354,1869
16355,1882
16356,1875
16357,1830
16358,1845
16359,1873
16360,1840
16361,1845
16362,1824
16363,1856
16364,1871
16365,1862
16366,1855
16367,1877
16368,1889
16369,1872
16370,1862
16371,1872
16372,1887
16373,1871
16374,1821
16375,1846
16376,1865
16377,1827
16378,1822
16379,1842
16380,1863
16381,1876
16382,1827
16383,1852
16384,1869
16385,1874
16386,1856
16387,1862
16388,1887
16389,1879
16390,1875
16391,1852
16392,1872
16393,1862
16394,1847
16395,1823
16396,1858
16397,1870
16398,1867
16399,1856
16400,1872
16401,1895
16402,1871
16403,1872
16404,1863
16405,1877
16406,1874
16407,1840
16408,1841
16409,1856
16410,1851
16411,1845
16412,1825
16413,1851
16414,1853
16415,1843
16416,1857
16417,1873
16418,1877
16419,1859
16420,1851
16421,1882
16422,1886
16423,1872
16424,1851
16425,1854
16426,1846
16427,1840
16428,1819
16429,1838
16430,1859
16431,1855
16432,1858
16433,1855
16434,1873
16435,1875
16436,1890
16437,1859
16438,1879
16439,1887
16440,1855
16441,1845
16442,1851
16443,1856
16444,1840
16445,1795
16446,1847
16447,1875
16448,1872
16449,1842
16450,1868
16451,1879
16452,1875
16453,1859
16454,1872
16455,1873
16456,1877
16457,1867
16458,1855
16459,1859
16460,1856
16461,1830
16462,1826
16463,1858
16464,1867
16465,1858
16466,1853
16467,1863
16468,1873
16469,1900
16470,1861
16471,1879
16472,1888
16473,1877
16474,1852
16475,1853
16476,1850
16477,1839
16478,1840
16479,1834
16480,1870
16481,1871
16482,1847
16483,1864
16484,1879
16485,1859
16486,1843
16487,1847
16488,1874
16489,1887
16490,1882
16491,1859
16492,1875
16493,1861
16494,1840
16495,1808
16496,1840
16497,1860
16498,1846
16499,1871
16500,1866
16501,1875
16502,1873
16503,1859
16504,1870
16505,1883
16506,1881
16507,1856
16508,1841
16509,1861
16510,1872
16511,1857
16512,1826
16513,1854
16514,1885
16515,1859
16516,1855
16517,1873
16518,1872
16519,1876
16520,1845
16521,1872
16522,1870
16523,1866
16524,1847
16525,1842
16526,1855
16527,1844
16528,1822
16529,1822
16530,1855
16531,1856
16532,1843
16533,1856
16534,1873
16535,1862
16536,1874
16537,1866
16538,1884
16539,1889
16540,1873
16541,1840
16542,1853
16543,1854
16544,1840
16545,1835
16546,1854
16547,1863
16548,1873
16549,1837
16550,1867
16551,1874
16552,1859
16553,1855
16554,1863
16555,1872
16556,1875
16557,1851
16558,1840
16559,1866
16560,1862
16561,1839
16562,1831
16563,1863
16564,1878
16565,1855
16566,1858
16567,1874
16568,1875
16569,1853
16570,1858
16571,1872
16572,1869
16573,1869
16574,1871
16575,1845
16576,1861
16577,1863
16578,1815
16579,1834
16580,1878
16581,1889
16582,1875
16583,1862
16584,1873
16585,1872
16586,1863
16587,1850
16588,1876
16589,1889
16590,1863
16591,1846
16592,1860
16593,1851
16594,1853
16595,1810
16596,1850
16597,1856
16598,1865
16599,1847
16600,1871
16601,1885
16602,1887
16603,1867
16604,1870
16605,1874
16606,1882
16607,1855
16608,1847
16609,1856
16610,1850
16611,1858
16612,1821
16613,1856
16614,1871
16615,1857
16616,1839
16617,1873
16618,1872
16619,1883
16620,1869
16621,1865
16622,1876
16623,1869
16624,1849
16625,1857
16626,1855
16627,1835
16628,1808
16629,1837
16630,1859
16631,1860
16632,1855
16633,1857
16634,1888
16635,1877
16636,1867
16637,1866
16638,1880
16639,1904
16640,1859
16641,1840
16642,1851
16643,1851
16644,1838
16645,1833
16646,1849
16647,1860
16648,1867
16649,1872
16650,1852
16651,1879
16652,1885
16653,1855
16654,1872
16655,1890
16656,1894
16657,1865
16658,1843
16659,1853
16660,1840
16661,1837
16662,1816
16663,1847
16664,1873
16665,1851
16666,1856
16667,1872
16668,1871
16669,1854
16670,1845
16671,1872
16672,1863
16673,1859
16674,1833
16675,1838
16676,1844
16677,1847
16678,1818
16679,1853
16680,1866
16681,1869
16682,1840
16683,1855
16684,1872
16685,1893
16686,1874
16687,1861
16688,1881
16689,1895
16690,1872
16691,1828
16692,1858
16693,1854
16694,1842
16695,1813
16696,1856
16697,1866
16698,1877
16699,1857
16700,1863
16701,1886
16702,1872
16703,1863
16704,1871
16705,1872
16706,1872
16707,1839
16708,1826
16709,1849
16710,1844
16711,1844
16712,1825
16713,1856
16714,1882
16715,1861
16716,1840
16717,1869
16718,1874
16719,1856
16720,1873
16721,1883
16722,1880
16723,1873
16724,1865
16725,1865
16726,1862
16727,1869
16728,1835
16729,1843
16730,1867
16731,1878
16732,1831
16733,1845
16734,1871
16735,1869
16736,1895
16737,1866
16738,1878
16739,1860
16740,1861
16741,1839
16742,1853
16743,1845
16744,1782
16745,1814
16746,1843
16747,1863
16748,1855
16749,1862
16750,1852
16751,1875
16752,1857
16753,1855
16754,1862
16755,1885
16756,1885
16757,1850
16758,1853
16759,1855
16760,1858
16761,1840
16762,1825
16763,1866
16764,1876
16765,1866
16766,1859
16767,1862
16768,1884
16769,1876
16770,1859
16771,1873
16772,1872
16773,1865
16774,1823
16775,1854
16776,1872
16777,1845
16778,1855
16779,1834
16780,1867
16781,1865
16782,1828
16783,1862
16784,1872
16785,1854
16786,1863
16787,1859
16788,1885
16789,1879
16790,1862
16791,1849
16792,1856
16793,1838
16794,1833
16795,1822
16796,1857
16797,1872
16798,1870
16799,1872
16800,1858
16801,1868
16802,1872
16803,1866
16804,1872
16805,1895
16806,1891
16807,1870
16808,1843
16809,1863
16810,1845
16811,1819
16812,1825
16813,1859
16814,1877
16815,1871
16816,1868
16817,1891
16818,1887
16819,1873
16820,1853
16821,1856
16822,1859
16823,1872
16824,1811
16825,1834
16826,1856
16827,1863
16828,1808
16829,1830
16830,1847
16831,1867
16832,1877
16833,1862
16834,1888
16835,1883
16836,1884
16837,1867
16838,1887
16839,1882
16840,1859
16841,1835
16842,1852
16843,1861
16844,1840
16845,1840
16846,1857
16847,1861
16848,1893
16849,1887
16850,1872
16851,1891
16852,1885
16853,1872
16854,1866
16855,1866
16856,1887
16857,1856
16858,1841
16859,1855
16860,1861
16861,1837
16862,1826
16863,1859
16864,1869
16865,1847
16866,1856
16867,1872
16868,1883
16869,1868
16870,1854
16871,1871
16872,1867
16873,1853
16874,1833
16875,1843
16876,1851
16877,1840
16878,1827
16879,1838
16880,1867
16881,1876
16882,0
16883,1767
16884,2038
16885,1936
16886,1947
16887,2027
16888,2013
16889,2038
16890,2141
16891,2277
16892,2063
16893,1811
16894,1674
16895,1759
16896,1867
16897,1892
16898,1889
16899,1855
16900,1903
16901,1913
16902,1904
16903,1900
16904,1879
16905,1880
16906,1885
16907,1827
16908,1809
16909,1830
16910,1821
16911,1829
16912,1795
16913,0
16914,1725
16915,1968
16916,1881
16917,2022
16918,2085
16919,2098
16920,2096
16921,2275
16922,2157
16923,1797
16924,1600
16925,1713
16926,1829
16927,1872
16928,1856
16929,1865
16930,1882
16931,1926
16932,1868
16933,1894
16934,1917
16935,1895
16936,1882
16937,1872
16938,1827
16939,1810
16940,1807
16941,1802
16942,1813
16943,1847
16944,0
16945,1505
16946,1968
16947,2001
16948,2131
16949,2109
16950,2187
16951,2295
16952,2307
16953,1895
16954,1612
16955,1617
16956,1781
16957,1840
16958,1865
16959,1888
16960,1865
16961,1878
16962,1868
16963,1894
16964,1903
16965,1883
16966,1861
16967,1853
16968,1856
16969,1843
16970,1815
16971,1847
16972,1861
16973,1864
16974,1863
16975,262
16976,1477
16977,1939
16978,2032
16979,2034
16980,1970
16981,2128
16982,2191
16983,2109
16984,1951
16985,1798
16986,1742
16987,1794
16988,1874
16989,1909
16990,1917
16991,1893
16992,1911
16993,1886
16994,1889
16995,1856
16996,1849
16997,1843
16998,1851
16999,1815
17000,1823
17001,1855
17002,1847
17003,1857
17004,1857
17005,1872
17006,570
17007,1402
17008,1973
17009,2206
17010,2125
17011,2047
17012,2192
17013,2210
17014,2013
17015,1808
17016,1680
17017,1654
17018,1779
17019,1847
17020,1882
17021,1915
17022,1920
17023,1921
17024,1906
17025,1894
17026,1883
17027,1855
17028,1808
17029,1776
17030,1757
17031,1779
17032,1803
17033,1872
17034,1907
17035,1899
17036,1883
17037,1818
17038,1216
17039,2082
17040,2493
17041,2454
17042,2363
17043,2416
17044,2026
17045,1637
17046,1494
17047,1438
17048,1535
17049,1715
17050,1798
17051,1888
17052,1897
17053,1898
17054,1920
17055,1937
17056,1910
17057,1881
17058,1866
17059,1905
17060,1899
17061,1808
17062,1731
17063,1794
17064,1840
17065,1855
17066,1864
17067,1872
17068,2245
17069,1081
17070,2097
17071,2874
17072,3139
17073,3137
17074,2960
17075,1937
17076,1259
17077,944
17078,848
17079,993
17080,1428
17081,1712
17082,1829
17083,1860
17084,1909
17085,1919
17086,1907
17087,1903
17088,1905
17089,1876
17090,1849
17091,1840
17092,1850
17093,1839
17094,1839
17095,1853
17096,1858
17097,1890
17098,1907
17099,2659
17100,991
17101,2143
17102,3443
17103,3424
17104,3175
17105,2949
17106,2622
17107,1345
17108,820
17109,347
17110,451
17111,1023
17112,1423
17113,1725
17114,1847
17115,1897
17116,1896
17117,1929
17118,1924
17119,1882
17120,1859
17121,1904
17122,1905
17123,1904
17124,1863
17125,1883
17126,1911
17127,1893
17128,1875
17129,1895
17130,2156
17131,624
17132,2002
17133,3414
17134,3554
17135,3220
17136,2966
17137,2768
17138,1431
17139,671
17140,49
17141,199
17142,910
17143,1481
17144,1757
17145,1859
17146,1926
17147,1957
17148,1974
17149,1921
17150,1950
17151,1953
17152,1934
17153,1936
17154,1927
17155,1936
17156,1946
17157,1942
17158,1936
17159,1939
17160,1937
17161,1948
17162,439
17163,1937
17164,3321
17165,3546
17166,3245
17167,2999
17168,2637
17169,1301
17170,553
17171,0
17172,296
17173,1095
17174,1637
17175,1826
17176,1933
17177,1963
17178,1968
17179,1966
17180,1978
17181,1956
17182,1931
17183,1953
17184,1987
17185,2003
17186,1927
17187,1904
17188,1953
17189,1973
17190,1943
17191,1924
17192,1931
17193,177
17194,1827
17195,3105
17196,3559
17197,3253
17198,3047
17199,2703
17200,1280
17201,441
17202,0
17203,346
17204,1097
17205,1617
17206,1839
17207,1934
17208,1967
17209,1998
17210,1998
17211,1984
17212,1956
17213,1961
17214,1936
17215,1969
17216,1984
17217,1979
17218,1959
17219,1970
17220,1934
17221,1974
17222,1975
17223,1967
17224,47
17225,1739
17226,3006
17227,3629
17228,3290
17229,3056
17230,2691
17231,1283
17232,409
17233,0
17234,383
17235,1055
17236,1588
17237,1810
17238,1947
17239,1999
17240,2015
17241,1998
17242,2010
17243,2002
17244,1992
17245,1924
17246,1949
17247,1973
17248,1931
17249,1904
17250,1935
17251,1966
17252,1942
17253,1949
17254,1941
17255,0
17256,1731
17257,2757
17258,3648
17259,3355
17260,3071
17261,2863
17262,1339
17263,334
17264,0
17265,279
17266,1063
17267,1603
17268,1856
17269,1963
17270,1984
17271,2021
17272,2033
17273,2022
17274,1994
17275,1964
17276,1961
17277,1958
17278,1955
17279,1963
17280,1985
17281,1986
17282,1955
17283,1963
17284,1980
17285,1965
17286,7
17287,1583
17288,2723
17289,3696
17290,3377
17291,3085
17292,2788
17293,1227
17294,322
17295,0
17296,432
17297,1171
17298,1644
17299,1852
17300,1955
17301,2014
17302,2031
17303,2007
17304,2011
17305,2013
17306,2000
17307,1986
17308,1966
17309,1968
17310,1959
17311,1898
17312,1908
17313,1943
17314,1968
17315,1959
17316,1920
17317,641
17318,1471
17319,2543
17320,3619
17321,3395
17322,3095
17323,2913
17324,1321
17325,340
17326,0
17327,393
17328,1108
17329,1616
17330,1866
17331,1963
17332,1999
17333,2012
17334,2043
17335,2026
17336,2059
17337,1991
17338,2011
17339,2000
17340,1961
17341,1904
17342,1931
17343,1977
17344,1965
17345,1942
17346,1935
17347,1965
17348,1423
17349,1291
17350,2318
17351,3662
17352,3443
17353,3120
17354,2928
17355,1360
17356,448
17357,0
17358,386
17359,1132
17360,1625
17361,1839
17362,1917
17363,1990
17364,2026
17365,2013
17366,2010
17367,2007
17368,2005
17369,2006
17370,1995
17371,1967
17372,1979
17373,1987
17374,1961
17375,1950
17376,1945
17377,1951
17378,1911
17379,1722
17380,1237
17381,2266
17382,3621
17383,3408
17384,3178
17385,2922
17386,1383
17387,439
17388,0
17389,451
17390,1243
17391,1659
17392,1853
17393,1934
17394,1954
17395,1958
17396,1990
17397,1986
17398,1985
17399,2005
17400,1965
17401,1990
17402,1980
17403,1969
17404,1957
17405,1970
17406,1990
17407,1951
17408,1927
17409,1939
17410,2662
17411,751
17412,2015
17413,3568
17414,3504
17415,3204
17416,2971
17417,1535
17418,559
17419,0
17420,401
17421,1135
17422,1642
17423,1862
17424,1904
17425,1946
17426,1989
17427,1986
17428,1947
17429,1947
17430,1965
17431,1966
17432,1950
17433,1955
17434,1951
17435,1934
17436,1938
17437,1967
17438,1995
17439,1984
17440,1950
17441,2353
17442,667
17443,2007
17444,3455
17445,3502
17446,3231
17447,2994
17448,1728
17449,638
17450,0
17451,259
17452,1077
17453,1554
17454,1801
17455,1936
17456,1991
17457,2000
17458,1998
17459,1990
17460,1980
17461,1974
17462,1968
17463,1969
17464,1924
17465,1933
17466,1929
17467,1990
17468,1986
17469,1961
17470,1968
17471,1955
17472,2095
17473,449
17474,1907
17475,3230
17476,3547
17477,3231
17478,3014
17479,1976
17480,700
17481,6
17482,256
17483,1021
17484,1520
17485,1813
17486,1895
17487,1958
17488,1984
17489,2015
17490,2019
17491,1997
17492,1967
17493,1962
17494,1936
17495,1909
17496,1935
17497,1945
17498,1962
17499,1951
17500,1945
17501,1950
17502,1968
17503,1955
17504,1922
17505,1936
17506,1947
17507,1907
17508,1888
17509,1882
17510,1880
17511,1867
17512,1845
17513,1872
17514,1875
17515,1866
17516,1856
17517,1871
17518,1899
17519,1891
17520,1874
17521,1866
17522,1871
17523,1878
17524,1829
17525,1856
17526,1862
17527,1864
17528,1853
17529,1831
17530,1856
17531,1854
17532,1845
17533,1859
17534,1875
17535,1863
17536,1888
17537,1856
17538,1873
17539,1880
17540,1874
17541,1841
17542,1861
17543,1854
17544,1808
17545,1829
17546,1840
17547,1850
17548,1856
17549,1838
17550,1853
17551,1870
17552,1895
17553,1864
17554,1856
17555,1883
17556,1908
17557,1861
17558,1845
17559,1853
17560,1845
17561,1813
17562,1819
17563,1845
17564,1867
17565,1847
17566,1850
17567,1871
17568,1870
17569,1908
17570,1866
17571,1874
17572,1883
17573,1863
17574,1840
17575,1840
17576,1844
17577,1831
17578,1826
17579,1830
17580,1858
17581,1867
17582,1831
17583,1850
17584,1885
17585,1876
17586,1874
17587,1875
17588,1875
17589,1875
17590,1856
17591,1843
17592,1855
17593,1856
17594,1836
17595,1837
17596,1840
17597,1858
17598,1851
17599,1851
17600,1863
17601,1882
17602,1901
17603,1876
17604,1861
17605,1879
17606,1869
17607,1855
17608,1840
17609,1853
17610,1870
17611,1833
17612,1815
17613,1868
17614,1915
17615,1926
17616,1906
17617,1899
17618,1887
17619,1852
17620,1835
17621,1807
17622,1842
17623,1859
17624,1879
17625,1829
17626,1845
17627,1821
17628,1824
17629,1821
17630,1855
17631,1886
17632,1852
17633,1862
17634,1890
17635,1886
17636,1872
17637,1842
17638,1872
17639,1877
17640,1859
17641,1842
17642,1856
17643,1872
17644,1855
17645,1815
17646,1844
17647,1853
17648,1853
17649,1843
17650,1854
17651,1879
17652,1860
17653,1872
17654,1872
17655,1883
17656,1886
17657,1859
17658,1840
17659,1854
17660,1845
17661,1823
17662,1797
17663,1854
17664,1872
17665,1857
17666,1852
17667,1866
17668,1870
17669,1872
17670,1840
17671,1858
17672,1872
17673,1888
17674,1851
17675,1846
17676,1863
17677,1863
17678,1811
17679,1821
17680,1857
17681,1863
17682,1852
17683,1852
17684,1874
17685,1879
17686,1890
17687,1862
17688,1873
17689,1882
17690,1888
17691,1829
17692,1856
17693,1851
17694,1843
17695,1809
17696,1819
17697,1858
17698,1874
17699,1892
17700,1877
17701,1886
17702,1915
17703,1872
17704,1869
17705,1880
17706,1889
17707,1857
17708,1849
17709,1851
17710,1856
17711,1858
17712,1821
17713,1856
17714,1876
17715,1861
17716,1840
17717,1865
17718,1890
17719,1874
17720,1859
17721,1868
17722,1873
17723,1873
17724,1837
17725,1834
17726,1840
17727,1849
17728,1835
17729,1824
17730,1850
17731,1854
17732,1857
17733,1847
17734,1885
17735,1885
17736,1903
17737,1862
17738,1872
17739,1894
17740,1863
17741,1839
17742,1857
17743,1859
17744,1866
17745,1809
17746,1840
17747,1858
17748,1881
17749,1857
17750,1870
17751,1888
17752,1874
17753,1874
17754,1856
17755,1875
17756,1879
17757,1860
17758,1839
17759,1850
17760,1853
17761,1818
17762,1808
17763,1853
17764,1861
17765,1870
17766,1865
17767,1875
17768,1871
17769,1873
17770,1864
17771,1871
17772,1879
17773,1889
17774,1866
17775,1843
17776,1856
17777,1837
17778,1837
17779,1823
17780,1857
17781,1849
17782,1856
17783,1862
17784,1863
17785,1875
17786,1869
17787,1866
17788,1872
17789,1875
17790,1870
17791,1849
17792,1854
17793,1855
17794,1839
17795,1806
17796,1840
17797,1872
17798,1889
17799,1826
17800,1856
17801,1881
17802,1877
17803,1866
17804,1865
17805,1883
17806,1899
17807,1856
17808,1850
17809,1857
17810,1847
17811,1827
17812,1808
17813,1850
17814,1872
17815,1863
17816,1845
17817,1871
17818,1870
17819,1873
17820,1835
17821,1857
17822,1872
17823,1910
17824,1864
17825,1854
17826,1868
17827,1871
17828,1834
17829,1826
17830,1856
17831,1860
17832,1879
17833,1841
17834,1877
17835,1867
17836,1903
17837,1874
17838,1875
17839,1885
17840,1900
17841,1842
17842,1854
17843,1861
17844,1843
17845,1808
17846,1834
17847,1857
17848,1854
17849,1867
17850,1862
17851,1872
17852,1889
17853,1870
17854,1863
17855,1875
17856,1895
17857,1865
17858,1845
17859,1861
17860,1872
17861,1856
17862,1821
17863,1870
17864,1883
17865,1854
17866,1840
17867,1830
17868,1840
17869,1853
17870,1856
17871,1861
17872,1890
17873,1887
17874,1862
17875,1846
17876,1858
17877,1819
17878,1830
17879,1827
17880,1858
17881,1870
17882,1872
17883,1870
17884,1872
17885,1884
17886,1877
17887,1858
17888,1875
17889,1889
17890,1884
17891,1849
17892,1858
17893,1843
17894,1866
17895,1836
17896,1839
17897,1867
17898,1872
17899,1873
17900,1867
17901,1873
17902,1872
17903,1869
17904,1857
17905,1875
17906,1874
17907,1856
17908,1837
17909,1853
17910,1860
17911,1826
17912,1824
17913,1847
17914,1869
17915,1871
17916,1861
17917,1862
17918,1872
17919,1872
17920,1878
17921,1872
17922,1880
17923,1885
17924,1872
17925,1842
17926,1857
17927,1857
17928,1818
17929,1828
17930,1862
17931,1863
17932,1862
17933,1849
17934,1870
17935,1874
17936,1904
17937,1872
17938,1879
17939,1877
17940,1872
17941,1856
17942,1854
17943,1840
17944,1851
17945,1814
17946,1835
17947,1853
17948,1871
17949,1872
17950,1863
17951,1863
17952,1858
17953,1902
17954,1861
17955,1883
17956,1882
17957,1872
17958,1840
17959,1861
17960,1859
17961,1869
17962,1819
17963,1843
17964,1857
17965,1879
17966,1847
17967,1867
17968,1861
17969,1874
17970,1866
17971,1873
17972,1875
17973,1890
17974,1867
17975,1852
17976,1851
17977,1839
17978,1846
17979,1831
17980,1857
17981,1863
17982,1855
17983,1861
17984,1879
17985,1877
17986,1872
17987,1871
17988,1870
17989,1878
17990,1858
17991,1840
17992,1865
17993,1856
17994,1838
17995,1840
17996,1830
17997,1854
17998,1869
17999,1869
18000,1858
18001,1877
18002,1866
18003,1857
18004,1856
18005,1873
18006,1888
18007,1859
18008,1852
18009,1861
18010,1856
18011,1842
18012,1831
18013,1858
18014,1856
18015,1861
18016,1866
18017,1872
18018,1874
18019,1900
18020,1865
18021,1859
18022,1869
18023,1870
18024,1860
18025,1845
18026,1850
18027,1837
18028,1808
18029,1817
18030,1854
18031,1870
18032,1869
18033,1840
18034,1870
18035,1872
18036,1860
18037,1872
18038,1879
18039,1884
18040,1875
18041,1867
18042,1862
18043,1862
18044,1854
18045,1829
18046,1833
18047,1862
18048,1865
18049,1865
18050,1855
18051,1883
18052,1902
18053,1875
18054,1857
18055,1874
18056,1884
18057,1850
18058,1843
18059,1854
18060,1859
18061,1842
18062,1799
18063,1842
18064,1870
18065,1875
18066,1866
18067,1870
18068,1877
18069,1861
18070,1855
18071,1872
18072,1875
18073,1895
18074,1851
18075,1842
18076,1855
18077,1833
18078,1839
18079,1827
18080,1856
18081,1863
18082,1870
18083,1853
18084,1856
18085,1879
18086,1875
18087,1854
18088,1867
18089,1891
18090,1878
18091,1840
18092,1858
18093,1861
18094,1810
18095,1800
18096,1830
18097,1867
18098,1874
18099,1875
18100,1862
18101,1880
18102,1889
18103,1871
18104,1858
18105,1879
18106,1887
18107,1885
18108,1850
18109,1850
18110,1863
18111,1828
18112,1827
18113,1856
18114,1863
18115,1881
18116,1822
18117,1862
18118,1879
18119,1862
18120,1872
18121,1868
18122,1883
18123,1873
18124,1852
18125,1848
18126,1857
18127,1847
18128,1842
18129,1834
18130,1855
18131,1869
18132,1847
18133,1845
18134,1872
18135,1870
18136,1900
18137,1872
18138,1873
18139,1889
18140,1888
18141,1850
18142,1858
18143,1862
18144,1838
18145,1825
18146,1826
18147,1841
18148,1867
18149,1834
18150,1846
18151,1879
18152,1876
18153,1867
18154,1858
18155,1886
18156,1882
18157,1859
18158,1842
18159,1854
18160,1847
18161,1823
18162,1819
18163,1845
18164,1868
18165,1874
18166,1867
18167,1876
18168,1874
18169,1872
18170,1874
18171,1874
18172,1883
18173,1879
18174,1845
18175,1829
18176,1851
18177,1842
18178,1809
18179,1823
18180,1856
18181,1862
18182,1877
18183,1850
18184,1863
18185,1872
18186,1854
18187,1872
18188,1889
18189,1877
18190,1865
18191,1874
18192,1847
18193,1844
18194,1879
18195,1809
18196,1838
18197,1854
18198,1862
18199,1869
18200,1863
18201,1881
18202,1860
18203,1851
18204,1857
18205,1881
18206,1879
18207,1858
18208,1837
18209,1859
18210,1851
18211,1841
18212,1799
18213,1853
18214,1872
18215,1872
18216,1882
18217,1873
18218,1878
18219,1878
18220,1856
18221,1870
18222,1875
18223,1894
18224,1858
18225,1843
18226,1842
18227,1851
18228,1806
18229,1817
18230,1855
18231,1857
18232,1853
18233,1851
18234,1885
18235,1876
18236,1860
18237,1849
18238,1861
18239,1872
18240,1870
18241,1837
18242,1856
18243,1858
18244,1838
18245,1815
18246,1835
18247,1861
18248,1872
18249,1884
18250,1862
18251,1878
18252,1866
18253,1889
18254,1856
18255,1881
18256,1902
18257,1857
18258,1853
18259,1859
18260,1857
18261,1856
18262,1840
18263,1840
18264,1863
18265,1866
18266,1878
18267,1865
18268,1870
18269,1839
18270,1872
18271,1857
18272,1887
18273,1889
18274,1872
18275,1844
18276,1866
18277,1871
18278,1847
18279,1821
18280,1856
18281,1867
18282,1872
18283,1857
18284,1872
18285,1875
18286,1862
18287,1877
18288,1881
18289,1876
18290,1874
18291,1866
18292,1859
18293,1862
18294,1850
18295,1825
18296,1828
18297,1859
18298,1871
18299,1850
18300,1857
18301,1873
18302,1870
18303,1856
18304,1859
18305,1879
18306,1869
18307,1861
18308,1854
18309,1858
18310,1843
18311,1841
18312,1812
18313,1840
18314,1858
18315,1861
18316,1849
18317,1871
18318,1879
18319,1871
18320,1887
18321,1861
18322,1873
18323,1877
18324,1877
18325,1845
18326,1841
18327,1840
18328,1841
18329,1815
18330,1850
18331,1869
18332,1864
18333,1861
18334,1872
18335,1881
18336,1872
18337,1872
18338,1867
18339,1874
18340,1888
18341,1855
18342,1854
18343,1858
18344,1862
18345,1825
18346,1838
18347,1851
18348,1861
18349,1856
18350,1862
18351,1878
18352,1884
18353,1924
18354,1853
18355,1872
18356,1887
18357,1859
18358,1842
18359,1852
18360,1850
18361,1861
18362,1825
18363,1855
18364,1869
18365,1840
18366,1846
18367,1861
18368,1879
18369,1920
18370,1884
18371,1873
18372,1891
18373,1897
18374,1872
18375,1839
18376,1849
18377,1843
18378,1836
18379,1827
18380,1851
18381,1851
18382,1849
18383,1849
18384,1877
18385,1862
18386,1865
18387,1872
18388,1872
18389,1882
18390,1867
18391,1853
18392,1844
18393,1861
18394,1840
18395,1845
18396,1834
18397,1859
18398,1879
18399,1859
18400,1862
18401,1872
18402,1886
18403,1862
18404,1851
18405,1883
18406,1883
18407,1861
18408,1833
18409,1869
18410,1853
18411,1840
18412,1824
18413,1854
18414,1857
18415,1872
18416,1871
18417,1863
18418,1873
18419,1850
18420,1859
18421,1870
18422,1877
18423,1890
18424,1854
18425,1842
18426,1867
18427,1843
18428,1837
18429,1818
18430,1857
18431,1886
18432,1867
18433,1841
18434,1874
18435,1888
18436,1869
18437,1857
18438,1887
18439,1893
18440,1879
18441,1859
18442,1853
18443,1856
18444,1841
18445,1821
18446,1823
18447,1860
18448,1857
18449,1847
18450,1850
18451,1859
18452,1873
18453,1905
18454,1861
18455,1879
18456,1875
18457,1885
18458,1849
18459,1858
18460,1853
18461,1866
18462,1829
18463,1849
18464,1872
18465,1886
18466,1839
18467,1857
18468,1870
18469,1863
18470,1838
18471,1866
18472,1872
18473,1879
18474,1845
18475,1827
18476,1855
18477,1847
18478,1823
18479,1821
18480,1847
18481,1873
18482,1882
18483,1852
18484,1872
18485,1883
18486,1879
18487,1857
18488,1873
18489,1879
18490,1883
18491,1820
18492,1850
18493,1854
18494,1841
18495,1847
18496,1831
18497,1871
18498,1897
18499,274
18500,1872
18501,2174
18502,2262
18503,2467
18504,2458
18505,2381
18506,2237
18507,1995
18508,1916
18509,1823
18510,1535
18511,1374
18512,1361
18513,1566
18514,1721
18515,1793
18516,1808
18517,1871
18518,1883
18519,1885
18520,1881
18521,1881
18522,1874
18523,1874
18524,1872
18525,1843
18526,1855
18527,1867
18528,1865
18529,1825
18530,80
18531,1819
18532,2112
18533,2278
18534,2624
18535,2629
18536,2506
18537,2112
18538,1833
18539,1849
18540,1574
18541,1296
18542,1284
18543,1488
18544,1647
18545,1773
18546,1854
18547,1883
18548,1901
18549,1908
18550,1895
18551,1889
18552,1896
18553,1914
18554,1881
18555,1901
18556,1905
18557,1884
18558,1873
18559,1868
18560,1874
18561,0
18562,1622
18563,2112
18564,2395
18565,2755
18566,2773
18567,2547
18568,1955
18569,1770
18570,1703
18571,1421
18572,1265
18573,1375
18574,1555
18575,1705
18576,1837
18577,1871
18578,1872
18579,1872
18580,1907
18581,1926
18582,1904
18583,1898
18584,1904
18585,1887
18586,1875
18587,1851
18588,1872
18589,1891
18590,1906
18591,1902
18592,0
18593,1674
18594,2061
18595,2304
18596,2679
18597,2816
18598,2497
18599,1844
18600,1810
18601,1666
18602,1359
18603,1267
18604,1406
18605,1629
18606,1808
18607,1871
18608,1872
18609,1902
18610,1907
18611,1872
18612,1871
18613,1876
18614,1869
18615,1885
18616,1874
18617,1861
18618,1875
18619,1882
18620,1885
18621,1887
18622,1901
18623,0
18624,1568
18625,2081
18626,2513
18627,2843
18628,2975
18629,2415
18630,1853
18631,1728
18632,1407
18633,1186
18634,1199
18635,1391
18636,1715
18637,1789
18638,1889
18639,1918
18640,1936
18641,1883
18642,1899
18643,1890
18644,1854
18645,1856
18646,1839
18647,1865
18648,1873
18649,1861
18650,1882
18651,1920
18652,1907
18653,1910
18654,247
18655,1535
18656,2309
18657,3061
18658,3379
18659,3159
18660,2934
18661,1966
18662,1373
18663,1001
18664,709
18665,721
18666,1050
18667,1477
18668,1759
18669,1840
18670,1871
18671,1891
18672,1917
18673,1917
18674,1869
18675,1853
18676,1853
18677,1847
18678,1844
18679,1855
18680,1893
18681,1927
18682,1926
18683,1918
18684,1920
18685,915
18686,1405
18687,2307
18688,3547
18689,3461
18690,3095
18691,2911
18692,2192
18693,1311
18694,701
18695,215
18696,368
18697,1072
18698,1600
18699,1765
18700,1872
18701,1925
18702,1927
18703,1954
18704,1919
18705,1916
18706,1921
18707,1905
18708,1886
18709,1900
18710,1918
18711,1919
18712,1926
18713,1933
18714,1936
18715,1936
18716,1535
18717,1237
18718,2317
18719,3613
18720,3431
18721,3152
18722,2956
18723,2002
18724,1179
18725,554
18726,12
18727,427
18728,1153
18729,1617
18730,1842
18731,1925
18732,1961
18733,1951
18734,1975
18735,1966
18736,1936
18737,1933
18738,1950
18739,1936
18740,1938
18741,1964
18742,1951
18743,1959
18744,1931
18745,1936
18746,1909
18747,2657
18748,1003
18749,2126
18750,3538
18751,3511
18752,3225
18753,3024
18754,2032
18755,1223
18756,474
18757,0
18758,506
18759,1271
18760,1701
18761,1829
18762,1891
18763,1936
18764,1968
18765,1969
18766,1939
18767,1927
18768,1942
18769,1952
18770,1933
18771,1951
18772,1987
18773,1978
18774,1920
18775,1926
18776,1953
18777,1935
18778,2401
18779,706
18780,2021
18781,3407
18782,3515
18783,3217
18784,2998
18785,1904
18786,1200
18787,443
18788,23
18789,704
18790,1371
18791,1718
18792,1872
18793,1927
18794,1963
18795,1945
18796,1938
18797,1948
18798,1955
18799,1949
18800,1953
18801,1965
18802,1937
18803,1942
18804,1902
18805,1952
18806,2002
18807,1984
18808,1939
18809,2025
18810,455
18811,1941
18812,3253
18813,3537
18814,3254
18815,3027
18816,2055
18817,1111
18818,215
18819,0
18820,779
18821,1394
18822,1753
18823,1889
18824,1941
18825,1953
18826,1983
18827,1971
18828,1968
18829,1904
18830,1943
18831,1971
18832,1959
18833,1959
18834,1951
18835,1961
18836,1955
18837,1971
18838,1954
18839,1963
18840,1927
18841,294
18842,1843
18843,3214
18844,3568
18845,3259
18846,3022
18847,2151
18848,1022
18849,113
18850,10
18851,810
18852,1408
18853,1777
18854,1887
18855,1968
18856,2007
18857,2002
18858,1951
18859,1947
18860,1947
18861,1918
18862,1928
18863,1926
18864,1885
18865,1904
18866,1938
18867,1994
18868,2000
18869,1958
18870,1950
18871,1951
18872,63
18873,1830
18874,2960
18875,3563
18876,3281
18877,3062
18878,2485
18879,1110
18880,160
18881,0
18882,680
18883,1298
18884,1681
18885,1877
18886,1936
18887,1950
18888,1979
18889,1988
18890,1972
18891,1950
18892,1953
18893,1971
18894,1927
18895,1948
18896,1913
18897,1938
18898,1968
18899,1958
18900,1949
18901,1946
18902,1939
18903,19
18904,1732
18905,2867
18906,3679
18907,3337
18908,3084
18909,2351
18910,998
18911,234
18912,137
18913,859
18914,1451
18915,1751
18916,1887
18917,1954
18918,1983
18919,1973
18920,1947
18921,1932
18922,1948
18923,1978
18924,1937
18925,1933
18926,1956
18927,1953
18928,1891
18929,1915
18930,1936
18931,1936
18932,1939
18933,1931
18934,0
18935,1622
18936,2593
18937,3607
18938,3317
18939,3083
18940,2666
18941,1160
18942,286
18943,39
18944,750
18945,1344
18946,1684
18947,1868
18948,1915
18949,1941
18950,1966
18951,1983
18952,1963
18953,1970
18954,1961
18955,1969
18956,1969
18957,1953
18958,1911
18959,1924
18960,1919
18961,1928
18962,1908
18963,1920
18964,1919
18965,78
18966,1502
18967,2546
18968,3696
18969,3355
18970,3099
18971,2743
18972,1104
18973,199
18974,30
18975,689
18976,1318
18977,1670
18978,1857
18979,1920
18980,1968
18981,1996
18982,1971
18983,1936
18984,1950
18985,1936
18986,1972
18987,1969
18988,1979
18989,2000
18990,1987
18991,1965
18992,1955
18993,1943
18994,1968
18995,1911
18996,976
18997,1367
18998,2327
18999,3655
19000,3451
19001,3143
19002,2854
19003,1205
19004,320
19005,0
19006,703
19007,1345
19008,1677
19009,1870
19010,1923
19011,1950
19012,1936
19013,1945
19014,1946
19015,1936
19016,1942
19017,1952
19018,1977
19019,1994
19020,1982
19021,1967
19022,1975
19023,1969
19024,1946
19025,1936
19026,1933
19027,1871
19028,1101
19029,2146
19030,3664
19031,3457
19032,3188
19033,2959
19034,1251
19035,351
19036,0
19037,668
19038,1331
19039,1719
19040,1875
19041,1931
19042,1957
19043,1975
19044,1959
19045,1930
19046,1914
19047,1942
19048,1953
19049,1987
19050,1950
19051,1974
19052,2001
19053,2000
19054,1920
19055,1936
19056,1937
19057,1951
19058,2610
19059,962
19060,2121
19061,3632
19062,3467
19063,3173
19064,2960
19065,1393
19066,405
19067,0
19068,511
19069,1200
19070,1622
19071,1820
19072,1939
19073,1989
19074,1984
19075,1967
19076,1967
19077,1955
19078,1947
19079,1962
19080,1947
19081,1958
19082,1961
19083,1984
19084,1973
19085,1983
19086,1963
19087,1926
19088,1943
19089,2537
19090,804
19091,2031
19092,3527
19093,3530
19094,3243
19095,3003
19096,1521
19097,469
19098,0
19099,409
19100,1165
19101,1603
19102,1841
19103,1933
19104,1951
19105,1990
19106,2000
19107,1951
19108,1950
19109,1971
19110,1974
19111,1942
19112,1910
19113,1885
19114,1936
19115,2030
19116,1985
19117,1972
19118,1978
19119,1959
19120,1946
19121,1921
19122,1936
19123,1931
19124,1909
19125,1886
19126,1888
19127,1894
19128,1872
19129,1835
19130,1863
19131,1861
19132,1868
19133,1891
19134,1871
19135,1878
19136,1870
19137,1866
19138,1864
19139,1865
19140,1872
19141,1858
19142,1851
19143,1853
19144,1851
19145,1851
19146,1827
19147,1860
19148,1882
19149,1840
19150,1857
19151,1873
19152,1866
19153,1847
19154,1862
19155,1872
19156,1872
19157,1870
19158,1856
19159,1851
19160,1857
19161,1839
19162,1838
19163,1843
19164,1847
19165,1883
19166,1847
19167,1844
19168,1865
19169,1871
19170,1879
19171,1865
19172,1879
19173,1855
19174,1863
19175,1846
19176,1871
19177,1872
19178,1814
19179,1824
19180,1850
19181,1859
19182,1858
19183,1840
19184,1872
19185,1881
19186,1903
19187,1879
19188,1875
19189,1888
19190,1876
19191,1890
19192,1853
19193,1862
19194,1877
19195,1842
19196,1822
19197,1849
19198,1867
19199,1855
19200,1850
19201,1868
19202,1870
19203,1910
19204,1854
19205,1872
19206,1872
19207,1872
19208,1839
19209,1846
19210,1840
19211,1850
19212,1841
19213,1839
19214,1859
19215,1885
19216,1845
19217,1856
19218,1875
19219,1897
19220,1872
19221,1854
19222,1872
19223,1907
19224,1910
19225,1904
19226,1915
19227,1922
19228,1879
19229,1771
19230,1744
19231,1757
19232,1806
19233,1823
19234,1862
19235,1904
19236,1904
19237,1922
19238,1957
19239,1968
19240,1917
19241,1808
19242,1789
19243,1781
19244,1785
19245,1769
19246,1771
19247,1833
19248,1840
19249,1858
19250,1852
19251,1872
19252,1904
19253,1859
19254,1857
19255,1872
19256,1873
19257,1872
19258,1858
19259,1859
19260,1853
19261,1858
19262,1840
19263,1842
19264,1858
19265,1888
19266,1871
19267,1858
19268,1887
19269,1898
19270,1878
19271,1865
19272,1884
19273,1895
19274,1866
19275,1840
19276,1862
19277,1861
19278,1855
19279,1818
19280,1853
19281,1865
19282,1859
19283,1849
19284,1862
19285,1872
19286,1859
19287,1851
19288,1872
19289,1887
19290,1881
19291,1872
19292,1858
19293,1872
19294,1869
19295,1829
19296,1815
19297,1854
19298,1875
19299,1863
19300,1855
19301,1883
19302,1889
19303,1921
19304,1849
19305,1874
19306,1903
19307,1871
19308,1872
19309,1853
19310,1860
19311,1853
19312,1856
19313,1871
19314,1889
19315,1879
19316,1872
19317,1843
19318,1831
19319,1831
19320,1823
19321,1840
19322,1873
19323,1891
19324,1865
19325,1857
19326,1869
19327,1871
19328,1870
19329,1839
19330,1849
19331,1855
19332,1858
19333,1854
19334,1866
19335,1869
19336,1882
19337,1851
19338,1871
19339,1899
19340,1877
19341,1850
19342,1845
19343,1862
19344,1850
19345,1839
19346,1824
19347,1852
19348,1845
19349,1849
19350,1856
19351,1861
19352,1873
19353,1871
19354,1872
19355,1872
19356,1872
19357,1858
19358,1877
19359,1853
19360,1847
19361,1830
19362,1823
19363,1840
19364,1853
19365,1871
19366,1879
19367,1852
19368,1884
19369,1872
19370,1882
19371,1866
19372,1881
19373,1886
19374,1861
19375,1847
19376,1855
19377,1843
19378,1840
19379,1824
19380,1844
19381,1872
19382,1863
19383,1887
19384,1858
19385,1881
19386,1890
19387,1875
19388,1873
19389,1878
19390,1872
19391,1867
19392,1847
19393,1852
19394,1836
19395,1839
19396,1827
19397,1862
19398,1862
19399,1878
19400,1859
19401,1862
19402,1871
19403,1867
19404,1847
19405,1870
19406,1883
19407,1872
19408,1840
19409,1861
19410,1868
19411,1851
19412,1811
19413,1837
19414,1855
19415,1870
19416,1853
19417,1859
19418,1877
19419,1857
19420,1869
19421,1865
19422,1877
19423,1872
19424,1869
19425,1847
19426,1858
19427,1850
19428,1853
19429,1818
19430,1845
19431,1871
19432,1861
19433,1882
19434,1862
19435,1882
19436,1886
19437,1872
19438,1863
19439,1876
19440,1887
19441,1856
19442,1840
19443,1850
19444,1866
19445,1858
19446,1819
19447,1855
19448,1877
19449,1867
19450,1853
19451,1872
19452,1875
19453,1869
19454,1840
19455,1874
19456,1878
19457,1872
19458,1866
19459,1861
19460,1843
19461,1849
19462,1818
19463,1835
19464,1848
19465,1859
19466,1851
19467,1857
19468,1869
19469,1874
19470,1867
19471,1866
19472,1887
19473,1901
19474,1861
19475,1856
19476,1856
19477,1858
19478,1865
19479,1830
19480,1861
19481,1873
19482,1877
19483,1859
19484,1876
19485,1885
19486,1862
19487,1872
19488,1870
19489,1885
19490,1892
19491,1855
19492,1847
19493,1846
19494,1851
19495,1836
19496,1818
19497,1853
19498,1870
19499,1858
19500,1865
19501,1871
19502,1879
19503,1853
19504,1859
19505,1872
19506,1882
19507,1859
19508,1825
19509,1851
19510,1862
19511,1825
19512,1830
19513,1840
19514,1858
19515,1873
19516,1835
19517,1861
19518,1872
19519,1867
19520,1860
19521,1860
19522,1875
19523,1872
19524,1865
19525,1840
19526,1857
19527,1840
19528,1866
19529,1821
19530,1854
19531,1872
19532,1847
19533,1857
19534,1871
19535,1878
19536,1897
19537,1862
19538,1876
19539,1891
19540,1871
19541,1841
19542,1858
19543,1867
19544,1855
19545,1857
19546,1823
19547,1850
19548,1863
19549,1857
19550,1858
19551,1878
19552,1875
19553,1863
19554,1840
19555,1869
19556,1869
19557,1876
19558,1840
19559,1856
19560,1841
19561,1862
19562,1840
19563,1840
19564,1866
19565,1872
19566,1860
19567,1856
19568,1872
19569,1872
19570,1872
19571,1870
19572,1887
19573,1886
19574,1872
19575,1856
19576,1849
19577,1859
19578,1827
19579,1826
19580,1855
19581,1867
19582,1889
19583,1872
19584,1858
19585,1888
19586,1865
19587,1862
19588,1870
19589,1874
19590,1870
19591,1860
19592,1850
19593,1872
19594,1872
19595,1856
19596,1823
19597,1856
19598,1859
19599,1867
19600,1846
19601,1875
19602,1869
19603,1871
19604,1872
19605,1881
19606,1889
19607,1879
19608,1851
19609,1854
19610,1861
19611,1839
19612,1817
19613,1835
19614,1842
19615,1872
19616,1844
19617,1851
19618,1886
19619,1895
19620,1868
19621,1858
19622,1884
19623,1875
19624,1852
19625,1819
19626,1840
19627,1857
19628,1833
19629,1825
19630,1838
19631,1854
19632,1888
19633,1834
19634,1883
19635,1882
19636,1886
19637,1867
19638,1871
19639,1889
19640,1871
19641,1867
19642,1839
19643,1850
19644,1831
19645,1841
19646,1819
19647,1847
19648,1855
19649,1859
19650,1854
19651,1876
19652,1879
19653,1874
19654,1877
19655,1872
19656,1874
19657,1866
19658,1867
19659,1854
19660,1857
19661,1863
19662,1853
19663,1831
19664,1856
19665,1862
19666,1849
19667,1866
19668,1875
19669,1887
19670,1870
19671,1867
19672,1889
19673,1943
19674,1903
19675,1872
19676,1873
19677,1869
19678,1785
19679,1801
19680,1807
19681,1829
19682,1857
19683,1824
19684,1858
19685,1894
19686,1891
19687,1897
19688,1872
19689,1883
19690,1887
19691,1845
19692,1845
19693,1855
19694,1855
19695,1808
19696,1819
19697,1847
19698,1856
19699,1858
19700,1872
19701,1872
19702,1877
19703,1889
19704,1866
19705,1863
19706,1872
19707,1873
19708,1853
19709,1856
19710,1863
19711,1835
19712,1805
19713,1831
19714,1853
19715,1871
19716,1851
19717,1861
19718,1867
19719,1888
19720,1879
19721,1867
19722,1885
19723,1901
19724,1868
19725,1840
19726,1858
19727,1846
19728,1819
19729,1825
19730,1840
19731,1852
19732,1847
19733,1872
19734,1863
19735,1877
19736,1874
19737,1855
19738,1867
19739,1881
19740,1872
19741,1870
19742,1843
19743,1856
19744,1853
19745,1840
19746,1822
19747,1851
19748,1842
19749,1884
19750,1851
19751,1872
19752,1889
19753,1872
19754,1870
19755,1875
19756,1885
19757,1902
19758,1851
19759,1856
19760,1845
19761,1859
19762,1829
19763,1825
19764,1854
19765,1859
19766,1851
19767,1854
19768,1873
19769,1885
19770,1863
19771,1872
19772,1890
19773,1893
19774,1878
19775,1856
19776,1855
19777,1867
19778,1842
19779,1834
19780,1834
19781,1856
19782,1861
19783,1837
19784,1870
19785,1883
19786,1883
19787,1847
19788,1874
19789,1892
19790,1911
19791,1850
19792,1856
19793,1854
19794,1839
19795,1851
19796,1809
19797,1842
19798,1870
19799,1858
19800,1855
19801,1876
19802,1884
19803,1879
19804,1878
19805,1898
19806,1906
19807,1902
19808,1836
19809,1851
19810,1844
19811,1858
19812,1823
19813,1808
19814,1841
19815,1869
19816,1850
19817,1856
19818,1872
19819,1895
19820,1872
19821,1861
19822,1883
19823,1898
19824,1875
19825,1855
19826,1840
19827,1850
19828,1808
19829,1808
19830,1831
19831,1856
19832,1859
19833,1887
19834,1869
19835,1877
19836,1856
19837,1881
19838,1872
19839,1889
19840,1883
19841,1890
19842,1854
19843,1859
19844,1858
19845,1844
19846,1813
19847,1844
19848,1858
19849,1855
19850,1866
19851,1882
19852,1883
19853,1895
19854,1845
19855,1872
19856,1874
19857,1885
19858,1853
19859,1851
19860,1844
19861,1837
19862,1833
19863,1821
19864,1859
19865,1873
19866,1854
19867,1862
19868,1891
19869,1881
19870,1895
19871,1871
19872,1887
19873,1904
19874,1875
19875,1836
19876,1863
19877,1844
19878,1843
19879,1825
19880,1847
19881,1862
19882,1859
19883,1872
19884,1872
19885,1886
19886,1872
19887,1862
19888,1873
19889,1893
19890,1913
19891,1872
19892,1840
19893,1837
19894,1838
19895,1812
19896,1810
19897,1843
19898,1872
19899,1840
19900,1872
19901,1875
19902,1897
19903,1872
19904,1851
19905,1873
19906,1893
19907,1876
19908,1856
19909,1840
19910,1840
19911,1847
19912,1808
19913,1817
19914,1843
19915,1857
19916,1850
19917,1865
19918,1871
19919,1883
19920,1870
19921,1870
19922,1890
19923,1897
19924,1889
19925,1835
19926,1844
19927,1855
19928,1838
19929,1808
19930,1842
19931,1853
19932,1871
19933,1859
19934,1871
19935,1882
19936,1872
19937,1866
19938,1874
19939,1897
19940,1893
19941,1851
19942,1850
19943,1842
19944,1830
19945,1856
19946,1808
19947,1840
19948,1870
19949,1857
19950,1840
19951,1873
19952,1872
19953,1896
19954,1866
19955,1875
19956,1889
19957,1885
19958,1863
19959,1847
19960,1857
19961,1838
19962,1794
19963,1824
19964,1859
19965,1872
19966,1871
19967,1859
19968,1874
19969,1884
19970,1887
19971,1871
19972,1892
19973,1897
19974,1874
19975,1843
19976,1856
19977,1842
19978,1815
19979,1825
19980,1838
19981,1863
19982,1870
19983,1846
19984,1872
19985,1879
19986,1883
19987,1862
19988,1875
19989,1894
19990,1891
19991,1878
19992,1846
19993,1857
19994,1855
19995,1826
19996,1812
19997,1850
19998,1854
19999,1856
20000,1862
20001,1875
20002,1899
20003,1883
20004,1861
20005,1872
20006,1890
20007,1869
20008,1835
20009,1840
20010,1857
20011,1838
20012,1811
20013,1825
20014,1846
20015,1872
20016,1863
20017,1857
20018,1873
20019,1878
20020,1887
20021,1867
20022,1885
20023,1903
20024,1875
20025,1840
20026,1845
20027,1826
20028,1840
20029,1835
20030,1837
20031,1872
20032,1877
20033,1870
20034,1870
20035,1894
20036,1870
20037,1859
20038,1872
20039,1889
20040,1881
20041,1853
20042,1841
20043,1849
20044,1840
20045,1834
20046,1810
20047,1843
20048,1856
20049,1858
20050,1853
20051,1882
20052,1870
20053,1871
20054,1872
20055,1891
20056,1882
20057,1887
20058,1851
20059,1840
20060,1857
20061,1853
20062,1840
20063,1817
20064,1847
20065,1858
20066,1855
20067,1858
20068,1871
20069,1899
20070,1869
20071,1872
20072,1889
20073,1895
20074,1872
20075,1861
20076,1859
20077,1847
20078,1825
20079,1810
20080,1847
20081,1856
20082,1866
20083,1847
20084,1872
20085,1895
20086,1894
20087,1877
20088,1876
20089,1881
20090,1882
20091,1854
20092,1843
20093,1847
20094,1845
20095,1806
20096,1808
20097,1840
20098,1859
20099,1855
20100,1875
20101,1886
20102,1888
20103,1888
20104,1867
20105,1897
20106,1882
20107,1894
20108,1869
20109,1841
20110,1849
20111,1825
20112,1833
20113,1820
20114,1850
20115,1978
20116,367
20117,1877
20118,2141
20119,2210
20120,2351
20121,2333
20122,2245
20123,2107
20124,1927
20125,1942
20126,1811
20127,1604
20128,1526
20129,1535
20130,1692
20131,1803
20132,1847
20133,1915
20134,1874
20135,1897
20136,1926
20137,1891
20138,1893
20139,1899
20140,1904
20141,1872
20142,1839
20143,1842
20144,1840
20145,1824
20146,1808
20147,206
20148,1815
20149,2064
20150,2250
20151,2473
20152,2419
20153,2235
20154,1924
20155,1805
20156,1871
20157,1662
20158,1578
20159,1569
20160,1705
20161,1773
20162,1799
20163,1837
20164,1873
20165,1900
20166,1910
20167,1913
20168,1909
20169,1910
20170,1872
20171,1856
20172,1872
20173,1872
20174,1863
20175,1857
20176,1851
20177,1860
20178,46
20179,1658
20180,2064
20181,2317
20182,2640
20183,2689
20184,2480
20185,2034
20186,1894
20187,1728
20188,1428
20189,1344
20190,1458
20191,1586
20192,1696
20193,1800
20194,1861
20195,1858
20196,1859
20197,1885
20198,1889
20199,1911
20200,1862
20201,1878
20202,1872
20203,1874
20204,1855
20205,1875
20206,1911
20207,1913
20208,1890
20209,0
20210,1750
20211,2067
20212,2278
20213,2454
20214,2519
20215,2335
20216,1932
20217,1907
20218,1744
20219,1525
20220,1471
20221,1505
20222,1637
20223,1790
20224,1887
20225,1872
20226,1890
20227,1911
20228,1887
20229,1850
20230,1842
20231,1840
20232,1838
20233,1867
20234,1859
20235,1879
20236,1904
20237,1882
20238,1894
20239,1907
20240,0
20241,1577
20242,2032
20243,2378
20244,2536
20245,2480
20246,2180
20247,1796
20248,1746
20249,1690
20250,1555
20251,1562
20252,1688
20253,1843
20254,1872
20255,1915
20256,1934
20257,1964
20258,1909
20259,1886
20260,1875
20261,1825
20262,1799
20263,1803
20264,1840
20265,1889
20266,1874
20267,1853
20268,1885
20269,1895
20270,1902
20271,317
20272,1510
20273,2234
20274,2875
20275,3322
20276,3157
20277,2977
20278,2013
20279,1535
20280,1132
20281,850
20282,767
20283,982
20284,1383
20285,1691
20286,1810
20287,1869
20288,1902
20289,1915
20290,1935
20291,1891
20292,1856
20293,1851
20294,1851
20295,1842
20296,1832
20297,1869
20298,1891
20299,1913
20300,1920
20301,1947
20302,695
20303,1427
20304,2288
20305,3475
20306,3407
20307,3153
20308,2931
20309,2401
20310,1514
20311,928
20312,402
20313,257
20314,915
20315,1488
20316,1713
20317,1824
20318,1895
20319,1922
20320,1904
20321,1911
20322,1920
20323,1910
20324,1927
20325,1914
20326,1890
20327,1889
20328,1907
20329,1888
20330,1900
20331,1924
20332,1941
20333,1914
20334,1213
20335,2298
20336,3549
20337,3406
20338,3152
20339,2928
20340,2325
20341,1386
20342,707
20343,230
20344,361
20345,930
20346,1469
20347,1765
20348,1872
20349,1933
20350,1946
20351,1961
20352,1952
20353,2003
20354,1954
20355,2007
20356,1995
20357,1968
20358,1923
20359,1889
20360,1892
20361,1925
20362,1904
20363,1894
20364,2603
20365,1011
20366,2122
20367,3506
20368,3479
20369,3198
20370,2955
20371,2288
20372,1328
20373,539
20374,126
20375,530
20376,1150
20377,1607
20378,1785
20379,1875
20380,1904
20381,1948
20382,1971
20383,1953
20384,1939
20385,1920
20386,1937
20387,2004
20388,1975
20389,1968
20390,1955
20391,1950
20392,1925
20393,1936
20394,1931
20395,2646
20396,880
20397,2071
20398,3504
20399,3433
20400,3139
20401,2957
20402,2113
20403,1211
20404,469
20405,83
20406,583
20407,1261
20408,1649
20409,1839
20410,1910
20411,1934
20412,1924
20413,1933
20414,1949
20415,1933
20416,1954
20417,1950
20418,1973
20419,1966
20420,1945
20421,1961
20422,1974
20423,1982
20424,1966
20425,1939
20426,2099
20427,533
20428,1957
20429,3061
20430,3486
20431,3198
20432,2967
20433,2334
20434,1361
20435,575
20436,0
20437,542
20438,1244
20439,1674
20440,1869
20441,1934
20442,1936
20443,1968
20444,1962
20445,1909
20446,1901
20447,1936
20448,1950
20449,1958
20450,1947
20451,1968
20452,1971
20453,1983
20454,1949
20455,1963
20456,1967
20457,1955
20458,358
20459,1847
20460,3198
20461,3491
20462,3199
20463,2967
20464,2279
20465,1154
20466,324
20467,61
20468,643
20469,1246
20470,1682
20471,1840
20472,1945
20473,1995
20474,1982
20475,1991
20476,1947
20477,1942
20478,1921
20479,1936
20480,1948
20481,1942
20482,1984
20483,1965
20484,1958
20485,1975
20486,1961
20487,1965
20488,1955
20489,280
20490,1925
20491,3067
20492,3495
20493,3213
20494,2978
20495,2464
20496,1163
20497,247
20498,0
20499,576
20500,1266
20501,1687
20502,1904
20503,1976
20504,1998
20505,1997
20506,2006
20507,1997
20508,1970
20509,1962
20510,1954
20511,1967
20512,1946
20513,1921
20514,1949
20515,1991
20516,1978
20517,1957
20518,1959
20519,1958
20520,0
20521,1713
20522,2803
20523,3507
20524,3248
20525,3057
20526,2395
20527,1163
20528,395
20529,47
20530,644
20531,1305
20532,1715
20533,1883
20534,1949
20535,2000
20536,2021
20537,2011
20538,1984
20539,1997
20540,2010
20541,1977
20542,1942
20543,1939
20544,1936
20545,1928
20546,1895
20547,1922
20548,1931
20549,1949
20550,1899
20551,0
20552,1692
20553,2622
20554,3558
20555,3315
20556,3059
20557,2591
20558,1281
20559,422
20560,0
20561,621
20562,1253
20563,1664
20564,1857
20565,1965
20566,1967
20567,1984
20568,2013
20569,1994
20570,2000
20571,1968
20572,1959
20573,1957
20574,1979
20575,1958
20576,1957
20577,1942
20578,1934
20579,1907
20580,1915
20581,1916
20582,163
20583,1490
20584,2502
20585,3575
20586,3312
20587,3088
20588,2719
20589,1232
20590,448
20591,0
20592,559
20593,1271
20594,1681
20595,1823
20596,1910
20597,1966
20598,2002
20599,1989
20600,1968
20601,1990
20602,2000
20603,1965
20604,1967
20605,1977
20606,1965
20607,1981
20608,1933
20609,1931
20610,1937
20611,1937
20612,1890
20613,405
20614,1488
20615,2437
20616,3633
20617,3342
20618,3098
20619,2771
20620,1274
20621,479
20622,38
20623,637
20624,1299
20625,1652
20626,1840
20627,1921
20628,1951
20629,1938
20630,1967
20631,1978
20632,1978
20633,1991
20634,1990
20635,1947
20636,1937
20637,1959
20638,1977
20639,1997
20640,1919
20641,1927
20642,1910
20643,1930
20644,1579
20645,1136
20646,2157
20647,3556
20648,3406
20649,3134
20650,2883
20651,1371
20652,592
20653,56
20654,509
20655,1255
20656,1687
20657,1897
20658,1940
20659,1951
20660,1963
20661,1937
20662,1925
20663,1958
20664,1983
20665,1967
20666,1955
20667,1904
20668,1909
20669,1907
20670,1964
20671,1954
20672,1968
20673,1966
20674,1927
20675,2417
20676,1082
20677,2134
20678,3467
20679,3408
20680,3127
20681,2899
20682,1424
20683,627
20684,40
20685,487
20686,1231
20687,1631
20688,1835
20689,1937
20690,1996
20691,1985
20692,1984
20693,1967
20694,1975
20695,1984
20696,1938
20697,1991
20698,1948
20699,1932
20700,1906
20701,1917
20702,1968
20703,1954
20704,1936
20705,1940
20706,2606
20707,904
20708,2016
20709,3465
20710,3398
20711,3137
20712,2928
20713,1535
20714,580
20715,0
20716,324
20717,1114
20718,1614
20719,1859
20720,1936
20721,1984
20722,2014
20723,2032
20724,1991
20725,1973
20726,1957
20727,1947
20728,1937
20729,1953
20730,1936
20731,1951
20732,1973
20733,1948
20734,1951
20735,1968
20736,1963
20737,1949
20738,1930
20739,1939
20740,1933
20741,1911
20742,1890
20743,1893
20744,1875
20745,1874
20746,1851
20747,1867
20748,1893
20749,1871
20750,1871
20751,1878
20752,1866
20753,1877
20754,1871
20755,1871
20756,1876
20757,1877
20758,1860
20759,1852
20760,1857
20761,1867
20762,1835
20763,1825
20764,1849
20765,1870
20766,1861
20767,1858
20768,1878
20769,1883
20770,1890
20771,1860
20772,1873
20773,1884
20774,1889
20775,1855
20776,1854
20777,1842
20778,1851
20779,1837
20780,1835
20781,1856
20782,1883
20783,1847
20784,1854
20785,1872
20786,1872
20787,1856
20788,1855
20789,1882
20790,1904
20791,1863
20792,1843
20793,1842
20794,1836
20795,1830
20796,1824
20797,1853
20798,1855
20799,1859
20800,1855
20801,1860
20802,1872
20803,1885
20804,1855
20805,1875
20806,1877
20807,1875
20808,1852
20809,1847
20810,1846
20811,1861
20812,1843
20813,1834
20814,1846
20815,1866
20816,1854
20817,1849
20818,1843
20819,1873
20820,1869
20821,1872
20822,1873
20823,1886
20824,1853
20825,1850
20826,1845
20827,1857
20828,1816
20829,1840
20830,1839
20831,1853
20832,1862
20833,1886
20834,1868
20835,1887
20836,1873
20837,1861
20838,1856
20839,1872
20840,1873
20841,1872
20842,1853
20843,1846
20844,1845
20845,1856
20846,1838
20847,1846
20848,1858
20849,1866
20850,1861
20851,1872
20852,1871
20853,1883
20854,1861
20855,1869
20856,1882
20857,1885
20858,1873
20859,1850
20860,1857
20861,1823
20862,1825
20863,1834
20864,1859
20865,1854
20866,1856
20867,1849
20868,1882
20869,1904
20870,1889
20871,1868
20872,1872
20873,1872
20874,1856
20875,1833
20876,1840
20877,1854
20878,1827
20879,1825
20880,1846
20881,1859
20882,1876
20883,1855
20884,1861
20885,1872
20886,1893
20887,1897
20888,1868
20889,1877
20890,1846
20891,1858
20892,1841
20893,1850
20894,1843
20895,1840
20896,1805
20897,1854
20898,1867
20899,1862
20900,1856
20901,1865
20902,1871
20903,1876
20904,1840
20905,1865
20906,1877
20907,1853
20908,1838
20909,1840
20910,1862
20911,1857
20912,1815
20913,1822
20914,1856
20915,1872
20916,1869
20917,1849
20918,1871
20919,1885
20920,1887
20921,1840
20922,1881
20923,1872
20924,1858
20925,1872
20926,1849
20927,1854
20928,1850
20929,1799
20930,1840
20931,1867
20932,1891
20933,1855
20934,1853
20935,1870
20936,1853
20937,1870
20938,1856
20939,1872
20940,1890
20941,1847
20942,1833
20943,1852
20944,1845
20945,1856
20946,1840
20947,1845
20948,1861
20949,1874
20950,1856
20951,1854
20952,1870
20953,1872
20954,1887
20955,1869
20956,1872
20957,1901
20958,1840
20959,1845
20960,1853
20961,1862
20962,1806
20963,1826
20964,1847
20965,1871
20966,1852
20967,1856
20968,1862
20969,1877
20970,1872
20971,1863
20972,1872
20973,1876
20974,1882
20975,1872
20976,1859
20977,1850
20978,1837
20979,1824
20980,1841
20981,1867
20982,1871
20983,1829
20984,1861
20985,1866
20986,1868
20987,1885
20988,1869
20989,1877
20990,1877
20991,1858
20992,1844
20993,1852
20994,1857
20995,1845
20996,1785
20997,1845
20998,1854
20999,1882
21000,1869
21001,1882
21002,1891
21003,1885
21004,1856
21005,1863
21006,1878
21007,1872
21008,1890
21009,1851
21010,1854
21011,1847
21012,1814
21013,1819
21014,1859
21015,1866
21016,1857
21017,1871
21018,1872
21019,1875
21020,1873
21021,1846
21022,1871
21023,1872
21024,1855
21025,1840
21026,1861
21027,1856
21028,1840
21029,1821
21030,1838
21031,1858
21032,1876
21033,1824
21034,1867
21035,1887
21036,1878
21037,1865
21038,1869
21039,1888
21040,1885
21041,1871
21042,1842
21043,1861
21044,1855
21045,1846
21046,1809
21047,1841
21048,1855
21049,1855
21050,1860
21051,1872
21052,1887
21053,1865
21054,1856
21055,1872
21056,1873
21057,1872
21058,1843
21059,1859
21060,1870
21061,1856
21062,1824
21063,1823
21064,1858
21065,1880
21066,1864
21067,1856
21068,1889
21069,1892
21070,1858
21071,1847
21072,1879
21073,1885
21074,1890
21075,1830
21076,1857
21077,1863
21078,1847
21079,1823
21080,1835
21081,1866
21082,1875
21083,1862
21084,1862
21085,1887
21086,1891
21087,1856
21088,1859
21089,1883
21090,1898
21091,1844
21092,1845
21093,1854
21094,1855
21095,1841
21096,1838
21097,1841
21098,1867
21099,1858
21100,1869
21101,1870
21102,1872
21103,1862
21104,1851
21105,1866
21106,1883
21107,1899
21108,1834
21109,1852
21110,1856
21111,1854
21112,1809
21113,1825
21114,1853
21115,1894
21116,1853
21117,1867
21118,1870
21119,1891
21120,1872
21121,1866
21122,1872
21123,1872
21124,1866
21125,1857
21126,1859
21127,1850
21128,1863
21129,1814
21130,1845
21131,1872
21132,1866
21133,1835
21134,1855
21135,1891
21136,1863
21137,1872
21138,1861
21139,1884
21140,1895
21141,1875
21142,1851
21143,1854
21144,1840
21145,1834
21146,1823
21147,1847
21148,1871
21149,1869
21150,1839
21151,1871
21152,1889
21153,1879
21154,1861
21155,1874
21156,1875
21157,1877
21158,1851
21159,1842
21160,1868
21161,1853
21162,1826
21163,1819
21164,1854
21165,1871
21166,1861
21167,1863
21168,1880
21169,1883
21170,1878
21171,1863
21172,1875
21173,1889
21174,1861
21175,1869
21176,1845
21177,1843
21178,1844
21179,1830
21180,1840
21181,1850
21182,1871
21183,1846
21184,1856
21185,1886
21186,1873
21187,1879
21188,1865
21189,1882
21190,1871
21191,1859
21192,1844
21193,1855
21194,1845
21195,1846
21196,1807
21197,1850
21198,1861
21199,1866
21200,1830
21201,1872
21202,1883
21203,1876
21204,1867
21205,1868
21206,1873
21207,1901
21208,1841
21209,1847
21210,1853
21211,1883
21212,1828
21213,1824
21214,1856
21215,1872
21216,1859
21217,1856
21218,1863
21219,1881
21220,1895
21221,1857
21222,1875
21223,1879
21224,1887
21225,1846
21226,1857
21227,1856
21228,1842
21229,1827
21230,1839
21231,1867
21232,1878
21233,1843
21234,1862
21235,1892
21236,1877
21237,1853
21238,1862
21239,1882
21240,1890
21241,1853
21242,1853
21243,1857
21244,1855
21245,1831
21246,1838
21247,1849
21248,1873
21249,1879
21250,1818
21251,1867
21252,1881
21253,1918
21254,1873
21255,1873
21256,1890
21257,1891
21258,1866
21259,1845
21260,1849
21261,1860
21262,1827
21263,1823
21264,1847
21265,1862
21266,1855
21267,1847
21268,1887
21269,1884
21270,1900
21271,1886
21272,1885
21273,1894
21274,1879
21275,1841
21276,1854
21277,1845
21278,1838
21279,1823
21280,1833
21281,1855
21282,1858
21283,1858
21284,1861
21285,1882
21286,1878
21287,1872
21288,1858
21289,1879
21290,1902
21291,1856
21292,1850
21293,1870
21294,1853
21295,1822
21296,1820
21297,1849
21298,1865
21299,1878
21300,1845
21301,1874
21302,1872
21303,1882
21304,1842
21305,1872
21306,1878
21307,1891
21308,1856
21309,1851
21310,1857
21311,1865
21312,1837
21313,1823
21314,1849
21315,1872
21316,1851
21317,1858
21318,1866
21319,1871
21320,1871
21321,1858
21322,1877
21323,1878
21324,1869
21325,1872
21326,1850
21327,1847
21328,1856
21329,1841
21330,1824
21331,1861
21332,1873
21333,1882
21334,1861
21335,1887
21336,1861
21337,1858
21338,1860
21339,1883
21340,1893
21341,1872
21342,1841
21343,1844
21344,1850
21345,1808
21346,1839
21347,1842
21348,1866
21349,1857
21350,1882
21351,1869
21352,1877
21353,1887
21354,1879
21355,1872
21356,1874
21357,1885
21358,1856
21359,1842
21360,1857
21361,1839
21362,1844
21363,1819
21364,1857
21365,1885
21366,1858
21367,1872
21368,1889
21369,1887
21370,1873
21371,1833
21372,1883
21373,1894
21374,1898
21375,1833
21376,1855
21377,1856
21378,1845
21379,1836
21380,1837
21381,1862
21382,1878
21383,1851
21384,1853
21385,1861
21386,1872
21387,1878
21388,1857
21389,1885
21390,1904
21391,1870
21392,1854
21393,1856
21394,1847
21395,1827
21396,1845
21397,1840
21398,1856
21399,1870
21400,1865
21401,1872
21402,1883
21403,1845
21404,1867
21405,1871
21406,1877
21407,1890
21408,1861
21409,1842
21410,1854
21411,1848
21412,1840
21413,1823
21414,1851
21415,1873
21416,1845
21417,1841
21418,1863
21419,1867
21420,1866
21421,1850
21422,1872
21423,1882
21424,1872
21425,1840
21426,1860
21427,1850
21428,1855
21429,1823
21430,1838
21431,1856
21432,1904
21433,1847
21434,1863
21435,1875
21436,1865
21437,1871
21438,1865
21439,1882
21440,1878
21441,1862
21442,1846
21443,1838
21444,1838
21445,1817
21446,1796
21447,1837
21448,1866
21449,1861
21450,1858
21451,1871
21452,1888
21453,1884
21454,1875
21455,1870
21456,1882
21457,1869
21458,1889
21459,1851
21460,1852
21461,1843
21462,1851
21463,1821
21464,1854
21465,1867
21466,1869
21467,1855
21468,1875
21469,1887
21470,1921
21471,1854
21472,1872
21473,1880
21474,1871
21475,1841
21476,1838
21477,1857
21478,1863
21479,1831
21480,1834
21481,1857
21482,1875
21483,1873
21484,1862
21485,1888
21486,1861
21487,1869
21488,1858
21489,1882
21490,1872
21491,1867
21492,1827
21493,1866
21494,1849
21495,1811
21496,1797
21497,1859
21498,1872
21499,1890
21500,1901
21501,1882
21502,1876
21503,1891
21504,1863
21505,1871
21506,1872
21507,1883
21508,1840
21509,1849
21510,1855
21511,1835
21512,1839
21513,1819
21514,1856
21515,1862
21516,1859
21517,1861
21518,1863
21519,1872
21520,1860
21521,1855
21522,1881
21523,1895
21524,1863
21525,1854
21526,1856
21527,1854
21528,1890
21529,1840
21530,1834
21531,1855
21532,1863
21533,1859
21534,1851
21535,1887
21536,1893
21537,1851
21538,1855
21539,1875
21540,1871
21541,1853
21542,1841
21543,1857
21544,1872
21545,1849
21546,1855
21547,1846
21548,1871
21549,1863
21550,1872
21551,1872
21552,1883
21553,1855
21554,1856
21555,1875
21556,1874
21557,1879
21558,1837
21559,1851
21560,1869
21561,1852
21562,1830
21563,1827
21564,1851
21565,1855
21566,1860
21567,1855
21568,1867
21569,1898
21570,1876
21571,1856
21572,1872
21573,1874
21574,1862
21575,1853
21576,1846
21577,1859
21578,1845
21579,1823
21580,1836
21581,1852
21582,1878
21583,1883
21584,1865
21585,1883
21586,1873
21587,1851
21588,1858
21589,1874
21590,1886
21591,1871
21592,1840
21593,1858
21594,1835
21595,1853
21596,1819
21597,1842
21598,1851
21599,1867
21600,1852
21601,1872
21602,1876
21603,1890
21604,1856
21605,1872
21606,1883
21607,1878
21608,1891
21609,1847
21610,1859
21611,1851
21612,1843
21613,1815
21614,1854
21615,1872
21616,1851
21617,1855
21618,1871
21619,1877
21620,1887
21621,1853
21622,1863
21623,1871
21624,1865
21625,1846
21626,1837
21627,1858
21628,1820
21629,1817
21630,1826
21631,1858
21632,1866
21633,1869
21634,1858
21635,1871
21636,1894
21637,1851
21638,1870
21639,1890
21640,1883
21641,1869
21642,1827
21643,1854
21644,1851
21645,1850
21646,1808
21647,1841
21648,1866
21649,1865
21650,1850
21651,1870
21652,1890
21653,1901
21654,1891
21655,1870
21656,1881
21657,1873
21658,1853
21659,1847
21660,1872
21661,1841
21662,1822
21663,1822
21664,1856
21665,1872
21666,1872
21667,1856
21668,1874
21669,1879
21670,1873
21671,1845
21672,1873
21673,1876
21674,1871
21675,1871
21676,1854
21677,1855
21678,1843
21679,1843
21680,1837
21681,1867
21682,1867
21683,1851
21684,1850
21685,1869
21686,1854
21687,1847
21688,1855
21689,1886
21690,1898
21691,1855
21692,1833
21693,1841
21694,1846
21695,1840
21696,1827
21697,1840
21698,1872
21699,1872
21700,1828
21701,1867
21702,1870
21703,1907
21704,1863
21705,1872
21706,1883
21707,1887
21708,1858
21709,1842
21710,1857
21711,1850
21712,1824
21713,1819
21714,1846
21715,1872
21716,1844
21717,1838
21718,1882
21719,1881
21720,1857
21721,1872
21722,1882
21723,1877
21724,1863
21725,1867
21726,1855
21727,1859
21728,1870
21729,1862
21730,1839
21731,1863
21732,2301
21733,535
21734,1921
21735,2026
21736,1967
21737,1917
21738,1830
21739,1720
21740,1689
21741,1935
21742,2399
21743,2477
21744,2189
21745,1990
21746,1885
21747,1899
21748,1917
21749,1926
21750,1901
21751,1909
21752,1918
21753,1898
21754,1875
21755,1841
21756,1827
21757,1818
21758,1804
21759,1813
21760,1815
21761,1822
21762,1799
21763,1865
21764,335
21765,1856
21766,1925
21767,1887
21768,1883
21769,1827
21770,1680
21771,1712
21772,2185
21773,2589
21774,2366
21775,2029
21776,1902
21777,1871
21778,1883
21779,1853
21780,1859
21781,1881
21782,1884
21783,1859
21784,1851
21785,1861
21786,1854
21787,1872
21788,1808
21789,1829
21790,1837
21791,1809
21792,1813
21793,1824
21794,1841
21795,200
21796,1723
21797,1919
21798,1897
21799,1897
21800,1799
21801,1664
21802,1808
21803,2306
21804,2496
21805,2299
21806,2071
21807,1963
21808,1903
21809,1918
21810,1907
21811,1902
21812,1872
21813,1840
21814,1854
21815,1856
21816,1823
21817,1783
21818,1803
21819,1807
21820,1823
21821,1807
21822,1849
21823,1857
21824,1840
21825,1840
21826,26
21827,1751
21828,1936
21829,1885
21830,1861
21831,1745
21832,1669
21833,1882
21834,2318
21835,2421
21836,2194
21837,1978
21838,1935
21839,1949
21840,1951
21841,1936
21842,1905
21843,1901
21844,1868
21845,1838
21846,1770
21847,1763
21848,1774
21849,1782
21850,1813
21851,1837
21852,1852
21853,1873
21854,1845
21855,1858
21856,1872
21857,0
21858,1642
21859,1983
21860,2068
21861,2034
21862,1879
21863,1800
21864,2100
21865,2287
21866,2169
21867,1929
21868,1843
21869,1856
21870,1920
21871,1895
21872,1931
21873,1918
21874,1914
21875,1902
21876,1871
21877,1839
21878,1787
21879,1776
21880,1776
21881,1777
21882,1791
21883,1793
21884,1835
21885,1857
21886,1875
21887,1910
21888,0
21889,1641
21890,2063
21891,2112
21892,2075
21893,1876
21894,1911
21895,2183
21896,2154
21897,2027
21898,1845
21899,1809
21900,1847
21901,1907
21902,1936
21903,1935
21904,1903
21905,1895
21906,1889
21907,1841
21908,1813
21909,1803
21910,1813
21911,1814
21912,1826
21913,1799
21914,1841
21915,1871
21916,1851
21917,1867
21918,1882
21919,110
21920,1418
21921,2020
21922,2286
21923,2333
21924,2166
21925,2239
21926,2227
21927,1895
21928,1759
21929,1637
21930,1616
21931,1729
21932,1822
21933,1887
21934,1881
21935,1904
21936,1901
21937,1861
21938,1830
21939,1841
21940,1840
21941,1842
21942,1830
21943,1835
21944,1843
21945,1840
21946,1819
21947,1859
21948,1883
21949,1890
21950,1142
21951,1295
21952,2064
21953,2381
21954,2495
21955,2429
21956,2528
21957,2176
21958,1742
21959,1619
21960,1499
21961,1479
21962,1584
21963,1708
21964,1839
21965,1872
21966,1892
21967,1872
21968,1858
21969,1853
21970,1873
21971,1811
21972,1843
21973,1878
21974,1882
21975,1840
21976,1872
21977,1868
21978,1871
21979,1852
21980,1866
21981,2073
21982,1153
21983,2042
21984,2687
21985,3152
21986,3090
21987,2864
21988,2070
21989,1573
21990,1233
21991,965
21992,1002
21993,1287
21994,1523
21995,1744
21996,1833
21997,1835
21998,1847
21999,1836
22000,1854
22001,1850
22002,1862
22003,1875
22004,1868
22005,1891
22006,1923
22007,1935
22008,1899
22009,1892
22010,1905
22011,1904
22012,2656
22013,918
22014,2029
22015,3167
22016,3473
22017,3153
22018,2945
22019,2728
22020,1635
22021,901
22022,375
22023,391
22024,842
22025,1438
22026,1738
22027,1840
22028,1856
22029,1850
22030,1853
22031,1867
22032,1878
22033,1859
22034,1890
22035,1910
22036,1937
22037,1958
22038,1936
22039,1968
22040,1974
22041,1955
22042,1925
22043,2607
22044,835
22045,2063
22046,3409
22047,3443
22048,3163
22049,2977
22050,2639
22051,1403
22052,528
22053,53
22054,220
22055,973
22056,1594
22057,1865
22058,1888
22059,1911
22060,1927
22061,1915
22062,1888
22063,1883
22064,1904
22065,1930
22066,1951
22067,1968
22068,1989
22069,1991
22070,1982
22071,1968
22072,1974
22073,1968
22074,2095
22075,546
22076,1955
22077,3431
22078,3490
22079,3212
22080,2990
22081,2447
22082,1345
22083,544
22084,30
22085,253
22086,1077
22087,1661
22088,1841
22089,1951
22090,1971
22091,1958
22092,1917
22093,1925
22094,1930
22095,1933
22096,1926
22097,1946
22098,1966
22099,2000
22100,1971
22101,1975
22102,2003
22103,1986
22104,1939
22105,1949
22106,327
22107,1945
22108,3262
22109,3523
22110,3221
22111,3007
22112,2400
22113,1296
22114,523
22115,0
22116,373
22117,1182
22118,1649
22119,1866
22120,1938
22121,1937
22122,1968
22123,1951
22124,1936
22125,1961
22126,1939
22127,1967
22128,1979
22129,1939
22130,1945
22131,1981
22132,1990
22133,1954
22134,1963
22135,1968
22136,1950
22137,120
22138,1799
22139,3194
22140,3582
22141,3266
22142,2990
22143,2410
22144,1391
22145,646
22146,0
22147,271
22148,1058
22149,1576
22150,1808
22151,1923
22152,1973
22153,1980
22154,1953
22155,1955
22156,1966
22157,1982
22158,1973
22159,1952
22160,1936
22161,1914
22162,1935
22163,1981
22164,2017
22165,2007
22166,1958
22167,1950
22168,57
22169,1840
22170,3067
22171,3604
22172,3280
22173,3031
22174,2463
22175,1405
22176,542
22177,0
22178,327
22179,1137
22180,1619
22181,1869
22182,1951
22183,1999
22184,1973
22185,1969
22186,1980
22187,1967
22188,1968
22189,1991
22190,1999
22191,1987
22192,1975
22193,1982
22194,1971
22195,1937
22196,1918
22197,1930
22198,1936
22199,0
22200,1605
22201,2705
22202,3613
22203,3310
22204,3037
22205,2597
22206,1413
22207,592
22208,0
22209,473
22210,1199
22211,1626
22212,1825
22213,1891
22214,1947
22215,1968
22216,1961
22217,1969
22218,1967
22219,1950
22220,1964
22221,1979
22222,2015
22223,1999
22224,1987
22225,1965
22226,1942
22227,1946
22228,1936
22229,1904
22230,26
22231,1627
22232,2613
22233,3574
22234,3277
22235,3056
22236,2679
22237,1428
22238,481
22239,0
22240,503
22241,1222
22242,1647
22243,1843
22244,1931
22245,1952
22246,1920
22247,1939
22248,1963
22249,1953
22250,1930
22251,1955
22252,1997
22253,2001
22254,1920
22255,1933
22256,1984
22257,2018
22258,1997
22259,1952
22260,1952
22261,848
22262,1286
22263,2293
22264,3610
22265,3406
22266,3109
22267,2903
22268,1532
22269,560
22270,0
22271,403
22272,1191
22273,1680
22274,1870
22275,1920
22276,1951
22277,1968
22278,1952
22279,1921
22280,1923
22281,1979
22282,2031
22283,2044
22284,2015
22285,2007
22286,1944
22287,1923
22288,1910
22289,1941
22290,1934
22291,1922
22292,1712
22293,1250
22294,2228
22295,3583
22296,3353
22297,3130
22298,2881
22299,1530
22300,591
22301,0
22302,432
22303,1203
22304,1633
22305,1849
22306,1951
22307,1985
22308,1968
22309,1959
22310,1946
22311,1950
22312,1959
22313,1926
22314,1958
22315,1955
22316,1974
22317,1951
22318,1963
22319,1965
22320,1939
22321,1950
22322,1941
22323,2503
22324,1040
22325,2115
22326,3462
22327,3399
22328,3125
22329,2905
22330,1648
22331,595
22332,0
22333,465
22334,1150
22335,1617
22336,1819
22337,1917
22338,1949
22339,1981
22340,1991
22341,1971
22342,1968
22343,2000
22344,2001
22345,1963
22346,1877
22347,1908
22348,1922
22349,1942
22350,1967
22351,1939
22352,1945
22353,1927
22354,1921
22355,1930
22356,1942
22357,1931
22358,1880
22359,1882
22360,1893
22361,1894
22362,1873
22363,1850
22364,1877
22365,1888
22366,1883
22367,1890
22368,1872
22369,1879
22370,1902
22371,1871
22372,1874
22373,1877
22374,1872
22375,1843
22376,1847
22377,1856
22378,1835
22379,1821
22380,1827
22381,1853
22382,1872
22383,1869
22384,1857
22385,1870
22386,1893
22387,1872
22388,1856
22389,1881
22390,1889
22391,1869
22392,1858
22393,1863
22394,1855
22395,1840
22396,1830
22397,1830
22398,1872
22399,1872
22400,1814
22401,1869
22402,1886
22403,1872
22404,1855
22405,1850
22406,1872
22407,1876
22408,1869
22409,1839
22410,1862
22411,1846
22412,1841
22413,1815
22414,1850
22415,1861
22416,1844
22417,1856
22418,1872
22419,1887
22420,1883
22421,1840
22422,1863
22423,1877
22424,1904
22425,1831
22426,1854
22427,1865
22428,1856
22429,1796
22430,1831
22431,1847
22432,1861
22433,1846
22434,1849
22435,1867
22436,1843
22437,1845
22438,1854
22439,1871
22440,1869
22441,1840
22442,1839
22443,1847
22444,1858
22445,1855
22446,1818
22447,1847
22448,1851
22449,1867
22450,1890
22451,1862
22452,1872
22453,1871
22454,1855
22455,1861
22456,1873
22457,1895
22458,1872
22459,1837
22460,1840
22461,1851
22462,1855
22463,1852
22464,1877
22465,1890
22466,1904
22467,1891
22468,1933
22469,1918
22470,1890
22471,1835
22472,1840
22473,1815
22474,1774
22475,1749
22476,1793
22477,1843
22478,1856
22479,1889
22480,1889
22481,1927
22482,1891
22483,1830
22484,1812
22485,1840
22486,1819
22487,1819
22488,1849
22489,1873
22490,1882
22491,1867
22492,1855
22493,1856
22494,1859
22495,1841
22496,1817
22497,1831
22498,1851
22499,1855
22500,1862
22501,1874
22502,1874
22503,1881
22504,1872
22505,1866
22506,1887
22507,1893
22508,1843
22509,1844
22510,1845
22511,1864
22512,1822
22513,1831
22514,1858
22515,1875
22516,1857
22517,1847
22518,1873
22519,1865
22520,1872
22521,1868
22522,1865
22523,1885
22524,1873
22525,1856
22526,1841
22527,1862
22528,1842
22529,1814
22530,1813
22531,1856
22532,1882
22533,1855
22534,1862
22535,1875
22536,1862
22537,1883
22538,1855
22539,1872
22540,1870
22541,1867
22542,1833
22543,1857
22544,1857
22545,1842
22546,1855
22547,1856
22548,1872
22549,1883
22550,1872
22551,1859
22552,1883
22553,1872
22554,1872
22555,1869
22556,1881
22557,1870
22558,1863
22559,1855
22560,1863
22561,1861
22562,1850
22563,1821
22564,1851
22565,1848
22566,1850
22567,1848
22568,1857
22569,1872
22570,1883
22571,1867
22572,1869
22573,1878
22574,1858
22575,1856
22576,1845
22577,1869
22578,1880
22579,1833
22580,1821
22581,1861
22582,1885
22583,1867
22584,1853
22585,1871
22586,1882
22587,1890
22588,1843
22589,1879
22590,1875
22591,1885
22592,1843
22593,1855
22594,1861
22595,1825
22596,1812
22597,1839
22598,1856
22599,1872
22600,1855
22601,1872
22602,1859
22603,1847
22604,1850
22605,1870
22606,1885
22607,1890
22608,1855
22609,1842
22610,1851
22611,1861
22612,1840
22613,1821
22614,1846
22615,1863
22616,1830
22617,1846
22618,1868
22619,1881
22620,1896
22621,1862
22622,1861
22623,1872
22624,1872
22625,1842
22626,1850
22627,1851
22628,1841
22629,1826
22630,1835
22631,1850
22632,1855
22633,1861
22634,1856
22635,1874
22636,1879
22637,1877
22638,1857
22639,1877
22640,1883
22641,1877
22642,1849
22643,1858
22644,1857
22645,1839
22646,1838
22647,1850
22648,1868
22649,1873
22650,1840
22651,1854
22652,1875
22653,1883
22654,1840
22655,1863
22656,1884
22657,1878
22658,1869
22659,1853
22660,1872
22661,1851
22662,1861
22663,1823
22664,1847
22665,1863
22666,1855
22667,1852
22668,1868
22669,1885
22670,1909
22671,1874
22672,1872
22673,1890
22674,1882
22675,1834
22676,1855
22677,1862
22678,1834
22679,1825
22680,1829
22681,1861
22682,1890
22683,1844
22684,1853
22685,1875
22686,1885
22687,1932
22688,1856
22689,1876
22690,1877
22691,1879
22692,1839
22693,1852
22694,1847
22695,1821
22696,1812
22697,1839
22698,1872
22699,1875
22700,1854
22701,1862
22702,1889
22703,1889
22704,1842
22705,1862
22706,1872
22707,1877
22708,1856
22709,1851
22710,1850
22711,1841
22712,1842
22713,1822
22714,1849
22715,1863
22716,1855
22717,1851
22718,1866
22719,1881
22720,1886
22721,1868
22722,1873
22723,1889
22724,1907
22725,1867
22726,1839
22727,1851
22728,1855
22729,1811
22730,1823
22731,1865
22732,1887
22733,1872
22734,1847
22735,1878
22736,1868
22737,1870
22738,1855
22739,1869
22740,1866
22741,1872
22742,1850
22743,1852
22744,1866
22745,1851
22746,1840
22747,1841
22748,1865
22749,1867
22750,1898
22751,1869
22752,1876
22753,1883
22754,1883
22755,1870
22756,1873
22757,1872
22758,1851
22759,1849
22760,1866
22761,1866
22762,1802
22763,1823
22764,1853
22765,1857
22766,1869
22767,1855
22768,1880
22769,1891
22770,1915
22771,1886
22772,1888
22773,1878
22774,1872
22775,1856
22776,1845
22777,1847
22778,1872
22779,1841
22780,1834
22781,1867
22782,1897
22783,1872
22784,1857
22785,1877
22786,1881
22787,1901
22788,1861
22789,1881
22790,1881
22791,1854
22792,1855
22793,1849
22794,1853
22795,1833
22796,1841
22797,1823
22798,1862
22799,1872
22800,1840
22801,1862
22802,1899
22803,1903
22804,1870
22805,1879
22806,1904
22807,1873
22808,1869
22809,1847
22810,1850
22811,1843
22812,1839
22813,1820
22814,1851
22815,1858
22816,1860
22817,1874
22818,1893
22819,1895
22820,1859
22821,1855
22822,1863
22823,1889
22824,1879
22825,1859
22826,1848
22827,1863
22828,1847
22829,1840
22830,1834
22831,1849
22832,1882
22833,1860
22834,1855
22835,1875
22836,1894
22837,1867
22838,1867
22839,1884
22840,1876
22841,1856
22842,1842
22843,1858
22844,1852
22845,1846
22846,1843
22847,1837
22848,1853
22849,1866
22850,1873
22851,1867
22852,1885
22853,1887
22854,1867
22855,1867
22856,1884
22857,1877
22858,1867
22859,1854
22860,1860
22861,1867
22862,1846
22863,1821
22864,1854
22865,1874
22866,1859
22867,1834
22868,1872
22869,1884
22870,1856
22871,1856
22872,1882
22873,1890
22874,1868
22875,1873
22876,1847
22877,1853
22878,1853
22879,1838
22880,1830
22881,1855
22882,1872
22883,1859
22884,1844
22885,1872
22886,1873
22887,1899
22888,1856
22889,1877
22890,1874
22891,1883
22892,1841
22893,1860
22894,1856
22895,1824
22896,1829
22897,1843
22898,1864
22899,1865
22900,1859
22901,1861
22902,1874
22903,1901
22904,1876
22905,1860
22906,1872
22907,1895
22908,1877
22909,1842
22910,1849
22911,1847
22912,1818
22913,1821
22914,1847
22915,1853
22916,1865
22917,1847
22918,1855
22919,1878
22920,1888
22921,1872
22922,1879
22923,1877
22924,1872
22925,1862
22926,1849
22927,1848
22928,1863
22929,1831
22930,1825
22931,1856
22932,1851
22933,1851
22934,1857
22935,1885
22936,1883
22937,1897
22938,1857
22939,1875
22940,1865
22941,1868
22942,1855
22943,1855
22944,1854
22945,1830
22946,1809
22947,1830
22948,1859
22949,1867
22950,1866
22951,1854
22952,1876
22953,1840
22954,1863
22955,1877
22956,1882
22957,1899
22958,1882
22959,1845
22960,1855
22961,1847
22962,1849
22963,1819
22964,1850
22965,1867
22966,1852
22967,1853
22968,1872
22969,1883
22970,1882
22971,1861
22972,1881
22973,1891
22974,1878
22975,1814
22976,1843
22977,1847
22978,1859
22979,1840
22980,1823
22981,1853
22982,1842
22983,1856
22984,1856
22985,1881
22986,1886
22987,1884
22988,1859
22989,1875
22990,1877
22991,1871
22992,1834
22993,1847
22994,1852
22995,1883
22996,1833
22997,1839
22998,1855
22999,1863
23000,1847
23001,1857
23002,1872
23003,1887
23004,1838
23005,1861
23006,1872
23007,1863
23008,1862
23009,1834
23010,1866
23011,1862
23012,1850
23013,1825
23014,1854
23015,1870
23016,1862
23017,1861
23018,1859
23019,1885
23020,1887
23021,1880
23022,1859
23023,1885
23024,1869
23025,1840
23026,1849
23027,1847
23028,1821
23029,1830
23030,1834
23031,1856
23032,1883
23033,1841
23034,1856
23035,1872
23036,1871
23037,1872
23038,1863
23039,1882
23040,1878
23041,1857
23042,1840
23043,1842
23044,1857
23045,1849
23046,1799
23047,1845
23048,1867
23049,1865
23050,1894
23051,1868
23052,1893
23053,1892
23054,1895
23055,1871
23056,1888
23057,1898
23058,1863
23059,1852
23060,1849
23061,1856
23062,1807
23063,1817
23064,1846
23065,1861
23066,1851
23067,1861
23068,1882
23069,1866
23070,1878
23071,1862
23072,1885
23073,1872
23074,1872
23075,1854
23076,1847
23077,1856
23078,1878
23079,1833
23080,1825
23081,1858
23082,1862
23083,1841
23084,1856
23085,1872
23086,1869
23087,1893
23088,1855
23089,1877
23090,1873
23091,1867
23092,1872
23093,1850
23094,1840
23095,1815
23096,1850
23097,1836
23098,1863
23099,1858
23100,1900
23101,1871
23102,1889
23103,1881
23104,1854
23105,1867
23106,1883
23107,1904
23108,1886
23109,1850
23110,1845
23111,1846
23112,1845
23113,1815
23114,1851
23115,1872
23116,1863
23117,1873
23118,1871
23119,1859
23120,1843
23121,1850
23122,1871
23123,1882
23124,1876
23125,1877
23126,1843
23127,1856
23128,1862
23129,1804
23130,1818
23131,1853
23132,1895
23133,1862
23134,1857
23135,1872
23136,1887
23137,1871
23138,1859
23139,1883
23140,1889
23141,1869
23142,1856
23143,1846
23144,1863
23145,1808
23146,1817
23147,1851
23148,1858
23149,1894
23150,1823
23151,1862
23152,1878
23153,1878
23154,1856
23155,1865
23156,1872
23157,1897
23158,1849
23159,1845
23160,1850
23161,1857
23162,1865
23163,1820
23164,1856
23165,1876
23166,1867
23167,1856
23168,1866
23169,1886
23170,1883
23171,1853
23172,1861
23173,1875
23174,1878
23175,1859
23176,1856
23177,1869
23178,1822
23179,1840
23180,1822
23181,1859
23182,1847
23183,1858
23184,1847
23185,1868
23186,1878
23187,1858
23188,1856
23189,1878
23190,1878
23191,1887
23192,1870
23193,1841
23194,1854
23195,1852
23196,1830
23197,1843
23198,1863
23199,1871
23200,1859
23201,1857
23202,1883
23203,1885
23204,1876
23205,1862
23206,1877
23207,1854
23208,1842
23209,1842
23210,1851
23211,1847
23212,1840
23213,1819
23214,1846
23215,1853
23216,1853
23217,1861
23218,1872
23219,1884
23220,1891
23221,1853
23222,1873
23223,1884
23224,1887
23225,1854
23226,1843
23227,1861
23228,1847
23229,1850
23230,1839
23231,1855
23232,1874
23233,1840
23234,1853
23235,1883
23236,1882
23237,1852
23238,1857
23239,1879
23240,1872
23241,1872
23242,1862
23243,1859
23244,1849
23245,1832
23246,1825
23247,1840
23248,1856
23249,1863
23250,1878
23251,1844
23252,1879
23253,1895
23254,1862
23255,1863
23256,1882
23257,1867
23258,1856
23259,1850
23260,1841
23261,1840
23262,1824
23263,1836
23264,1851
23265,1859
23266,1857
23267,1844
23268,1875
23269,1875
23270,1906
23271,1865
23272,1879
23273,1876
23274,1877
23275,1871
23276,1838
23277,1850
23278,1856
23279,1849
23280,1817
23281,1855
23282,1888
23283,1859
23284,1857
23285,1875
23286,1894
23287,1875
23288,1856
23289,1878
23290,1882
23291,1887
23292,1833
23293,1866
23294,1871
23295,1844
23296,1829
23297,1842
23298,1872
23299,1871
23300,1843
23301,1867
23302,1875
23303,1878
23304,1867
23305,1863
23306,1875
23307,1872
23308,1858
23309,1840
23310,1856
23311,1858
23312,1873
23313,1818
23314,1853
23315,1859
23316,1859
23317,1866
23318,1872
23319,1872
23320,1859
23321,1856
23322,1881
23323,1883
23324,1858
23325,1875
23326,1843
23327,1843
23328,1853
23329,1821
23330,1827
23331,1857
23332,1859
23333,1856
23334,1847
23335,1877
23336,1871
23337,1858
23338,1854
23339,1873
23340,1866
23341,1850
23342,1833
23343,1853
23344,1851
23345,1826
23346,1830
23347,1840
23348,1859
23349,2546
23350,819
23351,1981
23352,2119
23353,2214
23354,2298
23355,2251
23356,2077
23357,1888
23358,1764
23359,1982
23360,2083
23361,1879
23362,1696
23363,1674
23364,1788
23365,1856
23366,1857
23367,1850
23368,1887
23369,1923
23370,1928
23371,1875
23372,1878
23373,1875
23374,1862
23375,1813
23376,1823
23377,1830
23378,1825
23379,1794
23380,2374
23381,719
23382,1932
23383,2066
23384,2161
23385,2313
23386,2219
23387,2044
23388,1749
23389,1819
23390,2032
23391,1943
23392,1750
23393,1709
23394,1807
23395,1877
23396,1847
23397,1866
23398,1906
23399,1901
23400,1902
23401,1889
23402,1891
23403,1878
23404,1853
23405,1851
23406,1855
23407,1870
23408,1847
23409,1840
23410,1844
23411,1898
23412,256
23413,1753
23414,2075
23415,2257
23416,2393
23417,2293
23418,2075
23419,1810
23420,1820
23421,1904
23422,1813
23423,1733
23424,1765
23425,1902
23426,1868
23427,1885
23428,1898
23429,1889
23430,1873
23431,1887
23432,1873
23433,1854
23434,1840
23435,1841
23436,1854
23437,1863
23438,1840
23439,1869
23440,1879
23441,1871
23442,1863
23443,255
23444,1831
23445,2032
23446,2178
23447,2378
23448,2278
23449,2020
23450,1764
23451,1826
23452,1871
23453,1705
23454,1662
23455,1808
23456,1911
23457,1897
23458,1903
23459,1916
23460,1923
23461,1900
23462,1872
23463,1819
23464,1826
23465,1843
23466,1835
23467,1819
23468,1842
23469,1867
23470,1904
23471,1849
23472,1879
23473,1904
23474,21
23475,1730
23476,2069
23477,2293
23478,2343
23479,2274
23480,2115
23481,1930
23482,1943
23483,1887
23484,1648
23485,1595
23486,1680
23487,1744
23488,1846
23489,1936
23490,1953
23491,1918
23492,1870
23493,1857
23494,1843
23495,1824
23496,1803
23497,1814
23498,1836
23499,1868
23500,1857
23501,1861
23502,1874
23503,1907
23504,1893
23505,0
23506,1706
23507,2149
23508,2396
23509,2543
23510,2544
23511,2339
23512,1875
23513,1856
23514,1699
23515,1490
23516,1426
23517,1508
23518,1665
23519,1855
23520,1892
23521,1909
23522,1904
23523,1881
23524,1869
23525,1840
23526,1813
23527,1824
23528,1826
23529,1840
23530,1838
23531,1872
23532,1922
23533,1877
23534,1881
23535,1901
23536,0
23537,1609
23538,2125
23539,2636
23540,3020
23541,2939
23542,2389
23543,1874
23544,1790
23545,1442
23546,1227
23547,1186
23548,1290
23549,1571
23550,1753
23551,1867
23552,1907
23553,1894
23554,1871
23555,1851
23556,1862
23557,1862
23558,1855
23559,1833
23560,1853
23561,1861
23562,1898
23563,1867
23564,1903
23565,1902
23566,1904
23567,432
23568,1483
23569,2240
23570,3054
23571,3412
23572,3181
23573,2970
23574,2106
23575,1594
23576,1075
23577,720
23578,647
23579,996
23580,1447
23581,1728
23582,1824
23583,1847
23584,1862
23585,1854
23586,1858
23587,1815
23588,1827
23589,1899
23590,1923
23591,1935
23592,1885
23593,1913
23594,1935
23595,1913
23596,1886
23597,1910
23598,1157
23599,1329
23600,2269
23601,3481
23602,3383
23603,3134
23604,2913
23605,2347
23606,1531
23607,911
23608,404
23609,308
23610,959
23611,1521
23612,1767
23613,1807
23614,1869
23615,1887
23616,1867
23617,1863
23618,1901
23619,1984
23620,2019
23621,1939
23622,1968
23623,1904
23624,1919
23625,1905
23626,1863
23627,1862
23628,1883
23629,2128
23630,1153
23631,2224
23632,3529
23633,3437
23634,3154
23635,2923
23636,2320
23637,1476
23638,813
23639,192
23640,299
23641,1070
23642,1601
23643,1823
23644,1873
23645,1877
23646,1882
23647,1894
23648,1904
23649,1935
23650,1892
23651,1920
23652,1967
23653,1966
23654,1971
23655,1967
23656,1980
23657,2001
23658,1960
23659,1926
23660,2643
23661,890
23662,2113
23663,3267
23664,3473
23665,3206
23666,2970
23667,2423
23668,1456
23669,779
23670,128
23671,378
23672,1104
23673,1638
23674,1845
23675,1878
23676,1909
23677,1914
23678,1921
23679,1872
23680,1909
23681,1963
23682,1990
23683,1950
23684,1948
23685,1971
23686,1936
23687,1937
23688,1935
23689,1963
23690,1955
23691,2631
23692,767
23693,2073
23694,3398
23695,3504
23696,3170
23697,2935
23698,2155
23699,1331
23700,720
23701,208
23702,583
23703,1181
23704,1659
23705,1831
23706,1925
23707,1966
23708,1936
23709,1917
23710,1911
23711,1901
23712,1935
23713,1886
23714,1931
23715,1943
23716,1957
23717,1957
23718,1964
23719,1972
23720,1946
23721,1943
23722,2113
23723,441
23724,1997
23725,3132
23726,3439
23727,3201
23728,2917
23729,2351
23730,1360
23731,621
23732,66
23733,511
23734,1200
23735,1673
23736,1851
23737,1921
23738,1943
23739,1947
23740,1953
23741,1936
23742,1971
23743,1926
23744,1941
23745,1921
23746,1907
23747,1941
23748,1968
23749,1993
23750,1953
23751,1952
23752,1968
23753,1942
23754,128
23755,1863
23756,3189
23757,3433
23758,3203
23759,2960
23760,2314
23761,1287
23762,573
23763,138
23764,607
23765,1264
23766,1635
23767,1840
23768,1925
23769,1967
23770,1968
23771,1927
23772,1936
23773,1953
23774,1979
23775,1931
23776,1949
23777,1956
23778,1968
23779,1911
23780,1927
23781,1952
23782,1981
23783,1946
23784,1926
23785,161
23786,1887
23787,2977
23788,3505
23789,3215
23790,3004
23791,2194
23792,1206
23793,511
23794,165
23795,727
23796,1296
23797,1684
23798,1869
23799,1946
23800,1935
23801,1953
23802,1958
23803,1967
23804,1936
23805,1910
23806,1899
23807,1977
23808,1989
23809,1968
23810,1968
23811,1952
23812,1934
23813,1902
23814,1922
23815,1940
23816,0
23817,1659
23818,2705
23819,3531
23820,3307
23821,3024
23822,2471
23823,1342
23824,630
23825,57
23826,583
23827,1283
23828,1679
23829,1820
23830,1877
23831,1938
23832,1983
23833,1941
23834,1940
23835,1952
23836,1969
23837,1986
23838,1963
23839,1987
23840,1987
23841,1974
23842,1958
23843,1943
23844,1943
23845,1918
23846,1886
23847,0
23848,1701
23849,2666
23850,3495
23851,3277
23852,3011
23853,2535
23854,1299
23855,480
23856,12
23857,576
23858,1335
23859,1667
23860,1854
23861,1907
23862,1965
23863,1947
23864,1954
23865,1957
23866,1971
23867,1965
23868,1974
23869,1971
23870,1966
23871,1954
23872,1946
23873,1968
23874,1966
23875,1932
23876,1919
23877,1914
23878,128
23879,1383
23880,2441
23881,3605
23882,3362
23883,3068
23884,2736
23885,1296
23886,483
23887,0
23888,478
23889,1255
23890,1712
23891,1889
23892,1904
23893,1957
23894,1968
23895,1943
23896,1942
23897,1946
23898,1968
23899,1997
23900,1956
23901,1979
23902,1978
23903,1986
23904,1977
23905,1968
23906,1969
23907,1963
23908,1936
23909,387
23910,1469
23911,2423
23912,3616
23913,3289
23914,3059
23915,2690
23916,1189
23917,445
23918,0
23919,555
23920,1291
23921,1680
23922,1899
23923,1955
23924,1998
23925,1979
23926,1983
23927,1999
23928,1971
23929,1936
23930,1955
23931,1966
23932,1983
23933,1967
23934,1955
23935,1967
23936,1981
23937,1968
23938,1946
23939,1955
23940,1471
23941,1239
23942,2222
23943,3536
23944,3375
23945,3139
23946,2857
23947,1362
23948,559
23949,0
23950,435
23951,1232
23952,1687
23953,1863
23954,1936
23955,1968
23956,2005
23957,2030
23958,1973
23959,1950
23960,1951
23961,1942
23962,1989
23963,1968
23964,1979
23965,1983
23966,1957
23967,1927
23968,1931
23969,1949
23970,1938
23971,1925
23972,1920
23973,1927
23974,1941
23975,1913
23976,1887
23977,1889
23978,1879
23979,1866
23980,1850
23981,1875
23982,1893
23983,1855
23984,1869
23985,1902
23986,1871
23987,1856
23988,1850
23989,1882
23990,1892
23991,1851
23992,1849
23993,1854
23994,1858
23995,1846
23996,1852
23997,1830
23998,1862
23999,1865
24000,1859
24001,1868
24002,1865
24003,1885
24004,1872
24005,1859
24006,1874
24007,1867
24008,1865
24009,1846
24010,1850
24011,1850
24012,1869
24013,1824
24014,1845
24015,1866
24016,1862
24017,1864
24018,1872
24019,1861
24020,1894
24021,1872
24022,1869
24023,1867
24024,1867
24025,1852
24026,1841
24027,1854
24028,1843
24029,1839
24030,1815
24031,1851
24032,1888
24033,1869
24034,1850
24035,1865
24036,1872
24037,1865
24038,1855
24039,1872
24040,1886
24041,1858
24042,1837
24043,1853
24044,1858
24045,1843
24046,1838
24047,1840
24048,1856
24049,1866
24050,1842
24051,1867
24052,1873
24053,1898
24054,1851
24055,1853
24056,1872
24057,1872
24058,1850
24059,1840
24060,1857
24061,1854
24062,1841
24063,1818
24064,1847
24065,1855
24066,1862
24067,1856
24068,1872
24069,1874
24070,1877
24071,1856
24072,1872
24073,1888
24074,1890
24075,1871
24076,1845
24077,1856
24078,1872
24079,1824
24080,1819
24081,1851
24082,1874
24083,1865
24084,1858
24085,1869
24086,1865
24087,1903
24088,1846
24089,1878
24090,1887
24091,1886
24092,1859
24093,1885
24094,1897
24095,1856
24096,1843
24097,1841
24098,1843
24099,1837
24100,1791
24101,1839
24102,1857
24103,1873
24104,1870
24105,1859
24106,1875
24107,1854
24108,1861
24109,1853
24110,1849
24111,1863
24112,1856
24113,1823
24114,1841
24115,1845
24116,1850
24117,1839
24118,1855
24119,1894
24120,1879
24121,1865
24122,1871
24123,1883
24124,1886
24125,1855
24126,1847
24127,1849
24128,1850
24129,1823
24130,1824
24131,1855
24132,1860
24133,1840
24134,1861
24135,1867
24136,1877
24137,1860
24138,1867
24139,1874
24140,1878
24141,1845
24142,1830
24143,1856
24144,1846
24145,1813
24146,1821
24147,1839
24148,1857
24149,1870
24150,1828
24151,1863
24152,1865
24153,1872
24154,1855
24155,1859
24156,1879
24157,1872
24158,1867
24159,1842
24160,1856
24161,1830
24162,1851
24163,1838
24164,1849
24165,1871
24166,1847
24167,1856
24168,1855
24169,1873
24170,1904
24171,1878
24172,1863
24173,1870
24174,1872
24175,1841
24176,1842
24177,1857
24178,1841
24179,1830
24180,1811
24181,1842
24182,1876
24183,1862
24184,1847
24185,1872
24186,1872
24187,1850
24188,1889
24189,1873
24190,1872
24191,1873
24192,1851
24193,1846
24194,1849
24195,1854
24196,1803
24197,1842
24198,1853
24199,1865
24200,1850
24201,1862
24202,1873
24203,1904
24204,1851
24205,1847
24206,1881
24207,1903
24208,1858
24209,1851
24210,1853
24211,1869
24212,1849
24213,1839
24214,1846
24215,1865
24216,1865
24217,1870
24218,1867
24219,1892
24220,1856
24221,1863
24222,1863
24223,1883
24224,1870
24225,1827
24226,1845
24227,1858
24228,1843
24229,1822
24230,1826
24231,1854
24232,1874
24233,1858
24234,1850
24235,1857
24236,1867
24237,1883
24238,1837
24239,1865
24240,1859
24241,1851
24242,1858
24243,1861
24244,1867
24245,1828
24246,1823
24247,1845
24248,1869
24249,1879
24250,1858
24251,1867
24252,1869
24253,1897
24254,1885
24255,1866
24256,1883
24257,1897
24258,1861
24259,1844
24260,1865
24261,1856
24262,1846
24263,1821
24264,1850
24265,1855
24266,1847
24267,1856
24268,1870
24269,1871
24270,1921
24271,1861
24272,1872
24273,1891
24274,1870
24275,1863
24276,1846
24277,1862
24278,1846
24279,1806
24280,1828
24281,1856
24282,1878
24283,1858
24284,1852
24285,1878
24286,1874
24287,1861
24288,1856
24289,1877
24290,1877
24291,1870
24292,1839
24293,1851
24294,1861
24295,1811
24296,1825
24297,1840
24298,1850
24299,1866
24300,1839
24301,1860
24302,1870
24303,1866
24304,1887
24305,1872
24306,1881
24307,1902
24308,1857
24309,1851
24310,1844
24311,1855
24312,1836
24313,1819
24314,1850
24315,1855
24316,1874
24317,1847
24318,1883
24319,1872
24320,1919
24321,1861
24322,1861
24323,1874
24324,1878
24325,1823
24326,1845
24327,1856
24328,1875
24329,1821
24330,1808
24331,1856
24332,1886
24333,1877
24334,1851
24335,1875
24336,1872
24337,1877
24338,1866
24339,1882
24340,1873
24341,1872
24342,1859
24343,1849
24344,1840
24345,1861
24346,1817
24347,1839
24348,1867
24349,1872
24350,1859
24351,1862
24352,1879
24353,1866
24354,1866
24355,1857
24356,1875
24357,1903
24358,1856
24359,1840
24360,1861
24361,1846
24362,1837
24363,1821
24364,1853
24365,1878
24366,1867
24367,1870
24368,1872
24369,1890
24370,1873
24371,1855
24372,1878
24373,1874
24374,1895
24375,1857
24376,1841
24377,1856
24378,1847
24379,1815
24380,1823
24381,1857
24382,1904
24383,1875
24384,1849
24385,1866
24386,1859
24387,1870
24388,1863
24389,1877
24390,1875
24391,1870
24392,1866
24393,1857
24394,1840
24395,1842
24396,1810
24397,1841
24398,1861
24399,1861
24400,1874
24401,1870
24402,1869
24403,1890
24404,1885
24405,1872
24406,1883
24407,1889
24408,1862
24409,1840
24410,1861
24411,1862
24412,1835
24413,1823
24414,1845
24415,1869
24416,1857
24417,1884
24418,1866
24419,1889
24420,1888
24421,1861
24422,1874
24423,1897
24424,1873
24425,1874
24426,1846
24427,1861
24428,1861
24429,1843
24430,1834
24431,1859
24432,1888
24433,1874
24434,1855
24435,1879
24436,1870
24437,1881
24438,1855
24439,1884
24440,1881
24441,1883
24442,1866
24443,1850
24444,1845
24445,1840
24446,1808
24447,1834
24448,1863
24449,1872
24450,1857
24451,1872
24452,1887
24453,1887
24454,1877
24455,1872
24456,1889
24457,1872
24458,1867
24459,1856
24460,1849
24461,1841
24462,1844
24463,1829
24464,1856
24465,1855
24466,1865
24467,1856
24468,1875
24469,1883
24470,1890
24471,1876
24472,1881
24473,1877
24474,1887
24475,1853
24476,1840
24477,1849
24478,1835
24479,1830
24480,1825
24481,1856
24482,1894
24483,1856
24484,1857
24485,1894
24486,1875
24487,1865
24488,1887
24489,1878
24490,1887
24491,1872
24492,1865
24493,1857
24494,1856
24495,1835
24496,1830
24497,1845
24498,1865
24499,1859
24500,1838
24501,1865
24502,1888
24503,1874
24504,1857
24505,1863
24506,1878
24507,1842
24508,1860
24509,1851
24510,1851
24511,1849
24512,1838
24513,1818
24514,1851
24515,1872
24516,1867
24517,1868
24518,1876
24519,1875
24520,1887
24521,1872
24522,1869
24523,1874
24524,1879
24525,1866
24526,1850
24527,1855
24528,1830
24529,1818
24530,1822
24531,1856
24532,1849
24533,1856
24534,1857
24535,1879
24536,1852
24537,1854
24538,1841
24539,1872
24540,1887
24541,1869
24542,1847
24543,1852
24544,1845
24545,1837
24546,1846
24547,1840
24548,1860
24549,1872
24550,1849
24551,1863
24552,1874
24553,1895
24554,1859
24555,1870
24556,1882
24557,1894
24558,1856
24559,1844
24560,1857
24561,1861
24562,1853
24563,1817
24564,1846
24565,1871
24566,1859
24567,1831
24568,1856
24569,1875
24570,1882
24571,1861
24572,1878
24573,1874
24574,1891
24575,1850
24576,1851
24577,1856
24578,1856
24579,1838
24580,1827
24581,1858
24582,1873
24583,1872
24584,1856
24585,1870
24586,1877
24587,1866
24588,1854
24589,1883
24590,1878
24591,1874
24592,1875
24593,1840
24594,1852
24595,1831
24596,1814
24597,1838
24598,1869
24599,1865
24600,1862
24601,1869
24602,1881
24603,1887
24604,1876
24605,1866
24606,1879
24607,1893
24608,1863
24609,1845
24610,1854
24611,1846
24612,1843
24613,1802
24614,1854
24615,1863
24616,1862
24617,1855
24618,1860
24619,1872
24620,1903
24621,1865
24622,1861
24623,1872
24624,1865
24625,1846
24626,1834
24627,1855
24628,1843
24629,1822
24630,1821
24631,1853
24632,1872
24633,1862
24634,1854
24635,1888
24636,1872
24637,1904
24638,1861
24639,1876
24640,1890
24641,1870
24642,1860
24643,1852
24644,1872
24645,1840
24646,1830
24647,1838
24648,1871
24649,1883
24650,1862
24651,1866
24652,1869
24653,1886
24654,1865
24655,1861
24656,1877
24657,1878
24658,1856
24659,1844
24660,1850
24661,1853
24662,1809
24663,1803
24664,1851
24665,1872
24666,1856
24667,1856
24668,1866
24669,1872
24670,1869
24671,1859
24672,1865
24673,1884
24674,1885
24675,1872
24676,1855
24677,1859
24678,1847
24679,1835
24680,1827
24681,1857
24682,1846
24683,1863
24684,1846
24685,1866
24686,1869
24687,1888
24688,1856
24689,1878
24690,1893
24691,1867
24692,1855
24693,1850
24694,1850
24695,1840
24696,1823
24697,1828
24698,1856
24699,1870
24700,1853
24701,1870
24702,1872
24703,1869
24704,1864
24705,1863
24706,1883
24707,1872
24708,1855
24709,1839
24710,1845
24711,1845
24712,1840
24713,1810
24714,1843
24715,1857
24716,1861
24717,1856
24718,1873
24719,1887
24720,1874
24721,1863
24722,1858
24723,1872
24724,1873
24725,1853
24726,1854
24727,1863
24728,1883
24729,1836
24730,1823
24731,1857
24732,1855
24733,1863
24734,1853
24735,1871
24736,1887
24737,1874
24738,1873
24739,1875
24740,1904
24741,1869
24742,1847
24743,1853
24744,1846
24745,1854
24746,1821
24747,1829
24748,1867
24749,1846
24750,1846
24751,1857
24752,1885
24753,1867
24754,1843
24755,1861
24756,1882
24757,1871
24758,1868
24759,1845
24760,1858
24761,1857
24762,1816
24763,1792
24764,1852
24765,1872
24766,1863
24767,1850
24768,1866
24769,1887
24770,1897
24771,1847
24772,1873
24773,1883
24774,1863
24775,1811
24776,1841
24777,1854
24778,1856
24779,1818
24780,1821
24781,1853
24782,1877
24783,1855
24784,1856
24785,1888
24786,1863
24787,1867
24788,1854
24789,1879
24790,1872
24791,1863
24792,1849
24793,1850
24794,1857
24795,1845
24796,1824
24797,1843
24798,1860
24799,1894
24800,1853
24801,1859
24802,1885
24803,1889
24804,1869
24805,1861
24806,1873
24807,1869
24808,1855
24809,1842
24810,1846
24811,1870
24812,1856
24813,1805
24814,1849
24815,1879
24816,1847
24817,1861
24818,1858
24819,1890
24820,1872
24821,1873
24822,1869
24823,1877
24824,1886
24825,1868
24826,1851
24827,1844
24828,1834
24829,1827
24830,1823
24831,1857
24832,1867
24833,1863
24834,1853
24835,1865
24836,1879
24837,1866
24838,1858
24839,1872
24840,1872
24841,1851
24842,1840
24843,1854
24844,1869
24845,1822
24846,1833
24847,1842
24848,1867
24849,1873
24850,1836
24851,1856
24852,1889
24853,1843
24854,1889
24855,1865
24856,1883
24857,1898
24858,1871
24859,1841
24860,1856
24861,1865
24862,1840
24863,1812
24864,1846
24865,1871
24866,1866
24867,1883
24868,1872
24869,1885
24870,1907
24871,1871
24872,1872
24873,1873
24874,1869
24875,1867
24876,1843
24877,1837
24878,1861
24879,1840
24880,1820
24881,1855
24882,1900
24883,1870
24884,1855
24885,1886
24886,1863
24887,1872
24888,1858
24889,1884
24890,1886
24891,1877
24892,1862
24893,1847
24894,1840
24895,1855
24896,1826
24897,1834
24898,1863
24899,1867
24900,1840
24901,1867
24902,1875
24903,1869
24904,1862
24905,1858
24906,1885
24907,1878
24908,1874
24909,1840
24910,1840
24911,1841
24912,1837
24913,1818
24914,1853
24915,1863
24916,1871
24917,1847
24918,1872
24919,1873
24920,1870
24921,1871
24922,1871
24923,1872
24924,1879
24925,1855
24926,1844
24927,1851
24928,1844
24929,1826
24930,1820
24931,1857
24932,1889
24933,1855
24934,1858
24935,1872
24936,1875
24937,1872
24938,1859
24939,1879
24940,1881
24941,1871
24942,1829
24943,1845
24944,1843
24945,1855
24946,1812
24947,1847
24948,1856
24949,1876
24950,1845
24951,1855
24952,1904
24953,1868
24954,1856
24955,1861
24956,1875
24957,1888
24958,1858
24959,1838
24960,1847
24961,1870
24962,1860
24963,1822
24964,1854
24965,1881
24966,1946
24967,1001
24968,2007
24969,2001
24970,1922
24971,1827
24972,1774
24973,1665
24974,1618
24975,1893
24976,2443
24977,2531
24978,2281
24979,2092
24980,1967
24981,1954
24982,1936
24983,1883
24984,1895
24985,1920
24986,1915
24987,1917
24988,1872
24989,1859
24990,1852
24991,1819
24992,1793
24993,1789
24994,1790
24995,1795
24996,1753
24997,2512
24998,839
24999,1906
25000,1872
25001,1856
25002,1813
25003,1728
25004,1613
25005,1659
25006,2170
25007,2660
25008,2464
25009,2166
25010,2003
25011,1949
25012,1931
25013,1889
25014,1889
25015,1891
25016,1889
25017,1863
25018,1851
25019,1847
25020,1831
25021,1787
25022,1814
25023,1810
25024,1815
25025,1811
25026,1813
25027,1829
25028,2482
25029,594
25030,1808
25031,1924
25032,1885
25033,1852
25034,1725
25035,1595
25036,1726
25037,2246
25038,2533
25039,2432
25040,2175
25041,2038
25042,1968
25043,1937
25044,1911
25045,1891
25046,1840
25047,1846
25048,1851
25049,1808
25050,1789
25051,1804
25052,1818
25053,1808
25054,1788
25055,1808
25056,1842
25057,1860
25058,1855
25059,1983
25060,412
25061,1859
25062,1917
25063,1824
25064,1815
25065,1705
25066,1568
25067,1776
25068,2315
25069,2553
25070,2346
25071,2096
25072,2002
25073,1985
25074,1965
25075,1923
25076,1893
25077,1891
25078,1867
25079,1828
25080,1786
25081,1792
25082,1779
25083,1789
25084,1787
25085,1817
25086,1824
25087,1891
25088,1813
25089,1865
25090,1879
25091,144
25092,1776
25093,1980
25094,1945
25095,1879
25096,1711
25097,1674
25098,2032
25099,2373
25100,2368
25101,2155
25102,1984
25103,1934
25104,1904
25105,1910
25106,1920
25107,1926
25108,1880
25109,1863
25110,1830
25111,1822
25112,1808
25113,1745
25114,1777
25115,1790
25116,1792
25117,1808
25118,1835
25119,1872
25120,1862
25121,1869
25122,115
25123,1831
25124,2047
25125,2039
25126,1993
25127,1847
25128,1865
25129,2154
25130,2230
25131,2128
25132,1931
25133,1807
25134,1808
25135,1878
25136,1923
25137,1906
25138,1879
25139,1897
25140,1862
25141,1835
25142,1814
25143,1809
25144,1805
25145,1789
25146,1790
25147,1810
25148,1853
25149,1843
25150,1867
25151,1872
25152,1879
25153,0
25154,1627
25155,2063
25156,2212
25157,2180
25158,1998
25159,2078
25160,2291
25161,2129
25162,1859
25163,1712
25164,1686
25165,1759
25166,1859
25167,1871
25168,1901
25169,1935
25170,1887
25171,1853
25172,1841
25173,1853
25174,1814
25175,1840
25176,1811
25177,1835
25178,1837
25179,1827
25180,1822
25181,1865
25182,1899
25183,1870
25184,0
25185,1696
25186,2096
25187,2325
25188,2249
25189,2162
25190,2368
25191,2283
25192,1910
25193,1680
25194,1535
25195,1587
25196,1665
25197,1814
25198,1879
25199,1931
25200,1904
25201,1883
25202,1867
25203,1840
25204,1823
25205,1818
25206,1856
25207,1845
25208,1839
25209,1843
25210,1868
25211,1873
25212,1858
25213,1854
25214,1870
25215,0
25216,1572
25217,2105
25218,2362
25219,2412
25220,2361
25221,2499
25222,2159
25223,1789
25224,1610
25225,1456
25226,1503
25227,1645
25228,1770
25229,1836
25230,1858
25231,1882
25232,1890
25233,1834
25234,1817
25235,1839
25236,1836
25237,1833
25238,1861
25239,1876
25240,1887
25241,1889
25242,1886
25243,1875
25244,1883
25245,1866
25246,422
25247,1424
25248,2067
25249,2470
25250,2610
25251,2703
25252,2822
25253,2131
25254,1703
25255,1438
25256,1267
25257,1310
25258,1451
25259,1639
25260,1808
25261,1857
25262,1826
25263,1819
25264,1827
25265,1837
25266,1837
25267,1829
25268,1863
25269,1874
25270,1922
25271,1907
25272,1891
25273,1919
25274,1921
25275,1904
25276,1888
25277,1184
25278,1237
25279,2046
25280,2834
25281,3270
25282,3223
25283,2873
25284,1917
25285,1424
25286,1014
25287,875
25288,930
25289,1358
25290,1683
25291,1833
25292,1872
25293,1883
25294,1872
25295,1843
25296,1810
25297,1810
25298,1845
25299,1867
25300,1869
25301,1888
25302,1927
25303,1906
25304,1904
25305,1920
25306,1936
25307,1953
25308,2517
25309,941
25310,2105
25311,3339
25312,3503
25313,3187
25314,2971
25315,2525
25316,1331
25317,675
25318,326
25319,540
25320,1007
25321,1583
25322,1821
25323,1889
25324,1920
25325,1898
25326,1862
25327,1878
25328,1873
25329,1851
25330,1870
25331,1903
25332,1925
25333,1946
25334,1924
25335,1933
25336,1943
25337,1940
25338,1938
25339,2686
25340,963
25341,2171
25342,3376
25343,3515
25344,3194
25345,2930
25346,2441
25347,1197
25348,459
25349,178
25350,416
25351,1168
25352,1684
25353,1862
25354,1898
25355,1922
25356,1947
25357,1935
25358,1926
25359,1905
25360,1905
25361,1920
25362,1935
25363,1906
25364,1934
25365,1951
25366,1959
25367,1951
25368,1951
25369,1967
25370,2272
25371,542
25372,2017
25373,3427
25374,3557
25375,3226
25376,2989
25377,2559
25378,1243
25379,490
25380,54
25381,211
25382,1077
25383,1616
25384,1833
25385,1930
25386,1969
25387,1958
25388,1925
25389,1951
25390,1991
25391,1998
25392,1997
25393,1972
25394,1957
25395,1897
25396,1883
25397,1884
25398,1938
25399,1979
25400,1938
25401,1983
25402,384
25403,1939
25404,3154
25405,3616
25406,3291
25407,2987
25408,2470
25409,1204
25410,412
25411,60
25412,398
25413,1154
25414,1682
25415,1870
25416,1947
25417,1965
25418,1962
25419,1968
25420,1939
25421,1949
25422,1961
25423,1974
25424,1968
25425,1963
25426,1948
25427,1949
25428,1962
25429,1926
25430,1921
25431,1946
25432,1963
25433,199
25434,1858
25435,3220
25436,3565
25437,3280
25438,3039
25439,2474
25440,1167
25441,387
25442,0
25443,333
25444,1173
25445,1677
25446,1846
25447,1936
25448,1984
25449,1996
25450,1959
25451,1951
25452,1987
25453,1967
25454,1971
25455,1978
25456,1993
25457,1986
25458,1984
25459,1967
25460,1968
25461,1963
25462,1919
25463,1917
25464,79
25465,1836
25466,3019
25467,3645
25468,3328
25469,3044
25470,2609
25471,1234
25472,402
25473,0
25474,398
25475,1206
25476,1680
25477,1877
25478,1897
25479,1932
25480,1943
25481,1969
25482,1983
25483,1968
25484,1967
25485,1979
25486,1985
25487,1967
25488,1959
25489,1989
25490,2000
25491,1979
25492,1936
25493,1943
25494,1930
25495,0
25496,1621
25497,2827
25498,3693
25499,3328
25500,3094
25501,2559
25502,1205
25503,417
25504,0
25505,401
25506,1242
25507,1735
25508,1905
25509,1941
25510,1963
25511,1979
25512,1942
25513,1936
25514,1969
25515,1991
25516,2005
25517,1984
25518,1970
25519,1968
25520,1921
25521,1900
25522,1950
25523,1968
25524,1953
25525,1915
25526,28
25527,1588
25528,2559
25529,3712
25530,3386
25531,3111
25532,2717
25533,1248
25534,465
25535,0
25536,382
25537,1154
25538,1653
25539,1877
25540,1970
25541,1988
25542,1968
25543,1964
25544,1955
25545,1936
25546,1925
25547,1939
25548,1985
25549,1995
25550,2001
25551,1953
25552,1984
25553,1953
25554,1970
25555,1941
25556,1953
25557,437
25558,1451
25559,2404
25560,3698
25561,3391
25562,3171
25563,2817
25564,1280
25565,492
25566,0
25567,314
25568,1154
25569,1648
25570,1875
25571,1935
25572,1981
25573,2007
25574,2017
25575,1975
25576,1952
25577,1962
25578,1977
25579,1926
25580,1935
25581,1968
25582,1991
25583,1957
25584,1952
25585,1954
25586,1956
25587,1949
25588,1935
25589,1936
25590,1936
25591,1937
25592,1894
25593,1898
25594,1903
25595,1886
25596,1833
25597,1861
25598,1875
25599,1868
25600,1872
25601,1872
25602,1885
25603,1885
25604,1857
25605,1861
25606,1885
25607,1878
25608,1873
25609,1840
25610,1855
25611,1851
25612,1808
25613,1834
25614,1839
25615,1859
25616,1840
25617,1815
25618,1858
25619,1855
25620,1869
25621,1853
25622,1865
25623,1875
25624,1878
25625,1852
25626,1843
25627,1854
25628,1863
25629,1840
25630,1822
25631,1857
25632,1869
25633,1882
25634,1856
25635,1871
25636,1872
25637,1882
25638,1875
25639,1871
25640,1898
25641,1865
25642,1856
25643,1850
25644,1856
25645,1837
25646,1839
25647,1836
25648,1845
25649,1849
25650,1841
25651,1857
25652,1871
25653,1879
25654,1861
25655,1859
25656,1876
25657,1883
25658,1859
25659,1851
25660,1846
25661,1845
25662,1839
25663,1822
25664,1851
25665,1875
25666,1859
25667,1837
25668,1870
25669,1863
25670,1846
25671,1859
25672,1872
25673,1881
25674,1875
25675,1840
25676,1840
25677,1840
25678,1849
25679,1819
25680,1825
25681,1850
25682,1849
25683,1863
25684,1860
25685,1877
25686,1874
25687,1888
25688,1867
25689,1873
25690,1870
25691,1867
25692,1839
25693,1861
25694,1857
25695,1822
25696,1828
25697,1833
25698,1867
25699,1856
25700,1850
25701,1865
25702,1875
25703,1889
25704,1875
25705,1856
25706,1875
25707,1873
25708,1856
25709,1842
25710,1861
25711,1856
25712,1893
25713,1807
25714,1853
25715,1872
25716,1854
25717,1858
25718,1873
25719,1871
25720,1872
25721,1905
25722,1879
25723,1890
25724,1876
25725,1807
25726,1861
25727,1922
25728,1966
25729,2000
25730,1959
25731,1904
25732,1835
25733,1766
25734,1687
25735,1682
25736,1706
25737,1770
25738,1816
25739,1863
25740,1881
25741,1868
25742,1865
25743,1860
25744,1872
25745,1867
25746,1818
25747,1842
25748,1874
25749,1858
25750,1857
25751,1874
25752,1873
25753,1882
25754,1872
25755,1869
25756,1890
25757,1907
25758,1870
25759,1856
25760,1859
25761,1857
25762,1853
25763,1833
25764,1844
25765,1857
25766,1851
25767,1870
25768,1861
25769,1886
25770,1873
25771,1866
25772,1873
25773,1894
25774,1875
25775,1857
25776,1852
25777,1865
25778,1869
25779,1840
25780,1827
25781,1853
25782,1889
25783,1850
25784,1860
25785,1879
25786,1873
25787,1879
25788,1857
25789,1873
25790,1868
25791,1862
25792,1858
25793,1857
25794,1855
25795,1842
25796,1827
25797,1842
25798,1865
25799,1867
25800,1843
25801,1845
25802,1858
25803,1859
25804,1877
25805,1871
25806,1887
25807,1898
25808,1871
25809,1843
25810,1855
25811,1845
25812,1819
25813,1826
25814,1851
25815,1865
25816,1867
25817,1857
25818,1858
25819,1872
25820,1900
25821,1859
25822,1879
25823,1885
25824,1904
25825,1861
25826,1846
25827,1840
25828,1847
25829,1815
25830,1808
25831,1840
25832,1895
25833,1846
25834,1853
25835,1863
25836,1874
25837,1872
25838,1859
25839,1870
25840,1879
25841,1875
25842,1855
25843,1865
25844,1851
25845,1841
25846,1807
25847,1839
25848,1847
25849,1869
25850,1838
25851,1857
25852,1873
25853,1883
25854,1863
25855,1859
25856,1873
25857,1893
25858,1862
25859,1847
25860,1847
25861,1855
25862,1846
25863,1823
25864,1849
25865,1879
25866,1861
25867,1847
25868,1877
25869,1875
25870,1879
25871,1877
25872,1870
25873,1879
25874,1878
25875,1854
25876,1844
25877,1855
25878,1857
25879,1842
25880,1825
25881,1856
25882,1840
25883,1869
25884,1842
25885,1873
25886,1867
25887,1857
25888,1853
25889,1872
25890,1888
25891,1874
25892,1854
25893,1857
25894,1863
25895,1840
25896,1811
25897,1830
25898,1856
25899,1869
25900,1856
25901,1872
25902,1875
25903,1867
25904,1859
25905,1857
25906,1883
25907,1902
25908,1870
25909,1841
25910,1851
25911,1847
25912,1851
25913,1815
25914,1840
25915,1855
25916,1844
25917,1859
25918,1867
25919,1871
25920,1872
25921,1858
25922,1863
25923,1889
25924,1872
25925,1838
25926,1840
25927,1854
25928,1835
25929,1815
25930,1824
25931,1856
25932,1890
25933,1857
25934,1853
25935,1863
25936,1872
25937,1883
25938,1873
25939,1875
25940,1872
25941,1865
25942,1844
25943,1841
25944,1840
25945,1840
25946,1807
25947,1840
25948,1845
25949,1869
25950,1829
25951,1858
25952,1882
25953,1878
25954,1872
25955,1860
25956,1882
25957,1875
25958,1872
25959,1839
25960,1851
25961,1841
25962,1814
25963,1813
25964,1852
25965,1872
25966,1862
25967,1874
25968,1870
25969,1872
25970,1879
25971,1856
25972,1877
25973,1891
25974,1878
25975,1857
25976,1842
25977,1842
25978,1843
25979,1838
25980,1823
25981,1856
25982,1847
25983,1879
25984,1856
25985,1872
25986,1872
25987,1871
25988,1861
25989,1874
25990,1897
25991,1876
25992,1852
25993,1854
25994,1855
25995,1843
25996,1837
25997,1835
25998,1863
25999,1869
26000,1870
26001,1869
26002,1882
26003,1860
26004,1879
26005,1860
26006,1882
26007,1909
26008,1871
26009,1846
26010,1859
26011,1855
26012,1845
26013,1821
26014,1850
26015,1858
26016,1894
26017,1852
26018,1876
26019,1876
26020,1872
26021,1859
26022,1875
26023,1874
26024,1887
26025,1859
26026,1845
26027,1857
26028,1828
26029,1815
26030,1821
26031,1855
26032,1854
26033,1868
26034,1856
26035,1869
26036,1870
26037,1872
26038,1867
26039,1871
26040,1872
26041,1877
26042,1860
26043,1846
26044,1856
26045,1851
26046,1809
26047,1841
26048,1856
26049,1888
26050,1823
26051,1871
26052,1882
26053,1851
26054,1872
26055,1867
26056,1884
26057,1881
26058,1856
26059,1845
26060,1856
26061,1857
26062,1854
26063,1819
26064,1845
26065,1862
26066,1866
26067,1856
26068,1872
26069,1876
26070,1881
26071,1872
26072,1878
26073,1881
26074,1895
26075,1853
26076,1845
26077,1857
26078,1841
26079,1834
26080,1827
26081,1856
26082,1877
26083,1860
26084,1851
26085,1873
26086,1872
26087,1914
26088,1859
26089,1883
26090,1887
26091,1871
26092,1850
26093,1850
26094,1856
26095,1835
26096,1842
26097,1826
26098,1849
26099,1866
26100,1890
26101,1858
26102,1869
26103,1869
26104,1855
26105,1862
26106,1883
26107,1883
26108,1866
26109,1835
26110,1857
26111,1861
26112,1792
26113,1819
26114,1849
26115,1875
26116,1860
26117,1831
26118,1885
26119,1872
26120,1879
26121,1862
26122,1872
26123,1874
26124,1882
26125,1847
26126,1851
26127,1842
26128,1867
26129,1808
26130,1813
26131,1851
26132,1859
26133,1858
26134,1851
26135,1872
26136,1904
26137,1855
26138,1866
26139,1875
26140,1889
26141,1879
26142,1843
26143,1851
26144,1875
26145,1842
26146,1828
26147,1840
26148,1866
26149,1900
26150,1847
26151,1868
26152,1872
26153,1859
26154,1875
26155,1867
26156,1876
26157,1902
26158,1879
26159,1851
26160,1855
26161,1851
26162,1843
26163,1819
26164,1847
26165,1881
26166,1872
26167,1851
26168,1869
26169,1892
26170,1874
26171,1857
26172,1883
26173,1875
26174,1883
26175,1866
26176,1842
26177,1860
26178,1866
26179,1817
26180,1826
26181,1855
26182,1867
26183,1838
26184,1862
26185,1895
26186,1889
26187,1856
26188,1855
26189,1879
26190,1881
26191,1872
26192,1837
26193,1844
26194,1866
26195,1833
26196,1817
26197,1851
26198,1855
26199,1862
26200,1863
26201,1872
26202,1888
26203,1883
26204,1872
26205,1865
26206,1884
26207,1902
26208,1854
26209,1844
26210,1840
26211,1850
26212,1834
26213,1817
26214,1841
26215,1851
26216,1856
26217,1856
26218,1863
26219,1885
26220,1840
26221,1872
26222,1868
26223,1882
26224,1885
26225,1827
26226,1847
26227,1859
26228,1858
26229,1835
26230,1829
26231,1854
26232,1899
26233,1849
26234,1849
26235,1872
26236,1883
26237,1881
26238,1857
26239,1877
26240,1877
26241,1879
26242,1851
26243,1859
26244,1846
26245,1846
26246,1799
26247,1827
26248,1851
26249,1874
26250,1888
26251,1865
26252,1886
26253,1866
26254,1867
26255,1873
26256,1887
26257,1881
26258,1870
26259,1850
26260,1859
26261,1850
26262,1852
26263,1824
26264,1850
26265,1868
26266,1863
26267,1863
26268,1881
26269,1883
26270,1898
26271,1880
26272,1872
26273,1879
26274,1879
26275,1862
26276,1844
26277,1844
26278,1824
26279,1817
26280,1832
26281,1859
26282,1875
26283,1849
26284,1863
26285,1886
26286,1869
26287,1902
26288,1859
26289,1879
26290,1893
26291,1872
26292,1863
26293,1861
26294,1850
26295,1851
26296,1804
26297,1829
26298,1854
26299,1867
26300,1837
26301,1869
26302,1877
26303,1904
26304,1859
26305,1856
26306,1877
26307,1904
26308,1857
26309,1841
26310,1854
26311,1847
26312,1815
26313,1801
26314,1853
26315,1861
26316,1867
26317,1867
26318,1862
26319,1881
26320,1872
26321,1863
26322,1871
26323,1884
26324,1872
26325,1872
26326,1840
26327,1857
26328,1841
26329,1838
26330,1828
26331,1855
26332,1870
26333,1855
26334,1851
26335,1865
26336,1872
26337,1867
26338,1862
26339,1877
26340,1878
26341,1873
26342,1855
26343,1858
26344,1840
26345,1838
26346,1834
26347,1840
26348,1874
26349,1861
26350,1872
26351,1868
26352,1883
26353,1881
26354,1889
26355,1865
26356,1883
26357,1907
26358,1869
26359,1851
26360,1851
26361,1866
26362,1825
26363,1825
26364,1847
26365,1863
26366,1855
26367,1842
26368,1865
26369,1902
26370,1875
26371,1872
26372,1879
26373,1882
26374,1882
26375,1850
26376,1851
26377,1851
26378,1842
26379,1818
26380,1835
26381,1855
26382,1872
26383,1862
26384,1856
26385,1873
26386,1887
26387,1893
26388,1856
26389,1882
26390,1875
26391,1872
26392,1875
26393,1854
26394,1856
26395,1834
26396,1825
26397,1830
26398,1858
26399,1877
26400,1846
26401,1869
26402,1889
26403,1877
26404,1870
26405,1863
26406,1885
26407,1894
26408,1863
26409,1849
26410,1846
26411,1849
26412,1818
26413,1815
26414,1849
26415,1877
26416,1861
26417,1855
26418,1868
26419,1882
26420,1875
26421,1840
26422,1879
26423,1874
26424,1887
26425,1869
26426,1845
26427,1867
26428,1840
26429,1817
26430,1826
26431,1853
26432,1885
26433,1841
26434,1856
26435,1870
26436,1886
26437,1859
26438,1858
26439,1883
26440,1888
26441,1885
26442,1857
26443,1856
26444,1867
26445,1853
26446,1813
26447,1834
26448,1859
26449,1860
26450,1874
26451,1865
26452,1877
26453,1888
26454,1861
26455,1866
26456,1876
26457,1874
26458,1878
26459,1853
26460,1856
26461,1849
26462,1846
26463,1836
26464,1855
26465,1862
26466,1867
26467,1854
26468,1872
26469,1878
26470,1873
26471,1854
26472,1872
26473,1893
26474,1895
26475,1856
26476,1838
26477,1845
26478,1845
26479,1838
26480,1828
26481,1855
26482,1878
26483,1851
26484,1846
26485,1871
26486,1871
26487,1873
26488,1856
26489,1875
26490,1888
26491,1865
26492,1856
26493,1854
26494,1865
26495,1803
26496,1808
26497,1850
26498,1855
26499,1874
26500,1858
26501,1861
26502,1881
26503,1863
26504,1889
26505,1863
26506,1884
26507,1868
26508,1871
26509,1840
26510,1856
26511,1850
26512,1867
26513,1818
26514,1849
26515,1867
26516,1866
26517,1856
26518,1862
26519,1890
26520,1873
26521,1869
26522,1866
26523,1889
26524,1902
26525,1846
26526,1842
26527,1857
26528,1866
26529,1837
26530,1824
26531,1854
26532,1892
26533,1872
26534,1854
26535,1882
26536,1865
26537,1890
26538,1859
26539,1878
26540,1884
26541,1854
26542,1871
26543,1847
26544,1840
26545,1845
26546,1823
26547,1840
26548,1856
26549,1859
26550,1855
26551,1859
26552,1882
26553,1874
26554,1867
26555,1872
26556,1889
26557,1907
26558,1873
26559,1846
26560,1861
26561,1843
26562,1858
26563,1818
26564,1851
26565,1863
26566,1855
26567,1834
26568,1872
26569,1882
26570,1881
26571,1879
26572,1887
26573,1887
26574,1883
26575,1855
26576,1842
26577,1851
26578,1852
26579,1835
26580,1831
26581,1858
26582,1872
26583,336
26584,1367
26585,2064
26586,2071
26587,2010
26588,1955
26589,1882
26590,1769
26591,1681
26592,1803
26593,2259
26594,2346
26595,2192
26596,1907
26597,1877
26598,1931
26599,1950
26600,1910
26601,1915
26602,1926
26603,1902
26604,1889
26605,1866
26606,1867
26607,1834
26608,1821
26609,1808
26610,1823
26611,1820
26612,1783
26613,1787
26614,1011
26615,1253
26616,1983
26617,2002
26618,2037
26619,2032
26620,1904
26621,1751
26622,1675
26623,2041
26624,2308
26625,2195
26626,1955
26627,1862
26628,1872
26629,1882
26630,1876
26631,1903
26632,1935
26633,1872
26634,1880
26635,1871
26636,1850
26637,1813
26638,1808
26639,1817
26640,1834
26641,1810
26642,1787
26643,1817
26644,1847
26645,1956
26646,939
26647,1910
26648,2018
26649,2082
26650,2035
26651,1937
26652,1788
26653,1735
26654,2033
26655,2291
26656,2151
26657,1946
26658,1914
26659,1912
26660,1927
26661,1931
26662,1910
26663,1865
26664,1878
26665,1878
26666,1839
26667,1824
26668,1831
26669,1830
26670,1808
26671,1817
26672,1840
26673,1851
26674,1879
26675,1843
26676,2530
26677,772
26678,1894
26679,2009
26680,2058
26681,2070
26682,1938
26683,1813
26684,1870
26685,2099
26686,2214
26687,1979
26688,1843
26689,1872
26690,1905
26691,1919
26692,1909
26693,1919
26694,1893
26695,1846
26696,1824
26697,1795
26698,1808
26699,1843
26700,1809
26701,1830
26702,1856
26703,1863
26704,1855
26705,1859
26706,1887
26707,2210
26708,538
26709,1841
26710,2119
26711,2251
26712,2167
26713,2013
26714,1929
26715,1923
26716,1997
26717,1951
26718,1786
26719,1789
26720,1852
26721,1886
26722,1934
26723,1939
26724,1927
26725,1881
26726,1853
26727,1840
26728,1820
26729,1808
26730,1778
26731,1814
26732,1820
26733,1830
26734,1840
26735,1878
26736,1872
26737,1861
26738,1914
26739,343
26740,1894
26741,2180
26742,2355
26743,2397
26744,2307
26745,2230
26746,1904
26747,1871
26748,1737
26749,1566
26750,1579
26751,1673
26752,1783
26753,1904
26754,1919
26755,1900
26756,1904
26757,1904
26758,1845
26759,1823
26760,1818
26761,1821
26762,1799
26763,1809
26764,1849
26765,1863
26766,1885
26767,1872
26768,1888
26769,1915
26770,67
26771,1758
26772,2218
26773,2534
26774,2656
26775,2598
26776,2219
26777,1855
26778,1808
26779,1564
26780,1367
26781,1421
26782,1589
26783,1689
26784,1857
26785,1907
26786,1903
26787,1904
26788,1849
26789,1858
26790,1867
26791,1853
26792,1820
26793,1840
26794,1860
26795,1866
26796,1858
26797,1857
26798,1904
26799,1887
26800,1870
26801,0
26802,1766
26803,2242
26804,2704
26805,2962
26806,2894
26807,2240
26808,1835
26809,1655
26810,1311
26811,1141
26812,1186
26813,1386
26814,1685
26815,1850
26816,1895
26817,1877
26818,1902
26819,1871
26820,1845
26821,1860
26822,1855
26823,1869
26824,1893
26825,1872
26826,1872
26827,1889
26828,1878
26829,1874
26830,1870
26831,1894
26832,0
26833,1619
26834,2352
26835,3261
26836,3508
26837,3271
26838,2389
26839,1747
26840,1350
26841,877
26842,759
26843,928
26844,1309
26845,1711
26846,1838
26847,1871
26848,1897
26849,1882
26850,1859
26851,1870
26852,1869
26853,1882
26854,1889
26855,1889
26856,1908
26857,1937
26858,1921
26859,1904
26860,1920
26861,1907
26862,1903
26863,66
26864,1568
26865,2442
26866,3503
26867,3456
26868,3179
26869,2933
26870,1806
26871,1175
26872,678
26873,558
26874,747
26875,1284
26876,1686
26877,1826
26878,1856
26879,1856
26880,1847
26881,1869
26882,1865
26883,1866
26884,1872
26885,1903
26886,1911
26887,1950
26888,1917
26889,1939
26890,1955
26891,1941
26892,1903
26893,1924
26894,578
26895,1391
26896,2384
26897,3659
26898,3500
26899,3158
26900,2962
26901,1872
26902,933
26903,407
26904,225
26905,631
26906,1354
26907,1771
26908,1872
26909,1897
26910,1923
26911,1911
26912,1853
26913,1869
26914,1899
26915,1913
26916,1922
26917,1919
26918,1952
26919,1961
26920,1936
26921,1949
26922,1951
26923,1965
26924,1953
26925,866
26926,1369
26927,2559
26928,3791
26929,3408
26930,3134
26931,2940
26932,1776
26933,704
26934,73
26935,0
26936,580
26937,1323
26938,1727
26939,1905
26940,1973
26941,1968
26942,1936
26943,1948
26944,1936
26945,1904
26946,1924
26947,1943
26948,1969
26949,1982
26950,1974
26951,1979
26952,1993
26953,2000
26954,1958
26955,1962
26956,1711
26957,1342
26958,2395
26959,3792
26960,3498
26961,3194
26962,2933
26963,1707
26964,593
26965,0
26966,0
26967,633
26968,1443
26969,1819
26970,1983
26971,1971
26972,2001
26973,2011
26974,1987
26975,1979
26976,1963
26977,1975
26978,1975
26979,1951
26980,1951
26981,1984
26982,1975
26983,1968
26984,1977
26985,1990
26986,1972
26987,2495
26988,1023
26989,2268
26990,3809
26991,3493
26992,3271
26993,2975
26994,1479
26995,679
26996,141
26997,153
26998,889
26999,1535
27000,1794
27001,1916
27002,1975
27003,1959
27004,1942
27005,1945
27006,1968
27007,1947
27008,1963
27009,1939
27010,1951
27011,1940
27012,1951
27013,1923
27014,1953
27015,1958
27016,1952
27017,1916
27018,2448
27019,869
27020,2055
27021,3632
27022,3578
27023,3239
27024,3005
27025,1712
27026,677
27027,48
27028,0
27029,702
27030,1402
27031,1778
27032,1938
27033,1966
27034,1982
27035,1995
27036,1998
27037,1957
27038,1987
27039,2017
27040,2022
27041,1999
27042,1971
27043,1969
27044,1952
27045,1951
27046,1909
27047,1935
27048,1953
27049,2105
27050,498
27051,1963
27052,3703
27053,3696
27054,3281
27055,3054
27056,1712
27057,779
27058,123
27059,0
27060,742
27061,1430
27062,1768
27063,1877
27064,1950
27065,1995
27066,1986
27067,1968
27068,1984
27069,2000
27070,1987
27071,1973
27072,2000
27073,1999
27074,1988
27075,1971
27076,1959
27077,1974
27078,1953
27079,1936
27080,1911
27081,333
27082,1905
27083,3489
27084,3714
27085,3373
27086,3066
27087,1891
27088,757
27089,52
27090,0
27091,706
27092,1424
27093,1779
27094,1911
27095,1934
27096,1929
27097,1952
27098,1974
27099,1977
27100,1986
27101,1978
27102,1991
27103,2005
27104,2001
27105,1999
27106,2000
27107,1982
27108,1974
27109,1955
27110,1966
27111,1950
27112,84
27113,1753
27114,3430
27115,3760
27116,3408
27117,3104
27118,1879
27119,717
27120,82
27121,0
27122,754
27123,1443
27124,1791
27125,1898
27126,1954
27127,1977
27128,1997
27129,1939
27130,1955
27131,1983
27132,1982
27133,1995
27134,1997
27135,1993
27136,1977
27137,1986
27138,1953
27139,1975
27140,1985
27141,1951
27142,1943
27143,73
27144,1799
27145,3041
27146,3803
27147,3379
27148,3102
27149,1815
27150,807
27151,236
27152,145
27153,838
27154,1431
27155,1747
27156,1906
27157,1941
27158,1966
27159,1953
27160,1947
27161,1953
27162,1978
27163,1933
27164,1962
27165,1981
27166,1983
27167,1968
27168,1984
27169,1968
27170,2019
27171,1943
27172,1953
27173,1953
27174,14
27175,1582
27176,2783
27177,3787
27178,3482
27179,3184
27180,2063
27181,811
27182,317
27183,70
27184,738
27185,1384
27186,1731
27187,1886
27188,1930
27189,1980
27190,1983
27191,1981
27192,1952
27193,1954
27194,1962
27195,1936
27196,1927
27197,1936
27198,1963
27199,1967
27200,1962
27201,1978
27202,1971
27203,1941
27204,1947
27205,1926
27206,1936
27207,1934
27208,1891
27209,1895
27210,1887
27211,1875
27212,1872
27213,1843
27214,1868
27215,1872
27216,1871
27217,1855
27218,1867
27219,1872
27220,1873
27221,1872
27222,1872
27223,1883
27224,1879
27225,1874
27226,1843
27227,1849
27228,1827
27229,1805
27230,1831
27231,1856
27232,1878
27233,1885
27234,1856
27235,1872
27236,1877
27237,1860
27238,1855
27239,1870
27240,1872
27241,1861
27242,1859
27243,1842
27244,1849
27245,1827
27246,1834
27247,1835
27248,1861
27249,1867
27250,1872
27251,1861
27252,1884
27253,1875
27254,1853
27255,1860
27256,1878
27257,1903
27258,1861
27259,1838
27260,1862
27261,1849
27262,1849
27263,1825
27264,1847
27265,1840
27266,1834
27267,1855
27268,1852
27269,1860
27270,1869
27271,1872
27272,1863
27273,1889
27274,1877
27275,1847
27276,1854
27277,1856
27278,1847
27279,1850
27280,1828
27281,1863
27282,1857
27283,1854
27284,1855
27285,1868
27286,1882
27287,1837
27288,1856
27289,1872
27290,1888
27291,1854
27292,1867
27293,1855
27294,1843
27295,1857
27296,1808
27297,1833
27298,1858
27299,1866
27300,1841
27301,1862
27302,1885
27303,1872
27304,1849
27305,1859
27306,1882
27307,1899
27308,1872
27309,1851
27310,1865
27311,1859
27312,1828
27313,1821
27314,1853
27315,1872
27316,1863
27317,1846
27318,1859
27319,1881
27320,1881
27321,1856
27322,1872
27323,1897
27324,1881
27325,1869
27326,1840
27327,1847
27328,1848
27329,1843
27330,1840
27331,1840
27332,1840
27333,1845
27334,1855
27335,1881
27336,1872
27337,1878
27338,1850
27339,1879
27340,1888
27341,1884
27342,1892
27343,1886
27344,1878
27345,1866
27346,1834
27347,1822
27348,1815
27349,1834
27350,1845
27351,1840
27352,1870
27353,1873
27354,1857
27355,1858
27356,1874
27357,1887
27358,1879
27359,1870
27360,1869
27361,1853
27362,1868
27363,1828
27364,1856
27365,1850
27366,1830
27367,1846
27368,1870
27369,1874
27370,1869
27371,1866
27372,1879
27373,1879
27374,1872
27375,1855
27376,1845
27377,1856
27378,1838
27379,1808
27380,1830
27381,1863
27382,1894
27383,1855
27384,1849
27385,1872
27386,1868
27387,1911
27388,1856
27389,1879
27390,1876
27391,1870
27392,1836
27393,1855
27394,1847
27395,1844
27396,1836
27397,1835
27398,1850
27399,1867
27400,1856
27401,1867
27402,1890
27403,1879
27404,1858
27405,1866
27406,1872
27407,1891
27408,1869
27409,1855
27410,1850
27411,1850
27412,1856
27413,1819
27414,1842
27415,1855
27416,1859
27417,1853
27418,1856
27419,1882
27420,1867
27421,1840
27422,1871
27423,1881
27424,1879
27425,1849
27426,1858
27427,1856
27428,1841
27429,1819
27430,1838
27431,1862
27432,1873
27433,1843
27434,1855
27435,1875
27436,1881
27437,1847
27438,1858
27439,1878
27440,1872
27441,1864
27442,1853
27443,1857
27444,1841
27445,1838
27446,1802
27447,1837
27448,1856
27449,1855
27450,1851
27451,1856
27452,1874
27453,1888
27454,1842
27455,1867
27456,1882
27457,1881
27458,1872
27459,1843
27460,1855
27461,1847
27462,1825
27463,1819
27464,1851
27465,1873
27466,1857
27467,1840
27468,1871
27469,1871
27470,1872
27471,1865
27472,1878
27473,1882
27474,1872
27475,1850
27476,1835
27477,1842
27478,1856
27479,1840
27480,1835
27481,1857
27482,1874
27483,1851
27484,1858
27485,1870
27486,1872
27487,1840
27488,1858
27489,1882
27490,1877
27491,1873
27492,1836
27493,1869
27494,1862
27495,1835
27496,1840
27497,1857
27498,1871
27499,1894
27500,1860
27501,1865
27502,1867
27503,1853
27504,1855
27505,1859
27506,1884
27507,1892
27508,1862
27509,1843
27510,1855
27511,1870
27512,1808
27513,1828
27514,1852
27515,1867
27516,1863
27517,1853
27518,1861
27519,1876
27520,1866
27521,1862
27522,1885
27523,1887
27524,1891
27525,1856
27526,1853
27527,1849
27528,1862
27529,1827
27530,1836
27531,1858
27532,1859
27533,1898
27534,1857
27535,1879
27536,1872
27537,1891
27538,1856
27539,1872
27540,1863
27541,1872
27542,1850
27543,1861
27544,1865
27545,1840
27546,1817
27547,1855
27548,1870
27549,1865
27550,1871
27551,1867
27552,1883
27553,1882
27554,1869
27555,1869
27556,1885
27557,1884
27558,1875
27559,1846
27560,1851
27561,1856
27562,1799
27563,1823
27564,1854
27565,1851
27566,1872
27567,1861
27568,1875
27569,1879
27570,1863
27571,1843
27572,1866
27573,1895
27574,1902
27575,1847
27576,1847
27577,1850
27578,1864
27579,1819
27580,1826
27581,1857
27582,1869
27583,1843
27584,1867
27585,1872
27586,1889
27587,1859
27588,1862
27589,1882
27590,1882
27591,1861
27592,1842
27593,1861
27594,1845
27595,1802
27596,1824
27597,1849
27598,1871
27599,1882
27600,1855
27601,1872
27602,1874
27603,1877
27604,1867
27605,1867
27606,1881
27607,1894
27608,1872
27609,1850
27610,1863
27611,1861
27612,1871
27613,1823
27614,1861
27615,1856
27616,1857
27617,1849
27618,1872
27619,1891
27620,1898
27621,1859
27622,1871
27623,1878
27624,1879
27625,1857
27626,1853
27627,1856
27628,1830
27629,1837
27630,1823
27631,1857
27632,1874
27633,1869
27634,1852
27635,1864
27636,1872
27637,1859
27638,1856
27639,1877
27640,1903
27641,1867
27642,1845
27643,1859
27644,1856
27645,1846
27646,1848
27647,1851
27648,1872
27649,1871
27650,1840
27651,1865
27652,1885
27653,1867
27654,1855
27655,1849
27656,1869
27657,1877
27658,1872
27659,1853
27660,1865
27661,1847
27662,1834
27663,1835
27664,1860
27665,1885
27666,1878
27667,1847
27668,1867
27669,1879
27670,1869
27671,1851
27672,1883
27673,1887
27674,1878
27675,1875
27676,1847
27677,1859
27678,1858
27679,1830
27680,1839
27681,1871
27682,1899
27683,1840
27684,1840
27685,1873
27686,1853
27687,1882
27688,1851
27689,1879
27690,1875
27691,1872
27692,1891
27693,1869
27694,1856
27695,1827
27696,1839
27697,1855
27698,1857
27699,1855
27700,1899
27701,1865
27702,1872
27703,1888
27704,1882
27705,1862
27706,1878
27707,1899
27708,1856
27709,1846
27710,1858
27711,1857
27712,1835
27713,1830
27714,1855
27715,1856
27716,1853
27717,1842
27718,1871
27719,1892
27720,1875
27721,1854
27722,1875
27723,1885
27724,1865
27725,1840
27726,1853
27727,1856
27728,1821
27729,1850
27730,1835
27731,1871
27732,1883
27733,1855
27734,1854
27735,1878
27736,1871
27737,1887
27738,1852
27739,1872
27740,1882
27741,1861
27742,1853
27743,1863
27744,1849
27745,1833
27746,1813
27747,1853
27748,1875
27749,1855
27750,1834
27751,1871
27752,1888
27753,1885
27754,1856
27755,1869
27756,1872
27757,1877
27758,1869
27759,1854
27760,1866
27761,1871
27762,1835
27763,1827
27764,1857
27765,1867
27766,1857
27767,1874
27768,1872
27769,1872
27770,1888
27771,1846
27772,1878
27773,1886
27774,1883
27775,1840
27776,1854
27777,1857
27778,1849
27779,1838
27780,1833
27781,1853
27782,1866
27783,1874
27784,1857
27785,1881
27786,1873
27787,1855
27788,1857
27789,1882
27790,1893
27791,1874
27792,1875
27793,1867
27794,1847
27795,1829
27796,1833
27797,1858
27798,1876
27799,1875
27800,1851
27801,1856
27802,1866
27803,1857
27804,1866
27805,1850
27806,1861
27807,1872
27808,1869
27809,1863
27810,1872
27811,1858
27812,1874
27813,1834
27814,1857
27815,1856
27816,1867
27817,1842
27818,1858
27819,1866
27820,1841
27821,1836
27822,1878
27823,1877
27824,1879
27825,1844
27826,1850
27827,1862
27828,1858
27829,1840
27830,1841
27831,1872
27832,1874
27833,1851
27834,1841
27835,1881
27836,1872
27837,1894
27838,1847
27839,1872
27840,1876
27841,1872
27842,1845
27843,1870
27844,1862
27845,1837
27846,1835
27847,1842
27848,1875
27849,1852
27850,1855
27851,1866
27852,1867
27853,1872
27854,1877
27855,1858
27856,1882
27857,1897
27858,1870
27859,1861
27860,1872
27861,1871
27862,1803
27863,1827
27864,1847
27865,1872
27866,1847
27867,1872
27868,1855
27869,1883
27870,1875
27871,1846
27872,1863
27873,1882
27874,1898
27875,1859
27876,1856
27877,1861
27878,1883
27879,1820
27880,1831
27881,1859
27882,1872
27883,1857
27884,1866
27885,1879
27886,1888
27887,1910
27888,1856
27889,1875
27890,1872
27891,1863
27892,1839
27893,1874
27894,1857
27895,1861
27896,1815
27897,1851
27898,1863
27899,1865
27900,1861
27901,1862
27902,1872
27903,1865
27904,1841
27905,1861
27906,1886
27907,1877
27908,1872
27909,1846
27910,1847
27911,1845
27912,1838
27913,1835
27914,1857
27915,1861
27916,1871
27917,1865
27918,1878
27919,1895
27920,1871
27921,1851
27922,1858
27923,1889
27924,1877
27925,1856
27926,1855
27927,1862
27928,1856
27929,1855
27930,1839
27931,1859
27932,1872
27933,1853
27934,1850
27935,1856
27936,1853
27937,1856
27938,1837
27939,1857
27940,1871
27941,1875
27942,1861
27943,1859
27944,1875
27945,1813
27946,1838
27947,1863
27948,1867
27949,1866
27950,1836
27951,1871
27952,1887
27953,1878
27954,1855
27955,1851
27956,1884
27957,1885
27958,1842
27959,1847
27960,1856
27961,1846
27962,1870
27963,1828
27964,1856
27965,1869
27966,1861
27967,1873
27968,1871
27969,1879
27970,1859
27971,1862
27972,1859
27973,1873
27974,1885
27975,1845
27976,1843
27977,1871
27978,1856
27979,1848
27980,1833
27981,1871
27982,1869
27983,1844
27984,1856
27985,1866
27986,1867
27987,1898
27988,1851
27989,1876
27990,1879
27991,1878
27992,1869
27993,1861
27994,1872
27995,1845
27996,1831
27997,1847
27998,1859
27999,1852
28000,1850
28001,1866
28002,1878
28003,1891
28004,1840
28005,1861
28006,1879
28007,1877
28008,1867
28009,1854
28010,1856
28011,1842
28012,1831
28013,1819
28014,1850
28015,1869
28016,1854
28017,1847
28018,1870
28019,1874
28020,1858
28021,1872
28022,1872
28023,1889
28024,1873
28025,1865
28026,1855
28027,1840
28028,1831
28029,1849
28030,1838
28031,1859
28032,1879
28033,1847
28034,1858
28035,1872
28036,1867
28037,1902
28038,1852
28039,1873
28040,1895
28041,1871
28042,1842
28043,1854
28044,1849
28045,1845
28046,1835
28047,1856
28048,1872
28049,1854
28050,1841
28051,1856
28052,1874
28053,1857
28054,1847
28055,1865
28056,1883
28057,1881
28058,1872
28059,1846
28060,1858
28061,1845
28062,1853
28063,1833
28064,1856
28065,1875
28066,1847
28067,1855
28068,1859
28069,1883
28070,1861
28071,1840
28072,1868
28073,1878
28074,1872
28075,1837
28076,1847
28077,1858
28078,1855
28079,1842
28080,1837
28081,1856
28082,1873
28083,1845
28084,1856
28085,1861
28086,1895
28087,1869
28088,1858
28089,1879
28090,1902
28091,1869
28092,1862
28093,1853
28094,1840
28095,1855
28096,1815
28097,1852
28098,1859
28099,1872
28100,1871
28101,1866
28102,1872
28103,1857
28104,1841
28105,1852
28106,1876
28107,1877
28108,1846
28109,1846
28110,1865
28111,1850
28112,1842
28113,1819
28114,1855
28115,1867
28116,1860
28117,1850
28118,1862
28119,1862
28120,1891
28121,1856
28122,1866
28123,1877
28124,1907
28125,1847
28126,1859
28127,1865
28128,1853
28129,1849
28130,1833
28131,1862
28132,1877
28133,1856
28134,1856
28135,1872
28136,1845
28137,1894
28138,1849
28139,1871
28140,1884
28141,1872
28142,1879
28143,1851
28144,1856
28145,1839
28146,1809
28147,1846
28148,1869
28149,1872
28150,1830
28151,1857
28152,1878
28153,1883
28154,1872
28155,1866
28156,1872
28157,1887
28158,1881
28159,1847
28160,1847
28161,1837
28162,1845
28163,1827
28164,1850
28165,1850
28166,1855
28167,1865
28168,1867
28169,1866
28170,1885
28171,1861
28172,1862
28173,1890
28174,1873
28175,1840
28176,1851
28177,1860
28178,1855
28179,1823
28180,1837
28181,1855
28182,1873
28183,1858
28184,1857
28185,1884
28186,1856
28187,1865
28188,1856
28189,1877
28190,1872
28191,1863
28192,1852
28193,1845
28194,1863
28195,1841
28196,1815
28197,1840
28198,1863
28199,1871
28200,0
28201,1584
28202,2105
28203,2170
28204,2302
28205,2365
28206,2307
28207,2159
28208,1981
28209,1856
28210,1973
28211,1843
28212,1643
28213,1535
28214,1610
28215,1725
28216,1792
28217,1812
28218,1860
28219,1873
28220,1870
28221,1871
28222,1887
28223,1885
28224,1867
28225,1871
28226,1827
28227,1824
28228,1810
28229,1782
28230,1795
28231,39
28232,1519
28233,2045
28234,2181
28235,2485
28236,2581
28237,2467
28238,2223
28239,1875
28240,1748
28241,1731
28242,1554
28243,1430
28244,1489
28245,1650
28246,1758
28247,1837
28248,1904
28249,1894
28250,1890
28251,1904
28252,1904
28253,1890
28254,1849
28255,1856
28256,1872
28257,1873
28258,1843
28259,1857
28260,1870
28261,1872
28262,637
28263,1339
28264,2016
28265,2235
28266,2600
28267,2707
28268,2599
28269,2214
28270,1659
28271,1619
28272,1622
28273,1436
28274,1389
28275,1553
28276,1695
28277,1843
28278,1905
28279,1873
28280,1883
28281,1897
28282,1909
28283,1894
28284,1863
28285,1875
28286,1860
28287,1849
28288,1840
28289,1882
28290,1890
28291,1891
28292,1874
28293,1919
28294,1141
28295,2000
28296,2229
28297,2511
28298,2672
28299,2559
28300,2086
28301,1664
28302,1802
28303,1731
28304,1441
28305,1404
28306,1558
28307,1753
28308,1870
28309,1890
28310,1906
28311,1901
28312,1888
28313,1847
28314,1849
28315,1849
28316,1815
28317,1827
28318,1853
28319,1853
28320,1858
28321,1869
28322,1899
28323,1891
28324,2320
28325,927
28326,1952
28327,2310
28328,2583
28329,2661
28330,2503
28331,1842
28332,1725
28333,1873
28334,1613
28335,1433
28336,1479
28337,1616
28338,1781
28339,1905
28340,1936
28341,1920
28342,1907
28343,1897
28344,1872
28345,1841
28346,1818
28347,1830
28348,1854
28349,1852
28350,1852
28351,1872
28352,1893
28353,1898
28354,1907
28355,2466
28356,756
28357,1992
28358,2320
28359,2780
28360,3056
28361,2675
28362,1872
28363,1755
28364,1735
28365,1424
28366,1239
28367,1242
28368,1434
28369,1725
28370,1860
28371,1884
28372,1907
28373,1922
28374,1899
28375,1868
28376,1835
28377,1854
28378,1845
28379,1834
28380,1840
28381,1886
28382,1904
28383,1908
28384,1901
28385,1923
28386,2145
28387,428
28388,1879
28389,2511
28390,3191
28391,3348
28392,2728
28393,1872
28394,1712
28395,1510
28396,1203
28397,1037
28398,1099
28399,1446
28400,1721
28401,1842
28402,1888
28403,1917
28404,1915
28405,1893
28406,1893
28407,1877
28408,1829
28409,1852
28410,1888
28411,1872
28412,1890
28413,1862
28414,1903
28415,1920
28416,1919
28417,1882
28418,279
28419,1936
28420,2718
28421,3546
28422,3350
28423,3115
28424,2155
28425,1639
28426,1277
28427,866
28428,678
28429,875
28430,1328
28431,1691
28432,1840
28433,1859
28434,1887
28435,1906
28436,1893
28437,1885
28438,1855
28439,1877
28440,1906
28441,1898
28442,1893
28443,1911
28444,1911
28445,1916
28446,1897
28447,1914
28448,1925
28449,240
28450,1870
28451,2934
28452,3677
28453,3359
28454,3071
28455,2787
28456,1803
28457,1088
28458,547
28459,208
28460,497
28461,1283
28462,1654
28463,1789
28464,1871
28465,1906
28466,1904
28467,1876
28468,1904
28469,1902
28470,1925
28471,1899
28472,1938
28473,1937
28474,1949
28475,1921
28476,1940
28477,1937
28478,1936
28479,1921
28480,0
28481,1774
28482,2803
28483,3682
28484,3408
28485,3143
28486,2753
28487,1664
28488,1034
28489,338
28490,130
28491,769
28492,1379
28493,1744
28494,1870
28495,1894
28496,1909
28497,1902
28498,1930
28499,1923
28500,1931
28501,1968
28502,1994
28503,1966
28504,1920
28505,1919
28506,1906
28507,1954
28508,1949
28509,1924
28510,1938
28511,0
28512,1590
28513,2595
28514,3736
28515,3443
28516,3131
28517,2894
28518,1792
28519,994
28520,324
28521,57
28522,654
28523,1370
28524,1734
28525,1845
28526,1904
28527,1918
28528,1903
28529,1910
28530,1887
28531,1917
28532,1936
28533,1975
28534,1942
28535,1968
28536,1968
28537,1965
28538,1959
28539,1975
28540,1968
28541,1967
28542,67
28543,1661
28544,2549
28545,3740
28546,3445
28547,3126
28548,2864
28549,1673
28550,922
28551,205
28552,48
28553,866
28554,1469
28555,1769
28556,1895
28557,1937
28558,1936
28559,1926
28560,1931
28561,1926
28562,1936
28563,1919
28564,1947
28565,1951
28566,1958
28567,1936
28568,1959
28569,1953
28570,1945
28571,1921
28572,1947
28573,368
28574,1535
28575,2374
28576,3649
28577,3490
28578,3136
28579,2947
28580,1681
28581,944
28582,208
28583,118
28584,890
28585,1530
28586,1789
28587,1841
28588,1905
28589,1943
28590,1957
28591,1940
28592,1911
28593,1908
28594,1923
28595,1927
28596,1918
28597,1941
28598,1985
28599,1997
28600,1973
28601,1966
28602,1969
28603,1950
28604,1010
28605,1328
28606,2301
28607,3631
28608,3497
28609,3183
28610,2959
28611,1648
28612,1012
28613,231
28614,142
28615,922
28616,1495
28617,1782
28618,1874
28619,1934
28620,1981
28621,1909
28622,1920
28623,1941
28624,1939
28625,1918
28626,1948
28627,1951
28628,1953
28629,1934
28630,1942
28631,1963
28632,1947
28633,1917
28634,1925
28635,2385
28636,1058
28637,2119
28638,3463
28639,3555
28640,3218
28641,2994
28642,1807
28643,1010
28644,252
28645,115
28646,875
28647,1477
28648,1773
28649,1881
28650,1905
28651,1931
28652,1936
28653,1937
28654,1931
28655,1934
28656,1958
28657,1975
28658,1965
28659,1958
28660,1968
28661,1954
28662,1987
28663,1922
28664,1943
28665,1955
28666,2619
28667,896
28668,2093
28669,3470
28670,3538
28671,3264
28672,3018
28673,1747
28674,983
28675,296
28676,202
28677,934
28678,1491
28679,1741
28680,1841
28681,1916
28682,1938
28683,1919
28684,1922
28685,1951
28686,1968
28687,1953
28688,1940
28689,1969
28690,1974
28691,1958
28692,1941
28693,1955
28694,1941
28695,1935
28696,1901
28697,2517
28698,773
28699,2037
28700,3207
28701,3581
28702,3279
28703,3019
28704,1840
28705,1039
28706,321
28707,210
28708,935
28709,1475
28710,1757
28711,1872
28712,1857
28713,1899
28714,1921
28715,1938
28716,1926
28717,1920
28718,1945
28719,1953
28720,1986
28721,1944
28722,1968
28723,1970
28724,1990
28725,1959
28726,1936
28727,1938
28728,2000
28729,392
28730,1872
28731,2996
28732,3649
28733,3283
28734,3061
28735,1964
28736,1165
28737,414
28738,155
28739,855
28740,1467
28741,1758
28742,1840
28743,1905
28744,1911
28745,1919
28746,1904
28747,1927
28748,1941
28749,1980
28750,2066
28751,2083
28752,2047
28753,1886
28754,1844
28755,1872
28756,1857
28757,1895
28758,1929
28759,1909
28760,322
28761,1904
28762,2836
28763,3658
28764,3344
28765,3104
28766,1970
28767,1106
28768,435
28769,230
28770,897
28771,1436
28772,1763
28773,1886
28774,1935
28775,1908
28776,1918
28777,1923
28778,1923
28779,1939
28780,1943
28781,1977
28782,1968
28783,1933
28784,1947
28785,1943
28786,1942
28787,1940
28788,1923
28789,1938
28790,1931
28791,46
28792,1734
28793,2667
28794,3691
28795,3407
28796,3126
28797,2177
28798,1168
28799,592
28800,249
28801,826
28802,1410
28803,1715
28804,1835
28805,1901
28806,1930
28807,1939
28808,1915
28809,1919
28810,1938
28811,1968
28812,1987
28813,1900
28814,1927
28815,1945
28816,1936
28817,1917
28818,1942
28819,1938
28820,1970
28821,1910
28822,1907
28823,1915
28824,1915
28825,1876
28826,1872
28827,1893
28828,1873
28829,1837
28830,1846
28831,1877
28832,1883
28833,1874
28834,1863
28835,1879
28836,1891
28837,1880
28838,1859
28839,1876
28840,1891
28841,1865
28842,1828
28843,1850
28844,1841
28845,1851
28846,1847
28847,1840
28848,1867
28849,1877
28850,1858
28851,1863
28852,1877
28853,1891
28854,1860
28855,1863
28856,1869
28857,1872
28858,1856
28859,1857
28860,1866
28861,1841
28862,1879
28863,1822
28864,1847
28865,1857
28866,1851
28867,1863
28868,1866
28869,1856
28870,1882
28871,1856
28872,1873
28873,1877
28874,1889
28875,1840
28876,1846
28877,1867
28878,1826
28879,1838
28880,1834
28881,1852
28882,1867
28883,1854
28884,1841
28885,1871
28886,1870
28887,1873
28888,1847
28889,1872
28890,1875
28891,1846
28892,1842
28893,1863
28894,1857
28895,1856
28896,1821
28897,1857
28898,1855
28899,1870
28900,1843
28901,1859
28902,1867
28903,1854
28904,1814
28905,1856
28906,1867
28907,1879
28908,1856
28909,1845
28910,1854
28911,1855
28912,1870
28913,1835
28914,1854
28915,1857
28916,1858
28917,1871
28918,1866
28919,1858
28920,1886
28921,1837
28922,1871
28923,1872
28924,1875
28925,1851
28926,1851
28927,1872
28928,1840
28929,1830
28930,1837
28931,1861
28932,1869
28933,1837
28934,1845
28935,1872
28936,1872
28937,1872
28938,1851
28939,1876
28940,1898
28941,1875
28942,1831
28943,1847
28944,1862
28945,1849
28946,1829
28947,1855
28948,1871
28949,1859
28950,1846
28951,1841
28952,1847
28953,1863
28954,1839
28955,1858
28956,1872
28957,1878
28958,1856
28959,1852
28960,1869
28961,1872
28962,1854
28963,1829
28964,1859
28965,1864
28966,1862
28967,1869
28968,1875
28969,1887
28970,1859
28971,1851
28972,1870
28973,1874
28974,1883
28975,1859
28976,1856
28977,1865
28978,1853
28979,1823
28980,1841
28981,1856
28982,1867
28983,1867
28984,1857
28985,1885
28986,1872
28987,1848
28988,1845
28989,1872
28990,1888
28991,1877
28992,1823
28993,1856
28994,1868
28995,1852
28996,1837
28997,1866
28998,1861
28999,1853
29000,1887
29001,1871
29002,1875
29003,1868
29004,1859
29005,1851
29006,1865
29007,1873
29008,1877
29009,1856
29010,1861
29011,1861
29012,1805
29013,1823
29014,1854
29015,1859
29016,1857
29017,1840
29018,1862
29019,1878
29020,1855
29021,1840
29022,1862
29023,1872
29024,1871
29025,1847
29026,1853
29027,1867
29028,1857
29029,1851
29030,1846
29031,1869
29032,1863
29033,1841
29034,1846
29035,1872
29036,1870
29037,1858
29038,1849
29039,1870
29040,1871
29041,1872
29042,1840
29043,1855
29044,1863
29045,1872
29046,1819
29047,1857
29048,1865
29049,1863
29050,1840
29051,1872
29052,1882
29053,1867
29054,1848
29055,1869
29056,1875
29057,1873
29058,1867
29059,1843
29060,1876
29061,1863
29062,1844
29063,1834
29064,1853
29065,1874
29066,1857
29067,1845
29068,1859
29069,1857
29070,1885
29071,1843
29072,1866
29073,1883
29074,1881
29075,1840
29076,1851
29077,1866
29078,1867
29079,1821
29080,1840
29081,1860
29082,1872
29083,1840
29084,1847
29085,1860
29086,1859
29087,1882
29088,1856
29089,1872
29090,1868
29091,1869
29092,1847
29093,1858
29094,1843
29095,1845
29096,1808
29097,1839
29098,1863
29099,1855
29100,1854
29101,1863
29102,1890
29103,1840
29104,1867
29105,1867
29106,1862
29107,1872
29108,1841
29109,1847
29110,1861
29111,1871
29112,1841
29113,1826
29114,1858
29115,1872
29116,1858
29117,1845
29118,1857
29119,1867
29120,1843
29121,1847
29122,1859
29123,1868
29124,1872
29125,1846
29126,1851
29127,1855
29128,1850
29129,1847
29130,1838
29131,1856
29132,1856
29133,1840
29134,1858
29135,1873
29136,1873
29137,1853
29138,1855
29139,1877
29140,1881
29141,1876
29142,1852
29143,1861
29144,1851
29145,1867
29146,1840
29147,1858
29148,1867
29149,1867
29150,1854
29151,1865
29152,1870
29153,1904
29154,1869
29155,1863
29156,1886
29157,1883
29158,1840
29159,1840
29160,1856
29161,1843
29162,1830
29163,1817
29164,1848
29165,1856
29166,1867
29167,1859
29168,1872
29169,1859
29170,1855
29171,1858
29172,1869
29173,1857
29174,1875
29175,1867
29176,1854
29177,1871
29178,1872
29179,1854
29180,1847
29181,1859
29182,1872
29183,1913
29184,1851
29185,1870
29186,1856
29187,1858
29188,1847
29189,1874
29190,1874
29191,1877
29192,1857
29193,1854
29194,1862
29195,1876
29196,1823
29197,1846
29198,1859
29199,1872
29200,1867
29201,1865
29202,1866
29203,1863
29204,1860
29205,1856
29206,1869
29207,1867
29208,1869
29209,1853
29210,1858
29211,1861
29212,1850
29213,1823
29214,1851
29215,1857
29216,1851
29217,1853
29218,1846
29219,1879
29220,1878
29221,1854
29222,1875
29223,1882
29224,1857
29225,1819
29226,1858
29227,1854
29228,1847
29229,1831
29230,1840
29231,1872
29232,1879
29233,1863
29234,1857
29235,1873
29236,1871
29237,1867
29238,1858
29239,1885
29240,1893
29241,1864
29242,1879
29243,1859
29244,1841
29245,1853
29246,1808
29247,1839
29248,1872
29249,1863
29250,1840
29251,1856
29252,1872
29253,1861
29254,1846
29255,1866
29256,1881
29257,1881
29258,1851
29259,1847
29260,1859
29261,1872
29262,1868
29263,1831
29264,1859
29265,1858
29266,1872
29267,1850
29268,1881
29269,1871
29270,1871
29271,1857
29272,1872
29273,1889
29274,1871
29275,1889
29276,1849
29277,1862
29278,1823
29279,1845
29280,1839
29281,1858
29282,1877
29283,1886
29284,1851
29285,1872
29286,1878
29287,1874
29288,1852
29289,1877
29290,1873
29291,1868
29292,1840
29293,1859
29294,1854
29295,1842
29296,1846
29297,1837
29298,1869
29299,1875
29300,1846
29301,1872
29302,1890
29303,1879
29304,1857
29305,1858
29306,1881
29307,1871
29308,1853
29309,1840
29310,1851
29311,1863
29312,1869
29313,1830
29314,1861
29315,1860
29316,1872
29317,1856
29318,1872
29319,1876
29320,1886
29321,1856
29322,1867
29323,1884
29324,1869
29325,1858
29326,1867
29327,1866
29328,1871
29329,1839
29330,1837
29331,1855
29332,1866
29333,1853
29334,1856
29335,1861
29336,1861
29337,1840
29338,1849
29339,1871
29340,1874
29341,1867
29342,1855
29343,1852
29344,1859
29345,1853
29346,1831
29347,1843
29348,1866
29349,1872
29350,1837
29351,1866
29352,1866
29353,1872
29354,1858
29355,1863
29356,1886
29357,1883
29358,1856
29359,1847
29360,1862
29361,1856
29362,1841
29363,1829
29364,1856
29365,1863
29366,1857
29367,1843
29368,1858
29369,1872
29370,1855
29371,1866
29372,1877
29373,1883
29374,1875
29375,1849
29376,1851
29377,1854
29378,1846
29379,1847
29380,1834
29381,1857
29382,1872
29383,1830
29384,1862
29385,1877
29386,1882
29387,1860
29388,1855
29389,1876
29390,1875
29391,1850
29392,1832
29393,1853
29394,1841
29395,1840
29396,1814
29397,1851
29398,1863
29399,1866
29400,1871
29401,1872
29402,1883
29403,1878
29404,1825
29405,1866
29406,1889
29407,1886
29408,1871
29409,1849
29410,1866
29411,1843
29412,1843
29413,1822
29414,1859
29415,1883
29416,1865
29417,1855
29418,1859
29419,1865
29420,1903
29421,1853
29422,1857
29423,1871
29424,1851
29425,1854
29426,1851
29427,1857
29428,1850
29429,1819
29430,1829
29431,1863
29432,1879
29433,1862
29434,1856
29435,1873
29436,1889
29437,1867
29438,1854
29439,1873
29440,1890
29441,1872
29442,1862
29443,1858
29444,1863
29445,1884
29446,1825
29447,1849
29448,1869
29449,1865
29450,1862
29451,1877
29452,1879
29453,1866
29454,1855
29455,1856
29456,1882
29457,1881
29458,1856
29459,1855
29460,1859
29461,1856
29462,1840
29463,1829
29464,1859
29465,1872
29466,1861
29467,1857
29468,1871
29469,1870
29470,1910
29471,1855
29472,1873
29473,1871
29474,1869
29475,1844
29476,1856
29477,1872
29478,1861
29479,1861
29480,1842
29481,1863
29482,1866
29483,1865
29484,1849
29485,1865
29486,1872
29487,1853
29488,1846
29489,1877
29490,1876
29491,1862
29492,1854
29493,1856
29494,1861
29495,1843
29496,1834
29497,1846
29498,1872
29499,1872
29500,1859
29501,1867
29502,1856
29503,1872
29504,1856
29505,1862
29506,1879
29507,1887
29508,1855
29509,1846
29510,1856
29511,1848
29512,1855
29513,1822
29514,1853
29515,1872
29516,1845
29517,1854
29518,1861
29519,1872
29520,1873
29521,1854
29522,1879
29523,1884
29524,1871
29525,1820
29526,1856
29527,1870
29528,1840
29529,1835
29530,1833
29531,1863
29532,1871
29533,1856
29534,1855
29535,1875
29536,1877
29537,1867
29538,1853
29539,1877
29540,1888
29541,1873
29542,1850
29543,1860
29544,1858
29545,1829
29546,1815
29547,1853
29548,1861
29549,1856
29550,1859
29551,1855
29552,1869
29553,1847
29554,1875
29555,1869
29556,1870
29557,1884
29558,1887
29559,1855
29560,1856
29561,1856
29562,1826
29563,1825
29564,1856
29565,1874
29566,1872
29567,1854
29568,1874
29569,1871
29570,1910
29571,1842
29572,1869
29573,1885
29574,1872
29575,1875
29576,1856
29577,1863
29578,1868
29579,1834
29580,1826
29581,1860
29582,1869
29583,1856
29584,1861
29585,1872
29586,1883
29587,1847
29588,1855
29589,1872
29590,1872
29591,1865
29592,1859
29593,1855
29594,1859
29595,1861
29596,1821
29597,1845
29598,1870
29599,1871
29600,1839
29601,1862
29602,1867
29603,1843
29604,1826
29605,1862
29606,1874
29607,1877
29608,1868
29609,1852
29610,1859
29611,1843
29612,1828
29613,1829
29614,1857
29615,1872
29616,1877
29617,1853
29618,1866
29619,1878
29620,1903
29621,1840
29622,1875
29623,1873
29624,1873
29625,1840
29626,1854
29627,1853
29628,1856
29629,1803
29630,1838
29631,1872
29632,1871
29633,1853
29634,1853
29635,1872
29636,1872
29637,1859
29638,1855
29639,1872
29640,1883
29641,1872
29642,1840
29643,1841
29644,1865
29645,1846
29646,1828
29647,1856
29648,1860
29649,1857
29650,1856
29651,1868
29652,1872
29653,1890
29654,1854
29655,1862
29656,1872
29657,1886
29658,1872
29659,1853
29660,1868
29661,1856
29662,1840
29663,1833
29664,1853
29665,1874
29666,1861
29667,1838
29668,1862
29669,1871
29670,1871
29671,1858
29672,1879
29673,1872
29674,1883
29675,1856
29676,1856
29677,1872
29678,1844
29679,1855
29680,1841
29681,1858
29682,1883
29683,1835
29684,1856
29685,1863
29686,1897
29687,1870
29688,1850
29689,1872
29690,1879
29691,1867
29692,1870
29693,1873
29694,1869
29695,1841
29696,1827
29697,1837
29698,1866
29699,1868
29700,1863
29701,1862
29702,1879
29703,1866
29704,1844
29705,1861
29706,1872
29707,1891
29708,1846
29709,1856
29710,1869
29711,1857
29712,1835
29713,1827
29714,1857
29715,1883
29716,1853
29717,1855
29718,1866
29719,1885
29720,1855
29721,1840
29722,1854
29723,1872
29724,1874
29725,1799
29726,1844
29727,1850
29728,1834
29729,1814
29730,1837
29731,1853
29732,1873
29733,1826
29734,1858
29735,1872
29736,1867
29737,1855
29738,1855
29739,1876
29740,1891
29741,1883
29742,1853
29743,1868
29744,1856
29745,1841
29746,1818
29747,1847
29748,1872
29749,1859
29750,1812
29751,1871
29752,1870
29753,1893
29754,1860
29755,1857
29756,1884
29757,1874
29758,1856
29759,1851
29760,1865
29761,1855
29762,1806
29763,1823
29764,1856
29765,1871
29766,1872
29767,1855
29768,1874
29769,1868
29770,1906
29771,1840
29772,1858
29773,1872
29774,1890
29775,1838
29776,1857
29777,1857
29778,1812
29779,1830
29780,1835
29781,1861
29782,1866
29783,1847
29784,1850
29785,1882
29786,1876
29787,1872
29788,1853
29789,1877
29790,1882
29791,1869
29792,1858
29793,1856
29794,1847
29795,1851
29796,1830
29797,1840
29798,1860
29799,1872
29800,1865
29801,1872
29802,1875
29803,1865
29804,1852
29805,1866
29806,1872
29807,1885
29808,1881
29809,1846
29810,1855
29811,1855
29812,1840
29813,1828
29814,1855
29815,1870
29816,1851
29817,0
29818,1778
29819,2165
29820,2393
29821,2685
29822,2833
29823,2719
29824,2545
29825,2134
29826,1808
29827,1645
29828,1221
29829,996
29830,1040
29831,1274
29832,1515
29833,1698
29834,1815
29835,1855
29836,1885
29837,1861
29838,1859
29839,1887
29840,1883
29841,1895
29842,1894
29843,1882
29844,1847
29845,1838
29846,1836
29847,1863
29848,0
29849,1672
29850,2109
29851,2434
29852,2814
29853,2853
29854,2704
29855,2348
29856,1809
29857,1775
29858,1430
29859,1090
29860,1051
29861,1264
29862,1535
29863,1741
29864,1866
29865,1909
29866,1914
29867,1887
29868,1936
29869,1927
29870,1872
29871,1879
29872,1902
29873,1919
29874,1889
29875,1923
29876,1886
29877,1903
29878,1894
29879,100
29880,1577
29881,2165
29882,2559
29883,3003
29884,2964
29885,2730
29886,2054
29887,1687
29888,1593
29889,1241
29890,1040
29891,1083
29892,1337
29893,1633
29894,1825
29895,1847
29896,1871
29897,1911
29898,1927
29899,1929
29900,1927
29901,1892
29902,1904
29903,1902
29904,1891
29905,1886
29906,1904
29907,1911
29908,1875
29909,1895
29910,802
29911,1348
29912,2086
29913,2672
29914,3141
29915,3218
29916,2826
29917,1890
29918,1638
29919,1455
29920,1089
29921,907
29922,1040
29923,1383
29924,1655
29925,1825
29926,1883
29927,1932
29928,1916
29929,1920
29930,1904
29931,1914
29932,1911
29933,1898
29934,1877
29935,1894
29936,1892
29937,1913
29938,1878
29939,1915
29940,1924
29941,1165
29942,1254
29943,2119
29944,2816
29945,3440
29946,3280
29947,2832
29948,1774
29949,1581
29950,1276
29951,985
29952,833
29953,1018
29954,1419
29955,1712
29956,1862
29957,1905
29958,1936
29959,1919
29960,1910
29961,1887
29962,1830
29963,1854
29964,1897
29965,1895
29966,1890
29967,1872
29968,1904
29969,1922
29970,1914
29971,1902
29972,2513
29973,1041
29974,2086
29975,2818
29976,3498
29977,3307
29978,3018
29979,2109
29980,1485
29981,1152
29982,821
29983,726
29984,1014
29985,1444
29986,1712
29987,1798
29988,1872
29989,1912
29990,1923
29991,1917
29992,1873
29993,1867
29994,1871
29995,1855
29996,1849
29997,1873
29998,1904
29999,1898
30000,1904
30001,1925
30002,1936
30003,2663
30004,839
30005,2039
30006,3040
30007,3559
30008,3269
30009,3015
30010,2224
30011,1477
30012,1075
30013,572
30014,464
30015,990
30016,1475
30017,1728
30018,1847
30019,1904
30020,1930
30021,1911
30022,1926
30023,1913
30024,1910
30025,1943
30026,1888
30027,1897
30028,1889
30029,1887
30030,1899
30031,1934
30032,1958
30033,1931
30034,2220
30035,585
30036,1975
30037,2965
30038,3601
30039,3291
30040,3050
30041,2602
30042,1603
30043,1072
30044,343
30045,291
30046,870
30047,1453
30048,1760
30049,1861
30050,1871
30051,1930
30052,1939
30053,1923
30054,1905
30055,1904
30056,1911
30057,1920
30058,1881
30059,1913
30060,1932
30061,1914
30062,1937
30063,1911
30064,1938
30065,1986
30066,281
30067,1881
30068,2864
30069,3648
30070,3302
30071,3058
30072,2512
30073,1557
30074,1021
30075,251
30076,375
30077,1065
30078,1555
30079,1783
30080,1858
30081,1920
30082,1941
30083,1923
30084,1911
30085,1922
30086,1907
30087,1936
30088,1909
30089,1938
30090,1973
30091,1948
30092,1918
30093,1913
30094,1931
30095,1921
30096,1887
30097,119
30098,1861
30099,2669
30100,3626
30101,3325
30102,3057
30103,2471
30104,1557
30105,960
30106,208
30107,523
30108,1155
30109,1594
30110,1808
30111,1881
30112,1914
30113,1903
30114,1915
30115,1920
30116,1915
30117,1904
30118,1924
30119,1939
30120,1919
30121,1890
30122,1905
30123,1968
30124,1977
30125,1921
30126,1931
30127,1934
30128,0
30129,1680
30130,2482
30131,3567
30132,3366
30133,3109
30134,2646
30135,1557
30136,901
30137,137
30138,496
30139,1203
30140,1659
30141,1822
30142,1885
30143,1918
30144,1936
30145,1878
30146,1859
30147,1907
30148,1910
30149,1932
30150,1894
30151,1920
30152,1958
30153,1950
30154,1942
30155,1936
30156,1967
30157,1948
30158,1945
30159,0
30160,1706
30161,2411
30162,3515
30163,3364
30164,3102
30165,2772
30166,1605
30167,815
30168,16
30169,483
30170,1187
30171,1615
30172,1843
30173,1932
30174,1936
30175,1938
30176,1917
30177,1922
30178,1907
30179,1890
30180,1898
30181,1929
30182,1951
30183,1925
30184,1927
30185,1958
30186,1936
30187,1936
30188,1922
30189,1945
30190,4
30191,1557
30192,2278
30193,3548
30194,3371
30195,3155
30196,2910
30197,1626
30198,743
30199,64
30200,547
30201,1219
30202,1664
30203,1855
30204,1890
30205,1925
30206,1955
30207,1948
30208,1911
30209,1906
30210,1918
30211,1916
30212,1921
30213,1903
30214,1924
30215,1953
30216,1936
30217,1934
30218,1936
30219,1939
30220,1925
30221,189
30222,1522
30223,2287
30224,3488
30225,3422
30226,3146
30227,2922
30228,1621
30229,781
30230,102
30231,597
30232,1250
30233,1671
30234,1814
30235,1900
30236,1927
30237,1904
30238,1905
30239,1921
30240,1922
30241,1917
30242,1922
30243,1929
30244,1943
30245,1911
30246,1910
30247,1914
30248,1936
30249,1904
30250,1895
30251,1918
30252,1190
30253,1249
30254,2150
30255,3403
30256,3457
30257,3144
30258,2977
30259,1795
30260,792
30261,111
30262,545
30263,1141
30264,1589
30265,1791
30266,1856
30267,1902
30268,1936
30269,1940
30270,1962
30271,1904
30272,1922
30273,1950
30274,1936
30275,1917
30276,1936
30277,1943
30278,1937
30279,1904
30280,1904
30281,1923
30282,1947
30283,2074
30284,1073
30285,2126
30286,3271
30287,3511
30288,3195
30289,2969
30290,1919
30291,863
30292,199
30293,558
30294,1114
30295,1535
30296,1707
30297,1840
30298,1888
30299,1919
30300,1900
30301,1915
30302,1921
30303,1913
30304,1910
30305,1916
30306,1947
30307,1961
30308,1936
30309,1937
30310,1938
30311,1936
30312,1922
30313,1889
30314,2642
30315,921
30316,2057
30317,3159
30318,3467
30319,3189
30320,3027
30321,2097
30322,903
30323,177
30324,432
30325,1050
30326,1478
30327,1744
30328,1851
30329,1886
30330,1906
30331,1916
30332,1936
30333,1940
30334,1911
30335,1951
30336,1981
30337,2001
30338,1953
30339,1921
30340,1936
30341,1936
30342,1920
30343,1936
30344,1919
30345,2403
30346,683
30347,1979
30348,3042
30349,3530
30350,3212
30351,3021
30352,2153
30353,974
30354,204
30355,352
30356,1053
30357,1489
30358,1697
30359,1859
30360,1914
30361,1942
30362,1905
30363,1898
30364,1936
30365,1966
30366,1937
30367,1941
30368,1951
30369,1955
30370,1966
30371,1923
30372,1960
30373,1966
30374,1933
30375,1936
30376,2266
30377,569
30378,1948
30379,2786
30380,3553
30381,3293
30382,3050
30383,2182
30384,999
30385,224
30386,390
30387,1068
30388,1478
30389,1781
30390,1886
30391,1905
30392,1911
30393,1922
30394,1925
30395,1909
30396,1902
30397,1907
30398,1929
30399,1927
30400,1952
30401,1936
30402,1936
30403,1936
30404,1930
30405,1935
30406,1932
30407,1950
30408,179
30409,1821
30410,2711
30411,3551
30412,3286
30413,3050
30414,2273
30415,1067
30416,335
30417,434
30418,1072
30419,1535
30420,1791
30421,1851
30422,1895
30423,1929
30424,1922
30425,1873
30426,1914
30427,1925
30428,1911
30429,1879
30430,1914
30431,1954
30432,1933
30433,1922
30434,1924
30435,1936
30436,1938
30437,1908
30438,1904
30439,1923
30440,1936
30441,1905
30442,1877
30443,1895
30444,1872
30445,1865
30446,1840
30447,1863
30448,1872
30449,1873
30450,1891
30451,1871
30452,1888
30453,1847
30454,1870
30455,1869
30456,1875
30457,1895
30458,1858
30459,1849
30460,1858
30461,1878
30462,1856
30463,1836
30464,1863
30465,1864
30466,1855
30467,1844
30468,1859
30469,1858
30470,1845
30471,1846
30472,1860
30473,1872
30474,1865
30475,1871
30476,1851
30477,1850
30478,1840
30479,1843
30480,1842
30481,1872
30482,1856
30483,1847
30484,1865
30485,1871
30486,1845
30487,1845
30488,1850
30489,1871
30490,1883
30491,1869
30492,1861
30493,1849
30494,1872
30495,1835
30496,1821
30497,1862
30498,1874
30499,1868
30500,1861
30501,1865
30502,1861
30503,1866
30504,1831
30505,1855
30506,1872
30507,1867
30508,1856
30509,1850
30510,1869
30511,1872
30512,1813
30513,1829
30514,1861
30515,1858
30516,1846
30517,1846
30518,1856
30519,1867
30520,1839
30521,1842
30522,1867
30523,1871
30524,1873
30525,1838
30526,1849
30527,1856
30528,1846
30529,1840
30530,1840
30531,1862
30532,1875
30533,1855
30534,1843
30535,1860
30536,1879
30537,1865
30538,1846
30539,1867
30540,1862
30541,1859
30542,1856
30543,1861
30544,1846
30545,1853
30546,1840
30547,1848
30548,1866
30549,1867
30550,1856
30551,1855
30552,1893
30553,1865
30554,1842
30555,1856
30556,1872
30557,1891
30558,1862
30559,1837
30560,1849
30561,1853
30562,1865
30563,1840
30564,1859
30565,1867
30566,1851
30567,1841
30568,1856
30569,1859
30570,1872
30571,1840
30572,1858
30573,1874
30574,1854
30575,1843
30576,1847
30577,1861
30578,1863
30579,1830
30580,1844
30581,1866
30582,1863
30583,1841
30584,1862
30585,1872
30586,1885
30587,1866
30588,1851
30589,1872
30590,1872
30591,1856
30592,1847
30593,1853
30594,1854
30595,1826
30596,1842
30597,1856
30598,1872
30599,1872
30600,1846
30601,1858
30602,1882
30603,1893
30604,1872
30605,1865
30606,1872
30607,1872
30608,1808
30609,1841
30610,1842
30611,1861
30612,1848
30613,1835
30614,1872
30615,1887
30616,1877
30617,1867
30618,1875
30619,1872
30620,1845
30621,1819
30622,1840
30623,1861
30624,1859
30625,1860
30626,1869
30627,1861
30628,1865
30629,1811
30630,1825
30631,1856
30632,1862
30633,1871
30634,1842
30635,1855
30636,1872
30637,1851
30638,1851
30639,1873
30640,1885
30641,1863
30642,1850
30643,1855
30644,1873
30645,1873
30646,1843
30647,1858
30648,1861
30649,1873
30650,1843
30651,1859
30652,1888
30653,1894
30654,1872
30655,1859
30656,1872
30657,1867
30658,1843
30659,1854
30660,1867
30661,1851
30662,1850
30663,1827
30664,1860
30665,1871
30666,1861
30667,1855
30668,1877
30669,1872
30670,1877
30671,1839
30672,1875
30673,1880
30674,1872
30675,1861
30676,1862
30677,1861
30678,1854
30679,1829
30680,1840
30681,1868
30682,1867
30683,1858
30684,1857
30685,1850
30686,1856
30687,1866
30688,1853
30689,1875
30690,1872
30691,1868
30692,1851
30693,1860
30694,1846
30695,1849
30696,1807
30697,1855
30698,1857
30699,1867
30700,1862
30701,1867
30702,1872
30703,1872
30704,1855
30705,1862
30706,1886
30707,1886
30708,1881
30709,1851
30710,1856
30711,1846
30712,1839
30713,1825
30714,1856
30715,1855
30716,1850
30717,1852
30718,1878
30719,1873
30720,1891
30721,1834
30722,1855
30723,1865
30724,1869
30725,1846
30726,1862
30727,1869
30728,1833
30729,1841
30730,1841
30731,1859
30732,1866
30733,1833
30734,1856
30735,1887
30736,1882
30737,1873
30738,1854
30739,1872
30740,1889
30741,1872
30742,1844
30743,1867
30744,1854
30745,1833
30746,1843
30747,1840
30748,1867
30749,1871
30750,1860
30751,1861
30752,1873
30753,1855
30754,1841
30755,1865
30756,1878
30757,1884
30758,1863
30759,1856
30760,1862
30761,1856
30762,1845
30763,1824
30764,1856
30765,1870
30766,1883
30767,1856
30768,1877
30769,1872
30770,1885
30771,1867
30772,1866
30773,1873
30774,1856
30775,1808
30776,1847
30777,1840
30778,1840
30779,1840
30780,1845
30781,1871
30782,1870
30783,1887
30784,1856
30785,1883
30786,1862
30787,1851
30788,1859
30789,1872
30790,1892
30791,1872
30792,1856
30793,1865
30794,1857
30795,1867
30796,1837
30797,1865
30798,1863
30799,1856
30800,1855
30801,1869
30802,1881
30803,1863
30804,1853
30805,1872
30806,1875
30807,1859
30808,1859
30809,1847
30810,1856
30811,1872
30812,1840
30813,1835
30814,1861
30815,1872
30816,1863
30817,1846
30818,1872
30819,1861
30820,1862
30821,1854
30822,1879
30823,1885
30824,1873
30825,1846
30826,1844
30827,1852
30828,1862
30829,1835
30830,1840
30831,1869
30832,1866
30833,1862
30834,1853
30835,1885
30836,1869
30837,1874
30838,1850
30839,1872
30840,1881
30841,1859
30842,1846
30843,1863
30844,1851
30845,1858
30846,1805
30847,1847
30848,1869
30849,1871
30850,1859
30851,1869
30852,1878
30853,1881
30854,1846
30855,1866
30856,1878
30857,1892
30858,1817
30859,1855
30860,1856
30861,1855
30862,1859
30863,1834
30864,1855
30865,1872
30866,1860
30867,1855
30868,1872
30869,1894
30870,1918
30871,1851
30872,1867
30873,1875
30874,1875
30875,1840
30876,1840
30877,1853
30878,1827
30879,1847
30880,1840
30881,1866
30882,1887
30883,1892
30884,1859
30885,1872
30886,1891
30887,1879
30888,1856
30889,1874
30890,1884
30891,1877
30892,1851
30893,1862
30894,1862
30895,1825
30896,1843
30897,1855
30898,1868
30899,1863
30900,1843
30901,1872
30902,1868
30903,1871
30904,1856
30905,1862
30906,1874
30907,1875
30908,1871
30909,1845
30910,1859
30911,1861
30912,1826
30913,1827
30914,1863
30915,1862
30916,1869
30917,1854
30918,1865
30919,1885
30920,1856
30921,1865
30922,1872
30923,1869
30924,1865
30925,1851
30926,1841
30927,1846
30928,1840
30929,1815
30930,1834
30931,1849
30932,1872
30933,1825
30934,1861
30935,1871
30936,1873
30937,1872
30938,1856
30939,1878
30940,1881
30941,1867
30942,1855
30943,1856
30944,1856
30945,1851
30946,1840
30947,1843
30948,1862
30949,1867
30950,1845
30951,1861
30952,1873
30953,1876
30954,1839
30955,1860
30956,1871
30957,1863
30958,1839
30959,1847
30960,1866
30961,1860
30962,1827
30963,1830
30964,1861
30965,1872
30966,1873
30967,1860
30968,1871
30969,1887
30970,1841
30971,1847
30972,1874
30973,1878
30974,1898
30975,1846
30976,1855
30977,1857
30978,1818
30979,1846
30980,1839
30981,1871
30982,1862
30983,1866
30984,1851
30985,1867
30986,1872
30987,1838
30988,1853
30989,1877
30990,1902
30991,1854
30992,1852
30993,1856
30994,1855
30995,1834
30996,1831
30997,1865
30998,1870
30999,1873
31000,1856
31001,1871
31002,1869
31003,1878
31004,1862
31005,1870
31006,1886
31007,1869
31008,1851
31009,1846
31010,1856
31011,1847
31012,1840
31013,1831
31014,1854
31015,1865
31016,1850
31017,1839
31018,1859
31019,1872
31020,1839
31021,1872
31022,1878
31023,1888
31024,1886
31025,1902
31026,1845
31027,1858
31028,1879
31029,1820
31030,1839
31031,1862
31032,1866
31033,1848
31034,1856
31035,1862
31036,1904
31037,1887
31038,1856
31039,1874
31040,1890
31041,1886
31042,1852
31043,1853
31044,1847
31045,1834
31046,1838
31047,1854
31048,1869
31049,1872
31050,1878
31051,1855
31052,1878
31053,1872
31054,1845
31055,1866
31056,1872
31057,1889
31058,1868
31059,1853
31060,1866
31061,1871
31062,1840
31063,1835
31064,1856
31065,1857
31066,1856
31067,1854
31068,1874
31069,1867
31070,1853
31071,1840
31072,1862
31073,1875
31074,1856
31075,1853
31076,1845
31077,1849
31078,1868
31079,1845
31080,1844
31081,1858
31082,1873
31083,1861
31084,1856
31085,1883
31086,1889
31087,1877
31088,1854
31089,1874
31090,1888
31091,1871
31092,1846
31093,1856
31094,1863
31095,1849
31096,1809
31097,1847
31098,1874
31099,1865
31100,1859
31101,1872
31102,1877
31103,1887
31104,1840
31105,1857
31106,1866
31107,1881
31108,1842
31109,1847
31110,1863
31111,1861
31112,1839
31113,1830
31114,1857
31115,1872
31116,1872
31117,1849
31118,1872
31119,1877
31120,1872
31121,1844
31122,1872
31123,1882
31124,1890
31125,1844
31126,1856
31127,1853
31128,1854
31129,1839
31130,1840
31131,1855
31132,1891
31133,1871
31134,1855
31135,1871
31136,1846
31137,1857
31138,1851
31139,1872
31140,1878
31141,1866
31142,1854
31143,1866
31144,1842
31145,1846
31146,1840
31147,1856
31148,1872
31149,1859
31150,1850
31151,1881
31152,1873
31153,1872
31154,1850
31155,1863
31156,1872
31157,1873
31158,1862
31159,1850
31160,1861
31161,1855
31162,1843
31163,1826
31164,1855
31165,1863
31166,1872
31167,1840
31168,1861
31169,1872
31170,1889
31171,1840
31172,1866
31173,1872
31174,1873
31175,1853
31176,1855
31177,1856
31178,1845
31179,1834
31180,1839
31181,1856
31182,1889
31183,1877
31184,1861
31185,1881
31186,1865
31187,1867
31188,1856
31189,1875
31190,1888
31191,1872
31192,1843
31193,1871
31194,1841
31195,1835
31196,1809
31197,1854
31198,1862
31199,1869
31200,1869
31201,1874
31202,1872
31203,1871
31204,1855
31205,1859
31206,1875
31207,1887
31208,1855
31209,1857
31210,1861
31211,1872
31212,1858
31213,1827
31214,1859
31215,1872
31216,1859
31217,1847
31218,1856
31219,1878
31220,1914
31221,1846
31222,1861
31223,1881
31224,1867
31225,1837
31226,1856
31227,1849
31228,1859
31229,1831
31230,1831
31231,1855
31232,1890
31233,1870
31234,1859
31235,1874
31236,1862
31237,1840
31238,1859
31239,1878
31240,1886
31241,1869
31242,1850
31243,1856
31244,1857
31245,1853
31246,1834
31247,1856
31248,1869
31249,1870
31250,1840
31251,1866
31252,1879
31253,1877
31254,1840
31255,1859
31256,1867
31257,1887
31258,1834
31259,1856
31260,1856
31261,1872
31262,1846
31263,1827
31264,1858
31265,1869
31266,1853
31267,1845
31268,1878
31269,1887
31270,1871
31271,1847
31272,1862
31273,1881
31274,1867
31275,1877
31276,1854
31277,1857
31278,1858
31279,1841
31280,1840
31281,1863
31282,1869
31283,1855
31284,1849
31285,1863
31286,1870
31287,1857
31288,1846
31289,1875
31290,1893
31291,1872
31292,1852
31293,1850
31294,1857
31295,1853
31296,1834
31297,1856
31298,1869
31299,1876
31300,1842
31301,1869
31302,1885
31303,1853
31304,1857
31305,1866
31306,1888
31307,1886
31308,1857
31309,1847
31310,1872
31311,1840
31312,1845
31313,1824
31314,1857
31315,1854
31316,1837
31317,1837
31318,1862
31319,1872
31320,1890
31321,1855
31322,1867
31323,1882
31324,1872
31325,1846
31326,1858
31327,1856
31328,1849
31329,1814
31330,1837
31331,1871
31332,1872
31333,1861
31334,1858
31335,1874
31336,1854
31337,1877
31338,1855
31339,1876
31340,1901
31341,1858
31342,1842
31343,1856
31344,1853
31345,1795
31346,1819
31347,1857
31348,1870
31349,1858
31350,1840
31351,1857
31352,1885
31353,1875
31354,1845
31355,1870
31356,1876
31357,1887
31358,1856
31359,1847
31360,1862
31361,1856
31362,1839
31363,1830
31364,1858
31365,1870
31366,1872
31367,1857
31368,1872
31369,1895
31370,1918
31371,1872
31372,1872
31373,1888
31374,1873
31375,1834
31376,1842
31377,1851
31378,1819
31379,1844
31380,1840
31381,1858
31382,1872
31383,1872
31384,1858
31385,1877
31386,1883
31387,1872
31388,1858
31389,1877
31390,1899
31391,1849
31392,1856
31393,1867
31394,1860
31395,1856
31396,1845
31397,1861
31398,1863
31399,1870
31400,1835
31401,1857
31402,1891
31403,1889
31404,1843
31405,1860
31406,1867
31407,1869
31408,1850
31409,1842
31410,1850
31411,1842
31412,1826
31413,1825
31414,1859
31415,1862
31416,1850
31417,1850
31418,1863
31419,1879
31420,1886
31421,1865
31422,1872
31423,1889
31424,1874
31425,1911
31426,1854
31427,1853
31428,1842
31429,1823
31430,1842
31431,1865
31432,1878
31433,1883
31434,243
31435,1886
31436,2115
31437,2193
31438,2343
31439,2371
31440,2218
31441,2002
31442,1750
31443,1812
31444,1922
31445,1735
31446,1604
31447,1624
31448,1719
31449,1796
31450,1790
31451,1862
31452,1891
31453,1906
31454,1868
31455,1872
31456,1871
31457,1869
31458,1844
31459,1853
31460,1872
31461,1856
31462,1827
31463,1804
31464,1836
31465,0
31466,1714
31467,2053
31468,2229
31469,2432
31470,2385
31471,2192
31472,1914
31473,1699
31474,1893
31475,1804
31476,1675
31477,1634
31478,1690
31479,1802
31480,1850
31481,1903
31482,1917
31483,1875
31484,1895
31485,1907
31486,1874
31487,1871
31488,1849
31489,1869
31490,1876
31491,1854
31492,1834
31493,1849
31494,1853
31495,1854
31496,0
31497,1651
31498,2045
31499,2240
31500,2276
31501,2325
31502,2225
31503,1857
31504,1731
31505,1931
31506,1884
31507,1714
31508,1658
31509,1717
31510,1833
31511,1881
31512,1898
31513,1878
31514,1904
31515,1899
31516,1875
31517,1857
31518,1853
31519,1859
31520,1823
31521,1808
31522,1837
31523,1848
31524,1856
31525,1840
31526,1855
31527,18
31528,1505
31529,1988
31530,2177
31531,2269
31532,2256
31533,2043
31534,1740
31535,1865
31536,2039
31537,1887
31538,1754
31539,1805
31540,1898
31541,1910
31542,1913
31543,1914
31544,1923
31545,1883
31546,1845
31547,1869
31548,1857
31549,1846
31550,1806
31551,1833
31552,1827
31553,1824
31554,1829
31555,1857
31556,1863
31557,1906
31558,178
31559,1422
31560,2041
31561,2305
31562,2431
31563,2410
31564,2243
31565,1840
31566,1856
31567,1861
31568,1633
31569,1565
31570,1642
31571,1754
31572,1862
31573,1911
31574,1918
31575,1939
31576,1899
31577,1904
31578,1850
31579,1853
31580,1841
31581,1842
31582,1857
31583,1817
31584,1837
31585,1858
31586,1861
31587,1869
31588,1867
31589,1259
31590,1271
31591,2032
31592,2418
31593,2926
31594,3066
31595,2607
31596,1933
31597,1737
31598,1535
31599,1280
31600,1216
31601,1288
31602,1482
31603,1725
31604,1861
31605,1899
31606,1911
31607,1890
31608,1907
31609,1863
31610,1857
31611,1845
31612,1841
31613,1818
31614,1846
31615,1855
31616,1855
31617,1862
31618,1887
31619,1904
31620,1319
31621,1087
31622,2070
31623,2640
31624,3199
31625,3195
31626,2533
31627,1810
31628,1647
31629,1359
31630,1122
31631,1104
31632,1259
31633,1599
31634,1811
31635,1913
31636,1911
31637,1905
31638,1909
31639,1908
31640,1888
31641,1875
31642,1853
31643,1854
31644,1863
31645,1876
31646,1851
31647,1875
31648,1897
31649,1903
31650,1877
31651,2620
31652,879
31653,2032
31654,2827
31655,3481
31656,3264
31657,3022
31658,2129
31659,1506
31660,1067
31661,785
31662,778
31663,1023
31664,1502
31665,1759
31666,1820
31667,1869
31668,1897
31669,1900
31670,1904
31671,1891
31672,1923
31673,1938
31674,1914
31675,1877
31676,1871
31677,1861
31678,1825
31679,1809
31680,1872
31681,1904
31682,2559
31683,739
31684,2041
31685,3227
31686,3520
31687,3247
31688,3002
31689,2159
31690,1401
31691,897
31692,581
31693,566
31694,1049
31695,1566
31696,1791
31697,1860
31698,1904
31699,1911
31700,1923
31701,1898
31702,1950
31703,1914
31704,1918
31705,1894
31706,1895
31707,1906
31708,1846
31709,1885
31710,1903
31711,1926
31712,1887
31713,2006
31714,451
31715,1990
31716,3297
31717,3547
31718,3234
31719,2997
31720,2639
31721,1488
31722,737
31723,252
31724,203
31725,792
31726,1509
31727,1808
31728,1911
31729,1905
31730,1927
31731,1940
31732,1937
31733,1947
31734,1914
31735,1936
31736,1942
31737,1939
31738,1925
31739,1951
31740,1968
31741,1971
31742,1951
31743,1939
31744,1980
31745,299
31746,1845
31747,3122
31748,3666
31749,3306
31750,3098
31751,2468
31752,1407
31753,704
31754,222
31755,284
31756,1085
31757,1656
31758,1860
31759,1910
31760,1957
31761,1983
31762,1936
31763,1914
31764,1937
31765,1947
31766,1951
31767,1915
31768,1939
31769,1953
31770,1951
31771,1935
31772,1958
31773,1961
31774,1955
31775,1931
31776,26
31777,1835
31778,2818
31779,3578
31780,3306
31781,3043
31782,2611
31783,1429
31784,759
31785,157
31786,223
31787,1041
31788,1589
31789,1842
31790,1925
31791,1956
31792,1952
31793,1946
31794,1936
31795,1918
31796,1903
31797,1933
31798,1931
31799,1953
31800,1931
31801,1968
31802,1968
31803,1933
31804,1942
31805,1953
31806,1957
31807,0
31808,1710
31809,2677
31810,3606
31811,3322
31812,3045
31813,2674
31814,1408
31815,693
31816,64
31817,305
31818,1102
31819,1650
31820,1840
31821,1910
31822,1968
31823,1989
31824,1955
31825,1939
31826,1930
31827,1913
31828,1921
31829,1991
31830,2000
31831,1921
31832,1935
31833,1958
31834,1957
31835,1984
31836,1961
31837,1952
31838,0
31839,1667
31840,2555
31841,3617
31842,3357
31843,3117
31844,2676
31845,1410
31846,775
31847,178
31848,395
31849,1115
31850,1565
31851,1827
31852,1939
31853,1952
31854,1937
31855,1936
31856,1940
31857,1970
31858,1969
31859,1947
31860,1967
31861,1949
31862,1951
31863,1919
31864,1948
31865,1969
31866,1939
31867,1929
31868,1939
31869,218
31870,1481
31871,2343
31872,3609
31873,3408
31874,3127
31875,2829
31876,1454
31877,800
31878,159
31879,399
31880,1137
31881,1623
31882,1829
31883,1894
31884,1929
31885,1955
31886,1932
31887,1943
31888,1926
31889,1959
31890,1968
31891,1943
31892,1930
31893,1955
31894,1951
31895,1942
31896,1909
31897,1935
31898,1936
31899,1925
31900,795
31901,1370
31902,2305
31903,3645
31904,3434
31905,3139
31906,2868
31907,1511
31908,853
31909,152
31910,304
31911,1049
31912,1586
31913,1776
31914,1899
31915,1943
31916,1938
31917,1942
31918,1963
31919,1962
31920,1964
31921,1963
31922,1942
31923,1957
31924,1970
31925,1935
31926,1950
31927,1945
31928,1920
31929,1929
31930,1913
31931,1600
31932,1235
31933,2198
31934,3567
31935,3444
31936,3155
31937,2970
31938,1593
31939,867
31940,190
31941,335
31942,1055
31943,1571
31944,1792
31945,1866
31946,1902
31947,1929
31948,1947
31949,1955
31950,1984
31951,1954
31952,2034
31953,2102
31954,2045
31955,2013
31956,1979
31957,1940
31958,1814
31959,1808
31960,1882
31961,1910
31962,2415
31963,1008
31964,2117
31965,3539
31966,3501
31967,3175
31968,2971
31969,1587
31970,944
31971,233
31972,323
31973,1078
31974,1575
31975,1788
31976,1874
31977,1936
31978,1913
31979,1926
31980,1931
31981,1962
31982,1941
31983,1936
31984,1955
31985,1964
31986,1982
31987,1936
31988,1947
31989,1967
31990,1979
31991,1939
31992,1926
31993,2559
31994,750
31995,2010
31996,3223
31997,3504
31998,3257
31999,3011
32000,1795
32001,1011
32002,331
32003,350
32004,1008
32005,1521
32006,1789
32007,1877
32008,1909
32009,1919
32010,1934
32011,1939
32012,1922
32013,1919
32014,1963
32015,1984
32016,1947
32017,1943
32018,1936
32019,1918
32020,1923
32021,1891
32022,1936
32023,1943
32024,2320
32025,592
32026,1959
32027,3225
32028,3504
32029,3248
32030,3003
32031,1657
32032,931
32033,307
32034,406
32035,1071
32036,1535
32037,1798
32038,1872
32039,1934
32040,1956
32041,1939
32042,1927
32043,1935
32044,1943
32045,1952
32046,1904
32047,1925
32048,1907
32049,1904
32050,1931
32051,1996
32052,1987
32053,1964
32054,1937
32055,1926
32056,1935
32057,1929
32058,1904
32059,1891
32060,1889
32061,1893
32062,1837
32063,1855
32064,1877
32065,1885
32066,1871
32067,1862
32068,1867
32069,1877
32070,1886
32071,1851
32072,1872
32073,1883
32074,1882
32075,1851
32076,1857
32077,1863
32078,1879
32079,1833
32080,1838
32081,1866
32082,1858
32083,1854
32084,1856
32085,1872
32086,1869
32087,1909
32088,1853
32089,1877
32090,1888
32091,1859
32092,1844
32093,1851
32094,1847
32095,1840
32096,1813
32097,1856
32098,1853
32099,1882
32100,1851
32101,1864
32102,1878
32103,1870
32104,1831
32105,1861
32106,1878
32107,1890
32108,1867
32109,1845
32110,1856
32111,1861
32112,1857
32113,1828
32114,1852
32115,1860
32116,1843
32117,1843
32118,1869
32119,1862
32120,1858
32121,1841
32122,1854
32123,1870
32124,1872
32125,1883
32126,1853
32127,1855
32128,1824
32129,1823
32130,1841
32131,1857
32132,1867
32133,1872
32134,1842
32135,1871
32136,1855
32137,1888
32138,1859
32139,1873
32140,1888
32141,1862
32142,1847
32143,1845
32144,1853
32145,1875
32146,1831
32147,1859
32148,1859
32149,1863
32150,1843
32151,1852
32152,1882
32153,1886
32154,1835
32155,1862
32156,1875
32157,1871
32158,1849
32159,1844
32160,1846
32161,1839
32162,1845
32163,1836
32164,1866
32165,1875
32166,1885
32167,1884
32168,1866
32169,1858
32170,1854
32171,1869
32172,1879
32173,1872
32174,1878
32175,1872
32176,1861
32177,1871
32178,1911
32179,1830
32180,1840
32181,1906
32182,1906
32183,1897
32184,1840
32185,1853
32186,1851
32187,1835
32188,1787
32189,1835
32190,1872
32191,1829
32192,1749
32193,1805
32194,1854
32195,1870
32196,1872
32197,1915
32198,1970
32199,1989
32200,1949
32201,1857
32202,1810
32203,1776
32204,1730
32205,1744
32206,1788
32207,1833
32208,1869
32209,1843
32210,1849
32211,1856
32212,1844
32213,1839
32214,1855
32215,1847
32216,1865
32217,1871
32218,1887
32219,1898
32220,1903
32221,1882
32222,1877
32223,1867
32224,1857
32225,1849
32226,1856
32227,1857
32228,1843
32229,1830
32230,1857
32231,1887
32232,1902
32233,1843
32234,1850
32235,1839
32236,1834
32237,1856
32238,1859
32239,1885
32240,1879
32241,1871
32242,1856
32243,1866
32244,1857
32245,1822
32246,1835
32247,1848
32248,1870
32249,1858
32250,1854
32251,1865
32252,1870
32253,1831
32254,1837
32255,1851
32256,1866
32257,1876
32258,1850
32259,1854
32260,1857
32261,1853
32262,1830
32263,1823
32264,1859
32265,1863
32266,1843
32267,1853
32268,1861
32269,1871
32270,1847
32271,1838
32272,1857
32273,1870
32274,1862
32275,1872
32276,1840
32277,1855
32278,1809
32279,1843
32280,1840
32281,1859
32282,1879
32283,1850
32284,1857
32285,1869
32286,1859
32287,1863
32288,1852
32289,1872
32290,1889
32291,1869
32292,1850
32293,1867
32294,1863
32295,1840
32296,1814
32297,1858
32298,1857
32299,1866
32300,1850
32301,1871
32302,1875
32303,1870
32304,1846
32305,1860
32306,1878
32307,1874
32308,1863
32309,1862
32310,1853
32311,1866
32312,1843
32313,1825
32314,1860
32315,1869
32316,1882
32317,1838
32318,1871
32319,1879
32320,1841
32321,1858
32322,1869
32323,1877
32324,1889
32325,1856
32326,1856
32327,1861
32328,1846
32329,1825
32330,1840
32331,1859
32332,1877
32333,1857
32334,1857
32335,1872
32336,1856
32337,1856
32338,1845
32339,1867
32340,1886
32341,1870
32342,1847
32343,1851
32344,1847
32345,1849
32346,1827
32347,1861
32348,1866
32349,1856
32350,1863
32351,1863
32352,1878
32353,1886
32354,1858
32355,1869
32356,1891
32357,1872
32358,1855
32359,1853
32360,1865
32361,1872
32362,1817
32363,1830
32364,1856
32365,1861
32366,1860
32367,1856
32368,1872
32369,1869
32370,1867
32371,1857
32372,1872
32373,1894
32374,1873
32375,1854
32376,1861
32377,1869
32378,1853
32379,1840
32380,1835
32381,1855
32382,1883
32383,1882
32384,1872
32385,1887
32386,1887
32387,1867
32388,1855
32389,1872
32390,1893
32391,1854
32392,1854
32393,1856
32394,1863
32395,1833
32396,1819
32397,1843
32398,1875
32399,1870
32400,1845
32401,1860
32402,1895
32403,1858
32404,1877
32405,1861
32406,1877
32407,1887
32408,1850
32409,1850
32410,1856
32411,1867
32412,1840
32413,1822
32414,1858
32415,1870
32416,1868
32417,1851
32418,1863
32419,1861
32420,1866
32421,1839
32422,1859
32423,1878
32424,1859
32425,1860
32426,1842
32427,1854
32428,1840
32429,1815
32430,1840
32431,1857
32432,1858
32433,1873
32434,1853
32435,1871
32436,1858
32437,1863
32438,1856
32439,1881
32440,1893
32441,1865
32442,1840
32443,1845
32444,1857
32445,1839
32446,1839
32447,1852
32448,1865
32449,1862
32450,1861
32451,1865
32452,1882
32453,1869
32454,1871
32455,1859
32456,1882
32457,1880
32458,1883
32459,1856
32460,1866
32461,1857
32462,1838
32463,1826
32464,1858
32465,1865
32466,1857
32467,1856
32468,1875
32469,1871
32470,1856
32471,1854
32472,1872
32473,1872
32474,1871
32475,1846
32476,1850
32477,1861
32478,1841
32479,1837
32480,1840
32481,1869
32482,1873
32483,1847
32484,1851
32485,1877
32486,1857
32487,1847
32488,1845
32489,1875
32490,1886
32491,1873
32492,1853
32493,1865
32494,1858
32495,1858
32496,1821
32497,1856
32498,1867
32499,1871
32500,1840
32501,1872
32502,1885
32503,1905
32504,1861
32505,1872
32506,1882
32507,1879
32508,1851
32509,1853
32510,1844
32511,1851
32512,1836
32513,1826
32514,1855
32515,1869
32516,1857
32517,1843
32518,1865
32519,1883
32520,1858
32521,1869
32522,1877
32523,1879
32524,1869
32525,1809
32526,1852
32527,1858
32528,1871
32529,1833
32530,1839
32531,1869
32532,1865
32533,1834
32534,1863
32535,1872
32536,1889
32537,1861
32538,1856
32539,1878
32540,1873
32541,1862
32542,1849
32543,1865
32544,1853
32545,1811
32546,1808
32547,1845
32548,1859
32549,1862
32550,1853
32551,1869
32552,1872
32553,1846
32554,1855
32555,1872
32556,1883
32557,1903
32558,1872
32559,1850
32560,1861
32561,1857
32562,1842
32563,1827
32564,1856
32565,1873
32566,1859
32567,1853
32568,1857
32569,1873
32570,1872
32571,1872
32572,1871
32573,1874
32574,1874
32575,1841
32576,1842
32577,1858
32578,1863
32579,1837
32580,1840
32581,1872
32582,1881
32583,1845
32584,1858
32585,1872
32586,1870
32587,1885
32588,1859
32589,1875
32590,1879
32591,1845
32592,1847
32593,1859
32594,1853
32595,1819
32596,1831
32597,1854
32598,1862
32599,1872
32600,1874
32601,1861
32602,1885
32603,1870
32604,1840
32605,1867
32606,1872
32607,1865
32608,1878
32609,1847
32610,1856
32611,1853
32612,1840
32613,1826
32614,1860
32615,1883
32616,1856
32617,1845
32618,1872
32619,1851
32620,1859
32621,1854
32622,1872
32623,1872
32624,1872
32625,1904
32626,1852
32627,1862
32628,1840
32629,1822
32630,1842
32631,1871
32632,1874
32633,1887
32634,1853
32635,1863
32636,1877
32637,1862
32638,1848
32639,1872
32640,1892
32641,1858
32642,1838
32643,1857
32644,1866
32645,1837
32646,1818
32647,1851
32648,1868
32649,1865
32650,1861
32651,1859
32652,1877
32653,1870
32654,1840
32655,1871
32656,1885
32657,1905
32658,1866
32659,1850
32660,1855
32661,1867
32662,1852
32663,1833
32664,1857
32665,1865
32666,1850
32667,1840
32668,1861
32669,1892
32670,1859
32671,1871
32672,1867
32673,1875
32674,1866
32675,1863
32676,1853
32677,1855
32678,1856
32679,1839
32680,1845
32681,1855
32682,1891
32683,1861
32684,1858
32685,1881
32686,1871
32687,1848
32688,1857
32689,1879
32690,1884
32691,1863
32692,1849
32693,1860
32694,1851
32695,1838
32696,1809
32697,1841
32698,1870
32699,1858
32700,1850
32701,1874
32702,1883
32703,1878
32704,1850
32705,1863
32706,1885
32707,1885
32708,1850
32709,1843
32710,1856
32711,1852
32712,1836
32713,1823
32714,1859
32715,1869
32716,1869
32717,1845
32718,1869
32719,1877
32720,1869
32721,1833
32722,1867
32723,1881
32724,1891
32725,1840
32726,1850
32727,1857
32728,1860
32729,1830
32730,1831
32731,1855
32732,1870
32733,1840
32734,1859
32735,1884
32736,1872
32737,1882
32738,1859
32739,1876
32740,1873
32741,1861
32742,1849
32743,1857
32744,1856
32745,1830
32746,1815
32747,1854
32748,1863
32749,1873
32750,1833
32751,1872
32752,1871
32753,1869
32754,1841
32755,1858
32756,1878
32757,1856
32758,1841
32759,1841
32760,1862
32761,1855
32762,1840
32763,1833
32764,1861
32765,1878
32766,1858
32767,1854
32768,1871
32769,1879
32770,1856
32771,1866
32772,1872
32773,1872
32774,1867
32775,1840
32776,1859
32777,1856
32778,1873
32779,1840
32780,1837
32781,1859
32782,1872
32783,1869
32784,1850
32785,1875
32786,1872
32787,1865
32788,1850
32789,1883
32790,1899
32791,1872
32792,1853
32793,1850
32794,1855
32795,1872
32796,1849
32797,1851
32798,1862
32799,1866
32800,1847
32801,1873
32802,1877
32803,1871
32804,1858
32805,1867
32806,1884
32807,1881
32808,1860
32809,1840
32810,1859
32811,1842
32812,1840
32813,1829
32814,1854
32815,1851
32816,1859
32817,1854
32818,1873
32819,1859
32820,1855
32821,1850
32822,1873
32823,1878
32824,1902
32825,1851
32826,1856
32827,1854
32828,1853
32829,1838
32830,1841
32831,1862
32832,1870
32833,1871
32834,1863
32835,1873
32836,1902
32837,1886
32838,1856
32839,1878
32840,1888
32841,1856
32842,1861
32843,1856
32844,1855
32845,1822
32846,1807
32847,1856
32848,1872
32849,1857
32850,1845
32851,1865
32852,1883
32853,1847
32854,1851
32855,1863
32856,1872
32857,1882
32858,1856
32859,1856
32860,1859
32861,1846
32862,1838
32863,1831
32864,1860
32865,1872
32866,1870
32867,1854
32868,1872
32869,1877
32870,1887
32871,1869
32872,1875
32873,1874
32874,1856
32875,1854
32876,1840
32877,1857
32878,1837
32879,1824
32880,1841
32881,1859
32882,1868
32883,1851
32884,1855
32885,1874
32886,1890
32887,1853
32888,1855
32889,1875
32890,1894
32891,1872
32892,1841
32893,1866
32894,1875
32895,1840
32896,1817
32897,1855
32898,1862
32899,1871
32900,1840
32901,1859
32902,1875
32903,1845
32904,1835
32905,1858
32906,1870
32907,1869
32908,1855
32909,1846
32910,1852
32911,1841
32912,1847
32913,1825
32914,1856
32915,1858
32916,1859
32917,1858
32918,1858
32919,1871
32920,1872
32921,1840
32922,1874
32923,1872
32924,1877
32925,1853
32926,1855
32927,1858
32928,1844
32929,1813
32930,1839
32931,1855
32932,1884
32933,1866
32934,1859
32935,1876
32936,1867
32937,1886
32938,1851
32939,1872
32940,1883
32941,1855
32942,1845
32943,1866
32944,1855
32945,1847
32946,1840
32947,1856
32948,1858
32949,1872
32950,1851
32951,1870
32952,1869
32953,1890
32954,1872
32955,1866
32956,1872
32957,1872
32958,1877
32959,1851
32960,1872
32961,1869
32962,1835
32963,1827
32964,1853
32965,1864
32966,1855
32967,1833
32968,1871
32969,1872
32970,1859
32971,1862
32972,1872
32973,1893
32974,1874
32975,1855
32976,1852
32977,1867
32978,1872
32979,1834
32980,1839
32981,1869
32982,1856
32983,1815
32984,1856
32985,1878
32986,1872
32987,1850
32988,1855
32989,1878
32990,1879
32991,1870
32992,1851
32993,1857
32994,1869
32995,1867
32996,1825
32997,1850
32998,1859
32999,1879
33000,1872
33001,1858
33002,1884
33003,1897
33004,1853
33005,1872
33006,1886
33007,1872
33008,1883
33009,1853
33010,1869
33011,1858
33012,1840
33013,1824
33014,1857
33015,1867
33016,1846
33017,1855
33018,1870
33019,1871
33020,1849
33021,1837
33022,1872
33023,1871
33024,1867
33025,1835
33026,1861
33027,1856
33028,1818
33029,1836
33030,1840
33031,1857
33032,1870
33033,1847
33034,1858
33035,1876
33036,1854
33037,1871
33038,1859
33039,1882
33040,1900
33041,1875
33042,1853
33043,1863
33044,1843
33045,1851
33046,1840
33047,1863
33048,1866
33049,1886
33050,2074
33051,438
33052,1941
33053,2086
33054,2062
33055,2201
33056,2255
33057,2139
33058,1936
33059,1845
33060,2027
33061,1983
33062,1778
33063,1669
33064,1718
33065,1814
33066,1849
33067,1855
33068,1876
33069,1887
33070,1885
33071,1894
33072,1906
33073,1901
33074,1861
33075,1841
33076,1829
33077,1806
33078,1808
33079,1793
33080,1813
33081,1844
33082,178
33083,1809
33084,2032
33085,2102
33086,2233
33087,2228
33088,2095
33089,1904
33090,1968
33091,2083
33092,1872
33093,1703
33094,1717
33095,1824
33096,1849
33097,1890
33098,1909
33099,1895
33100,1890
33101,1893
33102,1890
33103,1910
33104,1831
33105,1843
33106,1857
33107,1857
33108,1824
33109,1818
33110,1845
33111,1840
33112,1840
33113,88
33114,1806
33115,2023
33116,2026
33117,2023
33118,2000
33119,1915
33120,1892
33121,2128
33122,2202
33123,2030
33124,1873
33125,1843
33126,1902
33127,1909
33128,1894
33129,1879
33130,1881
33131,1904
33132,1874
33133,1884
33134,1841
33135,1845
33136,1840
33137,1815
33138,1808
33139,1829
33140,1845
33141,1841
33142,1836
33143,1842
33144,0
33145,1701
33146,1955
33147,2070
33148,2117
33149,2011
33150,1899
33151,1930
33152,2174
33153,2126
33154,1917
33155,1826
33156,1877
33157,1907
33158,1872
33159,1898
33160,1910
33161,1899
33162,1879
33163,1847
33164,1854
33165,1837
33166,1818
33167,1792
33168,1835
33169,1855
33170,1806
33171,1829
33172,1857
33173,1872
33174,1867
33175,0
33176,1602
33177,2019
33178,2134
33179,2087
33180,1958
33181,1930
33182,2047
33183,2096
33184,2032
33185,1863
33186,1807
33187,1861
33188,1889
33189,1925
33190,1941
33191,1920
33192,1890
33193,1887
33194,1875
33195,1874
33196,1841
33197,1850
33198,1846
33199,1831
33200,1773
33201,1780
33202,1792
33203,1829
33204,1802
33205,1849
33206,161
33207,1535
33208,2014
33209,2142
33210,2150
33211,1979
33212,1997
33213,2112
33214,2139
33215,1919
33216,1749
33217,1731
33218,1841
33219,1894
33220,1919
33221,1910
33222,1931
33223,1938
33224,1903
33225,1888
33226,1841
33227,1847
33228,1840
33229,1824
33230,1813
33231,1811
33232,1803
33233,1792
33234,1819
33235,1857
33236,1843
33237,343
33238,1392
33239,2055
33240,2473
33241,2514
33242,2347
33243,2378
33244,2116
33245,1746
33246,1520
33247,1439
33248,1535
33249,1746
33250,1820
33251,1859
33252,1899
33253,1905
33254,1889
33255,1883
33256,1893
33257,1887
33258,1835
33259,1842
33260,1824
33261,1817
33262,1765
33263,1777
33264,1813
33265,1847
33266,1855
33267,1872
33268,1023
33269,1301
33270,2106
33271,2736
33272,2951
33273,2803
33274,2675
33275,1960
33276,1488
33277,1181
33278,1054
33279,1238
33280,1520
33281,1751
33282,1855
33283,1904
33284,1887
33285,1891
33286,1906
33287,1854
33288,1847
33289,1854
33290,1849
33291,1847
33292,1840
33293,1857
33294,1852
33295,1845
33296,1857
33297,1882
33298,1904
33299,2384
33300,954
33301,2127
33302,3536
33303,3472
33304,3223
33305,2987
33306,2461
33307,1130
33308,647
33309,525
33310,761
33311,1203
33312,1584
33313,1738
33314,1840
33315,1898
33316,1871
33317,1863
33318,1879
33319,1889
33320,1870
33321,1846
33322,1877
33323,1911
33324,1893
33325,1893
33326,1885
33327,1906
33328,1903
33329,1900
33330,2640
33331,893
33332,2126
33333,3549
33334,3550
33335,3255
33336,2983
33337,2720
33338,1271
33339,565
33340,256
33341,447
33342,983
33343,1456
33344,1744
33345,1869
33346,1867
33347,1910
33348,1911
33349,1941
33350,1923
33351,1951
33352,1932
33353,1899
33354,1902
33355,1899
33356,1917
33357,1928
33358,1897
33359,1936
33360,1938
33361,2314
33362,487
33363,1968
33364,3579
33365,3674
33366,3308
33367,3051
33368,2639
33369,1227
33370,582
33371,100
33372,336
33373,1049
33374,1587
33375,1855
33376,1909
33377,1936
33378,1943
33379,1916
33380,1936
33381,1960
33382,1939
33383,1938
33384,1933
33385,1946
33386,1948
33387,1938
33388,1938
33389,1971
33390,1990
33391,1956
33392,2159
33393,559
33394,2003
33395,3328
33396,3607
33397,3287
33398,3058
33399,2430
33400,1199
33401,457
33402,43
33403,413
33404,1143
33405,1627
33406,1855
33407,1914
33408,1936
33409,1948
33410,1962
33411,1970
33412,1927
33413,1947
33414,1985
33415,1933
33416,1942
33417,1917
33418,1939
33419,1969
33420,1939
33421,1932
33422,1966
33423,1951
33424,234
33425,1834
33426,3182
33427,3687
33428,3297
33429,3063
33430,2491
33431,1216
33432,458
33433,0
33434,434
33435,1201
33436,1661
33437,1855
33438,1916
33439,1968
33440,1981
33441,1952
33442,1952
33443,1963
33444,1941
33445,1965
33446,1926
33447,1899
33448,1904
33449,1932
33450,1982
33451,2010
33452,2003
33453,1994
33454,1967
33455,23
33456,1847
33457,2950
33458,3670
33459,3343
33460,3087
33461,2533
33462,1310
33463,543
33464,14
33465,457
33466,1168
33467,1621
33468,1846
33469,1923
33470,1943
33471,1926
33472,1947
33473,1963
33474,1965
33475,1933
33476,2037
33477,2064
33478,2042
33479,1920
33480,1851
33481,1879
33482,1889
33483,1855
33484,1894
33485,1943
33486,0
33487,1658
33488,2698
33489,3691
33490,3356
33491,3086
33492,2433
33493,1230
33494,668
33495,112
33496,587
33497,1258
33498,1649
33499,1840
33500,1919
33501,1957
33502,1975
33503,1962
33504,1927
33505,1951
33506,1969
33507,1959
33508,1933
33509,1938
33510,1939
33511,1946
33512,1915
33513,1907
33514,1937
33515,1937
33516,1922
33517,0
33518,1687
33519,2775
33520,3583
33521,3407
33522,3071
33523,2491
33524,1366
33525,637
33526,17
33527,585
33528,1195
33529,1603
33530,1808
33531,1918
33532,1950
33533,1935
33534,1936
33535,1943
33536,1957
33537,1943
33538,1931
33539,1959
33540,1981
33541,1950
33542,1939
33543,1955
33544,1935
33545,1932
33546,1897
33547,1919
33548,107
33549,1535
33550,2419
33551,3666
33552,3397
33553,3169
33554,2749
33555,1378
33556,588
33557,76
33558,630
33559,1237
33560,1643
33561,1811
33562,1907
33563,1922
33564,1946
33565,1937
33566,1920
33567,1953
33568,1979
33569,1962
33570,1936
33571,1932
33572,1942
33573,1936
33574,1934
33575,1921
33576,1932
33577,1926
33578,1904
33579,625
33580,1427
33581,2361
33582,3664
33583,3463
33584,3152
33585,2878
33586,1393
33587,626
33588,27
33589,563
33590,1208
33591,1621
33592,1803
33593,1893
33594,1939
33595,1913
33596,1892
33597,1925
33598,1948
33599,1924
33600,1936
33601,1939
33602,1963
33603,1993
33604,1947
33605,1936
33606,1958
33607,1958
33608,1904
33609,1922
33610,1856
33611,1104
33612,2128
33613,3550
33614,3504
33615,3216
33616,2971
33617,1605
33618,717
33619,80
33620,560
33621,1205
33622,1611
33623,1825
33624,1899
33625,1928
33626,1925
33627,1921
33628,1905
33629,1909
33630,1913
33631,1942
33632,1937
33633,1946
33634,1934
33635,1955
33636,1937
33637,1925
33638,1915
33639,1937
33640,1937
33641,2582
33642,903
33643,2105
33644,3504
33645,3521
33646,3226
33647,3003
33648,1782
33649,735
33650,114
33651,471
33652,1077
33653,1529
33654,1713
33655,1856
33656,1930
33657,1968
33658,1906
33659,1926
33660,1950
33661,1952
33662,1953
33663,1920
33664,1936
33665,1931
33666,1919
33667,1923
33668,1935
33669,1945
33670,1947
33671,1910
33672,1936
33673,1936
33674,1920
33675,1899
33676,1904
33677,1904
33678,1888
33679,1860
33680,1863
33681,1875
33682,1878
33683,1904
33684,1872
33685,1887
33686,1872
33687,1878
33688,1856
33689,1883
33690,1873
33691,1870
33692,1849
33693,1861
33694,1853
33695,1840
33696,1834
33697,1855
33698,1863
33699,1889
33700,1868
33701,1872
33702,1885
33703,1872
33704,1847
33705,1866
33706,1877
33707,1872
33708,1895
33709,1846
33710,1847
33711,1858
33712,1827
33713,1829
33714,1860
33715,1881
33716,1858
33717,1838
33718,1858
33719,1871
33720,1856
33721,1853
33722,1868
33723,1871
33724,1867
33725,1878
33726,1866
33727,1858
33728,1827
33729,1820
33730,1840
33731,1860
33732,1876
33733,1843
33734,1859
33735,1865
33736,1845
33737,1869
33738,1847
33739,1870
33740,1878
33741,1868
33742,1845
33743,1859
33744,1847
33745,1866
33746,1839
33747,1853
33748,1854
33749,1856
33750,1870
33751,1861
33752,1868
33753,1907
33754,1839
33755,1856
33756,1869
33757,1857
33758,1845
33759,1847
33760,1859
33761,1872
33762,1826
33763,1829
33764,1854
33765,1867
33766,1853
33767,1859
33768,1865
33769,1873
33770,1883
33771,1847
33772,1872
33773,1870
33774,1858
33775,1856
33776,1844
33777,1865
33778,1861
33779,1849
33780,1863
33781,1883
33782,1872
33783,1842
33784,1840
33785,1872
33786,1920
33787,1846
33788,1858
33789,1887
33790,1899
33791,1877
33792,1834
33793,1837
33794,1840
33795,1840
33796,1831
33797,1871
33798,1867
33799,1870
33800,1854
33801,1853
33802,1865
33803,1855
33804,1823
33805,1860
33806,1889
33807,1879
33808,1855
33809,1856
33810,1853
33811,1815
33812,1781
33813,1814
33814,1853
33815,1862
33816,1844
33817,1842
33818,1865
33819,1870
33820,1863
33821,1851
33822,1882
33823,1874
33824,1904
33825,1867
33826,1872
33827,1872
33828,1866
33829,1840
33830,1829
33831,1840
33832,1856
33833,1874
33834,1872
33835,1882
33836,1879
33837,1872
33838,1843
33839,1849
33840,1839
33841,1871
33842,1866
33843,1873
33844,1869
33845,1824
33846,1793
33847,1831
33848,1849
33849,1874
33850,1870
33851,1857
33852,1870
33853,1873
33854,1866
33855,1862
33856,1878
33857,1872
33858,1842
33859,1851
33860,1867
33861,1857
33862,1853
33863,1837
33864,1856
33865,1867
33866,1851
33867,1845
33868,1872
33869,1866
33870,1849
33871,1840
33872,1872
33873,1866
33874,1870
33875,1840
33876,1858
33877,1855
33878,1853
33879,1825
33880,1846
33881,1873
33882,1866
33883,1847
33884,1856
33885,1869
33886,1866
33887,1873
33888,1858
33889,1879
33890,1898
33891,1859
33892,1855
33893,1849
33894,1843
33895,1843
33896,1834
33897,1847
33898,1854
33899,1878
33900,1851
33901,1856
33902,1869
33903,1871
33904,1863
33905,1866
33906,1884
33907,1894
33908,1843
33909,1855
33910,1866
33911,1853
33912,1843
33913,1833
33914,1858
33915,1866
33916,1853
33917,1850
33918,1872
33919,1863
33920,1863
33921,1859
33922,1856
33923,1868
33924,1860
33925,1851
33926,1856
33927,1860
33928,1841
33929,1823
33930,1838
33931,1857
33932,1863
33933,1840
33934,1857
33935,1893
33936,1879
33937,1875
33938,1861
33939,1879
33940,1904
33941,1859
33942,1839
33943,1857
33944,1856
33945,1840
33946,1821
33947,1857
33948,1859
33949,1859
33950,1842
33951,1863
33952,1873
33953,1872
33954,1869
33955,1866
33956,1870
33957,1877
33958,1827
33959,1845
33960,1862
33961,1855
33962,1858
33963,1827
33964,1866
33965,1875
33966,1865
33967,1856
33968,1870
33969,1872
33970,1874
33971,1840
33972,1868
33973,1879
33974,1871
33975,1850
33976,1857
33977,1857
33978,1855
33979,1840
33980,1843
33981,1859
33982,1861
33983,1846
33984,1853
33985,1871
33986,1861
33987,1867
33988,1846
33989,1875
33990,1890
33991,1869
33992,1840
33993,1856
33994,1853
33995,1849
33996,1844
33997,1861
33998,1869
33999,1870
34000,1850
34001,1859
34002,1872
34003,1868
34004,1858
34005,1872
34006,1888
34007,1890
34008,1872
34009,1841
34010,1871
34011,1850
34012,1838
34013,1831
34014,1854
34015,1847
34016,1855
34017,1841
34018,1855
34019,1875
34020,1904
34021,1843
34022,1885
34023,1889
34024,1877
34025,1872
34026,1863
34027,1850
34028,1846
34029,1839
34030,1837
34031,1872
34032,1859
34033,1854
34034,1861
34035,1871
34036,1873
34037,1854
34038,1856
34039,1876
34040,1871
34041,1870
34042,1846
34043,1866
34044,1856
34045,1836
34046,1850
34047,1847
34048,1859
34049,1865
34050,1828
34051,1872
34052,1887
34053,1853
34054,1865
34055,1868
34056,1878
34057,1871
34058,1858
34059,1856
34060,1856
34061,1856
34062,1852
34063,1828
34064,1865
34065,1881
34066,1870
34067,1856
34068,1872
34069,1871
34070,1867
34071,1844
34072,1872
34073,1887
34074,1872
34075,1861
34076,1842
34077,1840
34078,1840
34079,1822
34080,1845
34081,1868
34082,1869
34083,1828
34084,1863
34085,1865
34086,1867
34087,1856
34088,1856
34089,1875
34090,1866
34091,1867
34092,1856
34093,1865
34094,1851
34095,1858
34096,1819
34097,1854
34098,1872
34099,1874
34100,1854
34101,1869
34102,1889
34103,1872
34104,1857
34105,1869
34106,1873
34107,1878
34108,1856
34109,1841
34110,1858
34111,1867
34112,1851
34113,1833
34114,1859
34115,1875
34116,1846
34117,1848
34118,1867
34119,1872
34120,1858
34121,1840
34122,1870
34123,1875
34124,1872
34125,1840
34126,1856
34127,1851
34128,1849
34129,1824
34130,1839
34131,1856
34132,1859
34133,1901
34134,1858
34135,1868
34136,1878
34137,1859
34138,1854
34139,1872
34140,1870
34141,1867
34142,1856
34143,1860
34144,1853
34145,1840
34146,1809
34147,1856
34148,1866
34149,1872
34150,1858
34151,1866
34152,1872
34153,1870
34154,1855
34155,1862
34156,1885
34157,1881
34158,1852
34159,1840
34160,1863
34161,1865
34162,1857
34163,1826
34164,1850
34165,1870
34166,1854
34167,1847
34168,1872
34169,1889
34170,1873
34171,1854
34172,1870
34173,1887
34174,1870
34175,1851
34176,1850
34177,1865
34178,1854
34179,1829
34180,1841
34181,1863
34182,1865
34183,1840
34184,1856
34185,1885
34186,1872
34187,1859
34188,1854
34189,1877
34190,1884
34191,1873
34192,1851
34193,1859
34194,1862
34195,1850
34196,1807
34197,1847
34198,1853
34199,1890
34200,1859
34201,1869
34202,1874
34203,1848
34204,1854
34205,1871
34206,1876
34207,1877
34208,1824
34209,1842
34210,1855
34211,1872
34212,1843
34213,1834
34214,1859
34215,1865
34216,1858
34217,1849
34218,1877
34219,1886
34220,1883
34221,1856
34222,1871
34223,1867
34224,1867
34225,1861
34226,1861
34227,1844
34228,1845
34229,1819
34230,1840
34231,1850
34232,1857
34233,1883
34234,1859
34235,1874
34236,1871
34237,1865
34238,1856
34239,1882
34240,1876
34241,1866
34242,1850
34243,1851
34244,1855
34245,1863
34246,1818
34247,1856
34248,1872
34249,1862
34250,1859
34251,1871
34252,1886
34253,1879
34254,1851
34255,1857
34256,1875
34257,1872
34258,1845
34259,1842
34260,1870
34261,1857
34262,1839
34263,1828
34264,1861
34265,1883
34266,1858
34267,1852
34268,1874
34269,1882
34270,1877
34271,1856
34272,1872
34273,1886
34274,1867
34275,1840
34276,1856
34277,1870
34278,1834
34279,1838
34280,1839
34281,1859
34282,1878
34283,1844
34284,1859
34285,1875
34286,1859
34287,1865
34288,1851
34289,1875
34290,1873
34291,1872
34292,1853
34293,1863
34294,1861
34295,1808
34296,1824
34297,1852
34298,1867
34299,1867
34300,1851
34301,1861
34302,1877
34303,1864
34304,1856
34305,1865
34306,1874
34307,1877
34308,1854
34309,1853
34310,1872
34311,1847
34312,1840
34313,1825
34314,1858
34315,1870
34316,1859
34317,1849
34318,1883
34319,1872
34320,1865
34321,1834
34322,1871
34323,1879
34324,1875
34325,1879
34326,1856
34327,1862
34328,1891
34329,1830
34330,1840
34331,1872
34332,1873
34333,1818
34334,1862
34335,1875
34336,1893
34337,1862
34338,1857
34339,1879
34340,1863
34341,1858
34342,1850
34343,1861
34344,1848
34345,1823
34346,1808
34347,1843
34348,1871
34349,1853
34350,1861
34351,1859
34352,1872
34353,1872
34354,1852
34355,1872
34356,1875
34357,1879
34358,1870
34359,1844
34360,1866
34361,1865
34362,1823
34363,1830
34364,1858
34365,1867
34366,1870
34367,1841
34368,1877
34369,1865
34370,1870
34371,1870
34372,1877
34373,1884
34374,1878
34375,1843
34376,1845
34377,1850
34378,1858
34379,1825
34380,1838
34381,1872
34382,1862
34383,1840
34384,1855
34385,1876
34386,1877
34387,1872
34388,1857
34389,1877
34390,1891
34391,1862
34392,1856
34393,1868
34394,1872
34395,1869
34396,1840
34397,1854
34398,1877
34399,1865
34400,1877
34401,1857
34402,1886
34403,1871
34404,1842
34405,1867
34406,1871
34407,1872
34408,1849
34409,1851
34410,1863
34411,1858
34412,1830
34413,1830
34414,1855
34415,1865
34416,1856
34417,1841
34418,1863
34419,1883
34420,1887
34421,1859
34422,1879
34423,1878
34424,1871
34425,1858
34426,1856
34427,1850
34428,1844
34429,1830
34430,1840
34431,1872
34432,1875
34433,1869
34434,1856
34435,1866
34436,1893
34437,1842
34438,1855
34439,1872
34440,1871
34441,1859
34442,1846
34443,1856
34444,1858
34445,1836
34446,1840
34447,1858
34448,1873
34449,1869
34450,1849
34451,1870
34452,1882
34453,1872
34454,1855
34455,1860
34456,1875
34457,1872
34458,1865
34459,1843
34460,1854
34461,1869
34462,1856
34463,1832
34464,1856
34465,1848
34466,1850
34467,1853
34468,1869
34469,1876
34470,1862
34471,1861
34472,1874
34473,1873
34474,1883
34475,1841
34476,1857
34477,1851
34478,1850
34479,1828
34480,1840
34481,1859
34482,1871
34483,1863
34484,1867
34485,1879
34486,1872
34487,1862
34488,1857
34489,1875
34490,1887
34491,1874
34492,1853
34493,1858
34494,1847
34495,1809
34496,1840
34497,1853
34498,1870
34499,1877
34500,1861
34501,1860
34502,1873
34503,1884
34504,1862
34505,1865
34506,1885
34507,1875
34508,1866
34509,1855
34510,1857
34511,1851
34512,1814
34513,1831
34514,1858
34515,1885
34516,1859
34517,1853
34518,1863
34519,1887
34520,1859
34521,1843
34522,1863
34523,1882
34524,1875
34525,1853
34526,1845
34527,1857
34528,1811
34529,1821
34530,1839
34531,1854
34532,1893
34533,1822
34534,1865
34535,1888
34536,1887
34537,1853
34538,1859
34539,1873
34540,1872
34541,1845
34542,1840
34543,1872
34544,1857
34545,1837
34546,1831
34547,1856
34548,1872
34549,1863
34550,1851
34551,1870
34552,1883
34553,1877
34554,1841
34555,1862
34556,1872
34557,1891
34558,1849
34559,1855
34560,1863
34561,1859
34562,1855
34563,1830
34564,1859
34565,1872
34566,1867
34567,1856
34568,1865
34569,1894
34570,1863
34571,1840
34572,1872
34573,1893
34574,1859
34575,1817
34576,1853
34577,1849
34578,1846
34579,1825
34580,1839
34581,1868
34582,1867
34583,1850
34584,1856
34585,1881
34586,1867
34587,1866
34588,1854
34589,1877
34590,1880
34591,1888
34592,1856
34593,1862
34594,1865
34595,1831
34596,1829
34597,1849
34598,1872
34599,1858
34600,1843
34601,1859
34602,1875
34603,1847
34604,1843
34605,1866
34606,1887
34607,1872
34608,1838
34609,1851
34610,1871
34611,1840
34612,1840
34613,1831
34614,1851
34615,1863
34616,1856
34617,1839
34618,1869
34619,1886
34620,1869
34621,1853
34622,1872
34623,1871
34624,1872
34625,1855
34626,1865
34627,1850
34628,1865
34629,1844
34630,1840
34631,1858
34632,1861
34633,1855
34634,1861
34635,1872
34636,1872
34637,1861
34638,1856
34639,1874
34640,1875
34641,1869
34642,1845
34643,1867
34644,1843
34645,1846
34646,1821
34647,1846
34648,1873
34649,1869
34650,1846
34651,1861
34652,1886
34653,1893
34654,1856
34655,1862
34656,1870
34657,1873
34658,1856
34659,1849
34660,1868
34661,1837
34662,1826
34663,1830
34664,1861
34665,1867
34666,1866
34667,2466
34668,1005
34669,2021
34670,2140
34671,2286
34672,2431
34673,2370
34674,2181
34675,1953
34676,1695
34677,1771
34678,1806
34679,1695
34680,1599
34681,1631
34682,1730
34683,1808
34684,1837
34685,1885
34686,1862
34687,1872
34688,1877
34689,1898
34690,1875
34691,1870
34692,1840
34693,1843
34694,1850
34695,1814
34696,1809
34697,1841
34698,2491
34699,704
34700,1918
34701,2177
34702,2447
34703,2723
34704,2590
34705,2358
34706,1906
34707,1666
34708,1699
34709,1531
34710,1379
34711,1410
34712,1532
34713,1707
34714,1838
34715,1894
34716,1905
34717,1901
34718,1905
34719,1910
34720,1893
34721,1840
34722,1883
34723,1887
34724,1870
34725,1850
34726,1849
34727,1856
34728,1820
34729,1960
34730,378
34731,1904
34732,2175
34733,2459
34734,2619
34735,2599
34736,2318
34737,1726
34738,1635
34739,1765
34740,1645
34741,1457
34742,1482
34743,1632
34744,1786
34745,1907
34746,1883
34747,1908
34748,1924
34749,1920
34750,1887
34751,1869
34752,1886
34753,1859
34754,1850
34755,1858
34756,1879
34757,1872
34758,1865
34759,1867
34760,1878
34761,176
34762,1765
34763,2131
34764,2463
34765,2674
34766,2653
34767,2235
34768,1651
34769,1755
34770,1744
34771,1518
34772,1427
34773,1535
34774,1667
34775,1821
34776,1902
34777,1913
34778,1915
34779,1885
34780,1901
34781,1898
34782,1876
34783,1859
34784,1856
34785,1861
34786,1865
34787,1873
34788,1862
34789,1886
34790,1881
34791,1888
34792,228
34793,1823
34794,2163
34795,2619
34796,2875
34797,2862
34798,2122
34799,1654
34800,1749
34801,1601
34802,1342
34803,1229
34804,1327
34805,1587
34806,1813
34807,1879
34808,1892
34809,1892
34810,1901
34811,1878
34812,1878
34813,1850
34814,1870
34815,1865
34816,1858
34817,1850
34818,1877
34819,1889
34820,1881
34821,1872
34822,1904
34823,0
34824,1763
34825,2320
34826,3058
34827,3408
34828,2976
34829,2064
34830,1604
34831,1535
34832,1216
34833,976
34834,1055
34835,1333
34836,1662
34837,1814
34838,1871
34839,1915
34840,1936
34841,1904
34842,1887
34843,1902
34844,1890
34845,1841
34846,1849
34847,1882
34848,1877
34849,1881
34850,1887
34851,1883
34852,1918
34853,1908
34854,0
34855,1565
34856,2457
34857,3493
34858,3477
34859,3178
34860,2599
34861,1664
34862,1392
34863,930
34864,694
34865,734
34866,1146
34867,1591
34868,1821
34869,1898
34870,1933
34871,1904
34872,1930
34873,1947
34874,1968
34875,1967
34876,1902
34877,1870
34878,1851
34879,1839
34880,1836
34881,1840
34882,1902
34883,1890
34884,1904
34885,109
34886,1555
34887,2520
34888,3701
34889,3445
34890,3159
34891,2943
34892,1889
34893,1214
34894,624
34895,297
34896,448
34897,1142
34898,1635
34899,1833
34900,1902
34901,1914
34902,1937
34903,1924
34904,1904
34905,1929
34906,1927
34907,1922
34908,1947
34909,1907
34910,1915
34911,1900
34912,1890
34913,1902
34914,1927
34915,1959
34916,864
34917,1260
34918,2529
34919,3776
34920,3488
34921,3158
34922,2959
34923,1918
34924,1071
34925,438
34926,25
34927,355
34928,1067
34929,1614
34930,1840
34931,1920
34932,1962
34933,1931
34934,1979
34935,1979
34936,1943
34937,1959
34938,1953
34939,1973
34940,1974
34941,1951
34942,1936
34943,1959
34944,1948
34945,1937
34946,1933
34947,1328
34948,1313
34949,2485
34950,3794
34951,3475
34952,3150
34953,2993
34954,1762
34955,960
34956,233
34957,0
34958,550
34959,1309
34960,1734
34961,1886
34962,1918
34963,1950
34964,1995
34965,1999
34966,1983
34967,1971
34968,1983
34969,1958
34970,1941
34971,1945
34972,1983
34973,1991
34974,1946
34975,1937
34976,1950
34977,1947
34978,2237
34979,945
34980,2262
34981,3718
34982,3538
34983,3216
34984,2979
34985,1603
34986,941
34987,349
34988,192
34989,833
34990,1450
34991,1780
34992,1862
34993,1934
34994,1965
34995,1956
34996,1927
34997,1946
34998,1955
34999,1949
35000,1919
35001,1949
35002,1974
35003,1968
35004,1955
35005,1954
35006,1959
35007,1957
35008,1937
35009,2546
35010,786
35011,2087
35012,3521
35013,3554
35014,3239
35015,2960
35016,1682
35017,941
35018,320
35019,245
35020,855
35021,1424
35022,1768
35023,1890
35024,1955
35025,1959
35026,1956
35027,1954
35028,1925
35029,1958
35030,1991
35031,1978
35032,1929
35033,1909
35034,1919
35035,1931
35036,1923
35037,1922
35038,1923
35039,1943
35040,2379
35041,581
35042,1980
35043,3423
35044,3567
35045,3253
35046,3038
35047,1924
35048,1043
35049,334
35050,49
35051,704
35052,1398
35053,1715
35054,1877
35055,1938
35056,1978
35057,1975
35058,1935
35059,1940
35060,1959
35061,1962
35062,1932
35063,1923
35064,1943
35065,1975
35066,1954
35067,1951
35068,1965
35069,1959
35070,1967
35071,1936
35072,325
35073,1952
35074,3157
35075,3632
35076,3311
35077,3046
35078,2134
35079,1169
35080,399
35081,0
35082,639
35083,1327
35084,1699
35085,1887
35086,1916
35087,1968
35088,1942
35089,1962
35090,1968
35091,1949
35092,1947
35093,1966
35094,1955
35095,1909
35096,1915
35097,1946
35098,1959
35099,1958
35100,1943
35101,1954
35102,1951
35103,76
35104,1813
35105,2917
35106,3675
35107,3318
35108,3083
35109,2208
35110,1184
35111,551
35112,178
35113,683
35114,1351
35115,1702
35116,1841
35117,1890
35118,1927
35119,1963
35120,1922
35121,1906
35122,1936
35123,1950
35124,1943
35125,1927
35126,1939
35127,1941
35128,1933
35129,1931
35130,1927
35131,1931
35132,1919
35133,1911
35134,0
35135,1767
35136,2711
35137,3628
35138,3370
35139,3111
35140,2303
35141,1165
35142,558
35143,170
35144,665
35145,1337
35146,1651
35147,1840
35148,1920
35149,1936
35150,1902
35151,1936
35152,1955
35153,1941
35154,1939
35155,1982
35156,1940
35157,1941
35158,1950
35159,1947
35160,1954
35161,1939
35162,1927
35163,1903
35164,1923
35165,0
35166,1621
35167,2529
35168,3679
35169,3463
35170,3136
35171,2465
35172,1233
35173,617
35174,127
35175,659
35176,1303
35177,1698
35178,1837
35179,1909
35180,1910
35181,1931
35182,1938
35183,1928
35184,1934
35185,1962
35186,1954
35187,1953
35188,1945
35189,1977
35190,1977
35191,1945
35192,1935
35193,1939
35194,1930
35195,1901
35196,74
35197,1566
35198,2397
35199,3647
35200,3469
35201,3144
35202,2530
35203,1286
35204,700
35205,215
35206,730
35207,1287
35208,1662
35209,1817
35210,1877
35211,1901
35212,1909
35213,1886
35214,1916
35215,1937
35216,1905
35217,1936
35218,1936
35219,1957
35220,1953
35221,1919
35222,1955
35223,1957
35224,1936
35225,1916
35226,1918
35227,277
35228,1430
35229,2270
35230,3627
35231,3515
35232,3202
35233,2700
35234,1217
35235,607
35236,219
35237,707
35238,1289
35239,1680
35240,1856
35241,1910
35242,1904
35243,1914
35244,1918
35245,1909
35246,1909
35247,1937
35248,1953
35249,1940
35250,1926
35251,1949
35252,1979
35253,1971
35254,1913
35255,1930
35256,1947
35257,1960
35258,1262
35259,1250
35260,2193
35261,3583
35262,3515
35263,3219
35264,2903
35265,1386
35266,736
35267,219
35268,598
35269,1217
35270,1581
35271,1791
35272,1893
35273,1938
35274,1901
35275,1911
35276,1918
35277,1936
35278,1950
35279,1913
35280,1924
35281,1953
35282,1966
35283,1937
35284,1936
35285,1952
35286,1936
35287,1926
35288,1920
35289,1934
35290,1919
35291,1910
35292,1888
35293,1875
35294,1883
35295,1873
35296,1853
35297,1877
35298,1897
35299,1886
35300,1878
35301,1875
35302,1885
35303,1875
35304,1860
35305,1860
35306,1878
35307,1870
35308,1853
35309,1840
35310,1855
35311,1842
35312,1844
35313,1838
35314,1856
35315,1881
35316,1878
35317,1849
35318,1847
35319,1874
35320,1870
35321,1865
35322,1871
35323,1873
35324,1872
35325,1872
35326,1840
35327,1837
35328,1843
35329,1856
35330,1840
35331,1865
35332,1872
35333,1850
35334,1850
35335,1866
35336,1871
35337,1856
35338,1856
35339,1875
35340,1899
35341,1856
35342,1844
35343,1855
35344,1846
35345,1827
35346,1831
35347,1851
35348,1851
35349,1856
35350,1867
35351,1867
35352,1872
35353,1885
35354,1858
35355,1871
35356,1873
35357,1872
35358,1854
35359,1846
35360,1852
35361,1854
35362,1829
35363,1828
35364,1855
35365,1861
35366,1826
35367,1845
35368,1870
35369,1882
35370,1858
35371,1855
35372,1871
35373,1871
35374,1844
35375,1829
35376,1860
35377,1858
35378,1862
35379,1844
35380,1847
35381,1854
35382,1871
35383,1876
35384,1856
35385,1872
35386,1875
35387,1872
35388,1858
35389,1874
35390,1894
35391,1855
35392,1853
35393,1866
35394,1851
35395,1839
35396,1830
35397,1856
35398,1878
35399,1859
35400,1875
35401,1874
35402,1862
35403,1857
35404,1863
35405,1861
35406,1872
35407,1874
35408,1866
35409,1857
35410,1872
35411,1891
35412,1914
35413,1915
35414,1908
35415,1879
35416,1837
35417,1798
35418,1798
35419,1822
35420,1835
35421,1812
35422,1845
35423,1882
35424,1894
35425,1861
35426,1872
35427,1870
35428,1839
35429,1810
35430,1806
35431,1828
35432,1831
35433,1840
35434,1853
35435,1865
35436,1872
35437,1867
35438,1846
35439,1876
35440,1881
35441,1885
35442,1851
35443,1872
35444,1851
35445,1857
35446,1839
35447,1858
35448,1873
35449,1877
35450,1837
35451,1874
35452,1872
35453,1876
35454,1840
35455,1855
35456,1871
35457,1873
35458,1863
35459,1853
35460,1854
35461,1852
35462,1838
35463,1840
35464,1870
35465,1890
35466,1863
35467,1868
35468,1901
35469,1876
35470,1875
35471,1835
35472,1847
35473,1872
35474,1865
35475,1857
35476,1867
35477,1858
35478,1826
35479,1831
35480,1853
35481,1872
35482,1872
35483,1840
35484,1840
35485,1859
35486,1844
35487,1869
35488,1866
35489,1879
35490,1894
35491,1857
35492,1851
35493,1856
35494,1851
35495,1903
35496,1828
35497,1856
35498,1859
35499,1850
35500,1846
35501,1871
35502,1871
35503,1866
35504,1863
35505,1863
35506,1879
35507,1888
35508,1840
35509,1852
35510,1866
35511,1849
35512,1845
35513,1829
35514,1854
35515,1874
35516,1857
35517,1863
35518,1872
35519,1867
35520,1871
35521,1853
35522,1869
35523,1881
35524,1869
35525,1855
35526,1857
35527,1862
35528,1874
35529,1821
35530,1840
35531,1855
35532,1856
35533,1856
35534,1853
35535,1865
35536,1842
35537,1854
35538,1860
35539,1882
35540,1881
35541,1879
35542,1849
35543,1866
35544,1846
35545,1831
35546,1829
35547,1857
35548,1872
35549,1857
35550,1853
35551,1865
35552,1866
35553,1877
35554,1851
35555,1867
35556,1877
35557,1854
35558,1849
35559,1851
35560,1855
35561,1862
35562,1839
35563,1837
35564,1869
35565,1866
35566,1870
35567,1859
35568,1865
35569,1875
35570,1859
35571,1843
35572,1872
35573,1891
35574,1850
35575,1861
35576,1856
35577,1852
35578,1828
35579,1817
35580,1838
35581,1863
35582,1863
35583,1858
35584,1862
35585,1891
35586,1887
35587,1850
35588,1861
35589,1886
35590,1918
35591,1887
35592,1855
35593,1865
35594,1866
35595,1842
35596,1827
35597,1855
35598,1872
35599,1853
35600,1882
35601,1863
35602,1882
35603,1889
35604,1837
35605,1862
35606,1870
35607,1870
35608,1854
35609,1846
35610,1851
35611,1843
35612,1826
35613,1827
35614,1857
35615,1871
35616,1875
35617,1851
35618,1875
35619,1872
35620,1889
35621,1847
35622,1875
35623,1882
35624,1874
35625,1850
35626,1862
35627,1868
35628,1871
35629,1826
35630,1853
35631,1878
35632,1870
35633,1835
35634,1875
35635,1888
35636,1894
35637,1845
35638,1856
35639,1872
35640,1910
35641,1875
35642,1850
35643,1859
35644,1858
35645,1839
35646,1818
35647,1855
35648,1854
35649,1867
35650,1833
35651,1882
35652,1870
35653,1856
35654,1854
35655,1862
35656,1888
35657,1862
35658,1877
35659,1844
35660,1861
35661,1836
35662,1864
35663,1835
35664,1856
35665,1847
35666,1835
35667,1842
35668,1867
35669,1891
35670,1870
35671,1858
35672,1873
35673,1876
35674,1898
35675,1861
35676,1871
35677,1872
35678,1847
35679,1799
35680,1854
35681,1867
35682,1872
35683,1833
35684,1869
35685,1888
35686,1869
35687,1866
35688,1862
35689,1879
35690,1868
35691,1860
35692,1840
35693,1859
35694,1843
35695,1875
35696,1811
35697,1855
35698,1856
35699,1862
35700,1859
35701,1872
35702,1885
35703,1904
35704,1859
35705,1863
35706,1883
35707,1879
35708,1872
35709,1854
35710,1863
35711,1840
35712,1841
35713,1835
35714,1857
35715,1855
35716,1871
35717,1856
35718,1863
35719,1861
35720,1905
35721,1846
35722,1872
35723,1870
35724,1869
35725,1842
35726,1855
35727,1855
35728,1887
35729,1814
35730,1847
35731,1854
35732,1867
35733,1877
35734,1860
35735,1872
35736,1895
35737,1874
35738,1857
35739,1877
35740,1891
35741,1858
35742,1857
35743,1859
35744,1855
35745,1823
35746,1826
35747,1857
35748,1867
35749,1872
35750,1849
35751,1869
35752,1877
35753,1862
35754,1846
35755,1870
35756,1862
35757,1878
35758,1842
35759,1851
35760,1855
35761,1843
35762,1819
35763,1831
35764,1861
35765,1895
35766,1855
35767,1853
35768,1873
35769,1854
35770,1862
35771,1858
35772,1877
35773,1893
35774,1870
35775,1861
35776,1866
35777,1853
35778,1821
35779,1813
35780,1858
35781,1863
35782,1858
35783,1847
35784,1851
35785,1876
35786,1867
35787,1863
35788,1847
35789,1878
35790,1878
35791,1873
35792,1844
35793,1877
35794,1845
35795,1853
35796,1824
35797,1854
35798,1862
35799,1862
35800,1857
35801,1858
35802,1873
35803,1894
35804,1862
35805,1882
35806,1875
35807,1890
35808,1839
35809,1849
35810,1868
35811,1861
35812,1837
35813,1828
35814,1855
35815,1851
35816,1840
35817,1851
35818,1857
35819,1865
35820,1872
35821,1850
35822,1873
35823,1886
35824,1872
35825,1855
35826,1867
35827,1856
35828,1861
35829,1819
35830,1849
35831,1855
35832,1871
35833,1865
35834,1861
35835,1872
35836,1877
35837,1872
35838,1857
35839,1883
35840,1899
35841,1862
35842,1846
35843,1861
35844,1855
35845,1826
35846,1821
35847,1854
35848,1869
35849,1859
35850,1856
35851,1872
35852,1873
35853,1878
35854,1853
35855,1877
35856,1881
35857,1856
35858,1847
35859,1853
35860,1855
35861,1857
35862,1840
35863,1833
35864,1861
35865,1872
35866,1858
35867,1855
35868,1890
35869,1875
35870,1901
35871,1850
35872,1872
35873,1886
35874,1863
35875,1857
35876,1859
35877,1862
35878,1840
35879,1823
35880,1853
35881,1867
35882,1857
35883,1839
35884,1873
35885,1872
35886,1872
35887,1872
35888,1858
35889,1886
35890,1892
35891,1869
35892,1844
35893,1854
35894,1868
35895,1840
35896,1824
35897,1860
35898,1872
35899,1863
35900,1845
35901,1867
35902,1872
35903,1884
35904,1843
35905,1871
35906,1867
35907,1865
35908,1850
35909,1853
35910,1854
35911,1840
35912,1838
35913,1833
35914,1866
35915,1853
35916,1882
35917,1851
35918,1875
35919,1866
35920,1850
35921,1858
35922,1874
35923,1873
35924,1874
35925,1863
35926,1861
35927,1850
35928,1834
35929,1826
35930,1855
35931,1862
35932,1865
35933,1856
35934,1858
35935,1871
35936,1873
35937,1840
35938,1856
35939,1869
35940,1872
35941,1850
35942,1840
35943,1853
35944,1860
35945,1870
35946,1828
35947,1857
35948,1860
35949,1856
35950,1842
35951,1863
35952,1872
35953,1869
35954,1851
35955,1858
35956,1872
35957,1865
35958,1877
35959,1850
35960,1853
35961,1851
35962,1813
35963,1828
35964,1858
35965,1872
35966,1850
35967,1845
35968,1873
35969,1899
35970,1851
35971,1854
35972,1876
35973,1884
35974,1883
35975,1853
35976,1855
35977,1857
35978,1840
35979,1829
35980,1855
35981,1865
35982,1885
35983,1851
35984,1862
35985,1879
35986,1872
35987,1844
35988,1856
35989,1872
35990,1893
35991,1857
35992,1840
35993,1855
35994,1863
35995,1872
35996,1822
35997,1854
35998,1857
35999,1859
36000,1854
36001,1875
36002,1888
36003,1879
36004,1854
36005,1872
36006,1872
36007,1865
36008,1883
36009,1842
36010,1872
36011,1859
36012,1845
36013,1840
36014,1861
36015,1866
36016,1868
36017,1854
36018,1871
36019,1867
36020,1869
36021,1851
36022,1872
36023,1882
36024,1874
36025,1842
36026,1847
36027,1858
36028,1850
36029,1825
36030,1846
36031,1860
36032,1863
36033,1847
36034,1864
36035,1872
36036,1868
36037,1869
36038,1856
36039,1874
36040,1875
36041,1847
36042,1852
36043,1864
36044,1847
36045,1859
36046,1835
36047,1859
36048,1879
36049,1866
36050,1847
36051,1872
36052,1879
36053,1850
36054,1857
36055,1859
36056,1875
36057,1900
36058,1842
36059,1858
36060,1855
36061,1837
36062,1822
36063,1831
36064,1862
36065,1872
36066,1818
36067,1856
36068,1875
36069,1885
36070,1862
36071,1853
36072,1875
36073,1889
36074,1872
36075,1851
36076,1855
36077,1869
36078,1839
36079,1822
36080,1847
36081,1873
36082,1861
36083,1869
36084,1862
36085,1876
36086,1830
36087,1870
36088,1856
36089,1883
36090,1900
36091,1872
36092,1855
36093,1865
36094,1855
36095,1837
36096,1826
36097,1857
36098,1878
36099,1871
36100,1869
36101,1879
36102,1904
36103,1872
36104,1882
36105,1867
36106,1875
36107,1874
36108,1826
36109,1852
36110,1866
36111,1843
36112,1833
36113,1833
36114,1851
36115,1877
36116,1840
36117,1844
36118,1871
36119,1872
36120,1874
36121,1856
36122,1872
36123,1879
36124,1875
36125,1858
36126,1862
36127,1860
36128,1839
36129,1829
36130,1846
36131,1863
36132,1877
36133,1835
36134,1854
36135,1872
36136,1866
36137,1854
36138,1862
36139,1882
36140,1883
36141,1863
36142,1850
36143,1856
36144,1860
36145,1866
36146,1821
36147,1851
36148,1867
36149,1860
36150,1851
36151,1855
36152,1869
36153,1870
36154,1872
36155,1865
36156,1873
36157,1892
36158,1895
36159,1861
36160,1858
36161,1840
36162,1831
36163,1836
36164,1864
36165,1872
36166,1854
36167,1849
36168,1875
36169,1878
36170,1861
36171,1853
36172,1873
36173,1871
36174,1870
36175,1843
36176,1859
36177,1843
36178,1861
36179,1817
36180,1843
36181,1863
36182,1887
36183,1830
36184,1869
36185,1879
36186,1883
36187,1872
36188,1865
36189,1886
36190,1881
36191,1868
36192,1849
36193,1857
36194,1858
36195,1851
36196,1824
36197,1863
36198,1869
36199,1851
36200,1843
36201,1869
36202,1878
36203,1865
36204,1856
36205,1871
36206,1872
36207,1879
36208,1867
36209,1842
36210,1863
36211,1861
36212,1818
36213,1823
36214,1856
36215,1870
36216,1856
36217,1860
36218,1891
36219,1879
36220,1868
36221,1857
36222,1878
36223,1891
36224,1858
36225,1845
36226,1841
36227,1854
36228,1855
36229,1813
36230,1854
36231,1857
36232,1898
36233,1831
36234,1859
36235,1889
36236,1856
36237,1855
36238,1855
36239,1873
36240,1874
36241,1863
36242,1851
36243,1853
36244,1861
36245,1837
36246,1823
36247,1857
36248,1863
36249,1863
36250,1872
36251,1872
36252,1872
36253,1887
36254,1856
36255,1870
36256,1883
36257,1893
36258,1841
36259,1851
36260,1859
36261,1875
36262,1829
36263,1839
36264,1863
36265,1872
36266,1853
36267,1853
36268,1861
36269,1887
36270,1858
36271,1854
36272,1875
36273,1870
36274,1891
36275,1857
36276,1857
36277,1865
36278,1855
36279,1860
36280,1865
36281,1879
36282,1881
36283,1863
36284,2187
36285,1054
36286,2059
36287,2181
36288,2467
36289,2736
36290,2683
36291,2450
36292,2098
36293,1701
36294,1664
36295,1520
36296,1331
36297,1286
36298,1401
36299,1587
36300,1745
36301,1846
36302,1894
36303,1879
36304,1886
36305,1904
36306,1911
36307,1903
36308,1887
36309,1860
36310,1854
36311,1791
36312,1839
36313,1826
36314,1871
36315,2533
36316,848
36317,1952
36318,2224
36319,2551
36320,2769
36321,2634
36322,2368
36323,1827
36324,1715
36325,1674
36326,1420
36327,1296
36328,1411
36329,1581
36330,1765
36331,1897
36332,1906
36333,1914
36334,1914
36335,1917
36336,1919
36337,1895
36338,1904
36339,1922
36340,1891
36341,1884
36342,1835
36343,1851
36344,1869
36345,1841
36346,2245
36347,562
36348,1930
36349,2193
36350,2387
36351,2596
36352,2559
36353,2298
36354,1761
36355,1822
36356,1813
36357,1561
36358,1401
36359,1502
36360,1659
36361,1825
36362,1874
36363,1881
36364,1920
36365,1932
36366,1920
36367,1900
36368,1899
36369,1904
36370,1884
36371,1855
36372,1867
36373,1866
36374,1859
36375,1856
36376,1867
36377,1937
36378,229
36379,1769
36380,2146
36381,2443
36382,2597
36383,2533
36384,2139
36385,1797
36386,1898
36387,1719
36388,1519
36389,1472
36390,1600
36391,1715
36392,1843
36393,1910
36394,1915
36395,1923
36396,1888
36397,1899
36398,1885
36399,1850
36400,1850
36401,1859
36402,1888
36403,1906
36404,1838
36405,1859
36406,1890
36407,1893
36408,1855
36409,80
36410,1799
36411,2191
36412,2610
36413,2895
36414,2798
36415,2207
36416,1808
36417,1728
36418,1483
36419,1271
36420,1232
36421,1389
36422,1696
36423,1871
36424,1904
36425,1904
36426,1903
36427,1908
36428,1883
36429,1844
36430,1847
36431,1867
36432,1846
36433,1853
36434,1850
36435,1862
36436,1872
36437,1866
36438,1891
36439,1904
36440,38
36441,1771
36442,2407
36443,3184
36444,3433
36445,3041
36446,2162
36447,1655
36448,1421
36449,1072
36450,929
36451,1005
36452,1345
36453,1739
36454,1803
36455,1901
36456,1933
36457,1926
36458,1894
36459,1883
36460,1875
36461,1887
36462,1872
36463,1869
36464,1871
36465,1871
36466,1856
36467,1883
36468,1910
36469,1923
36470,1937
36471,0
36472,1700
36473,2522
36474,3490
36475,3440
36476,3149
36477,2679
36478,1644
36479,1259
36480,840
36481,662
36482,759
36483,1200
36484,1653
36485,1831
36486,1877
36487,1893
36488,1908
36489,1910
36490,1903
36491,1867
36492,1874
36493,1877
36494,1903
36495,1859
36496,1869
36497,1902
36498,1917
36499,1902
36500,1905
36501,1925
36502,0
36503,1652
36504,2546
36505,3618
36506,3430
36507,3159
36508,2923
36509,1925
36510,1163
36511,587
36512,363
36513,502
36514,1213
36515,1664
36516,1795
36517,1870
36518,1914
36519,1918
36520,1906
36521,1899
36522,1917
36523,1921
36524,1886
36525,1907
36526,1919
36527,1922
36528,1931
36529,1916
36530,1913
36531,1930
36532,1936
36533,446
36534,1458
36535,2541
36536,3778
36537,3436
36538,3147
36539,2942
36540,1659
36541,905
36542,373
36543,176
36544,752
36545,1371
36546,1703
36547,1872
36548,1934
36549,1965
36550,1957
36551,1965
36552,1975
36553,1994
36554,2000
36555,2028
36556,1981
36557,1969
36558,1904
36559,1846
36560,1838
36561,1863
36562,1874
36563,1916
36564,718
36565,1422
36566,2386
36567,3678
36568,3516
36569,3189
36570,2987
36571,1815
36572,973
36573,349
36574,100
36575,752
36576,1393
36577,1742
36578,1895
36579,1877
36580,1939
36581,1943
36582,1935
36583,1942
36584,1942
36585,1944
36586,1955
36587,1950
36588,1947
36589,1955
36590,1971
36591,1947
36592,1943
36593,1937
36594,1927
36595,1535
36596,1219
36597,2240
36598,3635
36599,3543
36600,3191
36601,2966
36602,1814
36603,1003
36604,373
36605,107
36606,741
36607,1360
36608,1713
36609,1850
36610,1919
36611,1927
36612,1920
36613,1914
36614,1929
36615,1968
36616,1968
36617,1938
36618,1968
36619,1967
36620,1937
36621,1936
36622,1962
36623,1943
36624,1951
36625,1931
36626,2413
36627,1053
36628,2147
36629,3439
36630,3539
36631,3216
36632,2986
36633,1822
36634,1059
36635,391
36636,98
36637,725
36638,1399
36639,1763
36640,1890
36641,1954
36642,1938
36643,1949
36644,1947
36645,1934
36646,1916
36647,1956
36648,1954
36649,1945
36650,1948
36651,1968
36652,1968
36653,1963
36654,1927
36655,1951
36656,1956
36657,2465
36658,768
36659,2014
36660,3223
36661,3601
36662,3290
36663,3018
36664,1925
36665,1111
36666,474
36667,189
36668,778
36669,1407
36670,1729
36671,1847
36672,1925
36673,1952
36674,1931
36675,1910
36676,1932
36677,1933
36678,1926
36679,1920
36680,1926
36681,1955
36682,1960
36683,1937
36684,1953
36685,1954
36686,1943
36687,1937
36688,2337
36689,641
36690,2046
36691,3053
36692,3565
36693,3263
36694,3063
36695,1956
36696,1083
36697,430
36698,225
36699,860
36700,1408
36701,1736
36702,1862
36703,1936
36704,1904
36705,1920
36706,1946
36707,1946
36708,1919
36709,1925
36710,1934
36711,1933
36712,1901
36713,1936
36714,1959
36715,1966
36716,1906
36717,1925
36718,1934
36719,2139
36720,272
36721,1890
36722,3014
36723,3632
36724,3310
36725,3033
36726,2010
36727,1126
36728,477
36729,246
36730,819
36731,1424
36732,1741
36733,1851
36734,1895
36735,1935
36736,1923
36737,1919
36738,1926
36739,1965
36740,1961
36741,1970
36742,1926
36743,1951
36744,1943
36745,1915
36746,1920
36747,1942
36748,1937
36749,1936
36750,1915
36751,0
36752,1809
36753,2754
36754,3626
36755,3331
36756,3093
36757,2288
36758,1237
36759,510
36760,93
36761,747
36762,1344
36763,1693
36764,1851
36765,1927
36766,1953
36767,1920
36768,1952
36769,1949
36770,1930
36771,1927
36772,1952
36773,1981
36774,1965
36775,1953
36776,1958
36777,1952
36778,1926
36779,1906
36780,1921
36781,1941
36782,0
36783,1684
36784,2559
36785,3664
36786,3457
36787,3139
36788,2351
36789,1238
36790,670
36791,304
36792,825
36793,1367
36794,1670
36795,1823
36796,1872
36797,1914
36798,1917
36799,1913
36800,1901
36801,1941
36802,1937
36803,1955
36804,1930
36805,1957
36806,1963
36807,1943
36808,1923
36809,1918
36810,1925
36811,1937
36812,1904
36813,0
36814,1693
36815,2510
36816,3683
36817,3397
36818,3113
36819,2317
36820,1296
36821,666
36822,287
36823,838
36824,1351
36825,1664
36826,1815
36827,1874
36828,1877
36829,1891
36830,1893
36831,1930
36832,1925
36833,1920
36834,1928
36835,1954
36836,1950
36837,1936
36838,1936
36839,1954
36840,1949
36841,1962
36842,1903
36843,1909
36844,138
36845,1378
36846,2277
36847,3632
36848,3509
36849,3163
36850,2741
36851,1398
36852,783
36853,261
36854,752
36855,1282
36856,1673
36857,1819
36858,1863
36859,1901
36860,1893
36861,1894
36862,1886
36863,1904
36864,1966
36865,1990
36866,1951
36867,1946
36868,1898
36869,1916
36870,1916
36871,1914
36872,1935
36873,1937
36874,1904
36875,666
36876,1362
36877,2261
36878,3562
36879,3461
36880,3154
36881,2861
36882,1454
36883,814
36884,158
36885,575
36886,1205
36887,1635
36888,1809
36889,1911
36890,1936
36891,1921
36892,1904
36893,1924
36894,1919
36895,1905
36896,1902
36897,1934
36898,1931
36899,1936
36900,1938
36901,1959
36902,1959
36903,1977
36904,1915
36905,1929
36906,1933
36907,1925
36908,1904
36909,1902
36910,1904
36911,1891
36912,1840
36913,1861
36914,1875
36915,1893
36916,1858
36917,1872
36918,1871
36919,1859
36920,1888
36921,1852
36922,1878
36923,1881
36924,1857
36925,1842
36926,1861
36927,1846
36928,1840
36929,1826
36930,1862
36931,1860
36932,1889
36933,1824
36934,1872
36935,1872
36936,1882
36937,1850
36938,1856
36939,1872
36940,1878
36941,1856
36942,1850
36943,1865
36944,1875
36945,1824
36946,1827
36947,1856
36948,1869
36949,1872
36950,1855
36951,1865
36952,1878
36953,1870
36954,1858
36955,1858
36956,1863
36957,1865
36958,1829
36959,1861
36960,1859
36961,1852
36962,1825
36963,1851
36964,1867
36965,1872
36966,1857
36967,1843
36968,1874
36969,1862
36970,1872
36971,1853
36972,1877
36973,1895
36974,1857
36975,1842
36976,1861
36977,1859
36978,1842
36979,1822
36980,1859
36981,1862
36982,1872
36983,1845
36984,1867
36985,1868
36986,1856
36987,1838
36988,1845
36989,1878
36990,1862
36991,1856
36992,1851
36993,1855
36994,1862
36995,1843
36996,1831
36997,1857
36998,1878
36999,1834
37000,1859
37001,1874
37002,1875
37003,1903
37004,1846
37005,1872
37006,1872
37007,1872
37008,1873
37009,1864
37010,1856
37011,1840
37012,1845
37013,1838
37014,1851
37015,1862
37016,1823
37017,1856
37018,1872
37019,1857
37020,1856
37021,1856
37022,1875
37023,1872
37024,1857
37025,1854
37026,1852
37027,1855
37028,1834
37029,1830
37030,1856
37031,1854
37032,1866
37033,1845
37034,1871
37035,1875
37036,1862
37037,1850
37038,1864
37039,1891
37040,1895
37041,1861
37042,1858
37043,1859
37044,1839
37045,1838
37046,1831
37047,1860
37048,1878
37049,1851
37050,1838
37051,1863
37052,1872
37053,1903
37054,1861
37055,1870
37056,1873
37057,1855
37058,1851
37059,1856
37060,1866
37061,1861
37062,1817
37063,1851
37064,1862
37065,1869
37066,1868
37067,1853
37068,1862
37069,1850
37070,1860
37071,1842
37072,1868
37073,1895
37074,1863
37075,1856
37076,1866
37077,1871
37078,1841
37079,1817
37080,1857
37081,1866
37082,1867
37083,1867
37084,1858
37085,1878
37086,1872
37087,1858
37088,1871
37089,1873
37090,1872
37091,1872
37092,1846
37093,1847
37094,1848
37095,1851
37096,1830
37097,1859
37098,1871
37099,1867
37100,1856
37101,1867
37102,1870
37103,1874
37104,1855
37105,1870
37106,1862
37107,1862
37108,1856
37109,1858
37110,1865
37111,1840
37112,1827
37113,1839
37114,1869
37115,1871
37116,1843
37117,1859
37118,1872
37119,1899
37120,1853
37121,1851
37122,1874
37123,1891
37124,1869
37125,1850
37126,1872
37127,1867
37128,1840
37129,1816
37130,1851
37131,1858
37132,1874
37133,1839
37134,1872
37135,1869
37136,1872
37137,1843
37138,1855
37139,1866
37140,1879
37141,1861
37142,1855
37143,1858
37144,1865
37145,1834
37146,1835
37147,1865
37148,1862
37149,1856
37150,1853
37151,1872
37152,1882
37153,1870
37154,1855
37155,1872
37156,1873
37157,1867
37158,1850
37159,1857
37160,1855
37161,1875
37162,1824
37163,1847
37164,1872
37165,1862
37166,1842
37167,1854
37168,1872
37169,1872
37170,1872
37171,1856
37172,1875
37173,1857
37174,1841
37175,1857
37176,1858
37177,1855
37178,1840
37179,1815
37180,1853
37181,1867
37182,1851
37183,1885
37184,1872
37185,1889
37186,1871
37187,1865
37188,1862
37189,1872
37190,1874
37191,1841
37192,1847
37193,1872
37194,1840
37195,1852
37196,1827
37197,1856
37198,1863
37199,1866
37200,1846
37201,1870
37202,1872
37203,1857
37204,1837
37205,1871
37206,1875
37207,1873
37208,1861
37209,1856
37210,1856
37211,1826
37212,1841
37213,1840
37214,1856
37215,1868
37216,1843
37217,1856
37218,1877
37219,1851
37220,1857
37221,1845
37222,1872
37223,1876
37224,1858
37225,1840
37226,1867
37227,1850
37228,1854
37229,1799
37230,1843
37231,1865
37232,1863
37233,1857
37234,1857
37235,1860
37236,1853
37237,1856
37238,1867
37239,1886
37240,1872
37241,1873
37242,1851
37243,1854
37244,1856
37245,1838
37246,1830
37247,1858
37248,1872
37249,1879
37250,1856
37251,1871
37252,1879
37253,1856
37254,1871
37255,1873
37256,1886
37257,1872
37258,1815
37259,1872
37260,1865
37261,1854
37262,1840
37263,1837
37264,1871
37265,1872
37266,1872
37267,1853
37268,1877
37269,1866
37270,1866
37271,1853
37272,1866
37273,1871
37274,1866
37275,1838
37276,1855
37277,1856
37278,1861
37279,1819
37280,1858
37281,1865
37282,1872
37283,1858
37284,1863
37285,1866
37286,1887
37287,1853
37288,1863
37289,1872
37290,1885
37291,1885
37292,1859
37293,1860
37294,1877
37295,1853
37296,1838
37297,1866
37298,1900
37299,1871
37300,1859
37301,1885
37302,1870
37303,1853
37304,1847
37305,1882
37306,1894
37307,1869
37308,1872
37309,1855
37310,1845
37311,1840
37312,1844
37313,1856
37314,1868
37315,1857
37316,1856
37317,1856
37318,1872
37319,1861
37320,1845
37321,1851
37322,1872
37323,1875
37324,1863
37325,1842
37326,1856
37327,1843
37328,1862
37329,1817
37330,1859
37331,1879
37332,1872
37333,1867
37334,1859
37335,1877
37336,1872
37337,1838
37338,1874
37339,1879
37340,1878
37341,1856
37342,1853
37343,1847
37344,1857
37345,1823
37346,1827
37347,1849
37348,1855
37349,1870
37350,1855
37351,1877
37352,1879
37353,1900
37354,1847
37355,1871
37356,1890
37357,1873
37358,1849
37359,1855
37360,1856
37361,1856
37362,1835
37363,1845
37364,1859
37365,1869
37366,1829
37367,1867
37368,1867
37369,1877
37370,1855
37371,1859
37372,1879
37373,1871
37374,1866
37375,1846
37376,1851
37377,1848
37378,1850
37379,1828
37380,1855
37381,1872
37382,1883
37383,1856
37384,1875
37385,1872
37386,1841
37387,1869
37388,1872
37389,1876
37390,1884
37391,1847
37392,1856
37393,1846
37394,1837
37395,1851
37396,1831
37397,1861
37398,1867
37399,1865
37400,1851
37401,1872
37402,1865
37403,1858
37404,1847
37405,1870
37406,1873
37407,1866
37408,1850
37409,1849
37410,1850
37411,1845
37412,1831
37413,1839
37414,1873
37415,1880
37416,1849
37417,1857
37418,1875
37419,1895
37420,1851
37421,1842
37422,1875
37423,1877
37424,1861
37425,1855
37426,1856
37427,1856
37428,1823
37429,1835
37430,1855
37431,1857
37432,1870
37433,1875
37434,1853
37435,1873
37436,1856
37437,1835
37438,1863
37439,1866
37440,1872
37441,1842
37442,1850
37443,1860
37444,1843
37445,1830
37446,1831
37447,1859
37448,1870
37449,1840
37450,1854
37451,1878
37452,1872
37453,1869
37454,1849
37455,1877
37456,1890
37457,1874
37458,1838
37459,1859
37460,1862
37461,1842
37462,1836
37463,1855
37464,1859
37465,1861
37466,1849
37467,1857
37468,1882
37469,1873
37470,1856
37471,1859
37472,1878
37473,1887
37474,1873
37475,1843
37476,1872
37477,1868
37478,1818
37479,1841
37480,1857
37481,1858
37482,1858
37483,1867
37484,1870
37485,1870
37486,1860
37487,1872
37488,1875
37489,1883
37490,1879
37491,1873
37492,1850
37493,1853
37494,1846
37495,1837
37496,1825
37497,1856
37498,1866
37499,1863
37500,1845
37501,1866
37502,1878
37503,1867
37504,1859
37505,1874
37506,1874
37507,1858
37508,1845
37509,1856
37510,1861
37511,1858
37512,1831
37513,1851
37514,1863
37515,1850
37516,1872
37517,1861
37518,1868
37519,1879
37520,1842
37521,1853
37522,1872
37523,1885
37524,1857
37525,1840
37526,1850
37527,1856
37528,1843
37529,1818
37530,1847
37531,1867
37532,1860
37533,1855
37534,1868
37535,1872
37536,1841
37537,1843
37538,1859
37539,1875
37540,1882
37541,1841
37542,1862
37543,1847
37544,1817
37545,1839
37546,1835
37547,1862
37548,1883
37549,1862
37550,1858
37551,1872
37552,1875
37553,1878
37554,1851
37555,1867
37556,1869
37557,1862
37558,1840
37559,1857
37560,1857
37561,1855
37562,1808
37563,1851
37564,1871
37565,1887
37566,1856
37567,1863
37568,1888
37569,1872
37570,1855
37571,1865
37572,1877
37573,1889
37574,1866
37575,1845
37576,1854
37577,1849
37578,1839
37579,1827
37580,1859
37581,1867
37582,1872
37583,1884
37584,1861
37585,1865
37586,1868
37587,1855
37588,1871
37589,1886
37590,1883
37591,1851
37592,1844
37593,1863
37594,1853
37595,1853
37596,1834
37597,1856
37598,1863
37599,1886
37600,1852
37601,1876
37602,1873
37603,1862
37604,1856
37605,1872
37606,1871
37607,1855
37608,1900
37609,1855
37610,1872
37611,1856
37612,1841
37613,1850
37614,1854
37615,1875
37616,1846
37617,1847
37618,1872
37619,1882
37620,1876
37621,1850
37622,1877
37623,1920
37624,1840
37625,1847
37626,1858
37627,1859
37628,1846
37629,1828
37630,1855
37631,1863
37632,1862
37633,1846
37634,1867
37635,1869
37636,1918
37637,1835
37638,1862
37639,1871
37640,1902
37641,1872
37642,1856
37643,1865
37644,1859
37645,1819
37646,1835
37647,1855
37648,1872
37649,1827
37650,1850
37651,1863
37652,1871
37653,1871
37654,1854
37655,1874
37656,1890
37657,1885
37658,1868
37659,1853
37660,1872
37661,1857
37662,1824
37663,1850
37664,1860
37665,1868
37666,1851
37667,1869
37668,1879
37669,1893
37670,1846
37671,1856
37672,1881
37673,1904
37674,1859
37675,1846
37676,1850
37677,1843
37678,1842
37679,1835
37680,1859
37681,1859
37682,1856
37683,1829
37684,1888
37685,1867
37686,1870
37687,1837
37688,1874
37689,1875
37690,1878
37691,1839
37692,1857
37693,1862
37694,1841
37695,1825
37696,1837
37697,1863
37698,1855
37699,1874
37700,1860
37701,1878
37702,1872
37703,1856
37704,1845
37705,1872
37706,1872
37707,1859
37708,1841
37709,1862
37710,1856
37711,1843
37712,1815
37713,1847
37714,1881
37715,1871
37716,1827
37717,1865
37718,1881
37719,1857
37720,1840
37721,1860
37722,1878
37723,1860
37724,1862
37725,1846
37726,1872
37727,1854
37728,1825
37729,1825
37730,1859
37731,1866
37732,1872
37733,1853
37734,1875
37735,1882
37736,1853
37737,1858
37738,1865
37739,1868
37740,1863
37741,1831
37742,1849
37743,1863
37744,1861
37745,1834
37746,1833
37747,1866
37748,1889
37749,1853
37750,1845
37751,1886
37752,1872
37753,1902
37754,1856
37755,1875
37756,1872
37757,1870
37758,1847
37759,1859
37760,1853
37761,1856
37762,1856
37763,1840
37764,1854
37765,1863
37766,1845
37767,1857
37768,1880
37769,1886
37770,1851
37771,1859
37772,1874
37773,1874
37774,1872
37775,1853
37776,1857
37777,1857
37778,1838
37779,1829
37780,1856
37781,1872
37782,1869
37783,1861
37784,1869
37785,1885
37786,1854
37787,1858
37788,1879
37789,1883
37790,1878
37791,1867
37792,1854
37793,1859
37794,1876
37795,1846
37796,1835
37797,1860
37798,1857
37799,1844
37800,1859
37801,1866
37802,1885
37803,1858
37804,1851
37805,1874
37806,1878
37807,1872
37808,1835
37809,1856
37810,1855
37811,1835
37812,1847
37813,1840
37814,1870
37815,1871
37816,1863
37817,1863
37818,1871
37819,1886
37820,1866
37821,1857
37822,1875
37823,1856
37824,1873
37825,1840
37826,1849
37827,1843
37828,1827
37829,1818
37830,1853
37831,1856
37832,1857
37833,1867
37834,1873
37835,1883
37836,1882
37837,1847
37838,1871
37839,1887
37840,1878
37841,1870
37842,1852
37843,1855
37844,1854
37845,1813
37846,1833
37847,1863
37848,1871
37849,1845
37850,1845
37851,1882
37852,1863
37853,1860
37854,1847
37855,1869
37856,1873
37857,1865
37858,1849
37859,1856
37860,1847
37861,1856
37862,1837
37863,1842
37864,1859
37865,1874
37866,1893
37867,1860
37868,1867
37869,1872
37870,1856
37871,1858
37872,1882
37873,1895
37874,1853
37875,1843
37876,1861
37877,1854
37878,1879
37879,1827
37880,1857
37881,1874
37882,1872
37883,1859
37884,1859
37885,1872
37886,1862
37887,1839
37888,1861
37889,1881
37890,1872
37891,1867
37892,1854
37893,1868
37894,1848
37895,1829
37896,1831
37897,1865
37898,1856
37899,1853
37900,1859
37901,1094
37902,1240
37903,2034
37904,2113
37905,2211
37906,2279
37907,2240
37908,2098
37909,1937
37910,1887
37911,2064
37912,1957
37913,1729
37914,1621
37915,1649
37916,1749
37917,1808
37918,1863
37919,1872
37920,1871
37921,1878
37922,1897
37923,1899
37924,1859
37925,1847
37926,1840
37927,1850
37928,1837
37929,1796
37930,1833
37931,1849
37932,2023
37933,974
37934,1975
37935,2119
37936,2219
37937,2292
37938,2256
37939,2132
37940,1909
37941,1904
37942,1997
37943,1797
37944,1645
37945,1654
37946,1739
37947,1835
37948,1872
37949,1881
37950,1886
37951,1893
37952,1919
37953,1910
37954,1868
37955,1872
37956,1878
37957,1856
37958,1840
37959,1835
37960,1825
37961,1836
37962,1835
37963,2610
37964,885
37965,1965
37966,2103
37967,2175
37968,2301
37969,2241
37970,2028
37971,1771
37972,1926
37973,1975
37974,1791
37975,1714
37976,1782
37977,1863
37978,1893
37979,1872
37980,1906
37981,1905
37982,1904
37983,1881
37984,1885
37985,1873
37986,1849
37987,1806
37988,1829
37989,1838
37990,1857
37991,1837
37992,1839
37993,1858
37994,2539
37995,624
37996,1876
37997,2111
37998,2240
37999,2358
38000,2251
38001,1995
38002,1776
38003,1915
38004,1889
38005,1761
38006,1739
38007,1847
38008,1856
38009,1904
38010,1913
38011,1879
38012,1859
38013,1881
38014,1890
38015,1863
38016,1857
38017,1840
38018,1841
38019,1840
38020,1813
38021,1839
38022,1853
38023,1872
38024,1855
38025,1986
38026,391
38027,1871
38028,2069
38029,2185
38030,2212
38031,2117
38032,1933
38033,1914
38034,2064
38035,1968
38036,1743
38037,1749
38038,1820
38039,1895
38040,1911
38041,1855
38042,1904
38043,1895
38044,1883
38045,1857
38046,1818
38047,1826
38048,1814
38049,1818
38050,1833
38051,1872
38052,1861
38053,1870
38054,1845
38055,1873
38056,1899
38057,154
38058,1775
38059,2117
38060,2341
38061,2366
38062,2192
38063,2064
38064,1922
38065,1939
38066,1782
38067,1667
38068,1723
38069,1831
38070,1841
38071,1889
38072,1923
38073,1924
38074,1904
38075,1872
38076,1870
38077,1821
38078,1831
38079,1806
38080,1831
38081,1841
38082,1830
38083,1815
38084,1881
38085,1894
38086,1878
38087,1853
38088,138
38089,1831
38090,2217
38091,2437
38092,2496
38093,2401
38094,2128
38095,1839
38096,1759
38097,1584
38098,1498
38099,1605
38100,1696
38101,1840
38102,1902
38103,1901
38104,1899
38105,1920
38106,1895
38107,1876
38108,1843
38109,1829
38110,1840
38111,1826
38112,1840
38113,1843
38114,1847
38115,1868
38116,1874
38117,1872
38118,1888
38119,0
38120,1653
38121,2288
38122,2800
38123,2864
38124,2734
38125,2333
38126,1930
38127,1706
38128,1340
38129,1153
38130,1238
38131,1434
38132,1616
38133,1766
38134,1874
38135,1891
38136,1895
38137,1863
38138,1855
38139,1856
38140,1870
38141,1870
38142,1853
38143,1865
38144,1855
38145,1840
38146,1850
38147,1891
38148,1920
38149,1898
38150,0
38151,1643
38152,2559
38153,3620
38154,3415
38155,3134
38156,2960
38157,2158
38158,1283
38159,682
38160,378
38161,471
38162,980
38163,1506
38164,1744
38165,1837
38166,1871
38167,1880
38168,1892
38169,1874
38170,1847
38171,1868
38172,1903
38173,1946
38174,1904
38175,1904
38176,1904
38177,1903
38178,1903
38179,1899
38180,1934
38181,324
38182,1497
38183,2539
38184,3829
38185,3504
38186,3175
38187,2955
38188,2086
38189,1197
38190,545
38191,174
38192,373
38193,1085
38194,1600
38195,1763
38196,1869
38197,1918
38198,1936
38199,1911
38200,1910
38201,1927
38202,1941
38203,1936
38204,1923
38205,1950
38206,1956
38207,1941
38208,1936
38209,1941
38210,1951
38211,1958
38212,917
38213,1440
38214,2421
38215,3709
38216,3451
38217,3171
38218,2977
38219,1969
38220,1054
38221,315
38222,0
38223,545
38224,1275
38225,1670
38226,1842
38227,1918
38228,1930
38229,1915
38230,1938
38231,1955
38232,1929
38233,1895
38234,1907
38235,1922
38236,1982
38237,1975
38238,1979
38239,1983
38240,1975
38241,1962
38242,1939
38243,1723
38244,1222
38245,2220
38246,3718
38247,3553
38248,3241
38249,2987
38250,1949
38251,1031
38252,240
38253,4
38254,628
38255,1377
38256,1749
38257,1904
38258,1921
38259,1951
38260,1943
38261,1899
38262,1915
38263,1940
38264,1954
38265,1958
38266,1937
38267,1958
38268,1964
38269,1991
38270,1955
38271,1943
38272,1957
38273,1979
38274,2501
38275,1040
38276,2160
38277,3569
38278,3519
38279,3231
38280,2990
38281,1854
38282,994
38283,304
38284,59
38285,739
38286,1397
38287,1744
38288,1901
38289,1957
38290,1952
38291,1926
38292,1941
38293,1965
38294,1947
38295,1904
38296,1923
38297,1949
38298,1955
38299,1959
38300,1942
38301,1958
38302,1950
38303,1943
38304,1927
38305,2608
38306,880
38307,2096
38308,3487
38309,3559
38310,3243
38311,3033
38312,1902
38313,993
38314,277
38315,68
38316,797
38317,1425
38318,1744
38319,1874
38320,1920
38321,1936
38322,1963
38323,1969
38324,1932
38325,1937
38326,1953
38327,1942
38328,1875
38329,1850
38330,1899
38331,1995
38332,2005
38333,1978
38334,1959
38335,1962
38336,2446
38337,718
38338,2030
38339,3575
38340,3559
38341,3261
38342,3011
38343,1883
38344,1048
38345,268
38346,107
38347,846
38348,1453
38349,1741
38350,1853
38351,1925
38352,1949
38353,1943
38354,1930
38355,1949
38356,1978
38357,1999
38358,2047
38359,2090
38360,2011
38361,1863
38362,1825
38363,1873
38364,1846
38365,1871
38366,1883
38367,1962
38368,414
38369,1935
38370,3232
38371,3664
38372,3313
38373,3056
38374,2096
38375,1131
38376,235
38377,53
38378,765
38379,1395
38380,1748
38381,1903
38382,1920
38383,1937
38384,1954
38385,1956
38386,1926
38387,1945
38388,1970
38389,1974
38390,1954
38391,1932
38392,1970
38393,1977
38394,1911
38395,1881
38396,1906
38397,1934
38398,1924
38399,176
38400,1860
38401,3109
38402,3674
38403,3337
38404,3071
38405,2148
38406,1099
38407,315
38408,218
38409,905
38410,1437
38411,1728
38412,1830
38413,1892
38414,1934
38415,1911
38416,1915
38417,1939
38418,1943
38419,1905
38420,1917
38421,1939
38422,1898
38423,1898
38424,1954
38425,1966
38426,1947
38427,1930
38428,1903
38429,1893
38430,0
38431,1781
38432,2739
38433,3657
38434,3363
38435,3061
38436,2382
38437,1173
38438,393
38439,210
38440,868
38441,1405
38442,1707
38443,1857
38444,1883
38445,1893
38446,1900
38447,1918
38448,1936
38449,1955
38450,1920
38451,1935
38452,1948
38453,1953
38454,1925
38455,1946
38456,1946
38457,1922
38458,1918
38459,1915
38460,1923
38461,0
38462,1535
38463,2619
38464,3710
38465,3440
38466,3191
38467,2537
38468,1232
38469,405
38470,150
38471,811
38472,1410
38473,1735
38474,1853
38475,1893
38476,1917
38477,1903
38478,1897
38479,1901
38480,1947
38481,1991
38482,1989
38483,1893
38484,1915
38485,1925
38486,1919
38487,1909
38488,1927
38489,1936
38490,1920
38491,1913
38492,0
38493,1600
38494,2416
38495,3663
38496,3470
38497,3137
38498,2746
38499,1291
38500,511
38501,164
38502,752
38503,1310
38504,1663
38505,1840
38506,1919
38507,1925
38508,1915
38509,1906
38510,1915
38511,1914
38512,1905
38513,1920
38514,1939
38515,1941
38516,1898
38517,1905
38518,1966
38519,1938
38520,1936
38521,1934
38522,1949
38523,1927
38524,1878
38525,1900
38526,1904
38527,1904
38528,1872
38529,1870
38530,1890
38531,1889
38532,1860
38533,1859
38534,1898
38535,1901
38536,1879
38537,1869
38538,1861
38539,1872
38540,1875
38541,1875
38542,1872
38543,1865
38544,1815
38545,1829
38546,1841
38547,1860
38548,1861
38549,1830
38550,1846
38551,1862
38552,1870
38553,1870
38554,1860
38555,1881
38556,1870
38557,1844
38558,1851
38559,1863
38560,1858
38561,1892
38562,1815
38563,1856
38564,1872
38565,1866
38566,1847
38567,1855
38568,1863
38569,1866
38570,1845
38571,1861
38572,1874
38573,1881
38574,1851
38575,1854
38576,1855
38577,1867
38578,1854
38579,1838
38580,1865
38581,1881
38582,1855
38583,1845
38584,1879
38585,1866
38586,1866
38587,1850
38588,1861
38589,1875
38590,1887
38591,1840
38592,1855
38593,1862
38594,1871
38595,1840
38596,1837
38597,1853
38598,1872
38599,1842
38600,1861
38601,1872
38602,1857
38603,1867
38604,1849
38605,1871
38606,1885
38607,1839
38608,1833
38609,1853
38610,1856
38611,1846
38612,1822
38613,1851
38614,1861
38615,1871
38616,1835
38617,1859
38618,1868
38619,1857
38620,1856
38621,1850
38622,1869
38623,1892
38624,1846
38625,1845
38626,1855
38627,1871
38628,1851
38629,1835
38630,1854
38631,1872
38632,1859
38633,1853
38634,1872
38635,1885
38636,1873
38637,1840
38638,1873
38639,1872
38640,1883
38641,1841
38642,1853
38643,1862
38644,1826
38645,1846
38646,1842
38647,1862
38648,1863
38649,1853
38650,1861
38651,1869
38652,1870
38653,1870
38654,1856
38655,1879
38656,1863
38657,1862
38658,1845
38659,1859
38660,1858
38661,1846
38662,1841
38663,1861
38664,1871
38665,1855
38666,1851
38667,1863
38668,1872
38669,1861
38670,1853
38671,1867
38672,1872
38673,1868
38674,1867
38675,1851
38676,1858
38677,1863
38678,1840
38679,1834
38680,1857
38681,1878
38682,1865
38683,1856
38684,1870
38685,1856
38686,1863
38687,1858
38688,1870
38689,1874
38690,1879
38691,1847
38692,1856
38693,1872
38694,1849
38695,1821
38696,1843
38697,1859
38698,1885
38699,1870
38700,1856
38701,1863
38702,1872
38703,1863
38704,1857
38705,1878
38706,1886
38707,1874
38708,1840
38709,1857
38710,1845
38711,1837
38712,1807
38713,1856
38714,1875
38715,1855
38716,1839
38717,1863
38718,1886
38719,1879
38720,1855
38721,1861
38722,1869
38723,1859
38724,1853
38725,1854
38726,1844
38727,1866
38728,1824
38729,1818
38730,1857
38731,1859
38732,1862
38733,1844
38734,1879
38735,1872
38736,1873
38737,1852
38738,1877
38739,1886
38740,1858
38741,1856
38742,1843
38743,1863
38744,1843
38745,1829
38746,1851
38747,1865
38748,1896
38749,1826
38750,1861
38751,1879
38752,1861
38753,1871
38754,1847
38755,1866
38756,1917
38757,1866
38758,1843
38759,1863
38760,1866
38761,1856
38762,1808
38763,1855
38764,1856
38765,1865
38766,1840
38767,1862
38768,1867
38769,1853
38770,1851
38771,1867
38772,1887
38773,1891
38774,1857
38775,1863
38776,1871
38777,1850
38778,1846
38779,1824
38780,1856
38781,1872
38782,1831
38783,1855
38784,1869
38785,1866
38786,1875
38787,1863
38788,1870
38789,1872
38790,1872
38791,1845
38792,1855
38793,1847
38794,1853
38795,1843
38796,1840
38797,1866
38798,1894
38799,1859
38800,1850
38801,1871
38802,1869
38803,1865
38804,1859
38805,1879
38806,1895
38807,1858
38808,1842
38809,1872
38810,1862
38811,1872
38812,1824
38813,1854
38814,1855
38815,1841
38816,1847
38817,1856
38818,1847
38819,1851
38820,1866
38821,1866
38822,1877
38823,1906
38824,1858
38825,1859
38826,1853
38827,1863
38828,1850
38829,1835
38830,1856
38831,1878
38832,1847
38833,1851
38834,1871
38835,1901
38836,1893
38837,1844
38838,1872
38839,1876
38840,1872
38841,1873
38842,1853
38843,1870
38844,1838
38845,1851
38846,1837
38847,1872
38848,1878
38849,1853
38850,1855
38851,1872
38852,1872
38853,1855
38854,1856
38855,1883
38856,1888
38857,1869
38858,1844
38859,1861
38860,1867
38861,1863
38862,1840
38863,1860
38864,1871
38865,1868
38866,1820
38867,1872
38868,1877
38869,1898
38870,1874
38871,1875
38872,1875
38873,1881
38874,1841
38875,1854
38876,1861
38877,1856
38878,1855
38879,1835
38880,1859
38881,1898
38882,1861
38883,1856
38884,1875
38885,1869
38886,1865
38887,1856
38888,1872
38889,1871
38890,1849
38891,1904
38892,1856
38893,1850
38894,1863
38895,1809
38896,1854
38897,1872
38898,1882
38899,1878
38900,1857
38901,1891
38902,1873
38903,1856
38904,1849
38905,1872
38906,1868
38907,1851
38908,1831
38909,1865
38910,1863
38911,1865
38912,1822
38913,1854
38914,1867
38915,1872
38916,1840
38917,1855
38918,1887
38919,1858
38920,1856
38921,1858
38922,1873
38923,1879
38924,1874
38925,1847
38926,1858
38927,1858
38928,1813
38929,1835
38930,1861
38931,1853
38932,1865
38933,1843
38934,1864
38935,1862
38936,1872
38937,1839
38938,1868
38939,1877
38940,1853
38941,1867
38942,1855
38943,1870
38944,1868
38945,1840
38946,1841
38947,1863
38948,1890
38949,1904
38950,1857
38951,1883
38952,1881
38953,1859
38954,1856
38955,1882
38956,1892
38957,1863
38958,1855
38959,1872
38960,1870
38961,1862
38962,1838
38963,1855
38964,1873
38965,1856
38966,1825
38967,1857
38968,1869
38969,1871
38970,1873
38971,1867
38972,1872
38973,1873
38974,1872
38975,1843
38976,1851
38977,1856
38978,1839
38979,1830
38980,1860
38981,1851
38982,1850
38983,1851
38984,1869
38985,1873
38986,1891
38987,1871
38988,1872
38989,1879
38990,1872
38991,1837
38992,1858
38993,1863
38994,1844
38995,1814
38996,1831
38997,1869
38998,1867
38999,1862
39000,1867
39001,1867
39002,1873
39003,1858
39004,1867
39005,1878
39006,1902
39007,1863
39008,1839
39009,1866
39010,1847
39011,1813
39012,1825
39013,1856
39014,1872
39015,1869
39016,1849
39017,1857
39018,1878
39019,1866
39020,1857
39021,1861
39022,1889
39023,1887
39024,1888
39025,1839
39026,1855
39027,1853
39028,1840
39029,1823
39030,1856
39031,1873
39032,1855
39033,1849
39034,1872
39035,1885
39036,1872
39037,1847
39038,1877
39039,1887
39040,1866
39041,1855
39042,1857
39043,1854
39044,1851
39045,1807
39046,1839
39047,1869
39048,1861
39049,1893
39050,1855
39051,1883
39052,1878
39053,1875
39054,1859
39055,1872
39056,1905
39057,1847
39058,1835
39059,1862
39060,1857
39061,1856
39062,1834
39063,1859
39064,1878
39065,1876
39066,1843
39067,1864
39068,1878
39069,1874
39070,1843
39071,1874
39072,1887
39073,1867
39074,1857
39075,1853
39076,1855
39077,1839
39078,1851
39079,1830
39080,1861
39081,1874
39082,1859
39083,1856
39084,1855
39085,1874
39086,1859
39087,1849
39088,1871
39089,1875
39090,1856
39091,1871
39092,1841
39093,1857
39094,1843
39095,1822
39096,1849
39097,1864
39098,1863
39099,1840
39100,1859
39101,1867
39102,1867
39103,1852
39104,1863
39105,1877
39106,1882
39107,1867
39108,1843
39109,1872
39110,1856
39111,1845
39112,1842
39113,1852
39114,1872
39115,1867
39116,1821
39117,1859
39118,1878
39119,1877
39120,1849
39121,1872
39122,1878
39123,1887
39124,1859
39125,1841
39126,1856
39127,1841
39128,1823
39129,1839
39130,1862
39131,1862
39132,1853
39133,1852
39134,1872
39135,1876
39136,1887
39137,1844
39138,1874
39139,1879
39140,1849
39141,1857
39142,1859
39143,1860
39144,1883
39145,1825
39146,1841
39147,1872
39148,1857
39149,1889
39150,1850
39151,1877
39152,1865
39153,1863
39154,1857
39155,1882
39156,1885
39157,1868
39158,1842
39159,1857
39160,1856
39161,1854
39162,1822
39163,1858
39164,1857
39165,1861
39166,1854
39167,1869
39168,1888
39169,1882
39170,1843
39171,1863
39172,1884
39173,1867
39174,1843
39175,1843
39176,1857
39177,1887
39178,1833
39179,1829
39180,1866
39181,1855
39182,1857
39183,1854
39184,1874
39185,1897
39186,1867
39187,1853
39188,1875
39189,1879
39190,1887
39191,1846
39192,1866
39193,1866
39194,1842
39195,1827
39196,1843
39197,1867
39198,1847
39199,1916
39200,1857
39201,1879
39202,1872
39203,1869
39204,1856
39205,1871
39206,1872
39207,1852
39208,1854
39209,1854
39210,1840
39211,1812
39212,1823
39213,1855
39214,1881
39215,1856
39216,1841
39217,1873
39218,1871
39219,1871
39220,1844
39221,1858
39222,1878
39223,1904
39224,1840
39225,1856
39226,1863
39227,1840
39228,1837
39229,1835
39230,1863
39231,1856
39232,1857
39233,1843
39234,1866
39235,1871
39236,1866
39237,1856
39238,1872
39239,1875
39240,1856
39241,1840
39242,1847
39243,1853
39244,1856
39245,1853
39246,1840
39247,1870
39248,1861
39249,1856
39250,1865
39251,1876
39252,1872
39253,1862
39254,1856
39255,1882
39256,1903
39257,1861
39258,1858
39259,1863
39260,1858
39261,1841
39262,1825
39263,1858
39264,1867
39265,1856
39266,1840
39267,1857
39268,1863
39269,1902
39270,1872
39271,1860
39272,1887
39273,1887
39274,1872
39275,1852
39276,1867
39277,1851
39278,1834
39279,1838
39280,1859
39281,1872
39282,1843
39283,1850
39284,1875
39285,1867
39286,1898
39287,1858
39288,1878
39289,1873
39290,1879
39291,1829
39292,1843
39293,1861
39294,1863
39295,1824
39296,1834
39297,1867
39298,1863
39299,1904
39300,1867
39301,1875
39302,1874
39303,1870
39304,1866
39305,1875
39306,1878
39307,1868
39308,1839
39309,1862
39310,1867
39311,1830
39312,1837
39313,1857
39314,1861
39315,1863
39316,1856
39317,1873
39318,1856
39319,1871
39320,1871
39321,1866
39322,1874
39323,1860
39324,1829
39325,1840
39326,1868
39327,1842
39328,1829
39329,1830
39330,1854
39331,1849
39332,1872
39333,1855
39334,1868
39335,1879
39336,1899
39337,1854
39338,1874
39339,1875
39340,1856
39341,1830
39342,1862
39343,1843
39344,1840
39345,1806
39346,1843
39347,1875
39348,1879
39349,1858
39350,1856
39351,1877
39352,1856
39353,1843
39354,1856
39355,1874
39356,1877
39357,1866
39358,1840
39359,1864
39360,1851
39361,1859
39362,1824
39363,1859
39364,1867
39365,1847
39366,1845
39367,1893
39368,1874
39369,1893
39370,1876
39371,1876
39372,1872
39373,1884
39374,1868
39375,1855
39376,1861
39377,1857
39378,1807
39379,1835
39380,1863
39381,1874
39382,1855
39383,1857
39384,1873
39385,1866
39386,1872
39387,1847
39388,1877
39389,1897
39390,1893
39391,1835
39392,1853
39393,1859
39394,1856
39395,1808
39396,1838
39397,1865
39398,1904
39399,1873
39400,1870
39401,1887
39402,1883
39403,1868
39404,1870
39405,1875
39406,1886
39407,1856
39408,1840
39409,1865
39410,1858
39411,1856
39412,1828
39413,1858
39414,1869
39415,1834
39416,1831
39417,1858
39418,1870
39419,1867
39420,1827
39421,1867
39422,1874
39423,1883
39424,1830
39425,1853
39426,1847
39427,1868
39428,1827
39429,1835
39430,1856
39431,1904
39432,1846
39433,1851
39434,1872
39435,1904
39436,1873
39437,1857
39438,1873
39439,1897
39440,1874
39441,1847
39442,1846
39443,1858
39444,1863
39445,1824
39446,1833
39447,1863
39448,1868
39449,1891
39450,1846
39451,1874
39452,1889
39453,1871
39454,1866
39455,1882
39456,1880
39457,1851
39458,1840
39459,1872
39460,1877
39461,1846
39462,1827
39463,1857
39464,1878
39465,1856
39466,1862
39467,1867
39468,1890
39469,1863
39470,1873
39471,1872
39472,1877
39473,1890
39474,1808
39475,1839
39476,1847
39477,1857
39478,1829
39479,1840
39480,1863
39481,1867
39482,1867
39483,1855
39484,1883
39485,1873
39486,1862
39487,1853
39488,1876
39489,1895
39490,1871
39491,1858
39492,1862
39493,1854
39494,1840
39495,1833
39496,1845
39497,1872
39498,1882
39499,1825
39500,1866
39501,1885
39502,1887
39503,1863
39504,1856
39505,1869
39506,1892
39507,1860
39508,1838
39509,1872
39510,1853
39511,1802
39512,1829
39513,1861
39514,1886
39515,1861
39516,1842
39517,1872
39518,323
39519,1508
39520,2066
39521,2160
39522,2293
39523,2381
39524,2401
39525,2229
39526,2076
39527,1899
39528,1892
39529,1750
39530,1594
39531,1584
39532,1584
39533,1710
39534,1775
39535,1835
39536,1857
39537,1865
39538,1897
39539,1898
39540,1875
39541,1867
39542,1870
39543,1864
39544,1831
39545,1785
39546,1805
39547,1822
39548,1840
39549,976
39550,1232
39551,2015
39552,2173
39553,2303
39554,2416
39555,2384
39556,2293
39557,1910
39558,1855
39559,1851
39560,1637
39561,1526
39562,1573
39563,1728
39564,1809
39565,1862
39566,1856
39567,1898
39568,1920
39569,1926
39570,1879
39571,1890
39572,1877
39573,1857
39574,1839
39575,1842
39576,1839
39577,1857
39578,1826
39579,1828
39580,2010
39581,1135
39582,1997
39583,2124
39584,2279
39585,2353
39586,2286
39587,2016
39588,1847
39589,1993
39590,1870
39591,1664
39592,1616
39593,1742
39594,1807
39595,1827
39596,1881
39597,1904
39598,1903
39599,1905
39600,1891
39601,1890
39602,1867
39603,1842
39604,1838
39605,1850
39606,1851
39607,1827
39608,1827
39609,1841
39610,1852
39611,2377
39612,1006
39613,1953
39614,2112
39615,2128
39616,2091
39617,2000
39618,1815
39619,2074
39620,2182
39621,1991
39622,1820
39623,1796
39624,1838
39625,1865
39626,1901
39627,1894
39628,1887
39629,1874
39630,1902
39631,1889
39632,1831
39633,1826
39634,1834
39635,1851
39636,1825
39637,1814
39638,1840
39639,1843
39640,1863
39641,1839
39642,2586
39643,816
39644,1916
39645,2087
39646,2231
39647,2210
39648,2110
39649,1950
39650,1980
39651,2037
39652,1868
39653,1764
39654,1769
39655,1846
39656,1873
39657,1841
39658,1879
39659,1904
39660,1903
39661,1891
39662,1843
39663,1856
39664,1847
39665,1808
39666,1824
39667,1837
39668,1830
39669,1833
39670,1833
39671,1865
39672,1872
39673,2231
39674,535
39675,1859
39676,2198
39677,2412
39678,2403
39679,2305
39680,2071
39681,1802
39682,1773
39683,1642
39684,1616
39685,1680
39686,1776
39687,1842
39688,1908
39689,1943
39690,1917
39691,1855
39692,1891
39693,1866
39694,1835
39695,1808
39696,1823
39697,1847
39698,1850
39699,1854
39700,1857
39701,1872
39702,1886
39703,1841
39704,1874
39705,260
39706,1862
39707,2212
39708,2559
39709,2663
39710,2624
39711,2250
39712,1818
39713,1719
39714,1461
39715,1357
39716,1410
39717,1584
39718,1728
39719,1842
39720,1905
39721,1909
39722,1913
39723,1901
39724,1893
39725,1840
39726,1838
39727,1847
39728,1840
39729,1827
39730,1854
39731,1867
39732,1862
39733,1863
39734,1893
39735,1897
39736,211
39737,1790
39738,2481
39739,3227
39740,3339
39741,2960
39742,2275
39743,1763
39744,1389
39745,999
39746,879
39747,1073
39748,1351
39749,1681
39750,1808
39751,1877
39752,1899
39753,1888
39754,1882
39755,1891
39756,1873
39757,1856
39758,1857
39759,1871
39760,1866
39761,1861
39762,1851
39763,1889
39764,1907
39765,1898
39766,1879
39767,0
39768,1731
39769,2661
39770,3702
39771,3395
39772,3149
39773,2911
39774,2125
39775,1163
39776,464
39777,237
39778,453
39779,1090
39780,1600
39781,1793
39782,1887
39783,1880
39784,1909
39785,1910
39786,1957
39787,1968
39788,1955
39789,1920
39790,1871
39791,1872
39792,1870
39793,1858
39794,1906
39795,1894
39796,1917
39797,1957
39798,0
39799,1556
39800,2656
39801,3862
39802,3490
39803,3225
39804,2960
39805,1930
39806,1076
39807,400
39808,78
39809,484
39810,1238
39811,1667
39812,1815
39813,1910
39814,1962
39815,1974
39816,1935
39817,1936
39818,1948
39819,1979
39820,1914
39821,1910
39822,1901
39823,1897
39824,1950
39825,1986
39826,1975
39827,1968
39828,1943
39829,278
39830,1562
39831,2477
39832,3742
39833,3504
39834,3154
39835,2983
39836,1936
39837,942
39838,213
39839,0
39840,599
39841,1345
39842,1728
39843,1874
39844,1929
39845,1929
39846,1939
39847,1958
39848,1963
39849,1921
39850,1954
39851,1957
39852,1954
39853,1951
39854,1965
39855,1984
39856,1947
39857,1933
39858,1933
39859,1947
39860,851
39861,1301
39862,2285
39863,3760
39864,3511
39865,3206
39866,2954
39867,1776
39868,913
39869,256
39870,38
39871,747
39872,1456
39873,1770
39874,1910
39875,1936
39876,1962
39877,1977
39878,1927
39879,1926
39880,1961
39881,1951
39882,1966
39883,1936
39884,1969
39885,1962
39886,1946
39887,1943
39888,1968
39889,1979
39890,1945
39891,1145
39892,1318
39893,2289
39894,3698
39895,3511
39896,3218
39897,2961
39898,1627
39899,831
39900,146
39901,176
39902,912
39903,1503
39904,1793
39905,1915
39906,1977
39907,1971
39908,1935
39909,1934
39910,1935
39911,1931
39912,1919
39913,1956
39914,1939
39915,1854
39916,1838
39917,1966
39918,2017
39919,2027
39920,1982
39921,1973
39922,2507
39923,979
39924,2087
39925,3600
39926,3526
39927,3248
39928,2975
39929,1826
39930,665
39931,6
39932,131
39933,930
39934,1515
39935,1830
39936,1923
39937,1939
39938,1975
39939,1974
39940,1947
39941,1922
39942,1936
39943,1966
39944,1950
39945,1936
39946,1940
39947,1952
39948,1950
39949,1941
39950,1953
39951,1968
39952,1958
39953,2671
39954,894
39955,2098
39956,3674
39957,3562
39958,3249
39959,3006
39960,1759
39961,681
39962,0
39963,133
39964,949
39965,1520
39966,1772
39967,1897
39968,1965
39969,1950
39970,1966
39971,1963
39972,1979
39973,2007
39974,2014
39975,1972
39976,1939
39977,1971
39978,1921
39979,1923
39980,1951
39981,1963
39982,1947
39983,1936
39984,2501
39985,708
39986,1986
39987,3477
39988,3637
39989,3329
39990,3062
39991,1996
39992,764
39993,14
39994,195
39995,914
39996,1522
39997,1802
39998,1902
39999,1950
40000,1940
40001,1964
40002,1957
40003,1943
40004,1946
40005,1968
40006,1989
40007,1957
40008,1950
40009,1951
40010,1951
40011,1935
40012,1918
40013,1942
40014,1951
40015,1982
40016,337
40017,1904
40018,3273
40019,3731
40020,3367
40021,3088
40022,1974
40023,858
40024,195
40025,209
40026,917
40027,1438
40028,1715
40029,1857
40030,1931
40031,1953
40032,1919
40033,1929
40034,1961
40035,1971
40036,1951
40037,1947
40038,1967
40039,1982
40040,1938
40041,1930
40042,1946
40043,1950
40044,1910
40045,1894
40046,1920
40047,256
40048,1872
40049,3125
40050,3723
40051,3358
40052,3085
40053,2030
40054,807
40055,165
40056,179
40057,913
40058,1472
40059,1771
40060,1888
40061,1921
40062,1920
40063,1936
40064,1958
40065,1969
40066,2012
40067,2067
40068,2099
40069,2096
40070,1886
40071,1801
40072,1874
40073,1913
40074,1859
40075,1893
40076,1914
40077,1912
40078,68
40079,1751
40080,2778
40081,3727
40082,3407
40083,3134
40084,2318
40085,923
40086,223
40087,132
40088,837
40089,1461
40090,1730
40091,1844
40092,1913
40093,1931
40094,1919
40095,1909
40096,1941
40097,1967
40098,1962
40099,1950
40100,1967
40101,1979
40102,1986
40103,1967
40104,1933
40105,1914
40106,1936
40107,1920
40108,1903
40109,0
40110,1675
40111,2520
40112,3774
40113,3471
40114,3188
40115,2537
40116,1095
40117,281
40118,118
40119,837
40120,1363
40121,1714
40122,1874
40123,1923
40124,1917
40125,1921
40126,1920
40127,1937
40128,1938
40129,1981
40130,2095
40131,2128
40132,2011
40133,1809
40134,1814
40135,1866
40136,1897
40137,1904
40138,1927
40139,1920
40140,1921
40141,1894
40142,1918
40143,1919
40144,1904
40145,1872
40146,1877
40147,1899
40148,1883
40149,1856
40150,1883
40151,1890
40152,1913
40153,1882
40154,1868
40155,1872
40156,1903
40157,1867
40158,1845
40159,1870
40160,1853
40161,1851
40162,1837
40163,1870
40164,1871
40165,1841
40166,1859
40167,1866
40168,1875
40169,1870
40170,1850
40171,1868
40172,1881
40173,1851
40174,1872
40175,1849
40176,1853
40177,1854
40178,1810
40179,1838
40180,1862
40181,1863
40182,1858
40183,1856
40184,1889
40185,1871
40186,1864
40187,1853
40188,1872
40189,1869
40190,1853
40191,1842
40192,1865
40193,1857
40194,1811
40195,1823
40196,1847
40197,1872
40198,1875
40199,1892
40200,1866
40201,1866
40202,1887
40203,1873
40204,1870
40205,1880
40206,1872
40207,1856
40208,1840
40209,1854
40210,1837
40211,1853
40212,1830
40213,1856
40214,1872
40215,1878
40216,1847
40217,1882
40218,1886
40219,1873
40220,1855
40221,1857
40222,1871
40223,1861
40224,1868
40225,1840
40226,1853
40227,1840
40228,1854
40229,1839
40230,1852
40231,1854
40232,1850
40233,1856
40234,1874
40235,1862
40236,1888
40237,1856
40238,1885
40239,1899
40240,1885
40241,1837
40242,1849
40243,1850
40244,1871
40245,1839
40246,1878
40247,1895
40248,1894
40249,1839
40250,1866
40251,1869
40252,1824
40253,1841
40254,1840
40255,1862
40256,1863
40257,1879
40258,1843
40259,1866
40260,1872
40261,1842
40262,1827
40263,1856
40264,1847
40265,1855
40266,1847
40267,1858
40268,1864
40269,1904
40270,1863
40271,1887
40272,1904
40273,1877
40274,1881
40275,1900
40276,1886
40277,1850
40278,1845
40279,1822
40280,1837
40281,1824
40282,1830
40283,1840
40284,1863
40285,1877
40286,1856
40287,1859
40288,1872
40289,1888
40290,1865
40291,1861
40292,1864
40293,1871
40294,1877
40295,1831
40296,1851
40297,1871
40298,1855
40299,1841
40300,1854
40301,1868
40302,1875
40303,1884
40304,1877
40305,1888
40306,1877
40307,1861
40308,1850
40309,1872
40310,1859
40311,1842
40312,1840
40313,1866
40314,1871
40315,1855
40316,1841
40317,1857
40318,1859
40319,1868
40320,1878
40321,1872
40322,1878
40323,1887
40324,1870
40325,1848
40326,1859
40327,1855
40328,1834
40329,1845
40330,1858
40331,1873
40332,1838
40333,1857
40334,1872
40335,1862
40336,1839
40337,1859
40338,1877
40339,1873
40340,1861
40341,1840
40342,1869
40343,1875
40344,1830
40345,1829
40346,1853
40347,1856
40348,1862
40349,1859
40350,1847
40351,1862
40352,1871
40353,1865
40354,1861
40355,1876
40356,1898
40357,1891
40358,1846
40359,1853
40360,1847
40361,1807
40362,1831
40363,1866
40364,1901
40365,1877
40366,1868
40367,1861
40368,1888
40369,1859
40370,1839
40371,1867
40372,1872
40373,1851
40374,1836
40375,1847
40376,1859
40377,1871
40378,1811
40379,1853
40380,1875
40381,1873
40382,1830
40383,1850
40384,1879
40385,1862
40386,1867
40387,1856
40388,1871
40389,1877
40390,1872
40391,1845
40392,1854
40393,1864
40394,1825
40395,1815
40396,1850
40397,1861
40398,1875
40399,1889
40400,1860
40401,1872
40402,1886
40403,1857
40404,1856
40405,1869
40406,1868
40407,1827
40408,1829
40409,1857
40410,1838
40411,1859
40412,1834
40413,1865
40414,1875
40415,1842
40416,1856
40417,1877
40418,1872
40419,1878
40420,1850
40421,1860
40422,1875
40423,1904
40424,1841
40425,1863
40426,1847
40427,1846
40428,1840
40429,1841
40430,1872
40431,1861
40432,1833
40433,1859
40434,1874
40435,1863
40436,1861
40437,1853
40438,1872
40439,1886
40440,1857
40441,1834
40442,1854
40443,1842
40444,1831
40445,1815
40446,1846
40447,1863
40448,1855
40449,1866
40450,1858
40451,1881
40452,1909
40453,1872
40454,1866
40455,1888
40456,1888
40457,1867
40458,1840
40459,1863
40460,1866
40461,1815
40462,1831
40463,1856
40464,1840
40465,1826
40466,1844
40467,1854
40468,1857
40469,1854
40470,1852
40471,1862
40472,1868
40473,1867
40474,1862
40475,1851
40476,1851
40477,1839
40478,1803
40479,1840
40480,1863
40481,1871
40482,1882
40483,1858
40484,1882
40485,1885
40486,1872
40487,1859
40488,1883
40489,1908
40490,1869
40491,1859
40492,1872
40493,1855
40494,1840
40495,1827
40496,1856
40497,1872
40498,1853
40499,1872
40500,1875
40501,1883
40502,1861
40503,1856
40504,1872
40505,1888
40506,1885
40507,1837
40508,1847
40509,1863
40510,1860
40511,1846
40512,1822
40513,1859
40514,1876
40515,1858
40516,1840
40517,1867
40518,1882
40519,1878
40520,1843
40521,1859
40522,1872
40523,1850
40524,1840
40525,1838
40526,1859
40527,1841
40528,1856
40529,1838
40530,1850
40531,1847
40532,1826
40533,1862
40534,1874
40535,1873
40536,1871
40537,1852
40538,1875
40539,1886
40540,1857
40541,1847
40542,1871
40543,1849
40544,1844
40545,1824
40546,1860
40547,1858
40548,1850
40549,1849
40550,1861
40551,1871
40552,1856
40553,1846
40554,1860
40555,1872
40556,1891
40557,1877
40558,1840
40559,1861
40560,1882
40561,1871
40562,1831
40563,1861
40564,1877
40565,1853
40566,1852
40567,1872
40568,1888
40569,1866
40570,1862
40571,1883
40572,1887
40573,1882
40574,1834
40575,1855
40576,1861
40577,1857
40578,1823
40579,1841
40580,1856
40581,1846
40582,1827
40583,1855
40584,1859
40585,1890
40586,1864
40587,1856
40588,1875
40589,1877
40590,1867
40591,1854
40592,1868
40593,1859
40594,1842
40595,1840
40596,1856
40597,1867
40598,1866
40599,1877
40600,1875
40601,1882
40602,1872
40603,1846
40604,1873
40605,1882
40606,1867
40607,1856
40608,1846
40609,1872
40610,1861
40611,1840
40612,1834
40613,1865
40614,1863
40615,1841
40616,1844
40617,1872
40618,1872
40619,1851
40620,1865
40621,1877
40622,1879
40623,1879
40624,1862
40625,1860
40626,1859
40627,1851
40628,1808
40629,1853
40630,1873
40631,1861
40632,1859
40633,1858
40634,1873
40635,1887
40636,1870
40637,1855
40638,1878
40639,1868
40640,1840
40641,1843
40642,1863
40643,1874
40644,1871
40645,1817
40646,1851
40647,1871
40648,1850
40649,1882
40650,1856
40651,1863
40652,1879
40653,1851
40654,1867
40655,1885
40656,1894
40657,1869
40658,1857
40659,1867
40660,1867
40661,1842
40662,1831
40663,1866
40664,1867
40665,1854
40666,1854
40667,1868
40668,1870
40669,1887
40670,1852
40671,1877
40672,1895
40673,1851
40674,1826
40675,1857
40676,1843
40677,1856
40678,1835
40679,1857
40680,1872
40681,1869
40682,1834
40683,1857
40684,1873
40685,1881
40686,1863
40687,1861
40688,1877
40689,1889
40690,1877
40691,1840
40692,1863
40693,1867
40694,1851
40695,1821
40696,1856
40697,1885
40698,1861
40699,1842
40700,1867
40701,1872
40702,1871
40703,1860
40704,1859
40705,1872
40706,1867
40707,1866
40708,1840
40709,1865
40710,1874
40711,1853
40712,1833
40713,1861
40714,1859
40715,1840
40716,1841
40717,1877
40718,1879
40719,1887
40720,1844
40721,1874
40722,1878
40723,1888
40724,1856
40725,1859
40726,1867
40727,1840
40728,1841
40729,1851
40730,1867
40731,1878
40732,1851
40733,1862
40734,1872
40735,1872
40736,1860
40737,1856
40738,1872
40739,1847
40740,1845
40741,1843
40742,1856
40743,1859
40744,1867
40745,1824
40746,1860
40747,1863
40748,1855
40749,1853
40750,1879
40751,1872
40752,1866
40753,1851
40754,1865
40755,1886
40756,1907
40757,1867
40758,1850
40759,1861
40760,1865
40761,1847
40762,1839
40763,1863
40764,1849
40765,1837
40766,1837
40767,1872
40768,1865
40769,1850
40770,1855
40771,1873
40772,1889
40773,1863
40774,1863
40775,1860
40776,1860
40777,1835
40778,1840
40779,1840
40780,1860
40781,1872
40782,1853
40783,1856
40784,1881
40785,1882
40786,1865
40787,1863
40788,1884
40789,1872
40790,1862
40791,1840
40792,1863
40793,1855
40794,1824
40795,1823
40796,1850
40797,1869
40798,1867
40799,1844
40800,1879
40801,1877
40802,1866
40803,1870
40804,1872
40805,1877
40806,1902
40807,1861
40808,1843
40809,1859
40810,1859
40811,1840
40812,1831
40813,1860
40814,1851
40815,1846
40816,1846
40817,1887
40818,1867
40819,1858
40820,1872
40821,1870
40822,1876
40823,1867
40824,1841
40825,1849
40826,1845
40827,1830
40828,1825
40829,1837
40830,1861
40831,1850
40832,1866
40833,1855
40834,1879
40835,1870
40836,1847
40837,1866
40838,1875
40839,1874
40840,1847
40841,1850
40842,1851
40843,1862
40844,1811
40845,1835
40846,1855
40847,1870
40848,1851
40849,1869
40850,1869
40851,1881
40852,1888
40853,1866
40854,1863
40855,1869
40856,1872
40857,1856
40858,1851
40859,1863
40860,1848
40861,1853
40862,1831
40863,1862
40864,1846
40865,1856
40866,1846
40867,1886
40868,1879
40869,1856
40870,1859
40871,1876
40872,1888
40873,1871
40874,1850
40875,1861
40876,1872
40877,1878
40878,1842
40879,1849
40880,1870
40881,1861
40882,1850
40883,1851
40884,1872
40885,1877
40886,1873
40887,1858
40888,1875
40889,1875
40890,1858
40891,1861
40892,1858
40893,1871
40894,1850
40895,1822
40896,1856
40897,1874
40898,1857
40899,1855
40900,1874
40901,1891
40902,1846
40903,1845
40904,1871
40905,1884
40906,1872
40907,1866
40908,1859
40909,1870
40910,1853
40911,1846
40912,1836
40913,1863
40914,1861
40915,1834
40916,1841
40917,1883
40918,1853
40919,1863
40920,1850
40921,1872
40922,1888
40923,1872
40924,1841
40925,1865
40926,1858
40927,1871
40928,1822
40929,1856
40930,1871
40931,1889
40932,1837
40933,1856
40934,1887
40935,1881
40936,1883
40937,1857
40938,1881
40939,1901
40940,1880
40941,1842
40942,1863
40943,1872
40944,1834
40945,1812
40946,1852
40947,1871
40948,1842
40949,1838
40950,1856
40951,1875
40952,1862
40953,1837
40954,1878
40955,1878
40956,1872
40957,1857
40958,1844
40959,1872
40960,1854
40961,1838
40962,1827
40963,1859
40964,1862
40965,1858
40966,1841
40967,1875
40968,1867
40969,1855
40970,1857
40971,1876
40972,1878
40973,1867
40974,1851
40975,1845
40976,1847
40977,1843
40978,1833
40979,1841
40980,1862
40981,1860
40982,1853
40983,1859
40984,1887
40985,1869
40986,1871
40987,1858
40988,1882
40989,1891
40990,1873
40991,1850
40992,1863
40993,1851
40994,1845
40995,1834
40996,1863
40997,1871
40998,1873
40999,1840
41000,1873
41001,1871
41002,1902
41003,1869
41004,1858
41005,1876
41006,1873
41007,1857
41008,1844
41009,1861
41010,1843
41011,1836
41012,1834
41013,1862
41014,1859
41015,1846
41016,1855
41017,1889
41018,1901
41019,1850
41020,1857
41021,1873
41022,1885
41023,1874
41024,1856
41025,1846
41026,1859
41027,1887
41028,1815
41029,1849
41030,1867
41031,1882
41032,1879
41033,1863
41034,1878
41035,1893
41036,1839
41037,1857
41038,1873
41039,1874
41040,1871
41041,1843
41042,1863
41043,1848
41044,1850
41045,1834
41046,1857
41047,1869
41048,1863
41049,1834
41050,1866
41051,1888
41052,1872
41053,1868
41054,1873
41055,1878
41056,1872
41057,1837
41058,1845
41059,1856
41060,1843
41061,1840
41062,1838
41063,1865
41064,1863
41065,1872
41066,1841
41067,1878
41068,1876
41069,1882
41070,1854
41071,1874
41072,1873
41073,1879
41074,1862
41075,1859
41076,1869
41077,1840
41078,1824
41079,1855
41080,1872
41081,1885
41082,1845
41083,1858
41084,1872
41085,1877
41086,1851
41087,1865
41088,1882
41089,1888
41090,1859
41091,1842
41092,1863
41093,1862
41094,1840
41095,1827
41096,1853
41097,1870
41098,1854
41099,1831
41100,1877
41101,1882
41102,1875
41103,1847
41104,1872
41105,1874
41106,1904
41107,1809
41108,1845
41109,1855
41110,1865
41111,1853
41112,1832
41113,1859
41114,1872
41115,1864
41116,1849
41117,1872
41118,1879
41119,1869
41120,1855
41121,1870
41122,1875
41123,1861
41124,1855
41125,1857
41126,1869
41127,1842
41128,1830
41129,1839
41130,1864
41131,1839
41132,1862
41133,1849
41134,1856
41135,0
41136,1595
41137,2082
41138,2171
41139,2334
41140,2325
41141,2225
41142,2057
41143,1840
41144,1761
41145,1929
41146,1921
41147,1769
41148,1664
41149,1697
41150,1776
41151,1840
41152,1855
41153,1856
41154,1890
41155,1923
41156,1937
41157,1869
41158,1853
41159,1854
41160,1826
41161,1798
41162,1774
41163,1811
41164,1836
41165,1833
41166,464
41167,1399
41168,2035
41169,2150
41170,2339
41171,2435
41172,2295
41173,2053
41174,1694
41175,1714
41176,1847
41177,1775
41178,1639
41179,1659
41180,1775
41181,1846
41182,1875
41183,1902
41184,1909
41185,1905
41186,1859
41187,1859
41188,1861
41189,1894
41190,1839
41191,1847
41192,1880
41193,1874
41194,1878
41195,1826
41196,1857
41197,1261
41198,1164
41199,1988
41200,2243
41201,2559
41202,2731
41203,2537
41204,2160
41205,1615
41206,1632
41207,1665
41208,1569
41209,1463
41210,1568
41211,1679
41212,1791
41213,1874
41214,1926
41215,1904
41216,1885
41217,1922
41218,1885
41219,1924
41220,1866
41221,1871
41222,1874
41223,1857
41224,1813
41225,1846
41226,1852
41227,1847
41228,2182
41229,1081
41230,1990
41231,2261
41232,2416
41233,2613
41234,2538
41235,2067
41236,1616
41237,1785
41238,1817
41239,1614
41240,1483
41241,1535
41242,1718
41243,1837
41244,1869
41245,1877
41246,1904
41247,1936
41248,1962
41249,1926
41250,1913
41251,1927
41252,1906
41253,1858
41254,1792
41255,1786
41256,1774
41257,1834
41258,1841
41259,2534
41260,951
41261,1930
41262,2275
41263,2725
41264,2925
41265,2652
41266,1968
41267,1682
41268,1754
41269,1638
41270,1333
41271,1322
41272,1471
41273,1690
41274,1800
41275,1878
41276,1906
41277,1901
41278,1926
41279,1909
41280,1909
41281,1904
41282,1887
41283,1870
41284,1840
41285,1793
41286,1861
41287,1854
41288,1876
41289,1886
41290,2329
41291,638
41292,1934
41293,2314
41294,2842
41295,3053
41296,2736
41297,1894
41298,1727
41299,1727
41300,1475
41301,1267
41302,1258
41303,1396
41304,1659
41305,1838
41306,1906
41307,1895
41308,1900
41309,1906
41310,1886
41311,1880
41312,1863
41313,1893
41314,1883
41315,1892
41316,1857
41317,1872
41318,1866
41319,1926
41320,1884
41321,1997
41322,411
41323,1904
41324,2512
41325,3329
41326,3420
41327,2806
41328,1851
41329,1645
41330,1506
41331,1194
41332,1011
41333,1023
41334,1328
41335,1653
41336,1797
41337,1869
41338,1901
41339,1927
41340,1889
41341,1898
41342,1904
41343,1893
41344,1871
41345,1846
41346,1870
41347,1857
41348,1845
41349,1861
41350,1887
41351,1890
41352,1920
41353,158
41354,1858
41355,2737
41356,3632
41357,3407
41358,3137
41359,2628
41360,1766
41361,1281
41362,796
41363,497
41364,640
41365,1153
41366,1578
41367,1796
41368,1859
41369,1904
41370,1893
41371,1922
41372,1920
41373,1903
41374,1890
41375,1877
41376,1893
41377,1874
41378,1863
41379,1907
41380,1906
41381,1915
41382,1950
41383,1917
41384,48
41385,1808
41386,2672
41387,3716
41388,3440
41389,3189
41390,2832
41391,1812
41392,1200
41393,649
41394,188
41395,606
41396,1295
41397,1664
41398,1797
41399,1875
41400,1919
41401,1932
41402,1916
41403,1914
41404,1904
41405,1925
41406,1941
41407,1920
41408,1897
41409,1908
41410,1916
41411,1893
41412,1904
41413,1930
41414,1935
41415,0
41416,1723
41417,2723
41418,3769
41419,3447
41420,3152
41421,2767
41422,1700
41423,1118
41424,464
41425,144
41426,752
41427,1347
41428,1680
41429,1830
41430,1909
41431,1904
41432,1945
41433,1935
41434,1935
41435,1942
41436,1951
41437,1947
41438,1955
41439,1966
41440,1908
41441,1919
41442,1904
41443,1903
41444,1936
41445,1895
41446,18
41447,1658
41448,2423
41449,3660
41450,3517
41451,3187
41452,2831
41453,1651
41454,1166
41455,452
41456,245
41457,882
41458,1409
41459,1757
41460,1861
41461,1897
41462,1917
41463,1936
41464,1917
41465,1915
41466,1894
41467,1920
41468,1937
41469,1927
41470,1887
41471,1902
41472,1949
41473,1971
41474,1946
41475,1937
41476,1917
41477,148
41478,1383
41479,2325
41480,3671
41481,3561
41482,3210
41483,2736
41484,1600
41485,1163
41486,451
41487,426
41488,1013
41489,1505
41490,1759
41491,1840
41492,1920
41493,1931
41494,1916
41495,1886
41496,1907
41497,1925
41498,1919
41499,1911
41500,1952
41501,1941
41502,1902
41503,1904
41504,1920
41505,1941
41506,1943
41507,1904
41508,629
41509,1401
41510,2259
41511,3543
41512,3490
41513,3216
41514,2883
41515,1593
41516,1073
41517,263
41518,279
41519,1088
41520,1517
41521,1796
41522,1909
41523,1933
41524,1925
41525,1920
41526,1919
41527,1905
41528,1877
41529,1904
41530,1941
41531,1959
41532,1920
41533,1931
41534,1939
41535,1931
41536,1920
41537,1931
41538,1954
41539,1910
41540,1072
41541,2103
41542,3489
41543,3600
41544,3276
41545,3023
41546,1680
41547,1085
41548,208
41549,294
41550,1008
41551,1535
41552,1767
41553,1875
41554,1941
41555,1947
41556,1938
41557,1915
41558,1923
41559,1941
41560,1936
41561,1889
41562,1904
41563,1930
41564,1936
41565,1911
41566,1922
41567,1951
41568,1927
41569,1920
41570,2334
41571,1092
41572,2111
41573,3393
41574,3581
41575,3248
41576,2992
41577,1846
41578,960
41579,147
41580,307
41581,1023
41582,1535
41583,1793
41584,1894
41585,1963
41586,1902
41587,1922
41588,1925
41589,1931
41590,1897
41591,1918
41592,1963
41593,1949
41594,1936
41595,1889
41596,1927
41597,1939
41598,1911
41599,1903
41600,1933
41601,2501
41602,701
41603,1995
41604,3312
41605,3646
41606,3294
41607,3055
41608,1981
41609,965
41610,154
41611,187
41612,963
41613,1507
41614,1783
41615,1866
41616,1906
41617,1934
41618,1920
41619,1929
41620,1910
41621,1939
41622,1951
41623,1948
41624,1922
41625,1932
41626,1949
41627,1941
41628,1927
41629,1936
41630,1945
41631,1926
41632,2334
41633,635
41634,1985
41635,3136
41636,3657
41637,3311
41638,3052
41639,2021
41640,1004
41641,221
41642,229
41643,979
41644,1477
41645,1739
41646,1871
41647,1931
41648,1921
41649,1906
41650,1935
41651,1939
41652,1937
41653,1927
41654,1941
41655,1947
41656,1945
41657,1920
41658,1927
41659,1937
41660,1943
41661,1908
41662,1907
41663,2029
41664,355
41665,1879
41666,2903
41667,3687
41668,3319
41669,3122
41670,2254
41671,1007
41672,219
41673,292
41674,997
41675,1494
41676,1760
41677,1867
41678,1875
41679,1914
41680,1911
41681,1917
41682,1914
41683,1953
41684,1990
41685,1967
41686,1904
41687,1935
41688,1936
41689,1917
41690,1938
41691,1943
41692,1946
41693,1948
41694,1885
41695,64
41696,1836
41697,2734
41698,3647
41699,3367
41700,3117
41701,2466
41702,1127
41703,271
41704,237
41705,900
41706,1408
41707,1713
41708,1835
41709,1898
41710,1921
41711,1894
41712,1904
41713,1920
41714,1949
41715,1919
41716,1872
41717,1943
41718,1988
41719,1975
41720,1936
41721,1947
41722,1957
41723,1933
41724,1908
41725,1904
41726,0
41727,1681
41728,2483
41729,3659
41730,3420
41731,3155
41732,2720
41733,1196
41734,343
41735,211
41736,832
41737,1389
41738,1739
41739,1872
41740,1892
41741,1903
41742,1921
41743,1921
41744,1891
41745,1899
41746,1930
41747,1937
41748,1967
41749,1952
41750,1948
41751,1947
41752,1938
41753,1946
41754,1932
41755,1933
41756,1930
41757,1915
41758,1914
41759,1927
41760,1895
41761,1887
41762,1871
41763,1889
41764,1887
41765,1841
41766,1859
41767,1888
41768,1854
41769,1879
41770,1871
41771,1891
41772,1883
41773,1867
41774,1846
41775,1856
41776,1855
41777,1840
41778,1827
41779,1867
41780,1872
41781,1877
41782,1845
41783,1869
41784,1870
41785,1889
41786,1829
41787,1863
41788,1883
41789,1895
41790,1840
41791,1858
41792,1872
41793,1841
41794,1859
41795,1825
41796,1840
41797,1845
41798,1832
41799,1827
41800,1854
41801,1885
41802,1885
41803,1871
41804,1861
41805,1872
41806,1862
41807,1865
41808,1857
41809,1857
41810,1856
41811,1827
41812,1839
41813,1863
41814,1849
41815,1850
41816,1844
41817,1869
41818,1856
41819,1872
41820,1850
41821,1877
41822,1889
41823,1872
41824,1841
41825,1854
41826,1860
41827,1872
41828,1824
41829,1858
41830,1858
41831,1854
41832,1841
41833,1859
41834,1879
41835,1856
41836,1857
41837,1856
41838,1885
41839,1873
41840,1850
41841,1847
41842,1863
41843,1845
41844,1795
41845,1821
41846,1849
41847,1853
41848,1851
41849,1850
41850,1856
41851,1868
41852,1845
41853,1874
41854,1871
41855,1883
41856,1867
41857,1845
41858,1847
41859,1858
41860,1883
41861,1840
41862,1836
41863,1869
41864,1859
41865,1840
41866,1851
41867,1871
41868,1859
41869,1853
41870,1852
41871,1872
41872,1885
41873,1877
41874,1846
41875,1863
41876,1871
41877,1834
41878,1853
41879,1856
41880,1856
41881,1868
41882,1887
41883,1868
41884,1877
41885,1837
41886,1862
41887,1863
41888,1872
41889,1882
41890,1872
41891,1847
41892,1846
41893,1840
41894,1856
41895,1833
41896,1856
41897,1867
41898,1857
41899,1843
41900,1861
41901,1879
41902,1856
41903,1861
41904,1861
41905,1873
41906,1872
41907,1838
41908,1840
41909,1873
41910,1855
41911,1826
41912,1840
41913,1876
41914,1866
41915,1825
41916,1856
41917,1875
41918,1845
41919,1830
41920,1849
41921,1873
41922,1900
41923,1845
41924,1841
41925,1857
41926,1863
41927,1834
41928,1821
41929,1840
41930,1858
41931,1884
41932,1867
41933,1861
41934,1875
41935,1868
41936,1837
41937,1861
41938,1874
41939,1875
41940,1856
41941,1840
41942,1871
41943,1869
41944,1840
41945,1835
41946,1859
41947,1873
41948,1902
41949,1839
41950,1860
41951,1864
41952,1884
41953,1849
41954,1866
41955,1884
41956,1904
41957,1872
41958,1856
41959,1855
41960,1858
41961,1843
41962,1845
41963,1867
41964,1872
41965,1841
41966,1847
41967,1872
41968,1861
41969,1858
41970,1853
41971,1873
41972,1879
41973,1881
41974,1858
41975,1863
41976,1868
41977,1862
41978,1825
41979,1855
41980,1872
41981,1872
41982,1866
41983,1867
41984,1873
41985,1872
41986,1855
41987,1867
41988,1872
41989,1883
41990,1851
41991,1840
41992,1859
41993,1862
41994,1819
41995,1825
41996,1854
41997,1865
41998,1854
41999,1839
42000,1874
42001,1874
42002,1840
42003,1866
42004,1879
42005,1873
42006,1872
42007,1857
42008,1855
42009,1865
42010,1863
42011,1826
42012,1841
42013,1859
42014,1879
42015,1864
42016,1851
42017,1857
42018,1873
42019,1872
42020,1858
42021,1874
42022,1890
42023,1853
42024,1845
42025,1854
42026,1841
42027,1826
42028,1802
42029,1842
42030,1859
42031,1873
42032,1869
42033,1853
42034,1873
42035,1858
42036,1858
42037,1862
42038,1871
42039,1869
42040,1863
42041,1846
42042,1855
42043,1842
42044,1841
42045,1840
42046,1871
42047,1867
42048,1831
42049,1856
42050,1873
42051,1877
42052,1873
42053,1870
42054,1872
42055,1873
42056,1859
42057,1875
42058,1862
42059,1867
42060,1856
42061,1837
42062,1841
42063,1868
42064,1863
42065,1872
42066,1856
42067,1863
42068,1861
42069,1892
42070,1856
42071,1875
42072,1874
42073,1861
42074,1869
42075,1852
42076,1870
42077,1836
42078,1831
42079,1861
42080,1877
42081,1865
42082,1839
42083,1859
42084,1872
42085,1877
42086,1856
42087,1856
42088,1874
42089,1870
42090,1882
42091,1847
42092,1856
42093,1862
42094,1856
42095,1835
42096,1859
42097,1850
42098,1854
42099,1851
42100,1873
42101,1875
42102,1871
42103,1856
42104,1869
42105,1874
42106,1863
42107,1841
42108,1856
42109,1867
42110,1835
42111,1840
42112,1840
42113,1863
42114,1840
42115,1863
42116,1850
42117,1859
42118,1866
42119,1866
42120,1845
42121,1874
42122,1885
42123,1866
42124,1856
42125,1854
42126,1867
42127,1881
42128,1847
42129,1858
42130,1871
42131,1880
42132,1847
42133,1865
42134,1863
42135,1872
42136,1865
42137,1867
42138,1872
42139,1877
42140,1846
42141,1849
42142,1869
42143,1845
42144,1846
42145,1826
42146,1853
42147,1863
42148,1844
42149,1837
42150,1856
42151,1853
42152,1858
42153,1840
42154,1872
42155,1874
42156,1887
42157,1826
42158,1858
42159,1844
42160,1890
42161,1834
42162,1847
42163,1866
42164,1889
42165,1862
42166,1856
42167,1883
42168,1872
42169,1872
42170,1856
42171,1877
42172,1877
42173,1877
42174,1846
42175,1847
42176,1851
42177,1839
42178,1838
42179,1856
42180,1867
42181,1863
42182,1836
42183,1863
42184,1869
42185,1869
42186,1866
42187,1857
42188,1869
42189,1875
42190,1861
42191,1843
42192,1863
42193,1840
42194,1857
42195,1825
42196,1863
42197,1867
42198,1841
42199,1855
42200,1881
42201,1872
42202,1874
42203,1857
42204,1863
42205,1877
42206,1860
42207,1845
42208,1843
42209,1869
42210,1837
42211,1826
42212,1841
42213,1855
42214,1894
42215,1856
42216,1857
42217,1872
42218,1878
42219,1870
42220,1847
42221,1873
42222,1879
42223,1867
42224,1857
42225,1855
42226,1857
42227,1847
42228,1840
42229,1862
42230,1879
42231,1873
42232,1858
42233,1871
42234,1872
42235,1866
42236,1856
42237,1865
42238,1871
42239,1863
42240,1843
42241,1843
42242,1870
42243,1869
42244,1834
42245,1828
42246,1863
42247,1858
42248,1851
42249,1846
42250,1886
42251,1878
42252,1909
42253,1862
42254,1865
42255,1882
42256,1904
42257,1859
42258,1842
42259,1857
42260,1859
42261,1822
42262,1836
42263,1862
42264,1853
42265,1871
42266,1856
42267,1874
42268,1871
42269,1874
42270,1861
42271,1883
42272,1887
42273,1872
42274,1851
42275,1861
42276,1866
42277,1839
42278,1840
42279,1862
42280,1875
42281,1878
42282,1837
42283,1867
42284,1875
42285,1887
42286,1857
42287,1872
42288,1885
42289,1871
42290,1830
42291,1854
42292,1857
42293,1869
42294,1837
42295,1830
42296,1855
42297,1872
42298,1855
42299,1845
42300,1873
42301,1878
42302,1893
42303,1847
42304,1872
42305,1873
42306,1872
42307,1850
42308,1857
42309,1854
42310,1846
42311,1846
42312,1840
42313,1863
42314,1871
42315,1859
42316,1853
42317,1871
42318,1871
42319,1873
42320,1854
42321,1869
42322,1863
42323,1870
42324,1841
42325,1855
42326,1853
42327,1832
42328,1819
42329,1840
42330,1858
42331,1861
42332,1899
42333,1858
42334,1878
42335,1888
42336,1869
42337,1872
42338,1881
42339,1881
42340,1856
42341,1851
42342,1862
42343,1879
42344,1849
42345,1831
42346,1858
42347,1872
42348,1856
42349,1850
42350,1881
42351,1877
42352,1871
42353,1855
42354,1867
42355,1868
42356,1892
42357,1849
42358,1846
42359,1856
42360,1853
42361,1822
42362,1839
42363,1871
42364,1859
42365,1872
42366,1855
42367,1883
42368,1871
42369,1872
42370,1855
42371,1877
42372,1901
42373,1863
42374,1841
42375,1858
42376,1861
42377,1872
42378,1823
42379,1857
42380,1872
42381,1879
42382,1845
42383,1865
42384,1890
42385,1856
42386,1857
42387,1870
42388,1879
42389,1871
42390,1846
42391,1856
42392,1859
42393,1854
42394,1843
42395,1829
42396,1859
42397,1872
42398,1854
42399,1843
42400,1883
42401,1874
42402,1868
42403,1876
42404,1871
42405,1880
42406,1863
42407,1866
42408,1856
42409,1852
42410,1834
42411,1813
42412,1838
42413,1863
42414,1861
42415,1852
42416,1843
42417,1891
42418,1869
42419,1854
42420,1854
42421,1872
42422,1882
42423,1869
42424,1842
42425,1851
42426,1868
42427,1840
42428,1815
42429,1861
42430,1879
42431,1866
42432,1839
42433,1863
42434,1903
42435,1873
42436,1863
42437,1862
42438,1877
42439,1900
42440,1846
42441,1849
42442,1857
42443,1855
42444,1840
42445,1824
42446,1855
42447,1861
42448,1842
42449,1845
42450,1875
42451,1878
42452,1853
42453,1866
42454,1872
42455,1876
42456,1859
42457,1872
42458,1856
42459,1869
42460,1859
42461,1840
42462,1842
42463,1856
42464,1866
42465,1847
42466,1858
42467,1879
42468,1861
42469,1867
42470,1859
42471,1879
42472,1886
42473,1847
42474,1840
42475,1857
42476,1859
42477,1808
42478,1831
42479,1850
42480,1865
42481,1869
42482,1845
42483,1872
42484,1877
42485,1894
42486,1862
42487,1862
42488,1878
42489,1877
42490,1856
42491,1847
42492,1853
42493,1851
42494,1807
42495,1834
42496,1863
42497,1858
42498,1853
42499,1840
42500,1872
42501,1869
42502,1882
42503,1839
42504,1858
42505,1871
42506,1858
42507,1848
42508,1845
42509,1859
42510,1868
42511,1838
42512,1840
42513,1860
42514,1858
42515,1842
42516,1854
42517,1873
42518,1874
42519,1853
42520,1850
42521,1879
42522,1885
42523,1868
42524,1840
42525,1856
42526,1846
42527,1870
42528,1843
42529,1849
42530,1865
42531,1856
42532,1825
42533,1872
42534,1870
42535,1855
42536,1851
42537,1867
42538,1870
42539,1878
42540,1856
42541,1845
42542,1861
42543,1850
42544,1823
42545,1834
42546,1863
42547,1853
42548,1856
42549,1860
42550,1874
42551,1875
42552,1872
42553,1869
42554,1877
42555,1874
42556,1872
42557,1850
42558,1856
42559,1854
42560,1846
42561,1818
42562,1849
42563,1872
42564,1856
42565,1863
42566,1851
42567,1870
42568,1855
42569,1872
42570,1859
42571,1879
42572,1879
42573,1852
42574,1843
42575,1861
42576,1859
42577,1810
42578,1814
42579,1853
42580,1866
42581,1856
42582,1886
42583,1861
42584,1876
42585,1898
42586,1885
42587,1866
42588,1875
42589,1884
42590,1823
42591,1849
42592,1856
42593,1882
42594,1811
42595,1825
42596,1853
42597,1860
42598,1840
42599,1870
42600,1865
42601,1872
42602,1883
42603,1854
42604,1872
42605,1887
42606,1863
42607,1868
42608,1854
42609,1858
42610,1858
42611,1837
42612,1839
42613,1872
42614,1863
42615,1854
42616,1856
42617,1872
42618,1855
42619,1869
42620,1855
42621,1872
42622,1867
42623,1881
42624,1844
42625,1858
42626,1849
42627,1819
42628,1858
42629,1843
42630,1865
42631,1872
42632,1834
42633,1865
42634,1886
42635,1875
42636,1853
42637,1871
42638,1875
42639,1877
42640,1840
42641,1847
42642,1865
42643,1841
42644,1833
42645,1831
42646,1861
42647,1875
42648,1869
42649,1863
42650,1873
42651,1883
42652,1854
42653,1847
42654,1866
42655,1869
42656,1871
42657,1850
42658,1844
42659,1857
42660,1837
42661,1835
42662,1844
42663,1870
42664,1861
42665,1872
42666,1863
42667,1865
42668,1857
42669,1866
42670,1856
42671,1878
42672,1883
42673,1868
42674,1850
42675,1851
42676,1855
42677,1830
42678,1821
42679,1858
42680,1861
42681,1857
42682,1870
42683,1859
42684,1874
42685,1859
42686,1847
42687,1863
42688,1869
42689,1877
42690,1840
42691,1854
42692,1856
42693,1850
42694,1854
42695,1830
42696,1862
42697,1886
42698,1862
42699,1858
42700,1872
42701,1874
42702,1870
42703,1877
42704,1874
42705,1873
42706,1877
42707,1856
42708,1861
42709,1865
42710,1858
42711,1823
42712,1842
42713,1862
42714,1860
42715,1853
42716,1852
42717,1872
42718,1883
42719,1883
42720,1855
42721,1872
42722,1885
42723,1875
42724,1841
42725,1862
42726,1857
42727,1865
42728,1823
42729,1856
42730,1855
42731,1865
42732,1885
42733,1875
42734,1885
42735,1859
42736,1861
42737,1871
42738,1872
42739,1894
42740,1854
42741,1842
42742,1862
42743,1853
42744,1845
42745,1826
42746,1858
42747,1840
42748,1854
42749,1840
42750,1879
42751,1872
42752,0
42753,1664
42754,2113
42755,2167
42756,2271
42757,2293
42758,2256
42759,2145
42760,2071
42761,1863
42762,1935
42763,1856
42764,1635
42765,1535
42766,1610
42767,1757
42768,1808
42769,1849
42770,1849
42771,1887
42772,1867
42773,1871
42774,1851
42775,1854
42776,1862
42777,1842
42778,1811
42779,1824
42780,1840
42781,1858
42782,1807
42783,0
42784,1597
42785,2067
42786,2124
42787,2286
42788,2352
42789,2282
42790,2160
42791,1890
42792,1829
42793,1844
42794,1697
42795,1574
42796,1623
42797,1745
42798,1823
42799,1851
42800,1909
42801,1903
42802,1927
42803,1867
42804,1881
42805,1886
42806,1861
42807,1859
42808,1845
42809,1840
42810,1831
42811,1813
42812,1834
42813,1856
42814,612
42815,1275
42816,2023
42817,2209
42818,2430
42819,2553
42820,2457
42821,2213
42822,1787
42823,1723
42824,1743
42825,1584
42826,1488
42827,1534
42828,1716
42829,1815
42830,1889
42831,1917
42832,1911
42833,1909
42834,1903
42835,1902
42836,1881
42837,1868
42838,1874
42839,1878
42840,1840
42841,1825
42842,1847
42843,1850
42844,1838
42845,1398
42846,1243
42847,2014
42848,2214
42849,2506
42850,2761
42851,2646
42852,2178
42853,1691
42854,1713
42855,1633
42856,1450
42857,1399
42858,1535
42859,1674
42860,1805
42861,1850
42862,1881
42863,1904
42864,1910
42865,1926
42866,1887
42867,1903
42868,1875
42869,1855
42870,1856
42871,1871
42872,1861
42873,1879
42874,1846
42875,1872
42876,2349
42877,959
42878,1920
42879,2274
42880,2521
42881,2645
42882,2559
42883,2032
42884,1738
42885,1833
42886,1717
42887,1485
42888,1426
42889,1535
42890,1675
42891,1837
42892,1902
42893,1919
42894,1879
42895,1878
42896,1901
42897,1909
42898,1835
42899,1846
42900,1861
42901,1863
42902,1845
42903,1835
42904,1873
42905,1883
42906,1872
42907,2589
42908,835
42909,1953
42910,2365
42911,2791
42912,3009
42913,2814
42914,1995
42915,1676
42916,1666
42917,1407
42918,1197
42919,1199
42920,1381
42921,1659
42922,1841
42923,1872
42924,1892
42925,1905
42926,1906
42927,1923
42928,1855
42929,1862
42930,1891
42931,1867
42932,1850
42933,1873
42934,1893
42935,1901
42936,1887
42937,1882
42938,2462
42939,708
42940,1983
42941,2747
42942,3442
42943,3407
42944,2874
42945,1899
42946,1653
42947,1452
42948,1050
42949,865
42950,943
42951,1250
42952,1655
42953,1777
42954,1874
42955,1909
42956,1905
42957,1904
42958,1895
42959,1879
42960,1887
42961,1837
42962,1867
42963,1883
42964,1901
42965,1857
42966,1882
42967,1907
42968,1918
42969,1949
42970,385
42971,1959
42972,2890
42973,3633
42974,3362
42975,3125
42976,2669
42977,1840
42978,1274
42979,722
42980,380
42981,565
42982,1169
42983,1597
42984,1785
42985,1877
42986,1889
42987,1895
42988,1918
42989,1919
42990,1895
42991,1885
42992,1898
42993,1902
42994,1899
42995,1872
42996,1904
42997,1918
42998,1951
42999,1904
43000,1939
43001,315
43002,1901
43003,3210
43004,3682
43005,3352
43006,3056
43007,2641
43008,1633
43009,1023
43010,489
43011,341
43012,718
43013,1328
43014,1680
43015,1808
43016,1878
43017,1938
43018,1963
43019,1929
43020,1913
43021,1930
43022,1942
43023,1922
43024,1879
43025,1875
43026,1883
43027,1881
43028,1945
43029,1951
43030,1954
43031,1951
43032,64
43033,1806
43034,2855
43035,3664
43036,3401
43037,3130
43038,2821
43039,1780
43040,1086
43041,376
43042,112
43043,693
43044,1333
43045,1678
43046,1844
43047,1904
43048,1925
43049,1923
43050,1936
43051,1949
43052,1927
43053,1910
43054,1941
43055,1947
43056,1933
43057,1905
43058,1923
43059,1929
43060,1927
43061,1926
43062,1918
43063,0
43064,1771
43065,2621
43066,3679
43067,3406
43068,3135
43069,2791
43070,1681
43071,1063
43072,309
43073,156
43074,860
43075,1462
43076,1747
43077,1847
43078,1883
43079,1943
43080,1971
43081,1934
43082,1929
43083,1938
43084,1957
43085,1957
43086,1936
43087,1950
43088,1965
43089,1955
43090,1939
43091,1921
43092,1927
43093,1926
43094,96
43095,1569
43096,2446
43097,3639
43098,3472
43099,3135
43100,2686
43101,1614
43102,1063
43103,269
43104,240
43105,998
43106,1501
43107,1762
43108,1878
43109,1937
43110,1937
43111,1923
43112,1915
43113,1932
43114,1921
43115,1929
43116,1935
43117,1972
43118,1958
43119,1930
43120,1926
43121,1936
43122,1945
43123,1921
43124,1915
43125,447
43126,1453
43127,2239
43128,3568
43129,3472
43130,3197
43131,2915
43132,1760
43133,950
43134,103
43135,277
43136,1052
43137,1553
43138,1808
43139,1897
43140,1933
43141,1933
43142,1936
43143,1931
43144,1925
43145,1895
43146,1936
43147,1936
43148,1936
43149,1904
43150,1930
43151,1965
43152,1962
43153,1920
43154,1947
43155,1959
43156,1145
43157,1177
43158,2197
43159,3648
43160,3497
43161,3183
43162,2954
43163,1699
43164,899
43165,163
43166,368
43167,1104
43168,1575
43169,1815
43170,1889
43171,1939
43172,1968
43173,1920
43174,1904
43175,1914
43176,1932
43177,1937
43178,1903
43179,1933
43180,1935
43181,1940
43182,1901
43183,1936
43184,1937
43185,1936
43186,1927
43187,2059
43188,1170
43189,2141
43190,3488
43191,3523
43192,3209
43193,3011
43194,1776
43195,832
43196,108
43197,337
43198,1056
43199,1535
43200,1793
43201,1904
43202,1920
43203,1915
43204,1931
43205,1947
43206,1936
43207,1937
43208,1938
43209,1931
43210,1888
43211,1861
43212,1885
43213,1910
43214,1945
43215,1946
43216,1941
43217,1935
43218,2656
43219,944
43220,2034
43221,3494
43222,3530
43223,3228
43224,3007
43225,1826
43226,838
43227,199
43228,313
43229,1067
43230,1567
43231,1790
43232,1875
43233,1920
43234,1939
43235,1930
43236,1924
43237,1927
43238,1947
43239,1986
43240,1943
43241,1933
43242,1936
43243,1919
43244,1914
43245,1902
43246,1932
43247,1943
43248,1895
43249,2611
43250,817
43251,2013
43252,3309
43253,3610
43254,3271
43255,3053
43256,1826
43257,819
43258,130
43259,400
43260,1075
43261,1501
43262,1781
43263,1897
43264,1949
43265,1921
43266,1911
43267,1936
43268,1954
43269,1941
43270,1979
43271,2007
43272,2005
43273,1936
43274,1878
43275,1862
43276,1879
43277,1893
43278,1870
43279,1914
43280,2079
43281,400
43282,1895
43283,2970
43284,3682
43285,3376
43286,3062
43287,2026
43288,915
43289,224
43290,435
43291,1101
43292,1535
43293,1771
43294,1856
43295,1881
43296,1913
43297,1939
43298,1926
43299,1919
43300,1951
43301,1953
43302,1936
43303,1929
43304,1941
43305,1950
43306,1936
43307,1901
43308,1908
43309,1915
43310,1904
43311,1946
43312,336
43313,1923
43314,2838
43315,3687
43316,3350
43317,3098
43318,2128
43319,949
43320,291
43321,413
43322,1081
43323,1521
43324,1744
43325,1850
43326,1897
43327,1875
43328,1871
43329,1902
43330,1917
43331,1922
43332,1911
43333,1935
43334,1935
43335,1951
43336,1934
43337,1935
43338,1919
43339,1922
43340,1931
43341,1904
43342,1912
43343,0
43344,1741
43345,2535
43346,3727
43347,3445
43348,3166
43349,2411
43350,1049
43351,350
43352,384
43353,966
43354,1479
43355,1744
43356,1866
43357,1882
43358,1886
43359,1895
43360,1872
43361,1905
43362,1947
43363,1940
43364,1918
43365,1895
43366,1904
43367,1881
43368,1907
43369,1920
43370,1921
43371,1938
43372,1973
43373,1918
43374,1891
43375,1911
43376,1908
43377,1897
43378,1859
43379,1887
43380,1885
43381,1899
43382,1860
43383,1883
43384,1895
43385,1904
43386,1863
43387,1870
43388,1877
43389,1874
43390,1859
43391,1858
43392,1872
43393,1885
43394,1850
43395,1840
43396,1867
43397,1896
43398,1879
43399,1843
43400,1869
43401,1875
43402,1863
43403,1854
43404,1872
43405,1878
43406,1865
43407,1841
43408,1845
43409,1855
43410,1856
43411,1846
43412,1849
43413,1858
43414,1874
43415,1856
43416,1858
43417,1874
43418,1865
43419,1869
43420,1849
43421,1869
43422,1865
43423,1851
43424,1844
43425,1864
43426,1856
43427,1844
43428,1818
43429,1852
43430,1872
43431,1866
43432,1872
43433,1866
43434,1885
43435,1850
43436,1849
43437,1855
43438,1862
43439,1859
43440,1854
43441,1840
43442,1854
43443,1857
43444,1840
43445,1839
43446,1858
43447,1871
43448,1863
43449,1851
43450,1874
43451,1862
43452,1921
43453,1854
43454,1870
43455,1869
43456,1861
43457,1851
43458,1853
43459,1857
43460,1837
43461,1834
43462,1845
43463,1854
43464,1870
43465,1834
43466,1861
43467,1886
43468,1869
43469,1872
43470,1872
43471,1883
43472,1867
43473,1840
43474,1851
43475,1893
43476,1900
43477,1872
43478,1838
43479,1846
43480,1840
43481,1825
43482,1851
43483,1841
43484,1873
43485,1881
43486,1859
43487,1858
43488,1878
43489,1891
43490,1879
43491,1847
43492,1856
43493,1856
43494,1824
43495,1829
43496,1859
43497,1845
43498,1854
43499,1841
43500,1872
43501,1872
43502,1854
43503,1857
43504,1872
43505,1878
43506,1858
43507,1856
43508,1856
43509,1859
43510,1855
43511,1838
43512,1856
43513,1862
43514,1863
43515,1895
43516,1856
43517,1863
43518,1891
43519,1856
43520,1856
43521,1871
43522,1883
43523,1861
43524,1834
43525,1853
43526,1853
43527,1805
43528,1824
43529,1851
43530,1870
43531,1872
43532,1886
43533,1872
43534,1872
43535,1869
43536,1855
43537,1858
43538,1869
43539,1887
43540,1857
43541,1856
43542,1859
43543,1856
43544,1839
43545,1840
43546,1862
43547,1878
43548,1862
43549,1843
43550,1878
43551,1871
43552,1897
43553,1857
43554,1865
43555,1882
43556,1863
43557,1824
43558,1853
43559,1857
43560,1853
43561,1856
43562,1851
43563,1870
43564,1862
43565,1854
43566,1854
43567,1872
43568,1885
43569,1875
43570,1859
43571,1875
43572,1897
43573,1857
43574,1840
43575,1861
43576,1872
43577,1866
43578,1830
43579,1856
43580,1859
43581,1867
43582,1861
43583,1861
43584,1877
43585,1864
43586,1872
43587,1867
43588,1875
43589,1885
43590,1898
43591,1853
43592,1855
43593,1831
43594,1840
43595,1840
43596,1858
43597,1899
43598,1866
43599,1853
43600,1872
43601,1872
43602,1865
43603,1854
43604,1873
43605,1874
43606,1876
43607,1848
43608,1853
43609,1872
43610,1841
43611,1811
43612,1857
43613,1872
43614,1847
43615,1812
43616,1854
43617,1859
43618,1859
43619,1867
43620,1859
43621,1872
43622,1882
43623,1883
43624,1845
43625,1853
43626,1854
43627,1858
43628,1840
43629,1859
43630,1872
43631,1858
43632,1857
43633,1856
43634,1863
43635,1878
43636,1873
43637,1858
43638,1877
43639,1877
43640,1886
43641,1847
43642,1858
43643,1845
43644,1840
43645,1831
43646,1859
43647,1851
43648,1869
43649,1840
43650,1870
43651,1858
43652,1851
43653,1844
43654,1872
43655,1869
43656,1878
43657,1837
43658,1867
43659,1866
43660,1861
43661,1838
43662,1845
43663,1872
43664,1850
43665,1843
43666,1866
43667,1875
43668,1868
43669,1867
43670,1859
43671,1874
43672,1918
43673,1862
43674,1834
43675,1850
43676,1858
43677,1856
43678,1829
43679,1862
43680,1869
43681,1863
43682,1837
43683,1861
43684,1881
43685,1863
43686,1858
43687,1865
43688,1886
43689,1867
43690,1839
43691,1854
43692,1862
43693,1859
43694,1835
43695,1840
43696,1867
43697,1887
43698,1859
43699,1840
43700,1871
43701,1859
43702,1871
43703,1855
43704,1872
43705,1879
43706,1870
43707,1873
43708,1846
43709,1859
43710,1850
43711,1840
43712,1841
43713,1869
43714,1872
43715,1883
43716,1859
43717,1879
43718,1850
43719,1851
43720,1851
43721,1875
43722,1890
43723,1856
43724,1840
43725,1862
43726,1867
43727,1831
43728,1828
43729,1859
43730,1876
43731,1863
43732,1840
43733,1881
43734,1859
43735,1853
43736,1873
43737,1856
43738,1872
43739,1903
43740,1829
43741,1845
43742,1856
43743,1859
43744,1818
43745,1835
43746,1859
43747,1895
43748,1852
43749,1837
43750,1869
43751,1887
43752,1833
43753,1851
43754,1872
43755,1872
43756,1886
43757,1830
43758,1855
43759,1873
43760,1851
43761,1841
43762,1840
43763,1863
43764,1854
43765,1839
43766,1849
43767,1872
43768,1865
43769,1853
43770,1866
43771,1875
43772,1898
43773,1847
43774,1831
43775,1852
43776,1856
43777,1821
43778,1823
43779,1857
43780,1877
43781,1855
43782,1829
43783,1866
43784,1863
43785,1890
43786,1863
43787,1861
43788,1872
43789,1856
43790,1857
43791,1846
43792,1857
43793,1858
43794,1821
43795,1820
43796,1849
43797,1875
43798,1841
43799,1837
43800,1868
43801,1856
43802,1861
43803,1850
43804,1871
43805,1867
43806,1863
43807,1853
43808,1845
43809,1861
43810,1840
43811,1851
43812,1841
43813,1872
43814,1873
43815,1849
43816,1853
43817,1866
43818,1861
43819,1841
43820,1854
43821,1873
43822,1872
43823,1856
43824,1835
43825,1841
43826,1853
43827,1825
43828,1839
43829,1860
43830,1863
43831,1886
43832,1841
43833,1872
43834,1872
43835,1872
43836,1872
43837,1872
43838,1873
43839,1876
43840,1855
43841,1841
43842,1863
43843,1856
43844,1872
43845,1833
43846,1859
43847,1889
43848,1846
43849,1840
43850,1875
43851,1861
43852,1875
43853,1855
43854,1867
43855,1878
43856,1861
43857,1847
43858,1851
43859,1849
43860,1834
43861,1813
43862,1849
43863,1861
43864,1870
43865,1873
43866,1861
43867,1877
43868,1890
43869,1872
43870,1859
43871,1881
43872,1876
43873,1863
43874,1854
43875,1861
43876,1856
43877,1883
43878,1829
43879,1859
43880,1872
43881,1865
43882,1846
43883,1872
43884,1884
43885,1862
43886,1853
43887,1869
43888,1885
43889,1904
43890,1856
43891,1845
43892,1862
43893,1814
43894,1834
43895,1838
43896,1858
43897,1859
43898,1844
43899,1845
43900,1882
43901,1874
43902,1888
43903,1855
43904,1872
43905,1889
43906,1873
43907,1865
43908,1853
43909,1851
43910,1873
43911,1840
43912,1856
43913,1865
43914,1867
43915,1851
43916,1856
43917,1872
43918,1874
43919,1849
43920,1859
43921,1877
43922,1897
43923,1840
43924,1843
43925,1859
43926,1862
43927,1821
43928,1834
43929,1857
43930,1863
43931,1866
43932,1866
43933,1866
43934,1878
43935,1899
43936,1861
43937,1872
43938,1873
43939,1873
43940,1837
43941,1852
43942,1872
43943,1834
43944,1835
43945,1835
43946,1857
43947,1851
43948,1838
43949,1842
43950,1863
43951,1883
43952,1893
43953,1855
43954,1874
43955,1895
43956,1873
43957,1843
43958,1856
43959,1871
43960,1814
43961,1840
43962,1862
43963,1862
43964,1877
43965,1843
43966,1862
43967,1872
43968,1866
43969,1854
43970,1857
43971,1876
43972,1904
43973,1872
43974,1840
43975,1858
43976,1858
43977,1845
43978,1826
43979,1856
43980,1872
43981,1857
43982,1840
43983,1872
43984,1881
43985,1855
43986,1862
43987,1872
43988,1872
43989,1863
43990,1869
43991,1841
43992,1851
43993,1840
43994,1847
43995,1840
43996,1859
43997,1870
43998,1845
43999,1840
44000,1881
44001,1877
44002,1857
44003,1854
44004,1871
44005,1876
44006,1853
44007,1848
44008,1851
44009,1855
44010,1840
44011,1839
44012,1854
44013,1866
44014,1862
44015,1842
44016,1863
44017,1888
44018,1856
44019,1859
44020,1855
44021,1875
44022,1889
44023,1856
44024,1838
44025,1853
44026,1849
44027,1865
44028,1829
44029,1858
44030,1872
44031,1872
44032,1859
44033,1872
44034,1874
44035,1861
44036,1857
44037,1871
44038,1873
44039,1904
44040,1841
44041,1851
44042,1857
44043,1822
44044,1829
44045,1835
44046,1863
44047,1887
44048,1871
44049,1841
44050,1870
44051,1875
44052,1876
44053,1856
44054,1876
44055,1869
44056,1869
44057,1855
44058,1854
44059,1867
44060,1842
44061,1837
44062,1856
44063,1874
44064,1865
44065,1860
44066,1849
44067,1872
44068,1872
44069,1841
44070,1867
44071,1873
44072,1875
44073,1837
44074,1845
44075,1861
44076,1866
44077,1866
44078,1830
44079,1856
44080,1878
44081,1839
44082,1861
44083,1865
44084,1879
44085,1885
44086,1841
44087,1872
44088,1879
44089,1863
44090,1855
44091,1849
44092,1867
44093,1862
44094,1841
44095,1829
44096,1855
44097,1889
44098,1851
44099,1854
44100,1871
44101,1893
44102,1842
44103,1856
44104,1874
44105,1877
44106,1870
44107,1858
44108,1853
44109,1846
44110,1855
44111,1819
44112,1858
44113,1859
44114,1885
44115,1854
44116,1855
44117,1882
44118,1850
44119,1843
44120,1859
44121,1872
44122,1857
44123,1856
44124,1837
44125,1841
44126,1850
44127,1864
44128,1823
44129,1852
44130,1859
44131,1858
44132,1840
44133,1871
44134,1884
44135,1872
44136,1851
44137,1858
44138,1877
44139,1869
44140,1863
44141,1847
44142,1856
44143,1843
44144,1842
44145,1840
44146,1863
44147,1861
44148,1821
44149,1840
44150,1872
44151,1883
44152,1864
44153,1855
44154,1871
44155,1885
44156,1868
44157,1854
44158,1851
44159,1867
44160,1826
44161,1838
44162,1849
44163,1869
44164,1843
44165,1856
44166,1861
44167,1872
44168,1858
44169,1860
44170,1857
44171,1881
44172,1901
44173,1858
44174,1839
44175,1871
44176,1869
44177,1872
44178,1829
44179,1856
44180,1866
44181,1866
44182,1840
44183,1877
44184,1863
44185,1836
44186,1840
44187,1865
44188,1865
44189,1872
44190,1862
44191,1850
44192,1863
44193,1857
44194,1839
44195,1838
44196,1856
44197,1883
44198,1838
44199,1842
44200,1872
44201,1882
44202,1843
44203,1855
44204,1873
44205,1872
44206,1882
44207,1854
44208,1859
44209,1867
44210,1818
44211,1809
44212,1846
44213,1868
44214,1870
44215,1842
44216,1857
44217,1886
44218,1879
44219,1854
44220,1847
44221,1872
44222,1920
44223,1873
44224,1855
44225,1856
44226,1861
44227,1834
44228,1826
44229,1856
44230,1879
44231,1837
44232,1859
44233,1871
44234,1885
44235,1872
44236,1859
44237,1862
44238,1872
44239,1877
44240,1838
44241,1846
44242,1854
44243,1865
44244,1846
44245,1830
44246,1859
44247,1857
44248,1851
44249,1842
44250,1868
44251,1862
44252,1894
44253,1853
44254,1876
44255,1888
44256,1870
44257,1829
44258,1862
44259,1855
44260,1840
44261,1815
44262,1840
44263,1858
44264,1843
44265,1842
44266,1855
44267,1874
44268,1868
44269,1851
44270,1857
44271,1874
44272,1893
44273,1889
44274,1840
44275,1843
44276,1843
44277,1839
44278,1828
44279,1857
44280,1872
44281,1855
44282,1843
44283,1877
44284,1874
44285,1867
44286,1839
44287,1875
44288,1875
44289,1862
44290,1856
44291,1851
44292,1846
44293,1850
44294,1835
44295,1831
44296,1859
44297,1875
44298,1899
44299,1847
44300,1863
44301,1880
44302,1857
44303,1858
44304,1871
44305,1859
44306,1865
44307,1854
44308,1844
44309,1855
44310,1831
44311,1815
44312,1856
44313,1866
44314,1856
44315,1857
44316,1859
44317,1872
44318,1872
44319,1854
44320,1856
44321,1882
44322,1865
44323,1851
44324,1843
44325,1852
44326,1853
44327,1806
44328,1829
44329,1856
44330,1872
44331,1840
44332,1857
44333,1865
44334,1872
44335,1853
44336,1836
44337,1872
44338,1872
44339,1876
44340,1839
44341,1844
44342,1862
44343,1840
44344,1850
44345,1840
44346,1858
44347,1869
44348,1865
44349,1846
44350,1869
44351,1879
44352,1904
44353,1855
44354,1874
44355,1889
44356,1878
44357,1859
44358,1853
44359,1851
44360,1854
44361,1818
44362,1853
44363,1870
44364,1879
44365,1894
44366,1853
44367,1863
44368,1874
44369,0
44370,1792
44371,2128
44372,2145
44373,2189
44374,2211
44375,2206
44376,2107
44377,2002
44378,1904
44379,2030
44380,1892
44381,1704
44382,1589
44383,1670
44384,1807
44385,1854
44386,1849
44387,1866
44388,1888
44389,1904
44390,1846
44391,1856
44392,1860
44393,1839
44394,1811
44395,1809
44396,1831
44397,1855
44398,1820
44399,1861
44400,0
44401,1668
44402,2054
44403,2163
44404,2325
44405,2363
44406,2256
44407,2090
44408,1851
44409,1837
44410,1872
44411,1664
44412,1567
44413,1659
44414,1774
44415,1839
44416,1871
44417,1898
44418,1892
44419,1887
44420,1902
44421,1905
44422,1904
44423,1853
44424,1813
44425,1842
44426,1840
44427,1824
44428,1797
44429,1840
44430,1846
44431,0
44432,1444
44433,2043
44434,2183
44435,2320
44436,2326
44437,2256
44438,2025
44439,1702
44440,1777
44441,1820
44442,1739
44443,1702
44444,1761
44445,1837
44446,1899
44447,1931
44448,1904
44449,1907
44450,1923
44451,1921
44452,1903
44453,1870
44454,1870
44455,1885
44456,1840
44457,1821
44458,1833
44459,1839
44460,1825
44461,1841
44462,470
44463,1424
44464,2030
44465,2161
44466,2406
44467,2589
44468,2432
44469,2017
44470,1719
44471,1796
44472,1745
44473,1535
44474,1510
44475,1663
44476,1767
44477,1853
44478,1875
44479,1920
44480,1929
44481,1930
44482,1888
44483,1890
44484,1892
44485,1866
44486,1853
44487,1839
44488,1851
44489,1851
44490,1868
44491,1840
44492,1857
44493,1243
44494,1137
44495,1949
44496,2250
44497,2496
44498,2631
44499,2480
44500,2033
44501,1750
44502,1850
44503,1719
44504,1521
44505,1520
44506,1626
44507,1730
44508,1843
44509,1914
44510,1879
44511,1859
44512,1909
44513,1899
44514,1872
44515,1851
44516,1845
44517,1872
44518,1840
44519,1858
44520,1855
44521,1860
44522,1872
44523,1840
44524,2195
44525,1071
44526,1987
44527,2265
44528,2527
44529,2711
44530,2589
44531,1929
44532,1744
44533,1799
44534,1582
44535,1374
44536,1409
44537,1583
44538,1776
44539,1879
44540,1892
44541,1933
44542,1936
44543,1872
44544,1821
44545,1814
44546,1841
44547,1876
44548,1896
44549,1870
44550,1866
44551,1868
44552,1857
44553,1863
44554,1889
44555,2639
44556,896
44557,1983
44558,2687
44559,3183
44560,3183
44561,2733
44562,1907
44563,1711
44564,1485
44565,1172
44566,997
44567,1113
44568,1366
44569,1675
44570,1829
44571,1904
44572,1935
44573,1927
44574,1885
44575,1879
44576,1874
44577,1880
44578,1840
44579,1872
44580,1878
44581,1878
44582,1834
44583,1890
44584,1904
44585,1904
44586,2355
44587,687
44588,2067
44589,3020
44590,3632
44591,3318
44592,3030
44593,2157
44594,1655
44595,1187
44596,768
44597,579
44598,721
44599,1232
44600,1649
44601,1838
44602,1869
44603,1894
44604,1916
44605,1925
44606,1897
44607,1863
44608,1904
44609,1949
44610,1887
44611,1847
44612,1846
44613,1891
44614,1904
44615,1863
44616,1893
44617,2055
44618,429
44619,1937
44620,3259
44621,3664
44622,3319
44623,3057
44624,2526
44625,1619
44626,961
44627,511
44628,315
44629,761
44630,1387
44631,1692
44632,1819
44633,1891
44634,1936
44635,1955
44636,1904
44637,1906
44638,1936
44639,2015
44640,2062
44641,1981
44642,1938
44643,1893
44644,1842
44645,1795
44646,1793
44647,1844
44648,1907
44649,319
44650,1962
44651,3461
44652,3713
44653,3334
44654,3071
44655,2496
44656,1506
44657,863
44658,189
44659,193
44660,742
44661,1316
44662,1729
44663,1881
44664,1949
44665,1969
44666,1948
44667,1970
44668,1963
44669,1941
44670,1943
44671,1968
44672,1978
44673,1932
44674,1933
44675,1936
44676,1939
44677,1917
44678,1909
44679,1938
44680,208
44681,1882
44682,3239
44683,3710
44684,3373
44685,3103
44686,2368
44687,1392
44688,715
44689,188
44690,286
44691,983
44692,1535
44693,1827
44694,1869
44695,1919
44696,1959
44697,1973
44698,1935
44699,1969
44700,1983
44701,1986
44702,1968
44703,1940
44704,1941
44705,1938
44706,1920
44707,1905
44708,1927
44709,1927
44710,1927
44711,10
44712,1742
44713,2751
44714,3773
44715,3406
44716,3127
44717,2585
44718,1566
44719,815
44720,101
44721,178
44722,1003
44723,1511
44724,1766
44725,1898
44726,1936
44727,1954
44728,1935
44729,1950
44730,1947
44731,1936
44732,1934
44733,1963
44734,1967
44735,1975
44736,1937
44737,1936
44738,1935
44739,1942
44740,1937
44741,1913
44742,0
44743,1638
44744,2458
44745,3730
44746,3472
44747,3199
44748,2703
44749,1535
44750,826
44751,87
44752,336
44753,1057
44754,1581
44755,1801
44756,1889
44757,1919
44758,1953
44759,1968
44760,1932
44761,1936
44762,1926
44763,1981
44764,2005
44765,2005
44766,1899
44767,1904
44768,1897
44769,1934
44770,1917
44771,1939
44772,1937
44773,319
44774,1443
44775,2370
44776,3742
44777,3490
44778,3192
44779,2628
44780,1437
44781,793
44782,194
44783,384
44784,1104
44785,1567
44786,1783
44787,1907
44788,1941
44789,1982
44790,1937
44791,1939
44792,1936
44793,1925
44794,1947
44795,1935
44796,1939
44797,1933
44798,1922
44799,1905
44800,1933
44801,1924
44802,1963
44803,1915
44804,490
44805,1475
44806,2317
44807,3732
44808,3510
44809,3184
44810,2889
44811,1530
44812,667
44813,0
44814,397
44815,1143
44816,1601
44817,1817
44818,1904
44819,1920
44820,1946
44821,1963
44822,1962
44823,1939
44824,1948
44825,1947
44826,1873
44827,1907
44828,1926
44829,1947
44830,1943
44831,1945
44832,1904
44833,1942
44834,1939
44835,1648
44836,1109
44837,2161
44838,3721
44839,3566
44840,3251
44841,2935
44842,1573
44843,772
44844,187
44845,400
44846,1109
44847,1585
44848,1801
44849,1877
44850,1949
44851,1939
44852,1948
44853,1930
44854,1950
44855,1950
44856,1943
44857,1927
44858,1920
44859,1895
44860,1872
44861,1885
44862,1937
44863,1969
44864,1931
44865,1935
44866,2069
44867,1136
44868,2121
44869,3550
44870,3575
44871,3286
44872,3027
44873,1607
44874,832
44875,188
44876,421
44877,1136
44878,1535
44879,1789
44880,1905
44881,1904
44882,1914
44883,1929
44884,1936
44885,1965
44886,1951
44887,1959
44888,2071
44889,2078
44890,1968
44891,1851
44892,1845
44893,1874
44894,1863
44895,1890
44896,1908
44897,2659
44898,799
44899,1999
44900,3463
44901,3671
44902,3297
44903,3086
44904,1687
44905,779
44906,227
44907,440
44908,1125
44909,1578
44910,1769
44911,1874
44912,1898
44913,1939
44914,1936
44915,1881
44916,1935
44917,1943
44918,1959
44919,1954
44920,1936
44921,1935
44922,1938
44923,1935
44924,1902
44925,1904
44926,1918
44927,1915
44928,2240
44929,571
44930,1984
44931,3053
44932,3687
44933,3370
44934,3062
44935,1925
44936,886
44937,229
44938,366
44939,1042
44940,1501
44941,1744
44942,1873
44943,1902
44944,1909
44945,1901
44946,1936
44947,1955
44948,1941
44949,1938
44950,1953
44951,1936
44952,1872
44953,1879
44954,1959
44955,1974
44956,1953
44957,1903
44958,1921
44959,1968
44960,284
44961,1814
44962,2786
44963,3777
44964,3411
44965,3142
44966,2005
44967,1058
44968,501
44969,471
44970,1008
44971,1491
44972,1749
44973,1858
44974,1861
44975,1904
44976,1903
44977,1883
44978,1881
44979,1915
44980,1914
44981,1914
44982,1934
44983,1921
44984,1910
44985,1923
44986,1908
44987,1909
44988,1916
44989,1939
44990,1931
44991,1899
44992,1904
44993,1904
44994,1861
44995,1857
44996,1885
44997,1880
44998,1839
44999,1872
45000,1904
45001,1890
45002,1877
45003,1863
45004,1886
45005,1890
45006,1875
45007,1867
45008,1854
45009,1868
45010,1852
45011,1825
45012,1840
45013,1856
45014,1859
45015,1866
45016,1858
45017,1882
45018,1876
45019,1845
45020,1862
45021,1874
45022,1874
45023,1809
45024,1824
45025,1844
45026,1838
45027,1838
45028,1818
45029,1846
45030,1865
45031,1865
45032,1834
45033,1872
45034,1862
45035,1872
45036,1841
45037,1867
45038,1875
45039,1858
45040,1870
45041,1855
45042,1861
45043,1859
45044,1839
45045,1840
45046,1871
45047,1867
45048,1821
45049,1857
45050,1872
45051,1872
45052,1866
45053,1856
45054,1872
45055,1879
45056,1867
45057,1830
45058,1841
45059,1836
45060,1840
45061,1825
45062,1854
45063,1865
45064,1852
45065,1835
45066,1858
45067,1893
45068,1867
45069,1861
45070,1854
45071,1876
45072,1872
45073,1855
45074,1845
45075,1858
45076,1862
45077,1873
45078,1837
45079,1856
45080,1855
45081,1843
45082,1840
45083,1861
45084,1855
45085,1850
45086,1846
45087,1863
45088,1887
45089,1872
45090,1842
45091,1855
45092,1867
45093,1872
45094,1856
45095,1845
45096,1871
45097,1878
45098,1850
45099,1856
45100,1873
45101,1854
45102,1878
45103,1851
45104,1873
45105,1890
45106,1891
45107,1852
45108,1873
45109,1881
45110,1851
45111,1834
45112,1858
45113,1868
45114,1840
45115,1837
45116,1867
45117,1884
45118,1836
45119,1842
45120,1856
45121,1863
45122,1855
45123,1811
45124,1825
45125,1836
45126,1841
45127,1823
45128,1827
45129,1855
45130,1850
45131,1869
45132,1840
45133,1846
45134,1872
45135,1882
45136,1858
45137,1882
45138,1887
45139,1874
45140,1871
45141,1849
45142,1869
45143,1836
45144,1840
45145,1827
45146,1853
45147,1860
45148,1856
45149,1839
45150,1871
45151,1874
45152,1872
45153,1852
45154,1872
45155,1881
45156,1871
45157,1848
45158,1855
45159,1863
45160,1840
45161,1848
45162,1858
45163,1858
45164,1860
45165,1819
45166,1851
45167,1872
45168,1869
45169,1866
45170,1863
45171,1883
45172,1883
45173,1869
45174,1839
45175,1849
45176,1847
45177,1821
45178,1823
45179,1855
45180,1866
45181,1856
45182,1851
45183,1872
45184,1894
45185,1870
45186,1847
45187,1872
45188,1871
45189,1860
45190,1873
45191,1854
45192,1869
45193,1856
45194,1847
45195,1828
45196,1869
45197,1881
45198,1893
45199,1854
45200,1883
45201,1882
45202,1875
45203,1856
45204,1872
45205,1888
45206,1851
45207,1822
45208,1842
45209,1854
45210,1855
45211,1837
45212,1841
45213,1873
45214,1881
45215,1847
45216,1879
45217,1872
45218,1872
45219,1847
45220,1858
45221,1872
45222,1875
45223,1873
45224,1843
45225,1854
45226,1858
45227,1854
45228,1838
45229,1859
45230,1869
45231,1854
45232,1854
45233,1859
45234,1877
45235,1869
45236,1854
45237,1869
45238,1861
45239,1860
45240,1872
45241,1840
45242,1837
45243,1863
45244,1835
45245,1837
45246,1860
45247,1887
45248,1840
45249,1855
45250,1872
45251,1872
45252,1833
45253,1855
45254,1872
45255,1877
45256,1851
45257,1854
45258,1862
45259,1857
45260,1844
45261,1841
45262,1857
45263,1869
45264,1872
45265,1857
45266,1855
45267,1846
45268,1872
45269,1848
45270,1857
45271,1875
45272,1872
45273,1872
45274,1843
45275,1870
45276,1857
45277,1810
45278,1836
45279,1858
45280,1887
45281,1860
45282,1851
45283,1865
45284,1872
45285,1875
45286,1840
45287,1862
45288,1887
45289,1886
45290,1842
45291,1846
45292,1858
45293,1847
45294,1838
45295,1837
45296,1858
45297,1869
45298,1867
45299,1844
45300,1867
45301,1872
45302,1908
45303,1855
45304,1873
45305,1878
45306,1857
45307,1840
45308,1842
45309,1871
45310,1856
45311,1857
45312,1841
45313,1863
45314,1873
45315,1832
45316,1860
45317,1884
45318,1862
45319,1858
45320,1857
45321,1877
45322,1889
45323,1889
45324,1840
45325,1851
45326,1853
45327,1830
45328,1825
45329,1852
45330,1867
45331,1842
45332,1855
45333,1871
45334,1887
45335,1875
45336,1852
45337,1857
45338,1866
45339,1872
45340,1835
45341,1859
45342,1856
45343,1854
45344,1870
45345,1837
45346,1869
45347,1865
45348,1849
45349,1841
45350,1863
45351,1872
45352,1858
45353,1852
45354,1871
45355,1863
45356,1850
45357,1863
45358,1850
45359,1845
45360,1854
45361,1847
45362,1839
45363,1875
45364,1874
45365,1853
45366,1858
45367,1872
45368,1889
45369,1824
45370,1856
45371,1878
45372,1887
45373,1845
45374,1840
45375,1845
45376,1843
45377,1850
45378,1822
45379,1853
45380,1866
45381,1857
45382,1850
45383,1875
45384,1871
45385,1901
45386,1840
45387,1855
45388,1863
45389,1871
45390,1835
45391,1856
45392,1849
45393,1837
45394,1845
45395,1836
45396,1854
45397,1872
45398,1853
45399,1856
45400,1879
45401,1863
45402,1863
45403,1856
45404,1879
45405,1871
45406,1859
45407,1844
45408,1861
45409,1853
45410,1898
45411,1824
45412,1847
45413,1863
45414,1875
45415,1839
45416,1867
45417,1889
45418,1890
45419,1877
45420,1869
45421,1882
45422,1887
45423,1856
45424,1850
45425,1866
45426,1866
45427,1823
45428,1825
45429,1857
45430,1863
45431,1863
45432,1857
45433,1872
45434,1862
45435,1905
45436,1850
45437,1877
45438,1884
45439,1878
45440,1865
45441,1854
45442,1841
45443,1862
45444,1814
45445,1828
45446,1867
45447,1863
45448,1857
45449,1851
45450,1872
45451,1856
45452,1854
45453,1855
45454,1872
45455,1882
45456,1862
45457,1854
45458,1856
45459,1859
45460,1875
45461,1823
45462,1856
45463,1869
45464,1872
45465,1863
45466,1867
45467,1895
45468,1870
45469,1854
45470,1857
45471,1876
45472,1875
45473,1861
45474,1845
45475,1842
45476,1840
45477,1827
45478,1818
45479,1856
45480,1861
45481,1859
45482,1855
45483,1872
45484,1871
45485,1858
45486,1853
45487,1872
45488,1882
45489,1856
45490,1857
45491,1854
45492,1851
45493,1837
45494,1827
45495,1837
45496,1858
45497,1870
45498,1857
45499,1853
45500,1886
45501,1872
45502,1879
45503,1857
45504,1872
45505,1872
45506,1867
45507,1853
45508,1856
45509,1850
45510,1872
45511,1815
45512,1853
45513,1877
45514,1872
45515,1893
45516,1870
45517,1882
45518,1872
45519,1873
45520,1859
45521,1883
45522,1879
45523,1873
45524,1840
45525,1857
45526,1861
45527,1851
45528,1835
45529,1857
45530,1855
45531,1866
45532,1872
45533,1881
45534,1873
45535,1862
45536,1859
45537,1862
45538,1870
45539,1885
45540,1858
45541,1840
45542,1847
45543,1882
45544,1830
45545,1842
45546,1853
45547,1865
45548,1869
45549,1848
45550,1859
45551,1857
45552,1877
45553,1853
45554,1875
45555,1878
45556,1868
45557,1846
45558,1858
45559,1863
45560,1842
45561,1827
45562,1854
45563,1869
45564,1840
45565,1824
45566,1855
45567,1856
45568,1858
45569,1884
45570,1857
45571,1872
45572,1881
45573,1869
45574,1851
45575,1871
45576,1865
45577,1820
45578,1834
45579,1856
45580,1855
45581,1861
45582,1858
45583,1857
45584,1875
45585,1865
45586,1872
45587,1879
45588,1877
45589,1858
45590,1878
45591,1842
45592,1845
45593,1837
45594,1854
45595,1831
45596,1862
45597,1847
45598,1902
45599,1855
45600,1863
45601,1878
45602,1861
45603,1857
45604,1878
45605,1881
45606,1868
45607,1846
45608,1851
45609,1857
45610,1844
45611,1825
45612,1856
45613,1872
45614,1857
45615,1846
45616,1859
45617,1886
45618,1882
45619,1860
45620,1865
45621,1861
45622,1872
45623,1886
45624,1840
45625,1856
45626,1839
45627,1865
45628,1823
45629,1849
45630,1862
45631,1847
45632,1836
45633,1874
45634,1872
45635,1882
45636,1861
45637,1874
45638,1868
45639,1857
45640,1849
45641,1856
45642,1862
45643,1841
45644,1847
45645,1841
45646,1856
45647,1890
45648,1869
45649,1847
45650,1885
45651,1886
45652,1872
45653,1858
45654,1866
45655,1869
45656,1869
45657,1842
45658,1855
45659,1872
45660,1867
45661,1828
45662,1841
45663,1871
45664,1872
45665,1855
45666,1870
45667,1872
45668,1845
45669,1869
45670,1865
45671,1881
45672,1888
45673,1873
45674,1841
45675,1857
45676,1846
45677,1822
45678,1835
45679,1857
45680,1877
45681,1878
45682,1858
45683,1875
45684,1879
45685,1845
45686,1841
45687,1871
45688,1877
45689,1875
45690,1885
45691,1855
45692,1863
45693,1858
45694,1841
45695,1839
45696,1853
45697,1872
45698,1867
45699,1852
45700,1873
45701,1872
45702,1845
45703,1853
45704,1874
45705,1893
45706,1860
45707,1855
45708,1854
45709,1866
45710,1851
45711,1840
45712,1861
45713,1879
45714,1845
45715,1843
45716,1866
45717,1860
45718,1893
45719,1855
45720,1863
45721,1879
45722,1872
45723,1872
45724,1853
45725,1863
45726,1864
45727,1825
45728,1833
45729,1859
45730,1859
45731,1866
45732,1855
45733,1872
45734,1881
45735,1875
45736,1847
45737,1869
45738,1875
45739,1856
45740,1881
45741,1851
45742,1855
45743,1863
45744,1827
45745,1827
45746,1863
45747,1872
45748,1854
45749,1853
45750,1872
45751,1851
45752,1905
45753,1856
45754,1876
45755,1886
45756,1872
45757,1840
45758,1858
45759,1845
45760,1861
45761,1846
45762,1861
45763,1875
45764,1858
45765,1845
45766,1867
45767,1885
45768,1863
45769,1847
45770,1861
45771,1863
45772,1900
45773,1855
45774,1833
45775,1853
45776,1854
45777,1845
45778,1839
45779,1867
45780,1882
45781,1858
45782,1854
45783,1875
45784,1876
45785,1842
45786,1869
45787,1867
45788,1871
45789,1872
45790,1873
45791,1829
45792,1837
45793,1823
45794,1838
45795,1840
45796,1875
45797,1879
45798,1872
45799,1856
45800,1887
45801,1873
45802,1866
45803,1861
45804,1875
45805,1870
45806,1859
45807,1833
45808,1841
45809,1853
45810,1837
45811,1819
45812,1840
45813,1861
45814,1855
45815,1882
45816,1862
45817,1877
45818,1870
45819,1866
45820,1869
45821,1872
45822,1887
45823,1865
45824,1853
45825,1866
45826,1858
45827,1833
45828,1828
45829,1857
45830,1870
45831,1865
45832,1845
45833,1874
45834,1872
45835,1855
45836,1840
45837,1872
45838,1888
45839,1879
45840,1829
45841,1851
45842,1861
45843,1870
45844,1836
45845,1840
45846,1871
45847,1872
45848,1849
45849,1842
45850,1877
45851,1887
45852,1848
45853,1852
45854,1875
45855,1875
45856,1863
45857,1856
45858,1859
45859,1854
45860,1851
45861,1846
45862,1857
45863,1858
45864,1863
45865,1867
45866,1857
45867,1872
45868,1843
45869,1849
45870,1867
45871,1876
45872,1878
45873,1859
45874,1846
45875,1863
45876,1854
45877,1843
45878,1830
45879,1863
45880,1863
45881,1843
45882,1855
45883,1875
45884,1881
45885,1860
45886,1871
45887,1872
45888,1874
45889,1872
45890,1862
45891,1858
45892,1873
45893,1850
45894,1815
45895,1827
45896,1850
45897,1854
45898,1859
45899,1854
45900,1883
45901,1872
45902,1863
45903,1862
45904,1884
45905,1894
45906,1901
45907,1841
45908,1847
45909,1851
45910,1828
45911,1808
45912,1847
45913,1870
45914,1866
45915,1839
45916,1856
45917,1869
45918,1869
45919,1858
45920,1869
45921,1877
45922,1890
45923,1886
45924,1845
45925,1846
45926,1841
45927,1832
45928,1829
45929,1856
45930,1857
45931,1847
45932,1849
45933,1873
45934,1887
45935,1879
45936,1853
45937,1868
45938,1879
45939,1872
45940,1840
45941,1843
45942,1846
45943,1841
45944,1808
45945,1840
45946,1869
45947,1871
45948,1891
45949,1853
45950,1871
45951,1872
45952,1854
45953,1851
45954,1870
45955,1872
45956,1867
45957,1843
45958,1856
45959,1871
45960,1850
45961,1861
45962,1844
45963,1857
45964,1878
45965,1872
45966,1877
45967,1882
45968,1873
45969,1856
45970,1867
45971,1875
45972,1894
45973,1870
45974,1843
45975,1856
45976,1849
45977,1854
45978,1835
45979,1858
45980,1867
45981,1882
45982,1853
45983,1883
45984,1877
45985,1878
45986,209
45987,1891
45988,2096
45989,2084
45990,2090
45991,2125
45992,2037
45993,1829
45994,1718
45995,1856
45996,2156
45997,2128
45998,1941
45999,1837
46000,1852
46001,1869
46002,1897
46003,1872
46004,1890
46005,1910
46006,1888
46007,1861
46008,1870
46009,1856
46010,1834
46011,1805
46012,1814
46013,1808
46014,1841
46015,1855
46016,1821
46017,110
46018,1767
46019,1998
46020,2032
46021,2128
46022,2155
46023,1979
46024,1833
46025,1742
46026,1973
46027,2137
46028,1973
46029,1841
46030,1812
46031,1872
46032,1898
46033,1890
46034,1902
46035,1919
46036,1875
46037,1897
46038,1900
46039,1881
46040,1877
46041,1846
46042,1845
46043,1827
46044,1808
46045,1805
46046,1822
46047,1840
46048,0
46049,1583
46050,2032
46051,2119
46052,2253
46053,2273
46054,2142
46055,1915
46056,1712
46057,1839
46058,1945
46059,1885
46060,1808
46061,1762
46062,1863
46063,1900
46064,1894
46065,1946
46066,1904
46067,1917
46068,1907
46069,1890
46070,1873
46071,1873
46072,1857
46073,1845
46074,1808
46075,1809
46076,1838
46077,1792
46078,1807
46079,0
46080,1643
46081,2011
46082,2146
46083,2378
46084,2368
46085,2151
46086,1857
46087,1666
46088,1783
46089,1856
46090,1802
46091,1744
46092,1840
46093,1867
46094,1872
46095,1895
46096,1913
46097,1923
46098,1936
46099,1898
46100,1890
46101,1879
46102,1872
46103,1840
46104,1840
46105,1846
46106,1808
46107,1807
46108,1825
46109,1856
46110,305
46111,1286
46112,1994
46113,2215
46114,2317
46115,2303
46116,2234
46117,1984
46118,1828
46119,1914
46120,1904
46121,1711
46122,1681
46123,1721
46124,1805
46125,1878
46126,1920
46127,1894
46128,1894
46129,1937
46130,1941
46131,1911
46132,1866
46133,1867
46134,1847
46135,1787
46136,1761
46137,1801
46138,1821
46139,1842
46140,1841
46141,962
46142,1280
46143,1963
46144,2199
46145,2461
46146,2605
46147,2487
46148,2055
46149,1777
46150,1902
46151,1709
46152,1526
46153,1488
46154,1615
46155,1744
46156,1838
46157,1877
46158,1882
46159,1911
46160,1904
46161,1873
46162,1868
46163,1855
46164,1851
46165,1857
46166,1809
46167,1825
46168,1854
46169,1845
46170,1861
46171,1875
46172,1837
46173,1002
46174,1963
46175,2336
46176,2559
46177,2623
46178,2474
46179,1937
46180,1842
46181,1905
46182,1600
46183,1456
46184,1466
46185,1595
46186,1731
46187,1867
46188,1922
46189,1927
46190,1857
46191,1902
46192,1901
46193,1898
46194,1833
46195,1840
46196,1847
46197,1858
46198,1831
46199,1839
46200,1872
46201,1873
46202,1889
46203,2273
46204,1099
46205,2035
46206,2425
46207,2711
46208,2873
46209,2543
46210,1923
46211,1806
46212,1671
46213,1360
46214,1279
46215,1293
46216,1520
46217,1744
46218,1847
46219,1901
46220,1904
46221,1923
46222,1908
46223,1904
46224,1855
46225,1853
46226,1857
46227,1840
46228,1831
46229,1858
46230,1856
46231,1866
46232,1846
46233,1875
46234,2658
46235,811
46236,2035
46237,2895
46238,3553
46239,3407
46240,2668
46241,1907
46242,1744
46243,1385
46244,924
46245,816
46246,965
46247,1360
46248,1697
46249,1814
46250,1887
46251,1897
46252,1903
46253,1893
46254,1894
46255,1872
46256,1891
46257,1859
46258,1873
46259,1867
46260,1859
46261,1845
46262,1869
46263,1891
46264,1911
46265,2367
46266,693
46267,2057
46268,3280
46269,3814
46270,3403
46271,3094
46272,2304
46273,1631
46274,1011
46275,528
46276,348
46277,721
46278,1295
46279,1668
46280,1829
46281,1885
46282,1886
46283,1914
46284,1900
46285,1883
46286,1874
46287,1906
46288,1915
46289,1922
46290,1895
46291,1886
46292,1898
46293,1907
46294,1879
46295,1906
46296,1933
46297,343
46298,1956
46299,3446
46300,3791
46301,3449
46302,3169
46303,2559
46304,1574
46305,841
46306,287
46307,152
46308,627
46309,1314
46310,1686
46311,1813
46312,1883
46313,1921
46314,1940
46315,1911
46316,1945
46317,1936
46318,1909
46319,1929
46320,1936
46321,1943
46322,1959
46323,1905
46324,1919
46325,1935
46326,1937
46327,1922
46328,151
46329,1872
46330,3404
46331,3779
46332,3441
46333,3178
46334,2443
46335,1491
46336,783
46337,193
46338,144
46339,790
46340,1433
46341,1744
46342,1885
46343,1922
46344,1910
46345,1933
46346,1967
46347,1966
46348,1922
46349,1931
46350,1943
46351,1947
46352,1945
46353,1936
46354,1955
46355,1971
46356,1945
46357,1915
46358,1931
46359,0
46360,1741
46361,3008
46362,3920
46363,3490
46364,3155
46365,2500
46366,1399
46367,671
46368,123
46369,201
46370,912
46371,1522
46372,1808
46373,1915
46374,1925
46375,1949
46376,1955
46377,1938
46378,1926
46379,1962
46380,1984
46381,1959
46382,1935
46383,1967
46384,1984
46385,1945
46386,1939
46387,1946
46388,1958
46389,1936
46390,10
46391,1710
46392,2743
46393,3844
46394,3520
46395,3212
46396,2608
46397,1455
46398,727
46399,112
46400,183
46401,993
46402,1555
46403,1785
46404,1904
46405,1947
46406,1951
46407,1927
46408,1922
46409,1938
46410,1937
46411,1935
46412,1952
46413,1955
46414,1931
46415,1993
46416,1934
46417,1945
46418,1953
46419,1931
46420,1933
46421,197
46422,1597
46423,2446
46424,3796
46425,3545
46426,3233
46427,2831
46428,1555
46429,810
46430,182
46431,262
46432,970
46433,1522
46434,1769
46435,1879
46436,1916
46437,1938
46438,1937
46439,1947
46440,1978
46441,1922
46442,1934
46443,1924
46444,1903
46445,1923
46446,1962
46447,1973
46448,1950
46449,1919
46450,1944
46451,1952
46452,653
46453,1376
46454,2322
46455,3760
46456,3634
46457,3270
46458,2829
46459,1554
46460,903
46461,325
46462,355
46463,1015
46464,1515
46465,1744
46466,1855
46467,1915
46468,1946
46469,1939
46470,1922
46471,1943
46472,1945
46473,1962
46474,1937
46475,1936
46476,1922
46477,1895
46478,1893
46479,1922
46480,1910
46481,1904
46482,1916
46483,1358
46484,1232
46485,2164
46486,3650
46487,3647
46488,3329
46489,3013
46490,1634
46491,880
46492,202
46493,287
46494,1018
46495,1509
46496,1771
46497,1899
46498,1911
46499,1914
46500,1936
46501,1929
46502,1938
46503,1935
46504,1950
46505,1981
46506,1927
46507,1881
46508,1872
46509,1920
46510,1961
46511,1937
46512,1923
46513,1936
46514,1799
46515,1042
46516,2147
46517,3655
46518,3685
46519,3328
46520,3035
46521,1616
46522,912
46523,328
46524,366
46525,1041
46526,1524
46527,1759
46528,1835
46529,1902
46530,1925
46531,1904
46532,1899
46533,1943
46534,1954
46535,1946
46536,1945
46537,1942
46538,1945
46539,1923
46540,1899
46541,1913
46542,1909
46543,1890
46544,1917
46545,2674
46546,838
46547,2045
46548,3188
46549,3742
46550,3412
46551,3119
46552,1713
46553,947
46554,368
46555,423
46556,1063
46557,1477
46558,1735
46559,1855
46560,1876
46561,1869
46562,1904
46563,1909
46564,1925
46565,1921
46566,1935
46567,1931
46568,1892
46569,1907
46570,1953
46571,1955
46572,1931
46573,1906
46574,1904
46575,1911
46576,2371
46577,496
46578,1904
46579,3114
46580,3866
46581,3406
46582,3168
46583,1806
46584,1009
46585,529
46586,390
46587,971
46588,1463
46589,1746
46590,1845
46591,1886
46592,1895
46593,1893
46594,1870
46595,1891
46596,1931
46597,1933
46598,1937
46599,1920
46600,1943
46601,1933
46602,1940
46603,1921
46604,1934
46605,1927
46606,1924
46607,1904
46608,1919
46609,1904
46610,1907
46611,1858
46612,1891
46613,1901
46614,1862
46615,1839
46616,1870
46617,1877
46618,1883
46619,1855
46620,1872
46621,1888
46622,1877
46623,1856
46624,1861
46625,1872
46626,1854
46627,1853
46628,1830
46629,1850
46630,1850
46631,1868
46632,1850
46633,1860
46634,1857
46635,1845
46636,1849
46637,1861
46638,1882
46639,1867
46640,1869
46641,1853
46642,1872
46643,1858
46644,1830
46645,1837
46646,1855
46647,1859
46648,1851
46649,1845
46650,1872
46651,1877
46652,1863
46653,1856
46654,1879
46655,1907
46656,1858
46657,1852
46658,1859
46659,1840
46660,1839
46661,1827
46662,1855
46663,1854
46664,1858
46665,1823
46666,1851
46667,1877
46668,1872
46669,1857
46670,1866
46671,1888
46672,1889
46673,1863
46674,1850
46675,1855
46676,1839
46677,1849
46678,1827
46679,1854
46680,1854
46681,1878
46682,1854
46683,1871
46684,1855
46685,1867
46686,1846
46687,1862
46688,1872
46689,1849
46690,1865
46691,1853
46692,1862
46693,1854
46694,1843
46695,1839
46696,1854
46697,1872
46698,1862
46699,1851
46700,1879
46701,1883
46702,1872
46703,1856
46704,1869
46705,1879
46706,1860
46707,1840
46708,1834
46709,1846
46710,1862
46711,1849
46712,1856
46713,1861
46714,1856
46715,1877
46716,1857
46717,1876
46718,1846
46719,1849
46720,1856
46721,1881
46722,1888
46723,1879
46724,1891
46725,1898
46726,1872
46727,1813
46728,1823
46729,1845
46730,1833
46731,1808
46732,1815
46733,1854
46734,1873
46735,1871
46736,1856
46737,1863
46738,1872
46739,1866
46740,1845
46741,1847
46742,1851
46743,1870
46744,1840
46745,1841
46746,1870
46747,1869
46748,1839
46749,1857
46750,1879
46751,1876
46752,1875
46753,1855
46754,1872
46755,1875
46756,1845
46757,1861
46758,1863
46759,1866
46760,1851
46761,1833
46762,1849
46763,1870
46764,1862
46765,1831
46766,1861
46767,1843
46768,1861
46769,1849
46770,1861
46771,1872
46772,1887
46773,1829
46774,1853
46775,1856
46776,1849
46777,1840
46778,1831
46779,1856
46780,1879
46781,1854
46782,1851
46783,1868
46784,1875
46785,1887
46786,1858
46787,1875
46788,1861
46789,1860
46790,1857
46791,1851
46792,1866
46793,1858
46794,1859
46795,1840
46796,1856
46797,1863
46798,1867
46799,1845
46800,1872
46801,1874
46802,1869
46803,1854
46804,1873
46805,1882
46806,1863
46807,1843
46808,1854
46809,1861
46810,1848
46811,1840
46812,1854
46813,1864
46814,1858
46815,1856
46816,1856
46817,1865
46818,1873
46819,1856
46820,1867
46821,1872
46822,1887
46823,1865
46824,1837
46825,1855
46826,1855
46827,1850
46828,1834
46829,1856
46830,1863
46831,1884
46832,1847
46833,1869
46834,1879
46835,1903
46836,1855
46837,1876
46838,1877
46839,1871
46840,1853
46841,1841
46842,1853
46843,1880
46844,1855
46845,1840
46846,1855
46847,1877
46848,1834
46849,1855
46850,1872
46851,1872
46852,1851
46853,1856
46854,1867
46855,1861
46856,1855
46857,1851
46858,1843
46859,1856
46860,1840
46861,1825
46862,1858
46863,1866
46864,1863
46865,1887
46866,1855
46867,1879
46868,1874
46869,1872
46870,1870
46871,1882
46872,1887
46873,1872
46874,1840
46875,1857
46876,1847
46877,1847
46878,1835
46879,1859
46880,1873
46881,1849
46882,1843
46883,1872
46884,1863
46885,1882
46886,1869
46887,1859
46888,1869
46889,1869
46890,1849
46891,1860
46892,1856
46893,1846
46894,1840
46895,1840
46896,1859
46897,1850
46898,1862
46899,1858
46900,1871
46901,1878
46902,1859
46903,1858
46904,1881
46905,1878
46906,1863
46907,1852
46908,1866
46909,1856
46910,1839
46911,1811
46912,1858
46913,1878
46914,1847
46915,1837
46916,1858
46917,1863
46918,1885
46919,1856
46920,1857
46921,1872
46922,1881
46923,1843
46924,1843
46925,1867
46926,1873
46927,1858
46928,1830
46929,1859
46930,1886
46931,1853
46932,1831
46933,1873
46934,1883
46935,1866
46936,1872
46937,1867
46938,1882
46939,1875
46940,1854
46941,1856
46942,1872
46943,1843
46944,1838
46945,1840
46946,1863
46947,1870
46948,1839
46949,1845
46950,1856
46951,1868
46952,1867
46953,1855
46954,1878
46955,1888
46956,1872
46957,1850
46958,1859
46959,1841
46960,1822
46961,1840
46962,1851
46963,1871
46964,1869
46965,1841
46966,1872
46967,1867
46968,1878
46969,1863
46970,1859
46971,1872
46972,1857
46973,1872
46974,1840
46975,1847
46976,1858
46977,1837
46978,1830
46979,1858
46980,1882
46981,1857
46982,1843
46983,1872
46984,1875
46985,1896
46986,1833
46987,1872
46988,1871
46989,1868
46990,1879
46991,1850
46992,1853
46993,1870
46994,1826
46995,1840
46996,1859
46997,1889
46998,1873
46999,1858
47000,1879
47001,1887
47002,1858
47003,1858
47004,1870
47005,1871
47006,1881
47007,1847
47008,1856
47009,1853
47010,1866
47011,1817
47012,1843
47013,1858
47014,1879
47015,1839
47016,1853
47017,1870
47018,1869
47019,1860
47020,1858
47021,1874
47022,1851
47023,1870
47024,1842
47025,1845
47026,1827
47027,1835
47028,1827
47029,1851
47030,1874
47031,1885
47032,1854
47033,1871
47034,1863
47035,1865
47036,1840
47037,1867
47038,1878
47039,1886
47040,1851
47041,1855
47042,1856
47043,1843
47044,1850
47045,1845
47046,1863
47047,1897
47048,1874
47049,1857
47050,1891
47051,1895
47052,1853
47053,1859
47054,1878
47055,1869
47056,1841
47057,1849
47058,1863
47059,1870
47060,1851
47061,1830
47062,1854
47063,1861
47064,1857
47065,1881
47066,1856
47067,1874
47068,1862
47069,1863
47070,1861
47071,1872
47072,1879
47073,1861
47074,1849
47075,1867
47076,1848
47077,1850
47078,1835
47079,1857
47080,1861
47081,1840
47082,1852
47083,1875
47084,1883
47085,1846
47086,1880
47087,1878
47088,1872
47089,1901
47090,1856
47091,1850
47092,1868
47093,1858
47094,1824
47095,1840
47096,1859
47097,1872
47098,1851
47099,1856
47100,1872
47101,1887
47102,1867
47103,1861
47104,1873
47105,1875
47106,1856
47107,1856
47108,1849
47109,1856
47110,1851
47111,1860
47112,1852
47113,1862
47114,1872
47115,1847
47116,1867
47117,1872
47118,1891
47119,1850
47120,1862
47121,1862
47122,1863
47123,1843
47124,1840
47125,1854
47126,1855
47127,1842
47128,1824
47129,1853
47130,1858
47131,1863
47132,1856
47133,1889
47134,1872
47135,1915
47136,1872
47137,1869
47138,1886
47139,1895
47140,1855
47141,1851
47142,1866
47143,1851
47144,1849
47145,1851
47146,1858
47147,1870
47148,1840
47149,1859
47150,1881
47151,1878
47152,1854
47153,1858
47154,1872
47155,1871
47156,1874
47157,1844
47158,1845
47159,1862
47160,1873
47161,1840
47162,1851
47163,1872
47164,1862
47165,1853
47166,1863
47167,1893
47168,1883
47169,1881
47170,1863
47171,1876
47172,1887
47173,1870
47174,1847
47175,1862
47176,1837
47177,1813
47178,1832
47179,1856
47180,1856
47181,1867
47182,1859
47183,1863
47184,1874
47185,1901
47186,1834
47187,1867
47188,1863
47189,1871
47190,1854
47191,1861
47192,1854
47193,1842
47194,1833
47195,1840
47196,1866
47197,1871
47198,1859
47199,1863
47200,1877
47201,1878
47202,1883
47203,1856
47204,1874
47205,1891
47206,1870
47207,1845
47208,1871
47209,1856
47210,1822
47211,1820
47212,1856
47213,1873
47214,1859
47215,1844
47216,1856
47217,1873
47218,1872
47219,1845
47220,1861
47221,1877
47222,1875
47223,1859
47224,1854
47225,1850
47226,1845
47227,1847
47228,1828
47229,1856
47230,1875
47231,1870
47232,1844
47233,1866
47234,1871
47235,1886
47236,1859
47237,1865
47238,1873
47239,1905
47240,1850
47241,1850
47242,1871
47243,1872
47244,1840
47245,1831
47246,1855
47247,1885
47248,1872
47249,1848
47250,1866
47251,1873
47252,1873
47253,1855
47254,1879
47255,1887
47256,1859
47257,1856
47258,1862
47259,1850
47260,1837
47261,1833
47262,1844
47263,1872
47264,1872
47265,1840
47266,1859
47267,1886
47268,1871
47269,1858
47270,1872
47271,1891
47272,1888
47273,1887
47274,1844
47275,1854
47276,1856
47277,1857
47278,1825
47279,1857
47280,1879
47281,1873
47282,1864
47283,1872
47284,1873
47285,1879
47286,1843
47287,1869
47288,1874
47289,1871
47290,1849
47291,1855
47292,1871
47293,1861
47294,1803
47295,1846
47296,1871
47297,1863
47298,1843
47299,1854
47300,1867
47301,1872
47302,1891
47303,1858
47304,1869
47305,1889
47306,1850
47307,1851
47308,1856
47309,1856
47310,1902
47311,1861
47312,1850
47313,1870
47314,1856
47315,1857
47316,1865
47317,1870
47318,1893
47319,1844
47320,1872
47321,1875
47322,1873
47323,1861
47324,1856
47325,1856
47326,1874
47327,1840
47328,1831
47329,1859
47330,1890
47331,1874
47332,1856
47333,1865
47334,1865
47335,1857
47336,1858
47337,1871
47338,1876
47339,1859
47340,1843
47341,1849
47342,1866
47343,1870
47344,1850
47345,1843
47346,1856
47347,1874
47348,1874
47349,1860
47350,1863
47351,1857
47352,1900
47353,1859
47354,1875
47355,1904
47356,1872
47357,1842
47358,1853
47359,1860
47360,1867
47361,1813
47362,1851
47363,1858
47364,1859
47365,1868
47366,1867
47367,1887
47368,1878
47369,1861
47370,1859
47371,1873
47372,1888
47373,1878
47374,1842
47375,1865
47376,1872
47377,1819
47378,1830
47379,1856
47380,1862
47381,1889
47382,1854
47383,1873
47384,1890
47385,1877
47386,1870
47387,1867
47388,1872
47389,1889
47390,1872
47391,1851
47392,1867
47393,1838
47394,1815
47395,1834
47396,1854
47397,1851
47398,1862
47399,1859
47400,1888
47401,1875
47402,1882
47403,1859
47404,1879
47405,1873
47406,1872
47407,1847
47408,1859
47409,1854
47410,1840
47411,1831
47412,1853
47413,1865
47414,1869
47415,1907
47416,1863
47417,1872
47418,1904
47419,1852
47420,1866
47421,1872
47422,1898
47423,1831
47424,1840
47425,1854
47426,1851
47427,1841
47428,1827
47429,1854
47430,1867
47431,1851
47432,1855
47433,1872
47434,1877
47435,1854
47436,1889
47437,1867
47438,1879
47439,1893
47440,1823
47441,1858
47442,1856
47443,1862
47444,1807
47445,1841
47446,1869
47447,1858
47448,1859
47449,1857
47450,1878
47451,1874
47452,1886
47453,1863
47454,1872
47455,1889
47456,1862
47457,1842
47458,1854
47459,1856
47460,1846
47461,1840
47462,1861
47463,1866
47464,1874
47465,1841
47466,1862
47467,1875
47468,1867
47469,1854
47470,1872
47471,1884
47472,1875
47473,1872
47474,1847
47475,1854
47476,1840
47477,1841
47478,1829
47479,1858
47480,1877
47481,1877
47482,1850
47483,1877
47484,1851
47485,1842
47486,1841
47487,1871
47488,1874
47489,1878
47490,1869
47491,1854
47492,1860
47493,1861
47494,1840
47495,1840
47496,1872
47497,1866
47498,1890
47499,1854
47500,1887
47501,1872
47502,1867
47503,1862
47504,1876
47505,1872
47506,1867
47507,1840
47508,1845
47509,1860
47510,1849
47511,1843
47512,1855
47513,1872
47514,1877
47515,1885
47516,1856
47517,1858
47518,1857
47519,1873
47520,1861
47521,1886
47522,1872
47523,1881
47524,1840
47525,1858
47526,1840
47527,1853
47528,1829
47529,1856
47530,1881
47531,1853
47532,1854
47533,1872
47534,1872
47535,1872
47536,1863
47537,1867
47538,1878
47539,1853
47540,1826
47541,1849
47542,1856
47543,1872
47544,1823
47545,1830
47546,1861
47547,1851
47548,1840
47549,1839
47550,1861
47551,1881
47552,1863
47553,1861
47554,1878
47555,1892
47556,1872
47557,1853
47558,1855
47559,1854
47560,1847
47561,1813
47562,1853
47563,1859
47564,1866
47565,1851
47566,1863
47567,1866
47568,1872
47569,1840
47570,1870
47571,1870
47572,1873
47573,1897
47574,1845
47575,1859
47576,1861
47577,1853
47578,1825
47579,1857
47580,1846
47581,1841
47582,1857
47583,1872
47584,1889
47585,1861
47586,1860
47587,1882
47588,1867
47589,1854
47590,1857
47591,1847
47592,1861
47593,1855
47594,1839
47595,1840
47596,1859
47597,1872
47598,1859
47599,1863
47600,1872
47601,1856
47602,2000
47603,345
47604,1923
47605,2079
47606,2056
47607,2086
47608,2128
47609,2046
47610,1845
47611,1728
47612,1923
47613,2160
47614,2070
47615,1887
47616,1814
47617,1847
47618,1872
47619,1872
47620,1875
47621,1872
47622,1899
47623,1840
47624,1856
47625,1858
47626,1858
47627,1848
47628,1815
47629,1842
47630,1830
47631,1817
47632,1823
47633,1840
47634,144
47635,1789
47636,2000
47637,2035
47638,2134
47639,2123
47640,1984
47641,1792
47642,1691
47643,1993
47644,2066
47645,1983
47646,1890
47647,1882
47648,1869
47649,1907
47650,1925
47651,1909
47652,1936
47653,1890
47654,1905
47655,1903
47656,1867
47657,1833
47658,1847
47659,1822
47660,1815
47661,1779
47662,1822
47663,1833
47664,1850
47665,42
47666,1763
47667,2032
47668,2080
47669,2179
47670,2192
47671,2028
47672,1774
47673,1693
47674,1902
47675,2023
47676,1946
47677,1856
47678,1856
47679,1921
47680,1911
47681,1894
47682,1904
47683,1904
47684,1904
47685,1907
47686,1879
47687,1872
47688,1844
47689,1842
47690,1819
47691,1819
47692,1814
47693,1818
47694,1798
47695,1807
47696,0
47697,1713
47698,1982
47699,2086
47700,2270
47701,2249
47702,2037
47703,1751
47704,1717
47705,1903
47706,1945
47707,1847
47708,1818
47709,1878
47710,1918
47711,1893
47712,1904
47713,1913
47714,1939
47715,1917
47716,1873
47717,1873
47718,1855
47719,1862
47720,1850
47721,1865
47722,1872
47723,1841
47724,1813
47725,1830
47726,1814
47727,45
47728,1502
47729,2000
47730,2150
47731,2224
47732,2177
47733,2065
47734,1901
47735,1878
47736,1952
47737,1934
47738,1786
47739,1753
47740,1793
47741,1873
47742,1901
47743,1920
47744,1859
47745,1879
47746,1891
47747,1915
47748,1863
47749,1845
47750,1846
47751,1873
47752,1842
47753,1829
47754,1840
47755,1856
47756,1840
47757,1829
47758,349
47759,1395
47760,1989
47761,2174
47762,2314
47763,2282
47764,2142
47765,1934
47766,1826
47767,1927
47768,1829
47769,1714
47770,1755
47771,1857
47772,1911
47773,1920
47774,1924
47775,1919
47776,1921
47777,1889
47778,1855
47779,1856
47780,1851
47781,1851
47782,1840
47783,1857
47784,1847
47785,1854
47786,1818
47787,1842
47788,1867
47789,618
47790,1231
47791,1999
47792,2271
47793,2365
47794,2275
47795,2159
47796,1917
47797,1808
47798,1891
47799,1757
47800,1698
47801,1753
47802,1831
47803,1891
47804,1940
47805,1936
47806,1935
47807,1904
47808,1902
47809,1883
47810,1841
47811,1803
47812,1839
47813,1831
47814,1844
47815,1842
47816,1845
47817,1865
47818,1856
47819,1843
47820,1330
47821,1248
47822,2054
47823,2307
47824,2439
47825,2466
47826,2324
47827,1967
47828,1936
47829,1898
47830,1609
47831,1524
47832,1535
47833,1683
47834,1829
47835,1883
47836,1902
47837,1933
47838,1926
47839,1922
47840,1904
47841,1856
47842,1855
47843,1839
47844,1801
47845,1823
47846,1842
47847,1849
47848,1839
47849,1861
47850,1888
47851,2615
47852,841
47853,2007
47854,2542
47855,2902
47856,2912
47857,2608
47858,2080
47859,1890
47860,1600
47861,1267
47862,1134
47863,1249
47864,1463
47865,1694
47866,1849
47867,1925
47868,1931
47869,1909
47870,1903
47871,1899
47872,1889
47873,1845
47874,1847
47875,1857
47876,1870
47877,1855
47878,1847
47879,1873
47880,1886
47881,1894
47882,2471
47883,725
47884,2061
47885,2893
47886,3534
47887,3345
47888,2864
47889,2067
47890,1773
47891,1277
47892,837
47893,751
47894,919
47895,1358
47896,1723
47897,1849
47898,1888
47899,1901
47900,1926
47901,1918
47902,1914
47903,1887
47904,1888
47905,1885
47906,1859
47907,1857
47908,1858
47909,1878
47910,1885
47911,1851
47912,1887
47913,2117
47914,474
47915,1956
47916,3249
47917,3713
47918,3325
47919,3040
47920,2754
47921,1697
47922,886
47923,329
47924,153
47925,720
47926,1422
47927,1728
47928,1814
47929,1887
47930,1907
47931,1934
47932,1914
47933,1937
47934,1920
47935,1965
47936,1922
47937,1909
47938,1903
47939,1919
47940,1903
47941,1894
47942,1895
47943,1885
47944,1974
47945,369
47946,1968
47947,3437
47948,3691
47949,3361
47950,3093
47951,2691
47952,1531
47953,605
47954,0
47955,80
47956,833
47957,1488
47958,1794
47959,1894
47960,1952
47961,1945
47962,1950
47963,1949
47964,1948
47965,1919
47966,1926
47967,1935
47968,1954
47969,1959
47970,1952
47971,1936
47972,1930
47973,1919
47974,1923
47975,1932
47976,38
47977,1776
47978,3115
47979,3873
47980,3496
47981,3200
47982,2658
47983,1451
47984,549
47985,0
47986,50
47987,925
47988,1563
47989,1837
47990,1904
47991,1936
47992,1971
47993,1963
47994,1927
47995,1916
47996,1935
47997,1970
47998,1937
47999,1878
48000,1893
48001,1919
48002,1970
48003,1987
48004,1986
48005,1957
48006,1950
48007,161
48008,1851
48009,3001
48010,3839
48011,3507
48012,3203
48013,2469
48014,1357
48015,482
48016,0
48017,158
48018,1048
48019,1664
48020,1843
48021,1939
48022,1968
48023,1926
48024,1936
48025,1949
48026,1958
48027,1911
48028,1914
48029,1936
48030,1952
48031,1935
48032,1932
48033,1945
48034,1954
48035,1936
48036,1923
48037,1946
48038,0
48039,1704
48040,2773
48041,3932
48042,3635
48043,3230
48044,2597
48045,1341
48046,399
48047,0
48048,233
48049,1133
48050,1680
48051,1894
48052,1927
48053,1955
48054,1968
48055,1967
48056,1936
48057,1933
48058,1951
48059,1965
48060,1936
48061,1906
48062,1871
48063,1889
48064,1969
48065,1983
48066,1987
48067,1967
48068,1987
48069,251
48070,1499
48071,2611
48072,4030
48073,3599
48074,3299
48075,2542
48076,1291
48077,506
48078,0
48079,309
48080,1168
48081,1616
48082,1829
48083,1924
48084,1955
48085,1963
48086,1962
48087,1951
48088,1963
48089,1958
48090,1965
48091,1947
48092,1936
48093,1955
48094,1915
48095,1925
48096,1945
48097,1969
48098,1937
48099,1917
48100,354
48101,1488
48102,2436
48103,4034
48104,3714
48105,3338
48106,2740
48107,1406
48108,451
48109,0
48110,301
48111,1150
48112,1643
48113,1851
48114,1935
48115,1920
48116,1947
48117,1947
48118,1933
48119,1940
48120,1955
48121,1977
48122,1972
48123,1942
48124,1936
48125,1945
48126,1946
48127,1933
48128,1910
48129,1925
48130,1939
48131,1482
48132,1106
48133,2287
48134,4048
48135,3797
48136,3391
48137,2773
48138,1376
48139,543
48140,0
48141,304
48142,1130
48143,1563
48144,1771
48145,1878
48146,1926
48147,1951
48148,1929
48149,1933
48150,1940
48151,1954
48152,1974
48153,1959
48154,1978
48155,1968
48156,1952
48157,1939
48158,1949
48159,1945
48160,1961
48161,1906
48162,2446
48163,995
48164,2157
48165,3967
48166,3829
48167,3442
48168,2982
48169,1423
48170,543
48171,0
48172,258
48173,1064
48174,1600
48175,1827
48176,1899
48177,1933
48178,1933
48179,1949
48180,1961
48181,1952
48182,1951
48183,1978
48184,1983
48185,1975
48186,1958
48187,1974
48188,1984
48189,1935
48190,1953
48191,1911
48192,1936
48193,2707
48194,738
48195,2006
48196,3930
48197,3939
48198,3467
48199,3087
48200,1433
48201,558
48202,0
48203,240
48204,1098
48205,1616
48206,1819
48207,1905
48208,1946
48209,1959
48210,1938
48211,1906
48212,1952
48213,1945
48214,1979
48215,2066
48216,2025
48217,1967
48218,1927
48219,1909
48220,1922
48221,1945
48222,1963
48223,1918
48224,1905
48225,1915
48226,1927
48227,1899
48228,1886
48229,1897
48230,1923
48231,1877
48232,1882
48233,1895
48234,1881
48235,1870
48236,1859
48237,1885
48238,1883
48239,1884
48240,1852
48241,1853
48242,1859
48243,1833
48244,1850
48245,1842
48246,1859
48247,1865
48248,1842
48249,1855
48250,1872
48251,1870
48252,1887
48253,1867
48254,1872
48255,1868
48256,1874
48257,1839
48258,1842
48259,1845
48260,1887
48261,1829
48262,1856
48263,1872
48264,1867
48265,1872
48266,1846
48267,1856
48268,1886
48269,1862
48270,1867
48271,1861
48272,1868
48273,1872
48274,1856
48275,1866
48276,1882
48277,1851
48278,1840
48279,1858
48280,1873
48281,1872
48282,1856
48283,1869
48284,1872
48285,1867
48286,1862
48287,1878
48288,1887
48289,1857
48290,1867
48291,1857
48292,1848
48293,1847
48294,1815
48295,1839
48296,1856
48297,1842
48298,1831
48299,1863
48300,1891
48301,1882
48302,1898
48303,1870
48304,1878
48305,1887
48306,1861
48307,1859
48308,1872
48309,1873
48310,1864
48311,1858
48312,1862
48313,1872
48314,1859
48315,1865
48316,1867
48317,1894
48318,1879
48319,1872
48320,1872
48321,1879
48322,1903
48323,1863
48324,1856
48325,1858
48326,1866
48327,1849
48328,1840
48329,1856
48330,1870
48331,1858
48332,1854
48333,1875
48334,1876
48335,1865
48336,1865
48337,1866
48338,1866
48339,1847
48340,1851
48341,1840
48342,1860
48343,1865
48344,1877
48345,1865
48346,1861
48347,1845
48348,1859
48349,1827
48350,1838
48351,1840
48352,1867
48353,1846
48354,1854
48355,1862
48356,1821
48357,1836
48358,1847
48359,1839
48360,1840
48361,1831
48362,1841
48363,1854
48364,1855
48365,1830
48366,1847
48367,1851
48368,1854
48369,1864
48370,1851
48371,1873
48372,1885
48373,1834
48374,1851
48375,1847
48376,1872
48377,1840
48378,1839
48379,1854
48380,1872
48381,1857
48382,1851
48383,1860
48384,1861
48385,1839
48386,1839
48387,1858
48388,1857
48389,1877
48390,1859
48391,1853
48392,1843
48393,1840
48394,1875
48395,1849
48396,1869
48397,1881
48398,1844
48399,1856
48400,1866
48401,1843
48402,1855
48403,1855
48404,1866
48405,1872
48406,1842
48407,1842
48408,1858
48409,1851
48410,1859
48411,1829
48412,1853
48413,1856
48414,1856
48415,1820
48416,1857
48417,1877
48418,1840
48419,1880
48420,1859
48421,1868
48422,1880
48423,1849
48424,1855
48425,1841
48426,1846
48427,1873
48428,1838
48429,1856
48430,1859
48431,1865
48432,1841
48433,1869
48434,1869
48435,1843
48436,1888
48437,1866
48438,1873
48439,1861
48440,1854
48441,1860
48442,1859
48443,1856
48444,1829
48445,1841
48446,1868
48447,1856
48448,1853
48449,1842
48450,1862
48451,1863
48452,1866
48453,1856
48454,1872
48455,1875
48456,1875
48457,1855
48458,1854
48459,1861
48460,1850
48461,1838
48462,1855
48463,1869
48464,1885
48465,1863
48466,1871
48467,1862
48468,1883
48469,1851
48470,1862
48471,1866
48472,1875
48473,1877
48474,1847
48475,1857
48476,1856
48477,1835
48478,1823
48479,1855
48480,1861
48481,1847
48482,1859
48483,1863
48484,1863
48485,1857
48486,1839
48487,1874
48488,1874
48489,1873
48490,1870
48491,1855
48492,1846
48493,1827
48494,1869
48495,1842
48496,1867
48497,1872
48498,1854
48499,1850
48500,1874
48501,1863
48502,1840
48503,1857
48504,1867
48505,1878
48506,1872
48507,1851
48508,1857
48509,1859
48510,1858
48511,1841
48512,1849
48513,1859
48514,1855
48515,1841
48516,1861
48517,1873
48518,1870
48519,1863
48520,1871
48521,1870
48522,1882
48523,1865
48524,1842
48525,1868
48526,1871
48527,1833
48528,1839
48529,1859
48530,1869
48531,1873
48532,1838
48533,1870
48534,1861
48535,1878
48536,1850
48537,1870
48538,1868
48539,1862
48540,1838
48541,1845
48542,1869
48543,1840
48544,1840
48545,1844
48546,1866
48547,1876
48548,1831
48549,1851
48550,1879
48551,1879
48552,1877
48553,1855
48554,1872
48555,1887
48556,1868
48557,1850
48558,1853
48559,1859
48560,1870
48561,1819
48562,1850
48563,1861
48564,1865
48565,1840
48566,1848
48567,1867
48568,1862
48569,1861
48570,1861
48571,1874
48572,1894
48573,1873
48574,1854
48575,1853
48576,1850
48577,1837
48578,1835
48579,1857
48580,1865
48581,1872
48582,1851
48583,1856
48584,1873
48585,1869
48586,1872
48587,1870
48588,1874
48589,1868
48590,1866
48591,1853
48592,1864
48593,1847
48594,1849
48595,1846
48596,1860
48597,1872
48598,1857
48599,1859
48600,1872
48601,1893
48602,1866
48603,1856
48604,1872
48605,1883
48606,1867
48607,1847
48608,1855
48609,1872
48610,1861
48611,1837
48612,1851
48613,1854
48614,1863
48615,1877
48616,1861
48617,1870
48618,1867
48619,1856
48620,1862
48621,1857
48622,1867
48623,1808
48624,1841
48625,1859
48626,1857
48627,1811
48628,1828
48629,1855
48630,1847
48631,1843
48632,1845
48633,1879
48634,1879
48635,1887
48636,1857
48637,1871
48638,1872
48639,1865
48640,1857
48641,1856
48642,1853
48643,1861
48644,1834
48645,1840
48646,1863
48647,1872
48648,1821
48649,1845
48650,1871
48651,1884
48652,1862
48653,1856
48654,1864
48655,1857
48656,1869
48657,1838
48658,1859
48659,1852
48660,1840
48661,1863
48662,1847
48663,1872
48664,1854
48665,1869
48666,1872
48667,1888
48668,1871
48669,1859
48670,1859
48671,1868
48672,1855
48673,1872
48674,1850
48675,1844
48676,1853
48677,1840
48678,1834
48679,1856
48680,1868
48681,1854
48682,1856
48683,1871
48684,1873
48685,1858
48686,1860
48687,1867
48688,1871
48689,1878
48690,1856
48691,1845
48692,1856
48693,1871
48694,1803
48695,1834
48696,1862
48697,1891
48698,1852
48699,1862
48700,1868
48701,1877
48702,1847
48703,1855
48704,1872
48705,1903
48706,1872
48707,1851
48708,1854
48709,1857
48710,1846
48711,1839
48712,1858
48713,1858
48714,1865
48715,1851
48716,1863
48717,1856
48718,1845
48719,1868
48720,1859
48721,1868
48722,1882
48723,1872
48724,1855
48725,1846
48726,1849
48727,1845
48728,1835
48729,1857
48730,1840
48731,1872
48732,1837
48733,1869
48734,1879
48735,1886
48736,1852
48737,1868
48738,1873
48739,1870
48740,1871
48741,1854
48742,1840
48743,1846
48744,1829
48745,1834
48746,1857
48747,1873
48748,1882
48749,1841
48750,1854
48751,1855
48752,1871
48753,1861
48754,1872
48755,1899
48756,1882
48757,1859
48758,1857
48759,1855
48760,1851
48761,1826
48762,1841
48763,1859
48764,1845
48765,1860
48766,1872
48767,1872
48768,1885
48769,1873
48770,1872
48771,1883
48772,1883
48773,1852
48774,1850
48775,1855
48776,1845
48777,1840
48778,1822
48779,1853
48780,1853
48781,1844
48782,1846
48783,1868
48784,1874
48785,1870
48786,1851
48787,1872
48788,1870
48789,1888
48790,1843
48791,1853
48792,1853
48793,1849
48794,1843
48795,1840
48796,1857
48797,1856
48798,1862
48799,1853
48800,1872
48801,1842
48802,1887
48803,1857
48804,1865
48805,1870
48806,1831
48807,1839
48808,1851
48809,1862
48810,1874
48811,1823
48812,1854
48813,1867
48814,1856
48815,1882
48816,1867
48817,1873
48818,1875
48819,1868
48820,1863
48821,1879
48822,1877
48823,1842
48824,1856
48825,1846
48826,1852
48827,1850
48828,1833
48829,1856
48830,1882
48831,1872
48832,1856
48833,1874
48834,1872
48835,1840
48836,1855
48837,1865
48838,1879
48839,1883
48840,1840
48841,1853
48842,1851
48843,1858
48844,1853
48845,1840
48846,1868
48847,1872
48848,1863
48849,1853
48850,1863
48851,1876
48852,1875
48853,1868
48854,1877
48855,1888
48856,1855
48857,1850
48858,1867
48859,1855
48860,1849
48861,1856
48862,1861
48863,1863
48864,1874
48865,1874
48866,1865
48867,1873
48868,1873
48869,1869
48870,1870
48871,1877
48872,1877
48873,1835
48874,1856
48875,1871
48876,1883
48877,1859
48878,1840
48879,1862
48880,1867
48881,1857
48882,1860
48883,1867
48884,1888
48885,1849
48886,1872
48887,1869
48888,1875
48889,1883
48890,1884
48891,1856
48892,1856
48893,1840
48894,1832
48895,1835
48896,1853
48897,1861
48898,1867
48899,1853
48900,1882
48901,1866
48902,1874
48903,1856
48904,1872
48905,1859
48906,1877
48907,1856
48908,1842
48909,1860
48910,1851
48911,1859
48912,1842
48913,1873
48914,1856
48915,1864
48916,1856
48917,1873
48918,1838
48919,1856
48920,1856
48921,1870
48922,1888
48923,1865
48924,1843
48925,1856
48926,1854
48927,1840
48928,1829
48929,1847
48930,1857
48931,1846
48932,1859
48933,1862
48934,1871
48935,1879
48936,1866
48937,1870
48938,1886
48939,1861
48940,1869
48941,1855
48942,1869
48943,1853
48944,1828
48945,1840
48946,1852
48947,1878
48948,1861
48949,1858
48950,1873
48951,1877
48952,1879
48953,1858
48954,1872
48955,1859
48956,1871
48957,1838
48958,1842
48959,1853
48960,1845
48961,1828
48962,1852
48963,1862
48964,1845
48965,1839
48966,1858
48967,1877
48968,1880
48969,1854
48970,1861
48971,1872
48972,1891
48973,1867
48974,1854
48975,1857
48976,1848
48977,1834
48978,1834
48979,1856
48980,1853
48981,1859
48982,1845
48983,1871
48984,1872
48985,1889
48986,1859
48987,1866
48988,1881
48989,1859
48990,1841
48991,1851
48992,1858
48993,1843
48994,1829
48995,1841
48996,1867
48997,1869
48998,1839
48999,1862
49000,1862
49001,1847
49002,1856
49003,1856
49004,1873
49005,1872
49006,1856
49007,1842
49008,1861
49009,1853
49010,1879
49011,1863
49012,1856
49013,1872
49014,1847
49015,1845
49016,1869
49017,1875
49018,1866
49019,1858
49020,1865
49021,1868
49022,1878
49023,1842
49024,1849
49025,1865
49026,1866
49027,1840
49028,1835
49029,1856
49030,1862
49031,1878
49032,1845
49033,1866
49034,1875
49035,1854
49036,1863
49037,1872
49038,1863
49039,1879
49040,1857
49041,1850
49042,1851
49043,1872
49044,1813
49045,1839
49046,1847
49047,1852
49048,1857
49049,1843
49050,1862
49051,1872
49052,1862
49053,1856
49054,1871
49055,1886
49056,1867
49057,1851
49058,1862
49059,1850
49060,1872
49061,1850
49062,1844
49063,1856
49064,1866
49065,1895
49066,1859
49067,1882
49068,1857
49069,1868
49070,1863
49071,1887
49072,1884
49073,1830
49074,1841
49075,1862
49076,1846
49077,1839
49078,1826
49079,1854
49080,1856
49081,1872
49082,1851
49083,1875
49084,1881
49085,1877
49086,1855
49087,1872
49088,1879
49089,1859
49090,1857
49091,1857
49092,1859
49093,1856
49094,1839
49095,1840
49096,1850
49097,1872
49098,1840
49099,1861
49100,1882
49101,1876
49102,1877
49103,1858
49104,1869
49105,1870
49106,1853
49107,1841
49108,1855
49109,1866
49110,1845
49111,1841
49112,1860
49113,1869
49114,1859
49115,1854
49116,1861
49117,1883
49118,1840
49119,1871
49120,1861
49121,1861
49122,1875
49123,1851
49124,1847
49125,1859
49126,1856
49127,1842
49128,1831
49129,1853
49130,1850
49131,1873
49132,1855
49133,1867
49134,1871
49135,1870
49136,1847
49137,1872
49138,1872
49139,1869
49140,1856
49141,1840
49142,1865
49143,1856
49144,1809
49145,1841
49146,1872
49147,1882
49148,1869
49149,1856
49150,1866
49151,1871
49152,1868
49153,1851
49154,1867
49155,1867
49156,1856
49157,1856
49158,1869
49159,1849
49160,1843
49161,1808
49162,1851
49163,1871
49164,1854
49165,1848
49166,1856
49167,1885
49168,1872
49169,1863
49170,1863
49171,1870
49172,1879
49173,1867
49174,1861
49175,1868
49176,1848
49177,1850
49178,1831
49179,1851
49180,1857
49181,1840
49182,1854
49183,1875
49184,1872
49185,1926
49186,1841
49187,1870
49188,1871
49189,1872
49190,1843
49191,1857
49192,1873
49193,1822
49194,1831
49195,1830
49196,1854
49197,1884
49198,1846
49199,1858
49200,1894
49201,1901
49202,1867
49203,1859
49204,1874
49205,1878
49206,1872
49207,1855
49208,1855
49209,1859
49210,1868
49211,1851
49212,1847
49213,1856
49214,1855
49215,1904
49216,1869
49217,1881
49218,1887
49219,2715
49220,737
49221,1973
49222,2031
49223,1973
49224,2025
49225,2097
49226,2007
49227,1905
49228,1852
49229,2061
49230,2243
49231,2047
49232,1840
49233,1776
49234,1808
49235,1818
49236,1827
49237,1847
49238,1871
49239,1875
49240,1863
49241,1867
49242,1868
49243,1870
49244,1818
49245,1805
49246,1814
49247,1817
49248,1808
49249,1821
49250,1939
49251,318
49252,1835
49253,2000
49254,2037
49255,2160
49256,2165
49257,2073
49258,1911
49259,1865
49260,2093
49261,2075
49262,1891
49263,1767
49264,1751
49265,1808
49266,1836
49267,1859
49268,1875
49269,1854
49270,1882
49271,1894
49272,1904
49273,1845
49274,1838
49275,1856
49276,1834
49277,1841
49278,1810
49279,1836
49280,1845
49281,1870
49282,15
49283,1774
49284,2046
49285,2119
49286,2211
49287,2245
49288,2123
49289,1886
49290,1717
49291,1927
49292,1957
49293,1843
49294,1764
49295,1806
49296,1893
49297,1916
49298,1907
49299,1900
49300,1918
49301,1923
49302,1891
49303,1872
49304,1873
49305,1887
49306,1835
49307,1833
49308,1837
49309,1828
49310,1809
49311,1797
49312,1831
49313,0
49314,1701
49315,2022
49316,2166
49317,2364
49318,2357
49319,2164
49320,1872
49321,1713
49322,1850
49323,1834
49324,1790
49325,1807
49326,1870
49327,1920
49328,1920
49329,1968
49330,1968
49331,1936
49332,1936
49333,1952
49334,1932
49335,1910
49336,1875
49337,1893
49338,1893
49339,1892
49340,1855
49341,1850
49342,1855
49343,1851
49344,7
49345,1680
49346,2033
49347,2195
49348,2239
49349,2166
49350,2057
49351,1831
49352,1816
49353,1949
49354,1921
49355,1794
49356,1770
49357,1813
49358,1874
49359,1900
49360,1922
49361,1872
49362,1886
49363,1894
49364,1873
49365,1849
49366,1835
49367,1839
49368,1847
49369,1819
49370,1813
49371,1819
49372,1828
49373,1827
49374,1808
49375,0
49376,1531
49377,1995
49378,2189
49379,2305
49380,2303
49381,2224
49382,1949
49383,1836
49384,1936
49385,1744
49386,1599
49387,1631
49388,1731
49389,1812
49390,1859
49391,1881
49392,1882
49393,1883
49394,1863
49395,1859
49396,1839
49397,1840
49398,1813
49399,1831
49400,1855
49401,1872
49402,1869
49403,1850
49404,1856
49405,1867
49406,480
49407,1330
49408,2007
49409,2288
49410,2425
49411,2515
49412,2431
49413,2005
49414,1847
49415,1857
49416,1577
49417,1457
49418,1498
49419,1626
49420,1755
49421,1875
49422,1902
49423,1911
49424,1897
49425,1908
49426,1888
49427,1857
49428,1836
49429,1847
49430,1844
49431,1867
49432,1842
49433,1867
49434,1861
49435,1890
49436,1854
49437,726
49438,1380
49439,2140
49440,2519
49441,2741
49442,2739
49443,2413
49444,1872
49445,1798
49446,1569
49447,1296
49448,1229
49449,1406
49450,1621
49451,1808
49452,1898
49453,1904
49454,1935
49455,1931
49456,1910
49457,1882
49458,1866
49459,1848
49460,1856
49461,1826
49462,1847
49463,1862
49464,1840
49465,1897
49466,1866
49467,1887
49468,1843
49469,999
49470,2183
49471,2981
49472,3302
49473,3130
49474,2559
49475,1906
49476,1680
49477,1302
49478,913
49479,870
49480,1075
49481,1425
49482,1711
49483,1851
49484,1918
49485,1959
49486,1925
49487,1933
49488,1913
49489,1906
49490,1907
49491,1867
49492,1875
49493,1884
49494,1872
49495,1862
49496,1880
49497,1885
49498,1892
49499,2270
49500,1034
49501,2229
49502,3581
49503,4061
49504,3632
49505,3312
49506,1994
49507,1407
49508,731
49509,325
49510,411
49511,791
49512,1386
49513,1703
49514,1810
49515,1855
49516,1900
49517,1919
49518,1911
49519,1893
49520,1874
49521,1863
49522,1872
49523,1905
49524,1922
49525,1930
49526,1911
49527,1904
49528,1884
49529,1903
49530,2754
49531,730
49532,2159
49533,4095
49534,4095
49535,3602
49536,3262
49537,2189
49538,1132
49539,395
49540,52
49541,155
49542,777
49543,1429
49544,1728
49545,1849
49546,1918
49547,1952
49548,1966
49549,1960
49550,1974
49551,1962
49552,1949
49553,1943
49554,1953
49555,1955
49556,1920
49557,1918
49558,1917
49559,1930
49560,1936
49561,2191
49562,523
49563,2033
49564,4095
49565,4095
49566,3649
49567,3278
49568,2096
49569,1051
49570,305
49571,0
49572,89
49573,851
49574,1498
49575,1798
49576,1909
49577,1922
49578,1960
49579,1989
49580,2010
49581,1987
49582,1985
49583,1999
49584,1959
49585,1902
49586,1871
49587,1920
49588,2015
49589,2035
49590,2002
49591,1959
49592,1955
49593,290
49594,1879
49595,3888
49596,4095
49597,3698
49598,3398
49599,2093
49600,1089
49601,304
49602,0
49603,242
49604,1040
49605,1584
49606,1795
49607,1891
49608,1943
49609,1968
49610,1958
49611,1946
49612,1957
49613,1970
49614,1963
49615,1954
49616,1966
49617,1978
49618,1957
49619,1947
49620,1930
49621,1939
49622,1950
49623,1918
49624,113
49625,1856
49626,3228
49627,4095
49628,3734
49629,3359
49630,2227
49631,1194
49632,478
49633,0
49634,212
49635,1072
49636,1584
49637,1808
49638,1904
49639,1946
49640,1919
49641,1959
49642,1984
49643,2007
49644,1946
49645,1905
49646,1958
49647,1954
49648,1950
49649,1898
49650,1907
49651,1941
49652,1935
49653,1925
49654,1936
49655,0
49656,1728
49657,2821
49658,4095
49659,3791
49660,3376
49661,2510
49662,1205
49663,421
49664,0
49665,279
49666,1104
49667,1602
49668,1841
49669,1897
49670,1938
49671,1980
49672,1981
49673,1977
49674,1947
49675,1973
49676,1963
49677,1957
49678,1938
49679,1966
49680,1969
49681,1909
49682,1892
49683,1919
49684,1936
49685,1941
49686,0
49687,1643
49688,2722
49689,4095
49690,3819
49691,3417
49692,2425
49693,1231
49694,484
49695,0
49696,309
49697,1104
49698,1563
49699,1801
49700,1903
49701,1952
49702,1952
49703,1968
49704,1976
49705,1986
49706,1981
49707,1998
49708,1899
49709,1871
49710,1851
49711,1865
49712,1961
49713,2001
49714,1993
49715,1936
49716,1919
49717,59
49718,1587
49719,2686
49720,4095
49721,3887
49722,3427
49723,2559
49724,1210
49725,350
49726,0
49727,336
49728,1130
49729,1623
49730,1823
49731,1904
49732,1936
49733,1978
49734,1982
49735,1951
49736,1953
49737,1963
49738,1968
49739,1979
49740,1963
49741,1929
49742,1931
49743,1918
49744,1901
49745,1910
49746,1914
49747,1930
49748,678
49749,1344
49750,2400
49751,4095
49752,3903
49753,3509
49754,2743
49755,1203
49756,432
49757,0
49758,304
49759,1101
49760,1595
49761,1763
49762,1885
49763,1936
49764,1958
49765,1933
49766,1979
49767,2001
49768,2068
49769,2057
49770,2073
49771,2034
49772,1924
49773,1807
49774,1813
49775,1855
49776,1877
49777,1904
49778,1887
49779,973
49780,1312
49781,2288
49782,4095
49783,3984
49784,3521
49785,2899
49786,1238
49787,430
49788,0
49789,357
49790,1152
49791,1619
49792,1817
49793,1899
49794,1914
49795,1933
49796,1968
49797,1958
49798,1921
49799,1958
49800,1943
49801,1947
49802,1967
49803,1988
49804,1996
49805,1967
49806,1936
49807,1937
49808,1915
49809,1920
49810,2182
49811,1023
49812,2096
49813,3946
49814,4091
49815,3540
49816,3012
49817,1298
49818,598
49819,16
49820,309
49821,1086
49822,1575
49823,1766
49824,1851
49825,1906
49826,1931
49827,1966
49828,1915
49829,1931
49830,1943
49831,1953
49832,1935
49833,1958
49834,1955
49835,1951
49836,1949
49837,1950
49838,1955
49839,1939
49840,1920
49841,1908
49842,1897
49843,1903
49844,1891
49845,1878
49846,1888
49847,1892
49848,1861
49849,1873
49850,1894
49851,1892
49852,1886
49853,1868
49854,1872
49855,1867
49856,1882
49857,1866
49858,1859
49859,1872
49860,1846
49861,1853
49862,1845
49863,1863
49864,1859
49865,1840
49866,1844
49867,1859
49868,1855
49869,1846
49870,1861
49871,1892
49872,1898
49873,1839
49874,1850
49875,1840
49876,1810
49877,1803
49878,1814
49879,1850
49880,1859
49881,1856
49882,1856
49883,1856
49884,1867
49885,1834
49886,1852
49887,1855
49888,1861
49889,1894
49890,1905
49891,1872
49892,1856
49893,1855
49894,1854
49895,1841
49896,1863
49897,1867
49898,1849
49899,1857
49900,1867
49901,1863
49902,1872
49903,1860
49904,1872
49905,1877
49906,1902
49907,1872
49908,1870
49909,1857
49910,1853
49911,1842
49912,1840
49913,1854
49914,1860
49915,1842
49916,1855
49917,1860
49918,1867
49919,1867
49920,1854
49921,1882
49922,1871
49923,1860
49924,1858
49925,1863
49926,1855
49927,1845
49928,1841
49929,1856
49930,1854
49931,1869
49932,1842
49933,1862
49934,1867
49935,1866
49936,1857
49937,1867
49938,1874
49939,1872
49940,1855
49941,1853
49942,1859
49943,1859
49944,1830
49945,1839
49946,1849
49947,1883
49948,1845
49949,1856
49950,1862
49951,1873
49952,1873
49953,1867
49954,1872
49955,1886
49956,1867
49957,1856
49958,1857
49959,1877
49960,1877
49961,1918
49962,1931
49963,1926
49964,1899
49965,1834
49966,1823
49967,1782
49968,1766
49969,1806
49970,1834
49971,1872
49972,1893
49973,1902
49974,1875
49975,1878
49976,1872
49977,1878
49978,1878
49979,1910
49980,1902
49981,1842
49982,1813
49983,1798
49984,1787
49985,1803
49986,1847
49987,1887
49988,1920
49989,1904
49990,1891
49991,1847
49992,1842
49993,1819
49994,1821
49995,1843
49996,1875
49997,1862
49998,1843
49999,1859
50000,1888
50001,1869
50002,1865
50003,1862
50004,1872
50005,1877
50006,1879
50007,1859
50008,1855
50009,1862
50010,1850
50011,1850
50012,1859
50013,1869
50014,1867
50015,1872
50016,1857
50017,1869
50018,1883
50019,1840
50020,1862
50021,1867
50022,1861
50023,1847
50024,1856
50025,1860
50026,1868
50027,1830
50028,1838
50029,1855
50030,1872
50031,1839
50032,1855
50033,1865
50034,1872
50035,1882
50036,1858
50037,1871
50038,1872
50039,1870
50040,1843
50041,1850
50042,1856
50043,1866
50044,1854
50045,1841
50046,1861
50047,1859
50048,1876
50049,1863
50050,1865
50051,1873
50052,1900
50053,1862
50054,1877
50055,1866
50056,1872
50057,1865
50058,1855
50059,1856
50060,1845
50061,1852
50062,1847
50063,1863
50064,1840
50065,1840
50066,1869
50067,1867
50068,1890
50069,1879
50070,1872
50071,1868
50072,1878
50073,1839
50074,1856
50075,1840
50076,1870
50077,1862
50078,1840
50079,1859
50080,1872
50081,1866
50082,1856
50083,1863
50084,1887
50085,1862
50086,1859
50087,1872
50088,1885
50089,1866
50090,1879
50091,1857
50092,1874
50093,1858
50094,1830
50095,1840
50096,1854
50097,1858
50098,1883
50099,1856
50100,1873
50101,1868
50102,1857
50103,1859
50104,1873
50105,1879
50106,1859
50107,1867
50108,1847
50109,1861
50110,1824
50111,1838
50112,1850
50113,1862
50114,1869
50115,1853
50116,1859
50117,1872
50118,1891
50119,1872
50120,1856
50121,1866
50122,1859
50123,1830
50124,1847
50125,1845
50126,1858
50127,1851
50128,1831
50129,1850
50130,1863
50131,1853
50132,1855
50133,1867
50134,1870
50135,1893
50136,1872
50137,1871
50138,1882
50139,1872
50140,1867
50141,1856
50142,1857
50143,1851
50144,1837
50145,1840
50146,1867
50147,1860
50148,1843
50149,1847
50150,1867
50151,1879
50152,1854
50153,1855
50154,1866
50155,1872
50156,1875
50157,1865
50158,1843
50159,1847
50160,1850
50161,1839
50162,1840
50163,1854
50164,1875
50165,1865
50166,1863
50167,1871
50168,1874
50169,1849
50170,1859
50171,1865
50172,1872
50173,1862
50174,1850
50175,1853
50176,1856
50177,1843
50178,1833
50179,1856
50180,1867
50181,1867
50182,1861
50183,1856
50184,1872
50185,1898
50186,1867
50187,1872
50188,1876
50189,1857
50190,1869
50191,1861
50192,1859
50193,1864
50194,1840
50195,1839
50196,1872
50197,1872
50198,1846
50199,1860
50200,1874
50201,1886
50202,1859
50203,1857
50204,1875
50205,1890
50206,1853
50207,1843
50208,1850
50209,1865
50210,1850
50211,1870
50212,1845
50213,1862
50214,1854
50215,1904
50216,1853
50217,1873
50218,1869
50219,1871
50220,1863
50221,1872
50222,1882
50223,1872
50224,1851
50225,1871
50226,1853
50227,1840
50228,1834
50229,1857
50230,1860
50231,1867
50232,1857
50233,1877
50234,1878
50235,1873
50236,1851
50237,1874
50238,1872
50239,1869
50240,1849
50241,1865
50242,1855
50243,1840
50244,1822
50245,1829
50246,1851
50247,1853
50248,1856
50249,1847
50250,1858
50251,1877
50252,1871
50253,1856
50254,1872
50255,1886
50256,1868
50257,1859
50258,1867
50259,1872
50260,1872
50261,1838
50262,1846
50263,1860
50264,1867
50265,1850
50266,1869
50267,1861
50268,1855
50269,1866
50270,1865
50271,1862
50272,1871
50273,1859
50274,1837
50275,1846
50276,1840
50277,1854
50278,1829
50279,1846
50280,1873
50281,1860
50282,1840
50283,1869
50284,1872
50285,1875
50286,1872
50287,1872
50288,1873
50289,1878
50290,1849
50291,1843
50292,1840
50293,1846
50294,1839
50295,1840
50296,1859
50297,1875
50298,1844
50299,1849
50300,1874
50301,1861
50302,1849
50303,1861
50304,1870
50305,1880
50306,1863
50307,1847
50308,1857
50309,1857
50310,1856
50311,1856
50312,1839
50313,1854
50314,1872
50315,1890
50316,1865
50317,1872
50318,1870
50319,1862
50320,1863
50321,1873
50322,1889
50323,1851
50324,1845
50325,1861
50326,1851
50327,1870
50328,1822
50329,1843
50330,1865
50331,1875
50332,1840
50333,1872
50334,1863
50335,1882
50336,1859
50337,1859
50338,1876
50339,1872
50340,1823
50341,1853
50342,1855
50343,1851
50344,1843
50345,1842
50346,1867
50347,1859
50348,1855
50349,1854
50350,1892
50351,1877
50352,1846
50353,1858
50354,1875
50355,1884
50356,1877
50357,1843
50358,1846
50359,1862
50360,1843
50361,1835
50362,1839
50363,1863
50364,1861
50365,1866
50366,1861
50367,1870
50368,1879
50369,1850
50370,1855
50371,1869
50372,1863
50373,1886
50374,1842
50375,1847
50376,1857
50377,1891
50378,1829
50379,1849
50380,1863
50381,1857
50382,1863
50383,1855
50384,1875
50385,1865
50386,1849
50387,1871
50388,1875
50389,1867
50390,1890
50391,1847
50392,1860
50393,1858
50394,1831
50395,1837
50396,1856
50397,1861
50398,1863
50399,1847
50400,1874
50401,1867
50402,1873
50403,1857
50404,1874
50405,1880
50406,1866
50407,1854
50408,1857
50409,1870
50410,1842
50411,1847
50412,1846
50413,1869
50414,1858
50415,1870
50416,1844
50417,1885
50418,1882
50419,1870
50420,1856
50421,1863
50422,1852
50423,1838
50424,1838
50425,1856
50426,1840
50427,1829
50428,1822
50429,1846
50430,1867
50431,1845
50432,1847
50433,1870
50434,1871
50435,1901
50436,1861
50437,1871
50438,1873
50439,1879
50440,1823
50441,1853
50442,1859
50443,1847
50444,1863
50445,1833
50446,1856
50447,1867
50448,1832
50449,1847
50450,1872
50451,1901
50452,1840
50453,1862
50454,1870
50455,1862
50456,1855
50457,1844
50458,1856
50459,1855
50460,1853
50461,1846
50462,1846
50463,1866
50464,1862
50465,1845
50466,1854
50467,1869
50468,1877
50469,1856
50470,1863
50471,1873
50472,1889
50473,1846
50474,1847
50475,1862
50476,1853
50477,1862
50478,1831
50479,1853
50480,1855
50481,1855
50482,1853
50483,1859
50484,1863
50485,1855
50486,1872
50487,1869
50488,1865
50489,1886
50490,1859
50491,1851
50492,1857
50493,1845
50494,1847
50495,1840
50496,1859
50497,1868
50498,1855
50499,1860
50500,1877
50501,1867
50502,1858
50503,1854
50504,1873
50505,1887
50506,1870
50507,1866
50508,1851
50509,1856
50510,1858
50511,1866
50512,1841
50513,1869
50514,1858
50515,1848
50516,1856
50517,1871
50518,1875
50519,1872
50520,1872
50521,1874
50522,1862
50523,1881
50524,1853
50525,1850
50526,1856
50527,1837
50528,1834
50529,1859
50530,1874
50531,1845
50532,1846
50533,1862
50534,1867
50535,1887
50536,1872
50537,1872
50538,1870
50539,1872
50540,1838
50541,1857
50542,1855
50543,1861
50544,1851
50545,1832
50546,1857
50547,1887
50548,1883
50549,1840
50550,1865
50551,1863
50552,1889
50553,1854
50554,1873
50555,1874
50556,1879
50557,1865
50558,1853
50559,1866
50560,1860
50561,1826
50562,1858
50563,1857
50564,1859
50565,1853
50566,1861
50567,1884
50568,1850
50569,1855
50570,1856
50571,1872
50572,1912
50573,1873
50574,1843
50575,1863
50576,1855
50577,1856
50578,1823
50579,1857
50580,1858
50581,1857
50582,1850
50583,1873
50584,1889
50585,1872
50586,1856
50587,1859
50588,1871
50589,1883
50590,1882
50591,1849
50592,1846
50593,1833
50594,1850
50595,1837
50596,1860
50597,1869
50598,1895
50599,1850
50600,1872
50601,1866
50602,1879
50603,1858
50604,1868
50605,1871
50606,1872
50607,1846
50608,1841
50609,1867
50610,1838
50611,1845
50612,1849
50613,1869
50614,1867
50615,1887
50616,1856
50617,1871
50618,1858
50619,1853
50620,1868
50621,1872
50622,1895
50623,1866
50624,1855
50625,1856
50626,1854
50627,1849
50628,1832
50629,1853
50630,1871
50631,1856
50632,1835
50633,1863
50634,1875
50635,1867
50636,1850
50637,1862
50638,1865
50639,1856
50640,1857
50641,1849
50642,1843
50643,1857
50644,1849
50645,1834
50646,1862
50647,1875
50648,1835
50649,1861
50650,1872
50651,1875
50652,1887
50653,1855
50654,1872
50655,1883
50656,1870
50657,1855
50658,1862
50659,1862
50660,1847
50661,1840
50662,1839
50663,1873
50664,1862
50665,1831
50666,1855
50667,1868
50668,1856
50669,1869
50670,1861
50671,1872
50672,1871
50673,1870
50674,1853
50675,1861
50676,1841
50677,1862
50678,1837
50679,1856
50680,1859
50681,1856
50682,1857
50683,1861
50684,1883
50685,1872
50686,1858
50687,1858
50688,1870
50689,1874
50690,1845
50691,1856
50692,1860
50693,1872
50694,1845
50695,1829
50696,1851
50697,1853
50698,1849
50699,1854
50700,1867
50701,1856
50702,1856
50703,1858
50704,1871
50705,1878
50706,1866
50707,1840
50708,1859
50709,1863
50710,1849
50711,1808
50712,1847
50713,1859
50714,1855
50715,1823
50716,1854
50717,1873
50718,1872
50719,1851
50720,1853
50721,1872
50722,1889
50723,1871
50724,1847
50725,1859
50726,1847
50727,1847
50728,1829
50729,1849
50730,1872
50731,1859
50732,1854
50733,1863
50734,1872
50735,1872
50736,1864
50737,1867
50738,1863
50739,1895
50740,1851
50741,1857
50742,1846
50743,1842
50744,1849
50745,1840
50746,1859
50747,1859
50748,1839
50749,1855
50750,1873
50751,1869
50752,1908
50753,1854
50754,1867
50755,1856
50756,1849
50757,1855
50758,1856
50759,1851
50760,1863
50761,1821
50762,1839
50763,1856
50764,1873
50765,1905
50766,1859
50767,1882
50768,1881
50769,1870
50770,1858
50771,1872
50772,1894
50773,1893
50774,1851
50775,1861
50776,1865
50777,1866
50778,1831
50779,1857
50780,1871
50781,1851
50782,1850
50783,1867
50784,1877
50785,1904
50786,1850
50787,1866
50788,1873
50789,1866
50790,1841
50791,1851
50792,1869
50793,1843
50794,1842
50795,1839
50796,1857
50797,1893
50798,1872
50799,1844
50800,1884
50801,1883
50802,1849
50803,1862
50804,1872
50805,1879
50806,1872
50807,1857
50808,1846
50809,1849
50810,1830
50811,1841
50812,1850
50813,1856
50814,1877
50815,1908
50816,1851
50817,1861
50818,1877
50819,1872
50820,1856
50821,1874
50822,1867
50823,1872
50824,1846
50825,1853
50826,1837
50827,1865
50828,1839
50829,1854
50830,1856
50831,1861
50832,1859
50833,1861
50834,1873
50835,1872
50836,2591
50837,958
50838,1996
50839,2007
50840,1968
50841,2030
50842,2097
50843,1984
50844,1859
50845,1886
50846,2176
50847,2322
50848,2064
50849,1798
50850,1753
50851,1786
50852,1840
50853,1838
50854,1854
50855,1872
50856,1840
50857,1840
50858,1862
50859,1858
50860,1844
50861,1813
50862,1815
50863,1830
50864,1840
50865,1837
50866,1827
50867,2535
50868,711
50869,1901
50870,1968
50871,1990
50872,2111
50873,2125
50874,1971
50875,1855
50876,1915
50877,2198
50878,2173
50879,1904
50880,1797
50881,1808
50882,1826
50883,1877
50884,1881
50885,1876
50886,1907
50887,1887
50888,1895
50889,1904
50890,1861
50891,1833
50892,1846
50893,1843
50894,1804
50895,1809
50896,1836
50897,1831
50898,2089
50899,370
50900,1857
50901,2026
50902,2077
50903,2163
50904,2195
50905,2071
50906,1843
50907,1794
50908,2095
50909,2047
50910,1848
50911,1808
50912,1810
50913,1866
50914,1881
50915,1872
50916,1883
50917,1901
50918,1887
50919,1894
50920,1871
50921,1870
50922,1889
50923,1840
50924,1835
50925,1815
50926,1822
50927,1824
50928,1804
50929,1840
50930,237
50931,1803
50932,2023
50933,2099
50934,2242
50935,2215
50936,2017
50937,1715
50938,1762
50939,1977
50940,1953
50941,1824
50942,1809
50943,1890
50944,1904
50945,1902
50946,1910
50947,1925
50948,1898
50949,1890
50950,1903
50951,1898
50952,1871
50953,1850
50954,1850
50955,1843
50956,1854
50957,1806
50958,1822
50959,1831
50960,1809
50961,144
50962,1744
50963,2018
50964,2136
50965,2247
50966,2206
50967,2029
50968,1762
50969,1759
50970,1901
50971,1874
50972,1815
50973,1834
50974,1904
50975,1924
50976,1914
50977,1920
50978,1891
50979,1904
50980,1891
50981,1881
50982,1858
50983,1840
50984,1840
50985,1829
50986,1853
50987,1872
50988,1871
50989,1885
50990,1838
50991,1837
50992,0
50993,1657
50994,2012
50995,2128
50996,2304
50997,2317
50998,2116
50999,1872
51000,1870
51001,1865
51002,1727
51003,1697
51004,1812
51005,1866
51006,1904
51007,1901
51008,1911
51009,1905
51010,1887
51011,1883
51012,1871
51013,1859
51014,1847
51015,1799
51016,1829
51017,1839
51018,1872
51019,1851
51020,1836
51021,1845
51022,1856
51023,0
51024,1555
51025,2043
51026,2229
51027,2358
51028,2352
51029,2191
51030,1904
51031,1764
51032,1722
51033,1600
51034,1647
51035,1813
51036,1850
51037,1904
51038,1921
51039,1926
51040,1913
51041,1904
51042,1904
51043,1856
51044,1846
51045,1823
51046,1839
51047,1859
51048,1869
51049,1834
51050,1846
51051,1867
51052,1886
51053,1861
51054,335
51055,1511
51056,2065
51057,2240
51058,2279
51059,2241
51060,2135
51061,1871
51062,1949
51063,1889
51064,1712
51065,1699
51066,1750
51067,1841
51068,1892
51069,1904
51070,1897
51071,1914
51072,1904
51073,1875
51074,1849
51075,1829
51076,1827
51077,1856
51078,1847
51079,1838
51080,1835
51081,1839
51082,1835
51083,1850
51084,1853
51085,787
51086,1285
51087,2107
51088,2606
51089,2771
51090,2734
51091,2463
51092,2053
51093,1904
51094,1565
51095,1262
51096,1236
51097,1351
51098,1535
51099,1731
51100,1856
51101,1882
51102,1905
51103,1878
51104,1892
51105,1878
51106,1860
51107,1837
51108,1847
51109,1856
51110,1837
51111,1808
51112,1839
51113,1853
51114,1853
51115,1876
51116,1136
51117,1358
51118,2263
51119,3347
51120,3760
51121,3334
51122,2603
51123,1857
51124,1474
51125,1023
51126,733
51127,745
51128,1088
51129,1476
51130,1727
51131,1835
51132,1870
51133,1888
51134,1902
51135,1901
51136,1885
51137,1910
51138,1949
51139,1957
51140,1845
51141,1819
51142,1855
51143,1895
51144,1869
51145,1856
51146,1888
51147,2442
51148,923
51149,2163
51150,3963
51151,4095
51152,3653
51153,3300
51154,2339
51155,1328
51156,654
51157,196
51158,167
51159,750
51160,1360
51161,1661
51162,1807
51163,1872
51164,1904
51165,1915
51166,1901
51167,1926
51168,1942
51169,1947
51170,1966
51171,1965
51172,1891
51173,1904
51174,1901
51175,1905
51176,1914
51177,1942
51178,2674
51179,950
51180,2176
51181,3941
51182,4095
51183,3648
51184,3313
51185,1975
51186,1211
51187,549
51188,0
51189,304
51190,987
51191,1518
51192,1771
51193,1884
51194,1901
51195,1910
51196,1938
51197,1989
51198,2022
51199,2020
51200,2078
51201,2022
51202,1950
51203,1827
51204,1827
51205,1859
51206,1831
51207,1840
51208,1875
51209,2336
51210,583
51211,1926
51212,3696
51213,4095
51214,3728
51215,3312
51216,2135
51217,1184
51218,342
51219,0
51220,369
51221,1141
51222,1599
51223,1817
51224,1883
51225,1921
51226,1955
51227,1978
51228,1923
51229,1925
51230,1935
51231,1936
51232,1962
51233,1968
51234,1961
51235,1941
51236,1890
51237,1920
51238,1935
51239,1934
51240,2011
51241,400
51242,1931
51243,3370
51244,4095
51245,3717
51246,3337
51247,1947
51248,1136
51249,397
51250,0
51251,487
51252,1221
51253,1634
51254,1833
51255,1919
51256,1938
51257,1936
51258,1947
51259,1936
51260,1925
51261,1928
51262,1939
51263,1949
51264,1904
51265,1879
51266,1891
51267,1927
51268,1983
51269,1993
51270,1950
51271,1951
51272,159
51273,1840
51274,3167
51275,4095
51276,3727
51277,3392
51278,2306
51279,1159
51280,255
51281,0
51282,433
51283,1161
51284,1591
51285,1836
51286,1863
51287,1924
51288,1953
51289,1967
51290,1961
51291,1925
51292,1943
51293,1935
51294,1949
51295,1931
51296,1946
51297,1950
51298,1907
51299,1923
51300,1952
51301,1967
51302,1965
51303,0
51304,1777
51305,3039
51306,4095
51307,3798
51308,3380
51309,2352
51310,1068
51311,210
51312,0
51313,528
51314,1233
51315,1682
51316,1822
51317,1904
51318,1939
51319,1949
51320,1936
51321,1936
51322,1951
51323,1982
51324,1949
51325,1966
51326,1906
51327,1895
51328,1879
51329,1915
51330,1936
51331,1926
51332,1906
51333,1936
51334,0
51335,1678
51336,2733
51337,4095
51338,3894
51339,3422
51340,2518
51341,1134
51342,226
51343,0
51344,559
51345,1265
51346,1658
51347,1823
51348,1901
51349,1920
51350,1936
51351,1938
51352,1948
51353,1925
51354,1937
51355,1952
51356,1962
51357,1938
51358,1938
51359,1936
51360,1916
51361,1909
51362,1903
51363,1915
51364,1936
51365,176
51366,1513
51367,2598
51368,4095
51369,3870
51370,3453
51371,2739
51372,1143
51373,266
51374,0
51375,491
51376,1175
51377,1615
51378,1774
51379,1878
51380,1936
51381,1968
51382,1942
51383,1957
51384,1942
51385,1942
51386,1949
51387,1935
51388,1979
51389,2021
51390,1959
51391,1934
51392,1941
51393,1910
51394,1904
51395,1899
51396,330
51397,1510
51398,2507
51399,4095
51400,3922
51401,3454
51402,2749
51403,1089
51404,221
51405,0
51406,576
51407,1257
51408,1648
51409,1821
51410,1910
51411,1893
51412,1915
51413,1941
51414,1936
51415,1911
51416,1942
51417,2031
51418,2069
51419,1986
51420,1852
51421,1871
51422,1905
51423,1903
51424,1899
51425,1920
51426,1901
51427,1094
51428,1210
51429,2256
51430,4095
51431,3999
51432,3520
51433,3007
51434,1296
51435,393
51436,0
51437,576
51438,1249
51439,1602
51440,1807
51441,1850
51442,1899
51443,1889
51444,1901
51445,1900
51446,1939
51447,1966
51448,1936
51449,1918
51450,1904
51451,1875
51452,1920
51453,1949
51454,1959
51455,1955
51456,1921
51457,1884
51458,1909
51459,1904
51460,1908
51461,1865
51462,1879
51463,1898
51464,1901
51465,1909
51466,1882
51467,1898
51468,1890
51469,1878
51470,1869
51471,1889
51472,1883
51473,1875
51474,1851
51475,1858
51476,1851
51477,1867
51478,1842
51479,1857
51480,1861
51481,1861
51482,1863
51483,1871
51484,1867
51485,1878
51486,1855
51487,1866
51488,1876
51489,1861
51490,1856
51491,1844
51492,1853
51493,1859
51494,1842
51495,1849
51496,1859
51497,1856
51498,1839
51499,1845
51500,1867
51501,1872
51502,1851
51503,1855
51504,1867
51505,1871
51506,1857
51507,1892
51508,1847
51509,1856
51510,1853
51511,1840
51512,1846
51513,1872
51514,1853
51515,1820
51516,1853
51517,1871
51518,1879
51519,1849
51520,1856
51521,1871
51522,1894
51523,1871
51524,1843
51525,1842
51526,1840
51527,1871
51528,1847
51529,1863
51530,1879
51531,1866
51532,1847
51533,1863
51534,1851
51535,1851
51536,1838
51537,1851
51538,1851
51539,1857
51540,1859
51541,1843
51542,1866
51543,1854
51544,1815
51545,1837
51546,1861
51547,1863
51548,1866
51549,1842
51550,1868
51551,1863
51552,1895
51553,1868
51554,1872
51555,1856
51556,1857
51557,1829
51558,1844
51559,1846
51560,1842
51561,1855
51562,1847
51563,1860
51564,1862
51565,1810
51566,1846
51567,1873
51568,1846
51569,1869
51570,1856
51571,1872
51572,1883
51573,1859
51574,1855
51575,1865
51576,1870
51577,1857
51578,1833
51579,1859
51580,1857
51581,1863
51582,1850
51583,1865
51584,1857
51585,1855
51586,1851
51587,1857
51588,1872
51589,1858
51590,1871
51591,1856
51592,1856
51593,1882
51594,1849
51595,1837
51596,1851
51597,1860
51598,1878
51599,1856
51600,1870
51601,1860
51602,1839
51603,1868
51604,1874
51605,1871
51606,1866
51607,1838
51608,1851
51609,1851
51610,1840
51611,1850
51612,1846
51613,1861
51614,1895
51615,1869
51616,1846
51617,1869
51618,1875
51619,1873
51620,1863
51621,1871
51622,1877
51623,1886
51624,1854
51625,1861
51626,1855
51627,1875
51628,1840
51629,1853
51630,1856
51631,1860
51632,1835
51633,1868
51634,1877
51635,1873
51636,1857
51637,1869
51638,1876
51639,1872
51640,1845
51641,1847
51642,1856
51643,1853
51644,1872
51645,1839
51646,1858
51647,1871
51648,1865
51649,1857
51650,1870
51651,1862
51652,1854
51653,1847
51654,1859
51655,1872
51656,1890
51657,1867
51658,1854
51659,1843
51660,1859
51661,1850
51662,1842
51663,1872
51664,1858
51665,1856
51666,1853
51667,1865
51668,1859
51669,1858
51670,1850
51671,1878
51672,1899
51673,1879
51674,1854
51675,1854
51676,1852
51677,1854
51678,1817
51679,1863
51680,1863
51681,1856
51682,1859
51683,1866
51684,1859
51685,1867
51686,1839
51687,1859
51688,1873
51689,1901
51690,1867
51691,1847
51692,1859
51693,1840
51694,1844
51695,1841
51696,1862
51697,1867
51698,1856
51699,1866
51700,1871
51701,1875
51702,1856
51703,1872
51704,1875
51705,1868
51706,1885
51707,1891
51708,1845
51709,1855
51710,1870
51711,1840
51712,1845
51713,1860
51714,1872
51715,1840
51716,1853
51717,1861
51718,1849
51719,1871
51720,1855
51721,1882
51722,1904
51723,1862
51724,1845
51725,1856
51726,1872
51727,1837
51728,1842
51729,1856
51730,1867
51731,1869
51732,1855
51733,1862
51734,1872
51735,1859
51736,1857
51737,1856
51738,1882
51739,1866
51740,1849
51741,1850
51742,1855
51743,1871
51744,1834
51745,1827
51746,1850
51747,1852
51748,1827
51749,1839
51750,1856
51751,1865
51752,1874
51753,1847
51754,1865
51755,1872
51756,1873
51757,1890
51758,1860
51759,1854
51760,1853
51761,1846
51762,1851
51763,1872
51764,1863
51765,1829
51766,1847
51767,1867
51768,1849
51769,1861
51770,1853
51771,1874
51772,1872
51773,1871
51774,1855
51775,1862
51776,1860
51777,1849
51778,1852
51779,1841
51780,1868
51781,1886
51782,1866
51783,1872
51784,1873
51785,1856
51786,1847
51787,1853
51788,1883
51789,1879
51790,1853
51791,1858
51792,1859
51793,1841
51794,1845
51795,1834
51796,1861
51797,1863
51798,1849
51799,1851
51800,1857
51801,1871
51802,1904
51803,1848
51804,1856
51805,1875
51806,1869
51807,1872
51808,1849
51809,1855
51810,1849
51811,1841
51812,1839
51813,1856
51814,1879
51815,1857
51816,1856
51817,1861
51818,1872
51819,1854
51820,1856
51821,1872
51822,1871
51823,1866
51824,1854
51825,1863
51826,1846
51827,1840
51828,1827
51829,1846
51830,1865
51831,1868
51832,1835
51833,1865
51834,1859
51835,1844
51836,1844
51837,1855
51838,1861
51839,1870
51840,1850
51841,1839
51842,1853
51843,1847
51844,1817
51845,1825
51846,1853
51847,1836
51848,1857
51849,1841
51850,1866
51851,1886
51852,1872
51853,1843
51854,1867
51855,1863
51856,1893
51857,1857
51858,1843
51859,1841
51860,1851
51861,1849
51862,1840
51863,1863
51864,1847
51865,1853
51866,1854
51867,1875
51868,1857
51869,1897
51870,1865
51871,1878
51872,1874
51873,1862
51874,1855
51875,1856
51876,1866
51877,1895
51878,1846
51879,1846
51880,1874
51881,1875
51882,1834
51883,1866
51884,1891
51885,1865
51886,1855
51887,1861
51888,1872
51889,1877
51890,1842
51891,1841
51892,1852
51893,1854
51894,1831
51895,1810
51896,1843
51897,1849
51898,1825
51899,1845
51900,1858
51901,1871
51902,1847
51903,1844
51904,1855
51905,1885
51906,1877
51907,1895
51908,1855
51909,1859
51910,1876
51911,1856
51912,1847
51913,1856
51914,1851
51915,1820
51916,1856
51917,1872
51918,1871
51919,1876
51920,1860
51921,1877
51922,1872
51923,1841
51924,1850
51925,1855
51926,1834
51927,1827
51928,1808
51929,1847
51930,1868
51931,1867
51932,1853
51933,1855
51934,1878
51935,1879
51936,1858
51937,1861
51938,1871
51939,1871
51940,1838
51941,1850
51942,1856
51943,1843
51944,1861
51945,1826
51946,1859
51947,1872
51948,1851
51949,1842
51950,1869
51951,1867
51952,1856
51953,1843
51954,1866
51955,1865
51956,1878
51957,1851
51958,1842
51959,1872
51960,1840
51961,1840
51962,1843
51963,1856
51964,1866
51965,1850
51966,1857
51967,1881
51968,1858
51969,1904
51970,1853
51971,1873
51972,1872
51973,1872
51974,1854
51975,1847
51976,1857
51977,1862
51978,1843
51979,1851
51980,1869
51981,1840
51982,1869
51983,1867
51984,1872
51985,1862
51986,1849
51987,1858
51988,1875
51989,1893
51990,1875
51991,1854
51992,1857
51993,1846
51994,1840
51995,1835
51996,1856
51997,1866
51998,1855
51999,1854
52000,1878
52001,1858
52002,1845
52003,1874
52004,1871
52005,1871
52006,1872
52007,1825
52008,1847
52009,1851
52010,1846
52011,1849
52012,1840
52013,1856
52014,1857
52015,1859
52016,1854
52017,1862
52018,1865
52019,1862
52020,1858
52021,1873
52022,1871
52023,1843
52024,1872
52025,1871
52026,1857
52027,1843
52028,1838
52029,1854
52030,1863
52031,1869
52032,1890
52033,1863
52034,1872
52035,1869
52036,1853
52037,1862
52038,1881
52039,1872
52040,1881
52041,1846
52042,1853
52043,1867
52044,1809
52045,1826
52046,1854
52047,1854
52048,1840
52049,1838
52050,1856
52051,1857
52052,1872
52053,1847
52054,1877
52055,1887
52056,1883
52057,1869
52058,1856
52059,1842
52060,1824
52061,1822
52062,1842
52063,1856
52064,1870
52065,1869
52066,1862
52067,1873
52068,1884
52069,1869
52070,1860
52071,1872
52072,1886
52073,1875
52074,1847
52075,1850
52076,1846
52077,1855
52078,1821
52079,1854
52080,1861
52081,1872
52082,1893
52083,1857
52084,1860
52085,1875
52086,1862
52087,1867
52088,1873
52089,1885
52090,1871
52091,1856
52092,1858
52093,1860
52094,1856
52095,1834
52096,1859
52097,1869
52098,1870
52099,1841
52100,1872
52101,1874
52102,1877
52103,1869
52104,1869
52105,1869
52106,1890
52107,1839
52108,1843
52109,1845
52110,1838
52111,1835
52112,1846
52113,1865
52114,1875
52115,1842
52116,1858
52117,1875
52118,1872
52119,1868
52120,1860
52121,1873
52122,1889
52123,1876
52124,1857
52125,1859
52126,1859
52127,1843
52128,1824
52129,1843
52130,1867
52131,1869
52132,1865
52133,1856
52134,1872
52135,1863
52136,1856
52137,1856
52138,1872
52139,1879
52140,1872
52141,1840
52142,1853
52143,1859
52144,1857
52145,1831
52146,1857
52147,1872
52148,1855
52149,1850
52150,1887
52151,1873
52152,1885
52153,1845
52154,1859
52155,1872
52156,1872
52157,1872
52158,1856
52159,1859
52160,1831
52161,1808
52162,1839
52163,1862
52164,1863
52165,1845
52166,1856
52167,1872
52168,1854
52169,1907
52170,1858
52171,1878
52172,1873
52173,1872
52174,1854
52175,1858
52176,1870
52177,1877
52178,1833
52179,1859
52180,1868
52181,1878
52182,1875
52183,1874
52184,1887
52185,1850
52186,1859
52187,1865
52188,1874
52189,1875
52190,1877
52191,1843
52192,1858
52193,1853
52194,1840
52195,1826
52196,1852
52197,1867
52198,1841
52199,1869
52200,1885
52201,1888
52202,1865
52203,1863
52204,1870
52205,1879
52206,1857
52207,1869
52208,1853
52209,1857
52210,1855
52211,1808
52212,1840
52213,1850
52214,1882
52215,1841
52216,1853
52217,1881
52218,1875
52219,1870
52220,1850
52221,1871
52222,1873
52223,1870
52224,1846
52225,1852
52226,1854
52227,1840
52228,1840
52229,1849
52230,1849
52231,1866
52232,1842
52233,1854
52234,1871
52235,1882
52236,1856
52237,1872
52238,1877
52239,1878
52240,1845
52241,1855
52242,1860
52243,1858
52244,1844
52245,1837
52246,1860
52247,1874
52248,1879
52249,1863
52250,1869
52251,1870
52252,1879
52253,1855
52254,1872
52255,1875
52256,1863
52257,1869
52258,1851
52259,1858
52260,1854
52261,1866
52262,1847
52263,1856
52264,1869
52265,1834
52266,1858
52267,1864
52268,1868
52269,1886
52270,1856
52271,1877
52272,1878
52273,1872
52274,1845
52275,1862
52276,1858
52277,1863
52278,1837
52279,1841
52280,1859
52281,1857
52282,1846
52283,1871
52284,1872
52285,1875
52286,1845
52287,1859
52288,1872
52289,1887
52290,1862
52291,1850
52292,1866
52293,1859
52294,1872
52295,1835
52296,1857
52297,1863
52298,1866
52299,1850
52300,1870
52301,1872
52302,1914
52303,1872
52304,1867
52305,1890
52306,1879
52307,1853
52308,1852
52309,1854
52310,1854
52311,1850
52312,1840
52313,1854
52314,1852
52315,1851
52316,1849
52317,1858
52318,1872
52319,1870
52320,1854
52321,1878
52322,1899
52323,1877
52324,1847
52325,1857
52326,1872
52327,1834
52328,1836
52329,1846
52330,1861
52331,1862
52332,1882
52333,1870
52334,1873
52335,1854
52336,1866
52337,1865
52338,1872
52339,1877
52340,1869
52341,1843
52342,1850
52343,1851
52344,1849
52345,1831
52346,1856
52347,1868
52348,1855
52349,1847
52350,1857
52351,1856
52352,1875
52353,1870
52354,1877
52355,1878
52356,1869
52357,1862
52358,1842
52359,1861
52360,1857
52361,1840
52362,1840
52363,1858
52364,1871
52365,1855
52366,1853
52367,1872
52368,1884
52369,1855
52370,1858
52371,1875
52372,1901
52373,1881
52374,1850
52375,1846
52376,1854
52377,1841
52378,1854
52379,1853
52380,1873
52381,1866
52382,1873
52383,1858
52384,1875
52385,1904
52386,1872
52387,1867
52388,1871
52389,1895
52390,1877
52391,1847
52392,1850
52393,1850
52394,1813
52395,1830
52396,1858
52397,1869
52398,1859
52399,1856
52400,1869
52401,1877
52402,1865
52403,1867
52404,1857
52405,1867
52406,1863
52407,1868
52408,1845
52409,1855
52410,1841
52411,1837
52412,1840
52413,1862
52414,1873
52415,1872
52416,1852
52417,1881
52418,1876
52419,1870
52420,1859
52421,1874
52422,1870
52423,1883
52424,1859
52425,1858
52426,1867
52427,1847
52428,1826
52429,1842
52430,1857
52431,1856
52432,1873
52433,1869
52434,1870
52435,1871
52436,1857
52437,1856
52438,1873
52439,1866
52440,1870
52441,1846
52442,1856
52443,1855
52444,1860
52445,1833
52446,1856
52447,1860
52448,1867
52449,1856
52450,1872
52451,1870
52452,1869
52453,1828
52454,1142
52455,2037
52456,2105
52457,2133
52458,2214
52459,2224
52460,2071
52461,1938
52462,1819
52463,2000
52464,2079
52465,1847
52466,1680
52467,1671
52468,1750
52469,1811
52470,1837
52471,1867
52472,1887
52473,1872
52474,1862
52475,1861
52476,1855
52477,1815
52478,1821
52479,1827
52480,1837
52481,1846
52482,1814
52483,1834
52484,2283
52485,959
52486,1935
52487,2070
52488,2170
52489,2245
52490,2195
52491,2019
52492,1819
52493,1808
52494,1994
52495,1933
52496,1776
52497,1750
52498,1814
52499,1874
52500,1897
52501,1906
52502,1911
52503,1889
52504,1919
52505,1923
52506,1895
52507,1887
52508,1831
52509,1822
52510,1810
52511,1825
52512,1817
52513,1840
52514,1853
52515,2503
52516,618
52517,1908
52518,2096
52519,2259
52520,2352
52521,2309
52522,2096
52523,1719
52524,1663
52525,1840
52526,1838
52527,1785
52528,1757
52529,1849
52530,1897
52531,1897
52532,1901
52533,1904
52534,1903
52535,1904
52536,1900
52537,1878
52538,1875
52539,1866
52540,1819
52541,1831
52542,1845
52543,1837
52544,1835
52545,1811
52546,2059
52547,414
52548,1847
52549,2043
52550,2207
52551,2239
52552,2180
52553,1936
52554,1666
52555,1783
52556,1965
52557,1981
52558,1858
52559,1834
52560,1855
52561,1864
52562,1898
52563,1936
52564,1923
52565,1872
52566,1902
52567,1903
52568,1889
52569,1865
52570,1833
52571,1851
52572,1854
52573,1817
52574,1836
52575,1836
52576,1840
52577,1823
52578,284
52579,1778
52580,2062
52581,2220
52582,2255
52583,2163
52584,1942
52585,1680
52586,1744
52587,1968
52588,1939
52589,1826
52590,1811
52591,1846
52592,1901
52593,1904
52594,1927
52595,1876
52596,1895
52597,1903
52598,1882
52599,1830
52600,1835
52601,1837
52602,1862
52603,1847
52604,1867
52605,1859
52606,1861
52607,1871
52608,1840
52609,0
52610,1712
52611,2059
52612,2278
52613,2373
52614,2275
52615,1997
52616,1660
52617,1765
52618,1948
52619,1859
52620,1729
52621,1786
52622,1869
52623,1904
52624,1883
52625,1914
52626,1906
52627,1898
52628,1871
52629,1866
52630,1875
52631,1860
52632,1888
52633,1849
52634,1857
52635,1836
52636,1830
52637,1843
52638,1867
52639,1861
52640,68
52641,1616
52642,2098
52643,2404
52644,2471
52645,2451
52646,2174
52647,1753
52648,1865
52649,1828
52650,1610
52651,1520
52652,1603
52653,1678
52654,1831
52655,1905
52656,1911
52657,1929
52658,1904
52659,1893
52660,1853
52661,1850
52662,1839
52663,1856
52664,1839
52665,1827
52666,1840
52667,1844
52668,1856
52669,1839
52670,1853
52671,0
52672,1661
52673,2163
52674,2559
52675,2861
52676,2753
52677,2211
52678,1819
52679,1827
52680,1606
52681,1360
52682,1282
52683,1386
52684,1575
52685,1750
52686,1835
52687,1889
52688,1922
52689,1927
52690,1934
52691,1908
52692,1914
52693,1891
52694,1888
52695,1826
52696,1821
52697,1803
52698,1806
52699,1819
52700,1856
52701,1885
52702,211
52703,1505
52704,2320
52705,3167
52706,3527
52707,3148
52708,2266
52709,1744
52710,1561
52711,1210
52712,919
52713,945
52714,1168
52715,1524
52716,1761
52717,1866
52718,1908
52719,1920
52720,1905
52721,1906
52722,1898
52723,1872
52724,1876
52725,1879
52726,1869
52727,1834
52728,1877
52729,1862
52730,1877
52731,1879
52732,1855
52733,933
52734,1352
52735,2345
52736,3417
52737,4095
52738,3830
52739,2725
52740,1810
52741,1495
52742,934
52743,479
52744,439
52745,850
52746,1434
52747,1728
52748,1813
52749,1877
52750,1891
52751,1910
52752,1920
52753,1881
52754,1883
52755,1906
52756,1923
52757,1905
52758,1902
52759,1879
52760,1905
52761,1887
52762,1883
52763,1899
52764,1638
52765,1087
52766,2218
52767,4036
52768,4095
52769,3755
52770,3380
52771,2017
52772,1297
52773,671
52774,131
52775,87
52776,859
52777,1484
52778,1710
52779,1818
52780,1883
52781,1906
52782,1904
52783,1910
52784,1913
52785,1927
52786,1911
52787,1921
52788,1946
52789,1949
52790,1936
52791,1917
52792,1917
52793,1925
52794,1905
52795,2455
52796,1040
52797,2178
52798,3926
52799,4095
52800,3792
52801,3397
52802,1933
52803,1182
52804,462
52805,0
52806,268
52807,1093
52808,1578
52809,1781
52810,1872
52811,1900
52812,1909
52813,1936
52814,1930
52815,1930
52816,2004
52817,2099
52818,2100
52819,2039
52820,1838
52821,1808
52822,1838
52823,1825
52824,1856
52825,1882
52826,2768
52827,695
52828,1998
52829,3648
52830,4095
52831,3855
52832,3376
52833,1913
52834,1167
52835,410
52836,0
52837,369
52838,1202
52839,1645
52840,1811
52841,1872
52842,1920
52843,1935
52844,1948
52845,1905
52846,1920
52847,1922
52848,1919
52849,1936
52850,1939
52851,1958
52852,1946
52853,1920
52854,1935
52855,1951
52856,1941
52857,2352
52858,561
52859,2004
52860,3353
52861,4095
52862,3863
52863,3399
52864,1776
52865,1110
52866,426
52867,0
52868,506
52869,1279
52870,1648
52871,1830
52872,1918
52873,1931
52874,1943
52875,1935
52876,1925
52877,1927
52878,1954
52879,2028
52880,2064
52881,2013
52882,1872
52883,1841
52884,1871
52885,1879
52886,1842
52887,1887
52888,2135
52889,464
52890,1907
52891,3188
52892,4095
52893,3853
52894,3465
52895,1839
52896,1079
52897,350
52898,0
52899,624
52900,1335
52901,1693
52902,1846
52903,1911
52904,1941
52905,1947
52906,1977
52907,1925
52908,1919
52909,1938
52910,1964
52911,1931
52912,1921
52913,1942
52914,1931
52915,1915
52916,1915
52917,1933
52918,1946
52919,1989
52920,136
52921,1895
52922,3039
52923,4095
52924,3908
52925,3434
52926,2014
52927,1109
52928,309
52929,0
52930,697
52931,1359
52932,1643
52933,1808
52934,1885
52935,1904
52936,1936
52937,1915
52938,1932
52939,1949
52940,1941
52941,1951
52942,1961
52943,1935
52944,1921
52945,1878
52946,1898
52947,1891
52948,1909
52949,1899
52950,1920
52951,0
52952,1715
52953,2627
52954,4095
52955,3967
52956,3500
52957,2442
52958,1122
52959,295
52960,0
52961,661
52962,1303
52963,1674
52964,1835
52965,1861
52966,1891
52967,1918
52968,1910
52969,1913
52970,1910
52971,1959
52972,1979
52973,1955
52974,1920
52975,1925
52976,1904
52977,1898
52978,1873
52979,1901
52980,1925
52981,1920
52982,0
52983,1631
52984,2555
52985,4095
52986,4014
52987,3521
52988,2715
52989,1177
52990,443
52991,58
52992,622
52993,1186
52994,1529
52995,1712
52996,1843
52997,1897
52998,1904
52999,1900
53000,1927
53001,1941
53002,1970
53003,1967
53004,1991
53005,1959
53006,1919
53007,1905
53008,1861
53009,1872
53010,1886
53011,1904
53012,1898
53013,16
53014,1629
53015,2363
53016,3975
53017,4065
53018,3607
53019,2739
53020,1165
53021,381
53022,85
53023,749
53024,1323
53025,1665
53026,1798
53027,1872
53028,1872
53029,1871
53030,1897
53031,1909
53032,1898
53033,1906
53034,1958
53035,1970
53036,1936
53037,1878
53038,1919
53039,1956
53040,1924
53041,1891
53042,1920
53043,1933
53044,528
53045,1338
53046,2261
53047,3834
53048,4095
53049,3617
53050,3049
53051,1270
53052,473
53053,77
53054,633
53055,1255
53056,1636
53057,1776
53058,1860
53059,1897
53060,1883
53061,1855
53062,1879
53063,1920
53064,1946
53065,1949
53066,1913
53067,1929
53068,1919
53069,1905
53070,1905
53071,1904
53072,1903
53073,1915
53074,1905
53075,1899
53076,1904
53077,1904
53078,1872
53079,1882
53080,1904
53081,1895
53082,1914
53083,1885
53084,1903
53085,1915
53086,1875
53087,1886
53088,1899
53089,1888
53090,1890
53091,1861
53092,1870
53093,1883
53094,1830
53095,1835
53096,1847
53097,1846
53098,1847
53099,1854
53100,1862
53101,1883
53102,1875
53103,1838
53104,1867
53105,1882
53106,1868
53107,1872
53108,1858
53109,1871
53110,1854
53111,1837
53112,1829
53113,1856
53114,1872
53115,1841
53116,1850
53117,1871
53118,1869
53119,1885
53120,1840
53121,1863
53122,1866
53123,1854
53124,1850
53125,1856
53126,1850
53127,1833
53128,1848
53129,1847
53130,1867
53131,1857
53132,1882
53133,1863
53134,1872
53135,1872
53136,1857
53137,1857
53138,1877
53139,1906
53140,1869
53141,1843
53142,1853
53143,1847
53144,1859
53145,1841
53146,1856
53147,1881
53148,1859
53149,1846
53150,1854
53151,1873
53152,1866
53153,1870
53154,1859
53155,1850
53156,1847
53157,1847
53158,1845
53159,1857
53160,1852
53161,1835
53162,1850
53163,1868
53164,1872
53165,1856
53166,1855
53167,1859
53168,1848
53169,1862
53170,1840
53171,1856
53172,1886
53173,1861
53174,1852
53175,1866
53176,1866
53177,1871
53178,1856
53179,1850
53180,1847
53181,1863
53182,1825
53183,1856
53184,1863
53185,1871
53186,1857
53187,1865
53188,1874
53189,1885
53190,1863
53191,1869
53192,1872
53193,1842
53194,1887
53195,1854
53196,1869
53197,1856
53198,1855
53199,1808
53200,1825
53201,1841
53202,1808
53203,1789
53204,1834
53205,1855
53206,1889
53207,1840
53208,1854
53209,1856
53210,1862
53211,1840
53212,1837
53213,1861
53214,1856
53215,1845
53216,1852
53217,1872
53218,1867
53219,1871
53220,1851
53221,1869
53222,1878
53223,1878
53224,1840
53225,1862
53226,1860
53227,1840
53228,1838
53229,1849
53230,1854
53231,1856
53232,1810
53233,1854
53234,1872
53235,1891
53236,1872
53237,1861
53238,1871
53239,1895
53240,1871
53241,1855
53242,1859
53243,1841
53244,1855
53245,1828
53246,1845
53247,1850
53248,1850
53249,1861
53250,1862
53251,1857
53252,1872
53253,1853
53254,1862
53255,1865
53256,1857
53257,1874
53258,1845
53259,1858
53260,1870
53261,1845
53262,1840
53263,1856
53264,1884
53265,1831
53266,1843
53267,1872
53268,1875
53269,1872
53270,1851
53271,1868
53272,1871
53273,1877
53274,1840
53275,1856
53276,1852
53277,1841
53278,1839
53279,1839
53280,1858
53281,1855
53282,1828
53283,1856
53284,1863
53285,1871
53286,1876
53287,1864
53288,1872
53289,1911
53290,1882
53291,1858
53292,1866
53293,1857
53294,1867
53295,1838
53296,1856
53297,1872
53298,1853
53299,1883
53300,1866
53301,1870
53302,1874
53303,1863
53304,1869
53305,1870
53306,1863
53307,1868
53308,1841
53309,1872
53310,1837
53311,1837
53312,1840
53313,1856
53314,1840
53315,1869
53316,1854
53317,1879
53318,1878
53319,1855
53320,1851
53321,1872
53322,1876
53323,1858
53324,1853
53325,1861
53326,1863
53327,1877
53328,1840
53329,1839
53330,1860
53331,1862
53332,1851
53333,1855
53334,1870
53335,1867
53336,1851
53337,1855
53338,1869
53339,1891
53340,1871
53341,1847
53342,1870
53343,1865
53344,1839
53345,1840
53346,1855
53347,1873
53348,1859
53349,1840
53350,1863
53351,1873
53352,1856
53353,1852
53354,1856
53355,1875
53356,1867
53357,1872
53358,1865
53359,1853
53360,1842
53361,1840
53362,1840
53363,1858
53364,1851
53365,1872
53366,1846
53367,1877
53368,1872
53369,1889
53370,1846
53371,1870
53372,1879
53373,1877
53374,1863
53375,1863
53376,1856
53377,1858
53378,1873
53379,1851
53380,1875
53381,1887
53382,1823
53383,1861
53384,1879
53385,1847
53386,1867
53387,1855
53388,1870
53389,1877
53390,1881
53391,1840
53392,1851
53393,1869
53394,1859
53395,1823
53396,1844
53397,1861
53398,1861
53399,1891
53400,1873
53401,1883
53402,1879
53403,1858
53404,1867
53405,1875
53406,1875
53407,1870
53408,1852
53409,1851
53410,1875
53411,1856
53412,1850
53413,1871
53414,1899
53415,1885
53416,1858
53417,1862
53418,1847
53419,1904
53420,1844
53421,1856
53422,1873
53423,1871
53424,1835
53425,1837
53426,1839
53427,1839
53428,1856
53429,1838
53430,1854
53431,1872
53432,1857
53433,1858
53434,1872
53435,1877
53436,1855
53437,1855
53438,1872
53439,1857
53440,1871
53441,1849
53442,1859
53443,1863
53444,1847
53445,1830
53446,1861
53447,1879
53448,1858
53449,1872
53450,1859
53451,1876
53452,1878
53453,1881
53454,1855
53455,1873
53456,1865
53457,1857
53458,1847
53459,1865
53460,1873
53461,1840
53462,1830
53463,1856
53464,1861
53465,1874
53466,1853
53467,1871
53468,1885
53469,1877
53470,1858
53471,1875
53472,1875
53473,1891
53474,1883
53475,1867
53476,1857
53477,1851
53478,1850
53479,1850
53480,1877
53481,1871
53482,1858
53483,1869
53484,1883
53485,1899
53486,1866
53487,1855
53488,1873
53489,1892
53490,1879
53491,1829
53492,1840
53493,1850
53494,1829
53495,1823
53496,1840
53497,1855
53498,1840
53499,1856
53500,1851
53501,1873
53502,1883
53503,1818
53504,1846
53505,1868
53506,1872
53507,1857
53508,1840
53509,1842
53510,1872
53511,1827
53512,1830
53513,1852
53514,1859
53515,1829
53516,1846
53517,1858
53518,1877
53519,1874
53520,1856
53521,1872
53522,1885
53523,1869
53524,1840
53525,1859
53526,1854
53527,1857
53528,1859
53529,1861
53530,1865
53531,1857
53532,1863
53533,1861
53534,1883
53535,1877
53536,1872
53537,1862
53538,1876
53539,1870
53540,1879
53541,1845
53542,1858
53543,1842
53544,1887
53545,1826
53546,1849
53547,1856
53548,1855
53549,1843
53550,1862
53551,1883
53552,1883
53553,1853
53554,1869
53555,1879
53556,1885
53557,1878
53558,1860
53559,1862
53560,1846
53561,1830
53562,1840
53563,1859
53564,1872
53565,1878
53566,1855
53567,1873
53568,1868
53569,1858
53570,1853
53571,1875
53572,1892
53573,1869
53574,1855
53575,1851
53576,1854
53577,1849
53578,1839
53579,1835
53580,1853
53581,1854
53582,1837
53583,1865
53584,1872
53585,1872
53586,1871
53587,1856
53588,1875
53589,1873
53590,1886
53591,1855
53592,1861
53593,1851
53594,1861
53595,1839
53596,1856
53597,1854
53598,1862
53599,1842
53600,1872
53601,1889
53602,1872
53603,1874
53604,1855
53605,1871
53606,1861
53607,1867
53608,1855
53609,1863
53610,1851
53611,1856
53612,1835
53613,1857
53614,1863
53615,1867
53616,1851
53617,1872
53618,1874
53619,1856
53620,1856
53621,1875
53622,1877
53623,1873
53624,1876
53625,1861
53626,1859
53627,1824
53628,1849
53629,1850
53630,1867
53631,1861
53632,1862
53633,1857
53634,1865
53635,1870
53636,1865
53637,1856
53638,1869
53639,1862
53640,1856
53641,1840
53642,1849
53643,1867
53644,1866
53645,1831
53646,1855
53647,1870
53648,1862
53649,1842
53650,1877
53651,1874
53652,1911
53653,1854
53654,1874
53655,1873
53656,1885
53657,1851
53658,1857
53659,1867
53660,1850
53661,1857
53662,1843
53663,1863
53664,1873
53665,1845
53666,1846
53667,1882
53668,1874
53669,1863
53670,1859
53671,1872
53672,1897
53673,1865
53674,1841
53675,1853
53676,1860
53677,1846
53678,1811
53679,1852
53680,1870
53681,1871
53682,1877
53683,1854
53684,1867
53685,1871
53686,1872
53687,1861
53688,1874
53689,1883
53690,1872
53691,1854
53692,1847
53693,1855
53694,1870
53695,1827
53696,1854
53697,1863
53698,1859
53699,1857
53700,1869
53701,1878
53702,1875
53703,1862
53704,1870
53705,1876
53706,1871
53707,1847
53708,1856
53709,1859
53710,1861
53711,1854
53712,1830
53713,1859
53714,1873
53715,1849
53716,1859
53717,1877
53718,1872
53719,1904
53720,1837
53721,1863
53722,1869
53723,1853
53724,1840
53725,1846
53726,1841
53727,1838
53728,1821
53729,1835
53730,1840
53731,1827
53732,1840
53733,1859
53734,1873
53735,1855
53736,1857
53737,1856
53738,1873
53739,1899
53740,1878
53741,1850
53742,1865
53743,1857
53744,1866
53745,1836
53746,1856
53747,1857
53748,1840
53749,1859
53750,1869
53751,1872
53752,1890
53753,1856
53754,1866
53755,1870
53756,1851
53757,1870
53758,1841
53759,1850
53760,1854
53761,1847
53762,1840
53763,1859
53764,1844
53765,1840
53766,1849
53767,1874
53768,1873
53769,1920
53770,1862
53771,1875
53772,1873
53773,1873
53774,1840
53775,1856
53776,1863
53777,1840
53778,1825
53779,1842
53780,1869
53781,1870
53782,1856
53783,1856
53784,1861
53785,1860
53786,1855
53787,1858
53788,1869
53789,1874
53790,1873
53791,1855
53792,1862
53793,1856
53794,1843
53795,1845
53796,1856
53797,1872
53798,1867
53799,1872
53800,1865
53801,1873
53802,1897
53803,1872
53804,1869
53805,1874
53806,1891
53807,1845
53808,1853
53809,1863
53810,1855
53811,1871
53812,1834
53813,1859
53814,1847
53815,1853
53816,1846
53817,1867
53818,1871
53819,1871
53820,1846
53821,1867
53822,1874
53823,1856
53824,1850
53825,1852
53826,1845
53827,1850
53828,1840
53829,1845
53830,1858
53831,1867
53832,1846
53833,1842
53834,1875
53835,1879
53836,1851
53837,1859
53838,1872
53839,1897
53840,1883
53841,1854
53842,1854
53843,1847
53844,1811
53845,1828
53846,1853
53847,1846
53848,1867
53849,1858
53850,1852
53851,1854
53852,1871
53853,1863
53854,1869
53855,1881
53856,1861
53857,1860
53858,1847
53859,1865
53860,1871
53861,1856
53862,1837
53863,1856
53864,1853
53865,1853
53866,1853
53867,1872
53868,1869
53869,1857
53870,1846
53871,1871
53872,1871
53873,1867
53874,1850
53875,1856
53876,1853
53877,1849
53878,1819
53879,1843
53880,1871
53881,1850
53882,1869
53883,1856
53884,1881
53885,1873
53886,1871
53887,1858
53888,1877
53889,1890
53890,1874
53891,1855
53892,1871
53893,1854
53894,1830
53895,1833
53896,1853
53897,1863
53898,1872
53899,1854
53900,1872
53901,1878
53902,1904
53903,1867
53904,1865
53905,1863
53906,1859
53907,1842
53908,1851
53909,1856
53910,1858
53911,1849
53912,1840
53913,1857
53914,1868
53915,1844
53916,1842
53917,1874
53918,1885
53919,1904
53920,1840
53921,1863
53922,1865
53923,1862
53924,1863
53925,1858
53926,1859
53927,1849
53928,1839
53929,1845
53930,1862
53931,1861
53932,1847
53933,1858
53934,1872
53935,1872
53936,1857
53937,1856
53938,1872
53939,1872
53940,1854
53941,1845
53942,1840
53943,1859
53944,1870
53945,1841
53946,1852
53947,1857
53948,1849
53949,1840
53950,1857
53951,1870
53952,1857
53953,1843
53954,1869
53955,1867
53956,1861
53957,1864
53958,1856
53959,1867
53960,1834
53961,1857
53962,1840
53963,1856
53964,1855
53965,1858
53966,1846
53967,1870
53968,1863
53969,1872
53970,1857
53971,1873
53972,1879
53973,1883
53974,1843
53975,1857
53976,1851
53977,1849
53978,1847
53979,1846
53980,1869
53981,1863
53982,1854
53983,1855
53984,1877
53985,1855
53986,1872
53987,1856
53988,1875
53989,1878
53990,1859
53991,1843
53992,1850
53993,1859
53994,1899
53995,1815
53996,1842
53997,1856
53998,1871
53999,1855
54000,1863
54001,1865
54002,1871
54003,1871
54004,1857
54005,1883
54006,1877
54007,1857
54008,1853
54009,1869
54010,1846
54011,1840
54012,1835
54013,1858
54014,1863
54015,1865
54016,1841
54017,1881
54018,1874
54019,1871
54020,1856
54021,1867
54022,1869
54023,1858
54024,1857
54025,1852
54026,1855
54027,1858
54028,1835
54029,1835
54030,1841
54031,1845
54032,1852
54033,1856
54034,1895
54035,1878
54036,1876
54037,1857
54038,1874
54039,1877
54040,1858
54041,1858
54042,1863
54043,1853
54044,1857
54045,1834
54046,1856
54047,1872
54048,1851
54049,1851
54050,1870
54051,1891
54052,1872
54053,1872
54054,1869
54055,1874
54056,1865
54057,1856
54058,1849
54059,1854
54060,1856
54061,1843
54062,1836
54063,1856
54064,1873
54065,1863
54066,1855
54067,1865
54068,1878
54069,1872
54070,976
54071,1296
54072,2064
54073,2131
54074,2251
54075,2305
54076,2251
54077,2035
54078,1815
54079,1669
54080,1852
54081,1973
54082,1853
54083,1739
54084,1717
54085,1815
54086,1856
54087,1856
54088,1878
54089,1872
54090,1872
54091,1874
54092,1867
54093,1856
54094,1850
54095,1802
54096,1830
54097,1840
54098,1841
54099,1825
54100,1845
54101,1527
54102,985
54103,1923
54104,2114
54105,2286
54106,2388
54107,2253
54108,1999
54109,1731
54110,1664
54111,1862
54112,1872
54113,1773
54114,1776
54115,1789
54116,1854
54117,1898
54118,1904
54119,1886
54120,1891
54121,1906
54122,1913
54123,1892
54124,1871
54125,1849
54126,1855
54127,1829
54128,1807
54129,1813
54130,1845
54131,1861
54132,2252
54133,912
54134,1966
54135,2135
54136,2310
54137,2407
54138,2294
54139,2061
54140,1669
54141,1649
54142,1776
54143,1802
54144,1741
54145,1744
54146,1842
54147,1889
54148,1898
54149,1904
54150,1920
54151,1915
54152,1920
54153,1913
54154,1888
54155,1882
54156,1870
54157,1856
54158,1820
54159,1818
54160,1834
54161,1813
54162,1807
54163,2515
54164,659
54165,1879
54166,2121
54167,2314
54168,2437
54169,2384
54170,2144
54171,1744
54172,1719
54173,1882
54174,1827
54175,1623
54176,1631
54177,1722
54178,1779
54179,1862
54180,1926
54181,1911
54182,1930
54183,1891
54184,1911
54185,1903
54186,1879
54187,1853
54188,1868
54189,1862
54190,1840
54191,1836
54192,1825
54193,1825
54194,2032
54195,458
54196,1843
54197,2170
54198,2385
54199,2538
54200,2512
54201,2205
54202,1693
54203,1711
54204,1800
54205,1598
54206,1511
54207,1554
54208,1683
54209,1818
54210,1886
54211,1883
54212,1884
54213,1904
54214,1881
54215,1879
54216,1877
54217,1883
54218,1869
54219,1851
54220,1826
54221,1847
54222,1861
54223,1863
54224,1849
54225,1858
54226,153
54227,1778
54228,2149
54229,2544
54230,2835
54231,2780
54232,2219
54233,1707
54234,1796
54235,1641
54236,1385
54237,1302
54238,1434
54239,1616
54240,1805
54241,1881
54242,1909
54243,1904
54244,1875
54245,1872
54246,1885
54247,1879
54248,1869
54249,1904
54250,1886
54251,1863
54252,1850
54253,1859
54254,1862
54255,1872
54256,1883
54257,150
54258,1744
54259,2335
54260,2926
54261,3162
54262,2884
54263,2080
54264,1728
54265,1707
54266,1354
54267,1101
54268,1114
54269,1339
54270,1605
54271,1828
54272,1913
54273,1942
54274,1923
54275,1904
54276,1921
54277,1882
54278,1853
54279,1859
54280,1878
54281,1889
54282,1859
54283,1870
54284,1881
54285,1897
54286,1886
54287,1886
54288,7
54289,1771
54290,2554
54291,3472
54292,4034
54293,3298
54294,2162
54295,1616
54296,1360
54297,883
54298,652
54299,747
54300,1087
54301,1589
54302,1799
54303,1876
54304,1897
54305,1925
54306,1965
54307,1919
54308,1891
54309,1877
54310,1866
54311,1883
54312,1872
54313,1894
54314,1884
54315,1888
54316,1872
54317,1907
54318,1915
54319,44
54320,1525
54321,2627
54322,4095
54323,4095
54324,3647
54325,2370
54326,1606
54327,1231
54328,718
54329,415
54330,540
54331,1062
54332,1534
54333,1763
54334,1876
54335,1905
54336,1929
54337,1911
54338,1923
54339,1920
54340,1904
54341,1903
54342,1910
54343,1904
54344,1906
54345,1870
54346,1893
54347,1911
54348,1901
54349,1904
54350,233
54351,1602
54352,2859
54353,4095
54354,4053
54355,3551
54356,2945
54357,1622
54358,903
54359,240
54360,0
54361,235
54362,1013
54363,1535
54364,1777
54365,1843
54366,1904
54367,1942
54368,1962
54369,1941
54370,1927
54371,1952
54372,1971
54373,1957
54374,1941
54375,1950
54376,1958
54377,1943
54378,1934
54379,1924
54380,1936
54381,624
54382,1414
54383,2672
54384,4095
54385,4095
54386,3655
54387,2914
54388,1488
54389,858
54390,193
54391,0
54392,490
54393,1234
54394,1664
54395,1818
54396,1899
54397,1939
54398,1958
54399,1959
54400,1959
54401,1970
54402,1952
54403,1982
54404,1969
54405,1982
54406,1965
54407,1948
54408,1937
54409,1929
54410,1920
54411,1936
54412,1590
54413,1227
54414,2385
54415,4095
54416,4095
54417,3745
54418,2938
54419,1366
54420,832
54421,185
54422,12
54423,656
54424,1313
54425,1677
54426,1825
54427,1903
54428,1889
54429,1936
54430,1967
54431,1978
54432,1935
54433,1972
54434,1985
54435,1970
54436,1946
54437,1931
54438,1938
54439,1906
54440,1920
54441,1929
54442,1930
54443,2431
54444,949
54445,2093
54446,3898
54447,4095
54448,3792
54449,3393
54450,1712
54451,966
54452,252
54453,0
54454,597
54455,1330
54456,1707
54457,1808
54458,1878
54459,1927
54460,1926
54461,1901
54462,1915
54463,1942
54464,1947
54465,1951
54466,1947
54467,1954
54468,1967
54469,1966
54470,1917
54471,1942
54472,1936
54473,1931
54474,2768
54475,769
54476,2066
54477,3531
54478,4095
54479,3822
54480,3395
54481,1709
54482,898
54483,197
54484,0
54485,676
54486,1327
54487,1679
54488,1840
54489,1925
54490,1936
54491,1939
54492,1952
54493,1949
54494,1936
54495,1911
54496,1946
54497,1966
54498,1955
54499,1953
54500,1929
54501,1950
54502,1962
54503,1936
54504,1921
54505,2368
54506,550
54507,1962
54508,3135
54509,4095
54510,3838
54511,3430
54512,1799
54513,925
54514,311
54515,102
54516,721
54517,1346
54518,1677
54519,1823
54520,1885
54521,1919
54522,1939
54523,1933
54524,1913
54525,1906
54526,1920
54527,1942
54528,1926
54529,1933
54530,1945
54531,1935
54532,1919
54533,1906
54534,1931
54535,1919
54536,2150
54537,368
54538,1935
54539,2896
54540,4095
54541,3922
54542,3455
54543,1719
54544,1093
54545,551
54546,230
54547,818
54548,1339
54549,1680
54550,1805
54551,1890
54552,1910
54553,1888
54554,1905
54555,1929
54556,1936
54557,1923
54558,1911
54559,1925
54560,1921
54561,1907
54562,1897
54563,1910
54564,1893
54565,1899
54566,1883
54567,1904
54568,93
54569,1801
54570,2619
54571,4095
54572,4095
54573,3568
54574,1945
54575,1136
54576,542
54577,284
54578,774
54579,1317
54580,1658
54581,1827
54582,1847
54583,1872
54584,1922
54585,1921
54586,1884
54587,1905
54588,1927
54589,1938
54590,1922
54591,1905
54592,1920
54593,1933
54594,1899
54595,1883
54596,1904
54597,1914
54598,1899
54599,0
54600,1719
54601,2512
54602,4095
54603,4095
54604,3619
54605,2128
54606,1150
54607,615
54608,265
54609,720
54610,1303
54611,1617
54612,1765
54613,1852
54614,1887
54615,1882
54616,1872
54617,1909
54618,1917
54619,1936
54620,1904
54621,1937
54622,1946
54623,1919
54624,1882
54625,1918
54626,1914
54627,1906
54628,1887
54629,1879
54630,0
54631,1759
54632,2351
54633,3888
54634,4095
54635,3583
54636,2310
54637,1173
54638,601
54639,255
54640,726
54641,1271
54642,1627
54643,1767
54644,1839
54645,1847
54646,1876
54647,1888
54648,1907
54649,1878
54650,1931
54651,1932
54652,1958
54653,1895
54654,1914
54655,1931
54656,1927
54657,1925
54658,1894
54659,1899
54660,1891
54661,176
54662,1506
54663,2231
54664,3571
54665,4095
54666,3665
54667,2250
54668,1298
54669,835
54670,387
54671,705
54672,1274
54673,1591
54674,1758
54675,1835
54676,1871
54677,1869
54678,1857
54679,1873
54680,1903
54681,1921
54682,1891
54683,1936
54684,1953
54685,1921
54686,1907
54687,1883
54688,1903
54689,1911
54690,1897
54691,1903
54692,1904
54693,1890
54694,1907
54695,1871
54696,1882
54697,1895
54698,1906
54699,1855
54700,1898
54701,1894
54702,1907
54703,1876
54704,1874
54705,1885
54706,1891
54707,1895
54708,1858
54709,1868
54710,1855
54711,1855
54712,1841
54713,1866
54714,1869
54715,1848
54716,1837
54717,1863
54718,1871
54719,1886
54720,1855
54721,1873
54722,1872
54723,1884
54724,1869
54725,1859
54726,1872
54727,1845
54728,1839
54729,1845
54730,1851
54731,1859
54732,1851
54733,1857
54734,1872
54735,1867
54736,1866
54737,1858
54738,1871
54739,1875
54740,1870
54741,1851
54742,1859
54743,1844
54744,1850
54745,1823
54746,1849
54747,1858
54748,1865
54749,1837
54750,1847
54751,1870
54752,1853
54753,1851
54754,1857
54755,1878
54756,1871
54757,1863
54758,1850
54759,1856
54760,1846
54761,1865
54762,1839
54763,1857
54764,1857
54765,1839
54766,1847
54767,1869
54768,1872
54769,1903
54770,1853
54771,1880
54772,1886
54773,1869
54774,1835
54775,1856
54776,1849
54777,1841
54778,1825
54779,1837
54780,1865
54781,1865
54782,1869
54783,1858
54784,1887
54785,1859
54786,1865
54787,1861
54788,1872
54789,1893
54790,1874
54791,1845
54792,1850
54793,1860
54794,1856
54795,1840
54796,1854
54797,1851
54798,1858
54799,1869
54800,1865
54801,1878
54802,1867
54803,1858
54804,1854
54805,1865
54806,1881
54807,1842
54808,1839
54809,1856
54810,1873
54811,1838
54812,1846
54813,1872
54814,1866
54815,1850
54816,1846
54817,1856
54818,1859
54819,1899
54820,1846
54821,1861
54822,1868
54823,1879
54824,1862
54825,1858
54826,1869
54827,1858
54828,1853
54829,1856
54830,1872
54831,1889
54832,1856
54833,1858
54834,1846
54835,1875
54836,1839
54837,1840
54838,1859
54839,1870
54840,1881
54841,1867
54842,1863
54843,1855
54844,1827
54845,1823
54846,1845
54847,1874
54848,1891
54849,1859
54850,1863
54851,1871
54852,1857
54853,1856
54854,1859
54855,1869
54856,1872
54857,1869
54858,1855
54859,1867
54860,1850
54861,1861
54862,1837
54863,1859
54864,1863
54865,1855
54866,1847
54867,1867
54868,1856
54869,1882
54870,1843
54871,1872
54872,1870
54873,1881
54874,1871
54875,1867
54876,1855
54877,1870
54878,1839
54879,1843
54880,1865
54881,1873
54882,1849
54883,1853
54884,1865
54885,1880
54886,1872
54887,1855
54888,1873
54889,1869
54890,1882
54891,1856
54892,1857
54893,1865
54894,1826
54895,1834
54896,1845
54897,1858
54898,1882
54899,1878
54900,1870
54901,1876
54902,1872
54903,1835
54904,1865
54905,1870
54906,1866
54907,1877
54908,1854
54909,1860
54910,1840
54911,1843
54912,1835
54913,1856
54914,1856
54915,1878
54916,1857
54917,1869
54918,1883
54919,1890
54920,1839
54921,1846
54922,1870
54923,1847
54924,1840
54925,1840
54926,1842
54927,1840
54928,1838
54929,1842
54930,1867
54931,1863
54932,1841
54933,1856
54934,1872
54935,1872
54936,1837
54937,1852
54938,1873
54939,1884
54940,1870
54941,1858
54942,1854
54943,1870
54944,1847
54945,1840
54946,1842
54947,1855
54948,1877
54949,1854
54950,1858
54951,1870
54952,1862
54953,1872
54954,1855
54955,1872
54956,1895
54957,1871
54958,1845
54959,1857
54960,1856
54961,1865
54962,1837
54963,1857
54964,1872
54965,1861
54966,1854
54967,1857
54968,1869
54969,1856
54970,1854
54971,1865
54972,1879
54973,1861
54974,1881
54975,1851
54976,1840
54977,1865
54978,1847
54979,1841
54980,1872
54981,1859
54982,1872
54983,1855
54984,1872
54985,1867
54986,1841
54987,1845
54988,1869
54989,1891
54990,1851
54991,1877
54992,1855
54993,1862
54994,1836
54995,1859
54996,1852
54997,1873
54998,1861
54999,1856
55000,1855
55001,1859
55002,1863
55003,1857
55004,1863
55005,1883
55006,1883
55007,1858
55008,1843
55009,1843
55010,1829
55011,1857
55012,1839
55013,1859
55014,1856
55015,1871
55016,1850
55017,1855
55018,1872
55019,1882
55020,1851
55021,1871
55022,1872
55023,1887
55024,1882
55025,1845
55026,1863
55027,1849
55028,1835
55029,1846
55030,1867
55031,1869
55032,1870
55033,1857
55034,1872
55035,1872
55036,1863
55037,1866
55038,1885
55039,1884
55040,1851
55041,1849
55042,1867
55043,1856
55044,1826
55045,1840
55046,1849
55047,1849
55048,1863
55049,1844
55050,1853
55051,1855
55052,1883
55053,1855
55054,1868
55055,1871
55056,1884
55057,1847
55058,1850
55059,1869
55060,1868
55061,1836
55062,1839
55063,1856
55064,1858
55065,1866
55066,1859
55067,1866
55068,1887
55069,1915
55070,1872
55071,1883
55072,1881
55073,1885
55074,1856
55075,1855
55076,1869
55077,1887
55078,1858
55079,1847
55080,1863
55081,1888
55082,1883
55083,1867
55084,1877
55085,1893
55086,1861
55087,1861
55088,1878
55089,1872
55090,1898
55091,1847
55092,1856
55093,1856
55094,1849
55095,1849
55096,1845
55097,1866
55098,1867
55099,1841
55100,1856
55101,1872
55102,1879
55103,1856
55104,1849
55105,1861
55106,1863
55107,1846
55108,1840
55109,1856
55110,1855
55111,1817
55112,1830
55113,1850
55114,1867
55115,1829
55116,1879
55117,1863
55118,1856
55119,1867
55120,1865
55121,1875
55122,1885
55123,1867
55124,1846
55125,1856
55126,1856
55127,1845
55128,1833
55129,1840
55130,1868
55131,1869
55132,1834
55133,1843
55134,1868
55135,1865
55136,1872
55137,1853
55138,1872
55139,1883
55140,1857
55141,1851
55142,1854
55143,1860
55144,1833
55145,1819
55146,1850
55147,1867
55148,1845
55149,1902
55150,1870
55151,1878
55152,1858
55153,1878
55154,1869
55155,1872
55156,1903
55157,1863
55158,1856
55159,1873
55160,1872
55161,1851
55162,1839
55163,1859
55164,1856
55165,1838
55166,1820
55167,1856
55168,1856
55169,1872
55170,1854
55171,1863
55172,1879
55173,1871
55174,1849
55175,1852
55176,1865
55177,1844
55178,1840
55179,1840
55180,1857
55181,1847
55182,1840
55183,1855
55184,1872
55185,1855
55186,1879
55187,1859
55188,1879
55189,1892
55190,1858
55191,1838
55192,1854
55193,1856
55194,1870
55195,1846
55196,1845
55197,1861
55198,1854
55199,1851
55200,1859
55201,1882
55202,1878
55203,1846
55204,1867
55205,1886
55206,1879
55207,1868
55208,1845
55209,1858
55210,1852
55211,1862
55212,1833
55213,1856
55214,1872
55215,1850
55216,1861
55217,1866
55218,1875
55219,1874
55220,1850
55221,1862
55222,1874
55223,1855
55224,1882
55225,1849
55226,1857
55227,1846
55228,1830
55229,1834
55230,1854
55231,1863
55232,1856
55233,1849
55234,1893
55235,1887
55236,1869
55237,1856
55238,1874
55239,1899
55240,1872
55241,1872
55242,1858
55243,1847
55244,1837
55245,1829
55246,1834
55247,1861
55248,1885
55249,1840
55250,1859
55251,1882
55252,1882
55253,1846
55254,1853
55255,1877
55256,1877
55257,1884
55258,1842
55259,1853
55260,1853
55261,1837
55262,1826
55263,1856
55264,1855
55265,1856
55266,1863
55267,1866
55268,1884
55269,1867
55270,1847
55271,1871
55272,1887
55273,1862
55274,1867
55275,1857
55276,1849
55277,1857
55278,1815
55279,1840
55280,1849
55281,1885
55282,1843
55283,1859
55284,1863
55285,1851
55286,1866
55287,1853
55288,1871
55289,1875
55290,1872
55291,1859
55292,1866
55293,1869
55294,1851
55295,1807
55296,1856
55297,1856
55298,1884
55299,1872
55300,1863
55301,1873
55302,1891
55303,1853
55304,1860
55305,1875
55306,1886
55307,1856
55308,1846
55309,1856
55310,1845
55311,1844
55312,1840
55313,1857
55314,1855
55315,1858
55316,1846
55317,1868
55318,1863
55319,1849
55320,1878
55321,1871
55322,1883
55323,1867
55324,1869
55325,1854
55326,1866
55327,1817
55328,1840
55329,1842
55330,1868
55331,1871
55332,1883
55333,1852
55334,1873
55335,1871
55336,1841
55337,1858
55338,1874
55339,1873
55340,1859
55341,1854
55342,1847
55343,1845
55344,1838
55345,1847
55346,1844
55347,1863
55348,1847
55349,1871
55350,1861
55351,1853
55352,1884
55353,1855
55354,1859
55355,1873
55356,1895
55357,1871
55358,1838
55359,1867
55360,1857
55361,1868
55362,1835
55363,1857
55364,1859
55365,1856
55366,1858
55367,1861
55368,1898
55369,1872
55370,1850
55371,1869
55372,1882
55373,1872
55374,1851
55375,1846
55376,1839
55377,1840
55378,1827
55379,1841
55380,1867
55381,1871
55382,1859
55383,1854
55384,1879
55385,1872
55386,1862
55387,1854
55388,1872
55389,1880
55390,1855
55391,1867
55392,1856
55393,1869
55394,1815
55395,1841
55396,1845
55397,1871
55398,1872
55399,1843
55400,1863
55401,1874
55402,1877
55403,1858
55404,1853
55405,1872
55406,1865
55407,1859
55408,1841
55409,1869
55410,1858
55411,1844
55412,1838
55413,1857
55414,1855
55415,1856
55416,1842
55417,1872
55418,1898
55419,1871
55420,1874
55421,1874
55422,1874
55423,1875
55424,1846
55425,1856
55426,1869
55427,1857
55428,1846
55429,1840
55430,1857
55431,1877
55432,1841
55433,1853
55434,1872
55435,1881
55436,1849
55437,1850
55438,1871
55439,1869
55440,1872
55441,1859
55442,1861
55443,1856
55444,1855
55445,1819
55446,1843
55447,1866
55448,1857
55449,1863
55450,1866
55451,1873
55452,1850
55453,1873
55454,1861
55455,1877
55456,1894
55457,1859
55458,1845
55459,1850
55460,1871
55461,1872
55462,1831
55463,1855
55464,1855
55465,1847
55466,1844
55467,1857
55468,1873
55469,1881
55470,1861
55471,1867
55472,1882
55473,1885
55474,1840
55475,1849
55476,1862
55477,1851
55478,1830
55479,1838
55480,1858
55481,1862
55482,1893
55483,1860
55484,1870
55485,1871
55486,1872
55487,1856
55488,1873
55489,1895
55490,1872
55491,1854
55492,1848
55493,1854
55494,1832
55495,1840
55496,1847
55497,1862
55498,1879
55499,1854
55500,1855
55501,1873
55502,1876
55503,1859
55504,1872
55505,1878
55506,1894
55507,1889
55508,1847
55509,1862
55510,1867
55511,1861
55512,1837
55513,1857
55514,1864
55515,1859
55516,1863
55517,1871
55518,1882
55519,1862
55520,1861
55521,1856
55522,1872
55523,1860
55524,1837
55525,1845
55526,1844
55527,1859
55528,1835
55529,1839
55530,1851
55531,1877
55532,1847
55533,1851
55534,1875
55535,1883
55536,1898
55537,1856
55538,1874
55539,1888
55540,1872
55541,1847
55542,1853
55543,1850
55544,1840
55545,1834
55546,1840
55547,1872
55548,1869
55549,1840
55550,1872
55551,1877
55552,1876
55553,1856
55554,1853
55555,1868
55556,1899
55557,1857
55558,1840
55559,1863
55560,1859
55561,1862
55562,1834
55563,1857
55564,1867
55565,1872
55566,1863
55567,1872
55568,1875
55569,1892
55570,1879
55571,1872
55572,1873
55573,1890
55574,1856
55575,1853
55576,1862
55577,1850
55578,1861
55579,1837
55580,1855
55581,1872
55582,1873
55583,1853
55584,1863
55585,1872
55586,1861
55587,1847
55588,1869
55589,1872
55590,1866
55591,1882
55592,1861
55593,1854
55594,1851
55595,1843
55596,1856
55597,1872
55598,1863
55599,1854
55600,1861
55601,1879
55602,1885
55603,1863
55604,1859
55605,1876
55606,1876
55607,1875
55608,1855
55609,1858
55610,1850
55611,1866
55612,1837
55613,1856
55614,1852
55615,1867
55616,1835
55617,1871
55618,1855
55619,1854
55620,1862
55621,1859
55622,1870
55623,1877
55624,1858
55625,1858
55626,1854
55627,1837
55628,1836
55629,1835
55630,1856
55631,1872
55632,1866
55633,1858
55634,1875
55635,1875
55636,1876
55637,1853
55638,1872
55639,1872
55640,1872
55641,1837
55642,1857
55643,1848
55644,1879
55645,1846
55646,1831
55647,1855
55648,1871
55649,1838
55650,1862
55651,1860
55652,1852
55653,1853
55654,1864
55655,1877
55656,1865
55657,1887
55658,1849
55659,1858
55660,1883
55661,1847
55662,1839
55663,1856
55664,1872
55665,1863
55666,1872
55667,1867
55668,1878
55669,1875
55670,1873
55671,1859
55672,1872
55673,1876
55674,1839
55675,1843
55676,1862
55677,1855
55678,1836
55679,1843
55680,1860
55681,1841
55682,1846
55683,1859
55684,1867
55685,1866
55686,1877
55687,253
55688,1509
55689,2112
55690,2192
55691,2323
55692,2416
55693,2322
55694,2128
55695,1904
55696,1703
55697,1776
55698,1788
55699,1694
55700,1648
55701,1668
55702,1805
55703,1827
55704,1843
55705,1875
55706,1904
55707,1890
55708,1866
55709,1858
55710,1863
55711,1842
55712,1835
55713,1847
55714,1851
55715,1840
55716,1829
55717,1843
55718,753
55719,1351
55720,1990
55721,2197
55722,2463
55723,2639
55724,2494
55725,2208
55726,1781
55727,1623
55728,1676
55729,1565
55730,1472
55731,1491
55732,1660
55733,1774
55734,1878
55735,1919
55736,1939
55737,1905
55738,1914
55739,1916
55740,1886
55741,1857
55742,1858
55743,1863
55744,1867
55745,1821
55746,1842
55747,1854
55748,1862
55749,1481
55750,1104
55751,2001
55752,2243
55753,2448
55754,2559
55755,2512
55756,2227
55757,1733
55758,1669
55759,1738
55760,1617
55761,1488
55762,1518
55763,1669
55764,1835
55765,1889
55766,1902
55767,1916
55768,1938
55769,1936
55770,1883
55771,1887
55772,1883
55773,1869
55774,1856
55775,1840
55776,1856
55777,1835
55778,1831
55779,1827
55780,2359
55781,944
55782,1937
55783,2198
55784,2452
55785,2618
55786,2559
55787,2095
55788,1669
55789,1782
55790,1760
55791,1534
55792,1429
55793,1526
55794,1661
55795,1802
55796,1873
55797,1915
55798,1917
55799,1910
55800,1918
55801,1929
55802,1862
55803,1880
55804,1872
55805,1874
55806,1901
55807,1851
55808,1840
55809,1838
55810,1852
55811,2709
55812,769
55813,1915
55814,2246
55815,2586
55816,2750
55817,2651
55818,2005
55819,1715
55820,1778
55821,1565
55822,1363
55823,1393
55824,1491
55825,1697
55826,1846
55827,1884
55828,1870
55829,1879
55830,1907
55831,1906
55832,1902
55833,1868
55834,1882
55835,1884
55836,1869
55837,1840
55838,1865
55839,1871
55840,1843
55841,1834
55842,2277
55843,469
55844,1865
55845,2301
55846,2892
55847,3183
55848,2853
55849,2094
55850,1751
55851,1637
55852,1292
55853,1134
55854,1129
55855,1359
55856,1684
55857,1802
55858,1878
55859,1910
55860,1910
55861,1920
55862,1899
55863,1894
55864,1892
55865,1877
55866,1856
55867,1873
55868,1879
55869,1899
55870,1867
55871,1882
55872,1897
55873,1958
55874,320
55875,1840
55876,2608
55877,3423
55878,3634
55879,2951
55880,2032
55881,1643
55882,1328
55883,945
55884,814
55885,893
55886,1328
55887,1673
55888,1846
55889,1904
55890,1934
55891,1914
55892,1917
55893,1926
55894,1934
55895,1930
55896,1919
55897,1905
55898,1872
55899,1839
55900,1833
55901,1852
55902,1870
55903,1878
55904,1893
55905,103
55906,1835
55907,2749
55908,3940
55909,3984
55910,3583
55911,2225
55912,1518
55913,1022
55914,592
55915,400
55916,624
55917,1234
55918,1659
55919,1853
55920,1872
55921,1899
55922,1949
55923,1957
55924,1917
55925,1906
55926,1888
55927,1901
55928,1895
55929,1875
55930,1903
55931,1918
55932,1904
55933,1889
55934,1905
55935,1906
55936,0
55937,1693
55938,3049
55939,4095
55940,3911
55941,3440
55942,2548
55943,1385
55944,787
55945,239
55946,112
55947,667
55948,1315
55949,1648
55950,1824
55951,1899
55952,1936
55953,1942
55954,1949
55955,1963
55956,1968
55957,1931
55958,1915
55959,1910
55960,1921
55961,1920
55962,1894
55963,1908
55964,1922
55965,1918
55966,1907
55967,0
55968,1743
55969,3109
55970,4095
55971,3947
55972,3471
55973,2559
55974,1296
55975,619
55976,66
55977,62
55978,702
55979,1347
55980,1706
55981,1853
55982,1908
55983,1933
55984,1961
55985,1965
55986,1977
55987,1945
55988,1966
55989,1963
55990,1951
55991,1927
55992,1936
55993,1914
55994,1918
55995,1912
55996,1909
55997,1926
55998,45
55999,1571
56000,2867
56001,4095
56002,4038
56003,3564
56004,2667
56005,1302
56006,575
56007,0
56008,106
56009,816
56010,1402
56011,1737
56012,1819
56013,1902
56014,1937
56015,1955
56016,1936
56017,1970
56018,2018
56019,2040
56020,2016
56021,1959
56022,1950
56023,1907
56024,1845
56025,1889
56026,1915
56027,1909
56028,1898
56029,605
56030,1435
56031,2549
56032,4095
56033,4071
56034,3621
56035,2881
56036,1390
56037,592
56038,0
56039,48
56040,817
56041,1406
56042,1734
56043,1857
56044,1919
56045,1936
56046,1953
56047,1972
56048,1975
56049,1957
56050,1963
56051,1973
56052,1970
56053,1936
56054,1947
56055,1955
56056,1964
56057,1938
56058,1921
56059,1919
56060,854
56061,1295
56062,2332
56063,4095
56064,4095
56065,3610
56066,3093
56067,1453
56068,699
56069,12
56070,80
56071,855
56072,1456
56073,1760
56074,1856
56075,1911
56076,1945
56077,1939
56078,1946
56079,1922
56080,1950
56081,1985
56082,1983
56083,1942
56084,1968
56085,1968
56086,1938
56087,1897
56088,1926
56089,1934
56090,1935
56091,1952
56092,1106
56093,2211
56094,3824
56095,4095
56096,3658
56097,3230
56098,1515
56099,848
56100,48
56101,23
56102,853
56103,1411
56104,1713
56105,1857
56106,1903
56107,1946
56108,1948
56109,1946
56110,1939
56111,1946
56112,1905
56113,1943
56114,1956
56115,1939
56116,1925
56117,1941
56118,1930
56119,1961
56120,1895
56121,1921
56122,2367
56123,990
56124,2097
56125,3655
56126,4095
56127,3755
56128,3286
56129,1586
56130,752
56131,131
56132,97
56133,867
56134,1465
56135,1745
56136,1857
56137,1879
56138,1935
56139,1945
56140,1955
56141,1924
56142,1932
56143,1943
56144,1942
56145,1925
56146,1926
56147,1935
56148,1930
56149,1895
56150,1921
56151,1920
56152,1925
56153,2810
56154,754
56155,2045
56156,3452
56157,4095
56158,3723
56159,3351
56160,1565
56161,755
56162,213
56163,208
56164,900
56165,1446
56166,1705
56167,1837
56168,1909
56169,1943
56170,1941
56171,1917
56172,1946
56173,1925
56174,1918
56175,1936
56176,1957
56177,1954
56178,1925
56179,1904
56180,1910
56181,1934
56182,1909
56183,1894
56184,2160
56185,412
56186,1946
56187,3047
56188,4095
56189,3834
56190,3415
56191,1876
56192,827
56193,158
56194,66
56195,813
56196,1403
56197,1707
56198,1826
56199,1883
56200,1909
56201,1920
56202,1936
56203,1934
56204,1939
56205,1955
56206,1948
56207,1927
56208,1929
56209,1934
56210,1920
56211,1933
56212,1895
56213,1911
56214,1914
56215,2007
56216,335
56217,1891
56218,2953
56219,4095
56220,3830
56221,3434
56222,1782
56223,919
56224,280
56225,169
56226,838
56227,1409
56228,1674
56229,1807
56230,1876
56231,1913
56232,1923
56233,1920
56234,1935
56235,1931
56236,1957
56237,1936
56238,1945
56239,1949
56240,1945
56241,1920
56242,1921
56243,1927
56244,1902
56245,1883
56246,1893
56247,146
56248,1840
56249,2638
56250,4095
56251,4000
56252,3456
56253,1977
56254,1092
56255,506
56256,246
56257,817
56258,1334
56259,1664
56260,1792
56261,1881
56262,1859
56263,1894
56264,1907
56265,1914
56266,1921
56267,1934
56268,1949
56269,1951
56270,1936
56271,1923
56272,1922
56273,1920
56274,1887
56275,1898
56276,1894
56277,1889
56278,19
56279,1664
56280,2446
56281,3930
56282,4016
56283,3552
56284,2129
56285,1146
56286,606
56287,302
56288,774
56289,1307
56290,1648
56291,1766
56292,1840
56293,1882
56294,1887
56295,1876
56296,1895
56297,1943
56298,1968
56299,1969
56300,1887
56301,1908
56302,1921
56303,1933
56304,1895
56305,1911
56306,1909
56307,1904
56308,1891
56309,1897
56310,1904
56311,1890
56312,1878
56313,1886
56314,1883
56315,1877
56316,1875
56317,1886
56318,1884
56319,1898
56320,1906
56321,1875
56322,1890
56323,1870
56324,1840
56325,1859
56326,1869
56327,1863
56328,1871
56329,1835
56330,1861
56331,1872
56332,1863
56333,1856
56334,1869
56335,1875
56336,1870
56337,1869
56338,1866
56339,1872
56340,1876
56341,1869
56342,1862
56343,1876
56344,1855
56345,1838
56346,1853
56347,1871
56348,1857
56349,1853
56350,1858
56351,1849
56352,1887
56353,1866
56354,1855
56355,1872
56356,1872
56357,1881
56358,1845
56359,1846
56360,1850
56361,1866
56362,1831
56363,1863
56364,1868
56365,1867
56366,1855
56367,1851
56368,1873
56369,1853
56370,1870
56371,1872
56372,1882
56373,1872
56374,1841
56375,1849
56376,1862
56377,1854
56378,1861
56379,1832
56380,1861
56381,1875
56382,1861
56383,1841
56384,1871
56385,1872
56386,1844
56387,1840
56388,1869
56389,1878
56390,1857
56391,1843
56392,1843
56393,1843
56394,1877
56395,1839
56396,1840
56397,1855
56398,1862
56399,1836
56400,1856
56401,1876
56402,1879
56403,1871
56404,1856
56405,1875
56406,1888
56407,1853
56408,1858
56409,1851
56410,1858
56411,1874
56412,1837
56413,1858
56414,1855
56415,1873
56416,1849
56417,1869
56418,1853
56419,1871
56420,1854
56421,1847
56422,1872
56423,1882
56424,1839
56425,1844
56426,1843
56427,1843
56428,1853
56429,1837
56430,1861
56431,1879
56432,1873
56433,1874
56434,1848
56435,1836
56436,1856
56437,1840
56438,1871
56439,1875
56440,1862
56441,1837
56442,1858
56443,1855
56444,1841
56445,1825
56446,1855
56447,1856
56448,1872
56449,1889
56450,1870
56451,1872
56452,1869
56453,1865
56454,1840
56455,1865
56456,1850
56457,1866
56458,1857
56459,1844
56460,1863
56461,1840
56462,1829
56463,1859
56464,1872
56465,1883
56466,1863
56467,1862
56468,1876
56469,1865
56470,1851
56471,1865
56472,1866
56473,1897
56474,1871
56475,1856
56476,1850
56477,1855
56478,1843
56479,1835
56480,1856
56481,1893
56482,1869
56483,1849
56484,1863
56485,1869
56486,1878
56487,1846
56488,1872
56489,1875
56490,1871
56491,1864
56492,1853
56493,1869
56494,1855
56495,1837
56496,1841
56497,1865
56498,1857
56499,1873
56500,1861
56501,1871
56502,1871
56503,1877
56504,1863
56505,1878
56506,1884
56507,1855
56508,1854
56509,1858
56510,1843
56511,1854
56512,1855
56513,1851
56514,1857
56515,1877
56516,1828
56517,1855
56518,1872
56519,1911
56520,1856
56521,1859
56522,1879
56523,1874
56524,1849
56525,1854
56526,1867
56527,1859
56528,1851
56529,1834
56530,1854
56531,1851
56532,1847
56533,1846
56534,1877
56535,1862
56536,1889
56537,1848
56538,1870
56539,1872
56540,1858
56541,1821
56542,1858
56543,1858
56544,1843
56545,1852
56546,1838
56547,1850
56548,1861
56549,1848
56550,1857
56551,1867
56552,1872
56553,1861
56554,1856
56555,1877
56556,1872
56557,1868
56558,1843
56559,1856
56560,1852
56561,1876
56562,1840
56563,1853
56564,1859
56565,1861
56566,1891
56567,1857
56568,1862
56569,1907
56570,1843
56571,1868
56572,1879
56573,1875
56574,1846
56575,1843
56576,1853
56577,1852
56578,1844
56579,1842
56580,1860
56581,1840
56582,1853
56583,1835
56584,1856
56585,1869
56586,1862
56587,1855
56588,1872
56589,1866
56590,1872
56591,1840
56592,1852
56593,1863
56594,1850
56595,1822
56596,1844
56597,1855
56598,1881
56599,1854
56600,1852
56601,1859
56602,1870
56603,1872
56604,1851
56605,1870
56606,1882
56607,1846
56608,1836
56609,1863
56610,1868
56611,1843
56612,1851
56613,1853
56614,1859
56615,1873
56616,1869
56617,1872
56618,1890
56619,1903
56620,1846
56621,1860
56622,1873
56623,1862
56624,1871
56625,1861
56626,1863
56627,1842
56628,1840
56629,1839
56630,1857
56631,1873
56632,1858
56633,1857
56634,1866
56635,1873
56636,1890
56637,1858
56638,1862
56639,1885
56640,1857
56641,1856
56642,1862
56643,1861
56644,1859
56645,1827
56646,1840
56647,1872
56648,1880
56649,1843
56650,1851
56651,1878
56652,1875
56653,1869
56654,1859
56655,1872
56656,1872
56657,1859
56658,1840
56659,1843
56660,1853
56661,1866
56662,1811
56663,1845
56664,1866
56665,1840
56666,1872
56667,1840
56668,1854
56669,1840
56670,1833
56671,1851
56672,1857
56673,1892
56674,1884
56675,1850
56676,1855
56677,1847
56678,1838
56679,1834
56680,1856
56681,1856
56682,1860
56683,1849
56684,1875
56685,1873
56686,1875
56687,1872
56688,1869
56689,1878
56690,1872
56691,1887
56692,1855
56693,1840
56694,1847
56695,1830
56696,1837
56697,1856
56698,1861
56699,1840
56700,1856
56701,1893
56702,1893
56703,1882
56704,1856
56705,1873
56706,1885
56707,1870
56708,1851
56709,1845
56710,1858
56711,1865
56712,1834
56713,1845
56714,1865
56715,1868
56716,1861
56717,1861
56718,1873
56719,1862
56720,1841
56721,1855
56722,1872
56723,1879
56724,1856
56725,1839
56726,1843
56727,1840
56728,1829
56729,1826
56730,1853
56731,1863
56732,1852
56733,1852
56734,1875
56735,1879
56736,1866
56737,1871
56738,1867
56739,1881
56740,1886
56741,1870
56742,1856
56743,1846
56744,1842
56745,1824
56746,1840
56747,1861
56748,1887
56749,1861
56750,1859
56751,1873
56752,1858
56753,1845
56754,1854
56755,1869
56756,1885
56757,1872
56758,1863
56759,1854
56760,1835
56761,1841
56762,1815
56763,1852
56764,1869
56765,1855
56766,1860
56767,1872
56768,1870
56769,1873
56770,1830
56771,1857
56772,1866
56773,1883
56774,1867
56775,1856
56776,1862
56777,1858
56778,1839
56779,1837
56780,1858
56781,1874
56782,1865
56783,1867
56784,1867
56785,1878
56786,1881
56787,1833
56788,1859
56789,1879
56790,1883
56791,1878
56792,1866
56793,1861
56794,1845
56795,1851
56796,1843
56797,1856
56798,1879
56799,1869
56800,1842
56801,1869
56802,1872
56803,1847
56804,1856
56805,1875
56806,1883
56807,1870
56808,1863
56809,1858
56810,1849
56811,1846
56812,1815
56813,1855
56814,1852
56815,1870
56816,1840
56817,1865
56818,1861
56819,1862
56820,1846
56821,1871
56822,1875
56823,1895
56824,1867
56825,1851
56826,1842
56827,1843
56828,1850
56829,1830
56830,1856
56831,1853
56832,1847
56833,1883
56834,1866
56835,1873
56836,1898
56837,1850
56838,1872
56839,1871
56840,1875
56841,1853
56842,1856
56843,1862
56844,1819
56845,1823
56846,1835
56847,1851
56848,1863
56849,1856
56850,1845
56851,1871
56852,1886
56853,1839
56854,1856
56855,1873
56856,1870
56857,1858
56858,1851
56859,1859
56860,1852
56861,1881
56862,1827
56863,1845
56864,1867
56865,1856
56866,1872
56867,1862
56868,1877
56869,1882
56870,1859
56871,1865
56872,1872
56873,1893
56874,1869
56875,1850
56876,1856
56877,1838
56878,1867
56879,1837
56880,1856
56881,1873
56882,1872
56883,1851
56884,1872
56885,1877
56886,1856
56887,1857
56888,1866
56889,1877
56890,1875
56891,1840
56892,1846
56893,1845
56894,1842
56895,1807
56896,1842
56897,1867
56898,1859
56899,1900
56900,1859
56901,1865
56902,1872
56903,1891
56904,1847
56905,1872
56906,1871
56907,1861
56908,1875
56909,1855
56910,1857
56911,1868
56912,1840
56913,1840
56914,1871
56915,1854
56916,1855
56917,1872
56918,1872
56919,1837
56920,1855
56921,1872
56922,1878
56923,1872
56924,1883
56925,1855
56926,1865
56927,1859
56928,1854
56929,1834
56930,1861
56931,1871
56932,1856
56933,1875
56934,1852
56935,1869
56936,1889
56937,1837
56938,1862
56939,1867
56940,1866
56941,1843
56942,1856
56943,1867
56944,1814
56945,1847
56946,1841
56947,1858
56948,1871
56949,1851
56950,1859
56951,1877
56952,1872
56953,1890
56954,1861
56955,1873
56956,1863
56957,1874
56958,1856
56959,1858
56960,1859
56961,1863
56962,1840
56963,1858
56964,1870
56965,1886
56966,1822
56967,1867
56968,1883
56969,1877
56970,1842
56971,1863
56972,1871
56973,1879
56974,1866
56975,1855
56976,1856
56977,1838
56978,1840
56979,1834
56980,1856
56981,1874
56982,1850
56983,1835
56984,1873
56985,1867
56986,1882
56987,1859
56988,1875
56989,1871
56990,1863
56991,1873
56992,1856
56993,1863
56994,1833
56995,1827
56996,1834
56997,1845
56998,1855
56999,1872
57000,1860
57001,1873
57002,1869
57003,1894
57004,1856
57005,1873
57006,1895
57007,1883
57008,1853
57009,1857
57010,1851
57011,1841
57012,1842
57013,1842
57014,1862
57015,1872
57016,1845
57017,1858
57018,1872
57019,1873
57020,1841
57021,1851
57022,1871
57023,1873
57024,1886
57025,1851
57026,1855
57027,1856
57028,1840
57029,1825
57030,1850
57031,1870
57032,1867
57033,1885
57034,1871
57035,1863
57036,1870
57037,1876
57038,1869
57039,1872
57040,1872
57041,1837
57042,1853
57043,1870
57044,1842
57045,1853
57046,1840
57047,1872
57048,1870
57049,1855
57050,1861
57051,1871
57052,1887
57053,1872
57054,1847
57055,1872
57056,1862
57057,1870
57058,1851
57059,1854
57060,1856
57061,1882
57062,1828
57063,1856
57064,1868
57065,1890
57066,1861
57067,1859
57068,1871
57069,1900
57070,1856
57071,1870
57072,1889
57073,1881
57074,1863
57075,1855
57076,1872
57077,1856
57078,1862
57079,1833
57080,1856
57081,1856
57082,1852
57083,1853
57084,1873
57085,1866
57086,1843
57087,1840
57088,1862
57089,1878
57090,1872
57091,1872
57092,1862
57093,1856
57094,1869
57095,1854
57096,1836
57097,1869
57098,1872
57099,1863
57100,1847
57101,1873
57102,1869
57103,1872
57104,1857
57105,1882
57106,1891
57107,1857
57108,1856
57109,1851
57110,1859
57111,1861
57112,1831
57113,1857
57114,1851
57115,1858
57116,1861
57117,1872
57118,1881
57119,1871
57120,1853
57121,1855
57122,1861
57123,1873
57124,1865
57125,1843
57126,1856
57127,1860
57128,1854
57129,1839
57130,1861
57131,1878
57132,1856
57133,1866
57134,1862
57135,1870
57136,1872
57137,1845
57138,1873
57139,1872
57140,1883
57141,1859
57142,1859
57143,1872
57144,1840
57145,1808
57146,1831
57147,1840
57148,1856
57149,1840
57150,1840
57151,1870
57152,1883
57153,1873
57154,1855
57155,1874
57156,1875
57157,1868
57158,1863
57159,1857
57160,1849
57161,1840
57162,1808
57163,1841
57164,1843
57165,1858
57166,1832
57167,1873
57168,1895
57169,1865
57170,1851
57171,1871
57172,1890
57173,1908
57174,1839
57175,1839
57176,1855
57177,1839
57178,1829
57179,1831
57180,1855
57181,1872
57182,1856
57183,1840
57184,1873
57185,1882
57186,1863
57187,1861
57188,1867
57189,1873
57190,1864
57191,1841
57192,1850
57193,1840
57194,1846
57195,1830
57196,1846
57197,1857
57198,1872
57199,1867
57200,1859
57201,1869
57202,1862
57203,1886
57204,1851
57205,1871
57206,1881
57207,1867
57208,1850
57209,1847
57210,1863
57211,1855
57212,1831
57213,1847
57214,1871
57215,1868
57216,1857
57217,1869
57218,1866
57219,1879
57220,1854
57221,1858
57222,1883
57223,1889
57224,1871
57225,1854
57226,1862
57227,1858
57228,1857
57229,1836
57230,1858
57231,1869
57232,1872
57233,1849
57234,1870
57235,1859
57236,1861
57237,1843
57238,1875
57239,1873
57240,1863
57241,1852
57242,1856
57243,1857
57244,1853
57245,1840
57246,1834
57247,1853
57248,1857
57249,1849
57250,1853
57251,1870
57252,1872
57253,1863
57254,1857
57255,1883
57256,1889
57257,1875
57258,1879
57259,1873
57260,1872
57261,1889
57262,1857
57263,1860
57264,1861
57265,1846
57266,1868
57267,1843
57268,1869
57269,1919
57270,1872
57271,1875
57272,1892
57273,1872
57274,1845
57275,1834
57276,1847
57277,1825
57278,1815
57279,1812
57280,1851
57281,1875
57282,1856
57283,1853
57284,1859
57285,1854
57286,1863
57287,1861
57288,1863
57289,1871
57290,1878
57291,1856
57292,1856
57293,1851
57294,1858
57295,1845
57296,1826
57297,1856
57298,1867
57299,1869
57300,1857
57301,1872
57302,1860
57303,1891
57304,0
57305,1680
57306,2114
57307,2137
57308,2125
57309,2134
57310,2073
57311,1935
57312,1774
57313,1881
57314,2070
57315,2012
57316,1861
57317,1783
57318,1801
57319,1856
57320,1885
57321,1865
57322,1884
57323,1901
57324,1862
57325,1874
57326,1872
57327,1863
57328,1839
57329,1824
57330,1835
57331,1823
57332,1838
57333,1821
57334,1830
57335,63
57336,1473
57337,2005
57338,2160
57339,2221
57340,2209
57341,2078
57342,1904
57343,1808
57344,1967
57345,1951
57346,1851
57347,1756
57348,1757
57349,1830
57350,1867
57351,1904
57352,1908
57353,1890
57354,1888
57355,1919
57356,1915
57357,1901
57358,1875
57359,1846
57360,1841
57361,1815
57362,1821
57363,1810
57364,1840
57365,1840
57366,490
57367,1365
57368,2005
57369,2153
57370,2246
57371,2229
57372,2110
57373,1926
57374,1811
57375,1936
57376,1979
57377,1827
57378,1738
57379,1761
57380,1839
57381,1897
57382,1879
57383,1905
57384,1929
57385,1951
57386,1927
57387,1899
57388,1886
57389,1874
57390,1855
57391,1846
57392,1802
57393,1792
57394,1776
57395,1776
57396,1801
57397,1040
57398,1253
57399,1971
57400,2128
57401,2237
57402,2213
57403,2070
57404,1879
57405,1907
57406,2043
57407,1949
57408,1770
57409,1725
57410,1776
57411,1851
57412,1872
57413,1911
57414,1917
57415,1910
57416,1874
57417,1899
57418,1899
57419,1883
57420,1842
57421,1852
57422,1857
57423,1821
57424,1851
57425,1808
57426,1829
57427,1840
57428,1842
57429,1058
57430,1968
57431,2213
57432,2314
57433,2275
57434,2159
57435,2022
57436,1878
57437,1889
57438,1739
57439,1629
57440,1707
57441,1755
57442,1835
57443,1890
57444,1902
57445,1899
57446,1888
57447,1935
57448,1950
57449,1926
57450,1887
57451,1897
57452,1872
57453,1872
57454,1795
57455,1793
57456,1783
57457,1771
57458,1805
57459,2593
57460,803
57461,1914
57462,2161
57463,2391
57464,2416
57465,2294
57466,2096
57467,1829
57468,1805
57469,1629
57470,1596
57471,1662
57472,1779
57473,1858
57474,1877
57475,1905
57476,1903
57477,1897
57478,1867
57479,1865
57480,1861
57481,1853
57482,1840
57483,1845
57484,1875
57485,1862
57486,1858
57487,1835
57488,1865
57489,1869
57490,2709
57491,688
57492,1904
57493,2262
57494,2523
57495,2559
57496,2482
57497,2079
57498,1841
57499,1743
57500,1499
57501,1445
57502,1523
57503,1649
57504,1774
57505,1875
57506,1920
57507,1914
57508,1899
57509,1915
57510,1968
57511,1973
57512,1895
57513,1904
57514,1894
57515,1842
57516,1741
57517,1722
57518,1739
57519,1823
57520,1846
57521,2341
57522,582
57523,1952
57524,2358
57525,2816
57526,3069
57527,2828
57528,2206
57529,1755
57530,1427
57531,1183
57532,1155
57533,1303
57534,1467
57535,1715
57536,1823
57537,1871
57538,1907
57539,1933
57540,1907
57541,1904
57542,1863
57543,1855
57544,1869
57545,1856
57546,1846
57547,1861
57548,1882
57549,1883
57550,1871
57551,1885
57552,1889
57553,205
57554,1806
57555,2704
57556,3843
57557,3856
57558,3133
57559,2125
57560,1535
57561,1119
57562,765
57563,658
57564,907
57565,1329
57566,1650
57567,1802
57568,1856
57569,1916
57570,1899
57571,1905
57572,1911
57573,1911
57574,1888
57575,1884
57576,1888
57577,1890
57578,1893
57579,1864
57580,1879
57581,1897
57582,1874
57583,1897
57584,48
57585,1811
57586,2849
57587,4095
57588,3935
57589,3511
57590,2973
57591,1651
57592,904
57593,411
57594,198
57595,496
57596,1125
57597,1578
57598,1785
57599,1843
57600,1872
57601,1909
57602,1905
57603,1926
57604,1898
57605,1911
57606,1915
57607,1909
57608,1904
57609,1908
57610,1914
57611,1872
57612,1891
57613,1922
57614,1920
57615,0
57616,1746
57617,2822
57618,4095
57619,3942
57620,3536
57621,2887
57622,1465
57623,739
57624,279
57625,95
57626,624
57627,1281
57628,1650
57629,1805
57630,1878
57631,1905
57632,1925
57633,1918
57634,1941
57635,1953
57636,1914
57637,1922
57638,1941
57639,1957
57640,1936
57641,1920
57642,1913
57643,1923
57644,1914
57645,1921
57646,47
57647,1647
57648,2599
57649,4095
57650,3991
57651,3536
57652,3071
57653,1574
57654,759
57655,240
57656,48
57657,626
57658,1335
57659,1689
57660,1811
57661,1867
57662,1910
57663,1925
57664,1950
57665,1936
57666,1929
57667,1933
57668,1962
57669,1947
57670,1935
57671,1939
57672,1939
57673,1977
57674,1929
57675,1921
57676,1920
57677,384
57678,1409
57679,2267
57680,4095
57681,4066
57682,3652
57683,3155
57684,1563
57685,819
57686,285
57687,124
57688,736
57689,1414
57690,1722
57691,1823
57692,1873
57693,1909
57694,1918
57695,1913
57696,1894
57697,1920
57698,1923
57699,1936
57700,1938
57701,1963
57702,1961
57703,1935
57704,1897
57705,1918
57706,1923
57707,1919
57708,829
57709,1402
57710,2206
57711,3667
57712,4095
57713,3696
57714,3138
57715,1535
57716,827
57717,302
57718,222
57719,889
57720,1405
57721,1703
57722,1846
57723,1901
57724,1904
57725,1915
57726,1915
57727,1916
57728,1929
57729,1904
57730,1921
57731,1943
57732,1919
57733,1920
57734,1920
57735,1914
57736,1921
57737,1911
57738,1927
57739,1504
57740,1201
57741,2135
57742,3920
57743,4091
57744,3605
57745,3293
57746,1598
57747,749
57748,128
57749,37
57750,787
57751,1438
57752,1747
57753,1847
57754,1872
57755,1929
57756,1943
57757,1936
57758,1926
57759,1942
57760,1941
57761,1950
57762,1929
57763,1933
57764,1938
57765,1971
57766,1902
57767,1925
57768,1943
57769,1953
57770,2381
57771,939
57772,2119
57773,3800
57774,4095
57775,3631
57776,3292
57777,1621
57778,803
57779,224
57780,101
57781,833
57782,1421
57783,1719
57784,1851
57785,1911
57786,1911
57787,1903
57788,1938
57789,1963
57790,1958
57791,1950
57792,1931
57793,1935
57794,1927
57795,1930
57796,1910
57797,1923
57798,1915
57799,1922
57800,1911
57801,2788
57802,787
57803,2000
57804,3056
57805,4095
57806,3731
57807,3415
57808,1797
57809,961
57810,375
57811,192
57812,842
57813,1399
57814,1707
57815,1811
57816,1857
57817,1889
57818,1920
57819,1904
57820,1910
57821,1915
57822,1949
57823,1961
57824,1950
57825,1926
57826,1919
57827,1930
57828,1904
57829,1870
57830,1905
57831,1915
57832,2379
57833,497
57834,1947
57835,2786
57836,4084
57837,3871
57838,3462
57839,1719
57840,1019
57841,549
57842,423
57843,953
57844,1388
57845,1655
57846,1776
57847,1861
57848,1905
57849,1899
57850,1887
57851,1907
57852,1922
57853,1915
57854,1919
57855,1936
57856,1927
57857,1933
57858,1904
57859,1902
57860,1907
57861,1904
57862,1890
57863,1987
57864,289
57865,1909
57866,2640
57867,4001
57868,3952
57869,3447
57870,1930
57871,1095
57872,595
57873,427
57874,903
57875,1369
57876,1666
57877,1791
57878,1839
57879,1855
57880,1892
57881,1893
57882,1920
57883,1939
57884,1971
57885,1961
57886,1911
57887,1913
57888,1914
57889,1895
57890,1894
57891,1907
57892,1883
57893,1894
57894,1873
57895,176
57896,1774
57897,2554
57898,3995
57899,3907
57900,3478
57901,1846
57902,1110
57903,738
57904,406
57905,889
57906,1392
57907,1680
57908,1792
57909,1861
57910,1881
57911,1911
57912,1905
57913,1910
57914,1936
57915,1936
57916,1913
57917,1907
57918,1913
57919,1944
57920,1915
57921,1899
57922,1918
57923,1910
57924,1900
57925,1875
57926,1888
57927,1879
57928,1891
57929,1867
57930,1878
57931,1892
57932,1887
57933,1877
57934,1877
57935,1881
57936,1905
57937,1856
57938,1883
57939,1899
57940,1870
57941,1867
57942,1872
57943,1870
57944,1872
57945,1851
57946,1836
57947,1856
57948,1862
57949,1856
57950,1855
57951,1866
57952,1879
57953,1865
57954,1855
57955,1870
57956,1887
57957,1872
57958,1861
57959,1863
57960,1850
57961,1817
57962,1820
57963,1840
57964,1859
57965,1873
57966,1873
57967,1865
57968,1887
57969,1869
57970,1840
57971,1833
57972,1858
57973,1871
57974,1872
57975,1856
57976,1865
57977,1872
57978,1865
57979,1841
57980,1856
57981,1871
57982,1862
57983,1859
57984,1861
57985,1858
57986,1891
57987,1847
57988,1857
57989,1875
57990,1888
57991,1873
57992,1851
57993,1854
57994,1840
57995,1840
57996,1840
57997,1861
57998,1872
57999,1869
58000,1867
58001,1873
58002,1867
58003,1883
58004,1854
58005,1869
58006,1873
58007,1867
58008,1865
58009,1845
58010,1853
58011,1875
58012,1843
58013,1849
58014,1867
58015,1847
58016,1834
58017,1840
58018,1855
58019,1860
58020,1842
58021,1857
58022,1872
58023,1885
58024,1863
58025,1856
58026,1853
58027,1872
58028,1862
58029,1846
58030,1867
58031,1874
58032,1859
58033,1833
58034,1828
58035,1857
58036,1861
58037,1862
58038,1870
58039,1886
58040,1889
58041,1877
58042,1863
58043,1872
58044,1869
58045,1872
58046,1842
58047,1847
58048,1862
58049,1807
58050,1811
58051,1843
58052,1879
58053,1871
58054,1855
58055,1862
58056,1872
58057,1878
58058,1852
58059,1850
58060,1841
58061,1887
58062,1843
58063,1840
58064,1862
58065,1872
58066,1842
58067,1855
58068,1902
58069,1890
58070,1895
58071,1872
58072,1891
58073,1889
58074,1843
58075,1829
58076,1836
58077,1853
58078,1860
58079,1828
58080,1838
58081,1851
58082,1854
58083,1834
58084,1865
58085,1872
58086,1872
58087,1861
58088,1863
58089,1872
58090,1872
58091,1847
58092,1852
58093,1855
58094,1844
58095,1846
58096,1840
58097,1861
58098,1867
58099,1856
58100,1851
58101,1858
58102,1865
58103,1870
58104,1851
58105,1857
58106,1859
58107,1858
58108,1869
58109,1855
58110,1861
58111,1849
58112,1849
58113,1841
58114,1867
58115,1869
58116,1866
58117,1856
58118,1872
58119,1861
58120,1859
58121,1855
58122,1870
58123,1885
58124,1873
58125,1857
58126,1861
58127,1856
58128,1863
58129,1810
58130,1856
58131,1872
58132,1857
58133,1855
58134,1850
58135,1867
58136,1855
58137,1838
58138,1856
58139,1881
58140,1891
58141,1878
58142,1853
58143,1851
58144,1849
58145,1852
58146,1839
58147,1856
58148,1861
58149,1867
58150,1849
58151,1881
58152,1873
58153,1881
58154,1837
58155,1872
58156,1874
58157,1897
58158,1889
58159,1867
58160,1856
58161,1821
58162,1814
58163,1826
58164,1855
58165,1866
58166,1857
58167,1846
58168,1872
58169,1874
58170,1873
58171,1862
58172,1874
58173,1876
58174,1890
58175,1857
58176,1851
58177,1845
58178,1824
58179,1812
58180,1857
58181,1872
58182,1863
58183,1861
58184,1869
58185,1863
58186,1862
58187,1855
58188,1861
58189,1875
58190,1881
58191,1893
58192,1854
58193,1856
58194,1822
58195,1823
58196,1825
58197,1856
58198,1869
58199,1846
58200,1862
58201,1861
58202,1854
58203,1920
58204,1857
58205,1861
58206,1861
58207,1872
58208,1843
58209,1861
58210,1858
58211,1838
58212,1831
58213,1830
58214,1851
58215,1859
58216,1849
58217,1854
58218,1872
58219,1872
58220,1853
58221,1846
58222,1867
58223,1867
58224,1845
58225,1850
58226,1857
58227,1845
58228,1843
58229,1834
58230,1836
58231,1855
58232,1857
58233,1841
58234,1869
58235,1871
58236,1878
58237,1869
58238,1866
58239,1865
58240,1879
58241,1867
58242,1855
58243,1842
58244,1870
58245,1854
58246,1834
58247,1857
58248,1872
58249,1859
58250,1840
58251,1879
58252,1877
58253,1859
58254,1861
58255,1872
58256,1862
58257,1872
58258,1862
58259,1840
58260,1840
58261,1849
58262,1845
58263,1840
58264,1861
58265,1867
58266,1838
58267,1863
58268,1870
58269,1872
58270,1865
58271,1855
58272,1873
58273,1882
58274,1863
58275,1845
58276,1850
58277,1867
58278,1851
58279,1841
58280,1841
58281,1863
58282,1856
58283,1844
58284,1855
58285,1867
58286,1885
58287,1840
58288,1867
58289,1884
58290,1884
58291,1827
58292,1846
58293,1862
58294,1852
58295,1835
58296,1829
58297,1857
58298,1859
58299,1867
58300,1856
58301,1881
58302,1870
58303,1878
58304,1855
58305,1873
58306,1872
58307,1887
58308,1859
58309,1858
58310,1852
58311,1859
58312,1838
58313,1834
58314,1845
58315,1856
58316,1859
58317,1851
58318,1883
58319,1872
58320,1871
58321,1857
58322,1873
58323,1877
58324,1879
58325,1867
58326,1852
58327,1855
58328,1813
58329,1814
58330,1844
58331,1872
58332,1862
58333,1904
58334,1866
58335,1894
58336,1874
58337,1834
58338,1858
58339,1881
58340,1872
58341,1831
58342,1857
58343,1847
58344,1841
58345,1840
58346,1818
58347,1845
58348,1869
58349,1851
58350,1861
58351,1872
58352,1868
58353,1828
58354,1833
58355,1871
58356,1875
58357,1849
58358,1792
58359,1833
58360,1845
58361,1829
58362,1821
58363,1846
58364,1866
58365,1889
58366,1856
58367,1866
58368,1887
58369,1872
58370,1889
58371,1861
58372,1885
58373,1903
58374,1856
58375,1851
58376,1847
58377,1845
58378,1827
58379,1860
58380,1865
58381,1861
58382,1857
58383,1863
58384,1869
58385,1878
58386,1882
58387,1863
58388,1859
58389,1872
58390,1882
58391,1852
58392,1855
58393,1855
58394,1854
58395,1840
58396,1833
58397,1856
58398,1862
58399,1850
58400,1852
58401,1875
58402,1886
58403,1873
58404,1854
58405,1863
58406,1876
58407,1853
58408,1858
58409,1847
58410,1863
58411,1855
58412,1845
58413,1840
58414,1854
58415,1870
58416,1854
58417,1858
58418,1872
58419,1872
58420,1865
58421,1857
58422,1878
58423,1874
58424,1867
58425,1861
58426,1858
58427,1846
58428,1872
58429,1842
58430,1863
58431,1861
58432,1882
58433,1857
58434,1862
58435,1878
58436,1879
58437,1840
58438,1858
58439,1874
58440,1869
58441,1841
58442,1850
58443,1846
58444,1856
58445,1854
58446,1831
58447,1856
58448,1877
58449,1890
58450,1851
58451,1867
58452,1881
58453,1853
58454,1875
58455,1870
58456,1882
58457,1872
58458,1851
58459,1861
58460,1845
58461,1879
58462,1845
58463,1842
58464,1844
58465,1853
58466,1869
58467,1849
58468,1863
58469,1869
58470,1890
58471,1856
58472,1872
58473,1874
58474,1863
58475,1863
58476,1859
58477,1855
58478,1855
58479,1826
58480,1841
58481,1875
58482,1872
58483,1874
58484,1858
58485,1862
58486,1878
58487,1856
58488,1857
58489,1872
58490,1876
58491,1859
58492,1854
58493,1867
58494,1853
58495,1860
58496,1830
58497,1858
58498,1863
58499,1858
58500,1840
58501,1870
58502,1871
58503,1862
58504,1866
58505,1858
58506,1877
58507,1879
58508,1856
58509,1850
58510,1867
58511,1850
58512,1842
58513,1839
58514,1863
58515,1861
58516,1860
58517,1856
58518,1867
58519,1869
58520,1862
58521,1849
58522,1868
58523,1887
58524,1861
58525,1818
58526,1844
58527,1856
58528,1831
58529,1840
58530,1842
58531,1869
58532,1887
58533,1859
58534,1884
58535,1913
58536,1883
58537,1879
58538,1901
58539,1919
58540,1921
58541,1866
58542,1850
58543,1858
58544,1826
58545,1799
58546,1793
58547,1818
58548,1831
58549,1840
58550,1828
58551,1842
58552,1862
58553,1881
58554,1818
58555,1864
58556,1857
58557,1872
58558,1813
58559,1841
58560,1867
58561,1840
58562,1825
58563,1843
58564,1872
58565,1873
58566,1857
58567,1869
58568,1872
58569,1874
58570,1893
58571,1855
58572,1872
58573,1888
58574,1870
58575,1856
58576,1861
58577,1867
58578,1855
58579,1840
58580,1843
58581,1869
58582,1844
58583,1854
58584,1855
58585,1872
58586,1867
58587,1856
58588,1858
58589,1879
58590,1877
58591,1873
58592,1858
58593,1853
58594,1870
58595,1863
58596,1834
58597,1857
58598,1861
58599,1859
58600,1871
58601,1883
58602,1874
58603,1856
58604,1841
58605,1863
58606,1873
58607,1882
58608,1862
58609,1857
58610,1866
58611,1854
58612,1834
58613,1839
58614,1861
58615,1857
58616,1851
58617,1861
58618,1872
58619,1871
58620,1895
58621,1850
58622,1873
58623,1885
58624,1879
58625,1866
58626,1861
58627,1847
58628,1841
58629,1813
58630,1838
58631,1858
58632,1875
58633,1840
58634,1859
58635,1888
58636,1872
58637,1872
58638,1856
58639,1879
58640,1877
58641,1858
58642,1852
58643,1856
58644,1846
58645,1838
58646,1821
58647,1846
58648,1852
58649,1851
58650,1862
58651,1866
58652,1869
58653,1875
58654,1847
58655,1881
58656,1887
58657,1892
58658,1858
58659,1847
58660,1858
58661,1861
58662,1855
58663,1834
58664,1856
58665,1864
58666,1853
58667,1857
58668,1874
58669,1858
58670,1898
58671,1856
58672,1876
58673,1879
58674,1843
58675,1851
58676,1842
58677,1855
58678,1873
58679,1821
58680,1844
58681,1870
58682,1872
58683,1855
58684,1868
58685,1872
58686,1841
58687,1856
58688,1862
58689,1872
58690,1869
58691,1872
58692,1853
58693,1849
58694,1849
58695,1844
58696,1835
58697,1856
58698,1865
58699,1861
58700,1843
58701,1874
58702,1869
58703,1907
58704,1861
58705,1871
58706,1860
58707,1888
58708,1875
58709,1861
58710,1860
58711,1854
58712,1807
58713,1830
58714,1861
58715,1890
58716,1862
58717,1856
58718,1872
58719,1846
58720,1850
58721,1851
58722,1872
58723,1871
58724,1875
58725,1847
58726,1851
58727,1844
58728,1897
58729,1835
58730,1857
58731,1862
58732,1872
58733,1851
58734,1859
58735,1874
58736,1865
58737,1838
58738,1858
58739,1866
58740,1861
58741,1850
58742,1840
58743,1866
58744,1859
58745,1840
58746,1839
58747,1858
58748,1865
58749,1855
58750,1849
58751,1870
58752,1869
58753,1872
58754,1841
58755,1859
58756,1872
58757,1875
58758,1853
58759,1847
58760,1856
58761,1852
58762,1815
58763,1831
58764,1855
58765,1853
58766,1847
58767,1855
58768,1872
58769,1869
58770,1883
58771,1855
58772,1874
58773,1882
58774,1865
58775,1845
58776,1858
58777,1856
58778,1828
58779,1853
58780,1839
58781,1872
58782,1851
58783,1854
58784,1863
58785,1879
58786,1872
58787,1877
58788,1857
58789,1876
58790,1877
58791,1873
58792,1856
58793,1863
58794,1853
58795,1837
58796,1825
58797,1851
58798,1856
58799,1882
58800,1863
58801,1873
58802,1872
58803,1841
58804,1856
58805,1874
58806,1878
58807,1874
58808,1879
58809,1843
58810,1854
58811,1836
58812,1823
58813,1840
58814,1858
58815,1861
58816,1852
58817,1853
58818,1872
58819,1877
58820,1887
58821,1855
58822,1869
58823,1879
58824,1855
58825,1847
58826,1844
58827,1847
58828,1840
58829,1833
58830,1851
58831,1856
58832,1845
58833,1843
58834,1864
58835,1886
58836,1862
58837,1835
58838,1858
58839,1875
58840,1870
58841,1856
58842,1849
58843,1867
58844,1853
58845,1819
58846,1835
58847,1854
58848,1872
58849,1857
58850,1858
58851,1870
58852,1875
58853,1844
58854,1868
58855,1859
58856,1873
58857,1858
58858,1842
58859,1861
58860,1886
58861,1881
58862,1866
58863,1837
58864,1851
58865,1857
58866,1841
58867,1853
58868,1873
58869,1872
58870,1867
58871,1856
58872,1869
58873,1862
58874,1872
58875,1871
58876,1841
58877,1840
58878,1869
58879,1823
58880,1838
58881,1853
58882,1856
58883,1875
58884,1857
58885,1855
58886,1867
58887,1843
58888,1862
58889,1879
58890,1878
58891,1862
58892,1854
58893,1847
58894,1856
58895,1871
58896,1842
58897,1858
58898,1870
58899,1867
58900,1845
58901,1882
58902,1879
58903,1879
58904,1875
58905,1872
58906,1874
58907,1878
58908,1861
58909,1853
58910,1845
58911,1855
58912,1840
58913,1825
58914,1845
58915,1858
58916,1853
58917,1856
58918,1872
58919,1872
58920,1867
58921,0
58922,1774
58923,2142
58924,2157
58925,2131
58926,2159
58927,2087
58928,2000
58929,1881
58930,1901
58931,2029
58932,1994
58933,1823
58934,1737
58935,1747
58936,1792
58937,1856
58938,1859
58939,1921
58940,1935
58941,1950
58942,1947
58943,1931
58944,1891
58945,1857
58946,1763
58947,1738
58948,1764
58949,1762
58950,1777
58951,1806
58952,0
58953,1582
58954,2032
58955,2170
58956,2229
58957,2244
58958,2123
58959,1986
58960,1813
58961,1903
58962,1947
58963,1808
58964,1716
58965,1705
58966,1775
58967,1831
58968,1909
58969,1919
58970,1957
58971,1933
58972,1954
58973,1947
58974,1922
58975,1858
58976,1839
58977,1826
58978,1769
58979,1792
58980,1787
58981,1818
58982,1837
58983,0
58984,1535
58985,2065
58986,2204
58987,2275
58988,2261
58989,2161
58990,1949
58991,1765
58992,1842
58993,1903
58994,1808
58995,1702
58996,1730
58997,1831
58998,1885
58999,1914
59000,1904
59001,1911
59002,1910
59003,1913
59004,1890
59005,1871
59006,1878
59007,1861
59008,1815
59009,1821
59010,1838
59011,1855
59012,1808
59013,1814
59014,503
59015,1381
59016,1991
59017,2209
59018,2339
59019,2347
59020,2239
59021,1911
59022,1747
59023,1893
59024,1862
59025,1712
59026,1662
59027,1749
59028,1823
59029,1875
59030,1899
59031,1918
59032,1936
59033,1935
59034,1899
59035,1917
59036,1909
59037,1872
59038,1842
59039,1845
59040,1838
59041,1838
59042,1840
59043,1835
59044,1849
59045,1131
59046,1171
59047,1981
59048,2279
59049,2478
59050,2542
59051,2479
59052,2097
59053,1776
59054,1793
59055,1658
59056,1490
59057,1531
59058,1593
59059,1717
59060,1814
59061,1870
59062,1904
59063,1877
59064,1902
59065,1921
59066,1870
59067,1856
59068,1875
59069,1851
59070,1837
59071,1834
59072,1856
59073,1869
59074,1869
59075,1840
59076,1529
59077,1094
59078,1969
59079,2283
59080,2559
59081,2702
59082,2555
59083,1986
59084,1753
59085,1730
59086,1490
59087,1392
59088,1453
59089,1601
59090,1757
59091,1878
59092,1892
59093,1909
59094,1909
59095,1909
59096,1884
59097,1872
59098,1872
59099,1881
59100,1840
59101,1840
59102,1858
59103,1883
59104,1873
59105,1860
59106,1884
59107,2704
59108,757
59109,1909
59110,2324
59111,2772
59112,2939
59113,2709
59114,2071
59115,1782
59116,1627
59117,1368
59118,1273
59119,1335
59120,1473
59121,1692
59122,1847
59123,1918
59124,1907
59125,1907
59126,1919
59127,1904
59128,1856
59129,1822
59130,1845
59131,1856
59132,1872
59133,1872
59134,1863
59135,1872
59136,1881
59137,1861
59138,2448
59139,623
59140,1954
59141,2386
59142,2946
59143,3266
59144,2834
59145,2019
59146,1701
59147,1450
59148,1163
59149,1066
59150,1162
59151,1428
59152,1715
59153,1867
59154,1894
59155,1919
59156,1934
59157,1938
59158,1905
59159,1867
59160,1863
59161,1863
59162,1883
59163,1861
59164,1881
59165,1867
59166,1846
59167,1865
59168,1885
59169,2069
59170,359
59171,1872
59172,2740
59173,3659
59174,3792
59175,2935
59176,1933
59177,1525
59178,1196
59179,864
59180,747
59181,960
59182,1412
59183,1712
59184,1828
59185,1897
59186,1914
59187,1910
59188,1900
59189,1915
59190,1936
59191,1904
59192,1904
59193,1899
59194,1888
59195,1897
59196,1863
59197,1877
59198,1902
59199,1899
59200,1863
59201,208
59202,1873
59203,2962
59204,4095
59205,3796
59206,3393
59207,2790
59208,1645
59209,883
59210,359
59211,109
59212,487
59213,1194
59214,1616
59215,1792
59216,1847
59217,1885
59218,1909
59219,1947
59220,1924
59221,1934
59222,1931
59223,1927
59224,1921
59225,1897
59226,1890
59227,1890
59228,1914
59229,1898
59230,1893
59231,1921
59232,48
59233,1817
59234,2934
59235,4095
59236,3904
59237,3461
59238,2847
59239,1580
59240,800
59241,226
59242,27
59243,592
59244,1264
59245,1664
59246,1802
59247,1872
59248,1923
59249,1920
59250,1904
59251,1941
59252,1970
59253,1963
59254,1940
59255,1935
59256,1946
59257,1937
59258,1936
59259,1923
59260,1936
59261,1928
59262,1921
59263,0
59264,1782
59265,2859
59266,4095
59267,3915
59268,3481
59269,2748
59270,1448
59271,721
59272,110
59273,0
59274,754
59275,1368
59276,1714
59277,1839
59278,1901
59279,1942
59280,1931
59281,1957
59282,1948
59283,1948
59284,1947
59285,1965
59286,1962
59287,1963
59288,1936
59289,1949
59290,1950
59291,1946
59292,1927
59293,1920
59294,78
59295,1635
59296,2448
59297,4095
59298,3967
59299,3548
59300,2832
59301,1499
59302,859
59303,301
59304,176
59305,845
59306,1457
59307,1730
59308,1828
59309,1883
59310,1931
59311,1934
59312,1915
59313,1903
59314,1923
59315,1962
59316,1968
59317,1950
59318,1961
59319,1953
59320,1949
59321,1858
59322,1875
59323,1905
59324,1927
59325,443
59326,1511
59327,2327
59328,4095
59329,3927
59330,3495
59331,2963
59332,1487
59333,784
59334,158
59335,95
59336,861
59337,1438
59338,1712
59339,1854
59340,1902
59341,1946
59342,1936
59343,1943
59344,1931
59345,1936
59346,1937
59347,1959
59348,1937
59349,1924
59350,1917
59351,1907
59352,1919
59353,1914
59354,1926
59355,1917
59356,1018
59357,1338
59358,2208
59359,3903
59360,3987
59361,3600
59362,3198
59363,1578
59364,719
59365,123
59366,162
59367,908
59368,1478
59369,1744
59370,1857
59371,1901
59372,1935
59373,1962
59374,1962
59375,1937
59376,1903
59377,1899
59378,1981
59379,1963
59380,1936
59381,1949
59382,1942
59383,1902
59384,1926
59385,1936
59386,1934
59387,1725
59388,1071
59389,2167
59390,3922
59391,4061
59392,3600
59393,3174
59394,1534
59395,817
59396,176
59397,144
59398,888
59399,1481
59400,1724
59401,1842
59402,1918
59403,1931
59404,1947
59405,1949
59406,1961
59407,1947
59408,1949
59409,1936
59410,1943
59411,1949
59412,1921
59413,1886
59414,1914
59415,1920
59416,1916
59417,1906
59418,2621
59419,1035
59420,2077
59421,3598
59422,4084
59423,3635
59424,3253
59425,1680
59426,765
59427,107
59428,147
59429,848
59430,1419
59431,1726
59432,1844
59433,1893
59434,1927
59435,1971
59436,1967
59437,1922
59438,1949
59439,2001
59440,2032
59441,1978
59442,1941
59443,1905
59444,1851
59445,1855
59446,1878
59447,1909
59448,1910
59449,2626
59450,591
59451,1999
59452,3625
59453,4022
59454,3667
59455,3280
59456,1760
59457,864
59458,193
59459,145
59460,863
59461,1409
59462,1706
59463,1813
59464,1903
59465,1937
59466,1939
59467,1931
59468,1948
59469,1973
59470,2013
59471,1974
59472,1965
59473,1953
59474,1979
59475,1920
59476,1906
59477,1919
59478,1907
59479,1888
59480,2160
59481,441
59482,1955
59483,3255
59484,4095
59485,3691
59486,3302
59487,1861
59488,826
59489,150
59490,124
59491,873
59492,1418
59493,1721
59494,1864
59495,1879
59496,1904
59497,1936
59498,1955
59499,1951
59500,1999
59501,1952
59502,1984
59503,1985
59504,1934
59505,1935
59506,1938
59507,1941
59508,1908
59509,1895
59510,1906
59511,1931
59512,82
59513,1776
59514,3216
59515,4095
59516,3713
59517,3332
59518,1915
59519,857
59520,226
59521,123
59522,784
59523,1402
59524,1738
59525,1839
59526,1902
59527,1936
59528,1962
59529,1932
59530,1936
59531,1943
59532,1966
59533,1936
59534,1967
59535,1968
59536,1965
59537,1951
59538,1917
59539,1924
59540,1923
59541,1929
59542,1911
59543,1904
59544,1902
59545,1879
59546,1872
59547,1875
59548,1897
59549,1890
59550,1872
59551,1882
59552,1894
59553,1899
59554,1891
59555,1874
59556,1892
59557,1894
59558,1872
59559,1871
59560,1875
59561,1869
59562,1843
59563,1827
59564,1852
59565,1867
59566,1872
59567,1876
59568,1872
59569,1895
59570,1902
59571,1843
59572,1872
59573,1871
59574,1841
59575,1839
59576,1844
59577,1850
59578,1850
59579,1856
59580,1840
59581,1873
59582,1879
59583,1862
59584,1857
59585,1881
59586,1872
59587,1843
59588,1840
59589,1866
59590,1870
59591,1864
59592,1839
59593,1856
59594,1855
59595,1842
59596,1840
59597,1840
59598,1862
59599,1867
59600,1871
59601,1856
59602,1870
59603,1854
59604,1845
59605,1858
59606,1861
59607,1884
59608,1857
59609,1854
59610,1849
59611,1853
59612,1851
59613,1829
59614,1849
59615,1860
59616,1856
59617,1847
59618,1852
59619,1862
59620,1846
59621,1845
59622,1872
59623,1873
59624,1865
59625,1855
59626,1863
59627,1871
59628,1845
59629,1835
59630,1844
59631,1863
59632,1870
59633,1857
59634,1846
59635,1862
59636,1859
59637,1840
59638,1843
59639,1856
59640,1867
59641,1865
59642,1851
59643,1870
59644,1859
59645,1867
59646,1840
59647,1840
59648,1860
59649,1875
59650,1891
59651,1853
59652,1867
59653,1873
59654,1856
59655,1861
59656,1878
59657,1904
59658,1891
59659,1856
59660,1853
59661,1840
59662,1856
59663,1834
59664,1847
59665,1853
59666,1827
59667,1851
59668,1865
59669,1873
59670,1874
59671,1843
59672,1868
59673,1870
59674,1863
59675,1882
59676,1854
59677,1853
59678,1852
59679,1835
59680,1827
59681,1851
59682,1856
59683,1871
59684,1857
59685,1882
59686,1872
59687,1856
59688,1858
59689,1873
59690,1883
59691,1887
59692,1866
59693,1850
59694,1835
59695,1818
59696,1838
59697,1833
59698,1862
59699,1876
59700,1845
59701,1855
59702,1869
59703,1863
59704,1853
59705,1871
59706,1878
59707,1898
59708,1877
59709,1842
59710,1852
59711,1856
59712,1849
59713,1840
59714,1855
59715,1857
59716,1861
59717,1834
59718,1870
59719,1882
59720,1872
59721,1852
59722,1872
59723,1882
59724,1872
59725,1851
59726,1843
59727,1853
59728,1855
59729,1840
59730,1831
59731,1844
59732,1876
59733,1865
59734,1855
59735,1872
59736,1874
59737,1867
59738,1856
59739,1872
59740,1872
59741,1870
59742,1851
59743,1850
59744,1856
59745,1862
59746,1845
59747,1856
59748,1872
59749,1889
59750,1841
59751,1870
59752,1881
59753,1872
59754,1853
59755,1846
59756,1869
59757,1897
59758,1861
59759,1846
59760,1867
59761,1857
59762,1826
59763,1834
59764,1851
59765,1872
59766,1857
59767,1871
59768,1870
59769,1869
59770,1858
59771,1857
59772,1866
59773,1872
59774,1881
59775,1853
59776,1852
59777,1872
59778,1867
59779,1850
59780,1837
59781,1861
59782,1895
59783,1849
59784,1844
59785,1869
59786,1874
59787,1858
59788,1841
59789,1869
59790,1887
59791,1872
59792,1858
59793,1854
59794,1858
59795,1850
59796,1857
59797,1859
59798,1855
59799,1872
59800,1858
59801,1854
59802,1866
59803,1875
59804,1848
59805,1862
59806,1873
59807,1904
59808,1858
59809,1851
59810,1857
59811,1840
59812,1869
59813,1824
59814,1846
59815,1845
59816,1840
59817,1869
59818,1859
59819,1887
59820,1904
59821,1846
59822,1861
59823,1872
59824,1879
59825,1876
59826,1851
59827,1847
59828,1846
59829,1827
59830,1841
59831,1856
59832,1877
59833,1859
59834,1858
59835,1872
59836,1870
59837,1866
59838,1858
59839,1873
59840,1872
59841,1872
59842,1863
59843,1856
59844,1856
59845,1843
59846,1831
59847,1851
59848,1863
59849,1858
59850,1854
59851,1857
59852,1872
59853,1858
59854,1863
59855,1859
59856,1877
59857,1875
59858,1868
59859,1849
59860,1855
59861,1845
59862,1853
59863,1820
59864,1850
59865,1867
59866,1849
59867,1861
59868,1872
59869,1889
59870,1854
59871,1869
59872,1858
59873,1887
59874,1864
59875,1858
59876,1844
59877,1857
59878,1844
59879,1856
59880,1833
59881,1855
59882,1859
59883,1854
59884,1859
59885,1872
59886,1886
59887,1861
59888,1851
59889,1869
59890,1868
59891,1883
59892,1855
59893,1856
59894,1846
59895,1838
59896,1825
59897,1840
59898,1860
59899,1861
